:020000040800F2
:10000000E0C50120596400083D0600083F060008CD
:1000100043060008470600084B06000800000000E1
:100020000000000000000000000000004F06000873
:10003000510600080000000053060008550600089D
:100040007364000873640008736400087364000834
:100050007364000873640008736400087364000824
:100060007364000873640008736400087364000814
:100070007364000873640008736400087364000804
:1000800073640008736400087364000873640008F4
:1000900073640008736400087364000873640008E4
:1000A00073640008736400087364000873640008D4
:1000B0007364000873640008CD9700087364000837
:1000C00073640008736400087364000873640008B4
:1000D00073640008CF630008736400087364000849
:1000E0007364000873640008736400087364000894
:1000F0007364000873640008736400087364000884
:10010000736400084D60000873640008736400089D
:100110007364000873640008736400087364000863
:100120007364000873640008736400087364000853
:100130007364000873640008736400087364000843
:100140007364000873640008736400087364000833
:100150007364000873640008736400087364000823
:100160007364000873640008736400087364000813
:100170007364000873640008736400087364000803
:10018000736400087364000800F002F800F06DF872
:100190000AA090E8000C82448344AAF10107DA45E2
:1001A00001D100F062F8AFF2090EBAE80F0013F0C7
:1001B000010F18BFFB1A43F001031847C0B1030039
:1001C000E0B103000A444FF0000C10F8013B13F0BB
:1001D000070408BF10F8014B1D1108BF10F8015BA0
:1001E000641E05D010F8016B641E01F8016BF9D193
:1001F00013F0080F1EBF10F8014BAD1C0C1B09D1EA
:100200006D1E58BF01F801CBFAD505E014F8016B5B
:1002100001F8016B6D1EF9D59142D6D370470000ED
:100220000023002400250026103A28BF78C1FBD8FF
:10023000520728BF30C148BF0B60704764290DF0DA
:10024000938775290DF0908778290DF0C987632968
:100250000EF03E8273290EF04382002070471FB5D6
:100260000EF01AFC1FBD10B510BD0EF09DFA114620
:10027000FFF7F5FF00F010F80EF0BBFA03B4FFF73C
:10028000F2FF03BC06F044F830BF72B6704762B6A6
:10029000704780F3088870471FB5002500244FF48D
:1002A000A06006F0F9F8A82005F0B0FF4FF4E130A7
:1002B00006F03BF800F0D8FA90484168542088478F
:1002C00000F063FF03F022FE03F04EFF002008F071
:1002D00044FE022008F041FE4FF47840884908802F
:1002E00088A010210B46C822CDE9001032211E2023
:1002F00003F0CDFD88A010210B46C822CDE90010E7
:1003000046211E2003F0C3FD86A010210B46C82203
:10031000CDE900105A211E2003F0B9FD85A010215F
:100320000B46C822CDE900106E211E2003F0AFFD60
:1003300083A010210B46C822CDE9001082211E2087
:1003400003F0A5FD23E083A010210B46C822CDE9D0
:10035000001096211E2003F09AFD4FF4FA7005F06C
:10036000B7FF80A010210B46C822CDE900109621CE
:100370001E2003F08CFD4FF4FA7005F0A9FF7D48B4
:10038000006808B9012000E000207A49086004F004
:1003900031FE0028D7D10DF0DBF97749012208683A
:1003A00076A10BF06DFB74490122486874A10BF033
:1003B00067FB04460D2C2DD172A010210B46C822DC
:1003C000CDE9001096211E2003F061FD4FF480520C
:1003D00001216BA00CF0C9FC04466CB970A00CF0B4
:1003E000D9FB72A010210B46C822CDE9001096213E
:1003F0001E2003F04CFD09E073A010210B46C8221B
:10040000CDE9001096211E2003F041FD4FF47A70D3
:1004100005F05EFF4FF6FF70A623F02296210090B4
:100420001E2003F0D9FA20E06EA010210B46C8224E
:10043000CDE9001096211E2003F029FDC82005F00B
:1004400047FF4FF6FF70A623F022962100901E2052
:1004500003F0C2FAC82005F03BFF4648006808B91F
:10046000012000E000204349086002AA03A963A01C
:100470000DF00AFA0028D7D11F202149088060A07A
:1004800010210B46C822CDE9001096211E2003F052
:10049000FEFC5EA010210B46C822CDE90010AA2167
:1004A0001E2003F0F4FC5FA010210B46C822CDE90A
:1004B0000010BE211E2003F0EAFC102000900398DB
:1004C000820A0523AA218E2003F038FC1020009018
:1004D0000298820A0523BE218E2003F02FFC0CE037
:1004E000681CC5B2C82005F0F3FE2248006808B9B0
:1004F000012000E000201F490860F1E760010020B2
:10050000140000204578706C6F7265722053544D52
:1005100033324634000000004641544653205445CF
:100520005354000041544F4D40414C49454E5445B1
:100530004B000000323031342F352F3135000000B0
:100540005573652055534D41525420666F72207487
:100550006573740053442043617264204572726F66
:1005600072210000506C6561736520436865636BA0
:1005700021200000A48242422CBF0120303A00001A
:10058000313A0000466C617368204469736B204601
:100590006F726D617474696E672E2E2E00000000FC
:1005A000313A414C49454E54454B0000466C61730D
:1005B00068204469736B20466F726D6174204669D0
:1005C0006E69736800000000466C617368204469BE
:1005D000736B20466F726D6174204572726F72206A
:1005E0000000000053442043617264204661746639
:1005F00073204572726F722100000000300000000D
:100600004641544653204F4B210000005344205490
:100610006F74616C2053697A653A20202020204D48
:100620004200000053442020467265652053697AD9
:10063000653A20202020204D42000000704700BF76
:10064000FEE700BFFEE700BFFEE700BFFEE7704722
:1006500070477047704700000CB500200190009073
:100660007648006840F480307449086000BF7348E1
:10067000006800F4003000900198401C0190009840
:1006800018B90198B0F5A04FF1D16C48006800F49A
:10069000003010B10120009001E00020009000988F
:1006A000012846D165484030006840F080506349D9
:1006B000403108606248006840F44040604908608A
:1006C0005E48083000685D490831086008460068E7
:1006D00040F4004008600846006840F4A0500860FC
:1006E0005848091F0860081F006840F08070091F03
:1006F000086000BF5148006800F000700028F9D081
:1007000040F20570504908604C480830006820F0FD
:1007100003004A49083108600846006840F00200BA
:10072000086000BF45480830006800F00C00082849
:10073000F8D10CBD10B54548006840F4700043493D
:1007400008603E48006840F001003C490860002015
:100750003A4908310860394800683D49084037493E
:1007600008603C48091D0860081F006820F48020CC
:10077000091F0860002031490C310860FFF76CFF49
:100780004FF0006031498039086010BD70B500201D
:100790000022022300240221284D08352D6805F08F
:1007A0000C0020B1042806D0082834D107E02A4DD7
:1007B0002A4E356033E02A4D284E35602FE01F4D1C
:1007C0002D1D2D68C5F380541C4D2D1D2D6805F081
:1007D0003F0154B1224DB5FBF1F5184E361D366878
:1007E000C6F3881605FB06F209E01B4DB5FBF1F5D3
:1007F000124E361D3668C6F3881605FB06F20F4DFD
:100800002D1D2D68C5F301456D1C6B00B2FBF3F582
:10081000124E356003E0104D104E356000BF00BF32
:10082000064D08352D68C5F303150E4E705D0B4D52
:100830002D68C540094E356070BD0000003802408B
:100840000070004008544007003C024088ED00E082
:10085000FFFFF6FE103000240024F400000000200A
:1008600000127A00040000201CB50121202006F0AF
:1008700079FD4FF4C060009001208DF80400002045
:100880008DF8060003208DF8050001208DF8070083
:100890006946044805F0F6FE4FF4C061014805F0D2
:1008A0006DFF1CBD0014024001B5BDF800000090B2
:1008B000BDF80000FE49088008BD01B5BDF8000084
:1008C0000090BDF80000FA49891C088008BD08B5F1
:1008D000F748801C00880090BDF8000008BDF44A6D
:1008E00010804FF0D842A2F88010704710B504462F
:1008F0002046FFF7D9FF052005F0A2FCFFF7E7FF30
:1009000010BDEC480089EA4908807047E849891C15
:100910000880704730B5014601F01F04C1F345134C
:10092000CA0AE50205EB43151544A8B230BD00BF65
:10093000011EA0F10102D0B2FAD1704710B50246F3
:100940000C46DC48808841F66311884247D1D9487B
:100950008079A8B9D7480088401E801A82B2D5494C
:100960004889FFF7A1FF0020FFF7A7FF0020FFF74E
:10097000A4FF1012FFF7A1FFD0B2FFF79EFF16E011
:10098000CC494889FFF790FF1012FFF796FFD0B2CD
:10099000FFF793FFC7490988491EC1F30F20FFF7EE
:1009A0008CFFC4490978491EC8B2FFF786FFC149C8
:1009B0008889FFF779FF2012FFF77FFFE0B2FFF78A
:1009C0007CFFBC494988491EC1F30F20FFF775FF22
:1009D000B8498978491EC8B2FFF76FFF3AE0B548B9
:1009E000808845F21051884220D1B2494889FFF7EA
:1009F0005BFF1012FFF761FFAE494989491C88B2BD
:100A0000FFF752FFD0B2FFF758FFAA498889FFF7D6
:100A10004BFF2012FFF751FFA6498989491C88B274
:100A2000FFF742FFE0B2FFF748FF13E0A149488912
:100A3000FFF73AFF1012FFF740FFD0B2FFF73DFF7C
:100A40009C498889FFF730FF2012FFF736FFE0B29C
:100A5000FFF733FF10BD2DE9F04105460E46002497
:100A60000027A04693480088A84203DD91484088AB
:100A7000B04202DC0020BDE8F08131462846FFF795
:100A80005DFF8C48808845F21051884204D14FF4B4
:100A90003850FFF709FF02E02E20FFF705FFFFF7B0
:100AA00016FF04468348808841F66311884201D1CD
:100AB0002046E0E7FFF70BFF0446FFF708FF8046FC
:100AC000E7B24FF6FF7000EA0727E012C002B91242
:100AD00040EA411040EAE820CDE700B5754880883B
:100AE00045F21051884204D14FF42450FFF7DCFE48
:100AF00002E02920FFF7D8FE00BD00B56D488088D0
:100B000045F21051884204D14FF42050FFF7CCFE3B
:100B100002E02820FFF7C8FE00BDF0B5054600241E
:100B2000002764488079012805D16248808841F611
:100B30006311884208D15F488079F0B95D488088A8
:100B400041F66311884218D1082D15D2DFE805F06F
:100B50000406080A0C0E101206250DE007250BE00E
:100B6000042509E0052507E0012505E0002503E04F
:100B7000032501E0022500BF00BF082D1CD2DFE8DD
:100B800005F00406090C0F12151800BF14E044F01C
:100B9000800411E044F040040EE044F0C0040BE097
:100BA00044F0200408E044F0600405E044F0A004B0
:100BB00002E044F0E00400BF00BF3E48808845F2F8
:100BC0001051884202D14FF4585700E03627394877
:100BD000808849F24131884205D03648808847F202
:100BE0008971884201D144F0080421463846FFF754
:100BF00076FE3048808841F6631188421DD004F0AB
:100C0000200068B12B4800882A494988884214DAB4
:100C100028480688408827490880084646800CE016
:100C20002448008823494988884206DD21480688EF
:100C3000408820490880084646801E48808845F242
:100C40001051884257D11B494889FFF72DFE0020DB
:100C5000FFF733FE17494989491C88B2FFF724FE84
:100C60000020FFF72AFE13494989891C88B2FFF743
:100C70001BFE10490988491EC1F30F20FFF71DFE16
:100C80000C494989C91C88B2FFF70EFE0949097849
:100C9000491EC8B2FFF711FE06498889FFF704FE16
:100CA0000020FFF70AFE03498989491C88B203E046
:100CB0007E00006C6C020020FFF7F6FD0020FFF7BD
:100CC000FCFDFE498989891C88B2FFF7EDFDFB49CF
:100CD0004988491EC1F30F20FFF7EFFDF7498989C5
:100CE000C91C88B2FFF7E0FDF4498978491EC8B2F3
:100CF000FFF7E3FD2DE0F1494889FFF7D5FD00201E
:100D0000FFF7DBFD0020FFF7D8FDEC490988491EFD
:100D1000C1F30F20FFF7D1FDE8490978491EC8B299
:100D2000FFF7CBFDE5498889FFF7BEFD0020FFF7FF
:100D3000C4FD0020FFF7C1FDE0494988491EC1F309
:100D40000F20FFF7BAFDDD498978491EC8B2FFF7C9
:100D5000B4FDF0BD30B504460D4629462046FFF7E8
:100D6000EDFDFFF7CEFDD6480088D649088030BD9E
:100D700030B504460D46D148808845F2105188426E
:100D800020D1CE494889FFF78FFD2012FFF795FD4E
:100D9000CA494989491C88B2FFF786FDE0B2FFF7CE
:100DA0008CFDC6498889FFF77FFD2812FFF785FD76
:100DB000C2498989491C88B2FFF776FDE8B2FFF77E
:100DC0007CFD42E0BD48808841F66311884228D10D
:100DD000BA48807920B9B9480088401E001B84B207
:100DE000B6494889FFF760FD2012FFF766FDE0B2C3
:100DF000FFF763FD2012FFF760FDE0B2FFF75DFD36
:100E0000AE498889FFF750FD2812FFF756FDE8B27A
:100E1000FFF753FD2812FFF750FDE8B2FFF74DFD35
:100E200013E0A6494889FFF73FFD2012FFF745FD73
:100E3000E0B2FFF742FDA1498889FFF735FD28128E
:100E4000FFF73BFDE8B2FFF738FD9C4800899D495C
:100E5000891E08804FF0D840A0F8802030BD70B5C2
:100E60002DED048B0446BE20FFF71EFD0520FFF785
:100E700024FD20460DF0FFFC41EC190B9FED920B79
:100E800053EC102B0DF00AFD41EC180B0DF0C6FCD5
:100E900085B22846FFF711FD0120FFF70EFDFF2068
:100EA000FFF70BFD0020FFF708FD0020FFF705FD11
:100EB000BDEC048B70BD10B5044680488471002CD5
:100EC00045D1F0207D4908804FF4A0704880084645
:100ED000808845F21051884210D14FF43050774944
:100EE00008814FF4285048814FF42C5088814FF4EA
:100EF000F07008804FF4487048801AE06F4880888E
:100F000041F6631188420DD12C206C4908812B20B9
:100F100048812A2088814FF4F07008804FF448708F
:100F2000488006E02C20654908812A2048812B2032
:100F300088816248808845F2103188424CD14FF454
:100F4000A0705E4908804FF4F070488044E04FF490
:100F5000A0705A490880F02048800846808845F2F1
:100F60001051884210D14FF43050544908814FF449
:100F7000285048814FF42C5088814FF448700880E5
:100F80004FF4F07048801AE04C48808841F66311B5
:100F900088420DD12C20494908812A2048812B20E4
:100FA00088814FF4487008804FF4F070488006E064
:100FB0002C20424908812A2048812B2088813F48E3
:100FC000808845F21031884206D14FF4F0703B49D9
:100FD00008804FF4A07048800020FFF79EFD10BDF0
:100FE0002DE9F04104460D461E46A018401E87B26A
:100FF000A819401E1FFA80F83048808841F6631116
:10100000884231D12D48807901282DD02B48008885
:10101000801A001B84B2A819401E86B2274948894D
:10102000FFF742FC2012FFF748FCE0B2FFF745FC57
:10103000A118491EC1F30F20FFF73FFCA118491E5C
:10104000C8B2FFF73AFC1D498889FFF72DFC28122A
:10105000FFF733FCE8B2FFF730FC3012FFF72DFC4E
:10106000F0B2FFF72AFC79E01448808845F210516D
:10107000884251D111494889FFF716FC2012FFF729
:101080001CFC0E494989491C88B2FFF70DFCE0B2EF
:10109000FFF713FC09494989891C88B2FFF704FC52
:1010A0003812FFF70AFC05494989C91C88B2FFF7C5
:1010B000FBFBF8B2FFF701FC004909E06C020020DD
:1010C000140000208000006C666666666666044058
:1010D0008889FFF7E9FB2812FFF7EFFBFD498989B3
:1010E000491C88B2FFF7E0FBE8B2FFF7E6FBF949DD
:1010F0008989891C88B2FFF7D7FB4FEA2820FFF7C0
:10110000DCFBF4498989C91C88B2FFF7CDFB08F0E4
:10111000FF00FFF7D2FB21E0EE494889FFF7C4FB4F
:101120002012FFF7CAFBE0B2FFF7C7FB3812FFF748
:10113000C4FBF8B2FFF7C1FBE6498889FFF7B4FBAF
:101140002812FFF7BAFBE8B2FFF7B7FB4FEA2820F7
:10115000FFF7B3FB08F0FF00FFF7AFFBBDE8F0813E
:1011600070B504460026DB480588408845430021C9
:101170000846FFF7E3FBFFF7C4FB00BF02E0D648D9
:101180000480761CAE42FAD370BD00B5A1B0002039
:10119000209001217A2006F0E5F80121084606F0AA
:1011A00019F94FF400401E9001208DF87C000020BA
:1011B0008DF87E0002208DF87D0001208DF87F00E3
:1011C0001EA9C64805F05EFA4CF233701E9002204C
:1011D0008DF87C0000208DF87E0003208DF87D00C6
:1011E00001208DF87F001EA9BD4805F04BFA4FF68F
:1011F00080701E9002208DF87C0000208DF87E000B
:1012000003208DF87D0001208DF87F001EA9B548D0
:1012100005F038FA4FF480501E9002208DF87C00C3
:1012200000208DF87E0003208DF87D0001208DF8D0
:101230007F001EA9AC4805F025FA4FF480501E909F
:1012400002208DF87C0000208DF87E0003208DF8B0
:101250007D0001208DF87F001EA9A44805F012FA38
:101260000C2200219E4805F098FA0C2201219C488E
:1012700005F093FA0C220421994805F08EFA0C220D
:101280000521974805F089FA0C220821944805F0B9
:1012900084FA0C220921924805F07FFA0C220A21D7
:1012A0008F4805F07AFA0C220E218D4805F075FA68
:1012B0000C220F218A4805F070FA0C220721894878
:1012C00005F06BFA0C220821864805F066FA0C221C
:1012D0000921844805F061FA0C220A21814805F0B1
:1012E0005CFA0C220B217F4805F057FA0C221146BC
:1012F0007C4805F052FA0C220D217A4805F04DFA8F
:101300000C220E21774805F048FA0C220F2175486F
:1013100005F043FA0C221146734805F03EFA0C2200
:101320001146724805F039FA0F2008900020099004
:101330003C200A9000200B900C900D900E900920FC
:101340000190002002900820039000200490059056
:101350000690079006200F9000201090119010200A
:1013600012900020139015901490169017904FF43F
:1013700080501890002019904FF480401A9000205F
:101380001B9008A81C9001A81D900FA805F059FA01
:101390000121062005F0E0FA322004F099FFD32065
:1013A000FFF782FAFFF793FA4A498880FFF78FFA2E
:1013B00048498880FFF78BFA46498880084680882C
:1013C0004FF6FF7101EA002042498880FFF77FFA5B
:1013D0004049898808433F4988800846808849F207
:1013E0004131884275D00420FFF75EFAFFF76FFAAB
:1013F00038498880FFF76BFA36498880FFF767FA2B
:1014000034498880084680884FF6FF7101EA002041
:1014100030498880FFF75BFA2E49898808432D49B7
:1014200088800846808848F25251884203D147F2AA
:101430008970284988802748808847F289718842C6
:10144000D0D0D420FFF730FAFFF741FA2149888045
:10145000FFF73DFA1F498880FFF739FA1D49888058
:10146000084680884FF6FF7101EA002019498880FC
:10147000FFF72DFA174989880843164988800846DE
:10148000808845F21031884279D055214FF4704060
:10149000FFF725FAAA214FF20100FFF720FA5221A7
:1014A0004FF20200FFF71BFA08214FF20300FFF78B
:1014B00016FA01214FF20400FFF711FA4FF44540EC
:1014C000FFF7F2F9FFF703FA02498880084680889F
:1014D0000EE054E06C0200208000006C000402402A
:1014E000000C0240001002400014024000180240AC
:1014F0004FF6FF7101EA0020FE4988804CF201504E
:10150000FFF7D2F9FFF7E3F9FA4989880843F94967
:101510008880052004F0DCFEF6488088B0F5004F96
:1015200003D145F21050F3498880F248808845F293
:101530001051884223D0A120FFF7B6F9FFF7C7F971
:10154000EC498880FFF7C3F9EA498880084680881B
:101550004FF6FF7101EA0020E6498880FFF7B7F9EE
:10156000E44989880843E34988800846808845F231
:101570006171884203D141F66310DE498880DD48FD
:10158000808849F24131884217D0DA48808847F292
:101590008971884211D0D748808845F2103188423D
:1015A0000BD0D448808845F21051884205D0D148EC
:1015B000808841F6631188422CD1CF48006820F022
:1015C0000F004FF02041C1F81C010846D0F81C0163
:1015D00020F47060C1F81C010846D0F81C0140F0EE
:1015E0000300C1F81C01C348808847F28971884212
:1015F00008D1C148006840F440704FF02041C1F864
:101600001C0107E0BC48006840F400704FF0204126
:10161000C1F81C01B7488188B8A00CF049FDB54855
:10162000808849F2413188427ED1CF20FFF73CF9D2
:101630000020FFF742F9C120FFF73FF93020FFF704
:101640003CF9ED20FFF730F96420FFF736F903206D
:10165000FFF733F91220FFF730F98120FFF72DF95A
:10166000E820FFF721F98520FFF727F91020FFF781
:1016700024F97A20FFF721F9CB20FFF715F939205B
:10168000FFF71BF92C20FFF718F90020FFF715F9D9
:101690003420FFF712F90220FFF70FF9F720FFF7C8
:1016A00003F92020FFF709F9EA20FFF7FDF80020F1
:1016B000FFF703F90020FFF700F9C020FFF7F4F867
:1016C0001B20FFF7FAF8C120FFF7EEF80120FFF723
:1016D000F4F8C520FFF7E8F83020FFF7EEF83020E7
:1016E000FFF7EBF8C720FFF7DFF8B720FFF7E5F8C3
:1016F0003620FFF7D9F84820FFF7DFF83A20FFF748
:10170000D3F85520FFF7D9F8B120FFF7CDF8002026
:10171000FFF7D3F81A20FFF7D0F8B620FFF7C4F888
:101720000A20FFF7CAF800E097E0A220FFF7C5F80B
:10173000F220FFF7B9F80020FFF7BFF82620FFF7E7
:10174000B3F80120FFF7B9F8E020FFF7ADF80F205C
:10175000FFF7B3F82A20FFF7B0F82820FFF7ADF81D
:101760000820FFF7AAF80E20FFF7A7F80820FFF7D8
:10177000A4F85420FFF7A1F8A920FFF79EF8432012
:10178000FFF79BF80A20FFF798F80F20FFF795F86E
:101790000020FFF792F80020FFF78FF80020FFF7F6
:1017A0008CF80020FFF789F8E120FFF77DF8002092
:1017B000FFF783F81520FFF780F81720FFF77DF873
:1017C0000720FFF77AF81120FFF777F80620FFF7D8
:1017D00074F82B20FFF771F85620FFF76EF83C20C5
:1017E000FFF76BF80520FFF768F81020FFF765F8A2
:1017F0000F20FFF762F83F20FFF75FF83F20FFF769
:101800005CF80F20FFF759F82B20FFF74DF8002068
:10181000FFF753F80020FFF750F80120FFF74DF8CD
:101820003F20FFF74AF82A20FFF73EF80020FFF795
:1018300044F80020FFF741F80020FFF73EF8EF20C2
:10184000FFF73BF81120FFF72FF8782004F040FD58
:101850002920FFF729F802F0B3B82648808847F21C
:10186000897188427DD11120FFF71EF8782004F09D
:101870002FFD3620FFF718F80020FFF71EF83A205A
:10188000FFF712F80520FFF718F8B220FFF70CF861
:101890000C20FFF712F80C20FFF70FF80020FFF7DD
:1018A0000CF83320FFF709F83320FFF706F8B720CC
:1018B000FEF7FAFF3520FFF700F8BB20FEF7F4FF34
:1018C0003220FEF7FAFFC020FEF7EEFF0C20FEF7F5
:1018D000F4FFC220FEF7E8FF0120FEF7EEFFC32071
:1018E000FEF7E2FF1020FEF7E8FFC420FEF7DCFF62
:1018F00020200BE06C0200201C0100A0204C43447F
:101900002049443A25780D0A00000000FEF7D5FF73
:10191000C620FEF7C9FF0F20FEF7CFFFD020FEF74D
:10192000C3FFA420FEF7C9FFA120FEF7C6FFE020F9
:10193000FEF7BAFFD020FEF7C0FF0020FEF7BDFF84
:101940000220FEF7BAFF0720FEF7B7FF0A20FEF7D6
:10195000B4FF2820FEF7B1FF3220FEF7AEFF44208F
:1019600000E062E0FEF7A9FF4220FEF7A6FF062096
:10197000FEF7A3FF0E20FEF7A0FF1220FEF79DFF4B
:101980001420FEF79AFF1720FEF797FFE120FEF7DD
:101990008BFFD020FEF791FF0020FEF78EFF022084
:1019A000FEF78BFF0720FEF788FF0A20FEF785FF72
:1019B0002820FEF782FF3120FEF77FFF5420FEF73C
:1019C0007CFF4720FEF779FF0E20FEF776FF1C20F4
:1019D000FEF773FF1720FEF770FF1B20FEF76DFF69
:1019E0001E20FEF76AFF2A20FEF75EFF0020FEF7AA
:1019F00064FF0020FEF761FF0020FEF75EFFEF208E
:101A0000FEF75BFF2B20FEF74FFF0020FEF755FF90
:101A10000020FEF752FF0120FEF74FFF3F20FEF7A8
:101A20004CFF2920FEF740FF15E7FE48808845F26D
:101A30001031884240F07C87ED20FEF735FF012011
:101A4000FEF73BFFFE20FEF738FFEE20FEF72CFFEF
:101A5000DE20FEF732FF2120FEF72FFFF120FEF7F8
:101A600023FF0120FEF729FFDF20FEF71DFF1020D6
:101A7000FEF723FFC420FEF717FF8F20FEF71DFFA0
:101A8000C620FEF711FF0020FEF717FFE220FEF749
:101A900014FFE220FEF711FFE220FEF70EFFBF2049
:101AA000FEF702FFAA20FEF708FFB020FEF7FCFEBB
:101AB0000D20FEF702FF0020FEF7FFFE0D20FEF7CF
:101AC000FCFE0020FEF7F9FE1120FEF7F6FE0020D6
:101AD000FEF7F3FE1920FEF7F0FE0020FEF7EDFE04
:101AE0002120FEF7EAFE0020FEF7E7FE2D20FEF79C
:101AF000E4FE0020FEF7E1FE3D20FEF7DEFE0020C2
:101B0000FEF7DBFE5D20FEF7D8FE0020FEF7D5FED7
:101B10005D20FEF7D2FE0020FEF7CFFEB120FEF7DB
:101B2000C3FE8020FEF7C9FE0020FEF7C6FE8B2014
:101B3000FEF7C3FE0020FEF7C0FE9620FEF7BDFEB6
:101B40000020FEF7BAFEB220FEF7AEFE0020FEF740
:101B5000B4FE0020FEF7B1FE0220FEF7AEFE00202C
:101B6000FEF7ABFE0320FEF7A8FE0020FEF7A5FE61
:101B7000B320FEF799FE0020FEF79FFE0020FEF73F
:101B80009CFE0020FEF799FE0020FEF796FE002046
:101B9000FEF793FE0020FEF790FE0020FEF78DFE7C
:101BA0000020FEF78AFE0020FEF787FE0020FEF7E9
:101BB00084FE0020FEF781FE0020FEF77EFE00205E
:101BC000FEF77BFE0020FEF778FE0020FEF775FE94
:101BD0000020FEF772FE0020FEF76FFE0020FEF7E9
:101BE0006CFE0020FEF769FE0020FEF766FE002076
:101BF000FEF763FE0020FEF760FE0020FEF75DFEAC
:101C00000020FEF75AFEB420FEF74EFE8B20FEF7B2
:101C100054FE0020FEF751FE9620FEF74EFE0020F7
:101C2000FEF74BFEA120FEF748FE0020FEF745FE22
:101C3000B520FEF739FE0220FEF73FFE0020FEF73A
:101C40003CFE0320FEF739FE0020FEF736FE04209E
:101C5000FEF733FE0020FEF730FEB620FEF724FE2E
:101C60000020FEF72AFE0020FEF727FEB720FEF731
:101C70001BFE0020FEF721FE0020FEF71EFE3F2087
:101C8000FEF71BFE0020FEF718FE5E20FEF715FE95
:101C90000020FEF712FE6420FEF70FFE0020FEF784
:101CA0000CFE8C20FEF709FE0020FEF706FEAC209D
:101CB000FEF703FE0020FEF700FEDC20FEF7FDFD30
:101CC0000020FEF7FAFD7020FEF7F7FD0020FEF77A
:101CD000F4FD9020FEF7F1FD0020FEF7EEFDEB2075
:101CE000FEF7EBFD0020FEF7E8FDDC20FEF7E5FD4A
:101CF0000020FEF7E2FDB820FEF7D6FD0020FEF73B
:101D0000DCFD0020FEF7D9FD0020FEF7D6FD002007
:101D1000FEF7D3FD0020FEF7D0FD0020FEF7CDFD3D
:101D20000020FEF7CAFD0020FEF7C7FDBA20FEF72F
:101D3000BBFD2420FEF7C1FD0020FEF7BEFD002004
:101D4000FEF7BBFD0020FEF7B8FDC120FEF7ACFD9D
:101D50002020FEF7B2FD0020FEF7AFFD5420FEF775
:101D6000ACFD0020FEF7A9FDFF20FEF7A6FD002038
:101D7000FEF7A3FDC220FEF797FD0A20FEF79DFDAA
:101D80000020FEF79AFD0420FEF797FD0020FEF7E5
:101D900094FDC320FEF788FD3C20FEF78EFD002059
:101DA000FEF78BFD3A20FEF788FD0020FEF785FD4B
:101DB0003920FEF782FD0020FEF77FFD3720FEF779
:101DC0007CFD0020FEF779FD3C20FEF776FD00202B
:101DD000FEF773FD3620FEF770FD0020FEF76DFD67
:101DE0003220FEF76AFD0020FEF767FD2F20FEF788
:101DF00064FD0020FEF761FD2C20FEF75EFD002053
:101E0000FEF75BFD2920FEF758FD0020FEF755FD8B
:101E10002620FEF752FD0020FEF74FFD2420FEF79E
:101E20004CFD01E06C0200200020FEF746FD24205E
:101E3000FEF743FD0020FEF740FD2320FEF73DFDA9
:101E40000020FEF73AFD3C20FEF737FD0020FEF7AC
:101E500034FD3620FEF731FD0020FEF72EFD322046
:101E6000FEF72BFD0020FEF728FD2F20FEF725FDB5
:101E70000020FEF722FD2C20FEF71FFD0020FEF7BC
:101E80001CFD2920FEF719FD0020FEF716FD262077
:101E9000FEF713FD0020FEF710FD2420FEF70DFDD8
:101EA0000020FEF70AFD2420FEF707FD0020FEF7C4
:101EB00004FD2320FEF701FD0020FEF7FEFCC420F8
:101EC000FEF7F2FC6220FEF7F8FC0020FEF7F5FCBE
:101ED0000520FEF7F2FC0020FEF7EFFC8420FEF761
:101EE000ECFC0020FEF7E9FCF020FEF7E6FC002009
:101EF000FEF7E3FC1820FEF7E0FC0020FEF7DDFC17
:101F0000A420FEF7DAFC0020FEF7D7FC1820FEF72D
:101F1000D4FC0020FEF7D1FC5020FEF7CEFC0020C0
:101F2000FEF7CBFC0C20FEF7C8FC0020FEF7C5FC3A
:101F30001720FEF7C2FC0020FEF7BFFC9520FEF73D
:101F4000BCFC0020FEF7B9FCF320FEF7B6FC002035
:101F5000FEF7B3FCE620FEF7B0FC0020FEF7ADFC78
:101F6000C520FEF7A1FC3220FEF7A7FC0020FEF7FB
:101F7000A4FC4420FEF7A1FC0020FEF79EFC652097
:101F8000FEF79BFC0020FEF798FC7620FEF795FC00
:101F90000020FEF792FC8820FEF78FFC0020FEF761
:101FA0008CFCC620FEF780FC2020FEF786FC00207B
:101FB000FEF783FC1720FEF780FC0020FEF77DFC77
:101FC0000120FEF77AFC0020FEF777FCC720FEF721
:101FD0006BFC0020FEF771FC0020FEF76EFC002079
:101FE000FEF76BFC0020FEF768FCC820FEF75CFCE7
:101FF0000020FEF762FC0020FEF75FFC0020FEF7E9
:102000005CFC0020FEF759FCC920FEF74DFC0020C7
:10201000FEF753FC0020FEF750FC0020FEF74DFCBD
:102020000020FEF74AFC0020FEF747FC0020FEF7E8
:1020300044FC0020FEF741FC0020FEF73EFC00209F
:10204000FEF73BFC0020FEF738FC0020FEF735FCD5
:102050000020FEF732FC0020FEF72FFC0020FEF7E8
:102060002CFC0020FEF729FC0020FEF726FCE020D7
:10207000FEF71AFC1620FEF720FC0020FEF71DFCE0
:102080001C20FEF71AFC0020FEF717FC2120FEF7AB
:1020900014FC0020FEF711FC3620FEF70EFC002099
:1020A000FEF70BFC4620FEF708FC0020FEF705FCBF
:1020B0005220FEF702FC0020FEF7FFFB6420FEF733
:1020C000FCFB0020FEF7F9FB7A20FEF7F6FB002070
:1020D000FEF7F3FB8B20FEF7F0FB0020FEF7EDFB95
:1020E0009920FEF7EAFB0020FEF7E7FBA820FEF7A9
:1020F000E4FB0020FEF7E1FBB920FEF7DEFB002049
:10210000FEF7DBFBC420FEF7D8FB0020FEF7D5FB73
:10211000CA20FEF7D2FB0020FEF7CFFBD220FEF74D
:10212000CCFB0020FEF7C9FBD920FEF7C6FB002040
:10213000FEF7C3FBE020FEF7C0FB0020FEF7BDFB6F
:10214000F320FEF7BAFB0020FEF7B7FBE120FEF715
:10215000ABFB1620FEF7B1FB0020FEF7AEFB1C2008
:10216000FEF7ABFB0020FEF7A8FB2220FEF7A5FB45
:102170000020FEF7A2FB3620FEF79FFB0020FEF7B3
:102180009CFB4520FEF799FB0020FEF796FB5220B2
:10219000FEF793FB0020FEF790FB6420FEF78DFB1B
:1021A0000020FEF78AFB7A20FEF787FB0020FEF76F
:1021B00084FB8B20FEF781FB0020FEF77EFB99203D
:1021C000FEF77BFB0020FEF778FBA820FEF775FBEF
:1021D0000020FEF772FBB920FEF76FFB0020FEF730
:1021E0006CFBC420FEF769FB0020FEF766FBCA20EB
:1021F000FEF763FB0020FEF760FBD220FEF75DFBDD
:102200000020FEF75AFBD820FEF757FB0020FEF710
:1022100054FBE020FEF751FB0020FEF74EFBF320BD
:10222000FEF74BFB0020FEF748FBE220FEF73CFBED
:102230000520FEF742FB0020FEF73FFB0B20FEF7D8
:102240003CFB0020FEF739FB1B20FEF736FB00208D
:10225000FEF733FB3420FEF730FB0020FEF72DFBAA
:102260004420FEF72AFB0020FEF727FB4F20FEF755
:1022700024FB0020FEF721FB6120FEF71EFB00205F
:10228000FEF71BFB7920FEF718FB0020FEF715FB7D
:102290008820FEF712FB0020FEF70FFB9720FEF7C9
:1022A0000CFB0020FEF709FBA620FEF706FB002032
:1022B000FEF703FBB720FEF700FB0020FEF7FDFA58
:1022C000C220FEF7FAFA0020FEF7F7FAC720FEF761
:1022D000F4FA0020FEF7F1FAD120FEF7EEFA002022
:1022E000FEF7EBFAD620FEF7E8FA0020FEF7E5FA53
:1022F000DD20FEF7E2FA0020FEF7DFFAF320FEF71A
:10230000DCFA0020FEF7D9FAE320FEF7CDFA05202B
:10231000FEF7D3FA0020FEF7D0FA0A20FEF7CDFA36
:102320000020FEF7CAFA1C20FEF7C7FA0020FEF7CD
:10233000C4FA3320FEF7C1FA0020FEF7BEFA4420AB
:10234000FEF7BBFA0020FEF7B8FA5020FEF7B5FA08
:102350000020FEF7B2FA6220FEF7AFFA0020FEF787
:10236000ACFA7820FEF7A9FA0020FEF7A6FA88203A
:10237000FEF7A3FA0020FEF7A0FA9720FEF79DFAD9
:102380000020FEF79AFAA620FEF797FA0020FEF743
:1023900094FAB720FEF791FA0020FEF78EFAC220D9
:1023A000FEF78BFA0020FEF788FAC720FEF785FAC1
:1023B0000020FEF782FAD120FEF77FFA0020FEF718
:1023C0007CFAD520FEF779FA0020FEF776FADD20B8
:1023D000FEF773FA0020FEF770FAF320FEF76DFAAD
:1023E0000020FEF76AFAE420FEF75EFA0120FEF70D
:1023F00064FA0020FEF761FA0120FEF75EFA002081
:10240000FEF75BFA0220FEF758FA0020FEF755FAB5
:102410002A20FEF752FA0020FEF74FFA3C20FEF782
:102420004CFA0020FEF749FA4B20FEF746FA00204E
:10243000FEF743FA5D20FEF740FA0020FEF73DFA72
:102440007420FEF73AFA0020FEF737FA8420FEF7F0
:1024500034FA0020FEF731FA9320FEF72EFA00201E
:10246000FEF72BFAA220FEF728FA0020FEF725FA45
:10247000B320FEF722FA0020FEF71FFABE20FEF777
:102480001CFA0020FEF719FAC420FEF716FA002005
:10249000FEF713FACD20FEF710FA0020FEF70DFA32
:1024A000D320FEF70AFA0020FEF707FADD20FEF738
:1024B00004FA0020FEF701FAF320FEF7FEF90020EF
:1024C000FEF7FBF9E520FEF7EFF90020FEF7F5F93E
:1024D0000020FEF7F2F90020FEF7EFF90020FEF7EA
:1024E000ECF90220FEF7E9F90020FEF7E6F92920D1
:1024F000FEF7E3F90020FEF7E0F93C20FEF7DDF9F6
:102500000020FEF7DAF94B20FEF7D7F90020FEF79E
:10251000D4F95D20FEF7D1F90020FEF7CEF9742042
:10252000FEF7CBF90020FEF7C8F98420FEF7C5F9C5
:102530000020FEF7C2F99320FEF7BFF90020FEF756
:10254000BCF9A220FEF7B9F90020FEF7B6F9B320D6
:10255000FEF7B3F90020FEF7B0F9BE20FEF7ADF9A3
:102560000020FEF7AAF9C420FEF7A7F90020FEF725
:10257000A4F9CD20FEF7A1F90020FEF79EF9D320A3
:10258000FEF79BF90020FEF798F9DC20FEF795F99D
:102590000020FEF792F9F320FEF78FF90020FEF7F6
:1025A0008CF9E620FEF780F91120FEF786F900206D
:1025B000FEF783F93420FEF780F90020FEF77DF95D
:1025C0005620FEF77AF90020FEF777F97620FEF71D
:1025D00074F90020FEF771F97720FEF76EF90020FC
:1025E000FEF76BF96620FEF768F90020FEF765F943
:1025F0008820FEF762F90020FEF75FF99920FEF7C8
:102600005CF90020FEF759F9BB20FEF756F90020CF
:10261000FEF753F99920FEF750F90020FEF74DF927
:102620006620FEF74AF90020FEF747F95520FEF72D
:1026300044F90020FEF741F95520FEF73EF900204D
:10264000FEF73BF94520FEF738F90020FEF735F993
:102650004320FEF732F90020FEF72FF94420FEF761
:102660002CF90020FEF729F9E720FEF71DF93220AA
:10267000FEF723F90020FEF720F95520FEF71DF99B
:102680000020FEF71AF97620FEF717F90020FEF772
:1026900014F96620FEF711F90020FEF70EF9672005
:1026A000FEF70BF90020FEF708F96720FEF705F9A1
:1026B0000020FEF702F98720FEF7FFF80020FEF762
:1026C000FCF89920FEF7F9F80020FEF7F6F8BB2099
:1026D000FEF7F3F80020FEF7F0F89920FEF7EDF88A
:1026E0000020FEF7EAF87720FEF7E7F80020FEF773
:1026F000E4F84420FEF7E1F80020FEF7DEF856206B
:10270000FEF7DBF80020FEF7D8F82320FEF7D5F817
:102710000020FEF7D2F83320FEF7CFF80020FEF7B6
:10272000CCF84520FEF7C9F80020FEF7C6F8E820EF
:10273000FEF7BAF80020FEF7C0F80020FEF7BDF85B
:102740009920FEF7BAF80020FEF7B7F88720FEF7C9
:10275000B4F80020FEF7B1F88820FEF7AEF80020AC
:10276000FEF7ABF87720FEF7A8F80020FEF7A5F8F3
:102770006620FEF7A2F80020FEF79FF88820FEF7FB
:102780009CF80020FEF799F8AA20FEF796F80020A2
:10279000FEF793F8BB20FEF790F80020FEF78DF8C7
:1027A0009920FEF78AF80020FEF787F86620FEF7EA
:1027B00084F80020FEF781F85520FEF77EF800200F
:1027C000FEF77BF85520FEF778F80020FEF775F845
:1027D0004420FEF772F80020FEF76FF84420FEF761
:1027E0006CF80020FEF769F85520FEF766F8002027
:1027F000FEF763F8E920FEF757F8AA20FEF75DF828
:102800000020FEF75AF80020FEF757F80020FEF7E8
:1028100054F80020FEF748F8AA20FEF74EF8CF2023
:10282000FEF742F80020FEF748F80020FEF745F8D2
:102830000020FEF742F80020FEF73FF80020FEF7E8
:102840003CF80020FEF739F80020FEF736F80020AB
:10285000FEF733F80020FEF730F80020FEF72DF8E1
:102860000020FEF72AF80020FEF727F80020FEF7E8
:1028700024F80020FEF721F80020FEF71EF80020C3
:10288000FEF71BF80020FEF718F8F020FEF70CF812
:102890000020FEF712F85020FEF70FF80020FEF798
:1028A0000CF80020FEF709F80020FEF706F8F320E8
:1028B000FDF7FAFF0020FEF700F8F920FDF7F4FF1E
:1028C0000620FDF7FAFF1020FDF7F7FF2920FDF79E
:1028D000F4FF0020FDF7F1FF3A20FDF7E5FF55205A
:1028E000FDF7EBFF1120FDF7DFFF642003F0F0FCA4
:1028F0002920FDF7D9FF3520FDF7D6FF0020FDF791
:10290000DCFF5120FDF7D0FFFF20FDF7D6FF53205D
:10291000FDF7CAFF2C20FDF7D0FF5520FDF7C4FFBF
:102920008220FDF7CAFF2C20FDF7BEFF01F048B85A
:10293000FE48808845F2105188427DD155214FF4E0
:102940007040FDF7CCFFAA214FF20100FDF7C7FF51
:1029500052214FF20200FDF7C2FF08214FF203009F
:10296000FDF7BDFF01214FF20400FDF7B8FF0D2177
:102970004FF43040FDF7B3FF0D214BF20100FDF79E
:10298000AEFF0D214BF20200FDF7A9FF34214FF4F9
:102990003640FDF7A4FF34214BF20160FDF79FFFA5
:1029A00034214BF20260FDF79AFF0D214FF43140C4
:1029B000FDF795FF0D214BF20110FDF790FF0D2162
:1029C0004BF20210FDF78BFF34214FF43740FDF737
:1029D00086FF34214BF20170FDF781FF34214BF269
:1029E0000270FDF77CFF00214FF43240FDF777FFC6
:1029F00000214BF20120FDF772FF00214BF2022073
:102A0000FDF76DFF24214FF43840FDF768FF2421C6
:102A10004BF60100FDF763FF24214BF60200FDF7A2
:102A20005EFF01214FF43F40FDF759FF0F214FF4A6
:102A30003340FDF754FF00E0FDE30F214BF201307E
:102A4000FDF74DFF0F214BF20230FDF748FF342117
:102A50004FF43940FDF743FF34214BF60110FDF7E9
:102A60003EFF34214BF60210FDF739FF08214FF4E9
:102A70003540FDF734FF08214BF20150FDF72FFFE1
:102A800008214BF20250FDF72AFF03214FF4424088
:102A9000FDF725FF24214FF43A40FDF720FF2421C4
:102AA0004BF60120FDF71BFF24214BF60220FDF71A
:102AB00016FF00214FF43C40FDF711FF78214BF643
:102AC0000140FDF70CFF00214BF60240FDF707FF28
:102AD00000214FF43D40FDF702FF78214BF60150F5
:102AE000FDF7FDFE00214BF60250FDF7F8FE002138
:102AF0004FF43E40FDF7F3FE64214BF60160FDF715
:102B0000EEFE00214FF45140FDF7E9FE33214DF276
:102B10000110FDF7E4FE00214DF20210FDF7DFFE8B
:102B200034214DF20310FDF7DAFE00214DF20410BE
:102B3000FDF7D5FE3A214DF20510FDF7D0FE00213C
:102B40004DF20610FDF7CBFE4A214DF20710FDF7BE
:102B5000C6FE00214DF20810FDF7C1FE5C214DF2CA
:102B60000910FDF7BCFE00214DF20A10FDF7B7FE7B
:102B700081214DF20B10FDF7B2FE00214DF20C1039
:102B8000FDF7ADFEA6214DF20D10FDF7A8FE0021C8
:102B90004DF20E10FDF7A3FEE5214DF20F10FDF7EB
:102BA0009EFE01214DF21010FDF799FE13214DF20A
:102BB0001110FDF794FE01214DF21210FDF78FFE6A
:102BC00054214DF21310FDF78AFE01214DF214102D
:102BD000FDF785FE82214DF21510FDF780FE0121E3
:102BE0004DF21610FDF77BFECA214DF21710FDF7CE
:102BF00076FE02214DF21810FDF771FE00214DF214
:102C00001910FDF76CFE02214DF21A10FDF767FE58
:102C100001214DF21B10FDF762FE02214DF21C1046
:102C2000FDF75DFE34214DF21D10FDF758FE022127
:102C30004DF21E10FDF753FE67214DF21F10FDF7F8
:102C40004EFE02214DF22010FDF749FE84214DF287
:102C50002110FDF744FE02214DF22210FDF73FFE48
:102C6000A4214DF22310FDF73AFE02214DF224106B
:102C7000FDF735FEB7214DF22510FDF730FE02219C
:102C80004DF22610FDF72BFECF214DF22710FDF758
:102C900026FE02214DF22810FDF721FEDE214DF225
:102CA0002910FDF71CFE02214DF22A10FDF717FE38
:102CB000F2214DF22B10FDF712FE02214DF22C10E5
:102CC000FDF70DFEFE214DF22D10FDF708FE03214C
:102CD0004DF22E10FDF703FE10214DF22F10FDF7DF
:102CE000FEFD03214DF23010FDF7F9FD33214DF2C9
:102CF0003110FDF7F4FD03214DF23210FDF7EFFD29
:102D00006D214DF23310FDF7EAFD00214FF45240E2
:102D1000FDF7E5FD33214DF20120FDF7E0FD002137
:102D20004DF20220FDF7DBFD342101E06C020020B2
:102D30004DF20320FDF7D3FD00214DF20420FDF7F5
:102D4000CEFD3A214DF20520FDF7C9FD00214DF2DF
:102D50000620FDF7C4FD4A214DF20720FDF7BFFD17
:102D600000214DF20820FDF7BAFD5C214DF209204B
:102D7000FDF7B5FD00214DF20A20FDF7B0FD8121E0
:102D80004DF20B20FDF7ABFD00214DF20C20FDF7BD
:102D9000A6FDA6214DF20D20FDF7A1FD00214DF26B
:102DA0000E20FDF79CFDE5214DF20F20FDF797FD6C
:102DB00001214DF21020FDF792FD13214DF211205B
:102DC000FDF78DFD01214DF21220FDF788FD542104
:102DD0004DF21320FDF783FD01214DF21420FDF784
:102DE0007EFD82214DF21520FDF779FD01214DF286
:102DF0001620FDF774FDCA214DF21720FDF76FFD77
:102E000002214DF21820FDF76AFD00214DF2192034
:102E1000FDF765FD02214DF21A20FDF760FD01214D
:102E20004DF21B20FDF75BFD02214DF21C20FDF74A
:102E300056FD34214DF21D20FDF751FD02214DF2CA
:102E40001E20FDF74CFD67214DF21F20FDF747FDC9
:102E500002214DF22020FDF742FD84214DF2212078
:102E6000FDF73DFD02214DF22220FDF738FDA421A2
:102E70004DF22320FDF733FD02214DF22420FDF712
:102E80002EFDB7214DF22520FDF729FD02214DF23F
:102E90002620FDF724FDCF214DF22720FDF71FFD51
:102EA00002214DF22820FDF71AFDDE214DF22920E6
:102EB000FDF715FD02214DF22A20FDF710FDF2214C
:102EC0004DF22B20FDF70BFD02214DF22C20FDF7DA
:102ED00006FDFE214DF22D20FDF701FD03214DF2EF
:102EE0002E20FDF7FCFC10214DF22F20FDF7F7FC02
:102EF00003214DF23020FDF7F2FC33214DF2312059
:102F0000FDF7EDFC03214DF23220FDF7E8FC6D21C9
:102F10004DF23320FDF7E3FC00214FF45340FDF761
:102F2000DEFC33214DF20130FDF7D9FC00214DF2DA
:102F30000230FDF7D4FC34214DF20330FDF7CFFC15
:102F400000214DF20430FDF7CAFC3A214DF2053064
:102F5000FDF7C5FC00214DF20630FDF7C0FC4A210B
:102F60004DF20730FDF7BBFC00214DF20830FDF7B4
:102F7000B6FC5C214DF20930FDF7B1FC00214DF2A9
:102F80000A30FDF7ACFC81214DF20B30FDF7A7FCB8
:102F900000214DF20C30FDF7A2FCA6214DF20D30C0
:102FA000FDF79DFC00214DF20E30FDF798FCE52168
:102FB0004DF20F30FDF793FC01214DF21030FDF77B
:102FC0008EFC13214DF21130FDF789FC01214DF2E9
:102FD0001230FDF784FC54214DF21330FDF77FFCD5
:102FE00001214DF21430FDF77AFC82214DF21530AB
:102FF000FDF775FC01214DF21630FDF770FCCA217A
:103000004DF21730FDF76BFC02214DF21830FDF741
:1030100066FC00214DF21930FDF761FC02214DF2F2
:103020001A30FDF75CFC01214DF21B30FDF757FC17
:1030300002214DF21C30FDF752FC34214DF21D30BF
:10304000FDF74DFC02214DF21E30FDF748FC6721D3
:103050004DF21F30FDF743FC02214DF22030FDF709
:103060003EFC84214DF22130FDF739FC02214DF266
:103070002230FDF734FCA4214DF22330FDF72FFC64
:1030800002214DF22430FDF72AFCB7214DF2253004
:10309000FDF725FC02214DF22630FDF720FCCF2163
:1030A0004DF22730FDF71BFC02214DF22830FDF7D1
:1030B00016FCDE214DF22930FDF711FC02214DF204
:1030C0002A30FDF70CFCF2214DF22B30FDF707FC06
:1030D00002214DF22C30FDF702FCFE214DF22D3085
:1030E000FDF7FDFB03214DF22E30FDF7F8FB10211B
:1030F0004DF22F30FDF7F3FB03214DF23030FDF799
:10310000EEFB33214DF23130FDF7E9FB03214DF2A7
:103110003230FDF7E4FB6D214DF23330FDF7DFFB7C
:1031200000214FF45440FDF7DAFB33214DF201400A
:10313000FDF7D5FB00214DF20240FDF7D0FB342115
:103140004DF20340FDF7CBFB00214DF20440FDF7AB
:10315000C6FB3A214DF20540FDF7C1FB00214DF2BF
:103160000640FDF7BCFB4A214DF20740FDF7B7FBD7
:1031700000214DF20840FDF7B2FB5C214DF2094001
:10318000FDF7ADFB00214DF20A40FDF7A8FB8121C0
:103190004DF20B40FDF7A3FB00214DF20C40FDF773
:1031A0009EFBA6214DF20D40FDF799FB00214DF24B
:1031B0000E40FDF794FBE5214DF20F40FDF78FFB2C
:1031C00001214DF21040FDF78AFB13214DF2114011
:1031D000FDF785FB01214DF21240FDF780FB5421E4
:1031E0004DF21340FDF77BFB01214DF21440FDF73A
:1031F00076FB82214DF21540FDF771FB01214DF266
:103200001640FDF76CFBCA214DF21740FDF767FB36
:1032100002214DF21840FDF762FB00214DF21940EA
:10322000FDF75DFB02214DF21A40FDF758FB01212D
:103230004DF21B4000E005E3FDF751FB02214DF28A
:103240001C40FDF74CFB34214DF21D40FDF747FBC0
:1032500002214DF21E40FDF742FB67214DF21F4057
:10326000FDF73DFB02214DF22040FDF738FB8421A4
:103270004DF22140FDF733FB02214DF22240FDF7D4
:103280002EFBA4214DF22340FDF729FB02214DF234
:103290002440FDF724FBB7214DF22540FDF71FFB2D
:1032A00002214DF22640FDF71AFBCF214DF22740B7
:1032B000FDF715FB02214DF22840FDF710FBDE2142
:1032C0004DF22940FDF70BFB02214DF22A40FDF79C
:1032D00006FBF2214DF22B40FDF701FB02214DF2DE
:1032E0002C40FDF7FCFAFE214DF22D40FDF7F7FAD8
:1032F00003214DF22E40FDF7F2FA10214DF22F403E
:10330000FDF7EDFA03214DF23040FDF7E8FA3321E5
:103310004DF23140FDF7E3FA03214DF23240FDF763
:10332000DEFA6D214DF23340FDF7D9FA00214FF45A
:103330005540FDF7D4FA33214DF20150FDF7CFFA95
:1033400000214DF20250FDF7CAFA34214DF203502C
:10335000FDF7C5FA00214DF20450FDF7C0FA3A21FD
:103360004DF20550FDF7BBFA00214DF20650FDF776
:10337000B6FA4A214DF20750FDF7B1FA00214DF29D
:103380000850FDF7ACFA5C214DF20950FDF7A7FAA1
:1033900000214DF20A50FDF7A2FA81214DF20B50A7
:1033A000FDF79DFA00214DF20C50FDF798FAA62189
:1033B0004DF20D50FDF793FA00214DF20E50FDF73E
:1033C0008EFAE5214DF20F50FDF789FA01214DF2F9
:1033D0001050FDF784FA13214DF21150FDF77FFADA
:1033E00001214DF21250FDF77AFA54214DF213509B
:1033F000FDF775FA01214DF21450FDF770FA8221A4
:103400004DF21550FDF76BFA01214DF21650FDF704
:1034100066FACA214DF21750FDF761FA02214DF20A
:103420001850FDF75CFA00214DF21950FDF757FADC
:1034300002214DF21A50FDF752FA01214DF21B50B4
:10344000FDF74DFA02214DF21C50FDF748FA3421E8
:103450004DF21D50FDF743FA02214DF21E50FDF7CB
:103460003EFA67214DF21F50FDF739FA02214DF265
:103470002050FDF734FA84214DF22150FDF72FFA48
:1034800002214DF22250FDF72AFAA4214DF22350D9
:10349000FDF725FA02214DF22450FDF720FAB7215D
:1034A0004DF22550FDF71BFA02214DF22650FDF793
:1034B00016FACF214DF22750FDF711FA02214DF2F5
:1034C0002850FDF70CFADE214DF22950FDF707FADE
:1034D00002214DF22A50FDF702FAF2214DF22B5053
:1034E000FDF7FDF902214DF22C50FDF7F8F9FE2110
:1034F0004DF22D50FDF7F3F903214DF22E50FDF75B
:10350000EEF910214DF22F50FDF7E9F903214DF2AC
:103510003050FDF7E4F933214DF23150FDF7DFF97A
:1035200003214DF23250FDF7DAF96D214DF233509F
:10353000FDF7D5F900214FF45640FDF7D0F93321BE
:103540004DF20160FDF7CBF900214DF20260FDF76D
:10355000C6F934214DF20360FDF7C1F900214DF2A7
:103560000460FDF7BCF93A214DF20560FDF7B7F9AB
:1035700000214DF20660FDF7B2F94A214DF20760D5
:10358000FDF7ADF900214DF20860FDF7A8F95C21C7
:103590004DF20960FDF7A3F900214DF20A60FDF735
:1035A0009EF981214DF20B60FDF799F900214DF252
:1035B0000C60FDF794F9A6214DF20D60FDF78FF92F
:1035C00000214DF20E60FDF78AF9E5214DF20F6002
:1035D000FDF785F901214DF21060FDF780F9132107
:1035E0004DF21160FDF77BF901214DF21260FDF7FC
:1035F00076F954214DF21360FDF771F901214DF276
:103600001460FDF76CF982214DF21560FDF767F942
:1036100001214DF21660FDF762F9CA214DF21760E3
:10362000FDF75DF902214DF21860FDF758F9002110
:103630004DF21960FDF753F902214DF21A60FDF7C2
:103640004EF901214DF21B60FDF749F902214DF2BF
:103650001C60FDF744F934214DF21D60FDF73FF980
:1036600002214DF21E60FDF73AF967214DF21F600D
:10367000FDF735F902214DF22060FDF730F9842184
:103680004DF22160FDF72BF902214DF22260FDF78A
:1036900026F9A4214DF22360FDF721F902214DF214
:1036A0002460FDF71CF9B7214DF22560FDF717F9ED
:1036B00002214DF22660FDF712F9CF214DF227606D
:1036C000FDF70DF902214DF22860FDF708F9DE2122
:1036D0004DF22960FDF703F902214DF22A60FDF752
:1036E000FEF8F2214DF22B60FDF7F9F802214DF2C0
:1036F0002C60FDF7F4F8FE214DF22D60FDF7EFF898
:1037000003214DF22E60FDF7EAF810214DF22F60F3
:10371000FDF7E5F803214DF23060FDF7E0F83321C5
:103720004DF23160FDF7DBF803214DF23260FDF719
:10373000D6F86D214DF23360FDF7D1F855214FF4E5
:103740007040FDF7CCF8AA214FF20100FDF7C7F851
:1037500052214FF20200FDF7C2F808214FF2030098
:10376000FDF7BDF800214FF20400FDF7B8F8CC21B9
:103770004FF43140FDF7B3F800214BF20110FDF793
:10378000AEF805214FF43640FDF7A9F870214FF44B
:103790003740FDF7A4F870214BF20170FDF79FF858
:1037A00001214FF43840FDF79AF803214BF6010050
:1037B000FDF795F803214BF60200FDF790F8032181
:1037C0004BF60300FDF78BF802214FF43C40FDF768
:1037D00086F800214BF60140FDF781F800214BF6F9
:1037E0000240FDF77CF8D0214FF44940FDF777F80F
:1037F00002214CF60110FDF772F850214CF6021030
:10380000FDF76DF850214CF60310FDF768F85021D4
:103810004CF60410FDF763F800214FF45450FDF707
:103820005EF855214FF46850FDF759F84FF4885071
:10383000FDF73AF8782002F003FD4FF42450FDF72D
:1038400033F8BDE0FE48808841F663118842F8D124
:10385000E220FDF729F81D20FDF72FF80220FDF7E3
:103860002CF80420FDF729F8642002F0E9FCE020A0
:10387000FDF71AF80120FDF720F80A2002F028FDD4
:10388000E020FDF711F80320FDF717F80C2002F0F7
:103890001FFD0120FDF708F80A2002F019FDE620BF
:1038A000FDF702F82F20FDF708F8FF20FDF705F8D7
:1038B000FF20FDF702F8B020FCF7F6FF2020FCF710
:1038C000FCFF0020FCF7F9FF0320FCF7F6FF40F2B5
:1038D0001F30FCF7F2FF0120FCF7EFFF40F2DF1092
:1038E000FCF7EBFF0020FCF7E8FFB420FCF7DCFF5F
:1038F0000420FCF7E2FF40F21F40FCF7DEFF00204F
:10390000FCF7DBFF2E20FCF7D8FF0020FCF7D5FFEB
:103910000020FCF7D2FF0020FCF7CFFF0020FCF7CF
:10392000CCFFB620FCF7C0FF0220FCF7C6FF4FF427
:103930000370FCF7C2FF0020FCF7BFFF1720FCF765
:10394000BCFF1520FCF7B9FF0020FCF7B6FF0020F4
:10395000FCF7B3FFF020FCF7A7FF0320FCF7ADFF57
:103960002920FCF7A1FFD020FCF79EFF0020FCF7E8
:10397000A4FFBE20FCF798FF0520FCF79EFFFE2069
:10398000FCF79BFF0120FCF798FF0020FCF795FF58
:103990000020FCF792FF0020FCF78FFFB820FCF717
:1039A00083FF0320FCF789FF0120FCF786FFBA2084
:1039B000FCF77AFF0120FCF780FF6420FDF74FFA47
:1039C0000020FDF778FA01209E4908604FF6FF704D
:1039D000FDF7C6FB21B000BD2DE9F04F05460E46B0
:1039E00017469846DDF824A04FF0000B781B401CCA
:1039F0001FFA80FB344614E021462846FCF79EFF60
:103A0000FCF77FFF4FF0000907E04FF0D840A0F827
:103A100080A009F101001FFA80F9D945F5DB601C8F
:103A200084B24445E8DDBDE8F08F2DE9F84F074644
:103A30000D4690469946DDF828B0A8EB0700401CDB
:103A40001FFA80FAA9EB0500401C80B20090002408
:103A500014E0281981B23846FCF770FFFCF751FFDB
:103A6000002607E004FB0A603BF810007649088056
:103A7000701C86B25645F5DB601C84B20098844207
:103A8000E7DBBDE8F88F2DE9FF4F84B081468A4619
:103A90000020039002900698A0EB09050798A0EB80
:103AA0000A06CDF80490CDF800A0002D01DD012715
:103AB00005E00DB9002702E04FF0FF376D42002E00
:103AC00002DD4FF0010806E016B94FF0000802E0F1
:103AD0004FF0FF387642B54201DD2C4600E0344617
:103AE0004FF0000B21E0009A91B2019A90B2FDF7DD
:103AF00031F90398284403900298304402900398C7
:103B0000A04205DD0398001B039001983844019002
:103B10000298A04205DD0298001B029000984044E4
:103B200000900BF101001FFA80FB601C8345DADD79
:103B300008B0BDE8F08FF0B504460D4616461F46A6
:103B40002B46324629462046FFF79DFF3B4622463C
:103B500029462046FFF797FF3B4632463946204626
:103B6000FFF791FF3B46324629463046FFF78BFF71
:103B7000F0BD2DE9F04306460F4690460024454629
:103B80000320A0EB48093CE07A1B91B2321990B2B5
:103B9000FDF7E0F83A1B91B2721990B2FDF7DAF82E
:103BA0003A1991B2721990B2FDF7D4F87A1991B21C
:103BB000321990B2FDF7CEF87A1991B2321B90B259
:103BC000FDF7C8F83A1991B2721B90B2FDF7C2F82E
:103BD0007A1B91B2321B90B2FDF7BCF83A1B91B23E
:103BE000721B90B2FDF7B6F8641CB9F1000F03DA4E
:103BF000A000801D814404E0601B80000A308144E5
:103C00006D1EAC42C0DDBDE8F0832DE9F84F804663
:103C10000E4617461C46B3462046E31704EB537383
:103C2000DB1021464FEAE47C04EB5C7C4FEAEC0CB1
:103C3000A4EBCC0CBCF1000F08D04FF0010C07E056
:103C40006C020020BC8240428000006C4FF0000CEF
:103C50006344224604EBD27C4FEA6C0C03FB0CF36A
:103C6000DBB20093A7F12000C7B2002556E00C2C70
:103C700007D107EB47009F4901EB800010F8059042
:103C800013E0102C05D19C4800EB071010F80590AC
:103C90000BE0182C07D107EBC700984901EB800017
:103CA00010F8059001E0BDE8F88F4FF0000A2FE012
:103CB00009F0800030B19248028831464046FDF755
:103CC00057F807E00A9828B98E48028831464046DE
:103CD000FDF74EF84FEA49604FEA1069701C86B252
:103CE00089484088B04200DCDDE7A6EB0B00A0422B
:103CF0000AD15E4608F101001FFA80F88248008868
:103D0000404500DCCFE706E00AF1010000F0FF0AC1
:103D1000BAF1080FCCDB00BF681CC5B20098854221
:103D2000A5DB00BFBFE710B50246012000E050430D
:103D30000B1EA1F10104E1B2F9D110BD2DE9FF4F35
:103D400081B0074691461E460E9D4FF0000A0024A2
:103D500039E0301B401EC1B20A20FFF7E4FFB9FB77
:103D6000F0F00A21B0FBF1F201FB1208BAF1000FEA
:103D700016D1701EA04213DDB8F1000F0ED1002045
:103D8000AB4605EBDB71491001FB0471009088B272
:103D90002B4620220299FFF738FF12E04FF0010A6C
:103DA0000020AB4605EBDB71491001FB047100906C
:103DB00088B208F13001CAB22B460299FFF725FFFD
:103DC00000BF601CC4B2B442C3DB05B0BDE8F08FD5
:103DD0002DE9FF4F82B0064692461F46DDE90F48A7
:103DE0000020019000254DE0781B401EC1B20A2042
:103DF000FFF799FFBAFBF0F00A21B0FBF1F201FBEB
:103E00001209019850BB781EA84227DDB9F1000FB6
:103E100022D108F0800078B108F00100A34604EB3D
:103E2000DB71491001FB0561009088B22346302206
:103E30000399FFF7EAFE0EE008F00100A34604EB49
:103E4000DB71491001FB0561009088B223462022F6
:103E50000399FFF7DAFE13E00120019008F001005A
:103E6000A34604EBDB71491001FB0561009088B2A9
:103E700009F13001CAB223460399FFF7C6FE00BF1D
:103E8000681CC5B2BD42AFDB06B0BDE8F08F2DE9BE
:103E9000F84704460D4690469946DDE9096704F067
:103EA000FF0A08EB04001FFA80F809EB05001FFA6F
:103EB00080F916E0444502DB5446A81985B24D4509
:103EC00000DB14E0002000903A7833462946204673
:103ED000FFF79BFE304606EBD07104EB61018CB21C
:103EE0007F1C38787E2802DC38782028E2DA00BF90
:103EF000BDE8F887A2EA000816EF000806F50008FA
:103F000014000020160000206C0200201CB50121C6
:103F1000112003F027FA1C20009000208DF80400E7
:103F200003208DF8050001208DF80700694635480B
:103F300002F0A8FB0120009002208DF807006946DE
:103F4000314802F09FFB1CBD10B5044614B101209E
:103F50002E4908702D480078002837D010212948B4
:103F600002F0F2FB78B10821264802F0EDFB50B1D7
:103F70000421244802F0E8FB28B10121224802F084
:103F8000E3FB012822D10A2002F0A2F900201F49F8
:103F9000087010211B4802F0D7FB08B9012010BDA2
:103FA0000821184802F0D0FB08B90220F7E70421E5
:103FB000144802F0C9FB08B90320F0E701211248B8
:103FC00002F0C2FB01281BD10420E8E710210D48B4
:103FD00002F0BAFB012813D108210A4802F0B4FB11
:103FE00001280DD10421074802F0AEFB012807D1BA
:103FF0000121054802F0A8FB10B90120034908700F
:104000000020CCE700100240000002401800002011
:1040100010B5044600BF0221414804F057FF0028B4
:10402000F9D021463E4804F008FF00BF01213C487A
:1040300004F04CFF0028F9D0394804F0FBFEC0B270
:1040400010BD00B587B00121084603F08BF90121AE
:10405000080303F0E1F93820059002208DF81800DC
:1040600000208DF81A0003208DF8190001208DF82A
:104070001B0005A92B4802F005FB05220321294856
:1040800002F08BFB05220421264802F086FB052264
:104090001146244802F081FB0121080303F011FAC4
:1040A00000214FF4805003F00CFA0020ADF800001E
:1040B0004FF48270ADF802000020ADF80400022039
:1040C000ADF806000120ADF808004002ADF80A0086
:1040D0003820ADF80C000020ADF80E000720ADF838
:1040E000100069460E4804F02DFD01210C4804F033
:1040F00023FEFF20FFF78CFF07B000BD10B504467C
:10410000074800884FF6C7710840054908800846EF
:104110000088204308800121014804F00DFE10BDF5
:10412000003001400004024010B500240020D849AE
:1041300008609020FFF76CFF0020FFF769FF002068
:10414000FFF766FF0020FFF763FFFF20FFF760FF28
:1041500044EA0024FF20FFF75BFF04430120CD4920
:10416000C1F8B802204610BD1CB50121022003F0A1
:10417000F9F80121402003F0F5F84FF48040009059
:1041800001208DF8040000208DF8060003208DF832
:10419000050001208DF807006946BF4802F072FA59
:1041A000802000906946BD4802F06CFA8021BB482F
:1041B00002F0E4FA0120B6490860FFF742FF082048
:1041C000FFF79CFFFFF7B0FFB54908801CBD10B595
:1041D00000240020AE4908600520FFF719FFFF20EA
:1041E000FFF716FF04460120AA49C1F8B80220468D
:1041F00010BD10B504460020A54908600120FFF756
:1042000007FF2046FFF704FF0120A249C1F8B802CA
:1042100010BD10B500209E4908600620FFF7F8FE8B
:1042200001209C49C1F8B80210BD10B50020984982
:1042300008600420FFF7ECFE01209649C1F8B8029F
:1042400010BD2DE9F04106460C4617460020904966
:1042500008600320FFF7DCFEC4F30740FFF7D8FE39
:10426000C4F30720FFF7D4FEE0B2FFF7D1FE00252C
:1042700005E0FF20FFF7CCFE7055681C85B2BD42FB
:10428000F7DB012082490860BDE8F08110B500BF6E
:10429000FFF79DFF00F001000028F9D110BD2DE9C6
:1042A000F04106460C461746FFF7B3FF0020784959
:1042B00008600220FFF7ACFEC4F30740FFF7A8FE3A
:1042C000C4F30720FFF7A4FEE0B2FFF7A1FE00252C
:1042D00004E0705DFFF79CFE681C85B2BD42F8DB10
:1042E00001206B490860FFF7D1FFBDE8F0812DE99F
:1042F000F04107460E461446F0B2C0F58075AC4258
:1043000000DC254612E02A4631463846FFF7C7FF53
:10431000AC4200D10BE02F442E44601B84B2B4F5B4
:10432000807F02DD4FF4807500E02546EBE700BF9B
:10433000BDE8F08110B5044621465AA009F0B8FE48
:104340002403FFF766FFFFF7A1FF00205049086034
:104350002020FFF75DFEC4F30740FFF759FEC4F3CA
:104360000720FFF755FEE0B2FFF752FE0120494952
:10437000C1F8B802FFF78AFF10BD2DE9F05F814652
:104380000F461646DFF824B14FEA1738C7F30B0A79
:10439000CAF58054A64200DC344644E04FEA0831B6
:1043A0004FF480525846FFF74CFF002508E00AEB17
:1043B00005001BF80000FF2800D003E0681C85B250
:1043C000A542F4DB00BFA54216DA4046FFF7B2FF74
:1043D000002507E019F8050005EB0A010BF80100BC
:1043E000681C85B2A542F5DB4FEA08314FF48052D4
:1043F0005846FFF77CFF04E0224639464846FFF75F
:1044000076FFA64200D10FE008F101084FF0000A44
:10441000A1442744301B86B2B6F5805F02DD4FF41D
:10442000805400E03446B9E700BFBDE8F09F10B506
:10443000FFF7EFFEFFF72AFF002015490860C720AD
:10444000FFF7E6FD01201349C1F8B802FFF71EFF90
:1044500010BD10B500200E490860B920FFF7D8FD47
:1044600001200C49C1F8B802032001F0E9FE10BD9B
:1044700010B5002006490860AB20FFF7C9FD0120F8
:104480000449C1F8B802032001F0DAFE10BD0000B3
:10449000B8824042008040420004024000180240BE
:1044A0001A00002066653A25780D0A007A0200207D
:1044B0000020FE490860091D0860091D0860091DEB
:1044C0000860FA4924310860091D0860091D086068
:1044D000F748F649383108600020091D0860704728
:1044E00001460020012900D011B9F24B197000E0FB
:1044F000262070470146ED4A121D106820F0FF008B
:1045000008431060704770B5044606E0E748343051
:10451000056805F0450000B100E0F7E700BF0420A2
:1045200002F020FD20B1042002F027FD032070BD21
:10453000012002F017FD20B1012002F01EFD012034
:10454000F5E7DA4810300068A04201D01020EEE70D
:1045500040F2FF5002F011FDD448143000680821E9
:104560000840C0B2E3E72DE9FC4107460D460026AE
:1045700000240020009001900820CF4908601020FE
:104580004860402088600020C8604FF48060086167
:10459000084602F054FC1020FFF7B5FF044614B1A2
:1045A0002046BDE8FC81C54800880004C249086077
:1045B00037204860402088600020C8604FF4806049
:1045C0000861084602F03BFC3720FFF79CFF0446D9
:1045D0000CB12046E5E74FF0FF30B94908600820EC
:1045E0004860302088600220C860002008610120F7
:1045F0004861084602F04FFC0020AF4908603320B4
:104600004860402088600020C8604FF480600861E6
:10461000084602F014FC3320FFF775FF04460CB186
:104620002046BEE70DE04FF4001002F09BFC40B1C5
:104630009E48803000684DF82600761C022E00D37C
:1046400007E09A483430006840F22A6108400028A8
:10465000E9D000BF082002F085FC20B1082002F05C
:104660008CFC04209DE7022002F07CFC20B102209B
:1046700002F083FC022094E7202002F073FC20B1BA
:10468000202002F07AFC06208BE74FF4007002F045
:1046900069FC28B14FF4007002F06FFC072080E73E
:1046A00040F2FF5002F069FC00980006009901F406
:1046B0007F4140EA0120009901F47F0140EA112086
:1046C000009940EA1160686001980006019901F4C0
:1046D0007F4140EA0120019901F47F0140EA112065
:1046E000019940EA1160286020465AE77CB50546EA
:1046F000002400200090019000260DB1022600E069
:1047000000266A481430006800F0007008B10E20DE
:104710007CBD6A49098888B26946FFF724FF0446D0
:104720000CB12046F4E7019800F4802060B36348A0
:104730000088000460490860372048604020886095
:104740000020C8604FF480600861084602F077FBE3
:104750003720FFF7D8FE04460CB12046D8E756486C
:104760000660062054494860402088600020C860E8
:104770004FF480600861084602F061FB0620FFF7F5
:10478000C2FE04462046C3E72520C1E770B50446B3
:1047900000254C480078032802D12725284670BD03
:1047A0004848007838B147480078012803D0454888
:1047B0000078022819D1B4F5805F02D12725284658
:1047C000EDE7E0B2FFF792FF054675B93748001DE7
:1047D000006820F4C0503549091D0860084600688B
:1047E000204308600846006808602846D7E710B5EF
:1047F00004463148046007202F4948604020886003
:104800000020C8604FF480600861084602F017FB82
:104810000720FFF778FE10BDF0B50146002000220A
:10482000284B1B7881F85630244B1B88A1F8543054
:10483000254B1B681A0E93090B70C2F383034B7050
:1048400002F003038B70204B1B68C3F30742CA704E
:104850001D4B1B88C3F307220A711B4B1A784A7140
:104860005B681A0E1301CB80174B5B68C3F30742DA
:10487000CB8843EA1213CB8002F00F030B72124B6A
:104880009B88C3F30722D3094B72C2F380138B7248
:10489000C2F34013CB72C2F300130B7300234B73AC
:1048A000084B1B78C3B1074B1B780FE0002C01406D
:1048B000FF07C000240000209812002020000020E4
:1048C000AC1200201C000020C4120020012B03D0D9
:1048D000FE4B1B78032B4FD193071B0D0B61FC4B39
:1048E0001A790B6943EA82030B61F94B9B681A0E34
:1048F0000B6943EA92130B61C2F3C2030B7502F01A
:1049000007034B75F24B9B68C3F3074253098B7542
:10491000C2F38203CB7593075B0F0B76EC4B1B89BD
:10492000C3F307220B7E43EAD2130B760B695B1CA1
:104930000024C1E912340B7E9B1C012606FA03F306
:10494000DE17D1E91245A4FB037C05FB03C304FB7E
:104950000633C1E912730C7A0123A3400B650024CE
:10496000D1E912560B6DA5FB037C06FB03C305FBC7
:104970000433C1E912732CE0D44B1B78022B28D1ED
:10498000D34B1A7993069B0A0B61D14B9B681A0E85
:104990000B6943EA02230B61CD4B9B68C3F30742CB
:1049A0000B6913430B61CA4B1B89C3F307220B69C5
:1049B0005B1C4FF40074A3FB043566000027A3FBC7
:1049C000064C05FB06C503FB0753C1E912437310F0
:1049D0000B65C2F3801301F8193F93065B0E4B7011
:1049E000BB4B1A7A4B7843EAD2134B7002F07F0329
:1049F0008B70B74BDB681A0ED309CB70C2F341132F
:104A00000B71C2F382034B7193071B0F8B71B04B79
:104A1000DB68C3F307428B7943EA92138B71C2F3CD
:104A20004013CB7100230B7202F001034B72A84BB1
:104A30009B89C3F30722D3098B72C2F38013CB7215
:104A4000C2F340130B73C2F300134B73C2F3810321
:104A50008B7302F00303CB739D4B1A7B53080B74CB
:104A600001234B749B4B1B681A0ECA741939994B5E
:104A70001B68C3F307421402CC85964B1B88C3F313
:104A80000722CB8D1343CB85924B1A7814060C6307
:104A90005B681A0E0B6B43EA02440C638D4B5B6838
:104AA000C3F307420B6B43EA02240C63894B9B88D8
:104AB000C3F307220B6B13430B63864B1A79342322
:104AC0005A54844B9B681A0E35235A54814B9B6869
:104AD000C3F3074214068C637E4B1B89C3F3072282
:104AE0008B6B43EA02448C637A4B1A7A8B6B43EAF2
:104AF00002248C63774BDB681A0E8B6B13438B633A
:104B0000744BDB68C3F307423C235B5C43EA12143B
:104B10003C235C5413071C0DCC876E4B9B89C3F35D
:104B20000722CB8F1343CB876A4B1A7B5408402351
:104B30005C54012441235C54F0BD70B500264FF451
:104B4000803505E06448046804F0450000B103E0E6
:104B5000281EA5F10105F5D100BF15B104F0040030
:104B600028B10326042002F008FA304670BD012067
:104B700002F0F8F918B10126012002F0FEF940F226
:104B8000FF5002F0FAF93046F0E72DE9F041054612
:104B90000E464FF0000805E04F48076807F0450053
:104BA00000B100E0F8E700BF042002F0DBF928B113
:104BB000042002F0E2F90320BDE8F081012002F0B8
:104BC000D1F920B1012002F0D8F90120F4E74248E0
:104BD00024380068A84201D01020EDE740F2FF50D1
:104BE00002F0CBF93C482038046804F4604018B95E
:104BF000200C30804046DFE704F4005008B1132059
:104C0000DAE704F4804008B11020D5E704F400404E
:104C100008B10F20D0E74046CEE738B50024012088
:104C2000009002F006F910B92524204638BD274827
:104C30000078042825D00020284908600220486018
:104C4000C02088600020C8604FF48060086108467A
:104C500002F0F5F8FFF771FF04460CB12046E5E7D6
:104C60001D48203800681B4908601B481C38006834
:104C70004860194818380068886017481438006878
:104C8000C8601248007858B110480078012807D051
:104C90000E480078062803D00C480078022821D15D
:104CA00000200E49086003204860402088600020F2
:104CB000C8604FF480600861084602F0C0F8694699
:104CC0000320FFF762FF044664B109E01C000020E6
:104CD000C4120020D4120020342C0140981200206D
:104CE0002046A3E7FE480078032816D1BDF800004F
:104CF0000004FC49086003204860402088600020D0
:104D0000C8604FF480600861084602F098F8FFF729
:104D100014FF04460CB1204688E7F14800780428C7
:104D20002AD0BDF80000F0490860BDF8000000047A
:104D3000EC49086009204860C02088600020C860F5
:104D40004FF480600861084602F079F8FFF7F5FE3D
:104D500004460CB1204669E7E4480068E44908606D
:104D6000E248001D00684860E0480830006888603C
:104D7000DE480C300068C860002057E710B506E038
:104D8000DA482030046804F0450000B100E0F7E79D
:104D900000BF042002F0E6F820B1042002F0EDF894
:104DA000032010BD40F2FF5002F0E7F80020F8E7C2
:104DB00070B500264FF4803506E0CC4820300468FA
:104DC00004F0450000B103E0281EA5F10105F4D16F
:104DD00000BF15B104F0040028B10326042002F03E
:104DE000CCF8304670BD04F0400018B100264020D9
:104DF00002F0C3F83046F5E770B500254FF4803473
:104E000004E0802002F0AEF800B103E0201EA4F11F
:104E10000104F6D100BF0CB9032070BD40F2FF5071
:104E200002F0ABF82846F8E72DE9F0470027002408
:104E300000260025A046A1467620AE490875002030
:104E4000086048608860C8600861084601F0CDFFCE
:104E5000032001F0EAFFA5481038006840F4807094
:104E6000A2491039086000BF12E000209D49086087
:104E700048608860C8604FF480600861084601F0AF
:104E8000DEFFFFF7B9FF044604B903E0781CC7B2A0
:104E90004A2FEADB00BF14B12046BDE8F0874FF48B
:104EA000D570904908600820486040208860002044
:104EB000C8604FF480600861084601F0C0FFFFF74A
:104EC00077FF044624B90120854908704FF08049D6
:104ED0000020844908603720486040208860002016
:104EE000C8604FF480600861084601F0A8FF3720D1
:104EF000FFF709FB0446002C4BD134E00020794930
:104F0000086037204860402088600020C8604FF467
:104F100080600861084601F092FF3720FFF7F3FA3E
:104F200004460CB12046B8E7734849EA00006D49D1
:104F3000086029204860402088600020C8604FF445
:104F400080600861084601F07AFFFFF717FF04460A
:104F50000CB12046A1E765480668012080EAD670BA
:104F600080F001086D1CB8F1000F03D14FF6FF70FF
:104F70008542C3D34FF6FF70854202D31B242046DF
:104F80008BE706F08040061E32D00220544908709C
:104F90002EE01CE059485349086001204860402039
:104FA00088600020C8604FF480600861084601F006
:104FB00046FFFFF7E3FE04460CB120466DE74B4881
:104FC0000668012080EAD67080F001086D1CB8F1F7
:104FD000000F03D14FF6FF708542DBD34FF6FF7011
:104FE000854202D31B24204657E703203C49087022
:104FF000204652E73EB5002400250121404802F03A
:10500000B1F90121C80202F007FA0121C80202F039
:1050100058FA4FF4F850019002208DF808008DF8EE
:10502000090000208DF80A0001208DF80B0001A96D
:10503000344801F027FB0420019001A9324801F017
:1050400021FB0C2208212F4801F0A7FB0C2209218B
:105050002C4801F0A2FB0C220A212A4801F09DFBFA
:105060000C220B21274801F098FB0C221146254801
:1050700001F093FB0C220221234801F08EFB00215A
:105080004FF4006002F01DFAFFF712FA31208DF89C
:10509000000000208DF801008DF8020001208DF83D
:1050A0000300684601F0FDF9FFF7BEFE044614B99F
:1050B000FFF7B3FD04461CB91448FFF7ADFB0446E7
:1050C00034B91249B1F854100804FFF790FB0446B4
:1050D00024B94FF40060FFF759FB0446E4B117E030
:1050E0001C0000209812002020000020142C0140F9
:1050F000C412002080120020000010800080FF8079
:105100000C00400000080240000C0240E8120020A1
:10511000FE480078032812D1FD4890F8560020B1CF
:10512000FB4890F85600012801D1022500E0002537
:105130002846FFF7DFF90020FFF7D2F904462046A2
:105140003EBD10B5002001F070FE002010BD70B50E
:1051500090B004460E46154600BFEE4802F0A9FD89
:105160000028FAD1EB4802F07BFC4FF00060019080
:10517000E9480290039404950020059006904FF4AE
:1051800080600790800008908000099000200A90BD
:105190004FF440300B9004200C9003200D904FF4FE
:1051A00000000E9080100F9001A9DA4802F0FAFC7E
:1051B0002021D84802F046FD0121D64802F02CFDFE
:1051C00010B070BD0146002002E04910421CD0B270
:1051D0000129FAD170472DE9F84F814617469846C4
:1051E0000A9C4FF0000AD3464D464FF0FF36B9F106
:1051F000000F02D12620BDE8F88F0020C64954399F
:105200000860C2480078022805D10402780A40EA02
:10521000C8574FEA68280020C04988604860401E8F
:105220000860012048610020C8600861084601F05C
:1052300032FEB9486C38006800F0007008B10E20EA
:10524000D9E7002C21DDB4F5006F1EDC601E204084
:10525000D8B92046FFF7B6FF0090B148046010208F
:10526000AF494860402088600020C8604FF48060EB
:105270000861084601F0E3FD1020FFF744F982467B
:10528000BAF1000F03D05046B5E72620B3E70098E7
:105290000001A2498860084644604FF0FF30086072
:1052A000012048610220C86000200861084601F022
:1052B000F2FD9B48076011209949486040208860B2
:1052C0000020C8604FF480600861084601F0B7FD17
:1052D0001120FFF718F98246BAF1000F01D05046AD
:1052E00089E79048007800285AD1FAF7CEFF17E0F6
:1052F0004FF4004001F036FE70B14FF0000B05E0B6
:105300008548006845F82B000BF1010BBBF1080F35
:10531000F6D32035844E03E00EB904206BE7761EE9
:105320007D484C38006840F22A6108400028DFD0F0
:10533000082001F017FE20B1082001F01EFE042015
:1053400059E7022001F00EFE20B1022001F015FE07
:10535000022050E7202001F005FE20B1202001F0BE
:105360000CFE062047E74FF4007001F0FBFD28B16A
:105370004FF4007001F001FE07203CE703E06648AF
:10538000006828602D1D4FF4001001F0EBFD00288F
:10539000F5D1FAF77CFF40F2FF5001F0EEFD39E065
:1053A00060480078012835D10020604908706049C4
:1053B00008706049087058484438006840F22A3143
:1053C000084355494439086053485438006840F050
:1053D0000800514954390860002221464846FFF729
:1053E000B6FE00E0761E4B485838006800F00060BA
:1053F00038B95048007820B94C48007808B9002ED8
:10540000F0D10EB90420F6E64848007810B14748BC
:1054100090F800A05046EEE62DE9FF5F174698464B
:10542000DDE90E464FF00009CA464FF0FF3542490C
:1054300000980860002038495439086033480078E3
:10544000022805D10402780A40EAC8574FEA6828C2
:105450000020324988604860401E08600120486191
:105460000020C8600861084601F015FD2A486C3824
:10547000006800F0007018B10E2004B0BDE8F09F85
:10548000002C21DDB4F5006F1EDC601E2040D8B971
:105490002046FFF797FE83462148046010202049EC
:1054A0004860402088600020C8604FF48060086138
:1054B000084601F0C4FC1020FFF725F88146B9F139
:1054C000000F03D04846D8E72620D6E7012E6ED934
:1054D00006FB04F0B0F1007F01D32620CDE74FEAB0
:1054E0000B100E49886006FB04F048604FF0FF3057
:1054F0000860012048610220C86000200861084659
:1055000001F0C9FC06480760122017E01C000020CB
:10551000E812002058640240802C0140AC120020A8
:105520009812002024000020FFFF7F0026000020AA
:10553000250000202700002028000020F9494860AD
:10554000402088600020C8604FF4806008610846F1
:1055500001F075FC1220FEF7D6FF8146B9F1000F6D
:1055600001D0484689E7F048007800287ED1FAF754
:105570008CFE1EE04FF4004001F0F4FCA0B14FF0AF
:10558000000A07E0E9480068E949096841F82A008B
:105590000AF1010ABAF1080FF4D3E5480068203097
:1055A000E3490860E34D04E015B9042065E7AEE087
:1055B0006D1EDE484C38006840F22A310840002851
:1055C000D8D0082001F0CEFC20B1082001F0D5FC95
:1055D000042052E7022001F0C5FC20B1022001F0B6
:1055E000CCFC022049E7202001F0BCFC20B12020A7
:1055F00001F0C3FC062040E74FF4007001F0B2FC5C
:1056000028B14FF4007001F0B8FC072035E709E03D
:10561000C6480068C64909680860C5480068001D9A
:10562000C34908604FF4001001F09CFC0028EFD142
:105630004FF4807001F096FC20B3BF48007838B179
:10564000BD480078012803D0BB480078022819D152
:105650000020B44908600C20486040208860002089
:10566000C8604FF480600861084600E011E001F076
:10567000E6FB0C20FEF747FF8146B9F1000F01D091
:105680004846FAE6FAF703FE40F2FF5001F075FCD7
:105690003DE0A5480078012839D10020A7490870CD
:1056A0000120A74908700020A64908709F48443887
:1056B000006840F22A3108439C49443908609B48FD
:1056C0005438006840F0080098495439086006FBD7
:1056D00004F100220098FFF73AFD00E06D1E9A48A1
:1056E000006800F0006008B9002DF7D10DB9042062
:1056F000C3E600BF9348007818B9904800780028A6
:10570000F8D08E48007810B18C4890F80090484648
:10571000B3E61CB504460020019000908B48008839
:105720000004804908600D20486040208860002007
:10573000C8604FF480600861084601F080FB7B4838
:105740004C380068009003E078484C3800680090BE
:10575000009800F045000028F6D0012001F002FC7E
:1057600020B1012001F009FC01201CBD042001F042
:10577000F9FB20B1042001F000FC0320F5E76B48A1
:10578000703800680D2801D01020EEE740F2FF507D
:1057900001F0F3FB65486C38006801900198C0F394
:1057A000432020700020E0E72DE9FF5F86B0174618
:1057B0009846149D00260020059004900024814600
:1057C0000390824602900195DDF818B0DDF818B01C
:1057D000BBF1000F03D126200AB0BDE8F09F0020E6
:1057E0005249543908605A4988604860401E086030
:1057F000012048610020C8600861084601F04BFBA9
:105800004A486C38006800F0007008B10E20E3E7E9
:1058100049480078022805D10502780A40EAC857AD
:105820004FEA6828002D1FDDB5F5006F1CDC681EEF
:105830002840C8B92846FFF7C5FC059039480560DF
:10584000102038494860402088600020C8604FF42C
:1058500080600861084601F0F2FA1020FEF753FE5E
:1058600006461EB13046B7E72620B5E73748008820
:1058700000042C4908600D2048604020886000200A
:10588000C8604FF480600861084601F0D8FA0D2026
:10589000FEF739FE06460EB130469DE723486C38C8
:1058A000006803904FF0FF341CE0641E2748008816
:1058B00000041C4908600D204860402088600020DA
:1058C000C8604FF480600861084601F0B8FA0D2006
:1058D000FEF719FE06460EB130467DE713486C38D8
:1058E00000680390039800F4807008B9002CDCD1A4
:1058F0000CB9292070E70B48076018200949486057
:10590000402088600020C8604FF48060086108462D
:1059100001F095FA1820FEF7F6FD0646D6B130469E
:105920005AE700009812002024000020802C01403B
:1059300028000020FFFF7F001C0000202600002020
:1059400025000020270000200064024020000020E5
:10595000AC1200200020F849087005980001F749B2
:105960008860084645604FF0FF30086001204861BC
:105970000020C8600861084601F08DFA4FF0FF343E
:10598000EF48007800287CD1FAF77FFC43E04FF421
:10599000804001F0E7FAC8B30198A0EB0900202885
:1059A00021D20198A0EB090000F0030020B9019872
:1059B000A0EB0900800804E00198A0EB0900800832
:1059C000401C02904FF0000A09E0DE49DBF80000BD
:1059D00008600AF1010A0BF1040B09F104090298AD
:1059E0008245F2D30FE04FF0000A05E05BF82A0091
:1059F000D44908600AF1010ABAF1080FF6D30BF195
:105A0000200B09F120096FF0404404E0FFE70CB9D6
:105A10000420E1E6641ECB484C38006840F21A616D
:105A200008400028B3D0082001F09CFA20B10820DB
:105A300001F0A3FA0420CFE6022001F093FA20B18E
:105A4000022001F09AFA0220C6E6102001F08AFA3C
:105A500020B1102001F091FA0520BDE64FF400704E
:105A600001F080FA30B14FF4007001F086FA07209F
:105A7000B2E606E0FAF70BFC40F2FF5001F07DFAC7
:105A800043E0AF48007801283FD10020AE490870BC
:105A9000A9490870AD490870AA484438006840F226
:105AA0001A310843A749443908604022294606981C
:105AB000FFF74DFBA3485438006840F00800A149A7
:105AC0005439086000E0641EA148006800F00060DE
:105AD00008B9002CF7D11CB9FFF78CFA04207BE63B
:105AE0004FF0FF3400E0641E9848007820B99648D3
:105AF000007808B9002CF6D10CB904206CE6924865
:105B0000007810B19048007866E640F2FF5001F04E
:105B100034FA04A8FFF7FDFD064603E004A8FFF7EA
:105B2000F8FD06463EB99DF810000728F6D09DF80E
:105B300010000628F2D030464EE62DE9FF5F84B013
:105B4000DDE91247002600200390029000258046E0
:105B50008146019007FB04FBDDF810A0DDF810A0E2
:105B6000BAF1000F03D1262008B0BDE8F09F002055
:105B7000744954390860714988604860401E086063
:105B8000012048610020C8600861084601F083F9DF
:105B90006C486C38006800F0007008B10E20E3E734
:105BA0006C480078022808D10402DDE90601400AA9
:105BB00040EAC1504912CDE90601002C1FDDB4F5C1
:105BC000006F1CDC601E2040C8B92046FFF7FAFABF
:105BD00003906148046010205F494860402088605D
:105BE0000020C8604FF480600861084601F027F982
:105BF0001020FEF788FC06461EB13046B4E726208A
:105C0000B2E7012F6FD907FB04F0B0F1007F01D399
:105C10002620A9E74F48007838B14E48007801287F
:105C200003D04C48007802282DD14C48008800044D
:105C30004949086037204860402088600020C860DB
:105C40004FF480600861084601F0F9F83720FEF74C
:105C50005AFC06460EB1304686E73F4807601720DB
:105C60003D494860402088600020C8604FF4806053
:105C70000861084601F0E3F81720FEF744FC0646E9
:105C80000EB1304670E73449069808601920486024
:105C9000402088600020C8604FF48060086108469A
:105CA00001F0CDF81920FEF72EFC06460EB1304665
:105CB0005AE7039800012149886007FB04F0486017
:105CC0004FF0FF300860012048610020C860086183
:105CD000084601F0E0F81A480078002872D1451E05
:105CE000FAF7D3FA54E0F8E04FF4804001F03AF9C3
:105CF000B0B3ABEB0800202833D2ABEB080000F0C8
:105D0000030018B9ABEB0800800803E0ABEB080018
:105D10008008401C01904FF0000909E00949DAF8B9
:105D20000000086009F101090AF1040A08F10408F9
:105D300001988145F2D324E025000020AC12002018
:105D400024000020802C0140260000202700002095
:105D5000006402401C000020981200202000002057
:105D600012E04FF0000905E05AF82900F7490860F1
:105D700009F10109B9F1080FF6D30AF1200A08F177
:105D800020086FF0404503E00DB90420ECE66D1EDD
:105D9000EE484C38006840F21A3108400028A3D081
:105DA000082001F0DFF820B1082001F0E6F8042017
:105DB000DAE6022001F0D6F828B1022001F0DDF881
:105DC0000220D1E640E0102001F0CCF820B11020F4
:105DD00001F0D3F80520C7E64FF4007001F0C2F8D7
:105DE00028B14FF4007001F0C8F80720BCE64FF46A
:105DF000807001F0B7F800B3D548007838B1D448C6
:105E00000078012803D0D2480078022815D100205C
:105E1000D04908600C204860402088600020C8609D
:105E20004FF480600861084601F009F80C20FEF785
:105E30006AFB06460EB1304696E6FAF728FA40F2BB
:105E4000FF5001F09AF848E0C3480078012844D197
:105E50000020C24908700120C14908700020C149D2
:105E60000870BA484438006840F21A310843B7490C
:105E70004439086007FB04F140220498FFF767F9F2
:105E8000B2485438006840F00800B04954390860FE
:105E90004FF0FF3500E06D1EB348006800F0006071
:105EA00008B9002DF7D11DB9FFF7A4F804205BE66F
:105EB0004FF0FF3500E06D1EAA48007820B9A748D2
:105EC000007808B9002DF6D10DB904204CE6A3489E
:105ED000007810B1A148007846E640F2FF5001F08A
:105EE0004CF802A8FFF715FC064603E002A8FFF7EE
:105EF00010FC06463EB99DF808000728F6D09DF82C
:105F000008000628F2D030462EE610B54FF4807017
:105F100001F028F888B392480078012814D10020B5
:105F20008C4908600C204860402088600020C860D0
:105F30004FF480600861084600F081FF0C20FEF7F6
:105F4000E2FA8649087002E00020844908707F4820
:105F50004838006840F480707C4948390860081D62
:105F600000684CF23A31884378494439086001208E
:105F70007C4908707948007810BDFFE7022000F0E6
:105F8000F1FF78B1022000F0F8FF70484438006853
:105F90004CF23A3188436D494439086002206F4918
:105FA0000870E9E7082000F0DDFF78B1082000F074
:105FB000E4FF6648443800684CF23A31884363494C
:105FC00044390860042065490870D5E7202000F0B6
:105FD000C9FF78B1202000F0D0FF5C484438006849
:105FE0004CF23A31884359494439086006205B49EC
:105FF0000870C1E7102000F0B5FF78B1102000F064
:10600000BCFF5248443800684CF23A3188434F494B
:1060100044390860052051490870ADE74FF400701D
:1060200000F0A0FF80B14FF4007000F0A6FF4748D9
:10603000443800684CF23A31884344494439086096
:1060400007204649087097E7002095E710B5FFF74D
:106050005CFF10BD70B50446002514B926252846FE
:1060600070BD4248008800043A4908600D2048602D
:10607000402088600020C8604FF4806008610846B6
:1060800000F0DDFE0D20FEF73EFA05460DB1284674
:10609000E6E72E486C38006820602846E0E708B53F
:1060A000002000906846FFF7D5FF08B1FF2008BD2B
:1060B0000098C0F34320FAE72DE9FE4F83460C46D3
:1060C000914600200290002625462C46700240EAA8
:1060D000D5566D020BF00300F0B14FF0000A18E046
:1060E0004FF4007000904FEA4A20471946EBE073E6
:1060F0003A461F48FFF76FF802904FF400721C49B0
:10610000584608F081F90BF5007B0AF1010000F018
:10611000FF0ACA45E4DB16E0B9F1010F09D14FF4DB
:1061200000702A46334600905846FFF754F8029014
:1061300009E04FF400702A463346CDE9000958467D
:10614000FFF76AF902900298BDE8FE8F802C0140AB
:106150001C000020981200202400002026000020AF
:1061600025000020270000200064024020000020BD
:10617000401300202DE9FE4F81460C469246002038
:106180000290002625462C46700240EAD5566D0244
:1061900009F00300F0B14FF0000B18E04FF400726B
:1061A0004946194808F030F94FF4007000904FEA62
:1061B0004B20471946EBE0733A461348FFF7F4FAD1
:1061C000029009F500790BF1010000F0FF0BD345B7
:1061D000E4DB16E0BAF1010F09D14FF400702A4652
:1061E000334600904846FFF7DFFA029009E04FF48B
:1061F00000702A463346CDE9000A4846FFF79DFC69
:1062000002900298BDE8FE8F4013002010B50446AE
:106210006FF0040000F092F9E11704EB5171C1F343
:10622000C701394A11701046007800EB4001C1EBFC
:10623000C0104FF6FF7101EAC0003449088010BD5C
:106240000146314A12784A434FF0E0235A61002256
:106250009A611A46126942F001021A6100BF4FF0BA
:10626000E022106900F001021AB100F48032002A25
:10627000F5D04FF0E022126922F001024FF0E02346
:106280001A6100229A6170470146204A12884A43E7
:106290004FF0E0235A6100229A611A46126942F0D7
:1062A00001021A6100BF4FF0E022106900F0010204
:1062B0001AB100F48032002AF5D04FF0E0221269C2
:1062C00022F001024FF0E0231A6100229A61704728
:1062D00070B504464FF4077094FBF0F0C6B24FF46B
:1062E000077094FBF0F100FB114085B205E04FF41C
:1062F0000770FFF7C9FF701EC6B2002EF7D115B1A7
:106300002846FFF7C1FF70BD2C0000202E000020A2
:1063100000BF704700BF4C4A128802F04002002ABA
:10632000F9D0C2B2484B9A80704710B588B0044685
:106330000121084601F016F80121102001F06CF847
:1063400007220921414800F028FA07220A213F4884
:1063500000F023FA4FF4C060069002208DF81C0074
:106360008DF81D0000208DF81E0001208DF81F0003
:1063700006A9364800F086F902940020ADF80C001A
:10638000ADF80E00ADF81000ADF814000C20ADF81B
:10639000120002A92C4801F0A0F901212A4801F0BD
:1063A00024FA012240F22551274801F0D4FA252091
:1063B0008DF8040003208DF805008DF806000120FB
:1063C0008DF8070001A800F06CF808B010BD10B5FA
:1063D00040F225511C4801F0F9FA10B31A4801F0B7
:1063E00033FAC4B21A48008800F40040C8B918480B
:1063F000008800F4804060B10A2C03D000201449CA
:10640000088020E01248008840F4004010490880CD
:1064100019E00D2C06D10E48008840F480400C494C
:10642000088010E00A480088C0F30D0009490C54A8
:1064300007480088401C0649088008460088C7288D
:1064400001DD0020088010BD001001400000024066
:1064500034000020401500200948804709480047C3
:10646000FEE7FEE7FEE7FEE7FEE7FEE7FEE7FEE704
:10647000FEE7FEE704480549054A064B7047000061
:106480003507000889010008E0BF0120E0C50120B0
:10649000E0C10120E0C1012032490143324A1160CC
:1064A000704770B5002100230F22C4781CB32E4C16
:1064B000246804F4E064C4F5E064C4F30721C1F186
:1064C0000404E3B20A4144789C40E1B28478144069
:1064D00021430C07210E254C05786155047804F002
:1064E0001F050124AC4005786D11AD0005F1E025D4
:1064F000C5F8004109E0047804F01F050124AC4010
:106500001B4D0678761145F8264070BD194A0A40A1
:106510000243154B1B1F1A60704739B1124A121DF6
:1065200012680243104B1B1D1A6006E00E4A121D32
:10653000126882430C4B1B1D1A607047042808D157
:106540004FF0E021096941F004014FF0E0221161B0
:1065500007E04FF0E021096921F004014FF0E0224B
:10656000116170470000FA050CED00E000E400E066
:1065700080E100E080FFFF1F10B504469848844288
:1065800008D10121084600F058FF0021012000F049
:1065900054FF76E09348844208D10121022000F0A4
:1065A0004CFF0021022000F048FF6AE08E48844240
:1065B00008D10121042000F040FF0021042000F058
:1065C0003CFF5EE08948844208D10121082000F0A8
:1065D00034FF0021082000F030FF52E0844884425C
:1065E00008D10121102000F028FF0021102000F028
:1065F00024FF46E07F48844208D10121202000F09A
:106600001CFF0021202000F018FF3AE07A48844265
:1066100008D10121402000F010FF0021402000F0AF
:106620000CFF2EE07548844208D10121802000F043
:1066300004FF0021802000F000FF22E07048844227
:1066400008D10121801500F0F8FE0021A01500F00E
:10665000F4FE16E06B48844208D10121401500F099
:10666000ECFE0021601500F0E8FE0AE06648844276
:1066700007D10121001500F0E0FE0021201500F0F7
:10668000DCFE10BDF0B50A4600210023002400BF47
:106690003DE0012505FA01F3156805EA03049C4273
:1066A00034D105684F000326BE40B5430560157917
:1066B0004E00B5400668354305601579012D02D0BE
:1066C0001579022D16D185684F000326BE40B543CB
:1066D000856055794E00B5408668354385604568CC
:1066E00001268E40B5434560456896798E40B6B226
:1066F00035434560C5684F000326BE40B543C560BD
:10670000D5794E00B540C6683543C560491C10298F
:10671000BFD3F0BD4FF6FF710160002101714171DF
:106720008171C171704708B54FF480320092009AB0
:106730000A430092009AC261C161009AC261C269B3
:106740000092C269009208BD0246002013690B4006
:106750000BB1012000E0002070470146086980B2BB
:1067600070470246002053690B400BB1012000E046
:10677000002070470146486980B270470183704726
:10678000418370470AB1018300E041837047416152
:10679000704742694A4042617047F0B500230024C7
:1067A0004D07ED0E02FA05F3CE1000F1200555F865
:1067B00026504E07F70E0F26BE40B543CF1000F10E
:1067C000200646F82750CE1000F1200555F8265037
:1067D00045EA0304CE1000F1200545F82640F0BD3F
:1067E000000002400004024000080240000C024089
:1067F000001002400014024000180240001C024039
:1068000000200240002402400028024030B943F238
:10681000DB028100A1F1C0410A6005E043F2D2022F
:106820008100A1F1C0410A606FF07042411C8900F3
:10683000A1F1C0410A608100A1F1C041C1F8042169
:106840007047D0E901121143C26811430269114334
:106850004269114382691143C2691143026A1143BB
:10686000426A1143826A1143C26A1143026B1143A7
:1068700002689200A2F1C0421160816808290BD120
:1068800001688900A1F1C041096841F04002016836
:106890008900A1F1C0410A60416B0968426B5268EE
:1068A00041EA0211426B926841EA0221426B9289ED
:1068B00041EA0241426B128A41EA0251426B127D67
:1068C00041EA0261426B926911430268521C9200D4
:1068D000A2F1C0421160C16AB1F5804F1BD1816B3A
:1068E0000968826B526841EA0211826B926841EA40
:1068F0000221826B128A41EA0251826B127D41EAC7
:106900000261826B9269114302689200A2F1C04257
:10691000C2F8041107E06FF0704201688900A1F12C
:10692000C041C1F80421704700210160022141608B
:1069300000218160C160016141618161C1610162C9
:106940004FF480514162490081620021C1620163BC
:10695000F84941638163704751B18200A2F1C0429E
:10696000126842F001038200A2F1C042136009E004
:106970008200A2F1C0421268EF4B1A408300A3F1DB
:10698000C0431A60704710280AD118214FF02042E6
:106990001166402151664FF0FC319166D16610E0DE
:1069A0001821E64A116040214FF02042C2F88410BD
:1069B0004FF0FC31E14A083211604FF02042C2F83A
:1069C0008C10704730B5002100220023446844F049
:1069D000080485682C43C5682C4305692C43456928
:1069E00044EA4524856944EA4531C4692468C56997
:1069F0006D6844EA0524C5692D8944EA0544C569E2
:106A00002D7B44EA0562046A2468056A6D6844EADD
:106A10000524056A2D8944EA0544056A2D7B44EA6C
:106A200005630468102C05D14FF020442166A2664E
:106A3000E36608E0C14C21604FF02044C4F8882090
:106A4000BE4C0C34236030BD102101600021416038
:106A50008160C160016141618161FC21C269116095
:106A6000C2695160C2699160C269D160026A1160F5
:106A7000026A5160026A9160026AD160704799B1FE
:106A8000102808D14FF02042126E42F004024FF05D
:106A900020431A661DE0A94A126842F004024FF032
:106AA0002043C3F8802014E0102809D14FF0204281
:106AB000126EA14BDB1E1A404FF020431A6608E00D
:106AC0009E4A12689C4BDB1E1A404FF02043C3F8CD
:106AD0008020704799B1102808D14FF02042126EE3
:106AE00042F040024FF020431A661DE0934A1268BC
:106AF00042F040024FF02043C3F8802014E01028F9
:106B000009D14FF02042126E8B4B3F3B1A404FF0A1
:106B100020431A6608E0894A1268874B3F3B1A40B7
:106B20004FF02043C3F88020704701460020102911
:106B300003D14FF02042506F02E0804A14321068B7
:106B4000704718207D492031086000200906C1F8EF
:106B5000A4004FF0FC30794928310860091D086015
:106B6000091D08607047016841F01001426841EA60
:106B70004221826841EA4231704A20321160C16884
:106B80000968C268526841EA0221C268128941EA72
:106B90000241C268127B41EA0261684A28321160F0
:106BA000016909680269526841EA02210269128991
:106BB00041EA02410269127B41EA02615F4A2C32DA
:106BC0001160416909684269526841EA02214269DB
:106BD000128941EA02414269127B41EA02614FF0A7
:106BE0002042C2F8B010704700210160416081600E
:106BF000FC21C2681160C2685160C2689160C268BD
:106C0000D160026911600269516002699160026994
:106C1000D160426911604269516042699160426984
:106C2000D160704748B145492031096841F00401FD
:106C30004FF02042C2F8A01009E040492031096815
:106C40003D4AD21E11404FF02042C2F8A0107047BA
:106C500010B5F2B1102807D14FF020435B6E0B4303
:106C60004FF02044636632E0B0F5807F08D1334BAB
:106C70001B1D1B680B434FF02044C4F8843026E0F2
:106C80002E4B24331B680B434FF02044C4F8A43030
:106C90001DE0102807D14FF020435B6E8B434FF06F
:106CA0002044636613E0B0F5807F08D1234B1B1DA1
:106CB0001B688B434FF02044C4F8843007E01F4B1F
:106CC00024331B688B434FF02044C4F8A43010BD1C
:106CD00010B5024600200023102A03D14FF02044B3
:106CE000636E09E0B2F5807F03D1144C241D236844
:106CF00002E0124C2434236803EA01040CB10120A1
:106D000000E0002010BD102807D14FF02042526E45
:106D10008A434FF020435A6619E0B0F5807F0FD1C7
:106D2000064A121D12688A434FF02043C3F884209C
:106D30000DE0000064020108FEFF0F00800000A0CB
:106D4000234A12688A434FF02043C3F8A4207047B7
:106D500070B502460020002300240025102A03D12C
:106D60004FF02046736E08E0B2F5807F03D1184ED5
:106D7000203E336801E0164E336803EA010403EA5B
:106D8000D10514B10DB1012000E0002070BD102824
:106D900008D14FF02042526E22EAD1024FF0204338
:106DA0005A6614E0B0F5807F09D1094A203A12688A
:106DB00022EAD1024FF02043C3F8842007E0044ABE
:106DC000126822EAD1024FF02043C3F8A420704792
:106DD000A40000A010B50121C80200F072FB002140
:106DE0004FF4006000F06DFB10BD00216C4A11688B
:106DF00047F6FF629143027D83681A4343681A4352
:106E0000C3681A4303681A4303691A431143644A67
:106E10001160704700210175016041608160C160AF
:106E2000016170475F49086070475D49091F08604C
:106E300070475B48001F006800F0030070470021A6
:106E4000574B1B1D02681A601A1D11686FF30A0167
:106E5000D0E901231A43C3681A4303691A43114353
:106E60004F4A083211607047002101604160816023
:106E7000C160016170474A480C300068C0B2704779
:106E800008B50146002000904548103008440090A5
:106E90000098006808BD0021414B203302681A6049
:106EA0001B1D42681A601A1D116821F0F701D0E914
:106EB00002231A4303691A4343691A431143384AA8
:106EC0002832116070474FF0FF31016000214160AE
:106ED0008160C16001614161704731482C300068B8
:106EE00070472F487C30006870472D497C3108601E
:106EF00070472B484430006870472B490860704742
:106F00002949091D08607047274908310860704702
:106F100025490C31086070472449086070472349AF
:106F2000091D0860704701218143204A0832116021
:106F300070471E490C31086070471B4914390860BE
:106F4000704739B1164A383212680243144B38334D
:106F50001A6006E0124A383212688243104B383306
:106F60001A607047014600200D4A303212680A400C
:106F70000AB1012000E0002070470949343108605F
:106F8000704701460020064A303212680A400AB1B2
:106F9000012000E00020704701493431086070474B
:106FA000042C0140A0802542A0852542AC812542C9
:106FB000F948006840F00100F74908600020F649F0
:106FC00008310860F4480068F4490840F249086054
:106FD000F348091D0860F348EF4984310860F04820
:106FE0001038091D0860EC48006820F48020EA4948
:106FF00008600020E8490C310860E7498C310860DE
:1070000070470021E44A921C1170114608707047C5
:1070100010B501460022002300204A11012A02D1A6
:10702000DD4C236808E0022A03D1DB4C703423686E
:1070300002E0D94C7434236801F01F02012494400B
:107040001C400CB1012000E0002010BD38B500202C
:1070500000900024002500BF3120FFF7D9FF05462E
:107060000098401C00900098B0F5A04F01D0002D72
:10707000F2D03120FFF7CCFF08B1012400E000245A
:10708000204638BD01460020C34A106820F0F800B1
:1070900040EAC10010607047C34908607047002192
:1070A000BD4A703211701170012802D004280AD133
:1070B00004E00121B84A7032117005E00521B64A9A
:1070C0007032117000E000BF00BF7047B749086020
:1070D000704770B5049C41EA82150126C6EB530641
:1070E00045EA0645054345EA0465AB4E361D356065
:1070F00070BDAD4908667047820142EA0172A64B35
:1071000084331A607047A8498866704710B58301B8
:1071100043EA016343EA02739F4C8834236010BD45
:10712000A14908677047A049C8647047024600201B
:10713000994B0833186820F0EC6042EA01031843C9
:10714000954B08331860704702460020924B083375
:10715000186820F0784042EA010318438E4B083348
:1071600018607047014600208B4A0832106820F0F2
:10717000030008431060704787480830006800F03B
:107180000C00704701460020834A0832106820F046
:10719000F000084310607047014600207E4A083224
:1071A000106820F4E050084310607047014600204A
:1071B000794A0832106820F4604040EAC10010604B
:1071C0007047F0B50021002200240225002602238A
:1071D000714F08373F6807F00C0121B1042905D031
:1071E000082937D105E0724F076036E0714F07601C
:1071F00033E0694F3F1D3F68C7F38056664F3F1D20
:107200003F6807F03F036EB16A4FB7FBF3F7DFF853
:1072100088C10CF1040CDCF800C0CCF3881C07FB1F
:107220000CF40CE0624FB7FBF3F7DFF86CC10CF124
:10723000040CDCF800C0CCF3881C07FB0CF4564FA0
:107240003F1D3F68C7F301477F1C7D00B4FBF5F786
:10725000076002E0564F076000BF00BF4E4F08377F
:107260003F6807F0F0010909534F7A5C0768D7407F
:107270004760494F08373F6807F4E051890A4E4F8D
:107280007A5C4768D7408760434F08373F6807F408
:107290006041490B484F7A5C4768D740C760F0BDF2
:1072A000002100F44072B2F5407F0AD13A4A083218
:1072B000116821F4F811414A02401143364A08325C
:1072C0001160354A70321268C0F30B031A43324B17
:1072D00070331A6070473549443908607047334944
:1072E0004039086070473649086070470146002001
:1072F000294A8C32106820F01F004A1E1043264A8B
:107300008C321060704701460020234A8C3210688E
:1073100020F4F8504A1E40EA02201F4A8C321060C6
:107320007047014600201C4A8C32106820F440103F
:1073300008431060704701460020174A8C321068DD
:1073400020F4400008431060704701460020124AB4
:107350008C32106820F4403008431060704719499F
:107360000860704739B10C4A3032126802430A4B48
:1073700030331A6006E0084A303212688243064B06
:1073800030331A607047F9B1034A3432126802434D
:10739000014B34331A601CE000380240FFFFF6EA6C
:1073A000103000240030002000004742800E474289
:1073B0000024F40000127A0036000020FFFCFF0FCA
:1073C0005C014742E01147428F4A126882438E4B6C
:1073D0001A60704739B18C4A121D126802438A4BF9
:1073E0001B1D1A6006E0884A121D12688243864BF4
:1073F0001B1D1A60704739B1834A0C321268024370
:10740000814B0C331A6006E07F4A0C3212688243CB
:107410007D4B0C331A60704739B17B4A10321268C9
:107420000243794B10331A6006E0774A1032126833
:107430008243754B10331A60704739B1724A243A4F
:1074400012680243704B243B1A6006E06E4A243AED
:10745000126882436C4B243B1A60704739B16A4A08
:10746000203A12680243684B203B1A6006E0664AE5
:10747000203A12688243644B203B1A60704739B14E
:10748000614A1C3A126802435F4B1C3B1A6006E0DB
:107490005D4A1C3A126882435B4B1C3B1A60704782
:1074A00039B1594A143A12680243574B143B1A60D7
:1074B00006E0554A143A12688243534B143B1A6053
:1074C000704739B1504A103A126802434E4B103B94
:1074D0001A6006E04C4A103A126882434A4B103B4D
:1074E0001A60704739B1484A1C3212680243464B51
:1074F0001C331A6006E0444A1C3212688243424B35
:107500001C331A60704739B13F4A20321268024377
:107510003D4B20331A6006E03B4A2032126882431A
:10752000394B20331A60704739B1374A2432126818
:107530000243354B24331A6006E0334A2432126882
:107540008243314B24331A60704739B12E4A2C32B2
:10755000126802432C4B2C331A6006E02A4A2C3264
:1075600012688243284B2C331A60704739B1264A7F
:10757000303212680243244B30331A6006E0224A4C
:10758000303212688243204B30331A607047012832
:1075900008D11D493C31096841F008011A4A3C32C2
:1075A000116007E018493C31096821F00801164ACA
:1075B0003C321160704739B1134A273A12780243BE
:1075C000114B273B1A7006E00F4A273A1278824384
:1075D0000D4B273B1A7070470B484030006840F055
:1075E0008070094940310860704701460020064A12
:1075F000283A12680A400AB1012000E000207047D2
:1076000001492639087070473438024010B50446E5
:10761000FA48844208D101211020FFF752FF0021CF
:107620001020FFF74EFF57E0F548844209D10121B1
:107630004804FFF735FF00214FF40030FFF730FF1B
:107640004AE0F048844209D101218804FFF728FF6D
:1076500000214FF48020FFF723FF3DE0EA488442F9
:1076600009D10121C804FFF71BFF00214FF40020BE
:10767000FFF716FF30E0E548844209D101210805F3
:10768000FFF70EFF00214FF48010FFF709FF23E002
:10769000DF48844208D101212020FFF712FF00219A
:1076A0002020FFF70EFF17E0DA48844209D10121BC
:1076B0008807FFF7F5FE00214FF08040FFF7F0FE4E
:1076C0000AE0D548844207D101214005FFF7E8FED2
:1076D00000216005FFF7E4FE10BD2DE9FF470546D8
:1076E0000E460024A14600BFA046B08900B100BFED
:1076F0002C8A24F44054F08804432C82AC8941F253
:107700000C608443B088318908437189084304437D
:10771000AC81AC8A24F44074B0890443AC826846DE
:10772000FFF74FFDB548854202D0B948854202D1E6
:10773000DDF80C9001E0DDF80890A88900F4004025
:1077400040B109EBC90000EB091031684900B0FBFA
:10775000F1F707E009EBC90000EB09103168890077
:10776000B0FBF1F76420B7FBF0F0040120096421BD
:1077700001FB1078A88900F4004040B1322000EBF2
:10778000C800B0FBF1F000F00700044308E032202D
:1077900000EB08106421B0FBF1F000F00F0004438F
:1077A0002C81BDE8FF874FF41651016000218180D4
:1077B000C18001810C21418100218181704710B578
:1077C00002460020108A20F470600B884C88234306
:1077D0008C882343CC8823431843108210BD00219A
:1077E000018041808180C180704721B1828942F44B
:1077F0000052828104E082894DF6FF731A40828133
:107800007047028B02F47F420283028B0A43028399
:10781000704721B1828942F40042828103E082896B
:10782000C2F30E028281704721B1828A42F4006263
:10783000828204E0828A4FF2FF731A40828270478C
:10784000C1F308028280704701468888C0F30800AF
:107850007047028A4FF6F0731A400282028A0A4386
:107860000282704721B1828942F00202828104E0E3
:1078700082894FF6FD731A408281704782894FF2E8
:10788000FF731A40828182890A4382817047028A8B
:107890004FF6DF731A400282028A0A43028270475F
:1078A00021B1028A42F48042028204E0028A4BF64D
:1078B000FF731A4002827047818941F00101818182
:1078C000704721B1828A42F00802828204E0828AF3
:1078D0004FF6F7731A4082827047028BD2B202834E
:1078E000028B42EA01220283704721B1828A42F070
:1078F0002002828204E0828A4FF6DF731A4082827D
:10790000704721B1828A42F01002828204E0828AAA
:107910004FF6EF731A4082827047828A4FF6FB73EC
:107920001A408282828A0A438282704721B1828A07
:1079300042F00202828204E0828A4FF6FD731A400E
:10794000828270471AB1838A0B43838202E0838A62
:107950008B4383827047F0B5034600240026002540
:10796000002040F66A17B94200D100BF1846C1F3A3
:10797000421401F01F06012707FA06F5012C01D178
:107980000C3004E0022C01D1103000E014301AB1A8
:1079900007682F43076002E00768AF430760F0BD48
:1079A00002460020B1F5007F00D100BF13880B40D4
:1079B0000BB1012000E00020704701F40072B2F525
:1079C000007F00D100BFCA430280704770B50246F5
:1079D000002400230025002040F66A16B14200D1A1
:1079E00000BFC1F3421501F01F03012606FA03F39D
:1079F000012D13D19689334017E00000001001409B
:107A00000044004000480040004C0040005000404E
:107A10000014014000780040007C0040022D02D19B
:107A2000168A334001E0968A33400C12012606FA8A
:107A300004F41688344013B10CB1012000E000209A
:107A400070BD10B50022002340F66A14A14200D197
:107A500000BF0A1201249440A3B2DC43048010BD8D
:107A6000016821F001010160002101604160816035
:107A7000C160016121214161DB49884204D13D217E
:107A8000D94A103A91608CE0D7491831884205D123
:107A90004FF47461D44A103A916082E0D249303197
:107AA000884205D14FF47411CF4A103A916078E0C2
:107AB000CD494831884205D14FF07461CA4A103A25
:107AC00091606EE0C8496031884204D1C749C64A16
:107AD000103AD16065E0C4497831884204D1C44984
:107AE000C14A103AD1605CE0BF499031884204D16C
:107AF000C049BD4A103AD16053E0BB49A831884221
:107B000005D14FF03D51B84A103AD16049E0BA4929
:107B1000884204D13D21B84A083A116041E0B64993
:107B20001831884205D14FF47461B34A083A1160A4
:107B300037E0B1493031884205D14FF47411AE4A73
:107B4000083A11602DE0AC494831884205D14FF028
:107B50007461A94A083A116023E0A749603188425C
:107B600004D1A249A44A121F11601AE0A249783137
:107B7000884204D19E49A04A121F116011E09E491B
:107B80009031884204D19B499B4A121F116008E042
:107B90009949A831884204D14FF03D51964A121FAD
:107BA0001160704710B500220268944B1A40CC68EF
:107BB0000B6823434C6923438C692343CC692343DB
:107BC0000C6A23434C6A23438C6A23434C6B234344
:107BD0008C6B23431A430260426922F00702D1E909
:107BE0000B3423431A4342610B6943604B68836043
:107BF0008B68C36010BD0021016041608160C1607D
:107C0000016141618161C161016241628162C16260
:107C1000016341638163704721B1026842F0010250
:107C2000026003E0026822F001020260704721B1A5
:107C3000026842F40042026003E0026822F400425B
:107C40000260704721B1026842F02002026003E046
:107C5000026822F0200202607047416070470146CE
:107C6000486880B2704722B1036843F40023036080
:107C700003E0036823F4002303600161704721B12E
:107C8000026842F48022026003E0026822F480224B
:107C9000026070470AB1016100E0C16070470146AF
:107CA00000200A6802F400220AB1012000E000204E
:107CB0007047014600200A6802F001020AB1012063
:107CC00000E000207047014600204A6902F03800B9
:107CD000704730B503460A4600200024464DAB42AB
:107CE00002D24149103901E04349103902F00055F0
:107CF0000DB14C6800E00C68414D2C4004EA0205CF
:107D00000DB1012000E0002030BD02463A4B9A42FE
:107D100002D23548103801E03748103801F00053DE
:107D20001BB1374B0B40C36002E0354B0B40836007
:107D3000704710B501F080034BB122B1436943F0A5
:107D40008003436103E0436923F08003436180299A
:107D50000BD02AB1036801F01E042343036004E042
:107D6000036801F01E04A343036010BD70B5024612
:107D7000002000240025204EB24202D21A4B103BB4
:107D800001E01D4B103B1F4E0E4036B11E2606EA89
:107D9000D124166806EA040502E0566906F080055B
:107DA00001F000560EB15C6800E01C68144E3440CF
:107DB00004EA010616B10DB1012000E0002070BDFB
:107DC00002460D4B9A4202D20748103801E00A4899
:107DD000103801F000531BB1094B0B40C36002E0A7
:107DE000074B0B4083607047106002403D0000204D
:107DF000400F002000003D20106402403F801CF036
:107E00007D0F7D0F3C0F3C0F10B50446FE488442A9
:107E100008D101210846FFF754FB00210120FFF79C
:107E200050FB9DE0B4F1804F08D101210846FFF7D7
:107E300037FB00210120FFF733FB91E0F348844238
:107E400008D101210220FFF72BFB00210220FFF7C0
:107E500027FB85E0EE48844208D101210420FFF78A
:107E60001FFB00210420FFF71BFB79E0E948844257
:107E700008D101210820FFF713FB00210820FFF79C
:107E80000FFB6DE0E448844208D101211020FFF788
:107E900007FB00211020FFF703FB61E0DF4884426D
:107EA00008D101212020FFF7FBFA00212020FFF755
:107EB000F7FA55E0DA48844208D101210220FFF7A1
:107EC00000FB00210220FFF7FCFA49E0D54884427C
:107ED00009D101210804FFF7F4FA00214FF48030A2
:107EE000FFF7EFFA3CE0D048844209D10121480471
:107EF000FFF7E7FA00214FF40030FFF7E2FA2FE036
:107F0000CA48844209D101218804FFF7DAFA002126
:107F10004FF48020FFF7D5FA22E0C548844208D10B
:107F200001214020FFF7BCFA00214020FFF7B8FAFA
:107F300016E0C048844208D101218020FFF7B0FA42
:107F400000218020FFF7ACFA0AE0BB48844207D149
:107F500001218015FFF7A4FA0021A015FFF7A0FA70
:107F600010BD00220288A84B98420ED0AC4B98421C
:107F70000BD0B0F1804F08D0A44B984205D0A44B51
:107F8000984202D0A34B984204D14FF68F731A4007
:107F90004B881A43A04B984207D0A04B984204D07C
:107FA0004FF6FF431A400B891A4302804B68C362A5
:107FB0000B880385944B984202D0994B984201D18B
:107FC0008B7A03860123838270474FF0FF31416033
:107FD0000021018001814180817270470185828288
:107FE00070470A46002101884FF68F7319401143EC
:107FF0000180704741627047C16270470146486A1C
:1080000070470146088D704721B1028842F0020294
:10801000028004E002884FF6FD731A400280704728
:1080200021B1028842F00402028004E002884FF687
:10803000FB731A400280704721B1028842F080022F
:10804000028004E002884FF67F731A400280704776
:1080500002884FF6F7731A40028002880A430280B2
:10806000704702884FF6FF431A40028002880A4395
:108070000280704721B1028842F00102028004E0D0
:1080800002884FF6FE731A400280704770B50024D4
:1080900000220023058C4FF6FE7635400584028CC5
:1080A0008388048B4FF68F752C40B51E2C400D88AD
:1080B0002C43751E2A408D892A434D882A43524DF0
:1080C000A84202D0564DA84213D14FF6F7752A4068
:1080D000CD892A434FF6FB752A408D882A434FF6F7
:1080E000FF652B404FF6FF552B400D8A2B434D8AE1
:1080F0002B43838004838D684563028470BD70B513
:10810000002400220023058C4FF6EF7635400584CD
:10811000028C8388048B48F6FF752C404FF6FF4590
:108120002C400D884FF6FF7606EA05252C434FF6C6
:10813000DF752A408D8906EA05152A434D8806EA2F
:1081400005152A43304DA84202D0354DA8421DD115
:108150004FF67F752A40CD894FF6FF7606EA051562
:108160002A434FF6BF752A408D8806EA05152A4333
:108170004FF6FF352B404FF2FF752B400D8A06EA74
:1081800085052B434D8A06EA85052B4383800483AE
:108190008D688563028470BD70B5002400220023C1
:1081A000058C4FF6FF6635400584028C8388848BEE
:1081B0004FF68F752C404FF6FC752C400D882C43E4
:1081C0004FF6FF552A408D894FF6FF7606EA0525C2
:1081D0002A434D8806EA05252A430B4DA84202D0C2
:1081E0000F4DA84238D14FF2FF752A40CD894FF686
:1081F000FF7606EA05252A434FF6FF352A408D888B
:1082000006EA05252A4319E0000001400004004069
:1082100000080040000C0040001000400014004026
:10822000000401400040014000440140004801407A
:1082300000180040001C0040002000404EF6FF7572
:108240002B404DF6FF752B400D8A06EA05152B4392
:108250004D8A06EA05152B43838084838D68C563A8
:10826000028470BD70B5002200230024058C4EF6F8
:10827000FF7635400584038C8488828B48F6FF7531
:108280002A404FF6FF452A400D884FF6FF7606EA52
:1082900005252A434DF6FF752B408D8906EA0535E5
:1082A0002B434D8806EA05352B43FE4DA84202D0EC
:1082B000FD4DA84208D14BF6FF752C400D8A4FF6B4
:1082C000FF7606EA85152C43848082838D680564D9
:1082D000038470BD002101804180818081608181A3
:1082E000C18101824182704770B50346002000249D
:1082F0001846183001258D40ACB21D8CA5431D8455
:1083000009B108290AD100EB610005684FF68F76A4
:10831000354005600568154305600FE00D1FC5F386
:108320004E052844056848F6FF7635400560056827
:108330004FF6FF7606EA02263543056070BD4163BD
:10834000704781637047C1637047016470470A4694
:108350000021018B4FF68F73194011430183704741
:108360000A460021018B48F6FF7319404FF6FF7350
:1083700003EA02231943018370470A460021818BD7
:108380004FF68F7319401143818370470A460021CD
:10839000818B48F6FF7319404FF6FF7303EA0223FF
:1083A0001943818370470A460021018B4FF6F7730A
:1083B00019401143018370470A460021018B4FF297
:1083C000FF7319404FF6FF7303EA02231943018339
:1083D00070470A460021818B4FF6F773194011430D
:1083E000818370470A460021818B4FF2FF73194049
:1083F0004FF6FF7303EA02231943818370470A464D
:108400000021018B4FF6FB73194011430183704724
:108410000A460021018B4FF6FF3319404FF6FF73D8
:1084200003EA02231943018370470A460021818B26
:108430004FF6FB7319401143818370470A460021B0
:10844000818B4FF6FF3319404FF6FF7303EA022387
:108450001943818370470A460021018B4FF67F73D1
:1084600019401143018370470A460021018BC1F373
:108470000E014FF6FF7303EA02231943018370478D
:108480000A460021818B4FF67F7319401143818387
:1084900070470A460021818BC1F30E014FF6FF732E
:1084A00003EA02231943818370470A460021018CA5
:1084B0004FF6FD7319401143018470470A460021AD
:1084C000018C4FF6F77319401143018470470A4637
:1084D0000021018C4FF6DF7319404FF6FF7303EA5A
:1084E00002131943018470470A460021018C4FF69C
:1084F0007F7319404FF6FF7303EA02131943018497
:1085000070470A460021018C4FF6FF5319404FF681
:10851000FF7303EA02231943018470470A460021CE
:10852000018C4FF2FF7319404FF6FF7303EA0223E9
:108530001943018470470A460021018C4DF6FF73F0
:1085400019404FF6FF7303EA023319430184704761
:1085500030B5002301248C40A3B2048C9C430484D6
:10856000048C02FA01F5ADB22C43048430BD30B561
:10857000002304248C40A3B2048C9C430484048C08
:1085800002FA01F5ADB22C43048430BD828B4FF268
:10859000FF331A408283828B4FF6FF7303EA012375
:1085A0001A4382837047F0B50C461546002100221D
:1085B0000026078C4EF6FF7C07EA0C070784818BA8
:1085C000028C4FF6FF7707EA043640F6FF47394042
:1085D0004FF6FF7707EA052739434FF6FF7707EA9B
:1085E0000337394345F6FF773A4046F480573A431C
:1085F00081830284F0BD828B4FF6F3731A4082832D
:10860000828B0A4382837047F0B50C4615460021E1
:1086100000220026078C4FF6FF6C07EA0C07078440
:10862000818B028C4FF6FF7707EA04264FF60C7712
:1086300039404FF6FF7707EA03172F4339434FF2CC
:10864000FF573A4046F480773A4381830284F0BD75
:10865000028B4FF2FF331A400283028B4FF6FF73F7
:1086600003EA01231A4302837047F0B50C4615460E
:10867000002100220026078C4FF6EF7C07EA0C074A
:108680000784018B028C4FF6FF7707EA041640F649
:10869000FF4739404FF6FF7707EA033739434FF674
:1086A000FF7703E0000001400004014007EA0527CE
:1086B00039434FF65F773A4046F010073A4301835B
:1086C0000284F0BD028B4FF6F3731A400283028BD3
:1086D0000A4302837047F0B50C461546002100227C
:1086E000068C4FF6FE773E400684018B028C4FF6D7
:1086F0000C7631407E1C06EA03162E4331434FF6BA
:10870000F576324044F00106324301830284F0BD25
:1087100070B505460C46208850B92389A288618827
:108720002846FFF7D8FFE1882846FFF7CBFF25E072
:10873000208804280AD12389A28861882846FFF767
:1087400094FFE1882846FFF783FF17E02088082878
:108750000AD12389A28861882846FFF755FFE1885E
:108760002846FFF748FF09E02389A2886188284648
:10877000FFF719FFE1882846FFF708FF70BD0021C9
:1087800001804180012181800021C18001817047E9
:108790002DE9F04105460C4600260127608808B9FE
:1087A000022600E00026A088012801D1022700E06F
:1087B00001272088A0B92389A28861882846FFF76D
:1087C0008AFFE1882846FFF77DFF23893A46314634
:1087D0002846FFF74AFFE1882846FFF739FF13E0F4
:1087E0002389A28861882846FFF73FFFE188284651
:1087F000FFF72EFF23893A4631462846FFF76BFFE5
:10880000E1882846FFF75EFFBDE8F0810146486B2E
:1088100070470146886B70470146C86B7047014638
:10882000086C70470A884B881A438B881A43CB8898
:108830001A430B891A434B891A438B891A43A0F8B0
:10884000442070470021018041808180C1800181E6
:1088500041818181704731B1B0F8442042F4004237
:10886000A0F8442005E0B0F84420C2F30E02A0F8BE
:108870004420704721B1828842F00402828004E0E3
:1088800082884FF6FB731A408280704721B182883C
:1088900042F00102828004E082884FF6FE731A40A3
:1088A000828070471AB183890B43838102E08389F8
:1088B0008B43838170478182704702460020138A70
:1088C0000B400BB1012000E000207047CA43028238
:1088D000704730B50246002000230024158A05EABF
:1088E0000103958905EA010413B10CB1012000E0F0
:1088F000002030BDCA430282704741EA0203A0F85B
:10890000483070471AB183890B43838102E0838921
:108910008B438381704721B1828842F008028280B4
:1089200004E082884FF6F7731A408280704701890D
:108930004FF6F8721140018170470A460021018903
:108940004FF68F73194011430181704730B50446CB
:108950000D4629462046FFF7F0FF208940F007002A
:10896000208130BD2DE9F04104460D4616461F46D4
:10897000602D06D13B46012231462046FFF775FEA9
:1089800005E03B46012231462046FFF7A4FE29467A
:108990002046FFF7D2FF208940F007002081BDE884
:1089A000F08130B50C4600210189C9B24FF6FF7540
:1089B00005EA0325154325432943018130BD2DE9EF
:1089C000F04105460E4617469846002443463A466F
:1089D00031462846FFF7E5FF2C894FF6F870044032
:1089E00044F007044FF68F70044044F070042C816B
:1089F000BDE8F081F0B504460D4616461F463B46DD
:108A0000324629462046FFF7CCFF208940F48040BB
:108A10002081F0BD82884FF68F731A408280828851
:108A20000A438280704702894FF6F8731A40028128
:108A300002890A430281704702894FF67F731A4008
:108A4000028102890A4302817047F0B50C4615463F
:108A50001E460021002200230189028B038C4FF661
:108A6000F877394021434FF6FC473A4040F201176E
:108A70003A434FF6DD773B404FF6FF7707EA06179C
:108A80002F433B43018102830384F0BD21B18288DF
:108A900042F08002828004E082884FF67F731A40A1
:108AA00082807047A0F850107047000010B504464F
:108AB000FB48844208D101218014FEF702FD002109
:108AC000A014FEF7FEFC3CE0F648844208D10121E8
:108AD0000014FEF7E5FC00212014FEF7E1FC30E075
:108AE000F148844208D10121C013FEF7D9FC0021CE
:108AF000E013FEF7D5FC24E0EC48844208D10121C4
:108B00004014FEF7DEFC00216014FEF7DAFC18E0EA
:108B1000E748844209D101210805FEF7D2FC002173
:108B20004FF48010FEF7CDFC0BE0E248844208D100
:108B300001214805FEF7C5FC00214FF40010FEF7A7
:108B4000C0FC10BD10B50022028802F441520B880F
:108B50004C8823438C882343CC8823430C892343AC
:108B60004C8923438C892343CC8923431A430280B5
:108B7000838B4FF2FF74234083830B8A038210BDE3
:108B80002DE9F04F0025022300244FF001090022B7
:108B90000026002794469046B0F81CA04FF2400BE8
:108BA0000AEA0B0AA0F81CA04FF0020AA0F820A0C5
:108BB000858BD1F808A0BAF1020F01D100BF82E085
:108BC000B1F804A0BAF1000F02D14FF0010901E0A1
:108BD0004FF00209DFF8E0A2DAF800A00AF4000A78
:108BE000BAF1000F09D0DFF8D0A2DAF800A02AF419
:108BF000000ADFF8C4B2CBF800A0DFF8BCA20AF18B
:108C00007C0ADAF800A0CAF3881CDFF8ACA20AF1EB
:108C10007C0ADAF800A0CAF30278DFF89CA2AAF175
:108C2000040ADAF800A00AF03F07DFF88CA2AAF1E4
:108C3000040ADAF800A00AF4800ABAF5800F08D115
:108C4000DFF878A2BAFBF7FA0AFB0CFABAFBF8F6DF
:108C500007E0DFF86CA2BAFBF7FA0AFB0CFABAFBE2
:108C6000F8F6B1F806A0BAF5007F0ED14FEA162A41
:108C70000AEB8A0A4FEA4A0AD1F808B0BAFBFBFAB3
:108C80000AF1050A1FFA8AF20FE04FEA491AB6FB09
:108C9000FAFA0AEB8A0A4FEA4A0AD1F808B0BAFB94
:108CA000FBFA0AF1050A1FFA8AF24FF00A0AB2FB30
:108CB000FAF202F00104A2EB040ACAF34F034FF6E2
:108CC000FF7A0AEA0424022B01DBFF2B01DD0223D9
:108CD0000024B1F806A04AEA040A4AEA030AA0F806
:108CE00020A0B1F804A0B1F80CB04AEA0B0AB1F820
:108CF00002B04AEA0B0AB1F800B04AEA0B0A4AF499
:108D0000006A4AEA05058583BDE8F08F00210180ED
:108D100041808180C180018141818181C1810721A0
:108D2000018270470021018041808180C180022141
:108D3000816000218181704721B1028842F04002A8
:108D4000028004E002884FF6BF731A400280704729
:108D500021B1828B42F48062828304E0828B4FF6E1
:108D6000FF331A408283704702884FF2FF731A4024
:108D7000028002880A4302807047B1F5804F04D117
:108D8000028842F48042028004E002884BF6FF73BE
:108D90001A40028070474FF6FF62914204D0028869
:108DA00042F48072028004E002884FF6FF631A40AA
:108DB0000280704721B1828842F00402828004E080
:108DC00082884FF6FB731A408280704721B18288F7
:108DD00042F01002828004E082884FF6EF731A405E
:108DE0008280704730B500220023848B4FF240050B
:108DF0002C40848302240484828B0C88B4F5007F89
:108E000001D00C8814B94FF4807308E00C88B4F5D5
:108E1000407F03D00C88B4F5807F00D100238C887C
:108E20008D892C434D882C431C4344F40064224319
:108E3000828330BD0146888970478181704721B1A6
:108E4000028842F40052028004E002884DF6FF736B
:108E50001A4002807047018841F4805101807047B8
:108E600002460020012901D0108B00E0908A704753
:108E70000146088A70471AB183880B43838002E059
:108E800083888B438380704730B5002400230C1106
:108E90000125A540ABB2AAB185881D43858014E0A9
:108EA0000030014000380040003C004000340140E8
:108EB00000500140005401400838024000127A007E
:108EC0000024F40085889D43858030BD0246002043
:108ED00013890B400BB1012000E000207047CA430A
:108EE00002817047F0B502460020002400230025CF
:108EF00001F00F070126BE40B4B20B1101269E40BF
:108F0000B3B2968806EA03051689264016B10DB15C
:108F1000012000E00020F0BD10B5002201F00F0498
:108F20000123A3409AB2D343038110BD70B5034619
:108F30000C4603E014F8015B03F8015B151EA2F177
:108F40000102F7D170BD30B5034601E003F8011B03
:108F5000141EA2F10102F9D130BD10B504467A49C0
:108F600051F824104A00794951F824000021FFF7F4
:108F7000EAFF774951F8242074490C3951F824004C
:108F80000021FFF7E0FF012170480C30015510BDB2
:108F900010B501460023002207E06C4850F821007C
:108FA00030F8120000B15B1C521C674850F82100D9
:108FB0009042F2D864205843634C54F82140B0FBEF
:108FC000F4F0C0B210BD2DE9F04704460F4600256D
:108FD000A9465E480C30005D20B95C481438016831
:108FE000204688471FB94FF0FF30BDE8F087594849
:108FF00050F82400B7FBF0F6564850F82400B7FBB1
:10900000F0F100FB117000B1761C4F4850F82400BD
:10901000451E20E04D4850F8240030F8150010B9E6
:1090200009F1010901E04FF00009B14512D14FF0FB
:10903000000808E0454850F8240005EB080220F835
:10904000126008F10108B045F4D3424850F82400FA
:109050006843CAE76D1E002DDCDA4FF0FF30C4E72D
:109060002DE9F04104460E4638480C30005D38B911
:10907000364814380168204688470120BDE8F08151
:10908000334850F82400B04217D9324850F8240031
:10909000B6FBF0F12D4850F8240030F811200025DF
:1090A00007E00023294850F824004F1920F8173012
:1090B0006D1C9542F5DB0020E0E70220DEE770B58D
:1090C00005460C4604B970BD20480C3850F8250000
:1090D000261A31462846FFF7C3FF00BFF3E770B5F5
:1090E00004460E4631462046FFF76DFF0546681CD4
:1090F00008B9002070BD15480C3850F824002844E9
:10910000F8E72DE9F04104460F4616463146204661
:10911000FFF759FF0546681C10B90020BDE8F08133
:109120000A490C3951F82410481932463946FFF7DC
:10913000FDFE39462046FFF7C2FF04480C3850F8C0
:1091400024002844EAE70000800201085C000020B7
:10915000980201088C02010810B58CB004461E2349
:109160000BAA03A9204600F0A9FE0090009810B1B8
:1091700001200CB010BD9DF82C00044400200B9081
:109180000EE040489DF82C2050F8221003A800F073
:10919000FDFD00B908E09DF82C00401CC0B20B900A
:1091A0009DF82C000728ECD300BF9DF82C00072861
:1091B00063D2DFE800F004053C5E6564630000BF35
:1091C00031A004F075FF31A004F072FF3FA004F05D
:1091D0006FFF4EA004F06CFF5CA004F069FF6BA071
:1091E00004F066FF79A004F063FF86A004F060FF3E
:1091F0008BA004F05DFF90A004F05AFF94A004F04F
:1092000057FF99A004F054FF9EA004F051FFA4A0C2
:1092100004F04EFFB0A004F04BFFBDA004F048FFE7
:10922000C8A004F045FFD4A004F042FF9AE216A0C3
:1092300004F03EFFE0A004F03BFF00200B900EE0A6
:10924000ED4800689DF82C2000EBC2004168EBA0BF
:1092500004F02EFF9DF82C00401CC0B20B90E64895
:10926000007D9DF82C108842EADC07A004F020FF66
:1092700078E205A004F01CFFC4E171E245E219E2C6
:10928000ECE100006C0000200D0A00002D2D2D2DBA
:109290002D2D2D2D2D2D2D2D2D2D2D2D2D2D2D2DFE
:1092A0002D2D2D2D55534D4152542056332E312DF9
:1092B0002D2D2D2D2D2D2D2D2D2D2D2D2D2D2D2DDE
:1092C0002D2D2D2D2D2D2D200D0A000020202020AC
:1092D00055534D415254CAC7D3C9414C49454E54C8
:1092E000454BBFAAB7A2B5C4D2BBB8F6C1E9C7C93E
:1092F000B5C4B4AEBFDAB5F7CAD4BBA5BDBBD7E918
:10930000BCFE2CCDA8B9FD200D0A0000CBFC2CC45E
:10931000E3BFC9D2D4CDA8B9FDB4AEBFDAD6FACA7C
:10932000D6B5F7D3C3B3CCD0F2C0EFC3E6B5C4C84B
:10933000CEBACEBAAFCAFD2CB2A2D6B4D0D02ED2FD
:10934000F2B4CB2CC4E3BFC90D0A0000D2D4CBE6E3
:10935000D2E2B8FCB8C4BAAFCAFDB5C4CAE4C8EB1F
:10936000B2CECAFD28D6A7B3D6CAFDD7D62831308B
:109370002F3136BDF8D6C629A1A2D7D6B7FBB4AED9
:10938000A1A2BAAFCAFDC8EB0D0A0000BFDAB5D87A
:10939000D6B7B5C8D7F7CEAAB2CECAFD292CB5A587
:1093A000B8F6BAAFCAFDD7EEB6E0D6A7B3D631301D
:1093B000B8F6CAE4C8EBB2CECAFD2CB2A2D6A7B3A7
:1093C000D6BAAFCAFDB7B5200D0A0000BBD8D6B5D6
:1093D000CFD4CABE2ED0C2D4F6B2CECAFDCFD4CA24
:1093E000BEBDF8D6C6C9E8D6C3B9A6C4DC2CD0C267
:1093F000D4F6BDF8D6C6D7AABBBBB9A6C4DC2E0D21
:109400000A000000BCBCCAF5D6A7B3D63A77777776
:109410002E6F70656E6564762E636F6D0D0A0000A9
:1094200055534D415254D3D037B8F6CFB5CDB3C311
:10943000FCC1EE3A0D0A00003F3A202020202020F7
:10944000BBF1C8A1B0EFD6FAD0C5CFA20D0A00007B
:1094500068656C703A202020BBF1C8A1B0EFD6FA45
:10946000D0C5CFA20D0A00006C6973743A20202089
:10947000BFC9D3C3B5C4BAAFCAFDC1D0B1ED0D0ADF
:109480000A00000069643A2020202020BFC9D3C30D
:10949000BAAFCAFDB5C44944C1D0B1ED0D0A0A0046
:1094A0006865783A20202020B2CECAFD3136BDF85A
:1094B000D6C6CFD4CABE2CBAF3B8FABFD5B8F12BF2
:1094C000CAFDD7D6BCB4D6B4D0D0BDF8D6C6D7AABC
:1094D000BBBB0D0A0A0000006465633A202020200F
:1094E000B2CECAFD3130BDF8D6C6CFD4CABE2CBA72
:1094F000F3B8FABFD5B8F12BCAFDD7D6BCB4D6B4F1
:10950000D0D0BDF8D6C6D7AABBBB0D0A0A00000052
:1095100072756E74696D653A312CBFAAC6F4BAAF24
:10952000CAFDD4CBD0D0BCC6CAB13B302CB9D8B15F
:10953000D5BAAFCAFDD4CBD0D0BCC6CAB13B0D0A98
:109540000A000000C7EBB0B4D5D5B3CCD0F2B1E07F
:10955000D0B4B8F1CABDCAE4C8EBBAAFCAFDC3FB08
:10956000BCB0B2CECAFDB2A2D2D4BBD8B3B5BCFC9B
:10957000BDE1CAF82E0D0A002D2D2D2D2D2D2D2DDE
:109580002D2D2D2D2D2D2D2D2D2D2D2D2D2D2D2D0B
:109590002D2D414C49454E54454B2D2D2D2D2D2D16
:1095A0002D2D2D2D2D2D2D2D2D2D2D2D2D2D2D2DEB
:1095B0002D2D2D200D0A00002D2D2D2D2D2D2D2D85
:1095C0002D2D2D2D2D2D2D2D2D2D2D2D2D2D2D2DCB
:1095D0002DBAAFCAFDC7E5B5A52D2D2D2D2D2D2DED
:1095E0002D2D2D2D2D2D2D2D2D2D2D2D2D2D2D2DAB
:1095F0002D2D2D2D200D0A006001002025730D0A50
:1096000000000000EEA004F053FD00200B901AE0D3
:10961000FB4909689DF82C2001EBC20101AB02AAAD
:10962000486803A900F070FCF54800689DF82C100C
:1096300050F8312003A9F3A004F03AFD9DF82C0066
:10964000401CC0B20B90EE48007D9DF82C10884263
:10965000DEDCAFF2CC3004F02BFD83E0AFF2D8308B
:1096600004F026FD0BAA03A9204600F029FD9DF871
:109670002C00C8B9694603A800F0BBFB0B909DF80D
:109680002C0020B9E4A0009904F012FD0EE09DF832
:109690002C00042801D002206BE5E2A004F008FDB4
:1096A0000120D749C87501E0022062E5DCA004F082
:1096B000FFFC57E0DAA004F0FBFC0BAA03A920464C
:1096C00000F0FEFC9DF82C00C8B9694603A800F024
:1096D00090FB0B909DF82C0020B9D7A0009904F0C6
:1096E000E7FC0EE09DF82C00042801D0022040E5A4
:1096F000D4A004F0DDFC0020C149C87501E00220BF
:1097000037E5C7A004F0D4FC2CE0C5A004F0D0FCE1
:109710000BAA03A9204600F0D3FC9DF82C00C8B981
:10972000694603A800F065FB0B909DF82C0078B902
:10973000B349009881F8EC00084690F8EC0018B1A5
:10974000C5A004F0B5FC07E0CAA004F0B1FC03E03A
:1097500002200EE502200CE5B1A004F0A9FC01E016
:10976000012006E500BF002003E510B50121C8482F
:10977000FFF7ACF84FF6FF71C548FEF73DFC00213E
:10978000C348FEF737FC00209D49C1F8F00010BD2A
:1097900010B50121BE48FFF790F8012808D198487C
:1097A000D0F8F0004FF6FF7108449549C1F8F00079
:1097B000B748FEF723FC9249D1F8F01008449049CD
:1097C000C1F8F0000846D0F8F00010BD10B5012136
:1097D000AF48FFF77EF801280AD189490869804718
:1097E0000021AB48FEF706FC6421A948FEF704FC03
:1097F0000121A748FFF77EF810BD7FB504460D464E
:1098000001210420FDF7F7FDADF800500020ADF870
:1098100002000194ADF8080069469D48FEF7A1FBDF
:10982000012211469A48FFF73DF801219848FEF7BA
:1098300021FC1E208DF80C0003208DF80D008DF802
:109840000E0001208DF80F0003A8FCF72AFE7FBD53
:1098500010B5044604EBC40000EB04100122C2EB77
:10986000800081B24FF47A70FFF7C7FF012064498E
:10987000C87510BD30B595B0054613AB12AA09A93D
:10988000284600F041FB044614B1204615B030BD17
:109890000020149026E05A4909689DF8502001EBF9
:1098A000C20113AB11AA486801A900F02DFB0446C0
:1098B0000CB12046EAE709A901A800F067FA60B9EF
:1098C0009DF844009DF84810884201DD0220DDE744
:1098D0009DF850004A4988750AE09DF85000401CE8
:1098E000C0B214904648007D9DF850108842D2DCEA
:1098F00000BF4348007D9DF85010884201D10420EC
:10990000C4E714A9284600F04CFC04460CB12046DC
:10991000BCE79DF850003A4948750020B6E72DE9AC
:10992000F0419AB03648847D007DA04202DC1AB036
:10993000BDE8F0813249096801EBC40106AB07AA12
:10994000486808A900F0E0FA08A952A004F0B0FBAA
:109950000026B9E02A48008B0121B1400840D8B167
:1099600022214EA004F0A4FB304600F00DFC244957
:109970002431471839464AA004F09AFB222147A017
:1099800004F096FB304600F0FFFB1D4924310844EB
:1099900010A941F826008DE0304600F0F5FB18498B
:1099A0002431085810A941F826001548C07D30B967
:1099B00010A850F826103BA004F07AFB7AE073E080
:1099C0002D2D2D2D2D2D2D2D2D2D2D2D2D2D2D2DC7
:1099D0002D2D2D2D2D2D2D2D2DBAAFCAFD20494415
:1099E000202D2D2D2D2D2D2D2D2D2D2D2D2D2D2DB4
:1099F0002D2D2D2D2D2D2D2D2D2D2D2D200D0A0014
:109A00006001002025732069642069733A0D0A30D3
:109A100058253038580D0A004845583A30582558CE
:109A20000D0A00003136BDF8D6C6B2CECAFDCFD47D
:109A3000CABE210D0A0000004445433A256C750D4D
:109A40000A0000003130BDF8D6C6B2CECAFDCFD470
:109A5000CABE210D0A00000052756E2054696D6562
:109A60002043616C63756C6174696F6E204F4E0D9D
:109A70000A00000052756E2054696D652043616CC8
:109A800063756C6174696F6E204F46460D0A000065
:109A9000000800400D0A257328000000256300001F
:109AA00025730000256C750010A850F8261095A0AD
:109AB00004F0FEFA9DF81C00401EB04202D093A0B4
:109AC00004F0F6FA701CC6B29DF81C008642FFF640
:109AD00041AF8FA004F0ECFAFFF747FE8D48407DC0
:109AE0000B280DD2DFE800F0060D151E27323F4E81
:109AF0005F7287008749096851F83400804705463E
:109B000090E0844A126852F834101098884705464D
:109B100088E0804B1B6853F83420DDE91001904742
:109B200005467FE07B4F3F6857F8343010A807C8E0
:109B30009847054676E0DFF8DCC1DCF800C05CF849
:109B4000347010A80FC8B84705466BE01498DFF8CA
:109B5000C4C10090DCF800C05CF8347010A80FC8D5
:109B6000B84705465EE0DDE91401DFF8A8C1CDE99C
:109B70000001DCF800C05CF8347010A80FC8B847CA
:109B800005464FE0DDE914121698DFF888C1CDE9EB
:109B900000120290DCF800C05CF8347010A80FC806
:109BA000B84705463EE0DDE91423DDE91610DFF88D
:109BB00064C1CDE90023CDE90210DCF800C05CF8F7
:109BC000347010A80FC8B84705462BE0DDE915230F
:109BD000DDE91710CDE90123CDE903101498DFF872
:109BE00034C10090DCF800C05CF8347010A80FC8D5
:109BF000B847054616E0DDE91623DDE91810CDE982
:109C00000223CDE90410DDE91401DFF808C1CDE934
:109C10000001DCF800C05CF8347010A80FC8B84729
:109C2000054600BF00BFFFF7B3FD9DF818000128EF
:109C30000CD13848C07D20B9294637A004F038FA45
:109C400007E0294636A004F033FA02E033A004F01E
:109C50002FFA304890F8EC0088B12E48D0F8F00088
:109C60000A21B0FBF1F201FB12072A48D0F8F000FC
:109C7000B0FBF1F83A4641462CA004F019FA00BFB7
:109C800055E670B53148008800F40040002833D014
:109C90002E48057800202E4948551E4881682C48DA
:109CA000884704461CB91B49C868804721E02848FA
:109CB000FFF752FA0546012D00D02C46CCB1012CFD
:109CC00006D0022C08D0032C0AD0042C10D10BE0B3
:109CD00020A004F0EDF90BE021A004F0E9F907E081
:109CE00022A004F0E5F903E023A004F0E1F900BFAD
:109CF00000BF00201549088070BD01460868704704
:109D00000160704730582558000000002C0000000A
:109D100029000000600100203D256C753B0D0A0004
:109D20003D305825583B0D0A0000000046756E6313
:109D300074696F6E2052756E2054696D653A2564A2
:109D40002E2531646D730D0A0000000034000020E0
:109D500040150020BAAFCAFDB4EDCEF3210D0A00C4
:109D6000B2CECAFDB4EDCEF3210D0A00B2CECAFDCB
:109D7000CCABB6E0210D0A00CEB4D5D2B5BDC6A598
:109D8000C5E4B5C4BAAFCAFD210D0A0002460AE017
:109D900010780B78984201D001207047107800B9F4
:109DA00002E0521C491CF3E700BF0020F5E706E083
:109DB00002780A70027802B902E0401C491CF7E7F9
:109DC00000BF70470146002005E00A7802B903E0B1
:109DD000421CD0B2491CF8E700BF704710B50246DC
:109DE000012000E050430B1EA1F10104E1B2F9D1C2
:109DF00010BD2DE9F04307460E4600254FF00A0836
:109E00003C46002030601FE02078392802DC2078B2
:109E100030280ADA2078462802DC2078412804DA43
:109E20002078582809D1012D07D12078412801DB5D
:109E30004FF01008681CC5B205E0207800B904E0B6
:109E40000120BDE8F083641CDEE700BF3C46B8F1AA
:109E5000100F0FD1032D01DA0220F2E7207830280D
:109E600006D16078582803D1A41CA81EC5B204E00E
:109E70000320E6E70DB90420E3E71BE00DB1681EFF
:109E8000C5B22078392806DC2078302803DB20781A
:109E9000A0F1300902E02078A0F1370929464046B8
:109EA000FFF79CFF316809FB00103060641C2078CC
:109EB00000B900E0E2E700BF0020C2E710B50446A9
:109EC000002010700BE020780870641C491C10788A
:109ED000401C10701078984201DB012010BD2078E2
:109EE000202802D020780028EDD10020087000BF83
:109EF000F4E70146491C00E0491C0878202801D1FC
:109F00000029F9D1087870472DE9FF4F85B08046C8
:109F100089460027002004900390012002904FF012
:109F2000000B002544461DE02078202816D005F0BF
:109F30007F00052812DA0DB945F0800505F07F0095
:109F4000042803D120782A2800D00EE0207805F0DC
:109F50007F010DF80100681CC5B202E0852D00D11B
:109F600003E0641C20780028DED100BF8DB1002002
:109F700005F07F010DF80100CBA16846FFF706FF51
:109F800018B900210898017002E0012108980170B9
:109F900000254FF0000A444614E0641C0AF1010059
:109FA00000F0FF0A2078202802D020782A2809D142
:109FB0002046FFF79EFF0646282E03D02A2E01D00A
:109FC000CDF810A02078282802D020780028E4D1ED
:109FD0004446049810B10498401C04444FF0000A11
:109FE000002654E0207810B94FF0010A50E02078A4
:109FF000282803D116B9781CC7B213E02078292885
:10A0000008D13EB917B1781EC7B201E04FF0010A7E
:10A0100047B93DE02078222804D10EB9012000E0A4
:10A020000020064647B9207820282FD0207889F8CC
:10A03000000009F1010929E020782C2804D1012031
:10A040000290681CC5B214E02078202811D0207836
:10A0500028280ED04DB9BBF1050F06DA20780DF88F
:10A060000B000BF1010000F0FF0B0298401CC0B286
:10A070000290012F0AD10298022807D10298401CB1
:10A08000C0B202900398401CC0B20390641CA9E7C0
:10A0900000BF0398012809D100200DF80B0082A110
:10A0A0006846FFF773FE08B90020039007990398EC
:10A0B0000870002089F80000504609B0BDE8F08F14
:10A0C000F0B503461546002000220026002455E086
:10A0D0001F782C2F01D104B901221F78292F01D01C
:10A0E0001F780FB904B94AE0002E34D11F78302F01
:10A0F00002DB1F78392F11DD1F78612F02DB1F78FB
:10A10000662F0BDD1F78412F02DB1F78462F05DD00
:10A110001F78582F02D01F78782F0CD102B12EE073
:10A120001F78612F03DB1F78203F0F7001E01F783D
:10A130000F70491C1FE01F78222F04D102B11EE0CE
:10A140000126012417E01F78202F14D01F782C2F10
:10A1500011D0FF2613E01F78222F00D1002402B176
:10A160000DE044B11F785C2F02D15B1C471CF8B294
:10A170001F780F70491C471CF8B25B1CA8E700BF92
:10A1800000270F702E70F0BD02460020002105E070
:10A19000474B5B5C0344D8B24B1CD9B29142F7DB0E
:10A1A00070472DE9F043B5B005460F460024002660
:10A1B00004E000213E488155701CC6B20A2EF8DB2F
:10A1C00006E06D1C287818B9012035B0BDE8F08391
:10A1D00028782828F5D16D1C61E034AA6946284604
:10A1E000FFF76EFF064635449DF8D00020B10128E8
:10A1F00027D0FF284CD149E09DF8000000B333A9D7
:10A200006846FFF7F6FD06460EB10220DDE7204660
:10A21000FFF7BAFF26490A31339A0A50A1F1240008
:10A22000008B0121A140884321491A390883042168
:10A230001F480155601CC4B20A2C01DD0320C4E78D
:10A2400026E06846FFF7BEFD401C00F0FF082046F0
:10A25000FFF79AFF16490A3100EB010949466846A3
:10A26000FFF7A5FD12481A38018B0120A0400143D9
:10A2700088B20F491A3908830D4800F80480601C21
:10A28000C4B20A2C01DD03209FE701E002209CE715
:10A2900000BF2878292801D0287800B900E09CE781
:10A2A00000BF3C70002090E7766F696400000000FA
:10A2B0007A01002070B50446002514B1012C0BD1A1
:10A2C00003E0FAF797FE054608E0F9F74DFF4FF473
:10A2D000C0407649088001E0012500BF00BF0DB1F4
:10A2E000012070BD0020FCE70146002070472DE9E9
:10A2F000F04107460E4615461C464FF0000814B9BB
:10A300000420BDE8F08117B1012F22D112E0E2B2A2
:10A3100029463046FBF7D0FE804607E0FAF76AFE92
:10A32000E2B229463046FBF7C7FE8046B8F1000F7F
:10A33000F4D111E009E069024FF400723046F9F7F8
:10A3400080FF6D1C06F50076641E002CF3D1A0463C
:10A3500002E04FF0010800BF00BFB8F1000F01D1CB
:10A360000020CEE70120CCE72DE9F04107460E465C
:10A3700015461C464FF0000814B90420BDE8F081D2
:10A3800017B1012F22D112E0E2B229463046FBF785
:10A39000F1FE804607E0FAF72DFEE2B2294630468C
:10A3A000FBF7E8FE8046B8F1000FF4D111E009E0B8
:10A3B00069024FF400723046F9F7DFFF6D1C06F5B5
:10A3C0000076641E002CF3D1A04602E04FF0010895
:10A3D00000BF00BFB8F1000F01D10020CEE701207F
:10A3E000CCE72DE9F04706468946154646BBB9F14C
:10A3F000000F09D0B9F1010F13D0B9F1020F05D048
:10A40000B9F1030F19D106E0002418E04FF40070F1
:10A410002860002413E02648B0F85000288000246B
:10A420000DE023484FF400720023D0E91271384642
:10A4300003F019FE2860002401E0042400BF22E09C
:10A44000012E1FD1B9F1000F09D0B9F1010F11D0C0
:10A45000B9F1020F05D0B9F1030F10D106E00024C5
:10A460000FE04FF40070288000240AE008202880C4
:10A47000002406E00D4800882860002401E0042440
:10A4800000BF00E001242046BDE8F08700207047AF
:10A4900010B5044621460020FEF721FE10BD10B580
:10A4A000044621460020FEF70AFE10BD540200209B
:10A4B000E812002070B503460C4603E014F8015B77
:10A4C00003F8015B151EA2F10102F7D170BD30B592
:10A4D000034601E003F8011B141EA2F10102F9D1A9
:10A4E00030BDF0B503461C460D46002000BF161EC9
:10A4F000A2F1010207D014F8017B15F801CBA7EBFC
:10A500000C06301EF3D0F0BD024600E0521C10785D
:10A5100010B110788842F9D11078704770B50446B0
:10A520002079F8B1E56A607801232A4604F1300108
:10A53000FFF71AFF08B1012070BD00202071206ACA
:10A54000281AA16988420DD2E67809E0A06905447D
:10A55000607801232A4604F13001FFF705FF761EDB
:10A56000022EF3D20020E7E770B504460D46E06AFC
:10A57000A84210D02046FFF7D1FF08B1012070BDDE
:10A58000607801232A4604F13001FFF7B0FE08B1DC
:10A590000120F4E7E5620020F1E770B504462046AB
:10A5A000FFF7BCFF0546002D59D1207803284FD175
:10A5B000607901284CD14202002104F13000FFF7FC
:10A5C00086FF552184F82E12AA2184F82F125220DA
:10A5D00084F830005221312001556121322001558B
:10A5E000412133200155722184F8141284F8151288
:10A5F000412184F81612612184F81712217C84F815
:10A600001812208A010A84F819122069010C84F8B2
:10A610001A122069010E84F81B12217B84F81C1287
:10A62000A089010A84F81D12E068010C84F81E124A
:10A63000E068010E84F81F12E069401CE062607857
:10A64000012304F13001E26AFFF78EFE0020607101
:10A65000607800221146FFF7C4FE00B101252846AC
:10A6600070BD0246891E5069801E884201D80020B4
:10A6700070479378906A01FB0300F9E72DE9F041F8
:10A6800005460C46022C02D36869A04202D801207C
:10A69000BDE8F0812878012804D002282CD00328B6
:10A6A0005AD13DE0274607EB5707286A00EB5721B0
:10A6B0002846FFF759FF00B150E0C7F3080105F144
:10A6C000300010F801807F1C286A00EB57212846D3
:10A6D000FFF74AFF00B141E0C7F3080105F1300080
:10A6E000405C48EA002804F0010010B14FEA18105D
:10A6F000CEE7C8F30B00CBE7286A00EB142128460D
:10A70000FFF732FF00B129E040F2FF1000EA4401F8
:10A7100005F130000E183078717840EA0120B7E773
:10A72000286A00EBD4112846FFF71EFF00B115E0A0
:10A7300040F2FF1000EA840105F130000E18F078B5
:10A740000006B17840EA0140717840EA0120317892
:10A75000084320F070409BE7012099E700BF4FF0CD
:10A76000FF3095E72DE9F04705460E461746022EC5
:10A7700002D36869B04202D84FF002088AE0287814
:10A78000012804D0022841D003287DD154E0B146ED
:10A7900009EB5909286A00EB59212846FFF7E4FE26
:10A7A0008046B8F1000F00D071E0C9F3080105F14F
:10A7B00030000C1806F0010020B1F9B2207861F3E6
:10A7C0001F1000E03846207009F1010901202871AE
:10A7D000286A00EB59212846FFF7C6FE8046B8F1EB
:10A7E000000F00D053E0C9F3080105F130000C1848
:10A7F00006F0010010B1C7F3071005E0207800F063
:10A80000F000C7F303210843207040E0286A00EB02
:10A8100016212846FFF7A8FE8046B8F1000F00D0A9
:10A8200035E040F2FF1000EA460105F130000C1857
:10A830002770380A60702AE0286A00EBD611284693
:10A84000FFF792FE8046B8F1000F00D01FE040F203
:10A85000FF1000EA860105F130000C18E0780006D0
:10A86000A17840EA0140617840EA0120217808435C
:10A8700000F0704007432770380A6070380CA070F1
:10A88000380EE07003E0FFE74FF0020800BF00BFA2
:10A89000012028714046BDE8F0872DE9F0410446CB
:10A8A0000E46022E02D36069B04201D8022727E08B
:10A8B000002721E031462046FFF7E0FE054605B9B6
:10A8C0001DE0012D01D1022719E0681C08B90127FC
:10A8D00015E0002231462046FFF744FF074607B146
:10A8E0000DE02069401C30B12069401C2061607976
:10A8F00040F0010060712E466069B042DAD800BFB6
:10A900003846BDE8F0812DE9F04704468946B9F1A3
:10A91000000F06D1E76817B16069B84215D8012762
:10A9200013E049462046FFF7A9FE0646022E02D252
:10A930000120BDE8F087701C08B93046F9E760696E
:10A94000B04201D93046F4E74F463D4600BF6D1C8A
:10A950006069A84204D80225BD4201D90020E8E779
:10A9600029462046FFF78AFE064606B909E0701C14
:10A9700008B1012E01D13046DBE7BD42E7D100200E
:10A98000D7E700BF6FF0704229462046FFF7EAFE86
:10A990008046B8F1000F08D1B9F1000F05D02A4662
:10A9A00049462046FFF7DEFE8046B8F1000F0BD186
:10A9B000E5602069401C78B12069401E2061607903
:10A9C00040F00100607107E0B8F1010F02D14FF0D3
:10A9D000FF3000E0012005462846AAE770B503468F
:10A9E0000D46586A021D680A1E68B678B0FBF6F478
:10A9F00000BF02CA09B9002070BD8C4200D202E03B
:10AA0000641A121DF5E700BF10682044F4E72DE931
:10AA1000F04104460E46E680A568012D03D020686B
:10AA20004069A84202D80220BDE8F0812DB9206813
:10AA30000078032801D12068456A45B9206800895B
:10AA4000B04201D80220EFE72068476A1EE0206884
:10AA500080784FEA001812E029462068FFF70EFEC2
:10AA60000546681C08B90120DEE7022D03D32068E3
:10AA70004069A84201D80220D6E7A6EB0806464561
:10AA8000EAD229462068FFF7ECFD0746E5600FB9DA
:10AA90000220C9E707EB161020612068303006F06D
:10AAA0000F0100EB411060610020BDE72DE9F0418E
:10AAB00004468846E088461CB0B208B1206910B947
:10AAC0000420BDE8F08106F00F0000286CD1206959
:10AAD000401C2061E06828B920680089B04263D832
:10AAE0000420EEE720688078401E00EA1610002857
:10AAF0005AD1E1682068FFF7C1FD0546012D01D854
:10AB00000220DEE7681C08B90120DAE72068406906
:10AB1000A84243D8B8F1000F01D10420D1E7E16881
:10AB20002068FFF7F0FE05460DB90720C9E7012DA3
:10AB300001D10220C5E7681C08B90120C1E72068DF
:10AB4000FFF7ECFC08B10120BBE7216801F1300000
:10AB50004FF400720021FFF7BAFC29462068FFF786
:10AB600080FD2168C86200270EE00120216808717D
:10AB70002068FFF7D3FC08B10120A2E72068C06A73
:10AB8000401C2168C8627F1C20688078B842ECD8DD
:10AB90002068C06AC01B2168C86200BFE560294602
:10ABA0002068FFF75EFD2061E6802068303006F007
:10ABB0000F0100EB41106061002082E72DE9F041B8
:10ABC00004460E4600212046FFF721FF0546EDB959
:10ABD000002700BF21692068FFF7C6FC054605B1C4
:10ABE00013E060690078E52802D06069007820B938
:10ABF000781C0746B04201D107E00027012120461A
:10AC0000FFF754FF0546002DE4D000BF042D00D10E
:10AC100007252846BDE8F08110B502468C7ECB7E24
:10AC200044EA03201378032B05D10C7D4B7D44EAC5
:10AC3000032340EA034010BD81760B0AC3760A0C59
:10AC400002750B0E437570472DE9F04705460C461B
:10AC5000207820F04000401E00EB800101EBC00690
:10AC600000274FF0010800BFF848C05D205CF7499D
:10AC7000C95D2144497840EA0129B8F1000F10D09C
:10AC8000484603F0CFF98046FF2E07D23146761CA6
:10AC900035F8110003F0C6F9404508D00020BDE8A2
:10ACA000F0874FF6FF70814501D00020F7E7781C50
:10ACB00007460D28D8D3207800F0400038B1B8F10D
:10ACC000000F04D035F8160008B10020E7E7012096
:10ACD000E5E7F0B50346087800F03F00401E00EBC2
:10ACE000800707EBC0020025012600BFD748405D62
:10ACF000085CD64F7F5D0F447F7840EA07244EB151
:10AD0000FF2A01D30020F0BD26461046521C23F82E
:10AD1000104005E04FF6FF70844201D00020F2E7BA
:10AD2000681C05460D28E1D3087800F0400030B1DA
:10AD3000FF2A01D30020E6E7002023F812000120BB
:10AD4000E1E7F0B504461D464D730F27CF7200278B
:10AD50000F738F76BC4681F81BC0571E07EB870C1C
:10AD60000CEBC706002738463B4600BF4FF6FF777F
:10AD7000B84203D03746761C34F81700DFF8CCC24F
:10AD80001CF803C001F80C000712DFF8C0C21CF861
:10AD900003C08C448CF8017008B94FF6FF705F1C3B
:10ADA0003B460D2FE2D34FF6FF77B84202D034F87E
:10ADB00016700FB942F040020A70F0BD2DE9FC4751
:10ADC00007468A4690461E460B2251463846FFF7F4
:10ADD00071FB052E18D9304610E038F8021B00250B
:10ADE0000AE00A4660F35F021046491000F4803220
:10ADF0000AB1974A50406D1C102DF2D3B8F80020CC
:10AE0000002AEAD1064600BF072500BF06F00F0062
:10AE100000F13009B9F1390F03DD09F1070000F045
:10AE2000FF0928466D1E0DF800903609002EEDD161
:10AE30007E200DF8050000240BE0385D812807DB3B
:10AE4000385DFE2804DC681EA04200D106E0641CC8
:10AE5000641CAC4202D2385D2028EED100BF00BF96
:10AE6000082D04D228466D1C1DF8001000E020219A
:10AE70002046641C3954082CF2D3BDE8FC8730B559
:10AE8000014600200B2200BF431003EBC01411F851
:10AE9000015B6319D8B2531E1A1EF5D130BD2DE9DE
:10AEA000F047044600212046FFF7B1FD074617B1E1
:10AEB0003846BDE8F0874FF0FF09CA464FF6FF70ED
:10AEC000208400BF21692068FFF74EFB074607B1C9
:10AED00057E065692E780EB9042752E0E87A00F051
:10AEE0003F08E52E05D008F0080040B1B8F10F0F7B
:10AEF00005D04FF0FF094FF6FF7020843AE0B8F11B
:10AF00000F0F1CD1E06978B306F0400030B195F81E
:10AF10000DA026F04006B146E08820844E450AD1B7
:10AF2000687B504507D12946E069FFF78DFE10B1D7
:10AF3000A9F1010000E0FF2000F0FF091AE0B9F1DB
:10AF4000000F05D12846FFF79AFF504500D118E0C1
:10AF5000A069C07A00F0010038B90B222846A16927
:10AF6000FFF7BFFA08B90CE004E04FF0FF094FF615
:10AF7000FF70208400212046FFF798FD0746002F30
:10AF8000A0D000BF384694E72DE9F05F04468A461A
:10AF90004FF0FF09CB4604274EE021692068FFF7F8
:10AFA000E3FA074607B14AE0666935780DB9042728
:10AFB00045E0F07A00F03F08E52D09D02E2D07D0AE
:10AFC000B8F1080F01D1012000E00020504502D067
:10AFD0004FF0FF0929E0B8F10F0F1AD105F040003A
:10AFE00030B196F80DB025F04005A946E0882084E0
:10AFF0004D450AD1707B584507D13146E069FFF7CE
:10B0000068FE10B1A9F1010000E0FF2000F0FF0987
:10B010000BE0B9F1000F04D13046FFF730FF58457F
:10B0200002D04FF6FF70208409E000212046FFF790
:10B030003DFD074607B102E020690028ADD100BF01
:10B040000FB1002020613846BDE8F09FA40201083E
:10B05000211001002DE9FE4F0446D4F81880D4F8E1
:10B060001C900C2241466846FFF724FA00BF9DF869
:10B070000B0000F0010020B3002088F80B00E06115
:10B0800001260CE033464A4669464046FFF796FEE5
:10B090002046FFF704FF054605B102E0761C642E4A
:10B0A000F0D300BF642E02D10720BDE8FE8F042D2F
:10B0B00001D02846F9E79DF80B0088F80B00C4F88A
:10B0C0001C909DF80B0000F0020060B1002600E02B
:10B0D000761C39F816000028FAD106F119000D2166
:10B0E000B0FBF1F700E0012739462046FFF766FD87
:10B0F000054645BB781E071E25D0E088C11B2046AB
:10B10000FFF785FC0546F5B9A069FFF7B8FE824652
:10B1100000BF21692068FFF727FA054605B111E055
:10B12000FAB253466169E069FFF70BFE012021681E
:10B13000087100212046FFF7B9FC054615B9781EB5
:10B14000071EE6D100BFC5B921692068FFF70CFAD8
:10B15000054695B9202200216069FFF7B8F90B2256
:10B16000D4E90501FFF7A6F9A069C07A00F018003C
:10B1700061690873012021680871284695E770B558
:10B180000446E688208C4FF6FF72904201D130468B
:10B1900000E0208C01462046FFF739FC05460DBB38
:10B1A00000BF21692068FFF7DFF9054605B115E00A
:10B1B000202200216069FFF78AF9E52061690870A3
:10B1C000012021680871E088B04200D306E0002128
:10B1D0002046FFF76BFC0546002DE2D000BF042D92
:10B1E00000D10225284670BD2DE9F04707460C46E0
:10B1F00004F109063869002843D07869002526E063
:10B2000029466D1C10F80180B8F1200F00D11EE016
:10B21000B8F1050F01D14FF0E508092D02D12E211B
:10B2200006F8011BB8F1410F0EDBB8F15A0F0BDC29
:10B23000017B092D01D3102200E00822114019B131
:10B2400008F1200101F0FF0806F8018B00BF0B2D6B
:10B25000D6D3C17A2172C17F0A06817F42EA0142B8
:10B26000417F42EA0121027F11432160027E417E3B
:10B2700042EA0121A180827DC17D42EA0121E18073
:10B2800000BF00203070A06990B30025A66938691E
:10B2900058B3E06948B3388C4FF6FF71884224D028
:10B2A000D7F81CA01BE00021484602F081FE814631
:10B2B000B9F1000F01D1002516E0B9F1FF0F04DD4F
:10B2C0004FEA292228466D1C3254E069401EA842EC
:10B2D00001D8002508E028466D1C06F800903AF8D1
:10B2E000021BB1F10009DED100BF0020705500BF84
:10B2F000BDE8F0872DE9F34F83B0814604980068DC
:10B30000019002E00198401C0190019800782F28DC
:10B31000F8D0019800785C28F4D0D9F81CA000255A
:10B320002F4600BF38467F1C01990C5C202C03DBA4
:10B330002F2C01D05C2C00D132E0FF2D03D306204E
:10B3400005B0BDE8F08FE4B2812C13DBE0B2FE283B
:10B3500010DC38467F1C01990E5C402E01DB7E2EEE
:10B3600005DD802E01DBFE2E01DD0620E8E706EB81
:10B37000042084B20121204602F01AFE04460CB9D2
:10B380000620DDE7802C06DA2146F9A0FFF7BCF89D
:10B3900008B10620D4E728466D1C2AF81040C1E702
:10B3A00000BF0198C11904980160202C01DA042023
:10B3B00000E00020804608E0681E3AF81040202C8B
:10B3C00002D02E2C00D002E06D1E002DF4D100BF63
:10B3D0000DB90620B4E700202AF815000B22202121
:10B3E000D9F81800FFF773F8002700E07F1C3AF83F
:10B3F00017002028FAD03AF817002E28F6D00FB1FF
:10B4000048F0030800E06D1E25B1681E3AF81000F0
:10B410002E28F8D10020064602904FF0080B00BFFE
:10B4200038467F1C3AF8104004B963E0202C03D062
:10B430002E2C04D1AF4202D048F00308F0E7029866
:10B44000584501D2AF4214D1BBF10B0F02D148F0E5
:10B4500003084FE0AF4201D048F00308AF4200D9E3
:10B4600048E02F46082002904FF00B0BB006060E66
:10B47000D6E7802C09DB204602F0D4FD00210090A5
:10B4800002F096FD044648F00208FF2C11DDABF1F6
:10B4900001000299884204D848F00308CDF808B0AA
:10B4A000BEE72212D9F818300298411C02911A54B2
:10B4B00019E024B12146B1A0FFF726F818B15F24A6
:10B4C00048F003080FE0412C04DB5A2C02DC46F064
:10B4D000020608E0612C06DB7A2C04DC46F001064B
:10B4E000A4F1200084B2D9F818300298411C0291CE
:10B4F0001C5495E700BFD9F818000078E52803D15F
:10B500000520D9F818100870BBF1080F01D1B0065A
:10B51000060E06F00C000C2803D006F003000328EA
:10B5200001D148F0020808F0020058B906F0030003
:10B53000012801D148F0100806F00C00042801D1C0
:10B5400048F00808D9F8180080F80B800020F7E6CA
:10B550002DE9F3410446019800782F2803D0019883
:10B5600000785C2802D10198401C01900020A06066
:10B5700001980078202807D200212046FFF747FADB
:10B5800005460020606128E000BF01A92046FFF7C2
:10B59000B1FE054605B11FE02046FFF780FC0546D9
:10B5A000A069C67A3DB1042D04D100BF06F00400A5
:10B5B00000B9052510E006F0040000B10CE0676951
:10B5C000F87A00F0100008B9052505E03946206832
:10B5D000FFF722FBA060D8E700BF2846BDE8FC814A
:10B5E00070B502464FF0FF301568E5B1116800E014
:10B5F000491C0D78202D02D30D783A2DF8D10D7805
:10B600003A2D0FD1146814F8015BA5F130030A2B11
:10B6100007D28C4205D1032B03D218464D1C294674
:10B62000156070BD002000BFFBE770B504460D46F5
:10B6300000202071401EE06229462046FEF794FF5C
:10B6400008B1032070BD94F82E1294F82F0241EA3D
:10B6500000204AF65521884201D00220F2E794F8F2
:10B660006900010694F8680041EA004194F8670017
:10B6700041EA002094F86610084320F07F404149D9
:10B68000884201D10020DDE794F88500010694F896
:10B69000840041EA004194F8830041EA002094F8D4
:10B6A0008210084320F07F403649884201D10020B3
:10B6B000C8E70120C6E72DE9F74F88B000210898B8
:10B6C00001600998FFF78CFF07900798002803DABC
:10B6D0000B200BB0BDE8F08F2B49079851F82040A4
:10B6E0000CB90C20F5E708980460207878B16078F0
:10B6F000FEF7FAFD804608F0010040B90A9820B133
:10B7000008F0040008B10A20E3E70020E1E7002088
:10B710002070079860706078FEF7CCFD804608F0D6
:10B72000010008B10320D4E70A9820B108F0040012
:10B7300008B10A20CDE7002739462046FFF775FFFC
:10B740000546012D01D09DBB3BE0002622E004F51B
:10B75000F77101EB06100179C1B1C17A0A06817A4D
:10B7600042EA0142417A42EA0121027A11430EE0A3
:10B77000222A3A3C3E3F7C7F000000002B2C3B3DC0
:10B780005B5D00004641540020BF012000214DF8C0
:10B790002610761C042EDAD3002606B1761E00BFD2
:10B7A0005DF826702FB139462046FFF73EFF01E0D5
:10B7B00007E0022005461DB1701C06460428EFD3A1
:10B7C00000BF032D01D1012083E70DB10D2080E7DB
:10B7D0003B20015D94F83C0041EA0020B0F5007F79
:10B7E00001D00D2075E74620015D94F8470041EA3D
:10B7F0000029B9F1000F0ED194F85700010694F812
:10B80000560041EA004194F8550041EA002094F8BE
:10B81000541040EA0109C4F818904020005DE0701F
:10B82000E078012804D0E078022801D00D2050E70C
:10B83000E07809FB00F93D20005DA070A07818B108
:10B84000A078411E084008B10D2042E74120015D6B
:10B8500094F8420041EA00202081207A00F00F0095
:10B8600008B10D2035E74320015D94F8440041EA1A
:10B87000002BBBF1000F0ED194F85300010694F891
:10B88000520041EA004194F8510041EA002094F846
:10B89000501040EA010B3E20015D94F83F0041EA60
:10B8A00000200490049808B90D2012E70498484439
:10B8B000218900EB111006900698834501D20D20D6
:10B8C00007E70698ABEB0000A178B0FBF1FABAF1FC
:10B8D000000F01D10D20FCE6012540F6F6708245EF
:10B8E00000D302254FF6F670824500D303250AF1F6
:10B8F00002006061E7610498384420620698384489
:10B90000A062032D16D1208908B10D20E1E694F83C
:10B910005F00010694F85E0041EA004194F85D0082
:10B9200041EA002094F85C1008436062606980007E
:10B93000059014E0208908B90D20CAE6206A484421
:10B940006062022D02D16069400007E0207D00F0B6
:10B950000100616901EB410100EB51000590A16913
:10B96000059800F2FF10B1EB502F01D20D20B0E688
:10B970004FF0FF302061E06080206071032D5AD1CC
:10B9800094F8601094F8610041EA0020012852D137
:10B99000791C2046FEF7E8FDE8BB0020607194F8B2
:10B9A0002E1294F82F0241EA00204AF655218842CF
:10B9B00041D13320005D01063220005D41EA0041A3
:10B9C0003120005D41EA002094F830100843FC4922
:10B9D000884230D194F81702010694F8160241EA21
:10B9E000004194F8150241EA002094F8141208432B
:10B9F000F44988421FD194F81B02010694F81A02F8
:10BA000041EA004194F8190241EA002094F8181222
:10BA10000843206100E00EE094F81F02010694F84C
:10BA20001E0241EA004194F81D0241EA002094F808
:10BA30001C120843E0602570E3480088401C80B277
:10BA4000E1490880E080002043E670B505462C46B9
:10BA50004CB1206838B12068007820B12068C088D7
:10BA6000A188884201D0092070BD21684878FEF77E
:10BA70003BFC00F0010008B10320F5E70020F3E7EC
:10BA8000F7B582B016460398019001A8FFF7A8FD0C
:10BA90000546002D02DA0B2005B0F0BDCB4850F86A
:10BAA00025400CB100202070029810B100200299AE
:10BAB0000870C649029841F82500029808B1012E85
:10BAC00001D00020E8E7002203A902A8FFF7F3FD58
:10BAD00007463846E0E72DE9F7478DB0054616469C
:10BAE0001DB9092010B0BDE8F0870020286006F0DD
:10BAF0001F0626F001020EA904A8FFF7DCFD074689
:10BB0000002F73D14FF40070FEF7C2FC8146B9F1EB
:10BB1000000F01D11120E5E7CDF82C9001A80A9083
:10BB200004A80E99FFF714FD0746099C0FB904B944
:10BB3000062706F01C00002851D04FB1042F03D176
:10BB400004A8FFF787FA074646F00806099C09E0B3
:10BB5000E07A00F0110008B1072703E006F00400C6
:10BB600000B10827002F39D106F00800002835D091
:10BB7000FEF78CFC804684F80E804FEA1821E173B2
:10BB80004FEA184121744FEA186161740020E07295
:10BB9000207700216177A177E17721460498FFF7AC
:10BBA0003BF8824600212046FFF746F80120049921
:10BBB0000871BAF1000F11D00498D0F82C805146CA
:10BBC0000498FEF76AFE074647B9AAF101000499F6
:10BBD000C86041460498FEF7C7FC07460FE077B9F6
:10BBE000E07A00F0100010B1042708E031E006F020
:10BBF000020020B1E07A00F0010000B1072747B948
:10BC000006F0080008B146F020060498C06AE86112
:10BC10002C624846FEF743FCDFB9AE710020E871A4
:10BC200021460498FEF7F8FF2861E07F0106A07F17
:10BC300041EA0041607F41EA0020217F0843E8603B
:10BC40000020A860A8616862049828602868C088FD
:10BC5000A880384646E72DE9FF4F83B004461546D5
:10BC60009A46DDF810B00020CAF800002046FFF721
:10BC7000ECFE0290029818B1029807B0BDE8F08F70
:10BC8000E07908B1E079F8E7A07900F0010008B99F
:10BC90000720F2E7D4E90210401A0090009885428C
:10BCA00000D9009DB2E02089C0F30800002876D1B9
:10BCB00020688078401EA16800EA512000F0FF094A
:10BCC000B9F1000F1FD1A06810B9206901900CE0F4
:10BCD000606A28B12046A168FEF780FE019004E06A
:10BCE00061692068FEF7CAFC01900198022802D21F
:10BCF0000220E071C1E70198401C10B90120E071F9
:10BD0000BBE70198606161692068FEF7AAFC0646FE
:10BD100016B90220E071B0E74E444FEA5528B8F159
:10BD2000000F29D009EB080021688978884203D9DF
:10BD300020688078A0EB090821684878434632469D
:10BD40005946FEF7D4FA10B10120E07195E7A079C9
:10BD500000F0400068B1A069801B404509D2A1698C
:10BD6000891B0BEB41204FF4007204F12801FEF710
:10BD7000A1FB4FEA48273FE0A069B04228D0A07954
:10BD800000F0400080B121684878012304F12801C7
:10BD9000A269FEF7E9FA18B10120E0716DE718E039
:10BDA000A07920F04000A071216848780123324634
:10BDB00004F12801FEF79BFA50B10120E0715CE725
:10BDC00052526141727241615602002020BF01202F
:10BDD000A6612089C0F30800C0F50077AF4200D902
:10BDE0002F462089C0F3080204F1280011183A46B2
:10BDF0005846FEF75FFB00BFBB44A0683844A06014
:10BE0000DAF800003844CAF80000ED1B002D7FF47A
:10BE10004AAF002031E72DE9FF4F83B004461546B5
:10BE20009B46049801900020CBF800002046FFF7C5
:10BE30000CFE0290029818B1029807B0BDE8F08F8E
:10BE4000E07908B1E079F8E7A07900F0020008B9DC
:10BE50000720F2E7A0682844A168884200D20025A4
:10BE6000BEE02089C0F3080000287DD120688078DA
:10BE7000401EA16800EA512000F0FF0ABAF1000F4D
:10BE800026D1A06838B9276997B900212068FEF744
:10BE90003AFD07460CE0606A28B12046A168FEF72B
:10BEA0009DFD074604E061692068FEF72CFD07460A
:10BEB00007B998E0012F02D10220E071BDE7781C9C
:10BEC00010B90120E071B8E76761206900B9276106
:10BED000A07900F0400078B121684878012304F18E
:10BEE0002801A269FEF740FA10B10120E071A4E731
:10BEF000A07920F04000A07161692068FEF7B1FBD5
:10BF0000064616B90220E07197E756444FEA5529D4
:10BF1000B9F1000F2CD00AEB09002168897888421A
:10BF200003D920688078A0EB0A09216848784B463D
:10BF300032460199FEF718FA10B10120E0717CE752
:10BF4000A069801B48450ED2A069801B019A02EBB4
:10BF500040214FF4007204F12800FEF7ABFAA079FB
:10BF600020F04000A07100E016E04FEA49282AE0E6
:10BF7000A069B0420FD0D4E9020188420BD22168F7
:10BF800048780123324604F12801FEF7B0F910B1D8
:10BF90000120E07151E7A6612089C0F30800C0F5D7
:10BFA0000078A84500D9A8462189C1F3080204F108
:10BFB0002801501842460199FEF77CFAA07940F01A
:10BFC0004000A07100BF019840440190A068404427
:10BFD000A060DBF800004044CBF80000A5EB0805AA
:10BFE000002D7FF43EAF00BFD4E90201884201D9A1
:10BFF000A068E060A07940F02000A07100201CE75C
:10C000002DE9F04104462046FFF71FFD0746002FAB
:10C010004CD1A07900F02000002847D0A07900F092
:10C02000400078B121684878012304F12801A26911
:10C03000FEF79AF910B10120BDE8F081A07920F057
:10C040004000A071E1692068FEF78EFA0746002FD4
:10C050002CD1256AE87A40F02000E872207B28770E
:10C06000A089010A6977E068010CA977E068010EF0
:10C07000E97728462169FEF7DFFDFEF707FA064655
:10C08000AE75310AE975310C2976310E69760020DA
:10C09000A8740021E974A07920F02000A07101208B
:10C0A000216808712068FEF778FA07463846C3E72A
:10C0B00070B505462846FFF7A3FF044644B9284655
:10C0C000FFF7C3FC04460CB900202860204670BD71
:10C0D0002046FCE72DE9FE4F04460D462046FFF7BB
:10C0E000B4FC0290029810B10298BDE8FE8FE0798E
:10C0F00008B1E079F9E7606A002871D0681C00286F
:10C100003BD1D4F8248058F804AB4FF002092669DB
:10C110003EB300BF00964FF0000B09F1020900BFCB
:10C1200001960BF1010B31462068FEF7A7FA06468F
:10C13000012E02D80220E071D7E7701C10B901204F
:10C14000E071D2E70198401C8642E9D0D14504D87D
:10C1500048F804BB009848F8040B20684069B042D6
:10C16000D8D8606AC0F80090D14503D80020C8F83C
:10C17000000047E01120029044E0E068A84200D2AD
:10C18000E568A560002D3DD0691E2046FEF726FC1F
:10C19000606161692068FEF764FA074617B90220FA
:10C1A000E071A2E720688078401E691E00EA5120F5
:10C1B00007442089C0F3080020B3A069B84221D009
:10C1C000A07900F0400080B121684878012304F193
:10C1D0002801A269FEF7C8F818B10120E07184E7D0
:10C1E00011E0A07920F04000A07121684878012377
:10C1F0003A4604F12801FEF77AF810B10120E07107
:10C2000073E7A761ABE0E068A84204D2A07900F030
:10C21000020000B9E568D4F808904FF00008C4F8AF
:10C220000880002D67D0206880784702B9F1000FA0
:10C2300011D0681EB0FBF7F1A9F10100B0FBF7F0D7
:10C24000814208D3A9F10100791E8843A060A0684B
:10C250002D1A666912E026697EB900212068FEF772
:10C2600052FB0646012E02D10220E0713DE7701C10
:10C2700010B90120E07138E726616661C6B323E09A
:10C28000A07900F0020038B131462068FEF73BFB90
:10C29000064636B93D4619E031462068FEF7EEF90C
:10C2A0000646701C10B90120E0711EE7012E03D96B
:10C2B00020684069B04202D80220E07115E766614B
:10C2C000A0683844A060ED1BBD42D9D800BFA0686B
:10C2D0002844A060C5F3080050B131462068FEF73D
:10C2E000C0F98046B8F1000F03D10220E071FCE6EE
:10C2F00001E008EB55282089C0F3080020B3A069AD
:10C30000404521D0A07900F0400078B121684878FC
:10C31000012304F12801A269FEF726F810B10120DB
:10C32000E071E2E6A07920F04000A0712168487831
:10C330000123424604F12801FDF7D9FF10B1012085
:10C34000E071D2E6C4F81880D4E90201884205D928
:10C35000A068E060A07940F02000A07100BF0298C2
:10C36000C3E673B584B0044614B9092006B070BDA5
:10C37000002205A903A8FFF79EF90546002D2FD13D
:10C38000039820604FF40070FEF782F806460EB95D
:10C390001120EBE7E661C4F818D020460599FFF7B5
:10C3A000D7F805463046FEF77AF8B5B9606958B156
:10C3B0006069C07A00F0100028B161690398FEF747
:10C3C0002BFCA06000E005253DB90398C088A08043
:10C3D00000212046FEF71BFB0546042D00D1052554
:10C3E0000DB1002020602846C0E770B50446204605
:10C3F000FFF72BFB05460DB900202060284670BDD5
:10C40000FEB504460F462046FFF71FFB0546002DEC
:10C410002DD12FB900212046FEF7F9FA054626E076
:10C420004FF40070FEF734F806460EB91120FEBD39
:10C43000E661C4F818D000212046FEF7A5FD0546A8
:10C44000042D02D10020206100256DB93946204617
:10C45000FEF7CAFE00212046FEF728FB0546042D04
:10C4600002D10020206100253046FEF718F828464A
:10C47000DDE773B58CB00E4600220CA903A8FFF7C8
:10C480001AF90546EDB94FF40070FEF701F80446BD
:10C4900014B911200EB070BD0A94CDF824D003A8B1
:10C4A0000C99FFF755F8054645B9089828B12EB103
:10C4B000314603A8FEF798FE00E006252046FDF76A
:10C4C000EEFF2846E6E72DE9F74F82B08A460022C4
:10C4D00002A90498FFF7EFF8019004980468019806
:10C4E00000286DD1D4E90410801E814203D8206950
:10C4F000CAF8000064E094F800B00026BBF1010F18
:10C500001CD1022700BF39462046FEF7B7F8804607
:10C5100008F1010010B9012001900EE0B8F1010FFF
:10C5200002D10220019008E0B8F1000F00D1761C82
:10C53000781C074661698842E5D33AE06769206A5A
:10C5400000904FF00009002500BFB9F1000F0ED197
:10C550000098421C014620460092FEF705F8019023
:10C56000019800B124E004F130054FF40079BBF1EB
:10C57000020F09D12878697840EA012000B9761CB9
:10C58000AD1CA9F1020910E0E8780006A97840EA9C
:10C590000140697840EA01202978084320F0704082
:10C5A00000B9761C2D1DA9F10409781E071ECCD1F7
:10C5B00000BF2661607940F001006071CAF8006038
:10C5C000019805B0BDE8F08F70B504462046FFF72E
:10C5D0003CFA054645B9E07908B1E57904E0A0796F
:10C5E00000F0020000B90725002D47D1D4E9021060
:10C5F000884241D9A068E060A07940F02000A07195
:10C60000A06838B921692068FEF747F9054600207F
:10C6100020611DE061692068FEF730F806460025BC
:10C62000701C00B90125012E00D1022585B92068B2
:10C630004069B0420CD96FF0704261692068FEF722
:10C6400091F8054625B931462068FEF726F90546DA
:10C6500095B9A07900F0400070B1216848780123B5
:10C6600004F12801A269FDF77FFE08B1012503E06E
:10C67000A07920F04000A07105B1E571284670BD99
:10C68000F1B596B0012216A90DA8FFF714F80446DB
:10C69000002C54D14FF40070FDF7FAFE074617B98D
:10C6A000112017B0F0BD149701A813900DA816998A
:10C6B000FEF74EFF044600BF002C3DD1129E0EB97E
:10C6C000062404E0F07A00F0010000B107243146AE
:10C6D0000D98FEF7A1FA0546ECB9F07A00F01000CB
:10C6E000C8B1022D01D2022415E024220DA904A80C
:10C6F000FDF7E0FE0695022104A8FEF788F904463E
:10C700004CB9002104A8FEF73FFC044604B90724F5
:10C71000042C00D100247CB90DA8FEF730FD04469E
:10C7200054B925B129460D98FEF7B7F804461CB94F
:10C730000D98FDF732FF04463846FDF7B0FE20465F
:10C74000AFE72DE9F14F8CB0FDF7A0FE06460122C0
:10C750000CA903A8FEF7AFFF0546002D7BD14FF4CF
:10C760000070FDF795FE8046B8F1000F03D111204F
:10C770000DB0BDE8F08FCDF82880CDF824D003A807
:10C780000C99FEF7E5FE054605B9082500BF042D06
:10C790007AD100210398FEF7B6F80746002507B9BD
:10C7A0000725012F00D10225781C00B901251DB9EC
:10C7B0000398FDF7B3FE0546002D5BD1394603987B
:10C7C000FDF74FFF8246039800F130044FF40072EA
:10C7D00000212046FDF77BFE0B2220212046FDF79D
:10C7E00076FE2E2020701020E072A675310AE175C9
:10C7F000310C2176310E617639462046FEF71CFA5F
:10C800002022214604F12000FDF754FE2E2084F85A
:10C810002100DDF814B003980078032804D10398B0
:10C82000406A584500D1AB46594604F12000FEF756
:10C8300003FA039890F8029018E00398C0F82CA02F
:10C840000AF1010A0120039908710398FDF766FEB9
:10C8500005460DB10DE030E04FF400720021204696
:10C86000FDF735FEA9F1010000F0FF09B9F1000F55
:10C87000E3D100BF1DB903A8FEF7ECFB054625B1C7
:10C8800039460398FEF709F814E0089C1020E0727E
:10C89000A675310AE175310C2176310E6176394683
:10C8A0002046FEF7C9F90120039908710398FDF7A6
:10C8B00074FE05464046FDF7F2FD284658E72DE98F
:10C8C000F7418DB08846144601220DA904A8FEF751
:10C8D000F2FE07464FBB4FF40070FDF7D9FD064648
:10C8E0001EB9112010B0BDE8F0810B9601A80A9086
:10C8F00004A80D99FEF72CFE07463046FDF7CFFD44
:10C9000000BF97B9099D0DB906270EE004F0270472
:10C9100008EA0400E97AA1430843E8720120049977
:10C9200008710498FDF739FE07463846DAE7F3B593
:10C930008DB00D4601220DA904A8FEF7BCFE0746E6
:10C9400057BB4FF40070FDF7A3FD064616B9112042
:10C950000FB0F0BD0B9601A80A9004A80D99FEF740
:10C96000F7FD07463046FDF79AFD00BFA7B9099CC1
:10C970000CB9062710E0A879A075E8880112E175C6
:10C9800028792076A888011261760120049908711F
:10C990000498FDF702FE07463846D9E72DE9F34132
:10C9A0009CB001221CA913A8FEF785FE0446002CAA
:10C9B00078D113980A904FF40070FDF769FD07468F
:10C9C0001FB911201EB0BDE8F0811A9701A8199077
:10C9D00013A81C99FEF7BCFD044600BF002C75D1BE
:10C9E000189808B9042471E0189800F10B01152279
:10C9F00004A8FDF75FFD242213A90AA8FDF75AFD3C
:10CA00001DA8FEF7EDFD002805DB0AA81D99FEF71D
:10CA10009FFD044600E00B2404B90824042C55D1E2
:10CA20000AA8FEF717FB0446002C4FD10F9D1322D6
:10CA30000DF1120105F10D00FDF73CFD9DF8100010
:10CA400040F02000E8720120139908710C991598A4
:10CA5000884231D0E87A00F0100068B32946139874
:10CA6000FEF7DAF8804641461398FDF7FAFD0646D0
:10CA70000EB9022420E031461398FDF775FD0446F7
:10CA8000139800F15005BCB968782E2814D113987A
:10CA90000078032807D113990C98496A884202D17B
:10CAA000002001E015E00C98064631462846FEF7C6
:10CAB000C3F801201399087144B913A8FEF75FFB6E
:10CAC00004461CB91398FDF768FD04463846FDF787
:10CAD000E6FC204676E72DE9F74189B00D46904601
:10CAE000002209A96846FEF7E6FD044624BB1DB3F3
:10CAF0000020029000216846FDF789FF0446DCB95A
:10CB000001216846FEF740FA044684B90B22284604
:10CB10000599FDF7CFFC0B2700BF0020E85507B9AA
:10CB200004E0781E0746285C2028F6D000BF042CBD
:10CB300002D100202870002444BBB8F1000F25D09A
:10CB4000009A1046D169FDF70FFD0446F4B900982C
:10CB50000078032801D1432000E0272006460098F2
:10CB600030303044C078010600983030304480784E
:10CB700041EA0041009830303044407841EA0020DA
:10CB800000993031895D0843C8F8000020460CB098
:10CB9000BDE8F0812DE9F14F8CB001220CA903A86A
:10CBA000FEF789FD8146B9F1000F03D048460DB06C
:10CBB000BDE8F08F00208DF80000002700E07F1C0A
:10CBC0000C98C05D0028FAD100E07F1E27B1781EC6
:10CBD0000C99085C2028F8D0002F5ED00026B046C3
:10CBE00000BF3046761C0C990C5C812C20DBE0B237
:10CBF000FE281DDCB8F10A0F18D2BE4216D20C98DE
:10CC0000805D402803DB0C98805D7E2807DD0C9852
:10CC1000805D80280ADB0C98805DFE2806DC3046AB
:10CC2000761C0C99085C40EA042000E0002084B2E5
:10CC30000121204601F0BCF9834601F0F3F9824658
:10CC4000002101F0B5F904465CB12146FEA0FDF7D4
:10CC50005BFC30B9FF2C01DD0A2000E00B204045D1
:10CC600001D80620A3E7FF2C05DD2212404608F17B
:10CC700001080DF80020E2B2404608F101080DF865
:10CC80000020BE42ADD305E02022404608F1010855
:10CC90000DF80020B8F10B0FF6D30020059000210D
:10CCA00003A8FDF7B4FE8146B9F1000F5BD1012165
:10CCB00003A8FEF769F98146B9F1000F21D19DF86B
:10CCC000000098B10B2269460898FDF7F3FBFDF7C9
:10CCD000DDFB054608998D75290A0898C175290C50
:10CCE00008980176290E0898417602E0E520089917
:10CCF00008700120039908710398FDF74EFC8146E6
:10CD000031E0B9F1040F2ED14FF000099DF8000079
:10CD100048B3012103A8FDF751FF8146B9F1000F87
:10CD200021D1202200210898FDF7D1FB0B22694672
:10CD30000898FDF7BFFB08200899C872FDF7A6FB0D
:10CD4000054608998D75290A0898C175290C089817
:10CD50000176290E089841760120039908710398FD
:10CD6000FDF71BFC8146484621E72DE9F74F90B0BF
:10CD7000914610A8FEF734FC0F900F98002803DAB4
:10CD80000B2013B0BDE8F08F1198012801DD1320AE
:10CD9000F7E7A9F1010000EA090008B11320F0E764
:10CDA000AD490F9851F820B0BBF1000F01D10C2014
:10CDB000E7E700208BF800000F98C0B20C9000202D
:10CDC0000B900C98FDF776FA0190019800F00100A5
:10CDD00008B10320D5E7019800F0040008B10A204B
:10CDE000CFE700BF04AA01210C98FDF7FAFA10B9A9
:10CDF0000498802801D20120C3E7119808B10020CF
:10CE000000E03F2080460498A0EB08000490B9F1B0
:10CE1000000F13D14FF4FA610498B0FBF1F00A90BF
:10CE20004FF0000A01E00AF1010A8C4830F81A10AC
:10CE30000A988142F7D88A4830F81A904FEA59295F
:10CE4000B9F1000F01D14FF00109B9F1800F01D9FB
:10CE50004FF080090498B0FBF9F7012540F6F67011
:10CE6000874200D302254FF6F670874200D3032590
:10CE7000032D0AD1082000EB870000F2FF10460ABC
:10CE8000202003900020029011E0012D05D107EB36
:10CE90004700401C4008C01C01E07800001D064609
:10CEA00006F2FF10460A012003902020029003980A
:10CEB0004044079007983044069002990698084429
:10CEC000059005984844A0EB08000499884201D9D0
:10CED0000E2056E709AA03210C98FDF782FA28B91B
:10CEE000099818B10998B0F5004F01D901200990AF
:10CEF000099905980844401E491E884309900999DC
:10CF00000598081A0990032D08D109990398084437
:10CF10000390099907980844079001E0099806448E
:10CF2000DDE90301081A811B0298081AB0FBF9F722
:10CF3000022D03D140F6F670874205D3032D05D1AB
:10CF40004FF6F670874201D20E201AE7032D02D168
:10CF50000C200D9010E0012D06D10498B0F5803F13
:10CF600002D201200D9007E00498B0F5803F01D275
:10CF7000042000E006200D9000BF119810B1F020B1
:10CF80000E9044E04FF4007200210BF13000FDF7E9
:10CF90009EFA0BF5F77401206070A0700020E0701D
:10CFA0000D982071FE206071049840443F21B0FB31
:10CFB000F1F0FF21B0FBF1F009903F21099841EA1F
:10CFC0009000A0710998E0713F20207200216172E9
:10CFD000A172E172049820730498010A61730498A5
:10CFE000010CA1730498010EE17355218BF82E12E8
:10CFF000AA218BF82F12012300220BF130010C988B
:10D00000FDF7B2F908B10120BBE6F8200E900BF154
:10D0100030044FF4007200212046FDF758FA0B222D
:10D0200010A12046FDF746FA4FF4007A84F80BA0D1
:10D030004FEA1A21217384F80D900398A073039886
:10D04000010AE173012013E0222A2B2C2E3A3B3CEB
:10D050003D3E3F5B5D7C7F0020BF0120B2020108A6
:10D06000C8020108EBFE904D53444F53352E30005B
:10D070002074032D01D1002001E04FF4007082469E
:10D0800084F811A04FEA1A21A1740498B0F5803FEA
:10D0900005D20498E0740498010A217510E0049800
:10D0A00084F820000498C0F307212120015504983A
:10D0B000C0F30741222001550498010E2320015599
:10D0C0000E9860753F20207600216176FF20A076C3
:10D0D000E17684F81C804FEA182161774FEA184105
:10D0E000A1774FEA1861E177FDF7D0F90990032D98
:10D0F0003ED1099884F843000998C0F307214420E1
:10D1000001550998C0F30741452001550998010EC2
:10D110004620015584F82460C6F3072125200155D7
:10D12000C6F3074126200155310E27200155022064
:10D1300084F82C0000212D2001552E2001552F2090
:10D140000155012084F8300031200155062084F873
:10D15000320033200155802084F84000292084F8D3
:10D1600042001322FEA104F14700FDF7A3F91FE0DE
:10D17000099884F827000998C0F307212820015551
:10D180000998C0F30741292001550998010E2A206A
:10D190000155A675310AE175802084F82400292004
:10D1A00084F826001322F3A104F12B00FDF782F985
:10D1B000552084F8FE01AA2140F2FF1001550123F9
:10D1C000424621460C98FDF7CFF808B10120D8E57A
:10D1D000032D06D1012308F1060221460C98FDF724
:10D1E000C3F8079808904FF0000A61E04FF400720E
:10D1F00000212046FDF76BF90E980990032D14D0FD
:10D20000012D01D1E04801E06FF0FF0009990843CA
:10D210000990099820700998000A60700998000C1C
:10D22000A0700998000EE07019E0099860F0FF0006
:10D230000990099820700998000A60700998000CFC
:10D24000A0700998000EE070FF202071FF2161712D
:10D25000A171E17120726172A1720F21E1720898CF
:10D26000411C02460123089121460C98FDF77CF8E9
:10D2700008B1012085E54FF4007200212046FDF73A
:10D2800026F9012009900EE00898411C024601236E
:10D29000089121460C98FDF767F808B1012070E568
:10D2A0000998401C09900998B042EDD30AF1010A8F
:10D2B000BAF1000F9AD0032D01D1484600E0029840
:10D2C000824600BF0898411C02460123089121466E
:10D2D0000C98FDF749F808B1012052E5AAF10100C8
:10D2E000B0F1000AEED1032D46D1522020706070BB
:10D2F0006120A0704120E070722084F8E401722166
:10D3000040F2E51001554121401C01556121401CAE
:10D310000155781E84F8E801C0F3072140F2E910B6
:10D320000155781EC0F307414FF4F5700155781E82
:10D33000010E40F2EB100155022084F8EC010021AF
:10D3400040F2ED100155401C0155401C015555207F
:10D3500084F8FE01AA2140F2FF100155012308F1D3
:10D36000010221460C98FCF7FFFF012308F1070298
:10D3700021460C98FCF7F8FF002211460C98FDF7A7
:10D3800030F808B10120FCE40020FAE42DE9FC4764
:10D3900007468846914600243E4613E06B4601222C
:10D3A00001A94846FEF757FC0098012800D00DE07F
:10D3B0009DF8045000BF06F8015B641C0A2D00D1E3
:10D3C00004E000BFA8F10100A042E7DC00BF00209C
:10D3D000307014B13846BDE8FC870020FBE7F8B593
:10D3E00004460E4600BF6568002D00DAF8BD2846E9
:10D3F0006D1C04F10C010E543D2D0CDB6B462A46CE
:10D400002068FEF708FD0098A84201D1002001E045
:10D410004FF0FF3005466560A068401CA06000BF6B
:10D42000E4E730B595B004460D4602950020039020
:10D430000490214602A8FFF7D2FF039800280DDBD5
:10D4400001AB05A9DDE90202FEF7E5FC30B901995F
:10D450000398884202D1049815B030BD4FF0FF30D8
:10D46000FAE730B595B004460D46029500200390CA
:10D47000049004E014F8011B02A8FFF7B0FF207825
:10D480000028F7D1039800280DDB01AB05A9DDE9E1
:10D490000202FEF7C0FC30B901990398884202D11C
:10D4A000049815B030BD4FF0FF30FAE70FB42DE906
:10D4B000F04F9BB02498019000200290039026A882
:10D4C0001A9000BF259810F8014B259004B924E16B
:10D4D000252C04D0214601A8FFF781FFF2E70020A8
:10D4E00006468146259810F8014B2590302C05D131
:10D4F0000126259810F8014B259006E02D2C04D12B
:10D500000226259810F8014B259009E009EB8900C7
:10D5100004EB4000A0F13009259810F8014B25904C
:10D52000302C01DB392CF1DD6C2C01D04C2C05D1D9
:10D5300046F00406259810F8014B259004B9ECE05C
:10D540002546612D04DB7A2D02DCA5F12000C5B251
:10D550004F2D60D01DDC422D5AD0432D4FD015E009
:10D560004E4F204E414D452020202046415433321D
:10D57000202020004E4F204E414D452020202046A7
:10D58000415420202020200000FFFF00442D4CD1DA
:10D5900044E0532D04D0552D41D0582D45D141E0C4
:10D5A0001A9850F804BB1A904FF0000801E008F1F7
:10D5B00001081BF808000028F9D106F0020048B95C
:10D5C00003E0202101A8FFF70AFF404608F1010807
:10D5D0004845F6D304E01BF8011B01A8FFF7FFFE46
:10D5E0009BF800000028F6D103E0202101A8FFF7F6
:10D5F000F6FE404608F101084845F6D362E71A985E
:10D6000010F8042BD1B21A9001A8FFF7E8FE59E7F1
:10D61000022019900EE0082019900BE000BF0A20AC
:10D62000199007E01020199004E0214601A8FFF7A7
:10D63000D6FE47E700BF06F0040028B11A9800683C
:10D640001A99091D1A910CE0442D05D11A98006809
:10D650001A99091D1A9104E01A9800681A99091D6F
:10D660001A918246442D06D10AF0004018B1CAF141
:10D67000000A46F00806002700BF1998BAFBF0F12F
:10D6800000FB11A0C5B21998BAFBF0FA092D06DD0E
:10D69000782C01D1272000E007202844C5B205F1ED
:10D6A0003000C2B238467F1C14A90A54BAF1000FE8
:10D6B00001D0102FE1D306F0080020B12D2238460A
:10D6C0007F1C14A90A54B84606F0010008B13020A6
:10D6D00000E02020054603E0294601A8FFF77FFE71
:10D6E00006F0020020B9404608F101084845F3D38E
:10D6F00000BF781E074614AA115C01A8FFF76FFE51
:10D70000002FF6D103E0294601A8FFF768FE404646
:10D7100008F101084845F6D3D4E600BF00201A906E
:10D720000298002810DB18AB04A9DDE90102FEF71E
:10D7300072FB48B918990298884205D103981BB02A
:10D74000BDE8F00F5DF814FB4FF0FF30F7E7000085
:10D7500010B500240EE04FF40C710020FBF7BFFC65
:10D760005C4941F82400084650F8240000B903E061
:10D77000601CC4B2032CEEDB00BF4FF40A71002022
:10D78000FBF7ADFC544908604FF40A710020FBF729
:10D79000A6FC524908604FF400710020FBF79FFC83
:10D7A0004F490860032C0AD14B48006838B14B48F8
:10D7B000006820B10846006808B1002010BD0120B3
:10D7C000FCE70146412901DA08467047612903DB7D
:10D7D000A1F12000C0B2F8E70846F6E72DE9FC41C8
:10D7E00005460027002405E0601CC4B2287800B973
:10D7F00002E06D1CFA2CF7DB00BFFA2C02D1FF20EF
:10D80000BDE8FC81002408E06D1E28782E2802D196
:10D810006D1C2F4603E0601CC4B2052CF4DB00BF76
:10D820003946684600F0CCFD002407E01DF80400EE
:10D83000FFF7C7FF0DF80400601CC4B2042CF5DB31
:10D8400000241DE0002616E0264800EB041050F8E6
:10D850002600007800B910E0224901EB041151F8CC
:10D860002600694600F016FE18B946EA0410C0B258
:10D87000C6E7701CC6B2042EE6DB00BF601CC4B253
:10D88000072CDFDBFF20BBE72DE9FC4707460C46F2
:10D890001546002000908046814601AA6946384618
:10D8A000FEF711FE06468EB901984069801E019967
:10D8B000897800FB01F901988078009900FB01F854
:10D8C0004FEA590020604FEA580028603046BDE812
:10D8D000FC8700002CBF0120580200205C020020C1
:10D8E00068020020E002010870B504460D46F849C0
:10D8F0002A4688682146FEF7C3F870BD70B5044615
:10D900000D462A462146F3480068FEF7E4F806462D
:10D91000304670BD10B5EF480068FEF7C9FB002027
:10D9200010BD2DE9F047044600260027EAA000F0CC
:10D93000BFFBB14625E0EE4B4FF40072ED480168A5
:10D94000E4480068FEF787F9064626B13146EAA0AA
:10D9500000F0AEFB1BE0E6480088384487B20025A3
:10D9600007E0E4480068415DE7A000F0A1FB681C07
:10D9700085B2DF4800688542F3D309F101001FFA40
:10D9800080F9E11704EBD151B9EB612FD3DB00BF74
:10D99000E11704EBD1514912A4EB412131B3A04668
:10D9A000E01704EBD0504012A4EB4022D04BD148FA
:10D9B0000168C8480068FEF74EF9064626B13146B0
:10D9C000D2A000F075FB11E0C9480088384487B246
:10D9D000002507E0C7480068415DCBA000F068FB68
:10D9E000681C85B2C24800688542F3D31FB139462E
:10D9F000CBA000F05DFBD0A000F05AFB3046BDE8A4
:10DA0000F08770B505460E46D0A000F051FB3146B8
:10DA1000D4A000F04DFBD84B32462946AD480068F3
:10DA2000FEF7F9F9044624B12146D4A000F040FBEA
:10DA300004E0D1480168D6A000F03AFBDAA000F07B
:10DA400037FB204670BD10B504462146DB48FEF783
:10DA500088FC10BD10B5D948FEF7C7FC10BD70B5E5
:10DA600040F2FF10D649C8610846C1690020FBF7A3
:10DA700036FBD3498861D148FEF7C2FC044614B98D
:10DA8000CF48407A30B9CE4881690020FBF717FBB8
:10DA9000204670BDCA488069007810B1C8488069C6
:10DAA00001E0C74809300546C6A000F001FBC348A5
:10DAB0008188C8A000F0FCFAC048C188C8A000F066
:10DAC000F7FABE488168CAA000F0F2FABB48C16804
:10DAD000CBA000F0EDFAB9480169CDA000F0E8FA5A
:10DAE00082A000F0E5FA2946CDA000F0E1FAB448A2
:10DAF0000168D0A000F0DCFAB1488188D2A000F023
:10DB0000D7FAAF48C188D5A000F0D2FAAC48017A64
:10DB1000D7A000F0CDFA75A000F0CAFAA848816934
:10DB20000020FBF7CCFA0020B3E770B5054640F2C1
:10DB3000FF10A349C8610846C1690020FBF7CFFA6E
:10DB40009F49886129469D48FEF70BFC04460CBBA3
:10DB500066A000F0ADFA1BE099499848FEF750FC2A
:10DB6000044614B99648407A00B912E09448806996
:10DB7000007810B19248806901E09148093006466A
:10DB80002946C0A000F094FA3146BFA000F090FAF8
:10DB9000E2E700BF8A4881690020FBF790FA20463F
:10DBA00070BD2DE9FC4106460020009000240025B0
:10DBB00001AA69463046FEF786FC0746002F19D1B8
:10DBC00001984069801E0199897800FB01F5019850
:10DBD0008078009900FB01F4B5F5A04F05D26208EA
:10DBE0006908ABA000F064FA04E0E20AE90AB2A016
:10DBF00000F05EFA2046BDE8FC8110B504462146DF
:10DC000034480068FEF766FA10BD32480068806844
:10DC1000704730480068C068704710B50446204619
:10DC2000FEF78FFD10BD70B504460D461646324610
:10DC300029462046FFF799F870BD10B504462046E6
:10DC4000FEF71EFD10BD70B504460D462946204660
:10DC5000FEF7A4FE70BD30B587B0044600200190E9
:10DC600001AA02A92046FEF736FF054655B902AAC9
:10DC700021469BA000F01CFA21469FA0019A00F0CB
:10DC800017FA03E02946A2A000F012FA07B030BD4F
:10DC900070B504462046FEF77DFF054625B92146AE
:10DCA000A1A000F005FA03E02946A5A000F000FAC3
:10DCB00070BD70B504460748214602680D480068EB
:10DCC000FFF764FB0546287800B970BD48E1000005
:10DCD0002CBF0120580200200D0A526561642066A5
:10DCE000696C6520646174612069733A0D0A0000F3
:10DCF0006002002068020020526561642045727253
:10DD00006F723A25640D0A00256300000D0A526502
:10DD10006164204572726F723A25640D0A0000003A
:10DD20000D0A5265616465642064617461206C65EC
:10DD30006E3A25640D0A00005265616420646174C6
:10DD400061206F7665720D0A000000000D0A4265C1
:10DD500067696E2057726974652066696C652E2E3E
:10DD60002E0D0A0057726974652064617461206C1D
:10DD7000656E3A25640D0A006402002057726974CA
:10DD800065204572726F723A25640D0A000000002A
:10DD90005772697465642064617461206C656E3AC1
:10DDA00025640D0A000000005772697465206461E3
:10DDB0007461206F7665722E0D0A000058BF012035
:10DDC00038BF01200D0A2044495220696E666F3A1F
:10DDD0000D0A00006469722E69643A25640D0A0018
:10DDE0006469722E696E6465783A25640D0A0000D4
:10DDF0006469722E73636C7573743A25640D0A003E
:10DE00006469722E636C7573743A25640D0A0000A0
:10DE10006469722E736563743A25640D0A0000000C
:10DE200046696C65204E616D652069733A25730DF6
:10DE30000A00000046696C652053697A65206973A1
:10DE40003A25640D0A00000046696C65206461741F
:10DE5000612069733A25640D0A00000046696C650B
:10DE60002074696D652069733A25640D0A0000000D
:10DE700046696C6520417474722069733A25640D9B
:10DE80000A00000025732F0025730D0A0000000012
:10DE90000D0AB4C5C5CCD7DCC8DDC1BF3A256420A6
:10DEA0004B420D0ABFC9D3C3BFD5BCE43A25642099
:10DEB0004B420D0A000000000D0AB4C5C5CCD7DCEA
:10DEC000C8DDC1BF3A2564204D420D0ABFC9D3C386
:10DED000BFD5BCE43A2564204D420D0A0000000085
:10DEE0000D0AB4C5C5CC257320B5C4C5CCB7FBCECF
:10DEF000AA3A25730D0A0000B4C5C5CC257320B518
:10DF0000C4D0F2C1D0BAC53A25580D0A0D0A000096
:10DF10000D0ABBF1C8A1CAA7B0DCA3ACB4EDCEF327
:10DF2000C2EB3A25580D0A000D0AB4C5C5CCC5CCC4
:10DF3000B7FBC9E8D6C3B3C9B9A63A25730D0A0021
:10DF40000D0AB4C5C5CCC5CCB7FBC9E8D6C3CAA7B2
:10DF5000B0DCA3ACB4EDCEF3C2EB3A25580D0A0009
:10DF600029460BA000F0A4F800BF70BD10B5044610
:10DF70000E4801682046FFF754FAC0B210BD10B534
:10DF800004460A4801682046FFF76BFAC0B210BD8C
:10DF90000D0A54686520537472696E67205265617A
:10DFA0006465642049733A25730D0A005802002005
:10DFB0002DE9F04102460F46802A01DA10462FE093
:10DFC0001FB1244B45F2205602E0234B45F2205668
:10DFD0000025102416E0A6EB050C0CEBDC7805EB15
:10DFE00068014FEA410C33F81CC0944500D10BE0A6
:10DFF0004FEA410C33F81CC0944501DA0D4600E0AD
:10E000000E46641E002CE6D100BF34B14FF0010C67
:10E010000CEB410C33F81CC001E04FF0000C6046E3
:10E02000BDE8F0810246002100E0491C0B4830F8B1
:10E03000110020B1094830F811009042F5D107488D
:10E0400030F8110018B1064830F81100704710463A
:10E05000FCE70000D45702085003010858AC03083D
:10E0600038AE0308704710B54C1084EA530404D549
:10E070004042C1F1000138BF491E1B4204D5524243
:10E08000C3F1000338BF5B1E00F048FA14F0804F64
:10E0900004D04042C1F1000138BF491E14F0004FC6
:10E0A00004D05242C3F1000338BF5B1E10BD000014
:10E0B0000FB4044910B503AA029800F015FB10BC78
:10E0C0005DF814FB3000002070B5044685690068D7
:10E0D000C10601D5302600E02026C00707D070BD5C
:10E0E000D4E9012130469047206A401C20626D1E11
:10E0F000F6D570BD70B5044685690078C00707D1B4
:10E1000070BDD4E9012120209047206A401C206284
:10E110006D1EF6D570BD70B50C460546012A05D0BA
:10E120002878800600D5EA69002302E0012305E093
:10E130005B1C934202D2E05C0028F9D1A869E61882
:10E14000C01AA861286A184428622846FFF7BCFF55
:10E1500004E0D5E9012114F8010B9047B442F8D34B
:10E160002846FFF7C7FF70BD2DE9F04106460024A1
:10E1700010687529314616A510D0AFF3008000282D
:10E1800002DA404213A507E031688A0701D512A5DB
:10E1900002E0490704D511A5012401E0AFF3008096
:10E1A00000210A2206F1240709E0B0FBF2FCB0FBD3
:10E1B000F2F302FB1C00303078541846491C00284A
:10E1C000F3D123462A463046BDE8F04100F01DBA9F
:10E1D000000000002D0000002B00000020000000C7
:10E1E00070B504460D4621461068AFF300802188C3
:10E1F000090502D50F4A7A4402E00E4A7A440E32EB
:10E20000002104F1240305E000F00F060009965DEB
:10E210005E54491C0028F7D120780023000704D55C
:10E22000702D02D009B1022311322046BDE87040A2
:10E2300000F0EBB91ECE02002DE9F05F89460446DE
:10E240004FF0000ADFF874B1FB44C0F820A020466C
:10E25000E1688847002874D0252806D0D4E9012138
:10E260009047206A401C2062F1E700265F46204666
:10E27000E16888472028054607DB312D05D278194B
:10E2800010F8200C08B10643F1E7B00701D526F0DD
:10E290000406C4F81CA00027C4F818A02A2D09D031
:10E2A000284600F0B3FA38B304EB8708303DC8F8CD
:10E2B000185019E059F8041B204604EB87029161BD
:10E2C000E1688847012F054618D1E069002820DA67
:10E2D00026F020061DE0D8F8180000EB800005EBC2
:10E2E00040003038C8F818002046E16888470546E5
:10E2F00000F08CFA0028EED1012F0AD02E2D08D183
:10E300002046E16888477F1C0546022F46F020061C
:10E31000C4DBA069002803DA404246F00106A06190
:10E32000F00701D026F010066C2D0BD0682D09D017
:10E330004C2D39D06A2D35D0742D35D07A2D33D06F
:10E3400016E038E0E1682F4620468847B842054687
:10E3500009D16C2F26D04FF48060E1680643204637
:10E360008847054604E06C2F1AD04FF480700643AE
:10E370000DB3A5F14100192802D8203546F40066F6
:10E380004A462946204626604E46F1F757FF80B19F
:10E3900001280BD0F61D26F0070000F1080956E70A
:10E3A0004020E4E78020D8E70020D6E706F1040902
:10E3B0004DE7284652E7206ABDE8F09FF4CD020001
:10E3C00040EA0103024630B59B0710D14FF00134FB
:10E3D00000E008C208C91D1B9D4315EAC41FF8D000
:10E3E00013F0FF0102F8011B0DD01B0AF8E711F82A
:10E3F000013B002B02F8013B05D011F8013B002B3B
:10E4000002F8013BF3D130BD032A40F2308010F016
:10E41000030C00F0158011F8013BBCF1020F6244BF
:10E4200098BF11F801CB00F8013B38BF11F8013B50
:10E43000A2F1040298BF00F801CB38BF00F8013BFD
:10E4400011F0030300F06281083AC0F0088051F82F
:10E45000043B083A51F804CBA0E80810F5E7121D78
:10E460005CBF51F8043B40F8043BAFF30080D20797
:10E4700024BF11F8013B11F801CB48BF11F8012B63
:10E4800024BF00F8013B00F801CB48BF00F8012B86
:10E49000704700004FF0013C50F8042B51F8043B4A
:10E4A0009A4221D1A2EB0C03934313EACC1317D168
:10E4B00050F8042B51F8043B9A4215D1A2EB0C03FF
:10E4C000934313EACC130BD150F8042B51F8043BBF
:10E4D0009A4209D1A2EB0C03934313EACC13DBD08D
:10E4E0004FF00000704700BFD01A01BAB1FA81F1B5
:10E4F00001F0180122FA01F0CB40C1F12001DBB29A
:10E50000C0B2C01A2CFA01F3D11A914311EAC31117
:10E51000E6D17047704770477047704753EA020C66
:10E5200000F069802DE9F04B4FF00006002B1FBF73
:10E53000B3FA83F503FA05F424FA05F65E4012BF38
:10E540001643B2FA82F502FA05F4C5F120051EBFA2
:10E5500022FA05FC44EA0C04203556EA044C4FEA42
:10E56000144418BF641C4FF000084FF0000990429B
:10E5700071EB030C39D3002919BFB1FA81F701FA05
:10E5800007F6B0FA80F700FA07F6C7F120071EBFBA
:10E5900020FA07FC46EA0C062037B6FBF4FCA7EB92
:10E5A0000507103F07F01F0BCBF120060CFA0BFB01
:10E5B0002CFA06F644BFB3460026202FA4BF5E46C1
:10E5C0004FF0000B5BEA060C08BF4FF0010B19EB94
:10E5D0000B09ABFB027C48EB0608C01B06FB02CC18
:10E5E0000BFB03CC71EB0C01C1E70B460246414625
:10E5F0004846BDE8F08B13B54FF000004FF0000126
:10E60000AFF30080BDE81C4070472DE9F0470D4690
:10E6100099469246044600F124080168880604D50C
:10E62000E06921F01001216000E00120A84201DD35
:10E63000471B00E00027A1697A1902EB0900081ABC
:10E64000A0612078C00602D42046FFF73DFD0026D9
:10E6500008E0D4E901211AF806009047206A401C1E
:10E66000761C20624E45F4DB2078C0060AD5204691
:10E67000FFF72AFD06E0D4E9012130209047206A07
:10E68000401C2062381EA7F10107F4DC07E0D4E942
:10E69000012118F805009047206A401C2062281EBE
:10E6A000A5F10105F3DC2046FFF724FD20780006E4
:10E6B00002D50220BDE8F0870120FBE710B54369D1
:10E6C00013B1AFF3008001E0FFF725FD012010BD7D
:10E6D000127800F124010A7000224A700122EDE74D
:10E6E00011684FF0FF32E9E7074B70B50D467B44E8
:10E6F00000F043F80446284600F052F810B14FF0FD
:10E70000FF3070BD204670BD237CFFFF10B5203A5E
:10E71000C0F00B80B1E81850203AA0E81850B1E8DA
:10E720001850A0E81850BFF4F5AF5FEA027C24BF90
:10E73000B1E81850A0E8185044BF18C918C0BDE887
:10E7400010405FEA827C24BF51F8043B40F8043B50
:10E7500008BF7047D20728BF31F8023B48BF11F805
:10E76000012B28BF20F8023B48BF00F8012B70475F
:10E7700001694A1C02610878704700B58FB0CDE985
:10E7800001310021059105497944CDE90310114675
:10E790006846FFF751FD0FB000BD0000E5FFFFFF29
:10E7A000007B00F080007047754600F02BF8AE4605
:10E7B00005006946534620F00700854618B020B58D
:10E7C000F7F758FEBDE820404FF000064FF0000775
:10E7D0004FF000084FF0000B21F00701AC46ACE809
:10E7E000C009ACE8C009ACE8C009ACE8C0098D4676
:10E7F000704710B50446AFF300802046BDE81040D6
:10E80000F1F73CBD004870477CBF012030380A2832
:10E8100001D2012070470020704700004FEA1153D9
:10E82000A3F58063D3F11E03A8BFD3F1200C08DB4E
:10E830004FF0004242EAC12252EA505232FA03F04B
:10E84000704709420BD4102BC4BF0020704703F55A
:10E85000787CBCF1FF3F05D04FF0FF3070474FF0A0
:10E860000000704770B500F0C3F800BF49922480E3
:10E8700000207047F0E7B0FA80F310FA03F10AD0F5
:10E88000C3F11D0303F580634FEA41504FEA035281
:10E8900002EBD12170474FF000007047DFF848C10C
:10E8A00070B51CEA111E1EBF1CEA13159EEA0C0F60
:10E8B00095EA0C0F00F06F8081EA030423EA4C1301
:10E8C0004EEAD47E21EA4C1141F4801143F48013C6
:10E8D000AE44A1FB024CA0FB0365AEF17F7E36196E
:10E8E00055EB0C05A1FB034C4CF10003A0FB021CF3
:10E8F00016EB0C06654153F10003094218BF46F0C0
:10E90000010613F4007F0BD14FEA03314FEA0530C3
:10E91000340341EA155140EA16506FF003020AE051
:10E920004FEAC3214FEAC520F40241EA555140EABB
:10E9300056506FF0020202EB2E4201EB025585EABF
:10E94000CE710AD05FEA440C18BF24F0004450F1A5
:10E95000000041F1000120EAD47040F2FE7C6245E3
:10E9600000D270BDA84214BF4FF080444FF0404425
:10E97000002E08BF0024BEF1806FA8BFA1F1C041E6
:10E98000BDE8704080F282804FF0000001F1C0418C
:10E9900001F0004170479EEA0C0F0CEA131518BFF6
:10E9A00095EA0C0F06D04FF0000081EA030E0EF03E
:10E9B000004170BD00F01CF88900013E00F007B86E
:10E9C00000F009B84FEA430C5FEA5C5C08D081EACA
:10E9D000030100F05BB84FEA410C5FEA5C5CF6D1E2
:10E9E0004FF00000014970470000FF070000F87F6A
:10E9F0000EF1020E2EF0030E5EF8046B364205D4C3
:10EA0000012A43EB030515F5001F12D8012841EB3D
:10EA1000010C1CF5001F0CD80ED14FEAD17C15F566
:10EA2000001F0CEB4C0C0CF1020C08BF4CEBD37C20
:10EA300004E04FF0080C01E04FEAD37C0CEB4C05EE
:10EA400026FA05F606F00706B6F1040C06D20EEB20
:10EA5000860CBDE870404CF0010C6047DFE80CF01C
:10EA6000090B02024FF000414FF00000A1F5002118
:10EA700070BD19461046012851EB010418BFD4F5AA
:10EA8000001484BF002001F0004170BD0808A0F50B
:10EA900000114FEA310170474FF04070E1EE100A6B
:10EAA00070470000000000000000000000000000AF
:10EAB00000003F4000000000000000003000400067
:10EAC00030004000000009000BC03D000BC03D00BD
:10EAD000090018C024407FE0224031800000180067
:10EAE00024C01B000D803240018003801C40274061
:10EAF0001C80074000401000600000000000000083
:10EB000000000000000000001F80204040200000A6
:10EB1000402020401F8000000000090006001F80E8
:10EB2000060009000000040004003F800400040007
:10EB30000000001000600000000000000000040061
:10EB40000400040004000400000000000040000075
:10EB5000000000000000002001C006003800400056
:10EB600000001F802040204020401F800000000047
:10EB700010403FC000400000000018C0214022406B
:10EB800024401840000010802040244024401B8076
:10EB9000000002000D0011003FC0014000003C8059
:10EBA000244024402440238000001F80244024402F
:10EBB0003440038000003000200027C038002000CF
:10EBC00000001B802440244024401B8000001C00C7
:10EBD00022C0224022401F800000000000000840A8
:10EBE00000000000000000000000046000000000C1
:10EBF0000000000004000A001100208040400900CD
:10EC000009000900090009000000000040402080C0
:10EC100011000A00040018002000234024001800FE
:10EC200000001F802040274029401F400000004076
:10EC300007C039000F0001C0004020403FC0244001
:10EC400024401B8000001F80204020402040308056
:10EC5000000020403FC0204020401F800000204096
:10EC60003FC024402E4030C0000020403FC0244020
:10EC70002E00300000000F00108020402240338022
:10EC8000020020403FC0040004003FC0204020405C
:10EC900020403FC020402040000000602020202075
:10ECA0003FC02000200020403FC024400B0030C067
:10ECB000204020403FC020400040004000C03FC0F6
:10ECC0003C0003C03C003FC0000020403FC00C405F
:10ECD00023003FC020001F802040204020401F8094
:10ECE000000020403FC024402400180000001F8086
:10ECF0002140214020E01FA0000020403FC02440D0
:10ED0000260019C0004018C0244024402240318011
:10ED10000000300020403FC02040300000002000B4
:10ED20003F80004000403F80200020003E0001C0A6
:10ED3000070038002000380007C03C0007C038003A
:10ED40000000204039C0060039C0204000002000EB
:10ED5000384007C0384020000000304021C0264025
:10ED6000384020C00000000000007FE0402040202C
:10ED70000000000070000C00038000400000000054
:10ED8000402040207FE00000000000002000400004
:10ED90002000000000000010001000100010001003
:10EDA0000010000000004000000000000000000013
:10EDB00002800540054003C0004020003FC00440E1
:10EDC000044003800000000003800440044006402B
:10EDD000000000000380044024403FC000400000C9
:10EDE00003800540054003400000000004401FC0B0
:10EDF000244024402000000002E005500550065049
:10EE0000042020403FC00440040003C00040000034
:10EE1000044027C000400000000000100010041053
:10EE200027E00000000020403FC00140070004C070
:10EE30000440204020403FC000400040000007C088
:10EE4000040007C0040003C00000044007C00440E1
:10EE5000040003C00040000003800440044003801D
:10EE60000000041007F0045004400380000000007C
:10EE700003800440045007F00010044007C0024023
:10EE8000040004000000000006400540054004C0E6
:10EE90000000000004001F80044000400000040047
:10EEA00007800040044007C000400400070004C081
:10EEB000018006000400060001C0070001C0060032
:10EEC0000000044006C0010006C004400000041019
:10EED000071004E00180060004000000044005C0A3
:10EEE0000640044000000000000004007BE04020D9
:10EEF0000000000000000000FFF000000000000023
:10EF000040207BE004000000000040008000400042
:10EF10002000200040000000000000000000000071
:10EF20000000000000000000000000001FCC000CEA
:10EF30000000000000000000080030006000080031
:10EF4000300060000000022003FC1E20022003FCB1
:10EF50001E200220000000000E1811043FFF108444
:10EF60000C78000000000F0010840F3800C00778F4
:10EF700018840078000000780F8410C411240E98C3
:10EF800000E4008400080800680070000000000031
:10EF900000000000000000000000000007E018185A
:10EFA000200440020000000040022004181807E07E
:10EFB0000000000000000240024001800FF00180CC
:10EFC0000240024000000080008000800FF80080B6
:10EFD0000080008000000001000D000E0000000015
:10EFE0000000000000000000008000800080008021
:10EFF0000080008000800000000C000C0000000079
:10F000000000000000000000000600180060018001
:10F01000060018002000000007F008081004100483
:10F02000080807F000000000080408041FFC0004A2
:10F0300000040000000000000E0C10141024104406
:10F0400011840E0C000000000C18100411041104AF
:10F0500012880C700000000000E003200424082443
:10F060001FFC0024000000001F98108411041104EC
:10F07000108810700000000007F0088811041104C7
:10F0800018880070000000001C00100010FC130025
:10F090001C001000000000000E3811441084108481
:10F0A00011440E38000000000700088C1044104482
:10F0B000088807F00000000000000000030C030CAB
:10F0C0000000000000000000000000010106000038
:10F0D0000000000000000000008001400220041039
:10F0E0000808100400000220022002200220022052
:10F0F0000220022000000000100408080410022072
:10F1000001400080000000000E001200100C106C86
:10F1100010800F00000003E00C1813E4142417C43F
:10F12000082807D000000004003C03C41C4007402E
:10F1300000E4001C000410041FFC1104110411045D
:10F140000E880070000003E00C1810041004100476
:10F1500010081C10000010041FFC10041004100400
:10F16000080807F0000010041FFC1104110417C464
:10F1700010040818000010041FFC1104110017C02F
:10F1800010000800000003E00C18100410041044E4
:10F190001C780040000010041FFC108400800080D8
:10F1A00010841FFC10040000100410041FFC100445
:10F1B00010040000000000030001100110011FFEF8
:10F1C00010001000000010041FFC110403801464E0
:10F1D000181C1004000010041FFC1004000400049C
:10F1E0000004000C000010041FFC1F0000FC1F00A6
:10F1F0001FFC1004000010041FFC0C04030000E0BE
:10F2000010181FFC100007F0080810041004100468
:10F21000080807F0000010041FFC10841080108004
:10F2200010800F00000007F0081810241024101C94
:10F23000080A07F2000010041FFC1104110011C09D
:10F2400011300E0C000400000E1C110410841084F8
:10F2500010441C3800001800100010041FFC10049B
:10F2600010001800000010001FF810040004000433
:10F2700010041FF8100010001E0011E0001C0070A8
:10F2800013801C0010001FC0103C00E01F0000E0B5
:10F29000103C1FC000001004180C163401C001C03F
:10F2A0001634180C100410001C00130400FC130486
:10F2B0001C00100000000804101C106410841304CB
:10F2C0001C04101800000000000000007FFE400237
:10F2D000400240020000000030000C00038000608B
:10F2E000001C0003000000004002400240027FFEBC
:10F2F000000000000000000000002000400040006E
:10F300004000200000000001000100010001000198
:10F31000000100010001000040004000200000004A
:10F320000000000000000000009801240144014496
:10F33000014400FC000410001FFC008801040104CB
:10F3400000880070000000000070008801040104C3
:10F35000010400880000000000700088010401041E
:10F3600011081FFC0004000000F80144014401449E
:10F37000014400C800000000010401040FFC110456
:10F38000110411001800000000D6012901290129EB
:10F3900001C90106000010041FFC008401000100E7
:10F3A000010400FC000400000104190419FC00041D
:10F3B0000004000000000000000300010101190129
:10F3C00019FE0000000010041FFC0024004001B4DE
:10F3D000010C010400000000100410041FFC0004D4
:10F3E000000400000000010401FC0104010001FC14
:10F3F0000104010000FC010401FC00840100010083
:10F40000010400FC0004000000F8010401040104F0
:10F41000010400F80000010101FF0085010401045E
:10F4200000880070000000000070008801040104E2
:10F43000010501FF00010104010401FC0084010435
:10F44000010001800000000000CC012401240124FF
:10F4500001240198000000000100010007F80104E8
:10F46000010400000000010001F800040004000491
:10F47000010801FC0004010001800170000C001073
:10F4800001600180010001F0010C003001C000307A
:10F49000010C01F0010000000104018C00740170F6
:10F4A000018C01040000010101810171000E0018AE
:10F4B00001600180010000000184010C013401445D
:10F4C0000184010C000000000000000000000100A9
:10F4D0003EFC400240020000000000000000FFFF70
:10F4E0000000000000000000400240023EFC01005D
:10F4F000000000000000000060008000800040006C
:10F50000400020002000000000000000000000007B
:10F5100000000000000000000000000000000000EB
:10F5200000000000000000000000000000000000DB
:10F530000000000000000000000F80380FFE380FB0
:10F540008038000000000000000000000000000003
:10F55000000000000100000600000C000038000060
:10F560003100000600000C000038000030000000F0
:10F5700000000000000061800067F807F98000616A
:10F58000800061800061800061800067F807F98079
:10F5900000618000000000000000000001C0E003E6
:10F5A000E0F00630080418081FFFFE040E08078765
:10F5B000F00381E000000000000001F000060C00F4
:10F5C000040408060C7001F9C0000E00003BE000C6
:10F5D000EC18070808040C180003E0000000000104
:10F5E000E00007F003F818041C0804170807E1D02E
:10F5F00003C0E00023B0003C080020080000100019
:10F6000000000000000100003100003200001C007A
:10F6100000000000000000000000000000000000EA
:10F6200000000000000000000000000000000000DA
:10F630000000000000007F0001FFC00780F00C0008
:10F64000181000042000020000000000002000024A
:10F650001000040C00180780F001FFC0007F0000BC
:10F66000000000000000000000000000000000009A
:10F6700000004200006600006600003C0000180028
:10F6800003FFC0001800003C000066000066000098
:10F690004200000000000800000800000800000808
:10F6A0000000080001FFC00008000008000008007A
:10F6B0000008000008000000000000010000310008
:10F6C000003200001C0000000000000000000000EC
:10F6D0000000000000000000000000000000080022
:10F6E00000080000080000080000080000080000F2
:10F6F00008000008000008000008000000000000EA
:10F700000000000000003800003800003800000051
:10F7100000000000000000000000000000000000E9
:10F72000000000000000000600001C000070000146
:10F7300080000E0000380000C0000700001C000020
:10F74000300000000000000000007F8001FFE003A7
:10F7500080700600180400080400080600180380E2
:10F760007001FFE0007F800000000000000000004A
:10F7700001000801000801000803FFF807FFF80076
:10F780000008000008000008000000000000000061
:10F790000001C03802C0580400980401180402187F
:10F7A000040418061C1803F81801E0F80000000013
:10F7B000000000000001C0E003C0F00400080408DD
:10F7C0000804080806180803F41801E7F00001E02F
:10F7D000000000000000000000000300000D000019
:10F7E000110000610000810803010807FFF80FFF06
:10F7F000F80001080001080000000000000000E01F
:10F8000007FCD006080806100806100806100806AF
:10F810001838060FF00607C00000000000000000C6
:10F8200000003F8001FFE003843002081804100844
:10F83000041008041008071810030FF00007C00098
:10F84000000000000000000003C0000700000600E8
:10F85000000600F80607F806180006E0000700009A
:10F8600006000000000000000001E1E003F7F006E0
:10F870003410041808041808040C08040C080616B0
:10F880001803F3F001C1E000000000000000F800E0
:10F8900003FC3003063804020804020804020804CA
:10F8A00004100308F001FFC0007F0000000000000A
:10F8B00000000000000000000000000000007038A0
:10F8C00000703800703800000000000000000000E8
:10F8D0000000000000000000000000000000000028
:10F8E0000000301A00301C00000000000000000082
:10F8F0000000000000000000000000000008000000
:10F90000140000220000410000808001004002003D
:10F910002004001008000800000000000000210082
:10F920000021000021000021000021000021000032
:10F930002100002100002100002100000000000043
:10F940000000000008000804001002002001004030
:10F950000080800041000022000014000008000028
:10F96000000000000003C00004C000040000080004
:10F9700038080F380808380810000C300007E0007D
:10F9800003C000000000000000003F8000FFE00313
:10F990008070020F1006708804C088048308047FFA
:10F9A0008802C09003012000FE40000008000018FB
:10F9B0000001F8003E0801C20007020007E2000053
:10F9C000FE00001FC80001F8000038000008040015
:10F9D0000807FFF807FFF8040808040808040808E7
:10F9E00004080806180803F41801E7F00001E00015
:10F9F0000000000000003F8001FFE0038070020073
:10FA00001804000804000804000804001006002080
:10FA10000780C000000004000807FFF807FFF80493
:10FA20000008040008040008040018020010038005
:10FA30007001FFE0007F8000000004000807FFF86D
:10FA400007FFF80408080408080408080408080464
:10FA50003E080400080600180100600000000400D1
:10FA60000807FFF807FFF804080804080004080066
:10FA7000040800043E0006000006000001800000AB
:10FA80000000000000003F8001FFE00380700600DE
:10FA9000180400080402080402080203F00783F0B7
:10FAA00000020000020004000807FFF807FFF80446
:10FAB000080800080000080000080000080004080A
:10FAC0000807FFF807FFF804000800000000000026
:10FAD00004000804000804000807FFF807FFF80402
:10FAE00000080400080400080000000000000000F6
:10FAF00000000006000007000001040001040001EE
:10FB000004000307FFFE07FFFC04000004000004DC
:10FB1000000004000807FFF807FFF8040C080018AD
:10FB200000003E0004C7800503C80600F804003842
:10FB300004001800000804000807FFF807FFF80495
:10FB4000000800000800000800000800000800008D
:10FB50000800001800006000000004000807FFF81B
:10FB600007800807FC00007FC00003F80007C00002
:10FB7000780007800807FFF807FFF8040008040072
:10FB80000807FFF807000803C00000E00000380085
:10FB9000001E000007000001C00400F007FFF80489
:10FBA0000000000000007F8001FFE003807006007D
:10FBB0001804000804000806001803003001FFE0E4
:10FBC000007F8000000004000807FFF807FFF8042A
:10FBD0000408040400040400040400040400060CE7
:10FBE0000003F80001F000000000000000007F802A
:10FBF00001FFE00380700600880400880400C80646
:10FC0000003C03003E01FFE6007F8400000004008A
:10FC10000807FFF807FFF8040808040800040C00B0
:10FC2000040F00040BC00610F003F03801E00800D8
:10FC3000000800000001E0F803F03006301004185E
:10FC400008041808040C08040C080206180207F03F
:10FC50000781E000000001800006000004000004AD
:10FC6000000004000807FFF807FFF804000804007C
:10FC70000004000006000001800004000007FFE00F
:10FC800007FFF0040018000008000008000008004A
:10FC9000000800000804001007FFE0040000040052
:10FCA0000006000007E00007FE00041FE00001F866
:10FCB0000000380001E0043E0007C0000600000418
:10FCC000000004000007E00007FFC0041FF8000761
:10FCD000C007F80007FF80043FF80007C004F800E1
:10FCE00007000004000000000004000806001807D8
:10FCF000C07805F1C8003E00001F800463E807805B
:10FD0000F8060018040008000000040000060000C7
:10FD100007800007E008047C08001FF80007F800CF
:10FD2000180804E0080700000600000400000000B6
:10FD3000000100080600380400F80403E8040F0876
:10FD4000047C0805F00807C00807001804006000DC
:10FD500000000000000000000000000000000000A3
:10FD6000003FFFFE200002200002200002200002CF
:10FD70002000020000000000000000000800000752
:10FD8000000000C0000038000006000001C00000B4
:10FD90003000000E00000100000000000000000024
:10FDA0002000022000022000022000022000023F6A
:10FDB000FFFE000000000000000000000000000046
:10FDC00000000000000000080000100000300000EB
:10FDD00020000030000010000008000000000000BB
:10FDE000000000000100000100000100000100000F
:10FDF00001000001000001000001000001000001FD
:10FE000000000100000100000000000000000020D0
:10FE100000002000001000001000000000000000A2
:10FE2000000000000000000000000000000000F0E2
:10FE30000019F8001B1800220800260800240800FA
:10FE40002410003FF8001FF8000008000018000010
:10FE50000004000007FFF80FFFF00018180010085A
:10FE6000002008002008003018001FF0000FC0001C
:10FE700000000000000007C0001FF0001830002044
:10FE800008002008002008003C08001C100000604A
:10FE90000000000000000000000007C0001FF0008C
:10FEA000381800200800200800200804101007FF60
:10FEB000F80FFFF00000100000000000000000003C
:10FEC0000007C0001FF000123000221800220800B6
:10FED0002208003208001E10000E20000000000062
:10FEE0000000200000200800200801FFF803FFF8B0
:10FEF0000620080420080420080720000300000052
:10FF0000000000000000000E000E6E001FF3003124
:10FF1000B10020B10020B1003191001F13002E1E4E
:10FF200000200E00300000000004000807FFF80F5A
:10FF3000FFF8001008002000002000002008003F0B
:10FF4000F8001FF80000080000000000000000009A
:10FF5000002008002008002008063FF8063FF800AF
:10FF60000008000008000008000000000000000079
:10FF70000000000000000300000300200100200139
:10FF8000002003063FFE063FFC00000000000000CA
:10FF9000000000000004000807FFF80FFFF8000150
:10FFA00088000300002FC00038F800203800200827
:10FFB0000000080000000000000000000400080429
:10FFC000000804000807FFF80FFFF8000008000011
:10FFD00008000008000000000000002008003FF8B2
:10FFE000003FF8001008002000003FF8003FF80034
:10FFF0001008002000003FF8003FF8000008000053
:020000040801F1
:1000000000002008003FF8003FF800100800100032
:10001000002000002008003FF8001FF80000080042
:1000200000000000000007C0000FF0001830003092
:1000300008002008002008003008001830000FF0E9
:100040000007C0000000000000002001003FFF008A
:100050003FFF001011002009002008002008003098
:1000600038001FF0000FC00000000000000007C0B3
:10007000001FF000381800200800200800200900A8
:100080001011001FFF003FFF0000010000000020D2
:1000900008002008002008003FF8003FF80008088A
:1000A0000010080020080020000030000030000090
:1000B0000000000000000000000C78001E18003353
:1000C000080023080021080021880021980030F052
:1000D0000038600000000000000020000020000048
:1000E000200000FFF003FFF8002008002008002097
:1000F00008000030000000000000000000002000A8
:10010000003FF0007FF80000180000080000080021
:100110002010003FF8007FF00000100000000000F9
:1001200000002000003000003C00003F800023F071
:10013000000078000070002380003C0000300000C8
:100140002000002000003C00003FE00023F80000F9
:10015000E0002700003E00003FE00021F80001E041
:10016000003E0000200000000000200800200800E1
:100170003838003E680027800003C8002CF800389B
:1001800038002018002008000000000000002000B7
:10019000003003003C01003F830023EC00007000AE
:1001A0002380003C00002000002000000000000030
:1001B000000000000038080020380020F80023E884
:1001C000002F88003E08003808002018000070004A
:1001D000000000000000000000000000000000001F
:1001E000000008000014001FF7FC30000620000289
:1001F00000000000000000000000000000000000FF
:100200000000000000000000FFFFFF0000000000F1
:1002100000000000000000000000000000000000DE
:100220002000023000061FF7FC0014000008000048
:1002300000000000000000000000000000000000BE
:100240000018000060000040000040000020000096
:100250001000000800000400000400000C00001062
:10026000000000000F0000000F000000FF00000071
:100270000F0000000F0000000F0000000000000051
:10028000800C0000007800008007000020000000C3
:1002900020000000200000000090010000000F007E
:1002A00000F0000001030507090E10121416181CB7
:1002B0001E00000400020001800040002000100029
:1002C0000800040002000000008000400020001030
:1002D0000008004000200010000800040002000098
:1002E00068B30308000000000000000000000000E8
:1002F00044B30308000000000000000000000000FC
:1003000070B30308000000000000000000000000BF
:1003100074B3030848B3030860B303080000000087
:1003200078B3030838B303084CB303083CB303089D
:100330006CB303085CB3030854B3030850B3030859
:1003400064B303080000000000000000000000008B
:10035000A400E8A1A700ECA1A800A7A1B000E3A118
:10036000B100C0A1B700A4A1D700C1A1E000A4A81A
:10037000E100A2A8E800A8A8E900A6A8EA00BAA897
:10038000EC00ACA8ED00AAA8F200B0A8F300AEA85B
:10039000F700C2A1F900B4A8FA00B2A8FC00B9A8FD
:1003A0000101A1A81301A5A81B01A7A82B01A9A8B9
:1003B0004401BDA84801BEA84D01ADA86B01B1A87C
:1003C000CE01A3A8D001ABA8D201AFA8D401B3A895
:1003D000D601B5A8D801B6A8DA01B7A8DC01B8A83B
:1003E0005102BBA86102C0A8C702A6A1C902A5A16B
:1003F000CA0240A8CB0241A8D90242A89103A1A6F3
:100400009203A2A69303A3A69403A4A69503A5A66C
:100410009603A6A69703A7A69803A8A69903A9A63C
:100420009A03AAA69B03ABA69C03ACA69D03ADA60C
:100430009E03AEA69F03AFA6A003B0A6A103B1A6DC
:10044000A303B2A6A403B3A6A503B4A6A603B5A6A8
:10045000A703B6A6A803B7A6A903B8A6B103C1A669
:10046000B203C2A6B303C3A6B403C4A6B503C5A60C
:10047000B603C6A6B703C7A6B803C8A6B903C9A6DC
:10048000BA03CAA6BB03CBA6BC03CCA6BD03CDA6AC
:10049000BE03CEA6BF03CFA6C003D0A6C103D1A67C
:1004A000C303D2A6C403D3A6C503D4A6C603D5A648
:1004B000C703D6A6C803D7A6C903D8A60104A7A711
:1004C0001004A1A71104A2A71204A3A71304A4A7B0
:1004D0001404A5A71504A6A71604A8A71704A9A77E
:1004E0001804AAA71904ABA71A04ACA71B04ADA74C
:1004F0001C04AEA71D04AFA71E04B0A71F04B1A71C
:100500002004B2A72104B3A72204B4A72304B5A7EB
:100510002404B6A72504B7A72604B8A72704B9A7BB
:100520002804BAA72904BBA72A04BCA72B04BDA78B
:100530002C04BEA72D04BFA72E04C0A72F04C1A75B
:100540003004D1A73104D2A73204D3A73304D4A7EF
:100550003404D5A73504D6A73604D8A73704D9A7BD
:100560003804DAA73904DBA73A04DCA73B04DDA78B
:100570003C04DEA73D04DFA73E04E0A73F04E1A75B
:100580004004E2A74104E3A74204E4A74304E5A72B
:100590004404E6A74504E7A74604E8A74704E9A7FB
:1005A0004804EAA74904EBA74A04ECA74B04EDA7CB
:1005B0004C04EEA74D04EFA74E04F0A74F04F1A79B
:1005C0005104D7A710205CA9132043A81420AAA186
:1005D000152044A81620ACA11820AEA11920AFA167
:1005E0001C20B0A11D20B1A1252045A82620ADA129
:1005F0003020EBA13220E4A13320E5A1352046A82C
:100600003B20F9A1AC2080000321E6A1052147A8E9
:10061000092148A81621EDA1212159A96021F1A2A3
:100620006121F2A26221F3A26321F4A26421F5A266
:100630006521F6A26621F7A26721F8A26821F9A236
:100640006921FAA26A21FBA26B21FCA27021A1A25E
:100650007121A2A27221A3A27321A4A27421A5A236
:100660007521A6A27621A7A27721A8A27821A9A206
:100670007921AAA29021FBA19121FCA19221FAA1AA
:100680009321FDA1962149A897214AA898214BA81A
:1006900099214CA80822CAA10F22C7A11122C6A1E4
:1006A00015224DA81A22CCA11D22D8A11E22DEA1FE
:1006B0001F224EA82022CFA123224FA82522CEA15F
:1006C0002722C4A12822C5A12922C9A12A22C8A162
:1006D0002B22D2A12E22D3A13422E0A13522DFA1E8
:1006E0003622C3A13722CBA13D22D7A14822D6A1D1
:1006F0004C22D5A1522250A86022D9A16122D4A1B6
:100700006422DCA16522DDA1662251A8672252A8DD
:100710006E22DAA16F22DBA1952292A89922D1A1A3
:10072000A522CDA1BF2253A81223D0A16024D9A213
:100730006124DAA26224DBA26324DCA26424DDA2A9
:100740006524DEA26624DFA26724E0A26824E1A279
:100750006924E2A27424C5A27524C6A27624C7A285
:100760007724C8A27824C9A27924CAA27A24CBA269
:100770007B24CCA27C24CDA27D24CEA27E24CFA239
:100780007F24D0A28024D1A28124D2A28224D3A209
:100790008324D4A28424D5A28524D6A28624D7A2D9
:1007A0008724D8A28824B1A28924B2A28A24B3A221
:1007B0008B24B4A28C24B5A28D24B6A28E24B7A219
:1007C0008F24B8A29024B9A29124BAA29224BBA2E9
:1007D0009324BCA29424BDA29524BEA29624BFA2B9
:1007E0009724C0A29824C1A29924C2A29A24C3A289
:1007F0009B24C4A20025A4A90125A5A90225A6A978
:100800000325A7A90425A8A90525A9A90625AAA9FC
:100810000725ABA90825ACA90925ADA90A25AEA9CC
:100820000B25AFA90C25B0A90D25B1A90E25B2A99C
:100830000F25B3A91025B4A91125B5A91225B6A96C
:100840001325B7A91425B8A91525B9A91625BAA93C
:100850001725BBA91825BCA91925BDA91A25BEA90C
:100860001B25BFA91C25C0A91D25C1A91E25C2A9DC
:100870001F25C3A92025C4A92125C5A92225C6A9AC
:100880002325C7A92425C8A92525C9A92625CAA97C
:100890002725CBA92825CCA92925CDA92A25CEA94C
:1008A0002B25CFA92C25D0A92D25D1A92E25D2A91C
:1008B0002F25D3A93025D4A93125D5A93225D6A9EC
:1008C0003325D7A93425D8A93525D9A93625DAA9BC
:1008D0003725DBA93825DCA93925DDA93A25DEA98C
:1008E0003B25DFA93C25E0A93D25E1A93E25E2A95C
:1008F0003F25E3A94025E4A94125E5A94225E6A92C
:100900004325E7A94425E8A94525E9A94625EAA9FB
:100910004725EBA94825ECA94925EDA94A25EEA9CB
:100920004B25EFA9502554A8512555A8522556A866
:10093000532557A8542558A8552559A856255AA8CF
:1009400057255BA858255CA859255DA85A255EA89F
:100950005B255FA85C2560A85D2561A85E2562A86F
:100960005F2563A8602564A8612565A8622566A83F
:10097000632567A8642568A8652569A866256AA80F
:1009800067256BA868256CA869256DA86A256EA8DF
:100990006B256FA86C2570A86D2571A86E2572A8AF
:1009A0006F2573A8702574A8712575A8722576A87F
:1009B000732577A8812578A8822579A883257AA828
:1009C00084257BA885257CA886257DA887257EA8EB
:1009D000882580A8892581A88A2582A88B2583A8B7
:1009E0008C2584A88D2585A88E2586A88F2587A887
:1009F000932588A8942589A895258AA8A025F6A1DD
:100A0000A125F5A1B225F8A1B325F7A1BC258BA896
:100A1000BD258CA8C625F4A1C725F3A1CB25F0A13F
:100A2000CE25F2A1CF25F1A1E2258DA8E3258EA840
:100A3000E4258FA8E52590A80526EFA10626EEA1BE
:100A4000092691A84026E2A14226E1A10030A1A1F9
:100A50000130A2A10230A3A10330A8A10530A9A1B1
:100A6000063065A9073096A90830B4A10930B5A1B0
:100A70000A30B6A10B30B7A10C30B8A10D30B9A126
:100A80000E30BAA10F30BBA11030BEA11130BFA1F2
:100A9000123093A81330FEA11430B2A11530B3A1C7
:100AA0001630BCA11730BDA11D3094A81E3095A8EA
:100AB000213040A9223041A9233042A9243043A942
:100AC000253044A9263045A9273046A9283047A912
:100AD000293048A94130A1A44230A2A44330A3A4A4
:100AE0004430A4A44530A5A44630A6A44730A7A40A
:100AF0004830A8A44930A9A44A30AAA44B30ABA4DA
:100B00004C30ACA44D30ADA44E30AEA44F30AFA4A9
:100B10005030B0A45130B1A45230B2A45330B3A479
:100B20005430B4A45530B5A45630B6A45730B7A449
:100B30005830B8A45930B9A45A30BAA45B30BBA419
:100B40005C30BCA45D30BDA45E30BEA45F30BFA4E9
:100B50006030C0A46130C1A46230C2A46330C3A4B9
:100B60006430C4A46530C5A46630C6A46730C7A489
:100B70006830C8A46930C9A46A30CAA46B30CBA459
:100B80006C30CCA46D30CDA46E30CEA46F30CFA429
:100B90007030D0A47130D1A47230D2A47330D3A4F9
:100BA0007430D4A47530D5A47630D6A47730D7A4C9
:100BB0007830D8A47930D9A47A30DAA47B30DBA499
:100BC0007C30DCA47D30DDA47E30DEA47F30DFA469
:100BD0008030E0A48130E1A48230E2A48330E3A439
:100BE0008430E4A48530E5A48630E6A48730E7A409
:100BF0008830E8A48930E9A48A30EAA48B30EBA4D9
:100C00008C30ECA48D30EDA48E30EEA48F30EFA4A8
:100C10009030F0A49130F1A49230F2A49330F3A478
:100C20009B3061A99C3062A99D3066A99E3067A95E
:100C3000A130A1A5A230A2A5A330A3A5A430A4A54C
:100C4000A530A5A5A630A6A5A730A7A5A830A8A51C
:100C5000A930A9A5AA30AAA5AB30ABA5AC30ACA5EC
:100C6000AD30ADA5AE30AEA5AF30AFA5B030B0A5BC
:100C7000B130B1A5B230B2A5B330B3A5B430B4A58C
:100C8000B530B5A5B630B6A5B730B7A5B830B8A55C
:100C9000B930B9A5BA30BAA5BB30BBA5BC30BCA52C
:100CA000BD30BDA5BE30BEA5BF30BFA5C030C0A5FC
:100CB000C130C1A5C230C2A5C330C3A5C430C4A5CC
:100CC000C530C5A5C630C6A5C730C7A5C830C8A59C
:100CD000C930C9A5CA30CAA5CB30CBA5CC30CCA56C
:100CE000CD30CDA5CE30CEA5CF30CFA5D030D0A53C
:100CF000D130D1A5D230D2A5D330D3A5D430D4A50C
:100D0000D530D5A5D630D6A5D730D7A5D830D8A5DB
:100D1000D930D9A5DA30DAA5DB30DBA5DC30DCA5AB
:100D2000DD30DDA5DE30DEA5DF30DFA5E030E0A57B
:100D3000E130E1A5E230E2A5E330E3A5E430E4A54B
:100D4000E530E5A5E630E6A5E730E7A5E830E8A51B
:100D5000E930E9A5EA30EAA5EB30EBA5EC30ECA5EB
:100D6000ED30EDA5EE30EEA5EF30EFA5F030F0A5BB
:100D7000F130F1A5F230F2A5F330F3A5F430F4A58B
:100D8000F530F5A5F630F6A5FC3060A9FD3063A975
:100D9000FE3064A90531C5A80631C6A80731C7A829
:100DA0000831C8A80931C9A80A31CAA80B31CBA893
:100DB0000C31CCA80D31CDA80E31CEA80F31CFA863
:100DC0001031D0A81131D1A81231D2A81331D3A833
:100DD0001431D4A81531D5A81631D6A81731D7A803
:100DE0001831D8A81931D9A81A31DAA81B31DBA8D3
:100DF0001C31DCA81D31DDA81E31DEA81F31DFA8A3
:100E00002031E0A82131E1A82231E2A82331E3A872
:100E10002431E4A82531E5A82631E6A82731E7A842
:100E20002831E8A82931E9A82032E5A22132E6A23A
:100E30002232E7A22332E8A22432E9A22532EAA232
:100E40002632EBA22732ECA22832EDA22932EEA202
:100E500031325AA9A33249A98E334AA98F334BA9FB
:100E60009C334CA99D334DA99E334EA9A1334FA964
:100E7000C43350A9CE3351A9D13352A9D23353A987
:100E8000D53354A9004EBBD2014EA1B6024E4081CB
:100E9000034EDFC6044E4181054E4281064E43811A
:100EA000074EF2CD084EC9D5094EFDC80A4ECFC92E
:100EB0000B4EC2CF0C4EA2D80D4EBBB20E4EEBD392
:100EC0000F4E4481104EA4D8114EF3B3124E4581FB
:100ED000134EA8D7144ED2C7154EA7D8164EC0CA67
:100EE000174E4681184EF0C7194EFBB11A4EB5D2B7
:100EF0001B4ED4B41C4EABB61D4EBFCB1E4EA9D854
:100F00001F4E4781204E4881214E4981224EAAB66C
:100F1000234E4A81244EBDC1254ECFD1264E4B8152
:100F2000274EA5C9284EADD8294E4C812A4EF6B879
:100F30002B4EBED12C4EDCE32D4ED0D62E4E4D8105
:100F40002F4E4E81304EE1B7314E4F81324EAEB40E
:100F5000334E5081344ED9C1354E5181364EBCD8B6
:100F6000374E5281384EE8CD394EA4B53A4EAACE0E
:100F70003B4EF7D63C4E53813D4EF6C03E4ED9BE59
:100F80003F4EAFD8404E5481414E5581424E56811E
:100F9000434ECBC4444E5781454EC3BE464E588146
:100FA000474EB1D8484EB4C3494EE5D24A4E598156
:100FB0004B4EAED64C4EDACE4D4EA7D54E4EF5BA70
:100FC0004F4EA6B7504ED6C0514E5A81524EB9C65A
:100FD000534ED2C5544EC7C7554E5B81564ED4B9F9
:100FE000574E5C81584ECBB3594ED2D25A4E5D818A
:100FF0005B4E5E815C4EBFD85D4EC5BE5E4EF2C696
:101000005F4EB2D2604EB0CF614EE7CF624E5F818D
:10101000634E6081644E6181654E6281664EE9CAAD
:10102000674E6381684E6481694EC0D86A4E65819F
:101030006B4E66816C4E67816D4E68816E4E698124
:101040006F4E6A81704EF2C2714ED2C2724E6B8187
:10105000734EE9C8744E6C81754E6D81764E6E810B
:10106000774E6F81784E7081794E71817A4E7281A0
:101070007B4E73817C4E74817D4E75817E4EACC7F4
:101080007F4E7681804E7781814E7881824E798144
:10109000834E7A81844E7B81854E7C81864ECBC186
:1010A000874E7D81884EE8D3894EF9D58A4E7E8160
:1010B0008B4EC2CA8C4EFEB68D4EA1D88E4EDAD360
:1010C0008F4EF7BF904E8081914EC6D4924EA5BBF5
:1010D000934EC1D8944EE5CE954EAEBE964E8181CC
:1010E000974E8281984EA8D8994E83819A4EC7D147
:1010F0009B4EA9D09C4E84819D4E85819E4E8681BB
:101100009F4EBDD8A04EEFD9A14EF6CDA24EBABF8C
:10111000A34E8781A44EBBBDA54EA5BAA64EE0D274
:10112000A74EFAB2A84EE0BAA94EB6C4AA4E88811C
:10113000AB4EEDCFAC4EA9BEAD4EA4CDAE4EC1C1AF
:10114000AF4E8981B04E8A81B14E8B81B24ED7C7E6
:10115000B34EF1D9B44E8C81B54EF4D9B64E8D81D3
:10116000B74E8E81B84E8F81B94E9081BA4ECBC8A2
:10117000BB4EE9D8BC4E9181BD4E9281BE4E93814B
:10118000BF4EDAD2C04EB2CAC14ECAC8C24EECD8A7
:10119000C34EEAD8C44EC6D8C54EF6BDC64ECDC65F
:1011A000C74EF0B3C84E9481C94EEBD8CA4EF1BDBC
:1011B000CB4EE9BDCC4E9581CD4ED4C8CE4ED3B4E6
:1011C000CF4E9681D04E9781D14ED8C2D24E9881C3
:1011D000D34ED6B2D44ED0D7D54ECBCAD64EFBCBFB
:1011E000D74ECCD5D84EB6B8D94EC9CFDA4E9981A4
:1011F000DB4E9A81DC4E9B81DD4EDAD9DE4EF0D893
:10120000DF4EAAC7E04E9C81E14EEED8E24E9D81B2
:10121000E34EFAB4E44EEEC1E54ED4D2E64E9E81E2
:10122000E74E9F81E84EEDD8E94EA081EA4EC7D245
:10123000EB4EEFD8EC4EC7C3ED4EA181EE4EA2812E
:10124000EF4EA381F04EF6D1F14EA481F24ED9D6E5
:10125000F34EF2D8F44EA581F54EF5D8F64EFEBC0D
:10126000F74EDBBCF84EA681F94EA781FA4EA88155
:10127000FB4ECEC8FC4EA981FD4EDDB7FE4EAA81C5
:10128000FF4EC2B7004FAB81014FF3C6024FAC8196
:10129000034FAD81044FAE81054FAF81064FB08142
:1012A000074FB181084FB281094FF8D80A4FC1D218
:1012B0000B4FB3810C4FB4810D4FE9CE0E4FBFBC25
:1012C0000F4FFCB7104FA5B7114FDDD0124FB581AE
:1012D000134FB681144FB781154FB881164FB9819E
:1012E000174FDAD6184FC5D3194FEFBB1A4FE1BBD2
:1012F0001B4FF1D81C4FBA811D4FBB811E4FA1C996
:101300001F4FB0CE204FABB4214FBC81224FF3D83A
:10131000234FBD81244FCBC9254FF6D8264FD7C2C6
:10132000274FF7D8284FBE81294FBF812A4FB1CE12
:101330002B4FF9D82C4FC0812D4FC1812E4FC28128
:101340002F4FAEB2304FC0B9314FC381324FA3D906
:10135000334FC481344FE9B0354FC581364FE6C1B4
:10136000374FC681384FECC9394FC7813A4FC5CB8B
:101370003B4FC8813C4FC6CB3D4FA4D93E4FC9819E
:101380003F4FCA81404FCB81414FCC81424FCD81ED
:10139000434FE8B5444FCE81454FCF81464FABB563
:1013A000474FD081484FD181494FD2814A4FD38195
:1013B0004B4FD4814C4FD5814D4FBBCE4E4FCDB509
:1013C0004F4FA1D7504FF4D7514FD3D3524FD6815F
:1013D000534FE5CC544FD781554FCEBA564FD88195
:1013E000574FA2D9584FDCD9594FE0D35A4FFDD8A7
:1013F0005B4FF0B75C4FF7D75D4FFED85E4FFAD822
:101400005F4FA1D9604FE3C4614FD981624FDA8148
:10141000634FB6D3644FF4D8654FDDD9664FDB8197
:10142000674FFBD8684FDC81694FE5C56A4FDD81A6
:101430006B4FDE816C4FD0C06D4FDF816E4FE0810E
:101440006F4FF0D1704FDBB0714FE181724FE2818D
:10145000734FD1BC744FA6D9754FE381764FA5D990
:10146000774FE481784FE581794FE6817A4FE781C4
:101470007B4FACD97C4FAED97D4FE8817E4FABD945
:101480007F4FB9CA804FE981814FEA81824FEB815A
:10149000834FA9D9844FB6D6854FEC81864FED8115
:1014A000874FEE81884FDEB3894FA8D98A4FEF81ED
:1014B0008B4FFDC08C4FF0818D4FCCCA8E4FF18188
:1014C0008F4FAAD9904FF281914FA7D9924FF381B4
:1014D000934FF481944FB0D9954FF581964FF68193
:1014E000974FB1B6984FF781994FF8819A4FF9818C
:1014F0009B4FA9B99C4FFA819D4FC0D29E4FFB8153
:101500009F4FFC81A04FC0CFA14FFD81A24FFE8114
:10151000A34FC2C2A44F4082A54FC4BDA64FECD575
:10152000A74FE0B2A84FC8C7A94FEBBFAA4FADD98C
:10153000AB4F4182AC4FAFD9AD4F4282AE4FEACEF6
:10154000AF4FEEBAB04F4382B14F4482B24F4582A3
:10155000B34F4682B44F4782B54FD6C7B64F488285
:10156000B74F4982B84F4A82B94F4B82BA4F4C822B
:10157000BB4F4D82BC4F4E82BD4F4F82BE4F5082FB
:10158000BF4FE3B1C04F5182C14F5282C24F53820D
:10159000C34FD9B4C44FEDB6C54FB4D9C64F54826A
:1015A000C74F5582C84F5682C94F5782CA4FA1BFF5
:1015B000CB4F5882CC4F5982CD4F5A82CE4FDED975
:1015C000CF4FCEC7D04FFEC0D14FB8D9D24F5B82DC
:1015D000D34F5C82D44F5D82D54F5E82D64F5F82FF
:1015E000D74FD7CBD84FFDB7D94F6082DA4FB5D997
:1015F000DB4F6182DC4FB7D9DD4FA3B1DE4FE1D3C2
:10160000DF4FB9D9E04F6282E14FC5D0E24F63822C
:10161000E34FB6D9E44F6482E54F6582E64FB1D916
:10162000E74F6682E84FB2D9E94FA9C1EA4FB3D973
:10163000EB4F6782EC4F6882ED4FF3BCEE4FDED08C
:10164000EF4FA9B8F04F6982F14FE3BEF24F6A82C3
:10165000F34FBDD9F44F6B82F54F6C82F64F6D821C
:10166000F74F6E82F84FBAD9F94F6F82FA4FB3B085
:10167000FB4F7082FC4F7182FD4F7282FE4FC2D9C8
:10168000FF4F73820050748201507582025076823F
:1016900003507782045078820550798206507A820E
:1016A00007507B8208507C8209507D820A507E82DE
:1016B0000B5080820C50C4D90D50B6B10E508182AF
:1016C0000F50BFD910508282115083821250B9B589
:1016D000135084821450F3BE1550858216508682B2
:1016E000175087821850C8CC1950F2BA1A50D0D26D
:1016F0001B5088821C50C3D91D5089821E508A827B
:101700001F50E8BD20508B822150ABB322508C82F9
:1017100023508D8224508E822550C5D92650EBBE91
:1017200027508F822850C6D92950BBD92A50DFC4F0
:101730002B5090822C50BED92D50C1D92E50C0D9DB
:101740002F50918230509282315093823250948245
:101750003350958234509682355097823650988215
:101760003750998238509A8239509B823A50AED580
:101770003B509C823C50B5D63D509D823E50E3C7C5
:101780003F509E8240509F824150A0824250A18291
:101790004350C8D94450A2824550A3824650A482E7
:1017A0004750D9BC4850CAD94950A5824A50A68250
:1017B0004B50A7824C50BCD94D50A8824E50CBD92B
:1017C0004F50ABC65050A9825150AA825250AB82A2
:1017D0005350AC825450AD825550C9D95650AE8248
:1017E0005750AF825850B0825950B1825A50F6D7F4
:1017F0005B50B2825C50A3CD5D50B3825E50B48228
:101800005F50B5826050B6826150B7826250B88234
:101810006350B9826450BA826550A1BD6650BB82E4
:101820006750BC826850BD826950BE826A50BF82D8
:101830006B50C0826C50CCD96D50C1826E50C28248
:101840006F50C3827050C4827150C5827250C6827C
:101850007350C7827450C8827550C9827650BCC517
:101860007750B5CD7850CA827950CB827A50CC82ED
:101870007B50CDD97C50CD827D50CE827E50C7D951
:101880007F50A5B38050FEBF8150CF828250D0825E
:101890008350D1828450D2828550B5B88650D3828D
:1018A0008750D4828850FCC08950D5828A50D68215
:1018B0008B50D7828C50D8828D50F8B08E50D98200
:1018C0008F50DA829050DB829150DC829250DD8220
:1018D0009350DE829450DF829550E0829650E182F0
:1018E0009750E2829850E3829950E4829A50E582C0
:1018F0009B50E6829C50E7829D50E8829E50E98290
:101900009F50EA82A050EB82A150EC82A250ED825F
:10191000A350F6B4A450EE82A550CED9A650EF82C3
:10192000A750CFD9A850A2B4A950D0D9AA50F082BC
:10193000AB50F182AC50DFB4AD50F282AE50F382C6
:10194000AF50F482B050F582B150F682B250C1B0BF
:10195000B350F782B450F882B550F982B650FA828B
:10196000B750FB82B850FC82B950FD82BA50D1D931
:10197000BB50B5C9BC50FE82BD504083BE504183B0
:10198000BF504283C0504383C1504483C2504583FB
:10199000C3504683C4504783C5504883C6504983CB
:1019A000C7504A83C8504B83C9504C83CA504D839B
:1019B000CB504E83CC504F83CD505083CE5051836B
:1019C000CF50F1CFD0505283D1505383D250548353
:1019D000D3505583D4505683D5505783D650D2D93F
:1019E000D7505883D8505983D9505A83DA50C5C13B
:1019F000DB505B83DC505C83DD505D83DE505E83B7
:101A0000DF505F83E0506083E1506183E250628386
:101A1000E3506383E4506483E5506583E650D6D990
:101A2000E750AEC9E8506683E9506783EA5068839F
:101A3000EB506983EC50D5D9ED50D4D9EE50D7D9BD
:101A4000EF506A83F0506B83F1506C83F2506D83DA
:101A5000F350DBCBF4506E83F550A9BDF6506F8385
:101A6000F7507083F8507183F9507283FA50738382
:101A7000FB50A7C6FC507483FD507583FE507683DF
:101A8000FF507783005178830151798302517A8323
:101A900003517B8304517C8305517D830651D3D947
:101AA0000751D8D908517E83095180830A51818317
:101AB0000B51D9D90C5182830D5183830E518483EC
:101AC0000F51858310518683115187831251E5C8C8
:101AD000135188831451898315518A8316518B833E
:101AE00017518C8318518D8319518E831A518F830E
:101AF0001B5190831C5191831D5192831E519383DE
:101B00001F519483205195832151DCC0225196832B
:101B100023519783245198832551998326519A8381
:101B200027519B8328519C8329519D832A519E8351
:101B30002B519F832C51A0832D51A1832E51A28321
:101B40002F51A3833051A4833151A5833251A683F1
:101B50003351A7833451A8833551A9833651AA83C1
:101B60003751AB833851AC833951AD833A51AE8391
:101B70003B51AF833C51B0833D51B1833E51B28361
:101B80003F51F9B64051A3D84151CAD44251B38311
:101B90004351AAD44451D6D04551E4B34651D7D588
:101BA0004751B4834851C8CF4951E2B94A51B5832E
:101BB0004B51CBBF4C51B6834D51E2C34E51B7830D
:101BC0004F51B8835051B9835151D2B65251BA8353
:101BD0005351BB835451C3CD5551EED95651F0D911
:101BE0005751BC835851BD835951BE835A51B3B527
:101BF0005B51BF835C51B5B65D51C0835E51C183FB
:101C00005F51C2836051C3836151C4836251A4BEDA
:101C10006351C5836451C6836551EBC86651C78360
:101C20006751C8836851ABC86951C9836A51CA8377
:101C30006B51CBB06C51ABB96D51F9C16E51E2D95A
:101C40006F51CB837051BCC07151B2B97251CC830A
:101C50007351D8B97451CBD07551F8B17651E4C6EF
:101C60007751DFBE7851E4B57951C8D77A51CD8329
:101C70007B51F8D17C51E6BC7D51DECA7E51CE83CA
:101C80007F51CF838051BDBC8151E6D98251E7D8C5
:101C90008351D0838451D1838551DAC48651D28354
:101CA0008751D3838851D4B88951BDC88A51D48310
:101CB0008B51D5838C51E1B28D51D9D48E51D683BD
:101CC0008F51D7839051D8839151D9839251B0C30A
:101CD0009351DA839451DB839551E1C39651A2DA93
:101CE0009751DFC89851DC839951B4D09A51DD8364
:101CF0009B51FCBE9C51A9C59D51DE839E51DF8343
:101D00009F51E083A051DAB9A151E183A251A3DA36
:101D1000A351E283A451A9D4A551A4DAA651E38327
:101D2000A751E483A851E583A951E683AA51E7832B
:101D3000AB51FBD9AC51ACB6AD51E883AE51E983A0
:101D4000AF51EBB7B051F9B1B151FCD9B251E5B3D4
:101D5000B351F6BEB451EA83B551F6BFB651B1D214
:101D6000B751E4C0B851EB83B951EC83BA51ED835C
:101D7000BB51B3B6BC51FED9BD51FDD9BE51EE83A6
:101D8000BF51EF83C051BBBEC151F083C251F1833B
:101D9000C351F283C451E0C6C551F383C651BCD7C9
:101DA000C751A1DAC851F483C951B9C1CA51F583E9
:101DB000CB51F2B5CC51E8C1CD51F683CE51F7836A
:101DC000CF51F5BCD051F883D151D5B4D251F9835C
:101DD000D351FA83D451FB83D551FC83D651FD8373
:101DE000D751FE83D8514084D9514184DA5142847D
:101DF000DB51DDC1DC514384DD51FDC4DE5144843F
:101E0000DF514584E051B8BCE151B2B7E25146849C
:101E1000E3514784E451EFB7E5514884E6514984E2
:101E2000E7514A84E8514B84E9514C84EA514D848E
:101E3000EB51ECD9EC514E84ED51BEC6EE514F84BE
:101E4000EF51ADBFF051CBBBF1515084F2515184F1
:101E5000F351CAB5F4515284F551C9DBF651D7D0CC
:101E6000F7515384F851B9CDF951BCB0FA51F6B3DA
:101E7000FB51F7BBFC51CADBFD51AFBAFE51548494
:101E8000FF51E4D40052B6B50152F3B50252D6D890
:101E90000352D0C804525584055256840652D6B710
:101EA0000752D0C70852D7D8095257840A52AFBF39
:101EB0000B5258840C5259840D52BBDB0E52D8D8A9
:101EC0000F525A8410525B841152CCD01252AEBBC6
:101ED00013525C8414525D8415525E841652BEEB1C
:101EE0001752D0C11852F5C11952F2D41A52D5B8AE
:101EF0001B52B4B41C525F841D52F5B31E52608451
:101F00001F5261842052BEC92152628422526384CE
:101F1000235264842452D0C5255265842652668497
:101F2000275267842852D9C52952FBC02A52688497
:101F30002B52F0B12C5269842D52D9D82E52CEB9E1
:101F40002F526A843052BDB531526B8432526C8448
:101F50003352DAD834526D8435526E843652C6D636
:101F60003752A2CB3852AFC83952B2C93A52CCB468
:101F70003B52CCBF3C526F843D52F4B93E52708408
:101F80003F52DBD84052DCD84152E7B64252C1BC86
:101F90004352EACC4452718445527284465273844F
:101FA0004752748448527584495276844A52F7CF16
:101FB0004B5277844C52DDD84D52B0C74E52788484
:101FC0004F5279845052D0B95152A3BD52527A84A3
:101FD00053527B845452DECC55527C845652CAC62E
:101FE00057527D8458527E84595280845A5281843B
:101FF0005B5282845C52E0D85D5283845E52DED8AC
:102000005F528484605285846152DFD86252868434
:1020100063528784645288846552FEB06652898414
:102020006752E7BE68528A846952A3CA6A52F4BCF6
:102030006B528B846C528C846D528D846E528E8464
:102040006F52B1B870528F84715290847252EEB850
:10205000735291847452928475529384765294840C
:102060007752958478529684795297847A529884DC
:102070007B5299847C529A847D52E2D87E529B8412
:102080007F52CBBD80529C848152E4D88252E3D8E7
:1020900083529D8484529E8485529F848652A0845C
:1020A0008752A1848852FCC58952A2848A52A38493
:1020B0008B52A4848C52A5848D52A6848E52A78400
:1020C0008F52A8849052E5D89152A9849252AA8442
:1020D0009352E6D89452AB849552AC849652AD8418
:1020E0009752AE849852AF849952B0849A52B18478
:1020F0009B52A6C19C52B2849D52B0C89E52ECB075
:102100009F52A6B9A052D3BCA152F1CEA252BDDBC0
:10211000A352D3C1A452B384A552B484A652B584A9
:10212000A752B684A852AFB6A952FAD6AA52ACC5E5
:10213000AB52D9BDAC52BEDBAD52BFDBAE52B784A1
:10214000AF52B884B052B984B152F8C0B252A2BEF4
:10215000B352CDC0B452BA84B552BB84B652BC841B
:10216000B752BD84B852BE84B952BF84BA52C0843B
:10217000BB52C184BC52C284BD52C384BE52C0DBB8
:10218000BF52C6CAC052C484C152C584C252C6849A
:10219000C352AAB2C452C784C552C884C652C984A5
:1021A000C752C2D3C852CA84C952E3C3CA52CB84ED
:1021B000CB52ABD1CC52CC84CD52CD84CE52CE8436
:1021C000CF52CF84D052C2DBD152D084D252D5C0AC
:1021D000D352D184D452D284D552D384D652C3DBC5
:1021E000D752D484D852B1BFD952D584DA52D684CA
:1021F000DB52D784DC52D884DD52D984DE52DA84B3
:10220000DF52BCC4E052DB84E152DC84E252DD8464
:10221000E352DE84E452DAC7E552DF84E652E0841A
:10222000E752E184E852E284E952E384EA52E4842A
:10223000EB52E584EC52E684ED52E784EE52E884FA
:10224000EF52E984F052C4DBF152EA84F252EB849B
:10225000F352EC84F452ED84F552EE84F652EF849E
:10226000F752F084F852F184F952E8D9FA52D7C9FA
:10227000FB52F284FC52F384FD52F484FE52B4B952
:10228000FF52F0CE0053C8D40153F5840253F684B4
:102290000353F7840453F8840553FCB00653D2B4B7
:1022A0000753F9840853D9D00953FA840A53FB849D
:1022B0000B53FC840C53FD840D53E9D90E53FE845B
:1022C0000F53CBDE1053EBD9115340851253418588
:1022D00013534285145343851553B0D81653AFBBDF
:1022E0001753B1B1185344851953D7B31A53CED8E5
:1022F0001B5345851C5346851D53D1D41E5347851A
:102300001F5348852053B3BD2153EFBF2253498546
:102310002353BBCF24534A8525534B852653D0D80E
:1023200027534C8528534D8529534E852A53CBB7C7
:102330002B534F852C5350852D5351852E53D1D877
:102340002F5352853053538531535485325355851D
:1023500033535685345357853553588536535985ED
:1023600037535A8538535B853953A5C63A53F8C756
:102370003B53BDD23C535C853D535D853E53D2D823
:102380003F53E4C440535E854153AECA42535F8518
:102390004353A7C7445360854553A6D84653618528
:1023A0004753FDC94853E7CE4953DCBB4A53EBB012
:1023B0004B5362854C5363854D5364854E53AABB82
:1023C0004F53ADD0505365855153B0B15253E4D7FC
:1023D0005353BFD7545366855553A5B55653F4C2CE
:1023E0005753CFC458536785595368855A53A9B278
:1023F0005B5369855C53B7B25D536A855E53E5B143
:102400005F53B2DF6053BCD56153A8BF6253ACC207
:102410006353D5D86453B1C265536B856653D4D822
:102420006753D4CE68536C856953E0DA6A536D857F
:102430006B53C0CE6C536E856D536F856E53B4D89D
:102440006F53AEC37053A1D37153A3CE7253708533
:102450007353B4BC7453B4C87553D1C276537185E9
:102460007753EDBE7853B6D0795372857A53E1DA5B
:102470007B5373857C5374857D5375857E53768538
:102480007F53E4C780537785815378858253A7B300
:10249000835379858453F2B68553FCCC8653FAC0B6
:1024A00087537A8588537B858953F7C08A537C8507
:1024B0008B53B9D18C53E1D18D53C7D88E537D85C1
:1024C0008F537E8590538085915381859253828569
:1024D00093538385945384859553DEB296538585B3
:1024E000975386859853E5C0995387859A53F1BAD7
:1024F0009B5388859C5389859D53C8D89E538A8554
:102500009F53ADD4A0538B85A1538C85A253E1CFAB
:10251000A353C9D8A4538D85A553CAD8A653C3CFF6
:10252000A7538E85A853F8B3A953C7BEAA538F8566
:10253000AB539085AC539185AD539285AE53CBD8B8
:10254000AF539385B0539485B1539585B253968517
:10255000B3539785B4539885B5539985B653CCDB5F
:10256000B7539A85B8539B85B9539C85BA539D85BB
:10257000BB53A5C8BC539E85BD539F85BE53A08544
:10258000BF53D8CFC053A185C153FEC8C253CEB2EA
:10259000C353A285C453A385C553A485C653A5853B
:1025A000C753A685C853D6D3C953E6B2CA53B0BCE5
:1025B000CB53D1D3CC53ABCBCD53B4B7CE53A785EC
:1025C000CF53A885D053A985D153A2B7D253AA859A
:1025D000D353AB85D453E5CAD553AC85D653A1C8E4
:1025E000D753DCCAD853E4B1D953F0D0DA53AD8510
:1025F000DB53D1C5DC53AE85DD53AF85DE53B085EB
:10260000DF53C5DBE053FEB5E153B185E253B2853C
:10261000E353DABFE453C5B9E553E4BEE653EDC175
:10262000E753B385E853B6DFE953B5DFEA53BBD6CA
:10263000EB53D0BDEC53D9D5ED53C8B0EE53A3B690
:10264000EF53C9BFF053A8CCF153B3DFF253B7CA6D
:10265000F353D2D3F453B485F553CFD8F653B6D24F
:10266000F753C5BAF853BECBF953BECCFA53B58570
:10267000FB53B7DFFC53F0B5FD53B4DFFE53B68513
:10268000FF53B7850054B8850154F5D30254B9857A
:102690000354D4B30454F7B80554BA850654BADFCA
:1026A0000754BB850854CFBA0954AABC0A54F5B5DF
:1026B0000B54BC850C54ACCD0D54FBC30E54F3BA73
:1026C0000F54F4C01054C2CD1154F2CF1254B8DFDD
:1026D0001354C5CF1454BD851554C0C21654B9DF68
:1026E0001754F0C21854BE851954BF851A54C085BA
:1026F0001B54FDBE1C54C1851D54DFC11E54CCCDDE
:102700001F54F7D22054CDB72154C1DF2254C285C3
:102710002354C4DF2454C3852554C4852654F1B7FB
:102720002754C9B02854D6B62954D4B72A54C585DD
:102730002B54ACBA2C54FDCC2D54D4BF2E54B1CB59
:102740002F54F4C63054C6853154A8D63254C5DF50
:102750003354C7853454E2CE3554B3B33654C885A8
:102760003754C9853854FCCE3954B5B43A54CA8567
:102770003B54C7CE3C54F0BA3D54CB853E54E1CED9
:102780003F54CC854054BDD14154CD854254CE8573
:102790004354C0DF4454CF854554D0854654F4B4E7
:1027A0004754D1854854CAB34954D2854A54E6B8EF
:1027B0004B54BBDF4C54D3854D54D4854E54D585F2
:1027C0004F54D6855054C5C45154D7855254BCDF9C
:1027D0005354BDDF5454BEDF5554BBC55654BFDF00
:1027E0005754C2DF5854B1D45954C3DF5A54D88512
:1027F0005B54BAC75C54D8CE5D54D9855E54DA8533
:102800005F54DB856054DC856154DD856254D8C437
:102810006354DE856454CADF6554DF856654CFDFB8
:102820006754E0856854DCD66954E1856A54E285D2
:102830006B54E3856C54E4856D54E5856E54E685F0
:102840006F54E7857054E8857154C9DF7254DADF3C
:102850007354B6CE7454E9857554C7BA7654CEDF36
:102860007754C8DF7854DEC57954EA857A54EB850D
:102870007B54EBC97C54F4BA7D54FCC37E54EC8584
:102880007F54ED858054D7BE8154EE858254C6DFD7
:102890008354EF858454CDDF8554F0858654D8C5A4
:1028A0008754F1858854F2858954F3858A54F485D8
:1028B0008B54A6D58C54CDBA8D54F5858E54CCBE90
:1028C0008F54BDD39054C0B89154F6859254E4D639
:1028D0009354F7859454C7DF9554BEB99654A7BF57
:1028E0009754F8859854F9859954FCC19A54CBDFD4
:1028F0009B54CCDF9C54FA859D54D0DF9E54FB85BD
:102900009F54FC85A054FD85A154FE85A2544086A9
:10291000A354DBDFA454E5DFA5544186A654D7DFDA
:10292000A754D6DFA854C9D7A954E3DFAA54E4DFDB
:10293000AB54EBE5AC54A7D2AD54D2DFAE544286D3
:10294000AF54A9BFB0544386B154DBD4B2544486CB
:10295000B354C8BFB454D4DFB5544586B654468684
:10296000B7544786B854CCCFB9544886BA54498630
:10297000BB54DDDFBC544A86BD54CAD1BE544B861D
:10298000BF54DEDFC054A7B0C154B7C6C254D3DFB2
:10299000C3544C86C454E5BAC5544D86C654DFB6FC
:1029A000C754DBCDC854FEB9C954D5D4CA544E86D9
:1029B000CB544F86CC54DFDFCD54ECCFCE54A5B0F2
:1029C000CF54E7DFD054D1DFD154C6D1D254D5DFB4
:1029D000D354D8DFD454D9DFD554DCDFD654508655
:1029E000D754A9BBD8545186D954E0DFDA54E1DF7B
:1029F000DB545286DC54E2DFDD54E6DFDE54E8DFF0
:102A0000DF54B4D3E0545386E1545486E2545586DF
:102A1000E3545686E4545786E554E7B8E654B6C501
:102A2000E754EADFE854DAC9E954A8C1EA54C4C457
:102A3000EB545886EC545986ED54DEBFEE54F8CF73
:102A4000EF545A86F0545B86F1545C86F254DCD520
:102A5000F354EEDFF4545D86F5545E86F6545F86DB
:102A6000F7546086F8546186F9546286FA54B8B215
:102A7000FB546386FC54DFBAFD54ECDFFE546486DD
:102A8000FF54C1DB005565860155E4D102556686C9
:102A90000355678604556886055569860655F4CB47
:102AA0000755BDB408556A860955A6B00A556B8608
:102AB0000B556C860C556D860D556E860E556F86C2
:102AC0000F55F1DF1055C6CC1155F2DF1255708647
:102AD000135571861455EDDF15557286165573869C
:102AE0001755748618557586195576861A55778642
:102AF0001B55E9DF1C5578861D5579861E557A864B
:102B00001F557B862055EBDF21557C862255EFDF54
:102B10002355F0DF2455BDBB25557D8626557E8681
:102B20002755F3DF28558086295581862A55F4DFFD
:102B30002B5582862C55A3BB2D5583862E55DBCA7B
:102B40002F55A8CE3055A7E03155AAB3325584860B
:102B50003355A6E0345585863555868636558786A5
:102B60003755A1E038558886395589863A558A8681
:102B70003B558B863C55FEDF3D558C863E55D9CD69
:102B80003F55FCDF40558D864155FADF42558E8614
:102B90004355D0BF4455C4D745558F864655CCC9FB
:102BA00047559086485591864955F8DF4A55A1B05A
:102BB0004B5592864C5593864D5594864E55958629
:102BC0004F5596865055FDDF51559786525598863C
:102BD0005355998654559A865555FBDF5655A2E0B4
:102BE00057559B8658559C8659559D865A559E86A5
:102BF0005B559F865C55A8E05D55A0865E55A18615
:102C00005F55A2866055A3866155C8B76255A486F4
:102C10006355A5866455A1C66555B6C96655B2C04B
:102C20006755F5DF6855A6866955A7866A55BEC5FE
:102C30006B55A8866C55C4D86D55F9DF6E55F6C432
:102C40006F55A9867055AA867155AB867255AC86AC
:102C50007355AD867455AE867555A3E07655A4E0E0
:102C60007755A5E07855A5D07955AF867A55B086C9
:102C70007B55B4E07C55E4CC7D55B1867E55B1E002
:102C80007F55B2868055A6BF8155AFE08255B9CE3B
:102C90008355ABE08455C6C98555B3868655B48641
:102CA0008755AEC08855AEE08955EDBA8A55B0BAA1
:102CB0008B55A9E08C55B5868D55B6868E55B78651
:102CC0008F55F6DF9055B8869155B3E09255B98689
:102CD0009355BA869455B8E09555BB869655BC86F3
:102CE0009755BD869855ADB49955B9E09A55BE86AD
:102CF0009B55BF869C55B2CF9D55C8BA9E55C08680
:102D00009F55B0E0A055C186A155C286A255C38685
:102D1000A355C486A455C586A555C686A655C7869F
:102D2000A755FAD0A855C886A955C986AA55CA86F6
:102D3000AB55CB86AC55CC86AD55CD86AE55CE8643
:102D4000AF55CF86B055D086B155ACE0B255D186DF
:102D5000B355FBD4B455D286B555F7DFB655D386F7
:102D6000B755E7C5B855D486B955ADE0BA55D5863F
:102D7000BB55F7D3BC55D686BD55B6E0BE55B7E0BA
:102D8000BF55D786C055D886C155D986C255DA8673
:102D9000C355DB86C455C4E0C555E1D0C655DC86B5
:102DA000C755DD86C855DE86C955BCE0CA55DF86E5
:102DB000CB55E086CC55C9E0CD55CAE0CE55E1866D
:102DC000CF55E286D055E386D155BEE0D255AAE074
:102DD000D355A4C9D455C1E0D555E486D655B2E043
:102DE000D755E586D855E686D955E786DA55E8867B
:102DF000DB55E986DC55C8CADD55C3E0DE55EA86F9
:102E0000DF55B5E0E055EB86E155CBCEE255EC86DB
:102E1000E355C3CBE455CDE0E555C6E0E655C2E049
:102E2000E755ED86E855CBE0E955EE86EA55BAE080
:102E3000EB55BFE0EC55C0E0ED55EF86EE55F08662
:102E4000EF55C5E0F055F186F155F286F255C7E031
:102E5000F355C8E0F455F386F555CCE0F655F48605
:102E6000F755BBE0F855F586F955F686FA55F7861D
:102E7000FB55F886FC55F986FD55D4CBFE55D5E0BB
:102E8000FF55FA860056D6E00156D2E00256FB8680
:102E90000356FC860456FD860556FE860656408778
:102EA000075641870856D0E00956CEBC0A564287DD
:102EB0000B5643870C56D1E00D5644870E56C2B8C8
:102EC0000F56C5D810564587115646871256478764
:102ED000135648871456498715564A8716564B8706
:102EE00017564C871856EAD019564D871A564E87F2
:102EF0001B56EFC21C564F871D5650871E56CFE0FB
:102F00001F56BDE0205651872156528722565387BF
:102F10002356D4E02456D3E02556548726565587A9
:102F20002756D7E028565687295657872A56588756
:102F30002B5659872C56DCE02D56D8E02E565A8752
:102F40002F565B8730565C873156F6D63256B0B373
:102F500033565D873456ECD735565E873656BBCB35
:102F600037565F87385660873956DAE03A566187B8
:102F70003B56FBCE3C5662873D5663873E56648780
:102F80003F56D9BA4056658741566687425667878D
:102F9000435668874456698745566A8746566B8705
:102FA00047566C8748566D8749566E874A566F87D5
:102FB0004B5670874C56E1E04D56DDE04E56ADD293
:102FC0004F56718750567287515673875256748781
:102FD000535675875456E2E055567687565677878E
:102FE0005756DBE05856D9E05956DFE05A567887F5
:102FF0005B5679875C56E0E05D567A875E567B8744
:103000005F567C8760567D8761567E876256DEE01C
:10301000635680876456E4E06556818766568287EA
:10302000675683876856F7C66956ACD86A56EBD49C
:103030006B56E6E06C56C9CA6D5684876E56858716
:103040006F568687705687877156E5E07256888777
:103050007356898774568A8775568B877656C1B89A
:1030600077568C8778568D8779568E877A568F87D4
:103070007B56E7E07C56E8E07D5690877E56918748
:103080007F5692878056938781569487825695877C
:1030900083569687845697878556E9E08656E3E0FF
:1030A000875698878856998789569A878A569B8724
:1030B0008B569C878C569D878D569E878E56BFBAA1
:1030C0008F56E7CC90569F879156A0879256A1873E
:1030D0009356EAE09456A2879556A3879656A487FE
:1030E0009756A5879856A6879956A7879A56A88770
:1030F0009B56A9879C56AA879D56AB879E56AC8740
:103100009F56AD87A056AE87A156AF87A256B0870F
:10311000A356F9CFA456B187A556B287A656B38752
:10312000A756B487A856B587A956B687AA56B787B3
:10313000AB56B887AC56B987AD56BA87AE56BB8783
:10314000AF56EBE0B056BC87B156BD87B256BE87CE
:10315000B356BF87B456C087B556C187B656C28727
:10316000B756C2C8B856C387B956C487BA56C587BA
:10317000BB56C687BC56C0BDBD56C787BE56C8879E
:10318000BF56C987C056CA87C156CB87C256CC879F
:10319000C356CD87C456CE87C556CF87C656D0876F
:1031A000C756D187C856D287C956D387CA56D2C404
:1031B000CB56D487CC56D587CD56D687CE56D78713
:1031C000CF56D887D056D987D156DA87D256DB87E3
:1031D000D356DC87D456ECE0D556DD87D656DE874D
:1031E000D756EDE0D856DF87D956E087DA56F4C7D0
:1031F000DB56C4CBDC56E187DD56EEE0DE56D8BBAD
:10320000DF56B6D8E056F2D2E156EFE0E256C5CD31
:10321000E356E287E456DAB6E556E387E656E487F6
:10322000E756E587E856E687E956E787EA56E887EE
:10323000EB56F1E0EC56E987ED56B0D4EE56EA874E
:10324000EF56EB87F056A7C0F156D1B4F256EC8793
:10325000F356ED87F456A7CEF556F0E0F656EE8716
:10326000F756EF87F856F087F956F2E0FA56CCB9E0
:10327000FB56F187FC56F287FD56FAB9FE56BCCDD7
:10328000FF56F3E00057F3870157F4870257F5879D
:103290000357D4C60457F4E00557F6870657B2D44F
:1032A0000757F7870857A6C80957F6E00A57F5E009
:1032B0000B57F8870C57F9870D57FA870E57FB877E
:1032C0000F57FC871057FD871157FE87125740880C
:1032D0001357418814574288155743881657448816
:1032E0001757458818574688195747881A574888E6
:1032F0001B5749881C57F7E01D574A881E574B88B3
:103300001F57C1CD20574C8821574D8822574E88D2
:103310002357A5CA24574F882557508826575188C8
:10332000275752882857DAD42957D7DB2A57D9DBB1
:103330002B5753882C57D8DB2D57E7B92E57DCDB9A
:103340002F57DDDB3057D8B5315754883257558861
:103350003357DADB345756883557578836575888ED
:103360003757598838575A883957DBDB3A57A1B352
:103370003B57DFDB3C575B883D575C883E57F8BBCB
:103380003F575D884057B7D641575E884257E0DBCC
:1033900043575F884457608845576188465762881D
:1033A0004757F9BE48576388495764884A57BBB79F
:1033B0004B5765884C57D0DB4D57AECC4E57B2BFFC
:1033C0004F57B5BB5057F8D75157D3BF52576688A0
:1033D00053576788545768885557698856576A887D
:1033E0005757E9BF58576B8859576C885A57E1BCF3
:1033F0005B57B3CC5C57DEDB5D57D3B05E57EBCE8B
:103400005F57D8B76057B9D76157C2C662576D8842
:1034100063576E886457A4C065576F886657B9CCE8
:10342000675770886857E7DB6957E1DB6A57BAC6A8
:103430006B57E3DB6C5771886D57E8DB6E5772880A
:103440006F57F7C5705773887157748872577588AE
:103450007357EADB74577688755777887657E9DBB8
:103460007757C0BF78577888795779887A577A889C
:103470007B57E6DB7C57E5DB7D577B887E577C8876
:103480007F577D8880577E88815780888257B9B45E
:103490008357ACC08457A2C28557E2DB8657E4DB72
:1034A0008757818888578288895783888A57848874
:1034B0008B57CDD08C57EDDB8D5785888E578688FE
:1034C0008F57878890578888915789889257DDC091
:1034D0009357F2DB94578A8895578B8896578C8838
:1034E00097578D8898578E8899578F889A579088C4
:1034F0009B57E2B69C5791889D5792889E57938818
:103500009F579488A057F3DBA157D2DBA257B8B9D5
:10351000A357ABD4A457ECDBA5579588A657D1BFCA
:10352000A757F0DBA8579688A957D1DBAA579788E9
:10353000AB57E6B5AC579888AD57EBDBAE57E5BF58
:10354000AF579988B0579A88B1579B88B257EEDB2E
:10355000B3579C88B457F1DBB5579D88B6579E8802
:10356000B7579F88B857F9DBB957A088BA57A188D1
:10357000BB57A288BC57A388BD57A488BE57A5884F
:10358000BF57A688C057A788C157A888C257A1B9F6
:10359000C357A3B0C457A988C557AA88C657AB88D4
:1035A000C757AC88C857AD88C957AE88CA57AF88C7
:1035B000CB57F1C2CC57B088CD57B188CE57C7B3DF
:1035C000CF57EFDBD057B288D157B388D257F8DB4B
:1035D000D357B488D457D2C6D557F4DBD657B5885D
:1035E000D757B688D857F5DBD957F7DBDA57F6DB6C
:1035F000DB57B788DC57B888DD57FEDBDE57B98864
:10360000DF57F2D3E057BAB2E157BA88E257BB8826
:10361000E357BC88E457FDDBE557BD88E657BE8815
:10362000E757BF88E857C088E957C188EA57C2887A
:10363000EB57C388EC57C488ED57A4DCEE57C58818
:10364000EF57FBDBF057C688F157C788F257C88899
:10365000F357C988F457FADBF557CA88F657CB8871
:10366000F757CC88F857FCDBF957E0C5FA57F9BB98
:10367000FB57CD88FC57CE88FD57A3DCFE57CF887B
:10368000FF57D0880058A5DC0158D1880258C3CC18
:103690000358D2880458D3880558D4880658D1B620
:1036A0000758C0DD0858D5880958D6880A58D788E1
:1036B0000B58A1DC0C58D8880D58A2DC0E58D988BC
:1036C0000F58DA881058DB881158B5C71258DC88B3
:1036D0001358DD881458DE881558E9B61658DF8867
:1036E0001758E0881858E1881958A7DC1A58E2885A
:1036F0001B58E3881C58E4881D58E5881E58A6DC32
:103700001F58E6882058A9DC2158A4B12258E78820
:103710002358E8882458CCB52558E9882658EA88E3
:103720002758EB882858EC882958ED882A58B0BFCC
:103730002B58EE882C58EF882D58F0882E58F18899
:103740002F58F2883058DFD13158F3883258F48836
:103750003358F5883458F6883558C2B63658F78845
:103760003758F8883858F9883958FA883A58FB8811
:103770003B58FC883C58FD883D58FE883E5840899F
:103780003F584189405842894158438942584489A9
:10379000435845894458A8DC4558468946584789C6
:1037A000475848894858498949584A894A584B894D
:1037B0004B584C894C58FACB4D58F3EB4E584D8929
:1037C0004F584E8950584F895158DCCB5258508928
:1037D000535851895458FECB5558528956585389DD
:1037E000575854895858C1CC595855895A585689F0
:1037F0005B5857895C5858895D5859895E58FBC891
:103800005F585A8960585B8961585C8962585D8944
:1038100063585E8964585F896558AADC6658608978
:103820006758618968586289695863896A586489E8
:103830006B58EECC6C58ABDC6D5865896E58668958
:103840006F586789705868897158698972586A8990
:1038500073586B8974586C8975586D8976586E8960
:1038600077586F8978587089795871897A58728930
:103870007B5873897C5874897D5875897E58D3DB51
:103880007F5876898058AFDC8158ACDC82587789C4
:103890008358B3BE845878898558FBCA865879897D
:1038A00087587A8988587B898958ADDC8A587C8901
:1038B0008B587D898C587E898D5880898E58818956
:1038C0008F58828990588389915884899258CAC99F
:1038D0009358B9C49458858995588689965887898C
:1038E00097588889985889899958BDC79A58AEDCE5
:1038F0009B588A899C588B899D588C899E58F6D4F0
:103900009F58E6D0A0588D89A1588E89A2588F89DA
:10391000A3589089A4589189A5589289A65893894B
:10392000A7589489A858ABC4A958D5B6AA58958960
:10393000AB589689AC589789AD589889AE589989F3
:10394000AF589A89B0589B89B1589C89B2589D89C3
:10395000B3589E89B4589F89B558A089B658A18993
:10396000B758A289B858A389B958A489BA58A58963
:10397000BB58A689BC58D4DBBD58A789BE58A889B6
:10398000BF58A989C058AA89C158DAB1C258AB89B1
:10399000C358AC89C458AD89C558D5DBC658AE8963
:1039A000C758AF89C858B089C958B189CA58B289AF
:1039B000CB58B389CC58B489CD58B589CE58B6897F
:1039C000CF58B789D058B889D158D6DBD258B989E1
:1039D000D358BA89D458BB89D558BEBAD658BC89F1
:1039E000D758BD89D858BE89D958BF89DA58C089F7
:1039F000DB58C189DC58C289DD58C389DE58C489C7
:103A0000DF58C589E058C689E158C789E258C88996
:103A1000E358C989E458C0C8E558CA89E658CB8933
:103A2000E758CC89E858CD89E958CE89EA58CF893A
:103A3000EB58BFCAEC58C9C8ED58D089EE58B3D777
:103A4000EF58D189F058F9C9F158D289F258D38981
:103A5000F358C7BFF458D489F558D589F658F8BA41
:103A6000F758D689F858D789F958BCD2FA58D88966
:103A7000FB58D989FC58DA89FD58DB89FE58DC8966
:103A8000FF58DD890059DE890159DF890259BAE200
:103A90000359E0890459A6B40559E1890659E28918
:103AA0000759B8B10859E3890959E4890A59E589E0
:103AB0000B59E6890C59E7890D59B4B80E59E889B4
:103AC0000F59C4CF1059E9891159EA891259EB8964
:103AD0001359EC891459E7D91559A6CF1659E2CDD7
:103AE0001759ED891859EE891959EDD91A59E0B6C7
:103AF0001B59EF891C59B9D21D59F0891E59F189FA
:103B00001F59BBB92059F2892159F3892259F489E7
:103B10002359F5892459B9E22559B7E22659F6897E
:103B20002759F3B42859F7892959ECCC2A59ABCC39
:103B30002B59F2B72C59F8892D59B2D82E59EBD1FF
:103B40002F59BBBA3059F9893159A7CA3259FA8964
:103B50003359FB893459B7CD3559FC893659FD891C
:103B60003759C4D23859E4BF3959D0BC3A59E1B6B3
:103B70003B59FE893C59C5DE3D59408A3E59418A30
:103B80003F59428A4059438A4159C6DE4259BCDBFB
:103B90004359448A4459D9D14559458A4659468A98
:103BA0004759E6C64859CEC44959EEB74A59478ADB
:103BB0004B59DCB74C59488A4D59498A4E59FCBF7C
:103BC0004F59E0D750594A8A5159F5C652594B8A34
:103BD00053594C8A5459BCB15559C8DE5659B1BDD8
:103BE0005759D7CC5859CADE59594D8A5A59C9DE46
:103BF0005B594E8A5C594F8A5D59508A5E59518A89
:103C00005F59528A6059ECB56159538A6259DDC9CE
:103C10006359548A6459558A6559C2B06659568A9F
:103C20006759578A6859588A6959598A6A595A8A04
:103C30006B595B8A6C595C8A6D595D8A6E595E8AD4
:103C40006F595F8A7059608A7159618A7259628AA4
:103C50007359AEC57459ABC57559638A7659CCC4CE
:103C60007759648A7859E9BC7959FDCB7A59658AC4
:103C70007B59668A7C59678A7D59C3BA7E59688A9E
:103C80007F59698A80596A8A8159F9E58259E7C85A
:103C90008359FAE58459FDCD85596B8A8659B1D788
:103CA0008759BEB88859E8C289596C8A8A59D1C8DF
:103CB0008B596D8A8C596E8A8D59FBE58E596F8AA6
:103CC0008F59708A9059718A9159728A9259CAB6DD
:103CD0009359CBBC9459738A9559748A9659FDD1DE
:103CE0009759A1E69859758A9959EEC39A59768AD7
:103CF0009B59778A9C59788A9D59798A9E59A4E65E
:103D00009F597A8AA0597B8AA1597C8AA2597D8AB7
:103D1000A359FEE5A459A5E6A559D7CDA6597E8A93
:103D2000A759808AA859C1B7A959FCE5AA59FDE548
:103D3000AB59A3E6AC59818AAD59828AAE59DDC42C
:103D4000AF59A8E6B059838AB159848AB259A7E617
:103D5000B359858AB459868AB559878AB659888AEB
:103D6000B759898AB8598A8AB959C3C3BA598B8A4B
:103D7000BB59DEC6BC598C8ABD598D8ABE59AAE68C
:103D8000BF598E8AC0598F8AC159908AC259918A67
:103D9000C359928AC459938AC559948AC659B7C4DB
:103DA000C759958AC859968AC959978ACA59A2E6A5
:103DB000CB59BCCACC59988ACD59998ACE599A8A7E
:103DC000CF599B8AD059E3BDD159C3B9D259A6E680
:103DD000D359D5D0D459AFCED5599C8AD6599D8ABE
:103DE000D759A9E6D859B0E6D9599E8ADA59A6D248
:103DF000DB599F8ADC59AABDDD59ADE6DE59A08AA0
:103E0000DF59A18AE059A28AE159A38AE259A48A1A
:103E1000E359AFE6E459A58AE559D1C0E659A68A27
:103E2000E759A78AE859CCD2E959A88AEA59A98A58
:103E3000EB59AA8AEC59A7BCED59AB8AEE59AC8A6A
:103E4000EF59AD8AF059AE8AF159AF8AF259B08A6A
:103E5000F359B18AF459B28AF559B38AF659B48A3A
:103E6000F759B58AF859B68AF959B1E6FA59B78AB5
:103E7000FB59F6D2FC59B88AFD59B98AFE59BA8A5B
:103E8000FF59CBD7005ABB8A015AFECD025ABC8AD1
:103E9000035ADECD045AA6C2055AABE6065AACE672
:103EA000075ABFBD085AAEE6095AB3E60A5ABD8A98
:103EB0000B5ABE8A0C5AB2E60D5ABF8A0E5AC08AF5
:103EC0000F5AC18A105AC28A115AB6E6125AC38AC8
:103ED000135AB8E6145AC48A155AC58A165AC68A9D
:103EE000175AC78A185AEFC4195AC88A1A5AC98A5F
:103EF0001B5ACA8A1C5AC8C41D5ACB8A1E5ACC8A5D
:103F00001F5AEABE205AEFC9215ACD8A225ACE8AB8
:103F1000235AB7E6245ACF8A255AF0B6265AD08AB1
:103F2000275AD18A285AD28A295AE4C32A5AD38ACC
:103F30002B5AD48A2C5AD58A2D5AD68A2E5AD78AE9
:103F40002F5AD88A305AD98A315AE9D3325AB4E62C
:103F5000335ADA8A345AB5E6355ADB8A365AA2C859
:103F6000375ADC8A385ADD8A395ADE8A3A5ADF8A69
:103F70003B5AE08A3C5ABDE63D5AE18A3E5AE28A03
:103F80003F5AE38A405AB9E6415AE48A425AE58ADE
:103F9000435AE68A445AE78A455AE88A465AC5C6C9
:103FA000475AE98A485AEA8A495AF1CD4A5ABBE641
:103FB0004B5AEB8A4C5AEC8A4D5AED8A4E5AEE8A8D
:103FC0004F5AEF8A505AF08A515AF18A525AF28A5D
:103FD000535AF38A545AF48A555ABCE6565AF58A0B
:103FE000575AF68A585AF78A595AF88A5A5AE9BBE0
:103FF0005B5AF98A5C5AFA8A5D5AFB8A5E5AFC8AD5
:104000005F5AFD8A605AFE8A615A408B625ABEE648
:10401000635A418B645A428B655A438B665A448B70
:10402000675ABAE6685A458B695A468B6A5AB7C0CE
:104030006B5A478B6C5A488B6D5A498B6E5A4A8B18
:104040006F5A4B8B705A4C8B715A4D8B725A4E8BE8
:10405000735A4F8B745AA4D3755ABFE6765AF4C973
:10406000775AC3E6785A508B795A518B7A5AC4E6FC
:104070007B5A528B7C5A538B7D5A548B7E5A558B6C
:104080007F5AF6D0805A568B815A578B825A588B5A
:10409000835A598B845A5A8B855A5B8B865A5C8B10
:1040A000875A5D8B885A5E8B895A5F8B8A5A608BE0
:1040B0008B5A618B8C5A628B8D5A638B8E5A648BB0
:1040C0008F5A658B905A668B915A678B925ABDC3F3
:1040D000935A688B945A698B955A6A8B965A6B8B54
:1040E000975A6C8B985A6D8B995A6E8B9A5AC4C397
:1040F0009B5AC2E69C5A6F8B9D5A708B9E5A718B4D
:104100009F5A728BA05A738BA15A748BA25A758BCB
:10411000A35A768BA45A778BA55A788BA65A798B9B
:10412000A75A7A8BA85A7B8BA95A7C8BAA5AC1E6CC
:10413000AB5A7D8BAC5A7E8BAD5A808BAE5A818B3D
:10414000AF5A828BB05A838BB15A848BB25AC7E66E
:10415000B35AB1CFB45A858BB55AF4EBB65A868BA5
:10416000B75A878BB85ACAE6B95A888BBA5A898B1C
:10417000BB5A8A8BBC5A8B8BBD5A8C8BBE5AC5E6F8
:10418000BF5A8D8BC05A8E8BC15ADEBCC25AA9C988
:10419000C35A8F8BC45A908BC55A918BC65A928B37
:1041A000C75A938BC85A948BC95AB5BCCA5A958BB7
:1041B000CB5A968BCC5AD3CFCD5A978BCE5A988B5D
:1041C000CF5A998BD05A9A8BD15A9B8BD25AC8E628
:1041D000D35A9C8BD45AC9E6D55A9D8BD65ACEE673
:1041E000D75A9E8BD85AD0E6D95A9F8BDA5AA08BD1
:1041F000DB5AA18BDC5AD1E6DD5AA28BDE5AA38BA7
:10420000DF5AA48BE05ACBE6E15AD5B5E25AA58B2A
:10421000E35ACCE6E45AA68BE55AA78BE65ACFE6DA
:10422000E75AA88BE85AA98BE95ADBC4EA5AAA8B49
:10423000EB5AC6E6EC5AAB8BED5AAC8BEE5AAD8B13
:10424000EF5AAE8BF05AAF8BF15ACDE6F25AB08BE3
:10425000F35AB18BF45AB28BF55AB38BF65AB48B2E
:10426000F75AB58BF85AB68BF95AB78BFA5AB88BFE
:10427000FB5AB98BFC5ABA8BFD5ABB8BFE5ABC8BCE
:10428000FF5ABD8B005BBE8B015BBF8B025BC08B9B
:10429000035BC18B045BC28B055BC38B065BC48B6A
:1042A000075BC58B085BC68B095BD2E60A5BC78BD5
:1042B0000B5BC88B0C5BC98B0D5BCA8B0E5BCB8B0E
:1042C0000F5BCC8B105BCD8B115BCE8B125BCF8BDE
:1042D000135BD08B145BD18B155BD28B165BD4E652
:1042E000175BD3E6185BD38B195BD48B1A5BD58B2A
:1042F0001B5BD68B1C5BD78B1D5BD88B1E5BD98B56
:104300001F5BDA8B205BDB8B215BDC8B225BDD8B25
:10431000235BDE8B245BDF8B255BE08B265BE18BF5
:10432000275BE28B285BE38B295BE48B2A5BE58BC5
:104330002B5BE68B2C5BE78B2D5BE88B2E5BE98B95
:104340002F5BEA8B305BEB8B315BEC8B325BD5E622
:10435000335BED8B345BF8D9355BEE8B365BEF8BE3
:10436000375BD6E6385BF08B395BF18B3A5BF28BCF
:104370003B5BF38B3C5BF48B3D5BF58B3E5BF68BE1
:104380003F5BF78B405BD7E6415BF88B425BF98B79
:10439000435BFA8B445BFB8B455BFC8B465BFD8B85
:1043A000475BFE8B485B408C495B418C4A5B428C8F
:1043B0004B5B438C4C5B448C4D5B458C4E5B468C1D
:1043C0004F5B478C505BD3D7515BDDE6525B488C2B
:1043D000535BDEE6545BD7BF555BD0D4565B498C4C
:1043E000575BD6D7585BE6B4595BEFCB5A5BDAE63E
:1043F0005B5BC3D85C5BCED75D5BA2D05E5B4A8C57
:104400005F5BCFC3605B4B8C615B4C8C625BDFE6B8
:10441000635BBEBC645BC2B9655BDBE6665BA7D170
:10442000675B4D8C685B4E8C695BA2BA6A5BCFC2DE
:104430006B5B4F8C6C5BABD86D5B508C6E5B518C47
:104440006F5B528C705BEBCA715BEEE5725B538CF9
:10445000735BDCE6745B548C755BF5B7765B558CEF
:10446000775B568C785B578C795B588C7A5BE6C8A7
:104470007B5B598C7C5B5A8C7D5BF5C47E5B5B8C73
:104480007F5B5C8C805BB2E5815BFEC4825B5D8C94
:10449000835BFCCB845BB3E5855BACD5865B5E8CD4
:1044A000875BEED3885BD8CA895BB2B08A5B5F8CCE
:1044B0008B5BCECB8C5BEACD8D5B608C8E5B618C35
:1044C0008F5BEABA905B628C915B638C925B648CCD
:1044D000935BB5E5945B658C955BB4E5965B668C08
:1044E000975BDAD7985BD9B9995BE6D69A5BA8B6A1
:1044F0009B5BF0CD9C5BCBD29D5BA6B19E5BB5CAAE
:104500009F5B678CA05BE8B3A15BF3C9A25BCDBFE7
:10451000A35BFBD0A45BD2CAA55BB6E5A65BC2BB1E
:10452000A75B688CA85B698CA95B6A8CAA5BDCCFF3
:10453000AB5BACB9AC5B6B8CAD5B6C8CAE5B6D8C10
:10454000AF5B6E8CB05BD7D4B15B6F8CB25B708CA1
:10455000B35BA6BAB45BE7D1B55BFCCFB65BD2BCAC
:10456000B75B718CB85BB7E5B95BDDC8BA5B728CC1
:10457000BB5B738CBC5B748CBD5BEDBFBE5BF6B18B
:10458000BF5BDECBC05B758CC15B768CC25BC5BC90
:10459000C35B778CC45BC4BCC55BFAD2C65BDCC3AF
:1045A000C75BDCBFC85B788CC95B798CCA5B7A8CD3
:1045B000CB5B7B8CCC5BBBB8CD5B7C8CCE5B7D8CD2
:1045C000CF5B7E8CD05BC2C3D15B808CD25BAEBA3A
:1045D000D35BA2D4D45B818CD55B828CD65B838C7D
:1045E000D75B848CD85B858CD95B868CDA5B878CB7
:1045F000DB5B888CDC5B898CDD5BDEC7DE5BAFC49C
:10460000DF5BECB2E05B8A8CE15BD1B9E25B8B8C67
:10461000E35B8C8CE45BBBE5E55BC8C1E65B8D8C42
:10462000E75B8E8CE85BAFD5E95B8F8CEA5B908CA7
:10463000EB5B918CEC5B928CED5B938CEE5BBCE561
:10464000EF5B948CF05BBEE5F15B958CF25B968C36
:10465000F35B978CF45B988CF55B998CF65B9A8C8A
:10466000F75B9B8CF85BE7B4F95BD4B6FA5BC2CB23
:10467000FB5BB0D1FC5BBCB5FD5B9C8CFE5B9D8C99
:10468000FF5BD9CA005C9E8C015CE2B7025C9F8C28
:10469000035CA08C045CE4C9055CA18C065CABBD2A
:1046A000075CA28C085CA38C095CBECE0A5CF0D7C8
:1046B0000B5CA48C0C5CA58C0D5CA68C0E5CA78C92
:1046C0000F5CA1D0105CA88C115CD9C9125CA98CBC
:1046D000135CAA8C145CFBB6155CD8E6165CE2BCD5
:1046E000175CAB8C185CBEB3195CAC8C1A5CD0C97F
:1046F0001B5CAD8C1C5CD9E61D5CA2B31E5CAE8C51
:104700001F5CAF8C205CB08C215CB18C225CCCDE59
:10471000235CB28C245CC8D3255CCDDE265CB38CD4
:10472000275CA2D2285CB48C295CB58C2A5CB68C40
:104730002B5CB78C2C5CCEDE2D5CB88C2E5CB98CDF
:104740002F5CBA8C305CBB8C315CCDBE325CBC8CD7
:10475000335CBD8C345CCFDE355CBE8C365CBF8C8C
:10476000375CC08C385CACCA395CFCD23A5CDFB3D5
:104770003B5CEAE53C5CE1C43D5CA1BE3E5CB2CE84
:104780003F5CF2C4405CD6BE415CA8C6425CE3B26A
:10479000435CC18C445CC28C455CD3BE465CC38C1C
:1047A000475CC48C485CFCC7495CEBCC4A5CECBD04
:1047B0004B5CDDCE4C5CC58C4D5CC68C4E5CBACA85
:1047C0004F5CC1C6505CECE5515CBCD0525CC78C00
:1047D000535CC88C545CC98C555CB9D5565CCA8C8A
:1047E000575CCB8C585CCC8C595CEDE55A5CCD8C1D
:1047F0005B5CCE8C5C5CCF8C5D5CD08C5E5CF4CA08
:104800005F5CD18C605CC0CD615CC5C2625CD28CE7
:10481000635CEFE5645CD38C655CC4C2665CF0E508
:10482000675CD48C685CD58C695CD68C6A5CD78CF0
:104830006B5CD88C6C5CD98C6D5CDA8C6E5CF8E54A
:104840006F5CCDCD705CDB8C715CBDC9725CDC8C47
:10485000735CDD8C745CDE8C755CDF8C765CE08C6C
:10486000775CE18C785CE28C795CD9D27A5CA8E1E7
:104870007B5CE38C7C5CE48C7D5CE58C7E5CE68C14
:104880007F5CECD3805CE78C815CEACB825CF1C618
:10489000835CE88C845CE98C855CEA8C865CEB8CC0
:1048A000875CEC8C885CACE1895CED8C8A5CEE8C7E
:1048B0008B5CEF8C8C5CA7E18D5CA9E18E5CF08C4D
:1048C0008F5CF18C905CAAE1915CAFE1925CF28C20
:1048D000935CF38C945CEDB2955CF48C965CABE1EC
:1048E000975CDAB8985CADE1995CAEE19A5CB0E1B6
:1048F0009B5CBAB59C5CB1E19D5CF58C9E5CF68CD2
:104900009F5CF78CA05CF88CA15CF98CA25CB3E195
:10491000A35CB8E1A45CFA8CA55CFB8CA65CFC8C67
:10492000A75CFD8CA85CFE8CA95CD2D1AA5C408DF2
:10493000AB5CB6E1AC5CB5E1AD5CEBC1AE5C418DAE
:10494000AF5C428DB05C438DB15CB7E1B25C448D2D
:10495000B35CC0D4B45C458DB55CB2E1B65C468D49
:10496000B75CBAE1B85CB6B0B95C478DBA5C488D4B
:10497000BB5C498DBC5C4A8DBD5CB4E1BE5C4B8DBB
:10498000BF5CF9BFC05C4C8DC15CB9E1C25C4D8DB0
:10499000C35C4E8DC45CBBE1C55C4F8DC65C508D65
:1049A000C75C518DC85C528DC95C538DCA5C548DF7
:1049B000CB5CBEE1CC5C558DCD5C568DCE5C578D0D
:1049C000CF5C588DD05C598DD15C5A8DD25CBCE1E6
:1049D000D35C5B8DD45C5C8DD55C5D8DD65C5E8D6F
:1049E000D75C5F8DD85C608DD95CC5D6DA5C618D93
:1049F000DB5C628DDC5C638DDD5C648DDE5C658D13
:104A0000DF5C668DE05C678DE15CBFCFE25C688D4A
:104A1000E35C698DE45CBDE1E55CBFE1E65CCDC2D1
:104A2000E75C6A8DE85CEBB6E95C6B8DEA5CF8D319
:104A3000EB5C6C8DEC5C6D8DED5CCDC7EE5C6E8DD2
:104A4000EF5C6F8DF05CE5B7F15C708DF25C718DA1
:104A5000F35C728DF45C738DF55C748DF65C758D12
:104A6000F75C768DF85C778DF95C788DFA5C798DE2
:104A7000FB5CFEBEFC5C7A8DFD5C7B8DFE5C7C8D00
:104A8000FF5C7D8D005D7E8D015D808D025DC0E1EE
:104A9000035DC1E1045D818D055D828D065DC7E129
:104AA000075DE7B3085D838D095D848D0A5D858DA3
:104AB0000B5D868D0C5D878D0D5D888D0E5DE9C665
:104AC0000F5D898D105D8A8D115D8B8D125D8C8DD2
:104AD000135D8D8D145DDEB4155D8E8D165DC2D1B6
:104AE000175D8F8D185D908D195D918D1A5D928D7A
:104AF0001B5DC8E11C5D938D1D5D948D1E5DC6E13F
:104B00001F5D958D205D968D215D978D225D988D21
:104B1000235D998D245DC5E1255D9A8D265DC3E1F8
:104B2000275DC2E1285D9B8D295DC0B12A5D9C8D0A
:104B30002B5D9D8D2C5D9E8D2D5DB8D52E5DC4E1C8
:104B40002F5D9F8D305DA08D315DA18D325DA28D79
:104B5000335DA38D345DCBE1355DA48D365DA58DD0
:104B6000375DA68D385DA78D395DA88D3A5DA98D1D
:104B70003B5DAA8D3C5DAB8D3D5DCCE13E5DCAE108
:104B80003F5DAC8D405DAD8D415DAE8D425DAF8DC5
:104B9000435DB08D445DB18D455DB28D465DB38D95
:104BA000475DFAEF485DB48D495DB58D4A5DD3E14F
:104BB0004B5DD2E14C5DB6C74D5DB68D4E5DB78D98
:104BC0004F5DB88D505DB98D515DBA8D525DBB8D15
:104BD000535DBC8D545DBD8D555DBE8D565DBF8DE5
:104BE000575DC08D585DC9E1595DC18D5A5DC28D5B
:104BF0005B5DCEE15C5DC38D5D5DD0E15E5DC48DCE
:104C00005F5DC58D605DC68D615DC78D625DC88D60
:104C1000635DC98D645DCA8D655DCB8D665DCC8D30
:104C2000675DCD8D685DCE8D695DD4E16A5DCF8DA8
:104C30006B5DD1E16C5DCDE16D5DD08D6E5DD18D33
:104C40006F5DCFE1705DD28D715DD38D725DD48D5E
:104C5000735DD58D745DD5E1755DD68D765DD78D2F
:104C6000775DD88D785DD98D795DDA8D7A5DDB8D54
:104C70007B5DDC8D7C5DDD8D7D5DDE8D7E5DDF8D24
:104C80007F5DE08D805DE18D815DE28D825DD6E1AD
:104C9000835DE38D845DE48D855DE58D865DE68DC8
:104CA000875DE78D885DE88D895DE98D8A5DEA8D98
:104CB0008B5DEB8D8C5DEC8D8D5DED8D8E5DEE8D68
:104CC0008F5DEF8D905DF08D915DF18D925DF28D38
:104CD000935DF38D945DF48D955DF58D965DF68D08
:104CE000975DF78D985DF88D995DD7E19A5DF98DA7
:104CF0009B5DFA8D9C5DFB8D9D5DD8E19E5DFC8D7D
:104D00009F5DFD8DA05DFE8DA15D408EA25D418EFB
:104D1000A35D428EA45D438EA55D448EA65D458E47
:104D2000A75D468EA85D478EA95D488EAA5D498E17
:104D3000AB5D4A8EAC5D4B8EAD5D4C8EAE5D4D8EE7
:104D4000AF5D4E8EB05D4F8EB15D508EB25D518EB7
:104D5000B35D528EB45D538EB55D548EB65D558E87
:104D6000B75DDAE1B85D568EB95D578EBA5D588E83
:104D7000BB5D598EBC5D5A8EBD5D5B8EBE5D5C8E2B
:104D8000BF5D5D8EC05D5E8EC15D5F8EC25D608EFB
:104D9000C35D618EC45D628EC55DDBE1C65D638E01
:104DA000C75D648EC85D658EC95D668ECA5D678E9F
:104DB000CB5D688ECC5D698ECD5DA1CECE5D6A8EF9
:104DC000CF5D6B8ED05D6C8ED15D6D8ED25D6E8E43
:104DD000D35D6F8ED45D708ED55D718ED65D728E13
:104DE000D75D738ED85D748ED95D758EDA5D768EE3
:104DF000DB5DDDE7DC5D778EDD5DA8B4DE5DDDD6F5
:104E0000DF5D788EE05D798EE15DB2D1E25DB2B3B7
:104E1000E35D7A8EE45D7B8EE55DA4B9E65DF3D754
:104E2000E75DC9C7E85DDEBEE95DAEB9EA5D7C8ECF
:104E3000EB5DD7CEEC5D7D8EED5D7E8EEE5DEEB2F0
:104E4000EF5DCFDBF05D808EF15DBABCF25DD1D25B
:104E5000F35DC8CBF45DCDB0F55D818EF65D828EDD
:104E6000F75DEFCFF85D838EF95D848EFA5D858EF8
:104E7000FB5D868EFC5D878EFD5DE3D9FE5DEDBD3D
:104E8000FF5D888E005E898E015ED2B1025ED0CA5F
:104E9000035EBCB2045E8A8E055EA7CB065EABB72E
:104EA000075E8B8E085EA6CA095E8C8E0A5E8D8EAA
:104EB0000B5E8E8E0C5EA3CF0D5E8F8E0E5E908E7F
:104EC0000F5EF8E0105ECAD5115EFBE0125E918EB7
:104ED000135E928E145EFAE0155EC1C5165EFBCCC1
:104EE000175E938E185EB1C1195EF9E01A5EE3D6C3
:104EF0001B5EAFB21C5EC4D61D5EDBB51E5E948E1B
:104F00001F5E958E205E968E215E978E225E988E15
:104F1000235E998E245E9A8E255E9B8E265EF8B463
:104F2000275EA1D6285E9C8E295E9D8E2A5E9E8E6F
:104F30002B5E9F8E2C5EA08E2D5EAFCF2E5EEFB0CF
:104F40002F5EA18E305EA28E315EFCE0325EA38EBB
:104F5000335EA48E345EA58E355EA68E365EA78E39
:104F6000375EA1E1385EA3B3395EA88E3A5EA98EA2
:104F70003B5EFDE03C5EFEE03D5EB1C33E5EAA8E60
:104F80003F5EAB8E405EAC8E415EAD8E425EDDC359
:104F9000435EAE8E445EA2E1455EF9B7465EAF8EDB
:104FA000475EB08E485EB18E495EB28E4A5EB38E69
:104FB0004B5EB48E4C5ECFBB4D5EB58E4E5EB68EF4
:104FC0004F5EB78E505EB88E515EB98E525EBA8E0D
:104FD000535EBB8E545EA3E1555EBBC4565EBC8E71
:104FE000575EBD8E585EBE8E595EBF8E5A5EC08EB5
:104FF0005B5EA4E15C5EC18E5D5EC28E5E5EA5E11D
:105000005F5EC38E605EC48E615EA6E1625EB1B417
:10501000635EC58E645EC68E655EC78E665EC88E34
:10502000675EC98E685ECA8E695ECB8E6A5ECC8E04
:105030006B5ECD8E6C5ECE8E6D5ECF8E6E5ED08ED4
:105040006F5ED18E705ED28E715ED38E725EC9B885
:10505000735EBDC6745EEAC4755ED48E765EA2B21F
:10506000775ED58E785ED2D0795ED68E7A5EDBE7BB
:105070007B5EC3BB7C5ED7D37D5EC4D37E5ED78EA2
:105080007F5EE3B9805ECFE2815ED88E825ED98E8C
:10509000835EDA8E845EAFD7855EDB8E865EECC77C
:1050A000875ED3B1885EDC8E895EDD8E8A5EB2B4A7
:1050B0008B5ED1E28C5EDE8E8D5EDF8E8E5EE08E4C
:1050C0008F5EF2D0905EAEC2915ED0E2925EE18ED3
:1050D000935EE2BF945EA6D3955ED7B5965ED2E2AC
:1050E000975EEAB5985EE28E995EEDC39A5EFDB872
:1050F0009B5EE38E9C5EAEB89D5EE48E9E5ED3C5E5
:105100009F5ECFB7A05ED4E2A15EE58EA25EE68E82
:10511000A35EE78EA45EE88EA55ED3E2A65EC8B667
:10512000A75EF9D7A85EE98EA95EEA8EAA5EEB8E2D
:10513000AB5EEC8EAC5EED8EAD5EA5CDAE5EEE8E62
:10514000AF5EEF8EB05EF08EB15EF18EB25EF28E2B
:10515000B35ED8E2B45EF38EB55ED6E2B65EFCCA4C
:10516000B75EB5BFB85EB9D3B95ED5E2BA5EF48EAC
:10517000BB5EF58EBC5EF68EBD5EF78EBE5ED7E280
:10518000BF5EF88EC05EF98EC15EFA8EC25EFB8E87
:10519000C35EFC8EC45EFD8EC55EFE8EC65E408F15
:1051A000C75E418FC85E428FC95EAEC1CA5EC8C0CD
:1051B000CB5E438FCC5E448FCD5E458FCE5E468FF7
:1051C000CF5E478FD05E488FD15EDBE2D25EDAE2FF
:1051D000D35EAAC0D45E498FD55E4A8FD65ECEC15B
:1051E000D75E4B8FD85E4C8FD95E4D8FDA5E4E8F77
:1051F000DB5EDCE2DC5E4F8FDD5E508FDE5E518F6A
:10520000DF5E528FE05E538FE15E548FE25E558F1A
:10521000E35E568FE45E578FE55E588FE65E598FEA
:10522000E75E5A8FE85EDDE2E95E5B8FEA5EDEE212
:10523000EB5E5C8FEC5E5D8FED5E5E8FEE5E5F8F92
:10524000EF5E608FF05E618FF15E628FF25E638F62
:10525000F35E648FF45EC8DBF55E658FF65ED3D1D6
:10526000F75EA2CDF85E668FF95E678FFA5EA8BD25
:10527000FB5E688FFC5E698FFD5E6A8FFE5EC3DE3B
:10528000FF5EA5D8005FAABF015FCDDB025FECD255
:10529000035FFAC6045FAAC5055F6B8F065F6C8F5C
:1052A000075F6D8F085FC4DE095F6E8F0A5FD7B13D
:1052B0000B5FAEDF0C5F6F8F0D5F708F0E5F718FB6
:1052C0000F5FBDCA105F728F115FB1DF125F738F06
:1052D000135FADB9145F748F155FFDD2165F758FC4
:1052E000175FA5B8185FEBBA195F768F1A5F778FD3
:1052F0001B5FDAB31C5F788F1D5F798F1E5F7A8F1B
:105300001F5FDCB5205FC5D5215F7B8F225F7C8F5F
:10531000235F7D8F245F7E8F255FD6C3265FD2CF2C
:10532000275FA1BB285F808F295FF3E52A5FF2E545
:105330002B5F818F2C5F828F2D5FF4E52E5F838F33
:105340002F5FE4CD305F848F315FF5C8325F858F8A
:10535000335F868F345F878F355F888F365F898FA5
:10536000375F8A8F385F8B8F395FAFB53A5FBFC7C2
:105370003B5F8C8F3C5FF6E53D5F8D8F3E5F8E8F90
:105380003F5F8F8F405FB0EC415F908F425F918FA6
:10539000435F928F445F938F455F948F465F958FF5
:1053A000475F968F485F978F495F988F4A5F998FC5
:1053B0004B5F9A8F4C5F9B8F4D5F9C8F4E5F9D8F95
:1053C0004F5F9E8F505FE6E5515F9F8F525FE9B957
:1053D000535FB1B5545FA08F555FBCC2565FE8E51F
:1053E000575FE7E5585FE9E5595FA18F5A5FA28FE4
:1053F0005B5FA38F5C5FA48F5D5FCDD25E5FA58F87
:105400005F5FA68F605FA78F615FEAE1625FCED0CA
:10541000635FA88F645FAECD655FA98F665FE5D1DE
:10542000675FAA8F685FAB8F695FCAB26A5FEBB1D3
:105430006B5FAC8F6C5FF2B16D5FEDC56E5FAD8F72
:105440006F5FAE8F705FC3D5715FB0D3725FAF8F88
:10545000735FDCE1745FB08F755FB18F765FB28F81
:10546000775FDDE1785FB38F795FDBD27A5FB48FEE
:105470007B5FB9B37C5FCBB17D5FB58F7E5FB68F4D
:105480007F5FB78F805FF9CD815FF7D5825FDEE107
:10549000835FB88F845FB6BE855FFDB4865FB98FCA
:1054A000875FDFE1885FDCBA895FE0E18A5FB2BBDA
:1054B0008B5FC9C28C5FE1E18D5FBA8F8E5FBB8F5E
:1054C0008F5FBC8F905FECD0915FBD8F925FBDCD41
:1054D000935FBE8F945FBF8F955FE2E1965FC08F51
:1054E000975FC3B5985FC7C5995FE3E19A5FC18FC6
:1054F0009B5FC28F9C5FE4E19D5FC38F9E5FC48F03
:105500009F5FC58FA05FC68FA15FF9D3A25FC78FD2
:10551000A35FC88FA45FC98FA55FCA8FA65FCB8F1B
:10552000A75FCC8FA85FE5E1A95FCD8FAA5FADD162
:10553000AB5FCE8FAC5FCF8FAD5FE6E1AE5FA2CE4B
:10554000AF5FD08FB05FD18FB15FD28FB25FD38F9B
:10555000B35FD48FB45FD58FB55FE7E1B65FD68F09
:10556000B75FC2B5B85FD78FB95FD88FBA5FD98F31
:10557000BB5FDA8FBC5FE8E1BD5FD5BBBE5FDB8F91
:10558000BF5FDC8FC05FDD8FC15FDE8FC25FDF8FEB
:10559000C35FC4D0C45FE0E2C55FD8B1C65FE4D2E8
:1055A000C75FE08FC85FE18FC95FE1E2CA5FE28F4A
:1055B000CB5FE38FCC5FC9BCCD5FCCC8CE5FE48F3F
:1055C000CF5FE3E2D05FFEECD15FFDECD25FAFDFF7
:1055D000D35FE58FD45FE68FD55FE78FD65FE2E2DA
:1055E000D75FBED6D85FFCCDD95FA6C3DA5FE88FA0
:1055F000DB5FE98FDC5FEA8FDD5FC3E3DE5FEB8FAC
:10560000DF5FEC8FE05FD2D6E15FE7E2E25FED8F34
:10561000E35FEE8FE45FE8E2E55FEF8FE65FF08F38
:10562000E75FC7D3E85FF18FE95FF28FEA5FECE2F3
:10563000EB5FECBFEC5FF38FED5FEDE2EE5FE5E279
:10564000EF5FF48FF05FF58FF15FC0B3F25FF68F1D
:10565000F35FF78FF45FF88FF55FEEC4F65FF98FB5
:10566000F75FFA8FF85FEEE2F95FFB8FFA5FFC8F6E
:10567000FB5FC3D0FC5FFD8FFD5FF6BAFE5FE9E222
:10568000FF5FDEB70060B3BB0160ACCC0260CBCB88
:105690000360E4E20460E6E20560EAE20660EBE251
:1056A0000760FE8F08604090096041900A60F7E251
:1056B0000B6042900C6043900D60F4E20E60F5D4F4
:1056C0000F60F3E210604490116045901260ADC528
:1056D000136046901460FAD51560C2C51660C0B25A
:1056E00017604790186048901960EFE21A6049907F
:1056F0001B60F2E21C60AFC11D60BCCB1E604A9013
:105700001F604B902060A1B52160F9E222604C90AF
:1057100023604D9024604E902560B1BC2660F1E27C
:105720002760D4D02860B9D42960F5E22A60D6B9C0
:105730002B60F6E22C604F902D6050902E605190BF
:105740002F60D3C7306052903160539032605490D4
:1057500033605590346056903560F0E23660579073
:10576000376058903860599039605A903A605B9031
:105770003B60DCD73C60A1ED3D605C903E605D909D
:105780003F60F8E240605E904160A5ED4260FEE25D
:105790004360D1CA44605F9045606090466061900C
:1057A0004760629048606390496064904A60659089
:1057B0004B60B5C14C6066904D60D0BB4E60679049
:1057C0004F6068905060D6BF516069905260E3BAF4
:1057D00053606A9054606B905560A1CB56606C909A
:1057E00057606D9058606E905960A6ED5A60A3EDB9
:1057F0005B606F905C6070905D60A2ED5E60719028
:105800005F60729060607390616074906260D6BBFC
:105810006360A7ED6460F4D0656075906660769013
:105820006760A4ED6860DEBA6960F7B66A60A1E3FC
:105830006B60B2B66C60F1CC6D60A7B96E607790AA
:105840006F60A2CF7060A1C771607890726079902C
:105850007360D2BF74607A9075607B907660F1B6A9
:1058600077607C907860FAE27960FBE27A60FDE232
:105870007B60FCE27C60D5C47D60A2E37E607D90AD
:105880007F60C1D380607E908160809082608190D3
:105890008360A7E38460C4C785608290866083903C
:1058A00087608490886085908960A4CF8A608690A4
:1058B0008B6087908C60A9E38D60B7BA8E6088900A
:1058C0008F60899090608A9091608B909260A8E33D
:1058D00093608C909460DABB95608D909660A3E3A2
:1058E00097608E9098608F90996090909A60A4E3F2
:1058F0009B60AAE39C6091909D60A6E39E6092905D
:105900009F60F2CEA060C6D3A1609390A2609490F5
:10591000A360BCBBA4609590A5609690A660C3D41C
:10592000A7609790A860FAC4A9609890AA6099901F
:10593000AB60A8EDAC60FCD0AD60A5E3AE609A9022
:10594000AF60F5C3B0609B90B160ADE3B260AFB142
:10595000B3609C90B460B2E3B5609D90B6609E90D9
:10596000B7609F90B860C2BCB960A090BA60A190C7
:10597000BB60ACE3BC60BFB5BD60A290BE60A3904D
:10598000BF60A490C060A590C160A690C260A790BF
:10599000C360A890C460A990C560E9C7C660B0E3C1
:1059A000C760AA90C860AB90C960AC90CA60AABE3C
:1059B000CB60EFCDCC60AD90CD60AE90CE60AF90BF
:1059C000CF60B090D060B190D160F3BBD260B290A4
:1059D000D360B390D460B490D560E8CCD660B59075
:1059E000D760B690D860AFE3D960B790DA60B1E322
:1059F000DB60B890DC60A7CFDD60AEE3DE60B9901D
:105A0000DF60A9CEE060DDBBE160BA90E260BB90F0
:105A1000E360BC90E460BD90E560BE90E660EBB5ED
:105A2000E760E5BEE860D2B2E960CDB3EA60BF905E
:105A3000EB60B9B1EC60ABE3ED60D1B2EE60ACB558
:105A4000EF60DFB9F060E8B6F160C090F260C1903D
:105A5000F360EBCFF460B7E3F560C290F660CCBBC7
:105A6000F760C390F860C490F960C7C8FA60CAD004
:105A7000FB60C590FC60C690FD60C790FE60C8905A
:105A8000FF60C9900061B8E30161EEB30261CA90A2
:105A90000361CB900461CC900561CD900661A9EDC6
:105AA0000761CE900861FAD30961E4D30A61CF900F
:105AB0000B61D0900C61D1900D61AAED0E61B9E33C
:105AC0000F61E2D21061D2901161D3901261D49033
:105AD0001361D5901461D6901561B5E31661D79026
:105AE0001761D8901861D9901961DA901A61DED3E4
:105AF0001B61DB901C61DC901D61DD901E61DE90FE
:105B00001F61D0B82061B3E32161DF902261E09092
:105B10002361B6E32461DFB72561E1902661B4E338
:105B20002761A2C02861E2902961E3902A61E49094
:105B30002B61BAE32C61E5902D61E6902E61E79030
:105B40002F61E8903061E9903161EA903261EB9029
:105B50003361EC903461ED903561EE903661EF90F9
:105B60003761F0903861F1903961F2903A61F390C9
:105B70003B61F4903C61F5903D61F6903E61F79099
:105B80003F61B8D44061F8904161F9904261FA9068
:105B90004361FB904461FC904561FD904661FE903D
:105BA000476140914861C8B4496141914A61BBE392
:105BB0004B6142914C61C5BB4D6143914E61F7C948
:105BC0004F614491506145915161E5C952614691DF
:105BD00053614791546148915561BDC456614991E3
:105BE00057614A9158614B9159614C915A614D915D
:105BF0005B614E915C614F915D61ABED5E61509177
:105C00005F61519160615291616153916261FDC226
:105C100063615491646155916561569166615791D4
:105C20006761DBBB6861AEBF696158916A61599178
:105C30006B615A916C615B916D615C916E615D917C
:105C40006F615E917061BFCE71615F9172616091B1
:105C500073616191746162917561BCE37661639176
:105C60007761B6BF78616491796165917A61669177
:105C70007B6167917C6168917D6169917E616A91C8
:105C80007F616B9180616C9181616D9182616E9198
:105C900083616F9184617091856171918661729168
:105CA0008761739188617491896175918A61769138
:105CB0008B61EFB18C6177918D6178918E61F7D4B2
:105CC0008F61799190617A9191617B9192617C91E0
:105CD00093617D919461BEE395617E91966180911F
:105CE0009761819198618291996183919A61849180
:105CF0009B6185919C6186919D61ADED9E618791CF
:105D00009F618891A0618991A1618A91A2618B9123
:105D1000A3618C91A4618D91A5618E91A6618F91F3
:105D2000A761BFE3A861A9BAA961ACEDAA6190918E
:105D3000AB619191AC61BDE3AD619291AE61939124
:105D4000AF619491B0619591B1619691B261979173
:105D5000B3619891B4619991B5619A91B6619B9143
:105D6000B761C0E3B8619C91B9619D91BA619E91A0
:105D7000BB619F91BC61A091BD61A191BE61B6BAAA
:105D8000BF61A291C061A391C161A491C261AEB68D
:105D9000C361A591C461A691C561A791C661A8918F
:105DA000C761A991C861B8D0C961AA91CA61C3B0DD
:105DB000CB61AEEDCC61AB91CD61AC91CE61AD91DB
:105DC000CF61AE91D061AF91D161AFEDD261C1C071
:105DD000D361B091D461C1E3D561B191D661B29183
:105DE000D761B391D861B491D961B591DA61B691B7
:105DF000DB61B791DC61B891DD61B991DE61BA9187
:105E0000DF61BB91E061BC91E161BD91E261BE9156
:105E1000E361BF91E461C091E561C191E661B3C501
:105E2000E761C291E861C391E961C491EA61C591FA
:105E3000EB61C691EC61C791ED61C891EE61C991CA
:105E4000EF61CA91F061CB91F161CC91F261CD919A
:105E5000F361CE91F461CF91F561C2E3F661D09127
:105E6000F761D191F861D291F961D391FA61D4913E
:105E7000FB61D591FC61D691FD61D791FE61D8910E
:105E8000FF61B2DC0062D9910162DA910262DB91BA
:105E90000362DC910462DD910562DE910662B0ED81
:105EA0000762DF910862EAB80962E0910A62ECCE0B
:105EB0000B62A7EA0C62E7D00D62F9CA0E62D6C87F
:105EC0000F62B7CF1062C9B31162D2CE1262E4BDC5
:105ED0001362E1911462E2911562DEE31662F2BB95
:105EE0001762A8EA1862BDD51962E3911A62DDC68D
:105EF0001B62A9EA1C62E4911D62E5911E62E691B3
:105F00001F62AAEA2062E7912162ACEA2262ABEA50
:105F10002362E8912462AEEA2562ADEA2662E99145
:105F20002762EA912862EB912962EC912A62D8BD3E
:105F30002B62ED912C62AFEA2D62EE912E62BEC211
:105F40002F62EF913062F0913162F1913262F29101
:105F50003362C1B43462F7B43562F3913662F491BE
:105F60003762A7BB3862F5913962F6913A62F791D0
:105F70003B62F8913C62F9913D62E6EC3E62E5ECF1
:105F80003F62BFB74062F9CB4162E2B14262FA912F
:105F90004362E7EC4462FB914562FC914662FD91ED
:105FA0004762C8C94862E8EC4962E9EC4A62FE917E
:105FB0004B62D6CA4C62D0DE4D62C5B24E62FAD494
:105FC0004F624092506241925162CBC65262C7B05A
:105FD0005362F2B45462D3C85562429256624392FD
:105FE000576244925862D0CD596245925A624692A5
:105FF0005B62B8BF5C6247925D6248925E624992A2
:106000005F624A9260624B9261624C9262624D9210
:106010006362DBBF64624E9265624F926662A4C7A0
:106020006762B4D6686250926962A9C06A62D1DEC2
:106030006B62A8C96C62EFD16D62A4C56E62E7B0F5
:106040006F62B6B37062C5C8716251927262529249
:106050007362E2B074625392756254927662F6B7DC
:1060600077625592786256927962FAC57A6257924F
:106070007B6258927C62F3B67D6259927E62D2D581
:106080007F62D0B38062BCBC81625A9282625B92B2
:1060900083625C928462ADB385625D9286625E9239
:1060A00087625F92886260928962F1BE8A62D1B033
:1060B0008B6261928C6262928D6263928E62649254
:1060C0008F626592906266929162D6D29262E3CAC2
:1060D0009362A5D7946267929562B6CD9662B6B682
:1060E0009762B9BF9862DBD5996268929A62A7B845
:1060F0009B62D7C59C6269929D626A929E626B9216
:106100009F62D2DEA062D9BFA162D5C2A262C0C71F
:10611000A3626C92A462A4BBA562A8B1A6626D92B0
:10612000A7626E92A862EAC5A9626F92AA62709293
:10613000AB62FBC5AC62A7CCAD627192AE627292EB
:10614000AF627392B0627492B162A7B1B26275929B
:10615000B3627692B4627792B562D6B5B66278923F
:10616000B7627992B8627A92B962A8C4BA627B9235
:10617000BB62D3DEBC62BAD1BD62E9B3BE627C92BF
:10618000BF62F2C3C0627D92C1627E92C262F7B703
:10619000C3628092C462F4D6C562A3B5C662F0B28F
:1061A000C762B4C4C862E9C4C962ADC0CA62D4DE01
:1061B000CB628192CC62E8B0CD62C4C5CE62E0C150
:1061C000CF628292D062D5B9D1628392D262DCBEB4
:1061D000D362D8CDD462CEB0D5628492D662CFCD10
:1061E000D762D6DED862D0BED962BED7DA62D5DE3B
:1061F000DB62D0D5DC62DDB0DD628592DE62869244
:10620000DF62E2C4E0628792E1628892E262A3C246
:10621000E362F0BCE4628992E562B5D3E662B9C09C
:10622000E762A1C5E862A6B2E962F1D4EA628A92A5
:10623000EB628B92EC62A8C0ED62C3CAEE62D7DE5D
:10624000EF62FCD5F0628C92F162B0B9F2628D928D
:10625000F362ADC8F462A9CBF5628E92F662D9DE24
:10626000F762BDBFF8628F92F9629092FA629192E2
:10627000FB629292FC62B4C6FD62A7D7FE62B0CA0E
:10628000FF62C3C4006393920163D6B30263D2B9C1
:1062900003639492046395920563969206639792C2
:1062A0000763B8D60863FCEA0963B4B00A6398923E
:1062B0000B6399920C639A920D639B920E63E6BFF7
:1062C0000F639C9210639D921163F4CC12639E92B3
:1062D00013639F921463A0921563A1921663DACDA3
:1062E0001763A2921863A3921963A4921A63BFD68C
:1062F0001B63CEC21C63A5921D63CECE1E63A2CCCF
:106300001F63AED02063D3C42163B2B52263D8DE4D
:106310002363F5D52463B7BC2563D3BB2663A6925C
:106320002763A7922863A4B02963A8922A63B2C501
:106330002B63ECB42C63A9922D63AA922E63AB92CB
:106340002F63F1D53063AC923163AD923263FDEAD5
:106350003363AE923463AF923563B0923663B192D9
:106360003763B2923863B3923963DADE3A63A6CD0B
:106370003B63B4923C63B5923D63ECCD3E63B69211
:106380003F63B7924063B8924163B9924263E6CEED
:106390004363DCDE4463BA924563B1CD4663A6C075
:1063A0004763BB924863BC924963BDD74A63BD92C1
:1063B0004B63DBDE4C63C6B04D63B4BA4E63D3C9E6
:1063C0004F63F3C45063E8BE5163BE925263BF9201
:1063D0005363C0925463C1925563B6B25663C2927E
:1063E0005763C3925863C4925963C5925A63C69265
:1063F0005B63C7925C63C8925D63C9925E63CCC005
:106400005F63F0CB6063CA926163F1BC6263BBBB44
:106410006363B7B56463CB926563CC926663CD92D8
:106420006763F5C56863CE926963E6DE6A63CF92FF
:106430006B63D0926C63D1926D63E3DE6E63DDBEFD
:106440006F63D2927063D3927163DFDE7263D49212
:106450007363D5927463D6927563D7927663B7B43B
:106460007763DDBD7863D8927963D9927A63E0DE91
:106470007B63EDC47C63DA927D63DB927E63DC92A6
:106480007F63DD928063C6CF8163DE928263E0B575
:106490008363DF928463E0928563E1928663E29294
:1064A0008763DEB68863DACA8963F4B58A63E5DE9A
:1064B0008B63E3928C63C6D58D63E4928E63E1DED9
:1064C0008F63CDCC9063FEC69163E5929263C5C5A0
:1064D0009363E6929463E7929563E8929663B4D2ED
:1064E0009763E9929863F2BE9963EA929A63EB929A
:1064F0009B63EC929C63ED929D63EE929E63EF92A0
:106500009F63F092A063D3C2A163F192A263BDCC5A
:10651000A363B8B3A463F292A563D3BDA663F39259
:10652000A763D8BFA863C6CDA963DAD1AA63EBB4C9
:10653000AB63F492AC63E4DEAD63DDDEAE63E7DE55
:10654000AF63F592B063FEEAB163F692B263F7927D
:10655000B363B0C2B463E2DEB563F892B663F99296
:10656000B763C0D6B863A7B5B963FA92BA63F4B299
:10657000BB63FB92BC63E8DEBD63FC92BE63F2DEEC
:10658000BF63FD92C063FE92C1634093C2634193B7
:10659000C3634293C463EDDEC5634393C663F1DE18
:1065A000C7634493C8634593C963E0C8CA6346930D
:1065B000CB634793CC634893CD63E1D7CE63EFDEE3
:1065C000CF63E8C3D063E1CCD1634993D263E5B232
:1065D000D3634A93D4634B93D5634C93D663BED2B3
:1065E000D7634D93D8634E93D9634F93DA63509337
:1065F000DB635193DC635293DD635393DE63EEDE22
:10660000DF635493E063EBDEE163D5CEE263559341
:10661000E363A7B4E4635693E5635793E663589343
:10662000E7635993E8635A93E963ABBFEA63BEBE7D
:10663000EB635B93EC635C93ED63D2BDEE635D93C0
:10664000EF635E93F0635F93F1636093F263E9DE5F
:10665000F3636193F463AED4F5636293F663DEDEB5
:10666000F7636393F863EADEF9636493FA6365930F
:10667000FB636693FC636793FD63BFC0FE6368932F
:10668000FF63ECDE0064F3B20164E9B80264A7C200
:106690000364699304646A930564C1BD06646B93E3
:1066A00007646C9308646D9309646E930A646F9336
:1066B0000B64F5DE0C64F8DE0D6470930E64719368
:1066C0000F64ABB21064A4B4116472931264739338
:1066D0001364EAB41464A6C91564749316647593BC
:1066E0001764769318647793196478931A6479938E
:1066F0001B64F6DE1C64D1CB1D647A931E64E3B880
:106700001F647B932064F7DE2164FADE22647C93AD
:1067100023647D9324647E93256480932664F9DE4C
:106720002764819328648293296483932A64C2CC6A
:106730002B6484932C64E1B02D64EEB42E648593B5
:106740002F6486933064879331648893326489938D
:1067500033648A933464BAE535648B9336648C93DE
:1067600037648D9338648E9339648F933A64AFD0D5
:106770003B6490933C6491933D64EBB23E6492938E
:106780003F64A1EB406493934164F4DE42649493CC
:10679000436495934464E3C94564F3DE4664DAB028
:1067A0004764A1D24864F7B1496496934A64AFCC78
:1067B0004B6497934C6498934D6499934E649A9369
:1067C0004F649B9350649C9351649D935264F0DE9C
:1067D00053649E935464A4CB55649F935664A093D2
:1067E0005764A1935864AAD55964A2935A64A39399
:1067F0005B64A4935C64A5935D64A6935E64FBDE16
:106800005F64A7936064A8936164A9936264AA9388
:106810006364AB936464AC936564AD936664AE9358
:106820006764DDB46864AF936964A6C46A64B093B6
:106830006B64B1936C64B2936D64FDDE6E64B3936C
:106840006F64B4937064B5937164B6937264B793D4
:106850007364B8937464B9937564BA937664BB93A4
:106860007764BC937864FEC37964A1C47A64A1DFC1
:106870007B64BD937C64BE937D64BF937E64C09350
:106880007F64C1938064C2938164C3938264CCC1EA
:106890008364C4938464FCDE8564EFBE8664C59320
:1068A0008764B2C68864C6938964C7938A64C893B0
:1068B0008B64C9938C64CA938D64CB938E64CC93A0
:1068C0008F64CD939064CE939164C5B39264F6C8FF
:1068D0009364CF939464D0939564BACB9664FEDEB0
:1068E0009764D1939864D2939964A4DF9A64D39304
:1068F0009B64D4939C64D5939D64D6939E64B2D7D5
:106900009F64D793A064D893A164D993A264DA93C7
:10691000A364DB93A464B7B3A564DC93A664DD939E
:10692000A764DE93A864DF93A964C3C1AA64E0935B
:10693000AB64E193AC64CBC7AD64A5B2AE64E9B41B
:10694000AF64E293B064ABD7B164E393B264E49311
:10695000B364E593B464E693B564ECC4B664E793BA
:10696000B764A2DFB864A3DFB964E893BA64A5DFB3
:10697000BB64E993BC64B3BABD64EA93BE64EB93B1
:10698000BF64EC93C064A6DFC164ED93C264DEC053
:10699000C364EE93C464EF93C564C3C9C664F09343
:1069A000C764F193C864F293C964F393CA64F4931F
:1069B000CB64F593CC64F693CD64D9B2CE64E6C7CC
:1069C000CF64F793D064A7DFD164F893D264DCC7B7
:1069D000D364F993D464FA93D564FB93D664FC939F
:1069E000D764A8DFD864A2EBD964FD93DA64FE9380
:1069F000DB644094DC644194DD644294DE64D3CB78
:106A0000DF644394E0644494E1644594E264AADF63
:106A1000E3644694E464A9DFE5644794E664C1B2A4
:106A2000E7644894E8644994E9644A94EA644B94BE
:106A3000EB644C94EC644D94ED644E94EE644F948E
:106A4000EF645094F0645194F1645294F26453945E
:106A5000F3645494F4645594F5645694F66457942E
:106A6000F7645894F8645994F9645A94FA645B94FE
:106A7000FB645C94FC645D94FD645E94FE645F94CE
:106A8000FF6460940065CAC5016561940265629403
:106A9000036563940465649405656594066566946E
:106AA00007656794086568940965ABDF0A656994B2
:106AB0000B656A940C656B940D656C940E656D9412
:106AC0000F656E9410656F94116570941265DCD437
:106AD00013657194146572941565739416657494B6
:106AE000176575941865C1C8196576941A65779409
:106AF0001B6578941C6579941D657A941E657B945A
:106B00001F657C9420657D9421657E942265809428
:106B100023658194246582942565ACDF2665839482
:106B20002765849428658594296586942A658794C9
:106B30002B65F0BE2C6588942D6589942E65ADDF9C
:106B40002F65A7D630658A9431658B9432658C9415
:106B500033658D943465B7EA3565B6EB3665D5CACD
:106B600037658E943865FCD83965C4B83A658F941A
:106B70003B65A5B93C6590943D6591943E65C5B76C
:106B80003F65FED540659294416593944265949427
:106B900043659594446596944565CAB9466597944E
:106BA000476598944865A7D04965CDF44A6599949E
:106BB0004B659A944C65D0B54D659B944E659C94FD
:106BC0004F65F4C350659D945165C8BE52659E944F
:106BD00053659F945465A0945565B7EB5665BDB059
:106BE0005765A1945865A2945965CCBD5A65A39484
:106BF0005B65B2C15C65A4945D65D6B15E65A8B302
:106C00005F65A5946065A6946165A7946265D2B836
:106C10006365A2C96465A8946565A9946665D8B6DC
:106C20006765AA946865AB946965AC946A65AD9430
:106C30006B65B8EB6C65B4BE6D65AE946E65AF9474
:106C40006F65B0947065FDCA7165B1947265C3C714
:106C50007365B2947465FBD57565B3947665B49429
:106C60007765F3B77865B5947965B6947A65B79426
:106C70007B65B8947C65B9947D65BA947E65BB9458
:106C80007F65BC948065BD948165BE948265BF9428
:106C90008365C0948465C1948565C2948665C394F8
:106CA0008765C4CE8865C4948965C5948A65C69491
:106CB0008B65ABD58C65F3B18D65C7948E65C89433
:106CC0008F65C9949065B3EC9165DFB09265CA9405
:106CD0009365B5EC9465CB949565CC949665CD940D
:106CE0009765B7B69865CE949965CFC19A65CF94EC
:106CF0009B65FAF59C65B1D09D65D0949E65D19455
:106D00009F65E5D5A065D294A165D3CEA265D39445
:106D1000A365D494A465EFBDA565E2B3A665D5943B
:106D2000A765ABB8A865D694A965B6D5AA65D7946A
:106D3000AB65BDEDAC65D894AD65CFB6AE65D99405
:106D4000AF65B9CBB065C2D0B165DA94B265DB94FA
:106D5000B365DC94B465DD94B565DE94B665DF9407
:106D6000B765E094B865E194B965BDB7BA65E294DA
:106D7000BB65E394BC65B6ECBD65A9CABE65E49489
:106D8000BF65E594C065E694C165D4C5C265E79466
:106D9000C365B9ECC465B8ECC565C3C2C665B7ECDC
:106DA000C765E894C865E994C965EA94CA65EB9437
:106DB000CB65FDD0CC65BAECCD65EC94CE65BBEC73
:106DC000CF65E5D7D065ED94D165EE94D265BCEC86
:106DD000D365EF94D465F094D565F194D665BDEC98
:106DE000D765ECC6D865F294D965F394DA65F49466
:106DF000DB65F594DC65F694DD65F794DE65F89463
:106E0000DF65F994E065DECEE165FA94E265C8BC21
:106E1000E365FB94E465FC94E565D5C8E665A9B532
:106E2000E765C9BEE865BCD6E965E7D4EA65FD94C7
:106E3000EB65FE94EC65AED1ED65F1D0EE65B8EA98
:106E4000EF65B9EAF065BAEAF165B5BAF265409561
:106E5000F3654195F4654295F5654395F665B1CACC
:106E6000F765F5BFF8654495F9654595FA65FACD7E
:106E7000FB654695FC654795FD654895FE6549951A
:106E8000FF654A950066C0EA01664B950266BAB096
:106E90000366BEEA04664C9505664D950666A5C078
:106EA00007664E9508664F95096650950A66BBEAD7
:106EB0000B6651950C66FDB20D6652950E66F7C3D2
:106EC0000F66E8BB1066539511665495126655958A
:106ED0001366D7D21466F4CE1566BFEA16665695C9
:106EE00017665795186658951966BCEA1A6659953B
:106EF0001B665A951C665B951D66C3EA1E665C950B
:106F00001F66C7D02066B3D321665D9522665E9565
:106F100023665F95246660952566BAB426666195FA
:106F20002766C1C32866F2D7296662952A666395EB
:106F30002B6664952C6665952D66D1D52E66669573
:106F40002F66C7CA306667953166C5EA32666895AE
:106F5000336669953466C4EA3566C7EA3666C6EABA
:106F600037666A9538666B9539666C953A666D95A5
:106F70003B666E953C66E7D63D666F953E66D4CF20
:106F80003F667095406671954166CBEA42667295A0
:106F90004366CEBB446673954566749546667595A3
:106FA0004766769548667795496678954A667995F5
:106FB0004B66FABD4C66CEC94D667A954E667B959A
:106FC0004F66CCEA50667C9551667D955266B9C98C
:106FD0005366FECF5466CAEA5566CED45666CDEAED
:106FE0005766CFEA58667E95596680955A66EDCD0C
:106FF0005B6681955C6682955D6683955E66849529
:107000005F66C9EA606685956166CEEA62668695C6
:10701000636687956466EECE656688956666DEBBB8
:10702000676689956866BFB369668A956A668B9557
:107030006B668C956C668D956D668E956E66D5C605
:107040006F66B0BE7066FACE71668F957266909567
:10705000736691957466E7C7756692957666A7BE66
:107060007766D0EA78669395796694957A66C7D6FE
:107070007B6695957C6696957D6697957E66C0C184
:107080007F6698958066999581669A958266DDD42B
:1070900083669B958466D1EA85669C9586669D95F8
:1070A0008766BECF88669E9589669F958A66A095FD
:1070B0008B66A1958C66D2EA8D66A2958E66A395A5
:1070C0008F66A4959066A5959166EECA9266A69580
:1070D0009366A7959466A8959566A9959666AFC59B
:1070E0009766B5B09866AA959966AB959A66AC9581
:1070F0009B66AD959C66AE959D66D4EA9E66AF95FF
:107100009F66B095A066B195A166B295A266B3954B
:10711000A366B495A466B595A566B695A666B7951B
:10712000A766D3EAA866DFF4A966B895AA66B995FA
:10713000AB66BA95AC66BB95AD66BC95AE66BAC497
:10714000AF66BD95B066BE95B166BF95B266C09597
:10715000B366C195B466A9B1B566C295B666C39566
:10716000B766C495B866C595B966DFE5BA66C695D3
:10717000BB66C795BC66C895BD66C995BE66D5EAAF
:10718000BF66CA95C066CB95C166CC95C266CD95E3
:10719000C366CE95C466CF95C566D095C666D195B3
:1071A000C766D295C866D395C966D495CA66D59583
:1071B000CB66D695CC66D795CD66D895CE66D99553
:1071C000CF66DA95D066DB95D166DC95D266DD9523
:1071D000D366DE95D466DF95D566E095D666E195F3
:1071E000D766E295D866E395D966EFCADA66E49584
:1071F000DB66D6EADC66D7EADD66D8C6DE66E595EC
:10720000DF66E695E066E795E166E895E266E99572
:10721000E366EA95E466EB95E566EC95E666D8EA02
:10722000E766ED95E866EE95E966D9EAEA66EF95D8
:10723000EB66F095EC66F195ED66F295EE66F395EA
:10724000EF66F495F066BBD4F166F595F266FAC781
:10725000F366B7D2F466FCB8F566F695F666F79570
:10726000F766C2EAF866F895F966DCB2FA66F9954F
:10727000FB66FA95FC66FCC2FD66FB95FE66F8D4DB
:10728000FF66E6CC0067EED70167FC950267FD95C7
:107290000367FE9504674096056741960667429628
:1072A000076743960867C2D40967D0D30A67C3EB60
:1072B0000B67F3C50C6744960D67FEB70E674596DE
:1072C0000F6746961067D4EB11674796126748968A
:1072D000136749961467B7CB1567DEEB16674A96B6
:1072E0001767CAC018674B9619674C961A674D9670
:1072F0001B67FBCD1C674E961D67AFB31E674F968D
:107300001F67DAC62067509621675196226752960A
:107310002367539624675496256755962667FCEB9A
:10732000276756962867BEC4296757962A67B4CE42
:107330002B67A9C42C67BEB12D67FDD42E67589664
:107340002F67F5CA306759963167ECD632675A967F
:1073500033675B963467D3C63567E4B636675C96A9
:1073600037675D9638675E9639675F963A67FABB0E
:107370003B6760963C6761963D67E0D03E676296EA
:107380003F6763964067B1C9416764964267D3D44B
:107390004367A8C844676596456766964667CBB855
:1073A000476767964867BEE84967BCC94A676896F9
:1073B0004B6769964C67BBE84D676A964E67EEC0AF
:1073C0004F67D3D05067C4B25167E5B452676B962C
:1073D0005367BCE854676C9655676D965667C8D579
:1073E00057676E9658676F96596770965A67719689
:1073F0005B6772965C67C5B65D6773965E67BDE84E
:107400005F67F8CA6067DCB86167F5CC626774963D
:1074100063677596646776966567B4C066677796A6
:10742000676778966867EED16967BFE86A67C2E800
:107430006B6779966C677A966D67BCBA6E677B9658
:107440006F67ADB17067DCBD71677C967267BDEA2E
:107450007367C3E874677D967567C6E876677E963E
:107460007767CBE878678096796781967A678296A6
:107470007B6783967C67CCE87D6784967E67C9CB03
:107480007F67E5B0806785968167ABBC826786962B
:10749000836787968467B9B9856788968667899672
:1074A0008767C1E888678A968967F7CD8A678B9670
:1074B0008B67CAE88C678C968D678D968E678E96E3
:1074C0008F678F969067F6CE9167909692679196A8
:1074D00093679296946793969567EDD59667949681
:1074E0009767D6C19867C4E8996795969A67B6C3B7
:1074F0009B6796969C67FBB99D67A6D69E67C8E872
:107500009F679796A0679896A1679996A267E0CA29
:10751000A367E6D4A4679A96A567C0E8A6679B967A
:10752000A767C5E8A867C7E8A9679C96AA67B9C70F
:10753000AB67E3B7AC679D96AD67C9E8AE679E964B
:10754000AF67DDBFB067D2E8B1679F96B267A0961C
:10755000B367D7E8B467A196B567D5E8B667DCBC72
:10756000B767CFBCB867DBE8B967A296BA67A396DE
:10757000BB67A496BC67A596BD67A696BE67A7968F
:10758000BF67A896C067A996C167DEE8C267AA96DA
:10759000C367DAE8C467FAB1C567AB96C667AC964D
:1075A000C767AD96C867AE96C967AF96CA67B0960B
:1075B000CB67B196CC67B296CD67B396CE67B496DB
:1075C000CF67D8B0D067B3C4D167CCB8D267E2C6B2
:1075D000D367BEC8D467E1C8D567B596D667B696F7
:1075E000D767B796D867CFE8D967D4E8DA67D6E81F
:1075F000DB67B896DC67F1B9DD67D8E8DE67F5D7F9
:10760000DF67B996E067FBC4E167BA96E267DCE83A
:10761000E367BB96E467BC96E567E9B2E667BD96AB
:10762000E767BE96E867BF96E967D1E8EA67C09664
:10763000EB67C196EC67EDBCED67C296EE67C3964B
:10764000EF67C2BFF067CDE8F167F9D6F267C4967D
:10765000F367F8C1F467F1B2F567C596F667C696A9
:10766000F767C796F867C896F967C996FA67CA9622
:10767000FB67CB96FC67CC96FD67DFE8FE67CD968F
:10768000FF67C1CA0068D9E80168CE960268CF9644
:107690000368D0960468D1960568A4D50668D2968A
:1076A0000768EAB10868BBD50968CEE80A68D0E87F
:1076B0000B68B0B60C68D3E80D68D3960E68DDE8A9
:1076C0000F68B8C01068D4961168F7CA1268D596CA
:1076D0001368A8CB1468D6961568D7961668DCC6CA
:1076E0001768F5C01868D8961968D9961A68DA9696
:1076F0001B68DB961C68DC961D68E9E81E68DD9651
:107700001F68DE962068DF962168A3D02268E09685
:107710002368E1962468E2962568E3962668E49655
:107720002768E5962868E6962968F2E82A68EAD686
:107730002B68E7962C68E8962D68E9962E68EA96FD
:107740002F68EB963068EC963168ED963268E0E889
:107750003368E1E83468EE963568EF963668F0965F
:107760003768F9D13868CBBA3968F9B83A68F19610
:107770003B68F2963C68F1B83D68D4D43E68EFE8C7
:107780003F68F3964068EEE84168ECE84268F0B97B
:107790004368D2CC4468E6E84568A6CE4668F2BFA6
:1077A0004768F4964868B8B04968F1E84A68F0E874
:1077B0004B68F5964C68C0D74D68F6964E68E4E87D
:1077C0004F68F7965068A9CD5168A3C95268F896DA
:1077D0005368B8BB5468DBBD5568EAE85668F9964B
:1077E0005768FA965868FB965968FC965A68FD9651
:1077F0005B68FE965C6840975D6841975E6842975B
:107800005F6843976068E2E86168E3E86268E5E81A
:107810006368B5B56468E7E86568C5C76668EBE89E
:107820006768EDE86868B0BD6968AED76A68449774
:107830006B68F8E86C6845976D6846976E6847977F
:107840006F6848977068499771684A9772684B9754
:1078500073684C977468F5E875684D977668B0CD95
:107860007768F6E878684E9779684F977A68509706
:107870007B6851977C6852977D6853977E685497D0
:107880007F685597806856978168BAC18268579714
:107890008368E8E8846858978568B7C38668F0B05D
:1078A0008768599788685A9789685B978A685C9750
:1078B0008B685D978C685E978D685F978E68609720
:1078C0008F68F4E89068619791686297926863970F
:1078D0009368F7E8946864979568659796686697E3
:1078E0009768A3B998686797996868979A6869973D
:1078F0009B686A979C686B979D686C979E686D976C
:107900009F686E97A0686F97A1687097A268D2C9A8
:10791000A3687197A4687297A5687397A668CEC389
:10792000A768E0CEA868E6C0A9687497AA687597AA
:10793000AB687697AC687797AD68F3CBAE6878970D
:10794000AF68DDCCB068B5D0B1687997B2687A9786
:10795000B368E1CAB4687B97B568F3E8B6687C970A
:10796000B7687D97B8687E97B9688097BA6881973D
:10797000BB688297BC688397BD688497BE6885970B
:10798000BF688697C068ECBCC1688797C268F9E891
:10799000C3688897C4688997C5688A97C6688B97B3
:1079A000C7688C97C8688D97C968DEC3CA688E9708
:1079B000CB68E5C6CC688F97CD68F7B9CE6890974D
:1079C000CF689197D0689297D1689397D268F4B0B6
:1079D000D3689497D4689597D568D8D7D668969782
:1079E000D7689797D868ACBCD9689897DA68EFC51C
:1079F000DB689997DC689A97DD689B97DE689C97AF
:107A0000DF689D97E068C4CCE1689E97E2689F9725
:107A1000E368A6E9E468A097E568A197E668A297FD
:107A2000E768A397E868A497E968A597EA68A69726
:107A3000EB68A797EC68A897ED68A997EE68ADC9C1
:107A4000EF68AA97F068A2E9F168E2C0F268AB9724
:107A5000F368AC97F468AD97F568C3BFF668AE9766
:107A6000F768AF97F868B097F968FEE8FA68D7B991
:107A7000FB68B197FC68FBE8FD68B297FE68B397B6
:107A8000FF68B4970069B5970169A4E90269B697E0
:107A90000369B7970469B8970569CED20669B997A3
:107AA0000769BA970869BB970969BC970A69BD97C6
:107AB0000B69A3E90C69BE970D69B2D60E69B5D7FB
:107AC0000F69BF971069A7E91169C0971269B7BD1F
:107AD0001369C1971469C2971569C3971669C4974A
:107AE0001769C5971869C6971969C7971A69C8971A
:107AF0001B69C9971C69CA971D69CB971E69CC97EA
:107B00001F69FCE82069FDE82169CD972269CE97BD
:107B10002369CF972469A1E92569D0972669D19770
:107B20002769D2972869D3972969D4972A69D59765
:107B30002B69D6972C69D7972D69D6CD2E69D89702
:107B40002F69D9973069ACD23169DA973269DB97FE
:107B50003369DC973469B2E93569DD973669DE97B8
:107B60003769DF973869E0973969A9E93A69E19798
:107B70003B69E2973C69E3973D69AAB43E69E497A3
:107B80003F69BBB44069E5974169E6974269ABE953
:107B90004369E7974469E8974569E9974669EA9731
:107BA0004769EB974869EC974969ED974A69EE9701
:107BB0004B69EF974C69F0974D69F1974E69F297D1
:107BC0004F69F3975069F4975169F5975269F697A1
:107BD0005369F7975469A8D05569F8975669F9978A
:107BE0005769A5E95869FA975969FB975A69FEB32D
:107BF0005B69FC975C69FD975D69ACE95E69E3C010
:107C00005F69FE976069AAE9616940986269419875
:107C10006369B9E964694298656943986669B8E936
:107C20006769449868694598696946986A69479898
:107C30006B69AEE96C6948986D6949986E69FAE8B4
:107C40006F694A9870694B987169A8E972694C9894
:107C500073694D9874694E9875694F987669509814
:107C60007769ACBF7869B1E97969BAE97A695198FD
:107C70007B6952987C69A5C27D6953987E69549846
:107C80007F6955988069AFE9816956988269C5B85E
:107C9000836957988469ADE9856958988669DCD30A
:107CA0008769B4E98869B5E98969B7E98A69599842
:107CB0008B695A988C695B988D69C7E98E695C9865
:107CC0008F695D9890695E9891695F9892696098F4
:107CD000936961989469C6C09569C5E99669629887
:107CE000976963989869B0E9996964989A69659801
:107CF0009B69BBE99C69F1B09D6966989E6967982C
:107D00009F696898A0696998A1696A98A2696B9847
:107D1000A3696C98A4696D98A5696E98A6696F9817
:107D2000A769BCE9A869A5D5A9697098AA697198DD
:107D3000AB69BEE9AC697298AD69BFE9AE69739889
:107D4000AF697498B0697598B169C1E9B2697698FC
:107D5000B3697798B469F1C1B5697898B6697998CB
:107D6000B769B6C8B8697A98B9697B98BA697C98D6
:107D7000BB69BDE9BC697D98BD697E98BE69809884
:107D8000BF698198C0698298C169C2E9C269839854
:107D9000C3698498C4698598C5698698C6698798B7
:107DA000C7698898C8698998C9698A98CA69C3E9FE
:107DB000CB698B98CC69B3E9CD698C98CE69B6E96B
:107DC000CF698D98D069B1BBD1698E98D2698F98EF
:107DD000D3699098D469C0E9D5699198D669929889
:107DE000D7699398D8699498D9699598DA699698DB
:107DF000DB69F7BCDC699798DD699898DE6999982A
:107E0000DF69C4E9E069C6E9E1699A98E2699B988B
:107E1000E3699C98E4699D98E5699E98E6699F9856
:107E2000E769A098E869A198E969A298EA69A39826
:107E3000EB69A498EC69A598ED69CAE9EE69A69882
:107E4000EF69A798F069A898F169A998F269CEE955
:107E5000F369AA98F469AB98F569AC98F669AD989E
:107E6000F769AE98F869AF98F969B098FA69B1986E
:107E7000FB69B298FC69B398FD69DBB2FE69B498FE
:107E8000FF69C8E9006AB598016AB698026AB798AE
:107E9000036AB898046AB998056ABA98066ABB98E2
:107EA000076ABC98086ABD98096ABE980A6AAEB7A4
:107EB0000B6ABF980C6AC0980D6AC1980E6AC29886
:107EC0000F6AC398106AC498116AC598126AC69856
:107ED000136AC798146AC898156AC998166ACA9826
:107EE000176ACBE9186ACCE9196ACB981A6ACC9858
:107EF0001B6ACD981C6ACE981D6ACF981E6AD098CE
:107F00001F6AC1D5206AD198216AA3C4226AD29877
:107F1000236AD398246AD498256AD598266AD69875
:107F2000276AD798286AD8E9296AD8982A6AE1BACC
:107F30002B6AD9982C6ADA982D6ADB982E6ADC981D
:107F40002F6AC9E9306ADD98316AA3D3326ADE98B4
:107F5000336ADF98346AE098356AD4E9366AE19882
:107F6000376AE298386AE398396AE4983A6AE59899
:107F70003B6AE6983C6AE7983D6AD7E93E6AD0E9F1
:107F80003F6AE898406AE998416AEA98426AEB9841
:107F9000436AEC98446ACFE9456AED98466AEE98E0
:107FA000476AC1C7486AEF98496AF0984A6AF198E7
:107FB0004B6AF2984C6AF3984D6AF4984E6AF598B9
:107FC0004F6AF698506AD2E9516AF798526AF8985F
:107FD000536AF998546AFA98556AFB98566AFC985D
:107FE000576AFD98586AD9E9596AC8B35A6AFE981F
:107FF0005B6AD3E95C6A40995D6A41995E6A42991D
:108000005F6A4399606A4499616AF0CF626A4599F0
:10801000636A4699646A4799656ACDE9666A4899D0
:10802000676A4999686A4A99696A4B996A6A4C9978
:108030006B6A4D996C6A4E996D6A4F996E6A509948
:108040006F6A5199706A5299716AF7B3726A53995B
:10805000736A5499746A5599756A5699766A5799EC
:10806000776A5899786A5999796AD6E97A6A5A99F1
:108070007B6A5B997C6ADAE97D6A5C997E6A5D99C4
:108080007F6A5E99806AB4CC816A5F99826A6099DE
:10809000836A6199846AADCF856A6299866A6399B9
:1080A000876A6499886A6599896A66998A6A67990C
:1080B0008B6A68998C6A69998D6A6A998E6AD5E922
:1080C0008F6A6B99906ADCE9916ADBE9926A6C9934
:1080D000936A6D99946A6E99956A6F99966A709988
:1080E000976ADEE9986A7199996A72999A6A73999E
:1080F0009B6A74999C6A75999D6A76999E6A77992C
:108100009F6A7899A06AD1E9A16A7999A26A7A9955
:10811000A36A7B99A46A7C99A56A7D99A66A7E99CF
:10812000A76A8099A86A8199A96ADDE9AA6A8299F1
:10813000AB6ADFE9AC6ACAC3AD6A8399AE6A849957
:10814000AF6A8599B06A8699B16A8799B26A889947
:10815000B36A8999B46A8A99B56A8B99B66A8C9917
:10816000B76A8D99B86A8E99B96A8F99BA6A9099E7
:10817000BB6A9199BC6A9299BD6A9399BE6A9499B7
:10818000BF6A9599C06A9699C16A9799C26A989987
:10819000C36A9999C46A9A99C56A9B99C66A9C9957
:1081A000C76A9D99C86A9E99C96A9F99CA6AA09927
:1081B000CB6AA199CC6AA299CD6AA399CE6AA499F7
:1081C000CF6AA599D06AA699D16AA799D26AA899C7
:1081D000D36AA999D46AAA99D56AAB99D66AAC9997
:1081E000D76AAD99D86AAE99D96AAF99DA6AB09967
:1081F000DB6AB199DC6AB299DD6AB399DE6AB49937
:10820000DF6AB599E06AB699E16AB799E26AB89906
:10821000E36AB999E46ABA99E56ABB99E66ABC99D6
:10822000E76ABD99E86ABE99E96ABF99EA6AC099A6
:10823000EB6AC199EC6AC299ED6AC399EE6AC49976
:10824000EF6AC599F06AC699F16AC799F26AC89946
:10825000F36AC999F46ACA99F56ACB99F66ACC9916
:10826000F76ACD99F86ACE99F96ACF99FA6AD099E6
:10827000FB6AD199FC6AD299FD6AD399FE6AD499B6
:10828000FF6AD599006BD699016BD799026BD89983
:10829000036BD999046BDA99056BDB99066BDC9952
:1082A000076BDD99086BDE99096BDF990A6BE09922
:1082B0000B6BE1990C6BE2990D6BE3990E6BE499F2
:1082C0000F6BE599106BE699116BE799126BE899C2
:1082D000136BE999146BEA99156BEB99166BEC9992
:1082E000176BED99186BEE99196BEF991A6BF09962
:1082F0001B6BF1991C6BF2991D6BF3991E6BF49932
:108300001F6BF599206BB7C7216BCEB4226BB6BB40
:10831000236BC0D0246BA3EC256BF699266BF799E1
:10832000276BB7C5286BF899296BF9992A6BFA99CD
:108330002B6BFB992C6BFC992D6BFD992E6BFE9989
:108340002F6B409A306B419A316B429A326BFBD360
:10835000336B439A346B449A356B459A366B469A25
:10836000376BA4EC386B479A396BA5EC3A6BDBC6DC
:108370003B6B489A3C6B499A3D6B4A9A3E6BEEBF09
:108380003F6B4B9A406B4C9A416B4D9A426B4E9AA5
:10839000436BA6EC446B4F9A456B509A466BA7EC27
:1083A000476BAAD0486B519A496BB8C74A6B529A2F
:1083B0004B6B539A4C6BE8B84D6B549A4E6B559A75
:1083C0004F6B569A506B579A516B589A526B599AF9
:1083D000536B5A9A546B5B9A556B5C9A566B5D9AC9
:1083E000576B5E9A586B5F9A596BA8EC5A6B609A00
:1083F0005B6B619A5C6B629A5D6B639A5E6B649A6D
:108400005F6B659A606B669A616B679A626BB9D6AF
:10841000636BFDD5646BCBB4656BBDB2666BE4CEAC
:10842000676BE7C6686B689A696B699A6A6BE1CD9E
:108430006B6B6A9A6C6B6B9A6D6B6C9A6E6B6D9AC8
:108440006F6B6E9A706B6F9A716B709A726B719A98
:10845000736B729A746B739A756B749A766B759A68
:10846000776B769A786B779A796BF5B47A6B789AA2
:108470007B6BC0CB7C6BDFBC7D6B799A7E6B7A9A11
:108480007F6B7B9A806B7C9A816BE2E9826BE3E97C
:10849000836BEAD1846BE5E9856B7D9A866BF9B4D1
:1084A000876BE4E9886B7E9A896BB3D18A6BE2CAE9
:1084B0008B6BD0B28C6B809A8D6BE8E98E6B819A56
:1084C0008F6B829A906B839A916B849A926BE6E998
:1084D000936BE7E9946B859A956B869A966BB3D606
:1084E000976B879A986B889A996B899A9A6BE9E946
:1084F0009B6BEAE99C6B8A9A9D6B8B9A9E6B8C9A1C
:108500009F6B8D9AA06B8E9AA16BEBE9A26B8F9AF1
:10851000A36B909AA46B919AA56B929AA66B939A6F
:10852000A76B949AA86B959AA96B969AAA6BECE99B
:10853000AB6B979AAC6B989AAD6B999AAE6B9A9A13
:10854000AF6B9B9AB06B9C9AB16B9D9AB26B9E9AE3
:10855000B36BAFECB46BB9C5B56BCEB6B66B9F9AC7
:10856000B76BF3D2B86BA09AB96BA19ABA6BA29A07
:10857000BB6BA39ABC6BA49ABD6BA59ABE6BA69A63
:10858000BF6BEEB5C06BA79AC16BD9BBC26BB1EC28
:10859000C36BA89AC46BA99AC56BE3D2C66BAA9A9F
:1085A000C76BAB9AC86BAC9AC96BAD9ACA6BAE9AE3
:1085B000CB6BE3CECC6BAF9ACD6BB8C4CE6BB09A1D
:1085C000CF6BBFC3D06BB19AD16BB29AD26BBEB630
:1085D000D36BB9D8D46BC8B1D56BCFB1D66BD1B191
:1085E000D76BFEC5D86BB39AD96BD0B1DA6BB49A9E
:1085F000DB6BABC3DC6BB59ADD6BB69ADE6BB79AFF
:10860000DF6BB89AE06BB99AE16BB1D5E26BBA9ABD
:10861000E36BBB9AE46BBC9AE56BBD9AE66BBE9AC2
:10862000E76BBF9AE86BC09AE96BC19AEA6BA4EB5F
:10863000EB6BC1BAEC6BC29AED6BC39AEE6BC49A4A
:10864000EF6BBACCF06BC59AF16BC69AF26BC79A16
:10865000F36BA5EBF46BC89AF56BA7EBF66BC99AB5
:10866000F76BCA9AF86BCB9AF96BA8EBFA6BCC9ABA
:10867000FB6BCD9AFC6BCE9AFD6BA6EBFE6BCF9A93
:10868000FF6BD09A006CD19A016CD29A026CD39A8B
:10869000036CD49A046CD59A056CA9EB066CABEB11
:1086A000076CAAEB086CD69A096CD79A0A6CD89A10
:1086B0000B6CD99A0C6CDA9A0D6CACEB0E6CDB9AE5
:1086C0000F6CCFCA106CB5D8116CF1C3126CDC9A68
:1086D000136CA5C3146CF8C6156CADEB166CCAC44C
:1086E000176CDD9A186CAEEB196CAFEB1A6CB0EB33
:1086F0001B6CD5B71C6CDE9A1D6CDF9A1E6CE09A61
:108700001F6CFAB7206CE19A216CB1EB226CE2C7C6
:10871000236CE29A246CB3EB256CE39A266CA4BA22
:10872000276CF5D1286CB1B0296CB2EB2A6CB4EB94
:108730002B6CE49A2C6CE59A2D6CE69A2E6CAAB5FB
:108740002F6CC8C2306CE8C7316CE79A326CB5EB5D
:10875000336CE89A346CAECB356CDFE3366CE99A57
:10876000376CEA9A386CC0D3396CEB9A3A6CEC9A55
:108770003B6CED9A3C6CEE9A3D6CDBD93E6CEF9A0B
:108780003F6CF09A406CA1CD416CADD6426CF3C702
:10879000436CF19A446CF29A456CF39A466CE0D9BA
:1087A000476CE3BB486CF49A496CBABA4A6CE2E392
:1087B0004B6CF59A4C6CF69A4D6CF79A4E6CF89A95
:1087C0004F6CF99A506CABCF516CFA9A526CFB9A81
:1087D000536CFC9A546CE0E3556CC7C9566CFD9A17
:1087E000576CB9BA586CFE9A596C409B5A6C419BB5
:1087F0005B6CB4D15C6CE1E35D6CEAC85E6CAFB9F4
:108800005F6CADBD606CD8B3616CDBCE626C429BBB
:10881000636C439B646CC0CC656C449B666C459BED
:10882000676C469B686CE8E3696CE9E36A6CF4CDBD
:108830006B6C479B6C6C489B6D6C499B6E6C4A9B48
:108840006F6C4B9B706CADCC716C4C9B726CB3BC01
:10885000736C4D9B746CEAE3756C4E9B766CEBE32A
:10886000776C4F9B786C509B796CDAD07A6C519B0B
:108870007B6C529B7C6C539B7D6CFBC67E6CDAB729
:108880007F6C549B806C559B816CDFC7826CCAD215
:10889000836CD6CE846C569B856CE4E3866CECE3EB
:1088A000876C579B886CF2C9896CC1B38A6C589BE2
:1088B0008B6C599B8C6CE7E38D6C5A9B8E6C5B9B2D
:1088C0008F6CE3C6906CE5E3916C5C9B926C5D9B56
:1088D000936CB3ED946CE6E3956C5E9B966C5F9B3A
:1088E000976C609B986C619B996CB3C99A6C629B06
:1088F0009B6CE6C59C6C639B9D6C649B9E6C659BAE
:108900009F6CB5B9A06C669BA16CBBC3A26C679B46
:10891000A36CE3E3A46CBDC5A56CA4C1A66CD9C2CD
:10892000A76CD7B2A86C689BA96CEDE3AA6CA6BB38
:10893000AB6CADC4AC6C699BAD6CF0E3AE6CDABEF5
:10894000AF6C6A9BB06C6B9BB16CFBE3B26CF5E3F4
:10895000B36CD3BAB46C6C9BB56C6D9BB66C6E9BF0
:10896000B76C6F9BB86CD0B7B96CCDD3BA6C709B39
:10897000BB6CCED6BC6CD3D5BD6CC1B9BE6CB4D506
:10898000BF6CD8D1C06C719BC16C729BC26C739B65
:10899000C36C749BC46CB9D0C56CF6C7C66C759BB0
:1089A000C76C769BC86C779BC96CAAC8CA6CB4B2FA
:1089B000CB6C789BCC6CDAC3CD6C799BCE6C7A9BFC
:1089C000CF6C7B9BD06CEEE3D16C7C9BD26C7D9B9F
:1089D000D36CFCE3D46CEFE3D56CA8B7D66CF7E3AB
:1089E000D76CF4E3D86C7E9BD96C809BDA6C819B4E
:1089F000DB6CBAB7DC6C829BDD6C839BDE6CA2C542
:108A0000DF6C849BE06CF6E3E16CDDC5E26CA8B240
:108A1000E36CFCC6E46C859BE56CE0C4E66C869B6D
:108A2000E76C879BE86CA2D7E96C889BEA6CE1C095
:108A3000EB6CF9E3EC6C899BED6C8A9BEE6CFAE3D2
:108A4000EF6CFDE3F06CA9CCF16CF3E3F26C8B9B63
:108A5000F36CBED3F46C8C9BF56CC3B1F66CB4EDC7
:108A6000F76CF1E3F86CF2E3F96C8D9BFA6CF8E3C8
:108A7000FB6CBAD0FC6CC3C6FD6CF3D4FE6CFEE399
:108A8000FF6C8E9B006D8F9B016DE0BD026D909B16
:108A9000036D919B046DA7E4056D929B066D939BFE
:108AA000076DA6E4086D949B096D959B0A6D969BD6
:108AB0000B6DF3D10C6DA3E40D6D979B0E6DA9E4C6
:108AC0000F6D989B106D999B116D9A9B126DF7C855
:108AD000136D9B9B146D9C9B156D9D9B166D9E9BB2
:108AE000176DB4CF186D9F9B196DA8E41A6DAEE495
:108AF0001B6DE5C21C6DA09B1D6DA19B1E6DB4B6C8
:108B00001F6DA29B206DA39B216DA49B226DA59B35
:108B1000236DA69B246DA79B256DF2BD266DA89B9A
:108B2000276DA2E4286DA99B296DAA9B2A6DE9BA3D
:108B30002B6DAAE42C6DAB9B2D6DAC9B2E6DACE424
:108B40002F6DAD9B306DAE9B316DFDB6326DDED6B7
:108B5000336DB2E4346DAF9B356DADE4366DB09BD3
:108B6000376DB19B386DB29B396DA1E43A6DB39B03
:108B70003B6DEEBB3C6DDDCD3D6DA2C73E6DC9C505
:108B80003F6DB49B406DB59B416DF7C1426DB69B87
:108B9000436DA4E4446DB79B456DB3C7466DACBD52
:108BA000476DBDBD486DA5E4496DB89B4A6DC7D7FB
:108BB0004B6DE2B24C6DB99B4D6DABE44E6DC3BCD9
:108BC0004F6DAFE4506DBA9B516DEBBB526DB0E48D
:108BD000536DA8C5546DB1E4556DBB9B566DBC9BE0
:108BE000576DBD9B586DBE9B596DE3D55A6DA3BFA4
:108BF0005B6DBF9B5C6DBAE45D6DC09B5E6DB7E461
:108C00005F6DC19B606DBBE4616DC29B626DC39B78
:108C1000636DBDE4646DC49B656DC59B666DD6C612
:108C2000676DC69B686DC79B696DC6BA6A6DCBC020
:108C30006B6DC89B6C6DC99B6D6DCA9B6E6DA1B849
:108C40006F6DB4E4706DCB9B716DCC9B726DCD9BE1
:108C5000736DCE9B746DA1D4756DCF9B766DD09BDB
:108C6000776DA3BA786DFEBD796DD19B7A6DD29B7D
:108C70007B6DD39B7C6DBCE47D6DD49B7E6DD59B61
:108C80007F6DD69B806DD79B816DD89B826DBFCD4C
:108C9000836DD99B846DDA9B856DF9C4866DDB9BF2
:108CA000876DDC9B886DFBCF896DE6C98A6DDD9B86
:108CB0008B6DDE9B8C6DBFD38D6DDF9B8E6DD1CFA9
:108CC0008F6DE09B906DE19B916DB3E4926DE29BA3
:108CD000936DB8E4946DB9E4956DE9CC966DE39B22
:108CE000976DE49B986DE59B996DE69B9A6DE79B6C
:108CF0009B6DCECC9C6DE89B9D6DD4C09E6DB5E404
:108D00009F6DB0C1A06DB6E4A16DD0CEA26DE99B00
:108D1000A36DC1BBA46DD3B5A56DEA9BA66DF3C8C9
:108D2000A76DA7BDA86DC7D5A96DACC9AA6DA2B81E
:108D3000AB6DCAE4AC6DEB9BAD6DEC9BAE6DCCE462
:108D4000AF6DC4D1B06DED9BB16DEE9BB26DBAD27B
:108D5000B36DEF9BB46DF09BB56DADBAB66DF19B85
:108D6000B76DF29BB86DD4BAB96DF39BBA6DF49B35
:108D7000BB6DF59BBC6DF69BBD6DF79BBE6DF89B07
:108D8000BF6DC3E4C06DEDB5C16DF99BC26DFA9BBB
:108D9000C36DFB9BC46DCDD7C56DC0E4C66DFDCF63
:108DA000C76DBFE4C86DFC9BC96DFD9BCA6DFE9B82
:108DB000CB6DDCC1CC6DCACCCD6D409CCE6D419CE1
:108DC000CF6D429CD06D439CD16DE7CAD26D449C5F
:108DD000D36D459CD46D469CD56D479CD66DD7C44C
:108DE000D76D489CD86DD4CCD96DC8E4DA6D499C58
:108DF000DB6D4A9CDC6D4B9CDD6DC7E4DE6DC1E430
:108E0000DF6D4C9CE06DC4E4E16DADB5E26D4D9C51
:108E1000E36D4E9CE46DD9D3E56D4F9CE66DC6E4E1
:108E2000E76D509CE86D519CE96D529CEA6D539C36
:108E3000EB6DF9D2EC6DE3B4ED6D549CEE6DB4BB0B
:108E4000EF6D559CF06D569CF16DEEC9F26D579C1F
:108E5000F36DBEB4F46D589CF56D599CF66D5A9C3B
:108E6000F76DECBBF86D5B9CF96DCDD1FA6D5C9C38
:108E7000FB6DEDCCFC6DB5EDFD6D5D9CFE6D5E9CFE
:108E8000FF6D5F9C006E609C016E619C026E629C37
:108E9000036E639C046E649C056EE5C7066E659C5C
:108EA000076E669C086E679C096E689C0A6EA8D463
:108EB0000B6E699C0C6ECBE40D6ED5D70E6EC2E4C2
:108EC0000F6E6A9C106EA5BD116EC5E4126E6B9C90
:108ED000136E6C9C146EE6D3156E6D9C166EC9E411
:108EE000176EF8C9186E6E9C196E6F9C1A6EBEE4F0
:108EF0001B6E709C1C6E719C1D6EE5D31E6E729C69
:108F00001F6E739C206EFEC7216EC9B6226E749CC4
:108F1000236EFCD4246EB3B2256ED7E4266E759C06
:108F2000276E769C286E779C296EC2CE2A6E789C1E
:108F30002B6ECDE42C6E799C2D6EBCCE2E6E7A9C61
:108F40002F6EDBB8306E7B9C316E7C9C326ED6E42B
:108F5000336E7D9C346ECABF356E7E9C366E809CAF
:108F6000376E819C386ECED3396E829C3A6EECC3DC
:108F70003B6E839C3C6E849C3D6E859C3E6E869CC5
:108F80003F6E879C406E889C416E899C426E8A9C95
:108F9000436EC8C5446ED8E4456E8B9C466E8C9C6F
:108FA000476E8D9C486E8E9C496E8F9C4A6E909C3D
:108FB0004B6E919C4C6E929C4D6EC4CD4E6ECFE428
:108FC0004F6E939C506E949C516E959C526E969CE5
:108FD000536ED4E4546ED5E4556E979C566EFEBA2B
:108FE000576E989C586EE6CF596E999C5A6E9A9C13
:108FF0005B6EBFD55C6E9B9C5D6E9C9C5E6E9D9C0B
:109000005F6ED2E4606E9E9C616E9F9C626EA09CBF
:10901000636EA19C646EA29C656EA39C666EA49C0C
:10902000676EA59C686EA69C696EA79C6A6EA89CDC
:109030006B6ED0E46C6EA99C6D6EAA9C6E6ECEE4D5
:109040006F6EAB9C706EAC9C716EAD9C726EAE9C84
:10905000736EAF9C746EB09C756EB19C766EB29C54
:10906000776EB39C786EB49C796EB59C7A6EB69C24
:109070007B6EB79C7C6EB89C7D6EB99C7E6EE5CD98
:109080007F6EAACA806EBA9C816EBB9C826EBC9CAD
:10909000836EA3C0846EBD9C856EA6BD866ED3E430
:1090A000876EBE9C886EBF9C896EC8B88A6EC09C55
:1090B0008B6EC19C8C6EC29C8D6EC39C8E6EC49C4C
:1090C0008F6EE7E4906EB4D4916EC59C926EC69C90
:1090D000936EC79C946EC89C956EC99C966ECA9CF4
:1090E000976ECB9C986EDBE4996ECC9C9A6ECD9C6F
:1090F0009B6ECE9C9C6EEFC19D6ECF9C9E6ED09C55
:109100009F6EE9E4A06ED19CA16ED29CA26EE7D2C4
:10911000A36ED39CA46ED49CA56EDFE4A66ED59CF2
:10912000A76EE0E4A86ED69CA96ED79CAA6EAACFC3
:10913000AB6ED89CAC6ED99CAD6EDA9CAE6EDB9CEF
:10914000AF6EDDCBB06EDC9CB16EDAE4B26ED1E412
:10915000B36EDD9CB46EE5E4B56EDE9CB66EDCC825
:10916000B76EE3E4B86EDF9CB96EE09CBA6EE7C4FC
:10917000BB6EE2E4BC6EE19CBD6EE1E4BE6EE29CBF
:10918000BF6EE39CC06EE49CC16EFCB3C26EE8E4AB
:10919000C36EE59CC46EE69CC56EE79CC66EE89CFB
:1091A000C76EE1B5C86EE99CC96EEA9CCA6EEB9CBD
:1091B000CB6ECCD7CC6EEC9CCD6EED9CCE6EEE9C87
:1091C000CF6EE6E4D06EEF9CD16EACBBD26EF09C5D
:1091D000D36ED2D7D46ECFCCD56EF8EBD66EF19CD1
:1091E000D76EE4E4D86EF29CD96EF39CDA6EF6B9D1
:1091F000DB6EF49CDC6EF59CDD6EF69CDE6ECDD6EF
:10920000DF6ED9E4E06EDCE4E16EFAC2E26EDEE429
:10921000E36EF79CE46ECBC2E56EC4C0E66ED0C2CE
:10922000E76EF89CE86EF5B1E96EB2CCEA6EF99C97
:10923000EB6EFA9CEC6EFB9CED6EFC9CEE6EFD9C66
:10924000EF6EFE9CF06E409DF16E419DF26E429D70
:10925000F36E439DF46ECEB5F56E449DF66E459D5E
:10926000F76E469DF86E479DF96EEFE4FA6E489DE5
:10927000FB6E499DFC6E4A9DFD6E4B9DFE6E4C9DA6
:10928000FF6E4D9D006F4E9D016F4F9D026FAFC6EB
:10929000036F509D046F519D056F529D066FE1C68F
:1092A000076F539D086F549D096FF5E40A6F559D34
:1092B0000B6F569D0C6F579D0D6F589D0E6F599DEE
:1092C0000F6FA9C2106F5A9D116F5B9D126F5C9D4D
:1092D000136FECC0146FDDD1156FEEE4166F5D9D5A
:1092E000176F5E9D186F5F9D196F609D1A6F619D6E
:1092F0001B6F629D1C6F639D1D6F649D1E6F659D3E
:109300001F6F669D206FAEC4216F679D226F689DA1
:10931000236F699D246FEDE4256F6A9D266F6B9D19
:10932000276F6C9D286F6D9D296FF6E42A6FF4E41A
:109330002B6FFEC22C6F6E9D2D6FDDE42E6F6F9D27
:109340002F6FF0E4306F709D316FFECA326F719DE8
:10935000336FC4D5346F729D356F739D366FF1E4F2
:10936000376F749D386F759D396F769D3A6F779D15
:109370003B6F789D3C6F799D3D6F7A9D3E6FFAD132
:109380003F6F7B9D406F7C9D416F7D9D426F7E9DB9
:10939000436F809D446F819D456F829D466FEBE4D6
:1093A000476FECE4486F839D496F849D4A6F859DAC
:1093B0004B6FF2E44C6F869D4D6FABCE4E6F879D29
:1093C0004F6F889D506F899D516F8A9D526F8B9D05
:1093D000536F8C9D546F8D9D556F8E9D566F8F9DD5
:1093E000576F909D586FCBC5596F919D5A6F929D45
:1093F0005B6F939D5C6FB1C75D6F949D5E6FBAC2EA
:109400005F6F959D606F969D616F979D626FEAE4B7
:10941000636F989D646F999D656F9A9D666FCAC1D1
:10942000676F9B9D686F9C9D696F9D9D6A6F9E9DF8
:109430006B6F9F9D6C6FA09D6D6FB6CC6E6FB1B35F
:109440006F6FA19D706FA29D716FA39D726FFBE402
:10945000736FA49D746FF3E4756FA59D766FA69DE1
:10946000776FA79D786FFAE4796FA89D7A6FFDE416
:109470007B6FA99D7C6FFCE47D6FAA9D7E6FAB9D89
:109480007F6FAC9D806FAD9D816FAE9D826FAF9DF4
:10949000836FB09D846FCEB3856FB19D866FB29D93
:1094A000876FB39D886FBAB3896FF7E48A6FB49DF5
:1094B0008B6FB59D8C6FF9E48D6FF8E48E6FECC502
:1094C0008F6FB69D906FB79D916FB89D926FB99D4C
:1094D000936FBA9D946FBB9D956FBC9D966FBD9D1C
:1094E000976FBE9D986FBF9D996FC09D9A6FC19DEC
:1094F0009B6FC29D9C6FBDC09D6FC39D9E6FC49DA1
:109500009F6FC59DA06FC69DA16FE8D4A26FC79D38
:10951000A36FC89DA46FC99DA56FCA9DA66FCB9D63
:10952000A76FA2E5A86FCC9DA96FCD9DAA6FCE9D18
:10953000AB6FCF9DAC6FD09DAD6FD19DAE6FD29D07
:10954000AF6FD39DB06FD49DB16FD59DB26FD69DD7
:10955000B36FC4B0B46FD79DB56FD89DB66FA4E597
:10956000B76FD99DB86FDA9DB96FA3E5BA6FDB9D70
:10957000BB6FDC9DBC6FDD9DBD6FDE9DBE6FDF9D53
:10958000BF6FE09DC06FA4BCC16FE19DC26FA5E538
:10959000C36FE29DC46FE39DC56FE49DC66FE59DFB
:1095A000C76FE69DC86FE79DC96FA1E5CA6FE89DCB
:1095B000CB6FE99DCC6FEA9DCD6FEB9DCE6FEC9D9F
:1095C000CF6FED9DD06FEE9DD16FFEE4D26FF4B101
:1095D000D36FEF9DD46FF09DD56FF19DD66FF29D47
:1095E000D76FF39DD86FF49DD96FF59DDA6FF69D17
:1095F000DB6FF79DDC6FF89DDD6FF99DDE6FA8E5F1
:10960000DF6FFA9DE06FA9E5E16FA6E5E26FFB9DD4
:10961000E36FFC9DE46FFD9DE56FFE9DE66F409E50
:10962000E76F419EE86F429EE96F439EEA6F449E5A
:10963000EB6F459EEC6F469EED6F479EEE6FA7E584
:10964000EF6FAAE5F06F489EF16F499EF26F4A9E58
:10965000F36F4B9EF46F4C9EF56F4D9EF66F4E9ED2
:10966000F76F4F9EF86F509EF96F519EFA6F529EA2
:10967000FB6F539EFC6F549EFD6F559EFE6F569E72
:10968000FF6F579E0070589E0170599E02705A9E3F
:1096900003705B9E04705C9E05705D9E06705E9E0E
:1096A00007705F9E0870609E0970619E0A70629EDE
:1096B0000B70639E0C70649E0D70659E0E70669EAE
:1096C0000F70679E1070689E1170D9C61270699EE7
:1096D00013706A9E14706B9E15706C9E16706D9E52
:1096E00017706E9E18706F9E1970709E1A70ABE5A1
:1096F0001B70ADE51C70719E1D70729E1E70739E76
:109700001F70749E2070759E2170769E2270779EC9
:109710002370ACE52470789E2570799E26707A9E21
:1097200027707B9E28707C9E29707D9E2A707E9E6D
:109730002B70809E2C70819E2D70829E2E70839E39
:109740002F70849E3070859E3170869E3270879E09
:109750003370889E3470899E3570AFE536708A9E6E
:1097600037708B9E38708C9E3970AEE53A708D9E46
:109770003B708E9E3C708F9E3D70909E3E70919E81
:109780003F70929E4070939E4170949E4270959E51
:109790004370969E4470979E4570989E4670999E21
:1097A00047709A9E48709B9E49709C9E4A709D9EF1
:1097B0004B709E9E4C70E0B94D709F9E4E70A09E67
:1097C0004F70B0E55070A19E5170A29E5270A39E42
:1097D0005370A49E5470A59E5570A69E5670A79E69
:1097E0005770A89E5870A99E5970AA9E5A70AB9E39
:1097F0005B70AC9E5C70AD9E5D70AE9E5E70B1E5C0
:109800005F70AF9E6070B09E6170B19E6270B29EDC
:109810006370B39E6470B49E6570B59E6670B69EAC
:109820006770B79E6870B89E6970B99E6A70BA9E7C
:109830006B70F0BB6C70E1EC6D70F0C36E70BB9E32
:109840006F70C6B57070D2BB7170BC9E7270BD9ED9
:109850007370BE9E7470BF9E7570E9C17670EED451
:109860007770C09E7870C4BE7970C19E7A70C29EB7
:109870007B70C39E7C70C6D77D70C49E7E70D6D42C
:109880007F70D3B28070BEEC8170C59E8270C69E20
:109890008370C79E8470C89E8570C1EA8670C99E19
:1098A0008770CA9E8870CB9E8970AFC28A70B6B42A
:1098B0008B70CC9E8C70CD9E8D70CE9E8E70D7D1CD
:1098C0008F70CF9E9070D09E9170D19E9270B4B3E5
:1098D0009370D29E9470B2C89570BBBF9670C0EC66
:1098E0009770D39E9870D49E9970CBD69A70D59E5F
:1098F0009B70D69E9C70BFEC9D70C1EC9E70D79EF5
:109900009F70D89EA070D99EA170DA9EA270DB9E37
:10991000A370DC9EA470DD9EA570DE9EA670DF9E07
:10992000A770E09EA870E19EA970E29EAA70E39ED7
:10993000AB70C5ECAC70E6BEAD70BFCCAE70DAC536
:10994000AF70BCBEB070E49EB170C6ECB270E59E64
:10995000B370FEB1B470E69EB570E79EB670E89E37
:10996000B770C4ECB870A8D5B970E3B5BA70E99E09
:10997000BB70C2ECBC70B6C1BD70E3B3BE70EA9EF2
:10998000BF70EB9EC070C3ECC170B8CBC270C3C0D7
:10999000C370FECCC470EC9EC570ED9EC670EE9E8A
:1099A000C770EF9EC870D2C1C970F09ECA70C8EC73
:1099B000CB70F19ECC70F29ECD70F39ECE70F49E73
:1099C000CF70F59ED070F69ED170F79ED270F89E43
:1099D000D370F99ED470FA9ED570FB9ED670FC9E13
:1099E000D770FD9ED870E6BAD970D3C0DA70FE9EEB
:1099F000DB70F2D6DC70409FDD70419FDE70429FCD
:109A0000DF70CCD1E070439FE170449FE270459FCE
:109A1000E370469FE470BEBFE570479FE670B3B742
:109A2000E770D5C9E870C7ECE970E2BBEA70489FFF
:109A3000EB70CCCCEC70FDBDED70C8C8EE70499FEA
:109A4000EF70A9CFF0704A9FF1704B9FF2704C9F5E
:109A5000F3704D9FF4704E9FF5704F9FF670509FBE
:109A6000F770E9CDF870519FF970EBC5FA70529F0D
:109A7000FB70539FFC70549FFD70E9B7FE70559FBB
:109A8000FF70569F0071579F0171589F0271599F37
:109A900003715A9F04715B9F05715C9F06715D9F06
:109AA00007715E9F08715F9F0971C9D10A71B8BAC9
:109AB0000B71609F0C71619F0D71629F0E71639FAE
:109AC0000F71649F1071C9EC1171659F1271669FCF
:109AD0001371CAEC1471679F1571C0BB1671CBEC82
:109AE0001771689F1871E2EC1971BAB11A71D9B780
:109AF0001B71699F1C716A9F1D716B9F1E716C9F0A
:109B00001F716D9F20716E9F21716F9F2271709FD9
:109B10002371719F2471729F2571739F2671B9BD46
:109B20002771749F2871759F2971769F2A71779F7D
:109B30002B71789F2C71799F2D717A9F2E717B9F4D
:109B40002F71CCEC3071E6D13171CDEC32717C9F4C
:109B500033717D9F34717E9F3571809F3671BBC894
:109B60003771819F3871829F3971839F3A71849FC9
:109B70003B71859F3C71869F3D71879F3E71889F99
:109B80003F71899F40718A9F41718B9F42718C9F69
:109B900043718D9F44718E9F4571D1EC46718F9FAB
:109BA0004771909F4871919F4971929F4A71D3EC80
:109BB0004B71939F4C71CDBB4D71949F4E71E5BC21
:109BC0004F71959F5071969F5171979F5271989FB9
:109BD0005371999F54719A9F55719B9F56719C9F89
:109BE00057719D9F58719E9F59719F9F5A71A09F59
:109BF0005B71A19F5C71CFEC5D71A29F5E71B7C973
:109C00005F71A39F6071A49F6171A59F6271A69F00
:109C10006371A79F6471BAC36571A89F6671E3EC15
:109C20006771D5D56871D0EC6971A99F6A71AA9FD7
:109C30006B71AB9F6C71AC9F6D71AD9F6E71F3D604
:109C40006F71AE9F7071AF9F7171B09F7271D2ECE6
:109C50007371CEEC7471B19F7571B29F7671B39FC1
:109C60007771B49F7871D4EC7971B59F7A71D5EC26
:109C70007B71B69F7C71B79F7D71BFC97E71B89FA4
:109C80007F71B99F8071BA9F8171BB9F8271BC9FA8
:109C90008371BD9F8471A8CF8571BE9F8671BF9F60
:109CA0008771C09F8871C19F8971C29F8A71DCD002
:109CB0008B71C39F8C71C49F8D71C59F8E71C69F20
:109CC0008F71ACD19071C79F9171C89F9271C99FDC
:109CD0009371CA9F9471DBC89571CB9F9671CC9F8D
:109CE0009771CD9F9871D6EC9971F5CE9A71CE9FF0
:109CF0009B71CF9F9C71D09F9D71D19F9E71D29F70
:109D00009F71ECCAA071DAECA171D39FA271D49FAC
:109D1000A371D59FA471D69FA571D79FA671D89F17
:109D2000A771D99FA871D9ECA971DA9FAA71DB9F9D
:109D3000AB71DC9FAC71BEB0AD71DD9FAE71DE9FCB
:109D4000AF71DF9FB071E09FB171E19FB271E29F8F
:109D5000B371D7ECB471E39FB571D8ECB671E49FE1
:109D6000B771E59FB871E69FB971E4ECBA71E79FEE
:109D7000BB71E89FBC71E99FBD71EA9FBE71EB9F0B
:109D8000BF71EC9FC071ED9FC171EE9FC271EF9FDB
:109D9000C371BCC8C471F09FC571F19FC671F29FB9
:109DA000C771F39FC871F49FC971F59FCA71F69F7F
:109DB000CB71F79FCC71F89FCD71F99FCE71C7C160
:109DC000CF71FA9FD071FB9FD171FC9FD271FD9F23
:109DD000D371FE9FD471DCECD571E0D1D67140A077
:109DE000D77141A0D87142A0D97143A0DA7144A0C3
:109DF000DB7145A0DC7146A0DD7147A0DE7148A093
:109E0000DF7149A0E071DBECE1714AA0E2714BA087
:109E1000E3714CA0E4714DA0E571EFD4E6714EA062
:109E2000E771DDECE8714FA0E97150A0EA7151A033
:109E3000EB7152A0EC7153A0ED7154A0EE71C6DB32
:109E4000EF7155A0F07156A0F17157A0F27158A0B2
:109E5000F37159A0F4715AA0F5715BA0F6715CA082
:109E6000F7715DA0F8715EA0F971DEECFA715FA088
:109E7000FB7160A0FC7161A0FD7162A0FE7163A026
:109E8000FF7164A0007265A0017266A0027267A0F3
:109E9000037268A0047269A005726AA00672ACB170
:109EA00007726BA008726CA009726DA00A726EA096
:109EB0000B726FA00C7270A00D7271A00E7272A066
:109EC0000F7273A0107274A0117275A0127276A036
:109ED000137277A0147278A0157279A016727AA006
:109EE00017727BA018727CA019727DA01A727EA0D6
:109EF0001B7280A01C7281A01D72DFEC1E7282A0FA
:109F00001F7283A0207284A0217285A0227286A075
:109F1000237287A0247288A0257289A026728AA045
:109F200027728BA02872E0EC29728CA02A72A6D727
:109F30002B728DA02C72C0C52D728EA02E728FA098
:109F40002F7290A03072BCEB3172AEB0327291A021
:109F5000337292A0347293A03572F4BE3672B8B8E0
:109F60003772AFD23872D6B03972F9B53A7294A05E
:109F70003B72B3D83C7295A03D72ACCB3E7296A0BA
:109F80003F72DDE3407297A0417298A0427299A09F
:109F900043729AA044729BA045729CA046729DA0F9
:109FA0004772ACC64872E6B049729EA04A729FA042
:109FB0004B72A0A04C72C6C54D72B9EB4E72A1A0F7
:109FC0004F72A2A05072A3A05172A4A05272BAEB19
:109FD0005372A5A05472A6A05572A7A05672BBEBEF
:109FE0005772A8A05872A9A05972C0D15A72AAA0DB
:109FF0005B72A3C55C72ABA05D72F2EA5E72ACA04C
:10A000005F72B2C46072ADA06172B5C46272CEC03C
:10A010006372AEA06472AFA06572B0A06672F3EA1C
:10A020006772C1C46872B1A06972EFCE6A72B2A0E1
:10A030006B72B3A06C72B4A06D72B5A06E72F0EAD0
:10A040006F72F4EA7072B6A07172B7A07272FCC936
:10A050007372B8A07472B9A07572A3C77672BAA0F1
:10A060007772BBA07872BCA07972D8CC7A72FECE1F
:10A070007B72BDA07C72BEA07D72BFA07E72F5EA2D
:10A080007F72F6EA8072ACCF8172E7C08272C0A0A4
:10A090008372C1A08472F7EA8572C2A08672C3A0DF
:10A0A0008772C4A08872C5A08972C6A08A72BFB622
:10A0B0008B72F8EA8C72C7A08D72F9EA8E72C8A012
:10A0C0008F72FAEA9072C9A09172CAA09272FBEAEA
:10A0D0009372CBA09472CCA09572CDA09672CEA0B4
:10A0E0009772CFA09872D0A09972D1A09A72D2A084
:10A0F0009B72D3A09C72D4A09D72D5A09E72D6A054
:10A100009F72F1EAA072D7A0A172D8A0A272D9A0C2
:10A11000A372DAA0A472DBA0A572DCA0A672DDA0F7
:10A12000A772DEA0A872DFA0A972E0A0AA72E1A0C7
:10A13000AB72E2A0AC72AEC8AD72EBE1AE72E3A05E
:10A14000AF72B8B7B072ECE1B172E4A0B272E5A040
:10A15000B372E6A0B472EDE1B572E7A0B672B4D7FF
:10A16000B772EEE1B872EFE1B972CCD3BA72E8A07F
:10A17000BB72E9A0BC72EAA0BD72EBA0BE72ECA0FB
:10A18000BF72EDA0C072EEA0C172F1E1C272F1BF68
:10A19000C372F0E1C472D2B5C572EFA0C672F0A06E
:10A1A000C772F1A0C872B7B1C972F2A0CA72F3A0A7
:10A1B000CB72F4A0CC72F5A0CD72F3E1CE72F2E1D5
:10A1C000CF72F6A0D072FCBAD172F7A0D272F4E1CD
:10A1D000D372F8A0D472F9A0D572FAA0D672FBA0FF
:10A1E000D772B7B9D872FCA0D972D1BEDA72FDA00D
:10A1F000DB72FEA0DC7240AADD7241AADE72FCC4F2
:10A20000DF7242AAE072DDBAE172C6BDE27243AA11
:10A21000E37244AAE47245AAE57246AAE67247AA26
:10A22000E77248AAE872F5E1E972F7E1EA7249AA31
:10A23000EB724AAAEC72C0B6ED72C1CFEE72A8CA38
:10A24000EF72F6E1F072F8D5F172FCD3F272F8E138
:10A25000F372FCE1F472F9E1F5724BAAF6724CAAC2
:10A26000F772FAE1F872EAC0F9724DAAFA72FEE1E9
:10A27000FB72A1E2FC72C7C0FD724EAAFE724FAA29
:10A28000FF7250AA007351AA0173FBE1027352AA34
:10A290000373FDE1047353AA057354AA067355AA08
:10A2A000077356AA087357AA097358AA0A73A5E236
:10A2B0000B7359AA0C735AAA0D735BAA0E73D4C1FF
:10A2C0000F735CAA10735DAA11735EAA12735FAA62
:10A2D0001373A3E2147360AA1573A8E21673FEB297
:10A2E0001773A2E2187361AA197362AA1A7363AA98
:10A2F0001B73CDC31C73C2B21D73A7E21E73A6E20B
:10A300001F7364AA207365AA2173A4E22273A9E2D1
:10A31000237366AA247367AA2573ABE2267368AA1F
:10A32000277369AA28736AAA2973C9D02A73EDD63C
:10A330002B73A8C32C73ACE22D736BAA2E73D7CFEB
:10A340002F736CAA30736DAA3173AEE232736EAAAA
:10A3500033736FAA3473EFBA357370AA367371AA68
:10A360003773E0E93873ADE23973AAE23A7372AA3F
:10A370003B7373AA3C7374AA3D7375AA3E73ABBB5F
:10A380003F73B3D4407376AA417377AA427378AA15
:10A39000437379AA44737AAA45737BAA46737CAA4D
:10A3A00047737DAA48737EAA497380AA4A7381AA1B
:10A3B0004B7382AA4C7383AA4D73B0E24E7384AA86
:10A3C0004F7385AA5073AFE2517386AA5273E1E9C5
:10A3D000537387AA547388AA557389AA56738AAA95
:10A3E0005773B1E258738BAA59738CAA5A738DAA0A
:10A3F0005B738EAA5C738FAA5D7390AA5E7391AA39
:10A400005F7392AA6073B2E2617393AA627394AAB3
:10A41000637395AA647396AA657397AA667398AADC
:10A42000677399AA68739AAA69739BAA6A739CAAAC
:10A430006B739DAA6C73B3E26D73A1CC6E739EAA0D
:10A440006F73B4E270739FAA7173A0AA727340AB6A
:10A45000737341AB747342AB757343AB767344ABA8
:10A46000777345AB787346AB797347AB7A7348AB78
:10A470007B7349AB7C734AAB7D734BAB7E73B5E2A8
:10A480007F734CAB80734DAB81734EAB82734FAB1C
:10A49000837350AB8473FED0857351AB867352AB1C
:10A4A0008773CAC2887353AB8973F1D38A7354AB71
:10A4B0008B73F5CD8C7355AB8D7356AB8E73E0E714
:10A4C0008F7357AB907358AB9173E1E7927359ABAD
:10A4D00093735AAB94735BAB95735CAB9673C1BECD
:10A4E00097735DAB98735EAB99735FAB9A7360AB18
:10A4F0009B73EAC29C7361AB9D7362AB9E7363AB4B
:10A500009F73E4E7A07364ABA17365ABA273E3E749
:10A51000A37366ABA47367ABA57368ABA67369AB93
:10A52000A7736AABA8736BABA973E6CDAA736CABC8
:10A53000AB73B5C3AC736DABAD736EABAE73E2E72B
:10A54000AF73B7BBB073D6CFB1736FABB273E1C1AA
:10A55000B373E9E7B47370ABB57371ABB67372AB39
:10A56000B773E8E7B87373ABB97374ABBA73F4E756
:10A57000BB73A3B2BC7375ABBD7376ABBE7377AB65
:10A58000BF7378ABC073EAE7C17379ABC273E6E718
:10A59000C3737AABC4737BABC5737CABC6737DAB43
:10A5A000C7737EABC873ECE7C973EBE7CA73BAC96C
:10A5B000CB7380ABCC7381ABCD73E4D5CE7382AB60
:10A5C000CF73E5E7D073A9B7D173E7E7D27383AB55
:10A5D000D37384ABD47385ABD57386ABD67387AB9B
:10A5E000D77388ABD87389ABD973EEE7DA738AABCC
:10A5F000DB738BABDC738CABDD738DABDE73F3E79E
:10A60000DF738EABE073E9D6E1738FABE27390AB8F
:10A61000E37391ABE47392ABE573EDE7E67393AB51
:10A62000E773F2E7E87394ABE973F1E7EA7395AB8C
:10A63000EB7396ABEC7397ABED73E0B0EE7398AB46
:10A64000EF7399ABF0739AABF1739BABF273F5E7D1
:10A65000F3739CABF4739DABF5739EABF6739FAB3A
:10A66000F773A0ABF87340ACF97341ACFA7342AC2A
:10A67000FB7343ACFC7344ACFD7345ACFE7346AC5A
:10A68000FF7347AC007448AC017449AC02744AAC27
:10A690000374F2C704744BAC0574C5C00674EDC0F6
:10A6A00007744CAC08744DAC0974F0C10A74F0E73F
:10A6B0000B744EAC0C744FAC0D7450AC0E7451ACAA
:10A6C0000F74F6E71074F6CB117452AC127453ACDD
:10A6D000137454AC147455AC157456AC167457AC52
:10A6E000177458AC187459AC19745AAC1A74A2E89F
:10A6F0001B74A1E81C745BAC1D745CAC1E745DAC77
:10A700001F745EAC20745FAC217460AC2274C1D73E
:10A71000237461AC247462AC2574FAE72674F9E7FB
:10A72000277463AC2874FBE7297464AC2A74F7E7D8
:10A730002B7465AC2C74FEE72D7466AC2E74FDE7AB
:10A740002F7467AC3074FCE7317468AC327469AC58
:10A750003374D5C13474D9C73574FDC53674C3C5D7
:10A7600037746AAC38746BAC39746CAC3A746DACD9
:10A770003B746EAC3C74EDC73D746FAC3E7470AC12
:10A780003F7471AC407472AC4174A3E8427473AC12
:10A79000437474AC447475AC457476AC467477AC51
:10A7A000477478AC487479AC49747AAC4A747BAC21
:10A7B0004B747CAC4C747DAC4D747EAC4E7480ACF0
:10A7C0004F7481AC507482AC517483AC527484ACBD
:10A7D000537485AC547486AC5574A6E8567487AC33
:10A7E0005774A5E8587488AC5974A7E85A74F7BA36
:10A7F0005B74F8E75C74A4E85D7489AC5E74F0C8BF
:10A800005F74AAC960748AAC61748BAC62748CACDE
:10A8100063748DAC64748EAC65748FAC667490ACEC
:10A82000677491AC687492AC697493AC6A7494ACBC
:10A830006B7495AC6C7496AC6D74A9E86E7497AC3F
:10A840006F7498AC7074E5B9717499AC72749AAC09
:10A8500073749BAC74749CAC75749DAC7674FED1AF
:10A860007774A8E878749EAC79749FAC7A74A0ACC5
:10A870007B7440AD7C7441AD7D7442AD7E74AAE8BA
:10A880007F7443AD8074ADE88174AEE8827444ADEA
:10A890008374A7C1847445AD857446AD867447AD95
:10A8A0008774AFE8887448AD897449AD8A744AAD3D
:10A8B0008B74B0E88C744BAD8D744CAD8E74ACE879
:10A8C0008F744DAD9074B4E891744EAD92744FADE9
:10A8D000937450AD947451AD957452AD967453AD5C
:10A8E000977454AD987455AD997456AD9A7457AD2C
:10A8F0009B7458AD9C74ABE89D7459AD9E74B1E8DF
:10A900009F745AADA0745BADA1745CADA2745DADD3
:10A91000A3745EADA4745FADA57460ADA67461ADA3
:10A92000A774B5E8A874B2E8A974B3E8AA7462ADD4
:10A93000AB7463ADAC7464ADAD7465ADAE7466AD4F
:10A94000AF7467ADB07468ADB17469ADB2746AAD1F
:10A95000B3746BADB4746CADB5746DADB6746EADEF
:10A96000B7746FADB87470ADB97471ADBA74B7E83F
:10A97000BB7472ADBC7473ADBD7474ADBE7475AD93
:10A98000BF7476ADC07477ADC17478ADC27479AD63
:10A99000C3747AADC4747BADC5747CADC6747DAD33
:10A9A000C7747EADC87480ADC97481ADCA7482AD00
:10A9B000CB7483ADCC7484ADCD7485ADCE7486ADCF
:10A9C000CF7487ADD07488ADD17489ADD274B6E838
:10A9D000D3748AADD4748BADD5748CADD6748DAD73
:10A9E000D7748EADD8748FADD97490ADDA7491AD43
:10A9F000DB7492ADDC74CFB9DD7493ADDE74ACF072
:10AA0000DF7494ADE074ADF0E17495ADE274B0C65E
:10AA1000E374EAB0E474BFC8E57496ADE674DFCDC4
:10AA2000E77497ADE87498ADE97499ADEA749AAD9E
:10AA3000EB749BADEC749CADED749DADEE74CDCE1E
:10AA4000EF74B1EAF0749EADF1749FADF274A0ADF5
:10AA5000F37440AEF474B2EAF57441AEF674BFC656
:10AA6000F774C9B4F87442AEF97443AEFA7444AEE4
:10AA7000FB7445AEFC7446AEFD7447AEFE7448AE42
:10AA8000FF74B3EA007549AE01754AAE02754BAE6C
:10AA900003754CAE0475E7D505754DAE06754EAE23
:10AAA00007754FAE087550AE097551AE0A7552AEB6
:10AAB0000B7553AE0C7554AE0D75F9DD0E7555AEB4
:10AAC0000F75B4EA107556AE1175B5EA127557AE2A
:10AAD0001375B6EA147558AE157559AE16755AAE9B
:10AAE00017755BAE1875CAB81975B0DF1A75F5C958
:10AAF0001B755CAE1C75F0CC1D755DAE1E755EAE33
:10AB00001F75FAC920755FAE217560AE227561AE02
:10AB1000237562AE247563AE2575FBC9267564AED8
:10AB2000277565AE2875C3D32975A6CB2A7566AE81
:10AB30002B75A6B82C75AEF02D75C2B12E7567AE0B
:10AB40002F75B8E53075EFCC3175C9D33275D7BCE8
:10AB50003375EAC9347568AE3575E7B5367569AED3
:10AB60003775D0C43875E9B539756AAE3A75AEEE49
:10AB70003B75ADBB3C756BAE3D756CAE3E75DEE7AF
:10AB80003F756DAE4075AFEE41756EAE42756FAEFE
:10AB9000437570AE447571AE4575A9B3467572AE16
:10ABA000477573AE4875B2EE497574AE4A7575AEA9
:10ABB0004B75B1EE4C75E7BD4D7576AE4E75B0EE8A
:10ABC0004F75B7CE507577AE517578AE527579AE78
:10ABD00053757AAE5475CFC555757BAE56757CAE40
:10ABE00057757DAE58757EAE5975F4C15A75CEDB7A
:10ABF0005B75B3EE5C75F3D05D7580AE5E7581AE4E
:10AC00005F7582AE607583AE617584AE627585AE28
:10AC1000637586AE647587AE6575D4C26675E8C621
:10AC2000677588AE687589AE69758AAE6A75ACB7A6
:10AC30006B758BAE6C758CAE6D758DAE6E758EAEA4
:10AC40006F758FAE707590AE717591AE7275B4EE12
:10AC5000737592AE7475EBB3757593AE767594AEED
:10AC6000777595AE7875FBBB7975B5EE7A7596AE4E
:10AC70007B7597AE7C7598AE7D7599AE7E759AAEF4
:10AC80007F75DCE780759BAE81759CAE82759DAE4D
:10AC90008375B6EE84759EAE85759FAE8675AEBD26
:10ACA0008775A0AE887540AF897541AF8A7542AF90
:10ACB0008B75E2F18C7543AF8D7544AF8E7545AFE2
:10ACC0008F75E8CA907546AF9175C9D29275DAF062
:10ACD000937547AF9475DBF0957548AF9675DCF0CA
:10ACE0009775C6C1987549AF9975EDB89A75CEBE7E
:10ACF0009B754AAF9C754BAF9D75DEF09E754CAF52
:10AD00009F75B1C5A075DDF0A175F1D1A2754DAFEC
:10AD1000A375E0F0A475CCB0A575EABDA6754EAFDD
:10AD2000A7754FAFA87550AFA97551AFAA7552AFAF
:10AD3000AB75DFD2AC75DFF0AD7553AFAE75AFB4A8
:10AD4000AF75E8B7B075E6F0B175E5F0B275A3C6BA
:10AD5000B375E1F0B475E2F0B575C3B4B67554AF30
:10AD6000B77555AFB875E3F0B975EED5BA7556AF8E
:10AD7000BB7557AFBC75DBCCBD75D2BEBE75B2BC62
:10AD8000BF7558AFC07559AFC1755AAFC275E8F0FD
:10AD9000C375E7F0C475E4F0C575A1B2C6755BAFC5
:10ADA000C775A2D6C875B8D3C975B7BECA75ACC8C1
:10ADB000CB755CAFCC755DAFCD75EAF0CE755EAF8F
:10ADC000CF755FAFD07560AFD17561AFD275F7D178
:10ADD000D37562AFD475CCD6D575DBBAD675E9F02C
:10ADE000D77563AFD875BBB6D97564AFDA7565AF83
:10ADF000DB75B4CDDC7566AFDD7567AFDE75A6C6F5
:10AE0000DF7568AFE07569AFE1756AAFE275A1C142
:10AE1000E375EBF0E475EEF0E5756BAFE675EDF01C
:10AE2000E775F0F0E875ECF0E9756CAFEA75BEBB5C
:10AE3000EB75EFF0EC756DAFED756EAFEE756FAF56
:10AE4000EF7570AFF075B5CCF175F2F0F27571AFCA
:10AE5000F37572AFF475D5B3F57573AFF67574AF5E
:10AE6000F77575AFF87576AFF975D4B1FA7577AF38
:10AE7000FB7578AFFC75F3F0FD7579AFFE757AAFB1
:10AE8000FF75F4F00076F6F00176E1B402767BAF60
:10AE90000376F1F004767CAF0576F7F006767DAFA9
:10AEA00007767EAF087680AF097681AF0A76FAF032
:10AEB0000B7682AF0C76F8F00D7683AF0E7684AF0A
:10AEC0000F7685AF1076F5F0117686AF127687AFE4
:10AED000137688AF147689AF1576FDF016768AAFB3
:10AEE0001776F9F01876FCF01976FEF01A768BAF2B
:10AEF0001B76A1F11C768CAF1D768DAF1E768EAFC2
:10AF00001F76C1CE2076A4F121768FAF2276A3F1F1
:10AF1000237690AF2476F6C12576FBF02676DDCA3F
:10AF2000277691AF287692AF2976F1B42A76F1B1DF
:10AF30002B76B1CC2C7693AF2D76A6F12E7694AFEE
:10AF40002F7695AF3076A7F1317696AF327697AF00
:10AF50003376ACF13476CED53576A9F1367698AF26
:10AF6000377699AF3876B3C839769AAF3A769BAFD1
:10AF70003B769CAF3C76A2F13D769DAF3E76ABF141
:10AF80003F76A8F14076A5F141769EAF42769FAF1D
:10AF90004376AAF14476A0AF457640B0467641B0FC
:10AFA000477642B0487643B0497644B04A7645B0D9
:10AFB0004B7646B04C76A9B04D76ADF14E7647B0A3
:10AFC0004F7648B0507649B051764AB052764BB081
:10AFD00053764CB05476AFF155764DB05676B1F10C
:10AFE00057764EB058764FB0597650B05A7651B029
:10AFF0005B7652B05C76B0F15D7653B05E76AEF1C2
:10B000005F7654B0607655B0617656B0627657B0D0
:10B010006376A2D1647658B0657659B066765AB038
:10B0200067765BB068765CB069765DB06A765EB074
:10B030006B76B2F16C765FB06D7660B06E7661B0B3
:10B040006F76B3F1707662B0717663B0727664B089
:10B05000737665B0747666B0757667B0767668B0EC
:10B06000777669B07876EFB979766AB07A766BB030
:10B070007B76C7B57C766CB07D76D7B07E76D9B05E
:10B080007F766DB080766EB081766FB08276EDD4CB
:10B09000837670B08476C4B5857671B08676D4BD7B
:10B0A0008776CABB8876A7F0897672B08A7673B045
:10B0B0008B76DEB88C7674B08D7675B08E76A8F00F
:10B0C0008F7676B0907677B09176A8B0927678B099
:10B0D0009376A9F0947679B095767AB09676EECD9F
:10B0E00097767BB098767CB09976AAF09A767DB008
:10B0F0009B767EB09C7680B09D7681B09E7682B045
:10B100009F7683B0A07684B0A17685B0A27686B013
:10B11000A37687B0A476ABF0A57688B0A67689B082
:10B12000A7768AB0A8768BB0A9768CB0AA768DB0B7
:10B13000AB768EB0AC768FB0AD7690B0AE76A4C65E
:10B14000AF7691B0B07692B0B176E5D6B276E4F152
:10B15000B37693B0B476E5F1B57694B0B67695B0A3
:10B16000B77696B0B87697B0B97698B0BA7699B007
:10B17000BB769AB0BC769BB0BD769CB0BE769DB0D7
:10B18000BF76F3C3C0769EB0C1769FB0C276DBD3E4
:10B19000C376A0B0C47640B1C576D1D6C676E8C530
:10B1A000C77641B1C876AFD3C97642B1CA76E6D286
:10B1B000CB7643B1CC7644B1CD76C1EECE76BBB082
:10B1C000CF76B5D5D076CED1D176E0BCD276D0BA16
:10B1D000D37645B1D476F8BFD57646B1D676C7B822
:10B1E000D776C1B5D876CCC5D97647B1DA7648B12D
:10B1F000DB76A2CADC7649B1DD764AB1DE764BB1A8
:10B20000DF76CBC3E0764CB1E1764DB1E2764EB15C
:10B21000E3764FB1E47650B1E576C2EEE67651B111
:10B22000E77652B1E87653B1E97654B1EA7655B192
:10B23000EB7656B1EC7657B1ED7658B1EE76BFC4E9
:10B24000EF76A2B6F07659B1F176ECEDF276A4C3C2
:10B25000F3765AB1F476B1D6F5765BB1F6765CB199
:10B26000F7765DB1F876E0CFF976EFEDFA765EB17C
:10B27000FB765FB1FC76CEC5FD7660B1FE76DCB6BE
:10B28000FF7661B1007762B10177A1CA027763B13D
:10B29000037764B10477EDED057765B1067766B1A4
:10B2A0000777F0ED0877F1ED0977BCC30A7767B14E
:10B2B0000B77B4BF0C7768B10D77EEED0E7769B1FF
:10B2C0000F776AB110776BB111776CB112776DB1EE
:10B2D00013776EB114776FB1157770B1167771B1BE
:10B2E000177772B1187773B11977F4ED1A77F2ED19
:10B2F0001B7774B11C7775B11D7776B11E7777B166
:10B300001F77E6D52077DFC3217778B12277F3ED79
:10B31000237779B124777AB125777BB12677F6ED5B
:10B3200027777CB12877A3D52977A3D12A777DB158
:10B330002B777EB12C7780B12D77F5ED2E7781B10B
:10B340002F77D0C3307782B1317783B1327784B130
:10B35000337785B1347786B13577F7ED3677F4BF3B
:10B360003777ECBE3877F8ED397787B13A77F7CC95
:10B370003B7788B13C77DBD13D7789B13E778AB1A5
:10B380003F778BB14077C5D74177F6D542778CB1FF
:10B390004377FCED44778DB145778EB146778FB119
:10B3A0004777FBED487790B1497791B14A7792B1F1
:10B3B0004B7793B14C7794B14D7795B14E7796B169
:10B3C0004F7797B15077F9ED5177FAED527798B101
:10B3D000537799B154779AB155779BB156779CB111
:10B3E00057779DB158779EB159779FB15A77FDED48
:10B3F0005B77A6BE5C77A0B15D7740B25E7741B265
:10B400005F7742B2607743B26177AFCB6277A1EEEC
:10B410006377BDB6647744B26577A2EE6677C0C441
:10B42000677745B26877FEED697746B26A7747B2CB
:10B430006B77DEBD6C77C7B26D7748B26E7749B275
:10B440006F774AB270774BB271774CB272774DB268
:10B4500073774EB274774FB2757750B2767751B238
:10B46000777752B2787753B27977C3B67A7754B296
:10B470007B7755B27C7756B27D77A5EE7E77BAD8CA
:10B480007F77A3EE8077A6EE817757B2827758B2A6
:10B49000837759B28477E9C38577F2B386775AB256
:10B4A00087775BB288775CB289775DB28A775EB264
:10B4B0008B775FB28C77A7EE8D77A4EE8E77B9CFBE
:10B4C0008F7760B2907761B29177A8EE9277F7C2EA
:10B4D000937762B2947763B2957764B2967765B2E8
:10B4E000977766B2987767B2997768B29A7769B2B8
:10B4F0009B776AB29C776BB29D776CB29E776DB288
:10B500009F77A9EEA077AAEEA1776EB2A277ABDE05
:10B51000A3776FB2A47770B2A577B3C6A67771B2DE
:10B52000A777C6C7A87772B2A977F5D6AA77C9B5A3
:10B53000AB7773B2AC77B2CBAD7774B2AE7775B28E
:10B54000AF7776B2B077ABEEB17777B2B27778B249
:10B55000B377ABCDB47779B2B577ACEEB6777AB2D4
:10B56000B7777BB2B8777CB2B9777DB2BA777EB263
:10B57000BB77B0D5BC7780B2BD77ADEEBE7781B278
:10B58000BF77C4F6C07782B2C17783B2C27784B284
:10B59000C37785B2C47786B2C57787B2C67788B2DB
:10B5A000C77789B2C8778AB2C9778BB2CA778CB2AB
:10B5B000CB778DB2CC778EB2CD77C7DBCE778FB21B
:10B5C000CF7790B2D07791B2D17792B2D27793B24F
:10B5D000D37794B2D47795B2D57796B2D67797B21F
:10B5E000D777A3B4D87798B2D97799B2DA779AB2E5
:10B5F000DB77ACC3DC77E6F1DD779BB2DE779CB21C
:10B60000DF779DB2E0779EB2E1779FB2E277B8CA6A
:10B61000E377D3D2E477A0B2E577AAD6E67740B352
:10B62000E777F2EFE87741B3E977D8BEEA7742B33C
:10B63000EB77C3BDEC77F3EFED77CCB6EE77ABB03D
:10B64000EF7743B3F07744B3F17745B3F27746B37E
:10B65000F377AFCAF47747B3F57748B3F677B6ED2B
:10B66000F77749B3F877B7EDF9774AB3FA774BB381
:10B67000FB774CB3FC774DB3FD77F9CEFE77AFB7D0
:10B68000FF77F3BF0078B8ED0178EBC20278B0C95C
:10B6900003784EB304784FB3057850B3067851B3AE
:10B6A000077852B3087853B30978B9ED0A7854B3E0
:10B6B0000B7855B30C78F6C60D78B3BF0E7856B339
:10B6C0000F7857B3107858B31178BCED1278F8C5DD
:10B6D000137859B31478D0D115785AB31678A9D7FE
:10B6E0001778BAED1878BBED19785BB31A78E2D108
:10B6F0001B785CB31C78BFED1D78C0ED1E785DB380
:10B700001F78C4ED20785EB321785FB3227860B3F0
:10B710002378C8ED247861B32578C6ED2678CEED80
:10B720002778E8D5287862B32978C9ED2A7863B3F9
:10B730002B7864B32C78C7ED2D78BEED2E7865B3E9
:10B740002F7866B33078E9C5317867B3327868B35B
:10B75000337869B33478C6C635786AB336786BB354
:10B760003778E9C93878D2D43978C1ED3A78C2ED62
:10B770003B78C3ED3C78C5ED3D786CB33E78F9C0BD
:10B780003F786DB34078A1B441786EB342786FB31F
:10B79000437870B3447871B34578E8B9467872B3AA
:10B7A0004778D0ED487873B3497874B34A7875B365
:10B7B0004B7876B34C78D1ED4D7877B34E78CAEDAF
:10B7C0004F7878B35078CFED517879B35278F8CE7E
:10B7D00053787AB354787BB35578B6CB5678CCEDA2
:10B7E0005778CDED58787CB359787DB35A787EB3CD
:10B7F0005B7880B35C7881B35D78F5CF5E7882B397
:10B800005F7883B3607884B3617885B3627886B3F8
:10B81000637887B3647888B3657889B366788AB3C8
:10B8200067788BB368788CB369788DB36A78D2ED1A
:10B830006B78F2C16C78B2D36D78CBED6E78B7C807
:10B840006F788EB370788FB3717890B3727891B34C
:10B85000737892B3747893B3757894B3767895B31C
:10B860007778EFBC787896B3797897B37A7898B38D
:10B870007B7899B37C78F0C57D789AB37E789BB35A
:10B880007F789CB380789DB381789EB382789FB394
:10B890008378A0B3847840B4857841B4867842B484
:10B8A0008778D6ED887843B48978EFB58A7844B440
:10B8B0008B7845B48C78B5C28D78ADB08E78E9CBF5
:10B8C0008F7846B4907847B49178AEB1927848B406
:10B8D0009378D4ED947849B495784AB496784BB47B
:10B8E0009778EBCD9878E2B599784CB49A78D5ED05
:10B8F0009B78D3ED9C78D7ED9D784DB49E784EB46F
:10B900009F78FAB5A0784FB4A178D8EDA27850B45A
:10B91000A378D9EDA47851B4A578DCEDA67852B41B
:10B92000A778CCB1A87853B4A97854B4AA7855B400
:10B93000AB7856B4AC7857B4AD7858B4AE7859B447
:10B94000AF785AB4B078F6C5B178EEBCB278DAED1B
:10B95000B378BCCCB478EAB2B5785BB4B6785CB4F2
:10B96000B7785DB4B8785EB4B978DBEDBA785FB417
:10B97000BB7860B4BC7861B4BD7862B4BE78EBC407
:10B98000BF7863B4C07864B4C178C5B4C27865B414
:10B99000C37866B4C47867B4C578F5B0C67868B4BF
:10B9A000C77869B4C8786AB4C978DFEDCA78DAC0F4
:10B9B000CB78E8B4CC786BB4CD786CB4CE786DB479
:10B9C000CF786EB4D078CDC5D1786FB4D27870B45A
:10B9D000D37871B4D478DDEDD578C4BFD67872B49D
:10B9E000D77873B4D87874B4D978DEEDDA7875B4D2
:10B9F000DB7876B4DC7877B4DD7878B4DE7879B447
:10BA0000DF787AB4E0787BB4E1787CB4E2787DB416
:10BA1000E3787EB4E47880B4E57881B4E67882B4E3
:10BA2000E77883B4E878A5C4E97884B4EA7885B483
:10BA3000EB7886B4EC78E0EDED7887B4EE7888B4F6
:10BA4000EF7889B4F0788AB4F1788BB4F278E1EDCC
:10BA5000F3788CB4F478E3EDF5788DB4F6788EB4A1
:10BA6000F778D7C1F8788FB4F97890B4FA78C7BB73
:10BA7000FB7891B4FC7892B4FD7893B4FE7894B4DA
:10BA8000FF7895B4007996B40179B8BD027997B47E
:10BA9000037998B4047999B40579E2ED06799AB4FA
:10BAA00007799BB408799CB409799DB40A799EB44E
:10BAB0000B799FB40C79A0B40D7940B50E7941B5DE
:10BAC0000F7942B5107943B5117944B5127945B56E
:10BAD0001379E4ED147946B5157947B5167948B56B
:10BAE000177949B518794AB519794BB51A794CB512
:10BAF0001B794DB51C794EB51D794FB51E79E6ED14
:10BB00001F7950B5207951B5217952B5227953B5B5
:10BB1000237954B52479E5ED257955B5267956B5BF
:10BB2000277957B5287958B5297959B52A795AB559
:10BB30002B795BB52C795CB52D795DB52E795EB529
:10BB40002F795FB5307960B5317961B5327962B5F9
:10BB5000337963B53479E7ED357964B5367965B510
:10BB6000377966B5387967B5397968B53A79BECA33
:10BB70003B79EAEC3C79F1C03D7969B53E79E7C99A
:10BB80003F796AB54079EBEC4179EEC642796BB505
:10BB900043796CB544796DB545796EB54679ECEC71
:10BBA00047796FB54879EDC64979EDEC4A7970B5BA
:10BBB0004B7971B54C7972B54D7973B54E7974B5D1
:10BBC0004F7975B5507976B5517977B5527978B5A1
:10BBD0005379F0EC547979B555797AB55679E6D739
:10BBE0005779F3EC58797BB559797CB55A79F1ECF2
:10BBF0005B79EEEC5C79EFEC5D79A3D75E79F1C906
:10BC00005F79EECB6079F4EC61797DB56279F2EC25
:10BC100063797EB5647980B56579E9CF667981B558
:10BC20006779F6EC6879B1C6697982B56A7983B5C6
:10BC30006B7984B56C7985B56D79C0BC6E7986B544
:10BC40006F79F5EC707987B5717988B5727989B5B6
:10BC500073798AB574798BB575798CB576798DB52C
:10BC60007779BBB57879F6BB79798EB57A79F7ECC7
:10BC70007B798FB57C7990B57D7991B57E7992B5D8
:10BC80007F7993B58079F7D98179FBBD827994B5B5
:10BC9000837995B58479BBC28579F8EC867996B5B8
:10BCA000877997B5887998B5897999B58A79F9ECC2
:10BCB0008B799AB58C799BB58D799CB58E799DB52C
:10BCC0008F79A3B890799EB591799FB59279A0B5F7
:10BCD000937940B6947941B6957942B6967943B650
:10BCE000977944B6987945B6997946B69A79FAEC37
:10BCF0009B7947B69C7948B69D7949B69E794AB6F4
:10BD00009F794BB6A0794CB6A1794DB6A2794EB6C3
:10BD1000A3794FB6A47950B6A57951B6A67952B693
:10BD2000A779FBECA87953B6A97954B6AA7955B688
:10BD3000AB7956B6AC7957B6AD7958B6AE7959B637
:10BD4000AF795AB6B0795BB6B1795CB6B2795DB607
:10BD5000B379FCECB4795EB6B5795FB6B67960B606
:10BD6000B77961B6B87962B6B979EDD3BA79AED898
:10BD7000BB79EBC0BC7963B6BD79DDC7BE79CCBAFF
:10BD8000BF7964B6C079E3D0C179BDCBC27965B65D
:10BD9000C379BACDC47966B6C57967B6C679D1B864
:10BDA000C77968B6C87969B6C979FCB1CA796AB683
:10BDB000CB79EFC7CC796BB6CD79D6D6CE796CB6C8
:10BDC000CF796DB6D0796EB6D179C6BFD279EBC3D3
:10BDD000D3796FB6D47970B6D579F5EFD67971B6D7
:10BDE000D77972B6D879D8C3D97973B6DA7974B6F7
:10BDF000DB7975B6DC7976B6DD7977B6DE7978B63B
:10BE0000DF79E2D7E07979B6E1797AB6E2797BB683
:10BE1000E379F7EFE479D3B3E5797CB6E679D8C76F
:10BE2000E779EDD1E8797DB6E979C8D6EA797EB6C9
:10BE3000EB79F8EFEC7980B6ED79F6EFEE7981B633
:10BE4000EF79FDBBF079C6B3F17982B6F27983B6AA
:10BE5000F37984B6F47985B6F57986B6F67987B63E
:10BE6000F77988B6F879D5BDF97989B6FA798AB6BD
:10BE7000FB79C6D2FC798BB6FD79E0BBFE798CB636
:10BE8000FF798DB6007AA1CF017A8EB6027AFCEFE7
:10BE9000037AFBEF047A8FB6057A90B6067AF9EF4B
:10BEA000077A91B6087A92B6097A93B60A7A94B666
:10BEB0000B7ACCB30C7A95B60D7AD4C90E7AB0CB86
:10BEC0000F7A96B6107A97B6117A98B6127A99B612
:10BED000137A9AB6147AFEEF157A9BB6167A9CB648
:10BEE000177ADEB0187A9DB6197A9EB61A7AC9D634
:10BEF0001B7A9FB61C7AA0B61D7A40B71E7AFDEF5A
:10BF00001F7A41B7207AEDB3217A42B7227A43B73C
:10BF1000237AD5F6247A44B7257A45B7267A46B7E8
:10BF2000277A47B7287A48B7297A49B72A7A4AB789
:10BF30002B7A4BB72C7A4CB72D7A4DB72E7A4EB759
:10BF40002F7A4FB7307A50B7317A51B7327A52B729
:10BF5000337AC8CE347A53B7357A54B7367A55B770
:10BF6000377AA2F0387A56B7397AA1F03A7A57B7C9
:10BF70003B7ABEB53C7ADABC3D7AFCBB3E7A58B718
:10BF80003F7AE5B8407A59B7417A5AB7427A5BB7F7
:10BF9000437A5CB7447A5DB7457A5EB7467AC2C4E5
:10BFA000477A5FB7487A60B7497A61B74A7A62B729
:10BFB0004B7A63B74C7A64B74D7A65B74E7A66B7F9
:10BFC0004F7A67B7507A68B7517AA3F0527A69B757
:10BFD000537A6AB7547A6BB7557A6CB7567A6DB79D
:10BFE000577AEBCB587A6EB7597A6FB75A7A70B7DF
:10BFF0005B7A71B75C7A72B75D7A73B75E7A74B741
:10C000005F7A75B7607A76B7617A77B7627A78B710
:10C01000637A79B7647A7AB7657A7BB7667A7CB7E0
:10C02000677A7DB7687A7EB7697A80B76A7A81B7AE
:10C030006B7A82B76C7A83B76D7A84B76E7A85B77C
:10C040006F7A86B7707AA6F0717A87B7727A88B7F6
:10C05000737A89B7747AA8D1757A8AB7767ABFBEAF
:10C06000777AEEC7787AB6F1797AB7F17A7AD5BF6E
:10C070007B7A8BB77C7A8CB77D7A8DB77E7A8EB7D8
:10C080007F7AA9B4807AB8F1817ABBCD827A8FB7F2
:10C09000837AD4C7847AADD5857A90B7867AB9F198
:10C0A000877A91B7887ABAF1897A92B78A7A93B700
:10C0B0008B7A94B78C7A95B78D7ACFC78E7A96B7EC
:10C0C0008F7A97B7907A98B7917AA4D2927ACFD68E
:10C0D000937A99B7947A9AB7957ABBF1967AD1BD4B
:10C0E000977AB0B4987ABDBE997A9BB79A7A9CB782
:10C0F0009B7A9DB79C7ADCB49D7AD1CE9E7A9EB70E
:10C100009F7ADFBFA07ABDF1A17A9FB7A27AA0B7CC
:10C11000A37A40B8A47A41B8A57AFABFA67ABCF14E
:10C12000A77A42B8A87ABFF1A97A43B8AA7A44B8E4
:10C13000AB7A45B8AC7ABEF1AD7AC0F1AE7A46B80A
:10C14000AF7A47B8B07A48B8B17A49B8B27A4AB843
:10C15000B37AC1F1B47A4BB8B57A4CB8B67A4DB867
:10C16000B77A4EB8B87A4FB8B97A50B8BA7A51B8E7
:10C17000BB7A52B8BC7A53B8BD7A54B8BE7A55B8B7
:10C18000BF7AFEC1C07A56B8C17A57B8C27A58B8D9
:10C19000C37A59B8C47A5AB8C57A5BB8C67A5CB85B
:10C1A000C77A5DB8C87A5EB8C97A5FB8CA7A60B82B
:10C1B000CB7AA2C1CC7A61B8CD7A62B8CE7A63B8B4
:10C1C000CF7A64B8D07A65B8D17A66B8D27A67B8CF
:10C1D000D37A68B8D47A69B8D57A6AB8D67AFACAFE
:10C1E000D77A6BB8D87A6CB8D97ABED5DA7A6DB806
:10C1F000DB7A6EB8DC7A6FB8DD7A70B8DE7ABABEF8
:10C20000DF7AB9BEE07AC2D5E17A71B8E27A72B863
:10C21000E37AA2BFE47A73B8E57AAFCDE67AB5F1F6
:10C22000E77A74B8E87A75B8E97A76B8EA7A77B8CE
:10C23000EB7A78B8EC7A79B8ED7ADFBDEE7A7AB835
:10C24000EF7ACBB6F07A7BB8F17A7CB8F27A7DB827
:10C25000F37A7EB8F47A80B8F57A81B8F67A82B843
:10C26000F77A83B8F87A84B8F97AF1D6FA7AC3F310
:10C27000FB7A85B8FC7A86B8FD7AC4F3FE7A87B873
:10C28000FF7ACDB8007B88B8017B89B8027B8AB879
:10C29000037BC6F3047BC7F3057B8BB8067BCAB070
:10C2A000077B8CB8087BC5F3097B8DB80A7BC9F383
:10C2B0000B7BF1CB0C7B8EB80D7B8FB80E7B90B8CF
:10C2C0000F7BCBF3107B91B8117BA6D0127B92B879
:10C2D000137B93B8147BCAB1157BC8F3167B94B853
:10C2E000177B95B8187B96B8197BCFF31A7B97B854
:10C2F0001B7BD1B51C7B98B81D7B99B81E7BD7F3EF
:10C300001F7B9AB8207BD2F3217B9BB8227B9CB801
:10C31000237B9DB8247BD4F3257BD3F3267BFBB70B
:10C32000277B9EB8287BBFB1297B9FB82A7BCEF3A1
:10C330002B7BCAF32C7BDAB52D7BA0B82E7BD0F3F8
:10C340002F7B40B9307B41B9317BD1F3327B42B98D
:10C35000337BD5F3347B43B9357B44B9367B45B960
:10C36000377B46B9387BCDF3397B47B93A7BE3BCA1
:10C370003B7B48B93C7BFDC13D7B49B93E7BD6F355
:10C380003F7B4AB9407B4BB9417B4CB9427B4DB9AD
:10C39000437B4EB9447B4FB9457BDAF3467B50B9BA
:10C3A000477BCCF3487B51B9497BC8B54A7B52B92E
:10C3B0004B7BEEBD4C7BDCF34D7B53B94E7B54B9CC
:10C3C0004F7BA4B7507BF0BF517BFED6527BB2CDE2
:10C3D000537B55B9547BF0B4557B56B9567BDFB2CD
:10C3E000577B57B9587BD8F3597B58B95A7BD9F347
:10C3F0005B7BB8C95C7B59B95D7BDDF35E7B5AB969
:10C400005F7B5BB9607BDEF3617B5CB9627BE1F3F0
:10C41000637B5DB9647B5EB9657B5FB9667B60B940
:10C42000677B61B9687B62B9697B63B96A7B64B910
:10C430006B7B65B96C7B66B96D7B67B96E7BDFF32F
:10C440006F7B68B9707B69B9717BE3F3727BE2F350
:10C45000737B6AB9747B6BB9757BDBF3767B6CB9E4
:10C46000777BEABF787B6DB9797BEFB37A7B6EB966
:10C470007B7BE0F37C7B6FB97D7B70B97E7BA9C74A
:10C480007F7B71B9807BF2BC817B72B9827B73B98F
:10C49000837B74B9847B75B9857BEBF3867B76B936
:10C4A000877B77B9887B78B9897B79B98A7B7AB9B8
:10C4B0008B7B7BB98C7B7CB98D7BBFB98E7B7DB947
:10C4C0008F7B7EB9907BE4F3917B80B9927B81B9BD
:10C4D000937B82B9947BADB2957BFEBB967B83B98F
:10C4E000977BE3CB987B84B9997B85B99A7B86B996
:10C4F0009B7B87B99C7BEDF39D7BE9F39E7B88B9A1
:10C500009F7B89B9A07B8AB9A17BDCB9A27BEEF3C2
:10C51000A37B8BB9A47B8CB9A57B8DB9A67BE5F3F6
:10C52000A77BE6F3A87BEAF3A97BE1C2AA7BECF345
:10C53000AB7BEFF3AC7BE8F3AD7BFDBCAE7B8EB9A0
:10C54000AF7B8FB9B07B90B9B17BE4CFB27B91B9AF
:10C55000B37B92B9B47BF0F3B57B93B9B67B94B956
:10C56000B77B95B9B87BE7F3B97B96B9BA7B97B936
:10C57000BB7B98B9BC7B99B9BD7B9AB9BE7B9BB993
:10C58000BF7B9CB9C07B9DB9C17BF2F3C27B9EB9D6
:10C59000C37B9FB9C47BA0B9C57B40BAC67BADD76E
:10C5A000C77BAAC6C87B41BAC97B42BACA7B43BA19
:10C5B000CB7B44BACC7BF3F3CD7B45BACE7B46BA7A
:10C5C000CF7B47BAD07B48BAD17BF1F3D27B49BA53
:10C5D000D37BA8C2D47B4ABAD57B4BBAD67B4CBAA4
:10C5E000D77B4DBAD87B4EBAD97BDDB8DA7BF5F371
:10C5F000DB7B4FBADC7B50BADD7BF4F3DE7B51BAD8
:10C60000DF7B52BAE07B53BAE17BDBB4E27B54BA06
:10C61000E37B55BAE47B56BAE57BF6F3E67BF7F3AA
:10C62000E77B57BAE87B58BAE97B59BAEA7BF8F35B
:10C63000EB7B5ABAEC7B5BBAED7B5CBAEE7BBAC0A3
:10C64000EF7B5DBAF07B5EBAF17BE9C0F27B5FBA4B
:10C65000F37B60BAF47B61BAF57B62BAF67B63BAAE
:10C66000F77BF1C5F87B64BAF97B65BAFA7B66BAE9
:10C67000FB7B67BAFC7BFBF3FD7B68BAFE7BFAF3BE
:10C68000FF7B69BA007C6ABA017C6BBA027C6CBA27
:10C69000037C6DBA047C6EBA057C6FBA067C70BAF6
:10C6A000077CD8B4087C71BA097C72BA0A7C73BA68
:10C6B0000B7CFEF30C7CF9F30D7C74BA0E7C75BA1E
:10C6C0000F7CFCF3107C76BA117C77BA127C78BAB6
:10C6D000137C79BA147C7ABA157C7BBA167CFDF38C
:10C6E000177C7CBA187C7DBA197C7EBA1A7C80BA19
:10C6F0001B7C81BA1C7C82BA1D7C83BA1E7C84BAE6
:10C700001F7CA1F4207C85BA217C86BA227C87BA62
:10C71000237C88BA247C89BA257C8ABA267CA3F437
:10C72000277CC9BB287C8BBA297C8CBA2A7CA2F4D2
:10C730002B7C8DBA2C7C8EBA2D7C8FBA2E7C90BA35
:10C740002F7C91BA307C92BA317C93BA327C94BA05
:10C75000337C95BA347C96BA357C97BA367C98BAD5
:10C76000377C99BA387CA4F4397C9ABA3A7C9BBA63
:10C770003B7C9CBA3C7C9DBA3D7C9EBA3E7C9FBA79
:10C780003F7CBEB2407CA6F4417CA5F4427CA0BABA
:10C79000437C40BB447C41BB457C42BB467C43BBA5
:10C7A000477C44BB487C45BB497C46BB4A7C47BB75
:10C7B0004B7C48BB4C7C49BB4D7CAEBC4E7C4ABBE1
:10C7C0004F7C4BBB507C4CBB517C4DBB527C4EBB19
:10C7D000537C4FBB547C50BB557C51BB567C52BBE9
:10C7E000577C53BB587C54BB597C55BB5A7C56BBB9
:10C7F0005B7C57BB5C7C58BB5D7C59BB5E7C5ABB89
:10C800005F7C5BBB607C5CBB617C5DBB627C5EBB58
:10C81000637C5FBB647C60BB657C61BB667C62BB28
:10C82000677C63BB687C64BB697C65BB6A7C66BBF8
:10C830006B7C67BB6C7C68BB6D7C69BB6E7C6ABBC8
:10C840006F7C6BBB707C6CBB717C6DBB727C6EBB98
:10C85000737CD7C3747CE1D9757C6FBB767C70BB6D
:10C86000777C71BB787C72BB797C73BB7A7C74BB40
:10C870007B7CE0C07C7CCCF47D7CD1D77E7C75BB9E
:10C880007F7C76BB807C77BB817C78BB827C79BBEC
:10C89000837C7ABB847C7BBB857C7CBB867C7DBBBC
:10C8A000877C7EBB887C80BB897CDBB78A7C81BB34
:10C8B0008B7C82BB8C7C83BB8D7C84BB8E7C85BB5C
:10C8C0008F7C86BB907C87BB917CCEF4927CA3C18D
:10C8D000937C88BB947C89BB957CC9C6967C8ABBBB
:10C8E000977CD6B4987CB3D5997C8BBB9A7C8CBB57
:10C8F0009B7C8DBB9C7CD0F49D7CCFF49E7CD1F442
:10C900009F7CDACBA07C8EBBA17C8FBBA27CD2F4B7
:10C91000A37C90BBA47CC1D4A57CE0D6A67C91BBB3
:10C92000A77C92BBA87C93BBA97C94BBAA7CE0B7F4
:10C93000AB7C95BBAC7C96BBAD7C97BBAE7CB8C1E9
:10C94000AF7C98BBB07C99BBB17CBBC1B27CD3F44B
:10C95000B37CACBEB47C9ABBB57C9BBBB67C9CBBA9
:10C96000B77C9DBBB87C9EBBB97CE2B4BA7C9FBB54
:10C97000BB7CA0BBBC7CD4F4BD7CD5F4BE7CABBE80
:10C98000BF7C40BCC07C41BCC17CD6F4C27C42BCF4
:10C99000C37C43BCC47C44BCC57CDBF4C67C45BCC6
:10C9A000C77CD7F4C87CDAF4C97C46BCCA7CFDBA23
:10C9B000CB7C47BCCC7CD8F4CD7CD9F4CE7C48BCB5
:10C9C000CF7C49BCD07C4ABCD17C4BBCD27C4CBC1B
:10C9D000D37C4DBCD47C4EBCD57CE2B8D67CC7CCD5
:10C9E000D77CDCF4D87C4FBCD97CDAB2DA7C50BC82
:10C9F000DB7C51BCDC7CD3C3DD7C52BCDE7C53BC15
:10CA0000DF7CE3D4E07CB7BFE17C54BCE27C55BC66
:10CA1000E37C56BCE47C57BCE57C58BCE67C59BC46
:10CA2000E77C5ABCE87CDDF4E97C5BBCEA7C5CBC5E
:10CA3000EB7C5DBCEC7C5EBCED7C5FBCEE7C60BCEA
:10CA4000EF7CB4C5F07C61BCF17C62BCF27C63BC61
:10CA5000F37C64BCF47C65BCF57C66BCF67C67BC8E
:10CA6000F77C68BCF87CE9F4F97C69BCFA7C6ABCA8
:10CA7000FB7CB5CFFC7C6BBCFD7C6CBCFE7C6DBCD8
:10CA8000FF7C6EBC007D6FBC017D70BC027D71BC03
:10CA9000037D72BC047D73BC057D74BC067D75BCD2
:10CAA000077D76BC087D77BC097D78BC0A7DC9CE40
:10CAB0000B7D79BC0C7D7ABC0D7D7BBC0E7D7CBC76
:10CAC0000F7D7DBC107D7EBC117D80BC127D81BC44
:10CAD000137D82BC147D83BC157D84BC167D85BC12
:10CAE000177D86BC187D87BC197D88BC1A7D89BCE2
:10CAF0001B7D8ABC1C7D8BBC1D7D8CBC1E7D8DBCB2
:10CB00001F7D8EBC207DD8CB217D8FBC227DF7CBB5
:10CB1000237D90BC247D91BC257D92BC267D93BC59
:10CB2000277DF4BD287D94BC297D95BC2A7D96BCCB
:10CB30002B7DCFD72C7D97BC2D7D98BC2E7D99BCAD
:10CB40002F7DDBC0307D9ABC317D9BBC327D9CBC8F
:10CB5000337D9DBC347D9EBC357D9FBC367DA0BCA5
:10CB6000377D40BD387D41BD397D42BD3A7D43BDF5
:10CB70003B7D44BD3C7D45BD3D7D46BD3E7D47BDC5
:10CB80003F7D48BD407D49BD417D4ABD427D4BBD95
:10CB9000437D4CBD447D4DBD457D4EBD467D4FBD65
:10CBA000477D50BD487D51BD497D52BD4A7D53BD35
:10CBB0004B7D54BD4C7D55BD4D7D56BD4E7D57BD05
:10CBC0004F7D58BD507D59BD517D5ABD527D5BBDD5
:10CBD000537D5CBD547D5DBD557D5EBD567D5FBDA5
:10CBE000577D60BD587D61BD597D62BD5A7D63BD75
:10CBF0005B7D64BD5C7D65BD5D7D66BD5E7D67BD45
:10CC00005F7D68BD607D69BD617D6ABD627D6BBD14
:10CC1000637D6CBD647D6DBD657D6EBD667D6FBDE4
:10CC2000677D70BD687D71BD697D72BD6A7D73BDB4
:10CC30006B7D74BD6C7D75BD6D7D76BD6E7DF5D0F3
:10CC40006F7D77BD707D78BD717D79BD727D7ABD58
:10CC5000737D7BBD747D7CBD757D7DBD767D7EBD28
:10CC6000777DEAF4787D80BD797D81BD7A7D82BD56
:10CC70007B7D83BD7C7D84BD7D7D85BD7E7D86BDC8
:10CC80007F7D87BD807D88BD817D89BD827D8ABD98
:10CC9000837D8BBD847D8CBD857D8DBD867D8EBD68
:10CCA000877D8FBD887D90BD897D91BD8A7D92BD38
:10CCB0008B7D93BD8C7D94BD8D7D95BD8E7D96BD08
:10CCC0008F7D97BD907D98BD917D99BD927D9ABDD8
:10CCD000937D9BBD947D9CBD957D9DBD967D9EBDA8
:10CCE000977D9FBD987DA0BD997D40BE9A7D41BE38
:10CCF0009B7D42BE9C7D43BE9D7D44BE9E7D45BEC8
:10CD00009F7D46BEA07D47BEA17D48BEA27D49BE97
:10CD1000A37D4ABEA47D4BBEA57D4CBEA67DEBF493
:10CD2000A77D4DBEA87D4EBEA97D4FBEAA7D50BE3B
:10CD3000AB7D51BEAC7D52BEAD7D53BEAE7DECF43D
:10CD4000AF7D54BEB07D55BEB17D56BEB27D57BEDF
:10CD5000B37D58BEB47D59BEB57D5ABEB67D5BBEAF
:10CD6000B77D5CBEB87D5DBEB97D5EBEBA7D5FBE7F
:10CD7000BB7D60BEBC7D61BEBD7D62BEBE7D63BE4F
:10CD8000BF7D64BEC07D65BEC17D66BEC27D67BE1F
:10CD9000C37D68BEC47D69BEC57D6ABEC67D6BBEEF
:10CDA000C77D6CBEC87D6DBEC97D6EBECA7D6FBEBF
:10CDB000CB7D70BECC7D71BECD7D72BECE7D73BE8F
:10CDC000CF7D74BED07D75BED17D76BED27D77BE5F
:10CDD000D37D78BED47D79BED57D7ABED67D7BBE2F
:10CDE000D77D7CBED87D7DBED97D7EBEDA7D80BEFE
:10CDF000DB7D81BEDC7D82BEDD7D83BEDE7D84BECB
:10CE0000DF7D85BEE07D86BEE17D87BEE27D88BE9A
:10CE1000E37D89BEE47D8ABEE57D8BBEE67D8CBE6A
:10CE2000E77D8DBEE87D8EBEE97D8FBEEA7D90BE3A
:10CE3000EB7D91BEEC7D92BEED7D93BEEE7D94BE0A
:10CE4000EF7D95BEF07D96BEF17D97BEF27D98BEDA
:10CE5000F37D99BEF47D9ABEF57D9BBEF67D9CBEAA
:10CE6000F77D9DBEF87D9EBEF97D9FBEFA7DA0BE7A
:10CE7000FB7D40BFFC7D41BFFD7D42BFFE7D43BFCA
:10CE8000FF7D44BF007E45BF017E46BF027E47BF97
:10CE9000037E48BF047E49BF057E4ABF067E4BBF66
:10CEA000077E4CBF087E4DBF097E4EBF0A7E4FBF36
:10CEB0000B7E50BF0C7E51BF0D7E52BF0E7E53BF06
:10CEC0000F7E54BF107E55BF117E56BF127E57BFD6
:10CED000137E58BF147E59BF157E5ABF167E5BBFA6
:10CEE000177E5CBF187E5DBF197E5EBF1A7E5FBF76
:10CEF0001B7E60BF1C7E61BF1D7E62BF1E7E63BF46
:10CF00001F7E64BF207E65BF217E66BF227E67BF15
:10CF1000237E68BF247E69BF257E6ABF267E6BBFE5
:10CF2000277E6CBF287E6DBF297E6EBF2A7E6FBFB5
:10CF30002B7E70BF2C7E71BF2D7E72BF2E7E73BF85
:10CF40002F7E74BF307E75BF317E76BF327E77BF55
:10CF5000337E78BF347E79BF357E7ABF367E7BBF25
:10CF6000377E7CBF387E7DBF397E7EBF3A7E80BFF4
:10CF70003B7EE3F73C7E81BF3D7E82BF3E7E83BF2A
:10CF80003F7E84BF407E85BF417EB1B7427E86BF73
:10CF9000437E87BF447E88BF457E89BF467E8ABF69
:10CFA000477EEDF4487E8BBF497E8CBF4A7E8DBFA5
:10CFB0004B7E8EBF4C7E8FBF4D7E90BF4E7E91BF0D
:10CFC0004F7E92BF507E93BF517E94BF527E95BFDD
:10CFD000537E96BF547E97BF557E98BF567E99BFAD
:10CFE000577E9ABF587E9BBF597E9CBF5A7E9DBF7D
:10CFF0005B7E9EBF5C7E9FBF5D7EA0BF5E7E40C0AD
:10D000005F7E41C0607E42C0617E43C0627E44C09C
:10D01000637E45C0647E46C0657E47C0667E48C06C
:10D02000677E49C0687E4AC0697E4BC06A7E4CC03C
:10D030006B7E4DC06C7E4EC06D7E4FC06E7E50C00C
:10D040006F7E51C0707E52C0717E53C0727E54C0DC
:10D05000737E55C0747E56C0757E57C0767E58C0AC
:10D06000777E59C0787E5AC0797E5BC07A7E5CC07C
:10D070007B7E5DC07C7E5EC07D7E5FC07E7E60C04C
:10D080007F7E61C0807E62C0817E63C0827EEBD77E
:10D09000837E64C0847E65C0857E66C0867E67C0F0
:10D0A000877E68C0887E69C0897E6AC08A7E6BC0C0
:10D0B0008B7E6CC08C7E6DC08D7E6EC08E7E6FC090
:10D0C0008F7E70C0907E71C0917E72C0927E73C060
:10D0D000937E74C0947E75C0957E76C0967E77C030
:10D0E000977E78C0987E79C0997E7AC09A7E7BC000
:10D0F0009B7EEEF49C7E7CC09D7E7DC09E7E7EC02D
:10D100009F7EF9E6A07EC0BEA17EFAE6A27EECBAC2
:10D11000A37EFBE6A47ECBCFA57EFCE6A67EBCD498
:10D12000A77EB6BCA87EFDE6A97EFEE6AA7ECDBCA3
:10D13000AB7ED2C8AC7EB3CEAD7EA1E7AE7E80C062
:10D14000AF7EBFB4B07EA2E7B17EB4C9B27ED9B81B
:10D15000B37EC9C4B47E81C0B57EDDD7B67EDAC2E7
:10D16000B77ED7B7B87EBDD6B97EC6CEBA7EC4B7B5
:10D17000BB7E82C0BC7E83C0BD7EA6C5BE7EA3E74B
:10D18000BF7EDFCFC07EA4E7C17EA5E7C27EA6E753
:10D19000C37EB7C1C47EE9D7C57EF0C9C67EB8CF0D
:10D1A000C77EAFD6C87ED5D6C97EA7E7CA7EEDB00A
:10D1B000CB7EA8E7CC7EA9E7CD7EDCC9CE7EEFD2C0
:10D1C000CF7EADBED07EAAE7D17EF3B0D27EDEC8E0
:10D1D000D37EE1BDD47EABE7D57EC6C8D67E84C003
:10D1E000D77EACE7D87EE6BBD97EF8B8DA7EA4D18C
:10D1F000DB7EADE7DC7EE7C2DD7EF8BEDE7ECABD4B
:10D20000DF7EB3CDE07EAEE7E17EAFE7E27EEEBE4D
:10D21000E37EE5D0E47E85C0E57EE7CBE67ED0CC3C
:10D22000E77ECCBCE87EB0E7E97EA8BCEA7EF7D01A
:10D23000EB7EB1E7EC7E86C0ED7EF8D0EE7EB2E705
:10D24000EF7EB3E7F07EC2B4F17EB4E7F27EB5E7DD
:10D25000F37EFEC9F47EACCEF57EE0C3F67EB7E782
:10D26000F77EC1B1F87EF1B3F97E87C0FA7EB8E7E8
:10D27000FB7EB9E7FC7EDBD7FD7EC0D5FE7EBAE73C
:10D28000FF7ECCC2007FBAD7017FBBE7027FBCE73D
:10D29000037FBDE7047FEABC057FE5C3067FC2C00C
:10D2A000077FBEE7087FBFE7097FA9BC0A7F88C068
:10D2B0000B7FC0E70C7FC1E70D7FB6E70E7FD0B6CE
:10D2C0000F7FC2E7107F89C0117FC3E7127FC4E7D9
:10D2D000137FBABB147FDEB5157FC6C2167FE0B1DF
:10D2E000177FC5E7187FB5D4197FC6E71A7FBFB887
:10D2F0001B7FC8E71C7FC7E71D7FECB71E7F8AC076
:10D300001F7FC9E7207FF8B2217FCAE7227FCBE7E2
:10D31000237FCCE7247FCDE7257FCEE7267FCFE7AD
:10D32000277FD0E7287FA7D3297FF5CB2A7FD1E7B6
:10D330002B7FD2E72C7FD3E72D7FD4E72E7FC9C97F
:10D340002F7FD5E7307FD6E7317FD7E7327FD8E729
:10D35000337FD9E7347FC9BD357FDAE7367FBEF347
:10D36000377F8BC0387FD7B8397F8CC03A7FB1C840
:10D370003B7F8DC03C7F8EC03D7F8FC03E7F90C085
:10D380003F7F91C0407F92C0417F93C0427FBFF3F7
:10D39000437F94C0447FC0F3457FC1F3467F95C06F
:10D3A000477F96C0487F97C0497F98C04A7F99C001
:10D3B0004B7F9AC04C7F9BC04D7F9CC04E7F9DC0D1
:10D3C0004F7F9EC0507FDEB9517FF8CD527F9FC006
:10D3D000537FA0C0547FE8D8557FB1BA567F40C173
:10D3E000577FDEC2587FB7EE597F41C15A7FA3B73E
:10D3F0005B7F42C15C7F43C15D7F44C15E7F45C1AD
:10D400005F7FB9EE607F46C1617FB8EE627FD5B0C5
:10D41000637F47C1647F48C1657F49C1667F4AC158
:10D42000677F4BC1687FBBEE697FD6D56A7FEFD738
:10D430006B7F4CC16C7F4DC16D7F4EC16E7FC3D67B
:10D440006F7F4FC1707F50C1717FBDEE727FF0CA98
:10D45000737F51C1747FBCEE757F52C1767F53C11B
:10D46000777F54C1787F55C1797FBEEE7A7F56C1F0
:10D470007B7F57C17C7F58C17D7F59C17E7FC0EEC5
:10D480007F7F5AC1807F5BC1817FBFEE827F5CC19D
:10D49000837F5DC1847F5EC1857F5FC1867F60C100
:10D4A000877F61C1887F62C1897F63C18A7FF2D132
:10D4B0008B7F64C18C7FBCC78D7F65C18E7FC0C3ED
:10D4C0008F7F66C1907F67C1917F68C1927F69C17C
:10D4D000937F6AC1947FE1B8957F6BC1967F6CC1E1
:10D4E000977F6DC1987F6EC1997F6FC19A7FE7C1A9
:10D4F0009B7F70C19C7F71C19D7FC6F49E7FDFD0F2
:10D500009F7FC7F4A07F72C1A17FDBCFA27F73C1D1
:10D51000A37F74C1A47FBAC8A57F75C1A67F76C159
:10D52000A77FC8F4A87F77C1A97F78C1AA7F79C1F6
:10D53000AB7F7AC1AC7F7BC1AD7F7CC1AE7F7DC14B
:10D54000AF7FC9F4B07FCAF4B17F7EC1B27FCBF4A4
:10D55000B37F80C1B47F81C1B57F82C1B67F83C1F3
:10D56000B77F84C1B87FFAD9B97FFEB8BA7F85C1C9
:10D57000BB7F86C1BC7FF1E5BD7FF0D3BE7F87C195
:10D58000BF7FE0F4C07F88C1C17FCCCEC27F89C19C
:10D59000C37F8AC1C47F8BC1C57FE1B3C67F8CC105
:10D5A000C77F8DC1C87F8EC1C97F8FC1CA7FB4F1CB
:10D5B000CB7F90C1CC7FEED2CD7F91C1CE7FE1F405
:10D5C000CF7F92C1D07F93C1D17F94C1D27F95C1CB
:10D5D000D37F96C1D47FE8CFD57FE2F4D67F97C1C1
:10D5E000D77F98C1D87FCCC7D97F99C1DA7F9AC13C
:10D5F000DB7F9BC1DC7F9CC1DD7F9DC1DE7F9EC147
:10D60000DF7FD4B5E07FE4B4E17FE4F4E27F9FC143
:10D61000E37FA0C1E47F40C2E57FE3F4E67FE5F469
:10D62000E77F41C2E87F42C2E97FE6F4EA7F43C276
:10D63000EB7F44C2EC7F45C2ED7F46C2EE7FE7F44C
:10D64000EF7F47C2F07FB2BAF17FBFB0F27F48C22E
:10D65000F37FE8F4F47F49C2F57F4AC2F67F4BC2FC
:10D66000F77F4CC2F87F4DC2F97F4EC2FA7F4FC29E
:10D67000FB7FADB7FC7FEDD2FD7F50C2FE7F51C274
:10D68000FF7F52C20080ABD20180CFC0028053C264
:10D690000380BCBF0480A3EB0580DFD50680C8EA09
:10D6A000078054C2088055C2098056C20A8057C2FA
:10D6B0000B80F3F10C80F8B60D80A3CB0E8058C21E
:10D6C0000F8059C21080CDC411805AC21280E7F178
:10D6D00013805BC21480E8F11580FBB81680E9F175
:10D6E0001780C4BA1880C5D41980D2B01A805CC221
:10D6F0001B805DC21C80EAF11D805EC21E805FC27D
:10D700001F8060C22080EBF1218061C22280ECF199
:10D71000238062C2248063C22580EDF12680EEF171
:10D720002780EFF12880F1F12980F0F12A80D5C51A
:10D730002B8064C22C8065C22D8066C22E8067C299
:10D740002F8068C2308069C23180F2F132806AC2B3
:10D750003380FAB634806BC23580F4F13680AED2B5
:10D760003780C7DE3880CACB39806CC23A806DC240
:10D770003B80DCB33C806EC23D80A2B53E806FC270
:10D780003F80A2B9408070C2418071C24280F4C41F
:10D790004380F5F1448072C2458073C24680F6F141
:10D7A000478074C2488075C2498076C24A80C4C12D
:10D7B0004B80FBC14C80B0D64D80F7F14E8077C2D4
:10D7C0004F8078C2508079C251807AC25280F8F17D
:10D7D00053807BC25480AAC155807CC256807DC2D2
:10D7E00057807EC25880B8C6598080C25A80DBBE3E
:10D7F0005B8081C25C8082C25D8083C25E8084C2A5
:10D800005F8085C2608086C2618087C2628088C274
:10D81000638089C264808AC265808BC266808CC244
:10D8200067808DC268808EC26980F9F16A80CFB44A
:10D830006B808FC26C8090C26D8091C26E8092C2EC
:10D840006F8093C2708094C27180FAF1728095C229
:10D85000738096C2748097C2758098C2768099C290
:10D8600077809AC278809BC279809CC27A809DC260
:10D870007B809EC27C809FC27D80A0C27E8040C390
:10D880007F80B2ED8080B1ED818041C3828042C350
:10D890008380E0CB8480DED2858043C38680C1CB89
:10D8A0008780D8D5888044C38980E2C88A8045C3F0
:10D8B0008B80DFC08C80A1BC8D8046C38E8047C327
:10D8C0008F8048C3908049C391804AC392804BC3E4
:10D8D0009380C1EB94804CC395804DC39680A4D0B7
:10D8E00097804EC39880E2D699804FC39A80C7B67E
:10D8F0009B80D8B89C80C0EB9D80CEB89E8050C3E2
:10D900009F80BFEBA080A6B3A180C9B9A280ABD68F
:10D91000A38051C3A480F4B7A580CAB7A68052C320
:10D92000A78053C3A88054C3A980E7BCAA80BEB710
:10D93000AB80C6EBAC8055C3AD80C7EBAE80B9B051
:10D94000AF80CFBFB08056C3B180C5EBB280FDD3EE
:10D95000B38057C3B480C8EBB58058C3B68059C3F1
:10D96000B780C9EBB8805AC3B9805BC3BA80CEB761
:10D97000BB805CC3BC80C2EBBD80C4EBBE80F6C97B
:10D98000BF80D7D6C080CDD5C180B2D0C280CFEB0A
:10D99000C380B8CEC480D0EBC5805DC3C680A8B5B7
:10D9A000C7805EC3C8805FC3C98060C3CA8061C3CB
:10D9B000CB8062C3CC80B3B1CD80D2EBCE80A5CC7E
:10D9C000CF8063C3D08064C3D18065C3D28066C377
:10D9D000D38067C3D48068C3D58069C3D680D6C5D9
:10D9E000D780D3EBD8806AC3D980D1EBDA80DFC58A
:10D9F000DB80CEEBDC80A4CADD80D5EBDE80FBB023
:10DA0000DF806BC3E0806CC3E180FABAE2806DC353
:10DA1000E3806EC3E480B7D8E580E3F1E6806FC3AE
:10DA2000E780CAEBE880CBEBE980CCEBEA80CDEB7A
:10DA3000EB80D6EBEC80C0E6ED80D9EBEE8070C3D6
:10DA4000EF80E8BFF080C8D2F180D7EBF280DCEB4A
:10DA5000F380ECB8F480D8EBF58071C3F680BABDE2
:10DA6000F78072C3F880D8D0F98073C3FA80B7B05A
:10DA7000FB8074C3FC80DDEBFD80DCC4FE8075C3DD
:10DA8000FF8076C3008177C3018178C30281ACD661
:10DA9000038179C304817AC305817BC30681E0B425
:10DAA00007817CC308817DC30981F6C20A81B9BCA4
:10DAB0000B817EC30C8180C30D81DAEB0E81DBEB21
:10DAC0000F81E0D41081EAC61181D4C41281DFEB4A
:10DAD0001381A7C51481F5D9158181C31681B1B20F
:10DAE000178182C31881E4EB198183C31A81C5BDF4
:10DAF0001B8184C31C8185C31D8186C31E81E2EB0B
:10DB00001F8187C3208188C3218189C322818AC361
:10DB100023818BC324818CC325818DC326818EC331
:10DB200027818FC3288190C3298191C32A8192C301
:10DB30002B8193C32C81E3EB2D8194C32E8195C35C
:10DB40002F81ACB8308196C33181D1CD3281E5EBE4
:10DB5000338197C3348198C3358199C33681E1EB12
:10DB600037819AC33881B3C139819BC33A819CC341
:10DB70003B819DC33C819EC33D819FC33E81A2C624
:10DB80003F81A0C3408140C4418141C4428142C41D
:10DB9000438143C4448144C4458145C44681F3CC98
:10DBA000478146C44881E6EB498147C44A81B0C0F9
:10DBB0004B81B8D24C81E7EB4D8148C44E8149C4BA
:10DBC0004F814AC45081AFB85181ADB852814BC426
:10DBD0005381E8EB5481BBC75581F3CD56814CC4CA
:10DBE00057814DC458814EC45981EAEB5A81EBEB01
:10DBF0005B814FC45C8150C45D8151C45E8152C45D
:10DC00005F8153C46081EDEB618154C4628155C46E
:10DC1000638156C4648157C46581C8D0668158C485
:10DC20006781F2EB688159C46981EEEB6A815AC45D
:10DC30006B815BC46C815CC46D81F1EB6E81F9C852
:10DC40006F815DC47081FCD17181ECEB72815EC427
:10DC500073815FC47481E9EB758160C4768161C4AE
:10DC6000778162C4788163C47981B9B87A81D9CF68
:10DC70007B81E5C47C81EFEB7D81F0EB7E81DACCAA
:10DC80007F81C8CD8081F2B0818164C48281F6EB4E
:10DC9000838165C4848166C4858167C4868168C4C4
:10DCA000878169C48881F5EB89816AC48A81B2B2AF
:10DCB0008B816BC48C816CC48D816DC48E816EC46C
:10DCC0008F81E0B890816FC49181F7EB928170C42D
:10DCD000938171C4948172C4958173C4968174C414
:10DCE000978175C49881ECB1998176C49A8177C483
:10DCF0009B81C5CC9C81A4C49D81A5CF9E8178C405
:10DD00009F8179C4A0817AC4A1817BC4A2817CC493
:10DD1000A381F9EBA4817DC4A5817EC4A681A2EC78
:10DD2000A78180C4A881F2C5A98181C4AA81FAEB28
:10DD3000AB8182C4AC8183C4AD8184C4AE8185C40F
:10DD4000AF8186C4B08187C4B18188C4B28189C4DF
:10DD5000B381C5C9B4818AC4B5818BC4B6818CC472
:10DD6000B7818DC4B8818EC4B9818FC4BA81DFE216
:10DD7000BB81FEEBBC8190C4BD8191C4BE8192C4C5
:10DD8000BF8193C4C081CECDC181A1ECC281DBB182
:10DD9000C381B7D3C48194C4C58195C4C681DCD284
:10DDA000C78196C4C88197C4C98198C4CA81FDEB54
:10DDB000CB8199C4CC81FBEBCD819AC4CE819BC42D
:10DDC000CF819CC4D0819DC4D1819EC4D2819FC487
:10DDD000D381A0C4D48140C5D58141C5D68142C577
:10DDE000D78143C5D88144C5D98145C5DA8146C5A7
:10DDF000DB8147C5DC8148C5DD8149C5DE814AC577
:10DE0000DF814BC5E0814CC5E1814DC5E2814EC546
:10DE1000E381BCB3E4814FC5E58150C5E68151C5BE
:10DE2000E781B0EAE88152C5E98153C5EA81D4D7D8
:10DE3000EB8154C5EC81ABF4ED81F4B3EE8155C5B3
:10DE4000EF8156C5F08157C5F18158C5F28159C59A
:10DE5000F381C1D6F481C2D6F5815AC5F6815BC57E
:10DE6000F7815CC5F8815DC5F9815EC5FA815FC542
:10DE7000FB81E9D5FC81CABEFD8160C5FE81A7F4A6
:10DE8000FF8161C50082A8D20182A8F40282A9F4B0
:10DE9000038262C50482AAF40582CBBE0682DFD368
:10DEA000078263C5088264C5098265C50A8266C5A2
:10DEB0000B8267C50C82E0C90D82E1C90E8268C57C
:10DEC0000F8269C51082C2F311826AC51282E6CA46
:10DED00013826BC51482F2CC15826CC516826DC597
:10DEE00017826EC518826FC5198270C51A8271C5F6
:10DEF0001B82B6E21C82B4CB1D8272C51E82E8CEA4
:10DF00001F82DBD6208273C52182ADF42282AEF45B
:10DF10002382AFF4248274C5258275C5268276C516
:10DF2000278277C52882B2F4298278C52A82BDBAB1
:10DF30002B82B3F42C82E3B02D82B0F42E8279C50B
:10DF40002F82B1F43082A2BD3182D5B232827AC53D
:10DF50003382B6F43482B7F43582E6B63682B0B294
:10DF60003782CFCF3882B4F43982ACB43A827BC5E1
:10DF70003B82B5F43C827CC53D827DC53E82B8F4CF
:10DF80003F827EC5408280C5418281C5428282C572
:10DF9000438283C54482B9F4458284C5468285C5DF
:10DFA0004782A7CD488286C54982BAF44A8287C58E
:10DFB0004B82BBF44C8288C54D8289C54E828AC58E
:10DFC0004F82BCF450828BC551828CC552828DC564
:10DFD00053828EC554828FC5558290C5568291C595
:10DFE000578292C55882D2CB598293C55A82BDF4CA
:10DFF0005B8294C55C8295C55D8296C55E8297C53D
:10E000005F82BEF4608298C5618299C562829AC5BA
:10E0100063829BC564829CC565829DC566829EC5E0
:10E0200067829FC56882BFF46982A0C56A8240C6C4
:10E030006B8241C66C8242C66D8243C66E82DEF43C
:10E040006F82BCC17082E8BC718244C67282ABC967
:10E050007382DED17482F5E5758245C6768246C646
:10E06000778247C6788248C67982B3DC7A82D5D275
:10E070007B8249C67C824AC67D82B4DC7E82ACB09B
:10E080007F82B5DC80824BC681824CC68282DABD3B
:10E0900083824DC68482B9DC85824EC686824FC695
:10E0A000878250C68882C2D8898251C68A82B7DCEC
:10E0B0008B82F3D38C8252C68D82D6C98E82BADC13
:10E0C0008F82B6DC908253C69182BBDC9282A2C35F
:10E0D000938254C6948255C6958256C6968257C678
:10E0E0009782BCDC9882C5DC9982BDDC9A8258C6D6
:10E0F0009B8259C69C82DFCE9D82A5D69E825AC63F
:10E100009F82CFDCA0825BC6A182CDDCA2825CC6EE
:10E11000A3825DC6A482D2DCA582E6BDA682ABC284
:10E12000A7825EC6A882B8DCA982CBDCAA82CEDC3C
:10E13000AB82BEDCAC82D2B7AD82C5B0AE82C7DCEA
:10E14000AF82BED0B082C1DCB182A8BBB2825FC652
:10E15000B382BCB7B482CCDCB58260C6B68261C67D
:10E16000B782C6DCB882BFDCB982DBC7BA8262C6BE
:10E17000BB8263C6BC8264C6BD82BFD1BE82C0DC26
:10E18000BF8265C6C08266C6C182CADCC28267C65B
:10E19000C38268C6C482D0DCC58269C6C6826AC62C
:10E1A000C782ADCEC882C2DCC9826BC6CA82C3DC5C
:10E1B000CB82C8DCCC82C9DCCD82D4B2CE82D1DCA9
:10E1C000CF82D5CBD0826CC6D182B7D4D282DBDCF1
:10E1D000D382DFDCD482A6CCD582E6DCD6826DC6C3
:10E1E000D782E7C3D882DCDCD9826EC6DA826FC6FA
:10E1F000DB82C1BFDC82D9DCDD8270C6DE82FAB090
:10E20000DF82B6B9E082E5DCE182D3DCE28271C66E
:10E21000E382C4DCE482D6DCE582F4C8E682E0BFB7
:10E22000E78272C6E88273C6E98274C6EA8275C65E
:10E23000EB82BBC9EC8276C6ED8277C6EE8278C6E9
:10E24000EF82BDB1F08279C6F182A2D3F2827AC6A2
:10E25000F3827BC6F482DADCF5827CC6F6827DC668
:10E26000F782D5DCF8827EC6F982BBC6FA8280C608
:10E27000FB82DEDCFC8281C6FD8282C6FE8283C612
:10E28000FF8284C6008385C60183C2D70283AFC3E1
:10E290000383B6B70483D1C70583A9C30683E2DC31
:10E2A0000783D8DC0883EBDC0983D4DC0A8386C6C9
:10E2B0000B8387C60C83DDDC0D8388C60E83A5BE69
:10E2C0000F83D7DC108389C61183E0DC12838AC6F2
:10E2D00013838BC61483E3DC1583E4DC16838CC6BE
:10E2E0001783F8DC18838DC619838EC61A83E1DC88
:10E2F0001B83A2DD1C83E7DC1D838FC61E8390C6B3
:10E300001F8391C6208392C6218393C6228394C61D
:10E31000238395C6248396C6258397C6268398C6ED
:10E320002783EBBC2883C4B4298399C62A839AC661
:10E330002B83A3C32C83E7B22D83FADC2E839BC6E9
:10E340002F83F2DC30839CC63183EFDC32839DC6A1
:10E350003383FCDC3483EEDC3583F0D23683E8B2E1
:10E3600037839EC63883D7C83983E3C83A83FBDC3A
:10E370003B839FC63C83EDDC3D83A0C63E8340C704
:10E380003F8341C74083F7DC418342C7428343C791
:10E390004383F5DC448344C7458345C74683A3BE16
:10E3A0004783F4DC488346C74983DDB24A8347C7C5
:10E3B0004B8348C74C8349C74D834AC74E834BC7DD
:10E3C0004F83F3DC5083F6BC5183E8DC5283C4BB3B
:10E3D00053834CC75483F3C055834DC756834EC7F0
:10E3E00057834FC7588350C7598351C75A83D4BCEA
:10E3F0005B83E9DC5C83EADC5D8352C75E83F1DC2E
:10E400005F83F6DC6083F9DC6183B4B5628353C754
:10E410006383D9C86483E7BB6583FEDC6683FDDC68
:10E420006783ABD36883A1DD6983A3DD6A83A5DD40
:10E430006B83F1D26C83A4DD6D83A6DD6E83A7DDD3
:10E440006F83A9D2708354C7718355C7728356C72F
:10E45000738357C7748358C7758359C776835AC760
:10E460007783C9BA7883A9DD79835BC77A835CC770
:10E470007B83B6DD7C83B1DD7D83B4DD7E835DC7C8
:10E480007F835EC780835FC7818360C7828361C7E4
:10E49000838362C7848363C78583B0DD8683CEC6EA
:10E4A000878364C7888365C78983F2C08A8366C708
:10E4B0008B8367C78C8368C78D8369C78E83AFC919
:10E4C0008F836AC790836BC791836CC79283ECDCA0
:10E4D0009383AEDD94836DC795836EC796836FC7B4
:10E4E000978370C79883B7DD998371C79A8372C782
:10E4F0009B83F0DC9C83AFDD9D8373C79E83B8DD77
:10E500009F8374C7A083ACDDA18375C7A28376C740
:10E51000A38377C7A48378C7A58379C7A6837AC75F
:10E52000A7837BC7A883B9DDA983B3DDAA83ADDD4B
:10E53000AB83AAC4AC837CC7AD837DC7AE837EC7E3
:10E54000AF8380C7B083A8DDB183B3C0B283ABC152
:10E55000B383AADDB483ABDDB58381C7B683B2DDF7
:10E56000B783F1BBB883B5DDB983A8D3BA83BADD6D
:10E57000BB8382C7BC83BBDDBD83A7C3BE8383C708
:10E58000BF8384C7C083D2DDC183BCDDC28385C79E
:10E59000C38386C7C48387C7C583D1DDC68388C7C5
:10E5A000C783BDB9C88389C7C9838AC7CA83D5BE93
:10E5B000CB838BC7CC83FABECD838CC7CE838DC76C
:10E5C000CF83CABAD0838EC7D1838FC7D28390C777
:10E5D000D38391C7D483CADDD58392C7D683C5DDE3
:10E5E000D78393C7D883BFDDD98394C7DA8395C710
:10E5F000DB8396C7DC83CBB2DD83C3DDDE8397C7C5
:10E60000DF83CBDDE083A4B2E183D5DDE28398C76D
:10E61000E38399C7E4839AC7E583BEDDE6839BC79E
:10E62000E7839CC7E8839DC7E983D0C6EA83D0DD32
:10E63000EB839EC7EC839FC7ED83A0C7EE8340C8E2
:10E64000EF8341C8F083D4DDF183E2C1F283C6B722
:10E65000F38342C8F48343C8F58344C8F68345C8AE
:10E66000F78346C8F883CEDDF983CFDDFA8347C848
:10E67000FB8348C8FC8349C8FD83C4DDFE834AC8C8
:10E68000FF834BC800844CC80184BDDD02844DC8A3
:10E690000384CDDD0484D1CC05844EC80684C9DD55
:10E6A00007844FC8088450C8098451C80A8452C8D6
:10E6B0000B84C2DD0C84C8C30D84BCC60E84AECEF0
:10E6C0000F84CCDD108453C81184C8DD128454C873
:10E6D000138455C8148456C8158457C8168458C85E
:10E6E000178459C81884C1DD19845AC81A845BC8B4
:10E6F0001B845CC81C84C6DD1D84DCC21E845DC80E
:10E700001F845EC820845FC8218460C8228461C8D9
:10E71000238462C82484A9D32584AAD32684D3DD84
:10E720002784F4CF2884F8C8298463C82A8464C85D
:10E730002B8465C82C8466C82D8467C82E8468C85D
:10E740002F8469C830846AC83184E6DD32846BC89E
:10E7500033846CC834846DC835846EC836846FC801
:10E76000378470C83884C7DD398471C83A8472C868
:10E770003B8473C83C84E0DD3D84E4C23E8474C8BD
:10E780003F8475C8408476C8418477C8428478C87D
:10E79000438479C844847AC845847BC84684E1DDD3
:10E7A00047847CC848847DC849847EC84A8480C820
:10E7B0004B8481C84C8482C84D8483C84E8484C8ED
:10E7C0004F8485C8508486C85184D7DD528487C859
:10E7D000538488C8548489C855848AC856848BC891
:10E7E0005784F8D658848CC85984D9DD5A84D8DD2A
:10E7F0005B84F0B85C84D6DD5D848DC85E848EC891
:10E800005F848FC8608490C86184CFC6628491C8D9
:10E810006384ADB6648492C8658493C8668494C8E2
:10E82000678495C8688496C86984E2DD6A8497C85D
:10E830006B84F9BA6C84E1D46D84E7DD6E8498C88A
:10E840006F8499C870849AC87184D0B472849BC84C
:10E850007384DADD74849CC87584FBBF7684E3DD41
:10E8600077849DC87884DFDD79849EC87A84DDDD75
:10E870007B849FC87C84A0C87D8440C97E8441C9B4
:10E880007F8442C9808443C9818444C98284D9B5C4
:10E89000838445C9848446C9858447C9868448C918
:10E8A0008784DBDD8884DCDD8984DEDD8A8449C9F8
:10E8B0008B84AFBD8C84E4DD8D844AC98E84E5DD14
:10E8C0008F844BC990844CC991844DC992844EC9A0
:10E8D00093844FC9948450C9958451C9968452C970
:10E8E0009784F5DD988453C99984C9C39A8454C91F
:10E8F0009B8455C99C84E2CB9D8456C99E8457C98C
:10E900009F8458C9A08459C9A184F2DDA2845AC940
:10E91000A3845BC9A4845CC9A5845DC9A6845EC9BF
:10E92000A7845FC9A88460C9A98461C9AA8462C98F
:10E93000AB8463C9AC8464C9AD8465C9AE8466C95F
:10E94000AF84E1D8B08467C9B18468C9B284D1C644
:10E95000B38469C9B484F4DDB5846AC9B6846BC96B
:10E96000B7846CC9B884F4D5B984F3DDBA84F0DD1A
:10E97000BB846DC9BC846EC9BD84ECDDBE846FC927
:10E98000BF84EFDDC08470C9C184E8DDC28471C971
:10E99000C38472C9C484EED0C58473C9C68474C9E3
:10E9A000C78475C9C88476C9C984D8C8CA84EEDD4D
:10E9B000CB8477C9CC8478C9CD84E9DDCE8479C98C
:10E9C000CF847AC9D084EADDD184F2CBD2847BC9EA
:10E9D000D384EDDDD4847CC9D5847DC9D684CDB102
:10E9E000D7847EC9D88480C9D98481C9DA8482C990
:10E9F000DB8483C9DC8484C9DD84B6C0DE8485C938
:10EA0000DF84BBBCE084F1DDE18486C9E28487C990
:10EA1000E384F7DDE48488C9E584F6DDE684EBDD94
:10EA2000E78489C9E8848AC9E9848BC9EA848CC9E6
:10EA3000EB848DC9EC84EEC5ED848EC9EE848FC95C
:10EA4000EF8490C9F084FBDDF18491C9F28492C90E
:10EA5000F38493C9F48494C9F58495C9F68496C95E
:10EA6000F78497C9F88498C9F98499C9FA849AC92E
:10EA7000FB849BC9FC84A4DEFD849CC9FE849DC9E3
:10EA8000FF84A3DE00859EC901859FC90285A0C9B8
:10EA9000038540CA048541CA058542CA068543CA22
:10EAA000078544CA088545CA098546CA0A8547CAF2
:10EAB0000B8548CA0C85F8DD0D8549CA0E854ACA02
:10EAC0000F854BCA10854CCA1185EFC312854DCAFC
:10EAD0001385FBC214854ECA15854FCA168550CAC8
:10EAE0001785E1D5188551CA198552CA1A85B5CE40
:10EAF0001B8553CA1C8554CA1D8555CA1E8556CA16
:10EB00001F85FDDD208557CA2185CCB2228558CAD4
:10EB1000238559CA24855ACA25855BCA26855CCABD
:10EB200027855DCA28855ECA29855FCA2A8560CA8D
:10EB30002B85E8C42C85DFCA2D8561CA2E8562CA63
:10EB40002F8563CA308564CA318565CA328566CA35
:10EB5000338567CA348568CA358569CA36856ACA05
:10EB60003785BEC73885FADD3985FCDD3A85FEDD9F
:10EB70003B85A2DE3C85AAB03D85CEB13E856BCA01
:10EB80003F856CCA40856DCA41856ECA42856FCA91
:10EB90004385ACDE448570CA458571CA468572CA14
:10EBA000478573CA4885A6DE4985B6BD4A85EFC844
:10EBB0004B8574CA4C8575CA4D8576CA4E8577CA11
:10EBC0004F8578CA508579CA51857ACA52857BCAE1
:10EBD00053857CCA54857DCA55857ECA5685A1DE7B
:10EBE000578580CA588581CA5985A5DE5A8582CA4B
:10EBF0005B8583CA5C8584CA5D8585CA5E85A9DE1E
:10EC00005F8586CA608587CA618588CA628589CA28
:10EC100063858ACA6485A8DE65858BCA66858CCAC9
:10EC200067858DCA6885A7DE69858ECA6A858FCAA1
:10EC30006B8590CA6C8591CA6D8592CA6E8593CAA0
:10EC40006F8594CA708595CA718596CA7285ADDE46
:10EC5000738597CA7485CCD4758598CA768599CA08
:10EC600077859ACA78859BCA7985B3DE7A85AADECC
:10EC70007B85AEDE7C859CCA7D859DCA7E85D9C09C
:10EC80007F859ECA80859FCA8185A0CA828540CB28
:10EC9000838541CB8485A1B18585B6DE868542CB4F
:10ECA0008785B1DE888543CB898544CB8A8545CB72
:10ECB0008B8546CB8C8547CB8D8548CB8E8549CBC4
:10ECC0008F85B2DE90854ACB91854BCB92854CCB1C
:10ECD00093854DCB94854ECB95854FCB968550CB68
:10ECE000978551CB988552CB998553CB9A8554CB38
:10ECF0009B85A6D19C85B5DE9D8555CB9E8556CB43
:10ED00009F8557CBA08558CBA18559CBA2855ACBDF
:10ED1000A3855BCBA485AFDEA5855CCBA6855DCB4B
:10ED2000A7855ECBA885B0DEA9855FCBAA85BDD0BF
:10ED3000AB8560CBAC8561CBAD8562CBAE85B4DEF7
:10ED4000AF85EDCAB085B9DEB18563CBB28564CB42
:10ED5000B38565CBB48566CBB58567CBB68568CB07
:10ED6000B785B8DEB88569CBB985B7DEBA856ACB19
:10ED7000BB856BCBBC856CCBBD856DCBBE856ECBAF
:10ED8000BF856FCBC08570CBC185BBDEC28571CB23
:10ED9000C38572CBC48573CBC58574CBC68575CB53
:10EDA000C78576CBC88577CBC985E5BDCA8578CBC5
:10EDB000CB8579CBCC857ACBCD857BCBCE857CCBF7
:10EDC000CF85D8B2D085EAC3D1857DCBD2857ECB25
:10EDD000D385BADED48580CBD585BAC5D68581CB1F
:10EDE000D78582CBD88583CBD98584CBDA8585CB73
:10EDF000DB8586CBDC85BCDEDD8587CBDE8588CBFD
:10EE0000DF8589CBE0858ACBE1858BCBE2858CCB16
:10EE1000E3858DCBE485D9CCE5858ECBE6858FCB9C
:10EE2000E78590CBE88591CBE985AAB7EA8592CBB7
:10EE3000EB8593CBEC8594CBED8595CBEE8596CB8E
:10EE4000EF8597CBF08598CBF18599CBF2859ACB5E
:10EE5000F3859BCBF4859CCBF5859DCBF6859ECB2E
:10EE6000F7859FCBF885A0CBF98540CCFA8541CCBE
:10EE7000FB85E5D4FC8542CCFD8543CCFE8544CCA6
:10EE8000FF85BDDE008645CC018646CC028647CC98
:10EE9000038648CC048649CC0586BFDE06864ACC6C
:10EEA00007864BCC08864CCC09864DCC0A864ECCC6
:10EEB0000B864FCC0C8650CC0D8651CC0E8652CC96
:10EEC0000F8653CC108654CC1186A2C4128655CC22
:10EED000138656CC148657CC158658CC1686C1DEC0
:10EEE000178659CC18865ACC19865BCC1A865CCC0E
:10EEF0001B865DCC1C865ECC1D865FCC1E8660CCDE
:10EF00001F8661CC208662CC218663CC228664CCAD
:10EF1000238665CC248666CC258667CC268668CC7D
:10EF20002786BEDE288669CC2986C0DE2A866ACC82
:10EF30002B866BCC2C866CCC2D866DCC2E866ECC25
:10EF40002F866FCC308670CC318671CC328672CCF5
:10EF5000338673CC348674CC358675CC368676CCC5
:10EF6000378677CC3886BAD5398678CC3A8679CC4C
:10EF70003B867ACC3C86C2DE3D867BCC3E867CCC12
:10EF80003F867DCC40867ECC418680CC428681CC3B
:10EF9000438682CC448683CC458684CC468685CC09
:10EFA000478686CC488687CC498688CC4A8689CCD9
:10EFB0004B868ACC4C868BCC4D86AEF24E86A2BB5D
:10EFC0004F86B2C25086B0C55186C7C252868CCC1D
:10EFD00053868DCC5486AFF255868ECC56868FCC18
:10EFE000578690CC588691CC598692CC5A86E9D0D7
:10EFF0005B8693CC5C8694CC5D8695CC5E86DDD3B7
:10F000005F8696CC608697CC618698CC6286BDEB95
:10F01000638699CC64869ACC65869BCC66869CCCAC
:10F0200067869DCC68869ECC69869FCC6A86A0CC7C
:10F030006B86E6B36C86B0F26D8640CD6E86B1F21B
:10F040006F8641CD708642CD7186ADCA728643CD42
:10F05000738644CD748645CD758646CD768647CD7C
:10F06000778648CD788649CD7986E7BA7A86B3F235
:10F070007B86B5F27C86B4F27D86E4CB7E86BACF01
:10F080007F86B2F28086B4CA8186CFD28286ECC2F5
:10F0900083864ACD84864BCD85864CCD86864DCDE4
:10F0A00087864ECD88864FCD898650CD8A86C3CE41
:10F0B0008B86B8F28C86F6B08D86B7F28E8651CDEF
:10F0C0008F8652CD908653CD918654CD928655CD64
:10F0D0009386BEF2948656CD9586CFB2968657CD4E
:10F0E000978658CD988659CD99865ACD9A865BCD0C
:10F0F0009B865CCD9C86C1D19D86BAF29E865DCDF5
:10F100009F865ECDA0865FCDA18660CDA28661CDB3
:10F11000A386BCF2A486E9D4A58662CDA68663CD7B
:10F12000A786BBF2A886B6F2A986BFF2AA86BDF270
:10F13000AB8664CDAC86B9F2AD8665CDAE8666CDC4
:10F14000AF86C7F2B086C4F2B186C6F2B28667CD8A
:10F15000B38668CDB486CAF2B586C2F2B686C0F26E
:10F16000B78669CDB8866ACDB9866BCDBA86C5F249
:10F17000BB866CCDBC866DCDBD866ECDBE866FCD9B
:10F18000BF8670CDC086FBD6C18671CDC28672CDDA
:10F19000C38673CDC486C1F2C58674CDC686F9C751
:10F1A000C786DFC9C88675CDC986C8F2CA86C6B902
:10F1B000CB86B0B5CC8676CDCD8677CDCE86C3F264
:10F1C000CF86C9F2D086D0F2D186D6F2D28678CD5B
:10F1D000D38679CDD486D7BBD5867ACDD6867BCD5E
:10F1E000D7867CCDD886D5F2D986DCCDDA867DCDA2
:10F1F000DB86EBD6DC867ECDDD8680CDDE86D2F268
:10F20000DF86D4F2E08681CDE18682CDE28683CDB1
:10F21000E38684CDE486F2B8E58685CDE68686CDA4
:10F22000E78687CDE88688CDE986CBF2EA8689CD68
:10F23000EB868ACDEC868BCDED86CEF2EE86F9C2DA
:10F24000EF868CCDF086DDD5F186CCF2F286CDF25C
:10F25000F386CFF2F486D3F2F5868DCDF6868ECD89
:10F26000F7868FCDF886D9F2F986BCD3FA8690CD91
:10F27000FB8691CDFC8692CDFD8693CDFE86EAB6C7
:10F28000FF8694CD0087F1CA018795CD0287E4B748
:10F290000387D7F2048796CD058797CD068798CD4B
:10F2A0000787D8F20887DAF20987DDF20A87DBF2EE
:10F2B0000B8799CD0C879ACD0D87DCF20E879BCDFD
:10F2C0000F879CCD10879DCD11879ECD1287D1D100
:10F2D0001387D1F214879FCD1587C9CD1687A0CD8E
:10F2E0001787CFCE1887A9D6198740CE1A87E3F2A1
:10F2F0001B8741CE1C87DBC31D8742CE1E87E0F2F1
:10F300001F8743CE208744CE2187AFC02287ECF2EF
:10F310002387DEF2248745CE2587E1F2268746CE75
:10F32000278747CE288748CE2987E8F22A8749CE03
:10F330002B874ACE2C874BCE2D874CCE2E87E2F2E0
:10F340002F874DCE30874ECE3187E7F232874FCEB2
:10F35000338750CE3487E6F2358751CE368752CE8A
:10F360003787E9F2388753CE398754CE3A8755CE5E
:10F370003B87DFF23C8756CE3D8757CE3E87E4F28F
:10F380003F87EAF2408758CE418759CE42875ACE0E
:10F3900043875BCE44875CCE45875DCE46875ECE95
:10F3A0004787ACD34887E5F24987F5B24A875FCEF5
:10F3B0004B8760CE4C87F2F24D8761CE4E87ABD043
:10F3C0004F8762CE508763CE518764CE528765CE19
:10F3D0005387F5F2548766CE558767CE568768CE39
:10F3E0005787C8BB588769CE5987F9F25A876ACEC2
:10F3F0005B876BCE5C876CCE5D876DCE5E876ECE95
:10F400005F876FCE6087F0F2618770CE628771CEC2
:10F410006387F6F26487F8F26587FAF2668772CE40
:10F42000678773CE688774CE698775CE6A8776CE14
:10F430006B8777CE6C8778CE6D8779CE6E87F3F247
:10F440006F877ACE7087F1F271877BCE72877CCE20
:10F4500073877DCE7487FBBA75877ECE7687FBB5C2
:10F46000778780CE788781CE798782CE7A8783CE60
:10F470007B87EFF27C87F7F27D87EDF27E87EEF2F5
:10F480007F8784CE808785CE818786CE8287EBF288
:10F490008387A6F3848787CE8587A3F3868788CE64
:10F4A000878789CE8887A2F389878ACE8A878BCE81
:10F4B0008B87F4F28C878CCE8D87DAC88E878DCEC1
:10F4C0008F878ECE90878FCE918790CE928791CE68
:10F4D0009387FBF2948792CE958793CE968794CEAE
:10F4E0009787A5F3988795CE998796CE9A8797CEDA
:10F4F0009B8798CE9C8799CE9D879ACE9E879BCEE0
:10F500009F87F8C3A0879CCEA1879DCEA2879ECE61
:10F51000A3879FCEA487A0CEA58740CFA68741CF43
:10F52000A78742CFA887FDF2A98743CFAA8744CFF8
:10F53000AB87A7F3AC87A9F3AD87A4F3AE8745CF1C
:10F54000AF87FCF2B08746CFB18747CFB28748CFAD
:10F55000B387ABF3B48749CFB587AAF3B6874ACF51
:10F56000B7874BCFB8874CCFB9874DCFBA87DDC2AD
:10F57000BB874ECFBC874FCFBD87AEF3BE8750CF82
:10F58000BF8751CFC087B0F3C18752CFC28753CF57
:10F59000C38754CFC48755CFC58756CFC687A1F33D
:10F5A000C78757CFC88758CFC98759CFCA87B1F304
:10F5B000CB87ACF3CC875ACFCD875BCFCE875CCFE0
:10F5C000CF875DCFD0875ECFD187AFF3D287FEF2F2
:10F5D000D387ADF3D4875FCFD58760CFD68761CF90
:10F5E000D78762CFD88763CFD98764CFDA8765CFD3
:10F5F000DB87B2F3DC8766CFDD8767CFDE8768CF36
:10F60000DF8769CFE087B4F3E1876ACFE2876BCF0A
:10F61000E3876CCFE4876DCFE587A8F3E6876ECFED
:10F62000E7876FCFE88770CFE98771CFEA87B3F3B9
:10F63000EB8772CFEC8773CFED8774CFEE87B5F38E
:10F64000EF8775CFF08776CFF18777CFF28778CFC6
:10F65000F38779CFF4877ACFF5877BCFF6877CCF96
:10F66000F7877DCFF8877ECFF987B7D0FA8780CF2D
:10F67000FB8781CFFC8782CFFD8783CFFE87B8F3DE
:10F68000FF8784CF008885CF018886CF028887CF07
:10F690000388F9D9048888CF058889CF06888ACF5E
:10F6A00007888BCF08888CCF09888DCF0A88B9F35B
:10F6B0000B888ECF0C888FCF0D8890CF0E8891CF7E
:10F6C0000F8892CF108893CF118894CF128895CF4E
:10F6D0001388B7F3148896CF1588E4C81688B6F354
:10F6E000178897CF188898CF198899CF1A889ACFFA
:10F6F0001B88BAF31C889BCF1D889CCF1E889DCF8A
:10F700001F889ECF20889FCF2188BBF32288C0B45A
:10F710002388A0CF248840D0258841D0268842D095
:10F72000278843D0288844D0298845D02A8846D0C5
:10F730002B8847D02C8848D02D8849D02E884AD095
:10F740002F884BD030884CD031884DD03288C3EED2
:10F7500033884ED034884FD0358850D0368851D039
:10F76000378852D0388853D03988BCF33A8854D07F
:10F770003B8855D03C88BDF33D8856D03E8857D055
:10F780003F8858D04088AAD1418859D042885AD061
:10F7900043885BD04488ACF44588C6D046885CD0AA
:10F7A00047885DD048885ED049885FD04A8860D05D
:10F7B0004B8861D04C88D0D04D88DCD14E8862D047
:10F7C0004F8863D0508864D0518865D0528866D005
:10F7D000538867D05488CECF558868D0568869D072
:10F7E0005788D6BD58886AD05988C3D15A886BD0FB
:10F7F0005B886CD05C886DD05D886ED05E886FD081
:10F800005F8870D0608871D06188E2BA6288E9E16F
:10F810006388C2D26488C2F16588B9B2668872D042
:10F82000678873D06888EDB16988C3F16A8874D03D
:10F830006B88C0C96C88C4B36D8875D06E88F2D9E6
:10F840006F8876D07088A5CB718877D07288C4F124
:10F85000738878D0748879D075887AD076887BD090
:10F860007788D4D678887CD079887DD07A887ED005
:10F870007B8880D07C8881D07D88C5F17E88C0F46B
:10F880007F88C6F1808882D08188ACD48288C7F115
:10F89000838883D08488C0B08588C1F4868884D06A
:10F8A000878885D08888C2F4898886D08A8887D05E
:10F8B0008B88FCB48C8888D08D88DBC58E8889D0F5
:10F8C0008F888AD090888BD091888CD09288BBCC3E
:10F8D00093888DD094888ED095888FD09688E4D0E8
:10F8E000978890D0988891D0998892D09A8893D010
:10F8F0009B8894D09C88E0CD9D8895D09E8896D09A
:10F900009F8897D0A08898D0A18899D0A288C8F164
:10F91000A3889AD0A488F3D9A5889BD0A6889CD028
:10F92000A7889DD0A8889ED0A9889FD0AA88A0D05B
:10F93000AB88BBB1AC8840D1AD88AECFAE8841D1E9
:10F94000AF8842D1B08843D1B188A4B8B28844D13D
:10F95000B38845D1B48846D1B58847D1B68848D157
:10F96000B788CAF1B88849D1B9884AD1BA884BD189
:10F97000BB884CD1BC88CBF1BD884DD1BE884ED15F
:10F98000BF884FD1C08850D1C188C3B2C288D1C10D
:10F99000C38851D1C48852D1C588B0D7C688C9F1AF
:10F9A000C78853D1C88854D1C988CCF1CA8855D1E9
:10F9B000CB8856D1CC8857D1CD8858D1CE88CEF1BE
:10F9C000CF8859D1D0885AD1D1885BD1D288F6D985
:10F9D000D3885CD1D488E1D2D588A3D4D6885DD130
:10F9E000D7885ED1D888C3F4D988B9C8DA885FD1FE
:10F9F000DB8860D1DC8861D1DD8862D1DE8863D1AB
:10FA0000DF88C4F4E08864D1E18865D1E288CDF173
:10FA1000E388CFF1E488E3BFE588D0F1E68866D1DA
:10FA2000E78867D1E888D4F1E98868D1EA8869D1A4
:10FA3000EB886AD1EC886BD1ED886CD1EE886DD102
:10FA4000EF886ED1F088D6F1F188D1F1F2886FD1CC
:10FA5000F388D1C9F488E1C5F58870D1F68871D1F1
:10FA6000F78872D1F888E3C2F988FCB9FA8873D1B3
:10FA7000FB8874D1FC88D3F1FD8875D1FE88D5F15F
:10FA8000FF8876D1008977D1018978D10289D3B9ED
:10FA9000038979D104897AD105897BD106897CD102
:10FAA00007897DD108897ED1098980D10A89DBF156
:10FAB0000B8981D10C8982D10D8983D10E8984D1A2
:10FAC0000F8985D11089D6BA118986D11289FDB0E6
:10FAD0001389D9F1148987D1158988D1168989D1DB
:10FAE00017898AD118898BD11989D8F11A89D2F14D
:10FAF0001B89DAF11C898CD11D898DD11E898ED18B
:10FB00001F898FD1208990D12189D7F1228991D164
:10FB1000238992D1248993D12589ECC8268994D14F
:10FB2000278995D1288996D1298997D12A89CACD43
:10FB30002B89DDF12C8998D12D8999D12E899AD1E3
:10FB40002F899BD13089BDE531899CD132899DD1E6
:10FB500033899ED13489DCF135899FD13689DEF134
:10FB60003789A0D1388940D2398941D23A8942D2E5
:10FB70003B8943D23C8944D23D8945D23E8946D215
:10FB80003F8947D2408948D24189DFF1428949D231
:10FB900043894AD24489E5CF45894BD246894CD224
:10FBA00047894DD248894ED249894FD24A8950D28D
:10FBB0004B8951D24C8952D24D8953D24E8954D25D
:10FBC0004F8955D2508956D2518957D2528958D22D
:10FBD000538959D254895AD255895BD256895CD2FD
:10FBE00057895DD258895ED259895FD25A8960D2CD
:10FBF0005B8961D25C8962D25D8963D25E89C5F41A
:10FC00005F89F3BD608964D2618965D2628966D2F9
:10FC1000638967D2648968D2658969D26689E0F1AF
:10FC200067896AD268896BD269896CD26A896DD218
:10FC30006B896ED26C896FD26D8970D26E8971D2E8
:10FC40006F8972D2708973D2718974D2728975D2B8
:10FC5000738976D2748977D2758978D2768979D288
:10FC600077897AD278897BD279897CD27A897DD258
:10FC70007B89E1F17C897ED27D8980D27E8981D2A7
:10FC80007F89F7CE808982D28189AAD2828983D264
:10FC90008389FBF1848984D2858985D28689B2B82B
:10FCA000878986D2888987D2898988D28A8989D2A8
:10FCB0008B898AD28C898BD28D898CD28E898DD278
:10FCC0008F898ED290898FD2918990D2928991D248
:10FCD000938992D2948993D2958994D2968995D218
:10FCE000978996D2988997D2998998D29A8999D2E8
:10FCF0009B899AD29C899BD29D899CD29E899DD2B8
:10FD00009F899ED2A0899FD2A189A0D2A28940D3E7
:10FD1000A38941D3A48942D3A58943D3A68944D3D7
:10FD2000A78945D3A88946D3A98947D3AA8948D3A7
:10FD3000AB8949D3AC894AD3AD894BD3AE894CD377
:10FD4000AF894DD3B0894ED3B1894FD3B28950D347
:10FD5000B38951D3B48952D3B58953D3B68954D317
:10FD6000B78955D3B88956D3B98957D3BA8958D3E7
:10FD7000BB8959D3BC895AD3BD895BD3BE895CD3B7
:10FD8000BF895DD3C0895ED3C189FBBCC289DBB9A1
:10FD9000C3895FD3C489E6B9C589D9C3C689D3CA23
:10FDA000C789E8EAC889C0C0C989F5BECA89E9EA35
:10FDB000CB89EAEACC89EBEACD8960D3CE89ECEA3B
:10FDC000CF89EDEAD089EEEAD189EFEAD289C7BDC1
:10FDD000D38961D3D48962D3D58963D3D689FBF51E
:10FDE000D78964D3D88965D3D98966D3DA89FDF5F3
:10FDF000DB8967D3DC89FEF5DD8968D3DE89FCF514
:10FE0000DF8969D3E0896AD3E1896BD3E2896CD356
:10FE1000E389E2BDE4896DD3E589A1F6E689A5B45D
:10FE2000E7896ED3E8896FD3E98970D3EA8971D302
:10FE3000EB89A2F6EC8972D3ED8973D3EE8974D382
:10FE4000EF89A3F6F08975D3F18976D3F28977D358
:10FE5000F389B2ECF48978D3F58979D3F6897AD32A
:10FE6000F7897BD3F8897CD3F9897DD3FA897ED34E
:10FE7000FB8980D3FC8981D3FD8982D3FE8983D31A
:10FE8000FF8984D3008AD4D1018A85D3028A86D39C
:10FE9000038A87D3048A88D3058A89D3068A8AD3BA
:10FEA000078AEAD9088A8BD3098A8CD30A8A8DD328
:10FEB0000B8A8ED30C8A8FD30D8A90D30E8A91D35E
:10FEC0000F8A92D3108A93D3118A94D3128A95D32E
:10FED000138A96D3148A97D3158A98D3168A99D3FE
:10FEE000178A9AD3188A9BD3198A9CD31A8A9DD3CE
:10FEF0001B8A9ED31C8A9FD31D8AA0D31E8A40D4FE
:10FF00001F8A41D4208A42D4218A43D4228A44D4ED
:10FF1000238A45D4248A46D4258A47D4268A48D4BD
:10FF2000278A49D4288A4AD4298A4BD42A8A4CD48D
:10FF30002B8A4DD42C8A4ED42D8A4FD42E8A50D45D
:10FF40002F8A51D4308A52D4318A53D4328A54D42D
:10FF5000338A55D4348A56D4358A57D4368A58D4FD
:10FF6000378A59D4388A5AD4398A5BD43A8A5CD4CD
:10FF70003B8A5DD43C8A5ED43D8A5FD43E8AA4F637
:10FF80003F8A60D4408A61D4418A62D4428A63D471
:10FF9000438A64D4448A65D4458A66D4468A67D441
:10FFA000478A68D4488ABAEE498A69D44A8A6AD4A8
:10FFB0004B8A6BD44C8A6CD44D8A6DD44E8A6ED4E5
:10FFC0004F8A6FD4508A70D4518A71D4528A72D4B5
:10FFD000538A73D4548A74D4558A75D4568A76D485
:10FFE000578A77D4588A78D4598A79D45A8A7AD455
:10FFF0005B8A7BD45C8A7CD45D8A7DD45E8A7ED425
:020000040802F0
:100000005F8A80D4608A81D4618A82D4628A83D4F0
:10001000638A84D4648A85D4658A86D4668A87D4C0
:10002000678A88D4688A89D4698A8AD46A8A8BD490
:100030006B8A8CD46C8A8DD46D8A8ED46E8A8FD460
:100040006F8A90D4708A91D4718A92D4728A93D430
:10005000738A94D4748A95D4758A96D4768A97D400
:10006000778A98D4788A99D4798AB2D57A8A9AD4B8
:100070007B8A9BD47C8A9CD47D8A9DD47E8A9ED4A4
:100080007F8A9FD4808AA0D4818A40D5828A41D534
:10009000838A42D5848A43D5858A44D5868A45D5C4
:1000A000878A46D5888A47D5898AFED38A8ADCCC56
:1000B0008B8A48D58C8A49D58D8A4AD58E8A4BD56C
:1000C0008F8A4CD5908A4DD5918A4ED5928A4FD53C
:1000D000938AC4CA948A50D5958A51D5968A52D5A6
:1000E000978A53D5988A54D5998A55D59A8A56D5E0
:1000F0009B8A57D59C8A58D59D8A59D59E8A5AD5B0
:100100009F8A5BD5A08A5CD5A18A5DD5A28A5ED57F
:10011000A38A5FD5A48A60D5A58A61D5A68A62D54F
:10012000A78A63D5A88A64D5A98A65D5AA8A66D51F
:10013000AB8A67D5AC8A68D5AD8A69D5AE8A6AD5EF
:10014000AF8A6BD5B08A6CD5B18A6DD5B28A6ED5BF
:10015000B38A6FD5B48A70D5B58A71D5B68A72D58F
:10016000B78A73D5B88A74D5B98A75D5BA8A76D55F
:10017000BB8A77D5BC8A78D5BD8A79D5BE8A7AD52F
:10018000BF8A7BD5C08A7CD5C18A7DD5C28A7ED5FF
:10019000C38A80D5C48A81D5C58A82D5C68A83D5CB
:1001A000C78A84D5C88A85D5C98A86D5CA8A87D59B
:1001B000CB8A88D5CC8A89D5CD8A8AD5CE8A8BD56B
:1001C000CF8A8CD5D08A8DD5D18A8ED5D28A8FD53B
:1001D000D38A90D5D48A91D5D58A92D5D68A93D50B
:1001E000D78A94D5D88A95D5D98A96D5DA8A97D5DB
:1001F000DB8A98D5DC8A99D5DD8A9AD5DE8A9BD5AB
:10020000DF8A9CD5E08A9DD5E18A9ED5E28A9FD57A
:10021000E38AA0D5E48A40D6E58A41D6E68A42D66A
:10022000E78A43D6E88A44D6E98A45D6EA8A46D69A
:10023000EB8A47D6EC8A48D6ED8A49D6EE8A4AD66A
:10024000EF8A4BD6F08A4CD6F18A4DD6F28A4ED63A
:10025000F38A4FD6F48A50D6F58A51D6F68A52D60A
:10026000F78A53D6F88A54D6F98A55D6FA8A56D6DA
:10027000FB8A57D6FC8A58D6FD8A59D6FE8A5AD6AA
:10028000FF8A5BD6008B5CD6018B5DD6028B5ED677
:10029000038B5FD6048B60D6058B61D6068B62D646
:1002A000078BC0E5088B63D6098B64D60A8B65D6AD
:1002B0000B8B66D60C8B67D60D8B68D60E8B69D6EA
:1002C0000F8B6AD6108B6BD6118B6CD6128B6DD6BA
:1002D000138B6ED6148B6FD6158B70D6168B71D68A
:1002E000178B72D6188B73D6198B74D61A8B75D65A
:1002F0001B8B76D61C8B77D61D8B78D61E8B79D62A
:100300001F8B7AD6208B7BD6218B7CD6228B7DD6F9
:10031000238B7ED6248B80D6258B81D6268BA5F683
:10032000278B82D6288B83D6298B84D62A8B85D699
:100330002B8B86D62C8B87D62D8B88D62E8B89D669
:100340002F8B8AD6308B8BD6318B8CD6328B8DD639
:10035000338B8ED6348B8FD6358B90D6368B91D609
:10036000378B92D6388B93D6398B94D63A8B95D6D9
:100370003B8B96D63C8B97D63D8B98D63E8B99D6A9
:100380003F8B9AD6408B9BD6418B9CD6428B9DD679
:10039000438B9ED6448B9FD6458BA0D6468B40D7A9
:1003A000478B41D7488B42D7498B43D74A8B44D799
:1003B0004B8B45D74C8B46D74D8B47D74E8B48D769
:1003C0004F8B49D7508B4AD7518B4BD7528B4CD739
:1003D000538B4DD7548B4ED7558B4FD7568B50D709
:1003E000578B51D7588B52D7598B53D75A8B54D7D9
:1003F0005B8B55D75C8B56D75D8B57D75E8B58D7A9
:100400005F8B59D7608B5AD7618B5BD7628B5CD778
:10041000638B5DD7648B5ED7658B5FD7668BAFBE12
:10042000678B60D7688B61D7698B62D76A8B63D71C
:100430006B8B64D76C8BA9C66D8B65D76E8B66D7BB
:100440006F8B67D7708B68D7718B69D7728B6AD7C0
:10045000738B6BD7748B6CD7758B6DD7768B6ED790
:10046000778B6FD7788B70D7798B71D77A8B72D760
:100470007B8B73D77C8B74D77D8B75D77E8B76D730
:100480007F8B77D7808B78D7818B79D7828B7AD700
:10049000838B7BD7848B7CD7858B7DD7868B7ED7D0
:1004A000878B80D7888B81D7898B82D78A8B83D79C
:1004B0008B8B84D78C8B85D78D8B86D78E8B87D76C
:1004C0008F8B88D7908B89D7918B8AD7928B8BD73C
:1004D000938B8CD7948B8DD7958B8ED7968B8FD70C
:1004E000978B90D7988B91D7998B92D79A8B93D7DC
:1004F0009B8B94D79C8B95D79D8B96D79E8B97D7AC
:100500009F8B98D7A08BA5DAA18BC6BCA28BA9B66E
:10051000A38BBCB8A48BCFC8A58BA5BCA68BA6DA31
:10052000A78BA7DAA88BD6CCA98BC3C8AA8BA8DACD
:10053000AB8BFDC6AC8B99D7AD8BB5D1AE8BE9D269
:10054000AF8BB6D1B08BC7BCB18B9AD7B28BB2BDD3
:10055000B38BE4BBB48BA9DAB58BAADAB68BC8D15E
:10056000B78BABDAB88BEDD0B98BEFB6BA8BDBC2F9
:10057000BB8B9BD7BC8BCFCBBD8BEDB7BE8BE8C9FC
:10058000BF8BC3B7C08BF7BEC18BA4D6C28BACDA0E
:10059000C38BADDAC48BC0C6C58BE7D7C68BB6CAD2
:1005A000C78B9CD7C88BA9D5C98BDFCBCA8BEFD59E
:1005B000CB8BAEDACC8BDFD6CD8BCAB4CE8BB0DA98
:1005C000CF8BAFDAD08B9DD7D18BEBD2D28BB1DA78
:1005D000D38BB2DAD48BB3DAD58BD4CAD68BB4DA58
:1005E000D78BABCAD88BB5DAD98BB6DADA8BCFB367
:1005F000DB8BEFD6DC8BB7DADD8BB0BBDE8BAEB539
:10060000DF8BB8DAE08BB9DAE18BEEB9E28BAFD1F0
:10061000E38BE8D2E48BBADAE58BC3B8E68BEACF9A
:10062000E78BEFB2E88BBBDAE98BBCDAEA8B9ED7BB
:10063000EB8BEBBDEC8BDCCEED8BEFD3EE8BBDDA31
:10064000EF8BF3CEF08BBEDAF18BD5D3F28BE5BB1B
:10065000F38BBFDAF48BB5CBF58BD0CBF68BC0DA4E
:10066000F78BEBC7F88BEED6F98BC1DAFA8BB5C5F1
:10067000FB8BC1B6FC8BC2DAFD8BCCB7FE8BCEBF39
:10068000FF8BC3DA008CC4DA018CADCB028CC5DAE7
:10069000038CF7B5048CC6DA058CC2C1068CBBD7B7
:1006A000078CC7DA088CB8CC098C9FD70A8CEAD2A1
:1006B0000B8CB1C40C8CC8DA0D8CFDB50E8CD1BB83
:1006C0000F8CC9DA108CB3D0118CCADA128CCBDA49
:1006D000138CBDCE148CCCDA158CCDDA168CCEDA18
:1006E000178CF7B2188CD1DA198CCFDA1A8CE8D1C2
:1006F0001B8CD0DA1C8CD5C31D8CD2DA1E8CA0D7F3
:100700001F8CD3DA208CD4DA218CD5DA228CBBD0A2
:10071000238CA5D2248CF9B0258CD6DA268CABC7D5
:10072000278CD7DA288CF7BD298CA1C32A8CD8DA7C
:100730002B8CD9DA2C8CFDC32D8CB7CC2E8CDADA2D
:100740002F8CDBDA308CBEC0318CD7C6328CDCDA31
:10075000338CDDDA348CB4C7358CDEDA368CDFDAF4
:10076000378CC8B9388C40D8398C41D83A8C42D8AB
:100770003B8C43D83C8C44D83D8C45D83E8C46D8E5
:100780003F8C47D8408C48D8418CEDBB428C49D82F
:10079000438C4AD8448C4BD8458C4CD8468CB9B63F
:1007A000478CF8F4488C4DD8498CF9F44A8C4ED8D3
:1007B0004B8C4FD84C8CE3CD4D8C50D84E8C51D8AF
:1007C0004F8C52D8508C53D8518C54D8528C55D809
:1007D000538C56D8548C57D8558CB9F5568C58D85C
:1007E000578C59D8588C5AD8598C5BD85A8CE0EB16
:1007F0005B8C5CD85C8C5DD85D8C5ED85E8C5FD881
:100800005F8C60D8608C61D8618CF3CF628CBFBB89
:10081000638C62D8648C63D8658C64D8668C65D828
:10082000678C66D8688C67D8698C68D86A8CC0BABF
:100830006B8CA5D46C8C69D86D8C6AD86E8C6BD897
:100840006F8C6CD8708C6DD8718C6ED8728C6FD8A0
:10085000738CD9E1748C70D8758C71D8768C72D801
:10086000778C73D8788CF4F5798CAAB17A8CF2B243
:100870007B8C74D87C8C75D87D8C76D87E8C77D820
:100880007F8C78D8808C79D8818C7AD8828CF5F559
:10089000838C7BD8848C7CD8858CF7F5868C7DD82E
:1008A000878C7ED8888C80D8898CD1BA8A8CF6F5D2
:1008B0008B8C81D88C8CB2C38D8C82D88E8C83D853
:1008C0008F8C84D8908C85D8918C86D8928C87D840
:1008D000938C88D8948CF9F5958C89D8968C8AD885
:1008E000978C8BD8988CF8F5998C8CD89A8C8DD85D
:1008F0009B8C8ED89C8C8FD89D8C90D89E8C91D8B8
:100900009F8C92D8A08C93D8A18C94D8A28C95D887
:10091000A38C96D8A48C97D8A58C98D8A68C99D857
:10092000A78C9AD8A88C9BD8A98C9CD8AA8C9DD827
:10093000AB8C9ED8AC8C9FD8AD8CA0D8AE8C40D957
:10094000AF8C41D9B08C42D9B18C43D9B28C44D947
:10095000B38C45D9B48C46D9B58C47D9B68C48D917
:10096000B78C49D9B88C4AD9B98C4BD9BA8C4CD9E7
:10097000BB8C4DD9BC8C4ED9BD8C4FD9BE8C50D9B7
:10098000BF8C51D9C08C52D9C18C53D9C28C54D987
:10099000C38C55D9C48C56D9C58C57D9C68C58D957
:1009A000C78C59D9C88C5AD9C98C5BD9CA8C5CD927
:1009B000CB8C5DD9CC8C5ED9CD8C5FD9CE8C60D9F7
:1009C000CF8C61D9D08C62D9D18C63D9D28C64D9C7
:1009D000D38C65D9D48C66D9D58C67D9D68C68D997
:1009E000D78C69D9D88C6AD9D98C6BD9DA8C6CD967
:1009F000DB8C6DD9DC8C6ED9DD8C6FD9DE8C70D937
:100A0000DF8C71D9E08C72D9E18C73D9E28C74D906
:100A1000E38C75D9E48C76D9E58C77D9E68C78D9D6
:100A2000E78C79D9E88C7AD9E98C7BD9EA8C7CD9A6
:100A3000EB8C7DD9EC8C7ED9ED8C80D9EE8C81D974
:100A4000EF8C82D9F08C83D9F18C84D9F28C85D942
:100A5000F38C86D9F48C87D9F58C88D9F68C89D912
:100A6000F78C8AD9F88C8BD9F98C8CD9FA8C8DD9E2
:100A7000FB8C8ED9FC8C8FD9FD8C90D9FE8C91D9B2
:100A8000FF8C92D9008D93D9018D94D9028D95D97F
:100A9000038D96D9048D97D9058D98D9068D99D94E
:100AA000078D9AD9088D9BD9098D9CD90A8D9DD91E
:100AB0000B8D9ED90C8D9FD90D8DA0D90E8D40DA4E
:100AC0000F8D41DA108D42DA118D43DA128D44DA3E
:100AD000138D45DA148D46DA158D47DA168D48DA0E
:100AE000178D49DA188D4ADA198D4BDA1A8D4CDADE
:100AF0001B8D4DDA1C8D4EDA1D8DB4B11E8DEAD5DD
:100B00001F8DBAB8208D4FDA218DB1B9228DC6B2B2
:100B1000238DF0D4248DCDCF258DDCB0268DCBD583
:100B2000278DF5BB288DCAD6298DB7B72A8DB0CCB5
:100B30002B8DB6C62C8DE1B12D8DBAB92E8DFCD67C
:100B40002F8DE1B9308DA1B7318DFABC328DDAEA43
:100B5000338DDBEA348DF9CC358DF3B9368DDCEA93
:100B6000378DFBB4388DB3C3398DD1B73A8DD8BA30
:100B70003B8DDDEA3C8DF4D43D8DDEEA3E8DD6BC66
:100B80003F8DDFBB408DDFEA418DDEC1428DB8C2B3
:100B9000438DDFD4448DCAD7458DE0EA468DE1EA26
:100BA000478DE4EA488DE2EA498DE3EA4A8DDEC9E1
:100BB0004B8DB3B84C8DC4B64D8DE5EA4E8DEACA67
:100BC0004F8DCDC9508DCDB4518D50DA528D51DA43
:100BD000538DD9E2548DE2C5558DE6EA568DB5C0E8
:100BE000578D52DA588DB8D7598DE7EA5A8DACD760
:100BF0005B8DFCC85C8DD3D85D8DCDD85E8DDED489
:100C00005F8D53DA608DF9D4618DC4C9628DAED326
:100C1000638DD3B8648DE0B3658D54DA668DE2C917
:100C2000678DF6F4688D55DA698D56DA6A8D57DA74
:100C30006B8DD5BA6C8D58DA6D8DF7F46E8D59DAEF
:100C40006F8D5ADA708DDFD7718D5BDA728D5CDA59
:100C5000738DF1F4748DB0B8758DD4D5768DCFB811
:100C6000778DF0C6788D5DDA798D5EDA7A8D5FDA10
:100C70007B8D60DA7C8D61DA7D8D62DA7E8D63DA60
:100C80007F8D64DA808D65DA818DC3B3828D66DAFB
:100C9000838D67DA848DF2F4858DACB3868D68DA46
:100CA000878D69DA888D6ADA898D6BDA8A8DBDD491
:100CB0008B8DF7C78C8D6CDA8D8D6DDA8E8D6EDA3B
:100CC0008F8D6FDA908D70DA918DF4F4928D71DAE8
:100CD000938D72DA948DF3F4958D73DA968D74DAC0
:100CE000978D75DA988D76DA998D77DA9A8D78DA2C
:100CF0009B8D79DA9C8D7ADA9D8D7BDA9E8D7CDAFC
:100D00009F8DCBCCA08D7DDAA18D7EDAA28D80DA8D
:100D1000A38DA4C8A48D81DAA58D82DAA68D83DA8D
:100D2000A78D84DAA88D85DAA98D86DAAA8D87DA6F
:100D3000AB8D88DAAC8D89DAAD8D8ADAAE8D8BDA3F
:100D4000AF8D8CDAB08D8DDAB18DF5F4B28D8EDA8F
:100D5000B38DE3D7B48DBFC5B58DC0F5B68D8FDA31
:100D6000B78D90DAB88DBBF5B98D91DABA8DC3F530
:100D7000BB8D92DABC8DC2F5BD8D93DABE8DBAD62D
:100D8000BF8DC1F5C08D94DAC18D95DAC28D96DA2A
:100D9000C38DBED4C48DC4F5C58D97DAC68DCCF590
:100DA000C78D98DAC88D99DAC98D9ADACA8D9BDA1F
:100DB000CB8DCFB0CC8DF8B5CD8D9CDACE8DC9F56D
:100DC000CF8DCAF5D08D9DDAD18DDCC5D28D9EDA5E
:100DD000D38D9FDAD48DA0DAD58D40DBD68DC5F5C5
:100DE000D78DC6F5D88D41DBD98D42DBDA8DC7F5BD
:100DF000DB8DCBF5DC8D43DBDD8DE0BEDE8DC8F514
:100E0000DF8DFAB8E08D44DBE18D45DBE28D46DB1A
:100E1000E38DD0F5E48DD3F5E58D47DBE68D48DB3A
:100E2000E78D49DBE88DE7BFE98D4ADBEA8DF2B952
:100E3000EB8DBCF5EC8DCDF5ED8D4BDBEE8D4CDB0C
:100E4000EF8DB7C2F08D4DDBF18D4EDBF28D4FDBB8
:100E5000F38DF8CCF48D50DBF58DF9BCF68D51DBBC
:100E6000F78DCEF5F88DCFF5F98DD1F5FA8DE5B684
:100E7000FB8DD2F5FC8D52DBFD8DD5F5FE8D53DB60
:100E8000FF8D54DB008E55DB018E56DB028E57DB67
:100E9000038E58DB048E59DB058EBDF5068E5ADBBA
:100EA000078E5BDB088E5CDB098ED4F50A8EBBD324
:100EB0000B8E5DDB0C8EECB30D8E5EDB0E8E5FDB7E
:100EC0000F8EA4CC108E60DB118E61DB128E62DB84
:100ED000138E63DB148ED6F5158E64DB168E65DB00
:100EE000178E66DB188E67DB198E68DB1A8E69DB5E
:100EF0001B8E6ADB1C8E6BDB1D8ED7F51E8EE1BE52
:100F00001F8ED8F5208E6CDB218E6DDB228EDFCC20
:100F1000238EDBF5248E6EDB258E6FDB268E70DB59
:100F2000278E71DB288E72DB298EC8B22A8ED9D724
:100F30002B8E73DB2C8ED9F52D8E74DB2E8EDAF58D
:100F40002F8EDCF5308E75DB318EE2F5328E76DB5E
:100F5000338E77DB348E78DB358EE0F5368E79DBB9
:100F6000378E7ADB388E7BDB398EDFF53A8EDDF516
:100F70003B8E7CDB3C8E7DDB3D8EE1F53E8E7EDB69
:100F80003F8E80DB408EDEF5418EE4F5428EE5F546
:100F9000438E81DB448EE3CC458E82DB468E83DB41
:100FA000478EBFE5488EB8B5498EE3F54A8EE8F521
:100FB0004B8EA3CC4C8E84DB4D8E85DB4E8E86DB38
:100FC0004F8E87DB508E88DB518EE6F5528EE7F52B
:100FD000538E89DB548E8ADB558E8BDB568E8CDBF1
:100FE000578E8DDB588E8EDB598EBEF55A8E8FDB79
:100FF0005B8E90DB5C8E91DB5D8E92DB5E8E93DB95
:101000005F8E94DB608E95DB618E96DB628E97DB64
:10101000638E98DB648E99DB658E9ADB668EC4B135
:10102000678E9BDB688E9CDB698EBFF56A8E9DDBCD
:101030006B8E9EDB6C8EC5B56D8EE4B26E8E9FDBC3
:101040006F8EECF5708EE9F5718EA0DB728ED7B6DF
:10105000738E40DC748EEDF5758E41DC768EEAF58C
:10106000778E42DC788E43DC798E44DC7A8E45DCE8
:101070007B8E46DC7C8EEBF57D8E47DC7E8E48DCFD
:101080007F8EDAB4808E49DC818EEAD4828E4ADC8F
:10109000838E4BDC848E4CDC858EEEF5868E4DDCAB
:1010A000878EF9B3888E4EDC898E4FDC8A8E50DCB9
:1010B0008B8E51DC8C8E52DC8D8E53DC8E8E54DC0C
:1010C0008F8EEFF5908EF1F5918E55DC928E56DC79
:1010D000938E57DC948EF0F5958E58DC968E59DC05
:1010E000978E5ADC988E5BDC998E5CDC9A8E5DDC88
:1010F0009B8E5EDC9C8EF2F59D8E5FDC9E8EF3F502
:101100009F8E60DCA08E61DCA18E62DCA28E63DC2F
:10111000A38E64DCA48E65DCA58E66DCA68E67DCFF
:10112000A78E68DCA88E69DCA98E6ADCAA8E6BDCCF
:10113000AB8EEDC9AC8EAAB9AD8E6CDCAE8E6DDC1B
:10114000AF8EFBC7B08E6EDCB18E6FDCB28EE3B6B5
:10115000B38E70DCB48E71DCB58E72DCB68E73DC4F
:10116000B78E74DCB88E75DCB98E76DCBA8EC9CCDD
:10117000BB8E77DCBC8E78DCBD8E79DCBE8E7ADCF3
:10118000BF8E7BDCC08E7CDCC18E7DDCC28E7EDCC3
:10119000C38E80DCC48E81DCC58E82DCC68E83DC8F
:1011A000C78E84DCC88E85DCC98E86DCCA8E87DC5F
:1011B000CB8E88DCCC8E89DCCD8E8ADCCE8EA6EA06
:1011C000CF8E8BDCD08E8CDCD18E8DDCD28E8EDC03
:1011D000D38E8FDCD48E90DCD58E91DCD68E92DCD3
:1011E000D78E93DCD88E94DCD98E95DCDA8E96DCA3
:1011F000DB8E97DCDC8E98DCDD8E99DCDE8E9ADC73
:10120000DF8E9BDCE08E9CDCE18E9DDCE28E9EDC42
:10121000E38E9FDCE48EA0DCE58E40DDE68E41DDD2
:10122000E78E42DDE88E43DDE98E44DDEA8E45DD62
:10123000EB8E46DDEC8E47DDED8E48DDEE8E49DD32
:10124000EF8E4ADDF08E4BDDF18E4CDDF28E4DDD02
:10125000F38E4EDDF48E4FDDF58E50DDF68E51DDD2
:10126000F78E52DDF88E53DDF98E54DDFA8E55DDA2
:10127000FB8E56DDFC8E57DDFD8E58DDFE8E59DD72
:10128000FF8E5ADD008F5BDD018F5CDD028F5DDD3F
:10129000038F5EDD048F5FDD058F60DD068F61DD0E
:1012A000078F62DD088F63DD098F64DD0A8F65DDDE
:1012B0000B8F66DD0C8F67DD0D8F68DD0E8F69DDAE
:1012C0000F8F6ADD108F6BDD118F6CDD128F6DDD7E
:1012D000138F6EDD148F6FDD158F70DD168F71DD4E
:1012E000178F72DD188F73DD198F74DD1A8F75DD1E
:1012F0001B8F76DD1C8F77DD1D8F78DD1E8F79DDEE
:101300001F8F7ADD208F7BDD218F7CDD228F7DDDBD
:10131000238F7EDD248F80DD258F81DD268F82DD8A
:10132000278F83DD288F84DD298F85DD2A8F86DD59
:101330002B8F87DD2C8F88DD2D8F89DD2E8F8ADD29
:101340002F8F8BDD308F8CDD318F8DDD328F8EDDF9
:10135000338F8FDD348F90DD358F91DD368F92DDC9
:10136000378F93DD388F94DD398F95DD3A8F96DD99
:101370003B8F97DD3C8F98DD3D8F99DD3E8F9ADD69
:101380003F8F9BDD408F9CDD418F9DDD428F9EDD39
:10139000438F9FDD448FA0DD458F40DE468F41DEC9
:1013A000478F42DE488F43DE498F44DE4A8F45DE59
:1013B0004B8F46DE4C8F47DE4D8F48DE4E8F49DE29
:1013C0004F8F4ADE508F4BDE518F4CDE528F4DDEF9
:1013D000538F4EDE548F4FDE558F50DE568F51DEC9
:1013E000578F52DE588F53DE598F54DE5A8F55DE99
:1013F0005B8F56DE5C8F57DE5D8F58DE5E8F59DE69
:101400005F8F5ADE608F5BDE618F5CDE628F5DDE38
:10141000638F5EDE648F5FDE658F60DE668FB5B3DF
:10142000678FFED4688FECB9698FF9D06A8F61DE5F
:101430006B8FEDE96C8FAAD76D8FEEE96E8FD6C2F8
:101440006F8FEDC8708FE4BA718FEFE9728FF0E99A
:10145000738FF1E9748FE1D6758FF2E9768FF3E936
:10146000778FF5E9788FF4E9798FF6E97A8FF7E9E4
:101470007B8FE1C77C8FF8E97D8FD8D47E8FF9E927
:101480007F8FCEBD808F62DE818FFAE9828FFBE98C
:10149000838FCFBD848FFCE9858FA8B8868FBEC1AE
:1014A000878FFDE9888FB2B1898FD4BB8A8FF5B958
:1014B0008B8FFEE98C8F63DE8D8FA1EA8E8FA2EA7F
:1014C0008F8FA3EA908FF8B7918FADBC928F64DEB7
:1014D000938FE4CA948FCEE0958FAFD4968FBDCF13
:1014E000978FB7D5988FA4EA998FDED59A8FA5EA02
:1014F0009B8FC1D09C8FBCB99D8F65DE9E8FC7B47A
:101500009F8FD9B1A08F66DEA18F67DEA28F68DEC4
:10151000A38FB1C0A48F69DEA58F6ADEA68F6BDEB4
:10152000A78F6CDEA88FE6B1A98FE7B1AA8F6DDE19
:10153000AB8FE8B1AC8F6EDEAD8F6FDEAE8F70DE3D
:10154000AF8F71DEB08FBDB3B18FE8C8B28F72DEDE
:10155000B38F73DEB48F74DEB58F75DEB68FC1E5E1
:10156000B78F76DEB88F77DEB98FDFB1BA8F78DECE
:10157000BB8F79DEBC8F7ADEBD8FC9C1BE8FEFB461
:10158000BF8F7BDEC08F7CDEC18FA8C7C28FD8D350
:10159000C38F7DDEC48FF9C6C58FB8D1C68F7EDEFE
:1015A000C78FFDB9C88FF5C2C98F80DECA8F81DEB3
:1015B000CB8F82DECC8F83DECD8F84DECE8FADD31A
:1015C000CF8F85DED08FCBD4D18FFCBDD28F86DE7E
:1015D000D38FC2E5D48FB5B7D58FC3E5D68F87DE5D
:1015E000D78F88DED88FB9BBD98FE2D5DA8F89DE65
:1015F000DB8FF8BDDC8FB6D4DD8FA5CEDE8FACC11E
:10160000DF8FD9B3E08F8ADEE18F8BDEE28FF6CCFD
:10161000E38F8CDEE48FC6E5E58FC4E5E68FC8E591
:10162000E78F8DDEE88FCAE5E98FC7E5EA8FCFB592
:10163000EB8FC8C6EC8F8EDEED8FFCB5EE8FC5E567
:10164000EF8F8FDEF08FF6CAF18F90DEF28F91DE92
:10165000F38FC9E5F48F92DEF58F93DEF68F94DE7B
:10166000F78FD4C3F88FC5B1F98FA3BCFA8F95DE7D
:10167000FB8F96DEFC8F97DEFD8FB7D7FE8F98DE4F
:10168000FF8F99DE0090CBCD0190CDCB0290CACADE
:101690000390D3CC0490CCE50590CBE50690E6C44E
:1016A00007909ADE08909BDE0990A1D10A90B7D1ED
:1016B0000B90CDE50C909CDE0D90D0E50E909DDE5C
:1016C0000F90B8CD1090F0D61190CFE51290DDB507
:1016D00013909EDE1490BECD15909FDE1690D1E53E
:1016E0001790BAB61890A0DE199040DF1A90A8CDD6
:1016F0001B90E4B91C9041DF1D90C5CA1E90D1B368
:101700001F90D9CB2090ECD42190D2E52290EAB75B
:10171000239042DF249043DF259044DF2690CEE5DE
:10172000279045DF289046DF299047DF2A9048DF41
:101730002B9049DF2C904ADF2D90D5E52E90FEB4FA
:101740002F90D6E530904BDF31904CDF32904DDF5B
:1017500033904EDF34904FDF3590D3E53690D4E5AB
:10176000379050DF3890DDD2399051DF3A9052DF18
:101770003B90DFC23C90C6B13D9053DF3E90E2D338
:101780003F9054DF409055DF4190DDB64290ECCB66
:10179000439056DF4490D7E5459057DF469058DF99
:1017A0004790F6D3489059DF49905ADF4A905BDF63
:1017B0004B905CDF4C905DDF4D90E9B14E905EDF69
:1017C0004F90F4B65090DAE55190D8E55290D9E5B3
:1017D0005390C0B554905FDF559060DF569061DF45
:1017E0005790C5D25890DCE5599062DF5A9063DF7C
:1017F0005B90DEE55C9064DF5D9065DF5E9066DFA8
:101800005F9067DF609068DF619069DF6290DDE57F
:101810006390B2C764906ADF6590A3D266906BDF75
:1018200067906CDF6890DBE569906DDF6A906EDF32
:101830006B906FDF6C9070DF6D90E2D46E90DAD5B4
:101840006F9071DF709072DF719073DF729074DF50
:10185000739075DF7490E0E57590F1D7769076DF40
:10186000779077DF789078DF799079DF7A907ADFF8
:101870007B907BDF7C907CDF7D90E1E57E907DDF5F
:101880007F90DCB18090FBD181907EDF8290E2E599
:101890008390E4E5849080DF859081DF869082DF0D
:1018A000879083DF8890E3E5899084DF8A9085DFE5
:1018B0008B90E5E58C9086DF8D9087DF8E9088DFBA
:1018C0008F9089DF90908ADF9190D8D292908BDFB1
:1018D0009390CBB594908CDF9590DFE796908DDF59
:1018E0009790F5DA98908EDF9990F8DA9A908FDFDA
:1018F0009B90F6DA9C9090DF9D90F7DA9E9091DFB6
:101900009F9092DFA09093DFA190FADAA290CFD0BF
:10191000A390C7C4A49094DFA59095DFA690EEB0E5
:10192000A79096DFA89097DFA99098DFAA90B0D0F3
:10193000AB9099DFAC90F9DAAD909ADFAE90CAD354
:10194000AF90AABAB090A2DBB190F1C7B2909BDF82
:10195000B390FCDAB490FBDAB590DBC9B690FDDA4F
:10196000B7909CDFB890A1DBB990DED7BA90FEDAD1
:10197000BB90DAC1BC909DDFBD909EDFBE90A5DB21
:10198000BF909FDFC090A0DFC190F4D3C29040E031
:10199000C39041E0C490A7DBC590A4DBC69042E0B1
:1019A000C790A8DBC89043E0C99044E0CA90BCBD92
:1019B000CB9045E0CC9046E0CD9047E0CE90C9C0BA
:1019C000CF90A3DBD090A6DBD190A3D6D29048E0F5
:1019D000D390A9DBD49049E0D5904AE0D6904BE073
:1019E000D790ADDBD8904CE0D9904DE0DA904EE046
:1019F000DB90AEDBDC90ACDBDD90C2BADE904FE07A
:101A0000DF9050E0E09051E0E190A4BFE290ABDBCA
:101A1000E39052E0E49053E0E59054E0E690AADBD6
:101A2000E790C7D4E890BFB2E99055E0EA9056E05D
:101A3000EB90AFDBEC9057E0ED90F9B9EE9058E009
:101A4000EF90B0DBF09059E0F1905AE0F2905BE05B
:101A5000F3905CE0F490BBB3F5905DE0F6905EE04F
:101A6000F7905FE0F890A6B5F99060E0FA9061E039
:101A7000FB9062E0FC9063E0FD90BCB6FE90B1DBB1
:101A8000FF9064E0009165E0019166E00291F5B697
:101A9000039167E00491B2DB059168E0069169E08B
:101AA00007916AE008916BE009916CE00A916DE0A2
:101AB0000B916EE00C916FE00D9170E00E9171E072
:101AC0000F9172E0109173E0119174E0129175E042
:101AD000139176E0149177E0159178E0169179E012
:101AE00017917AE018917BE01991C9B11A917CE0C5
:101AF0001B917DE01C917EE01D9180E01E91B4DB86
:101B00001F9181E0209182E0219183E02291B3DB5B
:101B10002391B5DB249184E0259185E0269186E030
:101B2000279187E0289188E0299189E02A918AE02D
:101B30002B918BE02C918CE02D918DE02E918EE0FD
:101B40002F91B7DB30918FE03191B6DB329190E08D
:101B5000339191E0349192E0359193E0369194E0A5
:101B6000379195E0389196E03991B8DB3A9197E05A
:101B70003B9198E03C9199E03D919AE03E919BE049
:101B80003F919CE040919DE041919EE042919FE019
:101B90004391B9DB4491A0E0459140E14691BADB25
:101BA000479141E1489142E14991CFD34A91FAF4FA
:101BB0004B91F5C74C91C3D74D91E4C54E91FCF4C0
:101BC0004F91FDF45091FBF4519143E15291C6BE07
:101BD000539144E1549145E1559146E1569147E1D5
:101BE0005791EFD0589148E1599149E15A91D3B7B3
:101BF0005B914AE15C914BE15D91CDD45E91AACCC1
:101C00005F914CE160914DE16191A2F56291A1F586
:101C10006391A8BA6491FEF46591D6CB66914EE1CA
:101C200067914FE1689150E16991A4F56A91D2C042
:101C30006B9151E16C91EAB36D9152E16E91AACD35
:101C40006F91A5F57091A3F57191B4BD7291A8F54E
:101C5000739153E17491A9F57591CDBD7691B8C397
:101C60007791E1BF7891E1CB7991AAF57A9154E12E
:101C70007B9155E17C9156E17D91A6F57E91A7F58A
:101C80007F91F0C4809157E1819158E1829159E1AF
:101C900083915AE184915BE18591ACF586915CE199
:101CA0008791BCB488915DE18991EDD78A915EE11D
:101CB0008B91D7B48C91ABF58D91AEF58E915FE1A0
:101CC0008F9160E19091ADF59191AFF59291D1D066
:101CD000939161E1949162E1959163E1969164E160
:101CE000979165E1989166E1999167E19A91D1C3E5
:101CF0009B91A9C89C9168E19D9169E19E916AE1DF
:101D00009F916BE1A0916CE1A1916DE1A291B0F581
:101D1000A391B1F5A4916EE1A5916FE1A69170E157
:101D2000A79171E1A89172E1A99173E1AA91B2F52D
:101D3000AB9174E1AC9175E1AD91B3F5AE91B4F5B1
:101D4000AF91B5F5B09176E1B19177E1B29178E1DB
:101D5000B39179E1B491B7F5B591B6F5B6917AE161
:101D6000B7917BE1B8917CE1B9917DE1BA91B8F589
:101D7000BB917EE1BC9180E1BD9181E1BE9182E1A8
:101D8000BF9183E1C09184E1C19185E1C29186E177
:101D9000C39187E1C49188E1C59189E1C6918AE147
:101DA000C791C9B2C8918BE1C991D4D3CA91CDCAA8
:101DB000CB918CE1CC91EFC0CD91D8D6CE91B0D261
:101DC000CF91BFC1D0918DE1D191F0BDD2918EE183
:101DD000D3918FE1D49190E1D59191E1D69192E1A7
:101DE000D79193E1D89194E1D99195E1DA9196E177
:101DF000DB9197E1DC91AAB8DD9198E1DE9199E160
:101E0000DF919AE1E0919BE1E1919CE1E2919DE11A
:101E1000E3919EE1E4919FE1E591A0E1E69140E24A
:101E2000E79141E2E89142E2E99143E2EA9144E23A
:101E3000EB9145E2EC9146E2ED9147E2EE9148E20A
:101E4000EF9149E2F0914AE2F1914BE2F2914CE2DA
:101E5000F3914DE2F4914EE2F5914FE2F69150E2AA
:101E6000F79151E2F89152E2F99153E2FA9154E27A
:101E7000FB9155E2FC9156E2FD9157E2FE9158E24A
:101E8000FF9159E200925AE201925BE202925CE217
:101E900003925DE204925EE205925FE2069260E2E6
:101EA000079261E2089262E2099263E20A9264E2B6
:101EB0000B9265E20C9266E20D9267E20E9268E286
:101EC0000F9269E210926AE211926BE212926CE256
:101ED00013926DE214926EE215926FE2169270E226
:101EE000179271E2189272E2199273E21A9274E2F6
:101EF0001B9275E21C9276E21D9277E21E9278E2C6
:101F00001F9279E220927AE221927BE222927CE295
:101F100023927DE224927EE2259280E2269281E263
:101F2000279282E2289283E2299284E22A9285E231
:101F30002B9286E22C9287E22D9288E22E9289E201
:101F40002F928AE230928BE231928CE232928DE2D1
:101F500033928EE234928FE2359290E2369291E2A1
:101F6000379292E2389293E2399294E23A9295E271
:101F70003B9296E23C9297E23D9298E23E9299E241
:101F80003F929AE240929BE241929CE242929DE211
:101F900043929EE244929FE24592A0E2469240E341
:101FA000479241E3489242E3499243E34A9244E331
:101FB0004B9245E34C9246E34D9247E34E9248E301
:101FC0004F9249E350924AE351924BE352924CE3D1
:101FD00053924DE354924EE355924FE3569250E3A1
:101FE000579251E3589252E3599253E35A9254E371
:101FF0005B9255E35C9256E35D9257E35E9258E341
:102000005F9259E360925AE361925BE362925CE310
:1020100063925DE364925EE365925FE3669260E3E0
:10202000679261E3689262E3699263E36A9264E3B0
:102030006B9265E36C9266E36D9267E36E9268E380
:102040006F9269E370926AE371926BE372926CE350
:1020500073926DE37492F8BC75926EE376926FE3BF
:10206000779270E3789271E3799272E37A9273E3F4
:102070007B9274E37C9275E37D9276E37E9277E3C4
:102080007F9278E3809279E381927AE382927BE394
:1020900083927CE384927DE385927EE3869280E363
:1020A000879281E3889282E3899283E38A9284E330
:1020B0008B9285E38C9286E38D9287E38E92C6F6AF
:1020C0008F9288E3909289E391928AE392928BE3D4
:1020D00093928CE394928DE395928EE396928FE3A4
:1020E000979290E3989291E3999292E39A9293E374
:1020F0009B9294E39C9295E39D9296E39E9297E344
:102100009F9298E3A09299E3A1929AE3A2929BE313
:10211000A3929CE3A4929DE3A5929EE3A6929FE3E3
:10212000A792A0E3A89240E4A99241E4AA9242E4D3
:10213000AB9243E4AC9244E4AD9245E4AE92C7F670
:10214000AF9246E4B09247E4B19248E4B29249E4D7
:10215000B3924AE4B4924BE4B5924CE4B6924DE4A7
:10216000B7924EE4B8924FE4B99250E4BA9251E477
:10217000BB9252E4BC9253E4BD9254E4BE9255E447
:10218000BF9256E4C09257E4C19258E4C29259E417
:10219000C3925AE4C4925BE4C5925CE4C6925DE4E7
:1021A000C7925EE4C892C8F6C9925FE4CA9260E43E
:1021B000CB9261E4CC9262E4CD9263E4CE9264E48B
:1021C000CF9265E4D09266E4D19267E4D29268E45B
:1021D000D39269E4D4926AE4D5926BE4D6926CE42B
:1021E000D7926DE4D8926EE4D9926FE4DA9270E4FB
:1021F000DB9271E4DC9272E4DD9273E4DE9274E4CB
:10220000DF9275E4E09276E4E19277E4E29278E49A
:10221000E39279E4E4927AE4E5927BE4E6927CE46A
:10222000E7927DE4E8927EE4E99280E4EA9281E438
:10223000EB9282E4EC9283E4ED9284E4EE9285E406
:10224000EF9286E4F09287E4F19288E4F29289E4D6
:10225000F3928AE4F4928BE4F5928CE4F6928DE4A6
:10226000F7928EE4F8928FE4F99290E4FA9291E476
:10227000FB9292E4FC9293E4FD9294E4FE9295E446
:10228000FF9296E4009397E4019398E4029399E413
:1022900003939AE404939BE405939CE406939DE4E2
:1022A00007939EE408939FE40993A0E40A9340E512
:1022B0000B9341E50C9342E50D9343E50E9344E502
:1022C0000F9345E5109346E5119347E5129348E5D2
:1022D000139349E514934AE515934BE516934CE5A2
:1022E00017934DE518934EE519934FE51A9350E572
:1022F0001B9351E51C9352E51D9353E51E9354E542
:102300001F9355E5209356E5219357E5229358E511
:10231000239359E524935AE525935BE526935CE5E1
:1023200027935DE528935EE529935FE52A9360E5B1
:102330002B9361E52C9362E52D9363E52E9364E581
:102340002F9365E5309366E5319367E5329368E551
:10235000339369E534936AE535936BE536936CE521
:1023600037936DE538936EE539936FE53A9370E5F1
:102370003B9371E53C9372E53D9373E53E93C9F65B
:102380003F9374E5409375E5419376E5429377E595
:10239000439378E5449379E545937AE546937BE565
:1023A00047937CE548937DE549937EE54A9380E534
:1023B0004B9381E54C9382E54D9383E54E9384E501
:1023C0004F9385E5509386E5519387E5529388E5D1
:1023D000539389E554938AE555938BE556938CE5A1
:1023E00057938DE558938EE559938FE55A9390E571
:1023F0005B9391E55C9392E55D9393E55E9394E541
:102400005F9395E5609396E5619397E5629398E510
:10241000639399E564939AE565939BE566939CE5E0
:1024200067939DE568939EE569939FE56A93CAF675
:102430006B93A0E56C9340E66D9341E66E9342E6A4
:102440006F9343E6709344E6719345E6729346E6D4
:10245000739347E6749348E6759349E676934AE6A4
:1024600077934BE678934CE679934DE67A934EE674
:102470007B934FE67C9350E67D9351E67E9352E644
:102480007F9353E6809354E6819355E6829356E614
:10249000839357E6849358E6859359E686935AE6E4
:1024A00087935BE688935CE689935DE68A935EE6B4
:1024B0008B935FE68C9360E68D9361E68E9362E684
:1024C0008F93CCF6909363E6919364E6929365E6DE
:1024D000939366E6949367E6959368E6969369E628
:1024E00097936AE698936BE699936CE69A936DE6F8
:1024F0009B936EE69C936FE69D9370E69E9371E6C8
:102500009F9372E6A09373E6A19374E6A29375E697
:10251000A39376E6A49377E6A59378E6A69379E667
:10252000A7937AE6A8937BE6A9937CE6AA937DE637
:10253000AB937EE6AC9380E6AD9381E6AE9382E604
:10254000AF9383E6B09384E6B19385E6B29386E6D3
:10255000B39387E6B49388E6B59389E6B6938AE6A3
:10256000B7938BE6B8938CE6B9938DE6BA938EE673
:10257000BB938FE6BC9390E6BD9391E6BE9392E643
:10258000BF9393E6C09394E6C19395E6C29396E613
:10259000C39397E6C49398E6C59399E6C6939AE6E3
:1025A000C7939BE6C8939CE6C9939DE6CA93CBF676
:1025B000CB939EE6CC939FE6CD93A0E6CE9340E7E7
:1025C000CF9341E7D09342E7D19343E7D29344E7D7
:1025D000D39345E7D49346E7D59347E7D693E9F7F6
:1025E000D79348E7D89349E7D9934AE7DA934BE77B
:1025F000DB934CE7DC934DE7DD934EE7DE934FE74B
:10260000DF9350E7E09351E7E19352E7E29353E71A
:10261000E39354E7E49355E7E59356E7E69357E7EA
:10262000E79358E7E89359E7E9935AE7EA935BE7BA
:10263000EB935CE7EC935DE7ED935EE7EE935FE78A
:10264000EF9360E7F09361E7F19362E7F29363E75A
:10265000F39364E7F49365E7F59366E7F69367E72A
:10266000F79368E7F89369E7F9936AE7FA936BE7FA
:10267000FB936CE7FC936DE7FD936EE7FE936FE7CA
:10268000FF9370E7009471E7019472E7029473E797
:10269000039474E7049475E7059476E7069477E766
:1026A000079478E7089479E709947AE70A947BE736
:1026B0000B947CE70C947DE70D947EE70E9480E705
:1026C0000F9481E7109482E7119483E7129484E7D2
:1026D000139485E7149486E7159487E7169488E7A2
:1026E000179489E718948AE719948BE71A948CE772
:1026F0001B948DE71C948EE71D948FE71E9490E742
:102700001F9491E7209492E7219493E7229494E711
:10271000239495E7249496E7259497E7269498E7E1
:10272000279499E728949AE729949BE72A949CE7B1
:102730002B949DE72C949EE72D949FE72E94A0E781
:102740002F9440E8309441E8319442E8329443E8D1
:10275000339444E8349445E8359446E8369447E8A1
:10276000379448E8389449E839944AE83A944BE871
:102770003B944CE83C944DE83D944EE83E94CDF6B5
:102780003F944FE8409450E8419451E8429452E815
:10279000439453E8449454E8459455E8469456E8E5
:1027A000479457E8489458E8499459E84A945AE8B5
:1027B0004B945BE84C945CE84D945DE84E945EE885
:1027C0004F945FE8509460E8519461E8529462E855
:1027D000539463E8549464E8559465E8569466E825
:1027E000579467E8589468E8599469E85A946AE8F5
:1027F0005B946BE85C946CE85D946DE85E946EE8C5
:102800005F946FE8609470E8619471E8629472E894
:10281000639473E8649474E8659475E8669476E864
:10282000679477E8689478E8699479E86A947AE834
:102830006B94CEF66C947BE86D947CE86E947DE8A6
:102840006F947EE8709480E8719481E8729482E8D5
:10285000739483E8749484E8759485E8769486E8A4
:10286000779487E8789488E8799489E87A948AE874
:102870007B948BE87C948CE87D948DE87E948EE844
:102880007F948FE8809490E8819491E8829492E814
:10289000839493E8849494E88594C4EE8694C5EE7A
:1028A0008794C6EE8894EBD58994A4B68A94C8EE32
:1028B0008B94C7EE8C94C9EE8D94CAEE8E94A5C706
:1028C0008F94CBEE9094CCEE919495E89294B0B71F
:1028D0009394F6B59494CDEE9594CFEE969496E8B5
:1028E0009794CEEE989497E89994C6B89A94D0EEBF
:1028F0009B94D1EE9C94D2EE9D94DBB69E94AEB3A5
:102900009F94D3D6A094C6C4A194B5B1A294D6B8CE
:10291000A394D3EEA494D4EEA594BFD4A694D5C723
:10292000A794FBBEA894D9CEA994B3B9AA94D6EE25
:10293000AB94D5EEAC94D8EEAD94D7EEAE94A5C5DD
:10294000AF94D9EEB094DAEEB194AEC7B294DBEEA8
:10295000B394AFC7B494DCEEB594A7B2B694DDEEF1
:10296000B794DEEEB894DFEEB994E0EEBA94E1EEFF
:10297000BB94EAD7BC94E2EEBD94E3EEBE94D8BC1F
:10298000BF94E4EEC094CBD3C194FACCC294ACB261
:10299000C394E5C1C494E5EEC594A6C7C694ADC37F
:1029A000C79498E8C894E6EEC994E7EECA94E8EEB6
:1029B000CB94E9EECC94EAEECD94EBEECE94ECEE33
:1029C000CF9499E8D094EDEED194EEEED294EFEE60
:1029D000D3949AE8D4949BE8D594F0EED694F1EE93
:1029E000D794F2EED894F4EED994F3EEDA949CE80E
:1029F000DB94F5EEDC94ADCDDD94C1C2DE94F6EE51
:102A0000DF94F7EEE094F8EEE194A1D5E294F9EECC
:102A1000E394B3CFE494FAEEE594FBEEE6949DE8FC
:102A2000E794FCEEE894FDEEE994A1EFEA94FEEE63
:102A3000EB94A2EFEC94F5B8ED94FAC3EE94A3EF07
:102A4000EF94A4EFF094C2BDF194BFD2F294F9B226
:102A5000F394A5EFF494A6EFF594A7EFF694F8D2CB
:102A6000F794A8EFF894FDD6F994A9EFFA94CCC6A0
:102A7000FB949EE8FC94AAEFFD94ABEFFE94B4C1E6
:102A8000FF94ACEF0095FACF0195F8CB0295AEEF2D
:102A90000395ADEF0495FAB30595F8B90695AFEF38
:102AA0000795B0EF0895E2D00995B1EF0A95B2EF1E
:102AB0000B95E6B70C95BFD00D95B3EF0E95B4EF1F
:102AC0000F95B5EF1095F1C81195E0CC1295B6EFC2
:102AD0001395B7EF1495B8EF1595B9EF1695BAEFB2
:102AE0001795E0D51895BBEF1995EDB41A95AAC3C3
:102AF0001B95BCEF1C959FE81D95BDEF1E95BEEF85
:102B00001F95BFEF2095A0E82195FDCE2295C0EF3F
:102B10002395E0C22495B8B42595B6D72695F5BD82
:102B2000279540E92895C7CF2995C3EF2A95C1EF8E
:102B30002B95C2EF2C95C4EF2D95A7B62E95FCBC16
:102B40002F95E2BE3095CCC33195C5EF3295C6EFD7
:102B5000339541E93495C7EF3595CFEF3695C8EFFA
:102B60003795C9EF3895CAEF3995C2C73A95F1EF55
:102B70003B95CDB63C95CBEF3D9542E93E95CCEFEC
:102B80003F95CDEF4095C6B64195BEC34295CEEF79
:102B9000439543E94495D0EF4595D1EF4695D2EF63
:102BA0004795F2D5489544E94995D3EF4A95F7C43E
:102BB0004B9545E94C95D4EF4D95F8C44E95D5EF1E
:102BC0004F95D6EF5095E4B85195F7B05295D7EFA1
:102BD0005395D8EF5495D9EF559546E95695DAEFC8
:102BE0005795DBEF5895DCEF5995DDEF5A9547E99E
:102BF0005B95DEEF5C95B5BE5D95E1EF5E95DFEF31
:102C00005F95E0EF609548E96195E2EF6295E3EF4B
:102C10006395CDC16495E4EF6595E5EF6695E6EFC4
:102C20006795E7EF6895E8EF6995E9EF6A95EAEF50
:102C30006B95EBEF6C95ECEF6D95D8C06E9549E90F
:102C40006F95EDEF7095ADC17195EEEF7295EFEF69
:102C50007395F0EF74954AE975954BE97695E2CF57
:102C600077954CE978954DE979954EE97A954FE954
:102C70007B9550E97C9551E97D9552E97E9553E924
:102C80007F95A4B3809554E9819555E9829556E9DD
:102C9000839557E9849558E9859559E986955AE9C8
:102CA00087955BE988955CE989955DE98A955EE998
:102CB0008B955FE98C9560E98D9561E98E9562E968
:102CC0008F9563E9909564E9919565E9929566E938
:102CD000939567E9949568E9959569E996956AE908
:102CE00097956BE998956CE999956DE99A956EE9D8
:102CF0009B956FE99C9570E99D9571E99E9572E9A8
:102D00009F9573E9A09574E9A19575E9A29576E977
:102D1000A39577E9A49578E9A59579E9A6957AE947
:102D2000A7957BE9A8957CE9A9957DE9AA957EE917
:102D3000AB9580E9AC9581E9AD9582E9AE9583E9E3
:102D4000AF9584E9B09585E9B19586E9B29587E9B3
:102D5000B39588E9B49589E9B5958AE9B6958BE983
:102D6000B7958CE9B8958DE9B9958EE9BA958FE953
:102D7000BB9590E9BC9591E9BD9592E9BE9593E923
:102D8000BF9594E9C09595E9C19596E9C29597E9F3
:102D9000C39598E9C49599E9C5959AE9C6959BE9C3
:102DA000C7959CE9C8959DE9C9959EE9CA959FE993
:102DB000CB95A0E9CC9540EACD9541EACE9542EA83
:102DC000CF9543EAD09544EAD19545EAD29546EAB3
:102DD000D39547EAD49548EAD59549EAD6954AEA83
:102DE000D7954BEAD8954CEAD9954DEADA954EEA53
:102DF000DB954FEADC9550EADD9551EADE9552EA23
:102E0000DF9553EAE09554EAE19555EAE29556EAF2
:102E1000E39557EAE49558EAE59559EAE6955AEAC2
:102E2000E7955BEAE895C5C3E995C5E3EA95C1C9AD
:102E3000EB95C6E3EC955CEAED95D5B1EE95CACE7F
:102E4000EF95B3B4F095F2C8F195C7E3F295D0CF02
:102E5000F395C8E3F495E4BCF595C9E3F695CAE3A8
:102E6000F795C6C3F895A2D5F995D6C4FA95EBB9EE
:102E7000FB95C5CEFC95CBE3FD95F6C3FE95CCE363
:102E8000FF955DEA0096A7B70196F3B80296D2BA0D
:102E90000396CDE30496CEE30596C4D40696CFE31D
:102EA00007965EEA0896D0E30996CBD10A96D1E35D
:102EB0000B96D2E30C96D3E30D96D4E30E96D6D1BF
:102EC0000F96D5E31096FBB21196BBC01296D6E3CF
:102ED00013965FEA1496ABC01596D7E31696D8E31F
:102EE0001796D9E3189660EA1996DAE31A96DBE3A7
:102EF0001B9661EA1C96B7B81D96E2DA1E9662EA46
:102F00001F96D3B6209663EA2196E4DA2296E3DA96
:102F1000239664EA249665EA259666EA269667EA89
:102F2000279668EA289669EA29966AEA2A96E6DAEE
:102F30002B966BEA2C966CEA2D966DEA2E96EEC8CF
:102F40002F966EEA30966FEA3196E5DA3296C0B780
:102F50003396F4D13496F5D23596F3D53696D7BD5F
:102F6000379670EA389671EA399672EA3A9673EAB9
:102F70003B96E8D73C96E8DA3D96E7DA3E9674EA67
:102F80003F96A2B04096D3CD419675EA4296E9DAD3
:102F9000439676EA4496BDB84596CABC4696BDC2ED
:102FA0004796A4C24896C2B34996EADA4A9677EAA7
:102FB0004B96AAC24C96B0C44D96B5BD4E9678EAD3
:102FC0004F9679EA5096DECF51967AEA52967BEA8E
:102FD00053967CEA5496EBDA5596C2C956967DEA2A
:102FE00057967EEA589680EA599681EA5A9682EA7E
:102FF0005B96DDB15C9683EA5D9684EA5E9685EA2F
:103000005F96ECDA609686EA6196B8B66296BAD4B4
:10301000639687EA6496FDB3659688EA669689EAC0
:103020006796EDDA6896C9D46996D5CF6A96E3C5F6
:103030006B968AEA6C96EEDA6D968BEA6E968CEA5F
:103040006F968DEA70968EEA71968FEA7296EFDA35
:10305000739690EA7496F0DA7596EAC17696D5CCB6
:103060007796DDCF789691EA799692EA7A9693EA06
:103070007B9694EA7C9695EA7D9696EA7E9697EA08
:103080007F9698EA809699EA81969AEA82969BEAD8
:1030900083969CEA84969DEA8596E7D38696A1C29C
:1030A00087969EEA8896F1DA89969FEA8A96A0EA40
:1030B0008B96E5CB8C9640EB8D96F2DA8E9641EBB3
:1030C0008F96E6CB9096FED2919642EB929643EB8A
:1030D000939644EB9496F4B8959645EB969646EB0A
:1030E0009796F3DA9896AFB09996B6CF9A9647EB43
:1030F0009B9648EB9C96CFD59D9649EB9E964AEBC6
:103100009F964BEBA0964CEBA1964DEBA2964EEB07
:10311000A3964FEBA49650EBA59651EBA69652EBD7
:10312000A796EDCBA89653EBA99654EBAA9655EB30
:10313000AB9656EBAC9657EBAD9658EBAE9659EB7B
:10314000AF965AEBB096F4DAB1965BEBB2965CEBC5
:10315000B396C4E3B4965DEBB5965EEBB696A5C1A7
:10316000B7965FEBB89660EBB996BFF6BA9661EB8F
:10317000BB9662EBBC96C0F6BD96C1F6BE96D1C4B6
:10318000BF9663EBC096B8C8C196E3D1C29664EB14
:10319000C39665EBC496DBD0C596C5D1C696AFBCC9
:1031A000C796CDB9C89666EBC996F4EFCA9667EB99
:1031B000CB9668EBCC96C6B4CD96BAD3CE96C2F673
:1031C000CF96FBB3D09669EBD1966AEBD296C3F655
:1031D000D3966BEBD4966CEBD596F1B5D6966DEB9A
:1031E000D7966EEBD8966FEBD99670EBDA9671EBBB
:1031F000DB9672EBDC9673EBDD9674EBDE9675EB8B
:10320000DF9676EBE096C5F6E19677EBE29678EB03
:10321000E39679EBE4967AEBE5967BEBE6967CEB2E
:10322000E7967DEBE896EAD3E996A7F6EA96A9D168
:10323000EB967EEBEC9680EBED9681EBEE9682EBD7
:10324000EF96A9F6F09683EBF19684EBF29685EB78
:10325000F396A8F6F49686EBF59687EBF696E3C11F
:10326000F796D7C0F89688EBF996A2B1FA9689EB53
:10327000FB968AEBFC968BEBFD968CEBFE96EDCEE7
:10328000FF968DEB0097E8D00197ABF602978EEB97
:1032900003978FEB0497F6CF059790EB0697AAF666
:1032A0000797F0D50897ACF60997B9C30A9791EB41
:1032B0000B9792EB0C9793EB0D97F4BB0E97AEF632
:1032C0000F97ADF6109794EB119795EB129796EB3D
:1032D0001397DEC4149797EB159798EB1697D8C100
:1032E000179799EB18979AEB19979BEB1A979CEB0A
:1032F0001B979DEB1C97AACB1D979EEB1E97BCCFEF
:103300001F979FEB2097A0EB219740EC229741EC71
:10331000239742EC249743EC259744EC269745EC01
:10332000279746EC289747EC299748EC2A97AFF661
:103330002B9749EC2C974AEC2D97B0F62E974BEC37
:103340002F974CEC3097B1F631974DEC3297B6C2CF
:1033500033974EEC34974FEC359750EC369751EC51
:10336000379752EC3897D4B03997F9C53A9753EC60
:103370003B9754EC3C9755EC3D9756EC3E97B2F694
:103380003F9757EC409758EC419759EC42975AECCD
:1033900043975BEC44975CEC45975DEC46975EEC9D
:1033A00047975FEC489760EC499761EC4A9762EC6D
:1033B0004B9763EC4C9764EC4D9765EC4E9766EC3D
:1033C0004F9767EC509768EC519769EC5297E0C7BC
:1033D0005397A6F654976AEC55976BEC5697B8BE80
:1033E00057976CEC58976DEC5997B2BE5A976EECA4
:1033F0005B97E5B55C976FEC5D9770EC5E97C7B730
:103400005F9771EC6097BFBF6197D2C36297E6C3C5
:10341000639772EC649773EC6597CCD8669774ECFD
:10342000679775EC689776EC6997EFB86A9777ECD1
:103430006B9778EC6C9779EC6D977AEC6E977BECE8
:103440006F977CEC70977DEC71977EEC729780ECB7
:103450007397F9BD7497A5D1759781EC7697D0B025
:10346000779782EC789783EC799784EC7A9785EC60
:103470007B9786EC7C97B0F77D9787EC7E9788ECFE
:103480007F9789EC80978AEC81978BEC82978CEC04
:1034900083978DEC84978EEC8597B1F786978FECA8
:1034A000879790EC889791EC899792EC8A9793ECA8
:1034B0008B97ACD08C9794EC8D97B0B08E9795ECA1
:1034C0008F9796EC909797EC9197B2F79297B3F706
:1034D000939798EC9497B4F7959799EC96979AEC04
:1034E00097979BEC9897CAC799979CEC9A979DECF5
:1034F0009B979EEC9C979FEC9D97A0EC9E9740ED30
:103500009F9741EDA097CFBEA19742EDA29743EDC3
:10351000A397B7F7A49744EDA59745EDA69746ED79
:10352000A79747EDA89748EDA99749EDAA974AEDC7
:10353000AB97B6F7AC974BEDAD97DEB1AE974CEDD0
:10354000AF97B5F7B0974DEDB1974EEDB297B8F78D
:10355000B3974FEDB497B9F7B59750EDB69751EDD6
:10356000B79752EDB89753EDB99754EDBA9755ED1B
:10357000BB9756EDBC9757EDBD9758EDBE9759EDEB
:10358000BF975AEDC0975BEDC1975CEDC2975DEDBB
:10359000C3975EEDC4975FEDC59760EDC69761ED8B
:1035A000C79762EDC89763EDC99764EDCA9765ED5B
:1035B000CB9766EDCC9767EDCD9768EDCE9769ED2B
:1035C000CF976AEDD0976BEDD1976CEDD2976DEDFB
:1035D000D3976EEDD4976FEDD59770EDD69771EDCB
:1035E000D79772EDD89773EDD99774EDDA9775ED9B
:1035F000DB9776EDDC9777EDDD9778EDDE9779ED6B
:10360000DF977AEDE0977BEDE1977CEDE2977DED3A
:10361000E3977EEDE49780EDE59781EDE697A4CE04
:10362000E797CDC8E89782EDE997ABBAEA97B8E893
:10363000EB97B9E8EC97BAE8ED97C2BEEE9783ED49
:10364000EF9784EDF09785EDF19786EDF29787ED92
:10365000F397F4D2F49788EDF597CFD4F697D8C9BD
:10366000F79789EDF8978AEDF9978BEDFA978CED3E
:10367000FB978DEDFC978EEDFD978FEDFE9790ED0E
:10368000FF9791ED009892ED019893ED029894EDDB
:10369000039895ED049896ED059897ED069898EDAA
:1036A000079899ED08989AED09989BED0A989CED7A
:1036B0000B989DED0C989EED0D989FED0E98A0ED4A
:1036C0000F9840EE109841EE119842EE129843EE9A
:1036D000139844EE149845EE159846EE169847EE6A
:1036E000179848EE189849EE19984AEE1A984BEE3A
:1036F0001B984CEE1C984DEE1D984EEE1E984FEE0A
:103700001F9850EE209851EE219852EE229853EED9
:10371000239854EE249855EE259856EE269857EEA9
:10372000279858EE289859EE29985AEE2A985BEE79
:103730002B985CEE2C985DEE2D985EEE2E985FEE49
:103740002F9860EE309861EE319862EE329863EE19
:10375000339864EE349865EE359866EE369867EEE9
:10376000379868EE389869EE39986AEE3A986BEEB9
:103770003B986CEE3C986DEE3D986EEE3E986FEE89
:103780003F9870EE409871EE419872EE429873EE59
:10379000439874EE449875EE459876EE469877EE29
:1037A000479878EE489879EE49987AEE4A987BEEF9
:1037B0004B987CEE4C987DEE4D987EEE4E9880EEC8
:1037C0004F9881EE509882EE519883EE529884EE95
:1037D000539885EE549886EE559887EE569888EE65
:1037E000579889EE58988AEE59988BEE5A988CEE35
:1037F0005B988DEE5C988EEE5D988FEE5E9890EE05
:103800005F9891EE609892EE619893EE629894EED4
:10381000639895EE649896EE659897EE669898EEA4
:10382000679899EE68989AEE69989BEE6A989CEE74
:103830006B989DEE6C989EEE6D989FEE6E98A0EE44
:103840006F9840EF709841EF719842EF729843EF94
:10385000739844EF749845EF7598B3D27698A5B6EF
:103860007798EAC77898FCF17998EECF7A98B3CB3D
:103870007B98EBD07C98EFE77D98E7CD7E98CBB92D
:103880007F98D9B68098FDF18198E4B08298CCCB2E
:103890008398FEF18498A4D48598ADC28698ECC133
:1038A0008798C4C68898B1BE8998A1F28A98D5BC79
:1038B0008B9846EF8C98A2F28D98A3F28E9847EFE2
:1038C0008F98A4F29098C3D29198B5C6929848EF79
:1038D0009398C7CD9498A5F2959849EF9698B1D34F
:1038E0009798C5BF9898E2CC99984AEF9A98A6F213
:1038F0009B98A7F29C98D5D19D98EEB69E98A8F279
:103900009F98A9F2A098DFB5A198AAF2A298ABF26D
:10391000A3984BEFA498FCB2A598ACF2A698ADF290
:10392000A798A7C8A8984CEFA9984DEFAA984EEF72
:10393000AB984FEFAC9850EFAD9851EFAE9852EF77
:10394000AF9853EFB09854EFB19855EFB29856EF47
:10395000B39857EFB49858EFB59859EFB6985AEF17
:10396000B7985BEFB8985CEFB9985DEFBA985EEFE7
:10397000BB985FEFBC9860EFBD9861EFBE9862EFB7
:10398000BF9863EFC09864EFC19865EFC29866EF87
:10399000C39867EFC49868EFC59869EFC6986AEF57
:1039A000C7986BEFC8986CEFC9986DEFCA986EEF27
:1039B000CB986FEFCC9870EFCD9871EFCE98E7B7BA
:1039C000CF9872EFD09873EFD198A9ECD298AAEC67
:1039D000D398ABECD49874EFD598ACECD69875EF3F
:1039E000D79876EFD898AEC6D998ADECDA98AEEC09
:1039F000DB9877EFDC9878EFDD9879EFDE98C9B740
:103A0000DF98B3CAE0987AEFE1987BEFE2987CEF19
:103A1000E3987DEFE4987EEFE59880EFE69881EFFC
:103A2000E798B8E2E898CFF7E99882EFEA9883EF51
:103A3000EB9884EFEC9885EFED9886EFEE9887EFA2
:103A4000EF9888EFF09889EFF1988AEFF2988BEF72
:103A5000F3988CEFF4988DEFF5988EEFF6988FEF42
:103A6000F79890EFF89891EFF99892EFFA9893EF12
:103A7000FB9894EFFC9895EFFD9896EFFE9897EFE2
:103A8000FF9898EF009999EF01999AEF02999BEFAF
:103A900003999CEF04999DEF05999EEF06999FEF7E
:103AA0000799A0EF089940F0099941F00A9942F06E
:103AB0000B9943F00C9944F00D99D0F70E9945F00D
:103AC0000F9946F01099CDB2119947F0129948F02C
:103AD000139949F014994AF015994BF016994CF046
:103AE00017994DF018994EF019994FF01A9950F016
:103AF0001B9951F01C9952F01D9953F01E9954F0E6
:103B00001F9955F0209956F0219957F0229958F0B5
:103B1000239959F024995AF025995BF026995CF085
:103B200027995DF028995EF029995FF02A9960F055
:103B30002B9961F02C9962F02D9963F02E99D1F7B1
:103B40002F9964F0309965F0319966F0329967F0F9
:103B5000339968F0349969F035996AF036996BF0C9
:103B600037996CF038996DF039996EF03A996FF099
:103B70003B9970F03C9971F03D9972F03E9973F069
:103B80003F9974F0409975F0419976F0429977F039
:103B9000439978F0449979F045997AF046997BF009
:103BA00047997CF048997DF049997EF04A9980F0D8
:103BB0004B9981F04C9982F04D9983F04E9984F0A5
:103BC0004F9985F0509986F0519987F0529988F075
:103BD000539989F05499D3F75599D2F756998AF0A9
:103BE00057998BF058998CF059998DF05A998EF01D
:103BF0005B998FF05C9990F05D9991F05E9992F0ED
:103C00005F9993F0609994F0619995F0629996F0BC
:103C10006399BBE2649997F06599A2BC669998F0A4
:103C20006799BCE26899BDE26999BEE26A99BFE210
:103C30006B99C0E26C99C1E26D99B9B76E99FBD2EC
:103C40006F99A4BD7099CECA7199A5B17299C7CB6D
:103C5000739999F07499C2E27599FCB67699C4C8C3
:103C60007799C3E278999AF079999BF07A99C8BDCF
:103C70007B999CF07C99FDB17D99C4E27E999DF081
:103C80007F99F6B68099C5E28199D9C482999EF050
:103C900083999FF08499C6E28599DACF8699DDB938
:103CA0008799C7E28899A1C08999A0F08A99C8E24A
:103CB0008B99F6B28C9940F18D99C9E28E9941F1B8
:103CC0008F99F3C19099CAE29199CBE29299F8C287
:103CD0009399CCE29499CDE29599CEE29699D7CA80
:103CE0009799B8D89899E5D99999E3CF9A9942F1DB
:103CF0009B9943F19C9944F19D9945F19E9946F118
:103D00009F9947F1A09948F1A19949F1A2994AF1E7
:103D1000A3994BF1A4994CF1A599A5F0A6994DF161
:103D2000A7994EF1A899B0DCA9994FF1AA9950F141
:103D3000AB9951F1AC9952F1AD9953F1AE9954F15F
:103D4000AF9955F1B09956F1B19957F1B29958F12F
:103D5000B39959F1B4995AF1B5995BF1B6995CF1FF
:103D6000B7995DF1B8995EF1B9995FF1BA9960F1CF
:103D7000BB9961F1BC9962F1BD9963F1BE9964F19F
:103D8000BF9965F1C09966F1C19967F1C29968F16F
:103D9000C39969F1C4996AF1C5996BF1C6996CF13F
:103DA000C7996DF1C8996EF1C9996FF1CA9970F10F
:103DB000CB9971F1CC9972F1CD9973F1CE9974F1DF
:103DC000CF9975F1D09976F1D19977F1D29978F1AF
:103DD000D39979F1D4997AF1D5997BF1D6997CF17F
:103DE000D7997DF1D8997EF1D99980F1DA9981F14D
:103DF000DB9982F1DC9983F1DD9984F1DE9985F11B
:103E0000DF9986F1E09987F1E19988F1E29989F1EA
:103E1000E3998AF1E4998BF1E5998CF1E6998DF1BA
:103E2000E7998EF1E8998FF1E99990F1EA9991F18A
:103E3000EB9992F1EC9993F1ED9994F1EE9995F15A
:103E4000EF9996F1F09997F1F19998F1F29999F12A
:103E5000F3999AF1F4999BF1F5999CF1F6999DF1FA
:103E6000F7999EF1F8999FF1F999A0F1FA9940F22A
:103E7000FB9941F2FC9942F2FD9943F2FE9944F21A
:103E8000FF9945F2009A46F2019A47F2029A48F2E7
:103E9000039A49F2049A4AF2059A4BF2069A4CF2B6
:103EA000079A4DF2089A4EF2099A4FF20A9A50F286
:103EB0000B9A51F20C9A52F20D9A53F20E9A54F256
:103EC0000F9A55F2109A56F2119A57F2129A58F226
:103ED000139A59F2149A5AF2159A5BF2169A5CF2F6
:103EE000179A5DF2189A5EF2199A5FF21A9A60F2C6
:103EF0001B9A61F21C9A62F21D9A63F21E9A64F296
:103F00001F9A65F2209A66F2219A67F2229A68F265
:103F1000239A69F2249A6AF2259A6BF2269A6CF235
:103F2000279A6DF2289A6EF2299A6FF22A9A70F205
:103F30002B9A71F22C9A72F22D9A73F22E9A74F2D5
:103F40002F9A75F2309A76F2319A77F2329A78F2A5
:103F5000339A79F2349A7AF2359A7BF2369A7CF275
:103F6000379A7DF2389A7EF2399A80F23A9A81F243
:103F70003B9A82F23C9A83F23D9A84F23E9A85F211
:103F80003F9A86F2409A87F2419A88F2429A89F2E1
:103F9000439A8AF2449A8BF2459A8CF2469A8DF2B1
:103FA000479A8EF2489A8FF2499A90F24A9A91F281
:103FB0004B9A92F24C9A93F24D9A94F24E9A95F251
:103FC0004F9A96F2509A97F2519A98F2529A99F221
:103FD000539A9AF2549A9BF2559A9CF2569A9DF2F1
:103FE000579A9EF2589A9FF2599AA0F25A9A40F321
:103FF0005B9A41F35C9A42F35D9A43F35E9A44F311
:104000005F9A45F3609A46F3619A47F3629A48F3E0
:10401000639A49F3649A4AF3659A4BF3669A4CF3B0
:10402000679A4DF3689A4EF3699A4FF36A9A50F380
:104030006B9A51F36C9AEDC26D9AA6D46E9AD4CD58
:104040006F9AB1D1709ADBB3719AFDC7729A52F32D
:10405000739AB5B2749ABFC2759AE0E6769ABBCAF3
:10406000779AE1E6789AE2E6799AD4BE7A9AE3E61C
:104070007B9AA4D77C9AD5CD7D9AE5E67E9ADDBC65
:104080007F9AE4E6809AE6E6819AE7E6829AEEC2B3
:10409000839A53F3849ABEBD859AE8E6869AE6C26F
:1040A000879AA7BA889AE9E6899A54F38A9AEAE63F
:1040B0008B9AD2B38C9AE9D18D9A55F38E9A56F396
:1040C0008F9AA5BF909AEBE6919AEFC6929AECE68A
:1040D000939AEDE6949A57F3959A58F3969AEEE6EA
:1040E000979AADC6989AEFE6999A59F39A9AA7C902
:1040F0009B9AF0E69C9AF1E69D9AF2E69E9AB9E5C3
:104100009F9AF3E6A09AF4E6A19AE2C2A29AF5E693
:10411000A39AF6E6A49AE8D6A59AF7E6A69A5AF3E1
:10412000A79AF8E6A89AC7B9A99A5BF3AA9A5CF38A
:10413000AB9A5DF3AC9A5EF3AD9A5FF3AE9A60F31F
:10414000AF9A61F3B09ABBF7B19ABAF7B29A62F339
:10415000B39A63F3B49A64F3B59A65F3B69ABEF76B
:10416000B79ABCF7B89AA1BAB99A66F3BA9ABFF7E8
:10417000BB9A67F3BC9AC0F7BD9A68F3BE9A69F31D
:10418000BF9A6AF3C09AC2F7C19AC1F7C29AC4F73C
:10419000C39A6BF3C49A6CF3C59AC3F7C69A6DF3CE
:1041A000C79A6EF3C89A6FF3C99A70F3CA9A71F3FB
:1041B000CB9AC5F7CC9AC6F7CD9A72F3CE9A73F321
:1041C000CF9A74F3D09A75F3D19AC7F7D29A76F34F
:1041D000D39AE8CBD49A77F3D59A78F3D69A79F331
:1041E000D79A7AF3D89ADFB8D99A7BF3DA9A7CF324
:1041F000DB9A7DF3DC9A7EF3DD9A80F3DE9A81F31D
:10420000DF9AD4F7E09A82F3E19AD5F7E29A83F342
:10421000E39A84F3E49A85F3E59A86F3E69AD6F76F
:10422000E79A87F3E89A88F3E99A89F3EA9A8AF396
:10423000EB9AD8F7EC9A8BF3ED9ADAF7EE9A8CF3C7
:10424000EF9AD7F7F09A8DF3F19A8EF3F29A8FF3F3
:10425000F39A90F3F49A91F3F59A92F3F69A93F312
:10426000F79A94F3F89A95F3F99ADBF7FA9A96F39A
:10427000FB9AD9F7FC9A97F3FD9A98F3FE9A99F373
:10428000FF9A9AF3009B9BF3019B9CF3029B9DF387
:10429000039BD7D7049B9EF3059B9FF3069BA0F33C
:1042A000079B40F4089BDCF7099B41F40A9B42F40E
:1042B0000B9B43F40C9B44F40D9B45F40E9B46F47E
:1042C0000F9BDDF7109B47F4119B48F4129B49F4B8
:1042D000139BDEF7149B4AF4159B4BF4169B4CF48E
:1042E000179B4DF4189B4EF4199B4FF41A9B50F4F6
:1042F0001B9B51F41C9B52F41D9B53F41E9B54F4C6
:104300001F9BDFF7209B55F4219B56F4229B57F40B
:10431000239BE0F7249B58F4259B59F4269B5AF4E1
:10432000279B5BF4289B5CF4299B5DF42A9B5EF43D
:104330002B9B5FF42C9B60F42D9B61F42E9B62F40D
:104340002F9BCBDB309B63F4319B64F4329BAAD868
:10435000339B65F4349B66F4359B67F4369B68F4B5
:10436000379B69F4389B6AF4399B6BF43A9B6CF485
:104370003B9BF7E53C9BEDB93D9B6DF43E9B6EF49A
:104380003F9B6FF4409B70F4419BFDBF429BEABB97
:10439000439BC9F7449BC7C6459BC8F7469B71F42E
:1043A000479BCAF7489BCCF7499BCBF74A9B72F4D3
:1043B0004B9B73F44C9B74F44D9BCDF74E9B75F463
:1043C0004F9BBACE509B76F4519BCEF7529B77F41D
:1043D000539B78F4549BA7C4559B79F4569B7AF46D
:1043E000579B7BF4589B7CF4599B7DF45A9B7EF43D
:1043F0005B9B80F45C9B81F45D9B82F45E9B83F409
:104400005F9B84F4609B85F4619B86F4629B87F4D8
:10441000639B88F4649B89F4659B8AF4669B8BF4A8
:10442000679B8CF4689B8DF4699B8EF46A9B8FF478
:104430006B9B90F46C9B91F46D9B92F46E9B93F448
:104440006F9B94F4709B95F4719B96F4729B97F418
:10445000739B98F4749B99F4759B9AF4769B9BF4E8
:10446000779B9CF4789B9DF4799B9EF47A9B9FF4B8
:104470007B9BA0F47C9B40F57D9B41F57E9B42F5A8
:104480007F9B43F5809B44F5819B45F5829B46F5D8
:10449000839B47F5849B48F5859B49F5869B4AF5A8
:1044A000879B4BF5889B4CF5899B4DF58A9B4EF578
:1044B0008B9B4FF58C9B50F58D9B51F58E9B52F548
:1044C0008F9B53F5909B54F5919B55F5929B56F518
:1044D000939B57F5949B58F5959B59F5969B5AF5E8
:1044E000979B5BF5989B5CF5999B5DF59A9B5EF5B8
:1044F0009B9B5FF59C9B60F59D9B61F59E9B62F588
:104500009F9B63F5A09B64F5A19B65F5A29B66F557
:10451000A39B67F5A49B68F5A59B69F5A69B6AF527
:10452000A79B6BF5A89B6CF5A99B6DF5AA9B6EF5F7
:10453000AB9B6FF5AC9B70F5AD9B71F5AE9B72F5C7
:10454000AF9B73F5B09B74F5B19B75F5B29B76F597
:10455000B39B77F5B49B78F5B59B79F5B69B7AF567
:10456000B79B7BF5B89B7CF5B99B7DF5BA9B7EF537
:10457000BB9B80F5BC9B81F5BD9B82F5BE9B83F503
:10458000BF9B84F5C09B85F5C19B86F5C29B87F5D3
:10459000C39B88F5C49B89F5C59B8AF5C69B8BF5A3
:1045A000C79B8CF5C89B8DF5C99B8EF5CA9B8FF573
:1045B000CB9B90F5CC9B91F5CD9B92F5CE9B93F543
:1045C000CF9B94F5D09B95F5D19B96F5D29B97F513
:1045D000D39B98F5D49B99F5D59B9AF5D69B9BF5E3
:1045E000D79B9CF5D89B9DF5D99B9EF5DA9B9FF5B3
:1045F000DB9BA0F5DC9B40F6DD9B41F6DE9B42F6A3
:10460000DF9B43F6E09B44F6E19B45F6E29B46F6D2
:10461000E39B47F6E49B48F6E59B49F6E69B4AF6A2
:10462000E79B4BF6E89B4CF6E99B4DF6EA9B4EF672
:10463000EB9B4FF6EC9B50F6ED9B51F6EE9B52F642
:10464000EF9B53F6F09B54F6F19B55F6F29B56F612
:10465000F39B57F6F49B58F6F59B59F6F69B5AF6E2
:10466000F79B5BF6F89B5CF6F99B5DF6FA9B5EF6B2
:10467000FB9B5FF6FC9B60F6FD9B61F6FE9B62F682
:10468000FF9B63F6009C64F6019C65F6029C66F64F
:10469000039C67F6049C68F6059C69F6069C6AF61E
:1046A000079C6BF6089C6CF6099C6DF60A9C6EF6EE
:1046B0000B9C6FF60C9C70F60D9C71F60E9C72F6BE
:1046C0000F9C73F6109C74F6119C75F6129C76F68E
:1046D000139C77F6149C78F6159C79F6169C7AF65E
:1046E000179C7BF6189C7CF6199C7DF61A9C7EF62E
:1046F0001B9C80F61C9C81F61D9C82F61E9C83F6FA
:104700001F9C84F6209C85F6219C86F6229C87F6C9
:10471000239C88F6249C89F6259C8AF6269C8BF699
:10472000279C8CF6289C8DF6299C8EF62A9C8FF669
:104730002B9C90F62C9C91F62D9C92F62E9C93F639
:104740002F9C94F6309C95F6319C96F6329C97F609
:10475000339C98F6349C99F6359C9AF6369C9BF6D9
:10476000379C9CF6389C9DF6399C9EF63A9C9FF6A9
:104770003B9CA0F63C9C40F73D9C41F73E9C42F799
:104780003F9C43F7409C44F7419C45F7429C46F7C9
:10479000439C47F7449C48F7459C49F7469C4AF799
:1047A000479C4BF7489C4CF7499C4DF74A9C4EF769
:1047B0004B9C4FF74C9C50F74D9C51F74E9C52F739
:1047C0004F9C53F7509C54F7519C55F7529C56F709
:1047D000539C57F7549C58F7559C59F7569C5AF7D9
:1047E000579C5BF7589C5CF7599C5DF75A9C5EF7A9
:1047F0005B9C5FF75C9C60F75D9C61F75E9C62F779
:104800005F9C63F7609C64F7619C65F7629C66F748
:10481000639C67F7649C68F7659C69F7669C6AF718
:10482000679C6BF7689C6CF7699C6DF76A9C6EF7E8
:104830006B9C6FF76C9C70F76D9C71F76E9C72F7B8
:104840006F9C73F7709C74F7719C75F7729C76F788
:10485000739C77F7749C78F7759C79F7769C7AF758
:10486000779C7BF7789C7CF7799C7DF77A9C7EF728
:104870007B9C80F77C9CE3D37D9C81F77E9C82F7B8
:104880007F9CCFF6809C83F7819CB3C2829CD0F63C
:10489000839C84F7849C85F7859CD1F6869CD2F610
:1048A000879CD3F6889CD4F6899C86F78A9C87F7E8
:1048B0008B9CD6F68C9C88F78D9CABB18E9CD7F6E2
:1048C0008F9C89F7909CD8F6919CD9F6929CDAF649
:1048D000939C8AF7949CDBF6959CDCF6969C8BF770
:1048E000979C8CF7989C8DF7999C8EF79A9CDDF697
:1048F0009B9CDEF69C9CCACF9D9C8FF79E9CDFF60E
:104900009F9CE0F6A09CE1F6A19CE2F6A29CE3F657
:10491000A39CE4F6A49CF0C0A59CE5F6A69CE6F654
:10492000A79CE7F6A89CE8F6A99CE9F6AA9C90F754
:10493000AB9CEAF6AC9C91F7AD9CEBF6AE9CECF62A
:10494000AF9C92F7B09CEDF6B19CEEF6B29CEFF600
:10495000B39CF0F6B49CF1F6B59CF2F6B69CF3F677
:10496000B79CF4F6B89CA8BEB99C93F7BA9CF5F630
:10497000BB9CF6F6BC9CF7F6BD9CF8F6BE9C94F783
:10498000BF9C95F7C09C96F7C19C97F7C29C98F77F
:10499000C39CFAC8C49CF9F6C59CFAF6C69CFBF603
:1049A000C79CFCF6C89C99F7C99C9AF7CA9CFDF66F
:1049B000CB9CFEF6CC9CA1F7CD9CA2F7CE9CA3F796
:1049C000CF9CA4F7D09CA5F7D19C9BF7D29C9CF7D9
:1049D000D39CA6F7D49CA7F7D59CA8F7D69CEEB19C
:1049E000D79CA9F7D89CAAF7D99CABF7DA9C9DF77E
:1049F000DB9C9EF7DC9CACF7DD9CADF7DE9CDBC15D
:104A0000DF9CAEF7E09C9FF7E19CA0F7E29CAFF73C
:104A1000E39C40F8E49C41F8E59C42F8E69C43F8AE
:104A2000E79C44F8E89C45F8E99C46F8EA9C47F87E
:104A3000EB9C48F8EC9C49F8ED9C4AF8EE9C4BF84E
:104A4000EF9C4CF8F09C4DF8F19C4EF8F29C4FF81E
:104A5000F39C50F8F49C51F8F59C52F8F69C53F8EE
:104A6000F79C54F8F89C55F8F99C56F8FA9C57F8BE
:104A7000FB9C58F8FC9C59F8FD9C5AF8FE9C5BF88E
:104A8000FF9C5CF8009D5DF8019D5EF8029D5FF85B
:104A9000039D60F8049D61F8059D62F8069D63F82A
:104AA000079D64F8089D65F8099D66F80A9D67F8FA
:104AB0000B9D68F80C9D69F80D9D6AF80E9D6BF8CA
:104AC0000F9D6CF8109D6DF8119D6EF8129D6FF89A
:104AD000139D70F8149D71F8159D72F8169D73F86A
:104AE000179D74F8189D75F8199D76F81A9D77F83A
:104AF0001B9D78F81C9D79F81D9D7AF81E9D7BF80A
:104B00001F9D7CF8209D7DF8219D7EF8229D80F8D8
:104B1000239D81F8249D82F8259D83F8269D84F8A5
:104B2000279D85F8289D86F8299D87F82A9D88F875
:104B30002B9D89F82C9D8AF82D9D8BF82E9D8CF845
:104B40002F9D8DF8309D8EF8319D8FF8329D90F815
:104B5000339D91F8349D92F8359D93F8369D94F8E5
:104B6000379D95F8389D96F8399D97F83A9D98F8B5
:104B70003B9D99F83C9D9AF83D9D9BF83E9D9CF885
:104B80003F9D9DF8409D9EF8419D9FF8429DA0F855
:104B9000439D40F9449D41F9459D42F9469D43F9A5
:104BA000479D44F9489D45F9499D46F94A9D47F975
:104BB0004B9D48F94C9D49F94D9D4AF94E9D4BF945
:104BC0004F9D4CF9509D4DF9519D4EF9529D4FF915
:104BD000539D50F9549D51F9559D52F9569D53F9E5
:104BE000579D54F9589D55F9599D56F95A9D57F9B5
:104BF0005B9D58F95C9D59F95D9D5AF95E9D5BF985
:104C00005F9D5CF9609D5DF9619D5EF9629D5FF954
:104C1000639D60F9649D61F9659D62F9669D63F924
:104C2000679D64F9689D65F9699D66F96A9D67F9F4
:104C30006B9D68F96C9D69F96D9D6AF96E9D6BF9C4
:104C40006F9D6CF9709D6DF9719D6EF9729D6FF994
:104C5000739D70F9749D71F9759D72F9769D73F964
:104C6000779D74F9789D75F9799D76F97A9D77F934
:104C70007B9D78F97C9D79F97D9D7AF97E9D7BF904
:104C80007F9D7CF9809D7DF9819D7EF9829D80F9D3
:104C9000839D81F9849D82F9859D83F9869D84F9A0
:104CA000879D85F9889D86F9899D87F98A9D88F970
:104CB0008B9D89F98C9D8AF98D9D8BF98E9D8CF940
:104CC0008F9D8DF9909D8EF9919D8FF9929D90F910
:104CD000939D91F9949D92F9959D93F9969D94F9E0
:104CE000979D95F9989D96F9999D97F99A9D98F9B0
:104CF0009B9D99F99C9D9AF99D9D9BF99E9D9CF980
:104D00009F9D9DF9A09D9EF9A19D9FF9A29DA0F94F
:104D1000A39D40FAA49D41FAA59D42FAA69D43FA9F
:104D2000A79D44FAA89D45FAA99D46FAAA9D47FA6F
:104D3000AB9D48FAAC9D49FAAD9D4AFAAE9D4BFA3F
:104D4000AF9D4CFAB09D4DFAB19D4EFAB29D4FFA0F
:104D5000B39D50FAB49D51FAB59D52FAB69D53FADF
:104D6000B79D54FAB89D55FAB99D56FABA9D57FAAF
:104D7000BB9D58FABC9D59FABD9D5AFABE9D5BFA7F
:104D8000BF9D5CFAC09D5DFAC19D5EFAC29D5FFA4F
:104D9000C39D60FAC49D61FAC59D62FAC69D63FA1F
:104DA000C79D64FAC89D65FAC99D66FACA9D67FAEF
:104DB000CB9D68FACC9D69FACD9D6AFACE9D6BFABF
:104DC000CF9D6CFAD09D6DFAD19D6EFAD29D6FFA8F
:104DD000D39D70FAD49D71FAD59D72FAD69D73FA5F
:104DE000D79D74FAD89D75FAD99D76FADA9D77FA2F
:104DF000DB9D78FADC9D79FADD9D7AFADE9D7BFAFF
:104E0000DF9D7CFAE09D7DFAE19D7EFAE29D80FACD
:104E1000E39D81FAE49D82FAE59D83FAE69D84FA9A
:104E2000E79D85FAE89D86FAE99D87FAEA9D88FA6A
:104E3000EB9D89FAEC9D8AFAED9D8BFAEE9D8CFA3A
:104E4000EF9D8DFAF09D8EFAF19D8FFAF29D90FA0A
:104E5000F39D91FAF49D92FAF59D93FAF69D94FADA
:104E6000F79D95FAF89D96FAF99D97FAFA9D98FAAA
:104E7000FB9D99FAFC9D9AFAFD9D9BFAFE9D9CFA7A
:104E8000FF9D9DFA009E9EFA019E9FFA029EA0FA47
:104E9000039E40FB049E41FB059E42FB069E43FB96
:104EA000079E44FB089E45FB099E46FB0A9E47FB66
:104EB0000B9E48FB0C9E49FB0D9E4AFB0E9E4BFB36
:104EC0000F9E4CFB109E4DFB119E4EFB129E4FFB06
:104ED000139E50FB149E51FB159E52FB169E53FBD6
:104EE000179E54FB189E55FB199E56FB1A9E57FBA6
:104EF0001B9E58FB1C9E59FB1D9E5AFB1E9E5BFB76
:104F00001F9EF1C4209EAFF0219EA6BC229EB0F051
:104F1000239EF9C3249E5CFB259EB8C5269EBBD16B
:104F2000279E5DFB289EB1F0299EB2F02A9EB3F029
:104F30002B9EB4F02C9EB5F02D9EBCD12E9E5EFB18
:104F40002F9EECD1309E5FFB319EB7F0329EB6F0C3
:104F5000339EA7D4349E60FB359ED2CD369EB8F0EA
:104F6000379EBAF0389EB9F0399EBBF03A9EBCF03D
:104F70003B9E61FB3C9E62FB3D9EEBB83E9EBDF0BE
:104F80003F9EE8BA409E63FB419EBEF0429EBFF04A
:104F9000439EE9BE449EC0F0459EECB6469EC1F0DD
:104FA000479EC2F0489EC3F0499EC4F04A9EB5C8D1
:104FB0004B9EC5F04C9EC6F04D9E64FB4E9EC7F0C6
:104FC0004F9EF4C5509E65FB519EC8F0529E66FBF5
:104FD000539E67FB549E68FB559EC9F0569E69FB25
:104FE000579ECAF0589EBDF7599E6AFB5A9ECBF059
:104FF0005B9ECCF05C9ECDF05D9E6BFB5E9ECEF02A
:105000005F9E6CFB609E6DFB619E6EFB629E6FFB04
:10501000639ECFF0649ED7BA659E70FB669ED0F00B
:10502000679ED1F0689ED2F0699ED3F06A9ED4F05C
:105030006B9ED5F06C9ED6F06D9ED8F06E9E71FB87
:105040006F9E72FB709EA5D3719ED7F0729E73FB0C
:10505000739ED9F0749E74FB759E75FB769E76FBED
:10506000779E77FB789E78FB799E79FB7A9E7AFB18
:105070007B9E7BFB7C9E7CFB7D9E7DFB7E9EBAF5B2
:105080007F9EB9C2809E7EFB819E80FB829EE4F75C
:10509000839E81FB849E82FB859E83FB869E84FB90
:1050A000879EE5F7889EE6F7899E85FB8A9E86FBAC
:1050B0008B9EE7F78C9E87FB8D9E88FB8E9E89FBDF
:1050C0008F9E8AFB909E8BFB919E8CFB929EE8F7B5
:1050D000939EB4C2949E8DFB959E8EFB969E8FFBF5
:1050E000979E90FB989E91FB999E92FB9A9E93FBB4
:1050F0009B9E94FB9C9E95FB9D9EEAF79E9E96FB35
:105100009F9EEBF7A09E97FBA19E98FBA29E99FB0A
:10511000A39E9AFBA49E9BFBA59E9CFBA69EF3C20E
:10512000A79E9DFBA89E9EFBA99E9FFBAA9EA0FBFF
:10513000AB9E40FCAC9E41FCAD9E42FCAE9E43FC4F
:10514000AF9E44FCB09E45FCB19E46FCB29E47FC1F
:10515000B39E48FCB49EF0F4B59E49FCB69E4AFC52
:10516000B79E4BFCB89EEFF4B99E4CFCBA9E4DFC2A
:10517000BB9EE9C2BC9E4EFCBD9EE1F7BE9EE2F71F
:10518000BF9E4FFCC09E50FCC19E51FCC29E52FC73
:10519000C39E53FCC49EC6BBC59E54FCC69E55FC14
:1051A000C79E56FCC89E57FCC99EE4D9CA9E58FCAF
:1051B000CB9E59FCCC9E5AFCCD9EF2CACE9EE8C036
:1051C000CF9EA4F0D09E5BFCD19EDABAD29E5CFC4E
:1051D000D39E5DFCD49EADC7D59E5EFCD69E5FFC83
:1051E000D79E60FCD89EACC4D99E61FCDA9E62FC5E
:1051F000DB9EECF7DC9EEDF7DD9EEEF7DE9E63FCBA
:10520000DF9EF0F7E09EEFF7E19E64FCE29EF1F78F
:10521000E39E65FCE49E66FCE59EF4F7E69E67FC73
:10522000E79EF3F7E89E68FCE99EF2F7EA9EF5F741
:10523000EB9E69FCEC9E6AFCED9E6BFCEE9E6CFCAA
:10524000EF9EF6F7F09E6DFCF19E6EFCF29E6FFCF9
:10525000F39E70FCF49E71FCF59E72FCF69E73FC4E
:10526000F79E74FCF89E75FCF99EE9EDFA9E76FCBB
:10527000FB9EEAEDFC9EEBEDFD9E77FCFE9EBCF6F0
:10528000FF9E78FC009F79FC019F7AFC029F7BFCCB
:10529000039F7CFC049F7DFC059F7EFC069F80FC99
:1052A000079F81FC089F82FC099F83FC0A9F84FC66
:1052B0000B9FBDF60C9F85FC0D9FBEF60E9FA6B6FC
:1052C0000F9F86FC109FBED8119F87FC129F88FC01
:1052D000139FC4B9149F89FC159F8AFC169F8BFCF1
:1052E000179FBBD8189F8CFC199FB1DC1A9F8DFCAF
:1052F0001B9F8EFC1C9F8FFC1D9F90FC1E9F91FC92
:105300001F9F92FC209FF3CA219F93FC229FF7F7D7
:10531000239F94FC249F95FC259F96FC269F97FC39
:10532000279F98FC289F99FC299F9AFC2A9F9BFC09
:105330002B9F9CFC2C9FF8F72D9F9DFC2E9F9EFC85
:105340002F9FF9F7309F9FFC319FA0FC329F40FDBB
:10535000339F41FD349F42FD359F43FD369F44FD01
:10536000379FFBF7389F45FD399FFAF73A9F46FD77
:105370003B9FC7B13C9F47FD3D9FFCF73E9FFDF71C
:105380003F9F48FD409F49FD419F4AFD429F4BFD85
:10539000439F4CFD449FFEF7459F4DFD469F4EFDAC
:1053A000479F4FFD489F50FD499F51FD4A9F52FD29
:1053B0004B9F53FD4C9F54FD4D9F55FD4E9F56FDF9
:1053C0004F9F57FD509FEBC6519FB4EC529F58FD25
:1053D000539F59FD549F5AFD559F5BFD569F5CFDA1
:1053E000579F5DFD589F5EFD599F5FFD5A9F60FD71
:1053F0005B9F61FD5C9F62FD5D9F63FD5E9F64FD41
:105400005F9F65FD609F66FD619F67FD629F68FD10
:10541000639F69FD649F6AFD659F6BFD669F6CFDE0
:10542000679F6DFD689F6EFD699F6FFD6A9F70FDB0
:105430006B9F71FD6C9F72FD6D9F73FD6E9F74FD80
:105440006F9F75FD709F76FD719F77FD729F78FD50
:10545000739F79FD749F7AFD759F7BFD769F7CFD20
:10546000779F7DFD789F7EFD799F80FD7A9F81FDEE
:105470007B9F82FD7C9F83FD7D9F84FD7E9F85FDBC
:105480007F9FDDB3809FB3F6819F86FD829F87FD5E
:10549000839FB4F6849FE4C1859FB5F6869FB6F6D8
:1054A000879FB7F6889FB8F6899FB9F68A9FBAF6A4
:1054B0008B9FA3C88C9FBBF68D9F88FD8E9F89FD17
:1054C0008F9F8AFD909F8BFD919F8CFD929F8DFDFC
:1054D000939F8EFD949F8FFD959F90FD969F91FDCC
:1054E000979F92FD989F93FD999FFAC19A9FA8B9A3
:1054F0009B9FE8ED9C9F94FD9D9F95FD9E9F96FD33
:105500009F9FEAB9A09FDFD9A19F97FDA29F98FD19
:10551000A39F99FDA49F9AFDA59F9BFD2CF99CFD3F
:1055200079F99DFD95F99EFDE7F99FFDF1F9A0FD43
:105530000CFA40FE0DFA41FE0EFA42FE0FFA43FE4F
:1055400011FA44FE13FA45FE14FA46FE18FA47FE15
:105550001FFA48FE20FA49FE21FA4AFE23FA4BFEC2
:1055600024FA4CFE27FA4DFE28FA4EFE29FA4FFE89
:1055700030FE55A931FEF2A633FEF4A634FEF5A6A0
:1055800035FEE0A636FEE1A637FEF0A638FEF1A60F
:1055900039FEE2A63AFEE3A63BFEEEA63CFEEFA6EF
:1055A0003DFEE6A63EFEE7A63FFEE4A640FEE5A6DB
:1055B00041FEE8A642FEE9A643FEEAA644FEEBA6AB
:1055C00049FE68A94AFE69A94BFE6AA94CFE6BA96F
:1055D0004DFE6CA94EFE6DA94FFE6EA950FE6FA93F
:1055E00051FE70A952FE71A954FE72A955FE73A90D
:1055F00056FE74A957FE75A959FE76A95AFE77A9D9
:105600005BFE78A95CFE79A95DFE7AA95EFE7BA9A6
:105610005FFE7CA960FE7DA961FE7EA962FE80A975
:1056200063FE81A964FE82A965FE83A966FE84A942
:1056300068FE85A969FE86A96AFE87A96BFE88A90E
:1056400001FFA1A302FFA2A303FFA3A304FFE7A1FD
:1056500005FFA5A306FFA6A307FFA7A308FFA8A30E
:1056600009FFA9A30AFFAAA30BFFABA30CFFACA3DE
:105670000DFFADA30EFFAEA30FFFAFA310FFB0A3AE
:1056800011FFB1A312FFB2A313FFB3A314FFB4A37E
:1056900015FFB5A316FFB6A317FFB7A318FFB8A34E
:1056A00019FFB9A31AFFBAA31BFFBBA31CFFBCA31E
:1056B0001DFFBDA31EFFBEA31FFFBFA320FFC0A3EE
:1056C00021FFC1A322FFC2A323FFC3A324FFC4A3BE
:1056D00025FFC5A326FFC6A327FFC7A328FFC8A38E
:1056E00029FFC9A32AFFCAA32BFFCBA32CFFCCA35E
:1056F0002DFFCDA32EFFCEA32FFFCFA330FFD0A32E
:1057000031FFD1A332FFD2A333FFD3A334FFD4A3FD
:1057100035FFD5A336FFD6A337FFD7A338FFD8A3CD
:1057200039FFD9A33AFFDAA33BFFDBA33CFFDCA39D
:105730003DFFDDA33EFFDEA33FFFDFA340FFE0A36D
:1057400041FFE1A342FFE2A343FFE3A344FFE4A33D
:1057500045FFE5A346FFE6A347FFE7A348FFE8A30D
:1057600049FFE9A34AFFEAA34BFFEBA34CFFECA3DD
:105770004DFFEDA34EFFEEA34FFFEFA350FFF0A3AD
:1057800051FFF1A352FFF2A353FFF3A354FFF4A37D
:1057900055FFF5A356FFF6A357FFF7A358FFF8A34D
:1057A00059FFF9A35AFFFAA35BFFFBA35CFFFCA31D
:1057B0005DFFFDA35EFFABA1E0FFE9A1E1FFEAA170
:1057C000E2FF56A9E3FFFEA3E4FF57A9E5FFA4A368
:1057D000000000008000AC204081024E4181044E58
:1057E0004281054E4381064E44810F4E4581124E43
:1057F0004681174E47811F4E4881204E4981214ED8
:105800004A81234E4B81264E4C81294E4D812E4E8E
:105810004E812F4E4F81314E5081334E5181354E46
:105820005281374E53813C4E5481404E5581414EFA
:105830005681424E5781444E5881464E59814A4EB8
:105840005A81514E5B81554E5C81574E5D815A4E57
:105850005E815B4E5F81624E6081634E6181644E0A
:105860006281654E6381674E6481684E65816A4ED0
:1058700066816B4E67816C4E68816D4E69816E4E9C
:105880006A816F4E6B81724E6C81744E6D81754E64
:105890006E81764E6F81774E7081784E7181794E30
:1058A00072817A4E73817B4E74817C4E75817D4E00
:1058B00076817F4E7781804E7881814E7981824ECC
:1058C0007A81834E7B81844E7C81854E7D81874E9B
:1058D0007E818A4E8081904E8181964E8281974E44
:1058E0008381994E84819C4E85819D4E86819E4EFA
:1058F0008781A34E8881AA4E8981AF4E8A81B04E9E
:105900008B81B14E8C81B44E8D81B64E8E81B74E57
:105910008F81B84E9081B94E9181BC4E9281BD4E1F
:105920009381BE4E9481C84E9581CC4E9681CF4EC8
:105930009781D04E9881D24E9981DA4E9A81DB4E72
:105940009B81DC4E9C81E04E9D81E24E9E81E64E25
:105950009F81E74EA081E94EA181ED4EA281EE4EDE
:10596000A381EF4EA481F14EA581F44EA681F84E9D
:10597000A781F94EA881FA4EA981FC4EAA81FE4E5C
:10598000AB81004FAC81024FAD81034FAE81044F1C
:10599000AF81054FB081064FB181074FB281084FEB
:1059A000B3810B4FB4810C4FB581124FB681134FA9
:1059B000B781144FB881154FB981164FBA811C4F6A
:1059C000BB811D4FBC81214FBD81234FBE81284F1C
:1059D000BF81294FC0812C4FC1812D4FC2812E4FD5
:1059E000C381314FC481334FC581354FC681374F95
:1059F000C781394FC8813B4FC9813E4FCA813F4F54
:105A0000CB81404FCC81414FCD81424FCE81444F1D
:105A1000CF81454FD081474FD181484FD281494FE7
:105A2000D3814A4FD4814B4FD5814C4FD681524FB1
:105A3000D781544FD881564FD981614FDA81624F57
:105A4000DB81664FDC81684FDD816A4FDE816B4F01
:105A5000DF816D4FE0816E4FE181714FE281724FC6
:105A6000E381754FE481774FE581784FE681794F87
:105A7000E7817A4FE8817D4FE981804FEA81814F4C
:105A8000EB81824FEC81854FED81864FEE81874F10
:105A9000EF818A4FF0818C4FF1818E4FF281904FD0
:105AA000F381924FF481934FF581954FF681964F94
:105AB000F781984FF881994FF9819A4FFA819C4F5D
:105AC000FB819E4FFC819F4FFD81A14FFE81A24F24
:105AD0004082A44F4182AB4F4282AD4F4382B04FD0
:105AE0004482B14F4582B24F4682B34F4782B44F92
:105AF0004882B64F4982B74F4A82B84F4B82B94F5E
:105B00004C82BA4F4D82BB4F4E82BC4F4F82BD4F2D
:105B10005082BE4F5182C04F5282C14F5382C24FFA
:105B20005482C64F5582C74F5682C84F5782C94FBD
:105B30005882CB4F5982CC4F5A82CD4F5B82D24F85
:105B40005C82D34F5D82D44F5E82D54F5F82D64F49
:105B50006082D94F6182DB4F6282E04F6382E24F05
:105B60006482E44F6582E54F6682E74F6782EB4FC0
:105B70006882EC4F6982F04F6A82F24F6B82F44F79
:105B80006C82F54F6D82F64F6E82F74F6F82F94F40
:105B90007082FB4F7182FC4F7282FD4F7382FF4F08
:105BA00074820050758201507682025077820350D1
:105BB00078820450798205507A8206507B820750A1
:105BC0007C8208507D8209507E820A5080820B5070
:105BD00081820E5082821050838211508482135031
:105BE00085821550868216508782175088821B50F6
:105BF00089821D508A821E508B8220508C822250B6
:105C00008D8223508E8224508F82275090822B5079
:105C100091822F5092823050938231509482325030
:105C20009582335096823450978235509882365000
:105C3000998237509A8238509B8239509C823B50CF
:105C40009D823D509E823F509F824050A082415095
:105C5000A1824250A2824450A3824550A482465061
:105C6000A5824950A6824A50A7824B50A8824D5027
:105C7000A9825050AA825150AB825250AC825350EC
:105C8000AD825450AE825650AF825750B0825850B9
:105C9000B1825950B2825B50B3825D50B4825E5083
:105CA000B5825F50B6826050B7826150B882625050
:105CB000B9826350BA826450BB826650BC8267501E
:105CC000BD826850BE826950BF826A50C0826B50EC
:105CD000C1826D50C2826E50C3826F50C4827050B8
:105CE000C5827150C6827250C7827350C882745088
:105CF000C9827550CA827850CB827950CC827A5052
:105D0000CD827C50CE827D50CF828150D082825015
:105D1000D1828350D2828450D3828650D4828750DD
:105D2000D5828950D6828A50D7828B50D8828C50A7
:105D3000D9828E50DA828F50DB829050DC82915073
:105D4000DD829250DE829350DF829450E082955043
:105D5000E1829650E2829750E3829850E482995013
:105D6000E5829A50E6829B50E7829C50E8829D50E3
:105D7000E9829E50EA829F50EB82A050EC82A150B3
:105D8000ED82A250EE82A450EF82A650F082AA507B
:105D9000F182AB50F282AD50F382AE50F482AF503C
:105DA000F582B050F682B150F782B350F882B45009
:105DB000F982B550FA82B650FB82B750FC82B850D7
:105DC000FD82B950FE82BC504083BD504183BE501D
:105DD0004283BF504383C0504483C1504583C25067
:105DE0004683C3504783C4504883C5504983C65037
:105DF0004A83C7504B83C8504C83C9504D83CA5007
:105E00004E83CB504F83CC505083CD505183CE50D6
:105E10005283D0505383D1505483D2505583D350A2
:105E20005683D4505783D5505883D7505983D85070
:105E30005A83D9505B83DB505C83DC505D83DD503B
:105E40005E83DE505F83DF506083E0506183E1500A
:105E50006283E2506383E3506483E4506583E550DA
:105E60006683E8506783E9506883EA506983EB50A2
:105E70006A83EF506B83F0506C83F1506D83F25066
:105E80006E83F4506F83F6507083F7507183F8502F
:105E90007283F9507383FA507483FC507583FD50FC
:105EA0007683FE507783FF507883005179830151C8
:105EB0007A8302517B8303517C8304517D83055196
:105EC0007E8308518083095181830A5182830C515A
:105ED00083830D5184830E5185830F518683105126
:105EE0008783115188831351898314518A831551F3
:105EF0008B8316518C8317518D8318518E831951C2
:105F00008F831A5190831B5191831C5192831D5191
:105F100093831E5194831F51958320519683225160
:105F20009783235198832451998325519A8326512D
:105F30009B8327519C8328519D8329519E832A51FD
:105F40009F832B51A0832C51A1832D51A2832E51CD
:105F5000A3832F51A4833051A5833151A68332519D
:105F6000A7833351A8833451A9833551AA8336516D
:105F7000AB833751AC833851AD833951AE833A513D
:105F8000AF833B51B0833C51B1833D51B2833E510D
:105F9000B3834251B4834751B5834A51B6834C51C0
:105FA000B7834E51B8834F51B9835051BA83525180
:105FB000BB835351BC835751BD835851BE83595144
:105FC000BF835B51C0835D51C1835E51C2835F510A
:105FD000C3836051C4836151C5836351C6836451D7
:105FE000C7836651C8836751C9836951CA836A519F
:105FF000CB836F51CC837251CD837A51CE837E5146
:10600000CF837F51D0838351D1838451D2838651F2
:10601000D3838751D4838A51D5838B51D6838E51B4
:10602000D7838F51D8839051D9839151DA8393517B
:10603000DB839451DC839851DD839A51DE839D513B
:10604000DF839E51E0839F51E183A151E283A351FD
:10605000E383A651E483A751E583A851E683A951C0
:10606000E783AA51E883AD51E983AE51EA83B45185
:10607000EB83B851EC83B951ED83BA51EE83BE5135
:10608000EF83BF51F083C151F183C251F283C351F9
:10609000F383C551F483C851F583CA51F683CD51BA
:1060A000F783CE51F883D051F983D251FA83D3517B
:1060B000FB83D451FC83D551FD83D651FE83D75148
:1060C0004084D8514184D9514284DA514384DC510F
:1060D0004484DE514584DF514684E2514784E351D4
:1060E0004884E5514984E6514A84E7514B84E8519C
:1060F0004C84E9514D84EA514E84EC514F84EE5169
:106100005084F1515184F2515284F4515384F75127
:106110005484FE51558404525684055257840952C2
:1061200058840B5259840C525A840F525B8410527B
:106130005C8413525D8414525E8415525F841C5239
:1061400060841E5261841F526284215263842252F1
:1061500064842352658425526684265267842752BC
:1061600068842A5269842C526A842F526B8431527B
:106170006C8432526D8434526E8435526F843C523A
:1061800070843E52718444527284455273844652E4
:1061900074844752758448527684495277844B52AE
:1061A00078844E5279844F527A8452527B8453526F
:1061B0007C8455527D8457527E8458528084595233
:1061C00081845A5282845B5283845D5284845F52FC
:1061D00085846052868462528784635288846452C4
:1061E000898466528A8468528B846B528C846C5288
:1061F0008D846D528E846E528F8470529084715251
:10620000918473529284745293847552948476521A
:1062100095847752968478529784795298847A52EA
:1062200099847B529A847C529B847E529C848052B7
:106230009D8483529E8484529F848552A08486527A
:10624000A1848752A2848952A3848A52A4848B5247
:10625000A5848C52A6848D52A7848E52A8848F5216
:10626000A9849152AA849252AB849452AC849552E0
:10627000AD849652AE849752AF849852B0849952AE
:10628000B1849A52B2849C52B384A452B484A5526D
:10629000B584A652B684A752B784AE52B884AF5222
:1062A000B984B052BA84B452BB84B552BC84B652DD
:1062B000BD84B752BE84B852BF84B952C084BA52AA
:1062C000C184BB52C284BC52C384BD52C484C05278
:1062D000C584C152C684C252C784C452C884C55240
:1062E000C984C652CA84C852CB84CA52CC84CC5208
:1062F000CD84CD52CE84CE52CF84CF52D084D152D1
:10630000D184D352D284D452D384D552D484D75298
:10631000D584D952D684DA52D784DB52D884DC5261
:10632000D984DD52DA84DE52DB84E052DC84E1522F
:10633000DD84E252DE84E352DF84E552E084E652FB
:10634000E184E752E284E852E384E952E484EA52C9
:10635000E584EB52E684EC52E784ED52E884EE5299
:10636000E984EF52EA84F152EB84F252EC84F35266
:10637000ED84F452EE84F552EF84F652F084F75235
:10638000F184F852F284FB52F384FC52F484FD52FF
:10639000F5840153F6840253F7840353F8840453BD
:1063A000F9840753FA840953FB840A53FC840B5382
:1063B000FD840C53FE840E534085115341851253C6
:1063C00042851353438514534485185345851B5305
:1063D00046851C5347851E5348851F5349852253C4
:1063E0004A8524534B8525534C8527534D85285387
:1063F0004E8529534F852B5350852C5351852D5352
:1064000052852F535385305354853153558532531C
:1064100056853353578534535885355359853653EC
:106420005A8537535B8538535C853C535D853D53B6
:106430005E8540535F854253608544536185465372
:1064400062854B5363854C5364854D53658550532A
:1064500066855453678558536885595369855B53DE
:106460006A855D536B8565536C8568536D856A538A
:106470006E856C536F856D5370857253718576533D
:106480007285795373857B5374857C5375857D53F1
:1064900076857E53778580537885815379858353BC
:1064A0007A8587537B8588537C858A537D858E5377
:1064B0007E858F5380859053818591538285925339
:1064C0008385935384859453858596538685975306
:1064D0008785995388859B5389859C538A859E53CC
:1064E0008B85A0538C85A1538D85A4538E85A7538E
:1064F0008F85AA539085AB539185AC539285AD534C
:106500009385AF539485B0539585B1539685B25317
:106510009785B3539885B4539985B5539A85B753E6
:106520009B85B8539C85B9539D85BA539E85BC53B2
:106530009F85BD53A085BE53A185C053A285C3537B
:10654000A385C453A485C553A585C653A685C75343
:10655000A785CE53A885CF53A985D053AA85D253FA
:10656000AB85D353AC85D553AD85DA53AE85DC53BB
:10657000AF85DD53B085DE53B185E153B285E2537B
:10658000B385E753B485F453B585FA53B685FE5306
:10659000B785FF53B8850054B9850254BA850554B0
:1065A000BB850754BC850B54BD851454BE85185457
:1065B000BF851954C0851A54C1851C54C285225404
:1065C000C3852454C4852554C5852A54C6853054B2
:1065D000C7853354C8853654C9853754CA853A545B
:1065E000CB853D54CC853F54CD854154CE85425416
:1065F000CF854454D0854554D1854754D2854954DC
:10660000D3854C54D4854D54D5854E54D6854F549E
:10661000D7855154D8855A54D9855D54DA855E544E
:10662000DB855F54DC856054DD856154DE85635411
:10663000DF856554E0856754E1856954E2856A54D5
:10664000E3856B54E4856C54E5856D54E6856E54A2
:10665000E7856F54E8857054E9857454EA85795468
:10666000EB857A54EC857E54ED857F54EE8581541C
:10667000EF858354F0858554F1858754F2858854DD
:10668000F3858954F4858A54F5858D54F6859154A3
:10669000F7859354F8859754F9859854FA859C5456
:1066A000FB859E54FC859F54FD85A054FE85A15416
:1066B0004086A2544186A5544286AE544386B054C7
:1066C0004486B2544586B5544686B6544786B75478
:1066D0004886B9544986BA544A86BC544B86BE543F
:1066E0004C86C3544D86C5544E86CA544F86CB54EF
:1066F0005086D6545186D8545286DB545386E05483
:106700005486E1545586E2545686E3545786E45441
:106710005886EB545986EC545A86EF545B86F054F5
:106720005C86F1545D86F4545E86F5545F86F654BB
:106730006086F7546186F8546286F9546386FB5488
:106740006486FE5465860055668602556786035545
:1067500068860455698605556A8608556B860A550C
:106760006C860B556D860C556E860D556F860E55D5
:106770007086125571861355728615557386165597
:1067800074861755758618557686195577861A5565
:1067900078861C5579861D557A861E557B861F5531
:1067A0007C8621557D8625557E86265580862855F2
:1067B0008186295582862B5583862D5584863255B0
:1067C000858634558686355587863655888638556C
:1067D000898639558A863A558B863B558C863D5538
:1067E0008D8640558E8642558F86455590864755F5
:1067F0009186485592864B5593864C5594864D55B7
:1068000095864E5596864F55978651559886525582
:10681000998653559A8654559B8657559C8658554C
:106820009D8659559E865A559F865B55A0865D5517
:10683000A1865E55A2865F55A3866055A4866255E3
:10684000A5866355A6866855A7866955A8866B55A3
:10685000A9866F55AA867055AB867155AC86725560
:10686000AD867355AE867455AF867955B0867A5528
:10687000B1867D55B2867F55B3868555B4868655DB
:10688000B5868C55B6868D55B7868E55B88690558B
:10689000B9869255BA869355BB869555BC86965552
:1068A000BD869755BE869A55BF869B55C0869E5518
:1068B000C186A055C286A155C386A255C486A355DC
:1068C000C586A455C686A555C786A655C886A855AB
:1068D000C986A955CA86AA55CB86AB55CC86AC5578
:1068E000CD86AD55CE86AE55CF86AF55D086B05548
:1068F000D186B255D286B455D386B655D486B8550E
:10690000D586BA55D686BC55D786BF55D886C055CC
:10691000D986C155DA86C255DB86C355DC86C65595
:10692000DD86C755DE86C855DF86CA55E086CB555D
:10693000E186CE55E286CF55E386D055E486D5551F
:10694000E586D755E686D855E786D955E886DA55DF
:10695000E986DB55EA86DE55EB86E055EC86E255A6
:10696000ED86E755EE86E955EF86ED55F086EE5556
:10697000F186F055F286F155F386F455F486F65516
:10698000F586F855F686F955F786FA55F886FB55DB
:10699000F986FC55FA86FF55FB860256FC8603569F
:1069A000FD860456FE8605564087065641870756E3
:1069B00042870A5643870B5644870D564587105623
:1069C00046871156478712564887135649871456EB
:1069D0004A8715564B8716564C8717564D871956BA
:1069E0004E871A564F871C5650871D565187205682
:1069F0005287215653872256548725565587265647
:106A0000568728565787295658872A5659872B560E
:106A10005A872E565B872F565C8730565D873356D4
:106A20005E8735565F8737566087385661873A5696
:106A300062873C5663873D5664873E56658740565D
:106A4000668741566787425668874356698744562A
:106A50006A8745566B8746566C8747566D874856FA
:106A60006E8749566F874A5670874B5671874F56C7
:106A7000728750567387515674875256758753568E
:106A8000768755567787565678875A5679875B5654
:106A90007A875D567B875E567C875F567D8760561A
:106AA0007E876156808763568187655682876656E2
:106AB0008387675684876D5685876E5686876F569F
:106AC0008787705688877256898773568A87745667
:106AD0008B8775568C8777568D8778568E87795633
:106AE0008F877A5690877D5691877E5692877F56FC
:106AF00093878056948781569587825696878356CA
:106B00009787845698878756998788569A87895693
:106B10009B878A569C878B569D878C569E878D5661
:106B20009F879056A0879156A1879256A287945628
:106B3000A3879556A4879656A5879756A6879856F5
:106B4000A7879956A8879A56A9879B56AA879C56C5
:106B5000AB879D56AC879E56AD879F56AE87A05695
:106B6000AF87A156B087A256B187A456B287A55663
:106B7000B387A656B487A756B587A856B687A95631
:106B8000B787AA56B887AB56B987AC56BA87AD5601
:106B9000BB87AE56BC87B056BD87B156BE87B256CE
:106BA000BF87B356C087B456C187B556C287B6569D
:106BB000C387B856C487B956C587BA56C687BB5669
:106BC000C787BD56C887BE56C987BF56CA87C05635
:106BD000CB87C156CC87C256CD87C356CE87C45605
:106BE000CF87C556D087C656D187C756D287C856D5
:106BF000D387C956D487CB56D587CC56D687CD56A2
:106C0000D787CE56D887CF56D987D056DA87D15670
:106C1000DB87D256DC87D356DD87D556DE87D6563E
:106C2000DF87D856E087D956E187DC56E287E356FE
:106C3000E387E556E487E656E587E756E687E856B4
:106C4000E787E956E887EA56E987EC56EA87EE5681
:106C5000EB87EF56EC87F256ED87F356EE87F65644
:106C6000EF87F756F087F856F187FB56F287FC5608
:106C7000F3870057F4870157F5870257F6870557C2
:106C8000F7870757F8870B57F9870C57FA870D577F
:106C9000FB870E57FC870F57FD871057FE8711574C
:106CA0004088125741881357428814574388155714
:106CB00044881657458817574688185747881957E4
:106CC00048881A5749881B574A881D574B881E57B2
:106CD0004C8820574D8821574E8822574F8824577B
:106CE00050882557518826575288275753882B5745
:106CF00054883157558832575688345757883557F6
:106D000058883657598837575A8838575B883C57C0
:106D10005C883D575D883F575E8841575F88435781
:106D2000608844576188455762884657638848574A
:106D30006488495765884B57668852576788535708
:106D400068885457698855576A8856576B885857CA
:106D50006C8859576D8862576E8863576F8865577E
:106D60007088675771886C5772886E577388705730
:106D700074887157758872577688745777887557F5
:106D800078887857798879577A887A577B887D57B9
:106D90007C887E577D887F577E8880578088815782
:106DA00081888757828888578388895784888A573B
:106DB00085888D5786888E5787888F578888905703
:106DC000898891578A8894578B8895578C889657CD
:106DD0008D8897578E8898578F88995790889A579B
:106DE00091889C5792889D5793889E5794889F5767
:106DF0009588A5579688A8579788AA579888AC571A
:106E00009988AF579A88B0579B88B1579C88B357D9
:106E10009D88B5579E88B6579F88B757A088B957A1
:106E2000A188BA57A288BB57A388BC57A488BD576E
:106E3000A588BE57A688BF57A788C057A888C1573E
:106E4000A988C457AA88C557AB88C657AC88C75706
:106E5000AD88C857AE88C957AF88CA57B088CC57D5
:106E6000B188CD57B288D057B388D157B488D3579B
:106E7000B588D657B688D757B788DB57B888DC5758
:106E8000B988DE57BA88E157BB88E257BC88E35718
:106E9000BD88E557BE88E657BF88E757C088E857E2
:106EA000C188E957C288EA57C388EB57C488EC57B2
:106EB000C588EE57C688F057C788F157C888F2577B
:106EC000C988F357CA88F557CB88F657CC88F75747
:106ED000CD88FB57CE88FC57CF88FE57D088FF5708
:106EE000D1880158D2880358D3880458D4880558CB
:106EF000D5880858D6880958D7880A58D8880C5891
:106F0000D9880E58DA880F58DB881058DC88125858
:106F1000DD881358DE881458DF881658E088175823
:106F2000E1881858E2881A58E3881B58E4881C58EE
:106F3000E5881D58E6881F58E7882258E8882358B6
:106F4000E9882558EA882658EB882758EC8828587D
:106F5000ED882958EE882B58EF882C58F0882D584A
:106F6000F1882E58F2882F58F3883158F488325817
:106F7000F5883358F6883458F7883658F8883758E3
:106F8000F9883858FA883958FB883A58FC883B58B1
:106F9000FD883C58FE883D5840893E5841893F58FD
:106FA0004289405843894158448942584589435849
:106FB0004689455847894658488947584989485815
:106FC0004A8949584B894A584C894B584D894E58E3
:106FD0004E894F584F8950585089525851895358AB
:106FE0005289555853895658548957585589595874
:106FF00056895A5857895B5858895C5859895D5841
:107000005A895F585B8960585C8961585D8962580C
:107010005E8963585F8964586089665861896758DA
:10702000628968586389695864896A5865896D58A6
:1070300066896E5867896F58688970586989715870
:107040006A8972586B8973586C8974586D89755840
:107050006E8976586F897758708978587189795810
:1070600072897A5873897B5874897C5875897D58E0
:1070700076897F58778982587889845879898658A3
:107080007A8987587B8988587C898A587D898B586A
:107090007E898C5880898D5881898E5882898F5835
:1070A0008389905884899158858994588689955800
:1070B0008789965888899758898998588A899B58CA
:1070C0008B899C588C899D588D89A0588E89A15890
:1070D0008F89A2589089A3589189A4589289A5585C
:1070E0009389A6589489A7589589AA589689AB5828
:1070F0009789AC589889AD589989AE589A89AF58F4
:107100009B89B0589C89B1589D89B2589E89B358C3
:107110009F89B458A089B558A189B658A289B75893
:10712000A389B858A489B958A589BA58A689BB5863
:10713000A789BD58A889BE58A989BF58AA89C0582F
:10714000AB89C258AC89C358AD89C458AE89C658FA
:10715000AF89C758B089C858B189C958B289CA58C7
:10716000B389CB58B489CC58B589CD58B689CE5897
:10717000B789CF58B889D058B989D258BA89D35865
:10718000BB89D458BC89D658BD89D758BE89D85830
:10719000BF89D958C089DA58C189DB58C289DC58FF
:1071A000C389DD58C489DE58C589DF58C689E058CF
:1071B000C789E158C889E258C989E358CA89E5589E
:1071C000CB89E658CC89E758CD89E858CE89E9586B
:1071D000CF89EA58D089ED58D189EF58D289F15832
:1071E000D389F258D489F458D589F558D689F758F7
:1071F000D789F858D889FA58D989FB58DA89FC58C0
:10720000DB89FD58DC89FE58DD89FF58DE8900598D
:10721000DF890159E0890359E1890559E289065955
:10722000E3890859E4890959E5890A59E6890B591E
:10723000E7890C59E8890E59E9891059EA891159E9
:10724000EB891259EC891359ED891759EE891859B0
:10725000EF891B59F0891D59F1891E59F28920596E
:10726000F3892159F4892259F5892359F689265938
:10727000F7892859F8892C59F9893059FA893259EE
:10728000FB893359FC893559FD893659FE893B59AB
:10729000408A3D59418A3E59428A3F59438A405962
:1072A000448A4359458A4559468A4659478A4A5924
:1072B000488A4C59498A4D594A8A50594B8A5259E1
:1072C0004C8A53594D8A59594E8A5B594F8A5C5999
:1072D000508A5D59518A5E59528A5F59538A615961
:1072E000548A6359558A6459568A6659578A675928
:1072F000588A6859598A69595A8A6A595B8A6B59F6
:107300005C8A6C595D8A6D595E8A6E595F8A6F59C5
:10731000608A7059618A7159628A7259638A755993
:10732000648A7759658A7A59668A7B59678A7C5953
:10733000688A7E59698A7F596A8A80596B8A855919
:107340006C8A89596D8A8B596E8A8C596F8A8E59CD
:10735000708A8F59718A9059728A9159738A945997
:10736000748A9559758A9859768A9A59778A9B5959
:10737000788A9C59798A9D597A8A9F597B8AA05923
:107380007C8AA1597D8AA2597E8AA659808AA759EA
:10739000818AAC59828AAD59838AB059848AB1599D
:1073A000858AB359868AB459878AB559888AB65965
:1073B000898AB7598A8AB8598B8ABA598C8ABC5932
:1073C0008D8ABD598E8ABF598F8AC059908AC159FA
:1073D000918AC259928AC359938AC459948AC559C9
:1073E000958AC759968AC859978AC959988ACC5993
:1073F000998ACD599A8ACE599B8ACF599C8AD55958
:107400009D8AD6599E8AD9599F8ADB59A08ADE590E
:10741000A18ADF59A28AE059A38AE159A48AE259D4
:10742000A58AE459A68AE659A78AE759A88AE9599C
:10743000A98AEA59AA8AEB59AB8AED59AC8AEE5966
:10744000AD8AEF59AE8AF059AF8AF159B08AF25934
:10745000B18AF359B28AF459B38AF559B48AF65904
:10746000B58AF759B68AF859B78AFA59B88AFC59D1
:10747000B98AFD59BA8AFE59BB8A005ABC8A025A97
:10748000BD8A0A5ABE8A0B5ABF8A0D5AC08A0E5A42
:10749000C18A0F5AC28A105AC38A125AC48A145A0D
:1074A000C58A155AC68A165AC78A175AC88A195AD7
:1074B000C98A1A5ACA8A1B5ACB8A1D5ACC8A1E5AA2
:1074C000CD8A215ACE8A225ACF8A245AD08A265A65
:1074D000D18A275AD28A285AD38A2A5AD48A2B5A2E
:1074E000D58A2C5AD68A2D5AD78A2E5AD88A2F5AFC
:1074F000D98A305ADA8A335ADB8A355ADC8A375AC3
:10750000DD8A385ADE8A395ADF8A3A5AE08A3B5A8B
:10751000E18A3D5AE28A3E5AE38A3F5AE48A415A56
:10752000E58A425AE68A435AE78A445AE88A455A23
:10753000E98A475AEA8A485AEB8A4B5AEC8A4C5AEB
:10754000ED8A4D5AEE8A4E5AEF8A4F5AF08A505AB7
:10755000F18A515AF28A525AF38A535AF48A545A87
:10756000F58A565AF68A575AF78A585AF88A595A53
:10757000F98A5B5AFA8A5C5AFB8A5D5AFC8A5E5A1F
:10758000FD8A5F5AFE8A605A408B615A418B635A6A
:10759000428B645A438B655A448B665A458B685AB2
:1075A000468B695A478B6B5A488B6C5A498B6D5A7C
:1075B0004A8B6E5A4B8B6F5A4C8B705A4D8B715A4B
:1075C0004E8B725A4F8B735A508B785A518B795A13
:1075D000528B7B5A538B7C5A548B7D5A558B7E5AD7
:1075E000568B805A578B815A588B825A598B835AA3
:1075F0005A8B845A5B8B855A5C8B865A5D8B875A73
:107600005E8B885A5F8B895A608B8A5A618B8B5A42
:10761000628B8C5A638B8D5A648B8E5A658B8F5A12
:10762000668B905A678B915A688B935A698B945AE0
:107630006A8B955A6B8B965A6C8B975A6D8B985AAE
:107640006E8B995A6F8B9C5A708B9D5A718B9E5A78
:10765000728B9F5A738BA05A748BA15A758BA25A46
:10766000768BA35A778BA45A788BA55A798BA65A16
:107670007A8BA75A7B8BA85A7C8BA95A7D8BAB5AE5
:107680007E8BAC5A808BAD5A818BAE5A828BAF5AAF
:10769000838BB05A848BB15A858BB45A868BB65A79
:1076A000878BB75A888BB95A898BBA5A8A8BBB5A3F
:1076B0008B8BBC5A8C8BBD5A8D8BBF5A8E8BC05A0C
:1076C0008F8BC35A908BC45A918BC55A928BC65AD2
:1076D000938BC75A948BC85A958BCA5A968BCB5AA0
:1076E000978BCD5A988BCE5A998BCF5A9A8BD05A6A
:1076F0009B8BD15A9C8BD35A9D8BD55A9E8BD75A34
:107700009F8BD95AA08BDA5AA18BDB5AA28BDD5AF8
:10771000A38BDE5AA48BDF5AA58BE25AA68BE45AC0
:10772000A78BE55AA88BE75AA98BE85AAA8BEA5A85
:10773000AB8BEC5AAC8BED5AAD8BEE5AAE8BEF5A4D
:10774000AF8BF05AB08BF25AB18BF35AB28BF45A1A
:10775000B38BF55AB48BF65AB58BF75AB68BF85AE9
:10776000B78BF95AB88BFA5AB98BFB5ABA8BFC5AB9
:10777000BB8BFD5ABC8BFE5ABD8BFF5ABE8B005B88
:10778000BF8B015BC08B025BC18B035BC28B045B55
:10779000C38B055BC48B065BC58B075BC68B085B25
:1077A000C78B0A5BC88B0B5BC98B0C5BCA8B0D5BF1
:1077B000CB8B0E5BCC8B0F5BCD8B105BCE8B115BC1
:1077C000CF8B125BD08B135BD18B145BD28B155B91
:1077D000D38B185BD48B195BD58B1A5BD68B1B5B59
:1077E000D78B1C5BD88B1D5BD98B1E5BDA8B1F5B29
:1077F000DB8B205BDC8B215BDD8B225BDE8B235BF9
:10780000DF8B245BE08B255BE18B265BE28B275BC8
:10781000E38B285BE48B295BE58B2A5BE68B2B5B98
:10782000E78B2C5BE88B2D5BE98B2E5BEA8B2F5B68
:10783000EB8B305BEC8B315BED8B335BEE8B355B35
:10784000EF8B365BF08B385BF18B395BF28B3A5BFD
:10785000F38B3B5BF48B3C5BF58B3D5BF68B3E5BCC
:10786000F78B3F5BF88B415BF98B425BFA8B435B99
:10787000FB8B445BFC8B455BFD8B465BFE8B475B68
:10788000408C485B418C495B428C4A5B438C4B5B30
:10789000448C4C5B458C4D5B468C4E5B478C4F5B00
:1078A000488C525B498C565B4A8C5E5B4B8C605BB0
:1078B0004C8C615B4D8C675B4E8C685B4F8C6B5B5B
:1078C000508C6D5B518C6E5B528C6F5B538C725B1A
:1078D000548C745B558C765B568C775B578C785BDD
:1078E000588C795B598C7B5B5A8C7C5B5B8C7E5BA8
:1078F0005C8C7F5B5D8C825B5E8C865B5F8C8A5B65
:10790000608C8D5B618C8E5B628C905B638C915B19
:10791000648C925B658C945B668C965B678C9F5BDA
:10792000688CA75B698CA85B6A8CA95B6B8CAC5B71
:107930006C8CAD5B6D8CAE5B6E8CAF5B6F8CB15B3A
:10794000708CB25B718CB75B728CBA5B738CBB5BF7
:10795000748CBC5B758CC05B768CC15B778CC35BB5
:10796000788CC85B798CC95B7A8CCA5B7B8CCB5B6F
:107970007C8CCD5B7D8CCE5B7E8CCF5B808CD15B39
:10798000818CD45B828CD55B838CD65B848CD75BFB
:10799000858CD85B868CD95B878CDA5B888CDB5BCB
:1079A000898CDC5B8A8CE05B8B8CE25B8C8CE35B90
:1079B0008D8CE65B8E8CE75B8F8CE95B908CEA5B51
:1079C000918CEB5B928CEC5B938CED5B948CEF5B1E
:1079D000958CF15B968CF25B978CF35B988CF45BE7
:1079E000998CF55B9A8CF65B9B8CF75B9C8CFD5BB2
:1079F0009D8CFE5B9E8C005C9F8C025CA08C035C6B
:107A0000A18C055CA28C075CA38C085CA48C0B5C2D
:107A1000A58C0C5CA68C0D5CA78C0E5CA88C105CF5
:107A2000A98C125CAA8C135CAB8C175CAC8C195CB7
:107A3000AD8C1B5CAE8C1E5CAF8C1F5CB08C205C74
:107A4000B18C215CB28C235CB38C265CB48C285C3A
:107A5000B58C295CB68C2A5CB78C2B5CB88C2D5C01
:107A6000B98C2E5CBA8C2F5CBB8C305CBC8C325CCD
:107A7000BD8C335CBE8C355CBF8C365CC08C375C97
:107A8000C18C435CC28C445CC38C465CC48C475C38
:107A9000C58C4C5CC68C4D5CC78C525CC88C535CEE
:107AA000C98C545CCA8C565CCB8C575CCC8C585CB3
:107AB000CD8C5A5CCE8C5B5CCF8C5C5CD08C5D5C7E
:107AC000D18C5F5CD28C625CD38C645CD48C675C40
:107AD000D58C685CD68C695CD78C6A5CD88C6B5C06
:107AE000D98C6C5CDA8C6D5CDB8C705CDC8C725CD1
:107AF000DD8C735CDE8C745CDF8C755CE08C765C9A
:107B0000E18C775CE28C785CE38C7B5CE48C7C5C65
:107B1000E58C7D5CE68C7E5CE78C805CE88C835C2D
:107B2000E98C845CEA8C855CEB8C865CEC8C875CF5
:107B3000ED8C895CEE8C8A5CEF8C8B5CF08C8E5CBF
:107B4000F18C8F5CF28C925CF38C935CF48C955C82
:107B5000F58C9D5CF68C9E5CF78C9F5CF88CA05C31
:107B6000F98CA15CFA8CA45CFB8CA55CFC8CA65CFB
:107B7000FD8CA75CFE8CA85C408DAA5C418DAE5C40
:107B8000428DAF5C438DB05C448DB25C458DB45C7E
:107B9000468DB65C478DB95C488DBA5C498DBB5C3F
:107BA0004A8DBC5C4B8DBE5C4C8DC05C4D8DC25C07
:107BB0004E8DC35C4F8DC55C508DC65C518DC75CCE
:107BC000528DC85C538DC95C548DCA5C558DCC5C9C
:107BD000568DCD5C578DCE5C588DCF5C598DD05C69
:107BE0005A8DD15C5B8DD35C5C8DD45C5D8DD55C36
:107BF0005E8DD65C5F8DD75C608DD85C618DDA5C04
:107C0000628DDB5C638DDC5C648DDD5C658DDE5CD0
:107C1000668DDF5C678DE05C688DE25C698DE35C9E
:107C20006A8DE75C6B8DE95C6C8DEB5C6D8DEC5C5B
:107C30006E8DEE5C6F8DEF5C708DF15C718DF25C22
:107C4000728DF35C738DF45C748DF55C758DF65CF0
:107C5000768DF75C778DF85C788DF95C798DFA5CC0
:107C60007A8DFC5C7B8DFD5C7C8DFE5C7D8DFF5C8C
:107C70007E8D005D808D015D818D045D828D055D51
:107C8000838D085D848D095D858D0A5D868D0B5D14
:107C9000878D0C5D888D0D5D898D0F5D8A8D105DE2
:107CA0008B8D115D8C8D125D8D8D135D8E8D155DAF
:107CB0008F8D175D908D185D918D195D928D1A5D78
:107CC000938D1C5D948D1D5D958D1F5D968D205D42
:107CD000978D215D988D225D998D235D9A8D255D0F
:107CE0009B8D285D9C8D2A5D9D8D2B5D9E8D2C5DD1
:107CF0009F8D2F5DA08D305DA18D315DA28D325D98
:107D0000A38D335DA48D355DA58D365DA68D375D64
:107D1000A78D385DA88D395DA98D3A5DAA8D3B5D33
:107D2000AB8D3C5DAC8D3F5DAD8D405DAE8D415DFD
:107D3000AF8D425DB08D435DB18D445DB28D455DCB
:107D4000B38D465DB48D485DB58D495DB68D4D5D95
:107D5000B78D4E5DB88D4F5DB98D505DBA8D515D5B
:107D6000BB8D525DBC8D535DBD8D545DBE8D555D2B
:107D7000BF8D565DC08D575DC18D595DC28D5A5DF9
:107D8000C38D5C5DC48D5E5DC58D5F5DC68D605DC0
:107D9000C78D615DC88D625DC98D635DCA8D645D8F
:107DA000CB8D655DCC8D665DCD8D675DCE8D685D5F
:107DB000CF8D6A5DD08D6D5DD18D6E5DD28D705D24
:107DC000D38D715DD48D725DD58D735DD68D755DEE
:107DD000D78D765DD88D775DD98D785DDA8D795DBB
:107DE000DB8D7A5DDC8D7B5DDD8D7C5DDE8D7D5D8B
:107DF000DF8D7E5DE08D7F5DE18D805DE28D815D5B
:107E0000E38D835DE48D845DE58D855DE68D865D26
:107E1000E78D875DE88D885DE98D895DEA8D8A5DF6
:107E2000EB8D8B5DEC8D8C5DED8D8D5DEE8D8E5DC6
:107E3000EF8D8F5DF08D905DF18D915DF28D925D96
:107E4000F38D935DF48D945DF58D955DF68D965D66
:107E5000F78D975DF88D985DF98D9A5DFA8D9B5D34
:107E6000FB8D9C5DFC8D9E5DFD8D9F5DFE8DA05DFF
:107E7000408EA15D418EA25D428EA35D438EA45DC6
:107E8000448EA55D458EA65D468EA75D478EA85D96
:107E9000488EA95D498EAA5D4A8EAB5D4B8EAC5D66
:107EA0004C8EAD5D4D8EAE5D4E8EAF5D4F8EB05D36
:107EB000508EB15D518EB25D528EB35D538EB45D06
:107EC000548EB55D558EB65D568EB85D578EB95DD4
:107ED000588EBA5D598EBB5D5A8EBC5D5B8EBD5DA2
:107EE0005C8EBE5D5D8EBF5D5E8EC05D5F8EC15D72
:107EF000608EC25D618EC35D628EC45D638EC65D41
:107F0000648EC75D658EC85D668EC95D678ECA5D0D
:107F1000688ECB5D698ECC5D6A8ECE5D6B8ECF5DDB
:107F20006C8ED05D6D8ED15D6E8ED25D6F8ED35DA9
:107F3000708ED45D718ED55D728ED65D738ED75D79
:107F4000748ED85D758ED95D768EDA5D778EDC5D48
:107F5000788EDF5D798EE05D7A8EE35D7B8EE45D09
:107F60007C8EEA5D7D8EEC5D7E8EED5D808EF05DBB
:107F7000818EF55D828EF65D838EF85D848EF95D6F
:107F8000858EFA5D868EFB5D878EFC5D888EFF5D3B
:107F9000898E005E8A8E045E8B8E075E8C8E095EF3
:107FA0008D8E0A5E8E8E0B5E8F8E0D5E908E0E5EB7
:107FB000918E125E928E135E938E175E948E1E5E6D
:107FC000958E1F5E968E205E978E215E988E225E25
:107FD000998E235E9A8E245E9B8E255E9C8E285EF3
:107FE0009D8E295E9E8E2A5E9F8E2B5EA08E2C5EBD
:107FF000A18E2F5EA28E305EA38E325EA48E335E83
:10800000A58E345EA68E355EA78E365EA88E395E4E
:10801000A98E3A5EAA8E3E5EAB8E3F5EAC8E405E0F
:10802000AD8E415EAE8E435EAF8E465EB08E475ED5
:10803000B18E485EB28E495EB38E4A5EB48E4B5EA0
:10804000B58E4D5EB68E4E5EB78E4F5EB88E505E6C
:10805000B98E515EBA8E525EBB8E535EBC8E565E3A
:10806000BD8E575EBE8E585EBF8E595EC08E5A5E04
:10807000C18E5C5EC28E5D5EC38E5F5EC48E605ECE
:10808000C58E635EC68E645EC78E655EC88E665E94
:10809000C98E675ECA8E685ECB8E695ECC8E6A5E64
:1080A000CD8E6B5ECE8E6C5ECF8E6D5ED08E6E5E34
:1080B000D18E6F5ED28E705ED38E715ED48E755E01
:1080C000D58E775ED68E795ED78E7E5ED88E815EB7
:1080D000D98E825EDA8E835EDB8E855EDC8E885E74
:1080E000DD8E895EDE8E8C5EDF8E8D5EE08E8E5E36
:1080F000E18E925EE28E985EE38E9B5EE48E9D5EE4
:10810000E58EA15EE68EA25EE78EA35EE88EA45E9B
:10811000E98EA85EEA8EA95EEB8EAA5EEC8EAB5E5F
:10812000ED8EAC5EEE8EAE5EEF8EAF5EF08EB05E2C
:10813000F18EB15EF28EB25EF38EB45EF48EBA5EF4
:10814000F58EBB5EF68EBC5EF78EBD5EF88EBF5EB2
:10815000F98EC05EFA8EC15EFB8EC25EFC8EC35E7F
:10816000FD8EC45EFE8EC55E408FC65E418FC75ECB
:10817000428FC85E438FCB5E448FCC5E458FCD5E11
:10818000468FCE5E478FCF5E488FD05E498FD45EDC
:108190004A8FD55E4B8FD75E4C8FD85E4D8FD95EA0
:1081A0004E8FDA5E4F8FDC5E508FDD5E518FDE5E6C
:1081B000528FDF5E538FE05E548FE15E558FE25E3B
:1081C000568FE35E578FE45E588FE55E598FE65E0B
:1081D0005A8FE75E5B8FE95E5C8FEB5E5D8FEC5ED6
:1081E0005E8FED5E5F8FEE5E608FEF5E618FF05EA3
:1081F000628FF15E638FF25E648FF35E658FF55E72
:10820000668FF85E678FF95E688FFB5E698FFC5E34
:108210006A8FFD5E6B8F055F6C8F065F6D8F075FEA
:108220006E8F095F6F8F0C5F708F0D5F718F0E5FA8
:10823000728F105F738F125F748F145F758F165F6C
:10824000768F195F778F1A5F788F1C5F798F1D5F2C
:108250007A8F1E5F7B8F215F7C8F225F7D8F235FF4
:108260007E8F245F808F285F818F2B5F828F2C5FB2
:10827000838F2E5F848F305F858F325F868F335F71
:10828000878F345F888F355F898F365F8A8F375F3E
:108290008B8F385F8C8F3B5F8D8F3D5F8E8F3E5F06
:1082A0008F8F3F5F908F415F918F425F928F435FCF
:1082B000938F445F948F455F958F465F968F475F9E
:1082C000978F485F988F495F998F4A5F9A8F4B5F6E
:1082D0009B8F4C5F9C8F4D5F9D8F4E5F9E8F4F5F3E
:1082E0009F8F515FA08F545FA18F595FA28F5A5FFC
:1082F000A38F5B5FA48F5C5FA58F5E5FA68F5F5FC0
:10830000A78F605FA88F635FA98F655FAA8F675F84
:10831000AB8F685FAC8F6B5FAD8F6E5FAE8F6F5F43
:10832000AF8F725FB08F745FB18F755FB28F765F02
:10833000B38F785FB48F7A5FB58F7D5FB68F7E5FC6
:10834000B78F7F5FB88F835FB98F865FBA8F8D5F7E
:10835000BB8F8E5FBC8F8F5FBD8F915FBE8F935F32
:10836000BF8F945FC08F965FC18F9A5FC28F9B5FF4
:10837000C38F9D5FC48F9E5FC58F9F5FC68FA05FB9
:10838000C78FA25FC88FA35FC98FA45FCA8FA55F85
:10839000CB8FA65FCC8FA75FCD8FA95FCE8FAB5F52
:1083A000CF8FAC5FD08FAF5FD18FB05FD28FB15F17
:1083B000D38FB25FD48FB35FD58FB45FD68FB65FE4
:1083C000D78FB85FD88FB95FD98FBA5FDA8FBB5FAD
:1083D000DB8FBE5FDC8FBF5FDD8FC05FDE8FC15F75
:1083E000DF8FC25FE08FC75FE18FC85FE28FCA5F38
:1083F000E38FCB5FE48FCE5FE58FD35FE68FD45FF3
:10840000E78FD55FE88FDA5FE98FDB5FEA8FDC5FAC
:10841000EB8FDE5FEC8FDF5FED8FE25FEE8FE35F70
:10842000EF8FE55FF08FE65FF18FE85FF28FE95F36
:10843000F38FEC5FF48FEF5FF58FF05FF68FF25FF5
:10844000F78FF35FF88FF45FF98FF65FFA8FF75FBE
:10845000FB8FF95FFC8FFA5FFD8FFC5FFE8F07607B
:10846000409008604190096042900B6043900C601E
:1084700044901060459011604690136047901760DB
:108480004890186049901A604A901E604B901F6097
:108490004C9022604D9023604E9024604F902C6051
:1084A00050902D6051902E6052903060539031600A
:1084B00054903260559033605690346057903660D7
:1084C00058903760599038605A9039605B903A60A4
:1084D0005C903D605D903E605E9040605F90446067
:1084E000609045606190466062904760639048602C
:1084F0006490496065904A6066904C6067904E60F9
:1085000068904F60699051606A9053606B905460BE
:108510006C9056606D9057606E9058606F905B6085
:1085200070905C6071905E6072905F60739060604C
:1085300074906160759065607690666077906E600B
:1085400078907160799072607A9074607B907560B9
:108550007C9077607D907E607E908060809081606E
:10856000819082608290856083908660849087602D
:108570008590886086908A6087908B6088908E60F6
:1085800089908F608A9090608B9091608C909360BE
:108590008D9095608E9097608F9098609090996084
:1085A00091909C6092909E609390A1609490A26044
:1085B0009590A4609690A5609790A7609890A96008
:1085C0009990AA609A90AE609B90B0609C90B360C6
:1085D0009D90B5609E90B6609F90B760A090B96086
:1085E000A190BA60A290BD60A390BE60A490BF604D
:1085F000A590C060A690C160A790C260A890C3601B
:10860000A990C460AA90C760AB90C860AC90C960E4
:10861000AD90CC60AE90CD60AF90CE60B090CF60AA
:10862000B190D060B290D260B390D360B490D46077
:10863000B590D660B690D760B790D960B890DB603F
:10864000B990DE60BA90E160BB90E260BC90E360FC
:10865000BD90E460BE90E560BF90EA60C090F160BC
:10866000C190F260C290F560C390F760C490F8606A
:10867000C590FB60C690FC60C790FD60C890FE602E
:10868000C990FF60CA900261CB900361CC900461F5
:10869000CD900561CE900761CF900A61D0900B61BB
:1086A000D1900C61D2901061D3901161D49012617D
:1086B000D5901361D6901461D7901661D890176148
:1086C000D9901861DA901961DB901B61DC901C6114
:1086D000DD901D61DE901E61DF902161E0902261DE
:1086E000E1902561E2902861E3902961E4902A619C
:1086F000E5902C61E6902D61E7902E61E8902F6166
:10870000E9903061EA903161EB903261EC90336135
:10871000ED903461EE903561EF903661F090376105
:10872000F1903861F2903961F3903A61F4903B61D5
:10873000F5903C61F6903D61F7903E61F8904061A4
:10874000F9904161FA904261FB904361FC90446171
:10875000FD904561FE9046614091476141914961BC
:1087600042914B6143914D6144914F6145915061FC
:1087700046915261479153614891546149915661C4
:108780004A9157614B9158614C9159614D915A6191
:108790004E915B614F915C6150915E6151915F615F
:1087A000529160615391616154916361559164612B
:1087B00056916561579166615891696159916A61F5
:1087C0005A916B615B916C615C916D615D916E61C1
:1087D0005E916F615F91716160917261619173618E
:1087E0006291746163917661649178616591796158
:1087F00066917A6167917B6168917C6169917D6125
:108800006A917E616B917F616C9180616D918161F4
:108810006E9182616F9183617091846171918561C4
:108820007291866173918761749188617591896194
:1088300076918A6177918C6178918D6179918F6160
:108840007A9190617B9191617C9192617D9193612C
:108850007E919561809196618191976182919861F5
:108860008391996184919A6185919B6186919C61C4
:1088700087919E6188919F618991A0618A91A16190
:108880008B91A2618C91A3618D91A4618E91A56160
:108890008F91A6619091AA619191AB619291AD6126
:1088A0009391AE619491AF619591B0619691B161F0
:1088B0009791B2619891B3619991B4619A91B561C0
:1088C0009B91B6619C91B8619D91B9619E91BA618D
:1088D0009F91BB61A091BC61A191BD61A291BF615B
:1088E000A391C061A491C161A591C361A691C46126
:1088F000A791C561A891C661A991C761AA91C961F3
:10890000AB91CC61AC91CD61AD91CE61AE91CF61B7
:10891000AF91D061B091D361B191D561B291D6617F
:10892000B391D761B491D861B591D961B691DA614B
:10893000B791DB61B891DC61B991DD61BA91DE611B
:10894000BB91DF61BC91E061BD91E161BE91E261EB
:10895000BF91E361C091E461C191E561C291E761BA
:10896000C391E861C491E961C591EA61C691EB6187
:10897000C791EC61C891ED61C991EE61CA91EF6157
:10898000CB91F061CC91F161CD91F261CE91F36127
:10899000CF91F461D091F661D191F761D291F861F4
:1089A000D391F961D491FA61D591FB61D691FC61C3
:1089B000D791FD61D891FE61D9910062DA9101628F
:1089C000DB910262DC910362DD910462DE9105625B
:1089D000DF910762E0910962E1911362E291146212
:1089E000E3911962E4911C62E5911D62E6911E62B9
:1089F000E7912062E8912362E9912662EA91276279
:108A0000EB912862EC912962ED912B62EE912D623F
:108A1000EF912F62F0913062F1913162F291326206
:108A2000F3913562F4913662F5913862F6913962CC
:108A3000F7913A62F8913B62F9913C62FA91426295
:108A4000FB914462FC914562FD914662FE914A624F
:108A500040924F62419250624292556243925662F6
:108A6000449257624592596246925A6247925C62BA
:108A700048925D6249925E624A925F624B92606286
:108A80004C9261624D9262624E9264624F92656254
:108A90005092686251927162529272625392746201
:108AA00054927562559277625692786257927A62C2
:108AB00058927B6259927D625A9281625B92826285
:108AC0005C9283625D9285625E9286625F9287624B
:108AD0006092886261928B6262928C6263928D6214
:108AE00064928E6265928F626692906267929462DF
:108AF0006892996269929C626A929D626B929E6290
:108B00006C92A3626D92A6626E92A7626F92A96246
:108B10007092AA627192AD627292AE627392AF620B
:108B20007492B0627592B2627692B3627792B462D6
:108B30007892B6627992B7627A92B8627B92BA62A0
:108B40007C92BE627D92C0627E92C1628092C3625C
:108B50008192CB628292CF628392D1628492D562FB
:108B60008592DD628692DE628792E0628892E1629F
:108B70008992E4628A92EA628B92EB628C92F06252
:108B80008D92F2628E92F5628F92F8629092F96203
:108B90009192FA629292FB629392006394920363C1
:108BA00095920463969205639792066398920A637E
:108BB00099920B639A920C639B920D639C920F6344
:108BC0009D9210639E9212639F921363A09214630E
:108BD000A1921563A2921763A3921863A4921963DA
:108BE000A5921C63A6922663A7922763A892296385
:108BF000A9922C63AA922D63AB922E63AC92306340
:108C0000AD923163AE923363AF923463B092356309
:108C1000B1923663B2923763B3923863B4923B63D6
:108C2000B5923C63B6923E63B7923F63B89240639D
:108C3000B9924163BA924463BB924763BC92486362
:108C4000BD924A63BE925163BF925263C092536316
:108C5000C1925463C2925663C3925763C4925863DD
:108C6000C5925963C6925A63C7925B63C8925C63AC
:108C7000C9925D63CA926063CB926463CC92656370
:108C8000CD926663CE926863CF926A63D0926B6333
:108C9000D1926C63D2926F63D3927063D4927263F9
:108CA000D5927363D6927463D7927563D8927863C2
:108CB000D9927963DA927C63DB927D63DC927E6386
:108CC000DD927F63DE928163DF928363E09284634F
:108CD000E1928563E2928663E3928B63E4928D6313
:108CE000E5929163E6929363E7929463E8929563C9
:108CF000E9929763EA929963EB929A63EC929B6391
:108D0000ED929C63EE929D63EF929E63F0929F635F
:108D1000F192A163F292A463F392A663F492AB631F
:108D2000F592AF63F692B163F792B263F892B563CE
:108D3000F992B663FA92B963FB92BB63FC92BD638E
:108D4000FD92BF63FE92C0634093C1634193C263CF
:108D50004293C3634393C5634493C7634593C86316
:108D60004693CA634793CB634893CC634993D163DB
:108D70004A93D3634B93D4634C93D5634D93D7639A
:108D80004E93D8634F93D9635093DA635193DB6367
:108D90005293DC635393DD635493DF635593E26333
:108DA0005693E4635793E5635893E6635993E763F7
:108DB0005A93E8635B93EB635C93EC635D93EE63C0
:108DC0005E93EF635F93F0636093F1636193F3638A
:108DD0006293F5636393F7636493F9636593FA634E
:108DE0006693FB636793FC636893FE636993036414
:108DF0006A9304646B9306646C9307646D930864D0
:108E00006E9309646F930A6470930D6471930E649A
:108E1000729311647393126474931564759316645A
:108E200076931764779318647893196479931A6426
:108E30007A931D647B931F647C9322647D932364E7
:108E40007E932464809325648193276482932864AD
:108E50008393296484932B6485932E6486932F6473
:108E60008793306488933164899332648A9333643E
:108E70008B9335648C9336648D9337648E9338640A
:108E80008F93396490933B6491933C6492933E64D6
:108E90009393406494934264959343649693496496
:108EA00097934B6498934C6499934D649A934E6452
:108EB0009B934F649C9350649D9351649E93536421
:108EC0009F935564A0935664A1935764A2935964E9
:108ED000A3935A64A4935B64A5935C64A6935D64B6
:108EE000A7935F64A8936064A9936164AA93626482
:108EF000AB936364AC936464AD936564AE93666452
:108F0000AF936864B0936A64B1936B64B2936C641A
:108F1000B3936E64B4936F64B5937064B6937164E5
:108F2000B7937264B8937364B9937464BA937564B5
:108F3000BB937664BC937764BD937B64BE937C647F
:108F4000BF937D64C0937E64C1937F64C293806449
:108F5000C3938164C4938364C5938664C693886411
:108F6000C7938964C8938A64C9938B64CA938C64D9
:108F7000CB938D64CC938E64CD938F64CE939064A9
:108F8000CF939364D0939464D1939764D29398646D
:108F9000D3939A64D4939B64D5939C64D6939D6435
:108FA000D7939F64D893A064D993A164DA93A26401
:108FB000DB93A364DC93A564DD93A664DE93A764CE
:108FC000DF93A864E093AA64E193AB64E293AF6497
:108FD000E393B164E493B264E593B364E693B46459
:108FE000E793B664E893B964E993BB64EA93BD641C
:108FF000EB93BE64EC93BF64ED93C164EE93C364E2
:10900000EF93C464F093C664F193C764F293C864A9
:10901000F393C964F493CA64F593CB64F693CC6478
:10902000F793CF64F893D164F993D364FA93D4643B
:10903000FB93D564FC93D664FD93D964FE93DA6404
:109040004094DB644194DC644294DD644394DF64C7
:109050004494E0644594E1644694E3644794E56491
:109060004894E7644994E8644A94E9644B94EA6458
:109070004C94EB644D94EC644E94ED644F94EE6428
:109080005094EF645194F0645294F1645394F264F8
:109090005494F3645594F4645694F5645794F664C8
:1090A0005894F7645994F8645A94F9645B94FA6498
:1090B0005C94FB645D94FC645E94FD645F94FE6468
:1090C0006094FF6461940165629402656394036532
:1090D0006494046565940565669406656794076500
:1090E0006894086569940A656A940B656B940C65CD
:1090F0006C940D656D940E656E940F656F9410659C
:109100007094116571941365729414657394156568
:1091100074941665759417657694196577941A6535
:1091200078941B6579941C657A941D657B941E6503
:109130007C941F657D9420657E94216580942265D2
:10914000819423658294246583942665849427659D
:10915000859428658694296587942A6588942C656A
:1091600089942D658A9430658B9431658C94326531
:109170008D9433658E9437658F943A6590943C65F1
:1091800091943D65929440659394416594944265B1
:10919000959443659694446597944665989447657D
:1091A00099944A659A944B659B944D659C944E6541
:1091B0009D9450659E9452659F945365A094546508
:1091C000A1945765A2945865A3945A65A4945C65CC
:1091D000A5945F65A6946065A7946165A89464658D
:1091E000A9946565AA946765AB946865AC94696554
:1091F000AD946A65AE946D65AF946E65B0946F651D
:10920000B1947165B2947365B3947565B4947665E1
:10921000B5947865B6947965B7947A65B8947B65AA
:10922000B9947C65BA947D65BB947E65BC947F657A
:10923000BD948065BE948165BF948265C09483654A
:10924000C1948465C2948565C3948665C494886519
:10925000C5948965C6948A65C7948D65C8948E65E2
:10926000C9948F65CA949265CB949465CC949565A6
:10927000CD949665CE949865CF949A65D0949D656B
:10928000D1949E65D294A065D394A265D494A3652D
:10929000D594A665D694A865D794AA65D894AC65EC
:1092A000D994AE65DA94B165DB94B265DC94B365AC
:1092B000DD94B465DE94B565DF94B665E094B7657A
:1092C000E194B865E294BA65E394BB65E494BE6545
:1092D000E594BF65E694C065E794C265E894C76508
:1092E000E994C865EA94C965EB94CA65EC94CD65C8
:1092F000ED94D065EE94D165EF94D365F094D46588
:10930000F194D565F294D865F394D965F494DA654F
:10931000F594DB65F694DC65F794DD65F894DE651D
:10932000F994DF65FA94E165FB94E365FC94E465E8
:10933000FD94EA65FE94EB654095F2654195F36511
:109340004295F4654395F5654495F8654595F9654D
:109350004695FB654795FC654895FD654995FE6515
:109360004A95FF654B9501664C9504664D950566DB
:109370004E9507664F9508665095096651950B66A0
:1093800052950D6653951066549511665595126663
:1093900056951666579517665895186659951A6624
:1093A0005A951B665B951C665C951E665D952166ED
:1093B0005E9522665F9523666095246661952666B4
:1093C0006295296663952A6664952B6665952C6679
:1093D00066952E6667953066689532666995336640
:1093E0006A9537666B9538666C9539666D953A6601
:1093F0006E953B666F953D6670953F6671954066CC
:109400007295426673954466749545667595466691
:1094100076954766779548667895496679954A6660
:109420007A954D667B954E667C9550667D95516626
:109430007E9558668095596681955B6682955C66D7
:1094400083955D6684955E668595606686956266A1
:109450008795636688956566899567668A95696666
:109460008B956A668C956B668D956C668E956D6630
:109470008F957166909572669195736692957566F3
:10948000939578669495796695957B6696957C66B6
:1094900097957D6698957F66999580669A95816681
:1094A0009B9583669C9585669D9586669E95886648
:1094B0009F958966A0958A66A1958B66A2958D6613
:1094C000A3958E66A4958F66A5959066A6959266DF
:1094D000A7959366A8959466A9959566AA959866AA
:1094E000AB959966AC959A66AD959B66AE959C6674
:1094F000AF959E66B0959F66B195A066B295A16640
:10950000B395A266B495A366B595A466B695A5660F
:10951000B795A666B895A966B995AA66BA95AB66D9
:10952000BB95AC66BC95AD66BD95AF66BE95B066A5
:10953000BF95B166C095B266C195B366C295B56672
:10954000C395B666C495B766C595B866C695BA663E
:10955000C795BB66C895BC66C995BD66CA95BF660A
:10956000CB95C066CC95C166CD95C266CE95C366D7
:10957000CF95C466D095C566D195C666D295C766A7
:10958000D395C866D495C966D595CA66D695CB6677
:10959000D795CC66D895CD66D995CE66DA95CF6647
:1095A000DB95D066DC95D166DD95D266DE95D36617
:1095B000DF95D466E095D566E195D666E295D766E7
:1095C000E395D866E495DA66E595DE66E695DF66AE
:1095D000E795E066E895E166E995E266EA95E36677
:1095E000EB95E466EC95E566ED95E766EE95E86645
:1095F000EF95EA66F095EB66F195EC66F295ED660F
:10960000F395EE66F495EF66F595F166F695F566D9
:10961000F795F666F895F866F995FA66FA95FB6699
:10962000FB95FD66FC950167FD950267FE95036756
:10963000409604674196056742960667439607671A
:1096400044960C6745960E6746960F6747961167D6
:1096500048961267499613674A9616674B9618679D
:109660004C9619674D961A674E961C674F961E6763
:10967000509620675196216752962267539623672A
:1096800054962467559625675696276757962967F7
:1096900058962E67599630675A9632675B963367AD
:1096A0005C9636675D9637675E9638675F96396772
:1096B00060963B6761963C6762963E6763963F673C
:1096C00064964167659644676696456767964767FF
:1096D00068964A6769964B676A964D676B965267BC
:1096E0006C9654676D9655676E9657676F96586778
:1096F0007096596771965A6772965B6773965D6745
:109700007496626775966367769664677796666700
:109710007896676779966B677A966C677B966E67C3
:109720007C9671677D9674677E967667809678677B
:109730008196796782967A6783967B6784967D6740
:109740008596806786968267879683678896856701
:10975000899686678A9688678B968A678C968C67C7
:109760008D968D678E968E678F968F679096916790
:10977000919692679296936793969467949696675C
:109780009596996796969B6797969F679896A06718
:109790009996A1679A96A4679B96A6679C96A967D7
:1097A0009D96AC679E96AE679F96B167A096B2678E
:1097B000A196B467A296B967A396BA67A496BB6749
:1097C000A596BC67A696BD67A796BE67A896BF6715
:1097D000A996C067AA96C267AB96C567AC96C667DE
:1097E000AD96C767AE96C867AF96C967B096CA67A9
:1097F000B196CB67B296CC67B396CD67B496CE6779
:10980000B596D567B696D667B796D767B896DB672D
:10981000B996DF67BA96E167BB96E367BC96E467E3
:10982000BD96E667BE96E767BF96E867C096EA67AB
:10983000C196EB67C296ED67C396EE67C496F26772
:10984000C596F567C696F667C796F767C896F86730
:10985000C996F967CA96FA67CB96FB67CC96FC6700
:10986000CD96FE67CE960168CF960268D0960368C3
:10987000D1960468D2960668D3960D68D49610687F
:10988000D5961268D6961468D7961568D896186833
:10989000D9961968DA961A68DB961B68DC961C68FC
:1098A000DD961E68DE961F68DF962068E0962268C7
:1098B000E1962368E2962468E3962568E496266894
:1098C000E5962768E6962868E7962B68E8962C6860
:1098D000E9962D68EA962E68EB962F68EC9630682C
:1098E000ED963168EE963468EF963568F0963668F6
:1098F000F1963A68F2963B68F3963F68F4964768AB
:10990000F5964B68F6964D68F7964F68F89652684C
:10991000F9965668FA965768FB965868FC96596807
:10992000FD965A68FE965B6840975C6841975D6853
:1099300042975E6843975F6844976A6845976C688A
:1099400046976D6847976E6848976F684997706843
:109950004A9771684B9772684C9773684D97756812
:109960004E9778684F97796850977A6851977B68D7
:1099700052977C6853977D6854977E6855977F68A7
:109980005697806857978268589784685997876870
:109990005A9788685B9789685C978A685D978B6837
:1099A0005E978C685F978D6860978E686197906806
:1099B00062979168639792686497946865979568D1
:1099C00066979668679798686897996869979A689C
:1099D0006A979B686B979C686C979D686D979E686B
:1099E0006E979F686F97A0687097A1687197A3683A
:1099F0007297A4687397A5687497A9687597AA6801
:109A00007697AB687797AC687897AE687997B168C6
:109A10007A97B2687B97B4687C97B6687D97B76889
:109A20007E97B8688097B9688197BA688297BB6853
:109A30008397BC688497BD688597BE688697BF6822
:109A40008797C1688897C3688997C4688A97C568EB
:109A50008B97C6688C97C7688D97C8688E97CA68B9
:109A60008F97CC689097CE689197CF689297D0687F
:109A70009397D1689497D3689597D4689697D6684A
:109A80009797D7689897D9689997DB689A97DC6811
:109A90009B97DD689C97DE689D97DF689E97E168DD
:109AA0009F97E268A097E468A197E568A297E668A7
:109AB000A397E768A497E868A597E968A697EA6876
:109AC000A797EB68A897EC68A997ED68AA97EF6845
:109AD000AB97F268AC97F368AD97F468AE97F66809
:109AE000AF97F768B097F868B197FB68B297FD68D1
:109AF000B397FE68B497FF68B5970069B697026997
:109B0000B7970369B8970469B9970669BA9707695F
:109B1000BB970869BC970969BD970A69BE970C692C
:109B2000BF970F69C0971169C1971369C2971469EC
:109B3000C3971569C4971669C5971769C6971869B9
:109B4000C7971969C8971A69C9971B69CA971C6989
:109B5000CB971D69CC971E69CD972169CE97226955
:109B6000CF972369D0972569D1972669D29727691E
:109B7000D3972869D4972969D5972A69D6972B69ED
:109B8000D7972C69D8972E69D9972F69DA973169B9
:109B9000DB973269DC973369DD973569DE97366983
:109BA000DF973769E0973869E1973A69E2973B694F
:109BB000E3973C69E4973E69E5974069E697416918
:109BC000E7974369E8974469E9974569EA974669E1
:109BD000EB974769EC974869ED974969EE974A69B1
:109BE000EF974B69F0974C69F1974D69F2974E6981
:109BF000F3974F69F4975069F5975169F697526951
:109C0000F7975369F8975569F9975669FA9758691C
:109C1000FB975969FC975B69FD975C69FE975F69E3
:109C2000409861694198626942986469439865699E
:109C300044986769459868694698696947986A6968
:109C400048986C6949986D694A986F694B98706932
:109C50004C9872694D9873694E9874694F987569FC
:109C60005098766951987A6952987B6953987D69C2
:109C700054987E6955987F69569881695798836989
:109C80005898856959988A695A988B695B988C6944
:109C90005C988E695D988F695E9890695F9891690C
:109CA00060989269619893696298966963989769D8
:109CB0006498996965989A6966989D6967989E699C
:109CC00068989F696998A0696A98A1696B98A26968
:109CD0006C98A3696D98A4696E98A5696F98A66938
:109CE0007098A9697198AA697298AC697398AE69FD
:109CF0007498AF697598B0697698B2697798B369C6
:109D00007898B5697998B6697A98B8697B98B9698D
:109D10007C98BA697D98BC697E98BD698098BE6957
:109D20008198BF698298C0698398C2698498C36921
:109D30008598C4698698C5698798C6698898C769EF
:109D40008998C8698A98C9698B98CB698C98CD69BC
:109D50008D98CF698E98D1698F98D2699098D36980
:109D60009198D5699298D6699398D7699498D8694B
:109D70009598D9699698DA699798DC699898DD6919
:109D80009998DE699A98E1699B98E2699C98E369E1
:109D90009D98E4699E98E5699F98E669A098E769AF
:109DA000A198E869A298E969A398EA69A498EB697F
:109DB000A598EC69A698EE69A798EF69A898F0694C
:109DC000A998F169AA98F369AB98F469AC98F56918
:109DD000AD98F669AE98F769AF98F869B098F969E7
:109DE000B198FA69B298FB69B398FC69B498FE69B6
:109DF000B598006AB698016AB798026AB898036A7B
:109E0000B998046ABA98056ABB98066ABC98076A4A
:109E1000BD98086ABE98096ABF980B6AC0980C6A18
:109E2000C1980D6AC2980E6AC3980F6AC498106AE6
:109E3000C598116AC698126AC798136AC898146AB6
:109E4000C998156ACA98166ACB98196ACC981A6A82
:109E5000CD981B6ACE981C6ACF981D6AD0981E6A4E
:109E6000D198206AD298226AD398236AD498246A17
:109E7000D598256AD698266AD798276AD898296AE5
:109E8000D9982B6ADA982C6ADB982D6ADC982E6AAE
:109E9000DD98306ADE98326ADF98336AE098346A77
:109EA000E198366AE298376AE398386AE498396A42
:109EB000E5983A6AE6983B6AE7983C6AE8983F6A10
:109EC000E998406AEA98416AEB98426AEC98436ADA
:109ED000ED98456AEE98466AEF98486AF098496AA4
:109EE000F1984A6AF2984B6AF3984C6AF4984D6A72
:109EF000F5984E6AF6984F6AF798516AF898526A40
:109F0000F998536AFA98546AFB98556AFC98566A0D
:109F1000FD98576AFE985A6A40995C6A41995D6A51
:109F200042995E6A43995F6A4499606A4599626A98
:109F30004699636A4799646A4899666A4999676A63
:109F40004A99686A4B99696A4C996A6A4D996B6A31
:109F50004E996C6A4F996D6A50996E6A51996F6A01
:109F60005299706A5399726A5499736A5599746ACE
:109F70005699756A5799766A5899776A5999786A9D
:109F80005A997A6A5B997B6A5C997D6A5D997E6A67
:109F90005E997F6A5F99816A6099826A6199836A32
:109FA0006299856A6399866A6499876A6599886AFD
:109FB0006699896A67998A6A68998B6A69998C6ACD
:109FC0006A998D6A6B998F6A6C99926A6D99936A96
:109FD0006E99946A6F99956A7099966A7199986A60
:109FE0007299996A73999A6A74999B6A75999C6A2D
:109FF00076999D6A77999E6A78999F6A7999A16AFC
:10A000007A99A26A7B99A36A7C99A46A7D99A56AC8
:10A010007E99A66A8099A76A8199A86A8299AA6A94
:10A020008399AD6A8499AE6A8599AF6A8699B06A58
:10A030008799B16A8899B26A8999B36A8A99B46A28
:10A040008B99B56A8C99B66A8D99B76A8E99B86AF8
:10A050008F99B96A9099BA6A9199BB6A9299BC6AC8
:10A060009399BD6A9499BE6A9599BF6A9699C06A98
:10A070009799C16A9899C26A9999C36A9A99C46A68
:10A080009B99C56A9C99C66A9D99C76A9E99C86A38
:10A090009F99C96AA099CA6AA199CB6AA299CC6A08
:10A0A000A399CD6AA499CE6AA599CF6AA699D06AD8
:10A0B000A799D16AA899D26AA999D36AAA99D46AA8
:10A0C000AB99D56AAC99D66AAD99D76AAE99D86A78
:10A0D000AF99D96AB099DA6AB199DB6AB299DC6A48
:10A0E000B399DD6AB499DE6AB599DF6AB699E06A18
:10A0F000B799E16AB899E26AB999E36ABA99E46AE8
:10A10000BB99E56ABC99E66ABD99E76ABE99E86AB7
:10A11000BF99E96AC099EA6AC199EB6AC299EC6A87
:10A12000C399ED6AC499EE6AC599EF6AC699F06A57
:10A13000C799F16AC899F26AC999F36ACA99F46A27
:10A14000CB99F56ACC99F66ACD99F76ACE99F86AF7
:10A15000CF99F96AD099FA6AD199FB6AD299FC6AC7
:10A16000D399FD6AD499FE6AD599FF6AD699006B96
:10A17000D799016BD899026BD999036BDA99046B63
:10A18000DB99056BDC99066BDD99076BDE99086B33
:10A19000DF99096BE0990A6BE1990B6BE2990C6B03
:10A1A000E3990D6BE4990E6BE5990F6BE699106BD3
:10A1B000E799116BE899126BE999136BEA99146BA3
:10A1C000EB99156BEC99166BED99176BEE99186B73
:10A1D000EF99196BF0991A6BF1991B6BF2991C6B43
:10A1E000F3991D6BF4991E6BF5991F6BF699256B0E
:10A1F000F799266BF899286BF999296BFA992A6BCC
:10A20000FB992B6BFC992C6BFD992D6BFE992E6B9A
:10A21000409A2F6B419A306B429A316B439A336B61
:10A22000449A346B459A356B469A366B479A386B2D
:10A23000489A3B6B499A3C6B4A9A3D6B4B9A3F6BF1
:10A240004C9A406B4D9A416B4E9A426B4F9A446BBD
:10A25000509A456B519A486B529A4A6B539A4B6B82
:10A26000549A4D6B559A4E6B569A4F6B579A506B4A
:10A27000589A516B599A526B5A9A536B5B9A546B1A
:10A280005C9A556B5D9A566B5E9A576B5F9A586BEA
:10A29000609A5A6B619A5B6B629A5C6B639A5D6BB6
:10A2A000649A5E6B659A5F6B669A606B679A616B86
:10A2B000689A686B699A696B6A9A6B6B6B9A6C6B3C
:10A2C0006C9A6D6B6D9A6E6B6E9A6F6B6F9A706B0A
:10A2D000709A716B719A726B729A736B739A746BDA
:10A2E000749A756B759A766B769A776B779A786BAA
:10A2F000789A7A6B799A7D6B7A9A7E6B7B9A7F6B70
:10A300007C9A806B7D9A856B7E9A886B809A8C6B29
:10A31000819A8E6B829A8F6B839A906B849A916BE1
:10A32000859A946B869A956B879A976B889A986BA7
:10A33000899A996B8A9A9C6B8B9A9D6B8C9A9E6B6F
:10A340008D9A9F6B8E9AA06B8F9AA26B909AA36B3B
:10A35000919AA46B929AA56B939AA66B949AA76B09
:10A36000959AA86B969AA96B979AAB6B989AAC6BD7
:10A37000999AAD6B9A9AAE6B9B9AAF6B9C9AB06BA5
:10A380009D9AB16B9E9AB26B9F9AB66BA09AB86B6E
:10A39000A19AB96BA29ABA6BA39ABB6BA49ABC6B35
:10A3A000A59ABD6BA69ABE6BA79AC06BA89AC36B01
:10A3B000A99AC46BAA9AC66BAB9AC76BAC9AC86BC6
:10A3C000AD9AC96BAE9ACA6BAF9ACC6BB09ACE6B92
:10A3D000B19AD06BB29AD16BB39AD86BB49ADA6B4C
:10A3E000B59ADC6BB69ADD6BB79ADE6BB89ADF6B09
:10A3F000B99AE06BBA9AE26BBB9AE36BBC9AE46BD6
:10A40000BD9AE56BBE9AE66BBF9AE76BC09AE86BA4
:10A41000C19AE96BC29AEC6BC39AED6BC49AEE6B6E
:10A42000C59AF06BC69AF16BC79AF26BC89AF46B37
:10A43000C99AF66BCA9AF76BCB9AF86BCC9AFA6BFF
:10A44000CD9AFB6BCE9AFC6BCF9AFE6BD09AFF6BCA
:10A45000D19A006CD29A016CD39A026CD49A036C94
:10A46000D59A046CD69A086CD79A096CD89A0A6C5B
:10A47000D99A0B6CDA9A0C6CDB9A0E6CDC9A126C23
:10A48000DD9A176CDE9A1C6CDF9A1D6CE09A1E6CCC
:10A49000E19A206CE29A236CE39A256CE49A2B6C87
:10A4A000E59A2C6CE69A2D6CE79A316CE89A336C3D
:10A4B000E99A366CEA9A376CEB9A396CEC9A3A6CFA
:10A4C000ED9A3B6CEE9A3C6CEF9A3E6CF09A3F6CC6
:10A4D000F19A436CF29A446CF39A456CF49A486C86
:10A4E000F59A4B6CF69A4C6CF79A4D6CF89A4E6C48
:10A4F000F99A4F6CFA9A516CFB9A526CFC9A536C15
:10A50000FD9A566CFE9A586C409B596C419B5A6C54
:10A51000429B626C439B636C449B656C459B666C81
:10A52000469B676C479B6B6C489B6C6C499B6D6C46
:10A530004A9B6E6C4B9B6F6C4C9B716C4D9B736C10
:10A540004E9B756C4F9B776C509B786C519B7A6CD3
:10A55000529B7B6C539B7C6C549B7F6C559B806C9B
:10A56000569B846C579B876C589B8A6C599B8B6C51
:10A570005A9B8D6C5B9B8E6C5C9B916C5D9B926C13
:10A580005E9B956C5F9B966C609B976C619B986CD7
:10A59000629B9A6C639B9C6C649B9D6C659B9E6CA0
:10A5A000669BA06C679BA26C689BA86C699BAC6C5B
:10A5B0006A9BAF6C6B9BB06C6C9BB46C6D9BB56C09
:10A5C0006E9BB66C6F9BB76C709BBA6C719BC06CCA
:10A5D000729BC16C739BC26C749BC36C759BC66C85
:10A5E000769BC76C779BC86C789BCB6C799BCD6C4A
:10A5F0007A9BCE6C7B9BCF6C7C9BD16C7D9BD26C11
:10A600007E9BD86C809BD96C819BDA6C829BDC6CC6
:10A61000839BDD6C849BDF6C859BE46C869BE66C86
:10A62000879BE76C889BE96C899BEC6C8A9BED6C43
:10A630008B9BF26C8C9BF46C8D9BF96C8E9BFF6CEE
:10A640008F9B006D909B026D919B036D929B056D9E
:10A65000939B066D949B086D959B096D969B0A6D67
:10A66000979B0D6D989B0F6D999B106D9A9B116D2B
:10A670009B9B136D9C9B146D9D9B156D9E9B166DF6
:10A680009F9B186DA09B1C6DA19B1D6DA29B1F6DB8
:10A69000A39B206DA49B216DA59B226DA69B236D82
:10A6A000A79B246DA89B266DA99B286DAA9B296D4D
:10A6B000AB9B2C6DAC9B2D6DAD9B2F6DAE9B306D10
:10A6C000AF9B346DB09B366DB19B376DB29B386DCF
:10A6D000B39B3A6DB49B3F6DB59B406DB69B426D8D
:10A6E000B79B446DB89B496DB99B4C6DBA9B506D3F
:10A6F000BB9B556DBC9B566DBD9B576DBE9B586DEE
:10A70000BF9B5B6DC09B5D6DC19B5F6DC29B616DAF
:10A71000C39B626DC49B646DC59B656DC69B676D75
:10A72000C79B686DC89B6B6DC99B6C6DCA9B6D6D3B
:10A73000CB9B706DCC9B716DCD9B726DCE9B736D01
:10A74000CF9B756DD09B766DD19B796DD29B7A6DC9
:10A75000D39B7B6DD49B7D6DD59B7E6DD69B7F6D92
:10A76000D79B806DD89B816DD99B836DDA9B846D5F
:10A77000DB9B866DDC9B876DDD9B8A6DDE9B8B6D25
:10A78000DF9B8D6DE09B8F6DE19B906DE29B926DE9
:10A79000E39B966DE49B976DE59B986DE69B996DA9
:10A7A000E79B9A6DE89B9C6DE99BA26DEA9BA56D6A
:10A7B000EB9BAC6DEC9BAD6DED9BB06DEE9BB16D0D
:10A7C000EF9BB36DF09BB46DF19BB66DF29BB76DD3
:10A7D000F39BB96DF49BBA6DF59BBB6DF69BBC6D9D
:10A7E000F79BBD6DF89BBE6DF99BC16DFA9BC26D69
:10A7F000FB9BC36DFC9BC86DFD9BC96DFE9BCA6D29
:10A80000409CCD6D419CCE6D429CCF6D439CD06DE4
:10A81000449CD26D459CD36D469CD46D479CD56DB0
:10A82000489CD76D499CDA6D4A9CDB6D4B9CDC6D76
:10A830004C9CDF6D4D9CE26D4E9CE36D4F9CE56D35
:10A84000509CE76D519CE86D529CE96D539CEA6DFC
:10A85000549CED6D559CEF6D569CF06D579CF26DC0
:10A86000589CF46D599CF56D5A9CF66D5B9CF86D87
:10A870005C9CFA6D5D9CFD6D5E9CFE6D5F9CFF6D4A
:10A88000609C006E619C016E629C026E639C036E14
:10A89000649C046E659C066E669C076E679C086EE1
:10A8A000689C096E699C0B6E6A9C0F6E6B9C126EA5
:10A8B0006C9C136E6D9C156E6E9C186E6F9C196E61
:10A8C000709C1B6E719C1C6E729C1E6E739C1F6E26
:10A8D000749C226E759C266E769C276E779C286EE3
:10A8E000789C2A6E799C2C6E7A9C2E6E7B9C306EA6
:10A8F0007C9C316E7D9C336E7E9C356E809C366E6A
:10A90000819C376E829C396E839C3B6E849C3C6E2E
:10A91000859C3D6E869C3E6E879C3F6E889C406EFB
:10A92000899C416E8A9C426E8B9C456E8C9C466EC7
:10A930008D9C476E8E9C486E8F9C496E909C4A6E93
:10A94000919C4B6E929C4C6E939C4F6E949C506E5F
:10A95000959C516E969C526E979C556E989C576E26
:10A96000999C596E9A9C5A6E9B9C5C6E9C9C5D6EE9
:10A970009D9C5E6E9E9C606E9F9C616EA09C626EB4
:10A98000A19C636EA29C646EA39C656EA49C666E83
:10A99000A59C676EA69C686EA79C696EA89C6A6E53
:10A9A000A99C6C6EAA9C6D6EAB9C6F6EAC9C706E1D
:10A9B000AD9C716EAE9C726EAF9C736EB09C746EEB
:10A9C000B19C756EB29C766EB39C776EB49C786EBB
:10A9D000B59C796EB69C7A6EB79C7B6EB89C7C6E8B
:10A9E000B99C7D6EBA9C806EBB9C816EBC9C826E55
:10A9F000BD9C846EBE9C876EBF9C886EC09C8A6E18
:10AA0000C19C8B6EC29C8C6EC39C8D6EC49C8E6EE2
:10AA1000C59C916EC69C926EC79C936EC89C946EAA
:10AA2000C99C956ECA9C966ECB9C976ECC9C996E79
:10AA3000CD9C9A6ECE9C9B6ECF9C9D6ED09C9E6E44
:10AA4000D19CA06ED29CA16ED39CA36ED49CA46E0C
:10AA5000D59CA66ED69CA86ED79CA96ED89CAB6ED2
:10AA6000D99CAC6EDA9CAD6EDB9CAE6EDC9CB06E9D
:10AA7000DD9CB36EDE9CB56EDF9CB86EE09CB96E5B
:10AA8000E19CBC6EE29CBE6EE39CBF6EE49CC06E1B
:10AA9000E59CC36EE69CC46EE79CC56EE89CC66EE2
:10AAA000E99CC86EEA9CC96EEB9CCA6EEC9CCC6EAD
:10AAB000ED9CCD6EEE9CCE6EEF9CD06EF09CD26E77
:10AAC000F19CD66EF29CD86EF39CD96EF49CDB6E32
:10AAD000F59CDC6EF69CDD6EF79CE36EF89CE76EF1
:10AAE000F99CEA6EFA9CEB6EFB9CEC6EFC9CED6EA6
:10AAF000FD9CEE6EFE9CEF6E409DF06E419DF16EF2
:10AB0000429DF26E439DF36E449DF56E459DF66E3B
:10AB1000469DF76E479DF86E489DFA6E499DFB6E07
:10AB20004A9DFC6E4B9DFD6E4C9DFE6E4D9DFF6ED5
:10AB30004E9D006F4F9D016F509D036F519D046F9F
:10AB4000529D056F539D076F549D086F559D0A6F69
:10AB5000569D0B6F579D0C6F589D0D6F599D0E6F35
:10AB60005A9D106F5B9D116F5C9D126F5D9D166FFE
:10AB70005E9D176F5F9D186F609D196F619D1A6FC5
:10AB8000629D1B6F639D1C6F649D1D6F659D1E6F95
:10AB9000669D1F6F679D216F689D226F699D236F62
:10ABA0006A9D256F6B9D266F6C9D276F6D9D286F2D
:10ABB0006E9D2C6F6F9D2E6F709D306F719D326FEB
:10ABC000729D346F739D356F749D376F759D386FAF
:10ABD000769D396F779D3A6F789D3B6F799D3C6F7D
:10ABE0007A9D3D6F7B9D3F6F7C9D406F7D9D416F4A
:10ABF0007E9D426F809D436F819D446F829D456F16
:10AC0000839D486F849D496F859D4A6F869D4C6FDB
:10AC1000879D4E6F889D4F6F899D506F8A9D516FA4
:10AC20008B9D526F8C9D536F8D9D546F8E9D556F74
:10AC30008F9D566F909D576F919D596F929D5A6F42
:10AC4000939D5B6F949D5D6F959D5F6F969D606F0B
:10AC5000979D616F989D636F999D646F9A9D656FD5
:10AC60009B9D676F9C9D686F9D9D696F9E9D6A6FA0
:10AC70009F9D6B6FA09D6C6FA19D6F6FA29D706F6C
:10AC8000A39D716FA49D736FA59D756FA69D766F33
:10AC9000A79D776FA89D796FA99D7B6FAA9D7D6FFA
:10ACA000AB9D7E6FAC9D7F6FAD9D806FAE9D816FC4
:10ACB000AF9D826FB09D836FB19D856FB29D866F92
:10ACC000B39D876FB49D8A6FB59D8B6FB69D8F6F57
:10ACD000B79D906FB89D916FB99D926FBA9D936F1C
:10ACE000BB9D946FBC9D956FBD9D966FBE9D976FEC
:10ACF000BF9D986FC09D996FC19D9A6FC29D9B6FBC
:10AD0000C39D9D6FC49D9E6FC59D9F6FC69DA06F87
:10AD1000C79DA26FC89DA36FC99DA46FCA9DA56F53
:10AD2000CB9DA66FCC9DA86FCD9DA96FCE9DAA6F20
:10AD3000CF9DAB6FD09DAC6FD19DAD6FD29DAE6FEF
:10AD4000D39DAF6FD49DB06FD59DB16FD69DB26FBF
:10AD5000D79DB46FD89DB56FD99DB76FDA9DB86F89
:10AD6000DB9DBA6FDC9DBB6FDD9DBC6FDE9DBD6F53
:10AD7000DF9DBE6FE09DBF6FE19DC16FE29DC36F20
:10AD8000E39DC46FE49DC56FE59DC66FE69DC76FEB
:10AD9000E79DC86FE89DCA6FE99DCB6FEA9DCC6FB8
:10ADA000EB9DCD6FEC9DCE6FED9DCF6FEE9DD06F87
:10ADB000EF9DD36FF09DD46FF19DD56FF29DD66F4F
:10ADC000F39DD76FF49DD86FF59DD96FF69DDA6F1F
:10ADD000F79DDB6FF89DDC6FF99DDD6FFA9DDF6FEE
:10ADE000FB9DE26FFC9DE36FFD9DE46FFE9DE56FB3
:10ADF000409EE66F419EE76F429EE86F439EE96F7B
:10AE0000449EEA6F459EEB6F469EEC6F479EED6F4A
:10AE1000489EF06F499EF16F4A9EF26F4B9EF36F12
:10AE20004C9EF46F4D9EF56F4E9EF66F4F9EF76FE2
:10AE3000509EF86F519EF96F529EFA6F539EFB6FB2
:10AE4000549EFC6F559EFD6F569EFE6F579EFF6F82
:10AE5000589E0070599E01705A9E02705B9E03704E
:10AE60005C9E04705D9E05705E9E06705F9E07701E
:10AE7000609E0870619E0970629E0A70639E0B70EE
:10AE8000649E0C70659E0D70669E0E70679E0F70BE
:10AE9000689E1070699E12706A9E13706B9E14708B
:10AEA0006C9E15706D9E16706E9E17706F9E18705A
:10AEB000709E1970719E1C70729E1D70739E1E7024
:10AEC000749E1F70759E2070769E2170779E2270F2
:10AED000789E2470799E25707A9E26707B9E2770BE
:10AEE0007C9E28707D9E29707E9E2A70809E2B708D
:10AEF000819E2C70829E2D70839E2E70849E2F705A
:10AF0000859E3070869E3170879E3270889E337029
:10AF1000899E34708A9E36708B9E37708C9E3870F6
:10AF20008D9E3A708E9E3B708F9E3C70909E3D70C1
:10AF3000919E3E70929E3F70939E4070949E417091
:10AF4000959E4270969E4370979E4470989E457061
:10AF5000999E46709A9E47709B9E48709C9E497031
:10AF60009D9E4A709E9E4B709F9E4D70A09E4E70FF
:10AF7000A19E5070A29E5170A39E5270A49E5370C9
:10AF8000A59E5470A69E5570A79E5670A89E577099
:10AF9000A99E5870AA9E5970AB9E5A70AC9E5B7069
:10AFA000AD9E5C70AE9E5D70AF9E5F70B09E607037
:10AFB000B19E6170B29E6270B39E6370B49E647005
:10AFC000B59E6570B69E6670B79E6770B89E6870D5
:10AFD000B99E6970BA9E6A70BB9E6E70BC9E71709D
:10AFE000BD9E7270BE9E7370BF9E7470C09E77705F
:10AFF000C19E7970C29E7A70C39E7B70C49E7D7024
:10B00000C59E8170C69E8270C79E8370C89E8470E4
:10B01000C99E8670CA9E8770CB9E8870CC9E8B70AE
:10B02000CD9E8C70CE9E8D70CF9E8F70D09E907076
:10B03000D19E9170D29E9370D39E9770D49E98703B
:10B04000D59E9A70D69E9B70D79E9E70D89E9F70FC
:10B05000D99EA070DA9EA170DB9EA270DC9EA370C8
:10B06000DD9EA470DE9EA570DF9EA670E09EA77098
:10B07000E19EA870E29EA970E39EAA70E49EB07063
:10B08000E59EB270E69EB470E79EB570E89EB6701D
:10B09000E99EBA70EA9EBE70EB9EBF70EC9EC470D3
:10B0A000ED9EC570EE9EC670EF9EC770F09EC97093
:10B0B000F19ECB70F29ECC70F39ECD70F49ECE705C
:10B0C000F59ECF70F69ED070F79ED170F89ED2702C
:10B0D000F99ED370FA9ED470FB9ED570FC9ED670FC
:10B0E000FD9ED770FE9EDA70409FDC70419FDD7040
:10B0F000429FDE70439FE070449FE170459FE27085
:10B10000469FE370479FE570489FEA70499FEE7045
:10B110004A9FF0704B9FF1704C9FF2704D9FF370FF
:10B120004E9FF4704F9FF570509FF670519FF870CE
:10B13000529FFA70539FFB70549FFC70559FFE7096
:10B14000569FFF70579F0071589F0171599F027160
:10B150005A9F03715B9F04715C9F05715D9F06712F
:10B160005E9F07715F9F0871609F0B71619F0C71FB
:10B17000629F0D71639F0E71649F0F71659F1171C6
:10B18000669F1271679F1471689F1771699F1B7189
:10B190006A9F1C716B9F1D716C9F1E716D9F1F714B
:10B1A0006E9F20716F9F2171709F2271719F23711B
:10B1B000729F2471739F2571749F2771759F2871E9
:10B1C000769F2971779F2A71789F2B71799F2C71B7
:10B1D0007A9F2D717B9F2E717C9F32717D9F337181
:10B1E0007E9F3471809F3571819F3771829F387146
:10B1F000839F3971849F3A71859F3B71869F3C7113
:10B20000879F3D71889F3E71899F3F718A9F4071E2
:10B210008B9F41718C9F42718D9F43718E9F4471B2
:10B220008F9F4671909F4771919F4871929F49717E
:10B23000939F4B71949F4D71959F4F71969F507145
:10B24000979F5171989F5271999F53719A9F547112
:10B250009B9F55719C9F56719D9F57719E9F5871E2
:10B260009F9F5971A09F5A71A19F5B71A29F5D71B1
:10B27000A39F5F71A49F6071A59F6171A69F62717A
:10B28000A79F6371A89F6571A99F6971AA9F6A7141
:10B29000AB9F6B71AC9F6C71AD9F6D71AE9F6F7109
:10B2A000AF9F7071B09F7171B19F7471B29F7571D2
:10B2B000B39F7671B49F7771B59F7971B69F7B719B
:10B2C000B79F7C71B89F7E71B99F7F71BA9F807163
:10B2D000BB9F8171BC9F8271BD9F8371BE9F857131
:10B2E000BF9F8671C09F8771C19F8871C29F8971FE
:10B2F000C39F8B71C49F8C71C59F8D71C69F8E71CA
:10B30000C79F9071C89F9171C99F9271CA9F937195
:10B31000CB9F9571CC9F9671CD9F9771CE9F9A715F
:10B32000CF9F9B71D09F9C71D19F9D71D29F9E7129
:10B33000D39FA171D49FA271D59FA371D69FA471F1
:10B34000D79FA571D89FA671D99FA771DA9FA971C0
:10B35000DB9FAA71DC9FAB71DD9FAD71DE9FAE718B
:10B36000DF9FAF71E09FB071E19FB171E29FB27159
:10B37000E39FB471E49FB671E59FB771E69FB87122
:10B38000E79FBA71E89FBB71E99FBC71EA9FBD71ED
:10B39000EB9FBE71EC9FBF71ED9FC071EE9FC171BD
:10B3A000EF9FC271F09FC471F19FC571F29FC6718A
:10B3B000F39FC771F49FC871F59FC971F69FCA7159
:10B3C000F79FCB71F89FCC71F99FCD71FA9FCF7128
:10B3D000FB9FD071FC9FD171FD9FD271FE9FD371F5
:10B3E00040A0D67141A0D77142A0D87143A0D971B5
:10B3F00044A0DA7145A0DB7146A0DC7147A0DD7185
:10B4000048A0DE7149A0DF714AA0E1714BA0E27152
:10B410004CA0E3714DA0E4714EA0E6714FA0E8711D
:10B4200050A0E97151A0EA7152A0EB7153A0EC71E8
:10B4300054A0ED7155A0EF7156A0F07157A0F171B5
:10B4400058A0F27159A0F3715AA0F4715BA0F57184
:10B450005CA0F6715DA0F7715EA0F8715FA0FA7153
:10B4600060A0FB7161A0FC7162A0FD7163A0FE7120
:10B4700064A0FF7165A0007266A0017267A00272ED
:10B4800068A0037269A004726AA005726BA00772BB
:10B490006CA008726DA009726EA00A726FA00B7288
:10B4A00070A00C7271A00D7272A00E7273A00F7258
:10B4B00074A0107275A0117276A0127277A0137228
:10B4C00078A0147279A015727AA016727BA01772F8
:10B4D0007CA018727DA019727EA01A7280A01B72C7
:10B4E00081A01C7282A01E7283A01F7284A0207291
:10B4F00085A0217286A0227287A0237288A0247260
:10B5000089A025728AA026728BA027728CA029722E
:10B510008DA02B728EA02D728FA02E7290A02F72F4
:10B5200091A0327292A0337293A0347294A03A72B6
:10B5300095A03C7296A03E7297A0407298A041726E
:10B5400099A042729AA043729BA044729CA045723B
:10B550009DA046729EA049729FA04A72A0A04B7205
:10B56000A1A04E72A2A04F72A3A05072A4A05172CB
:10B57000A5A05372A6A05472A7A05572A8A0577296
:10B58000A9A05872AAA05A72ABA05C72ACA05E725D
:10B59000ADA06072AEA06372AFA06472B0A065721D
:10B5A000B1A06872B2A06A72B3A06B72B4A06C72E0
:10B5B000B5A06D72B6A07072B7A07172B8A07372A8
:10B5C000B9A07472BAA07672BBA07772BCA0787270
:10B5D000BDA07B72BEA07C72BFA07D72C0A0827233
:10B5E000C1A08372C2A08572C3A08672C4A08772F4
:10B5F000C5A08872C6A08972C7A08C72C8A08E72BE
:10B60000C9A09072CAA09172CBA09372CCA0947280
:10B61000CDA09572CEA09672CFA09772D0A098724E
:10B62000D1A09972D2A09A72D3A09B72D4A09C721E
:10B63000D5A09D72D6A09E72D7A0A072D8A0A172EC
:10B64000D9A0A272DAA0A372DBA0A472DCA0A572BA
:10B65000DDA0A672DEA0A772DFA0A872E0A0A9728A
:10B66000E1A0AA72E2A0AB72E3A0AE72E4A0B17254
:10B67000E5A0B272E6A0B372E7A0B572E8A0BA7214
:10B68000E9A0BB72EAA0BC72EBA0BD72ECA0BE72D6
:10B69000EDA0BF72EEA0C072EFA0C572F0A0C6729E
:10B6A000F1A0C772F2A0C972F3A0CA72F4A0CB7263
:10B6B000F5A0CC72F6A0CF72F7A0D172F8A0D37229
:10B6C000F9A0D472FAA0D572FBA0D672FCA0D872F1
:10B6D000FDA0DA72FEA0DB72A1A10030A2A10130B0
:10B6E000A3A10230A4A1B700A5A1C902A6A1C702C7
:10B6F000A7A1A800A8A10330A9A10530AAA11420E0
:10B70000ABA15EFFACA11620ADA12620AEA11820F2
:10B71000AFA11920B0A11C20B1A11D20B2A11430ED
:10B72000B3A11530B4A10830B5A10930B6A10A30D3
:10B73000B7A10B30B8A10C30B9A10D30BAA10E30B1
:10B74000BBA10F30BCA11630BDA11730BEA1103077
:10B75000BFA11130C0A1B100C1A1D700C2A1F700A3
:10B76000C3A13622C4A12722C5A12822C6A1112225
:10B77000C7A10F22C8A12A22C9A12922CAA1082231
:10B78000CBA13722CCA11A22CDA1A522CEA1252260
:10B79000CFA12022D0A11223D1A19922D2A12B2264
:10B7A000D3A12E22D4A16122D5A14C22D6A1482218
:10B7B000D7A13D22D8A11D22D9A16022DAA16E22F3
:10B7C000DBA16F22DCA16422DDA16522DEA11E22A5
:10B7D000DFA13522E0A13422E1A14226E2A14026E8
:10B7E000E3A1B000E4A13220E5A13320E6A10321CA
:10B7F000E7A104FFE8A1A400E9A1E0FFEAA1E1FFBD
:10B80000EBA13020ECA1A700EDA11621EEA10626A8
:10B81000EFA10526F0A1CB25F1A1CF25F2A1CE25E0
:10B82000F3A1C725F4A1C625F5A1A125F6A1A02560
:10B83000F7A1B325F8A1B225F9A13B20FAA19221E5
:10B84000FBA19021FCA19121FDA19321FEA1133028
:10B85000A1A27021A2A27121A3A27221A4A273218C
:10B86000A5A27421A6A27521A7A27621A8A277215C
:10B87000A9A27821AAA27921B1A28824B2A28924FE
:10B88000B3A28A24B4A28B24B5A28C24B6A28D24A0
:10B89000B7A28E24B8A28F24B9A29024BAA2912470
:10B8A000BBA29224BCA29324BDA29424BEA2952440
:10B8B000BFA29624C0A29724C1A29824C2A2992410
:10B8C000C3A29A24C4A29B24C5A27424C6A2752430
:10B8D000C7A27624C8A27724C9A27824CAA2792450
:10B8E000CBA27A24CCA27B24CDA27C24CEA27D2420
:10B8F000CFA27E24D0A27F24D1A28024D2A28124F0
:10B90000D3A28224D4A28324D5A28424D6A28524BF
:10B91000D7A28624D8A28724D9A26024DAA26124DF
:10B92000DBA26224DCA26324DDA26424DEA26524FF
:10B93000DFA26624E0A26724E1A26824E2A26924CF
:10B94000E5A22032E6A22132E7A22232E8A2233287
:10B95000E9A22432EAA22532EBA22632ECA2273257
:10B96000EDA22832EEA22932F1A26021F2A26121D9
:10B97000F3A26221F4A26321F5A26421F6A265215B
:10B98000F7A26621F8A26721F9A26821FAA269212B
:10B99000FBA26A21FCA26B21A1A301FFA2A302FFCB
:10B9A000A3A303FFA4A3E5FFA5A305FFA6A306FF8A
:10B9B000A7A307FFA8A308FFA9A309FFAAA30AFF3B
:10B9C000ABA30BFFACA30CFFADA30DFFAEA30EFF0B
:10B9D000AFA30FFFB0A310FFB1A311FFB2A312FFDB
:10B9E000B3A313FFB4A314FFB5A315FFB6A316FFAB
:10B9F000B7A317FFB8A318FFB9A319FFBAA31AFF7B
:10BA0000BBA31BFFBCA31CFFBDA31DFFBEA31EFF4A
:10BA1000BFA31FFFC0A320FFC1A321FFC2A322FF1A
:10BA2000C3A323FFC4A324FFC5A325FFC6A326FFEA
:10BA3000C7A327FFC8A328FFC9A329FFCAA32AFFBA
:10BA4000CBA32BFFCCA32CFFCDA32DFFCEA32EFF8A
:10BA5000CFA32FFFD0A330FFD1A331FFD2A332FF5A
:10BA6000D3A333FFD4A334FFD5A335FFD6A336FF2A
:10BA7000D7A337FFD8A338FFD9A339FFDAA33AFFFA
:10BA8000DBA33BFFDCA33CFFDDA33DFFDEA33EFFCA
:10BA9000DFA33FFFE0A340FFE1A341FFE2A342FF9A
:10BAA000E3A343FFE4A344FFE5A345FFE6A346FF6A
:10BAB000E7A347FFE8A348FFE9A349FFEAA34AFF3A
:10BAC000EBA34BFFECA34CFFEDA34DFFEEA34EFF0A
:10BAD000EFA34FFFF0A350FFF1A351FFF2A352FFDA
:10BAE000F3A353FFF4A354FFF5A355FFF6A356FFAA
:10BAF000F7A357FFF8A358FFF9A359FFFAA35AFF7A
:10BB0000FBA35BFFFCA35CFFFDA35DFFFEA3E3FFC4
:10BB1000A1A44130A2A44230A3A44330A4A4443041
:10BB2000A5A44530A6A44630A7A44730A8A4483011
:10BB3000A9A44930AAA44A30ABA44B30ACA44C30E1
:10BB4000ADA44D30AEA44E30AFA44F30B0A45030B1
:10BB5000B1A45130B2A45230B3A45330B4A4543081
:10BB6000B5A45530B6A45630B7A45730B8A4583051
:10BB7000B9A45930BAA45A30BBA45B30BCA45C3021
:10BB8000BDA45D30BEA45E30BFA45F30C0A46030F1
:10BB9000C1A46130C2A46230C3A46330C4A46430C1
:10BBA000C5A46530C6A46630C7A46730C8A4683091
:10BBB000C9A46930CAA46A30CBA46B30CCA46C3061
:10BBC000CDA46D30CEA46E30CFA46F30D0A4703031
:10BBD000D1A47130D2A47230D3A47330D4A4743001
:10BBE000D5A47530D6A47630D7A47730D8A47830D1
:10BBF000D9A47930DAA47A30DBA47B30DCA47C30A1
:10BC0000DDA47D30DEA47E30DFA47F30E0A4803070
:10BC1000E1A48130E2A48230E3A48330E4A4843040
:10BC2000E5A48530E6A48630E7A48730E8A4883010
:10BC3000E9A48930EAA48A30EBA48B30ECA48C30E0
:10BC4000EDA48D30EEA48E30EFA48F30F0A49030B0
:10BC5000F1A49130F2A49230F3A49330A1A5A130C5
:10BC6000A2A5A230A3A5A330A4A5A430A5A5A53064
:10BC7000A6A5A630A7A5A730A8A5A830A9A5A93034
:10BC8000AAA5AA30ABA5AB30ACA5AC30ADA5AD3004
:10BC9000AEA5AE30AFA5AF30B0A5B030B1A5B130D4
:10BCA000B2A5B230B3A5B330B4A5B430B5A5B530A4
:10BCB000B6A5B630B7A5B730B8A5B830B9A5B93074
:10BCC000BAA5BA30BBA5BB30BCA5BC30BDA5BD3044
:10BCD000BEA5BE30BFA5BF30C0A5C030C1A5C13014
:10BCE000C2A5C230C3A5C330C4A5C430C5A5C530E4
:10BCF000C6A5C630C7A5C730C8A5C830C9A5C930B4
:10BD0000CAA5CA30CBA5CB30CCA5CC30CDA5CD3083
:10BD1000CEA5CE30CFA5CF30D0A5D030D1A5D13053
:10BD2000D2A5D230D3A5D330D4A5D430D5A5D53023
:10BD3000D6A5D630D7A5D730D8A5D830D9A5D930F3
:10BD4000DAA5DA30DBA5DB30DCA5DC30DDA5DD30C3
:10BD5000DEA5DE30DFA5DF30E0A5E030E1A5E13093
:10BD6000E2A5E230E3A5E330E4A5E430E5A5E53063
:10BD7000E6A5E630E7A5E730E8A5E830E9A5E93033
:10BD8000EAA5EA30EBA5EB30ECA5EC30EDA5ED3003
:10BD9000EEA5EE30EFA5EF30F0A5F030F1A5F130D3
:10BDA000F2A5F230F3A5F330F4A5F430F5A5F530A3
:10BDB000F6A5F630A1A69103A2A69203A3A693032B
:10BDC000A4A69403A5A69503A6A69603A7A69703E3
:10BDD000A8A69803A9A69903AAA69A03ABA69B03B3
:10BDE000ACA69C03ADA69D03AEA69E03AFA69F0383
:10BDF000B0A6A003B1A6A103B2A6A303B3A6A40351
:10BE0000B4A6A503B5A6A603B6A6A703B7A6A8031E
:10BE1000B8A6A903C1A6B103C2A6B203C3A6B303C1
:10BE2000C4A6B403C5A6B503C6A6B603C7A6B70382
:10BE3000C8A6B803C9A6B903CAA6BA03CBA6BB0352
:10BE4000CCA6BC03CDA6BD03CEA6BE03CFA6BF0322
:10BE5000D0A6C003D1A6C103D2A6C303D3A6C403F0
:10BE6000D4A6C503D5A6C603D6A6C703D7A6C803BE
:10BE7000D8A6C903E0A635FEE1A636FEE2A639FE45
:10BE8000E3A63AFEE4A63FFEE5A640FEE6A63DFE9A
:10BE9000E7A63EFEE8A641FEE9A642FEEAA643FE6C
:10BEA000EBA644FEEEA63BFEEFA63CFEF0A637FE58
:10BEB000F1A638FEF2A631FEF4A633FEF5A634FE56
:10BEC000A1A71004A2A71104A3A71204A4A71304F6
:10BED000A5A71404A6A71504A7A70104A8A71604DC
:10BEE000A9A71704AAA71804ABA71904ACA71A049A
:10BEF000ADA71B04AEA71C04AFA71D04B0A71E046A
:10BF0000B1A71F04B2A72004B3A72104B4A7220439
:10BF1000B5A72304B6A72404B7A72504B8A7260409
:10BF2000B9A72704BAA72804BBA72904BCA72A04D9
:10BF3000BDA72B04BEA72C04BFA72D04C0A72E04A9
:10BF4000C1A72F04D1A73004D2A73104D3A732044C
:10BF5000D4A73304D5A73404D6A73504D7A75104F2
:10BF6000D8A73604D9A73704DAA73804DBA73904E1
:10BF7000DCA73A04DDA73B04DEA73C04DFA73D04B1
:10BF8000E0A73E04E1A73F04E2A74004E3A7410481
:10BF9000E4A74204E5A74304E6A74404E7A7450451
:10BFA000E8A74604E9A74704EAA74804EBA7490421
:10BFB000ECA74A04EDA74B04EEA74C04EFA74D04F1
:10BFC000F0A74E04F1A74F0440A8CA0241A8CB0233
:10BFD00042A8D90243A8132044A8152045A825202B
:10BFE00046A8352047A8052148A8092149A8962137
:10BFF0004AA897214BA898214CA899214DA8152211
:10C000004EA81F224FA8232250A8522251A86622D0
:10C0100052A8672253A8BF2254A8502555A85125DD
:10C0200056A8522557A8532558A8542559A8552530
:10C030005AA856255BA857255CA858255DA8592500
:10C040005EA85A255FA85B2560A85C2561A85D25D0
:10C0500062A85E2563A85F2564A8602565A86125A0
:10C0600066A8622567A8632568A8642569A8652570
:10C070006AA866256BA867256CA868256DA8692540
:10C080006EA86A256FA86B2570A86C2571A86D2510
:10C0900072A86E2573A86F2574A8702575A87125E0
:10C0A00076A8722577A8732578A8812579A8822596
:10C0B0007AA883257BA884257CA885257DA886254C
:10C0C0007EA8872580A8882581A8892582A88A2519
:10C0D00083A88B2584A88C2585A88D2586A88E25E8
:10C0E00087A88F2588A8932589A894258AA89525AF
:10C0F0008BA8BC258CA8BD258DA8E2258EA8E3259C
:10C100008FA8E42590A8E52591A8092692A8952254
:10C1100093A8123094A81D3095A81E30A1A8010143
:10C12000A2A8E100A3A8CE01A4A8E000A5A813013D
:10C13000A6A8E900A7A81B01A8A8E800A9A82B01A8
:10C14000AAA8ED00ABA8D001ACA8EC00ADA84D01A9
:10C15000AEA8F300AFA8D201B0A8F200B1A86B015D
:10C16000B2A8FA00B3A8D401B4A8F900B5A8D601C2
:10C17000B6A8D801B7A8DA01B8A8DC01B9A8FC00B4
:10C18000BAA8EA00BBA85102BDA84401BEA8480154
:10C19000C0A86102C5A80531C6A80631C7A80731E5
:10C1A000C8A80831C9A80931CAA80A31CBA80B31DF
:10C1B000CCA80C31CDA80D31CEA80E31CFA80F31AF
:10C1C000D0A81031D1A81131D2A81231D3A813317F
:10C1D000D4A81431D5A81531D6A81631D7A817314F
:10C1E000D8A81831D9A81931DAA81A31DBA81B311F
:10C1F000DCA81C31DDA81D31DEA81E31DFA81F31EF
:10C20000E0A82031E1A82131E2A82231E3A82331BE
:10C21000E4A82431E5A82531E6A82631E7A827318E
:10C22000E8A82831E9A8293140A9213041A92230C4
:10C2300042A9233043A9243044A9253045A92630FA
:10C2400046A9273047A9283048A9293049A9A3324F
:10C250004AA98E334BA98F334CA99C334DA99D33EA
:10C260004EA99E334FA9A13350A9C43351A9CE334F
:10C2700052A9D13353A9D23354A9D53355A930FE8D
:10C2800056A9E2FF57A9E4FF59A921215AA9313241
:10C290005CA9102060A9FC3061A99B3062A99C3088
:10C2A00063A9FD3064A9FE3065A9063066A99D30FA
:10C2B00067A99E3068A949FE69A94AFE6AA94BFE92
:10C2C0006BA94CFE6CA94DFE6DA94EFE6EA94FFEEA
:10C2D0006FA950FE70A951FE71A952FE72A954FEB9
:10C2E00073A955FE74A956FE75A957FE76A959FE85
:10C2F00077A95AFE78A95BFE79A95CFE7AA95DFE52
:10C300007BA95EFE7CA95FFE7DA960FE7EA961FE21
:10C3100080A962FE81A963FE82A964FE83A965FEED
:10C3200084A966FE85A968FE86A969FE87A96AFEBA
:10C3300088A96BFE96A90730A4A90025A5A9012507
:10C34000A6A90225A7A90325A8A90425A9A9052509
:10C35000AAA90625ABA90725ACA90825ADA90925D9
:10C36000AEA90A25AFA90B25B0A90C25B1A90D25A9
:10C37000B2A90E25B3A90F25B4A91025B5A9112579
:10C38000B6A91225B7A91325B8A91425B9A9152549
:10C39000BAA91625BBA91725BCA91825BDA9192519
:10C3A000BEA91A25BFA91B25C0A91C25C1A91D25E9
:10C3B000C2A91E25C3A91F25C4A92025C5A92125B9
:10C3C000C6A92225C7A92325C8A92425C9A9252589
:10C3D000CAA92625CBA92725CCA92825CDA9292559
:10C3E000CEA92A25CFA92B25D0A92C25D1A92D2529
:10C3F000D2A92E25D3A92F25D4A93025D5A93125F9
:10C40000D6A93225D7A93325D8A93425D9A93525C8
:10C41000DAA93625DBA93725DCA93825DDA9392598
:10C42000DEA93A25DFA93B25E0A93C25E1A93D2568
:10C43000E2A93E25E3A93F25E4A94025E5A9412538
:10C44000E6A94225E7A94325E8A94425E9A9452508
:10C45000EAA94625EBA94725ECA94825EDA94925D8
:10C46000EEA94A25EFA94B2540AADC7241AADD724C
:10C4700042AADF7243AAE27244AAE37245AAE472B6
:10C4800046AAE57247AAE67248AAE77249AAEA7282
:10C490004AAAEB724BAAF5724CAAF6724DAAF9722F
:10C4A0004EAAFD724FAAFE7250AAFF7251AA0073E3
:10C4B00052AA027353AA047354AA057355AA0673A9
:10C4C00056AA077357AA087358AA097359AA0B7377
:10C4D0005AAA0C735BAA0D735CAA0F735DAA107342
:10C4E0005EAA11735FAA127360AA147361AA18730B
:10C4F00062AA197363AA1A7364AA1F7365AA2073C8
:10C5000066AA237367AA247368AA267369AA277385
:10C510006AAA28736BAA2D736CAA2F736DAA307345
:10C520006EAA32736FAA337370AA357371AA367309
:10C5300072AA3A7373AA3B7374AA3C7375AA3D73CB
:10C5400076AA407377AA417378AA427379AA437393
:10C550007AAA44737BAA45737CAA46737DAA477363
:10C560007EAA487380AA497381AA4A7382AA4B7330
:10C5700083AA4C7384AA4E7385AA4F7386AA5173FB
:10C5800087AA537388AA547389AA55738AAA5673C3
:10C590008BAA58738CAA59738DAA5A738EAA5B738F
:10C5A0008FAA5C7390AA5D7391AA5E7392AA5F735F
:10C5B00093AA617394AA627395AA637396AA64732B
:10C5C00097AA657398AA667399AA67739AAA6873FB
:10C5D0009BAA69739CAA6A739DAA6B739EAA6E73C9
:10C5E0009FAA7073A0AA717340AB727341AB73734F
:10C5F00042AB747343AB757344AB767345AB7773DF
:10C6000046AB787347AB797348AB7A7349AB7B73AE
:10C610004AAB7C734BAB7D734CAB7F734DAB80737C
:10C620004EAB81734FAB827350AB837351AB857349
:10C6300052AB867353AB887354AB8A7355AB8C7310
:10C6400056AB8D7357AB8F7358AB907359AB9273D6
:10C650005AAB93735BAB94735CAB95735DAB9773A1
:10C660005EAB98735FAB997360AB9A7361AB9C736D
:10C6700062AB9D7363AB9E7364ABA07365ABA17338
:10C6800066ABA37367ABA47368ABA57369ABA67302
:10C690006AABA7736BABA8736CABAA736DABAC73CF
:10C6A0006EABAD736FABB17370ABB47371ABB5738D
:10C6B00072ABB67373ABB87374ABB97375ABBC7351
:10C6C00076ABBD7377ABBE7378ABBF7379ABC17319
:10C6D0007AABC3737BABC4737CABC5737DABC673E2
:10C6E0007EABC77380ABCB7381ABCC7382ABCE73A5
:10C6F00083ABD27384ABD37385ABD47386ABD57362
:10C7000087ABD67388ABD77389ABD8738AABDA7330
:10C710008BABDB738CABDC738DABDD738EABDF73FC
:10C720008FABE17390ABE27391ABE37392ABE473C5
:10C7300093ABE67394ABE87395ABEA7396ABEB738C
:10C7400097ABEC7398ABEE7399ABEF739AABF07356
:10C750009BABF1739CABF3739DABF4739EABF57322
:10C760009FABF673A0ABF77340ACF87341ACF973B1
:10C7700042ACFA7343ACFB7344ACFC7345ACFD7341
:10C7800046ACFE7347ACFF7348AC007449AC01740F
:10C790004AAC02744BAC04744CAC07744DAC0874D6
:10C7A0004EAC0B744FAC0C7450AC0D7451AC0E7499
:10C7B00052AC117453AC127454AC137455AC147461
:10C7C00056AC157457AC167458AC177459AC187431
:10C7D0005AAC19745BAC1C745CAC1D745DAC1E74FB
:10C7E0005EAC1F745FAC207460AC217461AC2374C8
:10C7F00062AC247463AC277464AC297465AC2B748C
:10C8000066AC2D7467AC2F7468AC317469AC32744B
:10C810006AAC37746BAC38746CAC39746DAC3A7408
:10C820006EAC3B746FAC3D7470AC3E7471AC3F74D5
:10C8300072AC407473AC427474AC437475AC4474A1
:10C8400076AC457477AC467478AC477479AC487470
:10C850007AAC49747BAC4A747CAC4B747DAC4C7440
:10C860007EAC4D7480AC4E7481AC4F7482AC50740D
:10C8700083AC517484AC527485AC537486AC5474DC
:10C8800087AC567488AC587489AC5D748AAC60749B
:10C890008BAC61748CAC62748DAC63748EAC64745C
:10C8A0008FAC657490AC667491AC677492AC68742C
:10C8B00093AC697494AC6A7495AC6B7496AC6C74FC
:10C8C00097AC6E7498AC6F7499AC71749AAC7274C6
:10C8D0009BAC73749CAC74749DAC75749EAC787492
:10C8E0009FAC7974A0AC7A7440AD7B7441AD7C741C
:10C8F00042AD7D7443AD7F7444AD827445AD8474A4
:10C9000046AD857447AD867448AD887449AD897469
:10C910004AAD8A744BAD8C744CAD8D744DAD8F7433
:10C920004EAD91744FAD927450AD937451AD9474FB
:10C9300052AD957453AD967454AD977455AD9874CB
:10C9400056AD997457AD9A7458AD9B7459AD9D749A
:10C950005AAD9F745BADA0745CADA1745DADA27463
:10C960005EADA3745FADA47460ADA57461ADA67433
:10C9700062ADAA7463ADAB7464ADAC7465ADAD74F7
:10C9800066ADAE7467ADAF7468ADB07469ADB174C7
:10C990006AADB2746BADB3746CADB4746DADB57497
:10C9A0006EADB6746FADB77470ADB87471ADB97467
:10C9B00072ADBB7473ADBC7474ADBD7475ADBE7433
:10C9C00076ADBF7477ADC07478ADC17479ADC27403
:10C9D0007AADC3747BADC4747CADC5747DADC674D3
:10C9E0007EADC77480ADC87481ADC97482ADCA74A0
:10C9F00083ADCB7484ADCC7485ADCD7486ADCE746F
:10CA000087ADCF7488ADD07489ADD1748AADD3743D
:10CA10008BADD4748CADD5748DADD6748EADD7740A
:10CA20008FADD87490ADD97491ADDA7492ADDB74DA
:10CA300093ADDD7494ADDF7495ADE17496ADE5749E
:10CA400097ADE77498ADE87499ADE9749AADEA745E
:10CA50009BADEB749CADEC749DADED749EADF0742C
:10CA60009FADF174A0ADF27440AEF37441AEF574B5
:10CA700042AEF87443AEF97444AEFA7445AEFB743A
:10CA800046AEFC7447AEFD7448AEFE7449AE007508
:10CA90004AAE01754BAE02754CAE03754DAE0575D1
:10CAA0004EAE06754FAE077550AE087551AE09759E
:10CAB00052AE0A7553AE0B7554AE0C7555AE0E756D
:10CAC00056AE107557AE127558AE147559AE157531
:10CAD0005AAE16755BAE17755CAE1B755DAE1D75F7
:10CAE0005EAE1E755FAE207560AE217561AE2275BB
:10CAF00062AE237563AE247564AE267565AE277588
:10CB000066AE2A7567AE2E7568AE347569AE367539
:10CB10006AAE39756BAE3C756CAE3D756DAE3F75EA
:10CB20006EAE41756FAE427570AE437571AE4475B1
:10CB300072AE467573AE477574AE497575AE4A757B
:10CB400076AE4D7577AE507578AE517579AE52753B
:10CB50007AAE53757BAE55757CAE56757DAE577506
:10CB60007EAE587580AE5D7581AE5E7582AE5F75C6
:10CB700083AE607584AE617585AE627586AE637591
:10CB800087AE647588AE677589AE68758AAE69755B
:10CB90008BAE6B758CAE6C758DAE6D758EAE6E7525
:10CBA0008FAE6F7590AE707591AE717592AE7375F4
:10CBB00093AE757594AE767595AE777596AE7A75BB
:10CBC00097AE7B7598AE7C7599AE7D759AAE7E7585
:10CBD0009BAE80759CAE81759DAE82759EAE847550
:10CBE0009FAE8575A0AE877540AF887541AF8975DA
:10CBF00042AF8A7543AF8C7544AF8D7545AF8E7566
:10CC000046AF907547AF937548AF957549AF987526
:10CC10004AAF9B754BAF9C754CAF9E754DAFA275DF
:10CC20004EAFA6754FAFA77550AFA87551AFA97598
:10CC300052AFAA7553AFAD7554AFB67555AFB77552
:10CC400056AFBA7557AFBB7558AFBF7559AFC07502
:10CC50005AAFC1755BAFC6755CAFCB755DAFCC75B8
:10CC60005EAFCE755FAFCF7560AFD07561AFD17578
:10CC700062AFD37563AFD77564AFD97565AFDA7539
:10CC800066AFDC7567AFDD7568AFDF7569AFE075FE
:10CC90006AAFE1756BAFE5756CAFE9756DAFEC75BB
:10CCA0006EAFED756FAFEE7570AFEF7571AFF2757A
:10CCB00072AFF37573AFF57574AFF67575AFF77541
:10CCC00076AFF87577AFFA7578AFFB7579AFFD750C
:10CCD0007AAFFE757BAF02767CAF04767DAF0676C9
:10CCE0007EAF077680AF087681AF097682AF0B768C
:10CCF00083AF0D7684AF0E7685AF0F7686AF117653
:10CD000087AF127688AF137689AF14768AAF16761E
:10CD10008BAF1A768CAF1C768DAF1D768EAF1E76DC
:10CD20008FAF217690AF237691AF277692AF28769A
:10CD300093AF2C7694AF2E7695AF2F7696AF317653
:10CD400097AF327698AF367699AF37769AAF397615
:10CD50009BAF3A769CAF3B769DAF3D769EAF4176DA
:10CD60009FAF4276A0AF447640B0457641B046765C
:10CD700042B0477643B0487644B0497645B04A76EB
:10CD800046B04B7647B04E7648B04F7649B05076B5
:10CD90004AB051764BB052764CB053764DB0557682
:10CDA0004EB057764FB0587650B0597651B05A764B
:10CDB00052B05B7653B05D7654B05F7655B0607616
:10CDC00056B0617657B0627658B0647659B06576E1
:10CDD0005AB066765BB067765CB068765DB06976AF
:10CDE0005EB06A765FB06C7660B06D7661B06E767C
:10CDF00062B0707663B0717664B0727665B0737647
:10CE000066B0747667B0757668B0767669B0777616
:10CE10006AB079766BB07A766CB07C766DB07F76DE
:10CE20006EB080766FB0817670B0837671B08576A3
:10CE300072B0897673B08A7674B08C7675B08D7660
:10CE400076B08F7677B0907678B0927679B0947627
:10CE50007AB095767BB097767CB098767DB09A76EE
:10CE60007EB09B7680B09C7681B09D7682B09E76B7
:10CE700083B09F7684B0A07685B0A17686B0A27686
:10CE800087B0A37688B0A57689B0A6768AB0A77653
:10CE90008BB0A8768CB0A9768DB0AA768EB0AB7622
:10CEA0008FB0AC7690B0AD7691B0AF7692B0B076F0
:10CEB00093B0B37694B0B57695B0B67696B0B776B3
:10CEC00097B0B87698B0B97699B0BA769AB0BB7682
:10CED0009BB0BC769CB0BD769DB0BE769EB0C07651
:10CEE0009FB0C176A0B0C376A1B04A55A2B03F961C
:10CEF000A3B0C357A4B02863A5B0CE54A6B00955BB
:10CF0000A7B0C054A8B09176A9B04C76AAB03C8521
:10CF1000ABB0EE77ACB07E82ADB08D78AEB0317292
:10CF2000AFB09896B0B08D97B1B0286CB2B0895BB5
:10CF3000B3B0FA4FB4B00963B5B09766B6B0B85C99
:10CF4000B7B0FA80B8B04868B9B0AE80BAB002667F
:10CF5000BBB0CE76BCB0F951BDB05665BEB0AC71B9
:10CF6000BFB0F17FC0B08488C1B0B250C2B06559C3
:10CF7000C3B0CA61C4B0B36FC5B0AD82C6B04C63B4
:10CF8000C7B05262C8B0ED53C9B02754CAB0067BCF
:10CF9000CBB06B51CCB0A475CDB0F45DCEB0D46243
:10CFA000CFB0CB8DD0B07697D1B08A62D2B0198095
:10CFB000D3B05D57D4B03897D5B0627FD6B0387251
:10CFC000D7B07D76D8B0CF67D9B07E76DAB0466478
:10CFD000DBB0704FDCB0258DDDB0DC62DEB0177ADF
:10CFE000DFB09165E0B0ED73E1B02C64E2B0736244
:10CFF000E3B02C82E4B08198E5B07F67E6B0487278
:10D00000E7B06E62E8B0CC62E9B0344FEAB0E374E6
:10D01000EBB04A53ECB09E52EDB0CA7EEEB0A69093
:10D02000EFB02E5EF0B08668F1B09C69F2B08081FE
:10D03000F3B0D17EF4B0D268F5B0C578F6B08C8686
:10D04000F7B05195F8B08D50F9B0248CFAB0DE826B
:10D05000FBB0DE80FCB00553FDB01289FEB0655216
:10D0600040B1C47641B1C77642B1C97643B1CB76FF
:10D0700044B1CC7645B1D37646B1D57647B1D976B1
:10D0800048B1DA7649B1DC764AB1DD764BB1DE766D
:10D090004CB1E0764DB1E1764EB1E2764FB1E37638
:10D0A00050B1E47651B1E67652B1E77653B1E87605
:10D0B00054B1E97655B1EA7656B1EB7657B1EC76D4
:10D0C00058B1ED7659B1F0765AB1F3765BB1F57699
:10D0D0005CB1F6765DB1F7765EB1FA765FB1FB765C
:10D0E00060B1FD7661B1FF7662B1007763B102771E
:10D0F00064B1037765B1057766B1067767B10A77E2
:10D1000068B10C7769B10E776AB10F776BB11077A0
:10D110006CB111776DB112776EB113776FB114776F
:10D1200070B1157771B1167772B1177773B118773F
:10D1300074B11B7775B11C7776B11D7777B11E7707
:10D1400078B1217779B123777AB124777BB12577CC
:10D150007CB127777DB12A777EB12B7780B12C7790
:10D1600081B12E7782B1307783B1317784B1327754
:10D1700085B1337786B1347787B1397788B13B771A
:10D1800089B13D778AB13E778BB13F778CB14277D9
:10D190008DB144778EB145778FB1467790B148779E
:10D1A00091B1497792B14A7793B14B7794B14C776B
:10D1B00095B14D7796B14E7797B14F7798B1527739
:10D1C00099B153779AB154779BB155779CB1567703
:10D1D0009DB157779EB158779FB15977A0B15C77D1
:10D1E000A1B18485A2B1F996A3B1DD4FA4B12158B4
:10D1F000A5B17199A6B19D5BA7B1B162A8B1A562B5
:10D20000A9B1B466AAB1798CABB18D9CACB10672F0
:10D21000ADB16F67AEB19178AFB1B260B0B15153FB
:10D22000B1B11753B2B1888FB3B1CC80B4B11D8DF9
:10D23000B5B1A194B6B10D50B7B1C872B8B1075924
:10D24000B9B1EB60BAB11971BBB1AB88BCB154597B
:10D25000BDB1EF82BEB12C67BFB1287BC0B1295DE3
:10D26000C1B1F77EC2B12D75C3B1F56CC4B1668E84
:10D27000C5B1F88FC6B13C90C7B13B9FC8B1D46B64
:10D28000C9B11991CAB1147BCBB17C5FCCB1A7787D
:10D29000CDB1D684CEB13D85CFB1D56BD0B1D96BF0
:10D2A000D1B1D66BD2B1015ED3B1875ED4B1F9757D
:10D2B000D5B1ED95D6B15D65D7B10A5FD8B1C55F7F
:10D2C000D9B19F8FDAB1C158DBB1C281DCB17F9097
:10D2D000DDB15B96DEB1AD97DFB1B98FE0B1167FFE
:10D2E000E1B12C8DE2B14162E3B1BF4FE4B1D8535B
:10D2F000E5B15E53E6B1A88FE7B1A98FE8B1AB8F76
:10D30000E9B14D90EAB10768EBB16A5FECB1988181
:10D31000EDB16888EEB1D69CEFB18B61F0B12B52C4
:10D32000F1B12A76F2B16C5FF3B18C65F4B1D26FD2
:10D33000F5B1E86EF6B1BE5BF7B14864F8B175516E
:10D34000F9B1B051FAB1C467FBB1194EFCB1C9795A
:10D35000FDB17C99FEB1B37040B25D7741B25E77AA
:10D3600042B25F7743B2607744B2647745B2677781
:10D3700046B2697747B26A7748B26D7749B26E773D
:10D380004AB26F774BB270774CB271774DB2727709
:10D390004EB273774FB2747750B2757751B27677D9
:10D3A00052B2777753B2787754B27A7755B27B77A7
:10D3B00056B27C7757B2817758B2827759B2837769
:10D3C0005AB286775BB287775CB288775DB289772D
:10D3D0005EB28A775FB28B7760B28F7761B29077F7
:10D3E00062B2937763B2947764B2957765B29677B9
:10D3F00066B2977767B2987768B2997769B29A7789
:10D400006AB29B776BB29C776CB29D776DB29E7758
:10D410006EB2A1776FB2A37770B2A47771B2A6771C
:10D4200072B2A87773B2AB7774B2AD7775B2AE77DC
:10D4300076B2AF7777B2B17778B2B27779B2B477A4
:10D440007AB2B6777BB2B7777CB2B8777DB2B9776C
:10D450007EB2BA7780B2BC7781B2BE7782B2C07733
:10D4600083B2C17784B2C27785B2C37786B2C477FC
:10D4700087B2C57788B2C67789B2C7778AB2C877CC
:10D480008BB2C9778CB2CA778DB2CB778EB2CC779C
:10D490008FB2CE7790B2CF7791B2D07792B2D17768
:10D4A00093B2D27794B2D37795B2D47796B2D57738
:10D4B00097B2D67798B2D87799B2D9779AB2DA7705
:10D4C0009BB2DD779CB2DE779DB2DF779EB2E077CC
:10D4D0009FB2E177A0B2E477A1B2C575A2B2765E41
:10D4E000A3B2BB73A4B2E083A5B2AD64A6B2E862F6
:10D4F000A7B2B594A8B2E26CA9B25A53AAB2C35269
:10D50000ABB20F64ACB2C294ADB2947BAEB22F4F4B
:10D51000AFB21B5EB0B23682B1B21681B2B28A81AE
:10D52000B3B2246EB4B2CA6CB5B2739AB6B25563D4
:10D53000B7B25C53B8B2FA54B9B26588BAB2E05720
:10D54000BBB20D4EBCB2035EBDB2656BBEB23F7CDA
:10D55000BFB2E890C0B21660C1B2E664C2B21C733A
:10D56000C3B2C188C4B25067C5B24D62C6B2228D83
:10D57000C7B26C77C8B2298EC9B2C791CAB2695F07
:10D58000CBB2DC83CCB22185CDB21099CEB2C253DE
:10D59000CFB29586D0B28B6BD1B2ED60D2B2E860DB
:10D5A000D3B27F70D4B2CD82D5B23182D6B2D34E4F
:10D5B000D7B2A76CD8B2CF85D9B2CD64DAB2D97C54
:10D5C000DBB2FD69DCB2F966DDB24983DEB29553A8
:10D5D000DFB2567BE0B2A74FE1B28C51E2B24B6DA5
:10D5E000E3B2425CE4B26D8EE5B2D263E6B2C953F7
:10D5F000E7B22C83E8B23683E9B2E567EAB2B478E1
:10D60000EBB23D64ECB2DF5BEDB2945CEEB2EE5D8A
:10D61000EFB2E78BF0B2C662F1B2F467F2B27A8C85
:10D62000F3B20064F4B2BA63F5B24987F6B28B99EB
:10D63000F7B2178CF8B2207FF9B2F294FAB2A74E83
:10D64000FBB21096FCB2A498FDB20C66FEB2167343
:10D6500040B3E67741B3E87742B3EA7743B3EF7775
:10D6600044B3F07745B3F17746B3F27747B3F47735
:10D6700048B3F57749B3F7774AB3F9774BB3FA77FD
:10D680004CB3FB774DB3FC774EB303784FB30478BC
:10D6900050B3057851B3067852B3077853B308787E
:10D6A00054B30A7855B30B7856B30E7857B30F7846
:10D6B00058B3107859B313785AB315785BB3197807
:10D6C0005CB31B785DB31E785EB320785FB32178BE
:10D6D00060B3227861B3247862B3287863B32A7880
:10D6E00064B32B7865B32E7866B32F7867B331783F
:10D6F00068B3327869B333786AB335786BB3367808
:10D700006CB33D786DB33F786EB341786FB34278B8
:10D7100070B3437871B3447872B3467873B3487882
:10D7200074B3497875B34A7876B34B7877B34D784C
:10D7300078B34F7879B351787AB353787BB3547810
:10D740007CB358787DB359787EB35A7880B35B78D0
:10D7500081B35C7882B35E7883B35F7884B360789A
:10D7600085B3617886B3627887B3637888B3647869
:10D7700089B365788AB366788BB367788CB3687839
:10D780008DB369788EB36F788FB3707890B37178FA
:10D7900091B3727892B3737893B3747894B37578C5
:10D7A00095B3767896B3787897B3797898B37A7892
:10D7B00099B37B789AB37D789BB37E789CB37F785E
:10D7C0009DB380789EB381789FB38278A0B383782D
:10D7D000A1B33A57A2B31D5CA3B3385EA4B37F953F
:10D7E000A5B37F50A6B3A080A7B38253A8B35E654C
:10D7F000A9B34575AAB33155ABB32150ACB3858DF0
:10D80000ADB38462AEB39E94AFB31D67B0B332566E
:10D81000B1B36E6FB2B3E25DB3B33554B4B39270CB
:10D82000B5B3668FB6B36F62B7B3A464B8B3A3637E
:10D83000B9B37B5FBAB3886FBBB3F490BCB3E38179
:10D84000BDB3B08FBEB3185CBFB36866C0B3F15F41
:10D85000C1B3896CC2B34896C3B3818DC4B36C881D
:10D86000C5B39164C6B3F079C7B3CE57C8B3596A8C
:10D87000C9B31062CAB34854CBB3584ECCB30B7A79
:10D88000CDB3E960CEB3846FCFB3DA8BD0B37F6210
:10D89000D1B31E90D2B38B9AD3B3E479D4B30354EB
:10D8A000D5B3F475D6B30163D7B31953D8B3606C4D
:10D8B000D9B3DF8FDAB31B5FDBB3709ADCB33B8085
:10D8C000DDB37F9FDEB3884FDFB33A5CE0B3648D96
:10D8D000E1B3C57FE2B3A565E3B3BD70E4B34551E1
:10D8E000E5B3B251E6B36B86E7B3075DE8B3A05B7F
:10D8F000E9B3BD62EAB36C91EBB37475ECB30C8E13
:10D90000EDB3207AEEB30161EFB3797BF0B3C74E8C
:10D91000F1B3F87EF2B38577F3B3114EF4B3ED8132
:10D92000F5B31D52F6B3FA51F7B3716AF8B3A853C1
:10D93000F9B3878EFAB30495FBB3CF96FCB3C16EEF
:10D94000FDB36496FEB35A6940B4847841B48578D7
:10D9500042B4867843B4887844B48A7845B48B78E6
:10D9600046B48F7847B4907848B4927849B49478A4
:10D970004AB495784BB496784CB499784DB49D7868
:10D980004EB49E784FB4A07850B4A27851B4A47825
:10D9900052B4A67853B4A87854B4A97855B4AA78E8
:10D9A00056B4AB7857B4AC7858B4AD7859B4AE78B7
:10D9B0005AB4AF785BB4B5785CB4B6785DB4B77878
:10D9C0005EB4B8785FB4BA7860B4BB7861B4BC7840
:10D9D00062B4BD7863B4BF7864B4C07865B4C2780B
:10D9E00066B4C37867B4C47868B4C67869B4C778D5
:10D9F0006AB4C8786BB4CC786CB4CD786DB4CE789A
:10DA00006EB4CF786FB4D17870B4D27871B4D37863
:10DA100072B4D67873B4D77874B4D87875B4DA7829
:10DA200076B4DB7877B4DC7878B4DD7879B4DE78F6
:10DA30007AB4DF787BB4E0787CB4E1787DB4E278C6
:10DA40007EB4E37880B4E47881B4E57882B4E67893
:10DA500083B4E77884B4E97885B4EA7886B4EB785F
:10DA600087B4ED7888B4EE7889B4EF788AB4F0782A
:10DA70008BB4F1788CB4F3788DB4F5788EB4F678F5
:10DA80008FB4F87890B4F97891B4FB7892B4FC78BC
:10DA900093B4FD7894B4FE7895B4FF7896B4007989
:10DAA00097B4027998B4037999B404799AB4067951
:10DAB0009BB407799CB408799DB409799EB40A791E
:10DAC0009FB40B79A0B40C79A1B44078A2B4A8504B
:10DAD000A3B4D777A4B41064A5B4E689A6B4045956
:10DAE000A7B4E363A8B4DD5DA9B47F7AAAB43D69A5
:10DAF000ABB4204FACB43982ADB49855AEB4324E0D
:10DB0000AFB4AE75B0B4977AB1B4625EB2B48A5EA7
:10DB1000B3B4EF95B4B41B52B5B43954B6B48A70EB
:10DB2000B7B47663B8B42495B9B48257BAB425664D
:10DB3000BBB43F69BCB48791BDB40755BEB4F36DA7
:10DB4000BFB4AF7EC0B42288C1B43362C2B4F07E29
:10DB5000C3B4B575C4B42883C5B4C178C6B4CC9673
:10DB6000C7B49E8FC8B44861C9B4F774CAB4CD8B2A
:10DB7000CBB4646BCCB43A52CDB4508DCEB4216BDF
:10DB8000CFB46A80D0B47184D1B4F156D2B4065304
:10DB9000D3B4CE4ED4B41B4ED5B4D151D6B4977CA9
:10DBA000D7B48B91D8B4077CD9B4C34FDAB47F8E85
:10DBB000DBB4E17BDCB49C7ADDB46764DEB4145D75
:10DBC000DFB4AC50E0B40681E1B40176E2B4B97CD4
:10DBD000E3B4EC6DE4B4E07FE5B45167E6B4585BC0
:10DBE000E7B4F85BE8B4CB78E9B4AE64EAB41364A4
:10DBF000EBB4AA63ECB42B63EDB41995EEB42D64C9
:10DC0000EFB4BE8FF0B4547BF1B42976F2B4536212
:10DC1000F3B42759F4B44654F5B4796BF6B4A35071
:10DC2000F7B43462F8B4265EF9B4866BFAB4E34E06
:10DC3000FBB4378DFCB48B88FDB4855FFEB42E90A9
:10DC400040B50D7941B50E7942B50F7943B51079DC
:10DC500044B5117945B5127946B5147947B51579AA
:10DC600048B5167949B517794AB518794BB5197978
:10DC70004CB51A794DB51B794EB51C794FB51D7948
:10DC800050B51F7951B5207952B5217953B5227914
:10DC900054B5237955B5257956B5267957B52779E1
:10DCA00058B5287959B529795AB52A795BB52B79B0
:10DCB0005CB52C795DB52D795EB52E795FB52F7980
:10DCC00060B5307961B5317962B5327963B5337950
:10DCD00064B5357965B5367966B5377967B538791C
:10DCE00068B5397969B53D796AB53F796BB54279DF
:10DCF0006CB543796DB544796EB545796FB54779A3
:10DD000070B54A7971B54B7972B54C7973B54D7967
:10DD100074B54E7975B54F7976B5507977B5517937
:10DD200078B5527979B554797AB555797BB5587902
:10DD30007CB559797DB561797EB5637980B56479B3
:10DD400081B5667982B5697983B56A7984B56B796D
:10DD500085B56C7986B56E7987B5707988B5717936
:10DD600089B572798AB573798BB574798CB5757903
:10DD70008DB576798EB579798FB57B7990B57C79CB
:10DD800091B57D7992B57E7993B57F7994B5827995
:10DD900095B5837996B5867997B5877998B5887959
:10DDA00099B589799AB58B799BB58C799CB58D7924
:10DDB0009DB58E799EB590799FB59179A0B59279F0
:10DDC000A1B52060A2B53D80A3B5C562A4B5394E0A
:10DDD000A5B55553A6B5F890A7B5B863A8B5C68044
:10DDE000A9B5E665AAB52E6CABB5464FACB5EE60ED
:10DDF000ADB5E16DAEB5DE8BAFB5395FB0B5CB86F5
:10DE0000B1B5535FB2B52163B3B55A51B4B56183AF
:10DE1000B5B56368B6B50052B7B56363B8B5488E9B
:10DE2000B9B51250BAB59B5CBBB57779BCB5FC5B94
:10DE3000BDB53052BEB53B7ABFB5BC60C0B55390DE
:10DE4000C1B5D776C2B5B75FC3B5975FC4B58476A1
:10DE5000C5B56C8EC6B56F70C7B57B76C8B5497B46
:10DE6000C9B5AA77CAB5F351CBB59390CCB52458B0
:10DE7000CDB54E4FCEB5F46ECFB5EA8FD0B54C656B
:10DE8000D1B51B7BD2B5C472D3B5A46DD4B5DF7F39
:10DE9000D5B5E15AD6B5B562D7B5955ED8B5305788
:10DEA000D9B58284DAB52C7BDBB51D5EDCB51F5F8E
:10DEB000DDB51290DEB5147FDFB5A098E0B58263C2
:10DEC000E1B5C76EE2B59878E3B5B970E4B57851BD
:10DED000E5B55B97E6B5AB57E7B53575E8B5434FA4
:10DEE000E9B53875EAB5975EEBB5E660ECB5605913
:10DEF000EDB5C06DEEB5BF6BEFB58978F0B5FC53ED
:10DF0000F1B5D596F2B5CB51F3B50152F4B58963AD
:10DF1000F5B50A54F6B59394F7B5038CF8B5CC8DE6
:10DF2000F9B53972FAB59F78FBB57687FCB5ED8FF8
:10DF3000FDB50D8CFEB5E05340B6937941B69479AA
:10DF400042B6957943B6967944B6977945B69879AD
:10DF500046B6997947B69B7948B69C7949B69D797A
:10DF60004AB69E794BB69F794CB6A0794DB6A17949
:10DF70004EB6A2794FB6A37950B6A47951B6A57919
:10DF800052B6A67953B6A87954B6A97955B6AA79E6
:10DF900056B6AB7957B6AC7958B6AD7959B6AE79B5
:10DFA0005AB6AF795BB6B0795CB6B1795DB6B27985
:10DFB0005EB6B4795FB6B57960B6B67961B6B77951
:10DFC00062B6B87963B6BC7964B6BF7965B6C27912
:10DFD00066B6C47967B6C57968B6C77969B6C879CF
:10DFE0006AB6CA796BB6CC796CB6CE796DB6CF7994
:10DFF0006EB6D0796FB6D37970B6D47971B6D6795A
:10E0000072B6D77973B6D97974B6DA7975B6DB7921
:10E0100076B6DC7977B6DD7978B6DE7979B6E079EF
:10E020007AB6E1797BB6E2797CB6E5797DB6E879B6
:10E030007EB6EA7980B6EC7981B6EE7982B6F1796E
:10E0400083B6F27984B6F37985B6F47986B6F57934
:10E0500087B6F67988B6F77989B6F9798AB6FA7902
:10E060008BB6FC798CB6FE798DB6FF798EB6017AC7
:10E070008FB6047A90B6057A91B6077A92B6087A86
:10E0800093B6097A94B60A7A95B60C7A96B60F7A50
:10E0900097B6107A98B6117A99B6127A9AB6137A18
:10E0A0009BB6157A9CB6167A9DB6187A9EB6197AE2
:10E0B0009FB61B7AA0B61C7AA1B6014EA2B6EF7627
:10E0C000A3B6EE53A4B68994A5B67698A6B60E9FCD
:10E0D000A7B62D95A8B69A5BA9B6A28BAAB6224E72
:10E0E000ABB61C4EACB6AC51ADB66384AEB6C26135
:10E0F000AFB6A852B0B60B68B1B6974FB2B66B6068
:10E10000B3B6BB51B4B61E6DB5B65C51B6B6966229
:10E11000B7B69765B8B66196B9B6468CBAB61790D9
:10E12000BBB6D875BCB6FD90BDB66377BEB6D26B34
:10E13000BFB68A72C0B6EC72C1B6FB8BC2B6355898
:10E14000C3B67977C4B64C8DC5B65C67C6B6409584
:10E15000C7B69A80C8B6A65EC9B6216ECAB692592D
:10E16000CBB6EF7ACCB6ED77CDB63B95CEB6B56BE8
:10E17000CFB6AD65D0B60E7FD1B60658D2B65151E6
:10E18000D3B61F96D4B6F95BD5B6A958D6B62854DF
:10E19000D7B6728ED8B66665D9B67F98DAB6E45629
:10E1A000DBB69D94DCB6FE76DDB64190DEB68763C5
:10E1B000DFB6C654E0B61A59E1B63A59E2B69B57F3
:10E1C000E3B6B28EE4B63567E5B6FA8DE6B63582CB
:10E1D000E7B64152E8B6F060E9B61558EAB6FE86F1
:10E1E000EBB6E85CECB6459EEDB6C44FEEB69D9836
:10E1F000EFB6B98BF0B6255AF1B67660F2B6845315
:10E20000F3B67C62F4B64F90F5B60291F6B67F99FC
:10E21000F7B66960F8B60C80F9B63F51FAB63380AC
:10E22000FBB6145CFCB67599FDB6316DFEB68C4E2E
:10E2300040B71D7A41B71F7A42B7217A43B7227A95
:10E2400044B7247A45B7257A46B7267A47B7277A5E
:10E2500048B7287A49B7297A4AB72A7A4BB72B7A2E
:10E260004CB72C7A4DB72D7A4EB72E7A4FB72F7AFE
:10E2700050B7307A51B7317A52B7327A53B7347ACD
:10E2800054B7357A55B7367A56B7387A57B73A7A97
:10E2900058B73E7A59B7407A5AB7417A5BB7427A53
:10E2A0005CB7437A5DB7447A5EB7457A5FB7477A21
:10E2B00060B7487A61B7497A62B74A7A63B74B7AEE
:10E2C00064B74C7A65B74D7A66B74E7A67B74F7ABE
:10E2D00068B7507A69B7527A6AB7537A6BB7547A8B
:10E2E0006CB7557A6DB7567A6EB7587A6FB7597A58
:10E2F00070B75A7A71B75B7A72B75C7A73B75D7A26
:10E3000074B75E7A75B75F7A76B7607A77B7617AF5
:10E3100078B7627A79B7637A7AB7647A7BB7657AC5
:10E320007CB7667A7DB7677A7EB7687A80B7697A94
:10E3300081B76A7A82B76B7A83B76C7A84B76D7A61
:10E3400085B76E7A86B76F7A87B7717A88B7727A2F
:10E3500089B7737A8AB7757A8BB77B7A8CB77C7AF0
:10E360008DB77D7A8EB77E7A8FB7827A90B7857AAD
:10E3700091B7877A92B7897A93B78A7A94B78B7A6A
:10E3800095B78C7A96B78E7A97B78F7A98B7907A36
:10E3900099B7937A9AB7947A9BB7997A9CB79A7AF5
:10E3A0009DB79B7A9EB79E7A9FB7A17AA0B7A27AB3
:10E3B000A1B7308DA2B7D153A3B75A7FA4B74F7B73
:10E3C000A5B7104FA6B74F4EA7B70096A8B7D56C04
:10E3D000A9B7D073AAB7E985ABB7065EACB76A75C3
:10E3E000ADB7FB7FAEB70A6AAFB7FE77B0B792940E
:10E3F000B1B7417EB2B7E151B3B7E670B4B7CD5310
:10E40000B5B7D48FB6B70383B7B7298DB8B7AF7296
:10E41000B9B76D99BAB7DB6CBBB74A57BCB7B38213
:10E42000BDB7B965BEB7AA80BFB73F62C0B7329665
:10E43000C1B7A859C2B7FF4EC3B7BF8BC4B7BA7E26
:10E44000C5B73E65C6B7F283C7B75E97C8B7615513
:10E45000C9B7DE98CAB7A580CBB72A53CCB7FD8B16
:10E46000CDB72054CEB7BA80CFB79F5ED0B7B86CC7
:10E47000D1B7398DD2B7AC82D3B75A91D4B729541A
:10E48000D5B71B6CD6B70652D7B7B77ED8B75F578C
:10E49000D9B71A71DAB77E6CDBB7897CDCB74B5918
:10E4A000DDB7FD4EDEB7FF5FDFB72461E0B7AA7CC2
:10E4B000E1B7304EE2B7015CE3B7AB67E4B7028780
:10E4C000E5B7F05CE6B70B95E7B7CE98E8B7AF7560
:10E4D000E9B7FD70EAB72290EBB7AF51ECB71D7FFB
:10E4E000EDB7BD8BEEB74959EFB7E451F0B75B4FCD
:10E4F000F1B72654F2B72B59F3B77765F4B7A48078
:10E50000F5B7755BF6B77662F7B7C262F8B7908F6A
:10E51000F9B7455EFAB71F6CFBB7267BFCB70F4F08
:10E52000FDB7D84FFEB70D6740B8A37A41B8A47ABB
:10E5300042B8A77A43B8A97A44B8AA7A45B8AB7A60
:10E5400046B8AE7A47B8AF7A48B8B07A49B8B17A27
:10E550004AB8B27A4BB8B47A4CB8B57A4DB8B67AF4
:10E560004EB8B77A4FB8B87A50B8B97A51B8BA7AC3
:10E5700052B8BB7A53B8BC7A54B8BD7A55B8BE7A93
:10E5800056B8C07A57B8C17A58B8C27A59B8C37A5F
:10E590005AB8C47A5BB8C57A5CB8C67A5DB8C77A2F
:10E5A0005EB8C87A5FB8C97A60B8CA7A61B8CC7AFE
:10E5B00062B8CD7A63B8CE7A64B8CF7A65B8D07ACB
:10E5C00066B8D17A67B8D27A68B8D37A69B8D47A9B
:10E5D0006AB8D57A6BB8D77A6CB8D87A6DB8DA7A67
:10E5E0006EB8DB7A6FB8DC7A70B8DD7A71B8E17A30
:10E5F00072B8E27A73B8E47A74B8E77A75B8E87AF0
:10E6000076B8E97A77B8EA7A78B8EB7A79B8EC7ABA
:10E610007AB8EE7A7BB8F07A7CB8F17A7DB8F27A83
:10E620007EB8F37A80B8F47A81B8F57A82B8F67A4F
:10E6300083B8F77A84B8F87A85B8FB7A86B8FC7A1A
:10E6400087B8FE7A88B8007B89B8017B8AB8027BDC
:10E650008BB8057B8CB8077B8DB8097B8EB80C7B9B
:10E660008FB80D7B90B80E7B91B8107B92B8127B5F
:10E6700093B8137B94B8167B95B8177B96B8187B24
:10E6800097B81A7B98B81C7B99B81D7B9AB81F7BEA
:10E690009BB8217B9CB8227B9DB8237B9EB8277BAF
:10E6A0009FB8297BA0B82D7BA1B86E6DA2B8AA6DCA
:10E6B000A3B88F79A4B8B188A5B8175FA6B82B7591
:10E6C000A7B89A62A8B8858FA9B8EF4FAAB8DC910D
:10E6D000ABB8A765ACB82F81ADB85181AEB89C5E20
:10E6E000AFB85081B0B8748DB1B86F52B2B88689E6
:10E6F000B3B84B8DB4B80D59B5B88550B6B8D84E2F
:10E70000B7B81C96B8B83672B9B87981BAB81F8D47
:10E71000BBB8CC5BBCB8A38BBDB84496BEB8875918
:10E72000BFB81A7FC0B89054C1B87656C2B80E565A
:10E73000C3B8E58BC4B83965C5B88269C6B89994C1
:10E74000C7B8D676C8B8896EC9B8725ECAB8187527
:10E75000CBB84667CCB8D167CDB8FF7ACEB89D802C
:10E76000CFB8768DD0B81F61D1B8C679D2B86265FE
:10E77000D3B8638DD4B88851D5B81A52D6B8A294FC
:10E78000D7B8387FD8B89B80D9B8B27EDAB8975C52
:10E79000DBB82F6EDCB86067DDB8D97BDEB88B766E
:10E7A000DFB8D89AE0B88F81E1B8947FE2B8D57C21
:10E7B000E3B81E64E4B85095E5B83F7AE6B84A5429
:10E7C000E7B8E554E8B84C6BE9B80164EAB8086208
:10E7D000EBB83D9EECB8F380EDB89975EEB8725287
:10E7E000EFB86997F0B85B84F1B83C68F2B8E4869A
:10E7F000F3B80196F4B89496F5B8EC94F6B82A4EAE
:10E80000F7B80454F8B8D97EF9B83968FAB8DF8D8A
:10E81000FBB81580FCB8F466FDB89A5EFEB8B97F07
:10E8200040B92F7B41B9307B42B9327B43B9347B4D
:10E8300044B9357B45B9367B46B9377B47B9397B17
:10E8400048B93B7B49B93D7B4AB93F7B4BB9407BDB
:10E850004CB9417B4DB9427B4EB9437B4FB9447BA8
:10E8600050B9467B51B9487B52B94A7B53B94D7B6D
:10E8700054B94E7B55B9537B56B9557B57B9577B25
:10E8800058B9597B59B95C7B5AB95E7B5BB95F7BE0
:10E890005CB9617B5DB9637B5EB9647B5FB9657BA5
:10E8A00060B9667B61B9677B62B9687B63B9697B74
:10E8B00064B96A7B65B96B7B66B96C7B67B96D7B44
:10E8C00068B96F7B69B9707B6AB9737B6BB9747B0C
:10E8D0006CB9767B6DB9787B6EB97A7B6FB97C7BCE
:10E8E00070B97D7B71B97F7B72B9817B73B9827B93
:10E8F00074B9837B75B9847B76B9867B77B9877B5E
:10E9000078B9887B79B9897B7AB98A7B7BB98B7B2B
:10E910007CB98C7B7DB98E7B7EB98F7B80B9917BF6
:10E9200081B9927B82B9937B83B9967B84B9987BBA
:10E9300085B9997B86B99A7B87B99B7B88B99E7B81
:10E9400089B99F7B8AB9A07B8BB9A37B8CB9A47B47
:10E950008DB9A57B8EB9AE7B8FB9AF7B90B9B07BFB
:10E9600091B9B27B92B9B37B93B9B57B94B9B67BBD
:10E9700095B9B77B96B9B97B97B9BA7B98B9BB7B88
:10E9800099B9BC7B9AB9BD7B9BB9BE7B9CB9BF7B57
:10E990009DB9C07B9EB9C27B9FB9C37BA0B9C47B24
:10E9A000A1B9C257A2B93F80A3B99768A4B9E55DE0
:10E9B000A5B93B65A6B99F52A7B96D60A8B99A9F42
:10E9C000A9B99B4FAAB9AC8EABB96C51ACB9AB5BD2
:10E9D000ADB9135FAEB9E95DAFB95E6CB0B9F162C4
:10E9E000B1B9218DB2B97151B3B9A994B4B9FE527C
:10E9F000B5B99F6CB6B9DF82B7B9D772B8B9A257AB
:10EA0000B9B98467BAB92D8DBBB91F59BCB99C8FF0
:10EA1000BDB9C783BEB99554BFB98D7BC0B9304F5E
:10EA2000C1B9BD6CC2B9645BC3B9D159C4B9139F34
:10EA3000C5B9E453C6B9CA86C7B9A89AC8B9378C4C
:10EA4000C9B9A180CAB94565CBB97E98CCB9FA5687
:10EA5000CDB9C796CEB92E52CFB9DC74D0B95052C9
:10EA6000D1B9E15BD2B90263D3B90289D4B9564EA8
:10EA7000D5B9D062D6B92A60D7B9FA68D8B9735176
:10EA8000D9B9985BDAB9A051DBB9C289DCB9A17BED
:10EA9000DDB98699DEB9507FDFB9EF60E0B94C701F
:10EAA000E1B92F8DE2B94951E3B97F5EE4B91B901A
:10EAB000E5B97074E6B9C489E7B92D57E8B9457866
:10EAC000E9B9525FEAB99F9FEBB9FA95ECB9688F43
:10EAD000EDB93C9BEEB9E18BEFB97876F0B94268BD
:10EAE000F1B9DC67F2B9EA8DF3B9358DF4B93D526D
:10EAF000F5B98A8FF6B9DA6EF7B9CD68F8B9059528
:10EB0000F9B9ED90FAB9FD56FBB99C67FCB9F988E3
:10EB1000FDB9C78FFEB9C85440BAC57B41BAC87B9E
:10EB200042BAC97B43BACA7B44BACB7B45BACD7BD8
:10EB300046BACE7B47BACF7B48BAD07B49BAD27BA4
:10EB40004ABAD47B4BBAD57B4CBAD67B4DBAD77B6D
:10EB50004EBAD87B4FBADB7B50BADC7B51BADE7B36
:10EB600052BADF7B53BAE07B54BAE27B55BAE37BFF
:10EB700056BAE47B57BAE77B58BAE87B59BAE97BC7
:10EB80005ABAEB7B5BBAEC7B5CBAED7B5DBAEF7B90
:10EB90005EBAF07B5FBAF27B60BAF37B61BAF47B5A
:10EBA00062BAF57B63BAF67B64BAF87B65BAF97B27
:10EBB00066BAFA7B67BAFB7B68BAFD7B69BAFF7BF2
:10EBC0006ABA007C6BBA017C6CBA027C6DBA037CB9
:10EBD0006EBA047C6FBA057C70BA067C71BA087C88
:10EBE00072BA097C73BA0A7C74BA0D7C75BA0E7C51
:10EBF00076BA107C77BA117C78BA127C79BA137C19
:10EC00007ABA147C7BBA157C7CBA177C7DBA187CE6
:10EC10007EBA197C80BA1A7C81BA1B7C82BA1C7CB1
:10EC200083BA1D7C84BA1E7C85BA207C86BA217C7E
:10EC300087BA227C88BA237C89BA247C8ABA257C4C
:10EC40008BBA287C8CBA297C8DBA2B7C8EBA2C7C12
:10EC50008FBA2D7C90BA2E7C91BA2F7C92BA307CE0
:10EC600093BA317C94BA327C95BA337C96BA347CB0
:10EC700097BA357C98BA367C99BA377C9ABA397C7F
:10EC80009BBA3A7C9CBA3B7C9DBA3C7C9EBA3D7C4C
:10EC90009FBA3E7CA0BA427CA1BAB89AA2BA695B7C
:10ECA000A3BA776DA4BA266CA5BAA54EA6BAB35B73
:10ECB000A7BA879AA8BA6391A9BAA861AABAAF906D
:10ECC000ABBAE997ACBA2B54ADBAB56DAEBAD25B5C
:10ECD000AFBAFD51B0BA8A55B1BA557FB2BAF07F1A
:10ECE000B3BABC64B4BA4D63B5BAF165B6BABE6125
:10ECF000B7BA8D60B8BA0A71B9BA576CBABA496C6A
:10ED0000BBBA2F59BCBA6D67BDBA2A82BEBAD558F4
:10ED1000BFBA8E56C0BA6A8CC1BAEB6BC2BADD906C
:10ED2000C3BA7D59C4BA1780C5BAF753C6BA696D5C
:10ED3000C7BA7554C8BA9D55C9BA7783CABACF83C2
:10ED4000CBBA3868CCBABE79CDBA8C54CEBA554F4E
:10ED5000CFBA0854D0BAD276D1BA898CD2BA029638
:10ED6000D3BAB36CD4BAB86DD5BA6B8DD6BA108994
:10ED7000D7BA649ED8BA3A8DD9BA3F56DABAD19E7C
:10ED8000DBBAD575DCBA885FDDBAE072DEBA6860DE
:10ED9000DFBAFC54E0BAA84EE1BA2A6AE2BA618846
:10EDA000E3BA5260E4BA708FE5BAC454E6BAD870D8
:10EDB000E7BA7986E8BA3F9EE9BA2A6DEABA8F5B6C
:10EDC000EBBA185FECBAA27EEDBA8955EEBAAF4F36
:10EDD000EFBA3473F0BA3C54F1BA9A53F2BA1950FC
:10EDE000F3BA0E54F4BA7C54F5BA4E4EF6BAFD5F3F
:10EDF000F7BA5A74F8BAF658F9BA6B84FABAE180DD
:10EE0000FBBA7487FCBAD072FDBACA7CFEBA566EE1
:10EE100040BB437C41BB447C42BB457C43BB467CFE
:10EE200044BB477C45BB487C46BB497C47BB4A7CCE
:10EE300048BB4B7C49BB4C7C4ABB4E7C4BBB4F7C9C
:10EE40004CBB507C4DBB517C4EBB527C4FBB537C6A
:10EE500050BB547C51BB557C52BB567C53BB577C3A
:10EE600054BB587C55BB597C56BB5A7C57BB5B7C0A
:10EE700058BB5C7C59BB5D7C5ABB5E7C5BBB5F7CDA
:10EE80005CBB607C5DBB617C5EBB627C5FBB637CAA
:10EE900060BB647C61BB657C62BB667C63BB677C7A
:10EEA00064BB687C65BB697C66BB6A7C67BB6B7C4A
:10EEB00068BB6C7C69BB6D7C6ABB6E7C6BBB6F7C1A
:10EEC0006CBB707C6DBB717C6EBB727C6FBB757CE8
:10EED00070BB767C71BB777C72BB787C73BB797CB2
:10EEE00074BB7A7C75BB7E7C76BB7F7C77BB807C79
:10EEF00078BB817C79BB827C7ABB837C7BBB847C46
:10EF00007CBB857C7DBB867C7EBB877C80BB887C14
:10EF100081BB8A7C82BB8B7C83BB8C7C84BB8D7CDD
:10EF200085BB8E7C86BB8F7C87BB907C88BB937CAB
:10EF300089BB947C8ABB967C8BBB997C8CBB9A7C6E
:10EF40008DBB9B7C8EBBA07C8FBBA17C90BBA37C2C
:10EF500091BBA67C92BBA77C93BBA87C94BBA97CED
:10EF600095BBAB7C96BBAC7C97BBAD7C98BBAF7CB8
:10EF700099BBB07C9ABBB47C9BBBB57C9CBBB67C7C
:10EF80009DBBB77C9EBBB87C9FBBBA7CA0BBBB7C47
:10EF9000A1BB275FA2BB4E86A3BB2C55A4BBA4621A
:10EFA000A5BB924EA6BBAA6CA7BB3762A8BBB18219
:10EFB000A9BBD754AABB4E53ABBB3E73ACBBD16EFF
:10EFC000ADBB3B75AEBB1252AFBB1653B0BBDD8BB6
:10EFD000B1BBD069B2BB8A5FB3BB0060B4BBEE6D9E
:10EFE000B5BB4F57B6BB226BB7BBAF73B8BB53684B
:10EFF000B9BBD88FBABB137FBBBB6263BCBBA3607A
:10F00000BDBB2455BEBBEA75BFBB628CC0BB1571CE
:10F01000C1BBA36DC2BBA65BC3BB7B5EC4BB52833B
:10F02000C5BB4C61C6BBC49EC7BBFA78C8BB57877B
:10F03000C9BB277CCABB8776CBBBF051CCBBF66083
:10F04000CDBB4C71CEBB4366CFBB4C5ED0BB4D60DD
:10F05000D1BB0E8CD2BB7070D3BB2563D4BB898F60
:10F06000D5BBBD5FD6BB6260D7BBD486D8BBDE56EE
:10F07000D9BBC16BDABB9460DBBB6761DCBB4953B6
:10F08000DDBBE060DEBB6666DFBB3F8DE0BBFD79CC
:10F09000E1BB1A4FE2BBE970E3BB476CE4BBB38B47
:10F0A000E5BBF28BE6BBD87EE7BB6483E8BB0F66AB
:10F0B000E9BB5A5AEABB429BEBBB516DECBBF76D07
:10F0C000EDBB418CEEBB3B6DEFBB194FF0BB6B70E2
:10F0D000F1BBB783F2BB1662F3BBD160F4BB0D97F3
:10F0E000F5BB278DF6BB7879F7BBFB51F8BB3E57D4
:10F0F000F9BBFA57FABB3A67FBBB7875FCBB3D7AA4
:10F10000FDBBEF79FEBB957B40BCBF7C41BCC07CA6
:10F1100042BCC27C43BCC37C44BCC47C45BCC67CF2
:10F1200046BCC97C47BCCB7C48BCCE7C49BCCF7CB0
:10F130004ABCD07C4BBCD17C4CBCD27C4DBCD37C7B
:10F140004EBCD47C4FBCD87C50BCDA7C51BCDB7C40
:10F1500052BCDD7C53BCDE7C54BCE17C55BCE27C03
:10F1600056BCE37C57BCE47C58BCE57C59BCE67CCF
:10F170005ABCE77C5BBCE97C5CBCEA7C5DBCEB7C9C
:10F180005EBCEC7C5FBCED7C60BCEE7C61BCF07C6A
:10F1900062BCF17C63BCF27C64BCF37C65BCF47C37
:10F1A00066BCF57C67BCF67C68BCF77C69BCF97C06
:10F1B0006ABCFA7C6BBCFC7C6CBCFD7C6DBCFE7CD0
:10F1C0006EBCFF7C6FBC007D70BC017D71BC027D9C
:10F1D00072BC037D73BC047D74BC057D75BC067D6B
:10F1E00076BC077D77BC087D78BC097D79BC0B7D3A
:10F1F0007ABC0C7D7BBC0D7D7CBC0E7D7DBC0F7D07
:10F200007EBC107D80BC117D81BC127D82BC137DD3
:10F2100083BC147D84BC157D85BC167D86BC177DA2
:10F2200087BC187D88BC197D89BC1A7D8ABC1B7D72
:10F230008BBC1C7D8CBC1D7D8DBC1E7D8EBC1F7D42
:10F240008FBC217D90BC237D91BC247D92BC257D0B
:10F2500093BC267D94BC287D95BC297D96BC2A7DD7
:10F2600097BC2C7D98BC2D7D99BC2E7D9ABC307DA1
:10F270009BBC317D9CBC327D9DBC337D9EBC347D6E
:10F280009FBC357DA0BC367DA1BC8C80A2BC65999D
:10F29000A3BCF98FA4BCC06FA5BCA58BA6BC219E46
:10F2A000A7BCEC59A8BCE97EA9BC097FAABC09543B
:10F2B000ABBC8167ACBCD868ADBC918FAEBC4D7C9B
:10F2C000AFBCC696B0BCCA53B1BC2560B2BCBE755B
:10F2D000B3BC726CB4BC7353B5BCC95AB6BCA77E80
:10F2E000B7BC2463B8BCE051B9BC0A81BABCF15DBB
:10F2F000BBBCDF84BCBC8062BDBC8051BEBC635B58
:10F30000BFBC0E4FC0BC6D79C1BC4252C2BCB8601C
:10F31000C3BC4E6DC4BCC45BC5BCC25BC6BCA18BC8
:10F32000C7BCB08BC8BCE265C9BCCC5FCABC459643
:10F33000CBBC9359CCBCE77ECDBCAA7ECEBC0956D3
:10F34000CFBCB767D0BC3959D1BC734FD2BCB65B08
:10F35000D3BCA052D4BC5A83D5BC8A98D6BC3E8DAF
:10F36000D7BC3275D8BCBE94D9BC4750DABC3C7A05
:10F37000DBBCF74EDCBCB667DDBC7E9ADEBCC15A96
:10F38000DFBC7C6BE0BCD176E1BC5A57E2BC165CBA
:10F39000E3BC3A7BE4BCF495E5BC4E71E6BC7C5121
:10F3A000E7BCA980E8BC7082E9BC7859EABC047F5C
:10F3B000EBBC2783ECBCC068EDBCEC67EEBCB1785D
:10F3C000EFBC7778F0BCE362F1BC6163F2BC807B98
:10F3D000F3BCED4FF4BC6A52F5BCCF51F6BC508380
:10F3E000F7BCDB69F8BC7492F9BCF58DFABC318DC1
:10F3F000FBBCC189FCBC2E95FDBCAD7BFEBCF64EB2
:10F4000040BD377D41BD387D42BD397D43BD3A7D2C
:10F4100044BD3B7D45BD3C7D46BD3D7D47BD3E7DFC
:10F4200048BD3F7D49BD407D4ABD417D4BBD427DCC
:10F430004CBD437D4DBD447D4EBD457D4FBD467D9C
:10F4400050BD477D51BD487D52BD497D53BD4A7D6C
:10F4500054BD4B7D55BD4C7D56BD4D7D57BD4E7D3C
:10F4600058BD4F7D59BD507D5ABD517D5BBD527D0C
:10F470005CBD537D5DBD547D5EBD557D5FBD567DDC
:10F4800060BD577D61BD587D62BD597D63BD5A7DAC
:10F4900064BD5B7D65BD5C7D66BD5D7D67BD5E7D7C
:10F4A00068BD5F7D69BD607D6ABD617D6BBD627D4C
:10F4B0006CBD637D6DBD647D6EBD657D6FBD667D1C
:10F4C00070BD677D71BD687D72BD697D73BD6A7DEC
:10F4D00074BD6B7D75BD6C7D76BD6D7D77BD6F7DBB
:10F4E00078BD707D79BD717D7ABD727D7BBD737D88
:10F4F0007CBD747D7DBD757D7EBD767D80BD787D56
:10F5000081BD797D82BD7A7D83BD7B7D84BD7C7D1F
:10F5100085BD7D7D86BD7E7D87BD7F7D88BD807DEF
:10F5200089BD817D8ABD827D8BBD837D8CBD847DBF
:10F530008DBD857D8EBD867D8FBD877D90BD887D8F
:10F5400091BD897D92BD8A7D93BD8B7D94BD8C7D5F
:10F5500095BD8D7D96BD8E7D97BD8F7D98BD907D2F
:10F5600099BD917D9ABD927D9BBD937D9CBD947DFF
:10F570009DBD957D9EBD967D9FBD977DA0BD987DCF
:10F58000A1BD6550A2BD3082A3BD5152A4BD6F99EB
:10F59000A5BD106EA6BD856EA7BDA76DA8BDFA5E00
:10F5A000A9BDF550AABDDC59ABBD065CACBD466D2E
:10F5B000ADBD5F6CAEBD8675AFBD8B84B0BD6868F8
:10F5C000B1BD5659B2BDB28BB3BD2053B4BD71911C
:10F5D000B5BD4D96B6BD4985B7BD1269B8BD0179B7
:10F5E000B9BD2671BABDF680BBBDA44EBCBDCA90E4
:10F5F000BDBD476DBEBD849ABFBD075AC0BDBC56D8
:10F60000C1BD0564C2BDF094C3BDEB77C4BDA54FB9
:10F61000C5BD1A81C6BDE172C7BDD289C8BD7A9980
:10F62000C9BD347FCABDDE7ECBBD7F52CCBD59651E
:10F63000CDBD7591CEBD7F8FCFBD838FD0BDEB5338
:10F64000D1BD967AD2BDED63D3BDA563D4BD867618
:10F65000D5BDF879D6BD5788D7BD3696D8BD2A62B4
:10F66000D9BDAB52DABD8282DBBD5468DCBD7067A8
:10F67000DDBD7763DEBD6B77DFBDED7AE0BD016D8B
:10F68000E1BDD37EE2BDE389E3BDD059E4BD1262A2
:10F69000E5BDC985E6BDA582E7BD4C75E8BD1F5037
:10F6A000E9BDCB4EEABDA575EBBDEB8BECBD4A5C6D
:10F6B000EDBDFE5DEEBD4B7BEFBDA465F0BDD19110
:10F6C000F1BDCA4EF2BD256DF3BD5F89F4BD277D46
:10F6D000F5BD2695F6BDC54EF7BD288CF8BDDB8F70
:10F6E000F9BD7397FABD4B66FBBD8179FCBDD18F27
:10F6F000FDBDEC70FEBD786D40BE997D41BE9A7D2A
:10F7000042BE9B7D43BE9C7D44BE9D7D45BE9E7D8D
:10F7100046BE9F7D47BEA07D48BEA17D49BEA27D5D
:10F720004ABEA37D4BBEA47D4CBEA57D4DBEA77D2C
:10F730004EBEA87D4FBEA97D50BEAA7D51BEAB7DF9
:10F7400052BEAC7D53BEAD7D54BEAF7D55BEB07DC7
:10F7500056BEB17D57BEB27D58BEB37D59BEB47D95
:10F760005ABEB57D5BBEB67D5CBEB77D5DBEB87D65
:10F770005EBEB97D5FBEBA7D60BEBB7D61BEBC7D35
:10F7800062BEBD7D63BEBE7D64BEBF7D65BEC07D05
:10F7900066BEC17D67BEC27D68BEC37D69BEC47DD5
:10F7A0006ABEC57D6BBEC67D6CBEC77D6DBEC87DA5
:10F7B0006EBEC97D6FBECA7D70BECB7D71BECC7D75
:10F7C00072BECD7D73BECE7D74BECF7D75BED07D45
:10F7D00076BED17D77BED27D78BED37D79BED47D15
:10F7E0007ABED57D7BBED67D7CBED77D7DBED87DE5
:10F7F0007EBED97D80BEDA7D81BEDB7D82BEDC7DB2
:10F8000083BEDD7D84BEDE7D85BEDF7D86BEE07D80
:10F8100087BEE17D88BEE27D89BEE37D8ABEE47D50
:10F820008BBEE57D8CBEE67D8DBEE77D8EBEE87D20
:10F830008FBEE97D90BEEA7D91BEEB7D92BEEC7DF0
:10F8400093BEED7D94BEEE7D95BEEF7D96BEF07DC0
:10F8500097BEF17D98BEF27D99BEF37D9ABEF47D90
:10F860009BBEF57D9CBEF67D9DBEF77D9EBEF87D60
:10F870009FBEF97DA0BEFA7DA1BE3D5CA2BEB25284
:10F88000A3BE4683A4BE6251A5BE0E83A6BE5B770F
:10F89000A7BE7666A8BEB89CA9BEAC4EAABECA607A
:10F8A000ABBEBE7CACBEB37CADBECF7EAEBE954E15
:10F8B000AFBE668BB0BE6F66B1BE8898B2BE5997B8
:10F8C000B3BE8358B4BE6C65B5BE5C95B6BE845FEE
:10F8D000B7BEC975B8BE5697B9BEDF7ABABEDE7A72
:10F8E000BBBEC051BCBEAF70BDBE987ABEBEEA639F
:10F8F000BFBE767AC0BEA07EC1BE9673C2BEED9773
:10F90000C3BE454EC4BE7870C5BE5D4EC6BE5291E4
:10F91000C7BEA953C8BE5165C9BEE765CABEFC8152
:10F92000CBBE0582CCBE8E54CDBE315CCEBE9A75A8
:10F93000CFBEA097D0BED862D1BED972D2BEBD759F
:10F94000D3BE455CD4BE799AD5BECA83D6BE405CD0
:10F95000D7BE8054D8BEE977D9BE3E4EDABEAE6C73
:10F96000DBBE5A80DCBED262DDBE6E63DEBEE85D09
:10F97000DFBE7751E0BEDD8DE1BE1E8EE2BE2F956B
:10F98000E3BEF14FE4BEE553E5BEE760E6BEAC7012
:10F99000E7BE6752E8BE5063E9BE439EEABE1F5A07
:10F9A000EBBE2650ECBE3777EDBE7753EEBEE27E5F
:10F9B000EFBE8564F0BE2B65F1BE8962F2BE98632E
:10F9C000F3BE1450F4BE3572F5BEC989F6BEB3510C
:10F9D000F7BEC08BF8BEDD7EF9BE4757FABECC83BA
:10F9E000FBBEA794FCBE9B51FDBE1B54FEBEFB5C40
:10F9F00040BFFB7D41BFFC7D42BFFD7D43BFFE7D1F
:10FA000044BFFF7D45BF007E46BF017E47BF027EEB
:10FA100048BF037E49BF047E4ABF057E4BBF067EBA
:10FA20004CBF077E4DBF087E4EBF097E4FBF0A7E8A
:10FA300050BF0B7E51BF0C7E52BF0D7E53BF0E7E5A
:10FA400054BF0F7E55BF107E56BF117E57BF127E2A
:10FA500058BF137E59BF147E5ABF157E5BBF167EFA
:10FA60005CBF177E5DBF187E5EBF197E5FBF1A7ECA
:10FA700060BF1B7E61BF1C7E62BF1D7E63BF1E7E9A
:10FA800064BF1F7E65BF207E66BF217E67BF227E6A
:10FA900068BF237E69BF247E6ABF257E6BBF267E3A
:10FAA0006CBF277E6DBF287E6EBF297E6FBF2A7E0A
:10FAB00070BF2B7E71BF2C7E72BF2D7E73BF2E7EDA
:10FAC00074BF2F7E75BF307E76BF317E77BF327EAA
:10FAD00078BF337E79BF347E7ABF357E7BBF367E7A
:10FAE0007CBF377E7DBF387E7EBF397E80BF3A7E49
:10FAF00081BF3C7E82BF3D7E83BF3E7E84BF3F7E12
:10FB000085BF407E86BF427E87BF437E88BF447EDE
:10FB100089BF457E8ABF467E8BBF487E8CBF497EAB
:10FB20008DBF4A7E8EBF4B7E8FBF4C7E90BF4D7E79
:10FB300091BF4E7E92BF4F7E93BF507E94BF517E49
:10FB400095BF527E96BF537E97BF547E98BF557E19
:10FB500099BF567E9ABF577E9BBF587E9CBF597EE9
:10FB60009DBF5A7E9EBF5B7E9FBF5C7EA0BF5D7EB9
:10FB7000A1BFCA4FA2BFE37AA3BF5A6DA4BFE19051
:10FB8000A5BF8F9AA6BF8055A7BF9654A8BF615343
:10FB9000A9BFAF54AABF005FABBFE963ACBF776931
:10FBA000ADBFEF51AEBF6861AFBF0A52B0BF2A58B8
:10FBB000B1BFD852B2BF4E57B3BF0D78B4BF0B77A9
:10FBC000B5BFB75EB6BF7761B7BFE07CB8BF5B6259
:10FBD000B9BF9762BABFA24EBBBF9570BCBF0380CE
:10FBE000BDBFF762BEBFE470BFBF6097C0BF7757AD
:10FBF000C1BFDB82C2BFEF67C3BFF568C4BFD578A2
:10FC0000C5BF9798C6BFD179C7BFF358C8BFB35413
:10FC1000C9BFEF53CABF346ECBBF4B51CCBF3B52B1
:10FC2000CDBFA25BCEBFFE8BCFBFAF80D0BF435551
:10FC3000D1BFA657D2BF7360D3BF5157D4BF2D5485
:10FC4000D5BF7A7AD6BF5060D7BF545BD8BFA76301
:10FC5000D9BFA062DABFE353DBBF6362DCBFC75B1F
:10FC6000DDBFAF67DEBFED54DFBF9F7AE0BFE68246
:10FC7000E1BF7791E2BF935EE3BFE488E4BF385908
:10FC8000E5BFAE57E6BF0E63E7BFE88DE8BFEF8084
:10FC9000E9BF5757EABF777BEBBFA94FECBFEB5FDC
:10FCA000EDBFBD5BEEBF3E6BEFBF2153F0BF507B9E
:10FCB000F1BFC272F2BF4668F3BFFF77F4BF367779
:10FCC000F5BFF765F6BFB551F7BF8F4EF8BFD476D5
:10FCD000F9BFBF5CFABFA57AFBBF7584FCBF4E5964
:10FCE000FDBF419BFEBF805040C05E7E41C05F7E35
:10FCF00042C0607E43C0617E44C0627E45C0637E78
:10FD000046C0647E47C0657E48C0667E49C0677E47
:10FD10004AC0687E4BC0697E4CC06A7E4DC06B7E17
:10FD20004EC06C7E4FC06D7E50C06E7E51C06F7EE7
:10FD300052C0707E53C0717E54C0727E55C0737EB7
:10FD400056C0747E57C0757E58C0767E59C0777E87
:10FD50005AC0787E5BC0797E5CC07A7E5DC07B7E57
:10FD60005EC07C7E5FC07D7E60C07E7E61C07F7E27
:10FD700062C0807E63C0817E64C0837E65C0847EF5
:10FD800066C0857E67C0867E68C0877E69C0887EC3
:10FD90006AC0897E6BC08A7E6CC08B7E6DC08C7E93
:10FDA0006EC08D7E6FC08E7E70C08F7E71C0907E63
:10FDB00072C0917E73C0927E74C0937E75C0947E33
:10FDC00076C0957E77C0967E78C0977E79C0987E03
:10FDD0007AC0997E7BC09A7E7CC09C7E7DC09D7ED1
:10FDE0007EC09E7E80C0AE7E81C0B47E82C0BB7E5F
:10FDF00083C0BC7E84C0D67E85C0E47E86C0EC7E97
:10FE000087C0F97E88C00A7F89C0107F8AC01E7FA4
:10FE10008BC0377F8CC0397F8DC03B7F8EC03C7FCD
:10FE20008FC03D7F90C03E7F91C03F7F92C0407F9A
:10FE300093C0417F94C0437F95C0467F96C0477F63
:10FE400097C0487F98C0497F99C04A7F9AC04B7F2E
:10FE50009BC04C7F9CC04D7F9DC04E7F9EC04F7FFE
:10FE60009FC0527FA0C0537FA1C08899A2C02761C4
:10FE7000A3C0836EA4C06457A5C00666A6C046632F
:10FE8000A7C0F056A8C0EC62A9C06962AAC0D35E40
:10FE9000ABC01496ACC08357ADC0C962AEC0875525
:10FEA000AFC02187B0C04A81B1C0A38FB2C0665530
:10FEB000B3C0B183B4C06567B5C0568DB6C0DD842C
:10FEC000B7C06A5AB8C00F68B9C0E662BAC0EE7B64
:10FED000BBC01196BCC07051BDC09C6FBEC0308C01
:10FEE000BFC0FD63C0C0C889C1C0D261C2C0067FA7
:10FEF000C3C0C270C4C0E56EC5C00574C6C09469F5
:10FF0000C7C0FC72C8C0CA5EC9C0CE90CAC017675D
:10FF1000CBC06A6DCCC05E63CDC0B352CEC062723E
:10FF2000CFC00180D0C06C4FD1C0E559D2C06A911A
:10FF3000D3C0D970D4C09D6DD5C0D252D6C0504E5A
:10FF4000D7C0F796D8C06D95D9C07E85DAC0CA787B
:10FF5000DBC02F7DDCC02151DDC09257DEC0C26402
:10FF6000DFC08B80E0C07B7CE1C0EA6CE2C0F1685E
:10FF7000E3C05E69E4C0B751E5C09853E6C0A86825
:10FF8000E7C08172E8C0CE9EE9C0F17BEAC0F8729A
:10FF9000EBC0BB79ECC0136FEDC00674EEC04E67CA
:10FFA000EFC0CC91F0C0A49CF1C03C79F2C0898331
:10FFB000F3C05483F4C00F54F5C01768F6C03D4E2B
:10FFC000F7C08953F8C0B152F9C03E78FAC08653E1
:10FFD000FBC02952FCC08850FDC08B4FFEC0D04FE3
:10FFE00040C1567F41C1597F42C15B7F43C15C7FA5
:10FFF00044C15D7F45C15E7F46C1607F47C1637F6D
:020000040803EF
:1000000048C1647F49C1657F4AC1667F4BC1677F34
:100010004CC16B7F4DC16C7F4EC16D7F4FC16F7FF7
:1000200050C1707F51C1737F52C1757F53C1767FBC
:1000300054C1777F55C1787F56C17A7F57C17B7F86
:1000400058C17C7F59C17D7F5AC17F7F5BC1807F52
:100050005CC1827F5DC1837F5EC1847F5FC1857F1C
:1000600060C1867F61C1877F62C1887F63C1897FEC
:1000700064C18B7F65C18D7F66C18F7F67C1907FB3
:1000800068C1917F69C1927F6AC1937F6BC1957F7F
:100090006CC1967F6DC1977F6EC1987F6FC1997F4C
:1000A00070C19B7F71C19C7F72C1A07F73C1A27F11
:1000B00074C1A37F75C1A57F76C1A67F77C1A87FD4
:1000C00078C1A97F79C1AA7F7AC1AB7F7BC1AC7FA0
:1000D0007CC1AD7F7DC1AE7F7EC1B17F80C1B37F6A
:1000E00081C1B47F82C1B57F83C1B67F84C1B77F30
:1000F00085C1BA7F86C1BB7F87C1BE7F88C1C07FF3
:1001000089C1C27F8AC1C37F8BC1C47F8CC1C67FB6
:100110008DC1C77F8EC1C87F8FC1C97F90C1CB7F82
:1001200091C1CD7F92C1CF7F93C1D07F94C1D17F48
:1001300095C1D27F96C1D37F97C1D67F98C1D77F13
:1001400099C1D97F9AC1DA7F9BC1DB7F9CC1DC7FDB
:100150009DC1DD7F9EC1DE7F9FC1E27FA0C1E37FA5
:10016000A1C1E275A2C1CB7AA3C1927CA4C1A56C46
:10017000A5C1B696A6C19B52A7C18374A8C1E95474
:10018000A9C1E94FAAC15480ABC1B283ACC1DE8F13
:10019000ADC17095AEC1C95EAFC11C60B0C19F6DED
:1001A000B1C1185EB2C15B65B3C13881B4C1FE9400
:1001B000B5C14B60B6C1BC70B7C1C37EB8C1AE7C1F
:1001C000B9C1C951BAC18168BBC1B17CBCC16F8220
:1001D000BDC1244EBEC1868FBFC1CF91C0C17E6656
:1001E000C1C1AE4EC2C1058CC3C1A964C4C14A809D
:1001F000C5C1DA50C6C19775C7C1CE71C8C1E55B2C
:10020000C9C1BD8FCAC1666FCBC1864ECCC18264E5
:10021000CDC16395CEC1D65ECFC19965D0C117520D
:10022000D1C1C288D2C1C870D3C1A352D4C10E7388
:10023000D5C13374D6C19767D7C1F778D8C116979F
:10024000D9C1344EDAC1BB90DBC1DE9CDCC1CB6DC1
:10025000DDC1DB51DEC1418DDFC11D54E0C1CE6285
:10026000E1C1B273E2C1F183E3C1F696E4C1849FB8
:10027000E5C1C394E6C1364FE7C19A7FE8C1CC51CE
:10028000E9C17570EAC17596EBC1AD5CECC18698A9
:10029000EDC1E653EEC1E44EEFC19C6EF0C10974AE
:1002A000F1C1B469F2C16B78F3C18F99F4C159758A
:1002B000F5C11852F6C12476F7C1416DF8C1F36754
:1002C000F9C16D51FAC1999FFBC14B80FCC1995492
:1002D000FDC13C7BFEC1BF7A40C2E47F41C2E77FE3
:1002E00042C2E87F43C2EA7F44C2EB7F45C2EC7F53
:1002F00046C2ED7F47C2EF7F48C2F27F49C2F47F1A
:100300004AC2F57F4BC2F67F4CC2F77F4DC2F87FE1
:100310004EC2F97F4FC2FA7F50C2FD7F51C2FE7FAD
:1003200052C2FF7F53C2028054C2078055C2088068
:1003300056C2098057C20A8058C20E8059C20F8027
:100340005AC211805BC213805CC21A805DC21B80DE
:100350005EC21D805FC21E8060C21F8061C221809C
:1003600062C2238063C2248064C22B8065C22C8059
:1003700066C22D8067C22E8068C22F8069C230801D
:100380006AC232806BC234806CC239806DC23A80DE
:100390006EC23C806FC23E8070C2408071C241809C
:1003A00072C2448073C2458074C2478075C248805F
:1003B00076C2498077C24E8078C24F8079C2508021
:1003C0007AC251807BC253807CC255807DC25680E8
:1003D0007EC2578080C2598081C25B8082C25C80AD
:1003E00083C25D8084C25E8085C25F8086C2608079
:1003F00087C2618088C2628089C263808AC2648049
:100400008BC265808CC266808DC267808EC2688018
:100410008FC26B8090C26C8091C26D8092C26E80E0
:1004200093C26F8094C2708095C2728096C27380AE
:1004300097C2748098C2758099C276809AC277807C
:100440009BC278809CC279809DC27A809EC27B804C
:100450009FC27C80A0C27D80A1C28696A2C2845722
:10046000A3C2E262A4C24796A5C27C69A6C2045A8E
:10047000A7C20264A8C2D37BA9C20F6FAAC24B96BF
:10048000ABC2A682ACC26253ADC28598AEC2905ECA
:10049000AFC28970B0C2B363B1C26453B2C24F86F7
:1004A000B3C2819CB4C2939EB5C28C78B6C2329757
:1004B000B7C2EF8DB8C2428DB9C27F9EBAC25E6F1D
:1004C000BBC28479BCC2555FBDC24696BEC22E6215
:1004D000BFC2749AC0C21554C1C2DD94C2C2A34F38
:1004E000C3C2C565C4C2655CC5C2615CC6C2157FB6
:1004F000C7C25186C8C22F6CC9C28B5FCAC287737C
:10050000CBC2E46ECCC2FF7ECDC2E65CCEC21B6322
:10051000CFC26A5BD0C2E66ED1C27553D2C2714EF1
:10052000D3C2A063D4C26575D5C2A162D6C26E8F94
:10053000D7C2264FD8C2D14ED9C2A66CDAC2B67E77
:10054000DBC2BA8BDCC21D84DDC2BA87DEC2577F34
:10055000DFC23B90E0C22395E1C2A97BE2C2A19A2F
:10056000E3C2F888E4C23D84E5C21B6DE6C2869A08
:10057000E7C2DC7EE8C28859E9C2BB9EEAC29B732F
:10058000EBC20178ECC28286EDC26C9AEEC2829A0E
:10059000EFC21B56F0C21754F1C2CB57F2C2704ED5
:1005A000F3C2A69EF4C25653F5C2C88FF6C20981A3
:1005B000F7C29277F8C29299F9C2EE86FAC2E16E5A
:1005C000FBC21385FCC2FC66FDC26261FEC22B6FDA
:1005D00040C37E8041C3818042C3828043C3858003
:1005E00044C3888045C38A8046C38D8047C38E80BC
:1005F00048C38F8049C390804AC391804BC3928087
:100600004CC394804DC395804EC397804FC399804F
:1006100050C39E8051C3A38052C3A68053C3A780FA
:1006200054C3A88055C3AC8056C3B08057C3B380B1
:1006300058C3B58059C3B6805AC3B8805BC3B9806C
:100640005CC3BB805DC3C5805EC3C7805FC3C88019
:1006500060C3C98061C3CA8062C3CB8063C3CF80DB
:1006600064C3D08065C3D18066C3D28067C3D380A2
:1006700068C3D48069C3D5806AC3D8806BC3DF8068
:100680006CC3E0806DC3E2806EC3E3806FC3E6801D
:1006900070C3EE8071C3F58072C3F78073C3F980B5
:1006A00074C3FB8075C3FE8076C3FF8077C300816F
:1006B00078C3018179C303817AC304817BC3058137
:1006C0007CC307817DC308817EC30B8180C30C81FD
:1006D00081C3158182C3178183C3198184C31B81A0
:1006E00085C31C8186C31D8187C31F8188C3208168
:1006F00089C321818AC322818BC323818CC3248136
:100700008DC325818EC326818FC3278190C3288105
:1007100091C3298192C32A8193C32B8194C32D81D4
:1007200095C32E8196C3308197C3338198C334819A
:1007300099C335819AC337819BC339819CC33A8160
:100740009DC33B819EC33C819FC33D81A0C33F812C
:10075000A1C3298CA2C39282A3C32B83A4C3F27624
:10076000A5C3136CA6C3D95FA7C3BD83A8C32B734E
:10077000A9C30583AAC31A95ABC3DB6BACC3DB77F4
:10078000ADC3C694AEC36F53AFC30283B0C392511F
:10079000B1C33D5EB2C38C8CB3C3388DB4C3484E75
:1007A000B5C3AB73B6C39A67B7C38568B8C3769150
:1007B000B9C30997BAC36471BBC3A16CBCC3097741
:1007C000BDC3925ABEC34195BFC3CF6BC0C38E7F1A
:1007D000C1C32766C2C3D05BC3C3B959C4C39A5A45
:1007E000C5C3E895C6C3F795C7C3EC4EC8C30C8410
:1007F000C9C39984CAC3AC6ACBC3DF76CCC3309576
:10080000CDC31B73CEC3A668CFC35F5BD0C32F77A6
:10081000D1C39A91D2C36197D3C3DC7CD4C3F78F81
:10082000D5C31C8CD6C3255FD7C3737CD8C3D879F6
:10083000D9C3C589DAC3CC6CDBC31C87DCC3C65BF8
:10084000DDC3425EDEC3C968DFC32077E0C3F57E47
:10085000E1C39551E2C34D51E3C3C952E4C3295AE0
:10086000E5C3057FE6C36297E7C3D782E8C3CF63DA
:10087000E9C38477EAC3D085EBC3D279ECC33A6E7F
:10088000EDC3995EEEC39959EFC31185F0C36D7046
:10089000F1C3116CF2C3BF62F3C3BF76F4C34F65FB
:1008A000F5C3AF60F6C3FD95F7C30E66F8C39F8727
:1008B000F9C3239EFAC3ED94FBC30D54FCC37D54CE
:1008C000FDC32C8CFEC3786440C4408141C4418187
:1008D00042C4428143C4438144C4448145C44581E8
:1008E00046C4478147C4498148C44D8149C44E81AB
:1008F0004AC44F814BC452814CC456814DC4578168
:100900004EC458814FC45B8150C45C8151C45D8129
:1009100052C45E8153C45F8154C4618155C46281F5
:1009200056C4638157C4648158C4668159C46881C0
:100930005AC46A815BC46B815CC46C815DC46F8185
:100940005EC472815FC4738160C4758161C4768145
:1009500062C4778163C4788164C4818165C4838102
:1009600066C4848167C4858168C4868169C48781BF
:100970006AC489816BC48B816CC48C816DC48D8188
:100980006EC48E816FC4908170C4928171C4938152
:1009900072C4948173C4958174C4968175C497811F
:1009A00076C4998177C49A8178C49E8179C49F81E5
:1009B0007AC4A0817BC4A1817CC4A2817DC4A481AE
:1009C0007EC4A58180C4A78181C4A98182C4AB8172
:1009D00083C4AC8184C4AD8185C4AE8186C4AF813B
:1009E00087C4B08188C4B18189C4B2818AC4B4810A
:1009F0008BC4B5818CC4B6818DC4B7818EC4B881D7
:100A00008FC4B98190C4BC8191C4BD8192C4BE81A0
:100A100093C4BF8194C4C48195C4C58196C4C78161
:100A200097C4C88198C4C98199C4CB819AC4CD8127
:100A30009BC4CE819CC4CF819DC4D0819EC4D181F2
:100A40009FC4D281A0C4D381A1C47964A2C41186F9
:100A5000A3C4216AA4C49C81A5C4E878A6C469641F
:100A6000A7C4549BA8C4B962A9C42B67AAC4AB830A
:100A7000ABC4A858ACC4D89EADC4AB6CAEC4206F98
:100A8000AFC4DE5BB0C44C96B1C40B8CB2C45F7211
:100A9000B3C4D067B4C4C762B5C46172B6C4A94E4A
:100AA000B7C4C659B8C4CD6BB9C49358BAC4AE66FE
:100AB000BBC4555EBCC4DF52BDC45561BEC428670B
:100AC000BFC4EE76C0C46677C1C46772C2C4467A3A
:100AD000C3C4FF62C4C4EA54C5C45054C6C4A0947D
:100AE000C7C4A390C8C41C5AC9C4B37ECAC4166C78
:100AF000CBC4434ECCC47659CDC41080CEC4485923
:100B0000CFC45753D0C43775D1C4BE96D2C4CA56C9
:100B1000D3C42063D4C41181D5C47C60D6C4F995F4
:100B2000D7C4D66DD8C46254D9C48199DAC485516A
:100B3000DBC4E95ADCC4FD80DDC4AE59DEC41397C2
:100B4000DFC42A50E0C4E56CE1C43C5CE2C4DF626F
:100B5000E3C4604FE4C43F53E5C47B81E6C4069020
:100B6000E7C4BA6EE8C42B85E9C4C862EAC4745EFF
:100B7000EBC4BE78ECC4B564EDC47B63EEC4F55F32
:100B8000EFC4185AF0C47F91F1C41F9EF2C43F5CB9
:100B9000F3C44F63F4C44280F5C47D5BF6C46E5564
:100BA000F7C44A95F8C44D95F9C4856DFAC4A86098
:100BB000FBC4E067FCC4DE72FDC4DD51FEC4815B92
:100BC00040C5D48141C5D58142C5D68143C5D781B1
:100BD00044C5D88145C5D98146C5DA8147C5DB8181
:100BE00048C5DC8149C5DD814AC5DE814BC5DF8151
:100BF0004CC5E0814DC5E1814EC5E2814FC5E48120
:100C000050C5E58151C5E68152C5E88153C5E981EA
:100C100054C5EB8155C5EE8156C5EF8157C5F081AE
:100C200058C5F18159C5F2815AC5F5815BC5F68178
:100C30005CC5F7815DC5F8815EC5F9815FC5FA8144
:100C400060C5FD8161C5FF8162C5038263C50782FE
:100C500064C5088265C5098266C50A8267C50B82BC
:100C600068C50E8269C50F826AC511826BC5138281
:100C70006CC515826DC516826EC517826FC5188248
:100C800070C5198271C51A8272C51D8273C5208212
:100C900074C5248275C5258276C5268277C52782CC
:100CA00078C5298279C52E827AC532827BC53A827F
:100CB0007CC53C827DC53D827EC53F8280C5408229
:100CC00081C5418282C5428283C5438284C54582F3
:100CD00085C5468286C5488287C54A8288C54C82BA
:100CE00089C54D828AC54E828BC550828CC5518282
:100CF0008DC552828EC553828FC5548290C5558250
:100D000091C5568292C5578293C5598294C55B821C
:100D100095C55C8296C55D8297C55E8298C56082E6
:100D200099C561829AC562829BC563829CC56482B3
:100D30009DC565829EC566829FC56782A0C5698282
:100D4000A1C5E762A2C5DE6CA3C55B72A4C56D62D6
:100D5000A5C5AE94A6C5BD7EA7C51381A8C5536D14
:100D6000A9C59C51AAC5045FABC57459ACC5AA52AC
:100D7000ADC51260AEC57359AFC59666B0C5508695
:100D8000B1C59F75B2C52A63B3C5E661B4C5EF7C32
:100D9000B5C5FA8BB6C5E654B7C5276BB8C5259E51
:100DA000B9C5B46BBAC5D585BBC55554BCC576505D
:100DB000BDC5A46CBEC56A55BFC5B48DC0C52C7277
:100DC000C1C5155EC2C51560C3C53674C4C5CD6244
:100DD000C5C59263C6C54C72C7C5985FC8C5436E8A
:100DE000C9C53E6DCAC50065CBC5586FCCC5D876A0
:100DF000CDC5D078CEC5FC76CFC55475D0C52452AC
:100E0000D1C5DB53D2C5534ED3C59E5ED4C5C16593
:100E1000D5C52A80D6C5D680D7C59B62D8C586548D
:100E2000D9C52852DAC5AE70DBC58D88DCC5D18D39
:100E3000DDC5E16CDEC57854DFC5DA80E0C5F95761
:100E4000E1C5F488E2C5548DE3C56A96E4C54D91C9
:100E5000E5C5694FE6C59B6CE7C5B755E8C5C676DD
:100E6000E9C53078EAC5A862EBC5F970ECC58E6FAC
:100E7000EDC56D5FEEC5EC84EFC5DA68F0C57C7832
:100E8000F1C5F77BF2C5A881F3C50B67F4C54F9E8A
:100E9000F5C56763F6C5B078F7C56F57F8C5127822
:100EA000F9C53997FAC57962FBC5AB62FCC58852B2
:100EB000FDC53574FEC5D76B40C66A8241C66B82DC
:100EC00042C66C8243C66D8244C6718245C6758235
:100ED00046C6768247C6778248C6788249C67B82F4
:100EE0004AC67C824BC680824CC681824DC68382B4
:100EF0004EC685824FC6868250C6878251C6898279
:100F000052C68C8253C6908254C6938255C6948230
:100F100056C6958257C6968258C69A8259C69B82F3
:100F20005AC69E825BC6A0825CC6A2825DC6A382B0
:100F30005EC6A7825FC6B28260C6B58261C6B6824F
:100F400062C6BA8263C6BB8264C6BC8265C6BF8203
:100F500066C6C08267C6C28268C6C38269C6C582C9
:100F60006AC6C6826BC6C9826CC6D0826DC6D6827E
:100F70006EC6D9826FC6DA8270C6DD8271C6E28221
:100F800072C6E78273C6E88274C6E98275C6EA82D1
:100F900076C6EC8277C6ED8278C6EE8279C6F0829C
:100FA0007AC6F2827BC6F3827CC6F5827DC6F68263
:100FB0007EC6F88280C6FA8281C6FC8282C6FD8225
:100FC00083C6FE8284C6FF8285C6008386C60A83E6
:100FD00087C60B8388C60D8389C610838AC6128391
:100FE0008BC613838CC616838DC618838EC6198351
:100FF0008FC61D8390C61E8391C61F8392C6208311
:1010000093C6218394C6228395C6238396C62483E0
:1010100097C6258398C6268399C629839AC62A83AC
:101020009BC62E839CC630839DC632839EC6378363
:101030009FC63B83A0C63D83A1C66455A2C63E8120
:10104000A3C6B275A4C6AE76A5C63953A6C6DE75CC
:10105000A7C6FB50A8C6415CA9C66C8BAAC6C77BB5
:10106000ABC64F50ACC64772ADC6979AAEC6D898BD
:10107000AFC6026FB0C6E274B1C66879B2C6876403
:10108000B3C6A577B4C6FC62B5C69198B6C62B8D1B
:10109000B7C6C154B8C65880B9C6524EBAC66A5708
:1010A000BBC6F982BCC60D84BDC6735EBEC6ED511B
:1010B000BFC6F674C0C6C48BC1C64F5CC2C66157FA
:1010C000C3C6FC6CC4C68798C5C6465AC6C6347823
:1010D000C7C6449BC8C6EB8FC9C6957CCAC65652C4
:1010E000CBC65162CCC6FA94CDC6C64ECEC6868358
:1010F000CFC66184D0C6E983D1C6B284D2C6D457E4
:10110000D3C63467D4C60357D5C66E66D6C6666DD9
:10111000D7C6318CD8C6DD66D9C61170DAC61F674E
:10112000DBC63A6BDCC61668DDC61A62DEC6BB5982
:10113000DFC6034EE0C6C451E1C6066FE2C6D26701
:10114000E3C68F6CE4C67651E5C6CB68E6C6475960
:10115000E7C6676BE8C66675E9C60E5DEAC610812C
:10116000EBC6509FECC6D765EDC64879EEC641790F
:10117000EFC6919AF0C6778DF1C6825CF2C65E4EDC
:10118000F3C6014FF4C62F54F5C65159F6C60C7874
:10119000F7C66856F8C6146CF9C6C48FFAC6035F62
:1011A000FBC67D6CFCC6E36CFDC6AB8BFEC69063D4
:1011B00040C73E8341C73F8342C7418343C7428301
:1011C00044C7448345C7458346C7488347C74A83C6
:1011D00048C74B8349C74C834AC74D834BC74E838F
:1011E0004CC753834DC755834EC756834FC757834C
:1011F00050C7588351C7598352C75D8353C7628311
:1012000054C7708355C7718356C7728357C773839A
:1012100058C7748359C775835AC776835BC7798368
:101220005CC77A835DC77E835EC77F835FC7808329
:1012300060C7818361C7828362C7838363C78483F6
:1012400064C7878365C7888366C78A8367C78B83BC
:1012500068C78C8369C78D836AC78F836BC7908388
:101260006CC791836DC794836EC795836FC7968350
:1012700070C7978371C7998372C79A8373C79D8319
:1012800074C79F8375C7A18376C7A28377C7A383DB
:1012900078C7A48379C7A5837AC7A6837BC7A783AA
:1012A0007CC7AC837DC7AD837EC7AE8380C7AF8369
:1012B00081C7B58382C7BB8383C7BE8384C7BF830F
:1012C00085C7C28386C7C38387C7C48388C7C683CD
:1012D00089C7C8838AC7C9838BC7CB838CC7CD8393
:1012E0008DC7CE838EC7D0838FC7D18390C7D2835B
:1012F00091C7D38392C7D58393C7D78394C7D98324
:1013000095C7DA8396C7DB8397C7DE8398C7E283E6
:1013100099C7E3839AC7E4839BC7E6839CC7E783A7
:101320009DC7E8839EC7EB839FC7EC83A0C7ED836F
:10133000A1C77060A2C73D6DA3C77572A4C76662DE
:10134000A5C78E94A6C7C594A7C74353A8C7C18F86
:10135000A9C77E7BAAC7DF4EABC7268CACC77E4E23
:10136000ADC7D49EAEC7B194AFC7B394B0C74D520A
:10137000B1C75C6FB2C76390B3C7456DB4C7348C57
:10138000B5C71158B6C74C5DB7C7206BB8C7496B16
:10139000B9C7AA67BAC75B54BBC75481BCC78C7FA7
:1013A000BDC79958BEC73785BFC73A5FC0C7A262DD
:1013B000C1C7476AC2C73995C3C77265C4C78460CD
:1013C000C5C76568C6C7A777C7C7544EC8C7A84F63
:1013D000C9C7E75DCAC79897CBC7AC64CCC7D87FED
:1013E000CDC7ED5CCEC7CF4FCFC78D7AD0C70752E0
:1013F000D1C70483D2C7144ED3C72F60D4C7837A12
:10140000D5C7A694D6C7B54FD7C7B24ED8C7E679C9
:10141000D9C73474DAC7E452DBC7B982DCC7D264F7
:10142000DDC7BD79DEC7DD5BDFC7816CE0C75297E2
:10143000E1C77B8FE2C7226CE3C73E50E4C77F530E
:10144000E5C7056EE6C7CE64E7C77466E8C7306CCB
:10145000E9C7C560EAC77798EBC7F78BECC7865E2C
:10146000EDC73C74EEC7777AEFC7CB79F0C7184E5B
:10147000F1C7B190F2C70374F3C7426CF4C7DA56F0
:10148000F5C74B91F6C7C56CF7C78B8DF8C73A53B4
:10149000F9C7C686FAC7F266FBC7AF8EFCC7485CC1
:1014A000FDC7719AFEC7206E40C8EE8341C8EF8326
:1014B00042C8F38343C8F48344C8F58345C8F68320
:1014C00046C8F78347C8FA8348C8FB8349C8FC83EA
:1014D0004AC8FE834BC8FF834CC800844DC80284B1
:1014E0004EC805844FC8078450C8088451C8098471
:1014F00052C80A8453C8108454C8128455C813842F
:1015000056C8148457C8158458C8168459C81784F7
:101510005AC819845BC81A845CC81B845DC81E84C1
:101520005EC81F845FC8208460C8218461C822848B
:1015300062C8238463C8298464C82A8465C82B844C
:1015400066C82C8467C82D8468C82E8469C82F8417
:101550006AC830846BC832846CC833846DC83484E4
:101560006EC835846FC8368470C8378471C83984B2
:1015700072C83A8473C83B8474C83E8475C83F847B
:1015800076C8408477C8418478C8428479C8438447
:101590007AC844847BC845847CC847847DC8488415
:1015A0007EC8498480C84A8481C84B8482C84C84E0
:1015B00083C84D8484C84E8485C84F8486C85084AF
:1015C00087C8528488C8538489C854848AC855847B
:1015D0008BC856848CC858848DC85D848EC85E8440
:1015E0008FC85F8490C8608491C8628492C8648404
:1015F00093C8658494C8668495C8678496C86884CF
:1016000097C86A8498C86E8499C86F849AC8708491
:101610009BC872849CC874849DC877849EC8798452
:101620009FC87B84A0C87C84A1C8D653A2C8365A60
:10163000A3C88B9FA4C8A38DA5C8BB53A6C8085731
:10164000A7C8A798A8C84367A9C89B91AAC8C96C8E
:10165000ABC86851ACC8CA75ADC8F362AEC8AC724D
:10166000AFC83852B0C89D52B1C83A7FB2C8947062
:10167000B3C83876B4C87453B5C84A9EB6C8B769FB
:10168000B7C86E78B8C8C096B9C8D988BAC8A47F98
:10169000BBC83671BCC8C371BDC88951BEC8D36749
:1016A000BFC8E474C0C8E458C1C81865C2C8B756FA
:1016B000C3C8A98BC4C87699C5C87062C6C8D57E90
:1016C000C7C8F960C8C8ED70C9C8EC58CAC8C14ECF
:1016D000CBC8BA4ECCC8CD5FCDC8E797CEC8FB4EBD
:1016E000CFC8A48BD0C80352D1C88A59D2C8AB7E08
:1016F000D3C85462D4C8CD4ED5C8E565D6C80E62ED
:10170000D7C83883D8C8C984D9C86383DAC88D8755
:10171000DBC89471DCC8B66EDDC8B95BDEC8D27EAA
:10172000DFC89751E0C8C963E1C8D467E2C88980BF
:10173000E3C83983E4C81588E5C81251E6C87A5B66
:10174000E7C88259E8C8B18FE9C8734EEAC85D6C32
:10175000EBC86551ECC82589EDC86F8FEEC82E9691
:10176000EFC84A85F0C85E74F1C81095F2C8F095CC
:10177000F3C8A66DF4C8E582F5C8315FF6C8926477
:10178000F7C8126DF8C82884F9C86E81FAC8C39CDE
:10179000FBC85E58FCC85B8DFDC8094EFEC8C1532E
:1017A00040C97D8441C97E8442C97F8443C9808405
:1017B00044C9818445C9838446C9848447C98584D2
:1017C00048C9868449C98A844AC98D844BC98F8493
:1017D0004CC990844DC991844EC992844FC9938459
:1017E00050C9948451C9958452C9968453C9988428
:1017F00054C99A8455C99B8456C99D8457C99E84EF
:1018000058C99F8459C9A0845AC9A2845BC9A384BA
:101810005CC9A4845DC9A5845EC9A6845FC9A78488
:1018200060C9A88461C9A98462C9AA8463C9AB8458
:1018300064C9AC8465C9AD8466C9AE8467C9B08427
:1018400068C9B18469C9B3846AC9B5846BC9B684EF
:101850006CC9B7846DC9BB846EC9BC846FC9BE84B2
:1018600070C9C08471C9C28472C9C38473C9C58474
:1018700074C9C68475C9C78476C9C88477C9CB843E
:1018800078C9CC8479C9CE847AC9CF847BC9D28403
:101890007CC9D4847DC9D5847EC9D78480C9D884C5
:1018A00081C9D98482C9DA8483C9DB8484C9DC8490
:1018B00085C9DE8486C9E18487C9E28488C9E48455
:1018C00089C9E7848AC9E8848BC9E9848CC9EA8418
:1018D0008DC9EB848EC9ED848FC9EE8490C9EF84E5
:1018E00091C9F18492C9F28493C9F38494C9F484B0
:1018F00095C9F58496C9F68497C9F78498C9F88480
:1019000099C9F9849AC9FA849BC9FB849CC9FD844E
:101910009DC9FE849EC900859FC90185A0C9028515
:10192000A1C91E4FA2C96365A3C95168A4C9D355F3
:10193000A5C9274EA6C91464A7C99A9AA8C96B62FB
:10194000A9C9C25AAAC95F74ABC97282ACC9A96DD0
:10195000ADC9EE68AEC9E750AFC98E83B0C9027891
:10196000B1C94067B2C93952B3C9996CB4C9B17E23
:10197000B5C9BB50B6C96555B7C95E71B8C95B7BFF
:10198000B9C95266BAC9CA73BBC9EB82BCC9496737
:10199000BDC9715CBEC92052BFC97D71C0C96B8809
:1019A000C1C9EA95C2C95596C3C9C564C4C9618D88
:1019B000C5C9B381C6C98455C7C9556CC8C9476272
:1019C000C9C92E7FCAC99258CBC9244FCCC9465524
:1019D000CDC94F8DCEC94C66CFC90A4ED0C91A5C4D
:1019E000D1C9F388D2C9A268D3C94E63D4C90D7ACC
:1019F000D5C9E770D6C98D82D7C9FA52D8C9F6972A
:101A0000D9C9115CDAC9E854DBC9B590DCC9CD7E0F
:101A1000DDC96259DEC94A8DDFC9C786E0C90C82BB
:101A2000E1C90D82E2C9668DE3C94464E4C9045C7E
:101A3000E5C95161E6C9896DE7C93E79E8C9BE8B40
:101A4000E9C93778EAC93375EBC97B54ECC9384F1B
:101A5000EDC9AB8EEEC9F16DEFC9205AF0C9C57E54
:101A6000F1C95E79F2C9886CF3C9A15BF4C9765AF1
:101A7000F5C91A75F6C9BE80F7C94E61F8C9176E67
:101A8000F9C9F058FAC91F75FBC92575FCC97272EE
:101A9000FDC94753FEC9F37E40CA038541CA048588
:101AA00042CA058543CA068544CA078545CA0885D2
:101AB00046CA098547CA0A8548CA0B8549CA0D85A1
:101AC0004ACA0E854BCA0F854CCA10854DCA12856D
:101AD0004ECA14854FCA158550CA168551CA188535
:101AE00052CA198553CA1B8554CA1C8555CA1D85FF
:101AF00056CA1E8557CA208558CA228559CA2385C9
:101B00005ACA24855BCA25855CCA26855DCA278595
:101B10005ECA28855FCA298560CA2A8561CA2D8563
:101B200062CA2E8563CA2F8564CA308565CA31852D
:101B300066CA328567CA338568CA348569CA3585FD
:101B40006ACA36856BCA3E856CCA3F856DCA4085B8
:101B50006ECA41856FCA428570CA448571CA45857F
:101B600072CA468573CA478574CA4B8575CA4C8547
:101B700076CA4D8577CA4E8578CA4F8579CA508511
:101B80007ACA51857BCA52857CCA53857DCA5485E1
:101B90007ECA558580CA578581CA588582CA5A85AA
:101BA00083CA5B8584CA5C8585CA5D8586CA5F8574
:101BB00087CA608588CA618589CA62858ACA638541
:101BC0008BCA65858CCA66858DCA67858ECA69850C
:101BD0008FCA6A8590CA6B8591CA6C8592CA6D85D9
:101BE00093CA6E8594CA6F8595CA708596CA7185A9
:101BF00097CA738598CA758599CA76859ACA778572
:101C00009BCA78859CCA7C859DCA7D859ECA7F8536
:101C10009FCA8085A0CA8185A1CA0177A2CADB7646
:101C2000A3CA6952A4CADC80A5CA2357A6CA085E03
:101C3000A7CA3159A8CAEE72A9CABD65AACA7F6EE1
:101C4000ABCAD78BACCA385CADCA7186AECA415339
:101C5000AFCAF377B0CAFE62B1CAF665B2CAC04E67
:101C6000B3CADF98B4CA8086B5CA9E5BB6CAC68BB3
:101C7000B7CAF253B8CAE277B9CA7F4FBACA4E5C44
:101C8000BBCA769ABCCACB59BDCA0F5FBECA3A79E5
:101C9000BFCAEB58C0CA164EC1CAFF67C2CA8B4E34
:101CA000C3CAED62C4CA938AC5CA1D90C6CABF52D0
:101CB000C7CA2F66C8CADC55C9CA6C56CACA0290C0
:101CC000CBCAD54ECCCA8D4FCDCACA91CECA709957
:101CD000CFCA0F6CD0CA025ED1CA4360D2CAA45B1D
:101CE000D3CAC689D4CAD58BD5CA3665D6CA4B6283
:101CF000D7CA9699D8CA885BD9CAFF5BDACA886303
:101D0000DBCA2E55DCCAD753DDCA2676DECA7D5122
:101D1000DFCA2C85E0CAA267E1CAB368E2CA8A6B4F
:101D2000E3CA9262E4CA938FE5CAD453E6CA128228
:101D3000E7CAD16DE8CA8F75E9CA664EEACA4E8D08
:101D4000EBCA705BECCA9F71EDCAAF85EECA9166B3
:101D5000EFCAD966F0CA727FF1CA0087F2CACD9E77
:101D6000F3CA209FF4CA5E5CF5CA2F67F6CAF08FEB
:101D7000F7CA1168F8CA5F67F9CA0D62FACAD67A5B
:101D8000FBCA8558FCCAB65EFDCA7065FECA316FD3
:101D900040CB828541CB838542CB868543CB8885EA
:101DA00044CB898545CB8A8546CB8B8547CB8C85B3
:101DB00048CB8D8549CB8E854ACB90854BCB918581
:101DC0004CCB92854DCB93854ECB94854FCB95854F
:101DD00050CB968551CB978552CB988553CB99851F
:101DE00054CB9A8555CB9D8556CB9E8557CB9F85E9
:101DF00058CBA08559CBA1855ACBA2855BCBA385B7
:101E00005CCBA5855DCBA6855ECBA7855FCBA98581
:101E100060CBAB8561CBAC8562CBAD8563CBB18547
:101E200064CBB28565CBB38566CBB48567CBB5850E
:101E300068CBB68569CBB8856ACBBA856BCBBB85D9
:101E40006CCBBC856DCBBD856ECBBE856FCBBF85A6
:101E500070CBC08571CBC28572CBC38573CBC48573
:101E600074CBC58575CBC68576CBC78577CBC88542
:101E700078CBCA8579CBCB857ACBCC857BCBCD850E
:101E80007CCBCE857DCBD1857ECBD28580CBD485D6
:101E900081CBD68582CBD78583CBD88584CBD9859A
:101EA00085CBDA8586CBDB8587CBDD8588CBDE8568
:101EB00089CBDF858ACBE0858BCBE1858CCBE28536
:101EC0008DCBE3858ECBE5858FCBE68590CBE78503
:101ED00091CBE88592CBEA8593CBEB8594CBEC85CF
:101EE00095CBED8596CBEE8597CBEF8598CBF0859E
:101EF00099CBF1859ACBF2859BCBF3859CCBF4856E
:101F00009DCBF5859ECBF6859FCBF785A0CBF8853D
:101F1000A1CB5560A2CB3752A3CB0D80A4CB546488
:101F2000A5CB7088A6CB2975A7CB055EA8CB136877
:101F3000A9CBF462AACB1C97ABCBCC53ACCB3D72F4
:101F4000ADCB018CAECB346CAFCB6177B0CB0E7A1E
:101F5000B1CB2E54B2CBAC77B3CB7A98B4CB1C8236
:101F6000B5CBF48BB6CB5578B7CB1467B8CBC17073
:101F7000B9CBAF65BACB9564BBCB3656BCCB1D6035
:101F8000BDCBC179BECBF853BFCB1D4EC0CB7B6B55
:101F9000C1CB8680C2CBFA5BC3CBE355C4CBDB5647
:101FA000C5CB3A4FC6CB3C4FC7CB7299C8CBF35D7C
:101FB000C9CB7E67CACB3880CBCB0260CCCB8298B2
:101FC000CDCB0190CECB8B5BCFCBBC8BD0CBF58B6D
:101FD000D1CB1C64D2CB5882D3CBDE64D4CBFD559D
:101FE000D5CBCF82D6CB6591D7CBD74FD8CB207D61
:101FF000D9CB1F90DACB9F7CDBCBF350DCCB515895
:10200000DDCBAF6EDECBBF5BDFCBC98BE0CB83809C
:10201000E1CB7891E2CB9C84E3CB977BE4CB7D86CC
:10202000E5CB8B96E6CB8F96E7CBE57EE8CBD39AD4
:10203000E9CB8E78EACB815CEBCB577AECCB429044
:10204000EDCBA796EECB5F79EFCB595BF0CB5F631F
:10205000F1CB0B7BF2CBD184F3CBAD68F4CB06553F
:10206000F5CB297FF6CB1074F7CB227DF8CB019509
:10207000F9CB4062FACB4C58FBCBD64EFCCB835B02
:10208000FDCB7959FECB545840CCF98541CCFA852B
:1020900042CCFC8543CCFD8544CCFE8545CC0086F6
:1020A00046CC018647CC028648CC038649CC0486C0
:1020B0004ACC06864BCC07864CCC08864DCC09868C
:1020C0004ECC0A864FCC0B8650CC0C8651CC0D865C
:1020D00052CC0E8653CC0F8654CC108655CC12862B
:1020E00056CC138657CC148658CC158659CC1786F7
:1020F0005ACC18865BCC19865CCC1A865DCC1B86C4
:102100005ECC1C865FCC1D8660CC1E8661CC1F8693
:1021100062CC208663CC218664CC228665CC238663
:1021200066CC248667CC258668CC268669CC288632
:102130006ACC2A866BCC2B866CCC2C866DCC2D86FB
:102140006ECC2E866FCC2F8670CC308671CC3186CB
:1021500072CC328673CC338674CC348675CC35869B
:1021600076CC368677CC378678CC398679CC3A8669
:102170007ACC3B867BCC3D867CCC3E867DCC3F8634
:102180007ECC408680CC418681CC428682CC438600
:1021900083CC448684CC458685CC468686CC4786CF
:1021A00087CC488688CC498689CC4A868ACC4B869F
:1021B0008BCC4C868CCC52868DCC53868ECC55865F
:1021C0008FCC568690CC578691CC588692CC598627
:1021D00093CC5B8694CC5C8695CC5D8696CC5F86F2
:1021E00097CC608698CC618699CC63869ACC6486BD
:1021F0009BCC65869CCC66869DCC67869ECC68868B
:102200009FCC6986A0CC6A86A1CC6D73A2CC1E63DC
:10221000A3CC4B8EA4CC0F8EA5CCCE80A6CCD482E2
:10222000A7CCAC62A8CCF053A9CCF06CAACC5E9140
:10223000ABCC2A59ACCC0160ADCC706CAECC4D5758
:10224000AFCC4A64B0CC2A8DB1CC2B76B2CCE96E3F
:10225000B3CC5B57B4CC806AB5CCF075B6CC6D6F9F
:10226000B7CC2D8CB8CC088CB9CC6657BACCEF6BF8
:10227000BBCC9288BCCCB378BDCCA263BECCF953A6
:10228000BFCCAD70C0CC646CC1CC5858C2CC2A64F1
:10229000C3CC0258C4CCE068C5CC9B81C6CC1055D9
:1022A000C7CCD67CC8CC1850C9CCBA8ECACCCC6DA1
:1022B000CBCC9F8DCCCCEB70CDCC8F63CECC9B6D3B
:1022C000CFCCD46ED0CCE67ED1CC0484D2CC4368C3
:1022D000D3CC0390D4CCD86DD5CC7696D6CCA88B65
:1022E000D7CC5759D8CC7972D9CCE485DACC7E8159
:1022F000DBCCBC75DCCC8A8ADDCCAF68DECC54523A
:10230000DFCC228EE0CC1195E1CCD063E2CC989862
:10231000E3CC448EE4CC7C55E5CC534FE6CCFF6651
:10232000E7CC8F56E8CCD560E9CC956DEACC43522A
:10233000EBCC495CECCC2959EDCCFB6DEECC6B5869
:10234000EFCC3075F0CC1C75F1CC6C60F2CC148203
:10235000F3CC4681F4CC1163F5CC6167F6CCE28F07
:10236000F7CC3A77F8CCF38DF9CC348DFACCC19414
:10237000FBCC165EFCCC8553FDCC2C54FECCC3703C
:1023800040CD6D8641CD6F8642CD708643CD72863D
:1023900044CD738645CD748646CD758647CD768609
:1023A00048CD778649CD78864ACD83864BCD8486C5
:1023B0004CCD85864DCD86864ECD87864FCD888681
:1023C00050CD898651CD8E8652CD8F8653CD908645
:1023D00054CD918655CD928656CD948657CD96860E
:1023E00058CD978659CD98865ACD99865BCD9A86D9
:1023F0005CCD9B865DCD9E865ECD9F865FCDA086A3
:1024000060CDA18661CDA28662CDA58663CDA6866C
:1024100064CDAB8665CDAD8666CDAE8667CDB28622
:1024200068CDB38669CDB7866ACDB8866BCDB986DF
:102430006CCDBB866DCDBC866ECDBD866FCDBE86A8
:1024400070CDBF8671CDC18672CDC28673CDC38675
:1024500074CDC58675CDC88676CDCC8677CDCD8634
:1024600078CDD28679CDD3867ACDD5867BCDD686EA
:102470007CCDD7867DCDDA867ECDDC8680CDDD86AF
:1024800081CDE08682CDE18683CDE28684CDE38670
:1024900085CDE58686CDE68687CDE78688CDE8863C
:1024A00089CDEA868ACDEB868BCDEC868CCDEF8606
:1024B0008DCDF5868ECDF6868FCDF78690CDFA86BA
:1024C00091CDFB8692CDFC8693CDFD8694CDFF8683
:1024D00095CD018796CD048797CD058798CD068742
:1024E00099CD0B879ACD0C879BCD0E879CCD0F87FE
:1024F0009DCD10879ECD11879FCD1487A0CD1687C7
:10250000A1CD406CA2CDF75EA3CD5C50A4CDAD4E65
:10251000A5CDAD5EA6CD3A63A7CD4782A8CD1A90D2
:10252000A9CD5068AACD6E91ABCDB377ACCD0C548C
:10253000ADCDDC94AECD645FAFCDE57AB0CD76683D
:10254000B1CD4563B2CD527BB3CDDF7EB4CDDB756B
:10255000B5CD7750B6CD9562B7CD3459B8CD0F9083
:10256000B9CDF851BACDC379BBCD817ABCCDFE5679
:10257000BDCD925FBECD1490BFCD826DC0CD605CED
:10258000C1CD1F57C2CD1054C3CD5451C4CD4D6ED3
:10259000C5CDE256C6CDA863C7CD9398C8CD7F817F
:1025A000C9CD1587CACD2A89CBCD0090CCCD1E547C
:1025B000CDCD6F5CCECDC081CFCDD662D0CD5862AF
:1025C000D1CD3181D2CD359ED3CD4096D4CD6E9A2A
:1025D000D5CD7C9AD6CD2D69D7CDA559D8CDD3628E
:1025E000D9CD3E55DACD1663DBCDC754DCCDD986C7
:1025F000DDCD3C6DDECD035ADFCDE674E0CD9C88A9
:10260000E1CD6A6BE2CD1659E3CD4C8CE4CD2F5F62
:10261000E5CD7E6EE6CDA973E7CD7D98E8CD384E49
:10262000E9CDF770EACD8C5BEBCD9778ECCD3D63CF
:10263000EDCD5A66EECD9676EFCDCB60F0CD9B5BBF
:10264000F1CD495AF2CD074EF3CD5581F4CD6A6CE8
:10265000F5CD8B73F6CDA14EF7CD8967F8CD517FBF
:10266000F9CD805FFACDFA65FBCD1B67FCCDD85F55
:10267000FDCD8459FECD015A40CE198741CE1B872E
:1026800042CE1D8743CE1F8744CE208745CE248768
:1026900046CE268747CE278748CE288749CE2A8729
:1026A0004ACE2B874BCE2C874CCE2D874DCE2F87F5
:1026B0004ECE30874FCE328750CE338751CE3587BE
:1026C00052CE368753CE388754CE398755CE3A8787
:1026D00056CE3C8757CE3D8758CE408759CE41874E
:1026E0005ACE42875BCE43875CCE44875DCE45871A
:1026F0005ECE46875FCE4A8760CE4B8761CE4D87E0
:1027000062CE4F8763CE508764CE518765CE5287A5
:1027100066CE548767CE558768CE568769CE588770
:102720006ACE5A876BCE5B876CCE5C876DCE5D8739
:102730006ECE5E876FCE5F8770CE618771CE628707
:1027400072CE668773CE678774CE688775CE6987C9
:1027500076CE6A8777CE6B8778CE6C8779CE6D8799
:102760007ACE6F877BCE71877CCE72877DCE738762
:102770007ECE758780CE778781CE788782CE798727
:1027800083CE7A8784CE7F8785CE808786CE8187E9
:1027900087CE848788CE868789CE87878ACE8987A9
:1027A0008BCE8A878CCE8C878DCE8E878ECE8F8770
:1027B0008FCE908790CE918791CE928792CE94873C
:1027C00093CE958794CE968795CE988796CE998707
:1027D00097CE9A8798CE9B8799CE9C879ACE9D87D5
:1027E0009BCE9E879CCEA0879DCEA1879ECEA287A2
:1027F0009FCEA387A0CEA487A1CECD5DA2CEAE5F93
:10280000A3CE7153A4CEE697A5CEDD8FA6CE4568A4
:10281000A7CEF456A8CE2F55A9CEDF60AACE3A4E49
:10282000ABCE4D6FACCEF47EADCEC782AECE0E84B5
:10283000AFCED459B0CE1F4FB1CE2A4FB2CE3E5CF0
:10284000B3CEAC7EB4CE2A67B5CE1A85B6CE73545D
:10285000B7CE4F75B8CEC380B9CE8255BACE4F9B96
:10286000BBCE4D4FBCCE2D6EBDCE138CBECE095C03
:10287000BFCE7061C0CE6B53C1CE1F76C2CE296E63
:10288000C3CE8A86C4CE8765C5CEFB95C6CEB97E3B
:10289000C7CE3B54C8CE337AC9CE0A7DCACEEE9598
:1028A000CBCEE155CCCEC17FCDCEEE74CECE1D6366
:1028B000CFCE1787D0CEA16DD1CE9D7AD2CE116268
:1028C000D3CEA165D4CE6753D5CEE163D6CE836C8B
:1028D000D7CEEB5DD8CE5C54D9CEA894DACE4C4E90
:1028E000DBCE616CDCCEEC8BDDCE4B5CDECEE0650E
:1028F000DFCE9C82E0CEA768E1CE3E54E2CE3454D7
:10290000E3CECB6BE4CE666BE5CE944EE6CE42636F
:10291000E7CE4853E8CE1E82E9CE0D4FEACEAE4F49
:10292000EBCE5E57ECCE0A62EDCEFE96EECE64663E
:10293000EFCE6972F0CEFF52F1CEA152F2CE9F607F
:10294000F3CEEF8BF4CE1466F5CE9971F6CE906788
:10295000F7CE7F89F8CE5278F9CEFD77FACE706641
:10296000FBCE3B56FCCE3854FDCE2195FECE7A727E
:1029700040CFA58741CFA68742CFA78743CFA9875E
:1029800044CFAA8745CFAE8746CFB08747CFB18720
:1029900048CFB28749CFB4874ACFB6874BCFB787E6
:1029A0004CCFB8874DCFB9874ECFBB874FCFBC87B1
:1029B00050CFBE8751CFBF8752CFC18753CFC28779
:1029C00054CFC38755CFC48756CFC58757CFC78746
:1029D00058CFC88759CFC9875ACFCC875BCFCD870F
:1029E0005CCFCE875DCFCF875ECFD0875FCFD487D8
:1029F00060CFD58761CFD68762CFD78763CFD8879F
:102A000064CFD98765CFDA8766CFDC8767CFDD876C
:102A100068CFDE8769CFDF876ACFE1876BCFE28738
:102A20006CCFE3876DCFE4876ECFE6876FCFE78704
:102A300070CFE88771CFE98772CFEB8773CFEC87D0
:102A400074CFED8775CFEF8776CFF08777CFF1879B
:102A500078CFF28779CFF3877ACFF4877BCFF5876A
:102A60007CCFF6877DCFF7877ECFF88780CFFA8738
:102A700081CFFB8782CFFC8783CFFD8784CFFF8701
:102A800085CF008886CF018887CF028888CF0488C9
:102A900089CF05888ACF06888BCF07888CCF088896
:102AA0008DCF09888ECF0B888FCF0C8890CF0D8863
:102AB00091CF0E8892CF0F8893CF108894CF118832
:102AC00095CF128896CF148897CF178898CF1888FB
:102AD00099CF19889ACF1A889BCF1C889CCF1D88C4
:102AE0009DCF1E889ECF1F889FCF2088A0CF238890
:102AF000A1CF007AA2CF6F60A3CF0C5EA4CF896074
:102B0000A5CF9D81A6CF1559A7CFDC60A8CF847132
:102B1000A9CFEF70AACFAA6EABCF506CACCF8072AA
:102B2000ADCF846AAECFAD88AFCF2D5EB0CF604E53
:102B3000B1CFB35AB2CF9C55B3CFE394B4CF176D96
:102B4000B5CFFB7CB6CF9996B7CF0F62B8CFC67E14
:102B5000B9CF8E77BACF7E86BBCF2353BCCF1E971B
:102B6000BDCF968FBECF8766BFCFE15CC0CFA04FF1
:102B7000C1CFED72C2CF0B4EC3CFA653C4CF0F59F6
:102B8000C5CF1354C6CF8063C7CF2895C8CF48514F
:102B9000C9CFD94ECACF9C9CCBCFA47ECCCFB85442
:102BA000CDCF248DCECF5488CFCF3782D0CFF295E2
:102BB000D1CF8E6DD2CF265FD3CFCC5AD4CF3E6645
:102BC000D5CF6996D6CFB073D7CF2E73D8CFBF539A
:102BD000D9CF7A81DACF8599DBCFA17FDCCFAA5B11
:102BE000DDCF7796DECF5096DFCFBF7EE0CFF87691
:102BF000E1CFA253E2CF7695E3CF9999E4CFB17BB1
:102C0000E5CF4489E6CF586EE7CF614EE8CFD47F59
:102C1000E9CF6579EACFE68BEBCFF360ECCFCD540B
:102C2000EDCFAB4EEECF7998EFCFF75DF0CF616A85
:102C3000F1CFCF50F2CF1154F3CF618CF4CF278472
:102C4000F5CF5D78F6CF0497F7CF4A52F8CFEE5420
:102C5000F9CFA356FACF0095FBCF886DFCCFB55BBB
:102C6000FDCFC66DFECF536640D0248841D0258865
:102C700042D0268843D0278844D0288845D0298848
:102C800046D02A8847D02B8848D02C8849D02D8818
:102C90004AD02E884BD02F884CD030884DD03188E8
:102CA0004ED033884FD0348850D0358851D03688B4
:102CB00052D0378853D0388854D03A8855D03B8882
:102CC00056D03D8857D03E8858D03F8859D041884B
:102CD0005AD042885BD043885CD046885DD0478814
:102CE0005ED048885FD0498860D04A8861D04B88E0
:102CF00062D04E8863D04F8864D0508865D05188A8
:102D000066D0528867D0538868D0558869D0568875
:102D10006AD058886BD05A886CD05B886DD05C883C
:102D20006ED05D886FD05E8870D05F8871D060880B
:102D300072D0668873D0678874D06A8875D06D88C1
:102D400076D06F8877D0718878D0738879D074887E
:102D50007AD075887BD076887CD078887DD0798849
:102D60007ED07A8880D07B8881D07C8882D0808811
:102D700083D0838884D0868885D0878886D08988C8
:102D800087D08A8888D08C8889D08E888AD08F888E
:102D90008BD090888CD091888DD093888ED0948859
:102DA0008FD0958890D0978891D0988892D0998824
:102DB00093D09A8894D09B8895D09D8896D09E88F1
:102DC00097D09F8898D0A08899D0A1889AD0A388BE
:102DD0009BD0A5889CD0A6889DD0A7889ED0A88887
:102DE0009FD0A988A0D0AA88A1D00F5CA2D05D5B9B
:102DF000A3D02168A4D09680A5D07855A6D0117B09
:102E0000A7D04865A8D05469A9D09B4EAAD0476BDB
:102E1000ABD04E87ACD08B97ADD04F53AED01F63A5
:102E2000AFD03A64B0D0AA90B1D09C65B2D0C18086
:102E3000B3D0108CB4D09951B5D0B068B6D0785317
:102E4000B7D0F987B8D0C861B9D0C46CBAD0FB6C20
:102E5000BBD0228CBCD0515CBDD0AA85BED0AF8285
:102E6000BFD00C95C0D0236BC1D09B8FC2D0B065B2
:102E7000C3D0FB5FC4D0C35FC5D0E14FC6D0458887
:102E8000C7D01F66C8D06581C9D02973CAD0FA607F
:102E9000CBD07451CCD01152CDD08B57CED0625FF5
:102EA000CFD0A290D0D04C88D1D09291D2D0785EA1
:102EB000D3D04F67D4D02760D5D0D359D6D0445182
:102EC000D7D0F651D8D0F880D9D00853DAD0796C61
:102ED000DBD0C496DCD08A71DDD0114FDED0EE4F4E
:102EE000DFD09E7FE0D03D67E1D0C555E2D00895A8
:102EF000E3D0C079E4D09688E5D0E37EE6D09F5851
:102F0000E7D00C62E8D00097E9D05A86EAD018568C
:102F1000EBD07B98ECD0905FEDD0B88BEED0C48432
:102F2000EFD05791F0D0D953F1D0ED65F2D08F5E4C
:102F3000F3D05C75F4D06460F5D06E7DF6D07F5A26
:102F4000F7D0EA7EF8D0ED7EF9D0698FFAD0A75598
:102F5000FBD0A35BFCD0AC60FDD0CB65FED084730E
:102F600040D1AC8841D1AE8842D1AF8843D1B0883E
:102F700044D1B28845D1B38846D1B48847D1B58809
:102F800048D1B68849D1B8884AD1B9884BD1BA88D6
:102F90004CD1BB884DD1BD884ED1BE884FD1BF88A2
:102FA00050D1C08851D1C38852D1C48853D1C78869
:102FB00054D1C88855D1CA8856D1CB8857D1CC882E
:102FC00058D1CD8859D1CF885AD1D0885BD1D188FA
:102FD0005CD1D3885DD1D6885ED1D7885FD1DA88BD
:102FE00060D1DB8861D1DC8862D1DD8863D1DE8885
:102FF00064D1E08865D1E18866D1E68867D1E78849
:1030000068D1E98869D1EA886AD1EB886BD1EC880C
:103010006CD1ED886DD1EE886ED1EF886FD1F288DA
:1030200070D1F58871D1F68872D1F78873D1FA889A
:1030300074D1FB8875D1FD8876D1FF8877D100895E
:1030400078D1018979D103897AD104897BD1058925
:103050007CD106897DD107897ED1088980D10989F3
:1030600081D10B8982D10C8983D10D8984D10E89BC
:1030700085D10F8986D1118987D1148988D1158985
:1030800089D116898AD117898BD118898CD11C894D
:103090008DD11D898ED11E898FD11F8990D1208914
:1030A00091D1228992D1238993D1248994D12689DF
:1030B00095D1278996D1288997D1298998D12C89AA
:1030C00099D12D899AD12E899BD12F899CD1318973
:1030D0009DD132899ED133899FD13589A0D137893D
:1030E000A1D10990A2D16376A3D12977A4D1DA7EA8
:1030F000A5D17497A6D19B85A7D1665BA8D1747A18
:10310000A9D1EA96AAD14088ABD1CB52ACD18F716C
:10311000ADD1AA5FAED1EC65AFD1E28BB0D1FB5B94
:10312000B1D16F9AB2D1E15DB3D1896BB4D15B6C8F
:10313000B5D1AD8BB6D1AF8BB7D10A90B8D1C58F11
:10314000B9D18B53BAD1BC62BBD1269EBCD12D9EC6
:10315000BDD14054BED12B4EBFD1BD82C0D159721A
:10316000C1D19C86C2D1165DC3D15988C4D1AF6D7F
:10317000C5D1C596C6D1D154C7D19A4EC8D1B68B48
:10318000C9D10971CAD1BD54CBD10996CCD1DF7058
:10319000CDD1F96DCED1D076CFD1254ED0D1147806
:1031A000D1D11287D2D1A95CD3D1F65ED4D1008A15
:1031B000D5D19C98D6D10E96D7D18E70D8D1BF6C70
:1031C000D9D14459DAD1A963DBD13C77DCD14D8820
:1031D000DDD1146FDED17382DFD13058E0D1D571EB
:1031E000E1D18C53E2D11A78E3D1C196E4D10155F3
:1031F000E5D1665FE6D13071E7D1B45BE8D11A8CD6
:10320000E9D18C9AEAD1836BEBD12E59ECD12F9E68
:10321000EDD1E779EED16867EFD16C62F0D16F4FF5
:10322000F1D1A175F2D18A7FF3D10B6DF4D1339630
:10323000F5D1276CF6D1F04EF7D1D275F8D17B518C
:10324000F9D13768FAD13E6FFBD18090FCD1708103
:10325000FDD19659FED1767440D2388941D2398950
:1032600042D23A8943D23B8944D23C8945D23D89F6
:1032700046D23E8947D23F8948D2408949D24289C5
:103280004AD243894BD245894CD246894DD247898F
:103290004ED248894FD2498950D24A8951D24B895E
:1032A00052D24C8953D24D8954D24E8955D24F892E
:1032B00056D2508957D2518958D2528959D25389FE
:1032C0005AD254895BD255895CD256895DD25789CE
:1032D0005ED258895FD2598960D25A8961D25B899E
:1032E00062D25C8963D25D8964D2608965D261896A
:1032F00066D2628967D2638968D2648969D2658936
:103300006AD267896BD268896CD269896DD26A8901
:103310006ED26B896FD26C8970D26D8971D26E89D1
:1033200072D26F8973D2708974D2718975D27289A1
:1033300076D2738977D2748978D2758979D2768971
:103340007AD277897BD278897CD279897DD27A8941
:103350007ED27C8980D27D8981D27E8982D2808909
:1033600083D2828984D2848985D2858986D28789CD
:1033700087D2888988D2898989D28A898AD28B8999
:103380008BD28C898CD28D898DD28E898ED28F8969
:103390008FD2908990D2918991D2928992D2938939
:1033A00093D2948994D2958995D2968996D2978909
:1033B00097D2988998D2998999D29A899AD29B89D9
:1033C0009BD29C899CD29D899DD29E899ED29F89A9
:1033D0009FD2A089A0D2A189A1D24764A2D2275CA2
:1033E000A3D26590A4D2917AA5D2238CA6D2DA5921
:1033F000A7D2AC54A8D20082A9D26F83AAD2818965
:10340000ABD20080ACD23069ADD24E56AED236804F
:10341000AFD23772B0D2CE91B1D2B651B2D25F4EE6
:10342000B3D27598B4D29663B5D21A4EB6D2F653CB
:10343000B7D2F366B8D24B81B9D21C59BAD2B26DA9
:10344000BBD2004EBCD2F958BDD23B53BED2D663DC
:10345000BFD2F194C0D29D4FC1D20A4FC2D263886D
:10346000C3D29098C4D23759C5D25790C6D2FB79EF
:10347000C7D2EA4EC8D2F080C9D29175CAD2826C46
:10348000CBD29C5BCCD2E859CDD25D5FCED2056960
:10349000CFD28186D0D21A50D1D2F25DD2D2594E3B
:1034A000D3D2E377D4D2E54ED5D27A82D6D2916206
:1034B000D7D21366D8D29190D9D2795CDAD2BF4EE6
:1034C000DBD2795FDCD2C681DDD23890DED2848057
:1034D000DFD2AB75E0D2A64EE1D2D488E2D20F6142
:1034E000E3D2C56BE4D2C65FE5D2494EE6D2CA76D6
:1034F000E7D2A26EE8D2E38BE9D2AE8BEAD20A8C95
:10350000EBD2D18BECD2025FEDD2FC7FEED2CC7F3E
:10351000EFD2CE7EF0D23583F1D26B83F2D2E05679
:10352000F3D2B76BF4D2F397F5D23496F6D2FB59B7
:10353000F7D21F54F8D2F694F9D2EB6DFAD2C55BEC
:10354000FBD26E99FCD2395CFDD2155FFED290960B
:1035500040D3A28941D3A38942D3A48943D3A58967
:1035600044D3A68945D3A78946D3A88947D3A98937
:1035700048D3AA8949D3AB894AD3AC894BD3AD8907
:103580004CD3AE894DD3AF894ED3B0894FD3B189D7
:1035900050D3B28951D3B38952D3B48953D3B589A7
:1035A00054D3B68955D3B78956D3B88957D3B98977
:1035B00058D3BA8959D3BB895AD3BC895BD3BD8947
:1035C0005CD3BE895DD3BF895ED3C0895FD3C38915
:1035D00060D3CD8961D3D38962D3D48963D3D589AC
:1035E00064D3D78965D3D88966D3D98967D3DB8972
:1035F00068D3DD8969D3DF896AD3E0896BD3E18938
:103600006CD3E2896DD3E4896ED3E7896FD3E889FF
:1036100070D3E98971D3EA8972D3EC8973D3ED89C8
:1036200074D3EE8975D3F08976D3F18977D3F28993
:1036300078D3F48979D3F5897AD3F6897BD3F7895E
:103640007CD3F8897DD3F9897ED3FA8980D3FB892D
:1036500081D3FC8982D3FD8983D3FE8984D3FF89FA
:1036600085D3018A86D3028A87D3038A88D3048AC2
:1036700089D3058A8AD3068A8BD3088A8CD3098A90
:103680008DD30A8A8ED30B8A8FD30C8A90D30D8A5E
:1036900091D30E8A92D30F8A93D3108A94D3118A2E
:1036A00095D3128A96D3138A97D3148A98D3158AFE
:1036B00099D3168A9AD3178A9BD3188A9CD3198ACE
:1036C0009DD31A8A9ED31B8A9FD31C8AA0D31D8A9E
:1036D000A1D37053A2D3F182A3D3316AA4D3745A75
:1036E000A5D3709EA6D3945EA7D3287FA8D3B98311
:1036F000A9D32484AAD32584ABD36783ACD34787CB
:10370000ADD3CE8FAED3628DAFD3C876B0D3715F59
:10371000B1D39698B2D36C78B3D32066B4D3DF54C8
:10372000B5D3E562B6D3634FB7D3C381B8D3C875F9
:10373000B9D3B85EBAD3CD96BBD30A8EBCD3F986C3
:10374000BDD38F54BED3F36CBFD38C6DC0D3386C54
:10375000C1D37F60C2D3C752C3D32875C4D37D5EA3
:10376000C5D3184FC6D3A060C7D3E75FC8D3245CC6
:10377000C9D33175CAD3AE90CBD3C094CCD3B97270
:10378000CDD3B96CCED3386ECFD34991D0D309679E
:10379000D1D3CB53D2D3F353D3D3514FD4D3C99135
:1037A000D5D3F18BD6D3C853D7D37C5ED8D3C28FB1
:1037B000D9D3E46DDAD38E4EDBD3C276DCD38669FF
:1037C000DDD35E86DED31A61DFD30682E0D3594FA4
:1037D000E1D3DE4FE2D33E90E3D37C9CE4D3096196
:1037E000E5D31D6EE6D3146EE7D38596E8D3884EF5
:1037F000E9D3315AEAD3E896EBD30E4EECD37F5C93
:10380000EDD3B979EED3875BEFD3ED8BF0D3BD7FEA
:10381000F1D38973F2D3DF57F3D38B82F4D3C19002
:10382000F5D30154F6D34790F7D3BB55F8D3EA5CF0
:10383000F9D3A15FFAD30861FBD3326BFCD3F172E9
:10384000FDD3B280FED3898A40D41E8A41D41F8A18
:1038500042D4208A43D4218A44D4228A45D4238A5C
:1038600046D4248A47D4258A48D4268A49D4278A2C
:103870004AD4288A4BD4298A4CD42A8A4DD42B8AFC
:103880004ED42C8A4FD42D8A50D42E8A51D42F8ACC
:1038900052D4308A53D4318A54D4328A55D4338A9C
:1038A00056D4348A57D4358A58D4368A59D4378A6C
:1038B0005AD4388A5BD4398A5CD43A8A5DD43B8A3C
:1038C0005ED43C8A5FD43D8A60D43F8A61D4408A0A
:1038D00062D4418A63D4428A64D4438A65D4448AD8
:1038E00066D4458A67D4468A68D4478A69D4498AA7
:1038F0006AD44A8A6BD44B8A6CD44C8A6DD44D8A74
:103900006ED44E8A6FD44F8A70D4508A71D4518A43
:1039100072D4528A73D4538A74D4548A75D4558A13
:1039200076D4568A77D4578A78D4588A79D4598AE3
:103930007AD45A8A7BD45B8A7CD45C8A7DD45D8AB3
:103940007ED45E8A80D45F8A81D4608A82D4618A80
:1039500083D4628A84D4638A85D4648A86D4658A4F
:1039600087D4668A88D4678A89D4688A8AD4698A1F
:103970008BD46A8A8CD46B8A8DD46C8A8ED46D8AEF
:103980008FD46E8A90D46F8A91D4708A92D4718ABF
:1039900093D4728A94D4738A95D4748A96D4758A8F
:1039A00097D4768A98D4778A99D4788A9AD47A8A5E
:1039B0009BD47B8A9CD47C8A9DD47D8A9ED47E8A2B
:1039C0009FD47F8AA0D4808AA1D4746DA2D4D35B03
:1039D000A3D4D588A4D48498A5D46B8CA6D46D9A8E
:1039E000A7D4339EA8D40A6EA9D4A451AAD4435113
:1039F000ABD4A357ACD48188ADD49F53AED4F46379
:103A0000AFD4958FB0D4ED56B1D45854B2D4065734
:103A1000B3D43F73B4D4906EB5D4187FB6D4DC8FD2
:103A2000B7D4D182B8D43F61B9D42860BAD46296F1
:103A3000BBD4F066BCD4A67EBDD48A8DBED4C38D63
:103A4000BFD4A594C0D4B35CC1D4A47CC2D408674D
:103A5000C3D4A660C4D40596C5D41880C6D4914EEC
:103A6000C7D4E790C8D40053C9D46896CAD441518A
:103A7000CBD4D08FCCD47485CDD45D91CED45566C3
:103A8000CFD4F597D0D4555BD1D41D53D2D4387848
:103A9000D3D44267D4D43D68D5D4C954D6D47E702B
:103AA000D7D4B05BD8D47D8FD9D48D51DAD42857F0
:103AB000DBD4B154DCD41265DDD48266DED45E8DF5
:103AC000DFD4438DE0D40F81E1D46C84E2D46D90D7
:103AD000E3D4DF7CE4D4FF51E5D4FB85E6D4A367CF
:103AE000E7D4E965E8D4A16FE9D4A486EAD4818E4D
:103AF000EBD46A56ECD42090EDD48276EED4767076
:103B0000EFD4E571F0D4238DF1D4E962F2D41952E7
:103B1000F3D4FD6CF4D43C8DF5D40E60F6D49E58ED
:103B2000F7D48E61F8D4FE66F9D4608DFAD44E6273
:103B3000FBD4B355FCD4236EFDD42D67FED4678F20
:103B400040D5818A41D5828A42D5838A43D5848AE9
:103B500044D5858A45D5868A46D5878A47D5888AB9
:103B600048D58B8A49D58C8A4AD58D8A4BD58E8A81
:103B70004CD58F8A4DD5908A4ED5918A4FD5928A51
:103B800050D5948A51D5958A52D5968A53D5978A1D
:103B900054D5988A55D5998A56D59A8A57D59B8AED
:103BA00058D59C8A59D59D8A5AD59E8A5BD59F8ABD
:103BB0005CD5A08A5DD5A18A5ED5A28A5FD5A38A8D
:103BC00060D5A48A61D5A58A62D5A68A63D5A78A5D
:103BD00064D5A88A65D5A98A66D5AA8A67D5AB8A2D
:103BE00068D5AC8A69D5AD8A6AD5AE8A6BD5AF8AFD
:103BF0006CD5B08A6DD5B18A6ED5B28A6FD5B38ACD
:103C000070D5B48A71D5B58A72D5B68A73D5B78A9C
:103C100074D5B88A75D5B98A76D5BA8A77D5BB8A6C
:103C200078D5BC8A79D5BD8A7AD5BE8A7BD5BF8A3C
:103C30007CD5C08A7DD5C18A7ED5C28A80D5C38A0B
:103C400081D5C48A82D5C58A83D5C68A84D5C78AD8
:103C500085D5C88A86D5C98A87D5CA8A88D5CB8AA8
:103C600089D5CC8A8AD5CD8A8BD5CE8A8CD5CF8A78
:103C70008DD5D08A8ED5D18A8FD5D28A90D5D38A48
:103C800091D5D48A92D5D58A93D5D68A94D5D78A18
:103C900095D5D88A96D5D98A97D5DA8A98D5DB8AE8
:103CA00099D5DC8A9AD5DD8A9BD5DE8A9CD5DF8AB8
:103CB0009DD5E08A9ED5E18A9FD5E28AA0D5E38A88
:103CC000A1D5E194A2D5F895A3D52877A4D5056808
:103CD000A5D5A869A6D58B54A7D54D4EA8D5B87043
:103CE000A9D5C88BAAD55864ABD58B65ACD5855BF7
:103CF000ADD5847AAED53A50AFD5E85BB0D5BB77B9
:103D0000B1D5E16BB2D5798AB3D5987CB4D5BE6C08
:103D1000B5D5CF76B6D5A965B7D5978FB8D52D5D72
:103D2000B9D5555CBAD53886BBD50868BCD56053C3
:103D3000BDD51862BED5D97ABFD55B6EC0D5FD7E24
:103D4000C1D51F6AC2D5E07AC3D5705FC4D5336FC1
:103D5000C5D5205FC6D58C63C7D5A86DC8D55667B5
:103D6000C9D5084ECAD5105ECBD5268DCCD5D74E39
:103D7000CDD5C080CED53476CFD59C96D0D5DB625C
:103D8000D1D52D66D2D57E62D3D5BC6CD4D5758DF8
:103D9000D5D56771D6D5697FD7D54651D8D5878017
:103DA000D9D5EC53DAD56E90DBD59862DCD5F254D8
:103DB000DDD5F086DED5998FDFD50580E0D5179566
:103DC000E1D51785E2D5D98FE3D5596DE4D5CD730B
:103DD000E5D59F65E6D51F77E7D50475E8D5277843
:103DE000E9D5FB81EAD51E8DEBD58894ECD5A64F9D
:103DF000EDD59567EED5B975EFD5CA8BF0D5079798
:103E0000F1D52F63F2D54795F3D53596F4D5B8841F
:103E1000F5D52363F6D54177F7D5815FF8D5F072F4
:103E2000F9D5894EFAD51460FBD57465FCD5EF62DF
:103E3000FDD5636BFED53F6540D6E48A41D6E58A61
:103E400042D6E68A43D6E78A44D6E88A45D6E98A46
:103E500046D6EA8A47D6EB8A48D6EC8A49D6ED8A16
:103E60004AD6EE8A4BD6EF8A4CD6F08A4DD6F18AE6
:103E70004ED6F28A4FD6F38A50D6F48A51D6F58AB6
:103E800052D6F68A53D6F78A54D6F88A55D6F98A86
:103E900056D6FA8A57D6FB8A58D6FC8A59D6FD8A56
:103EA0005AD6FE8A5BD6FF8A5CD6008B5DD6018B24
:103EB0005ED6028B5FD6038B60D6048B61D6058BF2
:103EC00062D6068B63D6088B64D6098B65D60A8BBF
:103ED00066D60B8B67D60C8B68D60D8B69D60E8B8E
:103EE0006AD60F8B6BD6108B6CD6118B6DD6128B5E
:103EF0006ED6138B6FD6148B70D6158B71D6168B2E
:103F000072D6178B73D6188B74D6198B75D61A8BFD
:103F100076D61B8B77D61C8B78D61D8B79D61E8BCD
:103F20007AD61F8B7BD6208B7CD6218B7DD6228B9D
:103F30007ED6238B80D6248B81D6258B82D6278B69
:103F400083D6288B84D6298B85D62A8B86D62B8B35
:103F500087D62C8B88D62D8B89D62E8B8AD62F8B05
:103F60008BD6308B8CD6318B8DD6328B8ED6338BD5
:103F70008FD6348B90D6358B91D6368B92D6378BA5
:103F800093D6388B94D6398B95D63A8B96D63B8B75
:103F900097D63C8B98D63D8B99D63E8B9AD63F8B45
:103FA0009BD6408B9CD6418B9DD6428B9ED6438B15
:103FB0009FD6448BA0D6458BA1D6275EA2D6C775C7
:103FC000A3D6D190A4D6C18BA5D69D82A6D69D6737
:103FD000A7D62F65A8D63154A9D61887AAD6E577D3
:103FE000ABD6A280ACD60281ADD6416CAED64B4EDC
:103FF000AFD6C77EB0D64C80B1D6F476B2D60D69B6
:10400000B3D6966BB4D66762B5D63C50B6D6844F5D
:10401000B7D64057B8D60763B9D6626BBAD6BE8D4D
:10402000BBD6EA53BCD6E865BDD6B87EBED6D75F50
:10403000BFD61A63C0D6B763C1D6F381C2D6F481A6
:10404000C3D66E7FC4D61C5EC5D6D95CC6D63652E2
:10405000C7D67A66C8D6E979C9D61A7ACAD6288D5B
:10406000CBD69970CCD6D475CDD6DE6ECED6BB6C01
:10407000CFD6927AD0D62D4ED1D6C576D2D6E05FA5
:10408000D3D69F94D4D67788D5D6C87ED6D6CD79C8
:10409000D7D6BF80D8D6CD91D9D6F24EDAD6174F23
:1040A000DBD61F82DCD66854DDD6DE5DDED6326D0F
:1040B000DFD6CC8BE0D6A57CE1D6748FE2D6988093
:1040C000E3D61A5EE4D69254E5D6B176E6D6995B8D
:1040D000E7D63C66E8D6A49AE9D6E073EAD62A6821
:1040E000EBD6DB86ECD63167EDD62A73EED6F88BAD
:1040F000EFD6DB8BF0D61090F1D6F97AF2D6DB70E2
:10410000F3D66E71F4D6C462F5D6A977F6D63156D9
:10411000F7D63B4EF8D65784F9D6F167FAD6A952AE
:10412000FBD6C086FCD62E8DFDD6F894FED6517BEC
:1041300040D7468B41D7478B42D7488B43D7498BD3
:1041400044D74A8B45D74B8B46D74C8B47D74D8BA3
:1041500048D74E8B49D74F8B4AD7508B4BD7518B73
:104160004CD7528B4DD7538B4ED7548B4FD7558B43
:1041700050D7568B51D7578B52D7588B53D7598B13
:1041800054D75A8B55D75B8B56D75C8B57D75D8BE3
:1041900058D75E8B59D75F8B5AD7608B5BD7618BB3
:1041A0005CD7628B5DD7638B5ED7648B5FD7658B83
:1041B00060D7678B61D7688B62D7698B63D76A8B4F
:1041C00064D76B8B65D76D8B66D76E8B67D76F8B1C
:1041D00068D7708B69D7718B6AD7728B6BD7738BEB
:1041E0006CD7748B6DD7758B6ED7768B6FD7778BBB
:1041F00070D7788B71D7798B72D77A8B73D77B8B8B
:1042000074D77C8B75D77D8B76D77E8B77D77F8B5A
:1042100078D7808B79D7818B7AD7828B7BD7838B2A
:104220007CD7848B7DD7858B7ED7868B80D7878BF9
:1042300081D7888B82D7898B83D78A8B84D78B8BC6
:1042400085D78C8B86D78D8B87D78E8B88D78F8B96
:1042500089D7908B8AD7918B8BD7928B8CD7938B66
:104260008DD7948B8ED7958B8FD7968B90D7978B36
:1042700091D7988B92D7998B93D79A8B94D79B8B06
:1042800095D79C8B96D79D8B97D79E8B98D79F8BD6
:1042900099D7AC8B9AD7B18B9BD7BB8B9CD7C78B4D
:1042A0009DD7D08B9ED7EA8B9FD7098CA0D71E8C29
:1042B000A1D74F4FA2D7E86CA3D75D79A4D77B9A3B
:1042C000A5D79362A6D72A72A7D7FD62A8D7134EA7
:1042D000A9D71678AAD76C8FABD7B064ACD75A8D54
:1042E000ADD7C67BAED76968AFD7845EB0D7C58877
:1042F000B1D78659B2D79E64B3D7EE58B4D7B67249
:10430000B5D70E69B6D72595B7D7FD8FB8D7588DD5
:10431000B9D76057BAD7007FBBD7068CBCD7C65178
:10432000BDD74963BED7D962BFD75353C0D74C68F6
:10433000C1D72274C2D70183C3D74C91C4D7445587
:10434000C5D74077C6D77C70C7D74A6DC8D77951D3
:10435000C9D7A854CAD7448DCBD7FF59CCD7CB6E79
:10436000CDD7C46DCED75C5BCFD72B7DD0D7D44E05
:10437000D1D77D7CD2D7D36ED3D7505BD4D7EA8147
:10438000D5D70D6ED6D7575BD7D7039BD8D7D5686F
:10439000D9D72A8EDAD7975BDBD7FC7EDCD73B6098
:1043A000DDD7B57EDED7B990DFD7708DE0D74F5916
:1043B000E1D7CD63E2D7DF79E3D7B38DE4D75253AA
:1043C000E5D7CF65E6D75679E7D7C58BE8D73B96D3
:1043D000E9D7C47EEAD7BB94EBD7827EECD73456BC
:1043E000EDD78991EED70067EFD76A7FF0D70A5CE7
:1043F000F1D77590F2D72866F3D7E65DF4D7504F22
:10440000F5D7DE67F6D75A50F7D75C4FF8D7505735
:10441000F9D7A75E40D8388C41D8398C42D83A8C2D
:1044200043D83B8C44D83C8C45D83D8C46D83E8CF8
:1044300047D83F8C48D8408C49D8428C4AD8438CC6
:104440004BD8448C4CD8458C4DD8488C4ED84A8C8F
:104450004FD84B8C50D84D8C51D84E8C52D84F8C55
:1044600053D8508C54D8518C55D8528C56D8538C24
:1044700057D8548C58D8568C59D8578C5AD8588CF1
:104480005BD8598C5CD85B8C5DD85C8C5ED85D8CBD
:104490005FD85E8C60D85F8C61D8608C62D8638C8A
:1044A00063D8648C64D8658C65D8668C66D8678C54
:1044B00067D8688C68D8698C69D86C8C6AD86D8C20
:1044C0006BD86E8C6CD86F8C6DD8708C6ED8718CEC
:1044D0006FD8728C70D8748C71D8758C72D8768CB9
:1044E00073D8778C74D87B8C75D87C8C76D87D8C7F
:1044F00077D87E8C78D87F8C79D8808C7AD8818C4C
:104500007BD8838C7CD8848C7DD8868C7ED8878C15
:1045100080D8888C81D88B8C82D88D8C83D88E8CD7
:1045200084D88F8C85D8908C86D8918C87D8928CA3
:1045300088D8938C89D8958C8AD8968C8BD8978C70
:104540008CD8998C8DD89A8C8ED89B8C8FD89C8C3B
:1045500090D89D8C91D89E8C92D89F8C93D8A08C0B
:1045600094D8A18C95D8A28C96D8A38C97D8A48CDB
:1045700098D8A58C99D8A68C9AD8A78C9BD8A88CAB
:104580009CD8A98C9DD8AA8C9ED8AB8C9FD8AC8C7B
:10459000A0D8AD8CA1D88D4EA2D80C4EA3D8405136
:1045A000A4D8104EA5D8FF5EA6D84553A7D8154E5F
:1045B000A8D8984EA9D81E4EAAD8329BABD86C5B0F
:1045C000ACD86956ADD8284EAED8BA79AFD83F4EE0
:1045D000B0D81553B1D8474EB2D82D59B3D83B7285
:1045E000B4D86E53B5D8106CB6D8DF56B7D8E480BF
:1045F000B8D89799B9D8D36BBAD87E77BBD8179F5C
:10460000BCD8364EBDD89F4EBED8109FBFD85C4E8A
:10461000C0D8694EC1D8934EC2D88882C3D85B5BDC
:10462000C4D86C55C5D80F56C6D8C44EC7D88D53FC
:10463000C8D89D53C9D8A353CAD8A553CBD8AE5315
:10464000CCD86597CDD85D8DCED81A53CFD8F55339
:10465000D0D82653D1D82E53D2D83E53D3D85C8D40
:10466000D4D86653D5D86353D6D80252D7D8085277
:10467000D8D80E52D9D82D52DAD83352DBD83F527F
:10468000DCD84052DDD84C52DED85E52DFD86152C1
:10469000E0D85C52E1D8AF84E2D87D52E3D88252B0
:1046A000E4D88152E5D89052E6D89352E7D88251A7
:1046B000E8D8547FE9D8BB4EEAD8C34EEBD8C94EF0
:1046C000ECD8C24EEDD8E84EEED8E14EEFD8EB4E26
:1046D000F0D8DE4EF1D81B4FF2D8F34EF3D8224F6C
:1046E000F4D8644FF5D8F54EF6D8254FF7D8274FB4
:1046F000F8D8094FF9D82B4FFAD85E4FFBD8674F3F
:10470000FCD83865FDD85A4FFED85D4F40D9AE8CE5
:1047100041D9AF8C42D9B08C43D9B18C44D9B28C39
:1047200045D9B38C46D9B48C47D9B58C48D9B68C09
:1047300049D9B78C4AD9B88C4BD9B98C4CD9BA8CD9
:104740004DD9BB8C4ED9BC8C4FD9BD8C50D9BE8CA9
:1047500051D9BF8C52D9C08C53D9C18C54D9C28C79
:1047600055D9C38C56D9C48C57D9C58C58D9C68C49
:1047700059D9C78C5AD9C88C5BD9C98C5CD9CA8C19
:104780005DD9CB8C5ED9CC8C5FD9CD8C60D9CE8CE9
:1047900061D9CF8C62D9D08C63D9D18C64D9D28CB9
:1047A00065D9D38C66D9D48C67D9D58C68D9D68C89
:1047B00069D9D78C6AD9D88C6BD9D98C6CD9DA8C59
:1047C0006DD9DB8C6ED9DC8C6FD9DD8C70D9DE8C29
:1047D00071D9DF8C72D9E08C73D9E18C74D9E28CF9
:1047E00075D9E38C76D9E48C77D9E58C78D9E68CC9
:1047F00079D9E78C7AD9E88C7BD9E98C7CD9EA8C99
:104800007DD9EB8C7ED9EC8C80D9ED8C81D9EE8C66
:1048100082D9EF8C83D9F08C84D9F18C85D9F28C34
:1048200086D9F38C87D9F48C88D9F58C89D9F68C04
:104830008AD9F78C8BD9F88C8CD9F98C8DD9FA8CD4
:104840008ED9FB8C8FD9FC8C90D9FD8C91D9FE8CA4
:1048500092D9FF8C93D9008D94D9018D95D9028D71
:1048600096D9038D97D9048D98D9058D99D9068D40
:104870009AD9078D9BD9088D9CD9098D9DD90A8D10
:104880009ED90B8D9FD90C8DA0D90D8DA1D95F4FCD
:10489000A2D9574FA3D9324FA4D93D4FA5D9764FAE
:1048A000A6D9744FA7D9914FA8D9894FA9D9834FB9
:1048B000AAD98F4FABD97E4FACD97B4FADD9AA4F78
:1048C000AED97C4FAFD9AC4FB0D9944FB1D9E64FE8
:1048D000B2D9E84FB3D9EA4FB4D9C54FB5D9DA4FF9
:1048E000B6D9E34FB7D9DC4FB8D9D14FB9D9DF4FDB
:1048F000BAD9F84FBBD92950BCD94C50BDD9F34FC8
:10490000BED92C50BFD90F50C0D92E50C1D92D506F
:10491000C2D9FE4FC3D91C50C4D90C50C5D925509B
:10492000C6D92850C7D97E50C8D94350C9D9555087
:10493000CAD94850CBD94E50CCD96C50CDD97B5028
:10494000CED9A550CFD9A750D0D9A950D1D9BA50D6
:10495000D2D9D650D3D90651D4D9ED50D5D9EC50AF
:10496000D6D9E650D7D9EE50D8D90751D9D90B515D
:10497000DAD9DD4EDBD93D6CDCD9584FDDD9654F36
:10498000DED9CE4FDFD9A09FE0D9466CE1D9747C47
:10499000E2D96E51E3D9FD5DE4D9C99EE5D9989974
:1049A000E6D98151E7D91459E8D9F952E9D90D531B
:1049B000EAD9078AEBD91053ECD9EB51EDD9195943
:1049C000EED95551EFD9A04EF0D95651F1D9B34E89
:1049D000F2D96E88F3D9A488F4D9B54EF5D91481EB
:1049E000F6D9D288F7D98079F8D9345BF9D9038818
:1049F000FAD9B87FFBD9AB51FCD9B151FDD9BD5122
:104A0000FED9BC5140DA0E8D41DA0F8D42DA108D9D
:104A100043DA118D44DA128D45DA138D46DA148D9E
:104A200047DA158D48DA168D49DA178D4ADA188D6E
:104A30004BDA198D4CDA1A8D4DDA1B8D4EDA1C8D3E
:104A40004FDA208D50DA518D51DA528D52DA578D6E
:104A500053DA5F8D54DA658D55DA688D56DA698DD3
:104A600057DA6A8D58DA6C8D59DA6E8D5ADA6F8D95
:104A70005BDA718D5CDA728D5DDA788D5EDA798D54
:104A80005FDA7A8D60DA7B8D61DA7C8D62DA7D8D1A
:104A900063DA7E8D64DA7F8D65DA808D66DA828DE9
:104AA00067DA838D68DA868D69DA878D6ADA888DB0
:104AB0006BDA898D6CDA8C8D6DDA8D8D6EDA8E8D78
:104AC0006FDA8F8D70DA908D71DA928D72DA938D44
:104AD00073DA958D74DA968D75DA978D76DA988D0E
:104AE00077DA998D78DA9A8D79DA9B8D7ADA9C8DDE
:104AF0007BDA9D8D7CDA9E8D7DDAA08D7EDAA18DAC
:104B000080DAA28D81DAA48D82DAA58D83DAA68D72
:104B100084DAA78D85DAA88D86DAA98D87DAAA8D41
:104B200088DAAB8D89DAAC8D8ADAAD8D8BDAAE8D11
:104B30008CDAAF8D8DDAB08D8EDAB28D8FDAB68DDC
:104B400090DAB78D91DAB98D92DABB8D93DABD8D9B
:104B500094DAC08D95DAC18D96DAC28D97DAC58D5B
:104B600098DAC78D99DAC88D9ADAC98D9BDACA8D21
:104B70009CDACD8D9DDAD08D9EDAD28D9FDAD38DE1
:104B8000A0DAD48DA1DAC751A2DA9651A3DAA251E4
:104B9000A4DAA551A5DAA08BA6DAA68BA7DAA78B93
:104BA000A8DAAA8BA9DAB48BAADAB58BABDAB78B01
:104BB000ACDAC28BADDAC38BAEDACB8BAFDACF8B8C
:104BC000B0DACE8BB1DAD28BB2DAD38BB3DAD48B44
:104BD000B4DAD68BB5DAD88BB6DAD98BB7DADC8B08
:104BE000B8DADF8BB9DAE08BBADAE48BBBDAE88BC0
:104BF000BCDAE98BBDDAEE8BBEDAF08BBFDAF38B71
:104C0000C0DAF68BC1DAF98BC2DAFC8BC3DAFF8B20
:104C1000C4DA008CC5DA028CC6DA048CC7DA078CD9
:104C2000C8DA0C8CC9DA0F8CCADA118CCBDA128C88
:104C3000CCDA148CCDDA158CCEDA168CCFDA198C4E
:104C4000D0DA1B8CD1DA188CD2DA1D8CD3DA1F8C17
:104C5000D4DA208CD5DA218CD6DA258CD7DA278CD9
:104C6000D8DA2A8CD9DA2B8CDADA2E8CDBDA2F8C94
:104C7000DCDA328CDDDA338CDEDA358CDFDA368C56
:104C8000E0DA6953E1DA7A53E2DA1D96E3DA229642
:104C9000E4DA2196E5DA3196E6DA2A96E7DA3D9605
:104CA000E8DA3C96E9DA4296EADA4996EBDA549683
:104CB000ECDA5F96EDDA6796EEDA6C96EFDA7296DA
:104CC000F0DA7496F1DA8896F2DA8D96F3DA97963E
:104CD000F4DAB096F5DA9790F6DA9B90F7DA9D90D1
:104CE000F8DA9990F9DAAC90FADAA190FBDAB4909C
:104CF000FCDAB390FDDAB690FEDABA9040DBD58DDF
:104D000041DBD88D42DBD98D43DBDC8D44DBE08D8C
:104D100045DBE18D46DBE28D47DBE58D48DBE68D4B
:104D200049DBE78D4ADBE98D4BDBED8D4CDBEE8D0E
:104D30004DDBF08D4EDBF18D4FDBF28D50DBF48DD2
:104D400051DBF68D52DBFC8D53DBFE8D54DBFF8D8A
:104D500055DB008E56DB018E57DB028E58DB038E4F
:104D600059DB048E5ADB068E5BDB078E5CDB088E1C
:104D70005DDB0B8E5EDB0D8E5FDB0E8E60DB108EDF
:104D800061DB118E62DB128E63DB138E64DB158EAA
:104D900065DB168E66DB178E67DB188E68DB198E77
:104DA00069DB1A8E6ADB1B8E6BDB1C8E6CDB208E44
:104DB0006DDB218E6EDB248E6FDB258E70DB268E05
:104DC00071DB278E72DB288E73DB2B8E74DB2D8ECE
:104DD00075DB308E76DB328E77DB338E78DB348E8C
:104DE00079DB368E7ADB378E7BDB388E7CDB3B8E55
:104DF0007DDB3C8E7EDB3E8E80DB3F8E81DB438E17
:104E000082DB458E83DB468E84DB4C8E85DB4D8ECC
:104E100086DB4E8E87DB4F8E88DB508E89DB538E90
:104E20008ADB548E8BDB558E8CDB568E8DDB578E5A
:104E30008EDB588E8FDB5A8E90DB5B8E91DB5C8E27
:104E400092DB5D8E93DB5E8E94DB5F8E95DB608EF6
:104E500096DB618E97DB628E98DB638E99DB648EC6
:104E60009ADB658E9BDB678E9CDB688E9DDB6A8E92
:104E70009EDB6B8E9FDB6E8EA0DB718EA1DBB8900C
:104E8000A2DBB090A3DBCF90A4DBC590A5DBBE90E6
:104E9000A6DBD090A7DBC490A8DBC790A9DBD3909A
:104EA000AADBE690ABDBE290ACDBDC90ADDBD7902D
:104EB000AEDBDB90AFDBEB90B0DBEF90B1DBFE90D5
:104EC000B2DB0491B3DB2291B4DB1E91B5DB2391FD
:104ED000B6DB3191B7DB2F91B8DB3991B9DB439168
:104EE000BADB4691BBDB0D52BCDB4259BDDBA252A3
:104EF000BEDBAC52BFDBAD52C0DBBE52C1DBFF54E8
:104F0000C2DBD052C3DBD652C4DBF052C5DBDF5369
:104F1000C6DBEE71C7DBCD77C8DBF45EC9DBF551CC
:104F2000CADBFC51CBDB2F9BCCDBB653CDDB015F67
:104F3000CEDB5A75CFDBEF5DD0DB4C57D1DBA95709
:104F4000D2DBA157D3DB7E58D4DBBC58D5DBC558A8
:104F5000D6DBD158D7DB2957D8DB2C57D9DB2A57DA
:104F6000DADB3357DBDB3957DCDB2E57DDDB2F5742
:104F7000DEDB5C57DFDB3B57E0DB4257E1DB6957A9
:104F8000E2DB8557E3DB6B57E4DB8657E5DB7C57D9
:104F9000E6DB7B57E7DB6857E8DB6D57E9DB7657E5
:104FA000EADB7357EBDBAD57ECDBA457EDDB8C573B
:104FB000EEDBB257EFDBCF57F0DBA757F1DBB4578F
:104FC000F2DB9357F3DBA057F4DBD557F5DBD8576B
:104FD000F6DBDA57F7DBD957F8DBD257F9DBB857EE
:104FE000FADBF457FBDBEF57FCDBF857FDDBE4574C
:104FF000FEDBDD5740DC738E41DC758E42DC778E44
:1050000043DC788E44DC798E45DC7A8E46DC7B8E00
:1050100047DC7D8E48DC7E8E49DC808E4ADC828EC9
:105020004BDC838E4CDC848E4DDC868E4EDC888E91
:105030004FDC898E50DC8A8E51DC8B8E52DC8C8E5C
:1050400053DC8D8E54DC8E8E55DC918E56DC928E28
:1050500057DC938E58DC958E59DC968E5ADC978EF1
:105060005BDC988E5CDC998E5DDC9A8E5EDC9B8EC0
:105070005FDC9D8E60DC9F8E61DCA08E62DCA18E89
:1050800063DCA28E64DCA38E65DCA48E66DCA58E58
:1050900067DCA68E68DCA78E69DCA88E6ADCA98E28
:1050A0006BDCAA8E6CDCAD8E6DDCAE8E6EDCB08EF1
:1050B0006FDCB18E70DCB38E71DCB48E72DCB58EB9
:1050C00073DCB68E74DCB78E75DCB88E76DCB98E88
:1050D00077DCBB8E78DCBC8E79DCBD8E7ADCBE8E54
:1050E0007BDCBF8E7CDCC08E7DDCC18E7EDCC28E24
:1050F00080DCC38E81DCC48E82DCC58E83DCC68EF0
:1051000084DCC78E85DCC88E86DCC98E87DCCA8EBF
:1051100088DCCB8E89DCCC8E8ADCCD8E8BDCCF8E8E
:105120008CDCD08E8DDCD18E8EDCD28E8FDCD38E5B
:1051300090DCD48E91DCD58E92DCD68E93DCD78E2B
:1051400094DCD88E95DCD98E96DCDA8E97DCDB8EFB
:1051500098DCDC8E99DCDD8E9ADCDE8E9BDCDF8ECB
:105160009CDCE08E9DDCE18E9EDCE28E9FDCE38E9B
:10517000A0DCE48EA1DC0B58A2DC0D58A3DCFD57AB
:10518000A4DCED57A5DC0058A6DC1E58A7DC195896
:10519000A8DC4458A9DC2058AADC6558ABDC6C5864
:1051A000ACDC8158ADDC8958AEDC9A58AFDC805855
:1051B000B0DCA899B1DC199FB2DCFF61B3DC798265
:1051C000B4DC7D82B5DC7F82B6DC8F82B7DC8A827C
:1051D000B8DCA882B9DC8482BADC8E82BBDC918226
:1051E000BCDC9782BDDC9982BEDCAB82BFDCB882BE
:1051F000C0DCBE82C1DCB082C2DCC882C3DCCA8231
:10520000C4DCE382C5DC9882C6DCB782C7DCAE8230
:10521000C8DCCB82C9DCCC82CADCC182CBDCA982EF
:10522000CCDCB482CDDCA182CEDCAA82CFDC9F8232
:10523000D0DCC482D1DCCE82D2DCA482D3DCE18299
:10524000D4DC0983D5DCF782D6DCE482D7DC0F839B
:10525000D8DC0783D9DCDC82DADCF482DBDCD282C6
:10526000DCDCD882DDDC0C83DEDCFB82DFDCD3829D
:10527000E0DC1183E1DC1A83E2DC0683E3DC1483E7
:10528000E4DC1583E5DCE082E6DCD582E7DC1C8328
:10529000E8DC5183E9DC5B83EADC5C83EBDC0883DC
:1052A000ECDC9283EDDC3C83EEDC3483EFDC318399
:1052B000F0DC9B83F1DC5E83F2DC2F83F3DC4F8335
:1052C000F4DC4783F5DC4383F6DC5F83F7DC408363
:1052D000F8DC1783F9DC6083FADC2D83FBDC3A838E
:1052E000FCDC3383FDDC6683FEDC658340DDE58E1C
:1052F00041DDE68E42DDE78E43DDE88E44DDE98E5A
:1053000045DDEA8E46DDEB8E47DDEC8E48DDED8E29
:1053100049DDEE8E4ADDEF8E4BDDF08E4CDDF18EF9
:105320004DDDF28E4EDDF38E4FDDF48E50DDF58EC9
:1053300051DDF68E52DDF78E53DDF88E54DDF98E99
:1053400055DDFA8E56DDFB8E57DDFC8E58DDFD8E69
:1053500059DDFE8E5ADDFF8E5BDD008F5CDD018F37
:105360005DDD028F5EDD038F5FDD048F60DD058F05
:1053700061DD068F62DD078F63DD088F64DD098FD5
:1053800065DD0A8F66DD0B8F67DD0C8F68DD0D8FA5
:1053900069DD0E8F6ADD0F8F6BDD108F6CDD118F75
:1053A0006DDD128F6EDD138F6FDD148F70DD158F45
:1053B00071DD168F72DD178F73DD188F74DD198F15
:1053C00075DD1A8F76DD1B8F77DD1C8F78DD1D8FE5
:1053D00079DD1E8F7ADD1F8F7BDD208F7CDD218FB5
:1053E0007DDD228F7EDD238F80DD248F81DD258F83
:1053F00082DD268F83DD278F84DD288F85DD298F51
:1054000086DD2A8F87DD2B8F88DD2C8F89DD2D8F20
:105410008ADD2E8F8BDD2F8F8CDD308F8DDD318FF0
:105420008EDD328F8FDD338F90DD348F91DD358FC0
:1054300092DD368F93DD378F94DD388F95DD398F90
:1054400096DD3A8F97DD3B8F98DD3C8F99DD3D8F60
:105450009ADD3E8F9BDD3F8F9CDD408F9DDD418F30
:105460009EDD428F9FDD438FA0DD448FA1DD6883E9
:10547000A2DD1B83A3DD6983A4DD6C83A5DD6A83C4
:10548000A6DD6D83A7DD6E83A8DDB083A9DD7883FB
:10549000AADDB383ABDDB483ACDDA083ADDDAA832D
:1054A000AEDD9383AFDD9C83B0DD8583B1DD7C838E
:1054B000B2DDB683B3DDA983B4DD7D83B5DDB8830A
:1054C000B6DD7B83B7DD9883B8DD9E83B9DDA88325
:1054D000BADDBA83BBDDBC83BCDDC183BDDD018425
:1054E000BEDDE583BFDDD883C0DD0758C1DD18848C
:1054F000C2DD0B84C3DDDD83C4DDFD83C5DDD68362
:10550000C6DD1C84C7DD3884C8DD1184C9DD06848E
:10551000CADDD483CBDDDF83CCDD0F84CDDD038416
:10552000CEDDF883CFDDF983D0DDEA83D1DDC5831D
:10553000D2DDC083D3DD2684D4DDF083D5DDE183E5
:10554000D6DD5C84D7DD5184D8DD5A84D9DD598419
:10555000DADD7384DBDD8784DCDD8884DDDD7A845D
:10556000DEDD8984DFDD7884E0DD3C84E1DD4684B6
:10557000E2DD6984E3DD7684E4DD8C84E5DD8E8420
:10558000E6DD3184E7DD6D84E8DDC184E9DDCD84CD
:10559000EADDD084EBDDE684ECDDBD84EDDDD38493
:1055A000EEDDCA84EFDDBF84F0DDBA84F1DDE08496
:1055B000F2DDA184F3DDB984F4DDB484F5DD9784F4
:1055C000F6DDE584F7DDE384F8DD0C85F9DD0D75A6
:1055D000FADD3885FBDDF084FCDD3985FDDD1F85D6
:1055E000FEDD3A8540DE458F41DE468F42DE478F45
:1055F00043DE488F44DE498F45DE4A8F46DE4B8FBF
:1056000047DE4C8F48DE4D8F49DE4E8F4ADE4F8F8E
:105610004BDE508F4CDE518F4DDE528F4EDE538F5E
:105620004FDE548F50DE558F51DE568F52DE578F2E
:1056300053DE588F54DE598F55DE5A8F56DE5B8FFE
:1056400057DE5C8F58DE5D8F59DE5E8F5ADE5F8FCE
:105650005BDE608F5CDE618F5DDE628F5EDE638F9E
:105660005FDE648F60DE658F61DE6A8F62DE808F51
:1056700063DE8C8F64DE928F65DE9D8F66DEA08F89
:1056800067DEA18F68DEA28F69DEA48F6ADEA58F38
:105690006BDEA68F6CDEA78F6DDEAA8F6EDEAC8F01
:1056A0006FDEAD8F70DEAE8F71DEAF8F72DEB28FC8
:1056B00073DEB38F74DEB48F75DEB58F76DEB78F91
:1056C00077DEB88F78DEBA8F79DEBB8F7ADEBC8F5B
:1056D0007BDEBF8F7CDEC08F7DDEC38F7EDEC68F1C
:1056E00080DEC98F81DECA8F82DECB8F83DECC8FD6
:1056F00084DECD8F85DECF8F86DED28F87DED68F9C
:1057000088DED78F89DEDA8F8ADEE08F8BDEE18F4D
:105710008CDEE38F8DDEE78F8EDEEC8F8FDEEF8FFA
:1057200090DEF18F91DEF28F92DEF48F93DEF58FB3
:1057300094DEF68F95DEFA8F96DEFB8F97DEFC8F78
:1057400098DEFE8F99DEFF8F9ADE07909BDE089031
:105750009CDE0C909DDE0E909EDE13909FDE1590D9
:10576000A0DE1890A1DE5685A2DE3B85A3DEFF8475
:10577000A4DEFC84A5DE5985A6DE4885A7DE688503
:10578000A8DE6485A9DE5E85AADE7A85ABDEA27717
:10579000ACDE4385ADDE7285AEDE7B85AFDEA485F3
:1057A000B0DEA885B1DE8785B2DE8F85B3DE798570
:1057B000B4DEAE85B5DE9C85B6DE8585B7DEB985FF
:1057C000B8DEB785B9DEB085BADED385BBDEC1856C
:1057D000BCDEDC85BDDEFF85BEDE2786BFDE05863E
:1057E000C0DE2986C1DE1686C2DE3C86C3DEFE5ED2
:1057F000C4DE085FC5DE3C59C6DE4159C7DE3780CE
:10580000C8DE5559C9DE5A59CADE5859CBDE0F5386
:10581000CCDE225CCDDE255CCEDE2C5CCFDE345CC3
:10582000D0DE4C62D1DE6A62D2DE9F62D3DEBB6222
:10583000D4DECA62D5DEDA62D6DED762D7DEEE62A9
:10584000D8DE2263D9DEF662DADE3963DBDE4B6353
:10585000DCDE4363DDDEAD63DEDEF663DFDE716377
:10586000E0DE7A63E1DE8E63E2DEB463E3DE6D6385
:10587000E4DEAC63E5DE8A63E6DE6963E7DEAE6341
:10588000E8DEBC63E9DEF263EADEF863EBDEE063E8
:10589000ECDEFF63EDDEC463EEDEDE63EFDECE63DF
:1058A000F0DE5264F1DEC663F2DEBE63F3DE456411
:1058B000F4DE4164F5DE0B64F6DE1B64F7DE206483
:1058C000F8DE0C64F9DE2664FADE2164FBDE5E6439
:1058D000FCDE8464FDDE6D64FEDE966440DF1990BC
:1058E00041DF1C9042DF239043DF249044DF25906A
:1058F00045DF279046DF289047DF299048DF2A9030
:1059000049DF2B904ADF2C904BDF30904CDF3190F9
:105910004DDF32904EDF33904FDF349050DF3790C1
:1059200051DF399052DF3A9053DF3D9054DF3F9082
:1059300055DF409056DF439057DF459058DF469043
:1059400059DF48905ADF49905BDF4A905CDF4B900B
:105950005DDF4C905EDF4E905FDF549060DF5590CE
:1059600061DF569062DF599063DF5A9064DF5C908C
:1059700065DF5D9066DF5E9067DF5F9068DF609057
:1059800069DF61906ADF64906BDF66906CDF67901F
:105990006DDF69906EDF6A906FDF6B9070DF6C90E7
:1059A00071DF6F9072DF709073DF719074DF7290AF
:1059B00075DF739076DF769077DF779078DF789079
:1059C00079DF79907ADF7A907BDF7B907CDF7C9047
:1059D0007DDF7E907EDF819080DF849081DF859007
:1059E00082DF869083DF879084DF899085DF8A90CD
:1059F00086DF8C9087DF8D9088DF8E9089DF8F9097
:105A00008ADF90908BDF92908CDF94908DDF969060
:105A10008EDF98908FDF9A9090DF9C9091DF9E9020
:105A200092DF9F9093DFA09094DFA49095DFA590E4
:105A300096DFA79097DFA89098DFA99099DFAB90A9
:105A40009ADFAD909BDFB2909CDFB7909DDFBC905A
:105A50009EDFBD909FDFBF90A0DFC090A1DF7A6482
:105A6000A2DFB764A3DFB864A4DF9964A5DFBA64DA
:105A7000A6DFC064A7DFD064A8DFD764A9DFE46431
:105A8000AADFE264ABDF0965ACDF2565ADDF2E651B
:105A9000AEDF0B5FAFDFD25FB0DF1975B1DF115F33
:105AA000B2DF5F53B3DFF153B4DFFD53B5DFE9532A
:105AB000B6DFE853B7DFFB53B8DF1254B9DF165433
:105AC000BADF0654BBDF4B54BCDF5254BDDF535426
:105AD000BEDF5454BFDF5654C0DF4354C1DF2154EE
:105AE000C2DF5754C3DF5954C4DF2354C5DF3254D7
:105AF000C6DF8254C7DF9454C8DF7754C9DF7154BE
:105B0000CADF6454CBDF9A54CCDF9B54CDDF84547E
:105B1000CEDF7654CFDF6654D0DF9D54D1DFD05432
:105B2000D2DFAD54D3DFC254D4DFB454D5DFD25466
:105B3000D6DFA754D7DFA654D8DFD354D9DFD45447
:105B4000DADF7254DBDFA354DCDFD554DDDFBB5476
:105B5000DEDFBF54DFDFCC54E0DFD954E1DFDA54BD
:105B6000E2DFDC54E3DFA954E4DFAA54E5DFA45408
:105B7000E6DFDD54E7DFCF54E8DFDE54E9DF1B5515
:105B8000EADFE754EBDF2055ECDFFD54EDDF145581
:105B9000EEDFF354EFDF2255F0DF2355F1DF0F5531
:105BA000F2DF1155F3DF2755F4DF2A55F5DF67558E
:105BB000F6DF8F55F7DFB555F8DF4955F9DF6D553D
:105BC000FADF4155FBDF5555FCDF3F55FDDF5055F2
:105BD000FEDF3C5540E0C29041E0C39042E0C690F9
:105BE00043E0C89044E0C99045E0CB9046E0CC90BB
:105BF00047E0CD9048E0D29049E0D4904AE0D5907B
:105C00004BE0D6904CE0D8904DE0D9904EE0DA9041
:105C10004FE0DE9050E0DF9051E0E09052E0E39002
:105C200053E0E49054E0E59055E0E99056E0EA90C6
:105C300057E0EC9058E0EE9059E0F0905AE0F19087
:105C40005BE0F2905CE0F3905DE0F5905EE0F69052
:105C50005FE0F79060E0F99061E0FA9062E0FB901D
:105C600063E0FC9064E0FF9065E0009166E00191E4
:105C700067E0039168E0059169E006916AE00791A9
:105C80006BE008916CE009916DE00A916EE00B9178
:105C90006FE00C9170E00D9171E00E9172E00F9148
:105CA00073E0109174E0119175E0129176E0139118
:105CB00077E0149178E0159179E016917AE01791E8
:105CC0007BE018917CE01A917DE01B917EE01C91B5
:105CD00080E01D9181E01F9182E0209183E021917D
:105CE00084E0249185E0259186E0269187E0279144
:105CF00088E0289189E029918AE02A918BE02B9114
:105D00008CE02C918DE02D918EE02E918FE03091E2
:105D100090E0329191E0339192E0349193E03591AB
:105D200094E0369195E0379196E0389197E03A917A
:105D300098E03B9199E03C919AE03D919BE03E9147
:105D40009CE03F919DE040919EE041919FE0429117
:105D5000A0E04491A1E03755A2E05655A3E0755567
:105D6000A4E07655A5E07755A6E03355A7E0305579
:105D7000A8E05C55A9E08B55AAE0D255ABE083556D
:105D8000ACE0B155ADE0B955AEE08855AFE0815516
:105D9000B0E09F55B1E07E55B2E0D655B3E09155E5
:105DA000B4E07B55B5E0DF55B6E0BD55B7E0BE5574
:105DB000B8E09455B9E09955BAE0EA55BBE0F7551B
:105DC000BCE0C955BDE01F56BEE0D155BFE0EB5564
:105DD000C0E0EC55C1E0D455C2E0E655C3E0DD5566
:105DE000C4E0C455C5E0EF55C6E0E555C7E0F2553F
:105DF000C8E0F355C9E0CC55CAE0CD55CBE0E85535
:105E0000CCE0F555CDE0E455CEE0948FCFE01E56C2
:105E1000D0E00856D1E00C56D2E00156D3E024562B
:105E2000D4E02356D5E0FE55D6E00056D7E02756FD
:105E3000D8E02D56D9E05856DAE03956DBE057560F
:105E4000DCE02C56DDE04D56DEE06256DFE05956D0
:105E5000E0E05C56E1E04C56E2E05456E3E0865662
:105E6000E4E06456E5E07156E6E06B56E7E07B5609
:105E7000E8E07C56E9E08556EAE09356EBE0AF5661
:105E8000ECE0D456EDE0D756EEE0DD56EFE0E1561B
:105E9000F0E0F556F1E0EB56F2E0F956F3E0FF568C
:105EA000F4E00457F5E00A57F6E00957F7E01C570D
:105EB000F8E00F5EF9E0195EFAE0145EFBE0115EB7
:105EC000FCE0315EFDE03B5EFEE03C5E40E1459182
:105ED00041E1479142E1489143E1519144E15391BD
:105EE00045E1549146E1559147E1569148E1589179
:105EF00049E159914AE15B914BE15C914CE15F9141
:105F00004DE160914EE166914FE1679150E16891FA
:105F100051E16B9152E16D9153E1739154E17A91AA
:105F200055E17B9156E17C9157E1809158E1819157
:105F300059E182915AE183915BE184915CE1869120
:105F40005DE188915EE18A915FE18E9160E18F91E0
:105F500061E1939162E1949163E1959164E196919D
:105F600065E1979166E1989167E1999168E19C916B
:105F700069E19D916AE19E916BE19F916CE1A09135
:105F80006DE1A1916EE1A4916FE1A59170E1A691FF
:105F900071E1A79172E1A89173E1A99174E1AB91CC
:105FA00075E1AC9176E1B09177E1B19178E1B29190
:105FB00079E1B3917AE1B6917BE1B7917CE1B89157
:105FC0007DE1B9917EE1BB9180E1BC9181E1BD9120
:105FD00082E1BE9183E1BF9184E1C09185E1C191ED
:105FE00086E1C29187E1C39188E1C49189E1C591BD
:105FF0008AE1C6918BE1C8918CE1CB918DE1D09182
:106000008EE1D2918FE1D39190E1D49191E1D5913C
:1060100092E1D69193E1D79194E1D89195E1D9910C
:1060200096E1DA9197E1DB9198E1DD9199E1DE91DA
:106030009AE1DF919BE1E0919CE1E1919DE1E291A8
:106040009EE1E3919FE1E491A0E1E591A1E1375E5A
:10605000A2E1445EA3E1545EA4E15B5EA5E15E5E65
:10606000A6E1615EA7E18C5CA8E17A5CA9E18D5CA8
:10607000AAE1905CABE1965CACE1885CADE1985C38
:10608000AEE1995CAFE1915CB0E19A5CB1E19C5CFE
:10609000B2E1B55CB3E1A25CB4E1BD5CB5E1AC5C7E
:1060A000B6E1AB5CB7E1B15CB8E1A35CB9E1C15C5E
:1060B000BAE1B75CBBE1C45CBCE1D25CBDE1E45CCD
:1060C000BEE1CB5CBFE1E55CC0E1025DC1E1035D27
:1060D000C2E1275DC3E1265DC4E12E5DC5E1245D1B
:1060E000C6E11E5DC7E1065DC8E11B5DC9E1585D03
:1060F000CAE13E5DCBE1345DCCE13D5DCDE16C5D5F
:10610000CEE15B5DCFE16F5DD0E15D5DD1E16B5DC7
:10611000D2E14B5DD3E14A5DD4E1695DD5E1745DC7
:10612000D6E1825DD7E1995DD8E19D5DD9E1738CBF
:10613000DAE1B75DDBE1C55DDCE1735FDDE1775F8F
:10614000DEE1825FDFE1875FE0E1895FE1E18C5FB3
:10615000E2E1955FE3E1995FE4E19C5FE5E1A85F3F
:10616000E6E1AD5FE7E1B55FE8E1BC5FE9E16288E8
:10617000EAE1615FEBE1AD72ECE1B072EDE1B472C6
:10618000EEE1B772EFE1B872F0E1C372F1E1C17212
:10619000F2E1CE72F3E1CD72F4E1D272F5E1E87290
:1061A000F6E1EF72F7E1E972F8E1F272F9E1F47207
:1061B000FAE1F772FBE10173FCE1F372FDE10373B5
:1061C000FEE1FA7240E2E69141E2E79142E2E891B3
:1061D00043E2E99144E2EA9145E2EB9146E2EC9137
:1061E00047E2ED9148E2EE9149E2EF914AE2F09107
:1061F0004BE2F1914CE2F2914DE2F3914EE2F491D7
:106200004FE2F59150E2F69151E2F79152E2F891A6
:1062100053E2F99154E2FA9155E2FB9156E2FC9176
:1062200057E2FD9158E2FE9159E2FF915AE2009245
:106230005BE201925CE202925DE203925EE2049212
:106240005FE2059260E2069261E2079262E20892E2
:1062500063E2099264E20A9265E20B9266E20C92B2
:1062600067E20D9268E20E9269E20F926AE2109282
:106270006BE211926CE212926DE213926EE2149252
:106280006FE2159270E2169271E2179272E2189222
:1062900073E2199274E21A9275E21B9276E21C92F2
:1062A00077E21D9278E21E9279E21F927AE22092C2
:1062B0007BE221927CE222927DE223927EE2249292
:1062C00080E2259281E2269282E2279283E228925E
:1062D00084E2299285E22A9286E22B9287E22C922E
:1062E00088E22D9289E22E928AE22F928BE23092FE
:1062F0008CE231928DE232928EE233928FE23492CE
:1063000090E2359291E2369292E2379293E238929D
:1063100094E2399295E23A9296E23B9297E23C926D
:1063200098E23D9299E23E929AE23F929BE240923D
:106330009CE241929DE242929EE243929FE244920D
:10634000A0E24592A1E2FB72A2E21773A3E21373EB
:10635000A4E22173A5E20A73A6E21E73A7E21D73ED
:10636000A8E21573A9E22273AAE23973ABE225739E
:10637000ACE22C73ADE23873AEE23173AFE250732E
:10638000B0E24D73B1E25773B2E26073B3E26C7383
:10639000B4E26F73B5E27E73B6E21B82B7E22559B1
:1063A000B8E2E798B9E22459BAE20259BBE263992C
:1063B000BCE26799BDE26899BEE26999BFE26A9959
:1063C000C0E26B99C1E26C99C2E27499C3E2779919
:1063D000C4E27D99C5E28099C6E28499C7E28799B3
:1063E000C8E28A99C9E28D99CAE29099CBE2919963
:1063F000CCE29399CDE29499CEE29599CFE2805E7A
:10640000D0E2915ED1E28B5ED2E2965ED3E2A55EEF
:10641000D4E2A05ED5E2B95ED6E2B55ED7E2BE5E5A
:10642000D8E2B35ED9E2538DDAE2D25EDBE2D15E2E
:10643000DCE2DB5EDDE2E85EDEE2EA5EDFE2BA815C
:10644000E0E2C45FE1E2C95FE2E2D65FE3E2CF5F90
:10645000E4E20360E5E2EE5FE6E20460E7E2E15FCA
:10646000E8E2E45FE9E2FE5FEAE20560EBE2066093
:10647000ECE2EA5FEDE2ED5FEEE2F85FEFE2196079
:10648000F0E23560F1E22660F2E21B60F3E20F60B9
:10649000F4E20D60F5E22960F6E22B60F7E20A60B3
:1064A000F8E23F60F9E22160FAE27860FBE27960AD
:1064B000FCE27B60FDE27A60FEE2426040E34692ED
:1064C00041E3479242E3489243E3499244E34A92CC
:1064D00045E34B9246E34C9247E34D9248E34E929C
:1064E00049E34F924AE350924BE351924CE352926C
:1064F0004DE353924EE354924FE3559250E356923C
:1065000051E3579252E3589253E3599254E35A920B
:1065100055E35B9256E35C9257E35D9258E35E92DB
:1065200059E35F925AE360925BE361925CE36292AB
:106530005DE363925EE364925FE3659260E366927B
:1065400061E3679262E3689263E3699264E36A924B
:1065500065E36B9266E36C9267E36D9268E36E921B
:1065600069E36F926AE370926BE371926CE37292EB
:106570006DE373926EE375926FE3769270E37792B8
:1065800071E3789272E3799273E37A9274E37B9287
:1065900075E37C9276E37D9277E37E9278E37F9257
:1065A00079E380927AE381927BE382927CE3839227
:1065B0007DE384927EE3859280E3869281E38792F5
:1065C00082E3889283E3899284E38A9285E38B92C3
:1065D00086E38C9287E38D9288E38F9289E3909291
:1065E0008AE391928BE392928CE393928DE394925F
:1065F0008EE395928FE3969290E3979291E398922F
:1066000092E3999293E39A9294E39B9295E39C92FE
:1066100096E39D9297E39E9298E39F9299E3A092CE
:106620009AE3A1929BE3A2929CE3A3929DE3A4929E
:106630009EE3A5929FE3A692A0E3A792A1E36A60DE
:10664000A2E37D60A3E39660A4E39A60A5E3AD6056
:10665000A6E39D60A7E38360A8E39260A9E38C6052
:10666000AAE39B60ABE3EC60ACE3BB60ADE3B1607D
:10667000AEE3DD60AFE3D860B0E3C660B1E3DA60FB
:10668000B2E3B460B3E32061B4E32661B5E315611E
:10669000B6E32361B7E3F460B8E30061B9E30E61E8
:1066A000BAE32B61BBE34A61BCE37561BDE3AC6156
:1066B000BEE39461BFE3A761C0E3B761C1E3D46106
:1066C000C2E3F561C3E3DD5FC4E3B396C5E3E995D7
:1066D000C6E3EB95C7E3F195C8E3F395C9E3F595F8
:1066E000CAE3F695CBE3FC95CCE3FE95CDE30396A8
:1066F000CEE30496CFE30696D0E30896D1E30A965C
:10670000D2E30B96D3E30C96D4E30D96D5E30F9624
:10671000D6E31296D7E31596D8E31696D9E31796E3
:10672000DAE31996DBE31A96DCE32C4EDDE33F72E5
:10673000DEE31562DFE3356CE0E3546CE1E35C6CAF
:10674000E2E34A6CE3E3A36CE4E3856CE5E3906C7D
:10675000E6E3946CE7E38C6CE8E3686CE9E3696C6E
:10676000EAE3746CEBE3766CECE3866CEDE3A96C26
:10677000EEE3D06CEFE3D46CF0E3AD6CF1E3F76CD7
:10678000F2E3F86CF3E3F16CF4E3D76CF5E3B26C8D
:10679000F6E3E06CF7E3D66CF8E3FA6CF9E3EB6C44
:1067A000FAE3EE6CFBE3B16CFCE3D36CFDE3EF6C5E
:1067B000FEE3FE6C40E4A89241E4A99242E4AA926E
:1067C00043E4AB9244E4AC9245E4AD9246E4AF922C
:1067D00047E4B09248E4B19249E4B2924AE4B392F9
:1067E0004BE4B4924CE4B5924DE4B6924EE4B792C9
:1067F0004FE4B89250E4B99251E4BA9252E4BB9299
:1068000053E4BC9254E4BD9255E4BE9256E4BF9268
:1068100057E4C09258E4C19259E4C2925AE4C39238
:106820005BE4C4925CE4C5925DE4C6925EE4C79208
:106830005FE4C99260E4CA9261E4CB9262E4CC92D4
:1068400063E4CD9264E4CE9265E4CF9266E4D092A4
:1068500067E4D19268E4D29269E4D3926AE4D49274
:106860006BE4D5926CE4D6926DE4D7926EE4D89244
:106870006FE4D99270E4DA9271E4DB9272E4DC9214
:1068800073E4DD9274E4DE9275E4DF9276E4E092E4
:1068900077E4E19278E4E29279E4E3927AE4E492B4
:1068A0007BE4E5927CE4E6927DE4E7927EE4E89284
:1068B00080E4E99281E4EA9282E4EB9283E4EC9250
:1068C00084E4ED9285E4EE9286E4EF9287E4F09220
:1068D00088E4F19289E4F2928AE4F3928BE4F492F0
:1068E0008CE4F5928DE4F6928EE4F7928FE4F892C0
:1068F00090E4F99291E4FA9292E4FB9293E4FC9290
:1069000094E4FD9295E4FE9296E4FF9297E400935E
:1069100098E4019399E402939AE403939BE404932B
:106920009CE405939DE406939EE407939FE40893FB
:10693000A0E40993A1E4396DA2E4276DA3E40C6DF2
:10694000A4E4436DA5E4486DA6E4076DA7E4046DD7
:10695000A8E4196DA9E40E6DAAE42B6DABE44D6DAE
:10696000ACE42E6DADE4356DAEE41A6DAFE44F6D61
:10697000B0E4526DB1E4546DB2E4336DB3E4916DA3
:10698000B4E46F6DB5E49E6DB6E4A06DB7E45E6DE2
:10699000B8E4936DB9E4946DBAE45C6DBBE4606DEA
:1069A000BCE47C6DBDE4636DBEE41A6EBFE4C76DEC
:1069B000C0E4C56DC1E4DE6DC2E40E6EC3E4BF6D1C
:1069C000C4E4E06DC5E4116EC6E4E66DC7E4DD6DB8
:1069D000C8E4D96DC9E4166ECAE4AB6DCBE40C6EA5
:1069E000CCE4AE6DCDE42B6ECEE46E6ECFE44E6E95
:1069F000D0E46B6ED1E4B26ED2E45F6ED3E4866E07
:106A0000D4E4536ED5E4546ED6E4326ED7E4256EEA
:106A1000D8E4446ED9E4DF6EDAE4B16EDBE4986E5C
:106A2000DCE4E06EDDE42D6FDEE4E26EDFE4A56E13
:106A3000E0E4A76EE1E4BD6EE2E4BB6EE3E4B76EB2
:106A4000E4E4D76EE5E4B46EE6E4CF6EE7E48F6E7F
:106A5000E8E4C26EE9E49F6EEAE4626FEBE4466F3D
:106A6000ECE4476FEDE4246FEEE4156FEFE4F96EAC
:106A7000F0E42F6FF1E4366FF2E44B6FF3E4746FE0
:106A8000F4E42A6FF5E4096FF6E4296FF7E4896FFF
:106A9000F8E48D6FF9E48C6FFAE4786FFBE4726FC1
:106AA000FCE47C6FFDE47A6FFEE4D16F40E50A936D
:106AB00041E50B9342E50C9343E50D9344E50E93BA
:106AC00045E50F9346E5109347E5119348E512938A
:106AD00049E513934AE514934BE515934CE516935A
:106AE0004DE517934EE518934FE5199350E51A932A
:106AF00051E51B9352E51C9353E51D9354E51E93FA
:106B000055E51F9356E5209357E5219358E52293C9
:106B100059E523935AE524935BE525935CE5269399
:106B20005DE527935EE528935FE5299360E52A9369
:106B300061E52B9362E52C9363E52D9364E52E9339
:106B400065E52F9366E5309367E5319368E5329309
:106B500069E533936AE534936BE535936CE53693D9
:106B60006DE537936EE538936FE5399370E53A93A9
:106B700071E53B9372E53C9373E53D9374E53F9378
:106B800075E5409376E5419377E5429378E5439345
:106B900079E544937AE545937BE546937CE5479315
:106BA0007DE548937EE5499380E54A9381E54B93E3
:106BB00082E54C9383E54D9384E54E9385E54F93B1
:106BC00086E5509387E5519388E5529389E5539381
:106BD0008AE554938BE555938CE556938DE5579351
:106BE0008EE558938FE5599390E55A9391E55B9321
:106BF00092E55C9393E55D9394E55E9395E55F93F1
:106C000096E5609397E5619398E5629399E56393C0
:106C10009AE564939BE565939CE566939DE5679390
:106C20009EE568939FE56993A0E56B93A1E5C96F25
:106C3000A2E5A76FA3E5B96FA4E5B66FA5E5C26F9E
:106C4000A6E5E16FA7E5EE6FA8E5DE6FA9E5E06FC9
:106C5000AAE5EF6FABE51A70ACE52370ADE51B70EC
:106C6000AEE53970AFE53570B0E54F70B1E55E70F7
:106C7000B2E5805BB3E5845BB4E5955BB5E5935B1A
:106C8000B6E5A55BB7E5B85BB8E52F75B9E59E9AA3
:106C9000BAE53464BBE5E45BBCE5EE5BBDE5308999
:106CA000BEE5F05BBFE5478EC0E5078BC1E5B68F5B
:106CB000C2E5D38FC3E5D58FC4E5E58FC5E5EE8F7B
:106CC000C6E5E48FC7E5E98FC8E5E68FC9E5F38F30
:106CD000CAE5E88FCBE50590CCE50490CDE50B90B7
:106CE000CEE52690CFE51190D0E50D90D1E5169038
:106CF000D2E52190D3E53590D4E53690D5E52D90B9
:106D0000D6E52F90D7E54490D8E55190D9E552903B
:106D1000DAE55090DBE56890DCE55890DDE56290BF
:106D2000DEE55B90DFE5B966E0E57490E1E57D9036
:106D3000E2E58290E3E58890E4E58390E5E58B90D9
:106D4000E6E5505FE7E5575FE8E5565FE9E5585F40
:106D5000EAE53B5CEBE5AB54ECE5505CEDE5595CFA
:106D6000EEE5715BEFE5635CF0E5665CF1E5BC7F49
:106D7000F2E52A5FF3E5295FF4E52D5FF5E574821E
:106D8000F6E53C5FF7E53B9BF8E56E5CF9E581597C
:106D9000FAE58359FBE58D59FCE5A959FDE5AA59AA
:106DA000FEE5A35940E66C9341E66D9342E66E938F
:106DB00043E66F9344E6709345E6719346E672931B
:106DC00047E6739348E6749349E675934AE67693EB
:106DD0004BE677934CE678934DE679934EE67A93BB
:106DE0004FE67B9350E67C9351E67D9352E67E938B
:106DF00053E67F9354E6809355E6819356E682935B
:106E000057E6839358E6849359E685935AE686932A
:106E10005BE687935CE688935DE689935EE68A93FA
:106E20005FE68B9360E68C9361E68D9362E68E93CA
:106E300063E6909364E6919365E6929366E6939396
:106E400067E6949368E6959369E696936AE6979366
:106E50006BE698936CE699936DE69A936EE69B9336
:106E60006FE69C9370E69D9371E69E9372E69F9306
:106E700073E6A09374E6A19375E6A29376E6A393D6
:106E800077E6A49378E6A59379E6A6937AE6A793A6
:106E90007BE6A8937CE6A9937DE6AA937EE6AB9376
:106EA00080E6AC9381E6AD9382E6AE9383E6AF9342
:106EB00084E6B09385E6B19386E6B29387E6B39312
:106EC00088E6B49389E6B5938AE6B6938BE6B793E2
:106ED0008CE6B8938DE6B9938EE6BA938FE6BB93B2
:106EE00090E6BC9391E6BD9392E6BE9393E6BF9382
:106EF00094E6C09395E6C19396E6C29397E6C39352
:106F000098E6C49399E6C5939AE6C6939BE6C79321
:106F10009CE6C8939DE6C9939EE6CB939FE6CC93EF
:106F2000A0E6CD93A1E69759A2E6CA59A3E6AB59CC
:106F3000A4E69E59A5E6A459A6E6D259A7E6B259F9
:106F4000A8E6AF59A9E6D759AAE6BE59ABE6055A55
:106F5000ACE6065AADE6DD59AEE6085AAFE6E359AF
:106F6000B0E6D859B1E6F959B2E60C5AB3E6095A77
:106F7000B4E6325AB5E6345AB6E6115AB7E6235AA1
:106F8000B8E6135AB9E6405ABAE6675ABBE64A5A17
:106F9000BCE6555ABDE63C5ABEE6625ABFE6755A93
:106FA000C0E6EC80C1E6AA5AC2E69B5AC3E6775A0D
:106FB000C4E67A5AC5E6BE5AC6E6EB5AC7E6B25AE6
:106FC000C8E6D25AC9E6D45ACAE6B85ACBE6E05A5D
:106FD000CCE6E35ACDE6F15ACEE6D65ACFE6E65AEB
:106FE000D0E6D85AD1E6DC5AD2E6095BD3E6175B85
:106FF000D4E6165BD5E6325BD6E6375BD7E6405B78
:10700000D8E6155CD9E61C5CDAE65A5BDBE6655B24
:10701000DCE6735BDDE6515BDEE6535BDFE6625B7D
:10702000E0E6759AE1E6779AE2E6789AE3E67A9AFC
:10703000E4E67F9AE5E67D9AE6E6809AE7E6819ABD
:10704000E8E6859AE9E6889AEAE68A9AEBE6909A73
:10705000ECE6929AEDE6939AEEE6969AEFE6989A27
:10706000F0E69B9AF1E69C9AF2E69D9AF3E69F9AE7
:10707000F4E6A09AF5E6A29AF6E6A39AF7E6A59AB0
:10708000F8E6A79AF9E69F7EFAE6A17EFBE6A37EE4
:10709000FCE6A57EFDE6A87EFEE6A97E40E7CE934F
:1070A00041E7CF9342E7D09343E7D19344E7D293AC
:1070B00045E7D39346E7D49347E7D59348E7D7937B
:1070C00049E7D8934AE7D9934BE7DA934CE7DB9348
:1070D0004DE7DC934EE7DD934FE7DE9350E7DF9318
:1070E00051E7E09352E7E19353E7E29354E7E393E8
:1070F00055E7E49356E7E59357E7E69358E7E793B8
:1071000059E7E8935AE7E9935BE7EA935CE7EB9387
:107110005DE7EC935EE7ED935FE7EE9360E7EF9357
:1071200061E7F09362E7F19363E7F29364E7F39327
:1071300065E7F49366E7F59367E7F69368E7F793F7
:1071400069E7F8936AE7F9936BE7FA936CE7FB93C7
:107150006DE7FC936EE7FD936FE7FE9370E7FF9397
:1071600071E7009472E7019473E7029474E7039463
:1071700075E7049476E7059477E7069478E7079433
:1071800079E708947AE709947BE70A947CE70B9403
:107190007DE70C947EE70D9480E70E9481E70F94D1
:1071A00082E7109483E7119484E7129485E713949F
:1071B00086E7149487E7159488E7169489E717946F
:1071C0008AE718948BE719948CE71A948DE71B943F
:1071D0008EE71C948FE71D9490E71E9491E71F940F
:1071E00092E7209493E7219494E7229495E72394DF
:1071F00096E7249497E7259498E7269499E72794AF
:107200009AE728949BE729949CE72A949DE72B947E
:107210009EE72C949FE72D94A0E72E94A1E7AD7EE6
:10722000A2E7B07EA3E7BE7EA4E7C07EA5E7C17E4D
:10723000A6E7C27EA7E7C97EA8E7CB7EA9E7CC7EFA
:10724000AAE7D07EABE7D47EACE7D77EADE7DB7EA6
:10725000AEE7E07EAFE7E17EB0E7E87EB1E7EB7E48
:10726000B2E7EE7EB3E7EF7EB4E7F17EB5E7F27EFC
:10727000B6E70D7FB7E7F67EB8E7FA7EB9E7FB7EA3
:10728000BAE7FE7EBBE7017FBCE7027FBDE7037F75
:10729000BEE7077FBFE7087FC0E70B7FC1E70C7F32
:1072A000C2E70F7FC3E7117FC4E7127FC5E7177FEF
:1072B000C6E7197FC7E71C7FC8E71B7FC9E71F7FA9
:1072C000CAE7217FCBE7227FCCE7237FCDE7247F6E
:1072D000CEE7257FCFE7267FD0E7277FD1E72A7F3C
:1072E000D2E72B7FD3E72C7FD4E72D7FD5E72F7F05
:1072F000D6E7307FD7E7317FD8E7327FD9E7337FD2
:10730000DAE7357FDBE77A5EDCE77F75DDE7DB5DBB
:10731000DEE73E75DFE79590E0E78E73E1E7917376
:10732000E2E7AE73E3E7A273E4E79F73E5E7CF73A9
:10733000E6E7C273E7E7D173E8E7B773E9E7B3734A
:10734000EAE7C073EBE7C973ECE7C873EDE7E573F1
:10735000EEE7D973EFE77C98F0E70A74F1E7E97399
:10736000F2E7E773F3E7DE73F4E7BA73F5E7F27376
:10737000F6E70F74F7E72A74F8E75B74F9E7267409
:10738000FAE72574FBE72874FCE73074FDE72E74F8
:10739000FEE72C7440E82F9441E8309442E83194A1
:1073A00043E8329444E8339445E8349446E835940D
:1073B00047E8369448E8379449E838944AE83994DD
:1073C0004BE83A944CE83B944DE83C944EE83D94AD
:1073D0004FE83F9450E8409451E8419452E8429479
:1073E00053E8439454E8449455E8459456E8469449
:1073F00057E8479458E8489459E849945AE84A9419
:107400005BE84B945CE84C945DE84D945EE84E94E8
:107410005FE84F9460E8509461E8519462E85294B8
:1074200063E8539464E8549465E8559466E8569488
:1074300067E8579468E8589469E859946AE85A9458
:107440006BE85B946CE85C946DE85D946EE85E9428
:107450006FE85F9470E8609471E8619472E86294F8
:1074600073E8639474E8649475E8659476E86694C8
:1074700077E8679478E8689479E869947AE86A9498
:107480007BE86C947CE86D947DE86E947EE86F9464
:1074900080E8709481E8719482E8729483E8739430
:1074A00084E8749485E8759486E8769487E8779400
:1074B00088E8789489E879948AE87A948BE87B94D0
:1074C0008CE87C948DE87D948EE87E948FE87F94A0
:1074D00090E8809491E8819492E8829493E8839470
:1074E00094E8849495E8919496E8969497E8989413
:1074F00098E8C79499E8CF949AE8D3949BE8D494F9
:107500009CE8DA949DE8E6949EE8FB949FE81C953D
:10751000A0E82095A1E81B74A2E81A74A3E84174BE
:10752000A4E85C74A5E85774A6E85574A7E85974F4
:10753000A8E87774A9E86D74AAE87E74ABE89C7437
:10754000ACE88E74ADE88074AEE88174AFE88774FF
:10755000B0E88B74B1E89E74B2E8A874B3E8A9747B
:10756000B4E89074B5E8A774B6E8D274B7E8BA7412
:10757000B8E8EA97B9E8EB97BAE8EC97BBE84C674C
:10758000BCE85367BDE85E67BEE84867BFE8696767
:10759000C0E8A567C1E88767C2E86A67C3E87367A0
:1075A000C4E89867C5E8A767C6E87567C7E8A8672D
:1075B000C8E89E67C9E8AD67CAE88B67CBE877671C
:1075C000CCE87C67CDE8F067CEE80968CFE8D867FB
:1075D000D0E80A68D1E8E967D2E8B067D3E80C6878
:1075E000D4E8D967D5E8B567D6E8DA67D7E8B367EE
:1075F000D8E8DD67D9E80068DAE8C367DBE8B86790
:10760000DCE8E267DDE80E68DEE8C167DFE8FD6719
:10761000E0E83268E1E83368E2E86068E3E861687E
:10762000E4E84E68E5E86268E6E84468E7E864682C
:10763000E8E88368E9E81D68EAE85568EBE8666809
:10764000ECE84168EDE86768EEE84068EFE83E681E
:10765000F0E84A68F1E84968F2E82968F3E8B568B3
:10766000F4E88F68F5E87468F6E87768F7E89368F7
:10767000F8E86B68F9E8C268FAE86E69FBE8FC684C
:10768000FCE81F69FDE82069FEE8F96840E92795F4
:1076900041E9339542E93D9543E9439544E94895ED
:1076A00045E94B9546E9559547E95A9548E960956E
:1076B00049E96E954AE974954BE975954CE97795DA
:1076C0004DE978954EE979954FE97A9550E97B95A2
:1076D00051E97C9552E97D9553E97E9554E9809571
:1076E00055E9819556E9829557E9839558E984953E
:1076F00059E985955AE986955BE987955CE988950E
:107700005DE989955EE98A955FE98B9560E98C95DD
:1077100061E98D9562E98E9563E98F9564E99095AD
:1077200065E9919566E9929567E9939568E994957D
:1077300069E995956AE996956BE997956CE998954D
:107740006DE999956EE99A956FE99B9570E99C951D
:1077500071E99D9572E99E9573E99F9574E9A095ED
:1077600075E9A19576E9A29577E9A39578E9A495BD
:1077700079E9A5957AE9A6957BE9A7957CE9A8958D
:107780007DE9A9957EE9AA9580E9AB9581E9AC955B
:1077900082E9AD9583E9AE9584E9AF9585E9B09529
:1077A00086E9B19587E9B29588E9B39589E9B495F9
:1077B0008AE9B5958BE9B6958CE9B7958DE9B895C9
:1077C0008EE9B9958FE9BA9590E9BB9591E9BC9599
:1077D00092E9BD9593E9BE9594E9BF9595E9C09569
:1077E00096E9C19597E9C29598E9C39599E9C49539
:1077F0009AE9C5959BE9C6959CE9C7959DE9C89509
:107800009EE9C9959FE9CA95A0E9CB95A1E92469AC
:10781000A2E9F068A3E90B69A4E90169A5E9576940
:10782000A6E9E368A7E91069A8E97169A9E93969D6
:10783000AAE96069ABE94269ACE95D69ADE98469CF
:10784000AEE96B69AFE98069B0E99869B1E9786937
:10785000B2E93469B3E9CC69B4E98769B5E9886903
:10786000B6E9CE69B7E98969B8E96669B9E96369D2
:10787000BAE97969BBE99B69BCE9A769BDE9BB695C
:10788000BEE9AB69BFE9AD69C0E9D469C1E9B169D5
:10789000C2E9C169C3E9CA69C4E9DF69C5E9956993
:1078A000C6E9E069C7E98D69C8E9FF69C9E92F6AD6
:1078B000CAE9ED69CBE9176ACCE9186ACDE9656ACE
:1078C000CEE9F269CFE9446AD0E93E6AD1E9A06A1B
:1078D000D2E9506AD3E95B6AD4E9356AD5E98E6AA0
:1078E000D6E9796AD7E93D6AD8E9286AD9E9586AB8
:1078F000DAE97C6ADBE9916ADCE9906ADDE9A96A88
:10790000DEE9976ADFE9AB6AE0E93773E1E95273D0
:10791000E2E9816BE3E9826BE4E9876BE5E9846B7B
:10792000E6E9926BE7E9936BE8E98D6BE9E99A6B1D
:10793000EAE99B6BEBE9A16BECE9AA6BEDE96B8FD4
:10794000EEE96D8FEFE9718FF0E9728FF1E9738FD6
:10795000F2E9758FF3E9768FF4E9788FF5E9778F9F
:10796000F6E9798FF7E97A8FF8E97C8FF9E97E8F6C
:10797000FAE9818FFBE9828FFCE9848FFDE9878F2B
:10798000FEE98B8F40EACC9541EACD9542EACE954F
:1079900043EACF9544EAD09545EAD19546EAD29597
:1079A00047EAD39548EAD49549EAD5954AEAD69567
:1079B0004BEAD7954CEAD8954DEAD9954EEADA9537
:1079C0004FEADB9550EADC9551EADD9552EADE9507
:1079D00053EADF9554EAE09555EAE19556EAE295D7
:1079E00057EAE39558EAE49559EAE5955AEAE695A7
:1079F0005BEAE7955CEAEC955DEAFF955EEA07963F
:107A00005FEA139660EA189661EA1B9662EA1E9690
:107A100063EA209664EA239665EA249666EA259648
:107A200067EA269668EA279669EA28966AEA299616
:107A30006BEA2B966CEA2C966DEA2D966EEA2F96E1
:107A40006FEA309670EA379671EA389672EA39969C
:107A500073EA3A9674EA3E9675EA419676EA439658
:107A600077EA4A9678EA4E9679EA4F967AEA5196FC
:107A70007BEA52967CEA53967DEA56967EEA5796C2
:107A800080EA589681EA599682EA5A9683EA5C9689
:107A900084EA5D9685EA5E9686EA609687EA639652
:107AA00088EA659689EA66968AEA6B968BEA6D960D
:107AB0008CEA6E968DEA6F968EEA70968FEA7196D2
:107AC00090EA739691EA789692EA799693EA7A9692
:107AD00094EA7B9695EA7C9696EA7D9697EA7E965E
:107AE00098EA7F9699EA80969AEA81969BEA82962E
:107AF0009CEA83969DEA84969EEA87969FEA8996F9
:107B0000A0EA8A96A1EA8D8FA2EA8E8FA3EA8F8FD0
:107B1000A4EA988FA5EA9A8FA6EACE8EA7EA0B620E
:107B2000A8EA1762A9EA1B62AAEA1F62ABEA22620C
:107B3000ACEA2162ADEA2562AEEA2462AFEA2C62C9
:107B4000B0EAE781B1EAEF74B2EAF474B3EAFF7421
:107B5000B4EA0F75B5EA1175B6EA1375B7EA34657C
:107B6000B8EAEE65B9EAEF65BAEAF065BBEA0A661B
:107B7000BCEA1966BDEA7267BEEA0366BFEA15662B
:107B8000C0EA0066C1EA8570C2EAF766C3EA1D660C
:107B9000C4EA3466C5EA3166C6EA3666C7EA3566BF
:107BA000C8EA0680C9EA5F66CAEA5466CBEA41665B
:107BB000CCEA4F66CDEA5666CEEA6166CFEA5766F2
:107BC000D0EA7766D1EA8466D2EA8C66D3EAA76601
:107BD000D4EA9D66D5EABE66D6EADB66D7EADC66FD
:107BE000D8EAE666D9EAE966DAEA328DDBEA338D6D
:107BF000DCEA368DDDEA3B8DDEEA3D8DDFEA408D45
:107C0000E0EA458DE1EA468DE2EA488DE3EA498DF6
:107C1000E4EA478DE5EA4D8DE6EA558DE7EA598DB0
:107C2000E8EAC789E9EACA89EAEACB89EBEACC89BA
:107C3000ECEACE89EDEACF89EEEAD089EFEAD18984
:107C4000F0EA6E72F1EA9F72F2EA5D72F3EA66722E
:107C5000F4EA6F72F5EA7E72F6EA7F72F7EA8472EE
:107C6000F8EA8B72F9EA8D72FAEA8F72FBEA927285
:107C7000FCEA0863FDEA3263FEEAB06340EB8C96EF
:107C800041EB8E9642EB919643EB929644EB9396A2
:107C900045EB959646EB969647EB9A9648EB9B9666
:107CA00049EB9D964AEB9E964BEB9F964CEBA0962C
:107CB0004DEBA1964EEBA2964FEBA39650EBA496FC
:107CC00051EBA59652EBA69653EBA89654EBA996CA
:107CD00055EBAA9656EBAB9657EBAC9658EBAD9698
:107CE00059EBAE965AEBAF965BEBB1965CEBB29666
:107CF0005DEBB4965EEBB5965FEBB79660EBB8962E
:107D000061EBBA9662EBBB9663EBBF9664EBC296EF
:107D100065EBC39666EBC89667EBCA9668EBCB96A5
:107D200069EBD0966AEBD1966BEBD3966CEBD4965D
:107D30006DEBD6966EEBD7966FEBD89670EBD99627
:107D400071EBDA9672EBDB9673EBDC9674EBDD96F7
:107D500075EBDE9676EBDF9677EBE19678EBE296C5
:107D600079EBE3967AEBE4967BEBE5967CEBE69693
:107D70007DEBE7967EEBEB9680EBEC9681EBED9658
:107D800082EBEE9683EBF09684EBF19685EBF29620
:107D900086EBF49687EBF59688EBF89689EBFA96E6
:107DA0008AEBFB968BEBFC968CEBFD968DEBFF96AE
:107DB0008EEB02978FEB039790EB059791EB0A9769
:107DC00092EB0B9793EB0C9794EB109795EB119725
:107DD00096EB129797EB149798EB159799EB1797EB
:107DE0009AEB18979BEB19979CEB1A979DEB1B97B7
:107DF0009EEB1D979FEB1F97A0EB2097A1EB3F6495
:107E0000A2EBD864A3EB0480A4EBEA6BA5EBF36BC5
:107E1000A6EBFD6BA7EBF56BA8EBF96BA9EB056C7B
:107E2000AAEB076CABEB066CACEB0D6CADEB156C19
:107E3000AEEB186CAFEB196CB0EB1A6CB1EB216CBC
:107E4000B2EB296CB3EB246CB4EB2A6CB5EB326C5F
:107E5000B6EB3565B7EB5565B8EB6B65B9EB4D72B5
:107E6000BAEB5272BBEB5672BCEB3072BDEB628662
:107E7000BEEB1652BFEB9F80C0EB9C80C1EB9380A2
:107E8000C2EBBC80C3EB0A67C4EBBD80C5EBB1801D
:107E9000C6EBAB80C7EBAD80C8EBB480C9EBB78055
:107EA000CAEBE780CBEBE880CCEBE980CDEBEA8056
:107EB000CEEBDB80CFEBC280D0EBC480D1EBD9809E
:107EC000D2EBCD80D3EBD780D4EB1067D5EBDD8040
:107ED000D6EBEB80D7EBF180D8EBF480D9EBED80DB
:107EE000DAEB0D81DBEB0E81DCEBF280DDEBFC806D
:107EF000DEEB1567DFEB1281E0EB5A8CE1EB3681AC
:107F0000E2EB1E81E3EB2C81E4EB1881E5EB32819F
:107F1000E6EB4881E7EB4C81E8EB5381E9EB7481B8
:107F2000EAEB5981EBEB5A81ECEB7181EDEB60816F
:107F3000EEEB6981EFEB7C81F0EB7D81F1EB6D8104
:107F4000F2EB6781F3EB4D58F4EBB55AF5EB888112
:107F5000F6EB8281F7EB9181F8EBD56EF9EBA3811B
:107F6000FAEBAA81FBEBCC81FCEB2667FDEBCA8127
:107F7000FEEBBB8140EC219741EC229742EC23972A
:107F800043EC249744EC259745EC269746EC27973D
:107F900047EC289748EC299749EC2B974AEC2C970B
:107FA0004BEC2E974CEC2F974DEC31974EEC3397D2
:107FB0004FEC349750EC359751EC369752EC37979D
:107FC00053EC3A9754EC3B9755EC3C9756EC3D9765
:107FD00057EC3F9758EC409759EC41975AEC429731
:107FE0005BEC43975CEC44975DEC45975EEC469701
:107FF0005FEC479760EC489761EC499762EC4A97D1
:1080000063EC4B9764EC4C9765EC4D9766EC4E97A0
:1080100067EC4F9768EC509769EC51976AEC54976E
:108020006BEC55976CEC57976DEC58976EEC5A9734
:108030006FEC5C9770EC5D9771EC5F9772EC6397F7
:1080400073EC649774EC669775EC679776EC6897B9
:1080500077EC6A9778EC6B9779EC6C977AEC6D9784
:108060007BEC6E977CEC6F977DEC70977EEC719754
:1080700080EC729781EC759782EC779783EC789718
:1080800084EC799785EC7A9786EC7B9787EC7D97E3
:1080900088EC7E9789EC7F978AEC80978BEC8197B0
:1080A0008CEC82978DEC83978EEC84978FEC86977F
:1080B00090EC879791EC889792EC899793EC8A974C
:1080C00094EC8C9795EC8E9796EC8F9797EC909715
:1080D00098EC939799EC95979AEC96979BEC9797D9
:1080E0009CEC99979DEC9A979EEC9B979FEC9C97A4
:1080F000A0EC9D97A1ECC181A2ECA681A3EC246B1E
:10810000A4EC376BA5EC396BA6EC436BA7EC466B84
:10811000A8EC596BA9ECD198AAECD298ABECD39807
:10812000ACECD598ADECD998AEECDA98AFECB36B7B
:10813000B0EC405FB1ECC26BB2ECF389B3EC90658C
:10814000B4EC519FB5EC9365B6ECBC65B7ECC66575
:10815000B8ECC465B9ECC365BAECCC65BBECCE65D4
:10816000BCECD265BDECD665BEEC8070BFEC9C70FB
:10817000C0EC9670C1EC9D70C2ECBB70C3ECC070DB
:10818000C4ECB770C5ECAB70C6ECB170C7ECE8706E
:10819000C8ECCA70C9EC1071CAEC1371CBEC167143
:1081A000CCEC2F71CDEC3171CEEC7371CFEC5C71F6
:1081B000D0EC6871D1EC4571D2EC7271D3EC4A719C
:1081C000D4EC7871D5EC7A71D6EC9871D7ECB371A8
:1081D000D8ECB571D9ECA871DAECA071DBECE071E8
:1081E000DCECD471DDECE771DEECF971DFEC1D72D3
:1081F000E0EC2872E1EC6C70E2EC1871E3EC667173
:10820000E4ECB971E5EC3E62E6EC3D62E7EC43621A
:10821000E8EC4862E9EC4962EAEC3B79EBEC407946
:10822000ECEC4679EDEC4979EEEC5B79EFEC5C79BE
:10823000F0EC5379F1EC5A79F2EC6279F3EC57797E
:10824000F4EC6079F5EC6F79F6EC6779F7EC7A7914
:10825000F8EC8579F9EC8A79FAEC9A79FBECA77954
:10826000FCECB379FDECD15FFEECD05F40ED9E9766
:1082700041ED9F9742EDA19743EDA29744EDA4975E
:1082800045EDA59746EDA69747EDA79748EDA8972A
:1082900049EDA9974AEDAA974BEDAC974CEDAE97F7
:1082A0004DEDB0974EEDB1974FEDB39750EDB597BB
:1082B00051EDB69752EDB79753EDB89754EDB99786
:1082C00055EDBA9756EDBB9757EDBC9758EDBD9756
:1082D00059EDBE975AEDBF975BEDC0975CEDC19726
:1082E0005DEDC2975EEDC3975FEDC49760EDC597F6
:1082F00061EDC69762EDC79763EDC89764EDC997C6
:1083000065EDCA9766EDCB9767EDCC9768EDCD9795
:1083100069EDCE976AEDCF976BEDD0976CEDD19765
:108320006DEDD2976EEDD3976FEDD49770EDD59735
:1083300071EDD69772EDD79773EDD89774EDD99705
:1083400075EDDA9776EDDB9777EDDC9778EDDD97D5
:1083500079EDDE977AEDDF977BEDE0977CEDE197A5
:108360007DEDE2977EEDE39780EDE49781EDE59773
:1083700082EDE89783EDEE9784EDEF9785EDF0972A
:1083800086EDF19787EDF29788EDF49789EDF797F1
:108390008AEDF8978BEDF9978CEDFA978DEDFB97B9
:1083A0008EEDFC978FEDFD9790EDFE9791EDFF9789
:1083B00092ED009893ED019894ED029895ED039855
:1083C00096ED049897ED059898ED069899ED079825
:1083D0009AED08989BED09989CED0A989DED0B98F5
:1083E0009EED0C989FED0D98A0ED0E98A1ED3C60D0
:1083F000A2ED5D60A3ED5A60A4ED6760A5ED41605C
:10840000A6ED5960A7ED6360A8EDAB60A9ED06612C
:10841000AAED0D61ABED5D61ACEDA961ADED9D61C6
:10842000AEEDCB61AFEDD161B0ED0662B1ED808014
:10843000B2ED7F80B3ED936CB4EDF66CB5EDFC6DF1
:10844000B6EDF677B7EDF877B8ED0078B9ED0978C5
:10845000BAED1778BBED1878BCED1178BDEDAB65C2
:10846000BEED2D78BFED1C78C0ED1D78C1ED3978DB
:10847000C2ED3A78C3ED3B78C4ED1F78C5ED3C788A
:10848000C6ED2578C7ED2C78C8ED2378C9ED29789D
:10849000CAED4E78CBED6D78CCED5678CDED5778B2
:1084A000CEED2678CFED5078D0ED4778D1ED4C78F1
:1084B000D2ED6A78D3ED9B78D4ED9378D5ED9A78A8
:1084C000D6ED8778D7ED9C78D8EDA178D9EDA37853
:1084D000DAEDB278DBEDB978DCEDA578DDEDD478B6
:1084E000DEEDD978DFEDC978E0EDEC78E1EDF278FA
:1084F000E2ED0579E3EDF478E4ED1379E5ED247927
:10850000E6ED1E79E7ED3479E8ED9B9FE9EDF99E04
:10851000EAEDFB9EEBEDFC9EECEDF176EDED0477E4
:10852000EEED0D77EFEDF976F0ED0777F1ED0877E9
:10853000F2ED1A77F3ED2277F4ED1977F5ED2D775B
:10854000F6ED2677F7ED3577F8ED3877F9ED5077DA
:10855000FAED5177FBED4777FCED4377FDED5A7768
:10856000FEED687740EE0F9841EE109842EE1198BC
:1085700043EE129844EE139845EE149846EE159883
:1085800047EE169848EE179849EE18984AEE199853
:108590004BEE1A984CEE1B984DEE1C984EEE1D9823
:1085A0004FEE1E9850EE1F9851EE209852EE2198F3
:1085B00053EE229854EE239855EE249856EE2598C3
:1085C00057EE269858EE279859EE28985AEE299893
:1085D0005BEE2A985CEE2B985DEE2C985EEE2D9863
:1085E0005FEE2E9860EE2F9861EE309862EE319833
:1085F00063EE329864EE339865EE349866EE359803
:1086000067EE369868EE379869EE38986AEE3998D2
:108610006BEE3A986CEE3B986DEE3C986EEE3D98A2
:108620006FEE3E9870EE3F9871EE409872EE419872
:1086300073EE429874EE439875EE449876EE459842
:1086400077EE469878EE479879EE48987AEE499812
:108650007BEE4A987CEE4B987DEE4C987EEE4D98E2
:1086600080EE4E9881EE4F9882EE509883EE5198AE
:1086700084EE529885EE539886EE549887EE55987E
:1086800088EE569889EE57988AEE58988BEE59984E
:108690008CEE5A988DEE5B988EEE5C988FEE5D981E
:1086A00090EE5E9891EE5F9892EE609893EE6198EE
:1086B00094EE629895EE639896EE649897EE6598BE
:1086C00098EE669899EE67989AEE68989BEE69988E
:1086D0009CEE6A989DEE6B989EEE6C989FEE6D985E
:1086E000A0EE6E98A1EE6277A2EE6577A3EE7F779B
:1086F000A4EE8D77A5EE7D77A6EE8077A7EE8C773A
:10870000A8EE9177A9EE9F77AAEEA077ABEEB077AF
:10871000ACEEB577ADEEBD77AEEE3A75AFEE407527
:10872000B0EE4E75B1EE4B75B2EE4875B3EE5B75BB
:10873000B4EE7275B5EE7975B6EE8375B7EE587F07
:10874000B8EE617FB9EE5F7FBAEE488ABBEE687F14
:10875000BCEE747FBDEE717FBEEE797FBFEE817F90
:10876000C0EE7E7FC1EECD76C2EEE576C3EE3288F6
:10877000C4EE8594C5EE8694C6EE8794C7EE8B94BE
:10878000C8EE8A94C9EE8C94CAEE8D94CBEE8F9489
:10879000CCEE9094CDEE9494CEEE9794CFEE95944B
:1087A000D0EE9A94D1EE9B94D2EE9C94D3EEA39407
:1087B000D4EEA494D5EEAB94D6EEAA94D7EEAD94B5
:1087C000D8EEAC94D9EEAF94DAEEB094DBEEB2947E
:1087D000DCEEB494DDEEB694DEEEB794DFEEB89442
:1087E000E0EEB994E1EEBA94E2EEBC94E3EEBD940F
:1087F000E4EEBF94E5EEC494E6EEC894E7EEC994C7
:10880000E8EECA94E9EECB94EAEECC94EBEECD948C
:10881000ECEECE94EDEED094EEEED194EFEED29459
:10882000F0EED594F1EED694F2EED794F3EED9941F
:10883000F4EED894F5EEDB94F6EEDE94F7EEDF94EA
:10884000F8EEE094F9EEE294FAEEE494FBEEE594AF
:10885000FCEEE794FDEEE894FEEEEA9440EF6F98AC
:1088600041EF709842EF719843EF729844EF73981C
:1088700045EF749846EF8B9847EF8E9848EF9298A3
:1088800049EF95984AEF99984BEFA3984CEFA89829
:108890004DEFA9984EEFAA984FEFAB9850EFAC98D8
:1088A00051EFAD9852EFAE9853EFAF9854EFB098A8
:1088B00055EFB19856EFB29857EFB39858EFB49878
:1088C00059EFB5985AEFB6985BEFB7985CEFB89848
:1088D0005DEFB9985EEFBA985FEFBB9860EFBC9818
:1088E00061EFBD9862EFBE9863EFBF9864EFC098E8
:1088F00065EFC19866EFC29867EFC39868EFC498B8
:1089000069EFC5986AEFC6986BEFC7986CEFC89887
:108910006DEFC9986EEFCA986FEFCB9870EFCC9857
:1089200071EFCD9872EFCF9873EFD09874EFD49821
:1089300075EFD69876EFD79877EFDB9878EFDC98DD
:1089400079EFDD987AEFE0987BEFE1987CEFE298A1
:108950007DEFE3987EEFE49880EFE59881EFE6986D
:1089600082EFE99883EFEA9884EFEB9885EFEC9833
:1089700086EFED9887EFEE9888EFEF9889EFF09803
:108980008AEFF1988BEFF2988CEFF3988DEFF498D3
:108990008EEFF5988FEFF69890EFF79891EFF898A3
:1089A00092EFF99893EFFA9894EFFB9895EFFC9873
:1089B00096EFFD9897EFFE9898EFFF9899EF009942
:1089C0009AEF01999BEF02999CEF03999DEF04990F
:1089D0009EEF05999FEF0699A0EF0799A1EFE99403
:1089E000A2EFEB94A3EFEE94A4EFEF94A5EFF39432
:1089F000A6EFF494A7EFF594A8EFF794A9EFF994F4
:108A0000AAEFFC94ABEFFD94ACEFFF94ADEF0395B0
:108A1000AEEF0295AFEF0695B0EF0795B1EF099570
:108A2000B2EF0A95B3EF0D95B4EF0E95B5EF0F9534
:108A3000B6EF1295B7EF1395B8EF1495B9EF1595FA
:108A4000BAEF1695BBEF1895BCEF1B95BDEF1D95C2
:108A5000BEEF1E95BFEF1F95C0EF2295C1EF2A957F
:108A6000C2EF2B95C3EF2995C4EF2C95C5EF319537
:108A7000C6EF3295C7EF3495C8EF3695C9EF3795F5
:108A8000CAEF3895CBEF3C95CCEF3E95CDEF3F95B7
:108A9000CEEF4295CFEF3595D0EF4495D1EF459588
:108AA000D2EF4695D3EF4995D4EF4C95D5EF4E953F
:108AB000D6EF4F95D7EF5295D8EF5395D9EF549500
:108AC000DAEF5695DBEF5795DCEF5895DDEF5995CA
:108AD000DEEF5B95DFEF5E95E0EF5F95E1EF5D9593
:108AE000E2EF6195E3EF6295E4EF6495E5EF65955C
:108AF000E6EF6695E7EF6795E8EF6895E9EF69952A
:108B0000EAEF6A95EBEF6B95ECEF6C95EDEF6F95F7
:108B1000EEEF7195EFEF7295F0EF7395F1EF3A95F7
:108B2000F2EFE777F3EFEC77F4EFC996F5EFD5794D
:108B3000F6EFED79F7EFE379F8EFEB79F9EF067AF5
:108B4000FAEF475DFBEF037AFCEF027AFDEF1E7A46
:108B5000FEEF147A40F0089941F0099942F00A9921
:108B600043F00B9944F00C9945F00E9946F00F999B
:108B700047F0119948F0129949F013994AF0149965
:108B80004BF015994CF016994DF017994EF0189935
:108B90004FF0199950F01A9951F01B9952F01C9905
:108BA00053F01D9954F01E9955F01F9956F02099D5
:108BB00057F0219958F0229959F023995AF02499A5
:108BC0005BF025995CF026995DF027995EF0289975
:108BD0005FF0299960F02A9961F02B9962F02C9945
:108BE00063F02D9964F02F9965F0309966F0319912
:108BF00067F0329968F0339969F034996AF03599E1
:108C00006BF036996CF037996DF038996EF03999B0
:108C10006FF03A9970F03B9971F03C9972F03D9980
:108C200073F03E9974F03F9975F0409976F0419950
:108C300077F0429978F0439979F044997AF0459920
:108C40007BF046997CF047997DF048997EF04999F0
:108C500080F04A9981F04B9982F04C9983F04D99BC
:108C600084F04E9985F04F9986F0509987F051998C
:108C700088F0529989F053998AF056998BF0579958
:108C80008CF058998DF059998EF05A998FF05B9924
:108C900090F05C9991F05D9992F05E9993F05F99F4
:108CA00094F0609995F0619996F0629997F06499C3
:108CB00098F0669999F073999AF078999BF0799960
:108CC0009CF07B999DF07E999EF082999FF083990C
:108CD000A0F08999A1F0397AA2F0377AA3F0517AFD
:108CE000A4F0CF9EA5F0A599A6F0707AA7F088769B
:108CF000A8F08E76A9F09376AAF09976ABF0A476D8
:108D0000ACF0DE74ADF0E074AEF02C75AFF0209EE8
:108D1000B0F0229EB1F0289EB2F0299EB3F02A9EB8
:108D2000B4F02B9EB5F02C9EB6F0329EB7F0319E7B
:108D3000B8F0369EB9F0389EBAF0379EBBF0399E37
:108D4000BCF03A9EBDF03E9EBEF0419EBFF0429EFA
:108D5000C0F0449EC1F0469EC2F0479EC3F0489EBC
:108D6000C4F0499EC5F04B9EC6F04C9EC7F04E9E87
:108D7000C8F0519EC9F0559ECAF0579ECBF05A9E3E
:108D8000CCF05B9ECDF05C9ECEF05E9ECFF0639EFD
:108D9000D0F0669ED1F0679ED2F0689ED3F0699EB7
:108DA000D4F06A9ED5F06B9ED6F06C9ED7F0719E83
:108DB000D8F06D9ED9F0739EDAF09275DBF0947561
:108DC000DCF09675DDF0A075DEF09D75DFF0AC751A
:108DD000E0F0A375E1F0B375E2F0B475E3F0B875B7
:108DE000E4F0C475E5F0B175E6F0B075E7F0C37571
:108DF000E8F0C275E9F0D675EAF0CD75EBF0E375F1
:108E0000ECF0E875EDF0E675EEF0E475EFF0EB757B
:108E1000F0F0E775F1F00376F2F0F175F3F0FC7520
:108E2000F4F0FF75F5F01076F6F00076F7F00576C1
:108E3000F8F00C76F9F01776FAF00A76FBF0257662
:108E4000FCF01876FDF01576FEF0197640F18C995D
:108E500041F18E9942F19A9943F19B9944F19C9981
:108E600045F19D9946F19E9947F19F9948F1A09946
:108E700049F1A1994AF1A2994BF1A3994CF1A49916
:108E80004DF1A6994EF1A7994FF1A99950F1AA99E0
:108E900051F1AB9952F1AC9953F1AD9954F1AE99AE
:108EA00055F1AF9956F1B09957F1B19958F1B2997E
:108EB00059F1B3995AF1B4995BF1B5995CF1B6994E
:108EC0005DF1B7995EF1B8995FF1B99960F1BA991E
:108ED00061F1BB9962F1BC9963F1BD9964F1BE99EE
:108EE00065F1BF9966F1C09967F1C19968F1C299BE
:108EF00069F1C3996AF1C4996BF1C5996CF1C6998E
:108F00006DF1C7996EF1C8996FF1C99970F1CA995D
:108F100071F1CB9972F1CC9973F1CD9974F1CE992D
:108F200075F1CF9976F1D09977F1D19978F1D299FD
:108F300079F1D3997AF1D4997BF1D5997CF1D699CD
:108F40007DF1D7997EF1D89980F1D99981F1DA999B
:108F500082F1DB9983F1DC9984F1DD9985F1DE9969
:108F600086F1DF9987F1E09988F1E19989F1E29939
:108F70008AF1E3998BF1E4998CF1E5998DF1E69909
:108F80008EF1E7998FF1E89990F1E99991F1EA99D9
:108F900092F1EB9993F1EC9994F1ED9995F1EE99A9
:108FA00096F1EF9997F1F09998F1F19999F1F29979
:108FB0009AF1F3999BF1F4999CF1F5999DF1F69949
:108FC0009EF1F7999FF1F899A0F1F999A1F11B761B
:108FD000A2F13C76A3F12276A4F12076A5F14076A9
:108FE000A6F12D76A7F13076A8F13F76A9F1357676
:108FF000AAF14376ABF13E76ACF13376ADF14D7626
:10900000AEF15E76AFF15476B0F15C76B1F15676A2
:10901000B2F16B76B3F16F76B4F1CA7FB5F1E67A4F
:10902000B6F1787AB7F1797AB8F1807AB9F1867ABF
:10903000BAF1887ABBF1957ABCF1A67ABDF1A07A33
:10904000BEF1AC7ABFF1A87AC0F1AD7AC1F1B37AC2
:10905000C2F16488C3F16988C4F17288C5F17D8862
:10906000C6F17F88C7F18288C8F1A288C9F1C68895
:10907000CAF1B788CBF1BC88CCF1C988CDF1E288C0
:10908000CEF1CE88CFF1E388D0F1E588D1F1F18837
:10909000D2F11A89D3F1FC88D4F1E888D5F1FE88A1
:1090A000D6F1F088D7F12189D8F11989D9F113893E
:1090B000DAF11B89DBF10A89DCF13489DDF12B89D6
:1090C000DEF13689DFF14189E0F16689E1F17B89E2
:1090D000E2F18B75E3F1E580E4F1B276E5F1B47687
:1090E000E6F1DC77E7F11280E8F11480E9F116800F
:1090F000EAF11C80EBF12080ECF12280EDF125807B
:10910000EEF12680EFF12780F0F12980F1F128803F
:10911000F2F13180F3F10B80F4F13580F5F1438009
:10912000F6F14680F7F14D80F8F15280F9F169804F
:10913000FAF17180FBF18389FCF17898FDF1809858
:10914000FEF1839840F2FA9941F2FB9942F2FC99C0
:1091500043F2FD9944F2FE9945F2FF9946F2009AD6
:1091600047F2019A48F2029A49F2039A4AF2049AA3
:109170004BF2059A4CF2069A4DF2079A4EF2089A73
:109180004FF2099A50F20A9A51F20B9A52F20C9A43
:1091900053F20D9A54F20E9A55F20F9A56F2109A13
:1091A00057F2119A58F2129A59F2139A5AF2149AE3
:1091B0005BF2159A5CF2169A5DF2179A5EF2189AB3
:1091C0005FF2199A60F21A9A61F21B9A62F21C9A83
:1091D00063F21D9A64F21E9A65F21F9A66F2209A53
:1091E00067F2219A68F2229A69F2239A6AF2249A23
:1091F0006BF2259A6CF2269A6DF2279A6EF2289AF3
:109200006FF2299A70F22A9A71F22B9A72F22C9AC2
:1092100073F22D9A74F22E9A75F22F9A76F2309A92
:1092200077F2319A78F2329A79F2339A7AF2349A62
:109230007BF2359A7CF2369A7DF2379A7EF2389A32
:1092400080F2399A81F23A9A82F23B9A83F23C9AFE
:1092500084F23D9A85F23E9A86F23F9A87F2409ACE
:1092600088F2419A89F2429A8AF2439A8BF2449A9E
:109270008CF2459A8DF2469A8EF2479A8FF2489A6E
:1092800090F2499A91F24A9A92F24B9A93F24C9A3E
:1092900094F24D9A95F24E9A96F24F9A97F2509A0E
:1092A00098F2519A99F2529A9AF2539A9BF2549ADE
:1092B0009CF2559A9DF2569A9EF2579A9FF2589AAE
:1092C000A0F2599AA1F28998A2F28C98A3F28D98F3
:1092D000A4F28F98A5F29498A6F29A98A7F29B9878
:1092E000A8F29E98A9F29F98AAF2A198ABF2A29830
:1092F000ACF2A598ADF2A698AEF24D86AFF25486C8
:10930000B0F26C86B1F26E86B2F27F86B3F27A86E4
:10931000B4F27C86B5F27B86B6F2A886B7F28D866B
:10932000B8F28B86B9F2AC86BAF29D86BBF2A786FC
:10933000BCF2A386BDF2AA86BEF29386BFF2A986CE
:10934000C0F2B686C1F2C486C2F2B586C3F2CE863A
:10935000C4F2B086C5F2BA86C6F2B186C7F2AF864D
:10936000C8F2C986C9F2CF86CAF2B486CBF2E986C2
:10937000CCF2F186CDF2F286CEF2ED86CFF2F38614
:10938000D0F2D086D1F21387D2F2DE86D3F2F48601
:10939000D4F2DF86D5F2D886D6F2D186D7F203870B
:1093A000D8F20787D9F2F886DAF20887DBF20A8763
:1093B000DCF20D87DDF20987DEF22387DFF23B87DF
:1093C000E0F21E87E1F22587E2F22E87E3F21A87A8
:1093D000E4F23E87E5F24887E6F23487E7F2318728
:1093E000E8F22987E9F23787EAF23F87EBF28287D2
:1093F000ECF22287EDF27D87EEF27E87EFF27B873B
:10940000F0F26087F1F27087F2F24C87F3F26E8728
:10941000F4F28B87F5F25387F6F26387F7F27C87D5
:10942000F8F26487F9F25987FAF26587FBF29387BD
:10943000FCF2AF87FDF2A887FEF2D28740F35A9A7A
:1094400041F35B9A42F35C9A43F35D9A44F35E9A6C
:1094500045F35F9A46F3609A47F3619A48F3629A3C
:1094600049F3639A4AF3649A4BF3659A4CF3669A0C
:109470004DF3679A4EF3689A4FF3699A50F36A9ADC
:1094800051F36B9A52F3729A53F3839A54F3899A75
:1094900055F38D9A56F38E9A57F3949A58F3959AFA
:1094A00059F3999A5AF3A69A5BF3A99A5CF3AA9A8C
:1094B0005DF3AB9A5EF3AC9A5FF3AD9A60F3AE9A4C
:1094C00061F3AF9A62F3B29A63F3B39A64F3B49A16
:1094D00065F3B59A66F3B99A67F3BB9A68F3BD9AD8
:1094E00069F3BE9A6AF3BF9A6BF3C39A6CF3C49A9A
:1094F0006DF3C69A6EF3C79A6FF3C89A70F3C99A60
:1095000071F3CA9A72F3CD9A73F3CE9A74F3CF9A29
:1095100075F3D09A76F3D29A77F3D49A78F3D59AF2
:1095200079F3D69A7AF3D79A7BF3D99A7CF3DA9ABD
:109530007DF3DB9A7EF3DC9A80F3DD9A81F3DE9A89
:1095400082F3E09A83F3E29A84F3E39A85F3E49A50
:1095500086F3E59A87F3E79A88F3E89A89F3E99A1C
:109560008AF3EA9A8BF3EC9A8CF3EE9A8DF3F09AE5
:109570008EF3F19A8FF3F29A90F3F39A91F3F49AAF
:1095800092F3F59A93F3F69A94F3F79A95F3F89A7F
:1095900096F3FA9A97F3FC9A98F3FD9A99F3FE9A48
:1095A0009AF3FF9A9BF3009B9CF3019B9DF3029B14
:1095B0009EF3049B9FF3059BA0F3069BA1F3C68734
:1095C000A2F38887A3F38587A4F3AD87A5F39787D4
:1095D000A6F38387A7F3AB87A8F3E587A9F3AC8746
:1095E000AAF3B587ABF3B387ACF3CB87ADF3D387DF
:1095F000AEF3BD87AFF3D187B0F3C087B1F3CA87AD
:10960000B2F3DB87B3F3EA87B4F3E087B5F3EE8711
:10961000B6F31688B7F31388B8F3FE87B9F30A8850
:10962000BAF31B88BBF32188BCF33988BDF33C88AF
:10963000BEF3367FBFF3427FC0F3447FC1F3457F63
:10964000C2F31082C3F3FA7AC4F3FD7AC5F3087B40
:10965000C6F3037BC7F3047BC8F3157BC9F30A7B0E
:10966000CAF32B7BCBF30F7BCCF3477BCDF3387B5B
:10967000CEF32A7BCFF3197BD0F32E7BD1F3317B52
:10968000D2F3207BD3F3257BD4F3247BD5F3337B38
:10969000D6F33E7BD7F31E7BD8F3587BD9F35A7BA6
:1096A000DAF3457BDBF3757BDCF34C7BDDF35D7B31
:1096B000DEF3607BDFF36E7BE0F37B7BE1F3627BC9
:1096C000E2F3727BE3F3717BE4F3907BE5F3A67B3B
:1096D000E6F3A77BE7F3B87BE8F3AC7BE9F39D7B8C
:1096E000EAF3A87BEBF3857BECF3AA7BEDF39C7BA1
:1096F000EEF3A27BEFF3AB7BF0F3B47BF1F3D17B22
:10970000F2F3C17BF3F3CC7BF4F3DD7BF5F3DA7B8F
:10971000F6F3E57BF7F3E67BF8F3EA7BF9F30C7CF1
:10972000FAF3FE7BFBF3FC7BFCF30F7CFDF3167C72
:10973000FEF30B7C40F4079B41F4099B42F40A9B27
:1097400043F40B9B44F40C9B45F40D9B46F40E9B99
:1097500047F4109B48F4119B49F4129B4AF4149B64
:109760004BF4159B4CF4169B4DF4179B4EF4189B31
:109770004FF4199B50F41A9B51F41B9B52F41C9B01
:1097800053F41D9B54F41E9B55F4209B56F4219BCF
:1097900057F4229B58F4249B59F4259B5AF4269B9A
:1097A0005BF4279B5CF4289B5DF4299B5EF42A9B69
:1097B0005FF42B9B60F42C9B61F42D9B62F42E9B39
:1097C00063F4309B64F4319B65F4339B66F4349B03
:1097D00067F4359B68F4369B69F4379B6AF4389BD1
:1097E0006BF4399B6CF43A9B6DF43D9B6EF43E9B9D
:1097F0006FF43F9B70F4409B71F4469B72F44A9B5C
:1098000073F44B9B74F44C9B75F44E9B76F4509B15
:1098100077F4529B78F4539B79F4559B7AF4569BDA
:109820007BF4579B7CF4589B7DF4599B7EF45A9BA8
:1098300080F45B9B81F45C9B82F45D9B83F45E9B74
:1098400084F45F9B85F4609B86F4619B87F4629B44
:1098500088F4639B89F4649B8AF4659B8BF4669B14
:109860008CF4679B8DF4689B8EF4699B8FF46A9BE4
:1098700090F46B9B91F46C9B92F46D9B93F46E9BB4
:1098800094F46F9B95F4709B96F4719B97F4729B84
:1098900098F4739B99F4749B9AF4759B9BF4769B54
:1098A0009CF4779B9DF4789B9EF4799B9FF47A9B24
:1098B000A0F47B9BA1F41F7CA2F42A7CA3F4267C59
:1098C000A4F4387CA5F4417CA6F4407CA7F4FE8186
:1098D000A8F40182A9F40282AAF40482ABF4EC8118
:1098E000ACF44488ADF42182AEF42282AFF423823A
:1098F000B0F42D82B1F42F82B2F42882B3F42B821B
:10990000B4F43882B5F43B82B6F43382B7F43482CF
:10991000B8F43E82B9F44482BAF44982BBF44B8273
:10992000BCF44F82BDF45A82BEF45F82BFF46882F9
:10993000C0F47E88C1F48588C2F48888C3F4D888CE
:10994000C4F4DF88C5F45E89C6F49D7FC7F49F7FA9
:10995000C8F4A77FC9F4AF7FCAF4B07FCBF4B27F5D
:10996000CCF47C7CCDF44965CEF4917CCFF49D7C25
:10997000D0F49C7CD1F49E7CD2F4A27CD3F4B27C53
:10998000D4F4BC7CD5F4BD7CD6F4C17CD7F4C77CC0
:10999000D8F4CC7CD9F4CD7CDAF4C87CDBF4C57C7B
:1099A000DCF4D77CDDF4E87CDEF46E82DFF4A866BC
:1099B000E0F4BF7FE1F4CE7FE2F4D57FE3F4E57F0E
:1099C000E4F4E17FE5F4E67FE6F4E97FE7F4EE7F97
:1099D000E8F4F37FE9F4F87CEAF4777DEBF4A67D14
:1099E000ECF4AE7DEDF4477EEEF49B7EEFF4B89E92
:1099F000F0F4B49EF1F4738DF2F4848DF3F4948D4D
:109A0000F4F4918DF5F4B18DF6F4678DF7F46D8D66
:109A1000F8F4478CF9F4498CFAF44A91FBF450912C
:109A2000FCF44E91FDF44F91FEF4649140F57C9B63
:109A300041F57D9B42F57E9B43F57F9B44F5809BE2
:109A400045F5819B46F5829B47F5839B48F5849BB2
:109A500049F5859B4AF5869B4BF5879B4CF5889B82
:109A60004DF5899B4EF58A9B4FF58B9B50F58C9B52
:109A700051F58D9B52F58E9B53F58F9B54F5909B22
:109A800055F5919B56F5929B57F5939B58F5949BF2
:109A900059F5959B5AF5969B5BF5979B5CF5989BC2
:109AA0005DF5999B5EF59A9B5FF59B9B60F59C9B92
:109AB00061F59D9B62F59E9B63F59F9B64F5A09B62
:109AC00065F5A19B66F5A29B67F5A39B68F5A49B32
:109AD00069F5A59B6AF5A69B6BF5A79B6CF5A89B02
:109AE0006DF5A99B6EF5AA9B6FF5AB9B70F5AC9BD2
:109AF00071F5AD9B72F5AE9B73F5AF9B74F5B09BA2
:109B000075F5B19B76F5B29B77F5B39B78F5B49B71
:109B100079F5B59B7AF5B69B7BF5B79B7CF5B89B41
:109B20007DF5B99B7EF5BA9B80F5BB9B81F5BC9B0F
:109B300082F5BD9B83F5BE9B84F5BF9B85F5C09BDD
:109B400086F5C19B87F5C29B88F5C39B89F5C49BAD
:109B50008AF5C59B8BF5C69B8CF5C79B8DF5C89B7D
:109B60008EF5C99B8FF5CA9B90F5CB9B91F5CC9B4D
:109B700092F5CD9B93F5CE9B94F5CF9B95F5D09B1D
:109B800096F5D19B97F5D29B98F5D39B99F5D49BED
:109B90009AF5D59B9BF5D69B9CF5D79B9DF5D89BBD
:109BA0009EF5D99B9FF5DA9BA0F5DB9BA1F5629111
:109BB000A2F56191A3F57091A4F56991A5F56F9156
:109BC000A6F57D91A7F57E91A8F57291A9F57491FE
:109BD000AAF57991ABF58C91ACF58591ADF59091A5
:109BE000AEF58D91AFF59191B0F5A291B1F5A3913C
:109BF000B2F5AA91B3F5AD91B4F5AE91B5F5AF91CB
:109C0000B6F5B591B7F5B491B8F5BA91B9F5558CEB
:109C1000BAF57E9EBBF5B88DBCF5EB8DBDF5058E16
:109C2000BEF5598EBFF5698EC0F5B58DC1F5BF8DF6
:109C3000C2F5BC8DC3F5BA8DC4F5C48DC5F5D68DFE
:109C4000C6F5D78DC7F5DA8DC8F5DE8DC9F5CE8D91
:109C5000CAF5CF8DCBF5DB8DCCF5C68DCDF5EC8D72
:109C6000CEF5F78DCFF5F88DD0F5E38DD1F5F98DE3
:109C7000D2F5FB8DD3F5E48DD4F5098ED5F5FD8DA8
:109C8000D6F5148ED7F51D8ED8F51F8ED9F52C8EEE
:109C9000DAF52E8EDBF5238EDCF52F8EDDF53A8E90
:109CA000DEF5408EDFF5398EE0F5358EE1F53D8E3F
:109CB000E2F5318EE3F5498EE4F5418EE5F5428E0D
:109CC000E6F5518EE7F5528EE8F54A8EE9F5708E8D
:109CD000EAF5768EEBF57C8EECF56F8EEDF5748EF5
:109CE000EEF5858EEFF58F8EF0F5948EF1F5908E72
:109CF000F2F59C8EF3F59E8EF4F5788CF5F5828C5A
:109D0000F6F58A8CF7F5858CF8F5988CF9F5948C36
:109D1000FAF59B65FBF5D689FCF5DE89FDF5DA8958
:109D2000FEF5DC8940F6DC9B41F6DD9B42F6DE9BCE
:109D300043F6DF9B44F6E09B45F6E19B46F6E29B4B
:109D400047F6E39B48F6E49B49F6E59B4AF6E69B1B
:109D50004BF6E79B4CF6E89B4DF6E99B4EF6EA9BEB
:109D60004FF6EB9B50F6EC9B51F6ED9B52F6EE9BBB
:109D700053F6EF9B54F6F09B55F6F19B56F6F29B8B
:109D800057F6F39B58F6F49B59F6F59B5AF6F69B5B
:109D90005BF6F79B5CF6F89B5DF6F99B5EF6FA9B2B
:109DA0005FF6FB9B60F6FC9B61F6FD9B62F6FE9BFB
:109DB00063F6FF9B64F6009C65F6019C66F6029CC8
:109DC00067F6039C68F6049C69F6059C6AF6069C97
:109DD0006BF6079C6CF6089C6DF6099C6EF60A9C67
:109DE0006FF60B9C70F60C9C71F60D9C72F60E9C37
:109DF00073F60F9C74F6109C75F6119C76F6129C07
:109E000077F6139C78F6149C79F6159C7AF6169CD6
:109E10007BF6179C7CF6189C7DF6199C7EF61A9CA6
:109E200080F61B9C81F61C9C82F61D9C83F61E9C72
:109E300084F61F9C85F6209C86F6219C87F6229C42
:109E400088F6239C89F6249C8AF6259C8BF6269C12
:109E50008CF6279C8DF6289C8EF6299C8FF62A9CE2
:109E600090F62B9C91F62C9C92F62D9C93F62E9CB2
:109E700094F62F9C95F6309C96F6319C97F6329C82
:109E800098F6339C99F6349C9AF6359C9BF6369C52
:109E90009CF6379C9DF6389C9EF6399C9FF63A9C22
:109EA000A0F63B9CA1F6E589A2F6EB89A3F6EF8923
:109EB000A4F63E8AA5F6268BA6F65397A7F6E99652
:109EC000A8F6F396A9F6EF96AAF60697ABF60197D1
:109ED000ACF60897ADF60F97AEF60E97AFF62A9749
:109EE000B0F62D97B1F63097B2F63E97B3F6809F55
:109EF000B4F6839FB5F6859FB6F6869FB7F6879F23
:109F0000B8F6889FB9F6899FBAF68A9FBBF68C9FF0
:109F1000BCF6FE9EBDF60B9FBEF60D9FBFF6B99632
:109F2000C0F6BC96C1F6BD96C2F6CE96C3F6D296E2
:109F3000C4F6BF77C5F6E096C6F68E92C7F6AE9227
:109F4000C8F6C892C9F63E93CAF66A93CBF6CA938E
:109F5000CCF68F93CDF63E94CEF66B94CFF67F9CE5
:109F6000D0F6829CD1F6859CD2F6869CD3F6879C4F
:109F7000D4F6889CD5F6237AD6F68B9CD7F68E9CA1
:109F8000D8F6909CD9F6919CDAF6929CDBF6949CDC
:109F9000DCF6959CDDF69A9CDEF69B9CDFF69E9C9B
:109FA000E0F69F9CE1F6A09CE2F6A19CE3F6A29C61
:109FB000E4F6A39CE5F6A59CE6F6A69CE7F6A79C2E
:109FC000E8F6A89CE9F6A99CEAF6AB9CEBF6AD9CFA
:109FD000ECF6AE9CEDF6B09CEEF6B19CEFF6B29CC2
:109FE000F0F6B39CF1F6B49CF2F6B59CF3F6B69C91
:109FF000F4F6B79CF5F6BA9CF6F6BB9CF7F6BC9C5B
:10A00000F8F6BD9CF9F6C49CFAF6C59CFBF6C69C16
:10A01000FCF6C79CFDF6CA9CFEF6CB9C40F73C9C28
:10A0200041F73D9C42F73E9C43F73F9C44F7409CE0
:10A0300045F7419C46F7429C47F7439C48F7449CB0
:10A0400049F7459C4AF7469C4BF7479C4CF7489C80
:10A050004DF7499C4EF74A9C4FF74B9C50F74C9C50
:10A0600051F74D9C52F74E9C53F74F9C54F7509C20
:10A0700055F7519C56F7529C57F7539C58F7549CF0
:10A0800059F7559C5AF7569C5BF7579C5CF7589CC0
:10A090005DF7599C5EF75A9C5FF75B9C60F75C9C90
:10A0A00061F75D9C62F75E9C63F75F9C64F7609C60
:10A0B00065F7619C66F7629C67F7639C68F7649C30
:10A0C00069F7659C6AF7669C6BF7679C6CF7689C00
:10A0D0006DF7699C6EF76A9C6FF76B9C70F76C9CD0
:10A0E00071F76D9C72F76E9C73F76F9C74F7709CA0
:10A0F00075F7719C76F7729C77F7739C78F7749C70
:10A1000079F7759C7AF7769C7BF7779C7CF7789C3F
:10A110007DF7799C7EF77A9C80F77B9C81F77D9C0C
:10A1200082F77E9C83F7809C84F7839C85F7849CD0
:10A1300086F7899C87F78A9C88F78C9C89F78F9C87
:10A140008AF7939C8BF7969C8CF7979C8DF7989C3D
:10A150008EF7999C8FF79D9C90F7AA9C91F7AC9CE9
:10A1600092F7AF9C93F7B99C94F7BE9C95F7BF9C70
:10A1700096F7C09C97F7C19C98F7C29C99F7C89C2A
:10A180009AF7C99C9BF7D19C9CF7D29C9DF7DA9CCF
:10A190009EF7DB9C9FF7E09CA0F7E19CA1F7CC9C8D
:10A1A000A2F7CD9CA3F7CE9CA4F7CF9CA5F7D09C9B
:10A1B000A6F7D39CA7F7D49CA8F7D59CA9F7D79C62
:10A1C000AAF7D89CABF7D99CACF7DC9CADF7DD9C2B
:10A1D000AEF7DF9CAFF7E29CB0F77C97B1F78597BD
:10A1E000B2F79197B3F79297B4F79497B5F7AF9703
:10A1F000B6F7AB97B7F7A397B8F7B297B9F7B49795
:10A20000BAF7B19ABBF7B09ABCF7B79ABDF7589EA8
:10A21000BEF7B69ABFF7BA9AC0F7BC9AC1F7C19A0F
:10A22000C2F7C09AC3F7C59AC4F7C29AC5F7CB9ACA
:10A23000C6F7CC9AC7F7D19AC8F7459BC9F7439B95
:10A24000CAF7479BCBF7499BCCF7489BCDF74D9B73
:10A25000CEF7519BCFF7E898D0F70D99D1F72E990B
:10A26000D2F75599D3F75499D4F7DF9AD5F7E19AF5
:10A27000D6F7E69AD7F7EF9AD8F7EB9AD9F7FB9A81
:10A28000DAF7ED9ADBF7F99ADCF7089BDDF70F9B1D
:10A29000DEF7139BDFF71F9BE0F7239BE1F7BD9EE3
:10A2A000E2F7BE9EE3F73B7EE4F7829EE5F7879EEA
:10A2B000E6F7889EE7F78B9EE8F7929EE9F7D6933C
:10A2C000EAF79D9EEBF79F9EECF7DB9EEDF7DC9E99
:10A2D000EEF7DD9EEFF7E09EF0F7DF9EF1F7E29EEE
:10A2E000F2F7E99EF3F7E79EF4F7E59EF5F7EA9EAD
:10A2F000F6F7EF9EF7F7229FF8F72C9FF9F72F9FBD
:10A30000FAF7399FFBF7379FFCF73D9FFDF73E9F1C
:10A31000FEF7449F40F8E39C41F8E49C42F8E59C3A
:10A3200043F8E69C44F8E79C45F8E89C46F8E99C2D
:10A3300047F8EA9C48F8EB9C49F8EC9C4AF8ED9CFD
:10A340004BF8EE9C4CF8EF9C4DF8F09C4EF8F19CCD
:10A350004FF8F29C50F8F39C51F8F49C52F8F59C9D
:10A3600053F8F69C54F8F79C55F8F89C56F8F99C6D
:10A3700057F8FA9C58F8FB9C59F8FC9C5AF8FD9C3D
:10A380005BF8FE9C5CF8FF9C5DF8009D5EF8019D0B
:10A390005FF8029D60F8039D61F8049D62F8059DD9
:10A3A00063F8069D64F8079D65F8089D66F8099DA9
:10A3B00067F80A9D68F80B9D69F80C9D6AF80D9D79
:10A3C0006BF80E9D6CF80F9D6DF8109D6EF8119D49
:10A3D0006FF8129D70F8139D71F8149D72F8159D19
:10A3E00073F8169D74F8179D75F8189D76F8199DE9
:10A3F00077F81A9D78F81B9D79F81C9D7AF81D9DB9
:10A400007BF81E9D7CF81F9D7DF8209D7EF8219D88
:10A4100080F8229D81F8239D82F8249D83F8259D54
:10A4200084F8269D85F8279D86F8289D87F8299D24
:10A4300088F82A9D89F82B9D8AF82C9D8BF82D9DF4
:10A440008CF82E9D8DF82F9D8EF8309D8FF8319DC4
:10A4500090F8329D91F8339D92F8349D93F8359D94
:10A4600094F8369D95F8379D96F8389D97F8399D64
:10A4700098F83A9D99F83B9D9AF83C9D9BF83D9D34
:10A480009CF83E9D9DF83F9D9EF8409D9FF8419D04
:10A49000A0F8429D40F9439D41F9449D42F9459DF4
:10A4A00043F9469D44F9479D45F9489D46F9499D24
:10A4B00047F94A9D48F94B9D49F94C9D4AF94D9DF4
:10A4C0004BF94E9D4CF94F9D4DF9509D4EF9519DC4
:10A4D0004FF9529D50F9539D51F9549D52F9559D94
:10A4E00053F9569D54F9579D55F9589D56F9599D64
:10A4F00057F95A9D58F95B9D59F95C9D5AF95D9D34
:10A500005BF95E9D5CF95F9D5DF9609D5EF9619D03
:10A510005FF9629D60F9639D61F9649D62F9659DD3
:10A5200063F9669D64F9679D65F9689D66F9699DA3
:10A5300067F96A9D68F96B9D69F96C9D6AF96D9D73
:10A540006BF96E9D6CF96F9D6DF9709D6EF9719D43
:10A550006FF9729D70F9739D71F9749D72F9759D13
:10A5600073F9769D74F9779D75F9789D76F9799DE3
:10A5700077F97A9D78F97B9D79F97C9D7AF97D9DB3
:10A580007BF97E9D7CF97F9D7DF9809D7EF9819D83
:10A5900080F9829D81F9839D82F9849D83F9859D4F
:10A5A00084F9869D85F9879D86F9889D87F9899D1F
:10A5B00088F98A9D89F98B9D8AF98C9D8BF98D9DEF
:10A5C0008CF98E9D8DF98F9D8EF9909D8FF9919DBF
:10A5D00090F9929D91F9939D92F9949D93F9959D8F
:10A5E00094F9969D95F9979D96F9989D97F9999D5F
:10A5F00098F99A9D99F99B9D9AF99C9D9BF99D9D2F
:10A600009CF99E9D9DF99F9D9EF9A09D9FF9A19DFE
:10A61000A0F9A29D40FAA39D41FAA49D42FAA59DEE
:10A6200043FAA69D44FAA79D45FAA89D46FAA99D1E
:10A6300047FAAA9D48FAAB9D49FAAC9D4AFAAD9DEE
:10A640004BFAAE9D4CFAAF9D4DFAB09D4EFAB19DBE
:10A650004FFAB29D50FAB39D51FAB49D52FAB59D8E
:10A6600053FAB69D54FAB79D55FAB89D56FAB99D5E
:10A6700057FABA9D58FABB9D59FABC9D5AFABD9D2E
:10A680005BFABE9D5CFABF9D5DFAC09D5EFAC19DFE
:10A690005FFAC29D60FAC39D61FAC49D62FAC59DCE
:10A6A00063FAC69D64FAC79D65FAC89D66FAC99D9E
:10A6B00067FACA9D68FACB9D69FACC9D6AFACD9D6E
:10A6C0006BFACE9D6CFACF9D6DFAD09D6EFAD19D3E
:10A6D0006FFAD29D70FAD39D71FAD49D72FAD59D0E
:10A6E00073FAD69D74FAD79D75FAD89D76FAD99DDE
:10A6F00077FADA9D78FADB9D79FADC9D7AFADD9DAE
:10A700007BFADE9D7CFADF9D7DFAE09D7EFAE19D7D
:10A7100080FAE29D81FAE39D82FAE49D83FAE59D49
:10A7200084FAE69D85FAE79D86FAE89D87FAE99D19
:10A7300088FAEA9D89FAEB9D8AFAEC9D8BFAED9DE9
:10A740008CFAEE9D8DFAEF9D8EFAF09D8FFAF19DB9
:10A7500090FAF29D91FAF39D92FAF49D93FAF59D89
:10A7600094FAF69D95FAF79D96FAF89D97FAF99D59
:10A7700098FAFA9D99FAFB9D9AFAFC9D9BFAFD9D29
:10A780009CFAFE9D9DFAFF9D9EFA009E9FFA019EF7
:10A79000A0FA029E40FB039E41FB049E42FB059EE5
:10A7A00043FB069E44FB079E45FB089E46FB099E15
:10A7B00047FB0A9E48FB0B9E49FB0C9E4AFB0D9EE5
:10A7C0004BFB0E9E4CFB0F9E4DFB109E4EFB119EB5
:10A7D0004FFB129E50FB139E51FB149E52FB159E85
:10A7E00053FB169E54FB179E55FB189E56FB199E55
:10A7F00057FB1A9E58FB1B9E59FB1C9E5AFB1D9E25
:10A800005BFB1E9E5CFB249E5DFB279E5EFB2E9EDB
:10A810005FFB309E60FB349E61FB3B9E62FB3C9E77
:10A8200063FB409E64FB4D9E65FB509E66FB529E03
:10A8300067FB539E68FB549E69FB569E6AFB599EBC
:10A840006BFB5D9E6CFB5F9E6DFB609E6EFB619E75
:10A850006FFB629E70FB659E71FB6E9E72FB6F9E2E
:10A8600073FB729E74FB749E75FB759E76FB769EE1
:10A8700077FB779E78FB789E79FB799E7AFB7A9EB0
:10A880007BFB7B9E7CFB7C9E7DFB7D9E7EFB809E7E
:10A8900080FB819E81FB839E82FB849E83FB859E41
:10A8A00084FB869E85FB899E86FB8A9E87FB8C9E09
:10A8B00088FB8D9E89FB8E9E8AFB8F9E8BFB909ED4
:10A8C0008CFB919E8DFB949E8EFB959E8FFB969E9E
:10A8D00090FB979E91FB989E92FB999E93FB9A9E6C
:10A8E00094FB9B9E95FB9C9E96FB9E9E97FBA09E39
:10A8F00098FBA19E99FBA29E9AFBA39E9BFBA49E04
:10A900009CFBA59E9DFBA79E9EFBA89E9FFBA99ED0
:10A91000A0FBAA9E40FCAB9E41FCAC9E42FCAD9EBF
:10A9200043FCAE9E44FCAF9E45FCB09E46FCB19EEF
:10A9300047FCB29E48FCB39E49FCB59E4AFCB69EBD
:10A940004BFCB79E4CFCB99E4DFCBA9E4EFCBC9E87
:10A950004FFCBF9E50FCC09E51FCC19E52FCC29E4B
:10A9600053FCC39E54FCC59E55FCC69E56FCC79E18
:10A9700057FCC89E58FCCA9E59FCCB9E5AFCCC9EE4
:10A980005BFCD09E5CFCD29E5DFCD39E5EFCD59EA3
:10A990005FFCD69E60FCD79E61FCD99E62FCDA9E6D
:10A9A00063FCDE9E64FCE19E65FCE39E66FCE49E27
:10A9B00067FCE69E68FCE89E69FCEB9E6AFCEC9EE8
:10A9C0006BFCED9E6CFCEE9E6DFCF09E6EFCF19EB1
:10A9D0006FFCF29E70FCF39E71FCF49E72FCF59E7F
:10A9E00073FCF69E74FCF79E75FCF89E76FCFA9E4E
:10A9F00077FCFD9E78FCFF9E79FC009F7AFC019F0E
:10AA00007BFC029F7CFC039F7DFC049F7EFC059FDA
:10AA100080FC069F81FC079F82FC089F83FC099FA6
:10AA200084FC0A9F85FC0C9F86FC0F9F87FC119F6E
:10AA300088FC129F89FC149F8AFC159F8BFC169F33
:10AA40008CFC189F8DFC1A9F8EFC1B9F8FFC1C9FFB
:10AA500090FC1D9F91FC1E9F92FC1F9F93FC219FC9
:10AA600094FC239F95FC249F96FC259F97FC269F92
:10AA700098FC279F99FC289F9AFC299F9BFC2A9F62
:10AA80009CFC2B9F9DFC2D9F9EFC2E9F9FFC309F2E
:10AA9000A0FC319F40FD329F41FD339F42FD349F1A
:10AAA00043FD359F44FD369F45FD389F46FD3A9F47
:10AAB00047FD3C9F48FD3F9F49FD409F4AFD419F08
:10AAC0004BFD429F4CFD439F4DFD459F4EFD469FD4
:10AAD0004FFD479F50FD489F51FD499F52FD4A9FA2
:10AAE00053FD4B9F54FD4C9F55FD4D9F56FD4E9F72
:10AAF00057FD4F9F58FD529F59FD539F5AFD549F3C
:10AB00005BFD559F5CFD569F5DFD579F5EFD589F09
:10AB10005FFD599F60FD5A9F61FD5B9F62FD5C9FD9
:10AB200063FD5D9F64FD5E9F65FD5F9F66FD609FA9
:10AB300067FD619F68FD629F69FD639F6AFD649F79
:10AB40006BFD659F6CFD669F6DFD679F6EFD689F49
:10AB50006FFD699F70FD6A9F71FD6B9F72FD6C9F19
:10AB600073FD6D9F74FD6E9F75FD6F9F76FD709FE9
:10AB700077FD719F78FD729F79FD739F7AFD749FB9
:10AB80007BFD759F7CFD769F7DFD779F7EFD789F89
:10AB900080FD799F81FD7A9F82FD7B9F83FD7C9F55
:10ABA00084FD7D9F85FD7E9F86FD819F87FD829F21
:10ABB00088FD8D9F89FD8E9F8AFD8F9F8BFD909FC5
:10ABC0008CFD919F8DFD929F8EFD939F8FFD949F95
:10ABD00090FD959F91FD969F92FD979F93FD989F65
:10ABE00094FD9C9F95FD9D9F96FD9E9F97FDA19F27
:10ABF00098FDA29F99FDA39F9AFDA49F9BFDA59FF1
:10AC00009CFD2CF99DFD79F99EFD95F99FFDE7F9D5
:10AC1000A0FDF1F940FE0CFA41FE0DFA42FE0EFADB
:10AC200043FE0FFA44FE11FA45FE13FA46FE14FAEB
:10AC300047FE18FA48FE1FFA49FE20FA4AFE21FA9A
:10AC40004BFE23FA4CFE24FA4DFE27FA4EFE28FA5C
:10AC50004FFE29FA000000006100620063006400FA
:10AC6000650066006700680069006A006B006C00A0
:10AC70006D006E006F007000710072007300740050
:10AC8000750076007700780079007A00A100A200B4
:10AC9000A300A500AC00AF00E000E100E200E3008B
:10ACA000E400E500E600E700E800E900EA00EB0068
:10ACB000EC00ED00EE00EF00F000F100F200F30018
:10ACC000F400F500F600F800F900FA00FB00FC00C3
:10ACD000FD00FE00FF00010103010501070109015C
:10ACE0000B010D010F0111011301150117011901CC
:10ACF0001B011D011F01210123012501270129013C
:10AD00002B012D012F0131013301350137013A01AA
:10AD10003C013E01400142014401460148014B0112
:10AD20004D014F01510153015501570159015B017B
:10AD30005D015F01610163016501670169016B01EB
:10AD40006D016F0171017301750177017A017C0159
:10AD50007E019201B103B203B303B403B503B6039A
:10AD6000B703B803B903BA03BB03BC03BD03BE03F7
:10AD7000BF03C003C103C303C403C503C603C703A2
:10AD8000C803C903CA033004310432043304340451
:10AD9000350436043704380439043A043B043C04CF
:10ADA0003D043E043F04400441044204430444047F
:10ADB000450446044704480449044A044B044C042F
:10ADC0004D044E044F0451045204530454045504DA
:10ADD00056045704580459045A045B045C045E0486
:10ADE0005F047021712172217321742175217621F4
:10ADF0007721782179217A217B217C217D217E2177
:10AE00007F2141FF42FF43FF44FF45FF46FF47FFCD
:10AE100048FF49FF4AFF4BFF4CFF4DFF4EFF4FFFDE
:10AE200050FF51FF52FF53FF54FF55FF56FF57FF8E
:10AE300058FF59FF5AFF0000410042004300440000
:10AE4000450046004700480049004A004B004C00BE
:10AE50004D004E004F00500051005200530054006E
:10AE6000550056005700580059005A002100E0FFD5
:10AE7000E1FFE5FFE2FFE3FFC000C100C200C30045
:10AE8000C400C500C600C700C800C900CA00CB0086
:10AE9000CC00CD00CE00CF00D000D100D200D30036
:10AEA000D400D500D600D800D900DA00DB00DC00E1
:10AEB000DD00DE0078010001020104010601080145
:10AEC0000A010C010E0110011201140116011801F2
:10AED0001A011C011E012001220124012601280162
:10AEE0002A012C012E0130013201340136013901D1
:10AEF0003B013D013F0141014301450147014A0139
:10AF00004C014E01500152015401560158015A01A1
:10AF10005C015E01600162016401660168016A0111
:10AF20006C016E01700172017401760179017B017F
:10AF30007D0191019103920393039403950396037A
:10AF40009703980399039A039B039C039D039E0315
:10AF50009F03A003A103A303A403A503A603A703C0
:10AF6000A803A903AA03100411041204130414046F
:10AF7000150416041704180419041A041B041C04ED
:10AF80001D041E041F04200421042204230424049D
:10AF9000250426042704280429042A042B042C044D
:10AFA0002D042E042F0401040204030404040504E8
:10AFB00006040704080409040A040B040C040E0424
:10AFC0000F046021612162216321642165216621D2
:10AFD0006721682169216A216B216C216D216E2115
:10AFE0006F2121FF22FF23FF24FF25FF26FF27FFDC
:10AFF00028FF29FF2AFF2BFF2CFF2DFF2EFF2FFFFD
:10B0000030FF31FF32FF33FF34FF35FF36FF37FFAC
:10B0100038FF39FF3AFF00003031323334353637EC
:10B02000383941424344454640305800303132338C
:10B03000343536373839616263646566403078008C
:10B0400004000008000000000000000200010000F1
:10B05000100000003F0000006465630069640000A8
:10B0600072756E74696D650068656C700000000033
:10B070006C69737400000000686578007538206D95
:10B08000665F7075746328753820632900000000BE
:10B090007538206D665F707574732875382A63295A
:10B0A000000000007538206D665F636C6F73652863
:10B0B000766F696429000000753332206D665F7316
:10B0C000697A6528766F696429000000753332203B
:10B0D0006D665F74656C6C28766F6964290000008A
:10B0E000766F6964205732355158585F45726173E5
:10B0F000655F4368697028766F6964290000000005
:10B100007538206D665F7265616464697228766F58
:10B11000696429007538206D665F636C6F736564C0
:10B12000697228766F696429000000007538206D07
:10B13000665F6F70656E2875382A706174682C754B
:10B1400038206D6F646529007538206D665F756EF7
:10B150006C696E6B287538202A706E616D652900E8
:10B160007538206D665F6D6B6469722875382A705A
:10B170006E616D65290000007538206D665F72652F
:10B180006E616D65287538202A6F6C646E616D651F
:10B190002C75382A206E65776E616D652900000078
:10B1A000766F6964206D665F6765747328753136E4
:10B1B0002073697A652900007538206D665F7363B6
:10B1C000616E5F66696C6573287538202A2070612E
:10B1D000746829007538206D665F6F70656E6469EC
:10B1E000722875382A20706174682900766F696446
:10B1F000206D665F6765746C6162656C28753820C8
:10B200002A70617468290000766F6964206D665F3A
:10B210007365746C6162656C287538202A7061747E
:10B2200068290000766F69642077726974655F61D0
:10B230006464722875333220616464722C75333211
:10B240002076616C290000007538206D665F72659C
:10B25000616428753136206C656E29007538206D63
:10B26000665F77726974652875382A6461742C7515
:10B270003136206C656E2900753332207265616449
:10B280005F616464722875333220616464722900DE
:10B29000766F69642064656C61795F6D73287531C0
:10B2A00036206E6D73290000766F69642064656CCA
:10B2B00061795F757328753332206E7573290000CC
:10B2C0007538206D665F6C7365656B287533322049
:10B2D0006F666673657429007538206D665F6D6FE3
:10B2E000756E742875382A20706174682C75382042
:10B2F0006D7429007538206D665F666D6B66732806
:10B3000075382A20706174682C7538206D6F6465FB
:10B310002C7531362061752900000000753332200C
:10B320006D665F73686F7766726565287538202A69
:10B3300064727629000000004D503300464C4143B2
:10B34000000000004C524300430000004150450003
:10B35000474946004A504547000000004A50470010
:10B36000480000004156490042494E00424D5000FD
:10B370004E45530054585400574156009CB303089F
:10B38000000000206C020000C4010008B4B40308EF
:10B390006C02002074C301002002000811847A03AB
:10B3A0000A2009010203040607080914FFFF017BB4
:10B3B00017EF180115292E8932135B8F1B08910492
:10B3C000132016322032681D1020A6010C130F68BE
:10B3D00012F042101E54B0030868041A70041A5C7C
:10B3E000041A78041A58041A600413FB9C10080805
:10B3F00078B20308019D1B08240813D1621B089032
:10B40000081A41081AA808132F441B08E02813E95A
:10B41000D81B08D8101AFD08172CB1030815D91B22
:10B4200008A4181A23081A48181303DA1B085C0822
:10B430001A47081AD4201A55081A14081A5F081156
:10B440001908132BDB1B08B8081AA3081B1CB378B8
:10B4500019081AC030130BDC1B08CC481A13081A41
:10B46000B8081A1B081A60281A27081AF4201A3B71
:10B47000081A48101A47081A78081A57081AEC08C8
:10B480001A91081A08201AB3081AA010136DDF1BAE
:10B49000087C401A7F081A90082288142051981BB3
:10B4A000087504131F991B0883E8221B02DD0102A3
:04B4B0001660000022
:040000050800018965
:00000001FF
