:020000040800F2
:1000000088C50120559F0008B1090008B309000800
:10001000B7090008BB090008BF090008000000007C
:10002000000000000000000000000000C3090008FC
:10003000C509000800000000C7090008C909000838
:100040006F9F00086F9F00086F9F00086F9F000858
:100050006F9F00086F9F00086F9F00086F9F000848
:100060006F9F00086F9F00086F9F00086F9F000838
:100070006F9F00086F9F00086F9F00086F9F000828
:100080006F9F00086F9F00086F9F00086F9F000818
:100090006F9F00086F9F00086F9F00086F9F000808
:1000A0006F9F00086F9F00086F9F00086F9F0008F8
:1000B0006F9F00086F9F0008C9D200086F9F00085B
:1000C0006F9F00086F9F00086F9F00086F9F0008D8
:1000D0006F9F0008CB9E00086F9F00086F9F00086D
:1000E0006F9F00086F9F00086F9F00086F9F0008B8
:1000F0006F9F00086F9F00086F9F00086F9F0008A8
:100100006F9F0008B57D00086F9F00086F9F000873
:100110006F9F00086F9F00086F9F00086F9F000887
:100120006F9F00086F9F00086F9F00086F9F000877
:100130006F9F00086F9F00086F9F00086F9F000867
:100140006F9F00086F9F00086F9F00086F9F000857
:100150006F9F00086F9F00086F9F00086F9F000847
:100160006F9F00086F9F00086F9F00086F9F000837
:100170006F9F00086F9F00086F9F00086F9F000827
:100180006F9F00086F9F000800F002F800F06DF804
:100190000AA090E8000C82448344AAF10107DA45E2
:1001A00001D100F062F8AFF2090EBAE80F0013F0C7
:1001B000010F18BFFB1A43F00103184748A60100BE
:1001C00068A601000A444FF0000C10F8013B13F040
:1001D000070408BF10F8014B1D1108BF10F8015BA0
:1001E000641E05D010F8016B641E01F8016BF9D193
:1001F00013F0080F1EBF10F8014BAD1C0C1B09D1EA
:100200006D1E58BF01F801CBFAD505E014F8016B5B
:1002100001F8016B6D1EF9D59142D6D370470000ED
:100220000023002400250026103A28BF78C1FBD8FF
:10023000520728BF30C148BF0B607047642911F0D6
:100240001386752911F01086782911F049866329E3
:1002500012F0F380732912F0F880002070471FB568
:1002600012F081FE1FBD10B510BD12F05BF91146F2
:10027000FFF7F5FF00F0CCF912F079F903B4FFF7BE
:10028000F2FF03BC09F0C2FD30BF72B6704762B620
:10029000704780F3088870472DE9F84305460E46FD
:1002A0004FF47840FE49088006F1780083B205F1EA
:1002B000B40082B23146284605F008F906F178010B
:1002C0008BB205F178018AB23C3988B2314605F02B
:1002D000FDF806F1500083B205F1B40082B206F1D8
:1002E000280081B2284605F0F1F81F20EC4908806B
:1002F00000243CE0032094FBF0F1301D282202FB97
:10030000010087B2032094FBF0F100FB1140C0EB29
:10031000001005EB80001FFA80F83C200090E148B7
:1003200050F8242010233946404611F0F8FB0320F2
:1003300094FBF0F106F11400282202FB010087B2C1
:10034000032094FBF0F100FB1140C0EB001005EB23
:1003500080001FFA80F83C200090D34850F82420F9
:1003600010233946404611F0DAFB601C84B2092C98
:10037000C0DBBDE8F8832DE9F84304460D46164678
:100380009946032096FBF0F087B2032096FBF0F12C
:1003900000FB11601FFA80F8082E01DDBDE8F8832C
:1003A000B9F1000F25D04FF4FC6007EB870C05EB8B
:1003B000CC0C0CF1270C1FFA8CF3C8EB081C04EBD7
:1003C0008C0C0CF13B0C1FFA8CF207EB870C05EB45
:1003D000CC0C0CF1010C1FFA8CF1C8EB081C04EBDF
:1003E0008C0C0CF1010C00901FFA8CF004F08AFFC9
:1003F00024E04FF6FF7007EB870C05EBCC0C0CF1FB
:10040000270C1FFA8CF3C8EB081C04EB8C0C0CF1C6
:100410003B0C1FFA8CF207EB870C05EBCC0C0CF1B4
:10042000010C1FFA8CF1C8EB081C04EB8C0C0CF1CE
:10043000010C00901FFA8CF004F064FF3C20994BF3
:10044000009053F826202B1D4FF0280C0CFB07338F
:1004500099B2C8EB081304EB830398B2102311F090
:100460005EFB3C20904B009053F8262005F11403CE
:100470004FF0280C0CFB073399B2C8EB081304EBC0
:10048000830398B2102311F04AFB00BF86E72DE9E1
:10049000F041074688460026844841680020884786
:1004A000824890F8200000F08000002850D00024FE
:1004B0004BE0002529E07D488189C5EB051007EB5D
:1004C00080003C3081421EDA78488089C5EB0511F6
:1004D00007EB8101884216DD7448C18A04EB840071
:1004E00008EBC000283081420DDA7048C08A04EB66
:1004F000840108EBC101884205DD04EB4400284477
:10050000401CC6B203E0681C85B2032DD3DB00BFDC
:10051000CEB167480078B04201D1002612E06448AD
:100520000078401EC2B2002341463846FFF723FF41
:100530005F4806700078401EC2B20123414638462B
:10054000FFF719FF03E0601C84B2032CB1DB0EE05F
:100550005748007858B156480078401EC2B2002370
:1005600041463846FFF707FF0020514908703046E2
:10057000BDE8F0813EB504461020012322467D21CE
:100580000090AE2005F09FF84FF6FF709223762280
:100590007D210090462004F0B5FE4FF6FF70C12388
:1005A000E62291210090462004F0ACFE002C2ED0D3
:1005B00000221023601E3F4951F820004068CDE919
:1005C00001320090C8227D21462011F048FA002215
:1005D0001023601E374951F820008068CDE90132B0
:1005E00000903023A0229121462011F038FA601E9D
:1005F000304A52F8200041682FA011F0D9FB601E4C
:100600002C4A52F8200081682EA011F0D1FB3EBD8B
:1006100086B04FF000084FF4A06009F0BBFCA820A2
:1006200009F072FB4FF4E13009F0FDFB00F0D6FA5F
:1006300001F0B4F905F032F905F04AFC1B490868ED
:10064000804700200CF007FA02200CF004FA204842
:1006500041685420884700BF4FF478401049088013
:1006600015E01CA010210B46C822CDE90010322154
:100670003C2005F0E0F8C82009F0A8FB4FF6FF7019
:100680004223F022322100903C2004F03BFE11F086
:10069000DAF80028E5D1102111A20B462CE0000069
:1006A0006000002000000020240000207C000020CA
:1006B00048000020400200200D0AC6B4D2F43A25BA
:1006C000730D0A00BDE1B9FB3A25730D0A00000065
:1006D00038010020466F6E74204572726F722100DF
:1006E000CCBDCBF7D5DF53544D333246343037BF12
:1006F000AAB7A2B0E5000000CDE900210290C8220F
:1007000005211E2011F0ABF90020102182A20B461A
:10071000CDE900210290C82219211E2011F09FF975
:100720000020102180A20B46CDE900210290C822B2
:100730002D211E2011F093F9002010217FA20B46DD
:10074000CDE900210290C82241211E2011F087F935
:10075000002010217FA20B46CDE900210290C82283
:1007600055211E2011F07BF9002010217FA20B469D
:10077000CDE900210290C82269211E2011F06FF9F5
:10078000002010217FA20B46CDE900210290C82253
:100790007D211E2011F063F9002010217FA220236B
:1007A000CDE900210290D22291211E2011F057F9AB
:1007B000C3211E20FFF770FD002004900590002447
:1007C00000260027A6E008F1010000F0FF080A203B
:1007D00009F0FCFAC3211E20FFF759FE0546002D43
:1007E00053D0012D06D10CB1601EC4B2002004A963
:1007F000085507E005F1300004A90855072C01DA77
:10080000601CC4B29DF81000E8B16648016804A8F5
:10081000884705468DB12E46012705F08000A0B11E
:1008200005F07F04002004A90855012C0DDD5D486A
:10083000016804A88847064607E0601EC4B200208D
:1008400004A9085501E0002700264FF6FF707E231B
:10085000762269210090462004F054FD10200123E7
:10086000324669210090AE2004F02DFF00201021B7
:1008700004AA0B46CDE900210290C8226921462036
:1008800011F0EDF83846FFF775FE002005F024F86A
:100890000546032D0BD1444890F8300038B9424941
:1008A000886880474FF6FF7001F046F8D4E626B31B
:1008B000012D17D0022D0BD0042D1DD1B74202DA25
:1008C000781CC7B200E001273846FFF753FE13E05B
:1008D000012F02DD781EC7B200E037463846FFF729
:1008E00049FE09E04FF6FF70C123E62291210090F6
:1008F000462004F007FDAFE600BFB8F11E0F09D196
:100900004FF000082948006808B9012000E00020E5
:100910002649086057E70000C6B4D2F4CAE4C8EB21
:10092000B7A8CAB5D1E90000D5FDB5E3D4ADD7D39A
:1009300040414C49454E54454B00000020204B455A
:1009400059323AD0A3D7BC20204B4559303AC7E59D
:10095000B3FD00004B45595F55503AC9CFB7AD20A4
:10096000204B4559313ACFC2B7AD0000CAE4C8EBBD
:100970003A2020202020202020C6A5C5E43A2020AF
:1009800000000000C6B4D2F43A202020202020200D
:1009900020B5B1C7B03A202000000000BDE1B9FB8E
:1009A0003A0000003C0200207C000020A482424269
:1009B000704700BFFEE700BFFEE700BFFEE700BFD5
:1009C000FEE7704770477047704700000CB5002085
:1009D000019000907648006840F4803074490860C7
:1009E00000BF7348006800F4003000900198401C7C
:1009F0000190009818B90198B0F5A04FF1D16C485A
:100A0000006800F4003010B10120009001E00020E7
:100A100000900098012846D165484030006840F0B9
:100A200080506349403108606248006840F44040AB
:100A3000604908605E48083000685D490831086018
:100A40000846006840F4004008600846006840F42A
:100A5000A05008605848091F0860081F006840F04F
:100A60008070091F086000BF5148006800F00070E6
:100A70000028F9D040F20570504908604C48083011
:100A8000006820F003004A49083108600846006801
:100A900040F00200086000BF45480830006800F0E0
:100AA0000C000828F8D10CBD10B54548006840F48A
:100AB0007000434908603E48006840F001003C492E
:100AC000086000203A4908310860394800683D490B
:100AD0000840374908603C48091D0860081F006845
:100AE00020F48020091F0860002031490C31086083
:100AF000FFF76CFF4FF0006031498039086010BD8E
:100B000070B500200022022300240221284D083560
:100B10002D6805F00C0020B1042806D0082834D137
:100B200007E02A4D2A4E356033E02A4D284E3560C5
:100B30002FE01F4D2D1D2D68C5F380541C4D2D1D1C
:100B40002D6805F03F0154B1224DB5FBF1F5184E6B
:100B5000361D3668C6F3881605FB06F209E01B4D04
:100B6000B5FBF1F5124E361D3668C6F3881605FB47
:100B700006F20F4D2D1D2D68C5F301456D1C6B0050
:100B8000B2FBF3F5124E356003E0104D104E3560A8
:100B900000BF00BF064D08352D68C5F303150E4E86
:100BA000705D0B4D2D68C540094E356070BD00006D
:100BB000003802400070004008544007003C0240EA
:100BC00088ED00E0FFFFF6FE103000240024F40062
:100BD0004C00002000127A00500000201CB50121BA
:100BE00020200AF04FF84FF4C060009001208DF8EB
:100BF000040000208DF8060003208DF80500012078
:100C00008DF807006946044809F0BAFA4FF4C0614C
:100C1000014809F031FB1CBD0014024001B5BDF8CC
:100C200000000090BDF80000F849088008BD01B53B
:100C3000BDF800000090BDF80000F449891C088050
:100C400008BD08B5F148801C00880090BDF8000080
:100C500008BDEE4A10804FF0D842A2F880107047CD
:100C600010B504462046FFF7D9FF052009F066F8C5
:100C7000FFF7E7FF10BDE6480089E44908807047A8
:100C8000E249891C0880704730B5014601F01F0415
:100C9000C1F34513CA0AE50205EB43151544A8B292
:100CA00030BD00BF011EA0F10102D0B2FAD17047E1
:100CB00030B504460D46D648808849F24131884215
:100CC00005D0D348808845F21031884214D1D049EC
:100CD0004889FFF7A3FF2012FFF7A9FFE0B2FFF753
:100CE000A6FFCB498889FFF799FF2812FFF79FFFDE
:100CF000E8B2FFF79CFFABE0C548808846F60401E8
:100D000088421DD1C2488079012804D1C04800889A
:100D1000401E001B84B2BE494889FFF77FFF2012A6
:100D2000FFF785FFE0B2FFF782FFB9498889FFF737
:100D300075FF2812FFF77BFFE8B2FFF778FF87E027
:100D4000B348808841F66311884247D1B048807922
:100D5000A8B9AF480088401E001B84B2AC4948893E
:100D6000FFF75CFF0020FFF762FF0020FFF75FFF47
:100D70002012FFF75CFFE0B2FFF759FF16E0A4492D
:100D80004889FFF74BFF2012FFF751FFE0B2FFF752
:100D90004EFF9F490988491EC1F30F20FFF747FF07
:100DA0009B490978491EC8B2FFF741FF98498889D5
:100DB000FFF734FF2812FFF73AFFE8B2FFF737FFDB
:100DC00093494988491EC1F30F20FFF730FF90492E
:100DD0008978491EC8B2FFF72AFF39E08C4880881D
:100DE00045F21051884220D189494889FFF716FF02
:100DF0002012FFF71CFF86494989491C88B2FFF77A
:100E00000DFFE0B2FFF713FF81498889FFF706FF66
:100E10002812FFF70CFF7E498989491C88B2FFF729
:100E2000FDFEE8B2FFF703FF12E079488079012860
:100E300004D177480088401E001B84B27449488959
:100E40002146FFF706FF724988892946FFF701FF0F
:100E500030BD2DE9F04105460E4600240027A0468E
:100E60006B480088A84203DD69484088B04202DC34
:100E70000020BDE8F08131462846FFF719FF64489D
:100E8000808849F24131884211D06148808846F615
:100E9000040188420BD05E48808845F210318842B8
:100EA00005D05B48808841F66311884203D12E202B
:100EB000FFF7B4FE0DE05648808845F21051884295
:100EC00004D14FF43850FFF7A9FE02E02220FFF7CB
:100ED000A5FE4F48808849F22031884202D1022085
:100EE000FFF7DFFEFFF7ADFE04464948808841F674
:100EF0006311884201D12046BBE70220FFF7D1FEF3
:100F0000FFF79FFE04464248808849F241318842FB
:100F10000BD03F48808845F21031884205D03C48CC
:100F2000808845F2105188420AD10220FFF7B9FEAD
:100F3000FFF787FE8046E7B24FF6FF7000EA07270B
:100F40003348808849F22531884216D0304880885D
:100F500044F23551884210D02D488088091F8842BC
:100F60000BD02B4880884BF20551884205D0284889
:100F700080884CF20551884201D1204679E7244807
:100F8000808849F2413188420BD02148808845F25F
:100F90001031884205D01E48808845F210518842A1
:100FA00007D1E012C002B91240EA411040EAE8203D
:100FB0005FE72046FFF768FE5BE700B514488088CE
:100FC00049F24131884211D01148808846F6040127
:100FD00088420BD00E48808845F21031884205D0F7
:100FE0000B48808841F66311884203D12920FFF71E
:100FF00015FE14E00648808845F21051884209D158
:101000004FF42450FFF70AFE09E000007E00006C58
:101010006802002040F273110720FFF71AFE00BD9E
:1010200000B5FD48808849F24131884211D0FA4824
:10103000808846F6040188420BD0F748808845F244
:101040001031884205D0F448808841F66311884207
:1010500003D12820FFF7E2FD0EE0EF48808845F23B
:101060001051884204D14FF42050FFF7D7FD03E020
:1010700000210720FFF7EDFD00BDF0B50546002477
:101080000027E548807901280BD1E348808846F69F
:101090000401884205D0E048808841F66311884207
:1010A00008D1DD488079F0B9DB48808841F66311CA
:1010B000884218D1082D15D2DFE805F00406080A89
:1010C0000C0E101206250DE007250BE0042509E0A3
:1010D000052507E0012505E0002503E0032501E0E3
:1010E000022500BF00BFCC48808849F241318842C8
:1010F00017D0C948808846F60401884211D0C648F6
:10110000808845F2103188420BD0C348808845F270
:101110001051884205D0C048808841F6631188424A
:101120007ED1082D1CD2DFE805F00406090C0F1251
:10113000151800BF14E044F0800411E044F04004AE
:101140000EE044F0C0040BE044F0200408E044F05A
:10115000600405E044F0A00402E044F0E00400BFB5
:1011600000BFAD48808845F21051884202D14FF44B
:10117000585700E03627A848808845F21031884249
:101180000DD0A548808845F21051884207D0A2486A
:10119000808841F66311884201D044F008049E48DB
:1011A000808846F60401884201D144F002042146B9
:1011B0003846FFF74EFD9848808841F66311884213
:1011C0001DD004F0200068B19348008892494988F6
:1011D000884214DA9048068840888F49088008467B
:1011E00046800CE08C4800888B494988884206DD9F
:1011F000894806884088884908800846468086488D
:10120000808845F21051884254D183494889FFF7BC
:1012100005FD0020FFF70BFD7F494989491C00E0CF
:1012200077E088B2FFF7FAFC0020FFF700FD7A496B
:101230004989891C88B2FFF7F1FC77490988491E62
:10124000C1F30F20FFF7F3FC73494989C91C88B229
:10125000FFF7E4FC70490978491EC8B2FFF7E7FCC4
:101260006D498889FFF7DAFC0020FFF7E0FC6A4946
:101270008989491C88B2FFF7D1FC0020FFF7D7FC11
:1012800065498989891C88B2FFF7C8FC6249498889
:10129000491EC1F30F20FFF7CAFC5F498989C91CA9
:1012A00088B2FFF7BBFC5C498978491EC8B2FFF7DA
:1012B000BEFC55E058494889FFF7B0FC0020FFF715
:1012C000B6FC0020FFF7B3FC53490988491EC1F35F
:1012D0000F20FFF7ACFC50490978491EC8B2FFF750
:1012E000A6FC4D498889FFF799FC0020FFF79FFC79
:1012F0000020FFF79CFC48494988491EC1F30F2094
:10130000FFF795FC44498978491EC8B2FFF78FFC66
:1013100026E0082D1CD2DFE805F004070A0D0F12A5
:10132000151844F0300413E044F0100410E044F0C9
:1013300020040DE000BF0BE044F0380408E044F066
:10134000280405E044F0180402E044F0080400BF5B
:1013500000BF032744F4805421463846FFF779FC48
:10136000F0BD30B504460D4629462046FFF7A0FCE7
:10137000FFF781FC294800882949088030BD70B5F5
:1013800004460D4616462448808849F24131884279
:1013900005D02148808845F21031884214D11E4979
:1013A0004889FFF73BFC2012FFF741FCE0B2FFF752
:1013B0003EFC19498889FFF731FC2812FFF737FCFA
:1013C000E8B2FFF734FC93E01348808845F21051EF
:1013D000884227D110494889FFF720FC2012FFF7E7
:1013E00026FC0D494989491C88B2FFF717FCE0B279
:1013F000FFF71DFC08498889FFF710FC2812FFF74A
:1014000016FC05498989491C88B2FFF707FCE8B238
:10141000FFF70DFC6CE00000680200206000002077
:101420008000006CFE48808841F66311884228D114
:10143000FB48807920B9FA480088401E001B84B21E
:10144000F7494889FFF7EAFB2012FFF7F0FBE0B20B
:10145000FFF7EDFB2012FFF7EAFBE0B2FFF7E7FB37
:10146000EF498889FFF7DAFB2812FFF7E0FBE8B2C3
:10147000FFF7DDFB2812FFF7DAFBE8B2FFF7D7FB37
:1014800036E0E748808846F6040188421DD1E448EA
:101490008079012804D1E2480088401E001B84B2F4
:1014A000DF494889FFF7BAFB2012FFF7C0FBE0B223
:1014B000FFF7BDFBDA498889FFF7B0FB2812FFF779
:1014C000B6FBE8B2FFF7B3FB12E0D54880790128FC
:1014D00004D1D3480088401E001B84B2D0494889FB
:1014E0002146FFF7B6FBCE4988892946FFF7B1FBB5
:1014F000CB480089CB4908804FF0D840A0F88060E5
:1015000070BD70B52DED048B0446BE20FFF786FB41
:101510000520FFF78CFB204611F06EF941EC190B0A
:101520009FEDC10B53EC102B11F0B6F941EC180BE9
:1015300011F01EF985B22846FFF779FB0120FFF76D
:1015400076FBFF20FFF773FB0020FFF770FB002006
:10155000FFF76DFBBDEC048B70BD10B50446002C8D
:1015600066D1AF498871F02008804FF4A0704880A0
:101570000846808849F2413188420BD0A8488088CB
:1015800046F60401884205D0A548808845F210310E
:1015900088421AD12C20A24908812A2048812B2078
:1015A00088810846808846F60401884205D09C4818
:1015B000808845F21031884206D14FF4A0709849D6
:1015C00008804FF4F0704880A1E09548808845F28B
:1015D0001051884210D14FF43050914908814FF496
:1015E000285048814FF42C5088814FF4F0700880C7
:1015F0004FF4487048808AE08948808841F663113A
:1016000088420DD12C20864908812B2048812A2030
:1016100088814FF4F07008804FF44870488076E07D
:1016200022207F49088120204881212088816EE086
:1016300001207B4988714FF4A0700880F020488019
:101640000846808849F24131884205D07448808834
:1016500045F21031884207D12C20714908812A2097
:1016600048812B2088813FE06D48808846F6040140
:10167000884207D12C206A4908812B2048812A20E2
:10168000888131E06648808845F21051884210D147
:101690004FF43050624908814FF4285048814FF48C
:1016A0002C5088814FF4487008804FF4F0704880C7
:1016B0001AE05B48808841F6631188420DD12C20E6
:1016C000574908812A2048812B2088814FF448708F
:1016D00008804FF4F070488006E0222050490881CD
:1016E00021204881202088814D48808846F60401C9
:1016F000884205D04A48808845F21031884206D198
:101700004FF4F070464908804FF4A07048800020E4
:10171000FFF7B3FC10BD2DE9F04F86B004460D462F
:101720009046994604EB0800401E86B205EB09007E
:10173000401E87B23A48808849F24131884215D02C
:101740003748808845F2103188420FD0344880886D
:1017500046F60401884209D031488079012826D113
:101760002F48808841F66311884220D12C4948894E
:10177000FFF754FA2012FFF75AFAE0B2FFF757FAD0
:101780003012FFF754FAF0B2FFF751FA2449888972
:10179000FFF744FA2812FFF74AFAE8B2FFF747FAD0
:1017A0003812FFF744FAF8B2FFF741FAC1E01C48DB
:1017B000808841F6631188423DD119480088A0EB2A
:1017C0000800001B84B205EB0900401E1FFA80F9D7
:1017D00013494889FFF722FA2012FFF728FAE0B2EE
:1017E000FFF725FA04EB0801491EC1F30F20FFF7AC
:1017F0001EFA04EB0801491EC8B2FFF718FA08499F
:101800008889FFF70BFA2812FFF711FAE8B2FFF701
:101810000EFA4FEA2920FFF70AFA09F0FF0007E065
:10182000680200207E00006C66666666666604409C
:10183000FFF7FDF97DE0FE48808845F210518842AF
:1018400044D1FB494889FFF7E9F92012FFF7EFF986
:10185000F7494989491C88B2FFF7E0F9E0B2FFF780
:10186000E6F9F3494989891C88B2FFF7D7F93012A4
:10187000FFF7DDF9EE494989C91C88B2FFF7CEF9B7
:10188000F0B2FFF7D4F9EA498889FFF7C7F92812BF
:10189000FFF7CDF9E6498989491C88B2FFF7BEF9FF
:1018A000E8B2FFF7C4F9E2498989891C88B2FFF7D9
:1018B000B5F93812FFF7BBF9DD498989C91C88B22F
:1018C000FFF7ACF9F8B2FFF7B2F932E0D848807907
:1018D00001280ED1AA46BB46D5480088801B401E71
:1018E00080B20190D2480088001B401E80B2009058
:1018F00003E0A246B3460195009750200590512081
:101900000490522003905320029051460598FFF70F
:10191000A0F959460498FFF79CF901990398FFF73D
:1019200098F900990298FFF794F929462046FFF7A5
:10193000BFF906B0BDE8F08F70B504460026BC487C
:10194000058840884543BA48808846F604018842A5
:1019500016D1B7488079012812D10020B449887186
:101960002A2048812B20888100210846FFF7A0F912
:101970000120AF4988712B2048812A20888103E00B
:1019800000210846FFF794F9FFF775F9002602E0F9
:10199000A8480480761CAE42FAD370BD00B5A1B051
:1019A0000020209001217A2009F06CF901210846DD
:1019B00009F0A0F94FF400401E9001208DF87C0042
:1019C00000208DF87E0002208DF87D0001208DF82A
:1019D0007F001EA9984808F0D3FB4CF233701E908C
:1019E00002208DF87C0000208DF87E0003208DF809
:1019F0007D0001208DF87F001EA9904808F0C0FBF3
:101A00004FF680701E9002208DF87C0000208DF82B
:101A10007E0003208DF87D0001208DF87F001EA937
:101A2000874808F0ADFB4FF480501E9002208DF8DF
:101A30007C0000208DF87E0003208DF87D000120C1
:101A40008DF87F001EA97F4808F09AFB4FF4805064
:101A50001E9002208DF87C0000208DF87E0003206F
:101A60008DF87D0001208DF87F001EA9764808F0D2
:101A700087FB0C220021714808F00DFC0C2201218B
:101A80006E4808F008FC0C2204216C4808F003FCA6
:101A90000C220521694808F0FEFB0C22082167484A
:101AA00008F0F9FB0C220921644808F0F4FB0C2231
:101AB0000A21624808F0EFFB0C220E215F4808F073
:101AC000EAFB0C220F215D4808F0E5FB0C22072100
:101AD0005B4808F0E0FB0C220821594808F0DBFBCA
:101AE0000C220921564808F0D6FB0C220A21544842
:101AF00008F0D1FB0C220B21514808F0CCFB0C2242
:101B000011464F4808F0C7FB0C220D214C4808F045
:101B1000C2FB0C220E214A4808F0BDFB0C220F210B
:101B2000474808F0B8FB0C221146464808F0B3FBC2
:101B30000C221146444808F0AEFB0F20089000200C
:101B400009903C200A9000200B900C900D900E9074
:101B500009200190002002900820039000200490AA
:101B600005900690079006200F900020109011908D
:101B7000102012900020139015901490169017903A
:101B80004FF480501890002019904FF480401A9024
:101B900000201B9008A81C9001A81D900FA808F019
:101BA000CEFB0121062008F055FC322008F00EF98A
:101BB00001210020FFF74DF8322008F007F900203E
:101BC000FFF74EF81A49888008468088FF280ADB0C
:101BD000084680884FF6FF71884204D014488088F8
:101BE000B0F5134F7ED1D320FFF718F8FFF729F88F
:101BF0000F498880FFF725F80D498880FFF721F805
:101C00000B498880084680884FF6FF7101EA002062
:101C100007498880FFF715F8054989880843044972
:101C200088800846808849F2413188425AD00DE0C8
:101C3000680200208000006C00040240000C02409A
:101C4000001002400014024000180240BF20FEF7BE
:101C5000E5FFFEF7F6FFFE498880FEF7F2FFFC493C
:101C60008880FEF7EEFFFA498880FEF7EAFFF84920
:101C70008880084680884FF6FF7101EA0020F44909
:101C80008880FEF7DEFFF24989880843F0498880A2
:101C90000846808846F6040188427AD0D420FEF7B0
:101CA000BDFFFEF7CEFFEA498880FEF7CAFFE8498C
:101CB0008880FEF7C6FFE6498880084680884FF690
:101CC000FF7101EA0020E2498880FEF7BAFFE0498F
:101CD00089880843DE4988800846808845F21031AB
:101CE000884200E055E054D04FF45A40FEF796FF8A
:101CF000FEF7A7FFD64988804FF45B40FEF78EFFC2
:101D0000FEF79FFFD2498880084680884FF6FF7112
:101D100001EA0020CE4988804FF45C40FEF77EFF48
:101D2000FEF78FFFCA4989880843C9498880084659
:101D30008088B0F5004F02D145F210508880C44829
:101D4000808845F21051884223D0A120FEF766FF1B
:101D5000FEF777FFBE498880FEF773FFBC49888095
:101D6000084680884FF6FF7101EA0020B849888054
:101D7000FEF767FFB64989880843B5498880084659
:101D8000808845F26171884203D141F66310B04901
:101D90008880AF48808849F24131884211D0AC48F0
:101DA000808845F2103188420BD0A948808845F2DE
:101DB0001051884205D0A648808841F663118842B8
:101DC0001DD1A448006820F00F004FF02041C1F859
:101DD0001C010846D0F81C0120F47060C1F81C01F9
:101DE0000846D0F81C0140F00300C1F81C01084669
:101DF000D0F81C0140F40070C1F81C0128E09448A0
:101E0000808846F60401884205D0914880884CF2CB
:101E1000055188421CD18F48006820F00F004FF018
:101E20002041C1F81C010846D0F81C0120F4706064
:101E3000C1F81C010846D0F81C0140F00A00C1F8A6
:101E40001C010846D0F81C0140F44060C1F81C0198
:101E50007F48818880A00FF0ABFF7D48808849F2E1
:101E6000413188427ED1CF20FEF7D8FE0020FEF718
:101E7000DEFEC120FEF7DBFE3020FEF7D8FEED20AF
:101E8000FEF7CCFE6420FEF7D2FE0320FEF7CFFE65
:101E90001220FEF7CCFE8120FEF7C9FEE820FEF7F7
:101EA000BDFE8520FEF7C3FE1020FEF7C0FE7A209F
:101EB000FEF7BDFECB20FEF7B1FE3920FEF7B7FEE0
:101EC0002C20FEF7B4FE0020FEF7B1FE3420FEF712
:101ED000AEFE0220FEF7ABFEF720FEF79FFE2020AD
:101EE000FEF7A5FEEA20FEF799FE0020FEF79FFE12
:101EF0000020FEF79CFEC020FEF790FE1B20FEF7A0
:101F000096FEC120FEF78AFE0120FEF790FEC52056
:101F1000FEF784FE3020FEF78AFE3020FEF787FEB3
:101F2000C720FEF77BFEB720FEF781FE3620FEF7C6
:101F300075FE4820FEF77BFE3A20FEF76FFE552027
:101F4000FEF775FEB120FEF769FE0020FEF76FFE7A
:101F50001A20FEF76CFEB620FEF760FE0A20FEF7A0
:101F600066FE00E0A5E0A220FEF761FEF220FEF78B
:101F700055FE0020FEF75BFE2620FEF74FFE0120F7
:101F8000FEF755FEE020FEF749FE0F20FEF74FFE5C
:101F90002A20FEF74CFE2820FEF749FE0820FEF717
:101FA00046FE0E20FEF743FE0820FEF740FE5420BA
:101FB000FEF73DFEA920FEF73AFE4320FEF737FE6E
:101FC0000A20FEF734FE0F20FEF731FE0020FEF758
:101FD0002EFE0020FEF72BFE0020FEF728FE00203C
:101FE000FEF725FEE120FEF719FE0020FEF71FFE9A
:101FF0001520FEF71CFE1720FEF719FE0720FEF73E
:1020000016FE1120FEF713FE0620FEF710FE2B2011
:10201000FEF70DFE5620FEF70AFE3C20FEF707FEF7
:102020000520FEF704FE1020FEF701FE0F20FEF74C
:10203000FEFD3F20FEF7FBFD3F20FEF7F8FD0F20E1
:10204000FEF7F5FD2B20FEF7E9FD00200CE0000077
:10205000680200201C0100A0204C43442049443A5F
:1020600025780D0A00000000FEF7E1FD0020FEF7D4
:10207000DEFD0120FEF7DBFD3F20FEF7D8FD2A2024
:10208000FEF7CCFD0020FEF7D2FD0020FEF7CFFDCD
:102090000020FEF7CCFDEF20FEF7C9FD1120FEF772
:1020A000BDFD782007F092FE2920FEF7B7FD03F072
:1020B0001DB9FE48808846F6040188427ED1112071
:1020C000FEF7ACFD142007F081FED020FEF7A6FD40
:1020D0000720FEF7ACFD4220FEF7A9FD1D20FEF70C
:1020E000A6FDD120FEF79AFD0020FEF7A0FD1A20E4
:1020F000FEF79DFD0920FEF79AFDD220FEF78EFD2A
:102100000120FEF794FD2220FEF791FDC020FEF78E
:1021100085FD1020FEF78BFD3B20FEF788FD00209B
:10212000FEF785FD0220FEF782FD1120FEF77FFD00
:10213000C520FEF773FD0320FEF779FDC820FEF7EA
:102140006DFD0020FEF773FD2520FEF770FD2120B8
:10215000FEF76DFD0520FEF76AFD0020FEF767FD26
:102160000A20FEF764FD6520FEF761FD2520FEF7DD
:102170005EFD7720FEF75BFD5020FEF758FD0F2037
:10218000FEF755FD0020FEF752FDF820FEF746FD54
:102190000120FEF74CFDFE20FEF740FD0020FEF77B
:1021A00046FD0220FEF743FD2020FEF737FD3620D6
:1021B000FEF734FD0820FEF73AFD00E02AE03A2061
:1021C000FEF72CFD5520FEF732FD2B20FEF726FDF5
:1021D0000020FEF72CFD0020FEF729FD0120FEF770
:1021E00026FD3F20FEF723FD2A20FEF717FD0020E5
:1021F000FEF71DFD0020FEF71AFD0120FEF717FD7A
:10220000DF20FEF714FD782007F0E0FD2920FEF71F
:1022100005FD4CE7A548808845F21031884240F022
:102220007C87ED20FEF7FAFC0120FEF700FDFE2082
:10223000FEF7FDFCEE20FEF7F1FCDE20FEF7F7FCDA
:102240002120FEF7F4FCF120FEF7E8FC0120FEF768
:10225000EEFCDF20FEF7E2FC1020FEF7E8FCC420D5
:10226000FEF7DCFC8F20FEF7E2FCC620FEF7D6FC72
:102270000020FEF7DCFCE220FEF7D9FCE220FEF7AE
:10228000D6FCE220FEF7D3FCBF20FEF7C7FCAA2055
:10229000FEF7CDFCB020FEF7C1FC0D20FEF7C7FC19
:1022A0000020FEF7C4FC0D20FEF7C1FC0020FEF765
:1022B000BEFC1120FEF7BBFC0020FEF7B8FC192085
:1022C000FEF7B5FC0020FEF7B2FC2120FEF7AFFCC4
:1022D0000020FEF7ACFC2D20FEF7A9FC0020FEF745
:1022E000A6FC3D20FEF7A3FC0020FEF7A0FC5D202D
:1022F000FEF79DFC0020FEF79AFC5D20FEF797FCA0
:102300000020FEF794FCB120FEF788FC8020FEF749
:102310008EFC0020FEF78BFC8B20FEF788FC002053
:10232000FEF785FC9620FEF782FC0020FEF77FFC7E
:10233000B220FEF773FC0020FEF779FC0020FEF7C8
:1023400076FC0220FEF773FC0020FEF770FC0320F1
:10235000FEF76DFC0020FEF76AFCB320FEF75EFC82
:102360000020FEF764FC0020FEF761FC0020FEF771
:102370005EFC0020FEF75BFC0020FEF758FC00200E
:10238000FEF755FC0020FEF752FC0020FEF74FFC44
:102390000020FEF74CFC0020FEF749FC0020FEF771
:1023A00046FC0020FEF743FC0020FEF740FC002026
:1023B000FEF73DFC0020FEF73AFC0020FEF737FC5C
:1023C0000020FEF734FC0020FEF731FC0020FEF771
:1023D0002EFC0020FEF72BFC0020FEF728FC00203E
:1023E000FEF725FC0020FEF722FC0020FEF71FFC74
:1023F000B420FEF713FC8B20FEF719FC0020FEF73B
:1024000016FC9620FEF713FC0020FEF710FCA1201E
:10241000FEF70DFC0020FEF70AFCB520FEF7FEFBE0
:102420000220FEF704FC0020FEF701FC0320FEF76B
:10243000FEFB0020FEF7FBFB0420FEF7F8FB00206C
:10244000FEF7F5FBB620FEF7E9FB0020FEF7EFFBF9
:102450000020FEF7ECFBB720FEF7E0FB0020FEF7C4
:10246000E6FB0020FEF7E3FB3F20FEF7E0FB002049
:10247000FEF7DDFB5E20FEF7DAFB0020FEF7D7FB60
:102480006420FEF7D4FB0020FEF7D1FB8C20FEF782
:10249000CEFB0020FEF7CBFBAC20FEF7C8FB0020F4
:1024A000FEF7C5FBDC20FEF7C2FB01E0680200205E
:1024B0000020FEF7BCFB7020FEF7B9FB0020FEF702
:1024C000B6FB9020FEF7B3FB0020FEF7B0FBEB203D
:1024D000FEF7ADFB0020FEF7AAFBDC20FEF7A7FB12
:1024E0000020FEF7A4FBB820FEF798FB0020FEF7C3
:1024F0009EFB0020FEF79BFB0020FEF798FB0020D0
:10250000FEF795FB0020FEF792FB0020FEF78FFB05
:102510000020FEF78CFB0020FEF789FBBA20FEF7B7
:102520007DFB2420FEF783FB0020FEF780FB0020CC
:10253000FEF77DFB0020FEF77AFBC120FEF76EFB65
:102540002020FEF774FB0020FEF771FB5420FEF7FD
:102550006EFB0020FEF76BFBFF20FEF768FB002000
:10256000FEF765FBC220FEF759FB0A20FEF75FFB72
:102570000020FEF75CFB0420FEF759FB0020FEF76D
:1025800056FBC320FEF74AFB3C20FEF750FB002021
:10259000FEF74DFB3A20FEF74AFB0020FEF747FB13
:1025A0003920FEF744FB0020FEF741FB3720FEF701
:1025B0003EFB0020FEF73BFB3C20FEF738FB0020F3
:1025C000FEF735FB3620FEF732FB0020FEF72FFB2F
:1025D0003220FEF72CFB0020FEF729FB2F20FEF710
:1025E00026FB0020FEF723FB2C20FEF720FB00201B
:1025F000FEF71DFB2920FEF71AFB0020FEF717FB54
:102600002620FEF714FB0020FEF711FB2420FEF726
:102610000EFB0020FEF70BFB2420FEF708FB00203A
:10262000FEF705FB2320FEF702FB0020FEF7FFFA72
:102630003C20FEF7FCFA0020FEF7F9FA3620FEF700
:10264000F6FA0020FEF7F3FA3220FEF7F0FA002047
:10265000FEF7EDFA2F20FEF7EAFA0020FEF7E7FA80
:102660002C20FEF7E4FA0020FEF7E1FA2920FEF71D
:10267000DEFA0020FEF7DBFA2620FEF7D8FA00206B
:10268000FEF7D5FA2420FEF7D2FA0020FEF7CFFAA3
:102690002420FEF7CCFA0020FEF7C9FA2320FEF72B
:1026A000C6FA0020FEF7C3FAC420FEF7B7FA62208C
:1026B000FEF7BDFA0020FEF7BAFA0520FEF7B7FADA
:1026C0000020FEF7B4FA8420FEF7B1FA0020FEF7EE
:1026D000AEFAF020FEF7ABFA0020FEF7A8FA1820B9
:1026E000FEF7A5FA0020FEF7A2FAA420FEF79FFA53
:1026F0000020FEF79CFA1820FEF799FA0020FEF75A
:1027000096FA5020FEF793FA0020FEF790FA0C207C
:10271000FEF78DFA0020FEF78AFA1720FEF787FAF7
:102720000020FEF784FA9520FEF781FA0020FEF7DC
:102730007EFAF320FEF77BFA0020FEF778FAE62017
:10274000FEF775FA0020FEF772FAC520FEF766FA6A
:102750003220FEF76CFA0020FEF769FA4420FEF7FB
:1027600066FA0020FEF763FA6520FEF760FA0020A3
:10277000FEF75DFA7620FEF75AFA0020FEF757FAC8
:102780008820FEF754FA0020FEF751FAC620FEF723
:1027900045FA2020FEF74BFA0020FEF748FA1720F2
:1027A000FEF745FA0020FEF742FA0120FEF73FFA55
:1027B0000020FEF73CFAC720FEF730FA0020FEF7B3
:1027C00036FA0020FEF733FA0020FEF730FA002038
:1027D000FEF72DFAC820FEF721FA0020FEF727FAAF
:1027E0000020FEF724FA0020FEF721FA0020FEF771
:1027F0001EFAC920FEF712FA0020FEF718FA002090
:10280000FEF715FA0020FEF712FA0020FEF70FFA85
:102810000020FEF70CFA0020FEF709FA0020FEF770
:1028200006FA0020FEF703FA0020FEF700FA002067
:10283000FEF7FDF90020FEF7FAF90020FEF7F7F9A0
:102840000020FEF7F4F90020FEF7F1F90020FEF772
:10285000EEF90020FEF7EBF9E020FEF7DFF9162095
:10286000FEF7E5F90020FEF7E2F91C20FEF7DFF99C
:102870000020FEF7DCF92120FEF7D9F90020FEF751
:10288000D6F93620FEF7D3F90020FEF7D0F946201E
:10289000FEF7CDF90020FEF7CAF95220FEF7C7F97E
:1028A0000020FEF7C4F96420FEF7C1F90020FEF70E
:1028B000BEF97A20FEF7BBF90020FEF7B8F98B20AD
:1028C000FEF7B5F90020FEF7B2F99920FEF7AFF94F
:1028D0000020FEF7ACF9A820FEF7A9F90020FEF7CA
:1028E000A6F9B920FEF7A3F90020FEF7A0F9C4204D
:1028F000FEF79DF90020FEF79AF9CA20FEF797F936
:102900000020FEF794F9D220FEF791F90020FEF79F
:102910008EF9D920FEF78BF90020FEF788F9E02028
:10292000FEF785F90020FEF782F9F320FEF77FF924
:102930000020FEF77CF9E120FEF770F91620FEF783
:1029400076F90020FEF773F91C20FEF770F90020DD
:10295000FEF76DF92220FEF76AF90020FEF767F90D
:102960003620FEF764F90020FEF761F94520FEF7F6
:102970005EF90020FEF75BF95220FEF758F90020BF
:10298000FEF755F96420FEF752F90020FEF74FF9E3
:102990007A20FEF74CF90020FEF749F98B20FEF76C
:1029A00046F90020FEF743F99920FEF740F9002090
:1029B000FEF73DF9A820FEF73AF90020FEF737F9B7
:1029C000B920FEF734F90020FEF731F9C420FEF7F4
:1029D0002EF90020FEF72BF9CA20FEF728F9002077
:1029E000FEF725F9D220FEF722F90020FEF71FF9A5
:1029F000D820FEF71CF90020FEF719F9E020FEF7B9
:102A000016F90020FEF713F9F320FEF710F9002065
:102A1000FEF70DF9E220FEF701F90520FEF707F9B0
:102A20000020FEF704F90B20FEF701F90020FEF765
:102A3000FEF81B20FEF7FBF80020FEF7F8F8342024
:102A4000FEF7F5F80020FEF7F2F84420FEF7EFF865
:102A50000020FEF7ECF84F20FEF7E9F80020FEF723
:102A6000E6F86120FEF7E3F80020FEF7E0F87920B1
:102A7000FEF7DDF80020FEF7DAF88820FEF7D7F839
:102A80000020FEF7D4F89720FEF7D1F80020FEF7DB
:102A9000CEF8A620FEF7CBF80020FEF7C8F8B72046
:102AA000FEF7C5F80020FEF7C2F8C220FEF7BFF817
:102AB0000020FEF7BCF8C720FEF7B9F80020FEF7AB
:102AC000B6F8D120FEF7B3F80020FEF7B0F8D62014
:102AD000FEF7ADF80020FEF7AAF8DD20FEF7A7F814
:102AE0000020FEF7A4F8F320FEF7A1F80020FEF77F
:102AF0009EF8E320FEF792F80520FEF798F80020F4
:102B0000FEF795F80A20FEF792F80020FEF78FF8FE
:102B10001C20FEF78CF80020FEF789F83320FEF722
:102B200086F80020FEF783F84420FEF780F80020A6
:102B3000FEF77DF85020FEF77AF80020FEF777F8D0
:102B40006220FEF774F80020FEF771F87820FEF797
:102B50006EF80020FEF76BF88820FEF768F800207A
:102B6000FEF765F89720FEF762F80020FEF75FF8A1
:102B7000A620FEF75CF80020FEF759F8B720FEF714
:102B800056F80020FEF753F8C220FEF750F8002058
:102B9000FEF74DF8C720FEF74AF80020FEF747F889
:102BA000D120FEF744F80020FEF741F8D520FEF7CB
:102BB0003EF80020FEF73BF8DD20FEF738F8002055
:102BC000FEF735F8F320FEF732F80020FEF72FF875
:102BD000E420FEF723F80120FEF729F80020FEF795
:102BE00026F80120FEF723F80020FEF720F8022047
:102BF000FEF71DF80020FEF71AF82A20FEF717F856
:102C00000020FEF714F83C20FEF711F80020FEF734
:102C10000EF84B20FEF70BF80020FEF708F85D20B9
:102C2000FEF705F80020FEF702F87420FDF7FFFF1D
:102C30000020FDF7FCFF8420FDF7F9FF0020FDF7E1
:102C4000F6FF9320FDF7F3FF0020FDF7F0FFA22031
:102C5000FDF7EDFF0020FDF7EAFFB320FDF7E7FFEA
:102C60000020FDF7E4FFBE20FDF7E1FF0020FDF7A7
:102C7000DEFFC420FDF7DBFF0020FDF7D8FFCD20ED
:102C8000FDF7D5FF0020FDF7D2FFD320FDF7CFFFE2
:102C90000020FDF7CCFFDD20FDF7C9FF0020FDF788
:102CA000C6FFF320FDF7C3FF0020FDF7C0FFE520BE
:102CB000FDF7B4FF0020FDF7BAFF0020FDF7B7FFD6
:102CC0000020FDF7B4FF0020FDF7B1FF0220FDF763
:102CD000AEFF0020FDF7ABFF2920FDF7A8FF002085
:102CE000FDF7A5FF3C20FDF7A2FF0020FDF79FFFA9
:102CF0004B20FDF79CFF0020FDF799FF5D20FDF7BD
:102D000096FF0020FDF793FF7420FDF790FF002051
:102D1000FDF78DFF8420FDF78AFF0020FDF787FF78
:102D20009320FDF784FF0020FDF781FFA220FDF72F
:102D30007EFF0020FDF77BFFB320FDF778FF00202A
:102D4000FDF775FFBE20FDF772FF0020FDF76FFF56
:102D5000C420FDF76CFF0020FDF769FFCD20FDF7D3
:102D600066FF0020FDF763FFD320FDF760FF002022
:102D7000FDF75DFFDC20FDF75AFF0020FDF757FF50
:102D8000F320FDF754FF0020FDF751FFE620FDF78B
:102D900045FF1120FDF74BFF0020FDF748FF3420D1
:102DA000FDF745FF0020FDF742FF5620FDF73FFFEE
:102DB0000020FDF73CFF7620FDF739FF0020FDF7EE
:102DC00036FF7720FDF733FF0020FDF730FF662048
:102DD000FDF72DFF0020FDF72AFF8820FDF727FFD4
:102DE0000020FDF724FF9920FDF721FF0020FDF7CB
:102DF0001EFFBB20FDF71BFF0020FDF718FF9920E9
:102E0000FDF715FF0020FDF712FF6620FDF70FFF0D
:102E10000020FDF70CFF5520FDF709FF0020FDF70E
:102E200006FF5520FDF703FF0020FDF700FF4520BA
:102E3000FDF7FDFE0020FDF7FAFE4320FDF7F7FE4B
:102E40000020FDF7F4FE4420FDF7F1FE0020FDF721
:102E5000EEFEE720FDF7E2FE3220FDF7E8FE00205F
:102E6000FDF7E5FE5520FDF7E2FE0020FDF7DFFE51
:102E70007620FDF7DCFE0020FDF7D9FE6620FDF789
:102E8000D6FE0020FDF7D3FE6720FDF7D0FE002020
:102E9000FDF7CDFE6720FDF7CAFE0020FDF7C7FE57
:102EA0008720FDF7C4FE0020FDF7C1FE9920FDF745
:102EB000BEFE0020FDF7BBFEBB20FDF7B8FE0020E4
:102EC000FDF7B5FE9920FDF7B2FE0020FDF7AFFE3D
:102ED0007720FDF7ACFE0020FDF7A9FE4420FDF7AA
:102EE000A6FE0020FDF7A3FE5620FDF7A0FE002061
:102EF000FDF79DFE2320FDF79AFE0020FDF797FECB
:102F00003320FDF794FE0020FDF791FE4520FDF7EC
:102F10008EFE0020FDF78BFEE820FDF77FFE0020EF
:102F2000FDF785FE0020FDF782FE9920FDF77FFE6C
:102F30000020FDF77CFE8720FDF779FE0020FDF7DD
:102F400076FE8820FDF773FE0020FDF770FE7720E7
:102F5000FDF76DFE0020FDF76AFE6620FDF767FEB7
:102F60000020FDF764FE8820FDF761FE0020FDF7DC
:102F70005EFEAA20FDF75BFE0020FDF758FEBB2099
:102F8000FDF755FE0020FDF752FE9920FDF74FFE9C
:102F90000020FDF74CFE6620FDF749FE0020FDF7FE
:102FA00046FE5520FDF743FE0020FDF740FE55206C
:102FB000FDF73DFE0020FDF73AFE4420FDF737FE09
:102FC0000020FDF734FE4420FDF731FE0020FDF720
:102FD0002EFE5520FDF72BFE0020FDF728FEE920F0
:102FE000FDF71CFEAA20FDF722FE0020FDF71FFEC4
:102FF0000020FDF71CFE0020FDF719FE0020FDF764
:103000000DFEAA20FDF713FECF20FDF707FE0020DE
:10301000FDF70DFE0020FDF70AFE0020FDF707FE7C
:103020000020FDF704FE0020FDF701FE0020FDF763
:10303000FEFD0020FDF7FBFD0020FDF7F8FD002060
:10304000FDF7F5FD0020FDF7F2FD0020FDF7EFFD97
:103050000020FDF7ECFD0020FDF7E9FD0020FDF765
:10306000E6FD0020FDF7E3FD0020FDF7E0FD002078
:10307000FDF7DDFDF020FDF7D1FD0020FDF7D7FDC8
:103080005020FDF7D4FD0020FDF7D1FD0020FDF715
:10309000CEFD0020FDF7CBFDF320FDF7BFFD0020A6
:1030A000FDF7C5FDF920FDF7B9FD0620FDF7BFFDD1
:1030B0001020FDF7BCFD2920FDF7B9FD0020FDF72C
:1030C000B6FD3A20FDF7AAFD5520FDF7B0FD112011
:1030D000FDF7A4FD642006F079FE2920FDF79EFD92
:1030E0003520FDF79BFD0020FDF7A1FD5120FDF7E8
:1030F00095FDFF20FDF79BFD5320FDF78FFD2C2054
:10310000FDF795FD5520FDF789FD8220FDF78FFD28
:103110002C20FDF783FD02F0E9B8FE48808845F2D7
:10312000105188427ED155214FF47040FDF791FD3A
:10313000AA214FF20100FDF78CFD52214FF202004F
:10314000FDF787FD08214FF20300FDF782FD012105
:103150004FF20400FDF77DFD0D214FF43040FDF7E7
:1031600078FD0D214BF20100FDF773FD0D214BF2AF
:103170000200FDF76EFD34214FF43640FDF769FD86
:1031800034214BF20160FDF764FD34214BF2026003
:10319000FDF75FFD0D214FF43140FDF75AFD0D2184
:1031A0004BF20110FDF755FD0D214BF20210FDF71A
:1031B00050FD34214FF43740FDF74BFD34214BF2E5
:1031C0000170FDF746FD34214BF20270FDF741FD21
:1031D00000214FF43240FDF73CFD00214BF201206D
:1031E000FDF737FD00214BF20220FDF732FD2421CF
:1031F0004FF43840FDF72DFD24214BF60100FDF77B
:1032000028FD24214BF60200FDF723FD01214FF498
:103210003F40FDF71EFD0F214FF43340FDF719FD30
:103220000F2100E0FEE34BF20130FDF712FD0F210C
:103230004BF20230FDF70DFD34214FF43940FDF71C
:1032400008FD34214BF60110FDF703FD34214BF648
:103250000210FDF7FEFC08214FF43540FDF7F9FCA4
:1032600008214BF20150FDF7F4FC08214BF202500B
:10327000FDF7EFFC03214FF44240FDF7EAFC242167
:103280004FF43A40FDF7E5FC24214BF60120FDF711
:10329000E0FC24214BF60220FDF7DBFC00214FF47B
:1032A0003C40FDF7D6FC78214BF60140FDF7D1FC00
:1032B00000214BF60240FDF7CCFC00214FF43D40CD
:1032C000FDF7C7FC78214BF60150FDF7C2FC002149
:1032D0004BF60250FDF7BDFC00214FF43E40FDF7D8
:1032E000B8FC64214BF60160FDF7B3FC00214FF4FC
:1032F0005140FDF7AEFC33214DF20110FDF7A9FC62
:1033000000214DF20210FDF7A4FC34214DF2031010
:10331000FDF79FFC00214DF20410FDF79AFC3A21C5
:103320004DF20510FDF795FC00214DF20610FDF75A
:1033300090FC4A214DF20710FDF78BFC00214DF265
:103340000810FDF786FC5C214DF20910FDF781FCA9
:1033500000214DF20A10FDF77CFC81214DF20B108B
:10336000FDF777FC00214DF20C10FDF772FCA62151
:103370004DF20D10FDF76DFC00214DF20E10FDF722
:1033800068FCE5214DF20F10FDF763FC01214DF2C1
:103390001010FDF75EFC13214DF21110FDF759FCE2
:1033A00001214DF21210FDF754FC54214DF213107F
:1033B000FDF74FFC01214DF21410FDF74AFC82216C
:1033C0004DF21510FDF745FC01214DF21610FDF7E9
:1033D00040FCCA214DF21710FDF73BFC02214DF2D3
:1033E0001810FDF736FC00214DF21910FDF731FCE5
:1033F00002214DF21A10FDF72CFC01214DF21B1099
:10340000FDF727FC02214DF21C10FDF722FC3421B0
:103410004DF21D10FDF71DFC02214DF21E10FDF7AF
:1034200018FC67214DF21F10FDF713FC02214DF22D
:103430002010FDF70EFC84214DF22110FDF709FC50
:1034400002214DF22210FDF704FCA4214DF22310BD
:10345000FDF7FFFB02214DF22410FDF7FAFBB72127
:103460004DF22510FDF7F5FB02214DF22610FDF778
:10347000F0FBCF214DF22710FDF7EBFB02214DF2BF
:103480002810FDF7E6FBDE214DF22910FDF7E1FBE8
:1034900002214DF22A10FDF7DCFBF2214DF22B1038
:1034A000FDF7D7FB02214DF22C10FDF7D2FBFE21D8
:1034B0004DF22D10FDF7CDFB03214DF22E10FDF73F
:1034C000C8FB10214DF22F10FDF7C3FB03214DF275
:1034D0003010FDF7BEFB33214DF23110FDF7B9FB83
:1034E00003214DF23210FDF7B4FB6D214DF2331084
:1034F000FDF7AFFB00214FF45240FDF7AAFB33214B
:103500004DF20120FDF7A5FB00214DF20220FDF751
:10351000A0FB01E06802002034214DF20320FDF7FA
:1035200098FB00214DF20420FDF793FB3A214DF268
:103530000520FDF78EFB00214DF20620FDF789FBEB
:103540004A214DF20720FDF784FB00214DF20820AF
:10355000FDF77FFB5C214DF20920FDF77AFB00218E
:103560004DF20A20FDF775FB81214DF20B20FDF78E
:1035700070FB00214DF20C20FDF76BFBA6214DF2F4
:103580000D20FDF766FB00214DF20E20FDF761FBDB
:10359000E5214DF20F20FDF75CFB01214DF21020DB
:1035A000FDF757FB13214DF21120FDF752FB0121CE
:1035B0004DF21220FDF74DFB54214DF21320FDF783
:1035C00048FB01214DF21420FDF743FB82214DF20F
:1035D0001520FDF73EFB01214DF21620FDF739FBCA
:1035E000CA214DF21720FDF734FB02214DF21820BD
:1035F000FDF72FFB00214DF21920FDF72AFB0221D8
:103600004DF21A20FDF725FB01214DF21B20FDF79D
:1036100020FB02214DF21C20FDF71BFB34214DF253
:103620001D20FDF716FB02214DF21E20FDF711FBB8
:1036300067214DF21F20FDF70CFB02214DF22020E7
:10364000FDF707FB84214DF22120FDF702FB02214B
:103650004DF22220FDF7FDFAA4214DF22320FDF7C3
:10366000F8FA02214DF22420FDF7F3FAB7214DF2CA
:103670002520FDF7EEFA02214DF22620FDF7E9FAAA
:10368000CF214DF22720FDF7E4FA02214DF2282048
:10369000FDF7DFFADE214DF22920FDF7DAFA0221EB
:1036A0004DF22A20FDF7D5FAF2214DF22B20FDF73D
:1036B000D0FA02214DF22C20FDF7CBFAFE214DF27B
:1036C0002D20FDF7C6FA03214DF22E20FDF7C1FA99
:1036D00010214DF22F20FDF7BCFA03214DF23020CE
:1036E000FDF7B7FA33214DF23120FDF7B2FA03218D
:1036F0004DF23220FDF7ADFA6D214DF23320FDF78A
:10370000A8FA00214FF45340FDF7A3FA33214DF2FC
:103710000130FDF79EFA00214DF20230FDF799FAD3
:1037200034214DF20330FDF794FA00214DF20430BC
:10373000FDF78FFA3A214DF20530FDF78AFA0021A4
:103740004DF20630FDF785FA4A214DF20730FDF7BC
:1037500080FA00214DF20830FDF77BFA5C214DF232
:103760000930FDF776FA00214DF20A30FDF771FAC3
:1037700081214DF20B30FDF76CFA00214DF20C3037
:10378000FDF767FAA6214DF20D30FDF762FA002130
:103790004DF20E30FDF75DFAE5214DF20F30FDF7E9
:1037A00058FA01214DF21030FDF753FA13214DF272
:1037B0001130FDF74EFA01214DF21230FDF749FAB2
:1037C00054214DF21330FDF744FA01214DF214302B
:1037D000FDF73FFA82214DF21530FDF73AFA01214B
:1037E0004DF21630FDF735FACA214DF21730FDF7CC
:1037F00030FA02214DF21830FDF72BFA00214DF27C
:103800001930FDF726FA02214DF21A30FDF721FAA0
:1038100001214DF21B30FDF71CFA02214DF21C3044
:10382000FDF717FA34214DF21D30FDF712FA02218F
:103830004DF21E30FDF70DFA67214DF21F30FDF7F6
:1038400008FA02214DF22030FDF703FA84214DF2EF
:103850002130FDF7FEF902214DF22230FDF7F9F992
:10386000A4214DF22330FDF7F4F902214DF224306A
:10387000FDF7EFF9B7214DF22530FDF7EAF9022106
:103880004DF22630FDF7E5F9CF214DF22730FDF757
:10389000E0F902214DF22830FDF7DBF9DE214DF28F
:1038A0002930FDF7D6F902214DF22A30FDF7D1F982
:1038B000F2214DF22B30FDF7CCF902214DF22C30E4
:1038C000FDF7C7F9FE214DF22D30FDF7C2F90321B6
:1038D0004DF22E30FDF7BDF910214DF22F30FDF7DE
:1038E000B8F903214DF23030FDF7B3F933214DF231
:1038F0003130FDF7AEF903214DF23230FDF7A9F971
:103900006D214DF23330FDF7A4F900214FF45440FE
:10391000FDF79FF933214DF20140FDF79AF900219F
:103920004DF20240FDF795F934214DF20340FDF7C9
:1039300090F900214DF20440FDF78BF93A214DF248
:103940000540FDF786F900214DF20640FDF781F9AB
:103950004A214DF20740FDF77CF900214DF2084065
:10396000FDF777F95C214DF20940FDF772F900216E
:103970004DF20A40FDF76DF981214DF20B40FDF744
:1039800068F900214DF20C40FDF763F9A6214DF2D4
:103990000D40FDF75EF900214DF20E40FDF759F99B
:1039A000E5214DF20F40FDF754F901214DF2104091
:1039B000FDF74FF913214DF21140FDF74AF90121AE
:1039C0004DF21240FDF745F954214DF21340FDF739
:1039D00040F901214DF21440FDF73BF982214DF2EF
:1039E0001540FDF736F901214DF21640FDF731F98A
:1039F000CA214DF21740FDF72CF902214DF2184073
:103A0000FDF727F900214DF21940FDF722F90221B7
:103A10004DF21A40FDF71DF901214DF21B40FDF753
:103A200018F900E004E302214DF21C40FDF711F902
:103A300034214DF21D40FDF70CF902214DF21E40DC
:103A4000FDF707F967214DF21F40FDF702F902214A
:103A50004DF22040FDF7FDF884214DF22140FDF7A5
:103A6000F8F802214DF22240FDF7F3F8A4214DF2BF
:103A70002340FDF7EEF802214DF22440FDF7E9F86E
:103A8000B7214DF22540FDF7E4F802214DF2264022
:103A9000FDF7DFF8CF214DF22740FDF7DAF80221DC
:103AA0004DF22840FDF7D5F8DE214DF22940FDF713
:103AB000D0F802214DF22A40FDF7CBF8F2214DF269
:103AC0002B40FDF7C6F802214DF22C40FDF7C1F85E
:103AD000FE214DF22D40FDF7BCF803214DF22E40A2
:103AE000FDF7B7F810214DF22F40FDF7B2F8032192
:103AF0004DF23040FDF7ADF833214DF23140FDF786
:103B0000A8F803214DF23240FDF7A3F86D214DF2E4
:103B10003340FDF79EF800214FF45540FDF799F82A
:103B200033214DF20150FDF794F800214DF202507F
:103B3000FDF78FF834214DF20350FDF78AF800218C
:103B40004DF20450FDF785F83A214DF20550FDF78E
:103B500080F800214DF20650FDF77BF84A214DF226
:103B60000750FDF776F800214DF20850FDF771F887
:103B70005C214DF20950FDF76CF800214DF20A501E
:103B8000FDF767F881214DF20B50FDF762F8002137
:103B90004DF20C50FDF75DF8A6214DF20D50FDF7EA
:103BA00058F800214DF20E50FDF753F8E5214DF283
:103BB0000F50FDF74EF801214DF21050FDF749F876
:103BC00013214DF21150FDF744F801214DF212502E
:103BD000FDF73FF854214DF21350FDF73AF801215B
:103BE0004DF21450FDF735F882214DF21550FDF7D6
:103BF00030F801214DF21650FDF72BF8CA214DF295
:103C00001750FDF726F802214DF21850FDF721F864
:103C100000214DF21950FDF71CF802214DF21A5007
:103C2000FDF717F801214DF21B50FDF712F80221A4
:103C30004DF21C50FDF70DF834214DF21D50FDF7EB
:103C400008F802214DF21E50FDF703F867214DF2EE
:103C50001F50FCF7FEFF02214DF22050FCF7F9FF48
:103C600084214DF22150FCF7F4FF02214DF2225045
:103C7000FCF7EFFFA4214DF22350FCF7EAFF0221ED
:103C80004DF22450FCF7E5FFB7214DF22550FCF72B
:103C9000E0FF02214DF22650FCF7DBFFCF214DF271
:103CA0002750FCF7D6FF02214DF22850FCF7D1FF38
:103CB000DE214DF22950FCF7CCFF02214DF22A50B3
:103CC000FCF7C7FFF2214DF22B50FCF7C2FF022197
:103CD0004DF22C50FCF7BDFFFE214DF22D50FCF7AC
:103CE000B8FF03214DF22E50FCF7B3FF10214DF227
:103CF0002F50FCF7AEFF03214DF23050FCF7A9FF27
:103D000033214DF23150FCF7A4FF03214DF2325024
:103D1000FCF79FFF6D214DF23350FCF79AFF002115
:103D20004FF45640FCF795FF33214DF20160FCF74C
:103D300090FF00214DF20260FCF78BFF34214DF221
:103D40000360FCF786FF00214DF20460FCF781FF61
:103D50003A214DF20560FCF77CFF00214DF2066030
:103D6000FCF777FF4A214DF20760FCF772FF002154
:103D70004DF20860FCF76DFF5C214DF20960FCF725
:103D800068FF00214DF20A60FCF763FF81214DF2CC
:103D90000B60FCF75EFF00214DF20C60FCF759FF51
:103DA000A6214DF20D60FCF754FF00214DF20E608C
:103DB000FCF74FFFE5214DF20F60FCF74AFF0121B0
:103DC0004DF21060FCF745FF13214DF21160FCF736
:103DD00040FF01214DF21260FCF73BFF54214DF2F0
:103DE0001360FCF736FF01214DF21460FCF731FF40
:103DF00082214DF21560FCF72CFF01214DF2166077
:103E0000FCF727FFCA214DF21760FCF722FF0221C1
:103E10004DF21860FCF71DFF00214DF21960FCF710
:103E200018FF02214DF21A60FCF713FF01214DF239
:103E30001B60FCF70EFF02214DF21C60FCF709FF2E
:103E400034214DF21D60FCF704FF02214DF21E608B
:103E5000FCF7FFFE67214DF21F60FCF7FAFE02211E
:103E60004DF22060FCF7F5FE84214DF22160FCF755
:103E7000F0FE02214DF22260FCF7EBFEA4214DF290
:103E80002360FCF7E6FE02214DF22460FCF7E1FE20
:103E9000B7214DF22560FCF7DCFE02214DF22660D1
:103EA000FCF7D7FECF214DF22760FCF7D2FE0221AE
:103EB0004DF22860FCF7CDFEDE214DF22960FCF7C3
:103EC000C8FE02214DF22A60FCF7C3FEF2214DF23A
:103ED0002B60FCF7BEFE02214DF22C60FCF7B9FE10
:103EE000FE214DF22D60FCF7B4FE03214DF22E6051
:103EF000FCF7AFFE10214DF22F60FCF7AAFE032164
:103F00004DF23060FCF7A5FE33214DF23160FCF735
:103F1000A0FE03214DF23260FCF79BFE6D214DF2B5
:103F20003360FCF796FE55214FF47040FCF791FE8C
:103F3000AA214FF20100FCF78CFE52214FF2020041
:103F4000FCF787FE08214FF20300FCF782FE0021F8
:103F50004FF20400FCF77DFECC214FF43140FCF71A
:103F600078FE00214BF20110FCF773FE05214FF49F
:103F70003640FCF76EFE70214FF43740FCF769FEC7
:103F800070214BF20170FCF764FE01214FF43840C0
:103F9000FCF75FFE03214BF60100FCF75AFE0321FC
:103FA0004BF60200FCF755FE03214BF60300FCF72D
:103FB00050FE02214FF43C40FCF74BFE00214BF633
:103FC0000140FCF746FE00214BF60240FCF741FEA3
:103FD000D0214FF44940FCF73CFE02214CF6011081
:103FE000FCF737FE50214CF60210FCF732FE502150
:103FF0004CF60310FCF72DFE50214CF60410FCF794
:1040000028FE00214FF45450FCF723FE55214FF4B5
:104010006850FCF71EFE4FF48850FCF7FFFD782037
:1040200005F08CFE4FF42450FCF7F8FD01F05EB96A
:10403000FE48808849F2253188427DD147F6F0015B
:10404000E520FCF706FE4FF480710120FCF701FE2D
:104050004FF4E0610220FCF7FCFD41F23001032047
:10406000FCF7F7FD00210420FCF7F3FD40F20221EC
:104070000820FCF7EEFD00210920FCF7EAFD0021F5
:104080000A20FCF7E6FD00210C20FCF7E2FD0021F0
:104090000D20FCF7DEFD00210F20FCF7DAFD0021EA
:1040A0001020FCF7D6FD07211120FCF7D2FD0021DE
:1040B0001220FCF7CEFD00211320FCF7CAFD0021E1
:1040C0000720FCF7C6FD41F290611020FCF7C1FD0E
:1040D00040F227211120FCF7BCFD9D211220FCF7A6
:1040E000B8FD4FF4C8511320FCF7B3FD252129205A
:1040F000FCF7AFFD0D212B20FCF7ABFD0721302095
:10410000FCF7A7FD40F203313120FCF7A2FD0321AB
:104110003220FCF79EFD40F206213520FCF799FD88
:1041200008213620FCF795FD40F206413720FCF7C8
:1041300090FD4FF4417100E058E03820FCF789FD14
:1041400007213920FCF785FD40F202613C20FCF795
:1041500080FD08213D20FCF77CFD00215020FCF76C
:1041600078FDEF215120FCF774FD00215220FCF76F
:1041700070FD40F23F115320FCF76BFD4FF42741D7
:104180006020FCF766FD01216120FCF762FD002143
:104190006A20FCF75EFD00218020FCF75AFD00211B
:1041A0008120FCF756FD00218220FCF752FD002102
:1041B0008320FCF74EFD00218420FCF74AFD0021FE
:1041C0008520FCF746FD10219020FCF742FD4FF4BE
:1041D000C0619220FCF73DFD40F233110720FCF74F
:1041E00038FD22210020FCF734FD1FE78F4880882E
:1041F00049F2283188427DD141F28F01EC20FCF751
:1042000028FD41F23421EF20FCF723FD4FF48071AB
:104210000120FCF71EFD4FF4E0610220FCF719FDC0
:1042200041F230010320FCF714FD00210420FCF7CB
:1042300010FD40F202210820FCF70BFD00210920AF
:10424000FCF707FD00210A20FCF703FD01210C20EB
:10425000FCF7FFFC00210D20FCF7FBFC00210F20E8
:10426000FCF7F7FC00211020FCF7F3FC07211120DC
:10427000FCF7EFFC00211220FCF7EBFC00211320DF
:10428000FCF7E7FC01210720FCF7E3FC322005F0F6
:104290009DFD41F290411020FCF7DBFC40F227210C
:1042A0001120FCF7D6FC322005F090FD8A21122067
:1042B000FCF7CFFC322005F089FD4FF4D0511320DC
:1042C000FCF7C7FC06212920FCF7C3FC0D212B209D
:1042D000FCF7BFFC322005F079FD00212020FCF71F
:1042E000B8FC00212120FCF7B4FC322005F06EFD63
:1042F000002100E075E03020FCF7ABFC40F20461E7
:104300003120FCF7A6FC40F205313220FCF7A1FC7D
:1043100000213520FCF79DFC40F609413620FCF7D2
:1043200098FC4FF401713720FCF793FC40F2013107
:104330003820FCF78EFC40F207713920FCF789FC2D
:1043400000213C20FCF785FC40F60A213D20FCF7CB
:1043500080FC322005F03AFD00215020FCF779FC6A
:10436000EF215120FCF775FC00215220FCF771FC75
:1043700040F23F115320FCF76CFC4FF427416020C2
:10438000FCF767FC01216120FCF763FC00216A2037
:10439000FCF75FFC00218020FCF75BFC0021812002
:1043A000FCF757FC00218220FCF753FC00218320FE
:1043B000FCF74FFC00218420FCF74BFC00218520FA
:1043C000FCF747FC10219020FCF743FC4FF4C06140
:1043D0009220FCF73EFC40F233110720FCF739FC39
:1043E00024E61248808849F2203188427ED100219B
:1043F0000846FCF72EFC4FF480710120FCF729FCE5
:104400004FF4E0610220FCF724FC41F2300103206C
:10441000FCF71FFC00210420FCF71BFC40F20221EA
:104420000820FCF716FC0021092001E068020020AA
:10443000FCF70FFC00210A20FCF70BFC01210C20EB
:10444000FCF707FC00210D20FCF703FC00210F20E6
:10445000FCF7FFFB322005F0B9FC40F20111072008
:10446000FCF7F7FB322005F0B1FC4FF48651102029
:10447000FCF7EFFB07211120FCF7EBFB4FF48871F1
:104480001220FCF7E6FB4FF430611320FCF7E1FB50
:1044900000212920FCF7DDFB44F210012B20FCF762
:1044A000D8FB00215020FCF7D4FBEF215120FCF772
:1044B000D0FB00215220FCF7CCFB40F23F115320EF
:1044C000FCF7C7FB4FF41C516020FCF7C2FB012135
:1044D0006120FCF7BEFB00216A20FCF7BAFB00213B
:1044E0008020FCF7B6FB0021812000E030E0FCF7E3
:1044F000B0FB00218220FCF7ACFB00218320FCF7FD
:10450000A8FB00218420FCF7A4FB00218520FCF7F8
:10451000A0FB10219020FCF79CFB00219220FCF7CF
:1045200098FB01219320FCF794FB4FF488719520B0
:10453000FCF78FFB00219720FCF78BFB00219820D4
:10454000FCF787FB40F273110720FCF782FB6DE557
:10455000FE48808849F2313188427DD141F2140110
:10456000E720FCF776FB4FF480710120FCF771FB2C
:104570004FF400710220FCF76CFB41F2380103207C
:10458000FCF767FB40F202210820FCF762FB0021E8
:104590000920FCF75EFB00210A20FCF75AFB0021F2
:1045A0000C20FCF756FB00210D20FCF752FB0021EC
:1045B0000F20FCF74EFB00211020FCF74AFB0721DF
:1045C0001120FCF746FB00211220FCF742FB0021E2
:1045D0001320FCF73EFBC82005F0F8FB41F2906188
:1045E0001020FCF736FB40F227211120FCF731FBAD
:1045F000322005F0EBFB0C211220FCF72AFB3220C5
:1046000005F0E4FB4FF400611320FCF722FB1121BD
:104610002920FCF71EFB0B212B20FCF71AFB322074
:1046200005F0D4FB00212020FCF713FB40F23F11E2
:104630002120FCF70EFB00213020FCF70AFB4FF491
:1046400083713120FCF705FB00213220FCF701FBD0
:104650004FF40171352000E064E0FCF7FAFA41F212
:104660000A613620FCF7F5FA40F207713720FCF7B3
:10467000F0FA4FF483713820FCF7EBFA40F207713F
:104680003920FCF7E6FA40F202413C20FCF7E1FA5F
:1046900040F60F413D20FCF7DCFA00215020FCF7EA
:1046A000D8FAEF215120FCF7D4FA00215220FCF770
:1046B000D0FA40F23F115320FCF7CBFA4FF41C51D3
:1046C0006020FCF7C6FA01216120FCF7C2FA002144
:1046D0006A20FCF7BEFA00218020FCF7BAFA00211C
:1046E0008120FCF7B6FA00218220FCF7B2FA002103
:1046F0008320FCF7AEFA00218420FCF7AAFA0021FF
:104700008520FCF7A6FA10219020FCF7A2FA4FF4BE
:10471000C0619220FCF79DFA40F233110720FCF7AC
:1047200098FA83E48948808845F2084188427DD11F
:104730004FF480710120FCF78CFA4FF4E061022005
:10474000FCF787FA41F230010320FCF782FA0021DE
:104750000420FCF77EFA40F207210820FCF779FAE2
:1047600000210920FCF775FA00210A20FCF771FAF4
:1047700000210C20FCF76DFA00210D20FCF769FAEE
:1047800000210F20FCF765FA142005F01FFB41F211
:10479000B0611020FCF75DFA01211120FCF759FAF5
:1047A00001211720FCF755FA4FF49C711220FCF7F9
:1047B00050FA4FF400611320FCF74BFA092129202D
:1047C000FCF747FA09212A20FCF743FA0021A4202C
:1047D000FCF73FFA00215020FCF73BFAEF21512073
:1047E000FCF737FA00215220FCF733FA40F23F1170
:1047F0005320FCF72EFA4FF41C516020FCF729FAE5
:1048000001216120FCF725FA00216A20FCF721FA3A
:1048100000218020FCF71DFA00218120FCF719FA05
:1048200000218220FCF715FA002100E024E083201B
:10483000FCF70FFA00218420FCF70BFA00218520F9
:10484000FCF707FA13219020FCF703FA00219220CD
:10485000FCF7FFF903219320FCF7FBF94FF4887173
:104860009520FCF7F6F940F273110720FCF7F1F9F7
:10487000322005F0ABFAB8E43448808841F20551A3
:1048800088427DD100210720FCF7E3F9322005F0B2
:104890009DFA4FF48E711220FCF7DBF90121A42060
:1048A000FCF7D7F90F210820FCF7D3F908210A20DB
:1048B000FCF7CFF908210D20FCF7CBF940F2077186
:1048C0003020FCF7C6F907213120FCF7C2F940F28D
:1048D00003613220FCF7BDF94FF4E0613320FCF7AF
:1048E000B8F940F202213420FCF7B3F90221352057
:1048F000FCF7AFF941F60F713620FCF7AAF940F248
:1049000007713720FCF7A5F900213820FCF7A1F941
:1049100000213920FCF79DF940F207713A20FCF79D
:1049200098F900213B20FCF794F907213C20FCF783
:1049300090F900213D20FCF78CF9322005F046FA71
:1049400001210720FCF785F9012101E06802002020
:104950001720FCF77EF9322005F038FA4FF4BD51EC
:104960001020FCF776F940F217211120FCF771F9BD
:104970004FF48F711220FCF76CF94FF4706100E076
:1049800098E01320FCF765F900212A20FCF761F973
:104990000A212920FCF75DF94FF49F711220FCF7E2
:1049A00058F900215020FCF754F9EF215120FCF771
:1049B00050F900215220FCF74CF940F23F115320EE
:1049C000FCF747F94FF41C516020FCF742F9012134
:1049D0006120FCF73EF900216A20FCF73AF900213A
:1049E0008020FCF736F900218120FCF732F9002104
:1049F0008220FCF72EF900218320FCF72AF9002100
:104A00008420FCF726F900218520FCF722F91321E8
:104A10009020FCF71EF94FF440719220FCF719F931
:104A200005219320FCF715F900219520FCF711F9D9
:104A300000219720FCF70DF900219820FCF709F9D7
:104A40004FF480710120FCF704F94FF4E06102207B
:104A5000FCF7FFF841F238010320FCF7FAF80021D7
:104A60000420FCF7F6F800210C20FCF7F2F80021F6
:104A70000F20FCF7EEF800212020FCF7EAF80021D7
:104A80002120FCF7E6F821210720FCF7E2F81420AA
:104A900005F09CF961210720FCF7DBF8142005F0F4
:104AA00095F940F273110720FCF7D3F8142005F0B4
:104AB0008DF995E4FE4880884BF2055188427CD1FF
:104AC00000210846FCF7C5F800210846FCF7C1F8AC
:104AD00000210846FCF7BDF800210846FCF7B9F8AC
:104AE0000121A420FCF7B5F8142005F06FF94FF46C
:104AF0001C516020FCF7ADF840F202210820FCF7C1
:104B0000A8F84FF405713020FCF7A3F843F21571B3
:104B10003120FCF79EF840F204613220FCF799F84E
:104B200040F616613320FCF794F842F2112134204C
:104B3000FCF78FF84FF4A8513520FCF78AF848F2BB
:104B400007513620FCF785F841F207413720FCF782
:104B500080F841F203413820FCF77BF8202139200E
:104B6000FCF777F81A219020FCF773F80021102049
:104B7000FCF76FF807211120FCF76BF800211220D9
:104B8000FCF767F800211320FCF763F8142005F008
:104B90001DF94FF4E6611020FCF75BF840F2371185
:104BA0001120FCF756F8142005F010F94FF4DC71D1
:104BB0001220FCF74EF8142000E085E005F006F91D
:104BC0004FF470611320FCF744F880212A20FCF791
:104BD00040F848212920FCF73CF8142005F0F6F8AD
:104BE0004FF480710120FCF734F84FF4E0610220AB
:104BF000FCF72FF841F238010320FCF72AF840F2C5
:104C000002210820FCF725F800210A20FCF721F8F2
:104C100000210C20FCF71DF800210D20FCF719F8ED
:104C200030210E20FCF715F800215020FCF711F878
:104C3000EF215120FCF70DF800215220FCF709F874
:104C400040F23F115320FCF704F84FF41C51602050
:104C5000FBF7FFFF01216120FBF7FBFF00216A202A
:104C6000FBF7F7FF11219020FBF7F3FF4FF4C06132
:104C70009220FBF7EEFF40F202419320FBF7E9FFA1
:104C800002219420FBF7E5FF142005F09FF8012195
:104C90000720FBF7DEFF142005F098F861210720BC
:104CA000FBF7D7FF40F273110720FBF7D2FF00217B
:104CB0002020FBF7CEFF00212120FBF7CAFF222195
:104CC0000020FBF7C6FF11E3794880884CF20551BC
:104CD00088427CD100210846FBF7BBFF0021084633
:104CE000FBF7B7FF142005F071F800210846FBF729
:104CF000B0FF00210846FBF7ACFF00210846FBF798
:104D0000A8FF00210846FBF7A4FF0121A420FBF720
:104D1000A0FF142005F05AF84FF41C516020FBF757
:104D200098FF40F606010820FBF793FF40F203715D
:104D30003020FBF78EFF01213120FBF78AFF042191
:104D40003220FBF786FF4FF481713320FBF781FFA0
:104D50004FF440713420FBF77CFF40F20311352003
:104D6000FBF777FF1F213620FBF773FF40F203713B
:104D70003720FBF76EFF01213820FBF76AFF042183
:104D80003920FBF766FF15219020FBF762FF4FF4F7
:104D900082611020FBF75DFF40F247211120FBF7F5
:104DA00058FF4FF4DE711220FBF753FF4FF46061A0
:104DB0001320FBF74EFF782005F008F84FF48071C0
:104DC0000120FBF746FF4FF40071022000E052E0A3
:104DD000FBF73FFF41F230010320FBF73AFF0821C8
:104DE0000A20FBF736FF00210C20FBF732FF2021C1
:104DF0000E20FBF72EFF00210F20FBF72AFF0021DA
:104E00002020FBF726FF00212120FBF722FF3D2178
:104E10002A20FBF71EFF142004F0D8FF2D212920A3
:104E2000FBF717FF00215020FBF713FF4DF2EF01B6
:104E30005120FBF70EFF00215220FBF70AFF40F242
:104E40003F115320FBF705FF00216120FBF701FF15
:104E500000216A20FBF7FDFE4FF440719220FBF722
:104E6000F8FE05219320FBF7F4FE4FF48071072034
:104E7000FBF7EFFE3AE20E48808844F23151884257
:104E80007ED101210020FBF7E4FE0A2004F09EFF02
:104E900041F228611020FBF7DCFE0E211220FBF707
:104EA000D8FE40F639211320FBF7D3FE0A2001E09B
:104EB0006802002004F08AFF40211120FBF7C9FEA0
:104EC00050211520FBF7C5FE0A2004F07FFF1E21AC
:104ED0001220FBF7BEFE0A2004F078FF4FF4B15118
:104EE0001020FBF7B6FE42F639211320FBF7B1FE86
:104EF0000A2004F06BFF4FF480710120FBF7A9FE3C
:104F00004FF440710220FBF7A4FE41F23801032068
:104F1000FBF79FFE40F202210820FBF79AFE0821D2
:104F20000A20FBF796FE00213020FBF792FE40F2AC
:104F300002413120FBF78DFE4FF483713220FBF7E5
:104F400088FE40F203513320FBF783FE4FF4827159
:104F50003420FBF77EFE40F201313520FBF779FE6D
:104F600040F207713620FBF774FE40F2053137201E
:104F7000FBF76FFE4FF402713820FBF76AFE00E08A
:104F80003EE040F60B713920FBF763FE0221412021
:104F9000FBF75FFE4FF41C516020FBF75AFE012126
:104FA0006120FBF756FE4FF404719020FBF751FE91
:104FB0004FF485719220FBF74CFE04219320FBF700
:104FC00048FE4FF48071A020FBF743FE012107202B
:104FD000FBF73FFE21210720FBF73BFE23210720A3
:104FE000FBF737FE33210720FBF733FE40F2331186
:104FF0000720FBF72EFE0021A020FBF72AFE75E11B
:10500000F748808844F2355188427CD13021152000
:10501000FBF71FFE10219A20FBF71BFE2021112019
:10502000FBF717FE43F228411020FBF712FE022186
:105030001220FBF70EFE41F238011320FBF709FEA8
:10504000282004F0C3FE12210846FBF702FE2820A8
:1050500004F0BCFE43F220411020FBF7FAFD43F2BE
:1050600038011320FBF7F5FD462004F0AFFE0021C8
:105070003020FBF7EEFD40F202413120FBF7E9FD65
:1050800040F207313220FBF7E4FD4FF44171332049
:10509000FBF7DFFD04213420FBF7DBFD40F201418B
:1050A0003520FBF7D6FD40F207713620FBF7D1FD26
:1050B00040F205313720FBF7CCFD4FF4C2613820B8
:1050C000FBF7C7FD4FF4C2613920FBF7C2FD4FF477
:1050D00080710120FBF7BDFD4FF440710220FBF70A
:1050E000B8FD41F230010320FBF7B3FD40F60801A3
:1050F0000820FBF7AEFD08210A20FBF7AAFD4FF4BC
:105100001C51602000E033E0FBF7A3FD012161208A
:10511000FBF79FFD4FF49F719020FBF79AFD4FF432
:1051200080719220FBF795FD4FF480719320FBF77F
:1051300090FD4FF44051A020FBF78BFD1021A320E0
:10514000FBF787FD01210720FBF783FD21210720C5
:10515000FBF77FFD23210720FBF77BFD3321072091
:10516000FBF777FD40F233110720FBF772FDBDE03E
:105170009B48808841F663118842F8D1E220FBF712
:105180004DFD1D20FBF753FD0220FBF750FD0420D1
:10519000FBF74DFD642004F0D1FDE020FBF73EFD60
:1051A0000120FBF744FD0A2004F010FEE020FBF78D
:1051B00035FD0320FBF73BFD0C2004F007FE01202A
:1051C000FBF72CFD0A2004F001FEE620FBF726FD8C
:1051D0002F20FBF72CFDFF20FBF729FDFF20FBF71D
:1051E00026FDB020FBF71AFD2020FBF720FD002054
:1051F000FBF71DFD0320FBF71AFD40F21F30FBF704
:1052000016FD0120FBF713FD40F2DF10FBF70FFD49
:105210000020FBF70CFDB420FBF700FD0420FBF79A
:1052200006FD40F21F40FBF702FD0020FBF7FFFCEC
:105230002E20FBF7FCFC0020FBF7F9FC0020FBF71D
:10524000F6FC0020FBF7F3FC0020FBF7F0FCB62097
:10525000FBF7E4FC0220FBF7EAFC4FF40370FBF7DA
:10526000E6FC0020FBF7E3FC1720FBF7E0FC152031
:10527000FBF7DDFC0020FBF7DAFC0020FBF7D7FC96
:10528000F020FBF7CBFC0320FBF7D1FC2920FBF738
:10529000C5FCD020FBF7C2FC0020FBF7C8FCBE20F9
:1052A000FBF7BCFC0520FBF7C2FCFE20FBF7BFFCB4
:1052B0000120FBF7BCFC0020FBF7B9FC0020FBF74A
:1052C000B6FC0020FBF7B3FCB820FBF7A7FC0320DB
:1052D000FBF7ADFC0120FBF7AAFCBA20FBF79EFC14
:1052E0000120FBF7A4FC6420FCF70BF90020FCF77D
:1052F00034F901203B4908604FF6FF70FCF71CFBB6
:1053000021B000BD2DE9FC4F05460E4617469846D4
:10531000DDF82C90002001903148808846F6040189
:10532000884229D12E488079012825D1AB463546BF
:105330002B480088C01B401E86B24746284800887C
:10534000A0EB0B00401E1FFA80F800202449887152
:105350002A2048812B20888143463A4631462846F8
:10536000CDF80090FFF7CEFF01201D4988712B205A
:1053700048812A2088811DE0781B401C80B2019062
:10538000344615E021462846FBF792FCFBF773FCF8
:105390004FF0000A07E04FF0D840A0F880900AF1E3
:1053A00001001FFA80FA01988245F4DB601C84B288
:1053B0004445E7DDBDE8FC8F2DE9F84F07460D4673
:1053C00090469946DDF828B0A8EB0700401C1FFA6C
:1053D00080FAA9EB0500401C80B20090002418E080
:1053E00068020020BC824042281981B23846FBF78F
:1053F0005FFCFBF740FC002607E004FB0A603BF87B
:105400001000F8490880701C86B25645F5DB601C18
:1054100084B200988442E7DBBDE8F88F2DE9FF4FA6
:1054200084B081468A460020039002900698A0EB43
:1054300009050798A0EB0A06CDF80490CDF800A066
:10544000002D01DD012705E00DB9002702E04FF036
:10545000FF376D42002E02DD4FF0010806E016B95D
:105460004FF0000802E04FF0FF387642B54201DD10
:105470002C4600E034464FF0000B21E0009A91B238
:10548000019A90B2FBF76DFF0398284403900298AD
:10549000304402900398A04205DD0398001B03905E
:1054A0000198384401900298A04205DD0298001B43
:1054B00002900098404400900BF101001FFA80FB1D
:1054C000601C8345DADD08B0BDE8F08FF0B5044616
:1054D0000D4616461F462B46324629462046FFF704
:1054E0009DFF3B46224629462046FFF797FF3B4655
:1054F000324639462046FFF791FF3B463246294661
:105500003046FFF78BFFF0BD2DE9F04306460F460E
:105510009046002445460320A0EB48093CE07A1B56
:1055200091B2321990B2FBF71CFF3A1B91B272197B
:1055300090B2FBF716FF3A1991B2721990B2FBF7CD
:1055400010FF7A1991B2321990B2FBF70AFF7A195B
:1055500091B2321B90B2FBF704FF3A1991B2721B61
:1055600090B2FBF7FEFE7A1B91B2321B90B2FBF7B2
:10557000F8FE3A1B91B2721B90B2FBF7F2FE641C6C
:10558000B9F1000F03DAA000801D814404E0601B24
:1055900080000A3081446D1EAC42C0DDBDE8F0835E
:1055A0002DE9F84F80460E4617461C46B346204666
:1055B000E31704EB5373DB1021464FEAE47C04EB62
:1055C0005C7C4FEAEC0CA4EBCC0CBCF1000F02D0DD
:1055D0004FF0010C01E04FF0000C6344224604EB55
:1055E000D27C4FEA6C0C03FB0CF3DBB20093A7F107
:1055F0002000C7B2002556E00C2C07D107EB47006E
:10560000794901EB800010F8059013E0102C05D1CA
:10561000764800EB071010F805900BE0182C07D126
:1056200007EBC700724901EB800010F8059001E01C
:10563000BDE8F88F4FF0000A2FE009F0800030B18C
:105640006C48028831464046FBF799FE07E00A980D
:1056500028B96948028831464046FBF790FE4FEA78
:1056600049604FEA1069701C86B264484088B042B5
:1056700000DCDDE7A6EB0B00A0420AD15E4608F194
:1056800001001FFA80F85D480088404500DCCFE744
:1056900006E00AF1010000F0FF0ABAF1080FCCDBC6
:1056A00000BF681CC5B200988542A5DB00BFBFE7FC
:1056B00010B50246012000E050430B1EA1F1010489
:1056C000E1B2F9D110BD2DE9FF4F81B007469146F7
:1056D0001E460E9D4FF0000A002439E0301B401E8C
:1056E000C1B20A20FFF7E4FFB9FBF0F00A21B0FBDA
:1056F000F1F201FB1208BAF1000F16D1701EA042A0
:1057000013DDB8F1000F0ED10020AB4605EBDB71C5
:10571000491001FB0471009088B22B4620220299A7
:10572000FFF73EFF12E04FF0010A0020AB4605EB09
:10573000DB71491001FB0471009088B208F130015F
:10574000CAB22B460299FFF72BFF00BF601CC4B200
:10575000B442C3DB05B0BDE8F08F2DE9FF4F82B046
:10576000064692461F46DDE90F48002001900025BD
:105770005CE0781B401EC1B20A20FFF799FFBAFB1C
:10578000F0F00A21B0FBF1F201FB1209019840BBD5
:10579000781EA84236DDB9F1000F31D108F0800043
:1057A00078B108F00100A34604EBDB71491001FB5E
:1057B0000561009088B2234630220399FFF7F0FE7E
:1057C0000EE008F00100A34604EBDB71491001FB79
:1057D0000561009088B2234620220399FFF7E0FE7E
:1057E00022E00FE08000006C702F0108E433010814
:1057F000D439010860000020620000206802002007
:105800000120019008F00100A34604EBDB71491070
:1058100001FB0561009088B209F13001CAB223464C
:105820000399FFF7BDFE00BF681CC5B2BD42A0DBF7
:1058300006B0BDE8F08F2DE9F84704460D469046C6
:105840009946DDE9096704F0FF0A08EB04001FFA36
:1058500080F809EB05001FFA80F916E0444502DBE9
:105860005446A81985B24D4500DB14E00020009095
:105870003A78334629462046FFF792FE304606EB3B
:10588000D07104EB61018CB27F1C38787E2802DC79
:1058900038782028E2DA00BFBDE8F8871CB501217E
:1058A000112005F0EFF91C20009000208DF8040075
:1058B00003208DF8050001208DF807006946354862
:1058C00004F05EFC0120009002208DF8070069467C
:1058D000314804F055FC1CBD10B5044614B101203C
:1058E0002E4908702D480078002837D0102129480B
:1058F00004F0A8FC78B10821264804F0A3FC50B1BC
:105900000421244804F09EFC28B10121224804F01F
:1059100099FC012822D10A2004F058FA00201F49DE
:10592000087010211B4804F08DFC08B9012010BD3F
:105930000821184804F086FC08B90220F7E7042182
:10594000144804F07FFC08B90320F0E70121124855
:1059500004F078FC01281BD10420E8E710210D4851
:1059600004F070FC012813D108210A4804F06AFCF5
:1059700001280DD10421074804F064FC012807D157
:105980000121054804F05EFC10B9012003490870AC
:105990000020CCE70010024000000240640000201C
:1059A0001CB50121022005F06DF94FF44070009004
:1059B00001208DF8040000208DF8060003208DF8EA
:1059C000050001208DF807006946894804F0D8FBDE
:1059D0000120884908608849C1F8A4021CBD10B59F
:1059E0008348006820F44020814908600846006828
:1059F00040F48020086001207E49091D08607E492E
:105A0000C1F8A002042004F099F900207949091D89
:105A10000860042004F092F900207749C1F8A00240
:105A200010BD10B57248006820F44020704908602D
:105A30000846006840F48020086000206D49086036
:105A40006D49C1F8A402042004F078F901206949E5
:105A500008606949C1F8A402042004F06FF910BD80
:105A600010B500246248006820F4402060490860B6
:105A700008460068086001205E49091D086004F0BE
:105A80005DF901205C49C1F8A00204F057F907E074
:105A9000601CC4B2FA2C03DDFFF7C3FF012010BD68
:105AA00054487C3800680028F2D15249086000BF91
:105AB000F5E710B500204F4908604D48006820F414
:105AC00040204B4908600846006840F48020086088
:105AD00000204949C1F8A402022004F02FF9012056
:105AE00044490860022004F029F900204249C1F825
:105AF000A00210BD10B500203E4908603C48006877
:105B000020F440203A4908600846006840F48020AC
:105B1000086001203849C1F8A402022004F00EF9FF
:105B2000012034490860022004F008F900203249BD
:105B3000C1F8A00210BD70B504462D48006820F4DD
:105B400040202B4908600846006840F48020086027
:105B5000002028490860002517E0E0092549091DB3
:105B600008606006040E022004F0E8F801202249D3
:105B7000C1F8A002022004F0E1F800201D490860ED
:105B8000022004F0DBF8681CC5B2082DE5DB70BD0F
:105B900070B5054600241648006820F440201449DA
:105BA0000860084600680860002616E000201149D9
:105BB0000860022004F0C2F801200F49C1F8A002D9
:105BC0006006040E0B487C38006808B1601CC4B243
:105BD000012004F0B3F8701CC6B2082EE6DB15B93C
:105BE000FFF788FF01E0FFF764FF204670BD00006B
:105BF00000040240A08240420080404210B5FFF7FE
:105C0000CFFE10BD70B504460026FFF7E8FE25461E
:105C1000E11704EB11610912A02202EB4101C8B2A5
:105C2000FFF789FFFFF71CFFE11704EB1161091271
:105C3000A4EB0121C8B2FFF77EFFFFF711FFFFF7CA
:105C4000CEFEA120FFF777FFFFF70AFF0020FFF746
:105C50009FFF0646FFF7E5FE304670BD70B504466F
:105C60000E46FFF7BCFE2546E11704EB1161091251
:105C7000A02202EB4101C8B2FFF75DFFFFF7F0FE83
:105C8000E11704EB11610912A4EB0121C8B2FFF77F
:105C900052FFFFF7E5FE3046FFF74DFFFFF7E0FE4E
:105CA000FFF7BFFE0A2004F091F870BD2DE9F04126
:105CB00005460E461746002409E0E20026FA02F2E5
:105CC000D1B22A1990B2FFF7C9FF601CC4B2BC421E
:105CD000F3DBBDE8F0812DE9F04107460C460026D4
:105CE000002509E036023919491B491E88B2FFF721
:105CF00089FF0644681CC5B2A542F3DB3046BDE807
:105D0000F08110B5FF20FFF77DFF0446552C01D12F
:105D1000002010BD5521FF20FFF7A0FFFF20FFF757
:105D200071FF0446552C01D10020F2E70120F0E775
:105D300070B506460C46154608E03046721C96B211
:105D4000FFF760FF04F8010B681E85B2002DF4D147
:105D500070BD70B505460C46164606E0217828460B
:105D6000FFF77CFF681C85B2641C301EA6F10101A0
:105D70008EB2F3D170BD000010B5044600BF022101
:105D8000414805F0CFFF0028F9D021463E4805F0F4
:105D900080FF00BF01213C4805F0C4FF0028F9D076
:105DA000394805F073FFC0B210BD00B587B00121BE
:105DB000084604F067FF0121080304F0BDFF382006
:105DC000059002208DF8180000208DF81A0003209D
:105DD0008DF8190001208DF81B0005A92B4804F04F
:105DE000CFF905220321294804F055FA05220421A0
:105DF000264804F050FA05221146244804F04BFAD4
:105E00000121080304F0EDFF00214FF4805004F05D
:105E1000E8FF0020ADF800004FF48270ADF80200FA
:105E20000020ADF804000220ADF806000120ADF816
:105E300008004002ADF80A003820ADF80C00002040
:105E4000ADF80E000720ADF8100069460E4805F0C9
:105E5000A5FD01210C4805F09BFEFF20FFF78CFFFC
:105E600007B000BD10B50446074800884FF6C7715B
:105E70000840054908800846008820430880012121
:105E8000014805F085FE10BD0030014000040240CD
:105E900010B500240020D84908609020FFF76CFF5F
:105EA0000020FFF769FF0020FFF766FF0020FFF7E3
:105EB00063FFFF20FFF760FF44EA0024FF20FFF7A5
:105EC0005BFF04430120CD49C1F8B802204610BD54
:105ED0001CB50121022004F0D5FE0121402004F070
:105EE000D1FE4FF48040009001208DF80400002086
:105EF0008DF8060003208DF8050001208DF80700BD
:105F00006946BF4804F03CF9802000906946BD48CE
:105F100004F036F98021BB4804F0AEF90120B649FF
:105F20000860FFF742FF0820FFF79CFFFFF7B0FF74
:105F3000B54908801CBD10B500240020AE4908609A
:105F40000520FFF719FFFF20FFF716FF0446012089
:105F5000AA49C1F8B802204610BD10B50446002079
:105F6000A54908600120FFF707FF2046FFF704FF5F
:105F70000120A249C1F8B80210BD10B500209E4909
:105F800008600620FFF7F8FE01209C49C1F8B8021E
:105F900010BD10B50020984908600420FFF7ECFE02
:105FA00001209649C1F8B80210BD2DE9F04106461E
:105FB0000C4617460020904908600320FFF7DCFEDE
:105FC000C4F30740FFF7D8FEC4F30720FFF7D4FE61
:105FD000E0B2FFF7D1FE002505E0FF20FFF7CCFE81
:105FE0007055681C85B2BD42F7DB0120824908600C
:105FF000BDE8F08110B500BFFFF79DFF00F0010084
:106000000028F9D110BD2DE9F04106460C4617468F
:10601000FFF7B3FF0020784908600220FFF7ACFECD
:10602000C4F30740FFF7A8FEC4F30720FFF7A4FE60
:10603000E0B2FFF7A1FE002504E0705DFFF79CFED3
:10604000681C85B2BD42F8DB01206B490860FFF790
:10605000D1FFBDE8F0812DE9F04107460E46144618
:10606000F0B2C0F58075AC4200DC254612E02A464D
:1060700031463846FFF7C7FFAC4200D10BE02F4452
:106080002E44601B84B2B4F5807F02DD4FF480752E
:1060900000E02546EBE700BFBDE8F08110B50446FF
:1060A00021465AA00BF084FE2403FFF766FFFFF79A
:1060B000A1FF0020504908602020FFF75DFEC4F3D7
:1060C0000740FFF759FEC4F30720FFF755FEE0B283
:1060D000FFF752FE01204949C1F8B802FFF78AFFD5
:1060E00010BD2DE9F05F81460F461646DFF824B15A
:1060F0004FEA1738C7F30B0ACAF58054A64200DCF2
:10610000344644E04FEA08314FF480525846FFF7D6
:106110004CFF002508E00AEB05001BF80000FF28F3
:1061200000D003E0681C85B2A542F4DB00BFA542A5
:1061300016DA4046FFF7B2FF002507E019F8050020
:1061400005EB0A010BF80100681C85B2A542F5DBDE
:106150004FEA08314FF480525846FFF77CFF04E0C5
:10616000224639464846FFF776FFA64200D10FE0A7
:1061700008F101084FF0000AA1442744301B86B201
:10618000B6F5805F02DD4FF4805400E03446B9E795
:1061900000BFBDE8F09F10B5FFF7EFFEFFF72AFF45
:1061A000002015490860C720FFF7E6FD01201349CC
:1061B000C1F8B802FFF71EFF10BD10B500200E4950
:1061C0000860B920FFF7D8FD01200C49C1F8B802DA
:1061D000032003F0B3FD10BD10B500200649086090
:1061E000AB20FFF7C9FD01200449C1F8B802032024
:1061F00003F0A4FD10BD0000B88240420080404280
:1062000000040240001802406600002066653A253E
:10621000780D0A00760200200020FE490860091D62
:106220000860091D0860091D0860FA4924310860EA
:10623000091D0860091D0860F748F64938310860F3
:106240000020091D0860704701460020012900D088
:1062500011B9F24B197000E0262070470146ED4A53
:10626000121D106820F0FF0008431060704770B5E1
:10627000044606E0E7483430056805F0450000B103
:1062800000E0F7E700BF042005F042F920B1042048
:1062900005F049F9032070BD012005F039F920B15E
:1062A000012005F040F90120F5E7DA4810300068D8
:1062B000A04201D01020EEE740F2FF5005F033F984
:1062C000D4481430006808210840C0B2E3E72DE943
:1062D000FC4107460D460026002400200090019056
:1062E0000820CF49086010204860402088600020C6
:1062F000C8604FF480600861084605F076F8102009
:10630000FFF7B5FF044614B12046BDE8FC81C5483F
:1063100000880004C2490860372048604020886037
:106320000020C8604FF480600861084605F05DF801
:106330003720FFF79CFF04460CB12046E5E74FF0FD
:10634000FF30B9490860082048603020886002208A
:10635000C8600020086101204861084605F071F816
:106360000020AF490860332048604020886000204A
:10637000C8604FF480600861084605F036F83320A5
:10638000FFF775FF04460CB12046BEE70DE04FF461
:10639000001005F0BDF840B19E48803000684DF80F
:1063A0002600761C022E00D307E09A48343000689D
:1063B00040F22A6108400028E9D000BF082005F01B
:1063C000A7F820B1082005F0AEF804209DE70220D0
:1063D00005F09EF820B1022005F0A5F8022094E710
:1063E000202005F095F820B1202005F09CF806202B
:1063F0008BE74FF4007005F08BF828B14FF4007074
:1064000005F091F8072080E740F2FF5005F08BF887
:1064100000980006009901F47F4140EA01200099AC
:1064200001F47F0140EA1120009940EA11606860A0
:1064300001980006019901F47F4140EA0120019989
:1064400001F47F0140EA1120019940EA11602860BF
:1064500020465AE77CB505460024002000900190B4
:1064600000260DB1022600E000266A4814300068BC
:1064700000F0007008B10E207CBD6A49098888B21E
:106480006946FFF724FF04460CB12046F4E7019863
:1064900000F4802060B3634800880004604908600D
:1064A00037204860402088600020C8604FF480603A
:1064B0000861084604F099FF3720FFF7D8FE04462C
:1064C0000CB12046D8E7564806600620544948607B
:1064D000402088600020C8604FF480600861084652
:1064E00004F083FF0620FFF7C2FE04462046C3E700
:1064F0002520C1E770B5044600254C4800780328E4
:1065000002D12725284670BD4848007838B1474851
:106510000078012803D045480078022819D1B4F545
:10652000805F02D127252846EDE7E0B2FFF792FF12
:10653000054675B93748001D006820F4C05035493C
:10654000091D086008460068204308600846006886
:1065500008602846D7E710B5044631480460072094
:106560002F494860402088600020C8604FF4806058
:106570000861084604F039FF0720FFF778FE10BDD8
:10658000F0B5014600200022284B1B7881F85630D8
:10659000244B1B88A1F85430254B1B681A0E930915
:1065A0000B70C2F383034B7002F003038B70204B1C
:1065B0001B68C3F30742CA701D4B1B88C3F3072235
:1065C0000A711B4B1A784A715B681A0E1301CB8053
:1065D000174B5B68C3F30742CB8843EA1213CB80A7
:1065E00002F00F030B72124B9B88C3F30722D309EF
:1065F0004B72C2F380138B72C2F34013CB72C2F39F
:1066000000130B7300234B73084B1B78C3B1074B6C
:106610001B780FE0002C0140FF07C0007000002035
:10662000901200206C000020A412002068000020BE
:10663000BC120020012B03D0FE4B1B78032B4FD143
:1066400093071B0D0B61FC4B1A790B6943EA82031C
:106650000B61F94B9B681A0E0B6943EA92130B61AD
:10666000C2F3C2030B7502F007034B75F24B9B6834
:10667000C3F3074253098B75C2F38203CB759307AB
:106680005B0F0B76EC4B1B89C3F307220B7E43EAAF
:10669000D2130B760B695B1C0024C1E912340B7E0C
:1066A0009B1C012606FA03F3DE17D1E91245A4FB71
:1066B000037C05FB03C304FB0633C1E912730C7AA8
:1066C0000123A3400B650024D1E912560B6DA5FBF5
:1066D000037C06FB03C305FB0433C1E912732CE002
:1066E000D44B1B78022B28D1D34B1A7993069B0AE3
:1066F0000B61D14B9B681A0E0B6943EA02230B61B5
:10670000CD4B9B68C3F307420B6913430B61CA4B24
:106710001B89C3F307220B695B1C4FF40074A3FBB6
:10672000043566000027A3FB064C05FB06C503FBEA
:106730000753C1E9124373100B65C2F3801301F8CC
:10674000193F93065B0E4B70BB4B1A7A4B7843EAAA
:10675000D2134B7002F07F038B70B74BDB681A0EBD
:10676000D309CB70C2F341130B71C2F382034B7197
:1067700093071B0F8B71B04BDB68C3F307428B7918
:1067800043EA92138B71C2F34013CB7100230B7257
:1067900002F001034B72A84B9B89C3F30722D30974
:1067A0008B72C2F38013CB72C2F340130B73C2F32C
:1067B00000134B73C2F381038B7302F00303CB739B
:1067C0009D4B1A7B53080B7401234B749B4B1B6826
:1067D0001A0ECA741939994B1B68C3F30742140285
:1067E000CC85964B1B88C3F30722CB8D1343CB85F7
:1067F000924B1A7814060C635B681A0E0B6B43EA13
:1068000002440C638D4B5B68C3F307420B6B43EA96
:1068100002240C63894B9B88C3F307220B6B134341
:106820000B63864B1A7934235A54844B9B681A0E97
:1068300035235A54814B9B68C3F3074214068C637B
:106840007E4B1B89C3F307228B6B43EA02448C63A4
:106850007A4B1A7A8B6B43EA02248C63774BDB68A2
:106860001A0E8B6B13438B63744BDB68C3F30742C5
:106870003C235B5C43EA12143C235C5413071C0D5D
:10688000CC876E4B9B89C3F30722CB8F1343CB87F7
:106890006A4B1A7B540840235C54012441235C5406
:1068A000F0BD70B500264FF4803505E064480468FB
:1068B00004F0450000B103E0281EA5F10105F5D163
:1068C00000BF15B104F0040028B10326042004F031
:1068D0002AFE304670BD012004F01AFE18B10126D0
:1068E000012004F020FE40F2FF5004F01CFE304670
:1068F000F0E72DE9F04105460E464FF0000805E0AF
:106900004F48076807F0450000B100E0F8E700BF16
:10691000042004F0FDFD28B1042004F004FE03204F
:10692000BDE8F081012004F0F3FD20B1012004F066
:10693000FAFD0120F4E7424824380068A84201D05B
:106940001020EDE740F2FF5004F0EDFD3C48203808
:10695000046804F4604018B9200C30804046DFE73A
:1069600004F4005008B11320DAE704F4804008B1C1
:106970001020D5E704F4004008B10F20D0E74046CE
:10698000CEE738B500240120009004F028FD10B9AE
:106990002524204638BD27480078042825D000202B
:1069A0002849086002204860C02088600020C86034
:1069B0004FF480600861084604F017FDFFF771FF8F
:1069C00004460CB12046E5E71D48203800681B4905
:1069D00008601B481C38006848601948183800686F
:1069E0008860174814380068C8601248007858B1A9
:1069F00010480078012807D00E480078062803D0F8
:106A00000C480078022821D100200E49086003209C
:106A10004860402088600020C8604FF480600861B2
:106A2000084604F0E2FC69460320FFF762FF0446D3
:106A300064B109E068000020BC120020CC120020E4
:106A4000342C0140901200202046A3E7FE48007835
:106A5000032816D1BDF800000004FC49086003209B
:106A60004860402088600020C8604FF48060086162
:106A7000084604F0BAFCFFF714FF04460CB12046A8
:106A800088E7F148007804282AD0BDF80000F049D2
:106A90000860BDF800000004EC4908600920486067
:106AA000C02088600020C8604FF4806008610846FC
:106AB00004F09BFCFFF7F5FE04460CB1204669E7A5
:106AC000E4480068E4490860E248001D0068486046
:106AD000E048083000688860DE480C300068C86014
:106AE000002057E710B506E0DA482030046804F0CB
:106AF000450000B100E0F7E700BF042004F008FD06
:106B000020B1042004F00FFD032010BD40F2FF501F
:106B100004F009FD0020F8E770B500264FF4803539
:106B200006E0CC482030046804F0450000B103E0E2
:106B3000281EA5F10105F4D100BF15B104F0040031
:106B400028B10326042004F0EEFC304670BD04F0AA
:106B5000400018B10026402004F0E5FC3046F5E77F
:106B600070B500254FF4803404E0802004F0D0FCA0
:106B700000B103E0201EA4F10104F6D100BF0CB95E
:106B8000032070BD40F2FF5004F0CDFC2846F8E72A
:106B90002DE9F0470027002400260025A046A14645
:106BA0007620AE4908750020086048608860C8609B
:106BB0000861084604F0EFFB032004F00CFCA54834
:106BC0001038006840F48070A2491039086000BF96
:106BD00012E000209D49086048608860C8604FF45A
:106BE00080600861084604F000FCFFF7B9FF044626
:106BF00004B903E0781CC7B24A2FEADB00BF14B126
:106C00002046BDE8F0874FF4D57090490860082011
:106C10004860402088600020C8604FF480600861B0
:106C2000084604F0E2FBFFF777FF044624B9012091
:106C3000854908704FF0804900208449086037205A
:106C40004860402088600020C8604FF48060086180
:106C5000084604F0CAFB3720FFF709FB0446002C66
:106C60004BD134E00020794908603720486040204B
:106C700088600020C8604FF480600861084604F016
:106C8000B4FB3720FFF7F3FA04460CB12046B8E70F
:106C9000734849EA00006D49086029204860402097
:106CA00088600020C8604FF480600861084604F0E6
:106CB0009CFBFFF717FF04460CB12046A1E765488F
:106CC0000668012080EAD67080F001086D1CB8F1DA
:106CD000000F03D14FF6FF708542C3D34FF6FF700C
:106CE000854202D31B2420468BE706F08040061E17
:106CF00032D00220544908702EE01CE05948534914
:106D0000086001204860402088600020C8604FF47F
:106D100080600861084604F068FBFFF7E3FE044664
:106D20000CB120466DE74B480668012080EAD6701A
:106D300080F001086D1CB8F1000F03D14FF6FF7011
:106D40008542DBD34FF6FF70854202D31B242046D9
:106D500057E703203C490870204652E73EB500241F
:106D600000250121404803F08DFF0121C80203F0F6
:106D7000E3FF0121C80204F034F84FF4F850019009
:106D800002208DF808008DF8090000208DF80A0017
:106D900001208DF80B0001A9344803F0F1F904201B
:106DA000019001A9324803F0EBF90C2208212F4889
:106DB00003F071FA0C2209212C4803F06CFA0C2222
:106DC0000A212A4803F067FA0C220B21274803F016
:106DD00062FA0C221146254803F05DFA0C220221CA
:106DE000234803F058FA00214FF4006003F0F9FF44
:106DF000FFF712FA31208DF8000000208DF8010015
:106E00008DF8020001208DF80300684603F0C7F8F2
:106E1000FFF7BEFE044614B9FFF7B3FD04461CB9E4
:106E20001448FFF7ADFB044634B91249B1F85410C9
:106E30000804FFF790FB044624B94FF40060FFF705
:106E400059FB0446E4B117E06800002090120020CE
:106E50006C000020142C0140BC120020781200208D
:106E6000000010800080FF800C00400000080240FD
:106E7000000C0240E0120020FE480078032812D1E6
:106E8000FD4890F8560020B1FB4890F856000128C4
:106E900001D1022500E000252846FFF7DFF9002098
:106EA000FFF7D2F9044620463EBD10B5002004F09D
:106EB00092FA002010BD70B590B004460E461546FB
:106EC00000BFEE4804F073FC0028FAD1EB4804F050
:106ED00045FB4FF000600190E9480290039404954F
:106EE0000020059006904FF4806007908000089085
:106EF0008000099000200A904FF440300B9004204D
:106F00000C9003200D904FF400000E9080100F9015
:106F100001A9DA4804F0C4FB2021D84804F010FC91
:106F20000121D64804F0F6FB10B070BD01460020E8
:106F300002E04910421CD0B20129FAD170472DE974
:106F4000F84F8146174698460A9C4FF0000AD346F0
:106F50004D464FF0FF36B9F1000F02D12620BDE8B3
:106F6000F88F0020C64954390860C24800780228CA
:106F700005D10402780A40EAC8574FEA6828002081
:106F8000C04988604860401E0860012048610020B8
:106F9000C8600861084604F054FAB9486C380068C3
:106FA00000F0007008B10E20D9E7002C21DDB4F507
:106FB000006F1EDC601E2040D8B92046FFF7B6FFE8
:106FC0000090B14804601020AF49486040208860BC
:106FD0000020C8604FF480600861084604F005FA9C
:106FE0001020FFF744F98246BAF1000F03D0504653
:106FF000B5E72620B3E700980001A249886008465B
:1070000044604FF0FF300860012048610220C860F2
:1070100000200861084604F014FA9B48076011201C
:1070200099494860402088600020C8604FF4806023
:107030000861084604F0D9F91120FFF718F98246D3
:10704000BAF1000F01D0504689E790480078002837
:107050005AD1F9F71AF917E04FF4004004F058FA42
:1070600070B14FF0000B05E08548006845F82B0033
:107070000BF1010BBBF1080FF6D32035844E03E072
:107080000EB904206BE7761E7D484C38006840F24C
:107090002A6108400028DFD0082004F039FA20B126
:1070A000082004F040FA042059E7022004F030FAE6
:1070B00020B1022004F037FA022050E7202004F02B
:1070C00027FA20B1202004F02EFA062047E74FF4DB
:1070D000007004F01DFA28B14FF4007004F023FA98
:1070E00007203CE703E06648006828602D1D4FF448
:1070F000001004F00DFA0028F5D1F9F7C8F840F2B5
:10710000FF5004F010FA39E060480078012835D1CA
:10711000002060490870604908706049087058484C
:107120004438006840F22A31084355494439086020
:1071300053485438006840F00800514954390860F9
:10714000002221464846FFF7B6FE00E0761E4B4877
:107150005838006800F0006038B95048007820B90D
:107160004C48007808B9002EF0D10EB90420F6E69C
:107170004848007810B1474890F800A05046EEE625
:107180002DE9FF5F17469846DDE90E464FF00009EE
:10719000CA464FF0FF354249009808600020384940
:1071A0005439086033480078022805D10402780A6F
:1071B00040EAC8574FEA6828002032498860486092
:1071C000401E0860012048610020C8600861084630
:1071D00004F037F92A486C38006800F0007018B1E4
:1071E0000E2004B0BDE8F09F002C21DDB4F5006F47
:1071F0001EDC601E2040D8B92046FFF797FE83466C
:107200002148046010202049486040208860002008
:10721000C8604FF480600861084604F0E6F810206A
:10722000FFF725F88146B9F1000F03D04846D8E7AB
:107230002620D6E7012E6ED906FB04F0B0F1007FC0
:1072400001D32620CDE74FEA0B100E49886006FBDC
:1072500004F048604FF0FF300860012048610220D0
:10726000C86000200861084604F0EBF80648076093
:10727000122017E068000020E0120020586402404D
:10728000802C0140A41200209012002070000020E9
:10729000FFFF7F00720000207100002073000020BB
:1072A00074000020F9494860402088600020C860D0
:1072B0004FF480600861084604F097F81220FEF74A
:1072C000D6FF8146B9F1000F01D0484689E7F04862
:1072D000007800287ED1F8F7D8FF1EE04FF4004078
:1072E00004F016F9A0B14FF0000A07E0E948006881
:1072F000E949096841F82A000AF1010ABAF1080FC0
:10730000F4D3E54800682030E3490860E34D04E029
:1073100015B9042065E7AEE06D1EDE484C38006804
:1073200040F22A3108400028D8D0082004F0F0F8B4
:1073300020B1082004F0F7F8042052E7022004F0FE
:10734000E7F820B1022004F0EEF8022049E72020FF
:1073500004F0DEF820B1202004F0E5F8062040E734
:107360004FF4007004F0D4F828B14FF4007004F02A
:10737000DAF8072035E709E0C6480068C649096819
:107380000860C5480068001DC34908604FF400103C
:1073900004F0BEF80028EFD14FF4807004F0B8F884
:1073A00020B3BF48007838B1BD480078012803D029
:1073B000BB480078022819D10020B44908600C208D
:1073C0004860402088600020C8604FF480600861F9
:1073D000084600E011E004F008F80C20FEF747FF33
:1073E0008146B9F1000F01D04846FAE6F8F74FFFA1
:1073F00040F2FF5004F097F83DE0A54800780128DE
:1074000039D10020A74908700120A7490870002041
:10741000A64908709F484438006840F22A31084362
:107420009C49443908609B485438006840F0080083
:1074300098495439086006FB04F100220098FFF7D0
:107440003AFD00E06D1E9A48006800F0006008B93F
:10745000002DF7D10DB90420C3E600BF9348007892
:1074600018B9904800780028F8D08E48007810B1FC
:107470008C4890F800904846B3E61CB504460020BE
:10748000019000908B4800880004804908600D201E
:107490004860402088600020C8604FF48060086128
:1074A000084603F0A2FF7B484C380068009003E0D8
:1074B00078484C3800680090009800F0450000289B
:1074C000F6D0012004F024F820B1012004F02BF8BC
:1074D00001201CBD042004F01BF820B1042004F09E
:1074E00022F80320F5E76B48703800680D2801D0BA
:1074F0001020EEE740F2FF5004F015F865486C38B4
:10750000006801900198C0F3432020700020E0E75C
:107510002DE9FF5F86B017469846149D002600208F
:1075200005900490002481460390824602900195C4
:10753000DDF818B0DDF818B0BBF1000F03D126203C
:107540000AB0BDE8F09F00205249543908605A49FA
:1075500088604860401E0860012048610020C860C3
:107560000861084603F06DFF4A486C38006800F077
:10757000007008B10E20E3E749480078022805D1E1
:107580000502780A40EAC8574FEA6828002D1FDD37
:10759000B5F5006F1CDC681E2840C8B92846FFF707
:1075A000C5FC0590394805601020384948604020E6
:1075B00088600020C8604FF480600861084603F0CE
:1075C00014FF1020FEF753FE06461EB13046B7E703
:1075D0002620B5E73748008800042C4908600D20B4
:1075E0004860402088600020C8604FF480600861D7
:1075F000084603F0FAFE0D20FEF739FE06460EB1EE
:1076000030469DE723486C38006803904FF0FF3404
:107610001CE0641E2748008800041C4908600D20F7
:107620004860402088600020C8604FF48060086196
:10763000084603F0DAFE0D20FEF719FE06460EB1ED
:1076400030467DE713486C3800680390039800F4D7
:10765000807008B9002CDCD10CB9292070E70B48E8
:107660000760182009494860402088600020C860F1
:107670004FF480600861084603F0B7FE1820FEF75B
:10768000F6FD0646D6B130465AE7000090120020BB
:1076900070000020802C014074000020FFFF7F005C
:1076A000680000207200002071000020730000209C
:1076B000006402406C000020A41200200020F84961
:1076C000087005980001F7498860084645604FF04A
:1076D000FF300860012048610020C860086108464A
:1076E00003F0AFFE4FF0FF34EF48007800287CD164
:1076F000F8F7CBFD43E04FF4804003F009FFC8B337
:107700000198A0EB0900202821D20198A0EB0900E4
:1077100000F0030020B90198A0EB0900800804E004
:107720000198A0EB09008008401C02904FF0000A6D
:1077300009E0DE49DBF8000008600AF1010A0BF1FC
:10774000040B09F1040902988245F2D30FE04FF0CF
:10775000000A05E05BF82A00D44908600AF1010A32
:10776000BAF1080FF6D30BF1200B09F120096FF0E5
:10777000404404E0FFE70CB90420E1E6641ECB4876
:107780004C38006840F21A6108400028B3D0082045
:1077900003F0BEFE20B1082003F0C5FE0420CFE6B2
:1077A000022003F0B5FE20B1022003F0BCFE02204F
:1077B000C6E6102003F0ACFE20B1102003F0B3FEAB
:1077C0000520BDE64FF4007003F0A2FE30B14FF487
:1077D000007003F0A8FE0720B2E606E0F8F757FDB8
:1077E00040F2FF5003F09FFE43E0AF4800780128CD
:1077F0003FD10020AE490870A9490870AD49087012
:10780000AA484438006840F21A310843A74944396D
:107810000860402229460698FFF74DFBA3485438DC
:10782000006840F00800A1495439086000E0641E77
:10783000A148006800F0006008B9002CF7D11CB91D
:10784000FFF78CFA04207BE64FF0FF3400E0641E63
:107850009848007820B99648007808B9002CF6D1ED
:107860000CB904206CE69248007810B1904800787A
:1078700066E640F2FF5003F056FE04A8FFF7FDFD58
:10788000064603E004A8FFF7F8FD06463EB99DF85A
:1078900010000728F6D09DF810000628F2D03046D8
:1078A0004EE62DE9FF5F84B0DDE912470026002097
:1078B00003900290002580468146019007FB04FB5F
:1078C000DDF810A0DDF810A0BAF1000F03D12620DA
:1078D00008B0BDE8F09F0020744954390860714930
:1078E00088604860401E0860012048610020C86030
:1078F0000861084603F0A5FD6C486C38006800F08C
:10790000007008B10E20E3E76C480078022808D127
:107910000402DDE90601400A40EAC1504912CDE9FE
:107920000601002C1FDDB4F5006F1CDC601E20403A
:10793000C8B92046FFF7FAFA0390614804601020A6
:107940005F494860402088600020C8604FF4806034
:107950000861084603F049FD1020FEF788FC064642
:107960001EB13046B4E72620B2E7012F6FD907FBDE
:1079700004F0B0F1007F01D32620A9E74F4800783A
:1079800038B14E480078012803D04C4800780228CE
:107990002DD14C48008800044949086037204860D0
:1079A000402088600020C8604FF48060086108466D
:1079B00003F01BFD3720FEF75AFC06460EB1304699
:1079C00086E73F48076017203D49486040208860AF
:1079D0000020C8604FF480600861084603F005FD90
:1079E0001720FEF744FC06460EB1304670E73449D6
:1079F0000698086019204860402088600020C86010
:107A00004FF480600861084603F0EFFC1920FEF790
:107A10002EFC06460EB130465AE703980001214974
:107A2000886007FB04F048604FF0FF3008600120D9
:107A300048610020C8600861084603F002FD1A484A
:107A40000078002872D1451EF8F71FFC54E0F8E0DA
:107A50004FF4804003F05CFDB0B3ABEB080020288E
:107A600033D2ABEB080000F0030018B9ABEB080011
:107A7000800803E0ABEB08008008401C01904FF049
:107A8000000909E00949DAF80000086009F1010974
:107A90000AF1040A08F1040801988145F2D324E0B0
:107AA00071000020A412002070000020802C0140F2
:107AB0007200002073000020006402406800002073
:107AC000901200206C00002012E04FF0000905E049
:107AD0005AF82900F749086009F10109B9F1080FBE
:107AE000F6D30AF1200A08F120086FF0404503E0C0
:107AF0000DB90420ECE66D1EEE484C38006840F2EB
:107B00001A3108400028A3D0082003F001FD20B15D
:107B1000082003F008FD0420DAE6022003F0F8FC58
:107B200028B1022003F0FFFC0220D1E640E0102043
:107B300003F0EEFC20B1102003F0F5FC0520C7E6B1
:107B40004FF4007003F0E4FC28B14FF4007003F030
:107B5000EAFC0720BCE64FF4807003F0D9FC00B3C8
:107B6000D548007838B1D4480078012803D0D248ED
:107B70000078022815D10020D04908600C20486008
:107B8000402088600020C8604FF48060086108468B
:107B900003F02BFC0C20FEF76AFB06460EB13046C4
:107BA00096E6F8F774FB40F2FF5003F0BCFC48E0A7
:107BB000C3480078012844D10020C2490870012040
:107BC000C14908700020C1490870BA4844380068AB
:107BD00040F21A310843B7494439086007FB04F101
:107BE00040220498FFF767F9B2485438006840F023
:107BF0000800B049543908604FF0FF3500E06D1EB1
:107C0000B348006800F0006008B9002DF7D11DB935
:107C1000FFF7A4F804205BE64FF0FF3500E06D1E8F
:107C2000AA48007820B9A748007808B9002DF6D1F5
:107C30000DB904204CE6A348007810B1A1480078A3
:107C400046E640F2FF5003F06EFC02A8FFF715FC79
:107C5000064603E002A8FFF710FC06463EB99DF871
:107C600008000728F6D09DF808000628F2D0304614
:107C70002EE610B54FF4807003F04AFC88B39248AA
:107C80000078012814D100208C4908600C2048603D
:107C9000402088600020C8604FF48060086108467A
:107CA00003F0A3FB0C20FEF7E2FA8649087002E01D
:107CB0000020844908707F484838006840F480708C
:107CC0007C4948390860081D00684CF23A31884305
:107CD00078494439086001207C4908707948007867
:107CE00010BDFFE7022003F013FC78B1022003F07F
:107CF0001AFC7048443800684CF23A3188436D49A8
:107D00004439086002206F490870E9E7082003F051
:107D1000FFFB78B1082003F006FC66484438006891
:107D20004CF23A318843634944390860042065497C
:107D30000870D5E7202003F0EBFB78B1202003F09A
:107D4000F2FB5C48443800684CF23A3188435949A8
:107D50004439086006205B490870C1E7102003F031
:107D6000D7FB78B1102003F0DEFB5248443800689E
:107D70004CF23A3188434F49443908600520514953
:107D80000870ADE74FF4007003F0C2FB80B14FF410
:107D9000007003F0C8FB4748443800684CF23A31A1
:107DA000884344494439086007204649087097E7EA
:107DB000002095E710B5FFF75CFF10BD70B50446D5
:107DC000002514B92625284670BD424800880004C5
:107DD0003A4908600D204860402088600020C86053
:107DE0004FF480600861084603F0FFFA0D20FEF7AB
:107DF0003EFA05460DB12846E6E72E486C38006885
:107E000020602846E0E708B5002000906846FFF7AC
:107E1000D5FF08B1FF2008BD0098C0F34320FAE762
:107E20002DE9FE4F83460C46914600200290002625
:107E300025462C46700240EAD5566D020BF0030031
:107E4000F0B14FF0000A18E04FF4007000904FEAD4
:107E50004A20471946EBE0733A461F48FFF76FF890
:107E600002904FF400721C4958460AF078F90BF55D
:107E7000007B0AF1010000F0FF0ACA45E4DB16E0CE
:107E8000B9F1010F09D14FF400702A463346009032
:107E90005846FFF754F8029009E04FF400702A4664
:107EA0003346CDE900095846FFF76AF90290029877
:107EB000BDE8FE8F802C0140680000209012002059
:107EC000700000207200002071000020730000206C
:107ED000006402406C000020381300202DE9FE4FA2
:107EE00081460C46924600200290002625462C46EC
:107EF000700240EAD5566D0209F00300F0B14FF070
:107F0000000B18E04FF40072494619480AF027F9AF
:107F10004FF4007000904FEA4B20471946EBE07396
:107F20003A461348FFF7F4FA029009F500790BF18D
:107F3000010000F0FF0BD345E4DB16E0BAF1010FBE
:107F400009D14FF400702A46334600904846FFF7A7
:107F5000DFFA029009E04FF400702A463346CDE97B
:107F6000000A4846FFF79DFC02900298BDE8FE8F8C
:107F70003813002010B5022001F0E0FE10BD1CB542
:107F80000121222002F07EFE012000908DF80400E5
:107F90008DF806008DF807006946624802F0F0F897
:107FA0004FF40060009001208DF8040069465E489F
:107FB00002F0E6F81CBD10B501205C4908605C4980
:107FC000C1F88002FFF7D6FF002058490860FFF78C
:107FD000D1FF00205649C1F88002FFF7CBFF10BD4A
:107FE00010B5002051490860FFF7C4FF0120504937
:107FF000C1F88002FFF7BEFF01204C490860FFF77F
:10800000B9FF10BD70B50024002501204749086064
:10801000FFF7B0FF01204649C1F88002FFF7AAFF31
:1080200009E0601CC4B2FA2C03DDFFF7D9FF01257B
:1080300006E0FFF79FFF3D48803800680028F0D138
:1080400000BF00203B490860FFF794FF284670BD41
:1080500010B5002035490860FFF78CFF0120344936
:10806000C1F88002FFF786FF002032490860FFF761
:1080700081FF01203049C1F8AC02FFF77BFF10BD42
:1080800010B5012029490860FFF774FF0120284935
:10809000C1F88002FFF76EFF002026490860FFF755
:1080A00069FF10BD70B50446002511E0E0091F49C5
:1080B0000860FFF75FFF01201D49C1F88002FFF74C
:1080C00059FF00201B4908606006040E681CC5B2F9
:1080D000082DEBDB01201549086070BD70B5054621
:1080E0000024002613E06006040E012011490860F8
:1080F000FFF740FF1048D0F82C0208B1601CC4B252
:1081000000200C490860FFF735FF701CC6B2082E2E
:10811000E9DB15B9FFF7B4FF01E0FFF799FF20464F
:1081200070BD00000004024000140240AC824242D4
:108130000080404280824042008042422DE9F0416E
:1081400004460E4617464FF00008FFF734FF28207C
:10815000FFF7A8FFFFF756FF2012FFF7A3FFFFF777
:1081600051FFE0B2FFF79EFFFFF74CFF00250BE049
:10817000705DFFF797FFFFF745FF8046B8F1000FEE
:1081800000D003E0681CC5B2BD42F1DB00BFFFF7C1
:1081900027FF4046BDE8F08138B5054600240020A1
:1081A0008DF800008DF8015000BF09E09DF8000037
:1081B000DB49095D0844C0B28DF80000601CC4B200
:1081C000B82CF3D39DF80000C043401CC0B28DF81A
:1081D0000000B822D24948F24700FFF7AFFF022261
:1081E000694648F2FF00FFF7A9FF002038BD2DE9DE
:1081F000F04105460F461646FFF7DDFE2820FFF743
:1082000051FFFFF7FFFE2812FFF74CFFFFF7FAFEC2
:10821000E8B2FFF747FFFFF7F5FEFFF7CCFE292096
:10822000FFF740FFFFF7EEFE00240BE0711EA142B6
:1082300001D0012100E000210846FFF74FFF38552B
:10824000601CC4B2B442F1DBFFF7CAFEBDE8F081A6
:108250001FB50121062002F015FD0220009000202C
:108260008DF804008DF8060003208DF8050001202C
:108270008DF807006946AB4801F082FF4FF40050CB
:10828000009001208DF804006946A74801F078FFAE
:10829000FFF775FE0020A54908600A2001F096FD51
:1082A0000120A349C1F8B4020A2001F08FFD022089
:1082B000009001208DF8040000208DF80700694629
:1082C000984801F05DFF642001F080FD042202A9BE
:1082D00048F24010FFF78BFF00208DF80C0002A938
:1082E00094A009F065FD96A102A809F07DFF48BBA6
:1082F00002208DF80800012202A948F24000FFF791
:108300001DFF012202A948F24700FFF770FF9DF808
:108310000800602807DA9DF808108BA009F048FDD6
:108320000120FFF739FF0A2001F050FD00208DF8F1
:108330000800012202A948F24000FFF7FFFE0020DA
:1083400004B010BD0020FBE771B583B00024002607
:1083500082480078401C81490870084600780A214C
:1083600090FBF1F201FB120018B17C4800780A285A
:108370007EDA012203A948F24E10FFF738FF0020F1
:108380000190012201A948F24E10FFF7D7FE9DF897
:108390000C0000F00F0000286AD09DF80C0000F0DF
:1083A0000F000628E4DA9DF80C0000F00F01FF2012
:1083B0008840C0B201906A4890F820509DF80400AF
:1083C000C043C0B240F0C000654981F820000846B3
:1083D00081898182C18AC183002444E0604890F889
:1083E00020000121A140084020B35E4931F814006B
:1083F000042202A9FFF7FBFE594890F8300000F074
:108400000100C0B19DF808009DF8091000EB0120A3
:1084100081B25348163020F814109DF80A009DF8D8
:108420000B1000EB0120C0F5487081B24C480C30B5
:1084300020F8141015E09DF808009DF8091000EBD5
:10844000012081B246480C3020F814109DF80A0033
:108450009DF80B1000EB012081B24148163020F846
:108460001410601CC4B2052CB8DB01263C4800E0A7
:108470002BE080893C490988884205DC3848C08A5D
:108480003949498888421DDD9DF80C0000F00F0035
:1084900001280ADD3248C089314988810846008BAD
:1084A000C88200202D4908700FE02D48808A2C4991
:1084B00088810846C08BC88280200390084680F8D7
:1084C000205002E00020254908709DF80C0000F0C3
:1084D0008F00802819D1224890F8200000F08000F9
:1084E00038B11F4890F8200020F080001C4981F826
:1084F00020004FF6FF701A498881C882084690F81C
:10850000200000F0E00081F8200014480078F028F6
:1085100002DD0A2011490870304604B070BD000029
:10852000304701080004024000080240B402414202
:10853000000041424354502049443A25730D0A003B
:10854000393134370000000044656661756C742071
:108550005665723A25640D0A00000000780000207C
:108560007C000020E8470108680200202DE9F04166
:1085700004460E4617464FF00008FFF71CFDB220D8
:10858000FFF790FDFFF73EFD2012FFF78BFDFFF791
:1085900039FDE0B2FFF786FDFFF734FD00250BE063
:1085A000705DFFF77FFDFFF72DFD8046B8F1000FEE
:1085B00000D003E0681CC5B2BD42F1DB00BFFFF78D
:1085C0000FFD4046BDE8F0812DE9F04105460F461C
:1085D0001646FFF7F0FCB220FFF764FDFFF712FD2F
:1085E0002812FFF75FFDFFF70DFDE8B2FFF75AFD18
:1085F000FFF708FDFFF7DFFCB320FFF753FDFFF7A0
:1086000001FD00240BE0711EA14201D0012100E018
:1086100000210846FFF762FD3855601CC4B2B44221
:10862000F1DBFFF7DDFCBDE8F08138B50446002042
:1086300000900CB180200090012269464FF45060F8
:10864000FFF794FF38BD0EB50020029001210620EF
:1086500002F018FB0220009000208DF804008DF835
:10866000060003208DF8050001208DF807006946FB
:10867000904801F085FD4FF40050009001208DF8E6
:10868000040069468C4801F07BFDFFF778FC002070
:108690008A490860642001F099FB01208849C1F8EB
:1086A000B402642001F092FB0120FFF7BEFF01221B
:1086B00002A94FF45060FFF787FF9DF8081081A0D2
:1086C00009F076FB9DF80800802801D100200EBD3E
:1086D0000120FCE731B52DED068B82B0002400258A
:1086E0007B480078401C7A490870084600780A21C7
:1086F00090FBF1F201FB120018B1754800780A28CE
:108700007EDA012208A90020FFF75EFF9DF8200015
:1087100000F01F00002873D09DF8200000F01F001B
:1087200040F0C0006B4981F82000002486E06948D1
:1087300090F820000121A140084000287CD0664923
:1087400031F81400042201A9FFF73EFF614890F8B8
:10875000300000F00100D0B39DF807109DF806200E
:1087600001EB02200AF031F841EC190B9FED5B0B95
:1087700053EC102B0AF090F841EC180B09F0F8FFBD
:1087800081B25448163020F814109DF805109DF859
:10879000042001EB02200AF018F841EC1A0B9FEDBF
:1087A000510B53EC102B0AF077F841EC190B9FEDAD
:1087B0004F0B53EC102B0AF0A3F941EC180B09F006
:1087C000D7FF81B243480C3020F8141034E0FFE7A3
:1087D0009DF807109DF8062001EB022009F0F5FF37
:1087E00041EC190B9FED3D0B53EC102B0AF054F8A4
:1087F00041EC180B09F0BCFF81B236480C3000E0A8
:108800002BE020F814109DF805109DF8042001EBD2
:10881000022009F0DAFF41EC190B9FED320B53EC0B
:10882000102B0AF039F841EC180B09F0A1FF81B2C6
:108830002848163020F81410601CC4B2052CFFF62E
:1088400076AF01252348808920B92248C08A08B91B
:108850000020089000201E4908709DF8200000F0BC
:108860001F00D0B91B4890F8200000F0800040B1F4
:10887000184890F8200020F08000164981F8200068
:108880000BE04FF6FF7013498881C882084690F8C4
:10889000200000F0E00081F820000D480078F0286A
:1088A00002DD0A200A490870284602B0BDEC068B9A
:1088B00038BD00000004024000080240B4024142FA
:1088C000000041424354502049443A25780D0A00A3
:1088D000790000207C000020F24701087B14AE479D
:1088E000E17AD43FD881734694F6D23F000000006D
:1088F000000089402DE9F04105460E4617464FF02D
:108900000008FFF758FB7020FFF7CCFBFFF77AFB5E
:10891000E8B2FFF7C7FBFFF775FB00240BE0305D03
:10892000FFF7C0FBFFF76EFB8046B8F1000F00D0E9
:1089300003E0601CC4B2BC42F1DB00BFFFF750FB98
:108940004046BDE8F0812DE9F04106460F46154648
:10895000FFF731FB7020FFF7A5FBFFF753FBF0B2E9
:10896000FFF7A0FBFFF74EFBFFF725FB7120FFF79A
:1089700099FBFFF747FB00240BE0691EA14201D0E1
:10898000012100E000210846FFF7A8FB3855601CD4
:10899000C4B2AC42F1DBFFF723FBBDE8F0810EB5BA
:1089A0000121062002F06EF90220009000208DF8CF
:1089B00004008DF8060003208DF8050001208DF8D5
:1089C000070069468E4801F0DBFB4FF40050009031
:1089D00001208DF8040069468A4801F0D1FBFFF7B9
:1089E000CEFA002088490860142001F0EFF9012038
:1089F0008649C1F8B402322001F0E8F900208DF870
:108A00000800012202A9FFF775FF012202A9A42094
:108A1000FFF770FF16208DF80800012202A98020C0
:108A2000FFF768FF0C208DF80800012202A98820BA
:108A3000FFF760FF022202A9A120FFF784FF9DF843
:108A4000080030280ED19DF8090003280AD19DF8AE
:108A500009009DF8082000EB02216DA009F0A8F99B
:108A600000200EBD0120FCE771B581B00024002676
:108A70006A480078401C69490870084600780A2155
:108A800090FBF1F201FB120018B1644800780A284B
:108A900069DA012201A90220FFF755FF9DF80400C1
:108AA00000F00F0000285ED09DF8040000F00F00D9
:108AB00006287BDA9DF8040000F00F01FF208840B3
:108AC000C5B2E843C0B240F0C000554981F820006B
:108AD000032001F07BF900245AE0514890F820006F
:108AE0000121A1400840E8B34E4931F814000422A6
:108AF0006946FFF728FF4A4890F8300000F001006F
:108B0000C0B19DF801009DF8001001F00F0100EBCD
:108B100001204349163121F814009DF803009DF807
:108B2000021001F00F0100EB01213D480C3020F84C
:108B300014101DE09DF801009DF8001001F00F01D8
:108B400000EB0120C0F5F07081B235480C3020F800
:108B500014109DF803009DF8021001F00F0100EBC6
:108B6000012101E012E021E02D48163020F8141018
:108B70009DF8000000F0F000802807D00021284870
:108B8000163020F814100A3820F81410601CC4B2F3
:108B9000052CA2DB01262248808920B92048C08A02
:108BA00008B90020019000201C4908709DF80400BD
:108BB00000F01F00D0B91A4890F8200000F08000A3
:108BC00040B1174890F8200020F08000144981F847
:108BD00020000BE04FF6FF7011498881C8820846DB
:108BE00090F8200000F0E00081F820000B480078A9
:108BF000F02802DD0A200949087030467CBD0000DB
:108C00000004024000080240B40241420000414218
:108C10004354502049443A25780D0A007A00002038
:108C20007C000020FC47010870B50446002500BF09
:108C300017E004F0800018B10120FE49086002E04E
:108C40000020FC4908606006040E0020FA49086014
:108C5000012001F073F80120F849C1F88002681C76
:108C6000C5B2082DE5DB70BD70B5064600250024B1
:108C70000020F1490860F249C1F8AC02F1490860EE
:108C80003046FFF7D1FF062001F058F80020EB49ED
:108C9000C1F88002012001F051F80120E649086086
:108CA00001F04CF80020E549C1F8800200BF15E052
:108CB0004FF6FF7000EA44040020DF4908600120FD
:108CC00001F03CF80120DD49C1F88002DA4878382B
:108CD000006808B1601C84B2681CC5B2102DE7DBC7
:108CE00024110120D7490860204670BD2DE9FE43BC
:108CF00080460027002406E04046FFF7B5FF2DF828
:108D00001400601C84B2052CF6DB002416E0601C05
:108D100085B20FE03DF814003DF81510884207DDDC
:108D20003DF814603DF815002DF814002DF815607D
:108D3000681C85B2052DEDDB601C84B2042CE6DBDB
:108D40000027012405E03DF81400384487B2601C78
:108D500084B2042CF7DB032097FBF0F086B2304698
:108D6000BDE8FE832DE9F04104460D46B648007883
:108D7000FFF7BCFF0646B5480078FFF7B7FF074688
:108D800026802F800120BDE8F0817FB504460D4686
:108D900002A903A8FFF7E6FF064616B9002004B0B3
:108DA00070BD694601A8FFF7DDFF06460EB9002039
:108DB000F5E7BDF80400BDF80C10884206DCBDF8EC
:108DC0000C10BDF80400323081420CDBBDF80C0001
:108DD000BDF80410884236DCBDF80410BDF80C0064
:108DE000323081422FDABDF80000BDF80810884209
:108DF00006DCBDF80810BDF80000323081420CDB03
:108E0000BDF80800BDF8001088421CDCBDF8001059
:108E1000BDF808003230814215DABDF80C10BDF8FB
:108E20000420881800EBD071C1F34F012180BDF8F8
:108E30000810BDF80020881800EBD071C1F34F0175
:108E400029800120ABE70020A9E770B504460D4654
:108E500016467F48068004F10D018AB2193988B29E
:108E60002B462946FCF7DAFA05F10D0083B21938D2
:108E700081B222462046FCF7D1FA6A1C91B2621CEC
:108E800090B2F8F76EFA6A1C91B2621E90B2F8F7CF
:108E900068FA6A1E91B2621C90B2F8F762FA6A1E12
:108EA00091B2621E90B2F8F75CFA0622294620467B
:108EB000FCF72AFB70BD70B504460D4616466448A3
:108EC000068029462046F8F74CFA611C88B22946EC
:108ED000F8F747FA681C81B22046F8F742FA6A1C94
:108EE00091B2621C90B2F8F73CFA70BD10B504461E
:108EF00051487C38006800284ED12CB15549A1F169
:108F00000A00FFF742FF35E05249A1F10A00FFF7DE
:108F10003CFF78B34F481638B0F92C0000EE100A29
:108F2000B8EEC00A4B48163890ED091A808900EE59
:108F3000900AF8EE600A01EE200ABCEEC00A10EEBC
:108F4000100A4449163988810846B0F92E0000EE0F
:108F5000100AB8EEC00A084690ED0A1AC08A00EE60
:108F6000900AF8EE600A01EE200ABCEEC00A10EE8C
:108F7000100AC8823748163890F8200000F08000A8
:108F800038BBC0203349163981F820000846818952
:108F90008182C18AC1831CE02E48163890F82000D7
:108FA00000F0800050B12B48163890F8200020F0D7
:108FB00080002849163981F820000AE00021254860
:108FC00016388182C1834FF6FF7022491639888195
:108FD000C8822048163890F8200000F0800010BDAC
:108FE00010B51C48163890ED090ADFED1B0A20EE7B
:108FF000200ABDEEC00A10EE104A042221462820A5
:10900000FCF754FE1348163890ED0A0ADFED120AF9
:1090100020EE200ABDEEC00A10EE104A04222146BE
:109020002C20FCF743FE0B481638B0F92C10022216
:10903000302013E0AC8242428082404200804042B5
:1090400000804242B4024142B0000020B100002042
:10905000600000209200002020BCBE4CFCF726FEE1
:10906000FE48B0F92E1002223220FCF71FFEFB480A
:1090700090F830103420FCF7F1FD0A242146352009
:10908000FCF7ECFD10BD10B53520FCF7BBFD044628
:109090000A2C46D104212820FCF71DFE044600EED0
:1090A000104AB8EEC00A5FED140A80EE201AEB48B1
:1090B00080ED091A04212C20FCF70DFE044600EE79
:1090C000104AB8EEC00A5FED1C0A80EE201AE34891
:1090D00080ED0A1A02213020FCF7FDFD00B2DF49C5
:1090E000888502213220FCF7F6FD00B2DB49C885F5
:1090F0003420FCF787FDD94981F83000084690F804
:10910000300030B19020D6490870D020D549087081
:1091100005E0D020D24908709020D2490870012083
:1091200010BD0020FCE72DE9FC5F04460D46174604
:109130001E46DDE90EABDDE90C894FF47840CA49E3
:109140000880CAA01021CDE90010C94843880288D0
:10915000A0212820FCF76FFBC6A01021CDE900104C
:10916000C34843880288A0217820FCF764FBC2A092
:109170001021CDE90010BE4843880288B421282080
:10918000FCF759FBBDA01021CDE90010B848438879
:109190000288B4217820FCF74EFBB9A01021CDE95C
:1091A0000010B34843880288C8212820FCF743FBFD
:1091B000B4A01021CDE90010AD4843880288C82131
:1091C0007820FCF738FBB0A01021CDE90010A848AA
:1091D00043880288DC212820FCF72DFBABA010215E
:1091E000CDE90010A24843880288DC217820FCF7F2
:1091F00022FBA7A01021CDE900109D4843880288DA
:10920000F0212820FCF717FB102004232246A02180
:1092100000904020FCF757FA102004232A46A02192
:1092200000909020FCF74FFA102004233A46B42116
:1092300000904020FCF747FA102004233246B42166
:1092400000909020FCF73FFA102004234246C821EA
:1092500000904020FCF737FA102004234A46C8212A
:1092600000909020FCF72FFA102004235246DC21B6
:1092700000904020FCF727FA102004235A46DC21F6
:1092800000909020FCF71FFA102003230090F0219B
:109290006020109AFCF717FABDE8FC9F00B597B064
:1092A000002012900B9012901F216F4801804FF602
:1092B000FF71794801800846F8F73EFB4FF478418A
:1092C000694801804FF6FF70F8F736FB00206649C9
:1092D00008807248006810216423A022CDE90010A4
:1092E00028210846FCF7A7FA4FF4784214210846D3
:1092F000FFF7ABFD0020594981F820009FED680A77
:10930000084680ED090A53E2544840680A9001205B
:109310000A998847514890F8200000F0C000402882
:109320006FD100200B904D4890F8200020F04000B5
:109330004A4981F820000846818913AA129822F828
:1093400020104648C18A129802EB80004180129892
:10935000401CC0B212901298012806D0022815D0E5
:10936000032829D0042810D141E04FF6FF721421C0
:109370000846FFF76AFD3E480088143880B24FF473
:10938000784214210A90FFF760FDEBE3384800882B
:10939000143880B24FF6FF7214210A90FFF755FD82
:1093A00033484088143880B24FF4784201460A901E
:1093B0001420FFF74AFDD5E32D484088143880B2C9
:1093C0004FF6FF7201460A901420FFF73EFD284831
:1093D0004088143880B20A9025480088143880B23A
:1093E0004FF4784209900A99FFF72FFDBAE3BDF8D0
:1093F0004C10BDF85000081A0A90002802DB0A98A9
:1094000002E0B0E30A9840420F90BDF84E1013A856
:10941000C088081A0A90002801DB0A9801E00A981F
:1094200040420E900F9840430F900E9840430E908C
:10943000DDE90E100844059009F0DEF9CDE90601DA
:109440009DED060B09F09CF88DED080B9DED080BCA
:1094500051EC100B09F08CF980B223E07C00002065
:10946000B0000020B10000206000002078313A00F8
:109470006802002079313A0078323A0079323A00B5
:1094800078333A0079333A0078343A0079343A0044
:109490006661632069733A00620000200848010891
:1094A000000000001190BDF85400BDF85810401A9B
:1094B0000A90002801DB0A9801E00A9840420F90C8
:1094C00013A84189C089081A0A90002801DB0A986C
:1094D00001E00A9840420E900F9840430F900E987A
:1094E00040430E90DDE90E100844059009F084F920
:1094F000CDE906019DED060B09F042F88DED080B54
:109500009DED080B51EC100B09F032F980B2109070
:109510009DED110AF8EE400A9DED100AB8EE401AD2
:1095200080EE810A8DED0A0A0A9809F0ABFCCDE9BC
:109530000C019FEDFE0B53EC102B9DED0C0B51EC31
:10954000100B09F06DF90ED39FEDFA0B53EC102BB5
:109550009DED0C0B51EC100B09F09CFA03D3119804
:1095600008B11098F0BB00201290F44840881438DD
:1095700080B20A90F1480088143880B24FF6FF722A
:1095800009900A99FFF761FC4FF4784214210846CC
:10959000FFF75BFC9FEDEA0B53EC102B9DED0C0BE2
:1095A00051EC100B09F078F9CDE908019DED080B9D
:1095B00051EC100B09F0DCF880B213A90A90C989AC
:1095C000BDF8582013AB5B89CDE90132CDE903101A
:1095D000BDF85400009013A8C0880990BDF8500051
:1095E000089000E00AE0BDF84E000790BDF84C007E
:1095F000069007A90EC9FFF796FDC3E2BDF84C100F
:10960000BDF85400081A0A90002801DB0A9801E00E
:109610000A9840420F90BDF84E1013A84089081ACE
:109620000A90002801DB0A9801E00A9840420E9057
:109630000F9840430F900E9840430E90DDE90E10B6
:109640000844059009F0D8F8CDE906019DED060B18
:1096500008F096FF8DED080B9DED080B51EC100BFB
:1096600009F086F880B21190BDF85010BDF858008E
:10967000081A0A90002801DB0A9801E00A98404283
:109680000F9013A8C188C089081A0A90002801DB2E
:109690000A9801E00A9840420E900F9840430F90BC
:1096A0000E9840430E90DDE90E100844059009F035
:1096B000A3F8CDE906019DED060B08F061FF8DEDE5
:1096C000080B9DED080B51EC100B09F051F880B21E
:1096D00010909DED110AF8EE400A9DED100AB8EECB
:1096E000401A80EE810A8DED0A0A0A9809F0CAFB39
:1096F000CDE90C019FED8D0B53EC102B9DED0C0B68
:1097000051EC100B09F08CF80AD39FED8A0B53EC47
:10971000102B9DED0C0B51EC100B09F0BBF948D24E
:109720000020129085484088143880B20A908348FF
:109730000088143880B24FF6FF7209900A99FFF73B
:1097400084FB4FF4784214210846FFF77EFB9FED1F
:109750007C0B53EC102B9DED0C0B51EC100B09F016
:109760009BF8CDE908019DED080B51EC100B08F0BA
:10977000FFFF80B213A90A90C989BDF8582013AB26
:109780005B89CDE90132CDE90310BDF854000090AA
:1097900013A8C0880990BDF850000890BDF84E008D
:1097A0000790BDF84C00069007A90EC9FFF7BBFC57
:1097B000E8E1BDF85000BDF85410401A0A900028A6
:1097C00001DB0A9801E00A9840420F9013A8C18873
:1097D0004089081A0A90002801DB0A9801E00A98DB
:1097E00040420E900F9840430F900E9840430E90C9
:1097F000DDE90E100844059008F0FEFFCDE90601F2
:109800009DED060B08F0BCFE8DED080B9DED080BE1
:1098100051EC100B08F0ACFF80B21190BDF84C0079
:10982000BDF85810401A0A90002801DB0A9801E0A0
:109830000A9840420F90BDF84E1013A8C089081A2C
:109840000A90002801DB0A9801E00A9840420E9035
:109850000F9840430F900E9840430E90DDE90E1094
:109860000844059008F0C8FFCDE906019DED060B00
:1098700008F086FE8DED080B9DED080B51EC100BEA
:1098800008F076FF80B210909DED110AF8EE400AC4
:109890009DED100AB8EE401A80EE810A8DED0A0A9D
:1098A0000A9809F0EFFACDE90C019FED200B53EC7B
:1098B000102B9DED0C0B51EC100B08F0B1FF0AD3EF
:1098C0009FED1C0B53EC102B9DED0C0B51EC100B72
:1098D00009F0E0F858D20020129018484088143857
:1098E00080B20A9015480088143880B24FF6FF7293
:1098F00009900A99FFF7A9FA4FF478421421084613
:10990000FFF7A3FA9FED0E0B53EC102B9DED0C0B04
:1099100051EC100B08F0C0FFCDE908019DED080BDC
:1099200051EC100B08F024FF80B20DE0666666660D
:109930006666EE3FCDCCCCCCCCCCF03F68020020AC
:10994000000000000000594001460A9013A8C28997
:10995000BDF8580013AB5B89CDE90130CDE9032197
:10996000BDF85400009013A8C0880990BDF85000BD
:109970000890BDF84E000790BDF84C00069007A96E
:109980000EC9FFF7D0FBFDE0BDF85000BDF84C104C
:10999000401A00EE100AF8EEC00AC54800882838C0
:1099A00000EE100AB8EEC00A80EE201AC14880ED21
:1099B000091ABDF85000BDF84C10084400EE100A1A
:1099C000F8EEC00ABA48008800EE100AB8EE400A65
:1099D000B84890ED091A01EE600AF0EE000A80EE38
:1099E000201ABDEEC10A10EE100A01B2B1488185FD
:1099F00013A84089BDF84E10401A00EE100AF8EE88
:109A0000C00AAB484088283800EE100AB8EEC00AF9
:109A100080EE201AA74880ED0A1A13A84089BDF8E5
:109A20004E10084400EE100AF8EEC00AA048408824
:109A300000EE100AB8EE400A9E4890ED0A1A01EEB8
:109A4000600AF0EE000A80EE201ABDEEC10A10EEA8
:109A5000100A00B29749C885084690ED090ABDEE84
:109A6000C00A8DED090A0998002801DB099801E078
:109A70000998404202280FDC8E4890ED0A0ABDEE9C
:109A8000C00A8DED0A0A0A98002801DB0A9801E055
:109A90000A984042022842DD002012908448408803
:109AA000143880B20A9082480088143880B24FF689
:109AB000FF7209900A99FFF7C8F94FF47842142110
:109AC0000846FFF7C2F97CA01021CDE900107848C4
:109AD00040880A9076480088099002461A2128207A
:109AE0000A9BFBF7A8FE734890F8300008B90120E4
:109AF00000E000206F4981F83000084690F83000FF
:109B000030B1902071490870D0217148017005E092
:109B1000D0216E48017090206D49087032E01F21FD
:109B20006C4801804FF6FF70F7F706FF6AA010211E
:109B3000CDE900105E4840880A905D480088099091
:109B400002466E2123200A9BFBF775FE4FF47A70C4
:109B500000F03CF9FFF744FA4FF6FF70F7F7ECFE20
:109B600017B000BD00BF0A2000F030F90B98401C70
:109B700080B20B900B98B0F57A7F02DDFFF783FA85
:109B800002E000BFFFF7C0BB00BF00BFE8E71CB5A5
:109B90004748808845F21051884220D1FEF758FB93
:109BA00018B953484349486004E0FEF74CFD51485A
:109BB000404948603F4890F8300040F080003D49FF
:109BC00081F83000084690F830003949897901F071
:109BD00001010843374981F8300000201CBD34489A
:109BE000808841F66311884218D1FEF7D8FE4248BA
:109BF00030494860084690F8300040F0800081F815
:109C00003000084690F830002949897901F00101B7
:109C10000843284981F830000020DFE70121262091
:109C200001F030F80620009000208DF804008DF837
:109C3000060003208DF8050001208DF80700694615
:109C40002E4800F09DFA012000908DF8040069462E
:109C50002A4800F095FA4FF40050009001208DF84A
:109C600004006946264800F08BFA4FF4006000902B
:109C700001208DF804006946224800F081FA0D4960
:109C80001631A1F10A00FFF76DF8FBF7B7FFFFF7F8
:109C9000FAF908B10020A1E74FF6FF70F7F74CFE84
:109CA000FFF7FCFAFFF79CF9FFF7EDF9012095E7C4
:109CB000680200207C0000205450204E656564201E
:109CC000726561646A75737421000000B000002041
:109CD000B100002060000020546F7563682053635A
:109CE0007265656E2041646A757374204F4B210064
:109CF00049830008D5860008698A000800040240EC
:109D0000000802400014024010B504466FF0040041
:109D100000F092F9E11704EB5171C1F3C701394A20
:109D200011701046007800EB4001C1EBC0104FF6F7
:109D3000FF7101EAC0003449088010BD0146314A74
:109D400012784A434FF0E0235A6100229A611A4682
:109D5000126942F001021A6100BF4FF0E02210695F
:109D600000F001021AB100F48032002AF5D04FF061
:109D7000E022126922F001024FF0E0231A61002272
:109D80009A6170470146204A12884A434FF0E02307
:109D90005A6100229A611A46126942F001021A6160
:109DA00000BF4FF0E022106900F001021AB100F488
:109DB0008032002AF5D04FF0E022126922F0010231
:109DC0004FF0E0231A6100229A61704770B5044693
:109DD0004FF4077094FBF0F0C6B24FF4077094FB99
:109DE000F0F100FB114085B205E04FF40770FFF77A
:109DF000C9FF701EC6B2002EF7D115B12846FFF775
:109E0000C1FF70BDB2000020B400002000BF704749
:109E100000BF4C4A128802F04002002AF9D0C2B2B8
:109E2000484B9A80704710B588B004460121084617
:109E300000F028FF0121102000F07EFF07220921F9
:109E4000414800F028FA07220A213F4800F023FA8F
:109E50004FF4C060069002208DF81C008DF81D00A4
:109E600000208DF81E0001208DF81F0006A936483D
:109E700000F086F902940020ADF80C00ADF80E0059
:109E8000ADF81000ADF814000C20ADF8120002A9D6
:109E90002C4801F0B2F801212A4801F036F90122DC
:109EA00040F22551274801F0E6F925208DF80400FD
:109EB00003208DF805008DF8060001208DF80700BD
:109EC00001A800F06CF808B010BD10B540F22551A3
:109ED0001C4801F00BFA10B31A4801F045F9C4B25E
:109EE0001A48008800F40040C8B91848008800F4F7
:109EF000804060B10A2C03D000201449088020E083
:109F00001248008840F400401049088019E00D2CE8
:109F100006D10E48008840F480400C49088010E0CB
:109F20000A480088C0F30D0009490C54074800880E
:109F3000401C0649088008460088C72801DD00202B
:109F4000088010BD0010014000000240BC0000204D
:109F5000381500200948804709480047FEE7FEE71A
:109F6000FEE7FEE7FEE7FEE7FEE7FEE7FEE7FEE7C9
:109F700004480549054A064B70470000A90A000835
:109F80008901000888BF012088C5012088C10120FF
:109F900088C1012032490143324A1160704770B5CF
:109FA000002100230F22C4781CB32E4C246804F433
:109FB000E064C4F5E064C4F30721C1F10404E3B232
:109FC0000A4144789C40E1B28478144021430C0754
:109FD000210E254C05786155047804F01F050124F5
:109FE000AC4005786D11AD0005F1E025C5F80041E4
:109FF00009E0047804F01F050124AC401B4D0678ED
:10A00000761145F8264070BD194A0A400243154BA7
:10A010001B1F1A60704739B1124A121D12680243A1
:10A02000104B1B1D1A6006E00E4A121D1268824377
:10A030000C4B1B1D1A607047042808D14FF0E0211B
:10A04000096941F004014FF0E022116107E04FF08F
:10A05000E021096921F004014FF0E022116170470D
:10A060000000FA050CED00E000E400E080E100E013
:10A0700080FFFF1F10B504469848844208D1012193
:10A08000084600F06AFE0021012000F066FE76E03E
:10A090009348844208D10121022000F05EFE002195
:10A0A000022000F05AFE6AE08E48844208D1012165
:10A0B000042000F052FE0021042000F04EFE5EE07D
:10A0C0008948844208D10121082000F046FE002181
:10A0D000082000F042FE52E08448844208D1012169
:10A0E000102000F03AFE0021102000F036FE46E07D
:10A0F0007F48844208D10121202000F02EFE00215B
:10A10000202000F02AFE3AE07A48844208D101215A
:10A11000402000F022FE0021402000F01EFE2EE034
:10A120007548844208D10121802000F016FE0021EC
:10A13000802000F012FE22E07048844208D1012104
:10A14000801500F00AFE0021A01500F006FE16E0C2
:10A150006B48844208D10121401500F0FEFD00212A
:10A16000601500F0FAFD0AE06648844207D101213B
:10A17000001500F0F2FD0021201500F0EEFD10BDED
:10A18000F0B50A4600210023002400BF3DE0012570
:10A1900005FA01F3156805EA03049C4234D1056809
:10A1A0004F000326BE40B543056015794E00B5400B
:10A1B0000668354305601579012D02D01579022D09
:10A1C00016D185684F000326BE40B543856055799A
:10A1D0004E00B540866835438560456801268E404F
:10A1E000B5434560456896798E40B6B235434560C3
:10A1F000C5684F000326BE40B543C560D5794E0003
:10A20000B540C6683543C560491C1029BFD3F0BDB1
:10A210004FF6FF7101600021017141718171C171BF
:10A22000704708B54FF480320092009A0A430092BA
:10A23000009AC261C161009AC261C2690092C2699A
:10A24000009208BD0246002013690B400BB10120AB
:10A2500000E0002070470146086980B2704702465E
:10A26000002053690B400BB1012000E00020704733
:10A270000146486980B27047018370474183704747
:10A280000AB1018300E04183704741617047426930
:10A290004A4042617047F0B5002300244D07ED0E9F
:10A2A00002FA05F3CE1000F1200555F826504E07AE
:10A2B000F70E0F26BE40B543CF1000F1200646F83A
:10A2C0002750CE1000F1200555F8265045EA03042A
:10A2D000CE1000F1200545F82640F0BD00000240F8
:10A2E0000004024000080240000C0240001002403E
:10A2F0000014024000180240001C024000200240EE
:10A30000002402400028024030B943F2DB02810001
:10A31000A1F1C0410A6005E043F2D2028100A1F13F
:10A32000C0410A606FF07042411C8900A1F1C04138
:10A330000A608100A1F1C041C1F804217047D0E951
:10A3400001121143C268114302691143426911436A
:10A3500082691143C2691143026A1143426A11437F
:10A36000826A1143C26A1143026B11430268920070
:10A37000A2F1C0421160816808290BD101688900EF
:10A38000A1F1C041096841F0400201688900A1F1D2
:10A39000C0410A60416B0968426B526841EA021190
:10A3A000426B926841EA0221426B928941EA024182
:10A3B000426B128A41EA0251426B127D41EA02610C
:10A3C000426B926911430268521C9200A2F1C04292
:10A3D0001160C16AB1F5804F1BD1816B0968826B36
:10A3E000526841EA0211826B926841EA0221826B53
:10A3F000128A41EA0251826B127D41EA0261826B4C
:10A400009269114302689200A2F1C042C2F804119D
:10A4100007E06FF0704201688900A1F1C041C1F806
:10A420000421704700210160022141600021816008
:10A43000C160016141618161C16101624FF480517C
:10A440004162490081620021C1620163F8494163B0
:10A450008163704751B18200A2F1C042126842F09C
:10A4600001038200A2F1C042136009E08200A2F160
:10A47000C0421268EF4B1A408300A3F1C0431A6038
:10A48000704710280AD118214FF020421166402150
:10A4900051664FF0FC319166D16610E01821E64A12
:10A4A000116040214FF02042C2F884104FF0FC317F
:10A4B000E14A083211604FF02042C2F88C10704718
:10A4C00030B5002100220023446844F00804856868
:10A4D0002C43C5682C4305692C43456944EA45244F
:10A4E000856944EA4531C4692468C5696D6844EAF0
:10A4F0000524C5692D8944EA0544C5692D7B44EAD4
:10A500000562046A2468056A6D6844EA0524056AE0
:10A510002D8944EA0544056A2D7B44EA05630468F5
:10A52000102C05D14FF020442166A266E36608E0B6
:10A53000C14C21604FF02044C4F88820BE4C0C343C
:10A54000236030BD10210160002141608160C16045
:10A55000016141618161FC21C2691160C269516080
:10A56000C2699160C269D160026A1160026A516079
:10A57000026A9160026AD160704799B1102808D1CF
:10A580004FF02042126E42F004024FF020431A6650
:10A590001DE0A94A126842F004024FF02043C3F8BC
:10A5A000802014E0102809D14FF02042126EA14BF8
:10A5B000DB1E1A404FF020431A6608E09E4A1268DC
:10A5C0009C4BDB1E1A404FF02043C3F8802070479D
:10A5D00099B1102808D14FF02042126E42F040028B
:10A5E0004FF020431A661DE0934A126842F0400281
:10A5F0004FF02043C3F8802014E0102809D14FF019
:10A600002042126E8B4B3F3B1A404FF020431A669C
:10A6100008E0894A1268874B3F3B1A404FF02043BD
:10A62000C3F88020704701460020102903D14FF065
:10A630002042506F02E0804A1432106870471820A0
:10A640007D492031086000200906C1F8A4004FF0C0
:10A65000FC30794928310860091D0860091D08602F
:10A660007047016841F01001426841EA4221826866
:10A6700041EA4231704A20321160C1680968C268FB
:10A68000526841EA0221C268128941EA0241C26865
:10A69000127B41EA0261684A283211600169096847
:10A6A0000269526841EA02210269128941EA0241C3
:10A6B0000269127B41EA02615F4A2C3211604169F2
:10A6C00009684269526841EA02214269128941EAF5
:10A6D00002414269127B41EA02614FF02042C2F816
:10A6E000B01070470021016041608160FC21C268A8
:10A6F0001160C2685160C2689160C268D16002692D
:10A70000116002695160026991600269D160426919
:10A71000116042695160426991604269D16070473D
:10A7200048B145492031096841F004014FF0204209
:10A73000C2F8A01009E04049203109683D4AD21E04
:10A7400011404FF02042C2F8A010704710B5F2B18E
:10A75000102807D14FF020435B6E0B434FF020448D
:10A76000636632E0B0F5807F08D1334B1B1D1B6858
:10A770000B434FF02044C4F8843026E02E4B2433A2
:10A780001B680B434FF02044C4F8A4301DE0102890
:10A7900007D14FF020435B6E8B434FF0204463663C
:10A7A00013E0B0F5807F08D1234B1B1D1B688B4342
:10A7B0004FF02044C4F8843007E01F4B24331B685B
:10A7C0008B434FF02044C4F8A43010BD10B50246AE
:10A7D00000200023102A03D14FF02044636E09E0CB
:10A7E000B2F5807F03D1144C241D236802E0124C83
:10A7F0002434236803EA01040CB1012000E00020A6
:10A8000010BD102807D14FF02042526E8A434FF0FE
:10A8100020435A6619E0B0F5807F0FD1064A121D19
:10A8200012688A434FF02043C3F884200DE00000F3
:10A830000C480108FEFF0F00800000A0234A1268A8
:10A840008A434FF02043C3F8A420704770B50246F6
:10A850000020002300240025102A03D14FF02046B9
:10A86000736E08E0B2F5807F03D1184E203E336846
:10A8700001E0164E336803EA010403EAD10514B17E
:10A880000DB1012000E0002070BD102808D14FF06C
:10A890002042526E22EAD1024FF020435A6614E061
:10A8A000B0F5807F09D1094A203A126822EAD10224
:10A8B0004FF02043C3F8842007E0044A126822EADC
:10A8C000D1024FF02043C3F8A4207047A40000A099
:10A8D000F948006840F00100F74908600020F64997
:10A8E00008310860F4480068F4490840F2490860FB
:10A8F000F348091D0860F348EF4984310860F048C7
:10A900001038091D0860EC48006820F48020EA49EE
:10A9100008600020E8490C310860E7498C31086084
:10A9200070470021E44A921C11701146087070476C
:10A9300010B501460022002300204A11012A02D14D
:10A94000DD4C236808E0022A03D1DB4C7034236815
:10A9500002E0D94C7434236801F01F0201249440B2
:10A960001C400CB1012000E0002010BD38B50020D3
:10A9700000900024002500BF3120FFF7D9FF0546D5
:10A980000098401C00900098B0F5A04F01D0002D19
:10A99000F2D03120FFF7CCFF08B1012400E0002401
:10A9A000204638BD01460020C34A106820F0F80058
:10A9B00040EAC10010607047C34908607047002139
:10A9C000BD4A703211701170012802D004280AD1DA
:10A9D00004E00121B84A7032117005E00521B64A41
:10A9E0007032117000E000BF00BF7047B7490860C7
:10A9F000704770B5049C41EA82150126C6EB5306E8
:10AA000045EA0645054345EA0465AB4E361D35600B
:10AA100070BDAD4908667047820142EA0172A64BDB
:10AA200084331A607047A8498866704710B583015F
:10AA300043EA016343EA02739F4C8834236010BDEC
:10AA4000A14908677047A049C864704702460020C2
:10AA5000994B0833186820F0EC6042EA0103184370
:10AA6000954B08331860704702460020924B08331C
:10AA7000186820F0784042EA010318438E4B0833EF
:10AA800018607047014600208B4A0832106820F099
:10AA9000030008431060704787480830006800F0E2
:10AAA0000C00704701460020834A0832106820F0ED
:10AAB000F000084310607047014600207E4A0832CB
:10AAC000106820F4E05008431060704701460020F1
:10AAD000794A0832106820F4604040EAC1001060F2
:10AAE0007047F0B500210022002402250026022331
:10AAF000714F08373F6807F00C0121B1042905D0D8
:10AB0000082937D105E0724F076036E0714F0760C2
:10AB100033E0694F3F1D3F68C7F38056664F3F1DC6
:10AB20003F6807F03F036EB16A4FB7FBF3F7DFF8FA
:10AB300088C10CF1040CDCF800C0CCF3881C07FBC6
:10AB40000CF40CE0624FB7FBF3F7DFF86CC10CF1CB
:10AB5000040CDCF800C0CCF3881C07FB0CF4564F47
:10AB60003F1D3F68C7F301477F1C7D00B4FBF5F72D
:10AB7000076002E0564F076000BF00BF4E4F083726
:10AB80003F6807F0F0010909534F7A5C0768D74026
:10AB90004760494F08373F6807F4E051890A4E4F34
:10ABA0007A5C4768D7408760434F08373F6807F4AF
:10ABB0006041490B484F7A5C4768D740C760F0BD99
:10ABC000002100F44072B2F5407F0AD13A4A0832BF
:10ABD000116821F4F811414A02401143364A083203
:10ABE0001160354A70321268C0F30B031A43324BBE
:10ABF00070331A60704735494439086070473349EB
:10AC000040390860704736490860704701460020A7
:10AC1000294A8C32106820F01F004A1E1043264A31
:10AC20008C321060704701460020234A8C32106835
:10AC300020F4F8504A1E40EA02201F4A8C3210606D
:10AC40007047014600201C4A8C32106820F44010E6
:10AC500008431060704701460020174A8C32106884
:10AC600020F4400008431060704701460020124A5B
:10AC70008C32106820F44030084310607047194946
:10AC80000860704739B10C4A3032126802430A4BEF
:10AC900030331A6006E0084A303212688243064BAD
:10ACA00030331A607047F9B1034A343212680243F4
:10ACB000014B34331A601CE000380240FFFFF6EA13
:10ACC000103000240030002000004742800E474230
:10ACD0000024F40000127A00BE000020FFFCFF0FE9
:10ACE0005C014742E01147428F4A126882438E4B13
:10ACF0001A60704739B18C4A121D126802438A4BA0
:10AD00001B1D1A6006E0884A121D12688243864B9A
:10AD10001B1D1A60704739B1834A0C321268024316
:10AD2000814B0C331A6006E07F4A0C321268824372
:10AD30007D4B0C331A60704739B17B4A1032126870
:10AD40000243794B10331A6006E0774A10321268DA
:10AD50008243754B10331A60704739B1724A243AF6
:10AD600012680243704B243B1A6006E06E4A243A94
:10AD7000126882436C4B243B1A60704739B16A4AAF
:10AD8000203A12680243684B203B1A6006E0664A8C
:10AD9000203A12688243644B203B1A60704739B1F5
:10ADA000614A1C3A126802435F4B1C3B1A6006E082
:10ADB0005D4A1C3A126882435B4B1C3B1A60704729
:10ADC00039B1594A143A12680243574B143B1A607E
:10ADD00006E0554A143A12688243534B143B1A60FA
:10ADE000704739B1504A103A126802434E4B103B3B
:10ADF0001A6006E04C4A103A126882434A4B103BF4
:10AE00001A60704739B1484A1C3212680243464BF7
:10AE10001C331A6006E0444A1C3212688243424BDB
:10AE20001C331A60704739B13F4A2032126802431E
:10AE30003D4B20331A6006E03B4A203212688243C1
:10AE4000394B20331A60704739B1374A24321268BF
:10AE50000243354B24331A6006E0334A2432126829
:10AE60008243314B24331A60704739B12E4A2C3259
:10AE7000126802432C4B2C331A6006E02A4A2C320B
:10AE800012688243284B2C331A60704739B1264A26
:10AE9000303212680243244B30331A6006E0224AF3
:10AEA000303212688243204B30331A6070470128D9
:10AEB00008D11D493C31096841F008011A4A3C3269
:10AEC000116007E018493C31096821F00801164A71
:10AED0003C321160704739B1134A273A1278024365
:10AEE000114B273B1A7006E00F4A273A127882432B
:10AEF0000D4B273B1A7070470B484030006840F0FC
:10AF00008070094940310860704701460020064AB8
:10AF1000283A12680A400AB1012000E00020704778
:10AF200001492639087070473438024010B504468C
:10AF3000FA48844208D101211020FFF752FF002176
:10AF40001020FFF74EFF57E0F548844209D1012158
:10AF50004804FFF735FF00214FF40030FFF730FFC2
:10AF60004AE0F048844209D101218804FFF728FF14
:10AF700000214FF48020FFF723FF3DE0EA488442A0
:10AF800009D10121C804FFF71BFF00214FF4002065
:10AF9000FFF716FF30E0E548844209D1012108059A
:10AFA000FFF70EFF00214FF48010FFF709FF23E0A9
:10AFB000DF48844208D101212020FFF712FF002141
:10AFC0002020FFF70EFF17E0DA48844209D1012163
:10AFD0008807FFF7F5FE00214FF08040FFF7F0FEF5
:10AFE0000AE0D548844207D101214005FFF7E8FE79
:10AFF00000216005FFF7E4FE10BD2DE9FF4705467F
:10B000000E460024A14600BFA046B08900B100BF93
:10B010002C8A24F44054F08804432C82AC8941F2F9
:10B020000C608443B0883189084371890843044324
:10B03000AC81AC8A24F44074B0890443AC82684685
:10B04000FFF74FFDB548854202D0B948854202D18D
:10B05000DDF80C9001E0DDF80890A88900F40040CC
:10B0600040B109EBC90000EB091031684900B0FBA1
:10B07000F1F707E009EBC90000EB0910316889001E
:10B08000B0FBF1F76420B7FBF0F004012009642164
:10B0900001FB1078A88900F4004040B1322000EB99
:10B0A000C800B0FBF1F000F00700044308E03220D4
:10B0B00000EB08106421B0FBF1F000F00F00044336
:10B0C0002C81BDE8FF874FF416510160002181807B
:10B0D000C18001810C21418100218181704710B51F
:10B0E00002460020108A20F470600B884C882343AD
:10B0F0008C882343CC8823431843108210BD002141
:10B10000018041808180C180704721B1828942F4F1
:10B110000052828104E082894DF6FF731A408281D9
:10B120007047028B02F47F420283028B0A43028340
:10B13000704721B1828942F40042828103E0828912
:10B14000C2F30E028281704721B1828A42F400620A
:10B15000828204E0828A4FF2FF731A408282704733
:10B16000C1F308028280704701468888C0F3080056
:10B170007047028A4FF6F0731A400282028A0A432D
:10B180000282704721B1828942F00202828104E08A
:10B1900082894FF6FD731A408281704782894FF28F
:10B1A000FF731A40828182890A4382817047028A32
:10B1B0004FF6DF731A400282028A0A430282704706
:10B1C00021B1028A42F48042028204E0028A4BF6F4
:10B1D000FF731A4002827047818941F00101818129
:10B1E000704721B1828A42F00802828204E0828A9A
:10B1F0004FF6F7731A4082827047028BD2B20283F5
:10B20000028B42EA01220283704721B1828A42F016
:10B210002002828204E0828A4FF6DF731A40828223
:10B22000704721B1828A42F01002828204E0828A51
:10B230004FF6EF731A4082827047828A4FF6FB7393
:10B240001A408282828A0A438282704721B1828AAE
:10B2500042F00202828204E0828A4FF6FD731A40B5
:10B26000828270471AB1838A0B43838202E0838A09
:10B270008B4383827047F0B50346002400260025E7
:10B28000002040F66A17B94200D100BF1846C1F34A
:10B29000421401F01F06012707FA06F5012C01D11F
:10B2A0000C3004E0022C01D1103000E014301AB14F
:10B2B00007682F43076002E00768AF430760F0BDEF
:10B2C00002460020B1F5007F00D100BF13880B407B
:10B2D0000BB1012000E00020704701F40072B2F5CC
:10B2E000007F00D100BFCA430280704770B502469C
:10B2F000002400230025002040F66A16B14200D148
:10B3000000BFC1F3421501F01F03012606FA03F343
:10B31000012D13D19689334017E000000010014041
:10B320000044004000480040004C004000500040F5
:10B330000014014000780040007C0040022D02D142
:10B34000168A334001E0968A33400C12012606FA31
:10B3500004F41688344013B10CB1012000E0002041
:10B3600070BD10B50022002340F66A14A14200D13E
:10B3700000BF0A1201249440A3B2DC43048010BD34
:10B3800010B50121C802FFF72CFD00214FF4006029
:10B39000FFF727FD10BD00216C4A116847F6FF62D8
:10B3A0009143027D83681A4343681A43C3681A4372
:10B3B00003681A4303691A431143644A11607047D2
:10B3C00000210175016041608160C16001617047C9
:10B3D0005F49086070475D49091F086070475B4816
:10B3E000001F006800F0030070470021574B1B1D31
:10B3F00002681A601A1D11686FF30A01D0E901236F
:10B400001A43C3681A4303691A4311434F4A083267
:10B41000116070470021016041608160C16001617D
:10B4200070474A480C300068C0B2704708B5014602
:10B4300000200090454810300844009000980068B3
:10B4400008BD0021414B203302681A601B1D426871
:10B450001A601A1D116821F0F701D0E902231A437E
:10B4600003691A4343691A431143384A2832116069
:10B4700070474FF0FF310160002141608160C16081
:10B4800001614161704731482C30006870472F4896
:10B490007C30006870472D497C31086070472B482C
:10B4A0004430006870472B49086070472949091DDE
:10B4B00008607047274908310860704725490C31FA
:10B4C000086070472449086070472349091D0860D7
:10B4D000704701218143204A0832116070471E499C
:10B4E0000C31086070471B4914390860704739B146
:10B4F000164A383212680243144B38331A6006E099
:10B50000124A383212688243104B38331A6070473F
:10B51000014600200D4A303212680A400AB101206B
:10B5200000E0002070470949343108607047014647
:10B530000020064A303212680A400AB1012000E0B9
:10B54000002070470149343108607047042C0140E5
:10B55000A0802542A0852542AC812542016821F0CA
:10B56000010101600021016041608160C1600161F1
:10B5700021214161DB49884204D13D21D94A103A59
:10B5800091608CE0D7491831884205D14FF474613D
:10B59000D44A103A916082E0D2493031884205D1D4
:10B5A0004FF47411CF4A103A916078E0CD49483198
:10B5B000884205D14FF07461CA4A103A91606EE03A
:10B5C000C8496031884204D1C749C64A103AD1609F
:10B5D00065E0C4497831884204D1C449C14A103A6F
:10B5E000D1605CE0BF499031884204D1C049BD4A76
:10B5F000103AD16053E0BB49A831884205D14FF0E1
:10B600003D51B84A103AD16049E0BA49884204D164
:10B610003D21B84A083A116041E0B64918318842E4
:10B6200005D14FF47461B34A083A116037E0B1496B
:10B630003031884205D14FF47411AE4A083A116096
:10B640002DE0AC494831884205D14FF07461A94AD8
:10B65000083A116023E0A7496031884204D1A24929
:10B66000A44A121F11601AE0A2497831884204D11D
:10B670009E49A04A121F116011E09E4990318842F4
:10B6800004D19B499B4A121F116008E09949A831D7
:10B69000884204D14FF03D51964A121F1160704705
:10B6A00010B500220268944B1A40CC680B68234303
:10B6B0004C6923438C692343CC6923430C6A23439D
:10B6C0004C6A23438C6A23434C6B23438C6B234388
:10B6D0001A430260426922F00702D1E90B34234386
:10B6E0001A4342610B6943604B6883608B68C36097
:10B6F00010BD0021016041608160C1600161416154
:10B700008161C161016241628162C1620163416321
:10B710008163704721B1026842F00102026003E0D8
:10B72000026822F001020260704721B1026842F40F
:10B730000042026003E0026822F4004202607047A7
:10B7400021B1026842F02002026003E0026822F0A8
:10B75000200202607047416070470146486880B22D
:10B76000704722B1036843F40023036003E00368D9
:10B7700023F4002303600161704721B1026842F4A1
:10B780008022026003E0026822F480220260704797
:10B790000AB1016100E0C1607047014600200A68FB
:10B7A00002F400220AB1012000E0002070470146A7
:10B7B00000200A6802F001020AB1012000E0002026
:10B7C0007047014600204A6902F03800704730B5E2
:10B7D00003460A4600200024464DAB4202D24149AE
:10B7E000103901E04349103902F000550DB14C68A1
:10B7F00000E00C68414D2C4004EA02050DB1012027
:10B8000000E0002030BD02463A4B9A4202D2354851
:10B81000103801E03748103801F000531BB1374BA6
:10B820000B40C36002E0354B0B408360704710B59E
:10B8300001F080034BB122B1436943F080034361BF
:10B8400003E0436923F08003436180290BD02AB1D0
:10B85000036801F01E042343036004E0036801F061
:10B860001E04A343036010BD70B5024600200024EF
:10B870000025204EB24202D21A4B103B01E01D4B74
:10B88000103B1F4E0E4036B11E2606EAD124166824
:10B8900006EA040502E0566906F0800501F000564C
:10B8A0000EB15C6800E01C68144E344004EA0106E6
:10B8B00016B10DB1012000E0002070BD02460D4B15
:10B8C0009A4202D20748103801E00A48103801F0C5
:10B8D00000531BB1094B0B40C36002E0074B0B4008
:10B8E00083607047106002403D000020400F002040
:10B8F00000003D20106402403F801CF07D0F7D0F52
:10B900003C0F3C0F10B50446FB48844208D101218E
:10B910008014FFF766FA0021A014FFF762FA3CE0FA
:10B92000F648844208D101210014FFF749FA0021AA
:10B930002014FFF745FA30E0F148844208D1012194
:10B94000C013FFF73DFA0021E013FFF739FA24E0B6
:10B95000EC48844208D101214014FFF742FA00214B
:10B960006014FFF73EFA18E0E748844209D101214C
:10B970000805FFF736FA00214FF48010FFF731FA7F
:10B980000BE0E248844208D101214805FFF729FA7B
:10B9900000214FF40010FFF724FA10BD10B500226B
:10B9A000028802F441520B884C8823438C8823433D
:10B9B000CC8823430C8923434C8923438C8923431C
:10B9C000CC8923431A430280838B4FF2FF742340B8
:10B9D00083830B8A038210BD2DE9F04F00250223DB
:10B9E00000244FF0010900220026002794469046CB
:10B9F000B0F81CA04FF2400B0AEA0B0AA0F81CA0FA
:10BA00004FF0020AA0F820A0858BD1F808A0BAF167
:10BA1000020F01D100BF82E0B1F804A0BAF1000F1B
:10BA200002D14FF0010901E04FF00209DFF8E0A276
:10BA3000DAF800A00AF4000ABAF1000F09D0DFF822
:10BA4000D0A2DAF800A02AF4000ADFF8C4B2CBF8DA
:10BA500000A0DFF8BCA20AF17C0ADAF800A0CAF361
:10BA6000881CDFF8ACA20AF17C0ADAF800A0CAF35D
:10BA70000278DFF89CA2AAF1040ADAF800A00AF022
:10BA80003F07DFF88CA2AAF1040ADAF800A00AF452
:10BA9000800ABAF5800F08D1DFF878A2BAFBF7FA6E
:10BAA0000AFB0CFABAFBF8F607E0DFF86CA2BAFB67
:10BAB000F7FA0AFB0CFABAFBF8F6B1F806A0BAF5E9
:10BAC000007F0ED14FEA162A0AEB8A0A4FEA4A0A89
:10BAD000D1F808B0BAFBFBFA0AF1050A1FFA8AF29C
:10BAE0000FE04FEA491AB6FBFAFA0AEB8A0A4FEA64
:10BAF0004A0AD1F808B0BAFBFBFA0AF1050A1FFAA4
:10BB00008AF24FF00A0AB2FBFAF202F00104A2EB49
:10BB1000040ACAF34F034FF6FF7A0AEA0424022B01
:10BB200001DBFF2B01DD02230024B1F806A04AEA65
:10BB3000040A4AEA030AA0F820A0B1F804A0B1F868
:10BB40000CB04AEA0B0AB1F802B04AEA0B0AB1F8A3
:10BB500000B04AEA0B0A4AF4006A4AEA05058583FE
:10BB6000BDE8F08F0021018041808180C18001818A
:10BB700041818181C18107210182704700210180BB
:10BB800041808180C18002218160002181817047D4
:10BB900021B1028842F04002028004E002884FF6A0
:10BBA000BF731A400280704721B1828B42F48062D9
:10BBB000828304E0828B4FF6FF331A408283704702
:10BBC00002884FF2FF731A40028002880A43028003
:10BBD0007047B1F5804F04D1028842F48042028060
:10BBE00004E002884BF6FF731A40028070474FF65C
:10BBF000FF62914204D0028842F48072028004E025
:10BC000002884FF6FF631A400280704721B1828894
:10BC100042F00402828004E082884FF6FB731A40EF
:10BC20008280704721B1828842F01002828004E055
:10BC300082884FF6EF731A408280704730B5002239
:10BC40000023848B4FF240052C408483022404841B
:10BC5000828B0C88B4F5007F01D00C8814B94FF4A6
:10BC6000807308E00C88B4F5407F03D00C88B4F5ED
:10BC7000807F00D100238C888D892C434D882C43F4
:10BC80001C4344F400642243828330BD014688890A
:10BC900070478181704721B1028842F400520280CE
:10BCA00004E002884DF6FF731A4002807047018855
:10BCB00041F480510180704702460020012901D0E3
:10BCC000108B00E0908A70470146088A70471AB1CD
:10BCD00083880B43838002E083888B438380704793
:10BCE00030B5002400230C110125A540ABB2AAB148
:10BCF00085881D43858014E00030014000380040F5
:10BD0000003C00400034014000500140005401401C
:10BD10000838024000127A000024F40085889D4310
:10BD2000858030BD0246002013890B400BB10120F5
:10BD300000E000207047CA4302817047F0B5024618
:10BD4000002000240023002501F00F070126BE403B
:10BD5000B4B20B1101269E40B3B2968806EA0305E1
:10BD60001689264016B10DB1012000E00020F0BD7B
:10BD700010B5002201F00F040123A3409AB2D3436F
:10BD8000038110BD10B50446FE48844208D101214C
:10BD90000846FFF726F800210120FFF722F89DE072
:10BDA000B4F1804F08D101210846FFF709F80021BE
:10BDB0000120FFF705F891E0F348844208D1012102
:10BDC0000220FEF7FDFF00210220FEF7F9FF85E0CB
:10BDD000EE48844208D101210420FEF7F1FF002142
:10BDE0000420FEF7EDFF79E0E948844208D1012103
:10BDF0000820FEF7E5FF00210820FEF7E1FF6DE0D7
:10BE0000E448844208D101211020FEF7D9FF002127
:10BE10001020FEF7D5FF61E0DF48844208D1012100
:10BE20002020FEF7CDFF00212020FEF7C9FF55E0BE
:10BE3000DA48844208D101210220FEF7D2FF002116
:10BE40000220FEF7CEFF49E0D548844209D1012106
:10BE50000804FEF7C6FF00214FF48030FEF7C1FF53
:10BE60003CE0D048844209D101214804FEF7B9FFE3
:10BE700000214FF40030FEF7B4FF2FE0CA4884429F
:10BE800009D101218804FEF7ACFF00214FF4802086
:10BE9000FEF7A7FF22E0C548844208D101214020D7
:10BEA000FEF78EFF00214020FEF78AFF16E0C04813
:10BEB000844208D101218020FEF782FF00218020EA
:10BEC000FEF77EFF0AE0BB48844207D101218015BE
:10BED000FEF776FF0021A015FEF772FF10BD0022CD
:10BEE0000288A84B98420ED0AC4B98420BD0B0F1D0
:10BEF000804F08D0A44B984205D0A44B984202D062
:10BF0000A34B984204D14FF68F731A404B881A43C3
:10BF1000A04B984207D0A04B984204D04FF6FF4365
:10BF20001A400B891A4302804B68C3620B88038551
:10BF3000944B984202D0994B984201D18B7A038658
:10BF40000123838270474FF0FF314160002101805F
:10BF500001814180817270470185828270470A4663
:10BF6000002101884FF68F731940114301807047FB
:10BF700041627047C16270470146486A7047014696
:10BF8000088D704721B1028842F00202028004E06D
:10BF900002884FF6FD731A400280704721B1028873
:10BFA00042F00402028004E002884FF6FB731A405C
:10BFB0000280704721B1028842F08002028004E0D2
:10BFC00002884FF67F731A400280704702884FF64E
:10BFD000F7731A40028002880A4302807047028881
:10BFE0004FF6FF431A40028002880A4302807047DE
:10BFF00021B1028842F00102028004E002884FF67B
:10C00000FE731A400280704770B50024002200239E
:10C01000058C4FF6FE7635400584028C8388048BB0
:10C020004FF68F752C40B51E2C400D882C43751E85
:10C030002A408D892A434D882A43524DA84202D076
:10C04000564DA84213D14FF6F7752A40CD892A43A1
:10C050004FF6FB752A408D882A434FF6FF652B402B
:10C060004FF6FF552B400D8A2B434D8A2B4383807F
:10C0700004838D684563028470BD70B5002400227E
:10C080000023058C4FF6EF7635400584028C8388BB
:10C09000048B48F6FF752C404FF6FF452C400D8869
:10C0A0004FF6FF7606EA05252C434FF6DF752A404A
:10C0B0008D8906EA05152A434D8806EA05152A43A7
:10C0C000304DA84202D0354DA8421DD14FF67F75A4
:10C0D0002A40CD894FF6FF7606EA05152A434FF62A
:10C0E000BF752A408D8806EA05152A434FF6FF35AD
:10C0F0002B404FF2FF752B400D8A06EA85052B4336
:10C100004D8A06EA85052B43838004838D68856309
:10C11000028470BD70B5002400220023058C4FF608
:10C12000FF6635400584028C8388848B4FF68F75BB
:10C130002C404FF6FC752C400D882C434FF6FF55D4
:10C140002A408D894FF6FF7606EA05252A434D8859
:10C1500006EA05252A430B4DA84202D00F4DA842FE
:10C1600038D14FF2FF752A40CD894FF6FF7606EAA7
:10C1700005252A434FF6FF352A408D8806EA052516
:10C180002A4319E00000014000040040000800407C
:10C19000000C00400010004000140040000401406A
:10C1A00000400140004401400048014000180040A8
:10C1B000001C0040002000404EF6FF752B404DF65D
:10C1C000FF752B400D8A06EA05152B434D8A06EABA
:10C1D00005152B43838084838D68C563028470BDFD
:10C1E00070B5002200230024058C4EF6FF76354002
:10C1F0000584038C8488828B48F6FF752A404FF6AD
:10C20000FF452A400D884FF6FF7606EA05252A43AA
:10C210004DF6FF752B408D8906EA05352B434D8879
:10C2200006EA05352B43FE4DA84202D0FD4DA8423B
:10C2300008D14BF6FF752C400D8A4FF6FF7606EAC3
:10C2400085152C43848082838D680564038470BDCA
:10C25000002101804180818081608181C1810182D2
:10C260004182704770B503460020002418461830FC
:10C2700001258D40ACB21D8CA5431D8409B1082950
:10C280000AD100EB610005684FF68F7635400560F6
:10C290000568154305600FE00D1FC5F34E052844E2
:10C2A000056848F6FF763540056005684FF6FF766D
:10C2B00006EA02263543056070BD4163704781631D
:10C2C0007047C1637047016470470A460021018BC3
:10C2D0004FF68F7319401143018370470A460021BE
:10C2E000018B48F6FF7319404FF6FF7303EA0223F0
:10C2F0001943018370470A460021818B4FF68F73E3
:10C3000019401143818370470A460021818B48F60A
:10C31000FF7319404FF6FF7303EA02231943818329
:10C3200070470A460021018B4FF6F77319401143FD
:10C33000018370470A460021018B4FF2FF731940B9
:10C340004FF6FF7303EA02231943018370470A463D
:10C350000021818B4FF6F773194011438183704799
:10C360000A460021818B4FF2FF7319404FF6FF738D
:10C3700003EA02231943818370470A460021018B97
:10C380004FF6FB7319401143018370470A460021A1
:10C39000018B4FF6FF3319404FF6FF7303EA022378
:10C3A0001943018370470A460021818B4FF6FB73C6
:10C3B00019401143818370470A460021818B4FF653
:10C3C000FF3319404FF6FF7303EA022319438183B9
:10C3D00070470A460021018B4FF67F7319401143C5
:10C3E000018370470A460021018BC1F30E014FF60D
:10C3F000FF7303EA02231943018370470A460021B1
:10C40000818B4FF67F7319401143818370470A4631
:10C410000021818BC1F30E014FF6FF7303EA022363
:10C420001943818370470A460021018C4FF6FD7342
:10C4300019401143018470470A460021018C4FF6D0
:10C44000F77319401143018470470A460021018C9B
:10C450004FF6DF7319404FF6FF7303EA02131943D7
:10C46000018470470A460021018C4FF67F73194002
:10C470004FF6FF7303EA02131943018470470A461B
:10C480000021018C4FF6FF5319404FF6FF7303EA6A
:10C4900002231943018470470A460021018C4FF2A0
:10C4A000FF7319404FF6FF7303EA02231943018417
:10C4B00070470A460021018C4DF6FF7319404FF674
:10C4C000FF7303EA023319430184704730B5002338
:10C4D00001248C40A3B2048C9C430484048C02FA93
:10C4E00001F5ADB22C43048430BD30B500230424E3
:10C4F0008C40A3B2048C9C430484048C02FA01F5A2
:10C50000ADB22C43048430BD828B4FF2FF331A400E
:10C510008283828B4FF6FF7303EA01231A438283DF
:10C520007047F0B50C461546002100220026078C06
:10C530004EF6FF7C07EA0C070784818B028C4FF6CE
:10C54000FF7707EA043640F6FF4739404FF6FF779A
:10C5500007EA052739434FF6FF7707EA03373943E0
:10C5600045F6FF773A4046F480573A438183028488
:10C57000F0BD828B4FF6F3731A408283828B0A439D
:10C5800082837047F0B50C46154600210022002634
:10C59000078C4FF6FF6C07EA0C070784818B028C2F
:10C5A0004FF6FF7707EA04264FF60C7739404FF62F
:10C5B000FF7707EA03172F4339434FF2FF573A40FB
:10C5C00046F480773A4381830284F0BD028B4FF2B8
:10C5D000FF331A400283028B4FF6FF7303EA0123F5
:10C5E0001A4302837047F0B50C461546002100221D
:10C5F0000026078C4FF6EF7C07EA0C070784018BB7
:10C60000028C4FF6FF7707EA041640F6FF473940E1
:10C610004FF6FF7707EA033739434FF6FF7703E01A
:10C62000000001400004014007EA052739434FF6A6
:10C630005F773A4046F010073A4301830284F0BD29
:10C64000028B4FF6F3731A400283028B0A43028374
:10C650007047F0B50C46154600210022068C4FF6B7
:10C66000FE773E400684018B028C4FF60C763140FB
:10C670007E1C06EA03162E4331434FF6F576324010
:10C6800044F00106324301830284F0BD70B50546D3
:10C690000C46208850B92389A28861882846FFF774
:10C6A000D8FFE1882846FFF7CBFF25E02088042843
:10C6B0000AD12389A28861882846FFF794FFE18880
:10C6C0002846FFF783FF17E0208808280AD123892E
:10C6D000A28861882846FFF755FFE1882846FFF7C2
:10C6E00048FF09E02389A28861882846FFF719FFDF
:10C6F000E1882846FFF708FF70BD002101804180D6
:10C70000012181800021C180018170472DE9F04124
:10C7100005460C4600260127608808B9022600E07D
:10C720000026A088012801D1022700E001272088E7
:10C73000A0B92389A28861882846FFF78AFFE1888B
:10C740002846FFF77DFF23893A4631462846FFF702
:10C750004AFFE1882846FFF739FF13E02389A288C2
:10C7600061882846FFF73FFFE1882846FFF72EFF44
:10C7700023893A4631462846FFF76BFFE188284671
:10C78000FFF75EFFBDE8F0810146486B7047014648
:10C79000886B70470146C86B70470146086C70474C
:10C7A0000A884B881A438B881A43CB881A430B8913
:10C7B0001A434B891A438B891A43A0F844207047C7
:10C7C0000021018041808180C1800181418181817E
:10C7D000704731B1B0F8442042F40042A0F8442040
:10C7E00005E0B0F84420C2F30E02A0F844207047E0
:10C7F00021B1828842F00402828004E082884FF6F0
:10C80000FB731A408280704721B1828842F0010296
:10C81000828004E082884FF6FE731A40828070475F
:10C820001AB183890B43838102E083898B4383811F
:10C8300070478182704702460020138A0B400BB17B
:10C84000012000E000207047CA430282704730B5E3
:10C850000246002000230024158A05EA0103958979
:10C8600005EA010413B10CB1012000E0002030BD45
:10C87000CA430282704741EA0203A0F84830704779
:10C880001AB183890B43838102E083898B438381BF
:10C89000704721B1828842F00802828004E08288D9
:10C8A0004FF6F7731A408280704701894FF6F8728D
:10C8B0001140018170470A46002101894FF68F73AC
:10C8C000194011430181704730B504460D46294691
:10C8D0002046FFF7F0FF208940F00700208130BD9F
:10C8E0002DE9F04104460D4616461F46602D06D13F
:10C8F0003B46012231462046FFF775FE05E03B46E8
:10C90000012231462046FFF7A4FE29462046FFF7C4
:10C91000D2FF208940F007002081BDE8F08130B5CA
:10C920000C4600210189C9B24FF6FF7505EA0325BF
:10C93000154325432943018130BD2DE9F0410546CA
:10C940000E4617469846002443463A463146284646
:10C95000FFF7E5FF2C894FF6F870044044F0070418
:10C960004FF68F70044044F070042C81BDE8F081D4
:10C97000F0B504460D4616461F463B46324629464C
:10C980002046FFF7CCFF208940F480402081F0BD95
:10C9900082884FF68F731A40828082880A43828091
:10C9A000704702894FF6F8731A40028102890A43E0
:10C9B0000281704702894FF67F731A400281028913
:10C9C0000A4302817047F0B50C4615461E46002109
:10C9D000002200230189028B038C4FF6F87739403F
:10C9E00021434FF6FC473A4040F201173A434FF6D5
:10C9F000DD773B404FF6FF7707EA06172F433B43AF
:10CA0000018102830384F0BD21B1828842F080025B
:10CA1000828004E082884FF67F731A4082807047DC
:10CA2000A0F850107047000070B503460C4603E0B4
:10CA300014F8015B03F8015B151EA2F10102F7D1A6
:10CA400070BD30B5034601E003F8011B141EA2F1CE
:10CA50000102F9D130BD10B504467A4951F82410CD
:10CA60004A00794951F824000021FFF7EAFF77498D
:10CA700051F8242074490C3951F824000021FFF7A3
:10CA8000E0FF012170480C30015510BD10B5014682
:10CA90000023002207E06C4850F8210030F8120013
:10CAA00000B15B1C521C674850F821009042F2D83C
:10CAB00064205843634C54F82140B0FBF4F0C0B2FA
:10CAC00010BD2DE9F04704460F460025A9465E48F3
:10CAD0000C30005D20B95C48143801682046884756
:10CAE0001FB94FF0FF30BDE8F087594850F82400D7
:10CAF000B7FBF0F6564850F82400B7FBF0F100FB06
:10CB0000117000B1761C4F4850F82400451E20E0FB
:10CB10004D4850F8240030F8150010B909F101090A
:10CB200001E04FF00009B14512D14FF0000808E0D4
:10CB3000454850F8240005EB080220F8126008F17F
:10CB40000108B045F4D3424850F824006843CAE7CE
:10CB50006D1E002DDCDA4FF0FF30C4E72DE9F04107
:10CB600004460E4638480C30005D38B93648143853
:10CB70000168204688470120BDE8F081334850F81D
:10CB80002400B04217D9324850F82400B6FBF0F127
:10CB90002D4850F8240030F81120002507E000232C
:10CBA000294850F824004F1920F817306D1C954281
:10CBB000F5DB0020E0E70220DEE770B505460C4615
:10CBC00004B970BD20480C3850F82500261A3146AB
:10CBD0002846FFF7C3FF00BFF3E770B504460E46D3
:10CBE00031462046FFF76DFF0546681C08B9002056
:10CBF00070BD15480C3850F824002844F8E72DE99A
:10CC0000F04104460F46164631462046FFF759FFCD
:10CC10000546681C10B90020BDE8F0810A490C39AE
:10CC200051F82410481932463946FFF7FDFE3946BF
:10CC30002046FFF7C2FF04480C3850F8240028446F
:10CC4000EAE7000028480108E40000204048010805
:10CC50003448010810B58CB004461E230BAA03A962
:10CC6000204600F0A9FE0090009810B101200CB001
:10CC700010BD9DF82C00044400200B900EE04048AD
:10CC80009DF82C2050F8221003A800F0FDFD00B9FB
:10CC900008E09DF82C00401CC0B20B909DF82C00C1
:10CCA0000728ECD300BF9DF82C00072863D2DFE8EB
:10CCB00000F004053C5E6564630000BF31A005F030
:10CCC00077F831A005F074F83FA005F071F84EA098
:10CCD00005F06EF85CA005F06BF86BA005F068F845
:10CCE00079A005F065F886A005F062F88BA005F044
:10CCF0005FF890A005F05CF894A005F059F899A0B1
:10CD000005F056F89EA005F053F8A4A005F050F8E1
:10CD1000B0A005F04DF8BDA005F04AF8C8A005F098
:10CD200047F8D4A005F044F89AE216A005F040F8C0
:10CD3000E0A005F03DF800200B900EE0ED48006803
:10CD40009DF82C2000EBC2004168EBA005F030F804
:10CD50009DF82C00401CC0B20B90E648007D9DF869
:10CD60002C108842EADC07A005F022F878E205A042
:10CD700005F01EF8C4E171E245E219E2ECE10000C1
:10CD8000F40000200D0A00002D2D2D2D2D2D2D2D10
:10CD90002D2D2D2D2D2D2D2D2D2D2D2D2D2D2D2DC3
:10CDA00055534D4152542056332E312D2D2D2D2DBE
:10CDB0002D2D2D2D2D2D2D2D2D2D2D2D2D2D2D2DA3
:10CDC0002D2D2D200D0A00002020202055534D41EF
:10CDD0005254CAC7D3C9414C49454E54454BBFAACA
:10CDE000B7A2B5C4D2BBB8F6C1E9C7C9B5C4B4AE21
:10CDF000BFDAB5F7CAD4BBA5BDBBD7E9BCFE2CCD05
:10CE0000A8B9FD200D0A0000CBFC2CC4E3BFC9D299
:10CE1000D4CDA8B9FDB4AEBFDAD6FACAD6B5F7D329
:10CE2000C3B3CCD0F2C0EFC3E6B5C4C8CEBACEBA55
:10CE3000AFCAFD2CB2A2D6B4D0D02ED2F2B4CB2C35
:10CE4000C4E3BFC90D0A0000D2D4CBE6D2E2B8FCDD
:10CE5000B8C4BAAFCAFDB5C4CAE4C8EBB2CECAFD05
:10CE600028D6A7B3D6CAFDD7D62831302F3136BD44
:10CE7000F8D6C629A1A2D7D6B7FBB4AEA1A2BAAF45
:10CE8000CAFDC8EB0D0A0000BFDAB5D8D6B7B5C8E1
:10CE9000D7F7CEAAB2CECAFD292CB5A5B8F6BAAF3F
:10CEA000CAFDD7EEB6E0D6A7B3D63130B8F6CAE49D
:10CEB000C8EBB2CECAFD2CB2A2D6A7B3D6BAAFCABF
:10CEC000FDB7B5200D0A0000BBD8D6B5CFD4CABE79
:10CED0002ED0C2D4F6B2CECAFDCFD4CABEBDF8D6CB
:10CEE000C6C9E8D6C3B9A6C4DC2CD0C2D4F6BDF8F6
:10CEF000D6C6D7AABBBBB9A6C4DC2E0D0A0000005B
:10CF0000BCBCCAF5D6A7B3D63A7777772E6F7065D3
:10CF10006E6564762E636F6D0D0A000055534D41AA
:10CF20005254D3D037B8F6CFB5CDB3C3FCC1EE3A27
:10CF30000D0A00003F3A202020202020BBF1C8A18C
:10CF4000B0EFD6FAD0C5CFA20D0A000068656C70AC
:10CF50003A202020BBF1C8A1B0EFD6FAD0C5CFA2AD
:10CF60000D0A00006C6973743A202020BFC9D3C336
:10CF7000B5C4BAAFCAFDC1D0B1ED0D0A0A000000B8
:10CF800069643A2020202020BFC9D3C3BAAFCAFDAC
:10CF9000B5C44944C1D0B1ED0D0A0A006865783ABC
:10CFA00020202020B2CECAFD3136BDF8D6C6CFD45F
:10CFB000CABE2CBAF3B8FABFD5B8F12BCAFDD7D682
:10CFC000BCB4D6B4D0D0BDF8D6C6D7AABBBB0D0A68
:10CFD0000A0000006465633A20202020B2CECAFD1A
:10CFE0003130BDF8D6C6CFD4CABE2CBAF3B8FABF1A
:10CFF000D5B8F12BCAFDD7D6BCB4D6B4D0D0BDF8C5
:10D00000D6C6D7AABBBB0D0A0A00000072756E74A3
:10D01000696D653A312CBFAAC6F4BAAFCAFDD4CB4C
:10D02000D0D0BCC6CAB13B302CB9D8B1D5BAAFCA82
:10D03000FDD4CBD0D0BCC6CAB13B0D0A0A0000005B
:10D04000C7EBB0B4D5D5B3CCD0F2B1E0D0B4B8F121
:10D05000CABDCAE4C8EBBAAFCAFDC3FBBCB0B2CE0E
:10D06000CAFDB2A2D2D4BBD8B3B5BCFCBDE1CAF8EC
:10D070002E0D0A002D2D2D2D2D2D2D2D2D2D2D2D4F
:10D080002D2D2D2D2D2D2D2D2D2D2D2D2D2D414C9D
:10D0900049454E54454B2D2D2D2D2D2D2D2D2D2D0E
:10D0A0002D2D2D2D2D2D2D2D2D2D2D2D2D2D2D20BD
:10D0B0000D0A00002D2D2D2D2D2D2D2D2D2D2D2D3D
:10D0C0002D2D2D2D2D2D2D2D2D2D2D2D2DBAAFCAE4
:10D0D000FDC7E5B5A52D2D2D2D2D2D2D2D2D2D2D5E
:10D0E0002D2D2D2D2D2D2D2D2D2D2D2D2D2D2D2D70
:10D0F000200D0A003801002025730D0A00000000F1
:10D10000EEA004F055FE00200B901AE0FB490968E0
:10D110009DF82C2001EBC20101AB02AA486803A9CB
:10D1200000F070FCF54800689DF82C1050F8312094
:10D1300003A9F3A004F03CFE9DF82C00401CC0B2F3
:10D140000B90EE48007D9DF82C108842DEDCAFF29B
:10D15000CC3004F02DFE83E0AFF2D83004F028FE8E
:10D160000BAA03A9204600F029FD9DF82C00C8B9A0
:10D17000694603A800F0BBFB0B909DF82C0020B97A
:10D18000E4A0009904F014FE0EE09DF82C000428A1
:10D1900001D002206BE5E2A004F00AFE0120D7498D
:10D1A000C87501E0022062E5DCA004F001FE57E052
:10D1B000DAA004F0FDFD0BAA03A9204600F0FEFC56
:10D1C0009DF82C00C8B9694603A800F090FB0B90AD
:10D1D0009DF82C0020B9D7A0009904F0E9FD0EE0DD
:10D1E0009DF82C00042801D0022040E5D4A004F0D2
:10D1F000DFFD0020C149C87501E0022037E5C7A066
:10D2000004F0D6FD2CE0C5A004F0D2FD0BAA03A9C2
:10D21000204600F0D3FC9DF82C00C8B9694603A84D
:10D2200000F065FB0B909DF82C0078B9B34900988D
:10D2300081F8EC00084690F8EC0018B1C5A004F0A5
:10D24000B7FD07E0CAA004F0B3FD03E002200EE53D
:10D2500002200CE5B1A004F0ABFD01E0012006E5E1
:10D2600000BF002003E510B50121C848FFF7ECFA24
:10D270004FF6FF71C548FEF77DFE0021C348FEF75B
:10D2800077FE00209D49C1F8F00010BD10B50121C6
:10D29000BE48FFF7D0FA012808D19848D0F8F0002E
:10D2A0004FF6FF7108449549C1F8F000B748FEF702
:10D2B00063FE9249D1F8F01008449049C1F8F0009B
:10D2C0000846D0F8F00010BD10B50121AF48FFF7B7
:10D2D000BEFA01280AD18949086980470021AB4874
:10D2E000FEF746FE6421A948FEF744FE0121A74847
:10D2F000FFF7BEFA10BD7FB504460D46012104209C
:10D30000FDF709FDADF800500020ADF802000194D2
:10D31000ADF8080069469D48FEF7E1FD012211467F
:10D320009A48FFF77DFA01219848FEF761FE1E201A
:10D330008DF80C0003208DF80D008DF80E000120F3
:10D340008DF80F0003A8FCF72AFE7FBD10B5044638
:10D3500004EBC40000EB04100122C2EB800081B298
:10D360004FF47A70FFF7C7FF01206449C87510BDFC
:10D3700030B595B0054613AB12AA09A9284600F0AE
:10D3800041FB044614B1204615B030BD0020149076
:10D3900026E05A4909689DF8502001EBC20113AB01
:10D3A00011AA486801A900F02DFB04460CB12046E3
:10D3B000EAE709A901A800F067FA60B99DF84400FE
:10D3C0009DF84810884201DD0220DDE79DF85000FD
:10D3D0004A4988750AE09DF85000401CC0B214907C
:10D3E0004648007D9DF850108842D2DC00BF43487B
:10D3F000007D9DF85010884201D10420C4E714A993
:10D40000284600F04CFC04460CB12046BCE79DF8D1
:10D4100050003A4948750020B6E72DE9F0419AB02E
:10D420003648847D007DA04202DC1AB0BDE8F08160
:10D430003249096801EBC40106AB07AA486808A98C
:10D4400000F0E0FA08A952A004F0B2FC0026B9E00E
:10D450002A48008B0121B1400840D8B122214EA0BA
:10D4600004F0A6FC304600F00DFC24492431471896
:10D4700039464AA004F09CFC222147A004F098FC05
:10D48000304600F0FFFB1D492431084410A941F843
:10D4900026008DE0304600F0F5FB1849243108588D
:10D4A00010A941F826001548C07D30B910A850F8E1
:10D4B00026103BA004F07CFC7AE073E02D2D2D2D8E
:10D4C0002D2D2D2D2D2D2D2D2D2D2D2D2D2D2D2D8C
:10D4D0002D2D2D2D2DBAAFCAFD204944202D2D2DE7
:10D4E0002D2D2D2D2D2D2D2D2D2D2D2D2D2D2D2D6C
:10D4F0002D2D2D2D2D2D2D2D200D0A003801002034
:10D5000025732069642069733A0D0A305825303834
:10D51000580D0A004845583A305825580D0A000061
:10D520003136BDF8D6C6B2CECAFDCFD4CABE210DA3
:10D530000A0000004445433A256C750D0A000000BE
:10D540003130BDF8D6C6B2CECAFDCFD4CABE210D89
:10D550000A00000052756E2054696D652043616CAD
:10D5600063756C6174696F6E204F4E0D0A00000088
:10D5700052756E2054696D652043616C63756C61F2
:10D5800074696F6E204F46460D0A00000008004087
:10D590000D0A257328000000256300002573000094
:10D5A000256C750010A850F8261095A004F000FC1A
:10D5B0009DF81C00401EB04202D093A004F0F8FB7E
:10D5C000701CC6B29DF81C008642FFF641AF8FA0CA
:10D5D00004F0EEFBFFF747FE8D48407D0B280DD28F
:10D5E000DFE800F0060D151E27323F4E5F72870000
:10D5F0008749096851F834008047054690E0844A1D
:10D60000126852F8341010988847054688E0804B1D
:10D610001B6853F83420DDE91001904705467FE090
:10D620007B4F3F6857F8343010A807C89847054625
:10D6300076E0DFF8DCC1DCF800C05CF8347010A8DC
:10D640000FC8B84705466BE01498DFF8C4C10090D6
:10D65000DCF800C05CF8347010A80FC8B847054665
:10D660005EE0DDE91401DFF8A8C1CDE90001DCF8D6
:10D6700000C05CF8347010A80FC8B84705464FE0EA
:10D68000DDE914121698DFF888C1CDE90012029086
:10D69000DCF800C05CF8347010A80FC8B847054625
:10D6A0003EE0DDE91423DDE91610DFF864C1CDE9C1
:10D6B0000023CDE90210DCF800C05CF8347010A83B
:10D6C0000FC8B84705462BE0DDE91523DDE9171043
:10D6D000CDE90123CDE903101498DFF834C100909F
:10D6E000DCF800C05CF8347010A80FC8B8470546D5
:10D6F00016E0DDE91623DDE91810CDE90223CDE9B6
:10D700000410DDE91401DFF808C1CDE90001DCF8FF
:10D7100000C05CF8347010A80FC8B847054600BFB9
:10D7200000BFFFF7B3FD9DF8180001280CD1384861
:10D73000C07D20B9294637A004F03AFB07E029460E
:10D7400036A004F035FB02E033A004F031FB304892
:10D7500090F8EC0088B12E48D0F8F0000A21B0FB18
:10D76000F1F201FB12072A48D0F8F000B0FBF1F803
:10D770003A4641462CA004F01BFB00BF55E670B5AD
:10D780003148008800F40040002833D02E48057846
:10D7900000202E4948551E4881682C488847044679
:10D7A0001CB91B49C868804721E02848FFF752FA96
:10D7B0000546012D00D02C46CCB1012C06D0022C00
:10D7C00008D0032C0AD0042C10D10BE020A004F0C8
:10D7D000EFFA0BE021A004F0EBFA07E022A004F03E
:10D7E000E7FA03E023A004F0E3FA00BF00BF002043
:10D7F0001549088070BD0146086870470160704790
:10D8000030582558000000002C00000029000000BE
:10D81000380100203D256C753B0D0A003D30582530
:10D82000583B0D0A0000000046756E6374696F6E08
:10D830002052756E2054696D653A25642E25316439
:10D840006D730D0A00000000BC0000203815002098
:10D85000BAAFCAFDB4EDCEF3210D0A00B2CECAFDB7
:10D86000B4EDCEF3210D0A00B2CECAFDCCABB6E0CA
:10D87000210D0A00CEB4D5D2B5BDC6A5C5E4B5C448
:10D88000BAAFCAFD210D0A0002460AE010780B78F3
:10D89000984201D001207047107800B902E0521C74
:10D8A000491CF3E700BF0020F5E706E002780A70A4
:10D8B000027802B902E0401C491CF7E700BF70473C
:10D8C0000146002005E00A7802B903E0421CD0B20C
:10D8D000491CF8E700BF704710B50246012000E080
:10D8E00050430B1EA1F10104E1B2F9D110BD2DE9A5
:10D8F000F04307460E4600254FF00A083C4600203C
:10D9000030601FE02078392802DC207830280ADADD
:10D910002078462802DC2078412804DA207858282C
:10D9200009D1012D07D12078412801DB4FF01008E3
:10D93000681CC5B205E0207800B904E00120BDE80C
:10D94000F083641CDEE700BF3C46B8F1100F0FD136
:10D95000032D01DA0220F2E72078302806D1607822
:10D96000582803D1A41CA81EC5B204E00320E6E792
:10D970000DB90420E3E71BE00DB1681EC5B22078A5
:10D98000392806DC2078302803DB2078A0F1300924
:10D9900002E02078A0F1370929464046FFF79CFFB6
:10D9A000316809FB00103060641C207800B900E089
:10D9B000E2E700BF0020C2E710B504460020107067
:10D9C0000BE020780870641C491C1078401C107013
:10D9D0001078984201DB012010BD2078202802D069
:10D9E00020780028EDD10020087000BFF4E7014640
:10D9F000491C00E0491C0878202801D10029F9D1F0
:10DA0000087870472DE9FF4F85B08046894600278A
:10DA1000002004900390012002904FF0000B00259D
:10DA200044461DE02078202816D005F07F00052808
:10DA300012DA0DB945F0800505F07F00042803D106
:10DA400020782A2800D00EE0207805F07F010DF81C
:10DA50000100681CC5B202E0852D00D103E0641C02
:10DA600020780028DED100BF8DB1002005F07F01B5
:10DA70000DF80100CBA16846FFF706FF18B9002199
:10DA80000898017002E001210898017000254FF00C
:10DA9000000A444614E0641C0AF1010000F0FF0A89
:10DAA0002078202802D020782A2809D12046FFF7A4
:10DAB0009EFF0646282E03D02A2E01D0CDF810A0B6
:10DAC0002078282802D020780028E4D14446049801
:10DAD00010B10498401C04444FF0000A002654E0A2
:10DAE000207810B94FF0010A50E02078282803D19F
:10DAF00016B9781CC7B213E02078292808D13EB99E
:10DB000017B1781EC7B201E04FF0010A47B93DE0F6
:10DB10002078222804D10EB9012000E0002006461A
:10DB200047B9207820282FD0207889F8000009F103
:10DB3000010929E020782C2804D101200290681CDA
:10DB4000C5B214E02078202811D0207828280ED0E3
:10DB50004DB9BBF1050F06DA20780DF80B000BF17B
:10DB6000010000F0FF0B0298401CC0B20290012F90
:10DB70000AD10298022807D10298401CC0B2029034
:10DB80000398401CC0B20390641CA9E700BF03982F
:10DB9000012809D100200DF80B0082A16846FFF78B
:10DBA00073FE08B9002003900799039808700020BD
:10DBB00089F80000504609B0BDE8F08FF0B5034683
:10DBC0001546002000220026002455E01F782C2F47
:10DBD00001D104B901221F78292F01D01F780FB974
:10DBE00004B94AE0002E34D11F78302F02DB1F78B1
:10DBF000392F11DD1F78612F02DB1F78662F0BDDB7
:10DC00001F78412F02DB1F78462F05DD1F78582F24
:10DC100002D01F78782F0CD102B12EE01F78612F2F
:10DC200003DB1F78203F0F7001E01F780F70491C45
:10DC30001FE01F78222F04D102B11EE0012601242B
:10DC400017E01F78202F14D01F782C2F11D0FF261B
:10DC500013E01F78222F00D1002402B10DE044B15F
:10DC60001F785C2F02D15B1C471CF8B21F780F7025
:10DC7000491C471CF8B25B1CA8E700BF00270F70C7
:10DC80002E70F0BD02460020002105E0474B5B5C92
:10DC90000344D8B24B1CD9B29142F7DB70472DE94F
:10DCA000F043B5B005460F460024002604E00021ED
:10DCB0003E488155701CC6B20A2EF8DB06E06D1C8A
:10DCC000287818B9012035B0BDE8F08328782828D5
:10DCD000F5D16D1C61E034AA69462846FFF76EFF56
:10DCE000064635449DF8D00020B1012827D0FF28F2
:10DCF0004CD149E09DF8000000B333A96846FFF716
:10DD0000F6FD06460EB10220DDE72046FFF7BAFF1A
:10DD100026490A31339A0A50A1F12400008B0121CF
:10DD2000A140884321491A39088304211F4801551D
:10DD3000601CC4B20A2C01DD0320C4E726E068465B
:10DD4000FFF7BEFD401C00F0FF082046FFF79AFFDA
:10DD500016490A3100EB010949466846FFF7A5FD5F
:10DD600012481A38018B0120A040014388B20F49A4
:10DD70001A3908830D4800F80480601CC4B20A2CCC
:10DD800001DD03209FE701E002209CE700BF287827
:10DD9000292801D0287800B900E09CE700BF3C703A
:10DDA000002090E7766F69640000000052010020B7
:10DDB00070B50446002514B1012C0BD103E0F8F72F
:10DDC000CDFF054608E0F8F783F84FF4A0406A4914
:10DDD000088001E0012500BF00BF0DB1012070BD2A
:10DDE0000020FCE70146002070472DE9F04107467E
:10DDF0000E4615461C464FF0000814B90420BDE835
:10DE0000F08117B1012F16D106E0E2B22946304663
:10DE1000FAF706F8804611E009E069024FF4007253
:10DE20003046F8F7C2F86D1C06F50076641E002C2B
:10DE3000F3D1A04602E04FF0010800BF00BFB8F1E7
:10DE4000000F01D10020DAE70120D8E72DE9F041E9
:10DE500007460E4615461C464FF0000814B904202C
:10DE6000BDE8F08117B1012F16D106E0E2B22946D4
:10DE70003046FAF733F8804611E009E069024FF4C2
:10DE800000723046F8F72DF96D1C06F50076641E19
:10DE9000002CF3D1A04602E04FF0010800BF00BF04
:10DEA000B8F1000F01D10020DAE70120D8E72DE911
:10DEB000F04706468946154646BBB9F1000F09D022
:10DEC000B9F1010F13D0B9F1020F05D0B9F1030F69
:10DED00019D106E0002418E04FF4007028600024F7
:10DEE00013E02648B0F85000288000240DE02348B5
:10DEF0004FF400720023D0E91271384603F033FF6B
:10DF00002860002401E0042400BF22E0012E1FD17C
:10DF1000B9F1000F09D0B9F1010F11D0B9F1020F19
:10DF200005D0B9F1030F10D106E000240FE04FF443
:10DF30000070288000240AE008202880002406E0E1
:10DF40000D4800882860002401E0042400BF00E0A0
:10DF500001242046BDE8F0870020704710B5044634
:10DF600021460020FEF739FE10BD10B504462146BB
:10DF70000020FEF722FE10BD2C020020E01200203F
:10DF800070B503460C4603E014F8015B03F8015B2F
:10DF9000151EA2F10102F7D170BD30B5034601E0B4
:10DFA00003F8011B141EA2F10102F9D130BDF0B536
:10DFB00003461C460D46002000BF161EA2F10102BA
:10DFC00007D014F8017B15F801CBA7EB0C06301E27
:10DFD000F3D0F0BD024600E0521C107810B110786A
:10DFE0008842F9D11078704770B504462079F8B1AD
:10DFF000E56A607801232A4604F13001FFF726FF25
:10E0000008B1012070BD00202071206A281AA16982
:10E0100088420DD2E67809E0A069054460780123C2
:10E020002A4604F13001FFF711FF761E022EF3D2CB
:10E030000020E7E770B504460D46E06AA84210D01C
:10E040002046FFF7D1FF08B1012070BD60780123A1
:10E050002A4604F13001FFF7C8FE08B10120F4E7B9
:10E06000E5620020F1E770B504462046FFF7BCFFEB
:10E070000546002D59D1207803284FD16079012819
:10E080004CD14202002104F13000FFF786FF5521F8
:10E0900084F82E12AA2184F82F12522084F830001E
:10E0A0005221312001556121322001554121332077
:10E0B0000155722184F8141284F81512412184F854
:10E0C0001612612184F81712217C84F81812208A14
:10E0D000010A84F819122069010C84F81A122069C7
:10E0E000010E84F81B12217B84F81C12A089010AFE
:10E0F00084F81D12E068010C84F81E12E068010E1D
:10E1000084F81F12E069401CE0626078012304F18A
:10E110003001E26AFFF79AFE002060716078002209
:10E120001146FFF7C4FE00B10125284670BD024626
:10E13000891E5069801E884201D80020704793785C
:10E14000906A01FB0300F9E72DE9F04105460C4612
:10E15000022C02D36869A04202D80120BDE8F081F8
:10E160002878012804D002282CD003285AD13DE079
:10E17000274607EB5707286A00EB57212846FFF789
:10E1800059FF00B150E0C7F3080105F1300010F865
:10E1900001807F1C286A00EB57212846FFF74AFFC1
:10E1A00000B141E0C7F3080105F13000405C48EAE6
:10E1B000002804F0010010B14FEA1810CEE7C8F3B0
:10E1C0000B00CBE7286A00EB14212846FFF732FF4B
:10E1D00000B129E040F2FF1000EA440105F13000EF
:10E1E0000E183078717840EA0120B7E7286A00EB12
:10E1F000D4112846FFF71EFF00B115E040F2FF10D2
:10E2000000EA840105F130000E18F0780006B178BC
:10E2100040EA0140717840EA01203178084320F05B
:10E2200070409BE7012099E700BF4FF0FF3095E772
:10E230002DE9F04705460E461746022E02D36869BF
:10E24000B04202D84FF002088AE02878012804D0B2
:10E25000022841D003287DD154E0B14609EB590989
:10E26000286A00EB59212846FFF7E4FE8046B8F102
:10E27000000F00D071E0C9F3080105F130000C185F
:10E2800006F0010020B1F9B2207861F31F1000E020
:10E290003846207009F1010901202871286A00EB35
:10E2A00059212846FFF7C6FE8046B8F1000F00D07E
:10E2B00053E0C9F3080105F130000C1806F0010025
:10E2C00010B1C7F3071005E0207800F0F000C7F3A5
:10E2D00003210843207040E0286A00EB16212846FD
:10E2E000FFF7A8FE8046B8F1000F00D035E040F2FD
:10E2F000FF1000EA460105F130000C182770380ABB
:10E3000060702AE0286A00EBD6112846FFF792FEDB
:10E310008046B8F1000F00D01FE040F2FF1000EA85
:10E32000860105F130000C18E0780006A17840EA7B
:10E330000140617840EA01202178084300F07040F4
:10E3400007432770380A6070380CA070380EE070F0
:10E3500003E0FFE74FF0020800BF00BF0120287173
:10E360004046BDE8F0872DE9F04104460E46022EF6
:10E3700002D36069B04201D8022727E0002721E0DC
:10E3800031462046FFF7E0FE054605B91DE0012DA8
:10E3900001D1022719E0681C08B9012715E0002205
:10E3A00031462046FFF744FF074607B10DE02069DC
:10E3B000401C30B12069401C2061607940F00100B0
:10E3C00060712E466069B042DAD800BF3846BDE8B9
:10E3D000F0812DE9F04704468946B9F1000F06D1D6
:10E3E000E76817B16069B84215D8012713E04946BC
:10E3F0002046FFF7A9FE0646022E02D20120BDE804
:10E40000F087701C08B93046F9E76069B04201D95D
:10E410003046F4E74F463D4600BF6D1C6069A84298
:10E4200004D80225BD4201D90020E8E7294620464C
:10E43000FFF78AFE064606B909E0701C08B1012EF6
:10E4400001D13046DBE7BD42E7D10020D7E700BF6E
:10E450006FF0704229462046FFF7EAFE8046B8F189
:10E46000000F08D1B9F1000F05D02A4649462046D1
:10E47000FFF7DEFE8046B8F1000F0BD1E5602069A2
:10E48000401C78B12069401E2061607940F0010095
:10E49000607107E0B8F1010F02D14FF0FF3000E0EA
:10E4A000012005462846AAE770B503460D46586A7E
:10E4B000021D680A1E68B678B0FBF6F400BF02CAF7
:10E4C00009B9002070BD8C4200D202E0641A121D0E
:10E4D000F5E700BF10682044F4E72DE9F041044659
:10E4E0000E46E680A568012D03D020684069A84249
:10E4F00002D80220BDE8F0812DB9206800780328F9
:10E5000001D12068456A45B920680089B04201D828
:10E510000220EFE72068476A1EE0206880784FEA13
:10E52000001812E029462068FFF70EFE0546681C19
:10E5300008B90120DEE7022D03D320684069A84214
:10E5400001D80220D6E7A6EB08064645EAD22946BE
:10E550002068FFF7ECFD0746E5600FB90220C9E728
:10E5600007EB161020612068303006F00F0100EB39
:10E57000411060610020BDE72DE9F0410446884666
:10E58000E088461CB0B208B1206910B90420BDE88B
:10E59000F08106F00F0000286CD12069401C20613A
:10E5A000E06828B920680089B04263D80420EEE70B
:10E5B00020688078401E00EA161000285AD1E168D1
:10E5C0002068FFF7C1FD0546012D01D80220DEE7D6
:10E5D000681C08B90120DAE720684069A84243D8DE
:10E5E000B8F1000F01D10420D1E7E1682068FFF7FE
:10E5F000F0FE05460DB90720C9E7012D01D1022023
:10E60000C5E7681C08B90120C1E72068FFF7ECFCEA
:10E6100008B10120BBE7216801F130004FF400721E
:10E620000021FFF7BAFC29462068FFF780FD21682A
:10E63000C86200270EE00120216808712068FFF7FA
:10E64000D3FC08B10120A2E72068C06A401C216801
:10E65000C8627F1C20688078B842ECD82068C06A05
:10E66000C01B2168C86200BFE56029462068FFF72B
:10E670005EFD2061E6802068303006F00F0100EB7F
:10E6800041106061002082E72DE9F04104460E460A
:10E6900000212046FFF721FF0546EDB9002700BF06
:10E6A00021692068FFF7C6FC054605B113E06069E3
:10E6B0000078E52802D06069007820B9781C074608
:10E6C000B04201D107E0002701212046FFF754FFA7
:10E6D0000546002DE4D000BF042D00D107252846B3
:10E6E000BDE8F08110B502468C7ECB7E44EA032063
:10E6F0001378032B05D10C7D4B7D44EA032340EABC
:10E70000034010BD81760B0AC3760A0C02750B0E0E
:10E71000437570472DE9F04705460C46207820F0F8
:10E720004000401E00EB800101EBC00600274FF0C7
:10E73000010800BFFE48C05D205CFD49C95D214461
:10E74000497840EA0129B8F1000F10D0484602F09C
:10E75000ACFD8046FF2E07D23146761C35F81100FD
:10E7600002F0A3FD404508D00020BDE8F0874FF639
:10E77000FF70814501D00020F7E7781C07460D287F
:10E78000D8D3207800F0400038B1B8F1000F04D0A1
:10E7900035F8160008B10020E7E70120E5E7F0B5FD
:10E7A0000346087800F03F00401E00EB800707EBAF
:10E7B000C0020025012600BFDD48405D085CDC4F3B
:10E7C0007F5D0F447F7840EA07244EB1FF2A01D3D2
:10E7D0000020F0BD26461046521C23F8104005E0EC
:10E7E0004FF6FF70844201D00020F2E7681C054616
:10E7F0000D28E1D3087800F0400030B1FF2A01D3A2
:10E800000020E6E7002023F812000120E1E7F0B540
:10E8100004461D464D730F27CF7200270F738F7666
:10E82000BC4681F81BC0571E07EB870C0CEBC706D4
:10E83000002738463B4600BF4FF6FF77B84203D06B
:10E840003746761C34F81700DFF8E4C21CF803C022
:10E8500001F80C000712DFF8D8C21CF803C08C4482
:10E860008CF8017008B94FF6FF705F1C3B460D2F06
:10E87000E2D34FF6FF77B84202D034F816700FB9E2
:10E8800042F040020A70F0BD2DE9FC4707468A4677
:10E8900090461E460B2251463846FFF771FB052E67
:10E8A00018D9304610E038F8021B00250AE00A4665
:10E8B00060F35F021046491000F480320AB19D4AAD
:10E8C00050406D1C102DF2D3B8F80020002AEAD178
:10E8D000064600BF072500BF06F00F0000F1300913
:10E8E000B9F1390F03DD09F1070000F0FF092846EF
:10E8F0006D1E0DF800903609002EEDD17E200DF82A
:10E90000050000240BE0385D812807DB385DFE2818
:10E9100004DC681EA04200D106E0641C641CAC420A
:10E9200002D2385D2028EED100BF00BF082D04D2EE
:10E9300028466D1C1DF8001000E020212046641CB4
:10E940003954082CF2D3BDE8FC8730B501460020CD
:10E950000B2200BF431003EBC01411F8015B6319D5
:10E96000D8B2531E1A1EF5D130BD2DE9F04704462A
:10E9700000212046FFF7B1FD074617B13846BDE834
:10E98000F0874FF0FF09CA4600BF21692068FFF7F2
:10E9900051FB074607B154E065692E780EB904278C
:10E9A0004FE0E87A00F03F08E52E05D008F00800B7
:10E9B00028B1B8F10F0F02D04FF0FF093AE0B8F1DB
:10E9C0000F0F1CD1E069A0B306F0400030B195F8FC
:10E9D0000DA026F04006B146E08820844E450AD1BD
:10E9E000687B504507D12946E069FFF793FE10B1D7
:10E9F000A9F1010000E0FF2000F0FF091AE0B9F1E1
:10EA0000000F05D12846FFF7A0FF504500D118E0C0
:10EA10004FF0FF094FF6FF702084A069C07A00F024
:10EA2000010030B90B222846A169FFF7C0FA00B9EE
:10EA300007E0FFE700212046FFF79EFD0746002F75
:10EA4000A3D000BF38469AE72DE9F05F04468A4616
:10EA50004FF0FF09CB4604274EE021692068FFF7FD
:10EA6000E9FA074607B14AE0666935780DB9042727
:10EA700045E0F07A00F03F08E52D09D02E2D07D0B3
:10EA8000B8F1080F01D1012000E00020504502D06C
:10EA90004FF0FF0929E0B8F10F0F1AD105F040003F
:10EAA00030B196F80DB025F04005A946E0882084E5
:10EAB0004D450AD1707B584507D13146E069FFF7D3
:10EAC0006EFE10B1A9F1010000E0FF2000F0FF0987
:10EAD0000BE0B9F1000F04D13046FFF736FF58457F
:10EAE00002D04FF6FF70208409E000212046FFF796
:10EAF00043FD074607B102E020690028ADD100BF01
:10EB00000FB1002020613846BDE8F09F2DE9FE4F8F
:10EB10000446D4F81880D4F81C900C22414668466C
:10EB2000FFF72EFA00BF9DF80B0000F0010003E094
:10EB30004C4801082110010020B3002088F80B0088
:10EB4000E06101260CE033464A4669464046FFF73D
:10EB50009BFE2046FFF709FF054605B102E0761C43
:10EB6000642EF0D300BF642E02D10720BDE8FE8FD3
:10EB7000042D01D02846F9E79DF80B0088F80B001A
:10EB8000C4F81C909DF80B0000F0020060B1002654
:10EB900000E0761C39F816000028FAD106F11900B9
:10EBA0000D21B0FBF1F700E0012739462046FFF7C1
:10EBB0006BFD054645BB781E071E25D0E088C11BAE
:10EBC0002046FFF78AFC0546F5B9A069FFF7BDFEB0
:10EBD000824600BF21692068FFF72CFA054605B17F
:10EBE00011E0FAB253466169E069FFF710FE0120B7
:10EBF0002168087100212046FFF7BEFC054615B9C3
:10EC0000781E071EE6D100BFC5B921692068FFF74D
:10EC100011FA054695B9202200216069FFF7BDF978
:10EC20000B22D4E90501FFF7ABF9A069C07A00F027
:10EC3000180061690873012021680871284695E76A
:10EC400070B50446E688208C4FF6FF72904201D1E1
:10EC5000304600E0208C01462046FFF73EFC05468A
:10EC60000DBB00BF21692068FFF7E4F9054605B137
:10EC700015E0202200216069FFF78FF9E520616926
:10EC80000870012021680871E088B04200D306E0D6
:10EC900000212046FFF770FC0546002DE2D000BFA2
:10ECA000042D00D10225284670BD2DE9F047074606
:10ECB0000C4604F109063869002843D0786900251C
:10ECC00026E029466D1C10F80180B8F1200F00D114
:10ECD0001EE0B8F1050F01D14FF0E508092D02D172
:10ECE0002E2106F8011BB8F1410F0EDBB8F15A0FC7
:10ECF0000BDC017B092D01D3102200E0082211401A
:10ED000019B108F1200101F0FF0806F8018B00BFDE
:10ED10000B2DD6D3C17A2172C17F0A06817F42EAC8
:10ED20000142417F42EA0121027F11432160027EBC
:10ED3000417E42EA0121A180827DC17D42EA01211A
:10ED4000E18000BF00203070A06990B30025A66963
:10ED5000386958B3E06948B3388C4FF6FF71884280
:10ED600024D0D7F81CA01BE00021484602F054FA3A
:10ED70008146B9F1000F01D1002516E0B9F1FF0F6E
:10ED800004DD4FEA292228466D1C3254E069401EFA
:10ED9000A84201D8002508E028466D1C06F800901E
:10EDA0003AF8021BB1F10009DED100BF0020705516
:10EDB00000BFBDE8F0872DE9F34F83B0814604988A
:10EDC0000068019002E00198401C019001980078D1
:10EDD0002F28F8D0019800785C28F4D0D9F81CA02E
:10EDE00000252F4600BF38467F1C01990C5C202C63
:10EDF00003DB2F2C01D05C2C00D132E0FF2D03D39C
:10EE0000062005B0BDE8F08FE4B2812C13DBE0B240
:10EE1000FE2810DC38467F1C01990E5C402E01DB79
:10EE20007E2E05DD802E01DBFE2E01DD0620E8E7CB
:10EE300006EB042084B20121204602F0EDF90446DD
:10EE40000CB90620DDE7802C06DA2146F9A0FFF791
:10EE5000C1F808B10620D4E728466D1C2AF81040F6
:10EE6000C1E700BF0198C11904980160202C01DAA4
:10EE7000042000E00020804608E0681E3AF81040B8
:10EE8000202C02D02E2C00D002E06D1E002DF4D1DB
:10EE900000BF0DB90620B4E700202AF815000B22A8
:10EEA0002021D9F81800FFF778F8002700E07F1C30
:10EEB0003AF817002028FAD03AF817002E28F6D092
:10EEC0000FB148F0030800E06D1E25B1681E3AF846
:10EED00010002E28F8D10020064602904FF0080BB3
:10EEE00000BF38467F1C3AF8104004B963E0202C7C
:10EEF00003D02E2C04D1AF4202D048F00308F0E733
:10EF00000298584501D2AF4214D1BBF10B0F02D188
:10EF100048F003084FE0AF4201D048F00308AF4289
:10EF200000D948E02F46082002904FF00B0BB006A6
:10EF3000060ED6E7802C09DB204602F0B6F9002148
:10EF4000009002F069F9044648F00208FF2C11DD38
:10EF5000ABF101000299884204D848F00308CDF8CB
:10EF600008B0BEE72212D9F818300298411C02916D
:10EF70001A5419E024B12146B1A0FFF72BF818B1BB
:10EF80005F2448F003080FE0412C04DB5A2C02DC1C
:10EF900046F0020608E0612C06DB7A2C04DC46F021
:10EFA0000106A4F1200084B2D9F818300298411C5F
:10EFB00002911C5495E700BFD9F818000078E528A5
:10EFC00003D10520D9F818100870BBF1080F01D142
:10EFD000B006060E06F00C000C2803D006F0030065
:10EFE000032801D148F0020808F0020058B906F0E1
:10EFF0000300012801D148F0100806F00C00042895
:10F0000001D148F00808D9F8180080F80B800020DA
:10F01000F7E62DE9F3410446019800782F2803D044
:10F02000019800785C2802D10198401C01900020D2
:10F03000A06001980078202807D200212046FFF721
:10F040004CFA05460020606128E000BF01A9204677
:10F05000FFF7B1FE054605B11FE02046FFF785FC2E
:10F060000546A069C67A3DB1042D04D100BF06F063
:10F07000040000B9052510E006F0040000B10CE022
:10F080006769F87A00F0100008B9052505E03946EF
:10F090002068FFF727FBA060D8E700BF2846BDE83F
:10F0A000FC8170B502464FF0FF301568E5B111687C
:10F0B00000E0491C0D78202D02D30D783A2DF8D1AF
:10F0C0000D783A2D0FD1146814F8015BA5F13003C7
:10F0D0000A2B07D28C4205D1022B03D218464D1CB5
:10F0E0002946156070BD002000BFFBE770B50446DF
:10F0F0000D4600202071401EE06229462046FEF7A2
:10F1000099FF08B1032070BD94F82E1294F82F02D5
:10F1100041EA00204AF65521884201D00220F2E758
:10F1200094F86900010694F8680041EA004194F8F7
:10F13000670041EA002094F86610084320F07F4001
:10F140004149884201D10020DDE794F8850001069D
:10F1500094F8840041EA004194F8830041EA0020D9
:10F1600094F88210084320F07F403749884201D14B
:10F170000020C8E70120C6E72DE9F74F88B000213D
:10F18000089801600998FFF78CFF079007980028FE
:10F1900003DA0B200BB0BDE8F08F2C49079851F82B
:10F1A00020400CB90C20F5E708980460207878B16D
:10F1B0006078FEF717FE804608F0010040B90A9813
:10F1C00020B108F0040008B10A20E3E70020E1E7DD
:10F1D00000202070079860706078FEF7E9FD804697
:10F1E00008F0010008B10320D4E70A9820B108F024
:10F1F000040008B10A20CDE7002739462046FFF772
:10F2000075FF0546012D01D09DB93BE0002623E0A6
:10F2100004F5F77101EB06100179C9B1C17A0A064C
:10F22000817A42EA0142417A42EA0121027A11439B
:10F230000FE027E0222A3A3C3E3F7C7F000000009E
:10F240002B2C3B3D5B5D000046415400300200200A
:10F2500000214DF82610761C042ED9D3002606B1C5
:10F26000761E00BF5DF8267027B139462046FFF7AD
:10F270003DFF00E0022005461DB1701C0646042833
:10F28000F0D300BF032D01D1012083E70DB10D2084
:10F2900080E73B20015D94F83C0041EA0020B0F596
:10F2A000007F01D00D2075E74620015D94F84700EE
:10F2B00041EA0029B9F1000F0ED194F85700010678
:10F2C00094F8560041EA004194F8550041EA0020C4
:10F2D00094F8541040EA0109C4F818904020005DE9
:10F2E000E070E078012804D0E078022801D00D20F9
:10F2F00050E7E07809FB00F93D20005DA070A078A0
:10F3000018B1A078411E084008B10D2042E7412005
:10F31000015D94F8420041EA00202081207A00F04B
:10F320000F0008B10D2035E74320015D94F844003B
:10F3300041EA002BBBF1000F0ED194F853000106F7
:10F3400094F8520041EA004194F8510041EA00204B
:10F3500094F8501040EA010B3E20015D94F83F0004
:10F3600041EA00200490049808B90D2012E704989F
:10F370004844218900EB111006900698834501D27C
:10F380000D2007E70698ABEB0000A178B0FBF1FA7F
:10F39000BAF1000F01D10D20FCE6012540F6F67010
:10F3A000824500D302254FF6F670824500D303252F
:10F3B0000AF102006061E76104983844206206980F
:10F3C0003844A062032D16D1208908B10D20E1E652
:10F3D00094F85F00010694F85E0041EA004194F859
:10F3E0005D0041EA002094F85C10084360626069A7
:10F3F0008000059014E0208908B90D20CAE6206A33
:10F4000048446062022D02D16069400007E0207D1F
:10F4100000F00100616901EB410100EB5100059032
:10F42000A169059800F2FF10B1EB502F01D20D2019
:10F43000B0E64FF0FF302061E06080206071032D66
:10F440005AD194F8601094F8610041EA0020012834
:10F4500052D1791C2046FEF7EDFDE8BB002060711B
:10F4600094F82E1294F82F0241EA00204AF6552112
:10F47000884241D13320005D01063220005D41EA1F
:10F4800000413120005D41EA002094F8301008432B
:10F49000FC49884230D194F81702010694F816020C
:10F4A00041EA004194F8150241EA002094F8141250
:10F4B0000843F54988421FD194F81B02010694F8CD
:10F4C0001A0241EA004194F8190241EA002094F836
:10F4D00018120843206100E00EE094F81F020106B4
:10F4E00094F81E0241EA004194F81D0241EA00200E
:10F4F00094F81C120843E0602570E4480088401C22
:10F5000080B2E2490880E080002043E670B50546FD
:10F510002C464CB1206838B12068007820B12068B2
:10F52000C088A188884201D0092070BD2168487830
:10F53000FEF758FC00F0010008B10320F5E70020B9
:10F54000F3E7F7B582B016460398019001A8FFF7DC
:10F55000A8FD0546002D02DA0B2005B0F0BDCC4811
:10F5600050F825400CB100202070029810B1002006
:10F5700002990870C649029841F82500029808B11E
:10F58000012E01D00020E8E7002203A902A8FFF71E
:10F59000F3FD07463846E0E72DE9F7478DB005460D
:10F5A00016461DB9092010B0BDE8F087002028607C
:10F5B00006F01F0626F001020EA904A8FFF7DCFDE5
:10F5C0000746002F73D14FF40070FEF7C7FC814649
:10F5D000B9F1000F01D11120E5E7CDF82C9001A879
:10F5E0000A9004A80E99FFF714FD0746099C0FB96D
:10F5F00004B9062706F01C00002851D04FB1042F93
:10F6000003D104A8FFF782FA074646F00806099CD2
:10F6100009E0E07A00F0110008B1072703E006F0E6
:10F62000040000B10827002F39D106F00800002897
:10F6300035D0FEF791FC804684F80E804FEA182101
:10F64000E1734FEA184121744FEA18616174002098
:10F65000E072207700216177A177E1772146049855
:10F66000FFF740F8824600212046FFF74BF80120C3
:10F6700004990871BAF1000F11D00498D0F82C80C9
:10F6800051460498FEF76FFE074647B9AAF10100FC
:10F690000499C86041460498FEF7CCFC07460FE089
:10F6A00077B9E07A00F0100010B1042708E031E0EB
:10F6B00006F0020020B1E07A00F0010000B1072757
:10F6C00047B906F0080008B146F020060498C06A61
:10F6D000E8612C624846FEF748FCDFB9AE710020B5
:10F6E000E87121460498FEF7FDFF2861E07F0106DE
:10F6F000A07F41EA0041607F41EA0020217F08436A
:10F70000E8600020A860A861686204982860286802
:10F71000C088A880384646E72DE9FF4F83B00446ED
:10F7200015469A46DDF810B00020CAF800002046C1
:10F73000FFF7ECFE0290029818B1029807B0BDE8FE
:10F74000F08FE07908B1E079F8E7A07900F00100E6
:10F7500008B90720F2E7D4E90210401A0090009897
:10F76000854200D9009DB3E02089C0F3080000283D
:10F7700076D120688078401EA16800EA512000F010
:10F78000FF09B9F1000F1FD1A06810B920690190DD
:10F790000CE0606A28B12046A168FEF785FE019062
:10F7A00004E061692068FEF7CFFC0190019802280F
:10F7B00002D20220E071C1E70198401C10B901207B
:10F7C000E071BBE70198606161692068FEF7AFFCFA
:10F7D000064616B90220E071B0E74E444FEA5528BC
:10F7E000B8F1000F29D009EB080021688978884218
:10F7F00003D920688078A0EB09082168487843463F
:10F8000032465946FEF7F1FA10B10120E07195E752
:10F81000A07900F0400068B1A069801B404509D282
:10F82000A169891B0BEB41204FF4007204F1280100
:10F83000FEF7A6FB4FEA482740E0A069B04229D076
:10F84000A07900F0400080B121684878012304F1DC
:10F850002801A269FEF7FAFA18B10120E0716DE7FC
:10F8600019E0A07920F04000A071216848780123B8
:10F87000324604F12801FEF7B8FA58B10120E071D0
:10F880005CE700005252614172724161380200200F
:10F8900030020020A6612089C0F30800C0F500777F
:10F8A000AF4200D92F462089C0F3080204F1280096
:10F8B00011183A465846FEF763FB00BFBB44A068E8
:10F8C0003844A060DAF800003844CAF80000ED1BA4
:10F8D000002D7FF449AF002030E72DE9FF4F83B0C2
:10F8E000044615469B46049801900020CBF8000082
:10F8F0002046FFF70BFE0290029818B1029807B05D
:10F90000BDE8F08FE07908B1E079F8E7A07900F080
:10F91000020008B90720F2E7A0682844A1688842DD
:10F9200000D20025C2E02089C0F3080000286FD172
:10F9300020688078401EA16800EA512000F0FF0A8C
:10F94000BAF1000F2CD1A06858B9D4F81080B8F1E2
:10F95000000F13D100212068FEF73BFD8046206197
:10F960000CE0606A28B12046A168FEF79DFD804644
:10F9700004E061692068FEF72CFD8046B8F1000FB5
:10F9800000D196E0B8F1010F02D10220E071B6E794
:10F9900008F1010010B90120E071B0E7C4F814804B
:10F9A000A07900F0400078B121684878012304F183
:10F9B0002801A269FEF74AFA10B10120E0719EE722
:10F9C000A07920F04000A07161692068FEF7AFFBCC
:10F9D000064616B90220E07191E756444FEA5529D0
:10F9E000B9F1000F2BD00AEB090021688978884211
:10F9F00003D920688078A0EB0A09216848784B4633
:10FA000032460199FEF722FA18B10120E07176E73B
:10FA100029E0A069801B48450ED2A069801B019A8D
:10FA200002EB40214FF4007204F12800FEF7A8FA1F
:10FA3000A07920F04000A0714FEA49272AE0A06990
:10FA4000B0420FD0D4E9020188420BD22168487835
:10FA50000123324604F12801FEF7C7F910B1012055
:10FA6000E0714CE7A6612089C0F30800C0F500777B
:10FA7000AF4200D92F462189C1F3080204F12801C1
:10FA800050183A460199FEF77BFAA07940F0400001
:10FA9000A07100BF019838440190A0683844A0606C
:10FAA000DBF800003844CBF80000ED1B002D7FF49C
:10FAB0003AAF00BFD4E90201884201D9A068E060F2
:10FAC000A07940F02000A071002018E72DE9F04156
:10FAD00004462046FFF71AFD0746002F4CD1A079B7
:10FAE00000F02000002847D0A07900F0400078B155
:10FAF00021684878012304F12801A269FEF7A6F9DC
:10FB000010B10120BDE8F081A07920F04000A07183
:10FB1000E1692068FEF78EFA0746002F2CD1256A8E
:10FB2000E87A40F02000E872207B2877A089010A5B
:10FB30006977E068010CA977E068010EE97728464B
:10FB40002169FEF7DFFDFEF707FA0646AE75310ABA
:10FB5000E975310C2976310E69760020A8740021F0
:10FB6000E974A07920F02000A071012021680871BB
:10FB70002068FEF778FA07463846C3E770B50546B1
:10FB80002846FFF7A3FF044634B92846FFF7BEFC1A
:10FB900004460CB900202860204670BD2DE9FE4FB8
:10FBA00004460D462046FFF7B1FC0290029810B1C2
:10FBB0000298BDE8FE8FE07908B1E079F9E7606A64
:10FBC000002871D0681C00283BD1D4F8248058F854
:10FBD00004AB4FF0020926693EB300BF00964FF018
:10FBE000000B09F1020900BF01960BF1010B314630
:10FBF0002068FEF7A9FA0646012E02D80220E0711D
:10FC0000D7E7701C10B90120E071D2E70198401CC1
:10FC10008642E9D0D14504D848F804BB009848F89A
:10FC2000040B20684069B042D8D8606AC0F80090E0
:10FC3000D14503D80020C8F8000047E01120029009
:10FC400044E0E068A84200D2E568A560002D3DD000
:10FC5000691E2046FEF728FC606161692068FEF796
:10FC600066FA074617B90220E071A2E7206880789B
:10FC7000401E691E00EA512007442089C0F3080095
:10FC800020B3A069B84221D0A07900F0400080B133
:10FC900021684878012304F12801A269FEF7D6F80B
:10FCA00018B10120E07184E711E0A07920F0400054
:10FCB000A0712168487801233A4604F12801FEF733
:10FCC00094F810B10120E07173E7A761ABE0E06840
:10FCD000A84204D2A07900F0020000B9E568D4F887
:10FCE00008904FF00008C4F80880002D67D0206805
:10FCF00080784702B9F1000F11D0681EB0FBF7F110
:10FD0000A9F10100B0FBF7F0814208D3A9F101008D
:10FD1000791E8843A060A0682D1A666912E02669E2
:10FD20007EB900212068FEF754FB0646012E02D161
:10FD30000220E0713DE7701C10B90120E07138E746
:10FD400026616661C6B323E0A07900F0020038B1F5
:10FD500031462068FEF73DFB064636B93D4619E0C0
:10FD600031462068FEF7F0F90646701C10B90120F4
:10FD7000E0711EE7012E03D920684069B04202D825
:10FD80000220E07115E76661A0683844A060ED1BB1
:10FD9000BD42D9D800BFA0682844A060C5F30800C0
:10FDA00050B131462068FEF7C2F98046B8F1000F25
:10FDB00003D10220E071FCE601E008EB5528208920
:10FDC000C0F3080020B3A069404521D0A07900F01D
:10FDD000400078B121684878012304F12801A26924
:10FDE000FEF734F810B10120E071E2E6A07920F0CE
:10FDF0004000A071216848780123424604F128019F
:10FE0000FDF7F3FF10B10120E071D2E6C4F81880CD
:10FE1000D4E90201884205D9A068E060A07940F0E9
:10FE20002000A07100BF0298C3E673B584B00446F9
:10FE300014B9092006B070BD002205A903A8FFF778
:10FE40009BF90546002D2FD1039820604FF40070D8
:10FE5000FEF784F806460EB91120EBE7E661C4F818
:10FE600018D020460599FFF7D4F805463046FEF72E
:10FE70007CF8B5B9606958B16069C07A00F01000CB
:10FE800028B161690398FEF72DFCA06000E005250C
:10FE90003DB90398C088A08000212046FEF71DFBD5
:10FEA0000546042D00D105250DB10020206028460F
:10FEB000C0E770B504462046FFF728FB05460DB99C
:10FEC00000202060284670BDFEB504460F4620463F
:10FED000FFF71CFB0546002D2DD12FB90021204630
:10FEE000FEF7FBFA054626E04FF40070FEF736F801
:10FEF00006460EB91120FEBDE661C4F818D00021F7
:10FF00002046FEF7A1FD0546042D02D10020206108
:10FF100000256DB939462046FEF7C7FE0021204670
:10FF2000FEF72AFB0546042D02D1002020610025A2
:10FF30003046FEF71AF82846DDE773B58CB00E465A
:10FF400000220CA903A8FFF717F90546EDB94FF4F5
:10FF50000070FEF703F8044614B911200EB070BD0E
:10FF60000A94CDF824D003A80C99FFF752F805465F
:10FF700045B9089828B12EB1314603A8FEF795FE81
:10FF800000E006252046FDF7F0FF2846E6E72DE9CC
:10FF9000F74F82B08A46002202A90498FFF7ECF8D6
:10FFA000019004980468019800286DD1D4E90410E8
:10FFB000801E814203D82069CAF8000064E094F8EA
:10FFC00000B00026BBF1010F1CD1022700BF39464B
:10FFD0002046FEF7B9F8804608F1010010B901206B
:10FFE00001900EE0B8F1010F02D10220019008E06B
:10FFF000B8F1000F00D1761C781C07466169884271
:020000040801F1
:10000000E5D33AE06769206A00904FF000090025C7
:1000100000BFB9F1000F0ED10098421C01462046E6
:100020000092FEF707F80190019800B124E004F176
:1000300030054FF40079BBF1020F09D128786978B7
:1000400040EA012000B9761CAD1CA9F1020910E0BC
:10005000E8780006A97840EA0140697840EA012082
:100060002978084320F0704000B9761C2D1DA9F1B5
:100070000409781E071ECCD100BF2661607940F0CC
:1000800001006071CAF80060019805B0BDE8F08F0A
:1000900070B504462046FFF739FA054645B9E079C0
:1000A00008B1E57904E0A07900F0020000B9072565
:1000B000002D47D1D4E90210884241D9A068E06000
:1000C000A07940F02000A071A06838B921692068AB
:1000D000FEF749F90546002020611DE061692068AE
:1000E000FEF732F806460025701C00B90125012EE6
:1000F00000D1022585B920684069B0420CD96FF063
:10010000704261692068FEF793F8054625B93146CB
:100110002068FEF728F9054695B9A07900F040005F
:1001200070B121684878012304F12801A269FDF724
:100130008DFE08B1012503E0A07920F04000A071F8
:1001400005B1E571284670BDF1B596B0012216A93A
:100150000DA8FFF711F80446002C54D14FF400709D
:10016000FDF7FCFE074617B9112017B0F0BD149734
:1001700001A813900DA81699FEF74BFF044600BF87
:10018000002C3DD1129E0EB9062404E0F07A00F056
:10019000010000B1072431460D98FEF7A3FA054689
:1001A000ECB9F07A00F01000C8B1022D01D202249F
:1001B00015E024220DA904A8FDF7E2FE0695022110
:1001C00004A8FEF78AF904464CB9002104A8FEF7FA
:1001D0003BFC044604B90724042C00D100247CB95C
:1001E0000DA8FEF72DFD044654B925B129460D98FA
:1001F000FEF7B9F804461CB90D98FDF734FF044624
:100200003846FDF7B2FE2046AFE72DE9F14F8CB03E
:10021000FDF7A2FE064601220CA903A8FEF7ACFFDB
:100220000546002D7BD14FF40070FDF797FE804608
:10023000B8F1000F03D111200DB0BDE8F08FCDF85B
:100240002880CDF824D003A80C99FEF7E2FE0546DD
:1002500005B9082500BF042D7AD100210398FEF7C7
:10026000B8F80746002507B90725012F00D1022558
:10027000781C00B901251DB90398FDF7B5FE0546A8
:10028000002D5BD139460398FDF751FF8246039854
:1002900000F130044FF4007200212046FDF77DFE8E
:1002A0000B2220212046FDF778FE2E202070102002
:1002B000E072A675310AE175310C2176310E617656
:1002C00039462046FEF71EFA2022214604F120007E
:1002D000FDF756FE2E2084F82100DDF814B00398B7
:1002E0000078032804D10398406A584500D1AB46F2
:1002F000594604F12000FEF705FA039890F80290A1
:1003000018E00398C0F82CA00AF1010A0120039913
:1003100008710398FDF768FE05460DB10DE030E069
:100320004FF4007200212046FDF737FEA9F10100CD
:1003300000F0FF09B9F1000FE3D100BF1DB903A818
:10034000FEF7E4FB054625B139460398FEF70BF8A6
:1003500014E0089C1020E072A675310AE175310C9A
:100360002176310E617639462046FEF7CBF9012021
:10037000039908710398FDF776FE05464046FDF7A0
:10038000F4FD284658E72DE9F7418DB0884614461C
:1003900001220DA904A8FEF7EFFE07464FBB4FF45C
:1003A0000070FDF7DBFD06461EB9112010B0BDE858
:1003B000F0810B9601A80A9004A80D99FEF729FE7A
:1003C00007463046FDF7D1FD00BF97B9099D0DB92D
:1003D00006270EE004F0270408EA0400E97AA143A6
:1003E0000843E8720120049908710498FDF73BFE68
:1003F00007463846DAE7F3B58DB00D4601220DA960
:1004000004A8FEF7B9FE074657BB4FF40070FDF78E
:10041000A5FD064616B911200FB0F0BD0B9601A838
:100420000A9004A80D99FEF7F4FD07463046FDF743
:100430009CFD00BFA7B9099C0CB9062710E0A8795C
:10044000A075E8880112E17528792076A888011244
:1004500061760120049908710498FDF704FE0746AF
:100460003846D9E72DE9F3419CB001221CA913A815
:10047000FEF782FE0446002C78D113980A904FF4C0
:100480000070FDF76BFD07461FB911201EB0BDE8D7
:10049000F0811A9701A8199013A81C99FEF7B9FDCD
:1004A000044600BF002C75D1189808B9042471E0E7
:1004B000189800F10B01152204A8FDF761FD242214
:1004C00013A90AA8FDF75CFD1DA8FEF7EAFD0028A8
:1004D00005DB0AA81D99FEF79CFD044600E00B24ED
:1004E00004B90824042C55D10AA8FEF70FFB0446D2
:1004F000002C4FD10F9D13220DF1120105F10D00BB
:10050000FDF73EFD9DF8100040F02000E87201204C
:10051000139908710C991598884231D0E87A00F047
:10052000100068B329461398FEF7DCF88046414670
:100530001398FDF7FCFD06460EB9022420E0314673
:100540001398FDF777FD0446139800F15005BCB9E8
:1005500068782E2814D113980078032807D11399AE
:100560000C98496A884202D1002001E015E00C98FD
:10057000064631462846FEF7C5F801201399087152
:1005800044B913A8FEF75CFB04461CB91398FDF7A9
:100590006AFD04463846FDF7E8FC204676E72DE97B
:1005A000F74189B00D469046002209A96846FEF73A
:1005B000E3FD044624BB1DB30020029000216846E1
:1005C000FDF78BFF0446DCB901216846FEF73CFAD3
:1005D000044684B90B2228460599FDF7D1FC0B2768
:1005E00000BF0020E85507B904E0781E0746285CE4
:1005F0002028F6D000BF042C02D10020287000244F
:1006000044BBB8F1000F25D0009A1046D169FDF720
:1006100011FD0446F4B900980078032801D1432065
:1006200000E027200646009830303044C0780106AC
:10063000009830303044807841EA004100983030F2
:100640003044407841EA002000993031895D084308
:10065000C8F8000020460CB0BDE8F0812DE9F14F4C
:100660008CB001220CA903A8FEF786FD8146B9F1E2
:10067000000F03D048460DB0BDE8F08F00208DF884
:100680000000002700E07F1C0C98C05D0028FAD114
:1006900000E07F1E27B1781E0C99085C2028F8D056
:1006A000002F5ED00026B04600BF3046761C0C9965
:1006B0000C5C812C20DBE0B2FE281DDCB8F10A0FB7
:1006C00018D2BE4216D20C98805D402803DB0C98ED
:1006D000805D7E2807DD0C98805D80280ADB0C9801
:1006E000805DFE2806DC3046761C0C99085C40EAEA
:1006F000042000E0002084B20121204600F08CFD9F
:10070000834600F0D2FD8246002100F085FD0446BC
:100710005CB12146FEA0FDF75DFC30B9FF2C01DD88
:100720000A2000E00B20404501D80620A3E7FF2C5B
:1007300005DD2212404608F101080DF80020E2B262
:10074000404608F101080DF80020BE42ADD305E097
:100750002022404608F101080DF80020B8F10B0FE7
:10076000F6D300200590002103A8FDF7B6FE8146D0
:10077000B9F1000F5BD1012103A8FEF765F98146AD
:10078000B9F1000F21D19DF8000098B10B22694604
:100790000898FDF7F5FBFDF7DFFB054608998D7519
:1007A000290A0898C175290C08980176290E08981D
:1007B000417602E0E520089908700120039908714C
:1007C0000398FDF750FC814631E0B9F1040F2ED1BA
:1007D0004FF000099DF8000048B3012103A8FDF780
:1007E00053FF8146B9F1000F21D120220021089842
:1007F000FDF7D3FB0B2269460898FDF7C1FB0820E3
:100800000899C872FDF7A8FB054608998D75290A55
:100810000898C175290C08980176290E0898417628
:100820000120039908710398FDF71DFC8146484695
:1008300021E72DE9F74F90B0914610A8FEF731FC63
:100840000F900F98002803DA0B2013B0BDE8F08F4B
:100850001198012801DD1320F7E7A9F1010000EA52
:10086000090008B11320F0E7AD490F9851F820B006
:10087000BBF1000F01D10C20E7E700208BF800004E
:100880000F98C0B20C9000200B900C98FDF790FAD6
:100890000190019800F0010008B10320D5E701980C
:1008A00000F0040008B10A20CFE700BF04AA01212C
:1008B0000C98FDF7FCFA10B90498802801D20120A9
:1008C000C3E7119808B1002000E03F20804604985B
:1008D000A0EB08000490B9F1000F13D14FF4FA61B6
:1008E0000498B0FBF1F00A904FF0000A01E00AF121
:1008F000010A8C4830F81A100A988142F7D88A48C1
:1009000030F81A904FEA5929B9F1000F01D14FF090
:100910000109B9F1800F01D94FF080090498B0FBAB
:10092000F9F7012540F6F670874200D302254FF60D
:10093000F670874200D30325032D0AD1082000EB6F
:10094000870000F2FF10460A20200390002002904A
:1009500011E0012D05D107EB4700401C4008C01CE9
:1009600001E07800001D064606F2FF10460A01204D
:100970000390202002900398404407900798304449
:100980000690029906980844059005984844A0EB03
:1009900008000499884201D90E2056E709AA0321CC
:1009A0000C98FDF784FA28B9099818B10998B0F5A0
:1009B000004F01D901200990099905980844401E6B
:1009C000491E8843099009990598081A0990032D32
:1009D00008D1099903980844039009990798084495
:1009E000079001E009980644DDE90301081A811B1C
:1009F0000298081AB0FBF9F7022D03D140F6F67001
:100A0000874205D3032D05D14FF6F670874201D2F8
:100A10000E201AE7032D02D10C200D9010E0012DBD
:100A200006D10498B0F5803F02D201200D9007E076
:100A30000498B0F5803F01D2042000E006200D901C
:100A400000BF119810B1F0200E9044E04FF40072F6
:100A500000210BF13000FDF7A0FA0BF5F77401202F
:100A60006070A0700020E0700D982071FE20607111
:100A7000049840443F21B0FBF1F0FF21B0FBF1F0BE
:100A800009903F21099841EA9000A0710998E0710E
:100A90003F20207200216172A172E17204982073DC
:100AA0000498010A61730498010CA1730498010E63
:100AB000E17355218BF82E12AA218BF82F120123F6
:100AC00000220BF130010C98FDF7C0F908B10120AC
:100AD000BBE6F8200E900BF130044FF400720021B9
:100AE0002046FDF75AFA0B2210A12046FDF748FADE
:100AF0004FF4007A84F80BA04FEA1A21217384F88E
:100B00000D900398A0730398010AE173012013E08C
:100B1000222A2B2C2E3A3B3C3D3E3F5B5D7C7F00E6
:100B2000300200205A48010870480108EBFE904D41
:100B300053444F53352E30002074032D01D1002033
:100B400001E04FF40070824684F811A04FEA1A21A8
:100B5000A1740498B0F5803F05D20498E07404981D
:100B6000010A217510E0049884F820000498C0F36D
:100B70000721212001550498C0F307412220015587
:100B80000498010E232001550E9860753F202076B1
:100B900000216176FF20A076E17684F81C804FEA80
:100BA000182161774FEA1841A1774FEA1861E17780
:100BB000FDF7D2F90990032D3ED1099884F843003E
:100BC0000998C0F30721442001550998C0F3074153
:100BD000452001550998010E4620015584F82460EE
:100BE000C6F3072125200155C6F3074126200155EC
:100BF000310E27200155022084F82C0000212D20E1
:100C000001552E2001552F200155012084F8300078
:100C100031200155062084F8320033200155802010
:100C200084F84000292084F842001322FEA104F138
:100C30004700FDF7A5F91FE0099884F827000998F7
:100C4000C0F30721282001550998C0F30741292046
:100C500001550998010E2A200155A675310AE17542
:100C6000802084F82400292084F826001322F3A190
:100C700004F12B00FDF784F9552084F8FE01AA2128
:100C800040F2FF1001550123424621460C98FDF722
:100C9000DDF808B10120D8E5032D06D1012308F1C4
:100CA000060221460C98FDF7D1F8079808904FF0FE
:100CB000000A61E04FF4007200212046FDF76DF953
:100CC0000E980990032D14D0012D01D1E04801E0C8
:100CD0006FF0FF000999084309900998207009985E
:100CE000000A60700998000CA0700998000EE0706E
:100CF00019E0099860F0FF000990099820700998A0
:100D0000000A60700998000CA0700998000EE0704D
:100D1000FF202071FF216171A171E1712072617268
:100D2000A1720F21E1720898411C0246012308912B
:100D300021460C98FDF78AF808B1012085E54FF4AB
:100D4000007200212046FDF728F9012009900EE0ED
:100D50000898411C02460123089121460C98FDF792
:100D600075F808B1012070E50998401C09900998B0
:100D7000B042EDD30AF1010ABAF1000F9AD0032D67
:100D800001D1484600E00298824600BF0898411C05
:100D900002460123089121460C98FDF757F808B147
:100DA000012052E5AAF10100B0F1000AEED1032DB5
:100DB00046D15220207060706120A0704120E07008
:100DC000722084F8E401722140F2E51001554121BE
:100DD000401C01556121401C0155781E84F8E80132
:100DE000C0F3072140F2E9100155781EC0F3074116
:100DF0004FF4F5700155781E010E40F2EB100155CD
:100E0000022084F8EC01002140F2ED100155401C55
:100E10000155401C0155552084F8FE01AA2140F2DD
:100E2000FF100155012308F1010221460C98FDF73E
:100E30000DF8012308F1070221460C98FDF706F88A
:100E4000002211460C98FDF732F808B10120FCE4AD
:100E50000020FAE42DE9FC47074688469146002425
:100E60003E4613E06B46012201A94846FEF754FCBA
:100E70000098012800D00DE09DF8045000BF06F84E
:100E8000015B641C0A2D00D104E000BFA8F1010041
:100E9000A042E7DC00BF0020307014B13846BDE846
:100EA000FC870020FBE7F8B504460E4600BF6568E6
:100EB000002D00DAF8BD28466D1C04F10C010E541B
:100EC0003D2D0CDB6B462A462068FEF706FD009898
:100ED000A84201D1002001E04FF0FF3005466560D7
:100EE000A068401CA06000BFE4E730B595B00446A0
:100EF0000D460295002003900490214602A8FFF7BA
:100F0000D2FF039800280DDB01AB05A9DDE9020241
:100F1000FEF7E3FC30B901990398884202D10498A6
:100F200015B030BD4FF0FF30FAE730B595B004464C
:100F30000D46029500200390049004E014F8011B74
:100F400002A8FFF7B0FF20780028F7D10398002807
:100F50000DDB01AB05A9DDE90202FEF7BEFC30B9ED
:100F600001990398884202D1049815B030BD4FF022
:100F7000FF30FAE70FB42DE9F04F9BB024980190B1
:100F800000200290039026A81A9000BF259810F820
:100F9000014B259004B924E1252C04D0214601A859
:100FA000FFF781FFF2E7002006468146259810F8FA
:100FB000014B2590302C05D10126259810F8014BC6
:100FC000259006E02D2C04D10226259810F8014B1F
:100FD000259009E009EB890004EB4000A0F13009FD
:100FE000259810F8014B2590302C01DB392CF1DDD0
:100FF0006C2C01D04C2C05D146F00406259810F835
:10100000014B259004B9ECE02546612D04DB7A2DD7
:1010100002DCA5F12000C5B24F2D60D01DDC422DB1
:101020005AD0432D4FD015E04E4F204E414D452014
:101030002020204641543332202020004E4F204EA5
:10104000414D4520202020464154202020202000D2
:1010500000FFFF00442D4CD144E0532D04D0552D0A
:1010600041D0582D45D141E01A9850F804BB1A9050
:101070004FF0000801E008F101081BF80800002803
:10108000F9D106F0020048B903E0202101A8FFF7DA
:101090000AFF404608F101084845F6D304E01BF872
:1010A000011B01A8FFF7FFFE9BF800000028F6D106
:1010B00003E0202101A8FFF7F6FE404608F10108F1
:1010C0004845F6D362E71A9810F8042BD1B21A906B
:1010D00001A8FFF7E8FE59E7022019900EE008206A
:1010E00019900BE000BF0A20199007E0102019901A
:1010F00004E0214601A8FFF7D6FE47E700BF06F04F
:10110000040028B11A9800681A99091D1A910CE078
:10111000442D05D11A9800681A99091D1A9104E006
:101120001A9800681A99091D1A918246442D06D111
:101130000AF0004018B1CAF1000A46F0080600277C
:1011400000BF1998BAFBF0F100FB11A0C5B21998C5
:10115000BAFBF0FA092D06DD782C01D1272000E03A
:1011600007202844C5B205F13000C2B238467F1CC2
:1011700014A90A54BAF1000F01D0102FE1D306F0E0
:10118000080020B12D2238467F1C14A90A54B84605
:1011900006F0010008B1302000E02020054603E001
:1011A000294601A8FFF77FFE06F0020020B940465D
:1011B00008F101084845F3D300BF781E074614AA7A
:1011C000115C01A8FFF76FFE002FF6D103E029465E
:1011D00001A8FFF768FE404608F101084845F6D32C
:1011E000D4E600BF00201A900298002810DB18AB4C
:1011F00004A9DDE90102FEF770FB48B918990298CD
:10120000884205D103981BB0BDE8F00F5DF814FBD0
:101210004FF0FF30F7E700002DE9F84F044688460D
:101220004FF0000B802C01DAA1463BE0B8F1000F33
:1012300005D02948D0F805004FEA500B01E04FF0E7
:10124000000B2548D0F805004FEA500A0120C0EBFA
:101250009A0A002710261CE0AAEB070007EB5005AE
:101260001D48D0F8010000EB850000EB0B010422C3
:101270006846F4F79AFEBDF80000A04200D10AE0EB
:10128000BDF80000A04201DA2F4600E0AA46701E19
:1012900086B2002EE0D100BF16B1BDF8020000E01A
:1012A000002081464846BDE8F88F0246002100E054
:1012B000491C0A4830F8110020B1084830F81100E4
:1012C0009042F5D1054830F8110018B1044830F8C3
:1012D000110070471046FCE700BF01208648010856
:1012E000664A01082DE9F0432DED028B83B00746D5
:1012F000884614461E46DDED0C8AFF25F8EE680A86
:1013000000EE106AB8EE400A80EE801AB0EE418A14
:101310009FEDFE0A28EE000AB0EE408A00EE105A59
:10132000B8EE400AB4EE480AF1EE10FA1ED0F8A06A
:1013300004EB440909EBD97107EB6101CDE90040E9
:1013400088B24FF4A073F0224146F4F774FABCEE71
:10135000C80A10EE100AC5B2642D00DD642503230F
:101360002A46414638460094F4F7ADF9002003B010
:10137000BDEC028BBDE8F0832DE9FF4F83B08146C1
:101380009846DDF840A000200290002783464FF4E5
:101390000A71FBF722FC04460CB94FF0010B4FF425
:1013A00080510020FBF719FC06460EB94FF0010BE7
:1013B000012241462046FEF7EFF805460DB14FF0F9
:1013C000020BBBF1000F78D1BAF1000F09D0BAF1CE
:1013D000010F12D0BAF1020F21D0BAF1030F42D19E
:1013E0002FE0CC48CC49C1F80100E068C1F8050005
:1013F0000846D0F80100029035E0C748D0F8010057
:10140000C549D1F805100844C349C1F80900E0688E
:10141000C1F80D000846D0F80900029023E0BE484C
:10142000D0F80900BC49D1F80D100844BA49C1F8F8
:101430001100E068C1F815000846D0F811000290CC
:1014400011E0B548D0F81100B349D1F8151008449F
:10145000B149C1F81900E068C1F81D000846D0F88C
:101460001900029000BF00BF21E001AB4FF4805291
:1014700031462046FEF750F9054605B119E00298BD
:1014800039184FF480523046F4F72BFEBDF80400B3
:1014900007440097E3684846DDE90412FFF722FF9E
:1014A000BDF80400B0F5805F01D002E005E0002D3A
:1014B000DBD000BF2046FEF761FB21460020FBF792
:1014C0007CFB31460020FBF778FB284607B0BDE8DF
:1014D000F08F2DE9FF4F83B0064615460024A04645
:1014E000FF24FF208C49087064210020FBF775FB66
:1014F00082464FF480510020FBF76FFB83464FF488
:101500000A710020FBF769FB0290BBF1000F04D0C9
:10151000BAF1000F01D0029878B900200299FBF7C8
:101520004CFB51460020FBF748FB59460020FBF7D7
:1015300044FB052007B0BDE8F08F5046069900F047
:10154000BFFD76480168504600F0FDFD012251467E
:101550000298FEF721F804460CB148F010085046F6
:10156000069900F0ADFD6E480168504600F0EBFDB5
:10157000012251460298FEF70FF804460CB148F0DC
:1015800020085046069900F09BFD664801685046C9
:1015900000F0D9FD012251460298FDF7FDFF0446F7
:1015A0000CB148F040085046069900F089FD5E48AD
:1015B0000168504600F0C7FD012251460298FDF730
:1015C000EBFF04460CB148F0800800200299FBF7BD
:1015D000F4FAB8F1000F6FD154A04FF4A073F022C9
:1015E000CDE9005030460499F4F725F9002730E0A2
:1015F00005EB85018900CDE9007101EBD17106EBA6
:10160000610188B240F217332A460499FFF76AFE57
:1016100007F5406001034FF480525846F4F7C5FCCB
:101620004FF0000908E05BF82900401C00B106E01B
:1016300009F101001FFA80F9B9F5806FF3DB00BFF3
:10164000B9F5806F03D007F54060F4F727FD781CEB
:1016500087B240F217308742CADB59460020FBF7B9
:10166000ACFA37A04FF4A073F022CDE90050304619
:101670000499F4F7E0F85046069900F021FD274858
:101680000168504600F05FFD002005EB85018900F0
:10169000CDE9000101EBD17106EB610188B253463F
:1016A0002A460499FFF768FE044634B151460020EB
:1016B000FBF783FA01203DE7BBE026A04FF4A073BF
:1016C000F022CDE9005030460499F4F7B4F85046C2
:1016D000069900F0F5FC12480168504600F033FD11
:1016E000012005EB85018900CDE9000101EBD171F5
:1016F00006EB610188B253462A460499FFF73CFE87
:10170000044614B15146002030E033E00000C842E6
:10171000250000002100C00000BF0120544C01083A
:10172000504C01084C4C0108484C0108457261734B
:10173000696E6720736563746F72732E2E2E20009E
:101740005570646174696E6720554E4947424B2E4F
:1017500042494E005570646174696E672047424B80
:1017600031322E42494E202000000000FBF725FABE
:101770000220DFE644A04FF4A073F022CDE9005030
:1017800030460499F4F757F85046069900F098FC53
:1017900043480168504600F0D6FC022005EB850165
:1017A0008900CDE9000101EBD17106EB610188B23E
:1017B00053462A460499FFF7DFFD04462CB15146F3
:1017C0000020FBF7FAF90320B4E636A04FF4A0732B
:1017D000F022CDE9005030460499F4F72CF8504639
:1017E000069900F06DFC35480168504600F0ABFCEE
:1017F000032005EB85018900CDE9000101EBD171E2
:1018000006EB610188B253462A460499FFF7B4FDFE
:1018100004462CB151460020FBF7CFF9042089E69D
:10182000AA202749087021224FF440012448F4F7E8
:1018300058FC51460020FBF7C0F959460020FBF741
:10184000BCF9404676E610B50024F4F741FB0FE002
:10185000601CC4B221224FF440011948F4F7A5FBE3
:1018600017480078AA2800D104E01420F8F7AEFA4F
:101870000A2CEDDB00BF12480078AA2801D0012015
:1018800010BD0020FCE700005570646174696E674C
:101890002047424B31362E42494E202000000000A6
:1018A0004C4C01085570646174696E672047424B67
:1018B00032342E42494E202000000000484C0108DE
:1018C00000BF01202DE9F05F82460F4614462046F6
:1018D000E21704EB5272D2102146E31704EB537364
:1018E000DB10A4EBC3030BB1012300E000231A4477
:1018F000624302F0FF099AF800600AF10100824693
:101900000578812E05DB402D03DBFF2D01D0FF2E56
:101910000DD14FF0000B06E0002007F8010B0BF192
:10192000010000F0FF0BCB45F6DBBDE8F09F7F2DFB
:1019300003DAA5F14000C5B202E0A5F14100C5B24D
:10194000A6F18100C6B2BE2010FB065000FB09F8CC
:101950000C2C04D0102C0CD0182C1ED113E08A486B
:10196000D0F8090000EB08014A463846F4F71DFBA1
:1019700013E08548D0F8110000EB08014A463846CC
:10198000F4F713FB09E08048D0F8190000EB0801D8
:101990004A463846F4F709FB00BF00BF00BFC4E762
:1019A0002DE9FF4F93B007460D461C46AA46204638
:1019B000E21704EB5272D2102146E31704EB537383
:1019C000DB10A4EBC3030BB1012300E000231A4496
:1019D000624302F0FF0B0C2C06D0102C04D0182C04
:1019E00002D017B0BDE8F08F224601A91598FFF785
:1019F00069FF00262FE001A810F806804FF00009CB
:101A000023E008F0800030B160480288294638465B
:101A1000EFF7B5FC07E0209828B95D480288294611
:101A20003846EFF7ACFC4FEA48604FEA1068681C94
:101A300085B2A5EB0A00A04203D15546781C87B2B7
:101A400006E009F1010000F0FF09B9F1080FD8DB49
:101A500000BF701CC6B25E45CDDB00BFC1E72DE9FB
:101A6000FE4F07460E4691469A46DDE90D4B0C9D0A
:101A7000B8460296002001904BE0019870BB287890
:101A8000802802DD0120019043E004EBD47108EBD3
:101A90000902A2EB6101B94202DA301986B2474667
:101AA00002985044001BB04200DA35E028780D2837
:101AB00004D1301986B247466D1C07E0CDF800B05E
:101AC0002A78234631463846F3F76AFD6D1C2046D6
:101AD00004EBD07107EB61018FB21AE00020019096
:101AE00008EB0900001BB84202DA301986B24746FB
:101AF00002985044001BB04200DA0DE023462A460B
:101B000031463846CDF800B0FFF74AFFAD1C381912
:101B100087B228780028B0D100BFBDE8FE8F2DE93C
:101B2000FE430746894615461C46DDF828800026F8
:101B3000284600F0E9FA86B2204604EBD07149103D
:101B400071438EB246450BDD0120CDE90054029071
:101B500010484388028849463846FFF780FF11E065
:101B6000A8EB060000EBD071C1F34F060120094934
:101B7000CDE9005402904B880A88F11988B2494691
:101B8000FFF76DFFBDE8FE8300BF0120600000206D
:101B9000620000206802002010B5024600200CE020
:101BA00013780C78A34200D008E013780BB9FF201B
:101BB00004E0431CD8B2521C491CF1E700BF10BD21
:101BC0002DE9F04F81460E464FF0000AD34600251E
:101BD0000027A846DFF8FCA040F28F1B00BF20E0E2
:101BE00005EB45003B4A52F820104846FFF7D4FF6A
:101BF0000446A4B1FF2C0AD105EB4500354901EBA1
:101C000080023846791CCFB246F8202007E04445D0
:101C100005DDA04605EB45002E4901EB800A681C56
:101C200085B25D45DCDB37B9B8F1000F03D0C6F8EB
:101C300000A048F080073846BDE8F08F10B5044694
:101C400025492046FFF7BCFF10BD70B506460024AD
:101C500000252148001F016830468847044604F0EB
:101C60008000A0B131461DA000F0A2F804F07F0171
:101C70001FA000F09DF81848001F406882681648B1
:101C8000001F406841681FA000F092F821E0002C7E
:101C90001CD0314611A000F08BF821461FA000F0A7
:101CA00087F823A000F084F800250CE00A4850F8DB
:101CB00025008268084850F82500416821A000F0FE
:101CC00077F8681CC5B2A542F0DB02E01FA000F067
:101CD0006FF870BDF0850108400200200D0ACAE4CB
:101CE000C8EBCAFDD7D6CEAA3A25730D0A0000006C
:101CF000B2BFB7D6C6A5C5E4CEBBCAFD3A25640DB2
:101D00000A000000B2BFB7D6C6A5C5E4BDE1B9FB65
:101D10003A25732C25730D0A00000000CDEAC8ABEC
:101D2000C6A5C5E4B8F6CAFD3A25640D0A00000050
:101D3000CDEAC8ABC6A5C5E4B5C4BDE1B9FB3A0D53
:101D40000A00000025732C25730D0A00C3BBD3D0F5
:101D5000C8CEBACEC6A5C5E4BDE1B9FBA3A10D0AA4
:101D600000000000704710B54C1084EA530404D5FD
:101D70004042C1F1000138BF491E1B4204D5524206
:101D8000C3F1000338BF5B1E00F072FA14F0804FFD
:101D900004D04042C1F1000138BF491E14F0004F89
:101DA00004D05242C3F1000338BF5B1E10BD0000D7
:101DB0000FB4044910B503AA029800F04BFB10BC05
:101DC0005DF814FBB800002070B504468569006812
:101DD000C10601D5302600E02026C00707D070BD1F
:101DE000D4E9012130469047206A401C20626D1ED4
:101DF000F6D570BD70B5044685690078C00707D177
:101E000070BDD4E9012120209047206A401C206247
:101E10006D1EF6D570BD70B50C460546012A05D07D
:101E20002878800600D5EA69002302E0012305E056
:101E30005B1C934202D2E05C0028F9D1A869E61845
:101E4000C01AA861286A184428622846FFF7BCFF18
:101E500004E0D5E9012114F8010B9047B442F8D30E
:101E60002846FFF7C7FF70BD2DE9F0410646002464
:101E700010687529314616A510D0AFF300800028F0
:101E800002DA404213A507E031688A0701D512A59E
:101E900002E0490704D511A5012401E0AFF3008059
:101EA00000210A2206F1240709E0B0FBF2FCB0FB96
:101EB000F2F302FB1C00303078541846491C00280D
:101EC000F3D123462A463046BDE8F04100F052BA2D
:101ED000000000002D0000002B000000200000008A
:101EE00070B504460D4621461068AFF30080218886
:101EF000090502D50F4A7A4402E00E4A7A440E32AE
:101F0000002104F1240305E000F00F060009965DAE
:101F10005E54491C0028F7D120780023000704D51F
:101F2000702D02D009B1022311322046BDE8704065
:101F300000F020BAAA7900002DE9F05F8946044636
:101F40004FF0000ADFF874B1FB44C0F820A020462F
:101F5000E1688847002874D0252806D0D4E90121FB
:101F60009047206A401C2062F1E700265F46204629
:101F7000E16888472028054607DB312D05D278190E
:101F800010F8200C08B10643F1E7B00701D526F0A0
:101F90000406C4F81CA00027C4F818A02A2D09D0F4
:101FA000284600F02AFB38B304EB8708303DC8F818
:101FB000185019E059F8041B204604EB8702916180
:101FC000E1688847012F054618D1E069002820DA2A
:101FD00026F020061DE0D8F8180000EB800005EB85
:101FE00040003038C8F818002046E16888470546A8
:101FF00000F003FB0028EED1012F0AD02E2D08D1CE
:102000002046E16888477F1C0546022F46F02006DF
:10201000C4DBA069002803DA404246F00106A06153
:10202000F00701D026F010066C2D0BD0682D09D0DA
:102030004C2D39D06A2D35D0742D35D07A2D33D032
:1020400016E038E0E1682F4620468847B84205464A
:1020500009D16C2F26D04FF48060E16806432046FA
:102060008847054604E06C2F1AD04FF48070064371
:102070000DB3A5F14100192802D8203546F40066B9
:102080004A462946204626604E46EEF7D7F880B1EC
:1020900001280BD0F61D26F0070000F1080956E7CD
:1020A0004020E4E78020D8E70020D6E706F10409C5
:1020B0004DE7284652E7206ABDE8F09F807900008E
:1020C00040EA0103024630B59B0710D14FF00134BE
:1020D00000E008C208C91D1B9D4315EAC41FF8D0C3
:1020E00013F0FF0102F8011B0DD01B0AF8E711F8ED
:1020F000013B002B02F8013B05D011F8013B002BFE
:1021000002F8013BF3D130BD10B5431C02E010F8DA
:10211000011B71B18107FAD14FF0013202C88C1A4C
:102120008C4314EAC211F9D0C01A0A0603D0C01EAB
:1021300010BDC01A10BD0A0401D0801E10BD0902D6
:10214000FCD0401E10BD421E12F8013F002BFBD1F7
:1021500011F8013B002B02F8013BF9D17047032A2B
:1021600040F2308010F0030C00F0158011F8013BB4
:10217000BCF1020F624498BF11F801CB00F8013B9B
:1021800038BF11F8013BA2F1040298BF00F801CB5F
:1021900038BF00F8013B11F0030300F06D81083AED
:1021A000C0F0088051F8043B083A51F804CBA0E88D
:1021B0000810F5E7121D5CBF51F8043B40F8043BE2
:1021C000AFF30080D20724BF11F8013B11F801CB17
:1021D00048BF11F8012B24BF00F8013B00F801CBE8
:1021E00048BF00F8012B70474FF0013C50F8042B1A
:1021F00051F8043B9A4221D1A2EB0C03934313EA1A
:10220000CC1317D150F8042B51F8043B9A4215D146
:10221000A2EB0C03934313EACC130BD150F8042B1D
:1022200051F8043B9A4209D1A2EB0C03934313EA01
:10223000CC13DBD04FF00000704700BFD01A01BABA
:10224000B1FA81F101F0180122FA01F0CB40C1F19D
:102250002001DBB2C0B2C01A2CFA01F3D11A9143AB
:1022600011EAC311E6D17047704770477047704755
:1022700053EA020C00F069802DE9F04B4FF00006A4
:10228000002B1FBFB3FA83F503FA05F424FA05F611
:102290005E4012BF1643B2FA82F502FA05F4C5F1A8
:1022A00020051EBF22FA05FC44EA0C04203556EA3C
:1022B000044C4FEA144418BF641C4FF000084FF060
:1022C0000009904271EB030C39D3002919BFB1FA10
:1022D00081F701FA07F6B0FA80F700FA07F6C7F1BE
:1022E00020071EBF20FA07FC46EA0C062037B6FB83
:1022F000F4FCA7EB0507103F07F01F0BCBF12006FE
:102300000CFA0BFB2CFA06F644BFB3460026202F2E
:10231000A4BF5E464FF0000B5BEA060C08BF4FF00F
:10232000010B19EB0B09ABFB027C48EB0608C01B49
:1023300006FB02CC0BFB03CC71EB0C01C1E70B4697
:10234000024641464846BDE8F08B13B54FF0000009
:102350004FF00001AFF30080BDE81C40704710B59E
:1023600000F0BCF8006810BD10B5044600F0B6F8E7
:10237000046010BD2DE9F0470D469946924604468B
:1023800000F124080168880604D5E06921F01001F5
:10239000216000E00120A84201DD471B00E000278A
:1023A000A1697A1902EB0900081AA0612078C00619
:1023B00002D42046FFF708FD002608E0D4E90121F9
:1023C0001AF806009047206A401C761C20624E4591
:1023D000F4DB2078C0060AD52046FFF7F5FC06E0BE
:1023E000D4E9012130209047206A401C2062381E29
:1023F000A7F10107F4DC07E0D4E9012118F8050092
:102400009047206A401C2062281EA5F10105F3DCDC
:102410002046FFF7EFFC2078000602D50220BDE839
:10242000F0870120FBE710B5436913B1AFF30080DB
:1024300001E0FFF7F0FC012010BD127800F124014B
:102440000A7000224A700122EDE711684FF0FF3256
:10245000E9E70000074B70B50D467B4400F047F8F4
:102460000446284600F056F810B14FF0FF3070BD1A
:10247000204670BDB379FFFF10B5203AC0F00B8045
:10248000B1E81850203AA0E81850B1E81850A0E878
:102490001850BFF4F5AF5FEA027C24BFB1E81850D2
:1024A000A0E8185044BF18C918C0BDE810405FEA42
:1024B000827C24BF51F8043B40F8043B08BF7047BE
:1024C000D20728BF31F8023B48BF11F8012B28BFC3
:1024D00020F8023B48BF00F8012B704700487047C6
:1024E00024BF012001694A1C02610878704700B5C9
:1024F0008FB0CDE901310021059105497944CDE93D
:10250000031011466846FFF717FD0FB000BD00002D
:10251000E5FFFFFF007B00F0800070470048704738
:1025200024BF01207546FFF7F9FFAE460500694656
:10253000534620F00700854618B020B5F7F718FD80
:10254000BDE820404FF000064FF000074FF00008B4
:102550004FF0000B21F00701AC46ACE8C009ACE835
:10256000C009ACE8C009ACE8C0098D46704710B599
:102570000446AFF300802046BDE81040EDF77EBE74
:1025800000B52DED048BB0EE409AF0EE609A83B06A
:1025900051EC190B00F0C0FA41EC180B18EE100AC0
:1025A00018EE901A8DED008B002818BF012008430B
:1025B00020F00040C0F17F6000F1E040C00F14D077
:1025C00019EE101A19EE900A8DED009B002918BF24
:1025D0000121084320F00040C0F17F6000F1E0409D
:1025E000C00F04BF0120FFF7BFFEB0EE480A03B0E2
:1025F000F0EE680ABDEC048B00BD30380A2801D229
:10260000012070470020704710B591EA030F48BFC2
:1026100083F0004300F15483841A71EB030C05D25C
:10262000121943EB0C03001B61EB0C01DFF824E1F2
:102630004FEA1154A4EB135C1EEA430F18BF9EEA45
:10264000445F73D023EA0E03DCF1200E21EA04512B
:1026500043F4801332D322FA0CFE10EB0E0023FA5F
:102660000CFE41EB0E01CCF1200E03FA0EFE10EB36
:102670000E0051F10001B1F5801FCCF1200E32D2D5
:1026800001EB045112FA0EF2BDE8104058BF70473A
:10269000401C38BF5FEA420218BF7047002814BFD1
:1026A00020F0010041F100014FEA410313F5001F42
:1026B00038BF7047A1F1C04100F0E6B9012A43EBF1
:1026C0000302ACF1200CDCF11F0E32BF4FF0000E04
:1026D00023FA0CF310EB030041EB0451B4EB115F50
:1026E000D0D0A1EB045101F5801149085FEA300018
:1026F00001EB04510ED350F1000038BF12FA0EFE68
:1027000008D1BDE81040C9E7401C38BF5FEA42026B
:10271000CAD1C3E7BDE810404FEA410313F5001FDB
:1027200038BF7047A1F1C04100F0AEB99EEA445FE6
:1027300008D011EA5E0FBDE8104004BF01F000416F
:1027400000207047BDE8104070B500F04FF900BFA1
:1027500064FBBE3E0000E0FF491058BFC1F140419C
:102760005B1058BFC3F140438B42EFF300807047CA
:102770004FEA1153A3F58063D3F11E03A8BFD3F131
:10278000200C08DB4FF0004242EAC12252EA5052CC
:1027900032FA03F0704709420BD4102BC4BF00205B
:1027A000704703F5787CBCF1FF3F05D04FF0FF3058
:1027B00070474FF00000704770B500F017F900BF88
:1027C0004992248000207047F0E710F0004248BF93
:1027D0004042B0FA80F310FA03F10AD0C3F11D03AE
:1027E00003F580634FEA415002EB035202EBD12123
:1027F00070474FF000007047B0FA80F310FA03F111
:102800000AD0C3F11D0303F580634FEA41504FEA3C
:10281000035202EBD12170474FF0000070470000D7
:1028200051EA030C17D41CF5801F58BFBCF5801F5C
:1028300000F10680994218BF704708BF9042704768
:1028400007D711F5801F58BF13F5801F19D499427F
:102850007047894270471CF5801F08D5BCF5801F62
:10286000F7D58B4218BF704708BF824270474FF4BC
:10287000001C1CEB410F38BF1CEB430F01D28B42F5
:10288000704770B500F0B2F8922449004FF0005143
:102890004FF08053FFF760BFDFF848C170B51CEA06
:1028A000111E1EBF1CEA13159EEA0C0F95EA0C0FB1
:1028B00000F06F8081EA030423EA4C134EEAD47ED1
:1028C00021EA4C1141F4801143F48013AE44A1FB82
:1028D000024CA0FB0365AEF17F7E361955EB0C056B
:1028E000A1FB034C4CF10003A0FB021C16EB0C06F1
:1028F000654153F10003094218BF46F0010613F485
:10290000007F0BD14FEA03314FEA0530340341EA2F
:10291000155140EA16506FF003020AE04FEAC32156
:102920004FEAC520F40241EA555140EA56506FF093
:10293000020202EB2E4201EB025585EACE710AD06B
:102940005FEA440C18BF24F0004450F1000041F14C
:10295000000120EAD47040F2FE7C624500D270BDD6
:10296000A84214BF4FF080444FF04044002E08BFEF
:102970000024BEF1806FA8BFA1F1C041BDE8704046
:1029800080F282804FF0000001F1C04101F000416F
:1029900070479EEA0C0F0CEA131518BF95EA0C0F4E
:1029A00006D04FF0000081EA030E0EF0004170BD2A
:1029B00000F01CF88900013E00F007B800F009B8EB
:1029C0004FEA430C5FEA5C5C08D081EA030100F047
:1029D0005BB84FEA410C5FEA5C5CF6D14FF0000057
:1029E000014970470000FF070000F87F0EF1020E5A
:1029F0002EF0030E5EF8046B364205D4012A43EB39
:102A0000030515F5001F12D8012841EB010C1CF538
:102A1000001F0CD80ED14FEAD17C15F5001F0CEB2E
:102A20004C0C0CF1020C08BF4CEBD37C04E04FF0D3
:102A3000080C01E04FEAD37C0CEB4C0526FA05F6B6
:102A400006F00706B6F1040C06D20EEB860CBDE8C4
:102A500070404CF0010C6047DFE80CF0090B0202FB
:102A60004FF000414FF00000A1F5002170BD194664
:102A70001046012851EB010418BFD4F5001484BF9F
:102A8000002001F0004170BD0808A0F500114FEAD8
:102A90003101704753EA010C17D41CF5801F58BF51
:102AA000BCF5801F00F106808B4218BF704708BF3D
:102AB0008242704707D713F5801F58BF11F5801F5A
:102AC00019D48B4270479B4270471CF5801F08D574
:102AD000BCF5801FF7D5994218BF704708BF9042D8
:102AE00070474FF4001C1CEB430F38BF1CEB410F29
:102AF00001D2994270470FB40CBC03BCFFF7C1BEB2
:102B000091EA030F10B581F000413FF585AD83F0E8
:102B1000004300F0D5B800002DE9F04101F5801C1C
:102B2000BCF5001FC0F2A9804FEA115C21EA0C51EC
:102B30000CF1FD0C41F480115FEA5C0C0CF5C07CDB
:102B400001D34000494130A4890241EA90518702F3
:102B50008E0E0A0CA45D04FB04F602FB06F6C6F119
:102B60004046A4FB0662F60D46EA422606FB06F442
:102B7000A4FB01235242C3F1404338BF5B1EA6FBB6
:102B800002420024E6FB0324D20B42EA4446A6FBA1
:102B90000623A1FB02E2A3FB07E4E3FB61426442DC
:102BA000C2F1404E38BFAEF1010EA6FB04234FF038
:102BB0000002E6FB0E32A2FB03463400E2FB626435
:102BC000A1FB06E6A4FB07E8E4FB61687642C8F1D6
:102BD000405838BFA8F10108A2FB06E4A3FB08E5B2
:102BE000E2FB6854A1FB05E6A7FB04E8E1FB648671
:102BF00018F1200556F10006A809A8F11B08B10933
:102C000008F03F08B8F10A0F40EA86601CD901EBD2
:102C10000C51BDE8F08100BFFCF5EEE8E2DDD8D351
:102C2000CFCBC7C3C0BDB9B6B4B1AEACA9A7A5A33D
:102C3000A19F9D9B9A9896959392908F8D8C8B894E
:102C40008887868584838281A0FB006800FB01F26F
:102C500008EB4208B8EB872807D5341858EB010475
:102C6000D5D5401C51F10001D1E7341A78EB0104AD
:102C7000CDD4401E71F10001C9E75FEA4C0C5FEA58
:102C80009C5C0DD105D34FF0000001F00041BDE880
:102C9000F081BDE8F04170B5FFF7A8FE6DDBFFBE27
:102CA000BDE8F0414FF00000004970470000F87F98
:102CB00010B591EA030F48BF83F000433FF5ACAC79
:102CC000841A71EB030C07D212198CF0004C43EB01
:102CD0000C03001B61EB0C01DFF8A4E14FEA115477
:102CE000A4EB135C1EEA430F18BF9EEA445F00F09A
:102CF000B08023EA6E03524221EA0451C3EB6E0313
:102D000038BF5B1EDCF1200E25D322FA0CFE10EB3F
:102D10000E0043FA0CFE41EB0E01CCF1200E03FA3B
:102D20000EFE10EB0E0051F10001CCF1200E29D463
:102D300012FA0EF201EB0451BDE8104058BF704783
:102D4000401C1CBFB2F1004F704700280CBF491C4B
:102D500020F00100704712EB020E43EB030218BF94
:102D60004FF0010E4EEA4202ACF1200CDCF11E0ED7
:102D700054D943FA0CFE10EB0E0051F1FF31CCF1A7
:102D80001E0ED5D50EF1010E12FA0EFE404141EB9A
:102D9000010101EB445C5FEA5C5C10D910EBDE7072
:102DA00001EB045138BFBEF1004FBDE8104018BF21
:102DB000704700280CBF491C20F00100704730D23A
:102DC0004FEAD42C11F5001124F400641BD0B1FAA1
:102DD00081F20B3AA41AA41ED2F12003914030FADA
:102DE00003F31943904001EBCC71002C01EB04512B
:102DF000BDE81040A8BF704701F1C0414FF000008E
:102E000001F000417047B0FA80F310FA03F100D1ED
:102E100010BDE41A173C4805C90AE4E701EB045168
:102E200010BD491001EB0451BDE810404FEA3000DD
:102E300002E04FF0000170474A0008BF0042F8D09E
:102E4000B2F5001F28BF704701F000414FF00000AD
:102E500070479EEA445F07D011EA5E0FBDE810405C
:102E600004BF002100207047BDE8104070B5FFF797
:102E7000BDFD00BF40DFF63E83F0004110467047C5
:102E80000000E0FF43004FEAD30C4FEA3C0C434004
:102E90001FBF40070CF1605113F0FE4F70471CF04C
:102EA000006F03D100200CF0004170470CF000438C
:102EB00043EA507010B540EACC0000F00EF800BFB5
:102EC000000000924FEA0001FFF7DEBD4FF0004125
:102ED0004FF00000A1F5002170470EF1020E2EF018
:102EE000030E5EF8044B244204D44FEA4102B2F1CF
:102EF0007F4F11D84FEA4003B3F17F4F0CD80ED16A
:102F00004FEAD07CB2F17F4F0CEB4C0C0CF1020C71
:102F100008BF4CEBD17C04E04FF0080C01E04FEA15
:102F2000D17C0CEB4C0324FA03F404F00704B4F155
:102F3000040C06D20EEB840CBDE810404CF0010CE2
:102F40006047DFE80CF0070802024FF00040A0F5F0
:102F5000800010BD0846420018BFD2F1807288BFC1
:102F600000F0004010BD4FF04070E1EE100A7047D5
:102F70000000000000000000000000000000000051
:102F80003F40000000000000000030004000300022
:102F90004000000009000BC03D000BC03D000900CF
:102FA00018C024407FE0224031800000180024C077
:102FB0001B000D803240018003801C4027401C8094
:102FC000074000401000600000000000000000000A
:102FD0000000000000001F80204040200000402032
:102FE00020401F8000000000090006001F8006002E
:102FF00009000000040004003F80040004000000F9
:103000000010006000000000000000000400040048
:103010000400040004000000000000400000000064
:1030200000000000002001C0060038004000000041
:103030001F802040204020401F80000000001040E2
:103040003FC000400000000018C021402240244042
:103050001840000010802040244024401B800000C5
:1030600002000D0011003FC0014000003C802440E0
:1030700024402440238000001F802440244034400A
:10308000038000003000200027C03800200000002E
:103090001B802440244024401B8000001C0022C0D0
:1030A000224022401F800000000000000840000075
:1030B00000000000000000000460000000000000AC
:1030C000000004000A0011002080404009000900AF
:1030D00009000900090000000000404020801100A4
:1030E0000A000400180020002340240018000000FB
:1030F0001F802040274029401F400000004007C09B
:1031000039000F0001C0004020403FC0244024404F
:103110001B8000001F8020402040204030800000A5
:1031200020403FC0204020401F80000020403FC082
:1031300024402E4030C0000020403FC024402E00DC
:10314000300000000F001080204022403380020039
:1031500020403FC0040004003FC0204020402040E9
:103160003FC02040204000000060202020203FC0C1
:103170002000200020403FC024400B0030C02040F1
:1031800020403FC020400040004000C03FC03C0005
:1031900003C03C003FC0000020403FC00C40230063
:1031A0003FC020001F802040204020401F800000A2
:1031B00020403FC024402400180000001F80214010
:1031C000214020E01FA0000020403FC024402600F6
:1031D00019C0004018C02440244022403180000023
:1031E000300020403FC020403000000020003F80E1
:1031F000004000403F80200020003E0001C007004A
:1032000038002000380007C03C0007C0380000002C
:10321000204039C0060039C020400000200038405E
:1032200007C0384020000000304021C02640384010
:1032300020C00000000000007FE04020402000008F
:10324000000070000C0003800040000000004020DF
:1032500040207FE00000000000002000400020002F
:1032600000000000001000100010001000100010FE
:10327000000000004000000000000000000002808C
:103280000540054003C0004020003FC0044004400A
:10329000038000000000038004400440064000005A
:1032A00000000380044024403FC000400000038031
:1032B0000540054003400000000004401FC02440BA
:1032C00024402000000002E0055005500650042074
:1032D00020403FC00440040003C000400000044000
:1032E00027C000400000000000100010041027E07C
:1032F0000000000020403FC00140070004C004401F
:10330000204020403FC000400040000007C00400B3
:1033100007C0040003C00000044007C004400400CC
:1033200003C000400000038004400440038000000C
:10333000041007F0045004400380000000000380E4
:103340000440045007F00010044007C0024004008D
:1033500004000000000006400540054004C00000D5
:10336000000004001F8004400040000004000780AB
:103370000040044007C000400400070004C0018072
:1033800006000400060001C0070001C0060000009E
:10339000044006C0010006C00440000004100710ED
:1033A00004E00180060004000000044005C006405F
:1033B000044000000000000004007BE0402000000A
:1033C000000000000000FFF00000000000004020AE
:1033D0007BE004000000000040008000400020006E
:1033E000200040000000000000000000000000007D
:1033F000000000000000000000001FCC000C0000D6
:1034000000000000000008003000600008003000EC
:1034100060000000022003FC1E20022003FC1E208E
:103420000220000000000E1811043FFF10840C78E9
:10343000000000000F0010840F3800C007781884C7
:103440000078000000780F8410C411240E9800E466
:103450000084000808006800700000000000000000
:103460000000000000000000000007E01818200421
:1034700040020000000040022004181807E000008D
:10348000000000000240024001800FF00180024075
:10349000024000000080008000800FF80080008063
:1034A000008000000001000D000E00000000000080
:1034B000000000000000008000800080008000808C
:1034C000008000800000000C000C000000000000E4
:1034D00000000000000000060018006001800600E7
:1034E00018002000000007F0080810041004080865
:1034F00007F000000000080408041FFC000400049A
:103500000000000000000E0C101410241044118460
:103510000E0C000000000C18100411041104128895
:103520000C700000000000E00320042408241FFCAD
:103530000024000000001F9810841104110410885A
:1035400010700000000007F00888110411041888AA
:103550000070000000001C00100010FC13001C0094
:103560001000000000000E38114410841084114433
:103570000E38000000000700088C10441044088832
:1035800007F00000000000000000030C030C000026
:103590000000000000000000000101060000000023
:1035A0000000000000000080014002200410080814
:1035B000100400000220022002200220022002202B
:1035C000022000000000100408080410022001403E
:1035D0000080000000000E001200100C106C108023
:1035E0000F00000003E00C1813E4142417C408288B
:1035F00007D000000004003C03C41C40074000E466
:10360000001C000410041FFC1104110411040E8896
:103610000070000003E00C181004100410041008DF
:103620001C10000010041FFC1004100410040808F3
:1036300007F0000010041FFC1104110417C410044B
:103640000818000010041FFC1104110017C010001E
:103650000800000003E00C181004100410441C784B
:103660000040000010041FFC1084008000801084C3
:103670001FFC10040000100410041FFC10041004B0
:103680000000000000030001100110011FFE1000E7
:103690001000000010041FFC110403801464181CA7
:1036A0001004000010041FFC1004000400040004B7
:1036B000000C000010041FFC1F0000FC1F001FFC7A
:1036C0001004000010041FFC0C04030000E010189C
:1036D0001FFC100007F0080810041004100408086C
:1036E00007F0000010041FFC108410801080108070
:1036F0000F00000007F0081810241024101C080AFE
:1037000007F2000010041FFC1104110011C0113059
:103710000E0C000400000E1C1104108410841044D0
:103720001C3800001800100010041FFC10041000CA
:103730001800000010001FF810040004000410041A
:103740001FF8100010001E0011E0001C0070138014
:103750001C0010001FC0103C00E01F0000E0103CE7
:103760001FC000001004180C163401C001C016342C
:10377000180C100410001C00130400FC13041C009F
:10378000100000000804101C1064108413041C04B2
:10379000101800000000000000007FFE4002400200
:1037A00040020000000030000C0003800060001C9C
:1037B0000003000000004002400240027FFE0000C3
:1037C0000000000000000000200040004000400019
:1037D00020000000000100010001000100010001C3
:1037E0000001000100004000400020000000000037
:1037F000000000000000009801240144014401443D
:1038000000FC000410001FFC008801040104008873
:103810000070000000000070008801040104010431
:1038200000880000000000700088010401041108F5
:103830001FFC0004000000F801440144014401445D
:1038400000C800000000010401040FFC1104110471
:1038500011001800000000D601290129012901C921
:103860000106000010041FFC008401000100010497
:1038700000FC000400000104190419FC0004000409
:10388000000000000000000300010101190119FE01
:103890000000000010041FFC0024004001B4010CD3
:1038A000010400000000100410041FFC00040004C8
:1038B00000000000010401FC0104010001FC0104FE
:1038C000010000FC010401FC00840100010001046E
:1038D00000FC0004000000F80104010401040104DC
:1038E00000F80000010101FF0085010401040088C7
:1038F0000070000000000070008801040104010550
:1039000001FF00010104010401FC00840104010025
:1039100001800000000000CC0124012401240124C6
:103920000198000000000100010007F801040104F3
:1039300000000000010001F8000400040004010878
:1039400001FC0004010001800170000C0010016006
:103950000180010001F0010C003001C00030010CB9
:1039600001F0010000000104018C00740170018C61
:1039700001040000010101810171000E00180160C5
:103980000180010000000184010C01340144018424
:10399000010C0000000000000000000001003EFCDF
:1039A000400240020000000000000000FFFF000095
:1039B000000000000000400240023EFC0100000048
:1039C0000000000000006000800080004000400017
:1039D00020002000000000000000000000000000A7
:1039E00000000000000000000000000000000000D7
:1039F00000000000000000000000000000000000C7
:103A0000000000000000000F80380FFE380F8038E3
:103A100000000000000000000000000000000000A6
:103A200000000100000600000C000038000031001A
:103A3000000600000C00003800003000000000000C
:103A40000000000061800067F807F98000618000D5
:103A500061800061800061800067F807F980006183
:103A60008000000000000000000001C0E003E0F062
:103A70000630080418081FFFFE040E080787F0032D
:103A800081E000000000000001F000060C000404CA
:103A900008060C7001F9C0000E00003BE000EC18B5
:103AA000070808040C180003E00000000001E00013
:103AB00007F003F818041C0804170807E1D003C036
:103AC000E00023B0003C08002008000010000000C7
:103AD0000000000100003100003200001C00000066
:103AE00000000000000000000000000000000000D6
:103AF00000000000000000000000000000000000C6
:103B0000000000007F0001FFC00780F00C001810CB
:103B1000000420000200000000000020000210004D
:103B2000040C00180780F001FFC0007F00000000B7
:103B30000000000000000000000000000000000085
:103B40004200006600006600003C0000180003FF11
:103B5000C0001800003C0000660000660000420043
:103B60000000000008000008000008000008000035
:103B7000080001FFC000080000080000080000085D
:103B800000000800000000000001000031000032C9
:103B900000001C0000000000000000000000000009
:103BA0000000000000000000000000000800000805
:103BB00000000800000800000800000800000800DD
:103BC00000080000080000080000000000000000DD
:103BD000000000003800003800003800000000003D
:103BE00000000000000000000000000000000000D5
:103BF00000000000000600001C00007000018000B2
:103C00000E0000380000C0000700001C000030005B
:103C100000000000000000007F8001FFE0038070D2
:103C2000060018040008040008060018038070014C
:103C3000FFE0007F800000000000000000000100A5
:103C40000801000801000803FFF807FFF80000085A
:103C50000000080000080000000000000000000153
:103C6000C03802C058040098040118040218040463
:103C700018061C1803F81801E0F800000000000006
:103C800000000001C0E003C0F004000804080804BC
:103C9000080806180803F41801E7F00001E0000026
:103CA00000000000000000000300000D00001100F3
:103CB00000610000810803010807FFF80FFFF8000A
:103CC00001080001080000000000000000E007FCFF
:103CD000D00608080610080610080610080618384E
:103CE000060FF00607C00000000000000000000002
:103CF0003F8001FFE003843002081804100804101C
:103D000008041008071810030FF00007C000000097
:103D100000000000000003C00007000006000006CD
:103D200000F80607F806180006E000070000060085
:103D30000000000000000001E1E003F7F00634108D
:103D4000041808041808040C08040C0806161803C4
:103D5000F3F001C1E000000000000000F80003FCE7
:103D600030030638040208040208040208040410A0
:103D70000308F001FFC0007F000000000000000009
:103D8000000000000000000000000000703800701B
:103D90003800703800000000000000000000000043
:103DA0000000000000000000000000000000000013
:103DB000301A00301C00000000000000000000006D
:103DC00000000000000000000000000800001400D7
:103DD0000022000041000080800100400200200419
:103DE0000010080008000000000000002100002171
:103DF000000021000021000021000021000021001E
:103E0000002100002100002100000000000000004F
:103E1000000008000804001002002001004000809B
:103E20008000410000220000140000080000000093
:103E300000000003C00004C00004000008003808AF
:103E40000F380808380810000C300007E00003C0E5
:103E500000000000000000003F8000FFE0038070D1
:103E6000020F1006708804C088048308047F88024B
:103E7000C09003012000FE4000000800001800016F
:103E8000F8003E0801C20007020007E20000FE0041
:103E9000001FC80001F800003800000804000807EF
:103EA000FFF807FFF80408080408080408080408D5
:103EB0000806180803F41801E7F00001E00000000C
:103EC000000000003F8001FFE00380700200180442
:103ED0000008040008040008040010060020078001
:103EE000C000000004000807FFF807FFF8040008FE
:103EF0000400080400080400180200100380700188
:103F0000FFE0007F8000000004000807FFF807FFC3
:103F1000F8040808040808040808040808043E080F
:103F200004000806001801006000000004000807F3
:103F3000FFF807FFF8040808040800040800040854
:103F400000043E00060000060000018000000000A2
:103F5000000000003F8001FFE003807006001804AD
:103F600000080402080402080203F00783F00002BC
:103F70000000020004000807FFF807FFF804080823
:103F800000080000080000080000080004080807F6
:103F9000FFF807FFF804000800000000000004001C
:103FA0000804000804000807FFF807FFF8040008E9
:103FB00004000804000800000000000000000000E9
:103FC00000060000070000010400010400010400D5
:103FD0000307FFFE07FFFC040000040000040000CC
:103FE00004000807FFF807FFF8040C080018000099
:103FF0003E0004C7800503C80600F804003804002A
:104000001800000804000807FFF807FFF80400087C
:104010000000080000080000080000080000080078
:10402000001800006000000004000807FFF8078087
:104030000807FC00007FC00003F80007C0007800FC
:1040400007800807FFF807FFF804000804000807C6
:10405000FFF807000803C00000E000003800001E61
:10406000000007000001C00400F007FFF804000092
:10407000000000007F8001FFE0038070060018044C
:10408000000804000806001803003001FFE0007F6C
:104090008000000004000807FFF807FFF804040888
:1040A000040400040400040400040400060C0003DB
:1040B000F80001F000000000000000007F8001FF18
:1040C000E00380700600880400880400C806003CF5
:1040D00003003E01FFE6007F8400000004000807A3
:1040E000FFF807FFF8040808040800040C00040F98
:1040F00000040BC00610F003F03801E008000008CF
:1041000000000001E0F803F0300630100418080445
:104110001808040C08040C080206180207F00781AE
:10412000E000000001800006000004000004000020
:1041300004000807FFF807FFF80400080400000463
:10414000000006000001800004000007FFE007FFF8
:10415000F004001800000800000800000800000833
:1041600000000804001007FFE0040000040000063F
:10417000000007E00007FE00041FE00001F8000057
:10418000380001E0043E0007C00006000004000003
:1041900004000007E00007FFC0041FF80007C00785
:1041A000F80007FF80043FF80007C004F80007008C
:1041B0000004000000000004000806001807C07892
:1041C00005F1C8003E00001F800463E80780F80680
:1041D000001804000800000004000006000007802A
:1041E0000007E008047C08001FF80007F800180822
:1041F00004E00807000006000004000000000001C1
:1042000000080600380400F80403E8040F08047CE2
:104210000805F00807C00807001804006000000047
:104220000000000000000000000000000000003F4F
:10423000FFFE2000022000022000022000022000D9
:10424000020000000000000000000800000700005D
:1042500000C0000038000006000001C0000030006F
:10426000000E00000100000000000000000020001F
:10427000022000022000022000022000023FFFFE78
:10428000000000000000000000000000000000002E
:1042900000000000000800001000003000002000B6
:1042A00000300000100000080000000000000000C6
:1042B00000000100000100000100000100000100F9
:1042C00000010000010000010000010000010000E9
:1042D00001000001000000000000000000200000BC
:1042E000200000100000100000000000000000008E
:1042F00000000000000000000000000000F00019B5
:10430000F8001B18002208002608002408002410CA
:10431000003FF8001FF8000008000018000000042B
:10432000000007FFF80FFFF0001818001008002029
:1043300008002008003018001FF0000FC000000027
:104340000000000007C0001FF00018300020080027
:104350002008002008003C08001C1000006000003D
:10436000000000000000000007C0001FF000381827
:1043700000200800200800200804101007FFF80F94
:10438000FFF0000010000000000000000000000727
:10439000C0001FF00012300022180022080022087E
:1043A000003208001E10000E200000000000000077
:1043B000200000200800200801FFF803FFF8062075
:1043C0000804200804200807200003000000000063
:1043D00000000000000E000E6E001FF30031B1005F
:1043E00020B10020B1003191001F13002E1E0020CB
:1043F0000E00300000000004000807FFF80FFFF86F
:10440000001008002000002000002008003FF800F5
:104410001FF800000800000000000000000000205D
:1044200008002008002008063FF8063FF8000008B2
:10443000000008000008000000000000000000006C
:104440000000000003000003002001002001002004
:1044500003063FFE063FFC000000000000000000D5
:1044600000000004000807FFF80FFFF800018800B3
:104470000300002FC00038F800203800200800009A
:10448000080000000000000000000400080400080C
:1044900004000807FFF80FFFF800000800000800FC
:1044A0000008000000000000002008003FF8003F66
:1044B000F8001008002000003FF8003FF800100846
:1044C000002000003FF8003FF80000080000000056
:1044D0002008003FF8003FF80010080010000020FE
:1044E00000002008003FF8001FF80000080000004E
:1044F0000000000007C0000FF00018300030080076
:104500002008002008003008001830000FF00007D5
:10451000C0000000000000002001003FFF003FFF3E
:104520000010110020090020080020080030380089
:104530001FF0000FC00000000000000007C0001FB7
:10454000F000381800200800200800200900101191
:10455000001FFF003FFF00000100000000200800D6
:104560002008002008003FF8003FF800080800106D
:10457000080020080020000030000030000000008B
:10458000000000000000000C78001E180033080036
:1045900023080021080021880021980030F000380D
:1045A000600000000000000020000020000020004B
:1045B00000FFF003FFF8002008002008002008009A
:1045C0000030000000000000000000002000003F5C
:1045D000F0007FF80000180000080000080020101C
:1045E000003FF8007FF00000100000000000000015
:1045F0002000003000003C00003F800023F000005D
:1046000078000070002380003C0000300000200093
:10461000002000003C00003FE00023F80000E00024
:104620002700003E00003FE00021F80001E0003ECE
:10463000000020000000000020080020080038389A
:10464000003E680027800003C8002CF800383800BE
:1046500020180020080000000000000020000030AA
:1046600003003C01003F830023EC00007000238026
:10467000003C0000200000200000000000000000BE
:1046800000000038080020380020F80023E8002F40
:1046900088003E0800380800201800007000000064
:1046A000000000000000000000000000000000000A
:1046B00008000014001FF7FC300006200002000074
:1046C00000000000000000000000000000000000EA
:1046D000000000000000FFFFFF00000000000000DD
:1046E00000000000000000000000000000002000AA
:1046F000023000061FF7FC00140000080000000054
:104700000000000000000000000000000000001891
:104710000000600000400000400000200000100089
:10472000000800000400000400000C00001000005D
:1047300060E001200305350002081E08503C0F050B
:104740000000FF67500000181A1E1489280A302E36
:10475000BB0A03000002331D00000000000000320D
:1047600000002A1C5A94C50207000000B51F0090E3
:104770002800773200623F005250005200000000D3
:104780000000000000000000000000000000000029
:104790000000000F0F03061042F80F140000000085
:1047A0001A18161412100E0C0A080000000000005F
:1047B00000000000000000000000000000002928A8
:1047C0002422201F1E1D0E0C0A080605040200FFED
:1047D0000000000000000000000000FFFFFFFFFFDE
:1047E000FFFFFFFFFFFFFFFF50815881608168815D
:1047F000708100010005001000140018030009007A
:104800000F0015001B000000309901080F00000088
:104810000F000000FF0000000F0000000F0000006C
:104820000F00000000000000800C00000078000075
:104830008007000020000000200000002000000091
:104840000090010000000F0000F0000001030507C8
:10485000090E10121416181C1E000004000200019C
:10486000800040002000100008000400020000004A
:1048700000800040002000100008004000200010D0
:10488000000800040002610062006300640065002B
:1048900066006700680069006A006B006C006D00CC
:1048A0006E006F007000710072007300740075007C
:1048B00076007700780079007A00A100A200A300BA
:1048C000A500AC00AF00E000E100E200E300E4007E
:1048D000E500E600E700E800E900EA00EB00EC0094
:1048E000ED00EE00EF00F000F100F200F300F40044
:1048F000F500F600F800F900FA00FB00FC00FD00EE
:10490000FE00FF00010103010501070109010B0180
:104910000D010F01110113011501170119011B01EF
:104920001D011F01210123012501270129012B015F
:104930002D012F0131013301350137013A013C01CD
:104940003E01400142014401460148014B014D0135
:104950004F01510153015501570159015B015D019F
:104960005F01610163016501670169016B016D010F
:104970006F0171017301750177017A017C017E017C
:104980009201B103B203B303B403B503B603B70393
:10499000B803B903BA03BB03BC03BD03BE03BF0323
:1049A000C003C103C303C403C503C603C703C803CD
:1049B000C903CA0330043104320433043404350417
:1049C00036043704380439043A043B043C043D04FB
:1049D0003E043F04400441044204430444044504AB
:1049E00046044704480449044A044B044C044D045B
:1049F0004E044F0451045204530454045504560405
:104A00005704580459045A045B045C045E045F04B0
:104A100070217121722173217421752176217721F2
:104A2000782179217A217B217C217D217E217F21A2
:104A300041FF42FF43FF44FF45FF46FF47FF48FF5A
:104A400049FF4AFF4BFF4CFF4DFF4EFF4FFF50FF0A
:104A500051FF52FF53FF54FF55FF56FF57FF58FFBA
:104A600059FF5AFF00004100420043004400450046
:104A700046004700480049004A004B004C004D00EA
:104A80004E004F005000510052005300540055009A
:104A900056005700580059005A002100E0FFE1FF7E
:104AA000E5FFE2FFE3FFC000C100C200C300C40095
:104AB000C500C600C700C800C900CA00CB00CC00B2
:104AC000CD00CE00CF00D000D100D200D300D40062
:104AD000D500D600D800D900DA00DB00DC00DD000C
:104AE000DE007801000102010401060108010A014B
:104AF0000C010E01100112011401160118011A0116
:104B00001C011E01200122012401260128012A0185
:104B10002C012E01300132013401360139013B01F3
:104B20003D013F0141014301450147014A014C015B
:104B30004E01500152015401560158015A015C01C5
:104B40005E01600162016401660168016A016C0135
:104B50006E01700172017401760179017B017D01A2
:104B60009101910392039303940395039603970392
:104B7000980399039A039B039C039D039E039F0341
:104B8000A003A103A303A403A503A603A703A803EB
:104B9000A903AA0310041104120413041404150435
:104BA00016041704180419041A041B041C041D0419
:104BB0001E041F04200421042204230424042504C9
:104BC00026042704280429042A042B042C042D0479
:104BD0002E042F0401040204030404040504060443
:104BE0000704080409040A040B040C040E040F044F
:104BF0006021612162216321642165216621672191
:104C0000682169216A216B216C216D216E216F2140
:104C100021FF22FF23FF24FF25FF26FF27FF28FF78
:104C200029FF2AFF2BFF2CFF2DFF2EFF2FFF30FF28
:104C300031FF32FF33FF34FF35FF36FF37FF38FFD8
:104C400039FF3AFF000000008C9A0108A49A01087D
:104C5000749A01085C9A010800B0A1B0A2EBE7DFEA
:104C6000B9EFB98581E0C4E548BAC7EBE700B0AE5B
:104C7000B0A3B0A4B0A5B0A6B0A7B0A8B0A9B0AA80
:104C8000B0ABB0ACB0ADB0AFDEDFE0C8E0C9E6C8F5
:104C9000E8A8EAD3EDC1EFCDF6B000B0B2B0B3B042
:104CA000B4B0B5B0B6B0B8B0B0B0B1DACFB0B7DB71
:104CB000FBDEEEE1EDE2D6E8F1EFA7F0C6F7F60095
:104CC000B0BAB0BBB0B9F36100B0BCB0BDB0BEB05B
:104CD000BFB0C0B0C1B0C2B0C3B0C4DBEADED6E082
:104CE000BBF2FCF6CBF7A1F7E9E1AEE2DAE5DBE6F1
:104CF000C1E6F1E9E1F1FA00B0CBB0CDB0D6B0CE6B
:104D0000B0C5B0C6B0C7B0C8B0C9B0CAB0CCB0CFDB
:104D1000B0D0B0D1B0D2B0D3B0D4B0D5DCD8DDC330
:104D2000E1B1E5B1EED9F4CEF6D1F7C900B0D7B014
:104D3000D8B0D9B0DAB0DBB0DCB0DDB0DEB2AEDE18
:104D4000E3EAFE00B0EBB0ECB0DFB0E0B0E1B0E21F
:104D5000B0E3B0E4B0E5B0E6B0E7B0E8B0E9B0EA9F
:104D6000B0EDDAE6DBE0EADAEED3F1A3F1ADF4B2CE
:104D700000B0EEB0EFB0F0B0F1B0F2B0F3B0F4B01C
:104D8000F5B0F6B0F7B0F8B0F9DDF2E4BA00B0FC77
:104D9000B1A6B1A3B1A7B1A8B1A9B0FAB0FBB0FD5B
:104DA000B0FEB1A1B1A2B1A4B1A5B1AAB1ABB1ACF1
:104DB000C5D9C5DAD9E8DDE1E6DFECD2F0B1F1D949
:104DC000F5C0F6B500B1B3B1B4B1B1B1B6B1ADB1E2
:104DD000AEB1AFB1B0B1B2B1B5B1B7B1B8B1B9B1AF
:104DE000BAB1BBB1DBD8C3DAE9DAFDDBFDDDC9DD81
:104DF000EDDFC2E3A3EDD5F0C7F1D8F6CDF7B900EA
:104E0000B1BEB1BFB1BCB1BDDBCEDBD0EADAEFBC25
:104E100000B0F6B1C0B1C1B1C2B1C3B1C4B1C5DC5B
:104E2000A1E0D4EAB400B1C6B1C7B1C8B1C9B1CA32
:104E3000B1CBB1CCB1CDB1CEB1CFB1D0B1D1B1D276
:104E4000B1D3B1D4B1D5D8B0B1D6B1D7B1D8B1D929
:104E5000B1DAB1DBB1DCB1DDC3D8C3DAD9C2DBFD75
:104E6000DCC5DCEADDA9DDC9DEB5DFC1DFD9E1F9EA
:104E7000E2D8E3B9E4E4E5A8E5F6E5FEE6BEE6D46B
:104E8000E8B5EADAEEAFEEE9EFF5F1D4F3D9F3EBFA
:104E9000F3F7F4B0F4C5F5CFF7C200B1DFB1E0B17C
:104EA000E1B1E3B1E4B1E5B1DEB1E2B1E6B1E7B160
:104EB000E8B1E9D8D2DBCDDCD0E2EDE3EAE7C2EC41
:104EC000D4EDBEEDDCF1B9F1DBF2F9F3D6F6FD007D
:104ED000B1EDB1EAB1EBB1ECE6BBE6F4E8BCECA9AC
:104EE000ECADECAEEFDAEFF0F1A6F1D1F7A7F7D425
:104EF00000B1F0B1EEB1EFB1F1F5BF00B1F2B1F335
:104F0000B1F4B1F5B1F6B1F7D9CFE1D9E7CDE7E327
:104F1000E9C4E9EBEBF7EFD9F7C6F7DE00B1F8B17A
:104F2000F9B1FAB1FBB1FCB1FDB1FEB2A1B2A2C6BA
:104F3000C1D9F7D9FBDAFBDEF0E9C400B0D8B0D9AB
:104F4000B0FEB1A1B2A9B2A3B2A4B2B7B2A5B2A643
:104F5000B2A7B2A8B2AAB2ABB2ACB2ADB2AEB2AF67
:104F6000B2B0B2B1B2B2B2B3B2B4B2B5D8C3D9F181
:104F7000DEACE0A3E2C4E9DEEBA2EDE7EEE0F0BEDA
:104F8000F4A4F5C0F5CBF5DB00B2BBB2BCB2BDB149
:104F9000A4B2B6B2B7B2B8B2B9B2BAB2BEB2BFB2C8
:104FA000C0C6D2DFB2E5CDEAB3EACEEED0EEDFF591
:104FB000B300B2C1E0EAEDE500B2C5B2C6B2C7B215
:104FC000C2B2C3B2C4B2C8B2C9B2CAB2CBB2CC00C8
:104FD000B2CDB2CEB2CFB2D0B2D1B2D2B2D3E5EE70
:104FE000E6EEE8B2F4D3F7F500B2D4B2D5B2D6B259
:104FF000D7B2D8D8F700B2DDB2D9B2DAB2DBB2DCC0
:10500000DCB3E0D0E4EEF3A9F4BD00B2E0B2E1B26B
:10501000E2B2DEB2DFE2FC00B2CEE1AFE4B900B250
:10502000E3B2E4D4F8E0E100B2E5B2E6B2E7B2E818
:10503000B2E9B2EAB2EBB2ECB2EDB2EEB2EFC9B2A3
:10504000D4FBF1C3E0EAE2AAE2C7E3E2E6B1E8BEDC
:10505000E9ABE9B6E9DFEFCAEFEF00B2EEB2F0B2CA
:10506000F1B2F2D9ADEECEF0FBF2B2F6B700B2FA81
:10507000B2FBB2FCB2F3B2F4B2F5B2F6B2F7B2F8E8
:10508000B2F9E5EEB5A5D9E6DAC6DDDBE2DCE2E3AE
:10509000E4FDE5A4E5F1E6BFEAE8ECF8EFE2F3B8F9
:1050A000F5F000B3A4B3A7B2FDB2FEB3A1B3A2B3AF
:1050B000A3B3A5B3A6B3A8B3A9B3AAB3ABD8F6DB81
:1050C000CBDCC9DDC5E1E4E2EAE3AEE3D1E6BDE66F
:1050D000CFEAC6EBA9F6F000B3ACB3ADB3AEB3AF55
:1050E000B3B0B3B1B3B2B3B3B3B4B4C2BDCBE2F7F0
:1050F000EACBF1E900B3B5B3B6B3B7B3B8B3B9B35C
:10510000BADBE5E5F8EDBA00B3BBB3BCB3BDB3BEE3
:10511000B3BFB3C0B3C1B3C2B3C3B3C4B3C6DAC8B9
:10512000DADFDED3E0C1E5B7E8A1E9B4EDD7F6B345
:1051300000B3C5B3C6B3C7B3C8B3C9B3CAB3CBB35F
:10514000CCB3CDB3CEB3CFB3D0B3D1B3D2B3D3CA34
:10515000A2D8A9DBF4E0E1E1E7E8C7E8DFEBF3EE92
:10516000AAEEF1EEF5F1CEF2C9F5A800B3D4B3D5AD
:10517000B3D6B3D7B3D8B3D9B3DAB3DBB3DCB3DDCB
:10518000B3DEB3DFB3E0B3E1B3E2B3E3F3D7DFB34E
:10519000DFEAD9D1DBE6DCAFDCDDE0B4E0CDE1DC99
:1051A000E2C1E6CAEBB7EDF7F0B7F1A1F1DDF2BF6E
:1051B000F3A4F3F8F4F9F5D8F7CE00B3E4B3E5B30C
:1051C000E6B3E7B3E8D6D6D6D8DCFBE2E7E3BFEF39
:1051D000A5F4A9F4BEF6C500B3E9B3EAB3F3B3EBA3
:1051E000B3ECB3EDB3EEB3EFB3F0B3F1B3F2B3F4AA
:1051F000D9B1E0FCE3B0F1ACF6C500B3F6B3F5B35A
:10520000F7B3F8B3F9B3FAB3FBB3FCB3FDB3FEB431
:10521000A1B4A2B4A3B4A4B4A5B4A6D0F3D8A1DB1E
:10522000BBE2F0E3C0E7A9E8C6E8FAE9CBF1D2F2C5
:10523000DCF5E9F7ED00B4A7DEF5E0DCEBFAF5DF2D
:1052400000B4A8B4A9B4AAB4ABB4ACB4ADB4AEE2E3
:10525000B6E5D7E7DDEBB0EECBF4AD00B4AFB4B05C
:10526000B4B1B4B2B4B3B4B4E2EBF0DA00B4B5B4F0
:10527000B6B4B7B4B8B4B9DAEFE9A2E9B300B4BAD6
:10528000B4BBB4BCB4BDB4BEB4BFB4C0DDBBF0C825
:10529000F2ED00B4C1B4C2E0A8E5C1EAA1F5D6F6CA
:1052A000BA00B4CBB4CCB4CDB4CECBC5B2EEB4C39B
:1052B000B4C4B4C5B4C6B4C7B4C8B4C9B4CAD7C8F2
:1052C000DCEBDFDAECF4F0CBF4D2F4D900B4D3B4F5
:1052D000D4B4CFB4D0B4D1B4D2DCCAE4C8E6F5E7D4
:1052E000FDE8AEE8C800B4D5E9A8EAA3EBED00B448
:1052F000D6B4D7B4D8B4D9DDFDE1DEE2A7E9E3F551
:10530000A1F5BEF5ED00B4DAB4DBB4DCD4DCD9E051
:10531000DFA5ECE0EFE900B4DDB4DEB4DFB4E0B467
:10532000E1B4E2B4E3B4E4DDCDDFFDE3B2E8ADE93E
:10533000C1EBA5F6BF00B4E5B4E6B4E7E2E2F1E5FF
:1053400000B4E8B4E9B4EAB4EBB4ECB4EDD8C8E125
:10535000CFEBE2EFB1EFF3F0EEF0FBF5BAF5E3F5EA
:10536000F200B4F3B4EEB4EFB4F0B4F1B4F2DEC7CB
:10537000DFD5E0AAE2F2E6A7EDB3F0E3F1D7F3CE92
:10538000F7B0F7B200B4F3B4F4B4F5B4F6B4F7B4CC
:10539000F8B4F9B4FAB4FBB4FCB4FDB4FEB5A1F7AB
:1053A000ECDCA4DFB0DFBEE1B7E5CAE6E6E7AAE7DA
:1053B000E900B5A2B5A3B5A4B5A5B5A6B5A7B5A88E
:1053C000B5A9B5AAB5ABB5ACB5ADB5AEB5AFB5B0D1
:1053D000C9C4CAAFD9D9DDCCE0A2E5A3E9E9EAE6C0
:1053E000EDF1F0E3F0F7F1F5F3EC00B5B1B5B2B5DE
:1053F000B3B5B4B5B5DAD4DBCADDD0E5B4EDB8EEFB
:10540000F5F1C900B5B6B5B7B5B8B5B9B5BAB5BB5C
:10541000B5BCB5BDB5BEB5BFB5C0B5C1D8D6DFB694
:10542000E0FCE2E1EBAEECE2F4EE00B5C2B5C3B5F0
:10543000C4B5D8EFBD00B5C300B3CEB5C5B5C6B5CC
:10544000C7B5C8B5C9B5CAB5CBE0E2E1D8EAADED9C
:10545000E3EFEBF4A300B5C4B5D6B5D7B5D8B5D94D
:10546000B5DAB5DBB5DCB5DDB5CCB5CDB5CEB5CFF0
:10547000B5D0B5D1B5D2B5D3B5D4B5D5B5DECCE1BF
:10548000D8B5D9E1DAAEDAD0DBA1DBE6DDB6E0D61D
:10549000E6B7E8DCE9A6EAEBEDC6EDDAEDFBEFE115
:1054A000F4C6F7BE00E0C700B5E7B5EAB5EBB5E373
:1054B000B5E4B5E5B5ECB5EDB5EEB5DFB5E0B5E114
:1054C000B5E2B5E6B5E8B5E9DAE7DBE3E1DBE7E865
:1054D000EEE4F1B0F1B2F4A1F5DA00B5F5B5F3B54B
:1054E000F4B5F6B5F7B5EFB5F0B5F1B5F2EEF6EF08
:1054F000A2F5F5F6F400B5F8B5F9B5FAB5FBB5FCCB
:10550000B5FDB5FEDBECDCA6DEE9E0A9EBBAF0AC5C
:10551000F1F3F5DEF6F800B6A1B6A2B6A3B6A4B6CE
:10552000A5B6A6B6A7B6A8B6A9D8EAE0A4E7E0EB68
:10553000EBEDD6EEAEEEFAF0DBF1F4F4FA00B6AA3B
:10554000EEFB00B6ABB6ACB6ADB6AEB6AFB6B0B667
:10555000B1B6B2B6B3B6B4DFCBE1B4E1BCEBB1EBFC
:10556000CBEBD8EDCFF0B400B6B9B6BAB6BBB6BC8B
:10557000B6B5B6B6B6B7B6B8DDFAF1BCF2BDF3FB58
:1055800000B6C7B6C8B6C9B6BCB6BDB6BEB6BFB61D
:10559000C0B6C1B6C2B6C3B6C4B6C5B6C6B6CADC16
:1055A000B6E0BDE4C2E8FCEBB9F3BCF3C6F7C7F75D
:1055B000F200B6CBB6CCB6CDB6CEB6CFB6D0E9B249
:1055C000ECD1F3FD00B6D1B6D2B6D3B6D4EDA1ED91
:1055D000ADEDD400B6DCB6D5B6D6B6D7B6D8B6D90A
:1055E000B6DAB6DBB6DDE3E7ECC0EDBBEDE2EDEF3E
:1055F000EFE6F5BB00B6E0B6E4B6C8B6DEB6DFB699
:10560000E1B6E2B6E3B6E5B6E6B6E7B6E8B6E9CDAA
:10561000D4DFCDDFE1E3F5E7B6EEECF1D6F5E2005D
:10562000B0A2B6EAB6EBB6ECB6EDB6EEB6EFB6F0B3
:10563000B6F1B6F2B6F3B6F4B6F5B6F6C5B6D8AC72
:10564000DACCDBD1DCC3DDADDDE0DFC0E3B5E5ED19
:10565000E6B9E9EEEBF1EFB0EFC9F0CAF2A6F6F960
:1056600000DAC000B6F7DDECDEF400B6FEB6F8B640
:10567000F9B6FAB6FBB6FCB6FDB7A1E5C7E7EDEEA5
:10568000EFF0B9F6DC00B7A2B7A3B7A4B7A5B7A6E9
:10569000B7A7B7A8B7A9DBD2EDC000B7B2B7B3B709
:1056A000B4B7B5B7B6B7B7B7B8B7B9B7BAB7AAB797
:1056B000ABB7ACB7ADB7AEB7AFB7B0B7B1DEACDE76
:1056C000C0E1A6E8F3ECDCEEB2F5EC00B7BBB7BC8A
:1056D000B7BDB7BEB7BFB7C0B7C1B7C2B7C3B7C40E
:1056E000B7C5D8CEDAFAE8CAEED5F4B3F6D000B72B
:1056F000C6B7C7B7C8B7C9B7CAB7CBB7CCB7CDB7A6
:10570000CEB7CFB7D0B7D1DCC0E1F4ECB3E3ADE5B1
:10571000FAE7B3E4C7E9BCEADAEBE8ECE9EDC9EF94
:10572000D0F0F2F2E3F3F5F4E4F6ADF6EE00B7D61E
:10573000B7D2B7DCB7DDB7DEB7DFB7E0B7D3B7D4E2
:10574000B7D5B7D7B7D8B7D9B7DAB7DBD9C7E5AFC9
:10575000E7E3E8FBEADAF6F7F7F700B7E1B7E2B715
:10576000E3B7E4B7E5B7E6B7E7B7EFB7E8B7E9B748
:10577000EAB7EBB7ECB7EDB7EED9BADBBADDD7DFF6
:10578000F4E3E3EDBF00B7F000B7F1F3BE00B8B447
:10579000B7F0B8B5B8B6B8B7B8B8B7F2B7F3B7F4AA
:1057A000B7F5B8BEB7F6B7F7B7F8B7F9B7FAB7FBBA
:1057B000B7FCB7FDB7FEB8A1B8A2B8A3B8A4B8A506
:1057C000B8A6B8A7B8A8B8A9B8AAB8ABB8ACB8ADCD
:1057D000B8AEB8AFB8B0B8B1B8B2B8B3B8B9B8BA73
:1057E000B8BBB8BCB8BDB8BFB8C0D9EBD9ECDAE229
:1057F000DBAEDCBDDCC0DCDEDCF2DDB3DDCADED47A
:10580000DFBBE1A5E2F6E4E6E5F5E6DAE6E2E7A6E7
:10581000E7A8E8F5EAE7ECF0EDC9EDEAEDEBEEB765
:10582000EFFBF0A5F2B6F2DDF2F0F2F3F4EFF5C320
:10583000F5C6F6D6F6FB00B8C1B8C2BCD0BFA7D932
:10584000A4DECEE6D8E6D9EAB8EEC500B8C3B8C43F
:10585000B8C5B8C6B8C7B8C8BDE6D8A4DAEBDBF29D
:10586000EAAEEAE0EBDC00B8C9B8CAB8CBB8CCB84D
:10587000CDB8CEB8CFB8D0B8D1B8D2B8D3DBE1DC90
:10588000D5DECFDFA6E3EFE4C6E4F7E7A4E9CFEA8D
:10589000BAEDB7F0E1F4FB00B8D4B8D5B8D6B8D7B4
:1058A000B8D8B8D9B8DAB8DBB8DCBFB8EDB0EEB864
:1058B000F3E000B8E6B8DEB8DFB8E0B8DDB8E1B8CC
:1058C000E2B8E3B8E4B8E5D8BADABEDBACDEBBE7F1
:1058D000C9E9C0E9C2EABDEFAF00B8F6B8F7B8C78A
:1058E000B8E7F7C0EBF5B8E8B8E9B8EAB8EBB8EC58
:1058F000B8EDB8EEB8EFB8F0B8F1B8F2B8F3B8F464
:10590000B8F5BACFBFA9D8AAD8EEDBC1DBD9DCAADB
:10591000E0C3E6FCEBA1EEFEEFD3F1CBF2B4F4B4BE
:1059200000B8F800B8F9B8FAD8A8DDA2DFE7F4DECD
:1059300000B8FBB8FCB8FDB8FEB9A1B9A2B9A3BEC6
:10594000B1DFECE2D9E7AEF6E100B9A4B9B2B9A58E
:10595000B9A6B9A7B9ABB9ACB9ADB9A8B9A9B9AA33
:10596000B9AEB9AFB9B0B9B1F2BCDEC3E7EEEBC5C1
:10597000F6A100B9B3B9B4B9B5B9B6B9BBB9B8B93C
:10598000B9B9BAD8FEDAB8B9B7F3F4E1B8E5DCE6EC
:10599000C5E7C3E8DBEAEDECB0F3D1F7B800B9C373
:1059A000B9C0B9C1B9C2B9BDB9BEB9BCB9BFB9C432
:1059B000B9C5B9C6B9C7B9C8B9C9B9CAB9CBB9CCDB
:1059C000B9CDBCD6D8C5DAACDDD4E1C4E3E9E8F49E
:1059D000E9EFEAF4EAF6EBFBECB1EEADEEB9EEDCA2
:1059E000EFC0F0B3F0C0F0F3F2C1F4FEF5FDF6F154
:1059F000F7BD00B9CEB9CFB9D0B9D1B9D2B9D3D8E2
:105A0000D4DAB4DFC9E8E9EBD2F0BB00B9D4B9D538
:105A1000B9D6DEE200B9D8B9D9B9DAB9DBB9DCB99F
:105A2000DDB9DEB9DFB9E0B9E1C2DAD9C4DDB8B9B0
:105A3000D7DEE8E4CAEEC2F0D9F7A400B9E2B9E3D0
:105A4000B9E4DFDBE1EEE8E6EBD700B9E5B9E6B9AA
:105A5000E7B9E8B9E9B9EAB9EBB9ECB9EDB9EEB92A
:105A6000F0B9F1B9F2B9F3B9F4B9EFC8B2D8D0D8F6
:105A7000DBE2D1E5B3E6A3E8EDEAC1EAD0F0A7F3B3
:105A8000FEF6D9F7AC00B9F5B9F6B9F7D9F2E7B532
:105A9000EDDEF6E700B9F8B9F9B9FAB9FBB9FCB926
:105AA000FDCED0D9E5DBF6DEE2DFC3E0FEE1C6E203
:105AB000A3E9A4EBBDEFBEF1F8F2E4F2E500B9FE14
:105AC000B8F2EEFE00BBB9BFC8BAA2BAA3BAA6BA72
:105AD000A4BAA5BAA7BAA1E0CBEBDCF5B000BAB97D
:105AE000BABABAB0BAAEBAACBAADBAAFBAB1BAA86D
:105AF000BAB5BAB6BAB7BAB8BAA9BAAABAABBAB24C
:105B0000BAB3F7FDBAB4DAF5DDD5DEFEE5ABEACF20
:105B1000ECCAF1FCF2A5F2C000D0D0BABBBABCBA54
:105B2000BDBFD4CFEFE3ECE7ACF1FE00BAC2BAC31D
:105B3000BAC4BAC5EABBF0A9BAC1BAC6E5B0B8E4FE
:105B4000BABEBABFBAC0BAD1DDEFDEB6E0C6E0E396
:105B5000E5A9F2ABF2BA00BAC7BAC8BAC9BACABAAA
:105B6000CBBACCBACDBACEBACFBAD3BAD0BAD1BAF0
:105B7000D2BAD4BAD5BAD8BAD6BAD7CFC5DAADDB8D
:105B8000C0DBD6E0C0E3D8E6FCEAC2EEC1F2A2F286
:105B9000C2F4E700BADABAD900BADBBADCBADDBAC5
:105BA000DE00BADFBAE0BAE1BAE2BAE3DEBFE7F19B
:105BB000E8EC00BAECBAE4BAE5BAE6BAE7BAE8BA91
:105BC000E9BAEABAEBD9E4D9EADAA7DDA6DEAEDEB5
:105BD000B0E3C8E3FC00BAF3BAEDBAEEBAEFBAF03C
:105BE000BAF1BAF2DCA9E1E1E5CBF0FAF3F3F4D7CC
:105BF000F6D7F7BF00BBA4BBA5BBA6BBA7BACBBA61
:105C0000F4BAF5BAF6BAF7BAF8BAF9BAFABAFBBB07
:105C1000A2BAFCBAFDBAFEBBA1BBA3D9FCDFFCE073
:105C2000F1E1B2E2A9E2EFE3B1E4B0E4EFE7FAE9CF
:105C3000CEE9F5ECB2ECC3ECCEECE6ECE8ECEFF040
:105C4000ADF0C0F0C9F0D7F2AEF3CBF5ADF5FAF791
:105C5000BD00BBA8BBAABBABBBACBBA9BBADBBAEBD
:105C6000BBAFBBB0E6E8E8EBEDB9EEFC00BBB5BB03
:105C7000B1BBB2BBB3BBB4F5D700BBB6BBB7BBB807
:105C8000BBB9BBBABBBBBBBCBBBDBBBEBBC0BBC156
:105C9000BBC2BBC3F7DFE4BDBBBFDBA8DBBCDBF92A
:105CA000DDC8DFA7E0F7E2B5E4A1E4F1E5BEE5D5A4
:105CB000E7D9EFCCF6E900BBCEBBC4BBC5BBC6BBC6
:105CC000C7BBC8BBC9BBCABBCBBBCCBBCDBBCFBBA7
:105CD000D0BBD1DAF2E1E5E4D2E4EAE5D8E8ABEB17
:105CE000C1F1A5F3A8F3F2F6FC00BBE1BBD8BBD928
:105CF000BBDABBD2BBD3BBD4BBD5BBD6BBD7BBDB1C
:105D0000BBDCBBDDBBDEBBDFBBE0BBE2BBE3BBE4BC
:105D1000BBE5BBE6E5E7C0A3DAB6DCEEDCF6DEA564
:105D2000DFD4DFDCE0B9E3C4E4A7E4ABE7C0E8ED2F
:105D3000EACDEDA3F2B3F3B3F7E200BBE7BBE8BBF8
:105D4000E9BBEABBEBBBECDABBE2C6E3D4E4E3E7D6
:105D5000F500BACDBBEDBBEEBBEFBBF0BBF1BBF2C8
:105D6000BBF3BBF4BBF5BBF6D8E5DEBDDFABE0EBC8
:105D7000E2B7EED8EFC1EFECF1EBF3B600BCC6BC76
:105D8000C7B8F8BCBCBBF7BBF9BCB8BCB9BCBABBA4
:105D9000F8BCAEBCAFBCB0BCB1BCB2BCB3BCB4BC54
:105DA000B5BCB6BCB7BCBBBCC8BCC9BCCABCBDBC1E
:105DB000BEBCBFBCC0BCC1BBFABBFBBBFCBBFDBC1B
:105DC000A1BCA2BCA3BCA4BCA5BCA6BCA7BCA8BCCF
:105DD000A9BCAABCABBCACBBFEBCADBCC2BCC3BC0A
:105DE000C4BCC5BCCBBCCCBCCDBDE5C6E6CFB5D82C
:105DF000A2D8BDD8C0D8DED9A5D9CADBD4DCB8DCDE
:105E0000C1DCF9DDBDDDF0DEAADEE1DFB4DFD2DF2B
:105E1000E2DFF3E1A7E1D5E4A9E5E6E5ECE6F7E7A3
:105E2000DCE7E1E9AEE9EAEAAAEAABEAE5EAE9EAAF
:105E3000F7ECB4EDB6EEBFEFFAF0A2F1A4F2B1F3D5
:105E4000C5F3C7F4DFF5D2F5D5F6ABF6DDF6EAF724
:105E5000D9F7E400BCD2BCD3BCCEBCD0BCD1BCD43E
:105E6000BCD5BCD6BCD7BCD8BCD9BCDABCDBBCDC8E
:105E7000BCDDBCDEBCCFC7D1D8C5D9A4DBA3DDE770
:105E8000E1B5E4A4E5C8E7ECEAA9EBCEEDA2EEF2B9
:105E9000EEFEEFD8F0E8F0FDF1CAF2CCF3D5F4C293
:105EA000F5CA00BDA8BCFBBCFEBCF2BDA1BCF5BCE4
:105EB000DFBCF6BCE0BCF1BCF3BCF4BCE1BCE2BCB2
:105EC000E4BCE5BCE6BCE7BCE8BCE9BCEABCEBBCB6
:105ED000ECBCEDBCEEBCEFBCF0BCE3BCF7BCF8BC6A
:105EE000F9BCFABCFCBCFDBDA2BDA3BDA4BDA5BD53
:105EF000A6BDA7D9D4DAC9DAD9DADADDD1DDF3DE85
:105F0000F6E0EEE4D5E5BFE5C0E7CCE8C5E9A5EAF3
:105F1000A7EAAFEAF0EAF9EBA6EBECEDFAEFB5F0A1
:105F2000CFF1D0F3C8F4E5F5C2F5DDF6E4F7B5003E
:105F3000BDB2BAE7BDA9BDAABDABBDACBDADBDAEDE
:105F4000BDAFBDB0BDB1BDB3BDB4BDB5C7BFDCFC59
:105F5000E4AEE7ADE7D6EAF1EDE4F1F0F4DDF4F814
:105F600000BDD0BDCFBEF5BDC7D0A3BDB6BDB7BDCA
:105F7000B8BDB9BDBABDBBBDBCBDBDBDBEBDBFBD5D
:105F8000C0BDC1BDC2BDC3BDC4BDC5BDC6BDC8BD0C
:105F9000C9BDCABDCBBDCCBDCDBDCEBDD1D9AED99D
:105FA000D5DCB4DCFADED8E0DDE1BDE1E8E6AFEB5C
:105FB000B8F0A8F0D4F2D4F5B4F5D3F6DE00BDE025
:105FC000BDE1BDE2BDE3BDE4BDD2BDDCBDD3BDD40A
:105FD000BDE7BDE8BDE9BDDDBDDEBDD5BDD6BDD7E4
:105FE000BDD8BDD9BDDABDDBBDDFBDE5BDE6BDEACF
:105FF000BDEBBDECD9CADAA6DAB5DAE0DED7E0AEA1
:10600000E0B5E6BCE6DDE8EEEDD9EFC7F0DCF2A1E5
:10601000F2BBF4C9F6DAF7BA00BDEDBEA1BDEEBD24
:10602000EFBDF0BDF1BDF2BDF4BDF5BDF6BDF7BDF0
:10603000F8BDF9BDFABDFBBDFCBDFDBDFEBEA2BDF8
:10604000F3DAE1DDA3DDC0E0E4E2CBE2DBE6A1E7E9
:10605000C6E8AAE9C8EAE1EAEEEEC4F1C6F1E60054
:10606000BEA9BEAABEABBEADBEAEBEA6BEA7BEB0EA
:10607000BEBBBEB1BEB2BEB3BEB4BEAFBEB5BEB691
:10608000BEB9BEBABEA2BEA3BEA4BEA5BEA8BEACCB
:10609000BEB7BEB8D8D9D9D3DAE5DAEADDBCE2B00A
:1060A000E3BDE3FEE5C9E5F2E6BAEBC2EBD6EBE60B
:1060B000ECBAF6A600BEBCBEBDD8E7E5C4ECE7006E
:1060C000BEC5BECDBEC8BEBEBEBFBEC0BEC1BEC2C6
:1060D000BEC3BEC4BEC6BEC9BECABECBBECCBECE8B
:1060E000BEC7D9D6E0B1E3CEE8D1E8EAF0AFF0D54B
:1060F000F4F1F7DD00BEDEBEDFBEE0BEE3BEE4BE0F
:10610000E5B3B5B9F1BEE7BED3BED4BED5BED6BEEB
:10611000D7BED8BED9BEDABEDBBEDCBEDDBEE1BEB8
:10612000E2BEE6BECFBED0BED1BED2D9C6DAAADCB0
:10613000C4DCDADCECDEE4E5E1E5F0E8A2E8DBE98A
:10614000A7E9B0E9B7E9D9EAF8ECABEED2EFB8F1DC
:10615000C0F1D5F4F2F5B6F5E1F6B4F6C2F6C4F73F
:10616000B600BEECBEEDBEE8BEE9BEEABEEBBEEEDA
:10617000C8A6DBB2E1FAE4B8E8F0EEC3EFC3EFD4AF
:10618000F6C100BEF6BEF7BEF8BEF5BDC7BEF2BE94
:10619000F3BDC0BDC5BEEFBEF0BEF1BEF4D8CAD8D7
:1061A000E3DADCDBC7DCA5DEA7E0D9E1C8E2B1E6D3
:1061B000DEE7E5E8F6E9D3ECDFEFE3F5EAF5FB002F
:1061C000BEFCBEFDBEF9BEFABEFBBEFEBFA1BFA2B5
:1061D000BFA3BFA4BFA5B9EADEDCF1E4F3DEF7E5B7
:1061E00000BFA8BFA6BFA7BFA9D8FBDFC7EBCC00E5
:1061F000BFAABFABBFACBFADBFAED8DCDBEEDDDC52
:10620000E2E9E2FDEEF8EFB4EFC700BFB4BFAFBF05
:10621000B0BFB1BFB2BFB3D9A9EDE8EEABDBC9DD0A
:10622000A8E3DBBCF7EAAC00BFB5BFB6BFB7BFB8E9
:10623000BFB9BFBABFBBD8F8E3CAEED600BFBCBF78
:10624000BFBFBDBFBEE8E0EAFBEEEDE5EA00BFC9B7
:10625000BFCABFCBBFC6BFCCBFCDBFCEE0BEBFC0E5
:10626000BFC1BFC2BFC3BFC4BFC5BFC7BFC8E3A113
:10627000F2F2E1B3E4DBEFFDE6ECE7BCE7E6E9F0E0
:10628000EBB4EEA7EEDDEEFEBAC7EFBEF0E2F1BD75
:10629000F2A4F2C2F7C100BFCFBFD0BFD1BFD2F1CD
:1062A000CC00BFD3BFD4EFACEBD6EEEF00BFD5BF71
:1062B000D6BFD7BFD8D9C5E1C7F3ED00BFD9BFDA84
:1062C000BFDBBFDCDCD2DEA2DFB5EDEEF3D800BF72
:1062D000DDBFDEBFDFBFE0BFE1BFE2BFE3E7ABF79B
:1062E000BCD8DADCA5E0B700BFE4BFE5BFE6BFE796
:1062F000BFE8D9A8EFBE00BBE1BFE9BFEABFEBBF73
:10630000ECD8E1DBA6DFE0E1F6EBDA00BFEDBFEEB3
:10631000F7C500BFF6BFEFBFF0BFF1BFF2BFF3BFDD
:10632000F4BFF5DAB2DABFDAF7DBDBDEC5DFD1E6E0
:10633000FEEADC00BFF7BFF8BFF9BFFABFFBBFFC46
:10634000BFFDBFFEC0A1C0A2C0A3D8B8D8D1E5D3BD
:10635000EEA5F5CDD9E7DAF3DDDEDEF1E0ADE0B0B4
:10636000E3A6E3B4EAD2F1F9F2F1F3F100C0A4C07C
:10637000A5C0A6C0A7E3A7E7FBEFBFF5ABF6EFE329
:10638000CDF7D500C0A8C0A9C0AAC0ABF2D200C04A
:10639000ACC0ADC0AEC0AFC0B0C0B1C0B2C2E4D836
:1063A000DDE5E5EAB9EDC7F0F800C0B3C0B4C0B5AB
:1063B000E1C1E1E2E4B5E4FEEAE3EDF9F1AEF4A512
:1063C000EFAA00C0B6C0B7C0B8C0B9C0BAC0BBC0A1
:1063D000BCC0BDC0BEC0BFC0C0C0C1C0C2C0C3C0C1
:1063E000C4E1B0E4EDE9ADECB5EFE7F1DCEEBD0002
:1063F000C0C9C0CAC0CBC0C5C0C6C0C7C0C8E0A560
:10640000E3CFF2EBEFB6DDF5EFFCDDB900C0CCC0B9
:10641000CDC0CEC0CFC0D0C0D1C0D2C0D3C0D4C2F6
:10642000E4C2E7DFEBE1C0F5B2E8E1EEEEEFA9F0A0
:10643000ECF1EC00C0D5C0D6C1CBD8ECDFB7E3EEB1
:10644000F7A600C0DBC0D5C0D7C0D8C0D9C0DAC05D
:10645000DCC0DDC0DEC0DFC0E0C0E1D9FADAB3E005
:10646000CFE6D0E7D0E9DBF1E7F5AA00C0E2C0E370
:10647000C0E4DCA8E3B600C0FBC1A6C0FAC0F7C107
:10648000A2C1A3C0F1C1A4C0F4C0EDC0EEC0EFC072
:10649000E5C0F8C0F6C0E6C0E7C1A5C0E8C0E9C0E5
:1064A000EBC0ECC0F0C0F5C0F9C0F2C0F3C0EAC068
:1064B000FCC0FDC0FEC1A1C1A7C1A8D8AAD9B3D94B
:1064C000B5DBAADBDEDCC2DDB0DDF1DEBCDFBFE0C8
:1064D000A6E0ACE1FBE4E0E5A2E5CEE6B2E6CBE681
:1064E000EAE7CAE8C0E8DDE9F6ECE5EDC2EDC7EEA3
:1064F000BAEEBEEFAEF0BFF0DDF0DFF2C3F2DBF3D9
:10650000BBF3D2F3F6F4CFF5B7F5C8F6A8F6E2F789
:10651000AFF7F300C1A900C1AAC1ABC1ACC1AEC104
:10652000AFC1B0C1B1C1B2C1B3C1B4C1B5C1B6C1CF
:10653000B7E4F2C1ADE5A5E7F6E9ACDEC6E9E7DD13
:10654000FCECA1F1CDF1CFF3B9F6E300C1BDC1C1BF
:10655000C1A9C1B8C1B9C1BAC1BBC1BCC1BEC1BF6B
:10656000C1C0C1C2DCAEDDB9E9A3F5D4F7CB00C12F
:10657000CBC1C3C1CFC1C4C1C5C1C6C1C7C1C8C1D8
:10658000C9C1CAC1CCC1CDC1CEDEA4DECDE0DAE244
:10659000B2E5BCE7D4EEC9F0D300C1D0C1D1C1D2BD
:1065A000C1D3E4A3C1D4D9FDDBF8DEE6DFD6F4F332
:1065B000F5F1F7E000C1D9C1DAC1DEC1E0C1D5C152
:1065C000D6C1D7C1D8C1DBC1DCC1DDC1DFDDFEDF93
:1065D000F8E1D7E2DEE3C1E5E0E9DDEAA5ECA2EE11
:1065E000ACF4D4F5EFF7EB00C1EEC1E9C1EDC0E2C8
:1065F000C1E1C1E2C1E3C1E4C1E5C1E6C1E7C1E86F
:10660000C1EAC1EBF1F6C1ECDBB9DCDFDFCAE0F2D5
:10661000E3F6E7B1E8DAE8F9EAB2F2C8F4E1F6EC59
:1066200000C1F5C1F9C1EFC1F0C1F1C1F2C1F3C1BF
:10663000F4C1F6C1F7C1F8C2B5C2BDE4AFE5DEE60C
:10664000F2E7B8ECBCECD6EFB3EFD6F0D2F6CC0064
:10665000BFA900C1FAC5AAC1FBC1FCC1FDC1FEC2F0
:10666000A1C2A2C2A3C2A4DBE2DCD7E3F1E7E7E860
:10667000D0EBCAEDC3F1AA00C2A5C2A6C2A7C2A8A8
:10668000C2A9C2AAC2B6D9CDDDE4E0B6E1D0EFCE50
:10669000F0FCF1EFF2F7F7C300C1F9C2ABC2ACC234
:1066A000ADC2AEC2AFC2B0C2B1C2B2C2B3C2B4C256
:1066B000B5C2B6C2B7C2B8C2B9C2BAC2BBC2BCC206
:1066C000BDC2BEC2CCDBE4DFA3E0E0E3F2E4CBE496
:1066D000F5E5D6E8B4E8D3E9D6E9F1E9FBEAA4EABE
:1066E000DAEBAAEBCDEFE5F0B5F0D8F3FCF4B5F6B4
:1066F000D400C2CBC2CAC2CCC2C0C2C1C2C2C2C311
:10670000C2C4C2C5C2C6C2C7C2C8C2C9C2BFF1DA0A
:10671000D9CDDEDBE3CCE9B5EBF6EFF900C2D2C2AE
:10672000CFC2CDC2CEC2D0C2D100C2D3C2D4EFB28A
:1067300000C2D8C2D5C2D6C2D7C2D9C2DAC2DBE043
:10674000F000C2E4C2DEB8F5BFA9C0D3C2DCC2DD2E
:10675000C2DFC2E0C2E1C2E2C2E3C2E5C2E6C2E712
:10676000D9C0D9F9DCFDDEDBDEFBE2A4E3F8E4F01E
:10677000E7F3E9A1EBE1EDD1EFDDF1A7F6C300DF2F
:10678000BC00C2E8C2E9C2EAC2EBC2ECC2EDC2EE92
:10679000C2EFC2F0C4A6C4A8DFE9E1EFE6D6E8BFC5
:1067A000F3A100C2F1C2F7C2F8C2F9C2FAC2FBC239
:1067B000FCC2FDC2FEC3A1DCACE1A3E7CFECD7EF86
:1067C000DCF2A9F2FDF7A9F7B400C2F9C2F8C2F7EA
:1067D000C2FAC2FCC3A1C2FDC2FEC2FB00C3A2C377
:1067E000A3C3A4C3A5C3A6C3A7DAF8E4DDEDCBF227
:1067F000FE00C3A8C3A9C3AAC3ABC3ACF7D6C3AE3C
:10680000C3AFC3B0C3B1C3B2C3B3D9F3C3ADDCE24A
:10681000E1B9E3F7E8A3EAC4EAF3EBA3ECB8EDAE21
:10682000EEA6F2FAF3B100C3B400C3BFC3C3C3C042
:10683000C3B5C3B6C3C1C3C2F1C7F7C8C3B7C3B8F2
:10684000C3B9C3BAC3BBC3BCC3BDC3BEC3C4DDAE3F
:10685000E1D2E2ADE4BCE4D8E9B9EFD1F0CC00C3B9
:10686000C5C3C6C3C7DED1ECCBEDAFEECD00C3C808
:10687000C3CEC3C9C3CAC3CBC3CCC3CDC3CFDBC292
:10688000DDF9DEABE3C2EBFCEDE6F2B5F2ECF3B71B
:10689000F4BBF4BF00C3D0C3D1C3D2C3D3C3D4C3EA
:1068A000D5C3D6C3D7C3D8C3D9C3DAC3DBC3DCF7D8
:1068B000E7DAD7C3DDD8C2DAA2DEC2DFE4E0D7E28E
:1068C000A8E3E8E5B5E5F4E6F9EBDFECF2F4CDF4A6
:1068D000E9F7E300C3E6C3DEC3DFC3E0C3E1C3E21D
:1068E000C3E3C3E4C3E5E3E6E4C5E4CFE5B2EBEF1D
:1068F000EDED00C3E7C3E8C3E9C3EAC3EBC3ECC3F0
:10690000EDC3EEDFF7E5E3E7BFE7D1E8C2EDB5EDB4
:10691000F0F0C500C3EFC3F0D8BFDFE3F3FAF3BA7A
:1069200000C3F1C3F2C3F3C3F4C3F5C3F6DCE5E17E
:10693000BAE3C9E3FDE7C5E7E4E7EBEDAAF6BCF788
:10694000AA00C3F7C3F8C3F9C3FAC3FBC3FCDAA4B4
:10695000DCF8E4E9EAD4EEA8F5A400C3FDE7D10031
:10696000C2F6C3BBC3FEC4A1C4A2C4A3C4A4C4A52D
:10697000C4A6C4A7C4A8C4A9C4AAC4ABC4ACC4ADAB
:10698000C4AEC4AFC4B0F7E1CDF2DAD3DCD4DDEBF2
:10699000E2C9E6C6E9E2EFD2EFF7F1A2F1F2F5F6CD
:1069A000F5F800C4B1C4B2C4B3D9B0DFE8E7D1EDA3
:1069B000F8F2D6F6CA00C4BEC4BFC4C0C4A3C4B2F1
:1069C000C4B4C4B5C4B6C4B7C4B8C4B9C4BAC4BBEB
:1069D000C4BCC4BDC4C1C4C2DCD9E3E5D8EFDBE9A3
:1069E000EBA4EEE200C4C3C4C4C4C5C4C6C4C7C4D7
:1069F000C8C4C9DEE0EBC7EFD5F1C400C4CAC4CB3C
:106A0000C4CCC4CDC4CED8BED9A6DCB5DDC1E8CDDA
:106A100000C4CFC4D0C4D1E0ABE0EFE9AAEBEEF202
:106A2000EFF4F600C4D2E0ECE2CEDFADEAD900C468
:106A3000D3C4D4C4D5C4D6C4D7D8ABDBF1DFCEE23F
:106A4000AEE8A7EDD0EEF3F2CD00C4C4C4D8DAAB03
:106A500000C4DAC4D900C4DBEDA500C4DC00E0C585
:106A600000C4E3C4D8C4E2C4E1C4DDC4DEC4DFC4EE
:106A7000E0C4E4C4E5C4E6C4E7D9A3DBE8E2A5E2E8
:106A8000F5EAC7ECBBECF2EDABEDFEEEEAF6F20098
:106A9000C4E8C4E9C4EAC4EBC4ECC4EDC4EED8A5B0
:106AA000DBFEE9FDF0A4F6D3F6F300C4EFC4F0007A
:106AB000C4F1C4F2EBE5F4C1DCE0E6D500C4F3C4F4
:106AC000F4C4F5C4F6C4F7C4F8C4F9F5E6DEC1E0D1
:106AD000BFD8BFDAEDF2A8F4AB00C4FA00C4FBC41F
:106AE000FCC4FDC4FEC5A1C5A2D8FADFCCE5B8F14F
:106AF000F700C5A3C5A4C5A5C5A6DED6E6A4E1F0EA
:106B0000E2EE00C5A7C5A8C5A9C5AAD9AFDFE600B2
:106B1000F1F100C5ABC5ACC5ADE5F3E6C0E6DBE61B
:106B2000E500C5AF00C5B1C5B000C4C8C5B2C5B3A6
:106B3000C5B4C5B5D9D0DEF9DFF6EFBB00C5AEED03
:106B4000A4EECFF4AC00C5B6E0B8E0DE00C5B7C532
:106B5000B8C5B9C5BAC5BBC5BCC5BDC7F8DAA9E2D9
:106B6000E6EAB1F1EE00B0C7B0D2C5BEC5BFC5C040
:106B7000C5C1C5C2C5C3DDE2E8CBF3E100C5C4C5EC
:106B8000C5C5C6C5C7C5C8C5C9C6C8D9BDDDE5DF49
:106B9000DF00B7ACC5CAC5CBC5CCC5CDC5CEC5CF4A
:106BA000C5D0C5D1F3B4F5E7C5D6DED5E3DCE3DD6A
:106BB000E3FAEADAF1C8F1E100B0F2B0F5B0F7C5F6
:106BC000D2C5D3C5D4C5D5C5D6E1DDE4E8F3A6E585
:106BD000CC00C5D7C5D8C5D9C5DAC5DBC5DCC5DD90
:106BE000E1F3E2D2F0E5EBE3DECB00C5DEC5DFC5C5
:106BF000E0C5E1C5E2C5E3C5E4C5E5C5E6E0CEF61E
:106C0000ACE0FAECB7EFC2F5AC00C5E7C5E8E4D4F8
:106C100000C5F5C5F6C5E9C5EAC5EBC5ECC5EDC5CA
:106C2000EEC5EFC5F0C5F1C5F2C5F3C5F4E2F1DC80
:106C3000A1E0D8F3B200B1D9B7F1C5F7C5F8C5F9ED
:106C4000C5FAC5FBC5FCC5FDC5FEC6A1C6A2C6A347
:106C5000C6A4C6A5C6A6C6A7D8A7C6A8C6A9F1B188
:106C6000F5F9D8F2DAE9DAF0DAFCDBAFDBDCDBFDF0
:106C7000DCB1DCC5DFA8E0E8E2CFE4C4E6C7E7A208
:106C8000E8C1EAB6EEA2EEBCEEEBF1D4F1E2F2B767
:106C9000F2E700B1E2B1E3C6AAC6ABC6ACC6ADDA54
:106CA000D2E6E9E7C2EAFAEBDDF4E6F5E400C6AEC7
:106CB000C6AFC6B0C6B1C6D3D8E2E6CEE7CEEEA91F
:106CC000E0D1E6F4E9E8F3AA00C6B2C6B3D8AFDC77
:106CD000D6EBAD00C6B4C6B5C6B6C6B7C6B8E6B044
:106CE000E6C9E9AFEAF2F2AD00B7EBC6B9C6BAC67B
:106CF000BBC6BCC6BDC6BEC6BFC6C0C6C1D9B7E648
:106D0000B3E8D2F6D200B2B4B7B1C6C2C6C3C6C4E5
:106D1000C6C5C6C6C6C7C6C8C6C9C6D3D8CFDAE9AF
:106D2000DBB6E7EAEAB7EBB6EEC7EEDEF0ABF3CDE3
:106D300000C6CAD9F6DEE500C6D5B1A4B1A9B8AC83
:106D4000C6CBC6CCC6CDC6CEC6CFC6D0C6D1C6D29F
:106D5000C6D3C6D4C6D6C6D7C6D8C6D9D9E9E0DB0D
:106D6000E4DFF5EBE5A7E8B1EBABEFE4EFE800C655
:106D7000DFC6F0C6DEC6F2C6F3C6F4BBFCBCA9C6CD
:106D8000DAC6DBC6DCC6DDC6E0C6E1C6E2C6E3C6DF
:106D9000E4C6E5C6E6C6E7C6E8C6E9C6EAC6EBC687
:106DA000ECC6EDE1AAC6EEC6EFC6F1E7F7E7F9E8F3
:106DB000BDC6F5C6F6C6F7C6F8C6F9C6FAC6FBC61E
:106DC000FCC6FDD8BDECF7EDACF5E8F7A2F7E8D8C6
:106DD000C1D9B9DBDFDCBBDCCEDCF9DDC2DDDDE453
:106DE000BFE6EBE7B2EAC8DEADE8E7E9CAECA5E04A
:106DF000D2E1A8E3E0EDD3F1FDF2D3F2E0F4EBF45D
:106E0000EC00BFA8C6FEC7A1C7A2DDD6F1CAF7C471
:106E100000C7A3C7A4C7A5C7A6C7A7C7A8C7A9C7B0
:106E2000AAC7ABC7ACC7ADC7AEC7AFC7B0C7B1C7BE
:106E3000B2C7B3C7B4C7B5C7B6C7B7C7B8CFCBD942
:106E4000BBD9DDDAE4DCB7DCCDDCE7DDA1DEE7E1F0
:106E5000A9E3A5E3BBE5B9E5BAE5BDE7D7E8FDEAF7
:106E6000F9EBC9EDA9EED4F2AFF3E9F4C700C7B965
:106E7000C7BAC7BBC7BCC7BDC7BEC7BFC7C0F5C4BD
:106E8000E3DEEAA8ECC1EFCFEFEAE3DCF1DFE6CD29
:106E9000E9C9F2DEF4C700BFC7C7C1C7C2C7C3C7CD
:106EA000C4C7C5C7C6C7C7C7C8C7C9C7CAC7CBC76E
:106EB000CCC7CDC7CEC7CFC8B8DABDDADBDCF1E1CD
:106EC000BDE3BEE9D4F5CEF7B3E7D8D8E4E3B8ED37
:106ED000CDEFA200C7D0C7D1C7D2C7D3C7D4D9A4DA
:106EE000E3ABE3BBE6AAF4F2DBA7EAFCEFC6F3E60A
:106EF00000C7D5C7D6C7D7C7D8C7D9C7DAC7DBC772
:106F0000DCC7DDC7DEC7DFDCCBDEECF4C0DFC4E00E
:106F1000BAE0DFE2DBE9D5EFB7F1E6F1FBF2FB0027
:106F2000C7D7C7E0C7E1C7E2C7E3C7E4C7E5C7E61D
:106F3000C7E7C7E8C7E9C7EAC7EBC7ECEDE0DCDCA9
:106F4000E0F5E9D1EFBAF2DFF3C0F3E4F4ECF6A533
:106F5000F6EBF7F400C7EDC7EEF1B7F2CBDAF6DCEB
:106F6000E4F3CCF5BCF6C600B3F0B9EAC7EFC7F05E
:106F7000C7F1C7F2C7F3C7F4C7F5C7F6D9B4E5CF71
:106F8000F4C3F4DCE5D9DBCFE1ECE4D0E9B1EAE429
:106F9000F2B0F2C7F2F8F6FA00C7F7C7F8C7F9C7B8
:106FA000FAC7FBC7FCC7FDC7FEC8A1C8A2C8A3C8D3
:106FB000A4C8A5F2D0F7F1D0E7DAB0DBBEDBC9DCBC
:106FC000C4DEA1DEBEE1ABE1E9E3D6E8B3EAEFEB74
:106FD000ACEBD4ECEEEDE1F0B6F1B3F3BDF4F0F6CA
:106FE000C400C8A6C8A7C8A8C8A9C8AAC8ABC8ACC6
:106FF000C8ADC8AEC8AFC8B0DAB9DCF5F2E9F7DCA5
:10700000E1EBE3AAE7B9E9FAEEB0EEFDF3DC00C884
:10701000B1C8B2C8B3C8B4C8B5C8B6C8B7C8B8E371
:10702000D7E3DAEDA800F7FC00C8B9C8BAE5D2F793
:10703000E500C8BBC8BCC8BDC8BEDCDBF2C5F7D71D
:1070400000C8BFC8C0C8C1C8C2C8C3ECFCF0A60015
:10705000C8C4C8C5C8C6DCE9E6ACE8E300C8C7C810
:10706000C8DFF600C8C9C8CAC8CBC8CCC8CDC8CE0E
:10707000C8CFC8D0C8D1C8D2EFFED8E9D8F0DCF369
:10708000DDD8E2BFE9EDF1C500C8D3C8D400C8D54A
:1070900000C8D6C8D7C8D8C8D9C8DAC8DBC8DCC8C1
:1070A000DDC8DEC8DFE1C9E1F5E9C5EBC0F2EE00FD
:1070B000C8E0C8E1C8E2F4DBF5E5F7B700C8E3C80B
:1070C000E4C8E5C8E6C8E7C8E8C8E9C8EAC8EBE527
:1070D000A6C8ECE4E1DDEAE0E9DEB8E4B2E7C8EF37
:1070E000A8F1E0F2AC00C8EDC8EEEBC300C8EFC8F1
:1070F000F0C8F1DCC7EEA3E8C4DEA8F2B800C8F21D
:10710000C8F300C8F4C8F5D9BCF3E800C8F6C8F75E
:10711000C8F8D8A6D8EDECAAEBDB00C8F9C8FAC8C5
:10712000FBC8FCE0E700C8FDC8FEC9A1C9A2E2CCCB
:10713000EBA7F4D600C9A3C9A4C9A5DEFAEDDFF216
:10714000AA00C9A6C9A7C9A8C9A9EBFDF0FEDCA37E
:10715000E7D2F6FE00C8FBC9AAC9ABC9ACD8C4EFD8
:10716000A4F0A300C9AD00C9AE00C9AFC9B0C9B190
:10717000C9B2C9B3C9B4C9B5C9B6C9B7C9BCCFC307
:10718000F0F0F4C4F6AEF6E8DFFEECA6EFA100C91D
:10719000ABC9B8C9B900B2F4B5A5C9BAC9BBC9BCB5
:1071A000C9BDC9BEC9BFC9C0C9C1C9C2C9C3C9C493
:1071B000C9C5C9C6C9C7C9C8C9C9D5A4DAA8F0DE36
:1071C000F4AEF3B5F5C7F7ADD8DFDBB7DBEFDCCF57
:1071D000E1EAE4FAE6A9E6D3E6F3EBFEECF8EECC5E
:1071E000F7D400C9CAC9CBC9CCC9CDC9CEC9CFC98A
:1071F000D0C9D1E7B4E9E4F5FCDBF0ECD800C7CAAC
:10720000C9D2C9D3C9D4C9D5C9D6C9D7C9D8C9D98A
:10721000C9DAC9DBC9DCDBBFDCE6F4B9E4FBE8BCF6
:10722000F2D9F3E200C9DDC9DEC9DFC9E0C9E1C9AD
:10723000E2C9E3C9E4C9E5C9E6C9E7C9E8F7EAD59F
:10724000DBD8C7D9DCDEE9E2A6E4DCECA8EEB4EEDC
:10725000E800CBAD00CAB2B2CEC9E9C9EAC9EBC9F0
:10726000ECC9EDC9EEC9EFC9F0C9F1C9F2C9F3C95A
:10727000F4C9F5C9F6C9F7C9F8DAB7DAC5DDB7DD7B
:10728000D8DFD3E4C9E9A9EBCFEFF2F2D700B3CB53
:10729000C9F9C9FAC9FBC9FCC9FDC9FECAA1CAA27C
:1072A000CAA3CAA4CAA5F3CFE1D3E4C5EAC9EDF2E3
:1072B00000CAC7CAC2B3D7CAA6CAAECAAFCAA7CA8B
:1072C000A8CAA9CAAACAABCAACCAADCAB0CAB1CA0E
:1072D000B2CAB3CAB4CAB5CAB6CAB7CAB8CAB9CAB2
:1072E000BACABBCABCCABDCABECABFCAC0CAC1CA62
:1072F000C3CAC4CAC5CAC6CAC8CAC9CACACACBCA06
:10730000CCCACDCACECACFCAD0CAD1CAD2CAD3CAB1
:10731000D4CBC6DFB1F3C2D6B3D6C5DAD6DBF5DD42
:10732000AADDE9E2BBE9F8EADBECC2ECEAEEE6EE64
:10733000E8F3A7F3DFF5A7F5B9F6E5F6F500CAD54A
:10734000CAD6CAD7CAD8CAD9CADACADBCADCCADD21
:10735000CADEDED0E1F7E7B7F4BC00CADFCAE0CA94
:10736000E1CAE2CAE3CAE4CAE5CAE6CAE7CAE8CAA9
:10737000E9CAEACAEBCAECCAEDCAEECAEFCAF0CA59
:10738000F1CAF2CAF3CAF4CAF5CAF6CAF7CAF8CA09
:10739000F9CAFACAFBCAFCCAFDCAFECBA1D9BFDB37
:1073A000D3E3F0E4F8E6ADD8ADDDC4DEF3E7A3EB5C
:1073B000A8EBF2ECAFEFEDEFF8F1E200CBA2CBA33C
:1073C000E0A700C2CACBA4CBA5CBA6CBA7F3B00045
:1073D000CBA8CBA9E3C5E4CC00CBAACBABCBACE329
:1073E000F1E6D700CBAECBAFCBB0CBB5E3DF00CB74
:1073F000B1CBB2CBB3CBB400CAFDCBB5CBB6CBB718
:10740000CBB8DDF4DEF7E5F9E9C3EEE500CBB9CBA7
:10741000BACBBBCBBCCBBDCBBECBBFCBC0CBC1CB28
:10742000C2CBC3CBC4CBC5CBC6CBC7CBC8D8CBDFB5
:10743000D0D9B9D9EEDBCCE2BBE3E1E3F4E4F9E681
:10744000A6E6E1E7C1ECEBEFC8F0B8F1EAF2CFF362
:10745000D300CBC9CBCACBCBCBCCCBCDCBCECBCF38
:10746000CBD0E1D4E2ECE3A4E4C1F1B5E1C2DDBFED
:10747000DAA100CBD1CBD2CBD3CBD4DBC5E0B2E207
:10748000C8E4D1ECACEEA4EFCBF2F4E0D5DEB4006E
:10749000CBD5CBD6CBD7CBD8CBD9CBDACBDBCBDCD0
:1074A000CBDDCBDECBDFCBE0CBF5D9EDE3BAE4B37C
:1074B000F3F9F6D5DAD5DDF8E0BCF6A200CBE1CBE6
:1074C000E2CBE3E2A100CBE4CBEACBE7CBE5CBE632
:1074D000CBE8CBEECBECCBE9CBEDCBEB00CBEFCBE2
:1074E000F0CBF100CBF2CBF3CBF4CBF5CBF6CBF773
:1074F000CBF8CBF9DFEFE0C2E0CAE6B6C9AFE8F8F7
:10750000EAFDEDFCF4C800CBFACBFBCBFCCBFDCB0A
:10751000FECCA1CCA2EDB3CCA3CCA4CDD8E3CBE5DB
:10752000DDE9BDEEE8F5C1E4E2F7A3E4F000CCA5A7
:10753000CCA6CCA7CCA8CCA9CCAACCABCCACCCAD9F
:10754000F5CCDBA2DEB7E6E6EBC4ECC6EED1F6D8AE
:1075500000B5AFCCAECCAFCCB0CCB1CCB2CCB3CC10
:10756000B4CCB5CCB6CCB7CCB8CCB9CCBACCBBCCFF
:10757000BCCCBDCCBECCBFF1FBDBB0E5A3EABCEA22
:10758000E6ECFEEEE3EFC4EFE200CCC0CCC1CCC22F
:10759000CCC3CCC4CCC5CCC6CCC7CCC8CCC9CCCA57
:1075A000CCCBCCCCD9CEE2BCE4E7E8A9E9CCEEF573
:1075B000F3ABEFA6EFDBF1EDF3A5F4CAF5B1E0FB19
:1075C00000CCCDCCCECCCFCCD0CCD1CCD2CCD3CCAB
:1075D000D4CCD5CCD6CCD7DFB6DFFBF7D2E4ACE841
:1075E000BAECE2D8BB00CCD8DFAFECFDEFAB00CCFF
:1075F000D9CCDACCDBEBF8CCDC00CCDDCCDECCDFDC
:10760000CCE0CCE1CCE2CCE3CCE4CCE5CCE6CCE7FE
:10761000CCE8CCE9CCEACCEBD9C3E3A9E7BEDCE803
:10762000E5D1E7B0F0C3F1D3F5AE00CCECCCEDCCB6
:10763000EECCEFCCF0CCF1CCF2CCF3E9E5DEDDE33F
:10764000C3E3D9EEB1EEE4EFBB00B5F7CCF4CCF573
:10765000CCF6CCF7CCF8D9ACF7D8DCE6ECF6EFA258
:10766000F1BBF2E8F3D4F4D0F6B6F6E600CCF9CCF0
:10767000FACCFBF7D1EFB0DDC600CCFCCCFDCCFEE4
:10768000CDA1CDA2CDA3CDA4CDA5CDA6CDA7DCF017
:10769000DDE3E6C3EEFAF2D1F6AAE8E800CDA9CD23
:1076A000ABCDACCDADCDAECDAFCDB0CDB1CDB2CDFE
:1076B000B3CDB4D9A1D9D7DCEDE2FAE4FCCDAAD997
:1076C000DADBEDE0CCE1BCEDC500CDB5CDB6CDB794
:1076D000CDB8F7BBEED7D9EF00CDB9CDBACDBBCD84
:1076E000BCCDBDCDBECDBFCDC0CDC1CDC2CDC3DC27
:1076F000A2DDB1DDCBEECAF5A900CDC4CDC5DED289
:10770000E5E8EEB600CDC6CDC7CDC8CDC9CDCACD52
:10771000CBECD500B6DACDCACDCCCDCDCDCEE2BD49
:10772000EBE0D9DBEAD500CBB5CDCFCDD8CDD0CDF0
:10773000D1CDD2CDD3CDD4CDD5CDD6CDD7CDD9F514
:10774000C9D8B1D9A2DBE7E3FBE8D8E8DEE9D2ED9E
:10775000C8EEE8F6BEF3EAF5A2E2D500CDDACDDB5D
:10776000CDDCCDDDCDDECDDFCDE0D8F4E6B4EBF081
:1077700000CDE1CDE2E1CB00C2FBCDE3CDE4CDE530
:10778000CDE6CDE7CDE8CDE9CDEACDEBCDECCDED45
:10779000CDEECDEFCDF0CDF1CDF2CDF3D8E0DCB92B
:1077A000DDB8DDD2E6FDF2EAE7BAE7FEEBE4EEB5DE
:1077B000F7B400CDF4CDF5CDF6CDF7CDF8CDF9CDBC
:1077C000FACDFBCDFCCDFDD8E8E3AFF7CDDECCE9BB
:1077D000FE00CEAACEBBCEBDCDFECEA1CEA2CEA304
:1077E000CEA4CEACCEA5CEA6CEA7CEA8CEA9CEABEB
:1077F000CEADCEAECEAFCEB0CEB1CEB2CEB3CEB495
:10780000CEB5CEB6CEB7CEB8CEB9CEBACEBCCEBE41
:10781000CEBFCEC0D9CBDAC3DAF3DBD7DDDADEB147
:10782000E0F8E1A1E1CBE1CDE2ACE5D4E6B8F0F4DB
:10783000ECBFE7E2E3C7E2ABDAF1E3EDE4A2E4B6E2
:10784000E8B8EAA6ECD0F4BAF6DBE0ED00CECACE9A
:10785000C4CEC5CEC6CEC1CEC2CEC3CEC7CEC8CE94
:10786000C9D8D8F6A9E7E4E3D3E3EBE8B700CECB79
:10787000CECCCECDDDEEDEB300CED2CED5E0B8CECE
:10788000CFCED0CED1CED3CED4CED6CECED9C1DDF2
:10789000ABE1A2F6BBE4D7EBBFEDD200CEE5CEEF75
:1078A000CEF0CEF1CEE7CEE8CEE9CEE4CEEAB6F128
:1078B000CEF2CEF3D8A3CED7CEEDCED8CED9CEDA77
:1078C000CEDBCEDCCEDDCEDECEDFCEE0CEE1CEE254
:1078D000CEE3CEE6CEEBCEECCEEED8F5DAF9F0C4C0
:1078E000DBD8DCCCDFEDE2D0E2E4E2E8F0CDF0ED95
:1078F000F2DAE4B4E5BBE5C3E5FCE6C4E6F0DAE3BE
:10790000E8BBEAF5ECB6ECC9F6C8F7F900CFA3CFAF
:10791000B0CFA6CFB7CFB8CEF4CEF5CEF6CEF7CE59
:10792000F8CEF9CEFACEFBCEFCCEFDCEFECFA1F541
:10793000E8CFA2CFA4CFA5CFA7CFA8CFAACFABCF58
:10794000ACCFAECFAFCFB1CFB2CFB4CFB5CFB6F40F
:10795000CBF0AAE5EFE6D2E7F4E9D8DEC9DCE7CF61
:10796000ADCFA9CFB3D8CED9D2D9E2DAF4DBADDD31
:10797000BEDDDFDDFBDFF1E1E3E2BEE3D2E4BBE449
:10798000C0EAD8EAEAECA4ECA8ECE4ECF9ECFBF1F0
:10799000B6F1D3F2E1F3A3F3ACF4AAF4B8F4D1F462
:1079A000E2F5B5F7FB00CFB9CFBACFBBCFBCCFBDA7
:1079B000CFBECFBFCFC0CFC1CFC2CFC3CFC4CFC543
:1079C000DFC8E1F2E5DAE8A6E8D4EDCCF3C1F7EFE1
:1079D00000CFD6CFC8CFC9CFD3CFD4CFD5CFD7CF75
:1079E000D8CFCDCFB3CFB4CFC6CFC7CFCACFCBCFF1
:1079F000CCCFCECFCFCFD0CFD1CFD2CFD9CFDACF80
:107A0000DBCFDCCFDDCFDECFDFD9FEDCC8DDB2DE01
:107A1000BAE1ADE1FDE5DFE6B5EBAFECDEECECF0B5
:107A2000C2F0E7F0EFF2B9F3DAF4CCF5A3F5D0F554
:107A3000D1F6B100CFF1CFF2CFF3BDB5CFE0CFE1BA
:107A4000CFE2CFE3CFE4CFE6CFE7CFE8CFE9CFEA8D
:107A5000CFEBCFECCFEDCFEECFEFCFF0CFE5F7CF41
:107A6000DCBCDDD9E2C3E2D4E6F8E7BDF3ADF6DF76
:107A700000D0A1CFFBD0A4CFF4CFF5CFF6CFF7CF76
:107A8000F8CFF9CFFACFFCCFFDCFFED0A2D0A3D054
:107A9000A5D0A6D0A7DFD8E4ECE5D0F3E3F3EFE67A
:107AA000E7E7AFE8C9E8D5F2D9F7CC00D0A9D0AA6A
:107AB000D0ABD0ACD0ADD0AED0AFD0B0D0B1D0B2D2
:107AC000D0B3D0B4D0B5D0B6D0B7D0B8D0B9D0BA82
:107AD000D0BBD0BCD1AABDE2D0A8D2B6D9C9D9F406
:107AE000DBC4DBC6DEAFDFA2E2B3E2DDE4CDE5ACB2
:107AF000E5E2E7A5E7D3E9BFE9C7F2A1F5F3F6D9D7
:107B0000F7BA00D0BDD0BED0BFD0C0D0C1D0C2D097
:107B1000C3D0C4D0C5D0C6DCB0DDB7ECA7F6CEEA82
:107B2000BFD8B6E2E0EFE200D0D2CAA1D0C7D0C839
:107B3000D0C9D0CAD0CBD0CCD0CDD0CED0CFD0D061
:107B4000D0D1D0D3D0D4D0D5E2BCDAEADCF4DCFE9C
:107B5000DFA9E3ACEDCA00D0D6D0D7D0D8D0D9D0E9
:107B6000DAD0DBD0DCDCBA00B3F4CBDED0DDD0DEA3
:107B7000D0DFD0E0D0E1D0E2D0E3D0E4D0E5DFDD6B
:107B8000E4E5F5F7E2CAE1B6E2D3F0BCF7DB00D0FA
:107B9000F8D0F7D0E6D0E7D0E8D0E9D0EAD0EBD003
:107BA000ECD0EDD0EED0EFD0F0D0F1D0F2D0F3D0D9
:107BB000F4D0F5D0F6DABCECE3DBC3DBD7DEA3E42C
:107BC000AAE4B0E4D3E7EFE8F2D3F5F1E3EDECF4A7
:107BD000DAF5AF00D0FED1A1D0F9D0FAD0FBE4D6CF
:107BE000D0FCD0FDEAD1D1A4ECC5D1A3D1A2D9D883
:107BF000DACEDDE6E3F9E4F6E8AFE9B8ECD3DEEFA0
:107C0000EDDBEEE7EFE0C8AF00CFF7D1A5D1A6D10D
:107C1000A7D1A8D1A9D1AAF7A8DACAE0E5EDB4F5B1
:107C2000BD00D1B0D1AED1B8D1B6D1AFD1B5D1AB05
:107C3000D1ACD1ADD1B1D1B2D1B3D1B4D1B7DBA830
:107C4000DBF7DCF7DEB9E1BEE1DFF5B8F6E0BFA3B4
:107C5000DDA1DEA6E2B4D9E3E2FEE4ADE4B1EAD60A
:107C6000F1BF00D1C0D1BFD1C7D1C6D1B9D1C5D123
:107C7000BAD1BBD1BCD1BDD1BED1C2D1C3D1C4D187
:107C8000C8D4FED8F3D1C1DBEBDEEBE1ACE5C2E654
:107C9000ABE7F0E8E2EBB2EDBCEDFDF0E9F1E200BC
:107CA000D1D4D1DDD1E9D1E1D1CFD1D8D1D7D1E073
:107CB000D1CAD1CBD1D9D1DAD1DBD1CCD1CDD1CEB2
:107CC000D1D0D1D2D1D3D1D5D1D6D1DCD1DED1DF73
:107CD000D1E2D1E3D1E4D1C9D1E5D1E6D1E7D1E810
:107CE000D1D1E3C6E5FBE6CCEBD9EBE7ECCDE2FB8B
:107CF000D9B2D9C8C7A6D2F3D8C9D8CDD8DFD9F060
:107D0000DAA5DADDDAE7DBB1DBB3DCBEDDCEE1C379
:107D1000F7CAE3D5E4CEE4D9E7FCE9DCEACCEEBB74
:107D2000F3DBF5A6F7D0F7FAF7FC00D1EBD1F6D1EB
:107D3000F2D1F3D1F4D1F8D1F9D1EED1EFEDA6D152
:107D4000EAD1ECD1EDD1F0D1F5D1F1D1F7D1FAE111
:107D5000E0E2F3E3F3ECBEECC8F2D5F7B100D2AA4F
:107D6000D1FBD2A7D2A9D1FCD1FDD2A1D2A2EBC81E
:107D7000F1BAD2A3D2A4D2A5D2A6D2A8D2ABD4BFF4
:107D8000D8B2D8B3E7DBDFBAD1FEC4F6C5B1BDC403
:107D9000E1C5E1CAE1E6E7F2E8C3E9F7EAD7EFA215
:107DA000F0CEF4EDF7A500D2B2D2B3D2B5D2B6D2AE
:107DB000B9D2BAD2ACD2ADD2AED2AFD2B0D2B1D2A9
:107DC000B4D2B7D2B8D0B0D1CADACBD6D1D8CCDA07
:107DD000FEDEDEE7F0EACAECC7EEF400D2BBD2D298
:107DE000D2D1D2D4D2E4D2E5D2E9D2EAD2EBD2ECEB
:107DF000D2E6D2BCD2BDD2BED2BFD2C0D2C1D2C2D4
:107E0000D2C3D2C4D2C5D2C6D2C7D2C8D2C9D2CAAE
:107E1000D2CBD2CCD2CDD2CED2CFD2D0D2D3D2D559
:107E2000D2D6D2D7D2D8D2D9D2DAD2DBD2DCD2DDF6
:107E3000D2DED2DFD2E0D2E1D2E2D2E3D2E7D2E8A0
:107E4000D2EDD2EEB0ACCEB2D2EFD8D7D8E6D8FDD4
:107E5000D9ABDAB1DAE2DBDDDBFCDCB2DCD3DCE8C7
:107E6000DEB2DEC4DEC8DEDADFAEDFBDDFD7DFDEE6
:107E7000E0E6E1BBE1DAE2A2E2C2E2F8E2F9E3A87D
:107E8000E4F4E5C6E6E4E7CBE9ECE9F3EADDECA5EA
:107E9000ECBDECDAEDF4EEC6EEE8EFD7EFEEF0EA8B
:107EA000F0F9F1AFF1B4F1C2F2E6F4AFF4E0F4E8C6
:107EB000F4FDF7F000D2FCD2FDD3A1D2F0D2F1D282
:107EC000F2D2F3D2F4D2F5D2F6D2F7D2F8D2F9D276
:107ED000FAD2FBD2FEF6B8D8B7F2BEDBB4DBC8DB11
:107EE000F3DCA7DCE1DFC5E0B3E1FEE2B9E4A6E440
:107EF000CEEBB3EEF7F1ABF1BFF6AF00D3B3D3B037
:107F0000D3A2D3A8D3A9D3AAD3ABD3A3D3A4D3A5A5
:107F1000D3A6D3A7D3ACD3ADD3AED3AFD3B1D3B263
:107F2000D9F8DDBADDD3F0D0E4EBE5ADE4DEE7F877
:107F3000DBABDCE3DCFEDDF6DEFCE0D3E2DFE8AC6D
:107F4000E9BAEBF4F1A8F2A3F3BF00D3B4D3FDE098
:107F5000A100D3C3D3B5D3B6D3C2D3BFD3B7D3B89D
:107F6000D3B9D3BAD3BBD3BCD3BDD3BED3C0D3C193
:107F7000D9B8DBD5DCADE0AFE3BCE7DFEFDEF0AED8
:107F8000F7ABF7D300D3C8D3D0D3D6D3D5D3D7D379
:107F9000D1D3D2D3D3D3C4D3C5D3C6D3C7D3C9D3F4
:107FA000CAD3CBD3CCD3CDD3CED3CFD3D4DFCFF0A2
:107FB000E0F6CFF7EEF7F8F2C4D8FCD8D5D9A7DDB4
:107FC000ACDDAFDDB5DECCE0F3E5B6E8D6E9E0EB5D
:107FD000BBEEF0F2CAF2F6F2F8F4ED00D3E0D3EB28
:107FE000D3DAD3E8D3EED3F1D3EAD3FDD3FED4A1D1
:107FF000D3E3D3D8D3D9D3DBD3DDD3DED3DFD3E1FF
:10800000D3E2D3E4D3E5D3E6D3E7D3E9D3ECD3ED9E
:10801000D3EFD3F0D3F2D3F3D3F4D3F5D3F6D3F72E
:10802000D3F8D3F9D3FAD3DCD3FBD3FCD4A2D4A3B3
:10803000D4A4D4A5D4A6F3C4D8B9DAC4ECB6DACDA6
:10804000CEB5CEBED8AED8F1D9B6DDC7DDD2DDF71C
:10805000DEEDE0F4E0F6E1CEE1FCE2C0E2C5E2D71D
:10806000E3D0E5F7E5FDE6A5E6FAE8A4EAC5EAEC23
:10807000EBE9ECA3ECCFECD9ECDBEDB1EDB2EEDA51
:10808000F0C1F0D6F0F5F0F6F1BEF1C1F2E2F2F592
:10809000F4A7F4A8F6A7F6B900D4ADD4AAD4B0D406
:1080A000B1D4B2D4B4D4B5D4B6D4B8D4B9D4BAD483
:1080B000A7D4A8D4A9D4ABD4ACD4AED4AFD4B3D4C1
:1080C000B7E6C2DCABDCBEDEF2E0F7E3E4E8A5E94C
:1080D000DAEBBCEDF3F0B0F3A2F3EEF6BD00D4C2E0
:1080E000D4C3D4C4C0D6CBB5D4BBD4BCD4BDD4BE09
:1080F000D4BFD4C0D4C1D9DFDFDCE5AEE8DDE9D040
:10810000EBBEEEE100D4C6D4B1D4CAD4CBD4CED425
:10811000C5D4C8D4C9D4CCD4CDECD9D4CFD4D0EB29
:10812000B5E9E6DCBFD4C7DBA9E1F1E3A2E3B3E73D
:10813000A1E8B9EAC0F3DE00D4D1D4D2D4D3D4FAC2
:10814000D5A6DFC6DED900D4D9D4DAD4D4D4D5D4D8
:10815000D6D4D7D4D8E1CCE7DE00D4DBD4DCD4DD70
:10816000D4DEEAC3F4A2DED9E8B6F4D8F4F5F6C951
:1081700000B2D8D4DFD4E0D4E1E6E0EAB000D4E63F
:10818000D4E2D4E7D4ECD4EDD4EED4E3D4E4D4E810
:10819000D4EAD4EBD4EFD4E5D4E9DFF000D4F0D4C2
:1081A000F1D4F2D4F3D5A6D8C6D8D3DFF5E0FDE5F7
:1081B000C5EABEF3D0F3E5F4B700D4F400D4F5DAA1
:1081C000DA00D4F6D4F7D4F8D4F9E7D5EAB5EEC09E
:1081D000EFAD00D4FAD5A2B2E9D4FBD4FCD4FDD4DF
:1081E000FED5A1D5A3D5A4D5A5D5A6D5A7D5A8D567
:1081F000A9DFB8DFE5D7F5DEEAF2C6DFEEE0A9E9F0
:10820000ABEDC4F0E4F6B4F7FE00D5ACD5ADD5AE19
:10821000B5D4D4F1D5AAD5ABD5AFEDCEF1A900D563
:10822000BCD5BDD5BED5B9D5B4D5C0D5B0D5B1D5E1
:10823000B2D5B3D5B5D5B6D5B7D5B8D5BAB2FCD5C4
:10824000BBD5BFDADEDEF8E6F6ECB900D5C5D5C998
:10825000D5CCD5CDD5C8D5C1D5C2D5C3D5C4D5C645
:10826000D5C7D5CAD5CBB3A4D5CED5CFE1A4E1D659
:10827000E2AFF3AFD8EBDBB5E6D1E8B000D5D2D5AD
:10828000D9D7A6D7C5D5D7B3AFD5D0D5D1DAAFD545
:10829000D3D5D4D5D5D5D6D5D8EEC8F3C9DFFAE82D
:1082A000FE00D5DAD5DBD5DCD5DDD5DED5DFD5E0F2
:1082B000D5E1D5E2D5E3D7C5DAD8DFA1E8CFE9FC2F
:1082C000EDDDF0D1F1DEF2D8F4F700D5E6D5EAD550
:1082D000EBD5F0D5F1D5EFD5F3D5F2D5ECD5EDD57D
:1082E000E4D5EED5E5D5E7F3F0D5E9D6A1DBDAD5CF
:1082F000E8DDE8E4A5E4DAE7C7E8E5E9A9E9BBE9F0
:10830000F4EAE2EBD3EBDEECF5EEB3F0A1F0B20071
:10831000D5FDD6A4D5F4D5F5D5F6D5F7D5F8D5F94C
:10832000D5FAD5FBD5FCD5FED6A2D6A3DABAE1BFE5
:10833000E1E7EEDBEFA3F3DDF6EB00D6BBD6B0CA88
:10834000B6D6B4D6B5D6B1D6B2D6B3D6CED6A7D6D3
:10835000BDD6BED6B7D6B8D6CAD6C3D6C6D6B9D677
:10836000C1D6B6D6A5D6AED6ADD6BCD6A6D6AAD6DA
:10837000ABD6ACD6AFD6BAD6BFD6C0D6C2D6C4D688
:10838000C5D6C7D6C8D6C9D6A8D6A9D6CBD6CCD638
:10839000CDD6CFE8D7DCC6D8B4DAECDBA4DBFADE86
:1083A000FDE0F9E1E7E2BAE2E5E5E9E5EBE6EFE871
:1083B000CEE8D9E8E4E9F2E9F9EADEEBD5EBF9EC4D
:1083C000EDECF3EDE9EFF4F0BAF0EBF2CEF4EAF510
:1083D000A5F5C5F5D9F5DCF5F4F6A300D6D0D6DAC7
:1083E000D6D2D6D3D6D4D6D5D6D6D6D7D6D8D6D931
:1083F000D6D1DAA3E2ECEFF1F3AEF4B1F5E000D6BA
:10840000DBD6DCD6DDD6DED6DFD6E0D6E1D6E2D6C8
:10841000E3D6E4D6E5D6E6D6E7D6E8DDA7DFFAE68A
:10842000A8E6FBE7A7EBD0EDD8F4A6F4EDF4FC004A
:10843000D6F7D7A1D7A2D7A3D6F1D6E9D6EAD6EBFD
:10844000D6ECD6EDD6EED6EFD6F0D6F2D6F3D6F4FD
:10845000D6F5D6F6D6F8D6F9D6FAD6FBD6FCD6FDA2
:10846000D6FED7A4D8F9F3C3F3E7D9AACAF4CAF55C
:10847000DBA5DCD1DCEFE4A8E4BEE4F3E8CCE9C69C
:10848000E9CDECC4EEF9F0E6F0F1F1D2F4B6F4E3A4
:10849000F5EEF7E6D8BC00D7A5D7A6CECE00D7A775
:1084A000D7AA00B4ABD7A8D7A9D7AAD7ABD7ACD790
:1084B000ADDFF9E2CDE3E7F2A700B4B1D7AED7AFB5
:1084C000D7B0D7B1D7B2D7B3D7B4DECAEDB000D7E3
:1084D000B5D7B6D7B7D7B8D7B9D7BAE3B7E6EDE7C8
:1084E000C4F6BF00D7BBD7BCE2BDEBC6F1B800D71E
:1084F000C5D7BDD7BED7BFD7C0D7C6D7C2D7C7D7B6
:10850000C3D7C1D7C4D9BEDAC2DFAAE4B7E4C3E592
:10851000AAECCCECFAEDBDEFED00D7D4D7D3D7D68B
:10852000D7D0D7C8D7C9D7CAD7CBD7CCD7CDD7CE36
:10853000D7CFD7D1D7D2D7D5F6B7E6A2D6A8E1D133
:10854000DAD1DCEBE6DCE7BBE8F7EAA2EADFEDA78D
:10855000EDF6EFC5EFF6F1E8F3CAF4D2F4F4F5FE68
:10856000F6A4F6F6F7DA00D7DAD7DBD7DCD7D7D719
:10857000D8D7D9D7DDF4D5D9CCE8C8EBEA00D7DF16
:10858000D7E0D7E1D7DEDAC1DAEEDBB8E6E3F6ED25
:1085900000D7E3D7E9D7E4D7E5D7E2D7E6D7E7D7DF
:1085A000E8D9DEDDCFEFDF00D7EADFACD7EBE7DAE3
:1085B000F5F200D7EED7EFD7ECD7EDDEA9F5FE0048
:1085C000D7F0D7F1E9D7F7AEDFA400D7F3D7F4D7C8
:1085D000F6D7F7D7F8D7F9D7F2B4E9DFF2D7F5DA5B
:1085E000E8D7C1E0DCE2F4EBD1ECF1EDC4F5A10099
:1085F00000A8010800A80108584C0108E0980108EB
:10860000F09F0108594C0108E498010874A0010882
:1086100020560108F098010824A70108466B0108BC
:10862000B89B010864A301086E4C01086C9E010808
:108630005CA501089B4C01086C9E0108C4A60108BA
:10864000C94C0108C49A01087C9F0108F84C010834
:10865000B89B010868A30108264E01086C9E01081A
:10866000C8A601083C4F01080C9F01082CA701086F
:10867000894F0108C49A0108809F0108B24F010880
:10868000149B0108F49F01080B500108B89B0108D6
:108690006CA30108A25201080C9F010830A7010831
:1086A000EF520108C89A0108849F0108625301082B
:1086B000189B0108F89F01082B540108E09B010852
:1086C00070A3010856540108109F010834A701083F
:1086D00081550108A49E0108A8A501086456010857
:1086E000089F010828A701086B560108C89A0108CD
:1086F000889F010886560108A49E0108CCA601089F
:1087000086570108109F010838A701088E570108F5
:10871000DC9A01089C9F0108BE5A0108DC9A0108F6
:108720008C9F010837580108389B0108FC9F0108FD
:10873000DA580108389B01080CA00108575B0108B2
:108740002C9F01083CA701089E5901082C9F010895
:108750004CA70108F55B0108F09B0108B4A30108D0
:108760007D5D0108309F01086CA70108F5600108D4
:10877000E09A0108AC9F0108E16101083C9B0108F7
:1087800038A001084E620108309F010870A7010857
:10879000CF620108E09A0108B09F01088F630108C9
:1087A0003C9B01083CA0010834640108F09B0108CF
:1087B000B8A3010877640108309F010874A7010875
:1087C00099660108309F0108F8A70108F2660108C0
:1087D000E49A0108B49F010882670108409B0108E0
:1087E00040A0010827680108789D0108BCA3010882
:1087F00095680108C49E0108D0A6010860690108B7
:108800006C9F010878A70108B6690108E49A01087D
:10881000B89F0108E5690108409B010844A00108D0
:108820004A6A0108789D0108C0A30108616A01082D
:108830006C9F01087CA70108136B01086C9F01085D
:10884000FCA701083D6B01086C9F0108D0A7010837
:108850004D6B0108E89A0108BC9F0108666B01088E
:108860007C9D0108C4A30108366C0108C89E01085C
:10887000D4A60108066D0108709F0108D4A701085D
:10888000386D01087C9D0108C8A301086F6D0108BF
:10889000709F0108D8A70108996F0108449B01083F
:1088A00048A001085D7001087C9D0108CCA3010867
:1088B0008E700108709F0108DCA70108BD700108D7
:1088C000E89A0108C09F01080C710108449B010847
:1088D0004CA00108557101087C9D0108D0A3010836
:1088E0000D740108709F0108E0A701089074010849
:1088F000049B0108C49F010807750108589B0108E3
:1089000050A00108E6750108B49D0108D4A3010830
:10891000FA750108749F0108E4A70108D9760108D7
:10892000089B0108E49F01085C770108049F010887
:108930001CA7010879780108789F0108E8A70108B9
:108940009C780108B89D010814A401080D7901085C
:10895000789F0108ECA701088F7B0108089B01089C
:10896000E89F0108637C01085C9B01086CA001087A
:10897000A77D0108B89D010818A40108DC7D010845
:10898000049F010820A701084B7F0108789F010878
:10899000F0A70108DC7F0108089B0108EC9F010893
:1089A000388101085C9B010870A001089D810108C5
:1089B000B89D01081CA401081A850108789F0108C8
:1089C000F4A7010891850108849C010868A10108A9
:1089D000C04C0108609B0108E4A201082D4D01086C
:1089E000BC9D010820A40108444D0108BC9D01085C
:1089F00020A601088E4D0108BC9B010874A3010844
:108A0000C54D0108709E010860A50108004E0108CF
:108A10001C9B010810A00108F14E0108A89E010846
:108A2000ACA50108FC4E0108609B0108E8A2010802
:108A3000B94F0108BC9D010824A40108D04F0108CA
:108A4000BC9D010824A60108F64F0108CC9A010834
:108A5000909F0108285001081C9B010800A00108F4
:108A6000F5500108E49B0108A8A301086C51010816
:108A7000149F010840A70108FB510108349F010819
:108A800080A70108E6520108809D0108D8A30108CB
:108A900017530108CC9E0108D0A5010836530108E0
:108AA000CC9E0108D8A6010841530108649B010827
:108AB000ECA2010885530108C09D010828A4010803
:108AC000B2530108C09D010828A6010804540108FA
:108AD000C09B010878A3010836540108209B0108B7
:108AE00014A00108F6540108189F010850A70108B6
:108AF0003E550108389F010884A701086855010800
:108B0000849D0108DCA30108C5550108D09E010819
:108B1000D4A50108D4550108D09E0108DCA601089F
:108B2000F5550108C09D01082CA401089B560108B9
:108B3000C09B01087CA30108EF560108749E010840
:108B400064A501082E570108389F010888A701086D
:108B500089570108809B0108F0A201084C580108C0
:108B6000FC9D010830A4010867580108FC9D01081C
:108B70002CA60108B3580108CC9B010880A301086A
:108B800021590108909E010868A50108675801084D
:108B9000549F01088CA7010873590108FC9A010829
:108BA000C89F0108F3590108A09D0108E0A301082E
:108BB0004B5A0108EC9E0108D8A50108865A010805
:108BC000EC9E0108E0A60108955A0108809B010867
:108BD0000CA30108C55A0108FC9D01084CA401081A
:108BE000DE5A0108FC9D010848A601082C5B01081B
:108BF000CC9B01088CA30108945B0108909E01089E
:108C000084A50108995B0108549F0108A8A70108E1
:108C1000D65B0108FC9A0108DC9F0108525C010840
:108C2000A09D0108FCA30108EA5C0108EC9E010874
:108C3000F4A501083B5D0108EC9E0108FCA60108B3
:108C4000525D0108D09A0108A09F0108545E0108F6
:108C5000249B010818A00108BE5F0108AC9E010812
:108C6000B0A50108196001081C9F010854A701085C
:108C7000C0600108489B010854A0010883610108F5
:108C8000F09E0108F8A50108C0610108849B010855
:108C900010A30108F0610108009E0108A0A40108CA
:108CA0000B620108009E01089CA601083D620108B4
:108CB000949E010888A5010897620108589F010841
:108CC000ACA70108BC620108009B0108E09F0108F5
:108CD000E8620108A49D010800A4010834630108AA
:108CE000F09E0108FCA501086D630108F09E0108D3
:108CF00000A7010884630108849B010814A30108EC
:108D0000AA630108009E0108A4A40108C363010826
:108D1000009E0108A0A601080D640108D09B01086F
:108D200090A3010843640108249B01081CA00108CA
:108D30009A650108AC9E0108B4A50108B565010853
:108D40001C9F010858A7010821660108589F0108C7
:108D5000B0A7010878660108489B010858A00108DF
:108D60002A670108F09E010800A601083167010882
:108D7000F09E010804A7010842670108889B0108CA
:108D800018A30108A3670108049E0108A8A401080C
:108D9000CA670108049E0108A4A60108F267010839
:108DA000D49B010894A301082A680108989E010831
:108DB0008CA501085F680108289B010820A0010814
:108DC00014690108B09E0108B8A5010821690108CD
:108DD000209F01085CA701085B6901085C9F0108EE
:108DE000B4A70108A3690108889B01081CA3010816
:108DF000FC690108049E0108ACA40108116A01087D
:108E0000049E0108A8A601082F6A0108D49B010846
:108E100098A30108516A0108989E010890A50108CD
:108E2000566A0108289B010824A00108BD6A0108B0
:108E3000B09E0108BCA50108DA6A0108209F01085C
:108E400060A70108F26A01084C9B01085CA00108B8
:108E5000256B0108F49E010808A701082A6B010888
:108E60008C9B010820A301087D6B0108089E010866
:108E7000B0A40108926B0108089E0108ACA6010885
:108E8000D26B0108D89B01089CA30108EB6B010879
:108E90009C9E010894A501080A6C01082C9B0108FE
:108EA00028A00108C96C0108B49E0108C0A50108EA
:108EB000D46C0108609F0108B8A70108316D010852
:108EC000D49A0108A49F0108026E01082C9B010896
:108ED0002CA00108D46E0108B49E0108C4A50108A5
:108EE000F16E0108249F010864A70108686F01085A
:108EF000509B010860A001080F700108F89E01084E
:108F000004A6010829700108089E0108B4A40108FC
:108F100032700108089E0108B0A6010850700108CF
:108F20009C9E010898A5010864700108609F0108D3
:108F3000BCA70108B0700108A89D010804A401089D
:108F4000ED700108F89E010808A60108FE700108EE
:108F5000F89E01080CA70108037101088C9B010809
:108F600024A301081B710108089E0108B4A601088A
:108F700042710108089E0108B8A401082671010881
:108F80009C9E01089CA5010864710108D49A0108FF
:108F9000949F01086A7101082C9B010804A0010834
:108FA00025720108E89B0108ACA30108B172010811
:108FB000249F010844A701085B730108609F010812
:108FC000C0A7010873740108A89D010808A401083E
:108FD000C6740108F89E01080CA60108DD7401089A
:108FE000F89E010810A70108E4740108B09B01086D
:108FF00028A301082E750108649E0108BCA401087D
:1090000051750108649E0108B8A60108C1750108E0
:10901000309B010830A001086D760108649F0108AB
:10902000C4A70108CA760108AC9D01080CA4010878
:1090300005770108FC9E010810A6010814770108B5
:10904000FC9E010814A7010827770108B49B0108BA
:109050005CA3010871770108689E010850A501080A
:1090600078770108DC9B0108A0A30108D2770108EA
:10907000A09E0108A0A501084D780108D89A010812
:10908000A89F0108A6790108349B010834A00108B3
:10909000AC7A0108B89E0108C8A50108037B010845
:1090A000289F010868A70108687B0108549B0108F4
:1090B00064A00108097C0108009F010814A60108AA
:1090C000227C0108689E010854A50108A07C0108C3
:1090D000689E0108BCA601085E7D0108B89E0108D3
:1090E000CCA50108B57E0108689F0108C8A7010842
:1090F000857F0108549B010868A00108DE800108F3
:10910000009F010818A6010805810108B49B010809
:1091100060A3010847810108689E010858A501085D
:109120005A810108689E0108C0A601087E810108D5
:10913000DC9B0108A4A30108BA810108A09E0108D4
:10914000A4A50108BD810108D89A0108989F0108CB
:10915000D3810108349B010808A00108A2820108FC
:10916000EC9B0108B0A301083B830108289F01087C
:1091700048A7010830840108689F0108CCA70108AE
:109180007E850108B09D010810A40108B38501087F
:10919000009F01081CA60108C0850108009F010866
:1091A00018A70108CB850108F49B010878A00108E5
:1091B000714D0108889C01086CA10108114E01083D
:1091C000C49D010850A401089B4E0108C49D0108DC
:1091D0004CA60108D04E0108E09C010804A2010839
:1091E0001D4F0108F49B010880A00108E94F010808
:1091F000889C010874A101081F500108689B0108A0
:10920000F4A201085B500108C49D010834A40108C0
:109210006E500108C49D010830A60108D85001080D
:10922000789E01086CA50108085101083C9F0108BF
:1092300090A70108D8510108889D010834A30108AE
:1092400036520108889D0108E4A301086D52010807
:10925000D49E0108DCA501087E520108D49E0108B5
:10926000E4A6010893520108189D01085CA20108B8
:10927000CD5201080C9E0108C0A401080653010844
:10928000FC9B010888A00108EB530108909C010891
:109290007CA1010839540108CC9D010858A401089B
:1092A000A8540108CC9D010854A60108DB5401080C
:1092B000E89C01080CA2010817550108209D01082F
:1092C00064A2010843550108149E0108C8A40108BE
:1092D000B2550108FC9B010890A00108CC5601087A
:1092E000909C010884A101085B5701082C9C01088F
:1092F00098A0010898580108B09C01088CA10108A9
:1093000031590108489D01086CA201084A59010819
:10931000A09B01082CA301080C5A0108349E0108E7
:10932000D0A40108155A01082C9C0108B0A001081E
:10933000195B0108B09C0108ACA10108A25B0108FF
:10934000489D010884A20108B35B01080C9B010839
:109350004CA301086D5C0108349E0108F0A40108CB
:109360007A5C0108D49D010860A40108A35E01088D
:10937000D49D01085CA60108615F0108F09C01080A
:1093800014A20108606001083C9E0108F8A40108CD
:1093900062610108349C0108E0A00108286201080C
:1093A000B89C0108B4A10108A2620108509D0108FF
:1093B000A4A20108AD620108A89B010854A30108FA
:1093C000F76201083C9E010800A501080C63010832
:1093D000349C0108E8A00108F0630108BC9E010864
:1093E000BCA101086C640108D49D010868A40108AF
:1093F00017650108D49D010864A601086F6501087E
:10940000F09C01081CA20108E8650108509D0108B4
:10941000ACA20108536601083C9E010808A501089A
:109420001D6701083C9C0108F0A00108DD670108E8
:10943000C09C0108C4A101086E680108DC9D0108F8
:1094400070A40108D4680108DC9D01086CA601081D
:10945000F3680108F89C010824A201084269010888
:109460003C9C0108F8A00108246A0108C09C01087E
:10947000CCA101085B6A0108DC9D010878A4010801
:10948000906A0108DC9D010874A60108B06A010811
:10949000F89C01082CA20108DD6A0108589D01080A
:1094A000B4A20108036B0108449E010810A501083D
:1094B000226B0108449C010800A10108B96B010856
:1094C000C89C0108D4A10108116C0108E49D0108A1
:1094D00080A40108936C0108E49D01087CA60108A2
:1094E000AE6C0108009D010834A20108E96C010876
:1094F000E49D010888A40108116E0108E49D01089B
:1095000084A60108976E0108009D01083CA201088D
:10951000206F01084C9E010818A50108E26F0108A0
:10952000449C010808A1010841700108C89C010879
:10953000DCA1010889700108609D0108BCA2010836
:10954000917001084C9E010820A50108E6700108F1
:10955000449C010810A1010835710108C89C01084C
:10956000E4A1010867710108709B0108FCA20108D1
:109570008F710108E49D01083CA40108967101085F
:10958000E49D010838A60108FE710108C49B01088A
:1095900084A3010852720108809E010874A5010885
:1095A00055720108449F010898A701083E730108FD
:1095B000EC9A0108CC9F0108BC730108909D01083A
:1095C000ECA30108E4730108DC9E0108E4A501088E
:1095D000EF730108DC9E0108ECA60108F87301088E
:1095E000609D0108C4A20108527401084C9E010844
:1095F00028A50108BD740108749C010818A1010880
:109600008A750108D09C0108ECA10108EF750108DA
:10961000EC9D010890A401082B760108EC9D01083F
:109620008CA601084A760108089D010844A2010899
:109630007A760108689D0108CCA201089D76010890
:10964000549E010830A50108FA7601087C9C0108A7
:1096500050A10108B3770108D89C0108F4A10108C2
:109660006E780108F49D010898A40108D1790108D9
:10967000F49D010894A60108717A0108109D010863
:109680004CA20108287B01085C9E010838A501084E
:10969000D47B01087C9C010858A101082B7D01089E
:1096A000109D010854A20108FC7E0108709D01086C
:1096B000D4A20108527F01085C9E010840A5010860
:1096C000998001087C9C010860A101087181010852
:1096D000D89C0108FCA10108C2810108789B0108FF
:1096E00004A301080A820108F49D010844A40108AA
:1096F0001F820108F49D010840A601087D8201082F
:10970000889E01087CA50108CB8201084C9F0108B6
:10971000A0A70108FF830108F49A0108D49F01085B
:1097200097840108989D0108F4A30108CF840108DB
:10973000E49E0108ECA50108E4840108E49E010808
:10974000F4A60108EF840108709D0108DCA201085D
:10975000678501085C9E010848A50108A8850108E5
:10976000049C0108A0A00108A3500108989C0108CE
:1097700094A1010831510108289D010874A2010833
:10978000BB5101081C9E0108D8A4010841520108E0
:10979000649C010820A101083C5A0108649C01084E
:1097A00040A10108B75C01080C9C0108B8A00108A1
:1097B000305F0108309D01088CA20108B5600108E6
:1097C0006C9C010848A10108136301080C9C010866
:1097D000C0A001084C650108149C0108C8A001083C
:1097E000AB6A01081C9C0108D0A001086E6E01083C
:1097F000389D010894A20108556F01081C9C0108BE
:10980000BC9A0108E3710108A09C01089CA1010811
:109810008E720108909B01083CA30108C3730108E4
:10982000249E0108E0A40108D0730108249C0108CB
:10983000D8A00108347A0108409D01089CA20108C3
:10984000577B0108249C0108A8A001084C8201084C
:10985000A89C0108A4A1010810830108409D0108EB
:109860007CA20108DC830108989B010844A301083D
:109870009E8401082C9E0108E8A40108A384010825
:109880004C9C010828A101085C520108549C010865
:1098900030A10108D97301085C9C010838A10108B6
:1098A000BA840108303132333435363738394142E1
:1098B0004344454640305800303132333435363732
:1098C00038396162636465664030780004000008DE
:1098D0000000000000000002000100001000000075
:1098E00032000000330000003400000035000000AA
:1098F000360000003700000038000000390000008A
:1099000044454C00616263006465660067686900F5
:109910006A6B6C006D6E6F007071727300000000F6
:10992000747576007778797A00000000A1FB00005A
:10993000506C65617365207573652074686520736C
:1099400074796C757320636C69636B20746865202F
:1099500063726F7373206F6E207468652073637217
:1099600065656E2E5468652063726F737320776926
:109970006C6C20616C77617973206D6F76652075F2
:109980006E74696C207468652073637265656E20FF
:1099900061646A7573746D656E7420697320636F9A
:1099A0006D706C657465642E000000003F0000005F
:1099B000646563006964000072756E74696D6500AA
:1099C00068656C70000000006C6973740000000032
:1099D00068657800766F69642077726974655F6185
:1099E0006464722875333220616464722C7533327A
:1099F0002076616C29000000753332207265616445
:109A00005F61646472287533322061646472290076
:109A1000766F696420746573745F70792875382077
:109A20002A696E707574737472290000766F6964A8
:109A30002064656C61795F6D7328753136206E6DB9
:109A400073290000766F69642064656C61795F75C5
:109A50007328753332206E75732900002F535953C4
:109A600054454D2F464F4E542F554E4947424B2E8D
:109A700042494E002F53595354454D2F464F4E5493
:109A80002F47424B31322E464F4E00002F53595331
:109A900054454D2F464F4E542F47424B32342E469D
:109AA0004F4E00002F53595354454D2F464F4E549F
:109AB0002F47424B31362E464F4E00007368616E81
:109AC00067200000323200003332000032343200AE
:109AD0003534320037343200393432003432000049
:109AE0003532000036320000373200003734383269
:109AF00000000000393438320000000034383200F1
:109B00003538320038320000393200003438323310
:109B100000000000323300003333000032343300E1
:109B200033343300353433003634330037343300C4
:109B30003834330039343300343300003533000017
:109B40003633000037330000353833003638330001
:109B500037383300393833003833000039330000E8
:109B600032323400333234003234323400000000F8
:109B70003734323400000000393432340000000041
:109B80003432340035323400363234003732340067
:109B900037343832340000003934383234000000B1
:109BA0003438323400000000353832340000000010
:109BB0003832340039323400323400003233340069
:109BC000333334003734333400000000343334008E
:109BD000353334003633340037333400393334000E
:109BE0003334000032343400373434003934340034
:109BF000353400003232363400000000333236345F
:109C00000000000032343236340000003534323681
:109C10003400000036343236340000003734323637
:109C20003400000039343236340000003432363427
:109C30000000000035323634000000003632363481
:109C40000000000037323634000000003234383271
:109C50003634000037343832363400003934383284
:109C600036340000343832363400000035383236AD
:109C70003400000038323634000000003932363407
:109C80000000000032363400323336340000000069
:109C900033333634000000003234333634000000F1
:109CA00037343336340000003934333634000000A2
:109CB0003433363400000000353336340000000001
:109CC00036333634000000003733363400000000ED
:109CD00038333634000000003933363400000000D9
:109CE00032343634000000003334363400000000D3
:109CF00035343634000000003634363400000000BD
:109D000037343634000000003834363400000000A8
:109D1000393436340000000032363634000000009A
:109D2000333636340000000032343636340000005A
:109D3000353436363400000037343636340000000F
:109D40003934363634000000343636340000000032
:109D50003536363400000000363636340000000058
:109D60003736363400000000383636340000000044
:109D70003936363400000000363400003734000035
:109D800032383400333834003234383400000000C4
:109D90003734383400000000393438340000000013
:109DA000343834003538340037383400383834002B
:109DB000393834003834000039340000323236008B
:109DC000333236003234323600000000333432365B
:109DD00000000000353432360000000036343236E0
:109DE00000000000373432360000000038343236CC
:109DF00000000000393432360000000034323600F2
:109E000035323600363236003732360032383236A6
:109E1000000000003338323600000000323438329F
:109E2000360000003734383236000000393438321A
:109E30003600000034383236000000003538323643
:109E40000000000036383236000000003738323665
:109E50000000000038383236000000003938323651
:109E60000000000038323600393236003236000049
:109E700032333600333336003234333600000000DC
:109E80003734333600000000393433360000000028
:109E90003433360035333600363336003733360048
:109EA000393336003336000032343600353436006C
:109EB00036343600373436003934360035333636EA
:109EC0000000000036360000373600003238360019
:109ED0003338360032343836000000003734383634
:109EE00000000000393438360000000034383600F5
:109EF00035383600363836003738360038383600D0
:109F00003938360039360000333700003238000067
:109F100033380000323438003334380035343800F8
:109F200036343800373438003934380034380000DB
:109F3000353800003236380033363800323436389F
:109F4000000000003734363800000000393436385D
:109F50000000000034363800353638003636380018
:109F60003736380038363800393638003638000091
:109F700037380000383800003938000062610000CE
:109F800063610000646100006661000067610000B9
:109F900063686100736861007A686100686100004D
:109FA0006A69610071696100786961006B61000034
:109FB0006C6100006D6100006E6100007061000066
:109FC00073610000746100006775610073687561FA
:109FD000000000007A68756100000000687561008B
:109FE0006B75610077610000796100007A610000A3
:109FF00061000000636500006465000067650000A3
:10A0000063686500736865007A68650068650000CC
:10A0100062696500646965006A6965006C6965006C
:10A020006D6965006E69650070696500716965003C
:10A0300074696500786965006B6500006C650000F7
:10A040006D6500006E6500007265000073650000BC
:10A05000746500006A7565006C7565006E75650055
:10A060007175650078756500797565007965000022
:10A070007A6500006500000062616E670000000004
:10A0800063616E670000000064616E67000000009D
:10A0900066616E670000000067616E670000000087
:10A0A0006368616E670000007A68616E6700000097
:10A0B00068616E67000000006A69616E67000000F9
:10A0C0006C69616E670000006E69616E6700000078
:10A0D0007169616E670000007869616E6700000059
:10A0E0006B616E67000000006C616E67000000002D
:10A0F0006D616E67000000006E616E670000000019
:10A1000070616E670000000072616E670000000001
:10A1100073616E670000000074616E6700000000EC
:10A120006775616E67000000636875616E670000A7
:10A13000736875616E6700007A6875616E6700000C
:10A140006875616E670000006B75616E67000000E6
:10A1500077616E670000000079616E6700000000A3
:10A160007A616E6700000000616E670062656E676D
:10A170000000000063656E670000000064656E67A4
:10A180000000000066656E670000000067656E678E
:10A19000000000006368656E670000007368656E0C
:10A1A000670000007A68656E6700000068656E678A
:10A1B000000000006B656E67000000006C656E6754
:10A1C000000000006D656E67000000006E656E6740
:10A1D0000000000070656E670000000072656E6729
:10A1E0000000000073656E670000000074656E6714
:10A1F0000000000077656E67000000007A656E67FA
:10A200000000000062696E670000000064696E670C
:10A21000000000006A696E67000000006C696E67EC
:10A22000000000006D696E67000000006E696E67D7
:10A230000000000070696E670000000071696E67C1
:10A240000000000074696E670000000078696E67A6
:10A250000000000079696E6700000000636F6E67A0
:10A2600000000000646F6E6700000000676F6E679B
:10A270000000000063686F6E670000007A686F6E10
:10A2800067000000686F6E67000000006A696F6E0B
:10A290006700000071696F6E6700000078696F6E7B
:10A2A000670000006B6F6E67000000006C6F6E67E8
:10A2B000000000006E6F6E6700000000726F6E6736
:10A2C00000000000736F6E6700000000746F6E671F
:10A2D00000000000796F6E67000000007A6F6E6703
:10A2E00000000000626169006361690064616900E7
:10A2F00067616900636861690000000073686169F3
:10A30000000000007A68616900000000686169006F
:10A310006B6169006C6169006D6169006E61690063
:10A3200070616900736169007461690067756169D2
:10A330000000000063687561690000007368756162
:10A34000690000007A6875616900000068756169DC
:10A35000000000006B756169000000007761690012
:10A360007A61690061690000626900006369000048
:10A37000646900006265690064656900666569007A
:10A3800067656900736865690000000068656900B9
:10A390006C6569006D6569006E65690070656900CE
:10A3A000776569007A6569006368690073686900A8
:10A3B0007A6869006A6900006C6900006D690000D4
:10A3C0006E69000070690000716900007269000028
:10A3D0007369000074690000637569006475690041
:10A3E00067756900636875690000000073687569C6
:10A3F000000000007A687569000000006875690057
:10A400006B75690072756900737569007475690010
:10A410007A75690078690000796900007A6900003E
:10A4200062616E0063616E0064616E0066616E0061
:10A4300067616E006368616E000000007368616EA2
:10A44000000000007A68616E0000000068616E0024
:10A450006269616E000000006469616E00000000C6
:10A460006A69616E000000006C69616E00000000A6
:10A470006D69616E000000006E69616E0000000091
:10A480007069616E000000007169616E000000007B
:10A490007469616E000000007869616E0000000060
:10A4A0006B616E006C616E006D616E006E616E00BE
:10A4B00070616E0072616E0073616E0074616E0097
:10A4C0006375616E000000006475616E000000003D
:10A4D0006775616E00000000636875616E000000C2
:10A4E000736875616E0000007A6875616E00000027
:10A4F0006875616E000000006A75616E0000000002
:10A500006B75616E000000006C75616E00000000EC
:10A510006E75616E000000007175616E00000000D4
:10A520007275616E000000007375616E00000000BE
:10A530007475616E000000007875616E00000000A7
:10A540007975616E000000007A75616E0000000090
:10A5500077616E0079616E007A616E00616E000055
:10A5600062656E0066656E0067656E006368656EA5
:10A57000000000007368656E000000007A68656E78
:10A580000000000068656E006B656E006D656E0012
:10A590006E656E0070656E0072656E0073656E00AC
:10A5A00077656E007A656E00656E000062696E0008
:10A5B0006A696E006C696E006D696E006E696E008E
:10A5C00070696E0071696E0078696E0079696E005D
:10A5D00063756E0064756E0067756E006368756EF6
:10A5E000000000007368756E000000007A68756EE8
:10A5F0000000000068756E006A756E006B756E0075
:10A600006C756E0071756E0072756E0073756E00FC
:10A6100074756E0078756E0079756E007A756E00CF
:10A6200062616F0063616F0064616F0067616F005A
:10A630006368616F000000007368616F00000000D4
:10A640007A68616F0000000068616F006269616F85
:10A65000000000006469616F000000006A69616FBA
:10A66000000000006C69616F000000006D69616F9F
:10A67000000000006E69616F000000007069616F8A
:10A68000000000007169616F000000007469616F73
:10A69000000000007869616F000000006B616F00CE
:10A6A0006C616F006D616F006E616F0070616F00B3
:10A6B00072616F0073616F0074616F0079616F0088
:10A6C0007A616F00616F0000626F0000666F0000CA
:10A6D0006D6F0000706F000063756F0064756F0030
:10A6E00067756F006368756F000000007368756FB1
:10A6F000000000007A68756F0000000068756F0048
:10A700006B756F006C756F006E756F0072756F0002
:10A7100073756F0074756F007A756F00776F000046
:10A72000796F00006F000000657200006275000024
:10A7300063750000647500006675000067750000B1
:10A7400063687500736875007A6875006875000045
:10A75000646975006A6975006C6975006D697500DA
:10A760006E69750071697500786975006A75000019
:10A770006B7500006C7500006D7500006E75000053
:10A78000636F7500646F7500666F7500676F7500A5
:10A7900063686F750000000073686F75000000004B
:10A7A0007A686F7500000000686F75006B6F750048
:10A7B0006C6F75006D6F7500706F7500726F75004E
:10A7C000736F7500746F7500796F75007A6F75001F
:10A7D0006F750000707500007175000072750000E3
:10A7E00073750000747500007775000078750000BF
:10A7F000797500007A7500006C7600006E760000B6
:10A800000000000024A801080000002068020000E9
:10A81000C401000800A901086802002020C301004B
:10A8200020020008180A2C990108E0980108E404A5
:10A830001AE8041AEC041AF0041AF4041AF8041AB8
:10A84000FC041119241A04041A08041A0C041A101E
:10A85000041A14041A18041A20041A240451847ABD
:10A86000030A2009010203040607080914FFFF0177
:10A870007B17EF18B1138F9B1408ED8E14089D926F
:10A88000494001230310D090296A896E1357CA1BCF
:10A89000088D041112163220326812101BA6010C0A
:10A8A000130F681AF00C311AACB01AC0041AC8049D
:10A8B0001AB4041AD0041AB0041AB80413F7D71B38
:10A8C00008F8081AFD081AD40813CD9D1F082C9A01
:10A8D00001083D081A44081E4B1C010810081310FB
:10A8E0000114204DD31B087104131BD41B087F30A7
:10A8F000CA05DF01D2E25005283D1C010800000016
:040000050800018965
:00000001FF
