:020000040800F2
:1000000050C60120E56B0008110400081304000825
:10001000170400081B0400081F040008000000006B
:1000200000000000000000000000000023040008A1
:100030002504000800000000270400082904000827
:10004000FF6B0008FF6B0008FF6B0008FF6B0008E8
:10005000FF6B0008FF6B0008FF6B0008FF6B0008D8
:10006000FF6B0008FF6B0008FF6B0008FF6B0008C8
:10007000FF6B0008FF6B0008F1640008D364000800
:10008000FF6B0008FF6B0008FF6B0008FF6B0008A8
:10009000FF6B0008FF6B0008FF6B0008FF6B000898
:1000A000FF6B0008FF6B0008FF6B0008FF6B000888
:1000B000FF6B0008FF6B0008599F0008FF6B0008EA
:1000C000FF6B0008FF6B0008FF6B0008FF6B000868
:1000D000FF6B00085B6B0008FF6B0008FF6B0008FC
:1000E000FF6B0008FF6B0008FF6B0008FF6B000848
:1000F000FF6B0008FF6B0008FF6B0008FF6B000838
:10010000FF6B0008215E0008FF6B0008FF6B000812
:10011000FF6B0008FF6B0008FF6B0008FF6B000817
:10012000FF6B0008FF6B0008FF6B0008FF6B000807
:10013000FF6B0008FF6B0008FF6B0008FF6B0008F7
:10014000FF6B0008FF6B0008FF6B0008FF6B0008E7
:10015000FF6B0008FF6B0008FF6B0008FF6B0008D7
:10016000FF6B0008FF6B0008FF6B0008FF6B0008C7
:10017000FF6B0008FF6B0008FF6B0008FF6B0008B7
:10018000FF6B0008FF6B000800F002F800F06DF84C
:100190000AA090E8000C82448344AAF10107DA45E2
:1001A00001D100F062F8AFF2090EBAE80F0013F0C7
:1001B000010F18BFFB1A43F0010318473424010054
:1001C000542401000A444FF0000C10F8013B13F0D6
:1001D000070408BF10F8014B1D1108BF10F8015BA0
:1001E000641E05D010F8016B641E01F8016BF9D193
:1001F00013F0080F1EBF10F8014BAD1C0C1B09D1EA
:100200006D1E58BF01F801CBFAD505E014F8016B5B
:1002100001F8016B6D1EF9D59142D6D370470000ED
:100220000023002400250026103A28BF78C1FBD8FF
:10023000520728BF30C148BF0B60704764290FF0D8
:10024000118575290FF00E8578290FF047856329F0
:1002500010F00380732910F00880002070471FB54C
:1002600010F0C8F91FBD10B510BD10F04BF81146C5
:10027000FFF7F5FF00F010F810F069F803B4FFF78E
:10028000F2FF03BC06F00AFC30BF72B6704762B6DC
:10029000704780F3088870470EB54FF4A06006F0F1
:1002A000C1FCA82006F078FB4FF4E13006F003FC17
:1002B00000F0C4F93D4841685420884700F04FFEE3
:1002C00003F00EFD03F03AFE06F07CF92821084603
:1002D00006F0B1FA322006F0C5FA002009F003FA60
:1002E000022009F000FA0DF0F9FD314901220868F9
:1002F00030A10BF08BFF4FF478402F49088018E0B5
:100300002EA010210B46C822CDE9001028211E2066
:1003100003F0A7FCC82006F0A1FB4FF6FF704223B4
:10032000F022282100901E2003F040FAC82006F099
:1003300095FB0EF0B6F90028E2D14FF478401E4943
:1003400008800020102120A20B46CDE90021029058
:10035000C82228211E200EF0B0FA0020102120A271
:100360000B46CDE900210290C8223C211E200EF050
:10037000A4FA002010211DA20B46CDE90021029015
:10038000C82250211E200EF098FA002010211CA235
:100390000B46CDE900210290C82264211E200EF0F8
:1003A0008CFA01E00FF0A5F9FCE700007C010020C9
:1003B0004CBF0120303A000014000020466F6E74DC
:1003C000204572726F7221004578706C6F72657291
:1003D0002053544D3332BFAAB7A2B0E5000000004D
:1003E000C2BCD2F4BBFACAB5D1E90000D5FDB5E371
:1003F000D4ADD7D340414C49454E54454B00000045
:1004000032303134C4EA36D4C236C8D500000000D8
:10041000704700BFFEE700BFFEE700BFFEE700BF7A
:10042000FEE7704770477047704700000CB500202A
:10043000019000907648006840F48030744908606C
:1004400000BF7348006800F4003000900198401C21
:100450000190009818B90198B0F5A04FF1D16C48FF
:10046000006800F4003010B10120009001E000208D
:1004700000900098012846D165484030006840F05F
:1004800080506349403108606248006840F4404051
:10049000604908605E48083000685D4908310860BE
:1004A0000846006840F4004008600846006840F4D0
:1004B000A05008605848091F0860081F006840F0F5
:1004C0008070091F086000BF5148006800F000708C
:1004D0000028F9D040F20570504908604C480830B7
:1004E000006820F003004A490831086008460068A7
:1004F00040F00200086000BF45480830006800F086
:100500000C000828F8D10CBD10B54548006840F42F
:100510007000434908603E48006840F001003C49D3
:10052000086000203A4908310860394800683D49B0
:100530000840374908603C48091D0860081F0068EA
:1005400020F48020091F0860002031490C31086028
:10055000FFF76CFF4FF0006031498039086010BD33
:1005600070B500200022022300240221284D083506
:100570002D6805F00C0020B1042806D0082834D1DD
:1005800007E02A4D2A4E356033E02A4D284E35606B
:100590002FE01F4D2D1D2D68C5F380541C4D2D1DC2
:1005A0002D6805F03F0154B1224DB5FBF1F5184E11
:1005B000361D3668C6F3881605FB06F209E01B4DAA
:1005C000B5FBF1F5124E361D3668C6F3881605FBED
:1005D00006F20F4D2D1D2D68C5F301456D1C6B00F6
:1005E000B2FBF3F5124E356003E0104D104E35604E
:1005F00000BF00BF064D08352D68C5F303150E4E2C
:10060000705D0B4D2D68C540094E356070BD000012
:10061000003802400070004008544007003C02408F
:1006200088ED00E0FFFFF6FE103000240024F40007
:100630000000002000127A00040000201CB50121F7
:10064000202007F067F94FF4C060009001208DF87A
:10065000040000208DF8060003208DF8050001201D
:100660008DF807006946044806F0D2FB4FF4C061DC
:10067000014806F049FC1CBD0014024001B5BDF85C
:1006800000000090BDF80000FE49088008BD01B5DB
:10069000BDF800000090BDF80000FA49891C0880F0
:1006A00008BD08B5F748801C00880090BDF8000020
:1006B00008BDF44A10804FF0D842A2F8801070476D
:1006C00010B504462046FFF7D9FF052006F07EF955
:1006D000FFF7E7FF10BDEC480089EA490880704742
:1006E000E849891C0880704730B5014601F01F04B5
:1006F000C1F34513CA0AE50205EB43151544A8B238
:1007000030BD00BF011EA0F10102D0B2FAD1704786
:1007100010B502460C46DC48808841F663118842D9
:1007200047D1D9488079A8B9D7480088401E801A97
:1007300082B2D5494889FFF7A1FF0020FFF7A7FF44
:100740000020FFF7A4FF1012FFF7A1FFD0B2FFF7C0
:100750009EFF16E0CC494889FFF790FF1012FFF783
:1007600096FFD0B2FFF793FFC7490988491EC1F32E
:100770000F20FFF78CFFC4490978491EC8B2FFF764
:1007800086FFC1498889FFF779FF2012FFF77FFFB5
:10079000E0B2FFF77CFFBC494988491EC1F30F2036
:1007A000FFF775FFB8498978491EC8B2FFF76FFF98
:1007B0003AE0B548808845F21051884220D1B249CC
:1007C0004889FFF75BFF1012FFF761FFAE494989C7
:1007D000491C88B2FFF752FFD0B2FFF758FFAA4971
:1007E0008889FFF74BFF2012FFF751FFA64989893F
:1007F000491C88B2FFF742FFE0B2FFF748FF13E061
:10080000A1494889FFF73AFF1012FFF740FFD0B225
:10081000FFF73DFF9C498889FFF730FF2012FFF763
:1008200036FFE0B2FFF733FF10BD2DE9F04105467A
:100830000E4600240027A04693480088A84203DD06
:1008400091484088B04202DC0020BDE8F08131468A
:100850002846FFF75DFF8C48808845F2105188429A
:1008600004D14FF43850FFF709FF02E02E20FFF7C4
:1008700005FFFFF716FF04468348808841F66311A1
:10088000884201D12046E0E7FFF70BFF0446FFF75F
:1008900008FF8046E7B24FF6FF7000EA0727E01234
:1008A000C002B91240EA411040EAE820CDE700B5A5
:1008B0007548808845F21051884204D14FF4245085
:1008C000FFF7DCFE02E02920FFF7D8FE00BD00B5EF
:1008D0006D48808845F21051884204D14FF4205071
:1008E000FFF7CCFE02E02820FFF7C8FE00BDF0B500
:1008F00005460024002764488079012805D1624814
:10090000808841F66311884208D15F488079F0B948
:100910005D48808841F66311884218D1082D15D2B0
:10092000DFE805F00406080A0C0E101206250DE09B
:1009300007250BE0042509E0052507E0012505E072
:10094000002503E0032501E0022500BF00BF082DBC
:100950001CD2DFE805F00406090C0F12151800BFC1
:1009600014E044F0800411E044F040040EE044F050
:10097000C0040BE044F0200408E044F0600405E00B
:1009800044F0A00402E044F0E00400BF00BF3E4891
:10099000808845F21051884202D14FF4585700E048
:1009A00036273948808849F24131884205D0364897
:1009B000808847F28971884201D144F008042146B9
:1009C0003846FFF776FE3048808841F6631188424A
:1009D0001DD004F0200068B12B4800882A494988BE
:1009E000884214DA28480688408827490880084643
:1009F00046800CE02448008823494988884206DD67
:100A000021480688408820490880084646801E48BC
:100A1000808845F21051884257D11B494889FFF719
:100A20002DFE0020FFF733FE17494989491C88B283
:100A3000FFF724FE0020FFF72AFE13494989891C8D
:100A400088B2FFF71BFE10490988491EC1F30F2029
:100A5000FFF71DFE0C494989C91C88B2FFF70EFE3D
:100A600009490978491EC8B2FFF711FE064988896D
:100A7000FFF704FE0020FFF70AFE03498989491C9D
:100A800088B203E07E00006CA0020020FFF7F6FDB4
:100A90000020FFF7FCFDFE498989891C88B2FFF719
:100AA000EDFDFB494988491EC1F30F20FFF7EFFD1B
:100AB000F7498989C91C88B2FFF7E0FDF4498978B4
:100AC000491EC8B2FFF7E3FD2DE0F1494889FFF761
:100AD000D5FD0020FFF7DBFD0020FFF7D8FDEC4936
:100AE0000988491EC1F30F20FFF7D1FDE8490978B5
:100AF000491EC8B2FFF7CBFDE5498889FFF7BEFD67
:100B00000020FFF7C4FD0020FFF7C1FDE049498840
:100B1000491EC1F30F20FFF7BAFDDD498978491E50
:100B2000C8B2FFF7B4FDF0BD30B504460D46294606
:100B30002046FFF7EDFDFFF7CEFDD6480088D649E9
:100B4000088030BD30B504460D46D148808845F256
:100B50001051884220D1CE494889FFF78FFD2012DD
:100B6000FFF795FDCA494989491C88B2FFF786FD00
:100B7000E0B2FFF78CFDC6498889FFF77FFD281298
:100B8000FFF785FDC2498989491C88B2FFF776FDC8
:100B9000E8B2FFF77CFD42E0BD48808841F6631172
:100BA000884228D1BA48807920B9B9480088401EC7
:100BB000001B84B2B6494889FFF760FD2012FFF799
:100BC00066FDE0B2FFF763FD2012FFF760FDE0B2C3
:100BD000FFF75DFDAE498889FFF750FD2812FFF74A
:100BE00056FDE8B2FFF753FD2812FFF750FDE8B2BB
:100BF000FFF74DFD13E0A6494889FFF73FFD20129E
:100C0000FFF745FDE0B2FFF742FDA1498889FFF7F4
:100C100035FD2812FFF73BFDE8B2FFF738FD9C4891
:100C200000899D49891E08804FF0D840A0F8802097
:100C300030BD70B52DED048B0446BE20FFF71EFDC0
:100C40000520FFF724FD20460FF0C3FB41EC190BF4
:100C50009FED920B53EC102B0FF0CEFB41EC180BD9
:100C60000FF08AFB85B22846FFF711FD0120FFF740
:100C70000EFDFF20FFF70BFD0020FFF708FD002011
:100C8000FFF705FDBDEC048B70BD10B50446804830
:100C90008471002C45D1F0207D4908804FF4A0706C
:100CA00048800846808845F21051884210D14FF4A0
:100CB0003050774908814FF4285048814FF42C5028
:100CC00088814FF4F07008804FF4487048801AE033
:100CD0006F48808841F6631188420DD12C206C4901
:100CE00008812B2048812A2088814FF4F0700880E9
:100CF0004FF44870488006E02C20654908812A207E
:100D000048812B2088816248808845F210318842D2
:100D10004CD14FF4A0705E4908804FF4F0704880C9
:100D200044E04FF4A0705A490880F02048800846FB
:100D3000808845F21051884210D14FF43050544908
:100D400008814FF4285048814FF42C5088814FF48B
:100D5000487008804FF4F07048801AE04C48808852
:100D600041F6631188420DD12C20494908812A207F
:100D700048812B2088814FF4487008804FF4F07030
:100D8000488006E02C20424908812A2048812B20F7
:100D900088813F48808845F21031884206D14FF45F
:100DA000F0703B4908804FF4A07048800020FFF7A6
:100DB0009EFD10BD2DE9F04104460D461E46A018CB
:100DC000401E87B2A819401E1FFA80F8304880885C
:100DD00041F66311884231D12D48807901282DD008
:100DE0002B480088801A001B84B2A819401E86B2C6
:100DF00027494889FFF742FC2012FFF748FCE0B280
:100E0000FFF745FCA118491EC1F30F20FFF73FFC77
:100E1000A118491EC8B2FFF73AFC1D498889FFF79F
:100E20002DFC2812FFF733FCE8B2FFF730FC30123C
:100E3000FFF72DFCF0B2FFF72AFC79E01448808818
:100E400045F21051884251D111494889FFF716FCEB
:100E50002012FFF71CFC0E494989491C88B2FFF794
:100E60000DFCE0B2FFF713FC09494989891C88B2DF
:100E7000FFF704FC3812FFF70AFC05494989C91C31
:100E800088B2FFF7FBFBF8B2FFF701FC004909E06D
:100E9000A0020020140000208000006C66666666D8
:100EA000666604408889FFF7E9FB2812FFF7EFFB2D
:100EB000FD498989491C88B2FFF7E0FBE8B2FFF7DA
:100EC000E6FBF9498989891C88B2FFF7D7FB4FEA0D
:100ED0002820FFF7DCFBF4498989C91C88B2FFF799
:100EE000CDFB08F0FF00FFF7D2FB21E0EE49488977
:100EF000FFF7C4FB2012FFF7CAFBE0B2FFF7C7FB06
:100F00003812FFF7C4FBF8B2FFF7C1FBE649888946
:100F1000FFF7B4FB2812FFF7BAFBE8B2FFF7B7FB05
:100F20004FEA2820FFF7B3FB08F0FF00FFF7AFFB05
:100F3000BDE8F08170B504460026DB48058840888E
:100F4000454300210846FFF7E3FBFFF7C4FB00BF62
:100F500002E0D6480480761CAE42FAD370BD00B5DC
:100F6000A1B00020209001217A2006F0D3FC0121BD
:100F7000084606F007FD4FF400401E9001208DF852
:100F80007C0000208DF87E0002208DF87D0001207D
:100F90008DF87F001EA9C64805F03AFF4CF2337069
:100FA0001E9002208DF87C0000208DF87E0003202A
:100FB0008DF87D0001208DF87F001EA9BD4805F049
:100FC00027FF4FF680701E9002208DF87C000020D5
:100FD0008DF87E0003208DF87D0001208DF87F00C4
:100FE0001EA9B54805F014FF4FF480501E90022052
:100FF0008DF87C0000208DF87E0003208DF87D00A8
:1010000001208DF87F001EA9AC4805F001FF4FF4C8
:1010100080501E9002208DF87C0000208DF87E000C
:1010200003208DF87D0001208DF87F001EA9A448C3
:1010300005F0EEFE0C2200219E4805F074FF0C2204
:1010400001219C4805F06FFF0C220421994805F00E
:101050006AFF0C220521974805F065FF0C22082144
:10106000944805F060FF0C220921924805F05BFFCF
:101070000C220A218F4805F056FF0C220E218D48C4
:1010800005F051FF0C220F218A4805F04CFF0C227D
:101090000721894805F047FF0C220821864805F002
:1010A00042FF0C220921844805F03DFF0C220A2151
:1010B000814805F038FF0C220B217F4805F033FFF3
:1010C0000C2211467C4805F02EFF0C220D217A4897
:1010D00005F029FF0C220E21774805F024FF0C2291
:1010E0000F21754805F01FFF0C221146734805F0CB
:1010F0001AFF0C221146724805F015FF0F200890C8
:10110000002009903C200A9000200B900C900D903C
:101110000E900920019000200290082003900020EA
:10112000049005900690079006200F9000201090E4
:10113000119010201290002013901590149016908A
:1011400017904FF480501890002019904FF4804071
:101150001A9000201B9008A81C9001A81D900FA8B1
:1011600005F035FF0121062005F0BCFF322005F017
:1011700075FCD320FFF782FAFFF793FA4A4988807B
:10118000FFF78FFA48498880FFF78BFA4649888035
:10119000084680884FF6FF7101EA002042498880A6
:1011A000FFF77FFA4049898808433F49888008460D
:1011B000808849F24131884275D00420FFF75EFAF9
:1011C000FFF76FFA38498880FFF76BFA3649888055
:1011D000FFF767FA34498880084680884FF6FF7128
:1011E00001EA002030498880FFF75BFA2E498988A0
:1011F00008432D4988800846808848F25251884229
:1012000003D147F28970284988802748808847F2AF
:1012100089718842D0D0D420FFF730FAFFF741FA25
:1012200021498880FFF73DFA1F498880FFF739FA86
:101230001D498880084680884FF6FF7101EA00202A
:1012400019498880FFF72DFA1749898808431649FC
:1012500088800846808845F21031884279D055212F
:101260004FF47040FFF725FAAA214FF20100FFF773
:1012700020FA52214FF20200FFF71BFA08214FF229
:101280000300FFF716FA01214FF20400FFF711FAED
:101290004FF44540FFF7F2F9FFF703FA024988805F
:1012A000084680880EE054E0A00200208000006C18
:1012B00000040240000C02400010024000140240F2
:1012C000001802404FF6FF7101EA0020FE498880B5
:1012D0004CF20150FFF7D2F9FFF7E3F9FA49898898
:1012E0000843F9498880052005F0B8FBF648808856
:1012F000B0F5004F03D145F21050F3498880F24811
:10130000808845F21051884223D0A120FFF7B6F91A
:10131000FFF7C7F9EC498880FFF7C3F9EA498880ED
:10132000084680884FF6FF7101EA0020E649888070
:10133000FFF7B7F9E44989880843E34988800846FC
:10134000808845F26171884203D141F66310DE491D
:101350008880DD48808849F24131884217D0DA48D8
:10136000808847F28971884211D0D748808845F239
:10137000103188420BD0D448808845F21051884201
:1013800005D0D148808841F6631188422CD1CF48DE
:10139000006820F00F004FF02041C1F81C01084602
:1013A000D0F81C0120F47060C1F81C010846D0F888
:1013B0001C0140F00300C1F81C01C348808847F2BB
:1013C0008971884208D1C148006840F440704FF0EC
:1013D0002041C1F81C0107E0BC48006840F40070DF
:1013E0004FF02041C1F81C01B7488188B8A00EF029
:1013F000C9FBB548808849F2413188427ED1CF206F
:10140000FFF73CF90020FFF742F9C120FFF73FF951
:101410003020FFF73CF9ED20FFF730F96420FFF7AB
:1014200036F90320FFF733F91220FFF730F9812056
:10143000FFF72DF9E820FFF721F98520FFF727F9BD
:101440001020FFF724F97A20FFF721F9CB20FFF7CE
:1014500015F93920FFF71BF92C20FFF718F90020A8
:10146000FFF715F93420FFF712F90220FFF70FF903
:10147000F720FFF703F92020FFF709F9EA20FFF72B
:10148000FDF80020FFF703F90020FFF700F9C02066
:10149000FFF7F4F81B20FFF7FAF8C120FFF7EEF88A
:1014A0000120FFF7F4F8C520FFF7E8F83020FFF738
:1014B000EEF83020FFF7EBF8C720FFF7DFF8B72092
:1014C000FFF7E5F83620FFF7D9F84820FFF7DFF8F7
:1014D0003A20FFF7D3F85520FFF7D9F8B120FFF7EE
:1014E000CDF80020FFF7D3F81A20FFF7D0F8B62088
:1014F000FFF7C4F80A20FFF7CAF800E097E0A2203F
:10150000FFF7C5F8F220FFF7B9F80020FFF7BFF8A2
:101510002620FFF7B3F80120FFF7B9F8E020FFF726
:10152000ADF80F20FFF7B3F82A20FFF7B0F8282016
:10153000FFF7ADF80820FFF7AAF80E20FFF7A7F88D
:101540000820FFF7A4F85420FFF7A1F8A920FFF71F
:101550009EF84320FFF79BF80A20FFF798F80F202A
:10156000FFF795F80020FFF792F80020FFF78FF8BB
:101570000020FFF78CF80020FFF789F8E120FFF743
:101580007DF80020FFF783F81520FFF780F817207B
:10159000FFF77DF80720FFF77AF81120FFF777F8BB
:1015A0000620FFF774F82B20FFF771F85620FFF79D
:1015B0006EF83C20FFF76BF80520FFF768F8102065
:1015C000FFF765F80F20FFF762F83F20FFF75FF89D
:1015D0003F20FFF75CF80F20FFF759F82B20FFF7AB
:1015E0004DF80020FFF753F80020FFF750F80120D6
:1015F000FFF74DF83F20FFF74AF82A20FFF73EF8A3
:101600000020FFF744F80020FFF741F80020FFF723
:101610003EF8EF20FFF73BF81120FFF72FF8782076
:1016200005F01CFA2920FFF729F802F0B3B8264884
:10163000808847F2897188427DD11120FFF71EF81A
:10164000782005F00BFA3620FFF718F80020FFF796
:101650001EF83A20FFF712F80520FFF718F8B2201D
:10166000FFF70CF80C20FFF712F80C20FFF70FF82B
:101670000020FFF70CF83320FFF709F83320FFF7BD
:1016800006F8B720FEF7FAFF3520FFF700F8BB2079
:10169000FEF7F4FF3220FEF7FAFFC020FEF7EEFF60
:1016A0000C20FEF7F4FFC220FEF7E8FF0120FEF752
:1016B000EEFFC320FEF7E2FF1020FEF7E8FFC42094
:1016C000FEF7DCFF20200BE0A00200201C0100A0A0
:1016D000204C43442049443A25780D0A000000007C
:1016E000FEF7D5FFC620FEF7C9FF0F20FEF7CFFF9C
:1016F000D020FEF7C3FFA420FEF7C9FFA120FEF70C
:10170000C6FFE020FEF7BAFFD020FEF7C0FF0020A2
:10171000FEF7BDFF0220FEF7BAFF0720FEF7B7FF76
:101720000A20FEF7B4FF2820FEF7B1FF3220FEF7B3
:10173000AEFF442000E062E0FEF7A9FF4220FEF782
:10174000A6FF0620FEF7A3FF0E20FEF7A0FF122043
:10175000FEF79DFF1420FEF79AFF1720FEF797FF74
:10176000E120FEF78BFFD020FEF791FF0020FEF76F
:101770008EFF0220FEF78BFF0720FEF788FF0A206E
:10178000FEF785FF2820FEF782FF3120FEF77FFF5E
:101790005420FEF77CFF4720FEF779FF0E20FEF76E
:1017A00076FF1C20FEF773FF1720FEF770FF1B204B
:1017B000FEF76DFF1E20FEF76AFF2A20FEF75EFF90
:1017C0000020FEF764FF0020FEF761FF0020FEF717
:1017D0005EFFEF20FEF75BFF2B20FEF74FFF0020A0
:1017E000FEF755FF0020FEF752FF0120FEF74FFFE6
:1017F0003F20FEF74CFF2920FEF740FF15E7FE488B
:10180000808845F21031884240F07C87ED20FEF759
:1018100035FF0120FEF73BFFFE20FEF738FFEE20EC
:10182000FEF72CFFDE20FEF732FF2120FEF72FFF10
:10183000F120FEF723FF0120FEF729FFDF20FEF74E
:101840001DFF1020FEF723FFC420FEF717FF8F2097
:10185000FEF71DFFC620FEF711FF0020FEF717FF61
:10186000E220FEF714FFE220FEF711FFE220FEF770
:101870000EFFBF20FEF702FFAA20FEF708FFB020F0
:10188000FEF7FCFE0D20FEF702FF0020FEF7FFFE34
:101890000D20FEF7FCFE0020FEF7F9FE1120FEF7FA
:1018A000F6FE0020FEF7F3FE1920FEF7F0FE002002
:1018B000FEF7EDFE2120FEF7EAFE0020FEF7E7FE30
:1018C0002D20FEF7E4FE0020FEF7E1FE3D20FEF7AE
:1018D000DEFE0020FEF7DBFE5D20FEF7D8FE0020D6
:1018E000FEF7D5FE5D20FEF7D2FE0020FEF7CFFE0C
:1018F000B120FEF7C3FE8020FEF7C9FE0020FEF7F0
:10190000C6FE8B20FEF7C3FE0020FEF7C0FE962029
:10191000FEF7BDFE0020FEF7BAFEB220FEF7AEFED7
:101920000020FEF7B4FE0020FEF7B1FE0220FEF715
:10193000AEFE0020FEF7ABFE0320FEF7A8FE00205F
:10194000FEF7A5FEB320FEF799FE0020FEF79FFEEE
:101950000020FEF79CFE0020FEF799FE0020FEF717
:1019600096FE0020FEF793FE0020FEF790FE00207A
:10197000FEF78DFE0020FEF78AFE0020FEF787FEB0
:101980000020FEF784FE0020FEF781FE0020FEF717
:101990007EFE0020FEF77BFE0020FEF778FE002092
:1019A000FEF775FE0020FEF772FE0020FEF76FFEC8
:1019B0000020FEF76CFE0020FEF769FE0020FEF717
:1019C00066FE0020FEF763FE0020FEF760FE0020AA
:1019D000FEF75DFE0020FEF75AFEB420FEF74EFE35
:1019E0008B20FEF754FE0020FEF751FE9620FEF7F6
:1019F0004EFE0020FEF74BFEA120FEF748FE002021
:101A0000FEF745FEB520FEF739FE0220FEF73FFE49
:101A10000020FEF73CFE0320FEF739FE0020FEF713
:101A200036FE0420FEF733FE0020FEF730FEB6201F
:101A3000FEF724FE0020FEF72AFE0020FEF727FE18
:101A4000B720FEF71BFE0020FEF721FE0020FEF768
:101A50001EFE3F20FEF71BFE0020FEF718FE5E2054
:101A6000FEF715FE0020FEF712FE6420FEF70FFEC3
:101A70000020FEF70CFE8C20FEF709FE0020FEF78A
:101A800006FEAC20FEF703FE0020FEF700FEDC2081
:101A9000FEF7FDFD0020FEF7FAFD7020FEF7F7FDD2
:101AA0000020FEF7F4FD9020FEF7F1FD0020FEF788
:101AB000EEFDEB20FEF7EBFD0020FEF7E8FDDC205D
:101AC000FEF7E5FD0020FEF7E2FDB820FEF7D6FDAB
:101AD0000020FEF7DCFD0020FEF7D9FD0020FEF718
:101AE000D6FD0020FEF7D3FD0020FEF7D0FD00203C
:101AF000FEF7CDFD0020FEF7CAFD0020FEF7C7FD72
:101B0000BA20FEF7BBFD2420FEF7C1FD0020FEF742
:101B1000BEFD0020FEF7BBFD0020FEF7B8FDC12092
:101B2000FEF7ACFD2020FEF7B2FD0020FEF7AFFD72
:101B30005420FEF7ACFD0020FEF7A9FDFF20FEF7C4
:101B4000A6FD0020FEF7A3FDC220FEF797FD0A20A8
:101B5000FEF79DFD0020FEF79AFD0420FEF797FD9D
:101B60000020FEF794FDC320FEF788FD3C20FEF721
:101B70008EFD0020FEF78BFD3A20FEF788FD002049
:101B8000FEF785FD3920FEF782FD0020FEF77FFD80
:101B90003720FEF77CFD0020FEF779FD3C20FEF7A4
:101BA00076FD0020FEF773FD3620FEF770FD002065
:101BB000FEF76DFD3220FEF76AFD0020FEF767FD9F
:101BC0002F20FEF764FD0020FEF761FD2C20FEF7BC
:101BD0005EFD0020FEF75BFD2920FEF758FD00208A
:101BE000FEF755FD2620FEF752FD0020FEF74FFDC3
:101BF0002420FEF74CFD01E0A00200200020FEF7AB
:101C000046FD2420FEF743FD0020FEF740FD232083
:101C1000FEF73DFD0020FEF73AFD3C20FEF737FDC4
:101C20000020FEF734FD3620FEF731FD0020FEF7E0
:101C30002EFD3220FEF72BFD0020FEF728FD2F2081
:101C4000FEF725FD0020FEF722FD2C20FEF71FFDEC
:101C50000020FEF71CFD2920FEF719FD0020FEF7ED
:101C600016FD2620FEF713FD0020FEF710FD2420B0
:101C7000FEF70DFD0020FEF70AFD2420FEF707FD0C
:101C80000020FEF704FD2320FEF701FD0020FEF7F3
:101C9000FEFCC420FEF7F2FC6220FEF7F8FC0020F8
:101CA000FEF7F5FC0520FEF7F2FC0020FEF7EFFC46
:101CB0008420FEF7ECFC0020FEF7E9FCF020FEF7A4
:101CC000E6FC0020FEF7E3FC1820FEF7E0FC002015
:101CD000FEF7DDFCA420FEF7DAFC0020FEF7D7FCBF
:101CE0001820FEF7D4FC0020FEF7D1FC5020FEF7B0
:101CF000CEFC0020FEF7CBFC0C20FEF7C8FC002039
:101D0000FEF7C5FC1720FEF7C2FC0020FEF7BFFC63
:101D10009520FEF7BCFC0020FEF7B9FCF320FEF78F
:101D2000B6FC0020FEF7B3FCE620FEF7B0FC002076
:101D3000FEF7ADFCC520FEF7A1FC3220FEF7A7FCA4
:101D40000020FEF7A4FC4420FEF7A1FC0020FEF7D3
:101D50009EFC6520FEF79BFC0020FEF798FC762099
:101D6000FEF795FC0020FEF792FC8820FEF78FFC22
:101D70000020FEF78CFCC620FEF780FC2020FEF73A
:101D800086FC0020FEF783FC1720FEF780FC002075
:101D9000FEF77DFC0120FEF77AFC0020FEF777FCC1
:101DA000C720FEF76BFC0020FEF771FC0020FEF759
:101DB0006EFC0020FEF76BFC0020FEF768FCC820DC
:101DC000FEF75CFC0020FEF762FC0020FEF75FFCE3
:101DD0000020FEF75CFC0020FEF759FCC920FEF74E
:101DE0004DFC0020FEF753FC0020FEF750FC0020C5
:101DF000FEF74DFC0020FEF74AFC0020FEF747FCF2
:101E00000020FEF744FC0020FEF741FC0020FEF716
:101E10003EFC0020FEF73BFC0020FEF738FC0020D3
:101E2000FEF735FC0020FEF732FC0020FEF72FFC09
:101E30000020FEF72CFC0020FEF729FC0020FEF716
:101E400026FCE020FEF71AFC1620FEF720FC0020FE
:101E5000FEF71DFC1C20FEF71AFC0020FEF717FC05
:101E60002120FEF714FC0020FEF711FC3620FEF7BF
:101E70000EFC0020FEF70BFC4620FEF708FC0020BD
:101E8000FEF705FC5220FEF702FC0020FEF7FFFBE8
:101E90006420FEF7FCFB0020FEF7F9FB7A20FEF73A
:101EA000F6FB0020FEF7F3FB8B20FEF7F0FB002093
:101EB000FEF7EDFB9920FEF7EAFB0020FEF7E7FBBB
:101EC000A820FEF7E4FB0020FEF7E1FBB920FEF7B7
:101ED000DEFB0020FEF7DBFBC420FEF7D8FB002072
:101EE000FEF7D5FBCA20FEF7D2FB0020FEF7CFFBA2
:101EF000D220FEF7CCFB0020FEF7C9FBD920FEF76D
:101F0000C6FB0020FEF7C3FBE020FEF7C0FB00206D
:101F1000FEF7BDFBF320FEF7BAFB0020FEF7B7FB90
:101F2000E120FEF7ABFB1620FEF7B1FB0020FEF729
:101F3000AEFB1C20FEF7ABFB0020FEF7A8FB222027
:101F4000FEF7A5FB0020FEF7A2FB3620FEF79FFB65
:101F50000020FEF79CFB4520FEF799FB0020FEF7D2
:101F600096FB5220FEF793FB0020FEF790FB6420C7
:101F7000FEF78DFB0020FEF78AFB7A20FEF787FB39
:101F80000020FEF784FB8B20FEF781FB0020FEF78C
:101F90007EFB9920FEF77BFB0020FEF778FBA82054
:101FA000FEF775FB0020FEF772FBB920FEF76FFB12
:101FB0000020FEF76CFBC420FEF769FB0020FEF753
:101FC00066FBCA20FEF763FB0020FEF760FBD22011
:101FD000FEF75DFB0020FEF75AFBD820FEF757FB0B
:101FE0000020FEF754FBE020FEF751FB0020FEF737
:101FF0004EFBF320FEF74BFB0020FEF748FBE220F0
:10200000FEF73CFB0520FEF742FB0020FEF73FFBFE
:102010000B20FEF73CFB0020FEF739FB1B20FEF7F0
:1020200036FB0020FEF733FB3420FEF730FB0020A8
:10203000FEF72DFB4420FEF72AFB0020FEF727FBCE
:102040004F20FEF724FB0020FEF721FB6120FEF766
:102050001EFB0020FEF71BFB7920FEF718FB00207B
:10206000FEF715FB8820FEF712FB0020FEF70FFBA2
:102070009720FEF70CFB0020FEF709FBA620FEF7D9
:1020800006FB0020FEF703FBB720FEF700FB002055
:10209000FEF7FDFAC220FEF7FAFA0020FEF7F7FA83
:1020A000C720FEF7F4FA0020FEF7F1FAD120FEF780
:1020B000EEFA0020FEF7EBFAD620FEF7E8FA002051
:1020C000FEF7E5FADD20FEF7E2FA0020FEF7DFFA80
:1020D000F320FEF7DCFA0020FEF7D9FAE320FEF742
:1020E000CDFA0520FEF7D3FA0020FEF7D0FA0A2039
:1020F000FEF7CDFA0020FEF7CAFA1C20FEF7C7FA59
:102100000020FEF7C4FA3320FEF7C1FA0020FEF7E4
:10211000BEFA4420FEF7BBFA0020FEF7B8FA5020C2
:10212000FEF7B5FA0020FEF7B2FA6220FEF7AFFA2A
:102130000020FEF7ACFA7820FEF7A9FA0020FEF79F
:10214000A6FA8820FEF7A3FA0020FEF7A0FA97204F
:10215000FEF79DFA0020FEF79AFAA620FEF797FAFE
:102160000020FEF794FAB720FEF791FA0020FEF760
:102170008EFAC220FEF78BFA0020FEF788FAC720FD
:10218000FEF785FA0020FEF782FAD120FEF77FFAEB
:102190000020FEF77CFAD520FEF779FA0020FEF742
:1021A00076FADD20FEF773FA0020FEF770FAF320CE
:1021B000FEF76DFA0020FEF76AFAE420FEF75EFAF9
:1021C0000120FEF764FA0020FEF761FA0120FEF715
:1021D0005EFA0020FEF75BFA0220FEF758FA0020B4
:1021E000FEF755FA2A20FEF752FA0020FEF74FFAC2
:1021F0003C20FEF74CFA0020FEF749FA4B20FEF790
:1022000046FA0020FEF743FA5D20FEF740FA002070
:10221000FEF73DFA7420FEF73AFA0020FEF737FA8F
:102220008420FEF734FA0020FEF731FA9320FEF7FF
:102230002EFA0020FEF72BFAA220FEF728FA002043
:10224000FEF725FAB320FEF722FA0020FEF71FFA68
:10225000BE20FEF71CFA0020FEF719FAC420FEF794
:1022600016FA0020FEF713FACD20FEF710FA002030
:10227000FEF70DFAD320FEF70AFA0020FEF707FA60
:10228000DD20FEF704FA0020FEF701FAF320FEF746
:10229000FEF90020FEF7FBF9E520FEF7EFF900203C
:1022A000FEF7F5F90020FEF7F2F90020FEF7EFF94E
:1022B0000020FEF7ECF90220FEF7E9F90020FEF716
:1022C000E6F92920FEF7E3F90020FEF7E0F93C20CB
:1022D000FEF7DDF90020FEF7DAF94B20FEF7D7F91B
:1022E0000020FEF7D4F95D20FEF7D1F90020FEF7BB
:1022F000CEF97420FEF7CBF90020FEF7C8F9842050
:10230000FEF7C5F90020FEF7C2F99320FEF7BFF9EA
:102310000020FEF7BCF9A220FEF7B9F90020FEF775
:10232000B6F9B320FEF7B3F90020FEF7B0F9BE20EE
:10233000FEF7ADF90020FEF7AAF9C420FEF7A7F9D1
:102340000020FEF7A4F9CD20FEF7A1F90020FEF74A
:102350009EF9D320FEF79BF90020FEF798F9DC20C8
:10236000FEF795F90020FEF792F9F320FEF78FF9BA
:102370000020FEF78CF9E620FEF780F91120FEF729
:1023800086F90020FEF783F93420FEF780F900205B
:10239000FEF77DF95620FEF77AF90020FEF777F96F
:1023A0007620FEF774F90020FEF771F97720FEF72A
:1023B0006EF90020FEF76BF96620FEF768F9002041
:1023C000FEF765F98820FEF762F90020FEF75FF955
:1023D0009920FEF75CF90020FEF759F9BB20FEF7C3
:1023E00056F90020FEF753F99920FEF750F9002026
:1023F000FEF74DF96620FEF74AF90020FEF747F98F
:102400005520FEF744F90020FEF741F95520FEF76C
:102410003EF90020FEF73BF94520FEF738F9002091
:10242000FEF735F94320FEF732F90020FEF72FF9C9
:102430004420FEF72CF90020FEF729F9E720FEF7EB
:102440001DF93220FEF723F90020FEF720F9552070
:10245000FEF71DF90020FEF71AF97620FEF717F9AE
:102460000020FEF714F96620FEF711F90020FEF7B0
:102470000EF96720FEF70BF90020FEF708F9672038
:10248000FEF705F90020FEF702F98720FEF7FFF8B6
:102490000020FEF7FCF89920FEF7F9F80020FEF77F
:1024A000F6F8BB20FEF7F3F80020FEF7F0F89920CD
:1024B000FEF7EDF80020FEF7EAF87720FEF7E7F8E0
:1024C0000020FEF7E4F84420FEF7E1F80020FEF7D4
:1024D000DEF85620FEF7DBF80020FEF7D8F82320C0
:1024E000FEF7D5F80020FEF7D2F83320FEF7CFF83C
:1024F0000020FEF7CCF84520FEF7C9F80020FEF7D3
:10250000C6F8E820FEF7BAF80020FEF7C0F8002071
:10251000FEF7BDF89920FEF7BAF80020FEF7B7F8ED
:102520008720FEF7B4F80020FEF7B1F88820FEF708
:10253000AEF80020FEF7ABF87720FEF7A8F80020F1
:10254000FEF7A5F86620FEF7A2F80020FEF79FF838
:102550008820FEF79CF80020FEF799F8AA20FEF7E5
:1025600096F80020FEF793F8BB20FEF790F80020C5
:10257000FEF78DF89920FEF78AF80020FEF787F81D
:102580006620FEF784F80020FEF781F85520FEF75C
:102590007EF80020FEF77BF85520FEF778F8002043
:1025A000FEF775F84420FEF772F80020FEF76FF88A
:1025B0004420FEF76CF80020FEF769F85520FEF77E
:1025C00066F80020FEF763F8E920FEF757F8AA2026
:1025D000FEF75DF80020FEF75AF80020FEF757F8E6
:1025E0000020FEF754F80020FEF748F8AA20FEF776
:1025F0004EF8CF20FEF742F80020FEF748F8002002
:10260000FEF745F80020FEF742F80020FEF73FF8FD
:102610000020FEF73CF80020FEF739F80020FEF716
:1026200036F80020FEF733F80020FEF730F80020DF
:10263000FEF72DF80020FEF72AF80020FEF727F815
:102640000020FEF724F80020FEF721F80020FEF716
:102650001EF80020FEF71BF80020FEF718F8F02007
:10266000FEF70CF80020FEF712F85020FEF70FF8E6
:102670000020FEF70CF80020FEF709F80020FEF716
:1026800006F8F320FDF7FAFF0020FEF700F8F92026
:10269000FDF7F4FF0620FDF7FAFF1020FDF7F7FF26
:1026A0002920FDF7F4FF0020FDF7F1FF3A20FDF7A8
:1026B000E5FF5520FDF7EBFF1120FDF7DFFF64205C
:1026C00004F0CCF92920FDF7D9FF3520FDF7D6FF1E
:1026D0000020FDF7DCFF5120FDF7D0FFFF20FDF7C4
:1026E000D6FF5320FDF7CAFF2C20FDF7D0FF552061
:1026F000FDF7C4FF8220FDF7CAFF2C20FDF7BEFFC7
:1027000001F048B8FE48808845F2105188427DD1DA
:1027100055214FF47040FDF7CCFFAA214FF2010084
:10272000FDF7C7FF52214FF20200FDF7C2FF08215B
:102730004FF20300FDF7BDFF01214FF20400FDF74A
:10274000B8FF0D214FF43040FDF7B3FF0D214BF2E0
:102750000100FDF7AEFF0D214BF20200FDF7A9FFCE
:1027600034214FF43640FDF7A4FF34214BF20160D1
:10277000FDF79FFF34214BF20260FDF79AFF0D2118
:102780004FF43140FDF795FF0D214BF20110FDF79D
:1027900090FF0D214BF20210FDF78BFF34214FF417
:1027A0003740FDF786FF34214BF20170FDF781FFC2
:1027B00034214BF20270FDF77CFF00214FF43240D0
:1027C000FDF777FF00214BF20120FDF772FF00219A
:1027D0004BF20220FDF76DFF24214FF43840FDF746
:1027E00068FF24214BF60100FDF763FF24214BF61F
:1027F0000200FDF75EFF01214FF43F40FDF759FF56
:102800000F214FF43340FDF754FF00E0FDE30F21AB
:102810004BF20130FDF74DFF0F214BF20230FDF777
:1028200048FF34214FF43940FDF743FF34214BF684
:102830000110FDF73EFF34214BF60210FDF739FF82
:1028400008214FF43540FDF734FF08214BF20150C9
:10285000FDF72FFF08214BF20250FDF72AFF03215D
:102860004FF44240FDF725FF24214FF43A40FDF795
:1028700020FF24214BF60120FDF71BFF24214BF6FE
:102880000220FDF716FF00214FF43C40FDF711FF39
:1028900078214BF60140FDF70CFF00214BF602407A
:1028A000FDF707FF00214FF43D40FDF702FF7821BF
:1028B0004BF60150FDF7FDFE00214BF60250FDF7EF
:1028C000F8FE00214FF43E40FDF7F3FE64214BF685
:1028D0000160FDF7EEFE00214FF45140FDF7E9FEE7
:1028E00033214DF20110FDF7E4FE00214DF20210FC
:1028F000FDF7DFFE34214DF20310FDF7DAFE002173
:102900004DF20410FDF7D5FE3A214DF20510FDF70A
:10291000D0FE00214DF20610FDF7CBFE4A214DF20C
:102920000710FDF7C6FE00214DF20810FDF7C1FEAD
:102930005C214DF20910FDF7BCFE00214DF20A109A
:10294000FDF7B7FE81214DF20B10FDF7B2FE00211D
:102950004DF20C10FDF7ADFEA6214DF20D10FDF766
:10296000A8FE00214DF20E10FDF7A3FEE5214DF269
:102970000F10FDF79EFE01214DF21010FDF799FE9C
:1029800013214DF21110FDF794FE01214DF21210AA
:10299000FDF78FFE54214DF21310FDF78AFE012141
:1029A0004DF21410FDF785FE82214DF21510FDF752
:1029B00080FE01214DF21610FDF77BFECA214DF27B
:1029C0001710FDF776FE02214DF21810FDF771FE8B
:1029D00000214DF21910FDF76CFE02214DF21A1084
:1029E000FDF767FE01214DF21B10FDF762FE02218B
:1029F0004DF21C10FDF75DFE34214DF21D10FDF768
:102A000058FE02214DF21E10FDF753FE67214DF2D4
:102A10001F10FDF74EFE02214DF22010FDF749FE7A
:102A200084214DF22110FDF744FE02214DF22210C7
:102A3000FDF73FFEA4214DF22310FDF73AFE0221DF
:102A40004DF22410FDF735FEB7214DF22510FDF7AC
:102A500030FE02214DF22610FDF72BFECF214DF264
:102A60002710FDF726FE02214DF22810FDF721FE6A
:102A7000DE214DF22910FDF71CFE02214DF22A1035
:102A8000FDF717FEF2214DF22B10FDF712FE022189
:102A90004DF22C10FDF70DFEFE214DF22D10FDF72D
:102AA00008FE03214DF22E10FDF703FE10214DF21A
:102AB0002F10FDF7FEFD03214DF23010FDF7F9FD5B
:102AC00033214DF23110FDF7F4FD03214DF23210A8
:102AD000FDF7EFFD6D214DF23310FDF7EAFD00210A
:102AE0004FF45240FDF7E5FD33214DF20120FDF793
:102AF000E0FD00214DF20220FDF7DBFD342101E075
:102B0000A00200204DF20320FDF7D3FD00214DF27D
:102B10000420FDF7CEFD3A214DF20520FDF7C9FD59
:102B200000214DF20620FDF7C4FD4A214DF2072099
:102B3000FDF7BFFD00214DF20820FDF7BAFD5C2135
:102B40004DF20920FDF7B5FD00214DF20A20FDF7F9
:102B5000B0FD81214DF20B20FDF7ABFD00214DF2C0
:102B60000C20FDF7A6FDA6214DF20D20FDF7A1FDDD
:102B700000214DF20E20FDF79CFDE5214DF20F20C6
:102B8000FDF797FD01214DF21020FDF792FD132175
:102B90004DF21120FDF78DFD01214DF21220FDF7C0
:102BA00088FD54214DF21320FDF783FD01214DF2E4
:102BB0001420FDF77EFD82214DF21520FDF779FDF1
:102BC00001214DF21620FDF774FDCA214DF21720A8
:102BD000FDF76FFD02214DF21820FDF76AFD00217F
:102BE0004DF21920FDF765FD02214DF21A20FDF787
:102BF00060FD01214DF21B20FDF75BFD02214DF22E
:102C00001C20FDF756FD34214DF21D20FDF751FD2E
:102C100002214DF21E20FDF74CFD67214DF21F20D1
:102C2000FDF747FD02214DF22020FDF742FD8421F2
:102C30004DF22120FDF73DFD02214DF22220FDF74E
:102C400038FDA4214DF22320FDF733FD02214DF282
:102C50002420FDF72EFDB7214DF22520FDF729FD9B
:102C600002214DF22620FDF724FDCF214DF2272031
:102C7000FDF71FFD02214DF22820FDF71AFDDE2190
:102C80004DF22920FDF715FD02214DF22A20FDF716
:102C900010FDF2214DF22B20FDF70BFD02214DF22C
:102CA0002C20FDF706FDFE214DF22D20FDF701FD44
:102CB00003214DF22E20FDF7FCFC10214DF22F20B8
:102CC000FDF7F7FC03214DF23020FDF7F2FC332134
:102CD0004DF23120FDF7EDFC03214DF23220FDF7DE
:102CE000E8FC6D214DF23320FDF7E3FC00214FF4A9
:102CF0005340FDF7DEFC33214DF20130FDF7D9FCE6
:102D000000214DF20230FDF7D4FC34214DF20330A6
:102D1000FDF7CFFC00214DF20430FDF7CAFC3A214B
:102D20004DF20530FDF7C5FC00214DF20630FDF7F0
:102D3000C0FC4A214DF20730FDF7BBFC00214DF2EB
:102D40000830FDF7B6FC5C214DF20930FDF7B1FC0F
:102D500000214DF20A30FDF7ACFC81214DF20B3021
:102D6000FDF7A7FC00214DF20C30FDF7A2FCA621D7
:102D70004DF20D30FDF79DFC00214DF20E30FDF7B8
:102D800098FCE5214DF20F30FDF793FC01214DF247
:102D90001030FDF78EFC13214DF21130FDF789FC48
:102DA00001214DF21230FDF784FC54214DF2133015
:102DB000FDF77FFC01214DF21430FDF77AFC8221F2
:102DC0004DF21530FDF775FC01214DF21630FDF77F
:102DD00070FCCA214DF21730FDF76BFC02214DF259
:102DE0001830FDF766FC00214DF21930FDF761FC4B
:102DF00002214DF21A30FDF75CFC01214DF21B302F
:102E0000FDF757FC02214DF21C30FDF752FC342136
:102E10004DF21D30FDF74DFC02214DF21E30FDF745
:102E200048FC67214DF21F30FDF743FC02214DF2B3
:102E30002030FDF73EFC84214DF22130FDF739FCB6
:102E400002214DF22230FDF734FCA4214DF2233053
:102E5000FDF72FFC02214DF22430FDF72AFCB721AB
:102E60004DF22530FDF725FC02214DF22630FDF70D
:102E700020FCCF214DF22730FDF71BFC02214DF243
:102E80002830FDF716FCDE214DF22930FDF711FC4C
:102E900002214DF22A30FDF70CFCF2214DF22B30CD
:102EA000FDF707FC02214DF22C30FDF702FCFE215C
:102EB0004DF22D30FDF7FDFB03214DF22E30FDF7D5
:102EC000F8FB10214DF22F30FDF7F3FB03214DF2FB
:102ED0003030FDF7EEFB33214DF23130FDF7E9FBE9
:102EE00003214DF23230FDF7E4FB6D214DF233301A
:102EF000FDF7DFFB00214FF45440FDF7DAFB3321EF
:102F00004DF20140FDF7D5FB00214DF20240FDF7E7
:102F1000D0FB34214DF20340FDF7CBFB00214DF2F5
:102F20000440FDF7C6FB3A214DF20540FDF7C1FB19
:102F300000214DF20640FDF7BCFB4A214DF207404F
:102F4000FDF7B7FB00214DF20840FDF7B2FB5C2115
:102F50004DF20940FDF7ADFB00214DF20A40FDF7AF
:102F6000A8FB81214DF20B40FDF7A3FB00214DF2A0
:102F70000C40FDF79EFBA6214DF20D40FDF799FB9D
:102F800000214DF20E40FDF794FBE5214DF20F407C
:102F9000FDF78FFB01214DF21040FDF78AFB132155
:102FA0004DF21140FDF785FB01214DF21240FDF776
:102FB00080FB54214DF21340FDF77BFB01214DF2C4
:102FC0001440FDF776FB82214DF21540FDF771FBB1
:102FD00001214DF21640FDF76CFBCA214DF217405E
:102FE000FDF767FB02214DF21840FDF762FB00215F
:102FF0004DF21940FDF75DFB02214DF21A40FDF73D
:1030000058FB01214DF21B4000E005E3FDF751FBA9
:1030100002214DF21C40FDF74CFB34214DF21D40C6
:10302000FDF747FB02214DF21E40FDF742FB6721F1
:103030004DF21F40FDF73DFB02214DF22040FDF710
:1030400038FB84214DF22140FDF733FB02214DF284
:103050002240FDF72EFBA4214DF22340FDF729FB72
:1030600002214DF22440FDF724FBB7214DF225400B
:10307000FDF71FFB02214DF22640FDF71AFBCF2181
:103080004DF22740FDF715FB02214DF22840FDF7D8
:1030900010FBDE214DF22940FDF70BFB02214DF222
:1030A0002A40FDF706FBF2214DF22B40FDF701FB14
:1030B00002214DF22C40FDF7FCFAFE214DF22D408D
:1030C000FDF7F7FA03214DF22E40FDF7F2FA102139
:1030D0004DF22F40FDF7EDFA03214DF23040FDF7A0
:1030E000E8FA33214DF23140FDF7E3FA03214DF2C6
:1030F0003240FDF7DEFA6D214DF23340FDF7D9FA8B
:1031000000214FF45540FDF7D4FA33214DF2015020
:10311000FDF7CFFA00214DF20250FDF7CAFA342133
:103120004DF20350FDF7C5FA00214DF20450FDF7B2
:10313000C0FA3A214DF20550FDF7BBFA00214DF2DD
:103140000650FDF7B6FA4A214DF20750FDF7B1FAE5
:1031500000214DF20850FDF7ACFA5C214DF2095008
:10316000FDF7A7FA00214DF20A50FDF7A2FA8121DE
:103170004DF20B50FDF79DFA00214DF20C50FDF77A
:1031800098FAA6214DF20D50FDF793FA00214DF269
:103190000E50FDF78EFAE5214DF20F50FDF789FA3A
:1031A00001214DF21050FDF784FA13214DF2115018
:1031B000FDF77FFA01214DF21250FDF77AFA542102
:1031C0004DF21350FDF775FA01214DF21450FDF741
:1031D00070FA82214DF21550FDF76BFA01214DF284
:1031E0001650FDF766FACA214DF21750FDF761FA45
:1031F00002214DF21850FDF75CFA00214DF21950F2
:10320000FDF757FA02214DF21A50FDF752FA01214B
:103210004DF21B50FDF74DFA02214DF21C50FDF707
:1032200048FA34214DF21D50FDF743FA02214DF2C8
:103230001E50FDF73EFA67214DF21F50FDF739FA97
:1032400002214DF22050FDF734FA84214DF2215035
:10325000FDF72FFA02214DF22250FDF72AFAA421A0
:103260004DF22350FDF725FA02214DF22450FDF7CF
:1032700020FAB7214DF22550FDF71BFA02214DF23D
:103280002650FDF716FACF214DF22750FDF711FA1F
:1032900002214DF22850FDF70CFADE214DF22950A3
:1032A000FDF707FA02214DF22A50FDF702FAF2214A
:1032B0004DF22B50FDF7FDF902214DF22C50FDF798
:1032C000F8F9FE214DF22D50FDF7F3F903214DF2EF
:1032D0002E50FDF7EEF910214DF22F50FDF7E9F9D0
:1032E00003214DF23050FDF7E4F933214DF2315016
:1032F000FDF7DFF903214DF23250FDF7DAF96D21C8
:103300004DF23350FDF7D5F900214FF45640FDF74B
:10331000D0F933214DF20160FDF7CBF900214DF2D8
:103320000260FDF7C6F934214DF20360FDF7C1F9E3
:1033300000214DF20460FDF7BCF93A214DF2056021
:10334000FDF7B7F900214DF20660FDF7B2F94A2109
:103350004DF20760FDF7ADF900214DF20860FDF771
:10336000A8F95C214DF20960FDF7A3F900214DF2A7
:103370000A60FDF79EF981214DF20B60FDF799F986
:1033800000214DF20C60FDF794F9A6214DF20D607D
:10339000FDF78FF900214DF20E60FDF78AF9E52166
:1033A0004DF20F60FDF785F901214DF21060FDF738
:1033B00080F913214DF21160FDF77BF901214DF2E7
:1033C0001260FDF776F954214DF21360FDF771F9A3
:1033D00001214DF21460FDF76CF982214DF2156068
:1033E000FDF767F901214DF21660FDF762F9CA2178
:1033F0004DF21760FDF75DF902214DF21860FDF7FF
:1034000058F900214DF21960FDF753F902214DF2F0
:103410001A60FDF74EF901214DF21B60FDF749F9E5
:1034200002214DF21C60FDF744F934214DF21D607C
:10343000FDF73FF902214DF21E60FDF73AF96721D1
:103440004DF21F60FDF735F902214DF22060FDF7C6
:1034500030F984214DF22160FDF72BF902214DF264
:103460002260FDF726F9A4214DF22360FDF721F932
:1034700002214DF22460FDF71CF9B7214DF22560C1
:10348000FDF717F902214DF22660FDF712F9CF2161
:103490004DF22760FDF70DF902214DF22860FDF78E
:1034A00008F9DE214DF22960FDF703F902214DF202
:1034B0002A60FDF7FEF8F2214DF22B60FDF7F9F8D6
:1034C00002214DF22C60FDF7F4F8FE214DF22D6043
:1034D000FDF7EFF803214DF22E60FDF7EAF8102119
:1034E0004DF22F60FDF7E5F803214DF23060FDF756
:1034F000E0F833214DF23160FDF7DBF803214DF2A6
:103500003260FDF7D6F86D214DF23360FDF7D1F84A
:1035100055214FF47040FDF7CCF8AA214FF201007D
:10352000FDF7C7F852214FF20200FDF7C2F808215B
:103530004FF20300FDF7BDF800214FF20400FDF744
:10354000B8F8CC214FF43140FDF7B3F800214BF22D
:103550000110FDF7AEF805214FF43640FDF7A9F84C
:1035600070214FF43740FDF7A4F870214BF2017041
:10357000FDF79FF801214FF43840FDF79AF8032139
:103580004BF60100FDF795F803214BF60200FDF71D
:1035900090F803214BF60300FDF78BF802214FF45E
:1035A0003C40FDF786F800214BF60140FDF781F81D
:1035B00000214BF60240FDF77CF8D0214FF4494042
:1035C000FDF777F802214CF60110FDF772F8502153
:1035D0004CF60210FDF76DF850214CF60310FDF784
:1035E00068F850214CF60410FDF763F800214FF401
:1035F0005450FDF75EF855214FF46850FDF759F827
:103600004FF48850FDF73AF8782003F0DFF94FF4D3
:103610002450FDF733F8BDE0FE48808841F6631181
:103620008842F8D1E220FDF729F81D20FDF72FF898
:103630000220FDF72CF80420FDF729F8642003F0A0
:10364000C5F9E020FDF71AF80120FDF720F80A205F
:1036500003F004FAE020FDF711F80320FDF717F856
:103660000C2003F0FBF90120FDF708F80A2003F015
:10367000F5F9E620FDF702F82F20FDF708F8FF2006
:10368000FDF705F8FF20FDF702F8B020FCF7F6FF84
:103690002020FCF7FCFF0020FCF7F9FF0320FCF7DB
:1036A000F6FF40F21F30FCF7F2FF0120FCF7EFFFBE
:1036B00040F2DF10FCF7EBFF0020FCF7E8FFB4203E
:1036C000FCF7DCFF0420FCF7E2FF40F21F40FCF7B0
:1036D000DEFF0020FCF7DBFF2E20FCF7D8FF0020E8
:1036E000FCF7D5FF0020FCF7D2FF0020FCF7CFFF4E
:1036F0000020FCF7CCFFB620FCF7C0FF0220FCF74F
:10370000C6FF4FF40370FCF7C2FF0020FCF7BFFFB9
:103710001720FCF7BCFF1520FCF7B9FF0020FCF7D1
:10372000B6FF0020FCF7B3FFF020FCF7A7FF032053
:10373000FCF7ADFF2920FCF7A1FFD020FCF79EFF8E
:103740000020FCF7A4FFBE20FCF798FF0520FCF743
:103750009EFFFE20FCF79BFF0120FCF798FF002056
:10376000FCF795FF0020FCF792FF0020FCF78FFF8D
:10377000B820FCF783FF0320FCF789FF0120FCF74A
:1037800086FFBA20FCF77AFF0120FCF780FF642057
:10379000FDF74FFA0020FDF778FA01209E490860F6
:1037A0004FF6FF70FDF7C6FB21B000BD2DE9F04FCD
:1037B00005460E4617469846DDF824A04FF0000B4C
:1037C000781B401C1FFA80FB344614E02146284633
:1037D000FCF79EFFFCF77FFF4FF0000907E04FF07A
:1037E000D840A0F880A009F101001FFA80F9D9455E
:1037F000F5DB601C84B24445E8DDBDE8F08F2DE9BF
:10380000F84F07460D4690469946DDF828B0A8EBDC
:103810000700401C1FFA80FAA9EB0500401C80B28B
:103820000090002414E0281981B23846FCF770FF9C
:10383000FCF751FF002607E004FB0A603BF810008C
:1038400076490880701C86B25645F5DB601C84B250
:1038500000988442E7DBBDE8F88F2DE9FF4F84B084
:1038600081468A460020039002900698A0EB090545
:103870000798A0EB0A06CDF80490CDF800A0002D23
:1038800001DD012705E00DB9002702E04FF0FF3709
:103890006D42002E02DD4FF0010806E016B94FF030
:1038A000000802E04FF0FF387642B54201DD2C46B9
:1038B00000E034464FF0000B21E0009A91B2019AEB
:1038C00090B2FDF731F903982844039002983044F0
:1038D00002900398A04205DD0398001B0390019815
:1038E000384401900298A04205DD0298001B029026
:1038F0000098404400900BF101001FFA80FB601C0F
:103900008345DADD08B0BDE8F08FF0B504460D461A
:1039100016461F462B46324629462046FFF79DFF96
:103920003B46224629462046FFF797FF3B46324654
:1039300039462046FFF791FF3B463246294630463E
:10394000FFF78BFFF0BD2DE9F04306460F4690468A
:10395000002445460320A0EB48093CE07A1B91B2C5
:10396000321990B2FDF7E0F83A1B91B2721990B299
:10397000FDF7DAF83A1991B2721990B2FDF7D4F85E
:103980007A1991B2321990B2FDF7CEF87A1991B244
:10399000321B90B2FDF7C8F83A1991B2721B90B27F
:1039A000FDF7C2F87A1B91B2321B90B2FDF7BCF85A
:1039B0003A1B91B2721B90B2FDF7B6F8641CB9F1D4
:1039C000000F03DAA000801D814404E0601B80002A
:1039D0000A3081446D1EAC42C0DDBDE8F0832DE9A4
:1039E000F84F80460E4617461C46B3462046E3175E
:1039F00004EB5373DB1021464FEAE47C04EB5C7C60
:103A00004FEAEC0CA4EBCC0CBCF1000F08D04FF04B
:103A1000010C07E0A0020020BC8240428000006C44
:103A20004FF0000C6344224604EBD27C4FEA6C0C4E
:103A300003FB0CF3DBB20093A7F12000C7B2002513
:103A400056E00C2C07D107EB47009F4901EB8000A3
:103A500010F8059013E0102C05D19C4800EB0710DE
:103A600010F805900BE0182C07D107EBC700984918
:103A700001EB800010F8059001E0BDE8F88F4FF0F1
:103A8000000A2FE009F0800030B1924802883146E8
:103A90004046FDF757F807E00A9828B98E48028893
:103AA00031464046FDF74EF84FEA49604FEA10694B
:103AB000701C86B289484088B04200DCDDE7A6EB86
:103AC0000B00A0420AD15E4608F101001FFA80F8FF
:103AD00082480088404500DCCFE706E00AF101009B
:103AE00000F0FF0ABAF1080FCCDB00BF681CC5B2BA
:103AF00000988542A5DB00BFBFE710B50246012054
:103B000000E050430B1EA1F10104E1B2F9D110BD58
:103B10002DE9FF4F81B0074691461E460E9D4FF09E
:103B2000000A002439E0301B401EC1B20A20FFF712
:103B3000E4FFB9FBF0F00A21B0FBF1F201FB12083F
:103B4000BAF1000F16D1701EA04213DDB8F1000FBC
:103B50000ED10020AB4605EBDB71491001FB04716F
:103B6000009088B22B4620220299FFF738FF12E01E
:103B70004FF0010A0020AB4605EBDB71491001FB59
:103B80000471009088B208F13001CAB22B46029944
:103B9000FFF725FF00BF601CC4B2B442C3DB05B011
:103BA000BDE8F08F2DE9FF4F82B0064692461F46D2
:103BB000DDE90F480020019000254DE0781B401EF4
:103BC000C1B20A20FFF799FFBAFBF0F00A21B0FB5F
:103BD000F1F201FB1209019850BB781EA84227DDC3
:103BE000B9F1000F22D108F0800078B108F001008F
:103BF000A34604EBDB71491001FB0561009088B21C
:103C0000234630220399FFF7EAFE0EE008F0010098
:103C1000A34604EBDB71491001FB0561009088B2FB
:103C2000234620220399FFF7DAFE13E001200190DA
:103C300008F00100A34604EBDB71491001FB0561AC
:103C4000009088B209F13001CAB223460399FFF708
:103C5000C6FE00BF681CC5B2BD42AFDB06B0BDE802
:103C6000F08F2DE9F84704460D4690469946DDE968
:103C7000096704F0FF0A08EB04001FFA80F809EB5B
:103C800005001FFA80F916E0444502DB5446A819E6
:103C900085B24D4500DB14E0002000903A783346B1
:103CA00029462046FFF79BFE304606EBD07104EB19
:103CB00061018CB27F1C38787E2802DC387820289D
:103CC000E2DA00BFBDE8F887FE050108720A0108C4
:103CD000621001081400002016000020A00200203D
:103CE0001CB50121112003F015FE1C2000900020BE
:103CF0008DF8040003208DF8050001208DF80700E1
:103D00006946354803F084F80120009002208DF8C0
:103D100007006946314803F07BF81CBD10B5044626
:103D200014B101202E4908702D480078002837D0A2
:103D30001021294803F0CEF878B10821264803F075
:103D4000C9F850B10421244803F0C4F828B1012176
:103D5000224803F0BFF8012822D10A2002F07EFE9B
:103D600000201F49087010211B4803F0B3F808B960
:103D7000012010BD0821184803F0ACF808B9022052
:103D8000F7E70421144803F0A5F808B90320F0E789
:103D90000121124803F09EF801281BD10420E8E716
:103DA00010210D4803F096F8012813D108210A4884
:103DB00003F090F801280DD10421074803F08AF898
:103DC000012807D10121054803F084F810B901202A
:103DD000034908700020CCE70010024000000240B8
:103DE0001800002010B5044600BF0221414805F02C
:103DF00071F90028F9D021463E4805F022F900BFAC
:103E000001213C4805F066F90028F9D0394805F051
:103E100015F9C0B210BD00B587B00121084603F006
:103E200079FD0121080303F0CFFD38200590022021
:103E30008DF8180000208DF81A0003208DF8190065
:103E400001208DF81B0005A92B4802F0E1FF052297
:103E50000321294803F067F805220421264803F0CE
:103E600062F805221146244803F05DF80121080399
:103E700003F0FFFD00214FF4805003F0FAFD002015
:103E8000ADF800004FF48270ADF802000020ADF8EC
:103E900004000220ADF806000120ADF80800400241
:103EA000ADF80A003820ADF80C000020ADF80E0087
:103EB0000720ADF8100069460E4804F047FF0121C5
:103EC0000C4805F03DF8FF20FFF78CFF07B000BD60
:103ED00010B50446074800884FF6C77108400549E9
:103EE000088008460088204308800121014805F029
:103EF00027F810BD003001400004024010B5002436
:103F00000020D84908609020FFF76CFF0020FFF7E1
:103F100069FF0020FFF766FF0020FFF763FFFF2027
:103F2000FFF760FF44EA0024FF20FFF75BFF044334
:103F30000120CD49C1F8B802204610BD1CB50121B1
:103F4000022003F0E7FC0121402003F0E3FC4FF4E2
:103F50008040009001208DF8040000208DF80600BC
:103F600003208DF8050001208DF807006946BF4841
:103F700002F04EFF802000906946BD4802F048FFE5
:103F80008021BB4802F0C0FF0120B6490860FFF75E
:103F900042FF0820FFF79CFFFFF7B0FFB5490880FC
:103FA0001CBD10B500240020AE4908600520FFF7B5
:103FB00019FFFF20FFF716FF04460120AA49C1F8A8
:103FC000B802204610BD10B504460020A54908607F
:103FD0000120FFF707FF2046FFF704FF0120A24959
:103FE000C1F8B80210BD10B500209E490860062037
:103FF000FFF7F8FE01209C49C1F8B80210BD10B5CA
:104000000020984908600420FFF7ECFE0120964943
:10401000C1F8B80210BD2DE9F04106460C4617461E
:104020000020904908600320FFF7DCFEC4F307403E
:10403000FFF7D8FEC4F30720FFF7D4FEE0B2FFF786
:10404000D1FE002505E0FF20FFF7CCFE7055681C6F
:1040500085B2BD42F7DB012082490860BDE8F081EE
:1040600010B500BFFFF79DFF00F001000028F9D157
:1040700010BD2DE9F04106460C461746FFF7B3FF89
:104080000020784908600220FFF7ACFEC4F3074027
:10409000FFF7A8FEC4F30720FFF7A4FEE0B2FFF786
:1040A000A1FE002504E0705DFFF79CFE681C85B250
:1040B000BD42F8DB01206B490860FFF7D1FFBDE886
:1040C000F0812DE9F04107460E461446F0B2C0F5E6
:1040D0008075AC4200DC254612E02A46314638465F
:1040E000FFF7C7FFAC4200D10BE02F442E44601B0A
:1040F00084B2B4F5807F02DD4FF4807500E0254680
:10410000EBE700BFBDE8F08110B5044621465AA098
:104110000BF038FD2403FFF766FFFFF7A1FF002037
:10412000504908602020FFF75DFEC4F30740FFF709
:1041300059FEC4F30720FFF755FEE0B2FFF752FE29
:1041400001204949C1F8B802FFF78AFF10BD2DE9E7
:10415000F05F81460F461646DFF824B14FEA173864
:10416000C7F30B0ACAF58054A64200DC344644E08B
:104170004FEA08314FF480525846FFF74CFF0025B4
:1041800008E00AEB05001BF80000FF2800D003E060
:10419000681C85B2A542F4DB00BFA54216DA404692
:1041A000FFF7B2FF002507E019F8050005EB0A014B
:1041B0000BF80100681C85B2A542F5DB4FEA083117
:1041C0004FF480525846FFF77CFF04E02246394600
:1041D0004846FFF776FFA64200D10FE008F101083C
:1041E0004FF0000AA1442744301B86B2B6F5805F29
:1041F00002DD4FF4805400E03446B9E700BFBDE86B
:10420000F09F10B5FFF7EFFEFFF72AFF00201549DA
:104210000860C720FFF7E6FD01201349C1F8B80286
:10422000FFF71EFF10BD10B500200E490860B92031
:10423000FFF7D8FD01200C49C1F8B802032002F0B5
:10424000C5FB10BD10B5002006490860AB20FFF784
:10425000C9FD01200449C1F8B802032002F0B6FBF1
:1042600010BD0000B882404200804042000402407D
:10427000001802401A00002066653A25780D0A00F1
:10428000AE0200200020FE490860091D0860091DDB
:104290000860091D0860FA4924310860091D08609A
:1042A000091D0860F748F649383108600020091DEB
:1042B0000860704701460020012900D011B9F24B77
:1042C000197000E0262070470146ED4A121D106863
:1042D00020F0FF0008431060704770B5044606E008
:1042E000E7483430056805F0450000B100E0F7E725
:1042F00000BF042004F0E6FF20B1042004F0EDFF2D
:10430000032070BD012004F0DDFF20B1012004F086
:10431000E4FF0120F5E7DA4810300068A04201D040
:104320001020EEE740F2FF5004F0D7FFD4481430DD
:10433000006808210840C0B2E3E72DE9FC410746C8
:104340000D46002600240020009001900820CF494F
:10435000086010204860402088600020C8604FF44A
:1043600080600861084604F01AFF1020FFF7B5FFCF
:10437000044614B12046BDE8FC81C548008800040D
:10438000C249086037204860402088600020C8602B
:104390004FF480600861084604F001FF3720FFF702
:1043A0009CFF04460CB12046E5E74FF0FF30B949C9
:1043B000086008204860302088600220C860002023
:1043C000086101204861084604F015FF0020AF494C
:1043D000086033204860402088600020C8604FF4A7
:1043E00080600861084604F0DAFE3320FFF775FFAD
:1043F00004460CB12046BEE70DE04FF4001004F077
:1044000061FF40B19E48803000684DF82600761C60
:10441000022E00D307E09A483430006840F22A6147
:1044200008400028E9D000BF082004F04BFF20B16D
:10443000082004F052FF04209DE7022004F042FF10
:1044400020B1022004F049FF022094E7202004F06C
:1044500039FF20B1202004F040FF06208BE74FF405
:10446000007004F02FFF28B14FF4007004F035FF06
:10447000072080E740F2FF5004F02FFF009800066D
:10448000009901F47F4140EA0120009901F47F0185
:1044900040EA1120009940EA116068600198000626
:1044A000019901F47F4140EA0120019901F47F0163
:1044B00040EA1120019940EA1160286020465AE73D
:1044C0007CB50546002400200090019000260DB127
:1044D000022600E000266A481430006800F00070F0
:1044E00008B10E207CBD6A49098888B26946FFF789
:1044F00024FF04460CB12046F4E7019800F4802024
:1045000060B3634800880004604908603720486051
:10451000402088600020C8604FF480600861084631
:1045200004F03DFE3720FFF7D8FE04460CB12046CC
:10453000D8E7564806600620544948604020886005
:104540000020C8604FF480600861084604F027FE30
:104550000620FFF7C2FE04462046C3E72520C1E738
:1045600070B5044600254C480078032802D1272561
:10457000284670BD4848007838B14748007801287F
:1045800003D045480078022819D1B4F5805F02D1E4
:1045900027252846EDE7E0B2FFF792FF054675B9FB
:1045A0003748001D006820F4C0503549091D0860D7
:1045B00008460068204308600846006808602846EE
:1045C000D7E710B504463148046007202F494860FA
:1045D000402088600020C8604FF480600861084671
:1045E00004F0DDFD0720FFF778FE10BDF0B50146B1
:1045F00000200022284B1B7881F85630244B1B8862
:10460000A1F85430254B1B681A0E93090B70C2F3A6
:1046100083034B7002F003038B70204B1B68C3F3C2
:104620000742CA701D4B1B88C3F307220A711B4B3C
:104630001A784A715B681A0E1301CB80174B5B68BE
:10464000C3F30742CB8843EA1213CB8002F00F0377
:104650000B72124B9B88C3F30722D3094B72C2F330
:1046600080138B72C2F34013CB72C2F300130B732F
:1046700000234B73084B1B78C3B1074B1B780FE02B
:10468000002C0140FF07C00024000020C8120020B9
:1046900020000020DC1200201C000020F41200206A
:1046A000012B03D0FE4B1B78032B4FD193071B0D1F
:1046B0000B61FC4B1A790B6943EA82030B61F94BDE
:1046C0009B681A0E0B6943EA92130B61C2F3C20393
:1046D0000B7502F007034B75F24B9B68C3F307425F
:1046E00053098B75C2F38203CB7593075B0F0B766F
:1046F000EC4B1B89C3F307220B7E43EAD2130B76E4
:104700000B695B1C0024C1E912340B7E9B1C012643
:1047100006FA03F3DE17D1E91245A4FB037C05FB7F
:1047200003C304FB0633C1E912730C7A0123A340CF
:104730000B650024D1E912560B6DA5FB037C06FB2B
:1047400003C305FB0433C1E912732CE0D44B1B787F
:10475000022B28D1D34B1A7993069B0A0B61D14BBC
:104760009B681A0E0B6943EA02230B61CD4B9B68D1
:10477000C3F307420B6913430B61CA4B1B89C3F395
:1047800007220B695B1C4FF40074A3FB0435660021
:104790000027A3FB064C05FB06C503FB0753C1E935
:1047A000124373100B65C2F3801301F8193F93068F
:1047B0005B0E4B70BB4B1A7A4B7843EAD2134B70AB
:1047C00002F07F038B70B74BDB681A0ED309CB70F6
:1047D000C2F341130B71C2F382034B7193071B0F9A
:1047E0008B71B04BDB68C3F307428B7943EA9213BA
:1047F0008B71C2F34013CB7100230B7202F00103E3
:104800004B72A84B9B89C3F30722D3098B72C2F367
:104810008013CB72C2F340130B73C2F300134B73BC
:10482000C2F381038B7302F00303CB739D4B1A7B9E
:1048300053080B7401234B749B4B1B681A0ECA74EC
:104840001939994B1B68C3F307421402CC85964B68
:104850001B88C3F30722CB8D1343CB85924B1A7869
:1048600014060C635B681A0E0B6B43EA02440C637C
:104870008D4B5B68C3F307420B6B43EA02240C6366
:10488000894B9B88C3F307220B6B13430B63864B47
:104890001A7934235A54844B9B681A0E35235A5480
:1048A000814B9B68C3F3074214068C637E4B1B89C4
:1048B000C3F307228B6B43EA02448C637A4B1A7A68
:1048C0008B6B43EA02248C63774BDB681A0E8B6B8D
:1048D00013438B63744BDB68C3F307423C235B5C7D
:1048E00043EA12143C235C5413071C0DCC876E4B17
:1048F0009B89C3F30722CB8F1343CB876A4B1A7B69
:10490000540840235C54012441235C54F0BD70B52D
:1049100000264FF4803505E06448046804F0450043
:1049200000B103E0281EA5F10105F5D100BF15B1C6
:1049300004F0040028B10326042004F0CEFC304625
:1049400070BD012004F0BEFC18B10126012004F066
:10495000C4FC40F2FF5004F0C0FC3046F0E72DE903
:10496000F04105460E464FF0000805E04F48076845
:1049700007F0450000B100E0F8E700BF042004F0B4
:10498000A1FC28B1042004F0A8FC0320BDE8F081BC
:10499000012004F097FC20B1012004F09EFC0120CE
:1049A000F4E7424824380068A84201D01020EDE71F
:1049B00040F2FF5004F091FC3C482038046804F4B5
:1049C000604018B9200C30804046DFE704F4005006
:1049D00008B11320DAE704F4804008B11020D5E7CD
:1049E00004F4004008B10F20D0E74046CEE738B5C8
:1049F00000240120009004F0CCFB10B925242046AF
:104A000038BD27480078042825D0002028490860B0
:104A100002204860C02088600020C8604FF4806099
:104A20000861084604F0BBFBFFF771FF04460CB1B8
:104A30002046E5E71D48203800681B4908601B48F0
:104A40001C380068486019481838006888601748A2
:104A500014380068C8601248007858B110480078CF
:104A6000012807D00E480078062803D00C480078AB
:104A7000022821D100200E49086003204860402010
:104A800088600020C8604FF480600861084604F028
:104A900086FB69460320FFF762FF044664B109E024
:104AA0001C000020F412002004130020342C0140CC
:104AB000C81200202046A3E7FE480078032816D13C
:104AC000BDF800000004FC49086003204860402055
:104AD00088600020C8604FF480600861084604F0D8
:104AE0005EFBFFF714FF04460CB1204688E7F1484F
:104AF000007804282AD0BDF80000F0490860BDF80D
:104B000000000004EC49086009204860C02088606B
:104B10000020C8604FF480600861084604F03FFB45
:104B2000FFF7F5FE04460CB1204669E7E44800684B
:104B3000E4490860E248001D00684860E048083029
:104B400000688860DE480C300068C860002057E7C5
:104B500010B506E0DA482030046804F0450000B1E2
:104B600000E0F7E700BF042004F0ACFB20B1042014
:104B700004F0B3FB032010BD40F2FF5004F0ADFB86
:104B80000020F8E770B500264FF4803506E0CC48E9
:104B90002030046804F0450000B103E0281EA5F1B0
:104BA0000105F4D100BF15B104F0040028B10326BB
:104BB000042004F092FB304670BD04F0400018B1B0
:104BC0000026402004F089FB3046F5E770B500254B
:104BD0004FF4803404E0802004F074FB00B103E063
:104BE000201EA4F10104F6D100BF0CB9032070BD52
:104BF00040F2FF5004F071FB2846F8E72DE9F0473A
:104C00000027002400260025A046A1467620AE49B4
:104C100008750020086048608860C8600861084620
:104C200004F093FA032004F0B0FAA54810380068A5
:104C300040F48070A2491039086000BF12E00020E3
:104C40009D49086048608860C8604FF480600861D2
:104C5000084604F0A4FAFFF7B9FF044604B903E0DC
:104C6000781CC7B24A2FEADB00BF14B12046BDE86A
:104C7000F0874FF4D57090490860082048604020C4
:104C800088600020C8604FF480600861084604F026
:104C900086FAFFF777FF044624B90120854908709A
:104CA0004FF0804900208449086037204860402048
:104CB00088600020C8604FF480600861084604F0F6
:104CC0006EFA3720FFF709FB0446002C4BD134E085
:104CD0000020794908603720486040208860002023
:104CE000C8604FF480600861084604F058FA372025
:104CF000FFF7F3FA04460CB12046B8E7734849EAD7
:104D000000006D490860292048604020886000202C
:104D1000C8604FF480600861084604F040FAFFF76D
:104D200017FF04460CB12046A1E76548066801203C
:104D300080EAD67080F001086D1CB8F1000F03D135
:104D40004FF6FF708542C3D34FF6FF70854202D302
:104D50001B2420468BE706F08040061E32D002203E
:104D6000544908702EE01CE059485349086001205E
:104D70004860402088600020C8604FF4806008616F
:104D8000084604F00CFAFFF7E3FE04460CB1204697
:104D90006DE74B480668012080EAD67080F0010874
:104DA0006D1CB8F1000F03D14FF6FF708542DBD3C5
:104DB0004FF6FF70854202D31B24204657E703209D
:104DC0003C490870204652E73EB5002400250121E9
:104DD000404802F09FFD0121C80202F0F5FD0121CB
:104DE000C80202F046FE4FF4F850019002208DF800
:104DF00008008DF8090000208DF80A0001208DF8C8
:104E00000B0001A9344802F003F80420019001A925
:104E1000324801F0FDFF0C2208212F4802F083F8F0
:104E20000C2209212C4802F07EF80C220A212A4883
:104E300002F079F80C220B21274802F074F80C22BA
:104E40001146254802F06FF80C220221234802F097
:104E50006AF800214FF4006002F00BFEFFF712FA2F
:104E600031208DF8000000208DF801008DF802003F
:104E700001208DF80300684601F0D9FEFFF7BEFE61
:104E8000044614B9FFF7B3FD04461CB91448FFF7F4
:104E9000ADFB044634B91249B1F854100804FFF7C9
:104EA00090FB044624B94FF40060FFF759FB044619
:104EB000E4B117E01C000020C812002020000020F0
:104EC000142C0140F4120020B012002000001080C9
:104ED0000080FF800C00400000080240000C0240EF
:104EE00018130020FE480078032812D1FD4890F8DE
:104EF000560020B1FB4890F85600012801D1022548
:104F000000E000252846FFF7DFF90020FFF7D2F97F
:104F1000044620463EBD10B5002004F036F90020BE
:104F200010BD70B590B004460E46154600BFEE4861
:104F300004F017FB0028FAD1EB4804F0E9F94FF030
:104F400000600190E94802900394049500200590C8
:104F500006904FF4806007908000089080000990D0
:104F600000200A904FF440300B9004200C90032056
:104F70000D904FF400000E9080100F9001A9DA48B8
:104F800004F068FA2021D84804F0B4FA0121D64888
:104F900004F09AFA10B070BD0146002002E04910FA
:104FA000421CD0B20129FAD170472DE9F84F814651
:104FB000174698460A9C4FF0000AD3464D464FF0DC
:104FC000FF36B9F1000F02D12620BDE8F88F00208E
:104FD000C64954390860C2480078022805D1040245
:104FE000780A40EAC8574FEA68280020C04988601C
:104FF0004860401E0860012048610020C8600861C8
:10500000084604F0F8F8B9486C38006800F0007001
:1050100008B10E20D9E7002C21DDB4F5006F1EDCAD
:10502000601E2040D8B92046FFF7B6FF0090B14877
:1050300004601020AF494860402088600020C860AC
:105040004FF480600861084604F0A9F81020FFF7CB
:1050500044F98246BAF1000F03D05046B5E7262046
:10506000B3E700980001A2498860084644604FF009
:10507000FF300860012048610220C86000200861FC
:10508000084604F0B8F89B48076011209949486029
:10509000402088600020C8604FF4806008610846A6
:1050A00004F07DF81120FFF718F98246BAF1000FDD
:1050B00001D0504689E79048007800285AD1FBF784
:1050C000E4F817E04FF4004004F0FCF870B14FF042
:1050D000000B05E08548006845F82B000BF1010B3B
:1050E000BBF1080FF6D32035844E03E00EB904203F
:1050F0006BE7761E7D484C38006840F22A61084014
:105100000028DFD0082004F0DDF820B1082004F0EA
:10511000E4F8042059E7022004F0D4F820B102207A
:1051200004F0DBF8022050E7202004F0CBF820B197
:10513000202004F0D2F8062047E74FF4007004F076
:10514000C1F828B14FF4007004F0C7F807203CE71D
:1051500003E06648006828602D1D4FF4001004F03D
:10516000B1F80028F5D1FBF792F840F2FF5004F0B7
:10517000B4F839E060480078012835D10020604952
:1051800008706049087060490870584844380068E1
:1051900040F22A310843554944390860534854388D
:1051A000006840F008005149543908600022214647
:1051B0004846FFF7B6FE00E0761E4B4858380068B8
:1051C00000F0006038B95048007820B94C480078A9
:1051D00008B9002EF0D10EB90420F6E64848007850
:1051E00010B1474890F800A05046EEE62DE9FF5F69
:1051F00017469846DDE90E464FF00009CA464FF0C3
:10520000FF35424900980860002038495439086049
:1052100033480078022805D10402780A40EAC857CA
:105220004FEA68280020324988604860401E0860C4
:10523000012048610020C8600861084603F0DBFFD8
:105240002A486C38006800F0007018B10E2004B0D5
:10525000BDE8F09F002C21DDB4F5006F1EDC601E60
:105260002040D8B92046FFF797FE834621480460C6
:10527000102020494860402088600020C8604FF41A
:1052800080600861084603F08AFF1020FFF725F8C8
:105290008146B9F1000F03D04846D8E72620D6E76B
:1052A000012E6ED906FB04F0B0F1007F01D3262059
:1052B000CDE74FEA0B100E49886006FB04F048600A
:1052C0004FF0FF300860012048610220C8600020D4
:1052D0000861084603F08FFF06480760122017E0B8
:1052E0001C0000201813002058640240802C01404C
:1052F000DC120020C812002024000020FFFF7F00E5
:105300002600002025000020270000202800002083
:10531000F9494860402088600020C8604FF48060F0
:105320000861084603F03BFF1220FEF7D6FF8146D6
:10533000B9F1000F01D0484689E7F048007800280D
:105340007ED1FAF7A2FF1EE04FF4004003F0BAFF4F
:10535000A0B14FF0000A07E0E9480068E949096890
:1053600041F82A000AF1010ABAF1080FF4D3E5481E
:1053700000682030E3490860E34D04E015B90420DB
:1053800065E7AEE06D1EDE484C38006840F22A3119
:1053900008400028D8D0082003F094FF20B108204E
:1053A00003F09BFF042052E7022003F08BFF20B1A3
:1053B000022003F092FF022049E7202003F082FF41
:1053C00020B1202003F089FF062040E74FF4007051
:1053D00003F078FF28B14FF4007003F07EFF072040
:1053E00035E709E0C6480068C64909680860C5484D
:1053F0000068001DC34908604FF4001003F062FF0D
:105400000028EFD14FF4807003F05CFF20B3BF4859
:10541000007838B1BD480078012803D0BB48007837
:10542000022819D10020B44908600C2048604020AF
:1054300088600020C8604FF480600861084600E082
:1054400011E003F0ACFE0C20FEF747FF8146B9F1F6
:10545000000F01D04846FAE6FAF719FF40F2FF5074
:1054600003F03BFF3DE0A5480078012839D100203A
:10547000A74908700120A74908700020A6490870B4
:105480009F484438006840F22A3108439C49443917
:1054900008609B485438006840F008009849543927
:1054A000086006FB04F100220098FFF73AFD00E0D7
:1054B0006D1E9A48006800F0006008B9002DF7D111
:1054C0000DB90420C3E600BF9348007818B990488E
:1054D00000780028F8D08E48007810B18C4890F8F9
:1054E00000904846B3E61CB50446002001900090A9
:1054F0008B4800880004804908600D2048604020E7
:1055000088600020C8604FF480600861084603F09E
:1055100046FE7B484C380068009003E078484C38E1
:1055200000680090009800F045000028F6D00120A7
:1055300003F0C8FE20B1012003F0CFFE01201CBD06
:10554000042003F0BFFE20B1042003F0C6FE0320B8
:10555000F5E76B48703800680D2801D01020EEE7A1
:1055600040F2FF5003F0B9FE65486C3800680190C6
:105570000198C0F3432020700020E0E72DE9FF5F91
:1055800086B017469846149D00260020059004908A
:10559000002481460390824602900195DDF818B000
:1055A000DDF818B0BBF1000F03D126200AB0BDE82A
:1055B000F09F00205249543908605A498860486079
:1055C000401E0860012048610020C860086108464C
:1055D00003F011FE4A486C38006800F0007008B112
:1055E0000E20E3E749480078022805D10502780A31
:1055F00040EAC8574FEA6828002D1FDDB5F5006F57
:105600001CDC681E2840C8B92846FFF7C5FC059079
:1056100039480560102038494860402088600020E3
:10562000C8604FF480600861084603F0B8FD1020A0
:10563000FEF753FE06461EB13046B7E72620B5E713
:105640003748008800042C4908600D20486040203D
:1056500088600020C8604FF480600861084603F04D
:105660009EFD0D20FEF739FE06460EB130469DE741
:1056700023486C38006803904FF0FF341CE0641E30
:105680002748008800041C4908600D20486040201D
:1056900088600020C8604FF480600861084603F00D
:1056A0007EFD0D20FEF719FE06460EB130467DE761
:1056B00013486C3800680390039800F4807008B9B0
:1056C000002CDCD10CB9292070E70B4807601820AA
:1056D00009494860402088600020C8604FF480601D
:1056E0000861084603F05BFD1820FEF7F6FD06464C
:1056F000D6B130465AE70000C8120020240000202E
:10570000802C014028000020FFFF7F001C000020AB
:105710002600002025000020270000200064024011
:1057200020000020DC1200200020F84908700598B5
:105730000001F7498860084645604FF0FF30086077
:10574000012048610020C8600861084603F053FD4D
:105750004FF0FF34EF48007800287CD1FAF795FD30
:1057600043E04FF4804003F0ADFDC8B30198A0EBD7
:105770000900202821D20198A0EB090000F00300C5
:1057800020B90198A0EB0900800804E00198A0EB83
:1057900009008008401C02904FF0000A09E0DE4931
:1057A000DBF8000008600AF1010A0BF1040B09F1B3
:1057B000040902988245F2D30FE04FF0000A05E099
:1057C0005BF82A00D44908600AF1010ABAF1080F0F
:1057D000F6D30BF1200B09F120096FF0404404E0EF
:1057E000FFE70CB90420E1E6641ECB484C380068A2
:1057F00040F21A6108400028B3D0082003F062FD8F
:1058000020B1082003F069FD0420CFE6022003F058
:1058100059FD20B1022003F060FD0220C6E61020F1
:1058200003F050FD20B1102003F057FD0520BDE628
:105830004FF4007003F046FD30B14FF4007003F0F8
:105840004CFD0720B2E606E0FAF721FD40F2FF50DA
:1058500003F043FD43E0AF48007801283FD100202A
:10586000AE490870A9490870AD490870AA48443883
:10587000006840F21A310843A749443908604022C1
:1058800029460698FFF74DFBA3485438006840F0BE
:105890000800A1495439086000E0641EA14800686E
:1058A00000F0006008B9002CF7D11CB9FFF78CFAA2
:1058B00004207BE64FF0FF3400E0641E9848007837
:1058C00020B99648007808B9002CF6D10CB904200C
:1058D0006CE69248007810B19048007866E640F295
:1058E000FF5003F0FAFC04A8FFF7FDFD064603E0B5
:1058F00004A8FFF7F8FD06463EB99DF810000728FA
:10590000F6D09DF810000628F2D030464EE62DE97C
:10591000FF5F84B0DDE9124700260020039002906B
:10592000002580468146019007FB04FBDDF810A0AE
:10593000DDF810A0BAF1000F03D1262008B0BDE8B1
:10594000F09F0020744954390860714988604860AC
:10595000401E0860012048610020C86008610846B8
:1059600003F049FC6C486C38006800F0007008B126
:105970000E20E3E76C480078022808D10402DDE934
:105980000601400A40EAC1504912CDE90601002C47
:105990001FDDB4F5006F1CDC601E2040C8B9204636
:1059A000FFF7FAFA03906148046010205F494860ED
:1059B000402088600020C8604FF48060086108467D
:1059C00003F0EDFB1020FEF788FC06461EB13046C2
:1059D000B4E72620B2E7012F6FD907FB04F0B0F13E
:1059E000007F01D32620A9E74F48007838B14E4800
:1059F0000078012803D04C48007802282DD14C486B
:105A000000880004494908603720486040208860C9
:105A10000020C8604FF480600861084603F0BFFBB7
:105A20003720FEF75AFC06460EB1304686E73F485F
:105A3000076017203D494860402088600020C8600A
:105A40004FF480600861084603F0A9FB1720FEF7B9
:105A500044FC06460EB1304670E7344906980860AB
:105A600019204860402088600020C8604FF48060A2
:105A70000861084603F093FB1920FEF72EFC06464A
:105A80000EB130465AE7039800012149886007FBB0
:105A900004F048604FF0FF300860012048610020AA
:105AA000C8600861084603F0A6FB1A480078002881
:105AB00072D1451EFAF7E9FB54E0F8E04FF480405C
:105AC00003F000FCB0B3ABEB0800202833D2ABEB03
:105AD000080000F0030018B9ABEB0800800803E0F1
:105AE000ABEB08008008401C01904FF0000909E072
:105AF0000949DAF80000086009F101090AF1040A0D
:105B000008F1040801988145F2D324E02500002023
:105B1000DC12002024000020802C01402600002000
:105B200027000020006402401C000020C812002052
:105B30002000002012E04FF0000905E05AF829008B
:105B4000F749086009F10109B9F1080FF6D30AF124
:105B5000200A08F120086FF0404503E00DB9042049
:105B6000ECE66D1EEE484C38006840F21A310840F1
:105B70000028A3D0082003F0A5FB20B1082003F0E3
:105B8000ACFB0420DAE6022003F09CFB28B10220E3
:105B900003F0A3FB0220D1E640E0102003F092FBCB
:105BA00020B1102003F099FB0520C7E64FF40070E8
:105BB00003F088FB28B14FF4007003F08EFB072040
:105BC000BCE64FF4807003F07DFB00B3D54800784D
:105BD00038B1D4480078012803D0D2480078022890
:105BE00015D10020D04908600C2048604020886012
:105BF0000020C8604FF480600861084603F0CFFAC7
:105C00000C20FEF76AFB06460EB1304696E6FAF720
:105C10003EFB40F2FF5003F060FB48E0C3480078D1
:105C2000012844D10020C24908700120C1490870F0
:105C30000020C1490870BA484438006840F21A315F
:105C40000843B7494439086007FB04F1402204982F
:105C5000FFF767F9B2485438006840F00800B049CF
:105C6000543908604FF0FF3500E06D1EB3480068FE
:105C700000F0006008B9002DF7D11DB9FFF7A4F8B6
:105C800004205BE64FF0FF3500E06D1EAA48007867
:105C900020B9A748007808B9002DF6D10DB9042025
:105CA0004CE6A348007810B1A148007846E640F2DF
:105CB000FF5003F012FB02A8FFF715FC064603E0B5
:105CC00002A8FFF710FC06463EB99DF80800072819
:105CD000F6D09DF808000628F2D030462EE610B522
:105CE0004FF4807003F0EEFA88B3924800780128F0
:105CF00014D100208C4908600C2048604020886046
:105D00000020C8604FF480600861084603F047FA3D
:105D10000C20FEF7E2FA8649087002E00020844970
:105D200008707F484838006840F480707C494839E2
:105D30000860081D00684CF23A31884378494439BC
:105D4000086001207C4908707948007810BDFFE7A1
:105D5000022003F0B7FA78B1022003F0BEFA7048CF
:105D6000443800684CF23A3188436D494439086040
:105D700002206F490870E9E7082003F0A3FA78B120
:105D8000082003F0AAFA6648443800684CF23A3119
:105D90008843634944390860042065490870D5E7A1
:105DA000202003F08FFA78B1202003F096FA5C48A7
:105DB000443800684CF23A31884359494439086004
:105DC00006205B490870C1E7102003F07BFA78B128
:105DD000102003F082FA5248443800684CF23A31FD
:105DE00088434F4944390860052051490870ADE7A0
:105DF0004FF4007003F066FA80B14FF4007003F0C6
:105E00006CFA4748443800684CF23A3188434449B8
:105E10004439086007204649087097E7002095E755
:105E200010B5FFF75CFF10BD70B50446002514B92E
:105E30002625284670BD4248008800043A4908607B
:105E40000D204860402088600020C8604FF48060CA
:105E50000861084603F0A3F90D20FEF73EFA054657
:105E60000DB12846E6E72E486C38006820602846C9
:105E7000E0E708B5002000906846FFF7D5FF08B1BD
:105E8000FF2008BD0098C0F34320FAE72DE9FE4F3C
:105E900083460C46914600200290002625462C465B
:105EA000700240EAD5566D020BF00300F0B14FF0DE
:105EB000000A18E04FF4007000904FEA4A2047199A
:105EC00046EBE0733A461F48FFF76FF802904FF435
:105ED00000721C4958460AF040F80BF5007B0AF1A5
:105EE000010000F0FF0ACA45E4DB16E0B9F1010F3A
:105EF00009D14FF400702A46334600905846FFF708
:105F000054F8029009E04FF400702A463346CDE978
:105F100000095846FFF76AF902900298BDE8FE8F23
:105F2000802C01401C000020C8120020240000200A
:105F300026000020250000202700002000640240E9
:105F400020000020701300202DE9FE4F81460C46F2
:105F5000924600200290002625462C46700240EA18
:105F6000D5566D0209F00300F0B14FF0000B18E0B8
:105F70004FF400724946194809F0EFFF4FF40070E2
:105F800000904FEA4B20471946EBE0733A4613481E
:105F9000FFF7F4FA029009F500790BF1010000F027
:105FA000FF0BD345E4DB16E0BAF1010F09D14FF442
:105FB00000702A46334600904846FFF7DFFA029009
:105FC00009E04FF400702A463346CDE9000A4846FE
:105FD000FFF79DFC02900298BDE8FE8F7013002031
:105FE0001CB50121022001F095FC4FF44070009097
:105FF00001208DF8040000208DF8060003208DF8A4
:10600000050001208DF807006946894800F000FF6F
:106010000120884908608849C1F8A4021CBD10B558
:106020008348006820F440208149086008460068E1
:1060300040F48020086001207E49091D08607E49E7
:10604000C1F8A002042000F0C1FC00207949091D1C
:106050000860042000F0BAFC00207749C1F8A002D3
:1060600010BD10B57248006820F4402070490860E7
:106070000846006840F48020086000206D490860F0
:106080006D49C1F8A402042000F0A0FC0120694978
:1060900008606949C1F8A402042000F097FC10BD13
:1060A00010B500246248006820F440206049086070
:1060B00008460068086001205E49091D086000F07C
:1060C00085FC01205C49C1F8A00200F07FFC07E0DC
:1060D000601CC4B2FA2C03DDFFF7C3FF012010BD22
:1060E00054487C3800680028F2D15249086000BF4B
:1060F000F5E710B500204F4908604D48006820F4CE
:1061000040204B4908600846006840F48020086041
:1061100000204949C1F8A402022000F057FC0120E8
:1061200044490860022000F051FC00204249C1F8B7
:10613000A00210BD10B500203E4908603C48006830
:1061400020F440203A4908600846006840F4802066
:10615000086001203849C1F8A402022000F036FC92
:10616000012034490860022000F030FC0020324950
:10617000C1F8A00210BD70B504462D48006820F497
:1061800040202B4908600846006840F480200860E1
:10619000002028490860002517E0E0092549091D6D
:1061A00008606006040E022000F010FC0120224965
:1061B000C1F8A002022000F009FC00201D4908607F
:1061C000022000F003FC681CC5B2082DE5DB70BDA1
:1061D00070B5054600241648006820F44020144994
:1061E0000860084600680860002616E00020114993
:1061F0000860022000F0EAFB01200F49C1F8A0026C
:106200006006040E0B487C38006808B1601CC4B2FC
:10621000012000F0DBFB701CC6B2082EE6DB15B9CE
:10622000FFF788FF01E0FFF764FF204670BD000024
:1062300000040240A0824042008040422DE9FF411C
:1062400004460F4615461E460121880301F0ABFBAC
:106250000121880301F0FCFB00214FF4804001F094
:10626000F7FBADF80070ADF80240ADF80460002017
:10627000ADF8060002200290ADF80C506946B24815
:1062800002F082FD01220221AF4802F0F8FE012156
:10629000AD4802F061FEBDE8FF812DE9FF410446F3
:1062A0000F4615461E4687F48070ADF80000ADF825
:1062B0000240ADF804600020ADF806000220029014
:1062C000ADF80C506946A14802F090FE012211463B
:1062D0009E4802F0D4FE01219C4802F03DFEBDE83C
:1062E000FF8170B50546002400260A20B5FBF0F5B5
:1062F00000BF09E004EB8400954931F81000A84282
:1063000000D103E0601CC4B20B2CF3D300BF00200B
:1063100001F0D1F90B2C01D1012070BD04EB8402F6
:106320008B4B03EB4202918804EB840203EB4202A5
:10633000508801F0B9F98748006840F080608549CD
:10634000086000BF8348006800F000600028F9D0B2
:1063500004EB84007E4901EB4000C68804EB840016
:1063600001EB4000008946EA002646F400767649B3
:1063700020310E800020D0E770B590B004460E4664
:1063800015460121480501F0C5FA734802F0C0FF27
:1063900000BF714803F0E5F80028FAD16F496E4854
:1063A00003F066F90020009067480C3001900294D9
:1063B000402003900495002005904FF480600690E3
:1063C00040000790800008904011099040020A9018
:1063D00000200B900C900D900E9069465E4803F0E3
:1063E00039F8002231465C4803F095F801215A48FB
:1063F00003F09DF801221021574803F0F2F80F2016
:106400008DF83C0000208DF83D008DF83E00012005
:106410008DF83F000FA800F00AFC10B070BD70B5F9
:1064200090B004460E4615460121480501F072FA67
:106430004948183802F06CFF00BF4748183803F08D
:1064400090F80028F9D146494348183803F010F96C
:106450004FF0C06000903D480C3001900294002045
:106460000390049505904FF48060069040000790DB
:10647000800008904011099000020A9000200B90C3
:106480000C900D900E9069463348183802F0E2FFE8
:10649000002231463048183803F03DF801212E48DB
:1064A000183803F044F8012210212B48183803F063
:1064B00098F80E208DF83C0000208DF83D0001205A
:1064C0008DF83E008DF83F000FA800F0B0FB10B033
:1064D00070BD10B52349204803F0A0F8012806D16B
:1064E00020491D4803F0C4F81F480068804710BDCC
:1064F00010B51E491848183803F090F8012807D144
:106500001A491548183803F0B3F81948006880474D
:1065100010BD10B50121104802F0D6FF10BD10B516
:1065200000210D4802F0D0FF10BD10B501210A482E
:10653000183802F0C9FF10BD10B500210648183800
:1065400002F0C2FF10BD00000038004000340040DF
:10655000BE1D010800380240706002403DF000A0FE
:1065600000F0409F208000202C00002000800018B8
:106570003000002070B505460C46FFF750FD342072
:10658000FFF7F9FDFFF78CFD08B1012070BDC4F3E2
:10659000002141EA4501C8B2FFF7EDFDFFF780FD9C
:1065A00008B10220F2E7E0B2FFF7E5FDFFF778FD62
:1065B00008B10320EAE7FFF754FDF44820F815403E
:1065C0000020E3E71CB50121062001F0A3F94FF4F8
:1065D0004050009002208DF8040000208DF8060045
:1065E00003208DF8050001208DF807006946E84872
:1065F00000F00EFC4C20009002208DF804000020DA
:106600008DF8060003208DF8050001208DF80700A5
:106610006946E04800F0FCFB05220C21DC4800F054
:1066200082FC05220D21DA4800F07DFC05220321C1
:10663000D84800F078FC05220621D64800F073FC0B
:1066400006220221D34800F06EFCFFF7C9FC0021AE
:106650000846FFF78FFF04460CB101201CBD1B212B
:106660000120FFF787FF4FF4D8710220FFF782FF68
:106670006C210320FFF77EFF00210620FFF77AFF41
:1066800010212B20FFF776FF4FF480712F20FFF7AA
:1066900071FF4FF480713020FFF76CFF0221312031
:1066A000FFF768FF08210A20FFF764FF08210E208A
:1066B000FFF760FF0020D1E70146B44830F8110031
:1066C000704770B505460E460320FFF7F5FF0446F8
:1066D00015B144F0030401E024F003042146032033
:1066E000FFF748FF0220FFF7E7FF044616B144F02A
:1066F000030401E024F0030421460220FFF73AFFDF
:1067000070BD70B5044604F007042F20FFF7D4FFD6
:10671000054625F0070545EA04012F20FFF72AFF6B
:106720003020FFF7C9FF054625F0070545EA0401BB
:106730003020FFF71FFF70BD70B5044604F007045A
:106740002F20FFF7B9FF054625F0700545EA041133
:106750002F20FFF70FFF3020FFF7AEFF054625F093
:10676000700545EA04113020FFF704FF70BD2DE9E4
:10677000F04105460E4617460220FFF79DFF0446EE
:1067800015B144F00C0401E024F00C042146022071
:10679000FFF7F0FE2C20FFF78FFF044615B144F001
:1067A000330401E024F0330421462C20FFF7E2FEFD
:1067B0001EB10520FFF7C0FF02E00020FFF7BCFF7D
:1067C0001FB10720FFF79DFF02E00020FFF799FFB0
:1067D000BDE8F08170B506460D4600240EB144F0C8
:1067E00001041DB144F0020444F014042146322097
:1067F000FFF7C0FE21463320FFF7BCFE70BD10B589
:10680000044604F03F0421462D20FFF7B3FE44F474
:1068100080712E20FFF7AEFE10BD70B504460D4608
:1068200004F0030405F00305E00040EA45110420EC
:10683000FFF7A0FE70BD70B504460D4604F03F049E
:1068400005F03F050CB944F040040DB945F0400592
:1068500021463420FFF78EFE45F480713520FFF786
:1068600089FE70BD10B5044604F03F040CB944F035
:10687000400421463620FFF77DFE44F48071372026
:10688000FFF778FE10BD10B5044604F00F04214652
:106890002920FFF76FFE10BD70B505461220FFF7E7
:1068A0000BFF044615B144F4807401E024F48074B5
:1068B00021461220FFF75EFE70BD70B506460C46FD
:1068C00006F00306182C00DD1824C4F11800C4B229
:1068D0001220FFF7F1FE054605F4807545EA4615DE
:1068E000254329461220FFF745FE70BD70B50546C9
:1068F0000C46002605F00305182C00DD1824C4F111
:106900001800C4B246EA4516264331461320FFF765
:1069100031FE70BD70B505460C46002605F0030536
:10692000182C00DD1824C4F11800C4B246EA45163C
:10693000264331461420FFF71DFE70BD70B5054695
:106940000C46002605F00305182C00DD1824C4F1C0
:106950001800C4B246EA4516264331461520FFF713
:1069600009FE70BD70B505460C46002605F003050E
:10697000182C00DD1824C4F11800C4B246EA4516EC
:10698000264331461620FFF7F5FD70BD3400002088
:10699000000402400008024010B504466FF00400F5
:1069A00000F092F9E11704EB5171C1F3C701394AC4
:1069B00011701046007800EB4001C1EBC0104FF69B
:1069C000FF7101EAC0003449088010BD0146314A18
:1069D00012784A434FF0E0235A6100229A611A4626
:1069E000126942F001021A6100BF4FF0E022106903
:1069F00000F001021AB100F48032002AF5D04FF005
:106A0000E022126922F001024FF0E0231A61002215
:106A10009A6170470146204A12884A434FF0E023AA
:106A20005A6100229A611A46126942F001021A6103
:106A300000BF4FF0E022106900F001021AB100F42B
:106A40008032002AF5D04FF0E022126922F00102D4
:106A50004FF0E0231A6100229A61704770B5044636
:106A60004FF4077094FBF0F0C6B24FF4077094FB3C
:106A7000F0F100FB114085B205E04FF40770FFF71D
:106A8000C9FF701EC6B2002EF7D115B12846FFF718
:106A9000C1FF70BDA8000020AA00002000BF704701
:106AA00000BF4C4A128802F04002002AF9D0C2B25C
:106AB000484B9A80704710B588B0044601210846BB
:106AC00000F028FF0121102000F07EFF072209219D
:106AD000414800F028FA07220A213F4800F023FA33
:106AE0004FF4C060069002208DF81C008DF81D0048
:106AF00000208DF81E0001208DF81F0006A93648E1
:106B000000F086F902940020ADF80C00ADF80E00FC
:106B1000ADF81000ADF814000C20ADF8120002A979
:106B20002C4801F0B2F801212A4801F036F901227F
:106B300040F22551274801F0E6F925208DF80400A0
:106B400003208DF805008DF8060001208DF8070060
:106B500001A800F06CF808B010BD10B540F2255146
:106B60001C4801F00BFA10B31A4801F045F9C4B201
:106B70001A48008800F40040C8B91848008800F49A
:106B8000804060B10A2C03D000201449088020E026
:106B90001248008840F400401049088019E00D2C8C
:106BA00006D10E48008840F480400C49088010E06F
:106BB0000A480088C0F30D0009490C5407480088B2
:106BC000401C0649088008460088C72801DD0020CF
:106BD000088010BD0010014000000240B0000020FD
:106BE000701500200948804709480047FEE7FEE786
:106BF000FEE7FEE7FEE7FEE7FEE7FEE7FEE7FEE76D
:106C000004480549054A064B70470000090500087D
:106C10008901000850C0012050C6012050C2012047
:106C200050C2012032490143324A1160704770B5A9
:106C3000002100230F22C4781CB32E4C246804F4D6
:106C4000E064C4F5E064C4F30721C1F10404E3B2D5
:106C50000A4144789C40E1B28478144021430C07F7
:106C6000210E254C05786155047804F01F05012498
:106C7000AC4005786D11AD0005F1E025C5F8004187
:106C800009E0047804F01F050124AC401B4D067890
:106C9000761145F8264070BD194A0A400243154B4B
:106CA0001B1F1A60704739B1124A121D1268024345
:106CB000104B1B1D1A6006E00E4A121D126882431B
:106CC0000C4B1B1D1A607047042808D14FF0E021BF
:106CD000096941F004014FF0E022116107E04FF033
:106CE000E021096921F004014FF0E02211617047B1
:106CF0000000FA050CED00E000E400E080E100E0B7
:106D000080FFFF1F10B504469848844208D1012136
:106D1000084600F06AFE0021012000F066FE76E0E1
:106D20009348844208D10121022000F05EFE002138
:106D3000022000F05AFE6AE08E48844208D1012108
:106D4000042000F052FE0021042000F04EFE5EE020
:106D50008948844208D10121082000F046FE002124
:106D6000082000F042FE52E08448844208D101210C
:106D7000102000F03AFE0021102000F036FE46E020
:106D80007F48844208D10121202000F02EFE0021FE
:106D9000202000F02AFE3AE07A48844208D10121FE
:106DA000402000F022FE0021402000F01EFE2EE0D8
:106DB0007548844208D10121802000F016FE002190
:106DC000802000F012FE22E07048844208D10121A8
:106DD000801500F00AFE0021A01500F006FE16E066
:106DE0006B48844208D10121401500F0FEFD0021CE
:106DF000601500F0FAFD0AE06648844207D10121DF
:106E0000001500F0F2FD0021201500F0EEFD10BD90
:106E1000F0B50A4600210023002400BF3DE0012513
:106E200005FA01F3156805EA03049C4234D10568AC
:106E30004F000326BE40B543056015794E00B540AE
:106E40000668354305601579012D02D01579022DAC
:106E500016D185684F000326BE40B543856055793D
:106E60004E00B540866835438560456801268E40F2
:106E7000B5434560456896798E40B6B23543456066
:106E8000C5684F000326BE40B543C560D5794E00A6
:106E9000B540C6683543C560491C1029BFD3F0BD55
:106EA0004FF6FF7101600021017141718171C17163
:106EB000704708B54FF480320092009A0A4300925E
:106EC000009AC261C161009AC261C2690092C2693E
:106ED000009208BD0246002013690B400BB101204F
:106EE00000E0002070470146086980B27047024602
:106EF000002053690B400BB1012000E000207047D7
:106F00000146486980B270470183704741837047EA
:106F10000AB1018300E041837047416170474269D3
:106F20004A4042617047F0B5002300244D07ED0E42
:106F300002FA05F3CE1000F1200555F826504E0751
:106F4000F70E0F26BE40B543CF1000F1200646F8DD
:106F50002750CE1000F1200555F8265045EA0304CD
:106F6000CE1000F1200545F82640F0BD000002409B
:106F70000004024000080240000C024000100240E1
:106F80000014024000180240001C02400020024091
:106F9000002402400028024030B943F2DB028100A5
:106FA000A1F1C0410A6005E043F2D2028100A1F1E3
:106FB000C0410A606FF07042411C8900A1F1C041DC
:106FC0000A608100A1F1C041C1F804217047D0E9F5
:106FD00001121143C268114302691143426911430E
:106FE00082691143C2691143026A1143426A114323
:106FF000826A1143C26A1143026B11430268920014
:10700000A2F1C0421160816808290BD10168890092
:10701000A1F1C041096841F0400201688900A1F175
:10702000C0410A60416B0968426B526841EA021133
:10703000426B926841EA0221426B928941EA024125
:10704000426B128A41EA0251426B127D41EA0261AF
:10705000426B926911430268521C9200A2F1C04235
:107060001160C16AB1F5804F1BD1816B0968826BD9
:10707000526841EA0211826B926841EA0221826BF6
:10708000128A41EA0251826B127D41EA0261826BEF
:107090009269114302689200A2F1C042C2F8041141
:1070A00007E06FF0704201688900A1F1C041C1F8AA
:1070B00004217047002101600221416000218160AC
:1070C000C160016141618161C16101624FF4805120
:1070D0004162490081620021C1620163F849416354
:1070E0008163704751B18200A2F1C042126842F040
:1070F00001038200A2F1C042136009E08200A2F104
:10710000C0421268EF4B1A408300A3F1C0431A60DB
:10711000704710280AD118214FF0204211664021F3
:1071200051664FF0FC319166D16610E01821E64AB5
:10713000116040214FF02042C2F884104FF0FC3122
:10714000E14A083211604FF02042C2F88C107047BB
:1071500030B5002100220023446844F0080485680B
:107160002C43C5682C4305692C43456944EA4524F2
:10717000856944EA4531C4692468C5696D6844EA93
:107180000524C5692D8944EA0544C5692D7B44EA77
:107190000562046A2468056A6D6844EA0524056A84
:1071A0002D8944EA0544056A2D7B44EA0563046899
:1071B000102C05D14FF020442166A266E36608E05A
:1071C000C14C21604FF02044C4F88820BE4C0C34E0
:1071D000236030BD10210160002141608160C160E9
:1071E000016141618161FC21C2691160C269516024
:1071F000C2699160C269D160026A1160026A51601D
:10720000026A9160026AD160704799B1102808D172
:107210004FF02042126E42F004024FF020431A66F3
:107220001DE0A94A126842F004024FF02043C3F85F
:10723000802014E0102809D14FF02042126EA14B9B
:10724000DB1E1A404FF020431A6608E09E4A12687F
:107250009C4BDB1E1A404FF02043C3F88020704740
:1072600099B1102808D14FF02042126E42F040022E
:107270004FF020431A661DE0934A126842F0400224
:107280004FF02043C3F8802014E0102809D14FF0BC
:107290002042126E8B4B3F3B1A404FF020431A6640
:1072A00008E0894A1268874B3F3B1A404FF0204361
:1072B000C3F88020704701460020102903D14FF009
:1072C0002042506F02E0804A143210687047182044
:1072D0007D492031086000200906C1F8A4004FF064
:1072E000FC30794928310860091D0860091D0860D3
:1072F0007047016841F01001426841EA422182680A
:1073000041EA4231704A20321160C1680968C2689E
:10731000526841EA0221C268128941EA0241C26808
:10732000127B41EA0261684A2832116001690968EA
:107330000269526841EA02210269128941EA024166
:107340000269127B41EA02615F4A2C321160416995
:1073500009684269526841EA02214269128941EA98
:1073600002414269127B41EA02614FF02042C2F8B9
:10737000B01070470021016041608160FC21C2684B
:107380001160C2685160C2689160C268D1600269D0
:10739000116002695160026991600269D1604269BD
:1073A000116042695160426991604269D1607047E1
:1073B00048B145492031096841F004014FF02042AD
:1073C000C2F8A01009E04049203109683D4AD21EA8
:1073D00011404FF02042C2F8A010704710B5F2B132
:1073E000102807D14FF020435B6E0B434FF0204431
:1073F000636632E0B0F5807F08D1334B1B1D1B68FC
:107400000B434FF02044C4F8843026E02E4B243345
:107410001B680B434FF02044C4F8A4301DE0102833
:1074200007D14FF020435B6E8B434FF020446366DF
:1074300013E0B0F5807F08D1234B1B1D1B688B43E5
:107440004FF02044C4F8843007E01F4B24331B68FE
:107450008B434FF02044C4F8A43010BD10B5024651
:1074600000200023102A03D14FF02044636E09E06E
:10747000B2F5807F03D1144C241D236802E0124C26
:107480002434236803EA01040CB1012000E0002049
:1074900010BD102807D14FF02042526E8A434FF0A2
:1074A00020435A6619E0B0F5807F0FD1064A121DBD
:1074B00012688A434FF02043C3F884200DE0000097
:1074C0002C1E0108FEFF0F00800000A0234A126856
:1074D0008A434FF02043C3F8A420704770B502469A
:1074E0000020002300240025102A03D14FF020465D
:1074F000736E08E0B2F5807F03D1184E203E3368EA
:1075000001E0164E336803EA010403EAD10514B121
:107510000DB1012000E0002070BD102808D14FF00F
:107520002042526E22EAD1024FF020435A6614E004
:10753000B0F5807F09D1094A203A126822EAD102C7
:107540004FF02043C3F8842007E0044A126822EA7F
:10755000D1024FF02043C3F8A4207047A40000A03C
:10756000F948006840F00100F74908600020F6493A
:1075700008310860F4480068F4490840F24908609E
:10758000F348091D0860F348EF4984310860F0486A
:107590001038091D0860EC48006820F48020EA4992
:1075A00008600020E8490C310860E7498C31086028
:1075B00070470021E44A921C117011460870704710
:1075C00010B501460022002300204A11012A02D1F1
:1075D000DD4C236808E0022A03D1DB4C70342368B9
:1075E00002E0D94C7434236801F01F020124944056
:1075F0001C400CB1012000E0002010BD38B5002077
:1076000000900024002500BF3120FFF7D9FF054678
:107610000098401C00900098B0F5A04F01D0002DBC
:10762000F2D03120FFF7CCFF08B1012400E00024A4
:10763000204638BD01460020C34A106820F0F800FB
:1076400040EAC10010607047C349086070470021DC
:10765000BD4A703211701170012802D004280AD17D
:1076600004E00121B84A7032117005E00521B64AE4
:107670007032117000E000BF00BF7047B74908606A
:10768000704770B5049C41EA82150126C6EB53068B
:1076900045EA0645054345EA0465AB4E361D3560AF
:1076A00070BDAD4908667047820142EA0172A64B7F
:1076B00084331A607047A8498866704710B5830103
:1076C00043EA016343EA02739F4C8834236010BD90
:1076D000A14908677047A049C86470470246002066
:1076E000994B0833186820F0EC6042EA0103184314
:1076F000954B08331860704702460020924B0833C0
:10770000186820F0784042EA010318438E4B083392
:1077100018607047014600208B4A0832106820F03C
:10772000030008431060704787480830006800F085
:107730000C00704701460020834A0832106820F090
:10774000F000084310607047014600207E4A08326E
:10775000106820F4E0500843106070470146002094
:10776000794A0832106820F4604040EAC100106095
:107770007047F0B5002100220024022500260223D4
:10778000714F08373F6807F00C0121B1042905D07B
:10779000082937D105E0724F076036E0714F076066
:1077A00033E0694F3F1D3F68C7F38056664F3F1D6A
:1077B0003F6807F03F036EB16A4FB7FBF3F7DFF89E
:1077C00088C10CF1040CDCF800C0CCF3881C07FB6A
:1077D0000CF40CE0624FB7FBF3F7DFF86CC10CF16F
:1077E000040CDCF800C0CCF3881C07FB0CF4564FEB
:1077F0003F1D3F68C7F301477F1C7D00B4FBF5F7D1
:10780000076002E0564F076000BF00BF4E4F0837C9
:107810003F6807F0F0010909534F7A5C0768D740C9
:107820004760494F08373F6807F4E051890A4E4FD7
:107830007A5C4768D7408760434F08373F6807F452
:107840006041490B484F7A5C4768D740C760F0BD3C
:10785000002100F44072B2F5407F0AD13A4A083262
:10786000116821F4F811414A02401143364A0832A6
:107870001160354A70321268C0F30B031A43324B61
:1078800070331A607047354944390860704733498E
:10789000403908607047364908607047014600204B
:1078A000294A8C32106820F01F004A1E1043264AD5
:1078B0008C321060704701460020234A8C321068D9
:1078C00020F4F8504A1E40EA02201F4A8C32106011
:1078D0007047014600201C4A8C32106820F440108A
:1078E00008431060704701460020174A8C32106828
:1078F00020F4400008431060704701460020124AFF
:107900008C32106820F440300843106070471949E9
:107910000860704739B10C4A3032126802430A4B92
:1079200030331A6006E0084A303212688243064B50
:1079300030331A607047F9B1034A34321268024397
:10794000014B34331A601CE000380240FFFFF6EAB6
:10795000103000240030002000004742800E4742D3
:107960000024F40000127A00B2000020FFFCFF0F98
:107970005C014742E01147428F4A126882438E4BB6
:107980001A60704739B18C4A121D126802438A4B43
:107990001B1D1A6006E0884A121D12688243864B3E
:1079A0001B1D1A60704739B1834A0C3212680243BA
:1079B000814B0C331A6006E07F4A0C321268824316
:1079C0007D4B0C331A60704739B17B4A1032126814
:1079D0000243794B10331A6006E0774A103212687E
:1079E0008243754B10331A60704739B1724A243A9A
:1079F00012680243704B243B1A6006E06E4A243A38
:107A0000126882436C4B243B1A60704739B16A4A52
:107A1000203A12680243684B203B1A6006E0664A2F
:107A2000203A12688243644B203B1A60704739B198
:107A3000614A1C3A126802435F4B1C3B1A6006E025
:107A40005D4A1C3A126882435B4B1C3B1A607047CC
:107A500039B1594A143A12680243574B143B1A6021
:107A600006E0554A143A12688243534B143B1A609D
:107A7000704739B1504A103A126802434E4B103BDE
:107A80001A6006E04C4A103A126882434A4B103B97
:107A90001A60704739B1484A1C3212680243464B9B
:107AA0001C331A6006E0444A1C3212688243424B7F
:107AB0001C331A60704739B13F4A203212680243C2
:107AC0003D4B20331A6006E03B4A20321268824365
:107AD000394B20331A60704739B1374A2432126863
:107AE0000243354B24331A6006E0334A24321268CD
:107AF0008243314B24331A60704739B12E4A2C32FD
:107B0000126802432C4B2C331A6006E02A4A2C32AE
:107B100012688243284B2C331A60704739B1264AC9
:107B2000303212680243244B30331A6006E0224A96
:107B3000303212688243204B30331A60704701287C
:107B400008D11D493C31096841F008011A4A3C320C
:107B5000116007E018493C31096821F00801164A14
:107B60003C321160704739B1134A273A1278024308
:107B7000114B273B1A7006E00F4A273A12788243CE
:107B80000D4B273B1A7070470B484030006840F09F
:107B90008070094940310860704701460020064A5C
:107BA000283A12680A400AB1012000E0002070471C
:107BB00001492639087070473438024010B5044630
:107BC000FA48844208D101211020FFF752FF00211A
:107BD0001020FFF74EFF57E0F548844209D10121FC
:107BE0004804FFF735FF00214FF40030FFF730FF66
:107BF0004AE0F048844209D101218804FFF728FFB8
:107C000000214FF48020FFF723FF3DE0EA48844243
:107C100009D10121C804FFF71BFF00214FF4002008
:107C2000FFF716FF30E0E548844209D1012108053D
:107C3000FFF70EFF00214FF48010FFF709FF23E04C
:107C4000DF48844208D101212020FFF712FF0021E4
:107C50002020FFF70EFF17E0DA48844209D1012106
:107C60008807FFF7F5FE00214FF08040FFF7F0FE98
:107C70000AE0D548844207D101214005FFF7E8FE1C
:107C800000216005FFF7E4FE10BD2DE9FF47054622
:107C90000E460024A14600BFA046B08900B100BF37
:107CA0002C8A24F44054F08804432C82AC8941F29D
:107CB0000C608443B08831890843718908430443C8
:107CC000AC81AC8A24F44074B0890443AC82684629
:107CD000FFF74FFDB548854202D0B948854202D131
:107CE000DDF80C9001E0DDF80890A88900F4004070
:107CF00040B109EBC90000EB091031684900B0FB45
:107D0000F1F707E009EBC90000EB091031688900C1
:107D1000B0FBF1F76420B7FBF0F004012009642107
:107D200001FB1078A88900F4004040B1322000EB3C
:107D3000C800B0FBF1F000F00700044308E0322077
:107D400000EB08106421B0FBF1F000F00F000443D9
:107D50002C81BDE8FF874FF416510160002181801E
:107D6000C18001810C21418100218181704710B5C2
:107D700002460020108A20F470600B884C88234350
:107D80008C882343CC8823431843108210BD0021E4
:107D9000018041808180C180704721B1828942F495
:107DA0000052828104E082894DF6FF731A4082817D
:107DB0007047028B02F47F420283028B0A430283E4
:107DC000704721B1828942F40042828103E08289B6
:107DD000C2F30E028281704721B1828A42F40062AE
:107DE000828204E0828A4FF2FF731A4082827047D7
:107DF000C1F308028280704701468888C0F30800FA
:107E00007047028A4FF6F0731A400282028A0A43D0
:107E10000282704721B1828942F00202828104E02D
:107E200082894FF6FD731A408281704782894FF232
:107E3000FF731A40828182890A4382817047028AD5
:107E40004FF6DF731A400282028A0A4302827047A9
:107E500021B1028A42F48042028204E0028A4BF697
:107E6000FF731A4002827047818941F001018181CC
:107E7000704721B1828A42F00802828204E0828A3D
:107E80004FF6F7731A4082827047028BD2B2028398
:107E9000028B42EA01220283704721B1828A42F0BA
:107EA0002002828204E0828A4FF6DF731A408282C7
:107EB000704721B1828A42F01002828204E0828AF5
:107EC0004FF6EF731A4082827047828A4FF6FB7337
:107ED0001A408282828A0A438282704721B1828A52
:107EE00042F00202828204E0828A4FF6FD731A4059
:107EF000828270471AB1838A0B43838202E0838AAD
:107F00008B4383827047F0B503460024002600258A
:107F1000002040F66A17B94200D100BF1846C1F3ED
:107F2000421401F01F06012707FA06F5012C01D1C2
:107F30000C3004E0022C01D1103000E014301AB1F2
:107F400007682F43076002E00768AF430760F0BD92
:107F500002460020B1F5007F00D100BF13880B401E
:107F60000BB1012000E00020704701F40072B2F56F
:107F7000007F00D100BFCA430280704770B502463F
:107F8000002400230025002040F66A16B14200D1EB
:107F900000BFC1F3421501F01F03012606FA03F3E7
:107FA000012D13D19689334017E0000000100140E5
:107FB0000044004000480040004C00400050004099
:107FC0000014014000780040007C0040022D02D1E6
:107FD000168A334001E0968A33400C12012606FAD5
:107FE00004F41688344013B10CB1012000E00020E5
:107FF00070BD10B50022002340F66A14A14200D1E2
:1080000000BF0A1201249440A3B2DC43048010BDD7
:1080100010B50446FE48844208D101210846FFF706
:1080200028FD00210120FFF724FD9DE0B4F1804FE1
:1080300008D101210846FFF70BFD00210120FFF7C1
:1080400007FD91E0F348844208D101210220FFF7A7
:10805000FFFC00210220FFF7FBFC85E0EE48844294
:1080600008D101210420FFF7F3FC00210420FFF7D1
:10807000EFFC79E0E948844208D101210820FFF7AC
:10808000E7FC00210820FFF7E3FC6DE0E4488442B0
:1080900008D101211020FFF7DBFC00211020FFF7A1
:1080A000D7FC61E0DF48844208D101212020FFF79E
:1080B000CFFC00212020FFF7CBFC55E0DA488442BA
:1080C00008D101210220FFF7D4FC00210220FFF794
:1080D000D0FC49E0D548844209D101210804FFF7CA
:1080E000C8FC00214FF48030FFF7C3FC3CE0D048CF
:1080F000844209D101214804FFF7BBFC00214FF461
:108100000030FFF7B6FC2FE0CA48844209D10121B4
:108110008804FFF7AEFC00214FF48020FFF7A9FC94
:1081200022E0C548844208D101214020FFF790FC9D
:1081300000214020FFF78CFC16E0C048844208D1A3
:1081400001218020FFF784FC00218020FFF780FCC4
:108150000AE0BB48844207D101218015FFF778FC73
:108160000021A015FFF774FC10BD00220288A84B67
:1081700098420ED0AC4B98420BD0B0F1804F08D053
:10818000A44B984205D0A44B984202D0A34B9842EE
:1081900004D14FF68F731A404B881A43A04B984274
:1081A00007D0A04B984204D04FF6FF431A400B89EA
:1081B0001A4302804B68C3620B880385944B984234
:1081C00002D0994B984201D18B7A03860123838296
:1081D00070474FF0FF3141600021018001814180F3
:1081E000817270470185828270470A4600210188AA
:1081F0004FF68F73194011430180704741627047F9
:10820000C16270470146486A70470146088D704751
:1082100021B1028842F00202028004E002884FF697
:10822000FD731A400280704721B1028842F00402B7
:10823000028004E002884FF6FB731A400280704708
:1082400021B1028842F08002028004E002884FF6E9
:108250007F731A400280704702884FF6F7731A4006
:10826000028002880A430280704702884FF6FF436B
:108270001A40028002880A430280704721B10288B6
:1082800042F00102028004E002884FF6FE731A40B9
:108290000280704770B5002400220023058C4FF641
:1082A000FE7635400584028C8388048B4FF68F75EB
:1082B0002C40B51E2C400D882C43751E2A408D89FC
:1082C0002A434D882A43524DA84202D0564DA84217
:1082D00013D14FF6F7752A40CD892A434FF6FB7527
:1082E0002A408D882A434FF6FF652B404FF6FF55F5
:1082F0002B400D8A2B434D8A2B43838004838D684A
:108300004563028470BD70B5002400220023058CF3
:108310004FF6EF7635400584028C8388048B48F64F
:10832000FF752C404FF6FF452C400D884FF6FF7629
:1083300006EA05252C434FF6DF752A408D8906EAAB
:1083400005152A434D8806EA05152A43304DA842F3
:1083500002D0354DA8421DD14FF67F752A40CD89F8
:108360004FF6FF7606EA05152A434FF6BF752A40F9
:108370008D8806EA05152A434FF6FF352B404FF24C
:10838000FF752B400D8A06EA85052B434D8A06EAC8
:1083900085052B43838004838D688563028470BDCB
:1083A00070B5002400220023058C4FF6FF6635408F
:1083B0000584028C8388848B4FF68F752C404FF692
:1083C000FC752C400D882C434FF6FF552A408D89B3
:1083D0004FF6FF7606EA05252A434D8806EA05256D
:1083E0002A430B4DA84202D00F4DA84238D14FF27C
:1083F000FF752A40CD894FF6FF7606EA05252A4308
:108400004FF6FF352A408D8806EA05252A4319E0F4
:10841000000001400004004000080040000C004043
:1084200000100040001400400004014000400140E2
:10843000004401400048014000180040001C00407A
:10844000002000404EF6FF752B404DF6FF752B4087
:108450000D8A06EA05152B434D8A06EA05152B43BE
:10846000838084838D68C563028470BD70B50022EB
:1084700000230024058C4EF6FF7635400584038CDE
:108480008488828B48F6FF752A404FF6FF452A40C4
:108490000D884FF6FF7606EA05252A434DF6FF754F
:1084A0002B408D8906EA05352B434D8806EA0535B4
:1084B0002B43FE4DA84202D0FD4DA84208D14BF6F9
:1084C000FF752C400D8A4FF6FF7606EA85152C4382
:1084D000848082838D680564038470BD00210180DF
:1084E0004180818081608181C181018241827047A8
:1084F00070B50346002000241846183001258D4031
:10850000ACB21D8CA5431D8409B108290AD100EB2A
:10851000610005684FF68F763540056005681543A4
:1085200005600FE00D1FC5F34E052844056848F6A9
:10853000FF763540056005684FF6FF7606EA0226AD
:108540003543056070BD4163704781637047C16307
:108550007047016470470A460021018B4FF68F7304
:1085600019401143018370470A460021018B48F6E8
:10857000FF7319404FF6FF7303EA02231943018387
:1085800070470A460021818B4FF68F7319401143C3
:10859000818370470A460021818B48F6FF7319409A
:1085A0004FF6FF7303EA02231943818370470A469B
:1085B0000021018B4FF6F773194011430183704777
:1085C0000A460021018B4FF2FF7319404FF6FF73EB
:1085D00003EA02231943018370470A460021818B75
:1085E0004FF6F77319401143818370470A46002103
:1085F000818B4FF2FF7319404FF6FF7303EA02239A
:108600001943818370470A460021018B4FF6FB73A3
:1086100019401143018370470A460021018B4FF630
:10862000FF3319404FF6FF7303EA02231943018316
:1086300070470A460021818B4FF6FB7319401143A6
:10864000818370470A460021818B4FF6FF33194022
:108650004FF6FF7303EA02231943818370470A46EA
:108660000021018B4FF67F7319401143018370473E
:108670000A460021018BC1F30E014FF6FF7303EA96
:1086800002231943018370470A460021818B4FF66C
:108690007F7319401143818370470A460021818B03
:1086A000C1F30E014FF6FF7303EA022319438183DE
:1086B00070470A460021018C4FF6FD7319401143A3
:1086C000018470470A460021018C4FF6F773194068
:1086D0001143018470470A460021018C4FF6DF7375
:1086E00019404FF6FF7303EA0213194301847047E0
:1086F0000A460021018C4FF67F7319404FF6FF7335
:1087000003EA02131943018470470A460021018CD1
:108710004FF6FF5319404FF6FF7303EA0223194344
:10872000018470470A460021018C4FF2FF73194003
:108730004FF6FF7303EA02231943018470470A4688
:108740000021018C4DF6FF7319404FF6FF7303EAC9
:10875000023319430184704730B5002301248C4053
:10876000A3B2048C9C430484048C02FA01F5ADB2DC
:108770002C43048430BD30B5002304248C40A3B2C4
:10878000048C9C430484048C02FA01F5ADB22C43A2
:10879000048430BD828B4FF2FF331A408283828B78
:1087A0004FF6FF7303EA01231A4382837047F0B543
:1087B0000C461546002100220026078C4EF6FF7C51
:1087C00007EA0C070784818B028C4FF6FF7707EAD4
:1087D000043640F6FF4739404FF6FF7707EA052792
:1087E00039434FF6FF7707EA0337394345F6FF77FA
:1087F0003A4046F480573A4381830284F0BD828B2D
:108800004FF6F3731A408283828B0A438283704748
:10881000F0B50C461546002100220026078C4FF6C5
:10882000FF6C07EA0C070784818B028C4FF6FF77F9
:1088300007EA04264FF60C7739404FF6FF7707EA30
:1088400003172F4339434FF2FF573A4046F48077DE
:108850003A4381830284F0BD028B4FF2FF331A400A
:108860000283028B4FF6FF7303EA01231A4302834C
:108870007047F0B50C461546002100220026078CF3
:108880004FF6EF7C07EA0C070784018B028C4FF64A
:10889000FF7707EA041640F6FF4739404FF6FF77A7
:1088A00007EA033739434FF6FF7703E00000014042
:1088B0000004014007EA052739434FF65F773A4045
:1088C00046F010073A4301830284F0BD028B4FF655
:1088D000F3731A400283028B0A4302837047F0B598
:1088E0000C46154600210022068C4FF6FE773E40CE
:1088F0000684018B028C4FF60C7631407E1C06EA12
:1089000003162E4331434FF6F576324044F001060C
:10891000324301830284F0BD70B505460C462088C1
:1089200050B92389A28861882846FFF7D8FFE188DB
:108930002846FFF7CBFF25E0208804280AD12389A9
:10894000A28861882846FFF794FFE1882846FFF750
:1089500083FF17E0208808280AD12389A28861882C
:108960002846FFF755FFE1882846FFF748FF09E052
:108970002389A28861882846FFF719FFE1882846E5
:10898000FFF708FF70BD0021018041800121818037
:108990000021C180018170472DE9F04105460C4658
:1089A00000260127608808B9022600E00026A0887A
:1089B000012801D1022700E001272088A0B92389DE
:1089C000A28861882846FFF78AFFE1882846FFF7DA
:1089D0007DFF23893A4631462846FFF74AFFE18862
:1089E0002846FFF739FF13E02389A28861882846CB
:1089F000FFF73FFFE1882846FFF72EFF23893A461D
:108A000031462846FFF76BFFE1882846FFF75EFFF7
:108A1000BDE8F0810146486B70470146886B70479E
:108A20000146C86B70470146086C70470A884B883E
:108A30001A438B881A43CB881A430B891A434B89F4
:108A40001A438B891A43A0F8442070470021018003
:108A500041808180C180018141818181704731B134
:108A6000B0F8442042F40042A0F8442005E0B0F8F9
:108A70004420C2F30E02A0F84420704721B182883E
:108A800042F00402828004E082884FF6FB731A40B1
:108A90008280704721B1828842F00102828004E026
:108AA00082884FF6FE731A40828070471AB183891C
:108AB0000B43838102E083898B43838170478182EA
:108AC000704702460020138A0B400BB1012000E0E2
:108AD00000207047CA430282704730B5024600202A
:108AE00000230024158A05EA0103958905EA01049B
:108AF00013B10CB1012000E0002030BDCA43028256
:108B0000704741EA0203A0F8483070471AB18389E0
:108B10000B43838102E083898B438381704721B1BA
:108B2000828842F00802828004E082884FF6F77360
:108B30001A408280704701894FF6F8721140018116
:108B400070470A46002101894FF68F73194011437F
:108B50000181704730B504460D4629462046FFF78F
:108B6000F0FF208940F00700208130BD2DE9F04161
:108B700004460D4616461F46602D06D13B4601228F
:108B800031462046FFF775FE05E03B46012231469F
:108B90002046FFF7A4FE29462046FFF7D2FF208992
:108BA00040F007002081BDE8F08130B50C4600217F
:108BB0000189C9B24FF6FF7505EA03251543254320
:108BC0002943018130BD2DE9F04105460E46174687
:108BD0009846002443463A4631462846FFF7E5FFCB
:108BE0002C894FF6F870044044F007044FF68F705C
:108BF000044044F070042C81BDE8F081F0B50446D7
:108C00000D4616461F463B46324629462046FFF78C
:108C1000CCFF208940F480402081F0BD82884FF64F
:108C20008F731A40828082880A438280704702894B
:108C30004FF6F8731A40028102890A430281704795
:108C400002894FF67F731A40028102890A4302812A
:108C50007047F0B50C4615461E4600210022002341
:108C60000189028B038C4FF6F877394021434FF688
:108C7000FC473A4040F201173A434FF6DD773B405C
:108C80004FF6FF7707EA06172F433B430181028324
:108C90000384F0BD21B1828842F08002828004E02A
:108CA00082884FF67F731A4082807047A0F8501078
:108CB0007047000010B50446FB48844208D10121EA
:108CC0008014FEF7D6FE0021A014FEF7D2FE3CE091
:108CD000F648844208D101210014FEF7B9FE0021B4
:108CE0002014FEF7B5FE30E0F148844208D101219E
:108CF000C013FEF7ADFE0021E013FEF7A9FE24E04D
:108D0000EC48844208D101214014FEF7B2FE002154
:108D10006014FEF7AEFE18E0E748844209D1012155
:108D20000805FEF7A6FE00214FF48010FEF7A1FE15
:108D30000BE0E248844208D101214805FEF799FE84
:108D400000214FF40010FEF794FE10BD10B5002274
:108D5000028802F441520B884C8823438C882343B9
:108D6000CC8823430C8923434C8923438C89234398
:108D7000CC8923431A430280838B4FF2FF74234034
:108D800083830B8A038210BD2DE9F04F0025022357
:108D900000244FF001090022002600279446904647
:108DA000B0F81CA04FF2400B0AEA0B0AA0F81CA076
:108DB0004FF0020AA0F820A0858BD1F808A0BAF1E4
:108DC000020F01D100BF82E0B1F804A0BAF1000F98
:108DD00002D14FF0010901E04FF00209DFF8E0A2F3
:108DE000DAF800A00AF4000ABAF1000F09D0DFF89F
:108DF000D0A2DAF800A02AF4000ADFF8C4B2CBF857
:108E000000A0DFF8BCA20AF17C0ADAF800A0CAF3DD
:108E1000881CDFF8ACA20AF17C0ADAF800A0CAF3D9
:108E20000278DFF89CA2AAF1040ADAF800A00AF09E
:108E30003F07DFF88CA2AAF1040ADAF800A00AF4CE
:108E4000800ABAF5800F08D1DFF878A2BAFBF7FAEA
:108E50000AFB0CFABAFBF8F607E0DFF86CA2BAFBE3
:108E6000F7FA0AFB0CFABAFBF8F6B1F806A0BAF565
:108E7000007F0ED14FEA162A0AEB8A0A4FEA4A0A05
:108E8000D1F808B0BAFBFBFA0AF1050A1FFA8AF218
:108E90000FE04FEA491AB6FBFAFA0AEB8A0A4FEAE0
:108EA0004A0AD1F808B0BAFBFBFA0AF1050A1FFA20
:108EB0008AF24FF00A0AB2FBFAF202F00104A2EBC6
:108EC000040ACAF34F034FF6FF7A0AEA0424022B7E
:108ED00001DBFF2B01DD02230024B1F806A04AEAE2
:108EE000040A4AEA030AA0F820A0B1F804A0B1F8E5
:108EF0000CB04AEA0B0AB1F802B04AEA0B0AB1F820
:108F000000B04AEA0B0A4AF4006A4AEA050585837A
:108F1000BDE8F08F0021018041808180C180018106
:108F200041818181C1810721018270470021018037
:108F300041808180C1800221816000218181704750
:108F400021B1028842F04002028004E002884FF61C
:108F5000BF731A400280704721B1828B42F4806255
:108F6000828304E0828B4FF6FF331A40828370477E
:108F700002884FF2FF731A40028002880A4302807F
:108F80007047B1F5804F04D1028842F480420280DC
:108F900004E002884BF6FF731A40028070474FF6D8
:108FA000FF62914204D0028842F48072028004E0A1
:108FB00002884FF6FF631A400280704721B1828811
:108FC00042F00402828004E082884FF6FB731A406C
:108FD0008280704721B1828842F01002828004E0D2
:108FE00082884FF6EF731A408280704730B50022B6
:108FF0000023848B4FF240052C4084830224048498
:10900000828B0C88B4F5007F01D00C8814B94FF422
:10901000807308E00C88B4F5407F03D00C88B4F569
:10902000807F00D100238C888D892C434D882C4370
:109030001C4344F400642243828330BD0146888986
:1090400070478181704721B1028842F4005202804A
:1090500004E002884DF6FF731A40028070470188D1
:1090600041F480510180704702460020012901D05F
:10907000108B00E0908A70470146088A70471AB149
:1090800083880B43838002E083888B43838070470F
:1090900030B5002400230C110125A540ABB2AAB1C4
:1090A00085881D43858014E0003001400038004071
:1090B000003C004000340140005001400054014099
:1090C0000838024000127A000024F40085889D438D
:1090D000858030BD0246002013890B400BB1012072
:1090E00000E000207047CA4302817047F0B5024695
:1090F000002000240023002501F00F070126BE40B8
:10910000B4B20B1101269E40B3B2968806EA03055D
:109110001689264016B10DB1012000E00020F0BDF7
:1091200010B5002201F00F040123A3409AB2D343EB
:10913000038110BD10B50121C802FEF79AFC002181
:109140004FF40060FEF795FC10BD00216C4A1168D9
:1091500047F6FF629143027D83681A4343681A43CE
:10916000C3681A4303681A4303691A431143644AE4
:109170001160704700210175016041608160C1602C
:10918000016170475F49086070475D49091F0860C9
:1091900070475B48001F006800F003007047002123
:1091A000574B1B1D02681A601A1D11686FF30A01E4
:1091B000D0E901231A43C3681A4303691A431143D0
:1091C0004F4A0832116070470021016041608160A0
:1091D000C160016170474A480C300068C0B27047F6
:1091E00008B5014600200090454810300844009022
:1091F0000098006808BD0021414B203302681A60C6
:109200001B1D42681A601A1D116821F0F701D0E990
:1092100002231A4303691A4343691A431143384A24
:109220002832116070474FF0FF310160002141602A
:109230008160C16001614161704731482C30006834
:1092400070472F487C30006870472D497C3108609A
:1092500070472B484430006870472B4908607047BE
:109260002949091D0860704727490831086070477F
:1092700025490C310860704724490860704723492C
:10928000091D0860704701218143204A083211609E
:1092900070471E490C31086070471B49143908603B
:1092A000704739B1164A383212680243144B3833CA
:1092B0001A6006E0124A383212688243104B383383
:1092C0001A607047014600200D4A303212680A4089
:1092D0000AB1012000E000207047094934310860DC
:1092E000704701460020064A303212680A400AB12F
:1092F000012000E0002070470149343108607047C8
:10930000042C0140A0802542A0852542AC81254245
:10931000016821F00101016000210160416081606C
:10932000C160016121214161DB49884204D13D21B5
:10933000D94A103A91608CE0D7491831884205D15A
:109340004FF47461D44A103A916082E0D2493031CE
:10935000884205D14FF47411CF4A103A916078E0F9
:10936000CD494831884205D14FF07461CA4A103A5C
:1093700091606EE0C8496031884204D1C749C64A4D
:10938000103AD16065E0C4497831884204D1C449BB
:10939000C14A103AD1605CE0BF499031884204D1A3
:1093A000C049BD4A103AD16053E0BB49A831884258
:1093B00005D14FF03D51B84A103AD16049E0BA4961
:1093C000884204D13D21B84A083A116041E0B649CB
:1093D0001831884205D14FF47461B34A083A1160DC
:1093E00037E0B1493031884205D14FF47411AE4AAB
:1093F000083A11602DE0AC494831884205D14FF060
:109400007461A94A083A116023E0A7496031884293
:1094100004D1A249A44A121F11601AE0A24978316E
:10942000884204D19E49A04A121F116011E09E4952
:109430009031884204D19B499B4A121F116008E079
:109440009949A831884204D14FF03D51964A121FE4
:109450001160704710B500220268944B1A40CC6826
:109460000B6823434C6923438C692343CC69234312
:109470000C6A23434C6A23438C6A23434C6B23437B
:109480008C6B23431A430260426922F00702D1E940
:109490000B3423431A4342610B6943604B6883607A
:1094A0008B68C36010BD0021016041608160C160B4
:1094B000016141618161C161016241628162C16298
:1094C000016341638163704721B1026842F0010288
:1094D000026003E0026822F001020260704721B1DD
:1094E000026842F40042026003E0026822F4004293
:1094F0000260704721B1026842F02002026003E07E
:10950000026822F020020260704741607047014605
:10951000486880B2704722B1036843F400230360B7
:1095200003E0036823F4002303600161704721B165
:10953000026842F48022026003E0026822F4802282
:10954000026070470AB1016100E0C16070470146E6
:1095500000200A6802F400220AB1012000E0002085
:109560007047014600200A6802F001020AB101209A
:1095700000E000207047014600204A6902F03800F0
:10958000704730B503460A4600200024464DAB42E2
:1095900002D24149103901E04349103902F0005527
:1095A0000DB14C6800E00C68414D2C4004EA020506
:1095B0000DB1012000E0002030BD02463A4B9A4236
:1095C00002D23548103801E03748103801F0005316
:1095D0001BB1374B0B40C36002E0354B0B4083603F
:1095E000704710B501F080034BB122B1436943F0DD
:1095F0008003436103E0436923F0800343618029D2
:109600000BD02AB1036801F01E042343036004E079
:10961000036801F01E04A343036010BD70B5024649
:10962000002000240025204EB24202D21A4B103BEB
:1096300001E01D4B103B1F4E0E4036B11E2606EAC0
:10964000D124166806EA040502E0566906F0800592
:1096500001F000560EB15C6800E01C68144E344006
:1096600004EA010616B10DB1012000E0002070BD32
:1096700002460D4B9A4202D20748103801E00A48D0
:10968000103801F000531BB1094B0B40C36002E0DE
:10969000074B0B4083607047106002403D00002084
:1096A000400F002000003D20106402403F801CF06D
:1096B0007D0F7D0F3C0F3C0F70B503460C4603E059
:1096C00014F8015B03F8015B151EA2F10102F7D14A
:1096D00070BD30B5034601E003F8011B141EA2F172
:1096E0000102F9D130BD10B504467A4951F8241071
:1096F0004A00794951F824000021FFF7EAFF774931
:1097000051F8242074490C3951F824000021FFF746
:10971000E0FF012170480C30015510BD10B5014625
:109720000023002207E06C4850F8210030F81200B6
:1097300000B15B1C521C674850F821009042F2D8DF
:1097400064205843634C54F82140B0FBF4F0C0B29D
:1097500010BD2DE9F04704460F460025A9465E4896
:109760000C30005D20B95C481438016820468847F9
:109770001FB94FF0FF30BDE8F087594850F824007A
:10978000B7FBF0F6564850F82400B7FBF0F100FBA9
:10979000117000B1761C4F4850F82400451E20E09F
:1097A0004D4850F8240030F8150010B909F10109AE
:1097B00001E04FF00009B14512D14FF0000808E078
:1097C000454850F8240005EB080220F8126008F123
:1097D0000108B045F4D3424850F824006843CAE772
:1097E0006D1E002DDCDA4FF0FF30C4E72DE9F041AB
:1097F00004460E4638480C30005D38B936481438F7
:109800000168204688470120BDE8F081334850F8C0
:109810002400B04217D9324850F82400B6FBF0F1CA
:109820002D4850F8240030F81120002507E00023CF
:10983000294850F824004F1920F817306D1C954224
:10984000F5DB0020E0E70220DEE770B505460C46B8
:1098500004B970BD20480C3850F82500261A31464E
:109860002846FFF7C3FF00BFF3E770B504460E4676
:1098700031462046FFF76DFF0546681C08B90020F9
:1098800070BD15480C3850F824002844F8E72DE93D
:10989000F04104460F46164631462046FFF759FF71
:1098A0000546681C10B90020BDE8F0810A490C3952
:1098B00051F82410481932463946FFF7FDFE394663
:1098C0002046FFF7C2FF04480C3850F82400284413
:1098D000EAE70000481E0108D8000020601E0108C9
:1098E000541E010810B58CB004461E230BAA03A910
:1098F000204600F0A9FE0090009810B101200CB0A5
:1099000010BD9DF82C00044400200B900EE0404850
:109910009DF82C2050F8221003A800F0FDFD00B99E
:1099200008E09DF82C00401CC0B20B909DF82C0064
:109930000728ECD300BF9DF82C00072863D2DFE88E
:1099400000F004053C5E6564630000BF31A006F0D2
:1099500019F931A006F016F93FA006F013F94EA050
:1099600006F010F95CA006F00DF96BA006F00AF9FC
:1099700079A006F007F986A006F004F98BA006F09E
:1099800001F990A006F0FEF894A006F0FBF899A06B
:1099900006F0F8F89EA006F0F5F8A4A006F0F2F89C
:1099A000B0A006F0EFF8BDA006F0ECF8C8A006F0F5
:1099B000E9F8D4A006F0E6F89AE216A006F0E2F87C
:1099C000E0A006F0DFF800200B900EE0ED48006804
:1099D0009DF82C2000EBC2004168EBA006F0D2F805
:1099E0009DF82C00401CC0B20B90E648007D9DF80D
:1099F0002C108842EADC07A006F0C4F878E205A043
:109A000006F0C0F8C4E171E245E219E2ECE10000C1
:109A1000E80000200D0A00002D2D2D2D2D2D2D2DBF
:109A20002D2D2D2D2D2D2D2D2D2D2D2D2D2D2D2D66
:109A300055534D4152542056332E312D2D2D2D2D61
:109A40002D2D2D2D2D2D2D2D2D2D2D2D2D2D2D2D46
:109A50002D2D2D200D0A00002020202055534D4192
:109A60005254CAC7D3C9414C49454E54454BBFAA6D
:109A7000B7A2B5C4D2BBB8F6C1E9C7C9B5C4B4AEC4
:109A8000BFDAB5F7CAD4BBA5BDBBD7E9BCFE2CCDA8
:109A9000A8B9FD200D0A0000CBFC2CC4E3BFC9D23D
:109AA000D4CDA8B9FDB4AEBFDAD6FACAD6B5F7D3CD
:109AB000C3B3CCD0F2C0EFC3E6B5C4C8CEBACEBAF9
:109AC000AFCAFD2CB2A2D6B4D0D02ED2F2B4CB2CD9
:109AD000C4E3BFC90D0A0000D2D4CBE6D2E2B8FC81
:109AE000B8C4BAAFCAFDB5C4CAE4C8EBB2CECAFDA9
:109AF00028D6A7B3D6CAFDD7D62831302F3136BDE8
:109B0000F8D6C629A1A2D7D6B7FBB4AEA1A2BAAFE8
:109B1000CAFDC8EB0D0A0000BFDAB5D8D6B7B5C884
:109B2000D7F7CEAAB2CECAFD292CB5A5B8F6BAAFE2
:109B3000CAFDD7EEB6E0D6A7B3D63130B8F6CAE440
:109B4000C8EBB2CECAFD2CB2A2D6A7B3D6BAAFCA62
:109B5000FDB7B5200D0A0000BBD8D6B5CFD4CABE1C
:109B60002ED0C2D4F6B2CECAFDCFD4CABEBDF8D66E
:109B7000C6C9E8D6C3B9A6C4DC2CD0C2D4F6BDF899
:109B8000D6C6D7AABBBBB9A6C4DC2E0D0A000000FE
:109B9000BCBCCAF5D6A7B3D63A7777772E6F706577
:109BA0006E6564762E636F6D0D0A000055534D414E
:109BB0005254D3D037B8F6CFB5CDB3C3FCC1EE3ACB
:109BC0000D0A00003F3A202020202020BBF1C8A130
:109BD000B0EFD6FAD0C5CFA20D0A000068656C7050
:109BE0003A202020BBF1C8A1B0EFD6FAD0C5CFA251
:109BF0000D0A00006C6973743A202020BFC9D3C3DA
:109C0000B5C4BAAFCAFDC1D0B1ED0D0A0A0000005B
:109C100069643A2020202020BFC9D3C3BAAFCAFD4F
:109C2000B5C44944C1D0B1ED0D0A0A006865783A5F
:109C300020202020B2CECAFD3136BDF8D6C6CFD402
:109C4000CABE2CBAF3B8FABFD5B8F12BCAFDD7D625
:109C5000BCB4D6B4D0D0BDF8D6C6D7AABBBB0D0A0B
:109C60000A0000006465633A20202020B2CECAFDBD
:109C70003130BDF8D6C6CFD4CABE2CBAF3B8FABFBD
:109C8000D5B8F12BCAFDD7D6BCB4D6B4D0D0BDF868
:109C9000D6C6D7AABBBB0D0A0A00000072756E7447
:109CA000696D653A312CBFAAC6F4BAAFCAFDD4CBF0
:109CB000D0D0BCC6CAB13B302CB9D8B1D5BAAFCA26
:109CC000FDD4CBD0D0BCC6CAB13B0D0A0A000000FF
:109CD000C7EBB0B4D5D5B3CCD0F2B1E0D0B4B8F1C5
:109CE000CABDCAE4C8EBBAAFCAFDC3FBBCB0B2CEB2
:109CF000CAFDB2A2D2D4BBD8B3B5BCFCBDE1CAF890
:109D00002E0D0A002D2D2D2D2D2D2D2D2D2D2D2DF2
:109D10002D2D2D2D2D2D2D2D2D2D2D2D2D2D414C40
:109D200049454E54454B2D2D2D2D2D2D2D2D2D2DB1
:109D30002D2D2D2D2D2D2D2D2D2D2D2D2D2D2D2060
:109D40000D0A00002D2D2D2D2D2D2D2D2D2D2D2DE0
:109D50002D2D2D2D2D2D2D2D2D2D2D2D2DBAAFCA87
:109D6000FDC7E5B5A52D2D2D2D2D2D2D2D2D2D2D01
:109D70002D2D2D2D2D2D2D2D2D2D2D2D2D2D2D2D13
:109D8000200D0A007C01002025730D0A0000000050
:109D9000EEA005F0F7FE00200B901AE0FB490968E1
:109DA0009DF82C2001EBC20101AB02AA486803A96F
:109DB00000F070FCF54800689DF82C1050F8312038
:109DC00003A9F3A005F0DEFE9DF82C00401CC0B2F4
:109DD0000B90EE48007D9DF82C108842DEDCAFF23F
:109DE000CC3005F0CFFE83E0AFF2D83005F0CAFEEC
:109DF0000BAA03A9204600F029FD9DF82C00C8B944
:109E0000694603A800F0BBFB0B909DF82C0020B91D
:109E1000E4A0009905F0B6FE0EE09DF82C000428A1
:109E200001D002206BE5E2A005F0ACFE0120D7498D
:109E3000C87501E0022062E5DCA005F0A3FE57E052
:109E4000DAA005F09FFE0BAA03A9204600F0FEFC55
:109E50009DF82C00C8B9694603A800F090FB0B9050
:109E60009DF82C0020B9D7A0009905F08BFE0EE0DC
:109E70009DF82C00042801D0022040E5D4A005F074
:109E800081FE0020C149C87501E0022037E5C7A066
:109E900005F078FE2CE0C5A005F074FE0BAA03A91E
:109EA000204600F0D3FC9DF82C00C8B9694603A8F1
:109EB00000F065FB0B909DF82C0078B9B349009831
:109EC00081F8EC00084690F8EC0018B1C5A005F048
:109ED00059FE07E0CAA005F055FE03E002200EE59A
:109EE00002200CE5B1A005F04DFE01E0012006E5E1
:109EF00000BF002003E510B50121C848FEF7EAFDC8
:109F00004FF6FF71C548FEF77BF90021C348FEF705
:109F100075F900209D49C1F8F00010BD10B5012170
:109F2000BE48FEF7CEFD012808D19848D0F8F000D1
:109F30004FF6FF7108449549C1F8F000B748FEF7A5
:109F400061F99249D1F8F01008449049C1F8F00045
:109F50000846D0F8F00010BD10B50121AF48FEF75B
:109F6000BCFD01280AD18949086980470021AB4816
:109F7000FEF744F96421A948FEF742F90121A748F8
:109F8000FEF7BCFD10BD7FB504460D46012104203F
:109F9000FDF709FDADF800500020ADF80200019476
:109FA000ADF8080069469D48FEF7DFF8012211462A
:109FB0009A48FEF77BFD01219848FEF75FF91E20C5
:109FC0008DF80C0003208DF80D008DF80E00012097
:109FD0008DF80F0003A8FCF72AFE7FBD10B50446DC
:109FE00004EBC40000EB04100122C2EB800081B23C
:109FF0004FF47A70FFF7C7FF01206449C87510BDA0
:10A0000030B595B0054613AB12AA09A9284600F051
:10A0100041FB044614B1204615B030BD0020149019
:10A0200026E05A4909689DF8502001EBC20113ABA4
:10A0300011AA486801A900F02DFB04460CB1204686
:10A04000EAE709A901A800F067FA60B99DF84400A1
:10A050009DF84810884201DD0220DDE79DF85000A0
:10A060004A4988750AE09DF85000401CC0B214901F
:10A070004648007D9DF850108842D2DC00BF43481E
:10A08000007D9DF85010884201D10420C4E714A936
:10A09000284600F04CFC04460CB12046BCE79DF875
:10A0A00050003A4948750020B6E72DE9F0419AB0D2
:10A0B0003648847D007DA04202DC1AB0BDE8F08104
:10A0C0003249096801EBC40106AB07AA486808A930
:10A0D00000F0E0FA08A952A005F054FD0026B9E00E
:10A0E0002A48008B0121B1400840D8B122214EA05E
:10A0F00005F048FD304600F00DFC24492431471896
:10A1000039464AA005F03EFD222147A005F03AFD60
:10A11000304600F0FFFB1D492431084410A941F8E6
:10A1200026008DE0304600F0F5FB18492431085830
:10A1300010A941F826001548C07D30B910A850F884
:10A1400026103BA005F01EFD7AE073E02D2D2D2D8D
:10A150002D2D2D2D2D2D2D2D2D2D2D2D2D2D2D2D2F
:10A160002D2D2D2D2DBAAFCAFD204944202D2D2D8A
:10A170002D2D2D2D2D2D2D2D2D2D2D2D2D2D2D2D0F
:10A180002D2D2D2D2D2D2D2D200D0A007C01002093
:10A1900025732069642069733A0D0A3058253038D8
:10A1A000580D0A004845583A305825580D0A000005
:10A1B0003136BDF8D6C6B2CECAFDCFD4CABE210D47
:10A1C0000A0000004445433A256C750D0A00000062
:10A1D0003130BDF8D6C6B2CECAFDCFD4CABE210D2D
:10A1E0000A00000052756E2054696D652043616C51
:10A1F00063756C6174696F6E204F4E0D0A0000002C
:10A2000052756E2054696D652043616C63756C6195
:10A2100074696F6E204F46460D0A0000000800402A
:10A220000D0A257328000000256300002573000037
:10A23000256C750010A850F8261095A005F0A2FC1A
:10A240009DF81C00401EB04202D093A005F09AFC7D
:10A25000701CC6B29DF81C008642FFF641AF8FA06D
:10A2600005F090FCFFF747FE8D48407D0B280DD28E
:10A27000DFE800F0060D151E27323F4E5F728700A3
:10A280008749096851F834008047054690E0844AC0
:10A29000126852F8341010988847054688E0804BC1
:10A2A0001B6853F83420DDE91001904705467FE034
:10A2B0007B4F3F6857F8343010A807C898470546C9
:10A2C00076E0DFF8DCC1DCF800C05CF8347010A880
:10A2D0000FC8B84705466BE01498DFF8C4C100907A
:10A2E000DCF800C05CF8347010A80FC8B847054609
:10A2F0005EE0DDE91401DFF8A8C1CDE90001DCF87A
:10A3000000C05CF8347010A80FC8B84705464FE08D
:10A31000DDE914121698DFF888C1CDE90012029029
:10A32000DCF800C05CF8347010A80FC8B8470546C8
:10A330003EE0DDE91423DDE91610DFF864C1CDE964
:10A340000023CDE90210DCF800C05CF8347010A8DE
:10A350000FC8B84705462BE0DDE91523DDE91710E6
:10A36000CDE90123CDE903101498DFF834C1009042
:10A37000DCF800C05CF8347010A80FC8B847054678
:10A3800016E0DDE91623DDE91810CDE90223CDE959
:10A390000410DDE91401DFF808C1CDE90001DCF8A3
:10A3A00000C05CF8347010A80FC8B847054600BF5D
:10A3B00000BFFFF7B3FD9DF8180001280CD1384805
:10A3C000C07D20B9294637A005F0DCFB07E029460F
:10A3D00036A005F0D7FB02E033A005F0D3FB3048F0
:10A3E00090F8EC0088B12E48D0F8F0000A21B0FBBC
:10A3F000F1F201FB12072A48D0F8F000B0FBF1F8A7
:10A400003A4641462CA005F0BDFB00BF55E670B5AD
:10A410003148008800F40040002833D02E480578E9
:10A4200000202E4948551E4881682C48884704461C
:10A430001CB91B49C868804721E02848FFF752FA39
:10A440000546012D00D02C46CCB1012C06D0022CA3
:10A4500008D0032C0AD0042C10D10BE020A005F06A
:10A4600091FB0BE021A005F08DFB07E022A005F099
:10A4700089FB03E023A005F085FB00BF00BF00209F
:10A480001549088070BD0146086870470160704733
:10A4900030582558000000002C0000002900000062
:10A4A0007C0100203D256C753B0D0A003D30582590
:10A4B000583B0D0A0000000046756E6374696F6EAC
:10A4C0002052756E2054696D653A25642E253164DD
:10A4D0006D730D0A00000000B00000207015002010
:10A4E000BAAFCAFDB4EDCEF3210D0A00B2CECAFD5B
:10A4F000B4EDCEF3210D0A00B2CECAFDCCABB6E06E
:10A50000210D0A00CEB4D5D2B5BDC6A5C5E4B5C4EB
:10A51000BAAFCAFD210D0A0002460AE010780B7896
:10A52000984201D001207047107800B902E0521C17
:10A53000491CF3E700BF0020F5E706E002780A7047
:10A54000027802B902E0401C491CF7E700BF7047DF
:10A550000146002005E00A7802B903E0421CD0B2AF
:10A56000491CF8E700BF704710B50246012000E023
:10A5700050430B1EA1F10104E1B2F9D110BD2DE948
:10A58000F04307460E4600254FF00A083C460020DF
:10A5900030601FE02078392802DC207830280ADA81
:10A5A0002078462802DC2078412804DA20785828D0
:10A5B00009D1012D07D12078412801DB4FF0100887
:10A5C000681CC5B205E0207800B904E00120BDE8B0
:10A5D000F083641CDEE700BF3C46B8F1100F0FD1DA
:10A5E000032D01DA0220F2E72078302806D16078C6
:10A5F000582803D1A41CA81EC5B204E00320E6E736
:10A600000DB90420E3E71BE00DB1681EC5B2207848
:10A61000392806DC2078302803DB2078A0F13009C7
:10A6200002E02078A0F1370929464046FFF79CFF59
:10A63000316809FB00103060641C207800B900E02C
:10A64000E2E700BF0020C2E710B50446002010700A
:10A650000BE020780870641C491C1078401C1070B6
:10A660001078984201DB012010BD2078202802D00C
:10A6700020780028EDD10020087000BFF4E70146E3
:10A68000491C00E0491C0878202801D10029F9D193
:10A69000087870472DE9FF4F85B08046894600272E
:10A6A000002004900390012002904FF0000B002541
:10A6B00044461DE02078202816D005F07F000528AC
:10A6C00012DA0DB945F0800505F07F00042803D1AA
:10A6D00020782A2800D00EE0207805F07F010DF8C0
:10A6E0000100681CC5B202E0852D00D103E0641CA6
:10A6F00020780028DED100BF8DB1002005F07F0159
:10A700000DF80100CBA16846FFF706FF18B900213C
:10A710000898017002E001210898017000254FF0AF
:10A72000000A444614E0641C0AF1010000F0FF0A2C
:10A730002078202802D020782A2809D12046FFF747
:10A740009EFF0646282E03D02A2E01D0CDF810A059
:10A750002078282802D020780028E4D144460498A4
:10A7600010B10498401C04444FF0000A002654E045
:10A77000207810B94FF0010A50E02078282803D142
:10A7800016B9781CC7B213E02078292808D13EB941
:10A7900017B1781EC7B201E04FF0010A47B93DE09A
:10A7A0002078222804D10EB9012000E000200646BE
:10A7B00047B9207820282FD0207889F8000009F1A7
:10A7C000010929E020782C2804D101200290681C7E
:10A7D000C5B214E02078202811D0207828280ED087
:10A7E0004DB9BBF1050F06DA20780DF80B000BF11F
:10A7F000010000F0FF0B0298401CC0B20290012F34
:10A800000AD10298022807D10298401CC0B20290D7
:10A810000398401CC0B20390641CA9E700BF0398D2
:10A82000012809D100200DF80B0082A16846FFF72E
:10A8300073FE08B900200390079903980870002060
:10A8400089F80000504609B0BDE8F08FF0B5034626
:10A850001546002000220026002455E01F782C2FEA
:10A8600001D104B901221F78292F01D01F780FB917
:10A8700004B94AE0002E34D11F78302F02DB1F7854
:10A88000392F11DD1F78612F02DB1F78662F0BDD5A
:10A890001F78412F02DB1F78462F05DD1F78582FC8
:10A8A00002D01F78782F0CD102B12EE01F78612FD3
:10A8B00003DB1F78203F0F7001E01F780F70491CE9
:10A8C0001FE01F78222F04D102B11EE001260124CF
:10A8D00017E01F78202F14D01F782C2F11D0FF26BF
:10A8E00013E01F78222F00D1002402B10DE044B103
:10A8F0001F785C2F02D15B1C471CF8B21F780F70C9
:10A90000491C471CF8B25B1CA8E700BF00270F706A
:10A910002E70F0BD02460020002105E0474B5B5C35
:10A920000344D8B24B1CD9B29142F7DB70472DE9F2
:10A93000F043B5B005460F460024002604E0002190
:10A940003E488155701CC6B20A2EF8DB06E06D1C2D
:10A95000287818B9012035B0BDE8F0832878282878
:10A96000F5D16D1C61E034AA69462846FFF76EFFF9
:10A97000064635449DF8D00020B1012827D0FF2895
:10A980004CD149E09DF8000000B333A96846FFF7B9
:10A99000F6FD06460EB10220DDE72046FFF7BAFFBE
:10A9A00026490A31339A0A50A1F12400008B012173
:10A9B000A140884321491A39088304211F480155C1
:10A9C000601CC4B20A2C01DD0320C4E726E06846FF
:10A9D000FFF7BEFD401C00F0FF082046FFF79AFF7E
:10A9E00016490A3100EB010949466846FFF7A5FD03
:10A9F00012481A38018B0120A040014388B20F4948
:10AA00001A3908830D4800F80480601CC4B20A2C6F
:10AA100001DD03209FE701E002209CE700BF2878CA
:10AA2000292801D0287800B900E09CE700BF3C70DD
:10AA3000002090E7766F6964000000009601002016
:10AA400070B50446002514B1012C0BD103E0FAF7D0
:10AA5000BBF9054608E0F9F771FA4FF4C0407649B2
:10AA6000088001E0012500BF00BF0DB1012070BDCD
:10AA70000020FCE70146002070472DE9F041074621
:10AA80000E4615461C464FF0000814B90420BDE8D8
:10AA9000F08117B1012F22D112E0E2B229463046EF
:10AAA000FBF7F4F9804607E0FAF78EF9E2B229469F
:10AAB0003046FBF7EBF98046B8F1000FF4D111E016
:10AAC00009E069024FF400723046F9F7A4FA6D1CF0
:10AAD00006F50076641E002CF3D1A04602E04FF08C
:10AAE000010800BF00BFB8F1000F01D10020CEE780
:10AAF0000120CCE72DE9F04107460E4615461C46DD
:10AB00004FF0000814B90420BDE8F08117B1012FFF
:10AB100022D112E0E2B229463046FBF715FA804610
:10AB200007E0FAF751F9E2B229463046FBF70CFA92
:10AB30008046B8F1000FF4D111E009E069024FF44A
:10AB400000723046F9F703FB6D1C06F50076641EB3
:10AB5000002CF3D1A04602E04FF0010800BF00BF77
:10AB6000B8F1000F01D10020CEE70120CCE72DE99C
:10AB7000F04706468946154646BBB9F1000F09D095
:10AB8000B9F1010F13D0B9F1020F05D0B9F1030FDC
:10AB900019D106E0002418E04FF40070286000246A
:10ABA00013E02648B0F85000288000240DE0234828
:10ABB0004FF400720023D0E91271384604F0BDFF53
:10ABC0002860002401E0042400BF22E0012E1FD1F0
:10ABD000B9F1000F09D0B9F1010F11D0B9F1020F8D
:10ABE00005D0B9F1030F10D106E000240FE04FF4B7
:10ABF0000070288000240AE008202880002406E055
:10AC00000D4800882860002401E0042400BF00E013
:10AC100001242046BDE8F0870020704710B50446A7
:10AC200021460020FEF721FE10BD10B50446214646
:10AC30000020FEF70AFE10BD70020020181300204D
:10AC400070B503460C4603E014F8015B03F8015BA2
:10AC5000151EA2F10102F7D170BD30B5034601E027
:10AC600003F8011B141EA2F10102F9D130BDF0B5A9
:10AC700003461C460D46002000BF161EA2F101022D
:10AC800007D014F8017B15F801CBA7EB0C06301E9A
:10AC9000F3D0F0BD024600E0521C107810B11078DD
:10ACA0008842F9D11078704770B504462079F8B120
:10ACB000E56A607801232A4604F13001FFF71AFFA4
:10ACC00008B1012070BD00202071206A281AA169F6
:10ACD00088420DD2E67809E0A06905446078012336
:10ACE0002A4604F13001FFF705FF761E022EF3D24B
:10ACF0000020E7E770B504460D46E06AA84210D090
:10AD00002046FFF7D1FF08B1012070BD6078012314
:10AD10002A4604F13001FFF7B0FE08B10120F4E744
:10AD2000E5620020F1E770B504462046FFF7BCFF5E
:10AD30000546002D59D1207803284FD1607901288C
:10AD40004CD14202002104F13000FFF786FF55216B
:10AD500084F82E12AA2184F82F12522084F8300091
:10AD600052213120015561213220015541213320EA
:10AD70000155722184F8141284F81512412184F8C7
:10AD80001612612184F81712217C84F81812208A87
:10AD9000010A84F819122069010C84F81A1220693A
:10ADA000010E84F81B12217B84F81C12A089010A71
:10ADB00084F81D12E068010C84F81E12E068010E90
:10ADC00084F81F12E069401CE0626078012304F1FE
:10ADD0003001E26AFFF78EFE002060716078002289
:10ADE0001146FFF7C4FE00B10125284670BD02469A
:10ADF000891E5069801E884201D8002070479378D0
:10AE0000906A01FB0300F9E72DE9F04105460C4685
:10AE1000022C02D36869A04202D80120BDE8F0816B
:10AE20002878012804D002282CD003285AD13DE0EC
:10AE3000274607EB5707286A00EB57212846FFF7FC
:10AE400059FF00B150E0C7F3080105F1300010F8D8
:10AE500001807F1C286A00EB57212846FFF74AFF34
:10AE600000B141E0C7F3080105F13000405C48EA59
:10AE7000002804F0010010B14FEA1810CEE7C8F323
:10AE80000B00CBE7286A00EB14212846FFF732FFBE
:10AE900000B129E040F2FF1000EA440105F1300062
:10AEA0000E183078717840EA0120B7E7286A00EB85
:10AEB000D4112846FFF71EFF00B115E040F2FF1045
:10AEC00000EA840105F130000E18F0780006B17830
:10AED00040EA0140717840EA01203178084320F0CF
:10AEE00070409BE7012099E700BF4FF0FF3095E7E6
:10AEF0002DE9F04705460E461746022E02D3686933
:10AF0000B04202D84FF002088AE02878012804D025
:10AF1000022841D003287DD154E0B14609EB5909FC
:10AF2000286A00EB59212846FFF7E4FE8046B8F175
:10AF3000000F00D071E0C9F3080105F130000C18D2
:10AF400006F0010020B1F9B2207861F31F1000E093
:10AF50003846207009F1010901202871286A00EBA8
:10AF600059212846FFF7C6FE8046B8F1000F00D0F1
:10AF700053E0C9F3080105F130000C1806F0010098
:10AF800010B1C7F3071005E0207800F0F000C7F318
:10AF900003210843207040E0286A00EB1621284670
:10AFA000FFF7A8FE8046B8F1000F00D035E040F270
:10AFB000FF1000EA460105F130000C182770380A2E
:10AFC00060702AE0286A00EBD6112846FFF792FE4F
:10AFD0008046B8F1000F00D01FE040F2FF1000EAF9
:10AFE000860105F130000C18E0780006A17840EAEF
:10AFF0000140617840EA01202178084300F0704068
:10B0000007432770380A6070380CA070380EE07063
:10B0100003E0FFE74FF0020800BF00BF01202871E6
:10B020004046BDE8F0872DE9F04104460E46022E69
:10B0300002D36069B04201D8022727E0002721E04F
:10B0400031462046FFF7E0FE054605B91DE0012D1B
:10B0500001D1022719E0681C08B9012715E0002278
:10B0600031462046FFF744FF074607B10DE020694F
:10B07000401C30B12069401C2061607940F0010023
:10B0800060712E466069B042DAD800BF3846BDE82C
:10B09000F0812DE9F04704468946B9F1000F06D149
:10B0A000E76817B16069B84215D8012713E049462F
:10B0B0002046FFF7A9FE0646022E02D20120BDE877
:10B0C000F087701C08B93046F9E76069B04201D9D1
:10B0D0003046F4E74F463D4600BF6D1C6069A8420C
:10B0E00004D80225BD4201D90020E8E729462046C0
:10B0F000FFF78AFE064606B909E0701C08B1012E6A
:10B1000001D13046DBE7BD42E7D10020D7E700BFE1
:10B110006FF0704229462046FFF7EAFE8046B8F1FC
:10B12000000F08D1B9F1000F05D02A464946204644
:10B13000FFF7DEFE8046B8F1000F0BD1E560206915
:10B14000401C78B12069401E2061607940F0010008
:10B15000607107E0B8F1010F02D14FF0FF3000E05D
:10B16000012005462846AAE770B503460D46586AF1
:10B17000021D680A1E68B678B0FBF6F400BF02CA6A
:10B1800009B9002070BD8C4200D202E0641A121D81
:10B19000F5E700BF10682044F4E72DE9F0410446CC
:10B1A0000E46E680A568012D03D020684069A842BC
:10B1B00002D80220BDE8F0812DB92068007803286C
:10B1C00001D12068456A45B920680089B04201D89C
:10B1D0000220EFE72068476A1EE0206880784FEA87
:10B1E000001812E029462068FFF70EFE0546681C8D
:10B1F00008B90120DEE7022D03D320684069A84288
:10B2000001D80220D6E7A6EB08064645EAD2294631
:10B210002068FFF7ECFD0746E5600FB90220C9E79B
:10B2200007EB161020612068303006F00F0100EBAC
:10B23000411060610020BDE72DE9F04104468846D9
:10B24000E088461CB0B208B1206910B90420BDE8FE
:10B25000F08106F00F0000286CD12069401C2061AD
:10B26000E06828B920680089B04263D80420EEE77E
:10B2700020688078401E00EA161000285AD1E16844
:10B280002068FFF7C1FD0546012D01D80220DEE749
:10B29000681C08B90120DAE720684069A84243D851
:10B2A000B8F1000F01D10420D1E7E1682068FFF771
:10B2B000F0FE05460DB90720C9E7012D01D1022096
:10B2C000C5E7681C08B90120C1E72068FFF7ECFC5E
:10B2D00008B10120BBE7216801F130004FF4007292
:10B2E0000021FFF7BAFC29462068FFF780FD21689E
:10B2F000C86200270EE00120216808712068FFF76E
:10B30000D3FC08B10120A2E72068C06A401C216874
:10B31000C8627F1C20688078B842ECD82068C06A78
:10B32000C01B2168C86200BFE56029462068FFF79E
:10B330005EFD2061E6802068303006F00F0100EBF2
:10B3400041106061002082E72DE9F04104460E467D
:10B3500000212046FFF721FF0546EDB9002700BF79
:10B3600021692068FFF7C6FC054605B113E0606956
:10B370000078E52802D06069007820B9781C07467B
:10B38000B04201D107E0002701212046FFF754FF1A
:10B390000546002DE4D000BF042D00D10725284626
:10B3A000BDE8F08110B502468C7ECB7E44EA0320D6
:10B3B0001378032B05D10C7D4B7D44EA032340EA2F
:10B3C000034010BD81760B0AC3760A0C02750B0E82
:10B3D000437570472DE9F04705460C46207820F06C
:10B3E0004000401E00EB800101EBC00600274FF03B
:10B3F000010800BFF848C05D205CF749C95D2144E1
:10B40000497840EA0129B8F1000F10D0484602F00F
:10B410007AFE8046FF2E07D23146761C35F81100A1
:10B4200002F071FE404508D00020BDE8F0874FF6DD
:10B43000FF70814501D00020F7E7781C07460D28F2
:10B44000D8D3207800F0400038B1B8F1000F04D014
:10B4500035F8160008B10020E7E70120E5E7F0B570
:10B460000346087800F03F00401E00EB800707EB22
:10B47000C0020025012600BFD748405D085CD64FBA
:10B480007F5D0F447F7840EA07244EB1FF2A01D345
:10B490000020F0BD26461046521C23F8104005E05F
:10B4A0004FF6FF70844201D00020F2E7681C054689
:10B4B0000D28E1D3087800F0400030B1FF2A01D315
:10B4C0000020E6E7002023F812000120E1E7F0B5B4
:10B4D00004461D464D730F27CF7200270F738F76DA
:10B4E000BC4681F81BC0571E07EB870C0CEBC70648
:10B4F000002738463B4600BF4FF6FF77B84203D0DF
:10B500003746761C34F81700DFF8CCC21CF803C0AD
:10B5100001F80C000712DFF8C0C21CF803C08C440D
:10B520008CF8017008B94FF6FF705F1C3B460D2F79
:10B53000E2D34FF6FF77B84202D034F816700FB955
:10B5400042F040020A70F0BD2DE9FC4707468A46EA
:10B5500090461E460B2251463846FFF771FB052EDA
:10B5600018D9304610E038F8021B00250AE00A46D8
:10B5700060F35F021046491000F480320AB1974A26
:10B5800050406D1C102DF2D3B8F80020002AEAD1EB
:10B59000064600BF072500BF06F00F0000F1300986
:10B5A000B9F1390F03DD09F1070000F0FF09284662
:10B5B0006D1E0DF800903609002EEDD17E200DF89D
:10B5C000050000240BE0385D812807DB385DFE288C
:10B5D00004DC681EA04200D106E0641C641CAC427E
:10B5E00002D2385D2028EED100BF00BF082D04D262
:10B5F00028466D1C1DF8001000E020212046641C28
:10B600003954082CF2D3BDE8FC8730B50146002040
:10B610000B2200BF431003EBC01411F8015B631948
:10B62000D8B2531E1A1EF5D130BD2DE9F04704469D
:10B6300000212046FFF7B1FD074617B13846BDE8A7
:10B64000F0874FF0FF09CA464FF6FF70208400BF15
:10B6500021692068FFF74EFB074607B157E065698F
:10B660002E780EB9042752E0E87A00F03F08E52E64
:10B6700005D008F0080040B1B8F10F0F05D04FF029
:10B68000FF094FF6FF7020843AE0B8F10F0F1CD18C
:10B69000E06978B306F0400030B195F80DA026F0CF
:10B6A0004006B146E08820844E450AD1687B50456B
:10B6B00007D12946E069FFF78DFE10B1A9F101001D
:10B6C00000E0FF2000F0FF091AE0B9F1000F05D1FA
:10B6D0002846FFF79AFF504500D118E0A069C07ACC
:10B6E00000F0010038B90B222846A169FFF7BFFA24
:10B6F00008B90CE004E04FF0FF094FF6FF7020841A
:10B7000000212046FFF798FD0746002FA0D000BF7C
:10B71000384694E72DE9F05F04468A464FF0FF096A
:10B72000CB4604274EE021692068FFF7E3FA07467D
:10B7300007B14AE0666935780DB9042745E0F07A2B
:10B7400000F03F08E52D09D02E2D07D0B8F1080FE5
:10B7500001D1012000E00020504502D04FF0FF0948
:10B7600029E0B8F10F0F1AD105F0400030B196F87A
:10B770000DB025F04005A946E08820844D450AD14A
:10B78000707B584507D13146E069FFF768FE10B17C
:10B79000A9F1010000E0FF2000F0FF090BE0B9F182
:10B7A000000F04D13046FFF730FF584502D04FF666
:10B7B000FF70208409E000212046FFF73DFD074689
:10B7C00007B102E020690028ADD100BF0FB1002011
:10B7D00020613846BDE8F09F6C1E01082110010071
:10B7E0002DE9FE4F0446D4F81880D4F81C900C22A2
:10B7F00041466846FFF724FA00BF9DF80B0000F0B1
:10B80000010020B3002088F80B00E06101260CE065
:10B8100033464A4669464046FFF796FE2046FFF704
:10B8200004FF054605B102E0761C642EF0D300BF8C
:10B83000642E02D10720BDE8FE8F042D01D02846DA
:10B84000F9E79DF80B0088F80B00C4F81C909DF8F0
:10B850000B0000F0020060B1002600E0761C39F811
:10B8600016000028FAD106F119000D21B0FBF1F7FE
:10B8700000E0012739462046FFF766FD054645BB37
:10B88000781E071E25D0E088C11B2046FFF785FCE7
:10B890000546F5B9A069FFF7B8FE824600BF2169E9
:10B8A0002068FFF727FA054605B111E0FAB25346C2
:10B8B0006169E069FFF70BFE012021680871002132
:10B8C0002046FFF7B9FC054615B9781E071EE6D1DC
:10B8D00000BFC5B921692068FFF70CFA054695B984
:10B8E000202200216069FFF7B8F90B22D4E9050195
:10B8F000FFF7A6F9A069C07A00F018006169087323
:10B90000012021680871284695E770B50446E6884D
:10B91000208C4FF6FF72904201D1304600E0208C1F
:10B9200001462046FFF739FC05460DBB00BF2169E3
:10B930002068FFF7DFF9054605B115E02022002158
:10B940006069FFF78AF9E5206169087001202168C4
:10B950000871E088B04200D306E000212046FFF7DE
:10B960006BFC0546002DE2D000BF042D00D102255E
:10B97000284670BD2DE9F04707460C4604F109063C
:10B980003869002843D07869002526E029466D1CD7
:10B9900010F80180B8F1200F00D11EE0B8F1050FBA
:10B9A00001D14FF0E508092D02D12E2106F8011B27
:10B9B000B8F1410F0EDBB8F15A0F0BDC017B092DFA
:10B9C00001D3102200E00822114019B108F1200132
:10B9D00001F0FF0806F8018B00BF0B2DD6D3C17A0A
:10B9E0002172C17F0A06817F42EA0142417F42EA19
:10B9F0000121027F11432160027E417E42EA012142
:10BA0000A180827DC17D42EA0121E18000BF00204A
:10BA10003070A06990B30025A669386958B3E06911
:10BA200048B3388C4FF6FF71884224D0D7F81CA059
:10BA30001BE00021484602F01DFB8146B9F1000FD2
:10BA400001D1002516E0B9F1FF0F04DD4FEA2922EC
:10BA500028466D1C3254E069401EA84201D80025DA
:10BA600008E028466D1C06F800903AF8021BB1F178
:10BA70000009DED100BF0020705500BFBDE8F0878F
:10BA80002DE9F34F83B0814604980068019002E0ED
:10BA90000198401C0190019800782F28F8D0019857
:10BAA00000785C28F4D0D9F81CA000252F4600BFF0
:10BAB00038467F1C01990C5C202C03DB2F2C01D015
:10BAC0005C2C00D132E0FF2D03D3062005B0BDE889
:10BAD000F08FE4B2812C13DBE0B2FE2810DC384694
:10BAE0007F1C01990E5C402E01DB7E2E05DD802E31
:10BAF00001DBFE2E01DD0620E8E706EB042084B220
:10BB00000121204602F0B6FA04460CB90620DDE712
:10BB1000802C06DA2146F9A0FFF7BCF808B1062010
:10BB2000D4E728466D1C2AF81040C1E700BF0198F1
:10BB3000C11904980160202C01DA042000E00020E3
:10BB4000804608E0681E3AF81040202C02D02E2CC7
:10BB500000D002E06D1E002DF4D100BF0DB906200B
:10BB6000B4E700202AF815000B222021D9F818008C
:10BB7000FFF773F8002700E07F1C3AF81700202831
:10BB8000FAD03AF817002E28F6D00FB148F0030883
:10BB900000E06D1E25B1681E3AF810002E28F8D17D
:10BBA0000020064602904FF0080B00BF38467F1C6D
:10BBB0003AF8104004B963E0202C03D02E2C04D1B5
:10BBC000AF4202D048F00308F0E70298584501D28E
:10BBD000AF4214D1BBF10B0F02D148F003084FE084
:10BBE000AF4201D048F00308AF4200D948E02F46E9
:10BBF000082002904FF00B0BB006060ED6E7802C03
:10BC000009DB204602F07FFA0021009002F032FAB0
:10BC1000044648F00208FF2C11DDABF10100029947
:10BC2000884204D848F00308CDF808B0BEE72212D5
:10BC3000D9F818300298411C02911A5419E024B125
:10BC40002146B1A0FFF726F818B15F2448F0030899
:10BC50000FE0412C04DB5A2C02DC46F0020608E01F
:10BC6000612C06DB7A2C04DC46F00106A4F12000EE
:10BC700084B2D9F818300298411C02911C5495E7FF
:10BC800000BFD9F818000078E52803D10520D9F8BD
:10BC900018100870BBF1080F01D1B006060E06F0AF
:10BCA0000C000C2803D006F00300032801D148F053
:10BCB000020808F0020058B906F00300012801D17B
:10BCC00048F0100806F00C00042801D148F00808DC
:10BCD000D9F8180080F80B800020F7E62DE9F34131
:10BCE0000446019800782F2803D0019800785C283A
:10BCF00002D10198401C01900020A06001980078BA
:10BD0000202807D200212046FFF747FA05460020E9
:10BD1000606128E000BF01A92046FFF7B1FE05469B
:10BD200005B11FE02046FFF780FC0546A069C67AF2
:10BD30003DB1042D04D100BF06F0040000B9052573
:10BD400010E006F0040000B10CE06769F87A00F03A
:10BD5000100008B9052505E039462068FFF722FBE9
:10BD6000A060D8E700BF2846BDE8FC8170B5024658
:10BD70004FF0FF301568E5B1116800E0491C0D78FF
:10BD8000202D02D30D783A2DF8D10D783A2D0FD110
:10BD9000146814F8015BA5F130030A2B07D28C421A
:10BDA00005D1032B03D218464D1C2946156070BDE2
:10BDB000002000BFFBE770B504460D46002020714F
:10BDC000401EE06229462046FEF794FF08B103209A
:10BDD00070BD94F82E1294F82F0241EA00204AF622
:10BDE0005521884201D00220F2E794F8690001064B
:10BDF00094F8680041EA004194F8670041EA0020A5
:10BE000094F86610084320F07F404149884201D1F0
:10BE10000020DDE794F88500010694F8840041EAEB
:10BE2000004194F8830041EA002094F8821008430E
:10BE300020F07F403649884201D10020C8E7012028
:10BE4000C6E72DE9F74F88B00021089801600998EE
:10BE5000FFF78CFF07900798002803DA0B200BB040
:10BE6000BDE8F08F2B49079851F820400CB90C2001
:10BE7000F5E708980460207878B16078FEF7FAFD5D
:10BE8000804608F0010040B90A9820B108F004008B
:10BE900008B10A20E3E70020E1E7002020700798BE
:10BEA00060706078FEF7CCFD804608F0010008B1B4
:10BEB0000320D4E70A9820B108F0040008B10A2052
:10BEC000CDE7002739462046FFF775FF0546012DCF
:10BED00001D09DBB3BE0002622E004F5F77101EBA9
:10BEE00006100179C1B1C17A0A06817A42EA01429B
:10BEF000417A42EA0121027A11430EE0222A3A3CB9
:10BF00003E3F7C7F000000002B2C3B3D5B5D000032
:10BF10004641540040BF012000214DF82610761CF8
:10BF2000042EDAD3002606B1761E00BF5DF8267017
:10BF30002FB139462046FFF73EFF01E007E002201F
:10BF400005461DB1701C06460428EFD300BF032D23
:10BF500001D1012083E70DB10D2080E73B20015D79
:10BF600094F83C0041EA0020B0F5007F01D00D209C
:10BF700075E74620015D94F8470041EA0029B9F1D0
:10BF8000000F0ED194F85700010694F8560041EACC
:10BF9000004194F8550041EA002094F8541040EA1A
:10BFA0000109C4F818904020005DE070E078012895
:10BFB00004D0E078022801D00D2050E7E07809FB9A
:10BFC00000F93D20005DA070A07818B1A078411E56
:10BFD000084008B10D2042E74120015D94F842007D
:10BFE00041EA00202081207A00F00F0008B10D20E6
:10BFF00035E74320015D94F8440041EA002BBBF192
:10C00000000F0ED194F85300010694F8520041EA53
:10C01000004194F8510041EA002094F8501040EAA1
:10C02000010B3E20015D94F83F0041EA002004909E
:10C03000049808B90D2012E704984844218900EBC0
:10C04000111006900698834501D20D2007E7069847
:10C05000ABEB0000A178B0FBF1FABAF1000F01D10F
:10C060000D20FCE6012540F6F670824500D302253E
:10C070004FF6F670824500D303250AF10200606195
:10C08000E76104983844206206983844A062032D82
:10C0900016D1208908B10D20E1E694F85F00010671
:10C0A00094F85E0041EA004194F85D0041EA002006
:10C0B00094F85C100843606260698000059014E0A9
:10C0C000208908B90D20CAE6206A48446062022D22
:10C0D00002D16069400007E0207D00F00100616945
:10C0E00001EB410100EB51000590A169059800F2B8
:10C0F000FF10B1EB502F01D20D20B0E64FF0FF3012
:10C100002061E06080206071032D5AD194F86010A6
:10C1100094F8610041EA0020012852D1791C2046A0
:10C12000FEF7E8FDE8BB0020607194F82E1294F849
:10C130002F0241EA00204AF65521884241D133209E
:10C14000005D01063220005D41EA00413120005DC2
:10C1500041EA002094F830100843FC49884230D16D
:10C1600094F81702010694F8160241EA004194F887
:10C17000150241EA002094F814120843F449884259
:10C180001FD194F81B02010694F81A0241EA0041FB
:10C1900094F8190241EA002094F81812084320612B
:10C1A00000E00EE094F81F02010694F81E0241EA36
:10C1B000004194F81D0241EA002094F81C12084343
:10C1C000E0602570E3480088401C80B2E1490880A7
:10C1D000E080002043E670B505462C464CB120684F
:10C1E00038B12068007820B12068C088A1888842D2
:10C1F00001D0092070BD21684878FEF73BFC00F0B3
:10C20000010008B10320F5E70020F3E7F7B582B09D
:10C2100016460398019001A8FFF7A8FD0546002DDA
:10C2200002DA0B2005B0F0BDCB4850F825400CB128
:10C2300000202070029810B1002002990870C649B1
:10C24000029841F82500029808B1012E01D0002083
:10C25000E8E7002203A902A8FFF7F3FD07463846E6
:10C26000E0E72DE9F7478DB0054616461DB90920D0
:10C2700010B0BDE8F0870020286006F01F0626F009
:10C2800001020EA904A8FFF7DCFD0746002F73D1B9
:10C290004FF40070FEF7C2FC8146B9F1000F01D1E6
:10C2A0001120E5E7CDF82C9001A80A9004A80E997A
:10C2B000FFF714FD0746099C0FB904B9062706F0DD
:10C2C0001C00002851D04FB1042F03D104A8FFF760
:10C2D00087FA074646F00806099C09E0E07A00F074
:10C2E000110008B1072703E006F0040000B1082799
:10C2F000002F39D106F00800002835D0FEF78CFC5D
:10C30000804684F80E804FEA1821E1734FEA184105
:10C3100021744FEA186161740020E07220770021D7
:10C320006177A177E17721460498FFF73BF88246D1
:10C3300000212046FFF746F8012004990871BAF160
:10C34000000F11D00498D0F82C8051460498FEF7C5
:10C350006AFE074647B9AAF101000499C860414640
:10C360000498FEF7C7FC07460FE077B9E07A00F0C3
:10C37000100010B1042708E031E006F0020020B1FF
:10C38000E07A00F0010000B1072747B906F0080085
:10C3900008B146F020060498C06AE8612C6248465D
:10C3A000FEF743FCDFB9AE710020E8712146049826
:10C3B000FEF7F8FF2861E07F0106A07F41EA004117
:10C3C000607F41EA0020217F0843E8600020A860E8
:10C3D000A8616862049828602868C088A8803846E8
:10C3E00046E72DE9FF4F83B0044615469A46DDF82F
:10C3F00010B00020CAF800002046FFF7ECFE0290C3
:10C40000029818B1029807B0BDE8F08FE07908B142
:10C41000E079F8E7A07900F0010008B90720F2E719
:10C42000D4E90210401A00900098854200D9009D7E
:10C43000B2E02089C0F30800002876D12068807817
:10C44000401EA16800EA512000F0FF09B9F1000F79
:10C450001FD1A06810B9206901900CE0606A28B172
:10C460002046A168FEF780FE019004E06169206823
:10C47000FEF7CAFC01900198022802D20220E07166
:10C48000C1E70198401C10B90120E071BBE7019899
:10C49000606161692068FEF7AAFC064616B90220B1
:10C4A000E071B0E74E444FEA5528B8F1000F29D0AB
:10C4B00009EB080021688978884203D920688078D0
:10C4C000A0EB090821684878434632465946FEF7F2
:10C4D000D4FA10B10120E07195E7A07900F0400096
:10C4E00068B1A069801B404509D2A169891B0BEB8B
:10C4F00041204FF4007204F12801FEF7A1FB4FEA3E
:10C5000048273FE0A069B04228D0A07900F0400061
:10C5100080B121684878012304F12801A269FEF75F
:10C52000E9FA18B10120E0716DE718E0A07920F078
:10C530004000A071216848780123324604F12801A7
:10C54000FEF79BFA50B10120E0715CE75252614165
:10C55000727241617202002040BF0120A6612089F1
:10C56000C0F30800C0F50077AF4200D92F462089FC
:10C57000C0F3080204F1280011183A465846FEF7A5
:10C580005FFB00BFBB44A0683844A060DAF800003D
:10C590003844CAF80000ED1B002D7FF44AAF00209C
:10C5A00031E72DE9FF4F83B0044615469B460498BA
:10C5B00001900020CBF800002046FFF70CFE02900F
:10C5C000029818B1029807B0BDE8F08FE07908B181
:10C5D000E079F8E7A07900F0020008B90720F2E757
:10C5E000A0682844A168884200D20025BEE02089C6
:10C5F000C0F3080000287DD120688078401EA16823
:10C6000000EA512000F0FF0ABAF1000F26D1A0681D
:10C6100038B9276997B900212068FEF73AFD074627
:10C620000CE0606A28B12046A168FEF79DFD074630
:10C6300004E061692068FEF72CFD074607B998E021
:10C64000012F02D10220E071BDE7781C10B9012052
:10C65000E071B8E76761206900B92761A07900F04F
:10C66000400078B121684878012304F12801A269CB
:10C67000FEF740FA10B10120E071A4E7A07920F0A4
:10C680004000A07161692068FEF7B1FB064616B94B
:10C690000220E07197E756444FEA5529B9F1000F9F
:10C6A0002CD00AEB090021688978884203D92068D8
:10C6B0008078A0EB0A09216848784B4632460199F8
:10C6C000FEF718FA10B10120E0717CE7A069801B29
:10C6D00048450ED2A069801B019A02EB40214FF41D
:10C6E000007204F12800FEF7ABFAA07920F04000B8
:10C6F000A07100E016E04FEA49282AE0A069B042A4
:10C700000FD0D4E9020188420BD221684878012376
:10C71000324604F12801FEF7B0F910B10120E071B2
:10C7200051E7A6612089C0F30800C0F50078A8454C
:10C7300000D9A8462189C1F3080204F12801501844
:10C7400042460199FEF77CFAA07940F04000A071C2
:10C7500000BF019840440190A0684044A060DBF80D
:10C7600000004044CBF80000A5EB0805002D7FF445
:10C770003EAF00BFD4E90201884201D9A068E06061
:10C78000A07940F02000A07100201CE72DE9F041C5
:10C7900004462046FFF71FFD0746002F4CD1A07925
:10C7A00000F02000002847D0A07900F0400078B1C8
:10C7B00021684878012304F12801A269FEF79AF95B
:10C7C00010B10120BDE8F081A07920F04000A071F7
:10C7D000E1692068FEF78EFA0746002F2CD1256A02
:10C7E000E87A40F02000E872207B2877A089010ACF
:10C7F0006977E068010CA977E068010EE9772846BF
:10C800002169FEF7DFFDFEF707FA0646AE75310A2D
:10C81000E975310C2976310E69760020A874002163
:10C82000E974A07920F02000A0710120216808712E
:10C830002068FEF778FA07463846C3E770B5054624
:10C840002846FFF7A3FF044644B92846FFF7C3FC78
:10C8500004460CB900202860204670BD2046FCE745
:10C860002DE9FE4F04460D462046FFF7B4FC02902A
:10C87000029810B10298BDE8FE8FE07908B1E07926
:10C88000F9E7606A002871D0681C00283BD1D4F811
:10C89000248058F804AB4FF0020926693EB300BF6C
:10C8A00000964FF0000B09F1020900BF01960BF151
:10C8B000010B31462068FEF7A7FA0646012E02D882
:10C8C0000220E071D7E7701C10B90120E071D2E7B7
:10C8D0000198401C8642E9D0D14504D848F804BBF1
:10C8E000009848F8040B20684069B042D8D8606AC4
:10C8F000C0F80090D14503D80020C8F8000047E0F8
:10C900001120029044E0E068A84200D2E568A560EA
:10C91000002D3DD0691E2046FEF726FC606161694E
:10C920002068FEF764FA074617B90220E071A2E713
:10C9300020688078401E691E00EA51200744208943
:10C94000C0F3080020B3A069B84221D0A07900F05C
:10C95000400080B121684878012304F12801A269D0
:10C96000FEF7C8F818B10120E07184E711E0A07962
:10C9700020F04000A0712168487801233A4604F174
:10C980002801FEF77AF810B10120E07173E7A76182
:10C99000ABE0E068A84204D2A07900F0020000B940
:10C9A000E568D4F808904FF00008C4F80880002D1E
:10C9B00067D0206880784702B9F1000F11D0681E57
:10C9C000B0FBF7F1A9F10100B0FBF7F0814208D309
:10C9D000A9F10100791E8843A060A0682D1A66693C
:10C9E00012E026697EB900212068FEF752FB064658
:10C9F000012E02D10220E0713DE7701C10B9012028
:10CA0000E07138E726616661C6B323E0A07900F0E3
:10CA1000020038B131462068FEF73BFB064636B9C6
:10CA20003D4619E031462068FEF7EEF90646701CD7
:10CA300010B90120E0711EE7012E03D9206840697A
:10CA4000B04202D80220E07115E76661A068384460
:10CA5000A060ED1BBD42D9D800BFA0682844A060EB
:10CA6000C5F3080050B131462068FEF7C0F9804692
:10CA7000B8F1000F03D10220E071FCE601E008EB01
:10CA800055282089C0F3080020B3A069404521D073
:10CA9000A07900F0400078B121684878012304F1C2
:10CAA0002801A269FEF726F810B10120E071E2E644
:10CAB000A07920F04000A071216848780123424607
:10CAC00004F12801FDF7D9FF10B10120E071D2E691
:10CAD000C4F81880D4E90201884205D9A068E06052
:10CAE000A07940F02000A07100BF0298C3E673B5A2
:10CAF00084B0044614B9092006B070BD002205A90F
:10CB000003A8FFF79EF90546002D2FD1039820605A
:10CB10004FF40070FEF782F806460EB91120EBE7DD
:10CB2000E661C4F818D020460599FFF7D7F8054606
:10CB30003046FEF77AF8B5B9606958B16069C07AD5
:10CB400000F0100028B161690398FEF72BFCA0608B
:10CB500000E005253DB90398C088A080002120464B
:10CB6000FEF71BFB0546042D00D105250DB1002065
:10CB700020602846C0E770B504462046FFF72BFB2F
:10CB800005460DB900202060284670BDFEB504465C
:10CB90000F462046FFF71FFB0546002D2DD12FB96C
:10CBA00000212046FEF7F9FA054626E04FF4007012
:10CBB000FEF734F806460EB91120FEBDE661C4F852
:10CBC00018D000212046FEF7A5FD0546042D02D110
:10CBD0000020206100256DB939462046FEF7CAFEC7
:10CBE00000212046FEF728FB0546042D02D1002037
:10CBF000206100253046FEF718F82846DDE773B5BA
:10CC00008CB00E4600220CA903A8FFF71AF90546BE
:10CC1000EDB94FF40070FEF701F8044614B9112085
:10CC20000EB070BD0A94CDF824D003A80C99FFF77C
:10CC300055F8054645B9089828B12EB1314603A8E4
:10CC4000FEF798FE00E006252046FDF7EEFF284699
:10CC5000E6E72DE9F74F82B08A46002202A9049840
:10CC6000FFF7EFF8019004980468019800286DD14F
:10CC7000D4E90410801E814203D82069CAF800005C
:10CC800064E094F800B00026BBF1010F1CD102272C
:10CC900000BF39462046FEF7B7F8804608F101008C
:10CCA00010B9012001900EE0B8F1010F02D102206D
:10CCB000019008E0B8F1000F00D1761C781C0746FF
:10CCC00061698842E5D33AE06769206A00904FF0D5
:10CCD0000009002500BFB9F1000F0ED10098421CD9
:10CCE000014620460092FEF705F80190019800B138
:10CCF00024E004F130054FF40079BBF1020F09D1B3
:10CD00002878697840EA012000B9761CAD1CA9F1A9
:10CD1000020910E0E8780006A97840EA0140697845
:10CD200040EA01202978084320F0704000B9761CC1
:10CD30002D1DA9F10409781E071ECCD100BF266164
:10CD4000607940F001006071CAF80060019805B098
:10CD5000BDE8F08F70B504462046FFF73CFA054663
:10CD600045B9E07908B1E57904E0A07900F0020066
:10CD700000B90725002D47D1D4E90210884241D9D6
:10CD8000A068E060A07940F02000A071A06838B9E8
:10CD900021692068FEF747F90546002020611DE063
:10CDA00061692068FEF730F806460025701C00B95E
:10CDB0000125012E00D1022585B920684069B042C5
:10CDC0000CD96FF0704261692068FEF791F8054652
:10CDD00025B931462068FEF726F9054695B9A079B0
:10CDE00000F0400070B121684878012304F1280167
:10CDF000A269FDF77FFE08B1012503E0A07920F0CC
:10CE00004000A07105B1E571284670BDF1B596B03E
:10CE1000012216A90DA8FFF714F80446002C54D1DE
:10CE20004FF40070FDF7FAFE074617B9112017B04E
:10CE3000F0BD149701A813900DA81699FEF74EFFA8
:10CE4000044600BF002C3DD1129E0EB9062404E01A
:10CE5000F07A00F0010000B1072431460D98FEF78A
:10CE6000A1FA0546ECB9F07A00F01000C8B1022D25
:10CE700001D2022415E024220DA904A8FDF7E0FE4A
:10CE80000695022104A8FEF788F904464CB9002152
:10CE900004A8FEF73FFC044604B90724042C00D183
:10CEA00000247CB90DA8FEF730FD044654B925B125
:10CEB00029460D98FEF7B7F804461CB90D98FDF702
:10CEC00032FF04463846FDF7B0FE2046AFE72DE9B5
:10CED000F14F8CB0FDF7A0FE064601220CA903A875
:10CEE000FEF7AFFF0546002D7BD14FF40070FDF734
:10CEF00095FE8046B8F1000F03D111200DB0BDE8BA
:10CF0000F08FCDF82880CDF824D003A80C99FEF737
:10CF1000E5FE054605B9082500BF042D7AD100219C
:10CF20000398FEF7B6F80746002507B90725012F35
:10CF300000D10225781C00B901251DB90398FDF721
:10CF4000B3FE0546002D5BD139460398FDF74FFF30
:10CF50008246039800F130044FF40072002120460D
:10CF6000FDF77BFE0B2220212046FDF776FE2E20CA
:10CF700020701020E072A675310AE175310C21761F
:10CF8000310E617639462046FEF71CFA20222146F2
:10CF900004F12000FDF754FE2E2084F82100DDF876
:10CFA00014B003980078032804D10398406A5845C8
:10CFB00000D1AB46594604F12000FEF703FA03986E
:10CFC00090F8029018E00398C0F82CA00AF1010A2A
:10CFD0000120039908710398FDF766FE05460DB11F
:10CFE0000DE030E04FF4007200212046FDF735FEE1
:10CFF000A9F1010000F0FF09B9F1000FE3D100BF72
:10D000001DB903A8FEF7ECFB054625B13946039888
:10D01000FEF709F814E0089C1020E072A675310AAA
:10D02000E175310C2176310E617639462046FEF7E6
:10D03000C9F90120039908710398FDF774FE0546AC
:10D040004046FDF7F2FD284658E72DE9F7418DB03F
:10D050008846144601220DA904A8FEF7F2FE0746F1
:10D060004FBB4FF40070FDF7D9FD06461EB91120E5
:10D0700010B0BDE8F0810B9601A80A9004A80D99A4
:10D08000FEF72CFE07463046FDF7CFFD00BF97B9EF
:10D09000099D0DB906270EE004F0270408EA0400F4
:10D0A000E97AA1430843E8720120049908710498C1
:10D0B000FDF739FE07463846DAE7F3B58DB00D4681
:10D0C00001220DA904A8FEF7BCFE074657BB4FF48A
:10D0D0000070FDF7A3FD064616B911200FB0F0BD94
:10D0E0000B9601A80A9004A80D99FEF7F7FD0746D4
:10D0F0003046FDF79AFD00BFA7B9099C0CB9062779
:10D1000010E0A879A075E8880112E17528792076E9
:10D11000A888011261760120049908710498FDF72E
:10D1200002FE07463846D9E72DE9F3419CB00122BB
:10D130001CA913A8FEF785FE0446002C78D113988D
:10D140000A904FF40070FDF769FD07461FB91120E2
:10D150001EB0BDE8F0811A9701A8199013A81C9978
:10D16000FEF7BCFD044600BF002C75D1189808B925
:10D17000042471E0189800F10B01152204A8FDF7B2
:10D180005FFD242213A90AA8FDF75AFD1DA8FEF78A
:10D19000EDFD002805DB0AA81D99FEF79FFD04465A
:10D1A00000E00B2404B90824042C55D10AA8FEF78A
:10D1B00017FB0446002C4FD10F9D13220DF11201D5
:10D1C00005F10D00FDF73CFD9DF8100040F020003A
:10D1D000E8720120139908710C991598884231D092
:10D1E000E87A00F0100068B329461398FEF7DAF8E1
:10D1F000804641461398FDF7FAFD06460EB9022413
:10D2000020E031461398FDF775FD0446139800F1B0
:10D210005005BCB968782E2814D1139800780328DB
:10D2200007D113990C98496A884202D1002001E085
:10D2300015E00C98064631462846FEF7C3F8012053
:10D240001399087144B913A8FEF75FFB04461CB993
:10D250001398FDF768FD04463846FDF7E6FC2046C6
:10D2600076E72DE9F74189B00D469046002209A9DD
:10D270006846FEF7E6FD044624BB1DB3002002907D
:10D2800000216846FDF789FF0446DCB901216846A4
:10D29000FEF740FA044684B90B2228460599FDF7AB
:10D2A000CFFC0B2700BF0020E85507B904E0781E2B
:10D2B0000746285C2028F6D000BF042C02D10020AD
:10D2C0002870002444BBB8F1000F25D0009A104606
:10D2D000D169FDF70FFD0446F4B9009800780328E2
:10D2E00001D1432000E0272006460098303030442A
:10D2F000C0780106009830303044807841EA00411F
:10D30000009830303044407841EA002000993031B4
:10D31000895D0843C8F8000020460CB0BDE8F081E4
:10D320002DE9F14F8CB001220CA903A8FEF789FD6D
:10D330008146B9F1000F03D048460DB0BDE8F08F2B
:10D3400000208DF80000002700E07F1C0C98C05DD5
:10D350000028FAD100E07F1E27B1781E0C99085CE6
:10D360002028F8D0002F5ED00026B04600BF3046FF
:10D37000761C0C990C5C812C20DBE0B2FE281DDCB5
:10D38000B8F10A0F18D2BE4216D20C98805D402820
:10D3900003DB0C98805D7E2807DD0C98805D80287B
:10D3A0000ADB0C98805DFE2806DC3046761C0C9962
:10D3B000085C40EA042000E0002084B201212046FD
:10D3C00000F058FE834600F09EFE8246002100F0E9
:10D3D00051FE04465CB12146FEA0FDF75BFC30B96E
:10D3E000FF2C01DD0A2000E00B20404501D806207B
:10D3F000A3E7FF2C05DD2212404608F101080DF8D5
:10D400000020E2B2404608F101080DF80020BE42BB
:10D41000ADD305E02022404608F101080DF80020B8
:10D42000B8F10B0FF6D300200590002103A8FDF7FB
:10D43000B4FE8146B9F1000F5BD1012103A8FEF7CC
:10D4400069F98146B9F1000F21D19DF8000098B12A
:10D450000B2269460898FDF7F3FBFDF7DDFB054657
:10D4600008998D75290A0898C175290C08980176C4
:10D47000290E0898417602E0E520089908700120FD
:10D48000039908710398FDF74EFC814631E0B9F12C
:10D49000040F2ED14FF000099DF8000048B3012180
:10D4A00003A8FDF751FF8146B9F1000F21D12022D9
:10D4B00000210898FDF7D1FB0B2269460898FDF77B
:10D4C000BFFB08200899C872FDF7A6FB054608991E
:10D4D0008D75290A0898C175290C08980176290EBE
:10D4E000089841760120039908710398FDF71BFC09
:10D4F0008146484621E72DE9F74F90B0914610A8A4
:10D50000FEF734FC0F900F98002803DA0B2013B0BD
:10D51000BDE8F08F1198012801DD1320F7E7A9F18C
:10D52000010000EA090008B11320F0E7AD490F98A7
:10D5300051F820B0BBF1000F01D10C20E7E700202B
:10D540008BF800000F98C0B20C9000200B900C9844
:10D55000FDF776FA0190019800F0010008B1032070
:10D56000D5E7019800F0040008B10A20CFE700BF1A
:10D5700004AA01210C98FDF7FAFA10B90498802842
:10D5800001D20120C3E7119808B1002000E03F203C
:10D5900080460498A0EB08000490B9F1000F13D165
:10D5A0004FF4FA610498B0FBF1F00A904FF0000AD2
:10D5B00001E00AF1010A8C4830F81A100A988142F9
:10D5C000F7D88A4830F81A904FEA5929B9F1000F74
:10D5D00001D14FF00109B9F1800F01D94FF0800955
:10D5E0000498B0FBF9F7012540F6F670874200D3A6
:10D5F00002254FF6F670874200D30325032D0AD18A
:10D60000082000EB870000F2FF10460A202003905C
:10D610000020029011E0012D05D107EB4700401CCE
:10D620004008C01C01E07800001D064606F2FF100D
:10D63000460A01200390202002900398404407905E
:10D64000079830440690029906980844059005987A
:10D650004844A0EB08000499884201D90E2056E7FF
:10D6600009AA03210C98FDF782FA28B9099818B184
:10D670000998B0F5004F01D9012009900999059842
:10D680000844401E491E8843099009990598081AC4
:10D690000990032D08D1099903980844039009992A
:10D6A00007980844079001E009980644DDE9030162
:10D6B000081A811B0298081AB0FBF9F7022D03D152
:10D6C00040F6F670874205D3032D05D14FF6F6706C
:10D6D000874201D20E201AE7032D02D10C200D90B3
:10D6E00010E0012D06D10498B0F5803F02D2012050
:10D6F0000D9007E00498B0F5803F01D2042000E0CF
:10D7000006200D9000BF119810B1F0200E9044E05B
:10D710004FF4007200210BF13000FDF79EFA0BF57B
:10D72000F77401206070A0700020E0700D982071E7
:10D73000FE206071049840443F21B0FBF1F0FF21CE
:10D74000B0FBF1F009903F21099841EA9000A071E7
:10D750000998E0713F20207200216172A172E1728C
:10D76000049820730498010A61730498010CA17352
:10D770000498010EE17355218BF82E12AA218BF823
:10D780002F12012300220BF130010C98FDF7B2F9A2
:10D7900008B10120BBE6F8200E900BF130044FF4E5
:10D7A000007200212046FDF758FA0B2210A12046F6
:10D7B000FDF746FA4FF4007A84F80BA04FEA1A21DD
:10D7C000217384F80D900398A0730398010AE17304
:10D7D000012013E0222A2B2C2E3A3B3C3D3E3F5B9E
:10D7E0005D7C7F0040BF01207A1E0108901E010869
:10D7F000EBFE904D53444F53352E30002074032DD3
:10D8000001D1002001E04FF40070824684F811A09D
:10D810004FEA1A21A1740498B0F5803F05D204980C
:10D82000E0740498010A217510E0049884F820003F
:10D830000498C0F30721212001550498C0F3074143
:10D84000222001550498010E232001550E98607581
:10D850003F20207600216176FF20A076E17684F8D3
:10D860001C804FEA182161774FEA1841A1774FEAEF
:10D870001861E177FDF7D0F90990032D3ED10998A1
:10D8800084F843000998C0F3072144200155099802
:10D89000C0F30741452001550998010E4620015566
:10D8A00084F82460C6F3072125200155C6F30741FB
:10D8B00026200155310E27200155022084F82C0026
:10D8C00000212D2001552E2001552F20015501202A
:10D8D00084F8300031200155062084F832003320CE
:10D8E0000155802084F84000292084F8420013224A
:10D8F000FEA104F14700FDF7A3F91FE0099884F8A1
:10D9000027000998C0F30721282001550998C0F382
:10D910000741292001550998010E2A200155A675B5
:10D92000310AE175802084F82400292084F826003B
:10D930001322F3A104F12B00FDF782F9552084F89E
:10D94000FE01AA2140F2FF10015501234246214663
:10D950000C98FDF7CFF808B10120D8E5032D06D1CA
:10D96000012308F1060221460C98FDF7C3F8079839
:10D9700008904FF0000A61E04FF400720021204649
:10D98000FDF76BF90E980990032D14D0012D01D1EC
:10D99000E04801E06FF0FF000999084309900998F9
:10D9A00020700998000A60700998000CA07009980E
:10D9B000000EE07019E0099860F0FF0009900998E6
:10D9C00020700998000A60700998000CA0700998EE
:10D9D000000EE070FF202071FF216171A171E171E3
:10D9E00020726172A1720F21E1720898411C0246F7
:10D9F0000123089121460C98FDF77CF808B101201D
:10DA000085E54FF4007200212046FDF726F901203C
:10DA100009900EE00898411C024601230891214616
:10DA20000C98FDF767F808B1012070E50998401CD3
:10DA300009900998B042EDD30AF1010ABAF1000F3A
:10DA40009AD0032D01D1484600E00298824600BFDB
:10DA50000898411C02460123089121460C98FDF7C5
:10DA600049F808B1012052E5AAF10100B0F1000A1D
:10DA7000EED1032D46D15220207060706120A0703D
:10DA80004120E070722084F8E401722140F2E51038
:10DA900001554121401C01556121401C0155781E52
:10DAA00084F8E801C0F3072140F2E9100155781E1F
:10DAB000C0F307414FF4F5700155781E010E40F296
:10DAC000EB100155022084F8EC01002140F2ED102A
:10DAD0000155401C0155401C0155552084F8FE019C
:10DAE000AA2140F2FF100155012308F1010221464D
:10DAF0000C98FCF7FFFF012308F1070221460C9860
:10DB0000FCF7F8FF002211460C98FDF730F808B139
:10DB10000120FCE40020FAE42DE9FC470746884692
:10DB2000914600243E4613E06B46012201A9484677
:10DB3000FEF757FC0098012800D00DE09DF8045036
:10DB400000BF06F8015B641C0A2D00D104E000BF91
:10DB5000A8F10100A042E7DC00BF0020307014B142
:10DB60003846BDE8FC870020FBE7F8B504460E46C2
:10DB700000BF6568002D00DAF8BD28466D1C04F171
:10DB80000C010E543D2D0CDB6B462A462068FEF737
:10DB900008FD0098A84201D1002001E04FF0FF30BD
:10DBA00005466560A068401CA06000BFE4E730B592
:10DBB00095B004460D46029500200390049021463E
:10DBC00002A8FFF7D2FF039800280DDB01AB05A9DF
:10DBD000DDE90202FEF7E5FC30B9019903988842BD
:10DBE00002D1049815B030BD4FF0FF30FAE730B5E0
:10DBF00095B004460D46029500200390049004E081
:10DC000014F8011B02A8FFF7B0FF20780028F7D115
:10DC1000039800280DDB01AB05A9DDE90202FEF740
:10DC2000C0FC30B901990398884202D1049815B01C
:10DC300030BD4FF0FF30FAE70FB42DE9F04F9BB045
:10DC40002498019000200290039026A81A9000BF0B
:10DC5000259810F8014B259004B924E1252C04D017
:10DC6000214601A8FFF781FFF2E700200646814622
:10DC7000259810F8014B2590302C05D101262598C8
:10DC800010F8014B259006E02D2C04D10226259892
:10DC900010F8014B259009E009EB890004EB4000E6
:10DCA000A0F13009259810F8014B2590302C01DBAC
:10DCB000392CF1DD6C2C01D04C2C05D146F004063A
:10DCC000259810F8014B259004B9ECE02546612D0C
:10DCD00004DB7A2D02DCA5F12000C5B24F2D60D007
:10DCE0001DDC422D5AD0432D4FD015E04E4F204E13
:10DCF000414D452020202046415433322020200031
:10DD00004E4F204E414D452020202046415420209A
:10DD10002020200000FFFF00442D4CD144E0532D73
:10DD200004D0552D41D0582D45D141E01A9850F8D6
:10DD300004BB1A904FF0000801E008F101081BF83D
:10DD400008000028F9D106F0020048B903E02021BC
:10DD500001A8FFF70AFF404608F101084845F6D33D
:10DD600004E01BF8011B01A8FFF7FFFE9BF8000071
:10DD70000028F6D103E0202101A8FFF7F6FE404677
:10DD800008F101084845F6D362E71A9810F8042B09
:10DD9000D1B21A9001A8FFF7E8FE59E702201990C6
:10DDA0000EE0082019900BE000BF0A20199007E050
:10DDB0001020199004E0214601A8FFF7D6FE47E79E
:10DDC00000BF06F0040028B11A9800681A99091DCE
:10DDD0001A910CE0442D05D11A9800681A99091D72
:10DDE0001A9104E01A9800681A99091D1A9182463E
:10DDF000442D06D10AF0004018B1CAF1000A46F0DD
:10DE00000806002700BF1998BAFBF0F100FB11A02B
:10DE1000C5B21998BAFBF0FA092D06DD782C01D1AC
:10DE2000272000E007202844C5B205F13000C2B227
:10DE300038467F1C14A90A54BAF1000F01D0102FE4
:10DE4000E1D306F0080020B12D2238467F1C14A92A
:10DE50000A54B84606F0010008B1302000E0202046
:10DE6000054603E0294601A8FFF77FFE06F0020001
:10DE700020B9404608F101084845F3D300BF781E99
:10DE8000074614AA115C01A8FFF76FFE002FF6D118
:10DE900003E0294601A8FFF768FE404608F10108A3
:10DEA0004845F6D3D4E600BF00201A900298002817
:10DEB00010DB18AB04A9DDE90102FEF772FB48B9DB
:10DEC00018990298884205D103981BB0BDE8F00F5D
:10DED0005DF814FB4FF0FF30F7E7000010B50024A9
:10DEE0000EE04FF40C710020FBF7BFFC5C4941F8D9
:10DEF0002400084650F8240000B903E0601CC4B2B6
:10DF0000032CEEDB00BF4FF40A710020FBF7ADFCE1
:10DF1000544908604FF40A710020FBF7A6FC5249EF
:10DF200008604FF400710020FBF79FFC4F49086028
:10DF3000032C0AD14B48006838B14B48006820B127
:10DF40000846006808B1002010BD0120FCE701462A
:10DF5000412901DA08467047612903DBA1F120005D
:10DF6000C0B2F8E70846F6E72DE9FC410546002770
:10DF7000002405E0601CC4B2287800B902E06D1CE2
:10DF8000FA2CF7DB00BFFA2C02D1FF20BDE8FC81A0
:10DF9000002408E06D1E28782E2802D16D1C2F4623
:10DFA00003E0601CC4B2052CF4DB00BF39466846B0
:10DFB00001F084FF002407E01DF80400FFF7C7FF0D
:10DFC0000DF80400601CC4B2042CF5DB00241DE035
:10DFD000002616E0264800EB041050F826000078D2
:10DFE00000B910E0224901EB041151F826006946FE
:10DFF00001F0F8FF18B946EA0410C0B2C6E7701C79
:10E00000C6B2042EE6DB00BF601CC4B2072CDFDB07
:10E01000FF20BBE72DE9FC4707460C4615460020CC
:10E0200000908046814601AA69463846FEF711FEF7
:10E0300006468EB901984069801E0199897800FBD7
:10E0400001F901988078009900FB01F84FEA590026
:10E0500020604FEA580028603046BDE8FC87000089
:10E060004CBF0120740200207802002084020020AE
:10E07000A81E01082DE9F84F044688464FF0000B12
:10E08000802C01DAA1463BE0B8F1000F05D0294809
:10E09000D0F805004FEA500B01E04FF0000B254887
:10E0A000D0F805004FEA500A0120C0EB9A0A002779
:10E0B00010261CE0AAEB070007EB50051D48D0F81E
:10E0C000010000EB850000EB0B0104226846F5F728
:10E0D000A2FFBDF80000A04200D10AE0BDF8000098
:10E0E000A04201DA2F4600E0AA46701E86B2002E3A
:10E0F000E0D100BF16B1BDF8020000E0002081466B
:10E100004846BDE8F88F0246002100E0491C0A4855
:10E1100030F8110020B1084830F811009042F5D1D4
:10E12000054830F8110018B1044830F81100704764
:10E130001046FCE79CBF0120181F0108F8200108C9
:10E140002DE9F0432DED028B83B007468846144637
:10E150001E46DDED0C8AFF25F8EE680A00EE106A17
:10E16000B8EE400A80EE801AB0EE418A9FEDFE0ABA
:10E1700028EE000AB0EE408A00EE105AB8EE400ACF
:10E18000B4EE480AF1EE10FA1ED0F8A004EB4409F0
:10E1900009EBD97107EB6101CDE9004088B24FF47A
:10E1A000A073F0224146F5F75CFDBCEEC80A10EE04
:10E1B000100AC5B2642D00DD642503232A464146BA
:10E1C00038460094F5F7A4FC002003B0BDEC028BA8
:10E1D000BDE8F0832DE9FF4F83B081469846DDF816
:10E1E00040A000200290002783464FF40A71FBF7FD
:10E1F0003CFB04460CB94FF0010B4FF4805100205A
:10E20000FBF733FB06460EB94FF0010B01224146E6
:10E210002046FEF726F805460DB14FF0020BBBF184
:10E22000000F78D1BAF1000F09D0BAF1010F12D066
:10E23000BAF1020F21D0BAF1030F42D12FE0CC483E
:10E24000CC49C1F80100E068C1F805000846D0F8E3
:10E250000100029035E0C748D0F80100C549D1F867
:10E2600005100844C349C1F80900E068C1F80D0071
:10E270000846D0F80900029023E0BE48D0F8090013
:10E28000BC49D1F80D100844BA49C1F81100E06842
:10E29000C1F815000846D0F81100029011E0B54809
:10E2A000D0F81100B349D1F815100844B149C1F8AC
:10E2B0001900E068C1F81D000846D0F81900029066
:10E2C00000BF00BF21E001AB4FF480523146204631
:10E2D000FEF787F8054605B119E0029839184FF4A2
:10E2E00080523046F5F733FFBDF80400074400972D
:10E2F000E3684846DDE90412FFF722FFBDF8040099
:10E30000B0F5805F01D002E005E0002DDBD000BF5A
:10E310002046FEF793FA21460020FBF796FA314695
:10E320000020FBF792FA284607B0BDE8F08F2DE9F0
:10E33000FF4F83B0064615460024A046FF24FF2069
:10E340008C49087064210020FBF78FFA82464FF455
:10E3500080510020FBF789FA83464FF40A710020B0
:10E36000FBF783FA0290BBF1000F04D0BAF1000F63
:10E3700001D0029878B900200299FBF766FA51465D
:10E380000020FBF762FA59460020FBF75EFA0520F1
:10E3900007B0BDE8F08F5046069901F08FFD764832
:10E3A0000168504601F0CDFD012251460298FDF76B
:10E3B00058FF04460CB148F010085046069901F089
:10E3C0007DFD6E480168504601F0BBFD01225146BB
:10E3D0000298FDF746FF04460CB148F0200850466D
:10E3E000069901F06BFD66480168504601F0A9FDF1
:10E3F000012251460298FDF734FF04460CB148F063
:10E4000040085046069901F059FD5E4801685046A3
:10E4100001F097FD012251460298FDF722FF0446C4
:10E420000CB148F0800800200299FBF70EFAB8F111
:10E43000000F6FD154A04FF4A073F022CDE900502B
:10E4400030460499F5F70DFC002730E005EB850117
:10E450008900CDE9007101EBD17106EB610188B251
:10E4600040F217332A460499FFF76AFE07F5406029
:10E4700001034FF480525846F5F7CDFD4FF00009E7
:10E4800008E05BF82900401C00B106E009F101003A
:10E490001FFA80F9B9F5806FF3DB00BFB9F5806F23
:10E4A00003D007F54060F5F72FFE781C87B240F2E5
:10E4B00017308742CADB59460020FBF7C6F937A060
:10E4C0004FF4A073F022CDE9005030460499F5F7DF
:10E4D000C8FB5046069901F0F1FC274801685046F8
:10E4E00001F02FFD002005EB85018900CDE9000139
:10E4F00001EBD17106EB610188B253462A460499BB
:10E50000FFF768FE044634B151460020FBF79DF941
:10E5100001203DE7BBE026A04FF4A073F022CDE937
:10E52000005030460499F5F79CFB5046069901F0DF
:10E53000C5FC12480168504601F003FD012005EBBF
:10E5400085018900CDE9000101EBD17106EB610184
:10E5500088B253462A460499FFF73CFE044614B19C
:10E560005146002030E033E00000C84225000000A2
:10E570002100C0009CBF0120E4220108E022010824
:10E58000DC220108D822010845726173696E672098
:10E59000736563746F72732E2E2E20005570646144
:10E5A00074696E6720554E4947424B2E42494E00D2
:10E5B0005570646174696E672047424B31322E4258
:10E5C000494E202000000000FBF73FF90220DFE663
:10E5D00044A04FF4A073F022CDE9005030460499D6
:10E5E000F5F73FFB5046069901F068FC4348016887
:10E5F000504601F0A6FC022005EB85018900CDE91B
:10E60000000101EBD17106EB610188B253462A4645
:10E610000499FFF7DFFD04462CB151460020FBF7BB
:10E6200014F90320B4E636A04FF4A073F022CDE92C
:10E63000005030460499F5F714FB5046069901F056
:10E640003DFC35480168504601F07BFC032005EB9A
:10E6500085018900CDE9000101EBD17106EB610173
:10E6600088B253462A460499FFF7B4FD04462CB1FC
:10E6700051460020FBF7E9F8042089E6AA20274943
:10E68000087021224FF440012448F5F760FD5146FF
:10E690000020FBF7DAF859460020FBF7D6F8404691
:10E6A00076E610B50024F5F749FC0FE0601CC4B213
:10E6B00021224FF440011948F5F7ADFC17480078C6
:10E6C000AA2800D104E01420F8F7C8F90A2CEDDBE1
:10E6D00000BF12480078AA2801D0012010BD0020F8
:10E6E000FCE700005570646174696E672047424B17
:10E6F00031362E42494E202000000000DC22010865
:10E700005570646174696E672047424B32342E4203
:10E71000494E202000000000D82201089CBF0120A3
:10E720002DE9F05F82460F4614462046E21704EBBF
:10E730005272D2102146E31704EB5373DB10A4EBA3
:10E74000C3030BB1012300E000231A44624302F02B
:10E75000FF099AF800600AF1010082460578812ECF
:10E7600005DB402D03DBFF2D01D0FF2E0DD14FF037
:10E77000000B06E0002007F8010B0BF1010000F090
:10E78000FF0BCB45F6DBBDE8F09F7F2D03DAA5F14B
:10E790004000C5B202E0A5F14100C5B2A6F181007A
:10E7A000C6B2BE2010FB065000FB09F80C2C04D0AA
:10E7B000102C0CD0182C1ED113E08A48D0F8090078
:10E7C00000EB08014A463846F5F725FC13E085487A
:10E7D000D0F8110000EB08014A463846F5F71BFC5B
:10E7E00009E08048D0F8190000EB08014A46384695
:10E7F000F5F711FC00BF00BF00BFC4E72DE9FF4FD4
:10E8000093B007460D461C46AA462046E21704EB85
:10E810005272D2102146E31704EB5373DB10A4EBC2
:10E82000C3030BB1012300E000231A44624302F04A
:10E83000FF0B0C2C06D0102C04D0182C02D017B0D3
:10E84000BDE8F08F224601A91598FFF769FF002661
:10E850002FE001A810F806804FF0000923E008F02F
:10E86000800030B16048028829463846F2F76AF9DC
:10E8700007E0209828B95D48028829463846F2F713
:10E8800061F94FEA48604FEA1068681C85B2A5EB51
:10E890000A00A04203D15546781C87B206E009F170
:10E8A000010000F0FF09B9F1080FD8DB00BF701CB0
:10E8B000C6B25E45CDDB00BFC1E72DE9FE4F07467E
:10E8C0000E4691469A46DDE90D4B0C9DB8460296E0
:10E8D000002001904BE0019870BB2878802802DD71
:10E8E0000120019043E004EBD47108EB0902A2EB94
:10E8F0006101B94202DA301986B2474602985044A3
:10E90000001BB04200DA35E028780D2804D1301918
:10E9100086B247466D1C07E0CDF800B02A78234642
:10E9200031463846F5F75BF86D1C204604EBD07194
:10E9300007EB61018FB21AE00020019008EB09009B
:10E94000001BB84202DA301986B24746029850449A
:10E95000001BB04200DA0DE023462A463146384615
:10E96000CDF800B0FFF74AFFAD1C381987B2287800
:10E970000028B0D100BFBDE8FE8F2DE9FE43074659
:10E98000894615461C46DDF828800026284601F0F9
:10E99000B9FA86B2204604EBD071491071438EB2A9
:10E9A00046450BDD0120CDE9005402901048438814
:10E9B000028849463846FFF780FF11E0A8EB0600C1
:10E9C00000EBD071C1F34F0601200949CDE9005495
:10E9D00002904B880A88F11988B24946FFF76DFF0B
:10E9E000BDE8FE839CBF012014000020160000201B
:10E9F000A00200202DE9FC5F82460C460020019019
:10EA000000904FF40A71FAF730FF80464FF400711E
:10EA10000020FAF72AFF0646B8F1000F79D0002E41
:10EA200077D0012251464046FDF71BFC009000982C
:10EA300000286CD101AB4FF4007231464046FDF71F
:10EA4000D0FCB3465E46DBF80800FE4988425BD145
:10EA500006F10C05696806F114000F183868FA49C8
:10EA6000884203D03868F949884205D168681C306B
:10EA700079680844E06102E068681430E061E069A8
:10EA800000EB0609D9F80000F149884239D12889FC
:10EA9000208068896080E868C4F816002869C00092
:10EAA000C4F81200A88AA080E88A6083D9F804001C
:10EAB000C4F80600E0690830E0612188E5A001F0B3
:10EAC00061F86188E9A001F05DF8D4F81610EDA0B6
:10EAD00001F058F8D4F81210F0A001F053F8A18812
:10EAE000F3A001F04FF8618BF7A001F04BF8D4F8D8
:10EAF0000610F9A001F046F8E169FCA001F042F827
:10EB000007E00320009004E00220009001E00120D3
:10EB100000904046FDF792FE41460020FAF795FE30
:10EB200031460020FAF791FE0020BDE8FC9F2DE958
:10EB3000F84306460D4690464FF00009B8F1180F0D
:10EB40002BD12846E91705EB9171891001EB4101A2
:10EB50001FFA81F9EB4A9168D0686B464A46FDF787
:10EB600040FCE848876800240EE07A782046611C63
:10EB70008CB23254B8783055A01C84B23A78204612
:10EB8000611C8CB23254FF1CAC42EEDB009880005A
:10EB90000321B0FBF1F0009014E0DA49C8686B463D
:10EBA0002A463146FDF71DFC0098A8420AD200987B
:10EBB00084B203E000203055601C84B20098281A0B
:10EBC000A042F7D80098BDE8F883CF49096F01F457
:10EBD000002199B10021CD4A1170CA49097C01F088
:10EBE0000101F1B9002005E00021C64A1268115464
:10EBF000411C88B2B0F5005FF6DB12E00121C34A88
:10EC00001170C049097C01F0010151B9002005E0F3
:10EC10000021BC4A52681154411C88B2B0F5005F13
:10EC2000F6DB0121BA4A117070472DE9F05F814689
:10EC30000C4654F8060FE168C908B0FBF1F06060BB
:10EC4000D9F80800D4F81610451A0026D4F800C0E8
:10EC5000606800212A46A0FB027B01FB05B100FB96
:10EC6000061162460023384600F067FFA060A41F2B
:10EC7000BDE8F09F2DE9F041064600274FF40A71E8
:10EC80000020FAF7F2FD9F49C8604FF400510020C0
:10EC9000FAF7EBFD9B4908604FF400510020FAF7AA
:10ECA000E4FD984948604FF400510020FAF7DDFD7B
:10ECB000944988600846C068002874D008460068F7
:10ECC0000028FAD0084640680028F6D00846806838
:10ECD0000028F2D08F493046FFF78CFE0546002D04
:10ECE0006FD18C48408B10280BD100210220F7F700
:10ECF00094FD00231A464FF400711846F7F79EFA68
:10ED00000EE08448408B18280AD102210846F7F704
:10ED100084FD032300224FF400711046F7F78EFAAA
:10ED20007C49D1F81600F7F7DCFA764A516810688A
:10ED30004FF48052F7F720FBAFF27110764908606C
:10ED400000F02FF96F49C86801223146FDF789FAB2
:10ED50000546002D74D16F4AD1696A4AD068FDF723
:10ED60007FFD6C498A7E674908684FF40051FFF7C0
:10ED7000DEFE804667498A7E624948684FF400514A
:10ED8000FFF7D5FE804600F005F9DBE000BF6048E4
:10ED900000780028FBD000205D490870B8F5005FBE
:10EDA00002D00125D1E0D8E05848007850B1594947
:10EDB0008A7E544948684FF40051FFF7B8FE8046F8
:10EDC00009E0C8E053498A7E4E4908684FF4005173
:10EDD000FFF7ADFE8046B3E00020F4F79FFF044646
:10EDE000042C11D14748007C00F0010030B14548A7
:10EDF000007C20F001004349087405E04148007C94
:10EE000040F001003F490874032C01D0012C01D1CE
:10EE1000254696E03B49C8683E49FFF706FF3D4B53
:10EE2000D3F81220D3F80E10D3F80A0000F01AF924
:10EE3000781CC7B2142F79D10027384800686FE0DA
:10EE400087E073E057415645666163744C495354FB
:10EE500064617461776176782D3E617564696F666F
:10EE60006F726D61743A25640D0A000077617678DF
:10EE70002D3E6E6368616E6E656C733A25640D0A93
:10EE800000000000776176782D3E73616D706C65CF
:10EE9000726174653A25640D0A0000007761767826
:10EEA0002D3E626974726174653A25640D0A000032
:10EEB000776176782D3E626C6F636B616C69676E0B
:10EEC0003A25640D0A000000776176782D3E627065
:10EED000733A25640D0A0000776176782D3E6461EF
:10EEE000746173697A653A25640D0A0077617678F2
:10EEF0002D3E6461746173746172743A25640D0A05
:10EF000000000000DDBF01200060024089020020F7
:10EF100088020020BDBF01202C000020A4824242B4
:10EF200008B9012000E00020184908601848007C5A
:10EF300000F0010018B90A20F7F790FD00E000E0AA
:10EF40004AE700BF002D3FF421AF00BF00F029F8D1
:10EF500004E0FF2502E0FF2500E0FF250C48816862
:10EF60000020FAF772FC0A4801680020FAF76DFCED
:10EF7000074841680020FAF768FC0548C16800208E
:10EF8000FAF763FC2846BDE8F0810000A482424203
:10EF9000DDBF012010B50320F9490874F7F7B9FA6D
:10EFA00010BD10B50020F6490874F7F7B8FA10BD87
:10EFB000F0B591B005460026294608A8FDF797FD53
:10EFC000044640F2FF10079000200799FAF74DFC25
:10EFD000069004BB0698F0B11BE0694608A8FDF74F
:10EFE000D5FD044614B99DF8090000B912E0069851
:10EFF000007808B1069801E00DF10900074638468F
:10F00000FEF7B2FF044604F0F000402801D1701C66
:10F0100086B2E2E700BF00200699FAF716FC3046F8
:10F0200011B0F0BD7CB504460D46802010210323AD
:10F030002246CDE90010E6213C20F4F7B3FD002084
:10F0400010232F22E62100905420F4F7C8FC8020E2
:10F05000102103232A46CDE90010E6215C20F4F7B5
:10F06000A1FD7CBD2DE9FC4104460D461646C54870
:10F070000088A8426DD0C3490D80084600883C2115
:10F0800090FBF1F78020102102233A46CDE90010D1
:10F09000D2213C20F4F786FD002010233A22D22111
:10F0A00000904C20F4F79BFCB64800883C2190FB74
:10F0B000F1F201FB12078020102102233A46CDE92C
:10F0C0000010D2215420F4F76DFD002010232F22D0
:10F0D000D22100906420F4F782FC3C20B4FBF0F7CE
:10F0E0008020102102233A46CDE90010D2216C2065
:10F0F000F4F758FD002010233A22D22100907C2002
:10F10000F4F76DFC3C20B4FBF0F100FB11478020CC
:10F11000102102233A46CDE90010D2218420F4F7D1
:10F1200041FD4FF47A70B6FBF0F7802010210423E4
:10F130003A46CDE90010D221AA20F4F733FD92A07F
:10F1400010210B46C822CDE90010D221CA20F4F7C5
:10F1500088FDBDE8FC8170B504462046FEF704FF3B
:10F160000546402D04D12046FFF784FD054605E005
:10F17000214687A000F006FD012500BF00BF2846FC
:10F1800070BD2DE9F04F95B000210120F7F799FAF5
:10F19000002211461046F7F7EAFA00210120F7F79E
:10F1A00019FB1AE0002010217DA20B46CDE90021B9
:10F1B0000290F022BE213C20FFF77FFBC820F7F72A
:10F1C0004DFC4FF6FF70CE23F022BE2100903C2074
:10F1D000F4F7ECFAC820F7F741FC76A10CA8FDF78C
:10F1E00086FC0028DED173A0FFF7E2FE06461AE097
:10F1F0000020102172A20B46CDE900210290F022DE
:10F20000BE213C20FFF759FBC820F7F727FC4FF63B
:10F21000FF709223F022BE2100903C20F4F7C6FA42
:10F22000C820F7F71BFC002EE2D040F2FF100B9035
:10F2300000200B99FAF719FB0A9000200B99FAF7B6
:10F2400014FB804671000020FAF70FFB07461AE016
:10F25000002010215EA20B46CDE900210290F02291
:10F26000BE213C20FFF729FBC820F7F7F7FB4FF63C
:10F27000FF709223F022BE2100903C20F4F796FA12
:10F28000C820F7F7EBFB0A980028E1D0B8F1000F8F
:10F29000DED0002FDCD047A10CA8FDF728FC0546E6
:10F2A0001DBB00241FE0BDF836B004A90CA8FDF773
:10F2B0006DFC054615B99DF8190000B914E00A98CF
:10F2C000007808B10A9801E00DF119008246504615
:10F2D000FEF74AFE054605F0F000402803D127F866
:10F2E00014B0601C84B2DEE700BF002431A10CA87A
:10F2F000FDF7FDFB054686E037F814100CA8FBF778
:10F300004CFF04A90CA8FDF741FC054615B99DF872
:10F31000190000B97AE00A98007808B10A9801E06B
:10F320000DF1190082462EA1404600F0C7FD51465E
:10F33000404600F006FE4FF6FF70CE23F022BE21BD
:10F3400000903C20F4F732FA002010210B46B42242
:10F35000CDE900A10290BE213C20FFF7AEFA611C6E
:10F3600088B23146FFF75EFE4046FFF7F4FE814665
:10F37000B9F1030F3DD114B1601E84B243E035E012
:10F38000DDBF01208A0200204B6270730000000084
:10F3900063616E277420706C61793A25730D0A00E1
:10F3A0004D55534943CEC4BCFEBCD0B4EDCEF32181
:10F3B00000000000303A2F4D555349430000000033
:10F3C000C3BBD3D0D2F4C0D6CEC4BCFE2100000053
:10F3D000C4DAB4E6B7D6C5E4CAA7B0DC21000000A1
:10F3E000303A2F4D555349432F000000701E84B210
:10F3F00009E0B9F1010F05D1601C84B2B44202DB0F
:10F40000002400E002E0002D3FF476AF00BF0020B2
:10F410000A99FAF71AFA41460020FAF716FA39461D
:10F420000020FAF712FA15B0BDE8F08F38B5FE48A3
:10F430000078802829D1FD48806D00F4002078B143
:10F440006B464FF48052FA480168FA480068FDF7AD
:10F45000A8F804469CB12146F7A000F093FB0EE00B
:10F460006B464FF48052F9480168F2480068FDF796
:10F4700098F804461CB12146EFA000F083FBF44845
:10F48000006800F58050F249086038BD3EB504467A
:10F490004FF6FF700090EF480288B42378211E20B9
:10F4A000F4F784F94FF47840EB49088024BB00203E
:10F4B0001021EAA20B46CDE900210290C822782152
:10F4C0001E20FFF7FAF900201021E8A20B46CDE933
:10F4D00000210290C8228C211E20FFF7EEF90020A7
:10F4E0001021E6A20B46CDE900210290C822A021FE
:10F4F0001E20FFF7E2F917E000201021E2A20B46E0
:10F50000CDE900210290C82278211E20FFF7D5F90D
:10F5100000201021E0A20B46CDE900210290C82274
:10F520008C211E20FFF7C9F93EBD10B50121002036
:10F53000F7F7C7F8002201210846F7F718F901216B
:10F540000020F7F747F92E20F7F759F9002102209C
:10F55000F7F763F900231A464FF400711846F6F7DF
:10F560006DFE00231A464FF480711846F6F795FE9B
:10F570004FF47A50F6F7B5FE0122CC49881EF6F713
:10F58000FBFEAA48006F20F01000A8490867CA14C3
:10F59000AE480168A6480068F6F741FFAFF2731065
:10F5A000C3490860F6F7B5FFF6F7BFFF0020FFF785
:10F5B0006DFF10BD10B500210120F7F782F8002281
:10F5C00011461046F7F7D3F800210120F7F702F9AA
:10F5D0000020F7F714F9F6F7A2FFF6F7ADFF0120C8
:10F5E000FFF754FF10BDB349016000214160B249EB
:10F5F0008160B249C16010220261012200F10C0158
:10F6000082820222C2824FF47A52826181698A0028
:10F61000C261042200F10C01028410224284A84934
:10F6200041620022826270477CB504460D46A5A067
:10F6300010210B46C822CDE90010D2211E20F4F77C
:10F6400010FB3C20B4FBF0F6802010210223324650
:10F65000CDE90010D2214620F4F7A4FA00201023AF
:10F660003A22D22100905620F4F7B9F93C20B4FB9D
:10F67000F0F100FB11468020102102233246CDE933
:10F680000010D2215E20F4F78DFA90A010210B46D5
:10F69000C822CDE90010D2218C20F4F7E2FA4FF411
:10F6A0007A70B5FBF0F68020102104233246CDE9B4
:10F6B0000010D221B420F4F775FA7CBD70B506466F
:10F6C000002510E02A4683A1304600F067FA0122A7
:10F6D000314686480068FCF7C4FD0446042C00D17E
:10F6E00005E0681C85B24FF6FF708542EADB00BF7B
:10F6F00070BD2DE9F0478CB0002700240025A046FE
:10F70000A1461DE00020102179A20B46CDE9002181
:10F710000290F022E6211E20FFF7CFF8C820F7F76D
:10F720009DF94FF6FF70F623F022E62100901E208F
:10F73000F4F73CF8C820F7F791F972A0FDF7C7FB82
:10F7400070A103A8FDF7D3F90028DBD14FF4805155
:10F75000FAF78BF8364908604FF480510020FAF729
:10F7600084F83A4908604FF40A710020FAF77DF8EE
:10F77000304908602C210020FAF777F804461E2152
:10F780000020FAF772F805462948006838B12F487A
:10F79000006820B12748006808B104B105B9012705
:10F7A000002F3DD1FFF7C1FE002028708FE100201F
:10F7B000F4F7B4FA06463046012E32D0032802D0C0
:10F7C00004282FD119E11848007800F08000E0B13A
:10F7D0000020154908701E480068243060601C48ED
:10F7E0000168A162002113480068FDF739F8484B11
:10F7F0002C2221460F480068FCF7D3FE0D48006814
:10F80000FDF71CF800201249086000200649087026
:10F81000814601203F4908604FF6FF7000907BE071
:10F8200058E181E01CE100009C02002000600240E1
:10F830008C02002094020020777269746520657242
:10F84000726F723A25640D0A0000000090020020D9
:10F8500098020020A0020020140000204B455930DF
:10F860003A5245432F504155534500004B455932BC
:10F870003A53544F5026534156450000574B5F555D
:10F88000503A504C415900004B4559303A53544F6F
:10F890005020506C61790000574B5F55503A504CE6
:10F8A00041592F504155534500000000EA220108FC
:10F8B000300000205249464657415645666D742037
:10F8C0006461746154494D453A0000004B50425305
:10F8D0003A000000303A5245434F524445522F52AD
:10F8E0004543253035642E7761760000780200208C
:10F8F0005245434F52444552CEC4BCFEBCD0B4ED39
:10F90000CEF32100303A2F5245434F524445520026
:10F9100080020020A88242427B4843880288BE21A0
:10F920001E20F3F743FF9BE07848007800F00100C9
:10F9300030B17648007800F0FE00744908704FE05E
:10F940007248007800F0800030B17048007840F0D4
:10F9500001006E49087043E04FF000092846FFF7A8
:10F96000ADFE002010216AA2CDE900210290664878
:10F9700002880B46BE211E20FEF79FFF00211022A9
:10F9800005F10B00CDE9012100905F4802881023AA
:10F99000BE214620FEF791FF2046FFF724FE0A22F3
:10F9A00029465D480068FCF75CFC8246BAF1000F0E
:10F9B00004D0002055490870FE2711E0574B2C2237
:10F9C000214655480068FCF7ECFD824600210846B8
:10F9D000FFF72AFE4D48007840F080004B49087040
:10F9E0004A48007800F0010018B100204C49086036
:10F9F00002E001204A49086032E04448007880284B
:10FA00002DD0287858B30020102146A2CDE900213E
:10FA100002903D4802880B46BE211E20FEF74DFF96
:10FA20000021102205F10B00CDE90121009036489C
:10FA300002881023BE214620FEF73FFFFFF7BAFDE4
:10FA40002846FFF788FB4FF6FF7000902E4843884A
:10FA50000288BE211E20F3F7A9FEFFF766FD00BF56
:10FA600000BF0520F6F7FAFF08F1010000F0FF08DB
:10FA7000142098FBF0F100FB118048B92848001FC2
:10FA8000006808B9012000E000202549091F08602E
:10FA9000E06926490968B1FBF0F0484517D02048D5
:10FAA000001F006808B9012000E000201C49091F60
:10FAB0000860E0691D490968B1FBF0F9A069E28AB4
:10FAC0005043628C00FB02F14846FFF7ADFD002F6A
:10FAD0003FF46DAE164801680020F9F7B6FE1548F0
:10FAE00001680020F9F7B1FE0B4801680020F9F722
:10FAF000ACFE21460020F9F7A8FE29460020F9F7C0
:10FB0000A4FE0CB0BDE8F087A00200209C020020FB
:10FB1000C2BCD6C63A000000940200208002002039
:10FB2000A8824242B2A5B7C53A0000009802002060
:10FB30008C02002090020020704710B54C1084EA1F
:10FB4000530404D54042C1F1000138BF491E1B4295
:10FB500004D55242C3F1000338BF5B1E00F086FAA1
:10FB600014F0804F04D04042C1F1000138BF491E5B
:10FB700014F0004F04D05242C3F1000338BF5B1EA3
:10FB800010BD00000FB4044910B503AA029800F09C
:10FB900071FB10BC5DF814FBAC0000200FB41CB569
:10FBA000074B06AA7B4469460090059800F033FB9A
:10FBB0000020694600F042FB1CBC5DF814FB00000D
:10FBC0009506000070B5044685690068C10601D538
:10FBD000302600E02026C00707D070BDD4E90121FF
:10FBE00030469047206A401C20626D1EF6D570BDDD
:10FBF00070B5044685690078C00707D170BDD4E9A7
:10FC0000012120209047206A401C20626D1EF6D5FD
:10FC100070BD70B50C460546012A05D028788006CF
:10FC200000D5EA69002302E0012305E05B1C934252
:10FC300002D2E05C0028F9D1A869E618C01AA861D0
:10FC4000286A184428622846FFF7BCFF04E0D5E97B
:10FC5000012114F8010B9047B442F8D32846FFF76E
:10FC6000C7FF70BD2DE9F0410646002410687529D4
:10FC7000314616A510D0AFF30080002802DA4042CA
:10FC800013A507E031688A0701D512A502E04907EC
:10FC900004D511A5012401E0AFF3008000210A2260
:10FCA00006F1240709E0B0FBF2FCB0FBF2F302FB23
:10FCB0001C00303078541846491C0028F3D12346E4
:10FCC0002A463046BDE8F04100F047BA0000000087
:10FCD0002D0000002B0000002000000070B504463D
:10FCE0000D4621461068AFF300802188090502D532
:10FCF0000F4A7A4402E00E4A7A440E32002104F19F
:10FD0000240305E000F00F060009965D5E54491CCF
:10FD10000028F7D120780023000704D5702D02D0E9
:10FD200009B1022311322046BDE8704000F015BA37
:10FD3000F62500002DE9F05F894604464FF0000AE1
:10FD4000DFF874B1FB44C0F820A02046E168884782
:10FD5000002874D0252806D0D4E901219047206AD4
:10FD6000401C2062F1E700265F462046E168884794
:10FD70002028054607DB312D05D2781910F8200C14
:10FD800008B10643F1E7B00701D526F00406C4F830
:10FD90001CA00027C4F818A02A2D09D0284600F07E
:10FDA000E3FA38B304EB8708303DC8F8185019E07F
:10FDB00059F8041B204604EB87029161E1688847EB
:10FDC000012F054618D1E069002820DA26F0200628
:10FDD0001DE0D8F8180000EB800005EB400030383B
:10FDE000C8F818002046E1688847054600F0BCFACC
:10FDF0000028EED1012F0AD02E2D08D12046E1682F
:10FE000088477F1C0546022F46F02006C4DBA06908
:10FE1000002803DA404246F00106A061F00701D055
:10FE200026F010066C2D0BD0682D09D04C2D39D042
:10FE30006A2D35D0742D35D07A2D33D016E038E0C8
:10FE4000E1682F4620468847B842054609D16C2F05
:10FE500026D04FF48060E168064320468847054677
:10FE600004E06C2F1AD04FF4807006430DB3A5F157
:10FE70004100192802D8203546F400664A46294632
:10FE8000204626604E46F0F7D9F980B101280BD004
:10FE9000F61D26F0070000F1080956E74020E4E7C8
:10FEA0008020D8E70020D6E706F104094DE7284670
:10FEB00052E7206ABDE8F09FCC25000040EA01032C
:10FEC000024630B59B0710D14FF0013400E008C264
:10FED00008C91D1B9D4315EAC41FF8D013F0FF018C
:10FEE00002F8011B0DD01B0AF8E711F8013B002BAB
:10FEF00002F8013B05D011F8013B002B02F8013B51
:10FF0000F3D130BD10B5431C02E010F8011B71B1F4
:10FF10008107FAD14FF0013202C88C1A8C4314EADF
:10FF2000C211F9D0C01A0A0603D0C01E10BDC01AF3
:10FF300010BD0A0401D0801E10BD0902FCD0401E75
:10FF400010BD421E12F8013F002BFBD111F8013BFE
:10FF5000002B02F8013BF9D17047032A40F23080B0
:10FF600010F0030C00F0158011F8013BBCF1020FFA
:10FF7000624498BF11F801CB00F8013B38BF11F87B
:10FF8000013BA2F1040298BF00F801CB38BF00F892
:10FF9000013B11F0030300F07F81083AC0F00880B4
:10FFA00051F8043B083A51F804CBA0E80810F5E7F3
:10FFB000121D5CBF51F8043B40F8043BAFF30080D6
:10FFC000D20724BF11F8013B11F801CB48BF11F84B
:10FFD000012B24BF00F8013B00F801CB48BF00F81B
:10FFE000012B70474FF0013C50F8042B51F8043BB3
:10FFF0009A4221D1A2EB0C03934313EACC1317D1FD
:020000040801F1
:1000000050F8042B51F8043B9A4215D1A2EB0C0393
:10001000934313EACC130BD150F8042B51F8043B53
:100020009A4209D1A2EB0C03934313EACC13DBD021
:100030004FF00000704700BFD01A01BAB1FA81F149
:1000400001F0180122FA01F0CB40C1F12001DBB22E
:10005000C0B2C01A2CFA01F3D11A914311EAC311AC
:10006000E6D17047704770477047704753EA020CFB
:1000700000F069802DE9F04B4FF00006002B1FBF08
:10008000B3FA83F503FA05F424FA05F65E4012BFCD
:100090001643B2FA82F502FA05F4C5F120051EBF37
:1000A00022FA05FC44EA0C04203556EA044C4FEAD7
:1000B000144418BF641C4FF000084FF00009904230
:1000C00071EB030C39D3002919BFB1FA81F701FA9A
:1000D00007F6B0FA80F700FA07F6C7F120071EBF4F
:1000E00020FA07FC46EA0C062037B6FBF4FCA7EB27
:1000F0000507103F07F01F0BCBF120060CFA0BFB96
:100100002CFA06F644BFB3460026202FA4BF5E4655
:100110004FF0000B5BEA060C08BF4FF0010B19EB28
:100120000B09ABFB027C48EB0608C01B06FB02CCAC
:100130000BFB03CC71EB0C01C1E70B4602464146B9
:100140004846BDE8F08B13B54FF000004FF00001BA
:10015000AFF30080BDE81C4070472DE9F0470D4625
:1001600099469246044600F124080168880604D5A1
:10017000E06921F01001216000E00120A84201DDCA
:10018000471B00E00027A1697A1902EB0900081A51
:10019000A0612078C00602D42046FFF713FD002698
:1001A00008E0D4E901211AF806009047206A401CB3
:1001B000761C20624E45F4DB2078C0060AD5204626
:1001C000FFF700FD06E0D4E9012130209047206AC6
:1001D000401C2062381EA7F10107F4DC07E0D4E9D7
:1001E000012118F805009047206A401C2062281E53
:1001F000A5F10105F3DC2046FFF7FAFC20780006A4
:1002000002D50220BDE8F0870120FBE701694A1C06
:1002100002610878704700B58FB0CDE90131002147
:10022000059105497944CDE9031011466846FFF769
:1002300081FD0FB000BD0000E5FFFFFF0A6802F876
:10024000010B0A60704710B5436913B1AFF300802A
:1002500001E0FFF7DEFC012010BD127800F124015F
:100260000A7000224A700122EDE711684FF0FF3258
:10027000E9E70000074B70B50D467B44FFF7CBFF65
:100280000446284600F03AF810B14FF0FF3070BD38
:10029000204670BD2368FFFF10B5203AC0F00B80E8
:1002A000B1E81850203AA0E81850B1E81850A0E87A
:1002B0001850BFF4F5AF5FEA027C24BFB1E81850D4
:1002C000A0E8185044BF18C918C0BDE810405FEA44
:1002D000827C24BF51F8043B40F8043B08BF7047C0
:1002E000D20728BF31F8023B48BF11F8012B28BFC5
:1002F00020F8023B48BF00F8012B7047007B00F05C
:1003000080007047754600F02BF8AE460500694640
:10031000534620F00700854618B020B5F6F770FC6C
:10032000BDE820404FF000064FF000074FF00008F6
:100330004FF0000B21F00701AC46ACE8C009ACE877
:10034000C009ACE8C009ACE8C0098D46704710B5DB
:100350000446AFF300802046BDE81040EFF78EBFA3
:1003600000487047F0BF012030380A2801D2012030
:1003700070470020704700004FEA1153A3F58063D7
:10038000D3F11E03A8BFD3F1200C08DB4FF00042CD
:1003900042EAC12252EA505232FA03F0704709424F
:1003A0000BD4102BC4BF0020704703F5787CBCF140
:1003B000FF3F05D04FF0FF3070474FF0000070470F
:1003C00070B500F0C3F800BF499224800020704748
:1003D000F0E7B0FA80F310FA03F10AD0C3F11D037D
:1003E00003F580634FEA41504FEA035202EBD121FB
:1003F00070474FF000007047DFF848C170B51CEA45
:10040000111E1EBF1CEA13159EEA0C0F95EA0C0F75
:1004100000F06F8081EA030423EA4C134EEAD47E95
:1004200021EA4C1141F4801143F48013AE44A1FB46
:10043000024CA0FB0365AEF17F7E361955EB0C052F
:10044000A1FB034C4CF10003A0FB021C16EB0C06B5
:10045000654153F10003094218BF46F0010613F449
:10046000007F0BD14FEA03314FEA0530340341EAF4
:10047000155140EA16506FF003020AE04FEAC3211B
:100480004FEAC520F40241EA555140EA56506FF058
:10049000020202EB2E4201EB025585EACE710AD030
:1004A0005FEA440C18BF24F0004450F1000041F111
:1004B000000120EAD47040F2FE7C624500D270BD9B
:1004C000A84214BF4FF080444FF04044002E08BFB4
:1004D0000024BEF1806FA8BFA1F1C041BDE870400B
:1004E00080F282804FF0000001F1C04101F0004134
:1004F00070479EEA0C0F0CEA131518BF95EA0C0F13
:1005000006D04FF0000081EA030E0EF0004170BDEE
:1005100000F01CF88900013E00F007B800F009B8AF
:100520004FEA430C5FEA5C5C08D081EA030100F00B
:100530005BB84FEA410C5FEA5C5CF6D14FF000001B
:10054000014970470000FF070000F87F0EF1020E1E
:100550002EF0030E5EF8046B364205D4012A43EBFD
:10056000030515F5001F12D8012841EB010C1CF5FD
:10057000001F0CD80ED14FEAD17C15F5001F0CEBF3
:100580004C0C0CF1020C08BF4CEBD37C04E04FF098
:10059000080C01E04FEAD37C0CEB4C0526FA05F67B
:1005A00006F00706B6F1040C06D20EEB860CBDE889
:1005B00070404CF0010C6047DFE80CF0090B0202C0
:1005C0004FF000414FF00000A1F5002170BD194629
:1005D0001046012851EB010418BFD4F5001484BF64
:1005E000002001F0004170BD0808A0F500114FEA9D
:1005F000310170474FF04070E1EE100A7047000083
:1006000000000000000000000000000000003F406B
:1006100000000000000000003000400030004000FA
:10062000000009000BC03D000BC03D00090018C0D0
:1006300024407FE0224031800000180024C01B00CD
:100640000D803240018003801C4027401C80074001
:1006500000401000600000000000000000000000EA
:10066000000000001F80204040200000402020406B
:100670001F8000000000090006001F80060009001E
:100680000000040004003F8004000400000000108B
:1006900000600000000000000000040004000400EE
:1006A0000400040000000000004000000000000002
:1006B0000000002001C006003800400000001F803C
:1006C0002040204020401F800000000010403FC01C
:1006D00000400000000018C0214022402440184083
:1006E000000010802040244024401B8000000200B5
:1006F0000D0011003FC0014000003C802440244018
:100700002440238000001F80244024403440038084
:1007100000003000200027C03800200000001B80AF
:100720002440244024401B8000001C0022C02240A2
:1007300022401F8000000000000008400000000070
:100740000000000000000460000000000000000045
:1007500004000A001100208040400900090009003F
:1007600009000900000000004040208011000A003C
:1007700004001800200023402400180000001F80FF
:100780002040274029401F400000004007C039009A
:100790000F0001C0004020403FC0244024401B8087
:1007A00000001F802040204020403080000020407A
:1007B0003FC0204020401F80000020403FC0244018
:1007C0002E4030C0000020403FC024402E003000AA
:1007D00000000F00108020402240338002002040A3
:1007E0003FC0040004003FC02040204020403FC0E4
:1007F0002040204000000060202020203FC020003A
:10080000200020403FC024400B0030C0204020404A
:100810003FC020400040004000C03FC03C0003C03B
:100820003C003FC0000020403FC00C4023003FC0C0
:1008300020001F802040204020401F8000002040DA
:100840003FC024402400180000001F8021402140A8
:1008500020E01FA0000020403FC02440260019C017
:10086000004018C024402440224031800000300065
:1008700020403FC020403000000020003F8000406A
:1008800000403F80200020003E0001C007003800EB
:100890002000380007C03C0007C03800000020409E
:1008A00039C0060039C0204000002000384007C091
:1008B000384020000000304021C02640384020C091
:1008C0000000000000007FE0402040200000000009
:1008D00070000C0003800040000000004020402019
:1008E0007FE0000000000000200040002000000029
:1008F0000000001000100010001000100010000098
:1009000000004000000000000000000002800540E0
:10091000054003C0004020003FC004400440038065
:100920000000000003800440044006400000000076
:100930000380044024403FC0004000000380054085
:10094000054003400000000004401FC02440244034
:100950002000000002E00550055006500420204011
:100960003FC00440040003C000400000044027C012
:1009700000400000000000100010041027E00000FC
:10098000000020403FC00140070004C00440204058
:1009900020403FC000400040000007C0040007C0E6
:1009A000040003C00000044007C00440040003C06A
:1009B0000040000003800440044003800000041055
:1009C00007F004500440038000000000038004404E
:1009D000045007F00010044007C002400400040067
:1009E0000000000006400540054004C00000000073
:1009F00004001F8004400040000004000780004005
:100A0000044007C000400400070004C00180060045
:100A10000400060001C0070001C0060000000440F9
:100A200006C0010006C0044000000410071004E0E6
:100A30000180060004000000044005C00640044098
:100A400000000000000004007BE0402000000000E7
:100A500000000000FFF000000000000040207BE0EC
:100A60000400000000004000800040002000200042
:100A70004000000000000000000000000000000036
:100A800000000000000000001FCC000C000000006F
:100A90000000000008003000600008003000600026
:100AA0000000022003FC1E20022003FC1E20022066
:100AB000000000000E1811043FFF10840C780000A5
:100AC00000000F0010840F3800C0077818840078E9
:100AD000000000780F8410C411240E9800E40084F4
:100AE000000808006800700000000000000000001E
:100AF000000000000000000007E018182004400279
:100B00000000000040022004181807E00000000068
:100B100000000240024001800FF0018002400240CC
:100B200000000080008000800FF8008000800080BE
:100B300000000001000D000E000000000000000099
:100B400000000000008000800080008000800080A5
:100B500000800000000C000C0000000000000000FD
:100B60000000000000060018006001800600180068
:100B70002000000007F0080810041004080807F01F
:100B800000000000080408041FFC0004000400002A
:100B9000000000000E0C10141024104411840E0CE0
:100BA000000000000C1810041104110412880C70CD
:100BB0000000000000E00320042408241FFC00249F
:100BC000000000001F981084110411041088107098
:100BD0000000000007F00888110411041888007054
:100BE000000000001C00100010FC13001C0010008E
:100BF000000000000E3811441084108411440E3897
:100C0000000000000700088C10441044088807F01A
:100C10000000000000000000030C030C00000000B6
:100C200000000000000000010106000000000000BC
:100C30000000000000800140022004100808100499
:100C400000000220022002200220022002200220B6
:100C50000000000010040808041002200140008079
:100C6000000000000E001200100C106C10800F002D
:100C7000000003E00C1813E4142417C4082807D05C
:100C800000000004003C03C41C40074000E4001CBA
:100C9000000410041FFC1104110411040E880070DC
:100CA000000003E00C1810041004100410081C10BD
:100CB000000010041FFC100410041004080807F0C2
:100CC000000010041FFC1104110417C410040818BC
:100CD000000010041FFC1104110017C010000800D0
:100CE000000003E00C181004100410441C780040AD
:100CF000000010041FFC10840080008010841FFC82
:100D000010040000100410041FFC10041004000064
:100D1000000000030001100110011FFE1000100070
:100D2000000010041FFC110403801464181C10043C
:100D3000000010041FFC1004000400040004000C58
:100D4000000010041FFC1F0000FC1F001FFC10040B
:100D5000000010041FFC0C04030000E010181FFC2E
:100D6000100007F00808100410041004080807F029
:100D7000000010041FFC10841080108010800F00F1
:100D8000000007F0081810241024101C080A07F2AD
:100D9000000010041FFC1104110011C011300E0CD2
:100DA000000400000E1C11041084108410441C3830
:100DB00000001800100010041FFC100410001800A0
:100DC000000010001FF810040004000410041FF8B5
:100DD000100010001E0011E0001C007013801C00A9
:100DE00010001FC0103C00E01F0000E0103C1FC0BE
:100DF00000001004180C163401C001C01634180C81
:100E0000100410001C00130400FC13041C0010004C
:100E100000000804101C1064108413041C04101833
:100E200000000000000000007FFE4002400240027F
:100E30000000000030000C0003800060001C000374
:100E4000000000004002400240027FFE000000005F
:100E50000000000000002000400040004000200092
:100E6000000000010001000100010001000100017B
:100E700000010000400040002000000000000000D1
:100E8000000000000098012401440144014400FCDA
:100E9000000410001FFC0088010401040088007099
:100EA00000000000007000880104010401040088B3
:100EB00000000000007000880104010411081FFCFC
:100EC0000004000000F8014401440144014400C84A
:100ED00000000000010401040FFC110411041100C2
:100EE0001800000000D601290129012901C90106C5
:100EF000000010041FFC008401000100010400FC3C
:100F0000000400000104190419FC0004000400009E
:100F100000000000000300010101190119FE00009A
:100F2000000010041FFC0024004001B4010C010467
:100F300000000000100410041FFC00040004000066
:100F40000000010401FC0104010001FC0104010096
:100F500000FC010401FC008401000100010400FC0C
:100F60000004000000F8010401040104010400F879
:100F70000000010101FF00850104010400880070E8
:100F8000000000000070008801040104010501FF59
:100F900000010104010401FC00840104010001803E
:100FA0000000000000CC0124012401240124019848
:100FB000000000000100010007F801040104000026
:100FC0000000010001F8000400040004010801FC15
:100FD0000004010001800170000C0010016001801C
:100FE000010001F0010C003001C00030010C01F0E3
:100FF000010000000104018C00740170018C0104E7
:101000000000010101810171000E001801600180E2
:10101000010000000184010C013401440184010C31
:101020000000000000000000000001003EFC400243
:1010300040020000000000000000FFFF0000000070
:1010400000000000400240023EFC010000000000E1
:101050000000000060008000800040004000200090
:101060002000000000000000000000000000000060
:101070000000000000000000000000000000000070
:101080000000000000000000000000000000000060
:1010900000000000000F80380FFE380F803800007D
:1010A0000000000000000000000000000000000040
:1010B0000100000600000C000038000031000006AE
:1010C00000000C00003800003000000000000000AC
:1010D000000061800067F807F9800061800061808E
:1010E0000061800061800067F807F980006180007E
:1010F000000000000000000001C0E003E0F0063046
:10110000080418081FFFFE040E080787F00381E09B
:1011100000000000000001F000060C0004040806B6
:101120000C7001F9C0000E00003BE000EC1807084D
:1011300008040C180003E00000000001E00007F0C4
:1011400003F818041C0804170807E1D003C0E000E6
:1011500023B0003C08002008000010000000000040
:10116000000100003100003200001C0000000000FF
:10117000000000000000000000000000000000006F
:10118000000000000000000000000000000000005F
:1011900000007F0001FFC00780F00C001810000461
:1011A0002000020000000000002000021000040CDB
:1011B00000180780F001FFC0007F00000000000061
:1011C00000000000000000000000000000004200DD
:1011D000006600006600003C0000180003FFC0002D
:1011E0001800003C0000660000660000420000009D
:1011F00000000800000800000800000800000800C7
:1012000001FFC000080000080000080000080000FE
:101210000800000000000001000031000032000062
:101220001C000000000000000000000000000000A2
:10123000000000000000000000000800000800009E
:10124000080000080000080000080000080000086E
:10125000000008000008000000000000000000007E
:1012600000003800003800003800000000000000D6
:10127000000000000000000000000000000000006E
:101280000000000600001C000070000180000E003D
:1012900000380000C0000700001C00003000000003
:1012A0000000000000007F8001FFE0038070060066
:1012B0001804000804000806001803807001FFE00D
:1012C000007F800000000000000000000100080115
:1012D000000801000803FFF807FFF80000080000FD
:1012E0000800000800000000000000000001C038F5
:1012F00002C05804009804011804021804041806D7
:101300001C1803F81801E0F80000000000000000BD
:101310000001C0E003C0F004000804080804080845
:1013200006180803F41801E7F00001E000000000CF
:101330000000000000000300000D0000110000612B
:101340000000810803010807FFF80FFFF8000108FB
:101350000001080000000000000000E007FCD006CB
:101360000808061008061008061008061838060FA8
:10137000F00607C0000000000000000000003F80F1
:1013800001FFE00384300208180410080410080468
:101390001008071810030FF00007C000000000003D
:1013A0000000000003C0000700000600000600F86F
:1013B0000607F806180006E0000700000600000017
:1013C000000000000001E1E003F7F006341004180B
:1013D00008041808040C08040C0806161803F3F097
:1013E00001C1E000000000000000F80003FC300331
:1013F0000638040208040208040208040410030862
:10140000F001FFC0007F00000000000000000000AD
:10141000000000000000000000007038007038007C
:101420007038000000000000000000000000000014
:101430000000000000000000000000000000301A62
:1014400000301C0000000000000000000000000050
:10145000000000000000000000080000140000224E
:1014600000004100008080010040020020040010C4
:10147000080008000000000000002100002100001A
:101480002100002100002100002100002100002196
:10149000000021000021000000000000000000000A
:1014A00008000804001002002001004000808000B5
:1014B00041000022000014000008000000000000AD
:1014C0000003C00004C000040000080038080F3802
:1014D0000808380810000C300007E00003C00000C6
:1014E0000000000000003F8000FFE0038070020F5A
:1014F0001006708804C088048308047F8802C090A6
:1015000003012000FE400000080000180001F80060
:101510003E0801C20007020007E20000FE00001FB3
:10152000C80001F800003800000804000807FFF8B0
:1015300007FFF80408080408080408080408080657
:10154000180803F41801E7F00001E00000000000B3
:1015500000003F8001FFE0038070020018040008D3
:101560000400080400080400100600200780C000E2
:10157000000004000807FFF807FFF8040008040053
:101580000804000804001802001003807001FFE046
:10159000007F8000000004000807FFF807FFF80440
:1015A0000808040808040808040808043E080400A1
:1015B0000806001801006000000004000807FFF89A
:1015C00007FFF804080804080004080004080004E1
:1015D0003E00060000060000018000000000000040
:1015E00000003F8001FFE00380700600180400083F
:1015F0000402080402080203F00783F0000200005E
:10160000020004000807FFF807FFF80408080008B4
:101610000000080000080000080004080807FFF8A0
:1016200007FFF804000800000000000004000804A0
:10163000000804000807FFF807FFF804000804008A
:101640000804000800000000000000000000000680
:10165000000007000001040001040001040003076A
:10166000FFFE07FFFC04000004000004000004006B
:101670000807FFF807FFF8040C08001800003E00F8
:1016800004C7800503C80600F804003804001800E9
:10169000000804000807FFF807FFF804000800002E
:1016A00008000008000008000008000008000018FA
:1016B00000006000000004000807FFF8078008072A
:1016C000FC00007FC00003F80007C000780007801E
:1016D0000807FFF807FFF804000804000807FFF8F0
:1016E00007000803C00000E000003800001E0000F2
:1016F00007000001C00400F007FFF804000000002C
:1017000000007F8001FFE0038070060018040008DD
:1017100004000806001803003001FFE0007F80008D
:10172000000004000807FFF807FFF8040408040499
:1017300000040400040400040400060C0003F80084
:1017400001F000000000000000007F8001FFE003C6
:1017500080700600880400880400C806003C03006E
:101760003E01FFE6007F8400000004000807FFF848
:1017700007FFF8040808040800040C00040F000424
:101780000BC00610F003F03801E00800000800006C
:101790000001E0F803F030063010041808041808BF
:1017A000040C08040C080206180207F00781E00088
:1017B0000000018000060000040000040000040096
:1017C0000807FFF807FFF804000804000004000001
:1017D00006000001800004000007FFE007FFF0049E
:1017E00000180000080000080000080000080000C1
:1017F0000804001007FFE0040000040000060000D9
:1018000007E00007FE00041FE00001F800003800B8
:1018100001E0043E0007C0000600000400000400D0
:101820000007E00007FFC0041FF80007C007F8002A
:1018300007FF80043FF80007C004F8000700000419
:10184000000000000004000806001807C07805F139
:10185000C8003E00001F800463E80780F8060018F7
:1018600004000800000004000006000007800007D4
:10187000E008047C08001FF80007F800180804E0DE
:101880000807000006000004000000000001000836
:101890000600380400F80403E8040F08047C080577
:1018A000F00807C0080700180400600000000000EE
:1018B000000000000000000000000000003FFFFEEC
:1018C000200002200002200002200002200002006E
:1018D000000000000000000008000007000000C039
:1018E000000038000006000001C000003000000EBB
:1018F00000000100000000000000000020000220A5
:1019000000022000022000022000023FFFFE000033
:1019100000000000000000000000000000000000C7
:10192000000000080000100000300000200000301F
:10193000000010000008000000000000000000008F
:101940000100000100000100000100000100000191
:101950000000010000010000010000010000010082
:101960000001000000000000000000200000200036
:101970000010000010000000000000000000000047
:101980000000000000000000000000F00019F80056
:101990001B18002208002608002408002410003F1D
:1019A000F8001FF800000800001800000004000004
:1019B00007FFF80FFFF000181800100800200800BB
:1019C0002008003018001FF0000FC00000000000C9
:1019D000000007C0001FF000183000200800200899
:1019E000002008003C08001C1000006000000000FF
:1019F00000000000000007C0001FF00038180020A1
:101A00000800200800200804101007FFF80FFFF05E
:101A10000000100000000000000000000007C000EF
:101A20001FF00012300022180022080022080032A5
:101A300008001E10000E2000000000000000200022
:101A400000200800200801FFF803FFF80620080422
:101A50002008042008072000030000000000000008
:101A60000000000E000E6E001FF30031B10020B127
:101A70000020B1003191001F13002E1E00200E0027
:101A8000300000000004000807FFF80FFFF8001006
:101A900008002000002000002008003FF8001FF888
:101AA0000000080000000000000000000020080006
:101AB0002008002008063FF8063FF8000008000054
:101AC0000800000800000000000000000000000006
:101AD0000000030000030020010020010020030695
:101AE0003FFE063FFC000000000000000000000078
:101AF0000004000807FFF80FFFF80001880003004A
:101B0000002FC00038F8002038002008000008002E
:101B100000000000000000000400080400080400A9
:101B20000807FFF80FFFF800000800000800000891
:101B3000000000000000002008003FF8003FF8000F
:101B40001008002000003FF8003FF80010080020B7
:101B500000003FF8003FF8000008000000002008E7
:101B6000003FF8003FF800100800100000200000BF
:101B70002008003FF8001FF80000080000000000E7
:101B8000000007C0000FF0001830003008002008E7
:101B9000002008003008001830000FF00007C000D7
:101BA0000000000000002001003FFF003FFF001088
:101BB00011002009002008002008003038001FF024
:101BC000000FC00000000000000007C0001FF00070
:101BD0003818002008002008002009001011001FFC
:101BE000FF003FFF00000100000000200800200867
:101BF000002008003FF8003FF80008080010080027
:101C0000200800200000300000300000000000002C
:101C100000000000000C78001E18003308002308A4
:101C20000021080021880021980030F00038600071
:101C3000000000000000200000200000200000FF45
:101C4000F003FFF800200800200800200800003002
:101C5000000000000000000000002000003FF00035
:101C60007FF8000018000008000008002010003F66
:101C7000F8007FF0000010000000000000002000CD
:101C8000003000003C00003F800023F0000078009E
:101C90000070002380003C00003000002000002085
:101CA00000003C00003FE00023F80000E0002700B7
:101CB000003E00003FE00021F80001E0003E00008F
:101CC0002000000000002008002008003838003EF6
:101CD000680027800003C8002CF80038380020185E
:101CE0000020080000000000000020000030030079
:101CF0003C01003F830023EC000070002380003C87
:101D00000000200000200000000000000000000093
:101D10000038080020380020F80023E8002F880051
:101D20003E08003808002018000070000000000085
:101D3000000000000000000000000000000008009B
:101D40000014001FF7FC3000062000020000000015
:101D50000000000000000000000000000000000083
:101D600000000000FFFFFF00000000000000000076
:101D70000000000000000000000000002000023011
:101D800000061FF7FC00140000080000000000001F
:101D9000000000000000000000000000001800002B
:101DA000600000400000400000200000100000081B
:101DB00000000400000400000C00001000002003DC
:101DC000000105000C0001004E04AD0104001300E9
:101DD00000004006D50002000D0000009D08AD0186
:101DE000040009000100800CD5000200060001007B
:101DF0003A110F01020006000000C01202010300A8
:101E00000300010074223C01020003000100802550
:101E10005801020003000100E844690102000200C9
:101E20000000004B89010200020000000F000000CA
:101E30000F000000FF0000000F0000000F00000076
:101E40000F00000000000000800C0000007800007F
:101E5000800700002000000020000000200000009B
:101E60000090010000000F0000F0000001030507D2
:101E7000090E10121416181C1E00000400020001A6
:101E80008000400020001000080004000200000054
:101E900000800040002000100008004000200010DA
:101EA0000008000400020000A42501080000000052
:101EB00000000000000000005C2501080000000098
:101EC0000000000000000000842501080000000060
:101ED00000000000000000008825010860250108BE
:101EE00078250108000000008C2501085025010814
:101EF000642501085425010880250108742501087E
:101F00006C250108682501087C25010800000000F7
:101F10000000000000000000610062006300640037
:101F2000650066006700680069006A006B006C006D
:101F30006D006E006F00700071007200730074001D
:101F4000750076007700780079007A00A100A20081
:101F5000A300A500AC00AF00E000E100E200E30058
:101F6000E400E500E600E700E800E900EA00EB0035
:101F7000EC00ED00EE00EF00F000F100F200F300E5
:101F8000F400F500F600F800F900FA00FB00FC0090
:101F9000FD00FE00FF000101030105010701090129
:101FA0000B010D010F011101130115011701190199
:101FB0001B011D011F012101230125012701290109
:101FC0002B012D012F0131013301350137013A0178
:101FD0003C013E01400142014401460148014B01E0
:101FE0004D014F01510153015501570159015B0149
:101FF0005D015F01610163016501670169016B01B9
:102000006D016F0171017301750177017A017C0126
:102010007E019201B103B203B303B403B503B60367
:10202000B703B803B903BA03BB03BC03BD03BE03C4
:10203000BF03C003C103C303C403C503C603C7036F
:10204000C803C903CA03300431043204330434041E
:10205000350436043704380439043A043B043C049C
:102060003D043E043F04400441044204430444044C
:10207000450446044704480449044A044B044C04FC
:102080004D044E044F0451045204530454045504A7
:1020900056045704580459045A045B045C045E0453
:1020A0005F047021712172217321742175217621C1
:1020B0007721782179217A217B217C217D217E2144
:1020C0007F2141FF42FF43FF44FF45FF46FF47FF9B
:1020D00048FF49FF4AFF4BFF4CFF4DFF4EFF4FFFAC
:1020E00050FF51FF52FF53FF54FF55FF56FF57FF5C
:1020F00058FF59FF5AFF00004100420043004400CE
:10210000450046004700480049004A004B004C008B
:102110004D004E004F00500051005200530054003B
:10212000550056005700580059005A002100E0FFA2
:10213000E1FFE5FFE2FFE3FFC000C100C200C30012
:10214000C400C500C600C700C800C900CA00CB0053
:10215000CC00CD00CE00CF00D000D100D200D30003
:10216000D400D500D600D800D900DA00DB00DC00AE
:10217000DD00DE0078010001020104010601080112
:102180000A010C010E0110011201140116011801BF
:102190001A011C011E01200122012401260128012F
:1021A0002A012C012E01300132013401360139019E
:1021B0003B013D013F0141014301450147014A0106
:1021C0004C014E01500152015401560158015A016F
:1021D0005C015E01600162016401660168016A01DF
:1021E0006C016E01700172017401760179017B014D
:1021F0007D01910191039203930394039503960348
:102200009703980399039A039B039C039D039E03E2
:102210009F03A003A103A303A403A503A603A7038D
:10222000A803A903AA03100411041204130414043C
:10223000150416041704180419041A041B041C04BA
:102240001D041E041F04200421042204230424046A
:10225000250426042704280429042A042B042C041A
:102260002D042E042F0401040204030404040504B5
:1022700006040704080409040A040B040C040E04F1
:102280000F0460216121622163216421652166219F
:102290006721682169216A216B216C216D216E21E2
:1022A0006F2121FF22FF23FF24FF25FF26FF27FFA9
:1022B00028FF29FF2AFF2BFF2CFF2DFF2EFF2FFFCA
:1022C00030FF31FF32FF33FF34FF35FF36FF37FF7A
:1022D00038FF39FF3AFF0000C0250108D825010862
:1022E000A825010890250108000000003031323394
:1022F000343536373839414243444546403058003A
:10230000303132333435363738396162636465666B
:1023100040307800040000080000000000000002C7
:1023200000010000100000003F0000006465630031
:102330006964000072756E74696D650068656C7023
:10234000000000006C69737400000000686578008C
:10235000753820574D383937385F526561645F52A0
:10236000656728753820726567290000766F696493
:1023700020574D383937385F33445F5365742875BB
:10238000382064657074682900000000766F696405
:102390002077726974655F616464722875333220D6
:1023A000616464722C7533322076616C2900000000
:1023B000766F696420574D383937385F57726974C2
:1023C000655F526567287538207265672C753820FF
:1023D00076616C2900000000766F696420574D38E3
:1023E0003937385F4551315F53657428753820633C
:1023F000667265712C7538206761696E290000006E
:10240000766F696420574D383937385F4551325FF0
:102410005365742875382063667265712C75382091
:102420006761696E29000000766F696420574D3836
:102430003937385F4551335F5365742875382063E9
:10244000667265712C7538206761696E290000001D
:10245000766F696420574D383937385F4551345F9E
:102460005365742875382063667265712C75382041
:102470006761696E29000000766F696420574D38E6
:102480003937385F4551355F536574287538206397
:10249000667265712C7538206761696E29000000CD
:1024A00075333220726561645F61646472287533CC
:1024B0003220616464722900766F696420574D3858
:1024C0003937385F45515F33445F44697228753846
:1024D0002064697229000000766F696420574D38C6
:1024E0003937385F4850766F6C5F5365742875389C
:1024F00020766F6C6C2C753820766F6C722900001A
:10250000766F69642064656C61795F6D73287531DD
:1025100036206E6D73290000766F69642064656CE7
:1025200061795F757328753332206E7573290000E9
:10253000766F696420574D383937385F53504B7682
:102540006F6C5F53657428753820766F6C7829003E
:102550004D503300464C4143000000004C524300B4
:102560004300000041504500474946004A50454756
:10257000000000004A504700480000004156490052
:10258000424D50004E455300545854005741560098
:102590002F53595354454D2F464F4E542F554E49A6
:1025A00047424B2E42494E002F53595354454D2F0D
:1025B000464F4E542F47424B31322E464F4E00006D
:1025C0002F53595354454D2F464F4E542F47424B8E
:1025D00032342E464F4E00002F53595354454D2F41
:1025E000464F4E542F47424B31362E464F4E000039
:1025F0001026010800000020A0020000C40100080D
:1026000010270108A0020020B0C30100200200082A
:1026100011847A030A200901020304060708091439
:10262000FFFF017B17EF18011732507A401D1AFF88
:1026300002292D4908142C012C490221F2321238AA
:102640003A0B141208120C129392E912031A100298
:10265000196F2B010205115A3902290CE129AA89A7
:10266000AE13E79614081D971408401632203268FE
:102670001D1040A6010C130F682AF053211E2823B9
:1026800001083C041A44041A30041A4C041A2C049D
:102690001A34041387A41F08A02401088D081A8C7B
:1026A000101B5D6A9B16250108CD691B08180813CD
:1026B00075651B08B01813B9661B085008133768F6
:1026C0001B08D8301A65081A30201A87081A6C18A7
:1026D0001A99081AB8182ABB2019101AED081119EE
:1026E000101A15481A28081A3D082A503819081ACD
:1026F00078081304011420DD9F140801A01B08AB07
:10270000041A0F801A0FDD01DD0218600314FFFFA9
:040000050800018965
:00000001FF
