:020000040800F2
:1000000080B30120C55F0008490600084B060008C0
:100010004F060008530600085706000800000000BD
:100020000000000000000000000000005B06000867
:100030005D060008000000005F0600086106000879
:10004000DF5F0008DF5F0008DF5F0008DF5F000898
:10005000DF5F0008DF5F0008DF5F0008DF5F000888
:10006000DF5F0008DF5F0008DF5F0008DF5F000878
:10007000DF5F0008DF5F0008DF5F0008DF5F000868
:10008000DF5F0008DF5F0008DF5F0008DF5F000858
:10009000DF5F0008DF5F0008DF5F0008DF5F000848
:1000A000DF5F0008DF5F0008DF5F0008DF5F000838
:1000B000DF5F0008DF5F0008DF5F0008DF5F000828
:1000C000DF5F0008DF5F0008DF5F0008DF5F000818
:1000D000DF5F00083B5F0008DF5F0008DF5F0008AC
:1000E000DF5F0008DF5F0008DF5F0008DF5F0008F8
:1000F000DF5F0008DF5F0008DF5F0008DF5F0008E8
:10010000DF5F0008B95B0008DF5F0008DF5F000801
:10011000DF5F0008DF5F0008DF5F0008DF5F0008C7
:10012000DF5F0008DF5F0008DF5F0008DF5F0008B7
:10013000DF5F0008DF5F0008DF5F0008DF5F0008A7
:10014000DF5F0008DF5F0008DF5F0008DF5F000897
:10015000DF5F0008DF5F0008DF5F0008DF5F000887
:10016000DF5F0008DF5F0008DF5F0008DF5F000877
:10017000DF5F0008DF5F0008DF5F0008DF5F000867
:10018000DF5F0008DF5F000800F002F800F044F8CD
:100190000AA090E8000C82448344AAF10107DA45E2
:1001A00001D100F039F8AFF2090EBAE80F0013F0F0
:1001B000010F18BFFB1A43F00103184750980000C5
:1001C00070980000103A24BF78C878C1FAD8520756
:1001D00024BF30C830C144BF04680C6070470000C1
:1001E0000023002400250026103A28BF78C1FBD840
:1001F000520728BF30C148BF0B607047642907F021
:100200001185782907F04A85002070471FB507F04F
:10021000E3FF1FBD10B510BD07F06EFE1146FFF7DE
:10022000F5FF00F049F807F08CFE03B4FFF7F2FF8A
:1002300003BC05F023FE000030BF72B6704762B603
:10024000704780F30888704710B5904890F85600C2
:1002500030B1012808D002280AD0032810D10BE0C1
:100260008BA007F09FFC0BE08FA007F09BFC07E042
:1002700093A007F097FC03E097A007F093FC00BF62
:1002800000BF824890F82C1099A007F08BFC7F48A3
:10029000B0F854109DA007F085FC7C48D0E91220EE
:1002A000030343EA12519DA007F07CFC7748016DDF
:1002B000A0A007F077FC10BD1CB500274FF4A0608C
:1002C00005F0A0FEA82005F057FD4FF4E13005F041
:1002D000E2FD00F0CFFA00F05EFF03F01DFE00200B
:1002E00007F05FFB022007F05CFB4FF47840974972
:1002F000088097A010210B46C822CDE900103221BA
:100300001E2003F0CAFD97A010210B46C822CDE99C
:10031000001046211E2003F0C0FD96A010210B46C0
:10032000C822CDE900105A211E2003F0B6FD95A089
:1003300010210B46C822CDE900106E211E2003F0CB
:10034000ACFD93A010210B46C822CDE900108221FC
:100350001E2003F0A2FD23E092A010210B46C8222C
:10036000CDE9001096211E2003F097FD4FF4FA709E
:1003700005F064FD8FA010210B46C822CDE90010C6
:1003800096211E2003F089FD4FF4FA7005F056FD0A
:100390008C48006808B9012000E000208949086005
:1003A00004F0DEFB0028D7D1FFF74EFF1F2067497E
:1003B000088085A010210B46C822CDE900109621A7
:1003C0001E2003F06AFD84A010210B46C822CDE94F
:1003D0000010AA211E2003F060FD102000902B4881
:1003E000D0E91210030343EA11520523AA21862003
:1003F00003F0AAFC49E0002003F0ACFD0546012D06
:1004000033D14102002007F08EFB04460122002177
:10041000204605F007FC002823D175A010210B46CB
:10042000C822CDE90010BE211E2003F036FD76A0C3
:1004300007F0B8FB002604E0A15D78A007F0B2FB4E
:10044000761CB6F5007FF7D375A007F0ABFB78A05C
:1004500010210B46C822CDE90010BE211E2003F05A
:100460001CFD2146002007F04EFB781CC7B20A2075
:1004700005F0E4FC142F08D15248006808B90120A7
:1004800000E000204F4908600027B4E7E8000020A2
:100490004361726420547970653A53445343205643
:1004A000312E310D0A0000004361726420547970CE
:1004B000653A534453432056322E300D0A00000053
:1004C0004361726420547970653A5344484320561E
:1004D000322E300D0A00000043617264205479709E
:1004E000653A4D4D4320436172640D0A00000000DF
:1004F00043617264204D616E7566616374757265E7
:100500007249443A25640D0A000000004361726498
:10051000205243413A25640D0A0000004361726491
:100520002043617061636974793A2564204D420DFE
:100530000A0000004361726420426C6F636B536970
:100540007A653A25640D0A0D0A00000014000020A7
:100550004578706C6F7265722053544D3332463457
:10056000000000005344204341524420544553545A
:100570000000000041544F4D40414C49454E544508
:100580004B000000323031342F352F313500000060
:100590004B4559303A5265616420536563746F72FC
:1005A0002030000053442043617264204572726F12
:1005B00072210000506C6561736520436865636B50
:1005C00021200000A48242425344204361726420EF
:1005D0004F4B2020202000005344204361726420B0
:1005E00053697A653A20202020204D420000000007
:1005F0005553415254312053656E64696E672044EF
:100600006174612E2E2E0000534543544F5220300A
:1006100020444154413A0D0A000000002578200092
:100620000D0A4441544120454E4445440D0A000002
:100630005553415254312053656E642044617461B6
:10064000204F766572210000704700BFFEE700BFB3
:10065000FEE700BFFEE700BFFEE770477047704748
:10066000704700000CB500200190009076480068AB
:1006700040F480307449086000BF7348006800F49B
:10068000003000900198401C0190009818B9019822
:10069000B0F5A04FF1D16C48006800F4003010B103
:1006A0000120009001E0002000900098012846D130
:1006B00065484030006840F0805063494031086030
:1006C0006248006840F44040604908605E48083075
:1006D00000685D49083108600846006840F4004041
:1006E00008600846006840F4A05008605848091F98
:1006F0000860081F006840F08070091F086000BF94
:100700005148006800F000700028F9D040F20570F0
:10071000504908604C480830006820F003004A49FE
:10072000083108600846006840F00200086000BF19
:1007300045480830006800F00C000828F8D10CBDCE
:1007400010B54548006840F47000434908603E48D1
:10075000006840F001003C49086000203A49083137
:100760000860394800683D490840374908603C48FE
:10077000091D0860081F006820F48020091F086018
:10078000002031490C310860FFF76CFF4FF000602A
:1007900031498039086010BD70B500200022022365
:1007A00000240221284D08352D6805F00C0020B1E9
:1007B000042806D0082834D107E02A4D2A4E356097
:1007C00033E02A4D284E35602FE01F4D2D1D2D683A
:1007D000C5F380541C4D2D1D2D6805F03F0154B10B
:1007E000224DB5FBF1F5184E361D3668C6F3881656
:1007F00005FB06F209E01B4DB5FBF1F5124E361D67
:100800003668C6F3881605FB06F20F4D2D1D2D68C0
:10081000C5F301456D1C6B00B2FBF3F5124E35605C
:1008200003E0104D104E356000BF00BF064D083587
:100830002D68C5F303150E4E705D0B4D2D68C54038
:10084000094E356070BD0000003802400070004065
:1008500008544007003C024088ED00E0FFFFF6FE30
:10086000103000240024F4000000002000127A0060
:10087000040000201CB50121202006F03BFA4FF4B3
:10088000C060009001208DF8040000208DF8060063
:1008900003208DF8050001208DF807006946044803
:1008A00005F08AFF4FF4C061014806F001F81CBD55
:1008B0000014024001B5BDF800000090BDF8000032
:1008C000FE49088008BD01B5BDF800000090BDF8E4
:1008D0000000FA49891C088008BD08B5F748801C4B
:1008E00000880090BDF8000008BDF44A10804FF069
:1008F000D842A2F88010704710B504462046FFF792
:10090000D9FF052005F052FAFFF7E7FF10BDEC48CC
:100910000089EA4908807047E849891C08807047C7
:1009200030B5014601F01F04C1F34513CA0AE502C0
:1009300005EB43151544A8B230BD00BF011EA0F160
:100940000102D0B2FAD1704710B502460C46DC481D
:10095000808841F66311884247D1D9488079A8B987
:10096000D7480088401E801A82B2D5494889FFF7CF
:10097000A1FF0020FFF7A7FF0020FFF7A4FF101240
:10098000FFF7A1FFD0B2FFF79EFF16E0CC494889E0
:10099000FFF790FF1012FFF796FFD0B2FFF793FF1B
:1009A000C7490988491EC1F30F20FFF78CFFC449CE
:1009B0000978491EC8B2FFF786FFC1498889FFF749
:1009C00079FF2012FFF77FFFE0B2FFF77CFFBC4901
:1009D0004988491EC1F30F20FFF775FFB849897890
:1009E000491EC8B2FFF76FFF3AE0B548808845F26C
:1009F0001051884220D1B2494889FFF75BFF10129D
:100A0000FFF761FFAE494989491C88B2FFF752FFE1
:100A1000D0B2FFF758FFAA498889FFF74BFF201291
:100A2000FFF751FFA6498989491C88B2FFF742FFA9
:100A3000E0B2FFF748FF13E0A1494889FFF73AFF0A
:100A40001012FFF740FFD0B2FFF73DFF9C498889A5
:100A5000FFF730FF2012FFF736FFE0B2FFF733FF5A
:100A600010BD2DE9F04105460E4600240027A046A2
:100A700093480088A84203DD91484088B04202DCD8
:100A80000020BDE8F08131462846FFF75DFF8C4825
:100A9000808845F21051884204D14FF43850FFF756
:100AA00009FF02E02E20FFF705FFFFF716FF0446BF
:100AB0008348808841F66311884201D12046E0E7EF
:100AC000FFF70BFF0446FFF708FF8046E7B24FF63B
:100AD000FF7000EA0727E012C002B91240EA411095
:100AE00040EAE820CDE700B57548808845F210510E
:100AF000884204D14FF42450FFF7DCFE02E02920A5
:100B0000FFF7D8FE00BD00B56D48808845F2105152
:100B1000884204D14FF42050FFF7CCFE02E0282099
:100B2000FFF7C8FE00BDF0B5054600240027644865
:100B30008079012805D16248808841F66311884296
:100B400008D15F488079F0B95D48808841F663112B
:100B5000884218D1082D15D2DFE805F00406080AEE
:100B60000C0E101206250DE007250BE0042509E008
:100B7000052507E0012505E0002503E0032501E048
:100B8000022500BF00BF082D1CD2DFE805F00406D7
:100B9000090C0F12151800BF14E044F0800411E096
:100BA00044F040040EE044F0C0040BE044F02004A4
:100BB00008E044F0600405E044F0A00402E044F0E2
:100BC000E00400BF00BF3E48808845F210518842D3
:100BD00002D14FF4585700E036273948808849F24F
:100BE0004131884205D03648808847F28971884271
:100BF00001D144F0080421463846FFF776FE30481C
:100C0000808841F6631188421DD004F0200068B14D
:100C10002B4800882A494988884214DA28480688DF
:100C2000408827490880084646800CE02448008810
:100C300023494988884206DD2148068840882049A2
:100C40000880084646801E48808845F21051884238
:100C500057D11B494889FFF72DFE0020FFF733FECF
:100C600017494989491C88B2FFF724FE0020FFF785
:100C70002AFE13494989891C88B2FFF71BFE1049D7
:100C80000988491EC1F30F20FFF71DFE0C49498951
:100C9000C91C88B2FFF70EFE09490978491EC8B27F
:100CA000FFF711FE06498889FFF704FE0020FFF7D1
:100CB0000AFE03498989491C88B203E07E00006C62
:100CC0006C000020FFF7F6FD0020FFF7FCFDFE4959
:100CD0008989891C88B2FFF7EDFDFB494988491EC7
:100CE000C1F30F20FFF7EFFDF7498989C91C88B2CE
:100CF000FFF7E0FDF4498978491EC8B2FFF7E3FD2C
:100D00002DE0F1494889FFF7D5FD0020FFF7DBFD15
:100D10000020FFF7D8FDEC490988491EC1F30F20D8
:100D2000FFF7D1FDE8490978491EC8B2FFF7CBFDAE
:100D3000E5498889FFF7BEFD0020FFF7C4FD0020CC
:100D4000FFF7C1FDE0494988491EC1F30F20FFF7B5
:100D5000BAFDDD498978491EC8B2FFF7B4FDF0BD80
:100D600030B504460D4629462046FFF7EDFDFFF756
:100D7000CEFDD6480088D649088030BD30B504463F
:100D80000D46D148808845F21051884220D1CE4985
:100D90004889FFF78FFD2012FFF795FDCA49498961
:100DA000491C88B2FFF786FDE0B2FFF78CFDC6490B
:100DB0008889FFF77FFD2812FFF785FDC2498989E1
:100DC000491C88B2FFF776FDE8B2FFF77CFD42E0F0
:100DD000BD48808841F66311884228D1BA4880799D
:100DE00020B9B9480088401E001B84B2B649488922
:100DF000FFF760FD2012FFF766FDE0B2FFF763FD2D
:100E00002012FFF760FDE0B2FFF75DFDAE49888973
:100E1000FFF750FD2812FFF756FDE8B2FFF753FD2C
:100E20002812FFF750FDE8B2FFF74DFD13E0A64989
:100E30004889FFF73FFD2012FFF745FDE0B2FFF7BD
:100E400042FDA1498889FFF735FD2812FFF73BFDD8
:100E5000E8B2FFF738FD9C4800899D49891E08804B
:100E60004FF0D840A0F8802030BD70B52DED048B38
:100E70000446BE20FFF71EFD0520FFF724FD204697
:100E800007F099F841EC190B9FED920B53EC102BE6
:100E900007F0A4F841EC180B07F060F885B228467B
:100EA000FFF711FD0120FFF70EFDFF20FFF70BFDFF
:100EB0000020FFF708FD0020FFF705FDBDEC048BC7
:100EC00070BD10B5044680488471002C45D1F020D7
:100ED0007D4908804FF4A07048800846808845F21C
:100EE0001051884210D14FF43050774908814FF4A7
:100EF000285048814FF42C5088814FF4F0700880BE
:100F00004FF4487048801AE06F48808841F66311BA
:100F100088420DD12C206C4908812B2048812A2041
:100F200088814FF4F07008804FF44870488006E0E4
:100F30002C20654908812A2048812B20888162481D
:100F4000808845F2103188424CD14FF4A0705E4940
:100F500008804FF4F070488044E04FF4A0705A4984
:100F60000880F02048800846808845F21051884269
:100F700010D14FF43050544908814FF42850488123
:100F80004FF42C5088814FF4487008804FF4F07073
:100F900048801AE04C48808841F6631188420DD1A0
:100FA0002C20494908812A2048812B2088814FF430
:100FB000487008804FF4F070488006E02C204249C9
:100FC00008812A2048812B2088813F48808845F26B
:100FD0001031884206D14FF4F0703B4908804FF43D
:100FE000A07048800020FFF79EFD10BD2DE9F04164
:100FF00004460D461E46A018401E87B2A819401E82
:101000001FFA80F83048808841F66311884231D158
:101010002D48807901282DD02B480088801A001B8C
:1010200084B2A819401E86B227494889FFF742FCBE
:101030002012FFF748FCE0B2FFF745FCA118491E5B
:10104000C1F30F20FFF73FFCA118491EC8B2FFF7FC
:101050003AFC1D498889FFF72DFC2812FFF733FC65
:10106000E8B2FFF730FC3012FFF72DFCF0B2FFF7CB
:101070002AFC79E01448808845F21051884251D109
:1010800011494889FFF716FC2012FFF71CFC0E4996
:101090004989491C88B2FFF70DFCE0B2FFF713FC49
:1010A00009494989891C88B2FFF704FC3812FFF707
:1010B0000AFC05494989C91C88B2FFF7FBFBF8B255
:1010C000FFF701FC004909E06C000020140000203B
:1010D0008000006C66666666666604408889FFF775
:1010E000E9FB2812FFF7EFFBFD498989491C88B20B
:1010F000FFF7E0FBE8B2FFF7E6FBF9498989891CB5
:1011000088B2FFF7D7FB4FEA2820FFF7DCFBF44952
:101110008989C91C88B2FFF7CDFB08F0FF00FFF7F3
:10112000D2FB21E0EE494889FFF7C4FB2012FFF70C
:10113000CAFBE0B2FFF7C7FB3812FFF7C4FBF8B2F7
:10114000FFF7C1FBE6498889FFF7B4FB2812FFF7D8
:10115000BAFBE8B2FFF7B7FB4FEA2820FFF7B3FB73
:1011600008F0FF00FFF7AFFBBDE8F08170B5044663
:101170000026DB4805884088454300210846FFF7E4
:10118000E3FBFFF7C4FB00BF02E0D6480480761CF7
:10119000AE42FAD370BD00B5A1B00020209001216D
:1011A0007A2005F0A7FD0121084605F0DBFD4FF48C
:1011B00000401E9001208DF87C0000208DF87E00FC
:1011C00002208DF87D0001208DF87F001EA9C64801
:1011D00005F0F2FA4CF233701E9002208DF87C007C
:1011E00000208DF87E0003208DF87D0001208DF811
:1011F0007F001EA9BD4805F0DFFA4FF680701E90F3
:1012000002208DF87C0000208DF87E0003208DF8F0
:101210007D0001208DF87F001EA9B54805F0CCFAAD
:101220004FF480501E9002208DF87C0000208DF835
:101230007E0003208DF87D0001208DF87F001EA91F
:10124000AC4805F0B9FA4FF480501E9002208DF89A
:101250007C0000208DF87E0003208DF87D000120A9
:101260008DF87F001EA9A44805F0A6FA0C220021E3
:101270009E4805F02CFB0C2201219C4805F027FB21
:101280000C220421994805F022FB0C2205219748E5
:1012900005F01DFB0C220821944805F018FB0C22D8
:1012A0000921924805F013FB0C220A218F4805F012
:1012B0000EFB0C220E218D4805F009FB0C220F219C
:1012C0008A4805F004FB0C220721894805F0FFFA43
:1012D0000C220821864805F0FAFA0C2209218448DC
:1012E00005F0F5FA0C220A21814805F0F0FA0C22EB
:1012F0000B217F4805F0EBFA0C2211467C4805F0E3
:10130000E6FA0C220D217A4805F0E1FA0C220E21B2
:10131000774805F0DCFA0C220F21754805F0D7FA62
:101320000C221146734805F0D2FA0C22114672487D
:1013300005F0CDFA0F200890002009903C200A907B
:1013400000200B900C900D900E9009200190002031
:1013500002900820039000200490059006900790CA
:1013600006200F9000201090119010201290002065
:10137000139015901490169017904FF48050189079
:10138000002019904FF480401A9000201B9008A86C
:101390001C9001A81D900FA804F0BFFE012106209B
:1013A00004F046FF322004F049FDD320FFF782FA13
:1013B000FFF793FA4A498880FFF78FFA48498880F7
:1013C000FFF78BFA46498880084680884FF6FF7100
:1013D00001EA002042498880FFF77FFA4049898866
:1013E00008433F4988800846808849F24131884255
:1013F00075D00420FFF75EFAFFF76FFA384988804E
:10140000FFF76BFA36498880FFF767FA344988801E
:10141000084680884FF6FF7101EA00203049888035
:10142000FFF75BFA2E49898808432D4988800846D2
:10143000808848F25251884203D147F28970284986
:1014400088802748808847F289718842D0D0D4208C
:10145000FFF730FAFFF741FA21498880FFF73DFA9C
:101460001F498880FFF739FA1D498880084680881F
:101470004FF6FF7101EA002019498880FFF72DFA25
:10148000174989880843164988800846808845F2AC
:101490001031884279D055214FF47040FFF725FA7A
:1014A000AA214FF20100FFF720FA52214FF2020069
:1014B000FFF71BFA08214FF20300FFF716FA01218C
:1014C0004FF20400FFF711FA4FF44540FFF7F2F92D
:1014D000FFF703FA02498880084680880EE054E04E
:1014E0006C0000208000006C00040240000C0240F0
:1014F0000010024000140240001802404FF6FF7135
:1015000001EA0020FE4988804CF20150FFF7D2F931
:10151000FFF7E3F9FA4989880843F94988800520EB
:1015200004F08CFCF6488088B0F5004F03D145F2FA
:101530001050F3498880F248808845F21051884263
:1015400023D0A120FFF7B6F9FFF7C7F9EC4988804F
:10155000FFF7C3F9EA498880084680884FF6FF7193
:1015600001EA0020E6498880FFF7B7F9E449898855
:101570000843E34988800846808845F261718842C3
:1015800003D141F66310DE498880DD48808849F246
:101590004131884217D0DA48808847F28971884201
:1015A00011D0D748808845F2103188420BD0D448FA
:1015B000808845F21051884205D0D148808841F694
:1015C000631188422CD1CF48006820F00F004FF003
:1015D0002041C1F81C010846D0F81C0120F47060BD
:1015E000C1F81C010846D0F81C0140F00300C1F806
:1015F0001C01C348808847F28971884208D1C148DC
:10160000006840F440704FF02041C1F81C0107E031
:10161000BC48006840F400704FF02041C1F81C0144
:10162000B7488188B8A006F0BDFAB548808849F26D
:10163000413188427ED1CF20FFF73CF90020FFF7EF
:1016400042F9C120FFF73FF93020FFF73CF9ED20C8
:10165000FFF730F96420FFF736F90320FFF733F97D
:101660001220FFF730F98120FFF72DF9E820FFF76E
:1016700021F98520FFF727F91020FFF724F97A20B8
:10168000FFF721F9CB20FFF715F93920FFF71BF9F8
:101690002C20FFF718F90020FFF715F93420FFF789
:1016A00012F90220FFF70FF9F720FFF703F92020C6
:1016B000FFF709F9EA20FFF7FDF80020FFF703F92B
:1016C0000020FFF700F9C020FFF7F4F81B20FFF718
:1016D000FAF8C120FFF7EEF80120FFF7F4F8C52073
:1016E000FFF7E8F83020FFF7EEF83020FFF7EBF8CF
:1016F000C720FFF7DFF8B720FFF7E5F83620FFF740
:10170000D9F84820FFF7DFF83A20FFF7D3F8552043
:10171000FFF7D9F8B120FFF7CDF80020FFF7D3F895
:101720001A20FFF7D0F8B620FFF7C4F80A20FFF719
:10173000CAF800E097E0A220FFF7C5F8F220FFF713
:10174000B9F80020FFF7BFF82620FFF7B3F8012013
:10175000FFF7B9F8E020FFF7ADF80F20FFF7B3F877
:101760002A20FFF7B0F82820FFF7ADF80820FFF790
:10177000AAF80E20FFF7A7F80820FFF7A4F85420D6
:10178000FFF7A1F8A920FFF79EF84320FFF79BF889
:101790000A20FFF798F80F20FFF795F80020FFF7D1
:1017A00092F80020FFF78FF80020FFF78CF8002058
:1017B000FFF789F8E120FFF77DF80020FFF783F8B5
:1017C0001520FFF780F81720FFF77DF80720FFF7B7
:1017D0007AF81120FFF777F80620FFF774F82B202E
:1017E000FFF771F85620FFF76EF83C20FFF76BF813
:1017F0000520FFF768F81020FFF765F80F20FFF7C6
:1018000062F83F20FFF75FF83F20FFF75CF80F20FA
:10181000FFF759F82B20FFF74DF80020FFF753F89A
:101820000020FFF750F80120FFF74DF83F20FFF7A9
:101830004AF82A20FFF73EF80020FFF744F800207E
:10184000FFF741F80020FFF73EF8EF20FFF73BF8E5
:101850001120FFF72FF8782004F0F0FA2920FFF785
:1018600029F802F0B3B82648808847F28971884287
:101870007DD11120FFF71EF8782004F0DFFA362022
:10188000FFF718F80020FFF71EF83A20FFF712F8CC
:101890000520FFF718F8B220FFF70CF80C20FFF72F
:1018A00012F80C20FFF70FF80020FFF70CF8332098
:1018B000FFF709F83320FFF706F8B720FEF7FAFF25
:1018C0003520FFF700F8BB20FEF7F4FF3220FEF7CB
:1018D000FAFFC020FEF7EEFF0C20FEF7F4FFC22057
:1018E000FEF7E8FF0120FEF7EEFFC320FEF7E2FF60
:1018F0001020FEF7E8FFC420FEF7DCFF20200BE0FD
:101900006C0000201C0100A0204C43442049443AB4
:1019100025780D0A00000000FEF7D5FFC620FEF76F
:10192000C9FF0F20FEF7CFFFD020FEF7C3FFA42092
:10193000FEF7C9FFA120FEF7C6FFE020FEF7BAFFC1
:10194000D020FEF7C0FF0020FEF7BDFF0220FEF70B
:10195000BAFF0720FEF7B7FF0A20FEF7B4FF2820E2
:10196000FEF7B1FF3220FEF7AEFF442000E062E058
:10197000FEF7A9FF4220FEF7A6FF0620FEF7A3FF11
:101980000E20FEF7A0FF1220FEF79DFF1420FEF7A9
:101990009AFF1720FEF797FFE120FEF78BFFD0207C
:1019A000FEF791FF0020FEF78EFF0220FEF78BFF6F
:1019B0000720FEF788FF0A20FEF785FF2820FEF7A4
:1019C00082FF3120FEF77FFF5420FEF77CFF472087
:1019D000FEF779FF0E20FEF776FF1C20FEF773FF5F
:1019E0001720FEF770FF1B20FEF76DFF1E20FEF78D
:1019F0006AFF2A20FEF75EFF0020FEF764FF00204A
:101A0000FEF761FF0020FEF75EFFEF20FEF75BFFB1
:101A10002B20FEF74FFF0020FEF755FF0020FEF7BA
:101A200052FF0120FEF74FFF3F20FEF74CFF292019
:101A3000FEF740FF15E7FE48808845F210318842E6
:101A400040F07C87ED20FEF735FF0120FEF73BFFDD
:101A5000FE20FEF738FFEE20FEF72CFFDE20FEF71B
:101A600032FF2120FEF72FFFF120FEF723FF012098
:101A7000FEF729FFDF20FEF71DFF1020FEF723FFF2
:101A8000C420FEF717FF8F20FEF71DFFC620FEF7CC
:101A900011FF0020FEF717FFE220FEF714FFE220FF
:101AA000FEF711FFE220FEF70EFFBF20FEF702FF58
:101AB000AA20FEF708FFB020FEF7FCFE0D20FEF77F
:101AC00002FF0020FEF7FFFE0D20FEF7FCFE0020C7
:101AD000FEF7F9FE1120FEF7F6FE0020FEF7F3FEFA
:101AE0001920FEF7F0FE0020FEF7EDFE2120FEF7A4
:101AF000EAFE0020FEF7E7FE2D20FEF7E4FE0020C0
:101B0000FEF7E1FE3D20FEF7DEFE0020FEF7DBFEE5
:101B10005D20FEF7D8FE0020FEF7D5FE5D20FEF723
:101B2000D2FE0020FEF7CFFEB120FEF7C3FE8020DC
:101B3000FEF7C9FE0020FEF7C6FE8B20FEF7C3FEAF
:101B40000020FEF7C0FE9620FEF7BDFE0020FEF747
:101B5000BAFEB220FEF7AEFE0020FEF7B4FE002073
:101B6000FEF7B1FE0220FEF7AEFE0020FEF7ABFE50
:101B70000320FEF7A8FE0020FEF7A5FEB320FEF727
:101B800099FE0020FEF79FFE0020FEF79CFE00203D
:101B9000FEF799FE0020FEF796FE0020FEF793FE6A
:101BA0000020FEF790FE0020FEF78DFE0020FEF7DD
:101BB0008AFE0020FEF787FE0020FEF784FE00204C
:101BC000FEF781FE0020FEF77EFE0020FEF77BFE82
:101BD0000020FEF778FE0020FEF775FE0020FEF7DD
:101BE00072FE0020FEF76FFE0020FEF76CFE002064
:101BF000FEF769FE0020FEF766FE0020FEF763FE9A
:101C00000020FEF760FE0020FEF75DFE0020FEF7DC
:101C10005AFEB420FEF74EFE8B20FEF754FE002045
:101C2000FEF751FE9620FEF74EFE0020FEF74BFE1B
:101C3000A120FEF748FE0020FEF745FEB520FEF786
:101C400039FE0220FEF73FFE0020FEF73CFE032097
:101C5000FEF739FE0020FEF736FE0420FEF733FEC5
:101C60000020FEF730FEB620FEF724FE0020FEF72F
:101C70002AFE0020FEF727FEB720FEF71BFE0020FD
:101C8000FEF721FE0020FEF71EFE3F20FEF71BFEA2
:101C90000020FEF718FE5E20FEF715FE0020FEF77E
:101CA00012FE6420FEF70FFE0020FEF70CFE8C20D3
:101CB000FEF709FE0020FEF706FEAC20FEF703FE4D
:101CC0000020FEF700FEDC20FEF7FDFD0020FEF701
:101CD000FAFD7020FEF7F7FD0020FEF7F4FD9020DE
:101CE000FEF7F1FD0020FEF7EEFDEB20FEF7EBFD29
:101CF0000020FEF7E8FDDC20FEF7E5FD0020FEF702
:101D0000E2FDB820FEF7D6FD0020FEF7DCFD002046
:101D1000FEF7D9FD0020FEF7D6FD0020FEF7D3FD2B
:101D20000020FEF7D0FD0020FEF7CDFD0020FEF7DD
:101D3000CAFD0020FEF7C7FDBA20FEF7BBFD242038
:101D4000FEF7C1FD0020FEF7BEFD0020FEF7BBFD43
:101D50000020FEF7B8FDC120FEF7ACFD2020FEF705
:101D6000B2FD0020FEF7AFFD5420FEF7ACFD0020D1
:101D7000FEF7A9FDFF20FEF7A6FD0020FEF7A3FD5C
:101D8000C220FEF797FD0A20FEF79DFD0020FEF71A
:101D90009AFD0420FEF797FD0020FEF794FDC32076
:101DA000FEF788FD3C20FEF78EFD0020FEF78BFD40
:101DB0003A20FEF788FD0020FEF785FD3920FEF76A
:101DC00082FD0020FEF77FFD3720FEF77CFD00201E
:101DD000FEF779FD3C20FEF776FD0020FEF773FD4F
:101DE0003620FEF770FD0020FEF76DFD3220FEF775
:101DF0006AFD0020FEF767FD2F20FEF764FD00203E
:101E0000FEF761FD2C20FEF75EFD0020FEF75BFD76
:101E10002920FEF758FD0020FEF755FD2620FEF78D
:101E200052FD0020FEF74FFD2420FEF74CFD01E09F
:101E30006C0000200020FEF746FD2420FEF743FD45
:101E40000020FEF740FD2320FEF73DFD0020FEF7B9
:101E50003AFD3C20FEF737FD0020FEF734FD36202A
:101E6000FEF731FD0020FEF72EFD3220FEF72BFDA0
:101E70000020FEF728FD2F20FEF725FD0020FEF7AD
:101E800022FD2C20FEF71FFD0020FEF71CFD29205F
:101E9000FEF719FD0020FEF716FD2620FEF713FDC4
:101EA0000020FEF710FD2420FEF70DFD0020FEF7B8
:101EB0000AFD2420FEF707FD0020FEF704FD232085
:101EC000FEF701FD0020FEF7FEFCC420FEF7F2FC49
:101ED0006220FEF7F8FC0020FEF7F5FC0520FEF777
:101EE000F2FC0020FEF7EFFC8420FEF7ECFC002063
:101EF000FEF7E9FCF020FEF7E6FC0020FEF7E3FC2D
:101F00001820FEF7E0FC0020FEF7DDFCA420FEF721
:101F1000DAFC0020FEF7D7FC1820FEF7D4FC0020E6
:101F2000FEF7D1FC5020FEF7CEFC0020FEF7CBFCE4
:101F30000C20FEF7C8FC0020FEF7C5FC1720FEF7BA
:101F4000C2FC0020FEF7BFFC9520FEF7BCFC002081
:101F5000FEF7B9FCF320FEF7B6FC0020FEF7B3FC59
:101F6000E620FEF7B0FC0020FEF7ADFCC520FEF732
:101F7000A1FC3220FEF7A7FC0020FEF7A4FC4420C1
:101F8000FEF7A1FC0020FEF79EFC6520FEF79BFCFF
:101F90000020FEF798FC7620FEF795FC0020FEF767
:101FA00092FC8820FEF78FFC0020FEF78CFCC620F8
:101FB000FEF780FC2020FEF786FC0020FEF783FC65
:101FC0001720FEF780FC0020FEF77DFC0120FEF7C5
:101FD0007AFC0020FEF777FCC720FEF76BFC0020A0
:101FE000FEF771FC0020FEF76EFC0020FEF76BFC94
:101FF0000020FEF768FCC820FEF75CFC0020FEF71E
:1020000062FC0020FEF75FFC0020FEF75CFC002075
:10201000FEF759FCC920FEF74DFC0020FEF753FCEB
:102020000020FEF750FC0020FEF74DFC0020FEF7DC
:102030004AFC0020FEF747FC0020FEF744FC00208D
:10204000FEF741FC0020FEF73EFC0020FEF73BFCC3
:102050000020FEF738FC0020FEF735FC0020FEF7DC
:1020600032FC0020FEF72FFC0020FEF72CFC0020A5
:10207000FEF729FC0020FEF726FCE020FEF71AFC04
:102080001620FEF720FC0020FEF71DFC1C20FEF7AA
:102090001AFC0020FEF717FC2120FEF714FC00209C
:1020A000FEF711FC3620FEF70EFC0020FEF70BFCBD
:1020B0004620FEF708FC0020FEF705FC5220FEF744
:1020C00002FC0020FEF7FFFB6420FEF7FCFB002073
:1020D000FEF7F9FB7A20FEF7F6FB0020FEF7F3FB94
:1020E0008B20FEF7F0FB0020FEF7EDFB9920FEF7BA
:1020F000EAFB0020FEF7E7FBA820FEF7E4FB002048
:10210000FEF7E1FBB920FEF7DEFB0020FEF7DBFB6C
:10211000C420FEF7D8FB0020FEF7D5FBCA20FEF74F
:10212000D2FB0020FEF7CFFBD220FEF7CCFB002035
:10213000FEF7C9FBD920FEF7C6FB0020FEF7C3FB64
:10214000E020FEF7C0FB0020FEF7BDFBF320FEF70A
:10215000BAFB0020FEF7B7FBE120FEF7ABFB162031
:10216000FEF7B1FB0020FEF7AEFB1C20FEF7ABFB39
:102170000020FEF7A8FB2220FEF7A5FB0020FEF7BB
:10218000A2FB3620FEF79FFB0020FEF79CFB4520BC
:10219000FEF799FB0020FEF796FB5220FEF793FB1B
:1021A0000020FEF790FB6420FEF78DFB0020FEF779
:1021B0008AFB7A20FEF787FB0020FEF784FB8B204A
:1021C000FEF781FB0020FEF77EFB9920FEF77BFBEC
:1021D0000020FEF778FBA820FEF775FB0020FEF735
:1021E00072FBB920FEF76FFB0020FEF76CFBC420EA
:1021F000FEF769FB0020FEF766FBCA20FEF763FBD3
:102200000020FEF760FBD220FEF75DFB0020FEF70A
:102210005AFBD820FEF757FB0020FEF754FBE020C6
:10222000FEF751FB0020FEF74EFBF320FEF74BFBC1
:102230000020FEF748FBE220FEF73CFB0520FEF7FE
:1022400042FB0020FEF73FFB0B20FEF73CFB00208B
:10225000FEF739FB1B20FEF736FB0020FEF733FBB1
:102260003420FEF730FB0020FEF72DFB4420FEF764
:102270002AFB0020FEF727FB4F20FEF724FB00205F
:10228000FEF721FB6120FEF71EFB0020FEF71BFB83
:102290007920FEF718FB0020FEF715FB8820FEF7DB
:1022A00012FB0020FEF70FFB9720FEF70CFB00202F
:1022B000FEF709FBA620FEF706FB0020FEF703FB56
:1022C000B720FEF700FB0020FEF7FDFAC220FEF764
:1022D000FAFA0020FEF7F7FAC720FEF7F4FA00201A
:1022E000FEF7F1FAD120FEF7EEFA0020FEF7EBFA46
:1022F000D620FEF7E8FA0020FEF7E5FADD20FEF72B
:10230000E2FA0020FEF7DFFAF320FEF7DCFA002005
:10231000FEF7D9FAE320FEF7CDFA0520FEF7D3FA4F
:102320000020FEF7D0FA0A20FEF7CDFA0020FEF7D3
:10233000CAFA1C20FEF7C7FA0020FEF7C4FA3320C1
:10234000FEF7C1FA0020FEF7BEFA4420FEF7BBFA02
:102350000020FEF7B8FA5020FEF7B5FA0020FEF78D
:10236000B2FA6220FEF7AFFA0020FEF7ACFA78204E
:10237000FEF7A9FA0020FEF7A6FA8820FEF7A3FAD6
:102380000020FEF7A0FA9720FEF79DFA0020FEF746
:102390009AFAA620FEF797FA0020FEF794FAB720E3
:1023A000FEF791FA0020FEF78EFAC220FEF78BFAB4
:1023B0000020FEF788FAC720FEF785FA0020FEF716
:1023C00082FAD120FEF77FFA0020FEF77CFAD520B2
:1023D000FEF779FA0020FEF776FADD20FEF773FAB1
:1023E0000020FEF770FAF320FEF76DFA0020FEF7EA
:1023F0006AFAE420FEF75EFA0120FEF764FA002094
:10240000FEF761FA0120FEF75EFA0020FEF75BFAA4
:102410000220FEF758FA0020FEF755FA2A20FEF7B0
:1024200052FA0020FEF74FFA3C20FEF74CFA00204B
:10243000FEF749FA4B20FEF746FA0020FEF743FA72
:102440005D20FEF740FA0020FEF73DFA7420FEF70B
:102450003AFA0020FEF737FA8420FEF734FA00201B
:10246000FEF731FA9320FEF72EFA0020FEF72BFA42
:10247000A220FEF728FA0020FEF725FAB320FEF787
:1024800022FA0020FEF71FFABE20FEF71CFA0020F9
:10249000FEF719FAC420FEF716FA0020FEF713FA29
:1024A000CD20FEF710FA0020FEF70DFAD320FEF73C
:1024B0000AFA0020FEF707FADD20FEF704FA0020F2
:1024C000FEF701FAF320FEF7FEF90020FEF7FBF914
:1024D000E520FEF7EFF90020FEF7F5F90020FEF702
:1024E000F2F90020FEF7EFF90020FEF7ECF90220E8
:1024F000FEF7E9F90020FEF7E6F92920FEF7E3F9F7
:102500000020FEF7E0F93C20FEF7DDF90020FEF7A1
:10251000DAF94B20FEF7D7F90020FEF7D4F95D2059
:10252000FEF7D1F90020FEF7CEF97420FEF7CBF9C3
:102530000020FEF7C8F98420FEF7C5F90020FEF759
:10254000C2F99320FEF7BFF90020FEF7BCF9A220E4
:10255000FEF7B9F90020FEF7B6F9B320FEF7B3F99C
:102560000020FEF7B0F9BE20FEF7ADF90020FEF71F
:10257000AAF9C420FEF7A7F90020FEF7A4F9CD20A0
:10258000FEF7A1F90020FEF79EF9D320FEF79BF994
:102590000020FEF798F9DC20FEF795F90020FEF701
:1025A00092F9F320FEF78FF90020FEF78CF9E62070
:1025B000FEF780F91120FEF786F90020FEF783F977
:1025C0003420FEF780F90020FEF77DF95620FEF753
:1025D0007AF90020FEF777F97620FEF774F90020EB
:1025E000FEF771F97720FEF76EF90020FEF76BF920
:1025F0006620FEF768F90020FEF765F98820FEF7EF
:1026000062F90020FEF75FF99920FEF75CF90020DF
:10261000FEF759F9BB20FEF756F90020FEF753F9F3
:102620009920FEF750F90020FEF74DF96620FEF7DD
:102630004AF90020FEF747F95520FEF744F900203B
:10264000FEF741F95520FEF73EF90020FEF73BF971
:102650004520FEF738F90020FEF735F94320FEF754
:1026600032F90020FEF72FF94420FEF72CF9002064
:10267000FEF729F9E720FEF71DF93220FEF723F9CE
:102680000020FEF720F95520FEF71DF90020FEF787
:102690001AF97620FEF717F90020FEF714F96620E4
:1026A000FEF711F90020FEF70EF96720FEF70BF98F
:1026B0000020FEF708F96720FEF705F90020FEF775
:1026C00002F98720FEF7FFF80020FEF7FCF89920BA
:1026D000FEF7F9F80020FEF7F6F8BB20FEF7F3F856
:1026E0000020FEF7F0F89920FEF7EDF80020FEF745
:1026F000EAF87720FEF7E7F80020FEF7E4F8442038
:10270000FEF7E1F80020FEF7DEF85620FEF7DBF8D2
:102710000020FEF7D8F82320FEF7D5F80020FEF7BA
:10272000D2F83320FEF7CFF80020FEF7CCF8452092
:10273000FEF7C9F80020FEF7C6F8E820FEF7BAF861
:102740000020FEF7C0F80020FEF7BDF89920FEF744
:10275000BAF80020FEF7B7F88720FEF7B4F800209B
:10276000FEF7B1F88820FEF7AEF80020FEF7ABF8D0
:102770007720FEF7A8F80020FEF7A5F86620FEF700
:10278000A2F80020FEF79FF88820FEF79CF80020B2
:10279000FEF799F8AA20FEF796F80020FEF793F8C6
:1027A000BB20FEF790F80020FEF78DF89920FEF789
:1027B0008AF80020FEF787F86620FEF784F80020EC
:1027C000FEF781F85520FEF77EF80020FEF77BF833
:1027D0005520FEF778F80020FEF775F84420FEF744
:1027E00072F80020FEF76FF84420FEF76CF8002026
:1027F000FEF769F85520FEF766F80020FEF763F84B
:10280000E920FEF757F8AA20FEF75DF80020FEF752
:102810005AF80020FEF757F80020FEF754F8002081
:10282000FEF748F8AA20FEF74EF8CF20FEF742F850
:102830000020FEF748F80020FEF745F80020FEF7DC
:1028400042F80020FEF73FF80020FEF73CF8002099
:10285000FEF739F80020FEF736F80020FEF733F8CF
:102860000020FEF730F80020FEF72DF80020FEF7DC
:102870002AF80020FEF727F80020FEF724F80020B1
:10288000FEF721F80020FEF71EF80020FEF71BF8E7
:102890000020FEF718F8F020FEF70CF80020FEF7F5
:1028A00012F85020FEF70FF80020FEF70CF8002079
:1028B000FEF709F80020FEF706F8F320FDF7FAFF0F
:1028C0000020FEF700F8F920FDF7F4FF0620FDF7E1
:1028D000FAFF1020FDF7F7FF2920FDF7F4FF002095
:1028E000FDF7F1FF3A20FDF7E5FF5520FDF7EBFF7F
:1028F0001120FDF7DFFF642003F0A0FA2920FDF787
:10290000D9FF3520FDF7D6FF0020FDF7DCFF512071
:10291000FDF7D0FFFF20FDF7D6FF5320FDF7CAFFDC
:102920002C20FDF7D0FF5520FDF7C4FF8220FDF7D6
:10293000CAFF2C20FDF7BEFF01F048B8FE48808892
:1029400045F2105188427DD155214FF47040FDF77A
:10295000CCFFAA214FF20100FDF7C7FF52214FF231
:102960000200FDF7C2FF08214FF20300FDF7BDFF93
:1029700001214FF20400FDF7B8FF0D214FF4304064
:10298000FDF7B3FF0D214BF20100FDF7AEFF0D2166
:102990004BF20200FDF7A9FF34214FF43640FDF75A
:1029A000A4FF34214BF20160FDF79FFF34214BF26D
:1029B0000260FDF79AFF0D214FF43140FDF795FFBE
:1029C0000D214BF20110FDF790FF0D214BF202108B
:1029D000FDF78BFF34214FF43740FDF786FF34219C
:1029E0004BF20170FDF781FF34214BF20270FDF7CD
:1029F0007CFF00214FF43240FDF777FF00214BF2BE
:102A00000120FDF772FF00214BF20220FDF76DFF60
:102A100024214FF43840FDF768FF24214BF60100D4
:102A2000FDF763FF24214BF60200FDF75EFF012155
:102A30004FF43F40FDF759FF0F214FF43340FDF7AE
:102A400054FF00E0FDE30F214BF20130FDF74DFF95
:102A50000F214BF20230FDF748FF34214FF439408B
:102A6000FDF743FF34214BF60110FDF73EFF342103
:102A70004BF60210FDF739FF08214FF43540FDF702
:102A800034FF08214BF20150FDF72FFF08214BF2D4
:102A90000250FDF72AFF03214FF44240FDF725FFC6
:102AA00024214FF43A40FDF720FF24214BF601206A
:102AB000FDF71BFF24214BF60220FDF716FF002136
:102AC0004FF43C40FDF711FF78214BF60140FDF734
:102AD0000CFF00214BF60240FDF707FF00214FF4E9
:102AE0003D40FDF702FF78214BF60150FDF7FDFE5A
:102AF00000214BF60250FDF7F8FE00214FF43E4056
:102B0000FDF7F3FE64214BF60160FDF7EEFE0021B8
:102B10004FF45140FDF7E9FE33214DF20110FDF76E
:102B2000E4FE00214DF20210FDF7DFFE34214DF2EC
:102B30000310FDF7DAFE00214DF20410FDF7D5FE7B
:102B40003A214DF20510FDF7D0FE00214DF206109E
:102B5000FDF7CBFE4A214DF20710FDF7C6FE00211E
:102B60004DF20810FDF7C1FE5C214DF20910FDF792
:102B7000BCFE00214DF20A10FDF7B7FE81214DF297
:102B80000B10FDF7B2FE00214DF20C10FDF7ADFE6B
:102B9000A6214DF20D10FDF7A8FE00214DF20E10FA
:102BA000FDF7A3FEE5214DF20F10FDF79EFE01217A
:102BB0004DF21010FDF799FE13214DF21110FDF7A3
:102BC00094FE01214DF21210FDF78FFE54214DF2BB
:102BD0001310FDF78AFE01214DF21410FDF785FE5A
:102BE00082214DF21510FDF780FE01214DF21610E5
:102BF000FDF77BFECA214DF21710FDF776FE02218C
:102C00004DF21810FDF771FE00214DF21910FDF77D
:102C10006CFE02214DF21A10FDF767FE01214DF204
:102C20001B10FDF762FE02214DF21C10FDF75DFE48
:102C300034214DF21D10FDF758FE02214DF21E10F9
:102C4000FDF753FE67214DF21F10FDF74EFE0221E6
:102C50004DF22010FDF749FE84214DF22110FDF7C1
:102C600044FE02214DF22210FDF73FFEA4214DF259
:102C70002310FDF73AFE02214DF22410FDF735FE38
:102C8000B7214DF22510FDF730FE02214DF226103E
:102C9000FDF72BFECF214DF22710FDF726FE022176
:102CA0004DF22810FDF721FEDE214DF22910FDF72F
:102CB0001CFE02214DF22A10FDF717FEF2214DF203
:102CC0002B10FDF712FE02214DF22C10FDF70DFE28
:102CD000FE214DF22D10FDF708FE03214DF22E10BE
:102CE000FDF703FE10214DF22F10FDF7FEFD03212D
:102CF0004DF23010FDF7F9FD33214DF23110FDF7A3
:102D0000F4FD03214DF23210FDF7EFFD6D214DF280
:102D10003310FDF7EAFD00214FF45240FDF7E5FDC9
:102D200033214DF20120FDF7E0FD00214DF202209C
:102D3000FDF7DBFD342101E06C0000204DF20320A3
:102D4000FDF7D3FD00214DF20420FDF7CEFD3A2121
:102D50004DF20520FDF7C9FD00214DF20620FDF7DB
:102D6000C4FD4A214DF20720FDF7BFFD00214DF2C1
:102D70000820FDF7BAFD5C214DF20920FDF7B5FDF5
:102D800000214DF20A20FDF7B0FD81214DF20B200C
:102D9000FDF7ABFD00214DF20C20FDF7A6FDA621AD
:102DA0004DF20D20FDF7A1FD00214DF20E20FDF7A3
:102DB0009CFDE5214DF20F20FDF797FD01214DF21D
:102DC0001020FDF792FD13214DF21120FDF78DFD2E
:102DD00001214DF21220FDF788FD54214DF2132000
:102DE000FDF783FD01214DF21420FDF77EFD8221C8
:102DF0004DF21520FDF779FD01214DF21620FDF76A
:102E000074FDCA214DF21720FDF76FFD02214DF22E
:102E10001820FDF76AFD00214DF21920FDF765FD30
:102E200002214DF21A20FDF760FD01214DF21B2019
:102E3000FDF75BFD02214DF21C20FDF756FD34210C
:102E40004DF21D20FDF751FD02214DF21E20FDF730
:102E50004CFD67214DF21F20FDF747FD02214DF289
:102E60002020FDF742FD84214DF22120FDF73DFD9C
:102E700002214DF22220FDF738FDA4214DF223203E
:102E8000FDF733FD02214DF22420FDF72EFDB72181
:102E90004DF22520FDF729FD02214DF22620FDF7F8
:102EA00024FDCF214DF22720FDF71FFD02214DF219
:102EB0002820FDF71AFDDE214DF22920FDF715FD32
:102EC00002214DF22A20FDF710FDF2214DF22B20B8
:102ED000FDF70BFD02214DF22C20FDF706FDFE2132
:102EE0004DF22D20FDF701FD03214DF22E20FDF7BF
:102EF000FCFC10214DF22F20FDF7F7FC03214DF2D1
:102F00003020FDF7F2FC33214DF23120FDF7EDFCCE
:102F100003214DF23220FDF7E8FC6D214DF2332004
:102F2000FDF7E3FC00214FF45340FDF7DEFC3321B5
:102F30004DF20130FDF7D9FC00214DF20230FDF7D2
:102F4000D4FC34214DF20330FDF7CFFC00214DF2CB
:102F50000430FDF7CAFC3A214DF20530FDF7C5FCFF
:102F600000214DF20630FDF7C0FC4A214DF207303A
:102F7000FDF7BBFC00214DF20830FDF7B6FC5C21EB
:102F80004DF20930FDF7B1FC00214DF20A30FDF79A
:102F9000ACFC81214DF20B30FDF7A7FC00214DF276
:102FA0000C30FDF7A2FCA6214DF20D30FDF79DFC83
:102FB00000214DF20E30FDF798FCE5214DF20F3067
:102FC000FDF793FC01214DF21030FDF78EFC13212B
:102FD0004DF21130FDF789FC01214DF21230FDF761
:102FE00084FC54214DF21330FDF77FFC01214DF29A
:102FF0001430FDF77AFC82214DF21530FDF775FC97
:1030000001214DF21630FDF770FCCA214DF2173048
:10301000FDF76BFC02214DF21830FDF766FC002134
:103020004DF21930FDF761FC02214DF21A30FDF727
:103030005CFC01214DF21B30FDF757FC02214DF2E3
:103040001C30FDF752FC34214DF21D30FDF74DFCD4
:1030500002214DF21E30FDF748FC67214DF21F3072
:10306000FDF743FC02214DF22030FDF73EFC8421A8
:103070004DF22130FDF739FC02214DF22230FDF7EF
:1030800034FCA4214DF22330FDF72FFC02214DF238
:103090002430FDF72AFCB7214DF22530FDF725FC41
:1030A00002214DF22630FDF720FCCF214DF22730D2
:1030B000FDF71BFC02214DF22830FDF716FCDE2146
:1030C0004DF22930FDF711FC02214DF22A30FDF7B7
:1030D0000CFCF2214DF22B30FDF707FC02214DF2E2
:1030E0002C30FDF702FCFE214DF22D30FDF7FDFBEB
:1030F00003214DF22E30FDF7F8FB10214DF22F3059
:10310000FDF7F3FB03214DF23030FDF7EEFB3321E9
:103110004DF23130FDF7E9FB03214DF23230FDF77E
:10312000E4FB6D214DF23330FDF7DFFB00214FF45E
:103130005440FDF7DAFB33214DF20140FDF7D5FB9A
:1031400000214DF20240FDF7D0FB34214DF2034047
:10315000FDF7CBFB00214DF20440FDF7C6FB3A2101
:103160004DF20540FDF7C1FB00214DF20640FDF791
:10317000BCFB4A214DF20740FDF7B7FB00214DF2A1
:103180000840FDF7B2FB5C214DF20940FDF7ADFBB5
:1031900000214DF20A40FDF7A8FB81214DF20B40C2
:1031A000FDF7A3FB00214DF20C40FDF79EFBA6218D
:1031B0004DF20D40FDF799FB00214DF20E40FDF759
:1031C00094FBE5214DF20F40FDF78FFB01214DF2FD
:1031D0001040FDF78AFB13214DF21140FDF785FBEE
:1031E00001214DF21240FDF780FB54214DF21340B6
:1031F000FDF77BFB01214DF21440FDF776FB8221A8
:103200004DF21540FDF771FB01214DF21640FDF71F
:103210006CFBCA214DF21740FDF767FB02214DF20E
:103220001840FDF762FB00214DF21940FDF75DFBF0
:1032300002214DF21A40FDF758FB01214DF21B40CF
:1032400000E005E3FDF751FB02214DF21C40FDF7C4
:103250004CFB34214DF21D40FDF747FB02214DF29E
:103260001E40FDF742FB67214DF21F40FDF73DFB7D
:1032700002214DF22040FDF738FB84214DF2214020
:10328000FDF733FB02214DF22240FDF72EFBA42176
:103290004DF22340FDF729FB02214DF22440FDF7BA
:1032A00024FBB7214DF22540FDF71FFB02214DF213
:1032B0002640FDF71AFBCF214DF22740FDF715FB05
:1032C00002214DF22840FDF710FBDE214DF229408E
:1032D000FDF70BFB02214DF22A40FDF706FBF22120
:1032E0004DF22B40FDF701FB02214DF22C40FDF782
:1032F000FCFAFE214DF22D40FDF7F7FA03214DF2C5
:103300002E40FDF7F2FA10214DF22F40FDF7EDFAB5
:1033100003214DF23040FDF7E8FA33214DF2314000
:10332000FDF7E3FA03214DF23240FDF7DEFA6D219D
:103330004DF23340FDF7D9FA00214FF45540FDF727
:10334000D4FA33214DF20150FDF7CFFA00214DF2AE
:103350000250FDF7CAFA34214DF20350FDF7C5FAC9
:1033600000214DF20450FDF7C0FA3A214DF205500C
:10337000FDF7BBFA00214DF20650FDF7B6FA4A21DF
:103380004DF20750FDF7B1FA00214DF20850FDF75C
:10339000ACFA5C214DF20950FDF7A7FA00214DF27D
:1033A0000A50FDF7A2FA81214DF20B50FDF79DFA6C
:1033B00000214DF20C50FDF798FAA6214DF20D5068
:1033C000FDF793FA00214DF20E50FDF78EFAE5213C
:1033D0004DF20F50FDF789FA01214DF21050FDF723
:1033E00084FA13214DF21150FDF77FFA01214DF2BD
:1033F0001250FDF77AFA54214DF21350FDF775FA89
:1034000001214DF21450FDF770FA82214DF2155052
:10341000FDF76BFA01214DF21650FDF766FACA214D
:103420004DF21750FDF761FA02214DF21850FDF7E9
:103430005CFA00214DF21950FDF757FA02214DF2C6
:103440001A50FDF752FA01214DF21B50FDF74DFACB
:1034500002214DF21C50FDF748FA34214DF21D5067
:10346000FDF743FA02214DF21E50FDF73EFA6721A7
:103470004DF21F50FDF739FA02214DF22050FDF7B1
:1034800034FA84214DF22150FDF72FFA02214DF23A
:103490002250FDF72AFAA4214DF22350FDF725FA18
:1034A00002214DF22450FDF720FAB7214DF22550AC
:1034B000FDF71BFA02214DF22650FDF716FACF2137
:1034C0004DF22750FDF711FA02214DF22850FDF779
:1034D0000CFADE214DF22950FDF707FA02214DF2D8
:1034E0002A50FDF702FAF2214DF22B50FDF7FDF9BB
:1034F00002214DF22C50FDF7F8F9FE214DF22D502E
:10350000FDF7F3F903214DF22E50FDF7EEF91021EE
:103510004DF22F50FDF7E9F903214DF23050FDF740
:10352000E4F933214DF23150FDF7DFF903214DF27B
:103530003250FDF7DAF96D214DF23350FDF7D5F930
:1035400000214FF45640FDF7D0F933214DF20160D0
:10355000FDF7CBF900214DF20260FDF7C6F93421E9
:103560004DF20360FDF7C1F900214DF20460FDF753
:10357000BCF93A214DF20560FDF7B7F900214DF293
:103580000660FDF7B2F94A214DF20760FDF7ADF98B
:1035900000214DF20860FDF7A8F95C214DF20960A9
:1035A000FDF7A3F900214DF20A60FDF79EF9812194
:1035B0004DF20B60FDF799F900214DF20C60FDF71B
:1035C00094F9A6214DF20D60FDF78FF900214DF21F
:1035D0000E60FDF78AF9E5214DF20F60FDF785F9E0
:1035E00001214DF21060FDF780F913214DF21160B9
:1035F000FDF77BF901214DF21260FDF776F95421B8
:103600004DF21360FDF771F901214DF21460FDF7E1
:103610006CF982214DF21560FDF767F901214DF239
:103620001660FDF762F9CA214DF21760FDF75DF9EA
:1036300002214DF21860FDF758F900214DF2196092
:10364000FDF753F902214DF21A60FDF74EF9012101
:103650004DF21B60FDF749F902214DF21C60FDF7A8
:1036600044F934214DF21D60FDF73FF902214DF27E
:103670001E60FDF73AF967214DF21F60FDF735F93D
:1036800002214DF22060FDF730F984214DF22160D6
:10369000FDF72BF902214DF22260FDF726F9A42156
:1036A0004DF22360FDF721F902214DF22460FDF770
:1036B0001CF9B7214DF22560FDF717F902214DF2F3
:1036C0002660FDF712F9CF214DF22760FDF70DF9C5
:1036D00002214DF22860FDF708F9DE214DF2296044
:1036E000FDF703F902214DF22A60FDF7FEF8F22101
:1036F0004DF22B60FDF7F9F802214DF22C60FDF739
:10370000F4F8FE214DF22D60FDF7EFF803214DF2A4
:103710002E60FDF7EAF810214DF22F60FDF7E5F875
:1037200003214DF23060FDF7E0F833214DF23160B6
:10373000FDF7DBF803214DF23260FDF7D6F86D217D
:103740004DF23360FDF7D1F855214FF47040FDF78D
:10375000CCF8AA214FF20100FDF7C7F852214FF231
:103760000200FDF7C2F808214FF20300FDF7BDF893
:1037700000214FF20400FDF7B8F8CC214FF431409E
:10378000FDF7B3F800214BF20110FDF7AEF805216B
:103790004FF43640FDF7A9F870214FF43740FDF79C
:1037A000A4F870214BF20170FDF79FF801214FF44E
:1037B0003840FDF79AF803214BF60100FDF795F824
:1037C00003214BF60200FDF790F803214BF60300AE
:1037D000FDF78BF802214FF43C40FDF786F80021FD
:1037E0004BF60140FDF781F800214BF60240FDF752
:1037F0007CF8D0214FF44940FDF777F802214CF6D0
:103800000110FDF772F850214CF60210FDF76DF82B
:1038100050214CF60310FDF768F850214CF60410C7
:10382000FDF763F800214FF45450FDF75EF8552181
:103830004FF46850FDF759F84FF48850FDF73AF807
:10384000782002F0B3FA4FF42450FDF733F8BDE0CE
:10385000FE48808841F663118842F8D1E220FDF7E6
:1038600029F81D20FDF72FF80220FDF72CF8042081
:10387000FDF729F8642002F099FAE020FDF71AF824
:103880000120FDF720F80A2002F0D8FAE020FDF729
:1038900011F80320FDF717F80C2002F0CFFA0120F1
:1038A000FDF708F80A2002F0C9FAE620FDF702F851
:1038B0002F20FDF708F8FF20FDF705F8FF20FDF7A2
:1038C00002F8B020FCF7F6FF2020FCF7FCFF0020F8
:1038D000FCF7F9FF0320FCF7F6FF40F21F30FCF77E
:1038E000F2FF0120FCF7EFFF40F2DF10FCF7EBFFE7
:1038F0000020FCF7E8FFB420FCF7DCFF0420FCF715
:10390000E2FF40F21F40FCF7DEFF0020FCF7DBFF88
:103910002E20FCF7D8FF0020FCF7D5FF0020FCF795
:10392000D2FF0020FCF7CFFF0020FCF7CCFFB62031
:10393000FCF7C0FF0220FCF7C6FF4FF40370FCF752
:10394000C2FF0020FCF7BFFF1720FCF7BCFF1520CB
:10395000FCF7B9FF0020FCF7B6FF0020FCF7B3FF2F
:10396000F020FCF7A7FF0320FCF7ADFF2920FCF7B0
:10397000A1FFD020FCF79EFF0020FCF7A4FFBE2093
:10398000FCF798FF0520FCF79EFFFE20FCF79BFF4D
:103990000120FCF798FF0020FCF795FF0020FCF7C2
:1039A00092FF0020FCF78FFFB820FCF783FF032075
:1039B000FCF789FF0120FCF786FFBA20FCF77AFFAD
:1039C0000120FCF780FF6420FDF74FFA0020FDF78F
:1039D00078FA01209E4908604FF6FF70FDF7C6FB9C
:1039E00021B000BD2DE9F04F05460E46174698461A
:1039F000DDF824A04FF0000B781B401C1FFA80FB61
:103A0000344614E021462846FCF79EFFFCF77FFF72
:103A10004FF0000907E04FF0D840A0F880A009F16E
:103A200001001FFA80F9D945F5DB601C84B24445DA
:103A3000E8DDBDE8F08F2DE9F84F07460D469046CA
:103A40009946DDF828B0A8EB0700401C1FFA80FA61
:103A5000A9EB0500401C80B20090002414E0281956
:103A600081B23846FCF770FFFCF751FF002607E0F3
:103A700004FB0A603BF8100076490880701C86B28F
:103A80005645F5DB601C84B200988442E7DBBDE854
:103A9000F88F2DE9FF4F84B081468A4600200390BD
:103AA00002900698A0EB09050798A0EB0A06CDF84E
:103AB0000490CDF800A0002D01DD012705E00DB92F
:103AC000002702E04FF0FF376D42002E02DD4FF07D
:103AD000010806E016B94FF0000802E04FF0FF3889
:103AE0007642B54201DD2C4600E034464FF0000B33
:103AF00021E0009A91B2019A90B2FDF731F9039852
:103B0000284403900298304402900398A04205DDB7
:103B10000398001B03900198384401900298A0423A
:103B200005DD0298001B02900098404400900BF1C4
:103B300001001FFA80FB601C8345DADD08B0BDE898
:103B4000F08FF0B504460D4616461F462B4632460A
:103B500029462046FFF79DFF3B4622462946204640
:103B6000FFF797FF3B46324639462046FFF791FF65
:103B70003B46324629463046FFF78BFFF0BD2DE924
:103B8000F04306460F469046002445460320A0EB2E
:103B900048093CE07A1B91B2321990B2FDF7E0F887
:103BA0003A1B91B2721990B2FDF7DAF83A1991B254
:103BB000721990B2FDF7D4F87A1991B2321990B215
:103BC000FDF7CEF87A1991B2321B90B2FDF7C8F822
:103BD0003A1991B2721B90B2FDF7C2F87A1B91B2FA
:103BE000321B90B2FDF7BCF83A1B91B2721B90B237
:103BF000FDF7B6F8641CB9F1000F03DAA000801DD0
:103C0000814404E0601B80000A3081446D1EAC4298
:103C1000C0DDBDE8F0832DE9F84F80460E4617461B
:103C20001C46B3462046E31704EB5373DB102146D2
:103C30004FEAE47C04EB5C7C4FEAEC0CA4EBCC0C8C
:103C4000BCF1000F08D04FF0010C07E06C00002021
:103C5000BC8240428000006C4FF0000C634422465E
:103C600004EBD27C4FEA6C0C03FB0CF3DBB2009349
:103C7000A7F12000C7B2002556E00C2C07D107EBB6
:103C800047009F4901EB800010F8059013E0102CCD
:103C900005D19C4800EB071010F805900BE0182C9C
:103CA00007D107EBC700984901EB800010F8059099
:103CB00001E0BDE8F88F4FF0000A2FE009F0800026
:103CC00030B19248028831464046FDF757F807E088
:103CD0000A9828B98E48028831464046FDF74EF8CA
:103CE0004FEA49604FEA1069701C86B289484088E3
:103CF000B04200DCDDE7A6EB0B00A0420AD15E4635
:103D000008F101001FFA80F882480088404500DC75
:103D1000CFE706E00AF1010000F0FF0ABAF1080F50
:103D2000CCDB00BF681CC5B200988542A5DB00BF94
:103D3000BFE710B50246012000E050430B1EA1F181
:103D40000104E1B2F9D110BD2DE9FF4F81B0074662
:103D500091461E460E9D4FF0000A002439E0301BAC
:103D6000401EC1B20A20FFF7E4FFB9FBF0F00A21C0
:103D7000B0FBF1F201FB1208BAF1000F16D1701E70
:103D8000A04213DDB8F1000F0ED10020AB4605EBC9
:103D9000DB71491001FB0471009088B22B46202290
:103DA0000299FFF738FF12E04FF0010A0020AB46FE
:103DB00005EBDB71491001FB0471009088B208F13A
:103DC0003001CAB22B460299FFF725FF00BF601CE5
:103DD000C4B2B442C3DB05B0BDE8F08F2DE9FF4F9C
:103DE00082B0064692461F46DDE90F48002001904A
:103DF00000254DE0781B401EC1B20A20FFF799FF55
:103E0000BAFBF0F00A21B0FBF1F201FB12090198B4
:103E100050BB781EA84227DDB9F1000F22D108F06F
:103E2000800078B108F00100A34604EBDB71491073
:103E300001FB0561009088B2234630220399FFF709
:103E4000EAFE0EE008F00100A34604EBDB71491026
:103E500001FB0561009088B2234620220399FFF7F9
:103E6000DAFE13E00120019008F00100A34604EB04
:103E7000DB71491001FB0561009088B209F1300146
:103E8000CAB223460399FFF7C6FE00BF681CC5B23D
:103E9000BD42AFDB06B0BDE8F08F2DE9F847044620
:103EA0000D4690469946DDE9096704F0FF0A08EBE4
:103EB00004001FFA80F809EB05001FFA80F916E0EC
:103EC000444502DB5446A81985B24D4500DB14E099
:103ED000002000903A78334629462046FFF79BFEA3
:103EE000304606EBD07104EB61018CB27F1C387850
:103EF0007E2802DC38782028E2DA00BFBDE8F887A7
:103F0000E281000856860008468C00081400002054
:103F1000160000206C0000201CB50121112002F0C9
:103F2000E9FE1C20009000208DF8040003208DF88D
:103F3000050001208DF807006946354802F03CFC79
:103F40000120009002208DF807006946314802F0F8
:103F500033FC1CBD10B5044614B101202E49087075
:103F60002D480078002837D01021294802F086FC1F
:103F700078B10821264802F081FC50B10421244880
:103F800002F07CFC28B10121224802F077FC0128D4
:103F900022D10A2001F052FF00201F490870102191
:103FA0001B4802F06BFC08B9012010BD082118481D
:103FB00002F064FC08B90220F7E70421144802F07B
:103FC0005DFC08B90320F0E70121124802F056FC1D
:103FD00001281BD10420E8E710210D4802F04EFC17
:103FE000012813D108210A4802F048FC01280DD10C
:103FF0000421074802F042FC012807D101210548AD
:1040000002F03CFC10B90120034908700020CCE705
:104010000010024000000240180000200020FE496D
:104020000860091D0860091D0860091D0860FA493B
:1040300024310860091D0860091D0860F748F64929
:10404000383108600020091D0860704701460020D3
:10405000012900D011B9F24B197000E026207047F9
:104060000146ED4A121D106820F0FF000843106061
:10407000704770B5044606E0E7483430056805F03F
:10408000450000B100E0F7E700BF042003F04EF860
:1040900020B1042003F055F8032070BD012003F087
:1040A00045F820B1012003F04CF80120F5E7DA488B
:1040B00010300068A04201D01020EEE740F2FF501F
:1040C00003F03FF8D4481430006808210840C0B21B
:1040D000E3E72DE9FC4107460D46002600240020B9
:1040E000009001900820CF490860102048604020CF
:1040F00088600020C8604FF480600861084602F0C4
:1041000082FF1020FFF7B5FF044614B12046BDE83A
:10411000FC81C54800880004C24908603720486017
:10412000402088600020C8604FF480600861084625
:1041300002F069FF3720FFF79CFF04460CB12046D0
:10414000E5E74FF0FF30B9490860082048603020AB
:1041500088600220C860002008610120486108468C
:1041600002F07DFF0020AF49086033204860402006
:1041700088600020C8604FF480600861084602F043
:1041800042FF3320FFF775FF04460CB12046BEE71F
:104190000DE04FF4001002F0C9FF40B19E4880309E
:1041A00000684DF82600761C022E00D307E09A48DE
:1041B0003430006840F22A6108400028E9D000BF8E
:1041C000082002F0B3FF20B1082002F0BAFF04205B
:1041D0009DE7022002F0AAFF20B1022002F0B1FF09
:1041E000022094E7202002F0A1FF20B1202002F05D
:1041F000A8FF06208BE74FF4007002F097FF28B16C
:104200004FF4007002F09DFF072080E740F2FF505E
:1042100002F097FF00980006009901F47F4140EA00
:104220000120009901F47F0140EA1120009940EA41
:104230001160686001980006019901F47F4140EA2D
:104240000120019901F47F0140EA1120019940EA1F
:104250001160286020465AE77CB5054600240020FE
:104260000090019000260DB1022600E000266A4869
:104270001430006800F0007008B10E207CBD6A495F
:10428000098888B26946FFF724FF04460CB120462E
:10429000F4E7019800F4802060B3634800880004CC
:1042A0006049086037204860402088600020C8606E
:1042B0004FF480600861084602F0A5FE3720FFF742
:1042C000D8FE04460CB12046D8E7564806600620C2
:1042D00054494860402088600020C8604FF48060E6
:1042E0000861084602F08FFE0620FFF7C2FE044672
:1042F0002046C3E72520C1E770B5044600254C4899
:104300000078032802D12725284670BD4848007848
:1043100038B147480078012803D045480078022882
:1043200019D1B4F5805F02D127252846EDE7E0B228
:10433000FFF792FF054675B93748001D006820F465
:10434000C0503549091D08600846006820430860D0
:104350000846006808602846D7E710B5044631488B
:10436000046007202F494860402088600020C86012
:104370004FF480600861084602F045FE0720FFF711
:1043800078FE10BDF0B5014600200022284B1B78B6
:1043900081F85630244B1B88A1F85430254B1B68FC
:1043A0001A0E93090B70C2F383034B7002F00303E0
:1043B0008B70204B1B68C3F30742CA701D4B1B88D0
:1043C000C3F307220A711B4B1A784A715B681A0EF5
:1043D0001301CB80174B5B68C3F30742CB8843EADA
:1043E0001213CB8002F00F030B72124B9B88C3F3A6
:1043F0000722D3094B72C2F380138B72C2F34013AE
:10440000CB72C2F300130B7300234B73084B1B7862
:10441000C3B1074B1B780FE0002C0140FF07C00021
:10442000240000209800002020000020AC00002084
:104430001C000020C4000020012B03D0FE4B1B7881
:10444000032B4FD193071B0D0B61FC4B1A790B69A2
:1044500043EA82030B61F94B9B681A0E0B6943EA2E
:1044600092130B61C2F3C2030B7502F007034B7585
:10447000F24B9B68C3F3074253098B75C2F3820367
:10448000CB7593075B0F0B76EC4B1B89C3F30722AD
:104490000B7E43EAD2130B760B695B1C0024C1E947
:1044A00012340B7E9B1C012606FA03F3DE17D1E9BA
:1044B0001245A4FB037C05FB03C304FB0633C1E9DF
:1044C00012730C7A0123A3400B650024D1E9125624
:1044D0000B6DA5FB037C06FB03C305FB0433C1E99D
:1044E00012732CE0D44B1B78022B28D1D34B1A79B2
:1044F00093069B0A0B61D14B9B681A0E0B6943EA2A
:1045000002230B61CD4B9B68C3F307420B69134336
:104510000B61CA4B1B89C3F307220B695B1C4FF469
:104520000074A3FB043566000027A3FB064C05FBC3
:1045300006C503FB0753C1E9124373100B65C2F3B1
:10454000801301F8193F93065B0E4B70BB4B1A7A30
:104550004B7843EAD2134B7002F07F038B70B74B5A
:10456000DB681A0ED309CB70C2F341130B71C2F38F
:1045700082034B7193071B0F8B71B04BDB68C3F346
:1045800007428B7943EA92138B71C2F34013CB71CC
:1045900000230B7202F001034B72A84B9B89C3F3FB
:1045A0000722D3098B72C2F38013CB72C2F340137C
:1045B0000B73C2F300134B73C2F381038B7302F0CE
:1045C0000303CB739D4B1A7B53080B7401234B746D
:1045D0009B4B1B681A0ECA741939994B1B68C3F39D
:1045E00007421402CC85964B1B88C3F30722CB8D60
:1045F0001343CB85924B1A7814060C635B681A0E32
:104600000B6B43EA02440C638D4B5B68C3F30742B8
:104610000B6B43EA02240C63894B9B88C3F307228C
:104620000B6B13430B63864B1A7934235A54844B18
:104630009B681A0E35235A54814B9B68C3F307427B
:1046400014068C637E4B1B89C3F307228B6B43EAF2
:1046500002448C637A4B1A7A8B6B43EA02248C6394
:10466000774BDB681A0E8B6B13438B63744BDB68E1
:10467000C3F307423C235B5C43EA12143C235C54C3
:1046800013071C0DCC876E4B9B89C3F30722CB8F7E
:104690001343CB876A4B1A7B540840235C54012494
:1046A00041235C54F0BD70B500264FF4803505E021
:1046B0006448046804F0450000B103E0281EA5F139
:1046C0000105F5D100BF15B104F0040028B103269F
:1046D000042002F036FD304670BD012002F026FDB8
:1046E00018B10126012002F02CFD40F2FF5002F02B
:1046F00028FD3046F0E72DE9F04105460E464FF023
:10470000000805E04F48076807F0450000B100E0E9
:10471000F8E700BF042002F009FD28B1042002F0F0
:1047200010FD0320BDE8F081012002F0FFFC20B164
:10473000012002F006FD0120F4E742482438006819
:10474000A84201D01020EDE740F2FF5002F0F9FC42
:104750003C482038046804F4604018B9200C3080CC
:104760004046DFE704F4005008B11320DAE704F410
:10477000804008B11020D5E704F4004008B10F20B4
:10478000D0E74046CEE738B500240120009002F083
:1047900034FC10B92524204638BD27480078042869
:1047A00025D000202849086002204860C020886089
:1047B0000020C8604FF480600861084602F023FCC6
:1047C000FFF771FF04460CB12046E5E71D4820388D
:1047D00000681B4908601B481C380068486019487D
:1047E000183800688860174814380068C860124894
:1047F000007858B110480078012807D00E4800789A
:10480000062803D00C480078022821D100200E4948
:10481000086003204860402088600020C8604FF492
:1048200080600861084602F0EEFB69460320FFF74E
:1048300062FF044664B109E01C000020C4000020AF
:10484000D4000020342C0140980000202046A3E72B
:10485000FE480078032816D1BDF800000004FC498A
:10486000086003204860402088600020C8604FF442
:1048700080600861084602F0C6FBFFF714FF04469B
:104880000CB1204688E7F148007804282AD0BDF80A
:104890000000F0490860BDF800000004EC49086021
:1048A00009204860C02088600020C8604FF4806004
:1048B0000861084602F0A7FBFFF7F5FE04460CB1BD
:1048C000204669E7E4480068E4490860E248001DC2
:1048D00000684860E048083000688860DE480C30B6
:1048E0000068C860002057E710B506E0DA482030BD
:1048F000046804F0450000B100E0F7E700BF0420C1
:1049000002F014FC20B1042002F01BFC032010BDB7
:1049100040F2FF5002F015FC0020F8E770B50026C9
:104920004FF4803506E0CC482030046804F04500A0
:1049300000B103E0281EA5F10105F4D100BF15B1B7
:1049400004F0040028B10326042002F0FAFB3046EC
:1049500070BD04F0400018B10026402002F0F1FBC9
:104960003046F5E770B500254FF4803404E0802030
:1049700002F0DCFB00B103E0201EA4F10104F6D13B
:1049800000BF0CB9032070BD40F2FF5002F0D9FB0C
:104990002846F8E72DE9F0470027002400260025E7
:1049A000A046A1467620AE49087500200860486000
:1049B0008860C8600861084602F0FBFA032002F034
:1049C00018FBA5481038006840F48070A2491039DF
:1049D000086000BF12E000209D49086048608860C0
:1049E000C8604FF480600861084602F00CFBFFF7D6
:1049F000B9FF044604B903E0781CC7B24A2FEADBCA
:104A000000BF14B12046BDE8F0874FF4D57090493F
:104A1000086008204860402088600020C8604FF48B
:104A200080600861084602F0EEFAFFF777FF04465F
:104A300024B90120854908704FF08049002084493D
:104A4000086037204860402088600020C8604FF42C
:104A500080600861084602F0D6FA3720FFF709FBAC
:104A60000446002C4BD134E00020794908603720FF
:104A70004860402088600020C8604FF48060086172
:104A8000084602F0C0FA3720FFF7F3FA04460CB1EB
:104A90002046B8E7734849EA00006D4908602920BC
:104AA0004860402088600020C8604FF48060086142
:104AB000084602F0A8FAFFF717FF04460CB120469B
:104AC000A1E765480668012080EAD67080F00108F9
:104AD0006D1CB8F1000F03D14FF6FF708542C3D3B0
:104AE0004FF6FF70854202D31B2420468BE706F069
:104AF0008040061E32D00220544908702EE01CE08F
:104B000059485349086001204860402088600020CF
:104B1000C8604FF480600861084602F074FAFFF73D
:104B2000E3FE04460CB120466DE74B4806680120C1
:104B300080EAD67080F001086D1CB8F1000F03D137
:104B40004FF6FF708542DBD34FF6FF70854202D3EC
:104B50001B24204657E703203C490870204652E7B3
:104B60003EB5002400250121404802F0C3F8012190
:104B7000C80202F019F90121C80202F06AF94FF4E3
:104B8000F850019002208DF808008DF809000020EF
:104B90008DF80A0001208DF80B0001A9344801F0BE
:104BA0000BFE0420019001A9324801F005FE0C2201
:104BB00008212F4801F08BFE0C2209212C4801F01E
:104BC00086FE0C220A212A4801F081FE0C220B21CC
:104BD000274801F07CFE0C221146254801F077FEA3
:104BE0000C220221234801F072FE00214FF40060E4
:104BF00002F02FF9FFF712FA31208DF800000020A3
:104C00008DF801008DF8020001208DF80300684640
:104C100001F0FDF9FFF7BEFE044614B9FFF7B3FD3E
:104C200004461CB91448FFF7ADFB044634B91249D9
:104C3000B1F854100804FFF790FB044624B94FF470
:104C40000060FFF759FB0446E4B117E01C000020A8
:104C50009800002020000020142C0140C4000020F7
:104C600080000020000010800080FF800C004000C9
:104C700000080240000C0240E8000020FE480078D6
:104C8000032812D1FD4890F8560020B1FB4890F857
:104C90005600012801D1022500E000252846FFF733
:104CA000DFF90020FFF7D2F9044620463EBD10B5DB
:104CB000002002F09EF9002010BD70B590B00446AF
:104CC0000E46154600BFEE4802F0A9FD0028FAD1B5
:104CD000EB4802F07BFC4FF000600190E948029045
:104CE000039404950020059006904FF4806007908F
:104CF000800008908000099000200A904FF4403016
:104D00000B9004200C9003200D904FF400000E90A7
:104D100080100F9001A9DA4802F0FAFC2021D8484F
:104D200002F046FD0121D64802F02CFD10B070BD06
:104D30000146002002E04910421CD0B20129FAD1FC
:104D400070472DE9F84F8146174698460A9C4FF068
:104D5000000AD3464D464FF0FF36B9F1000F02D19D
:104D60002620BDE8F88F0020C64954390860C248A3
:104D70000078022805D10402780A40EAC8574FEAB1
:104D800068280020C04988604860401E08600120F3
:104D900048610020C8600861084602F060F9B9481F
:104DA0006C38006800F0007008B10E20D9E7002CC4
:104DB00021DDB4F5006F1EDC601E2040D8B920460E
:104DC000FFF7B6FF0090B14804601020AF4948607B
:104DD000402088600020C8604FF480600861084669
:104DE00002F011F91020FFF744F98246BAF1000FE2
:104DF00003D05046B5E72620B3E700980001A2494A
:104E00008860084644604FF0FF3008600120486128
:104E10000220C86000200861084602F020F99B4883
:104E20000760112099494860402088600020C860D0
:104E30004FF480600861084602F0E5F81120FFF7A2
:104E400018F98246BAF1000F01D0504689E7904820
:104E5000007800285AD1FBF7F0F917E04FF4004032
:104E600002F064F970B14FF0000B05E0854800686E
:104E700045F82B000BF1010BBBF1080FF6D32035E1
:104E8000844E03E00EB904206BE7761E7D484C3853
:104E9000006840F22A6108400028DFD0082002F0B4
:104EA00045F920B1082002F04CF9042059E702200E
:104EB00002F03CF920B1022002F043F9022050E751
:104EC000202002F033F920B1202002F03AF9062028
:104ED00047E74FF4007002F029F928B14FF4007051
:104EE00002F02FF907203CE703E0664800682860DD
:104EF0002D1D4FF4001002F019F90028F5D1FBF731
:104F00009EF940F2FF5002F01CF939E06048007849
:104F1000012835D100206049087060490870604957
:104F2000087058484438006840F22A31084355490F
:104F30004439086053485438006840F0080051492B
:104F400054390860002221464846FFF7B6FE00E0CB
:104F5000761E4B485838006800F0006038B9504859
:104F6000007820B94C48007808B9002EF0D10EB96D
:104F70000420F6E64848007810B1474890F800A0B1
:104F80005046EEE62DE9FF5F17469846DDE90E46EE
:104F90004FF00009CA464FF0FF35424900980860BB
:104FA000002038495439086033480078022805D178
:104FB0000402780A40EAC8574FEA682800203249BC
:104FC00088604860401E0860012048610020C86079
:104FD0000861084602F043F82A486C38006800F07F
:104FE000007018B10E2004B0BDE8F09F002C21DD48
:104FF000B4F5006F1EDC601E2040D8B92046FFF7D4
:1050000097FE8346214804601020204948604020D4
:1050100088600020C8604FF480600861084601F095
:10502000F2FF1020FFF725F88146B9F1000F03D0F9
:105030004846D8E72620D6E7012E6ED906FB04F0B5
:10504000B0F1007F01D32620CDE74FEA0B100E49C7
:10505000886006FB04F048604FF0FF3008600120D4
:1050600048610220C86000200861084601F0F7FF8F
:1050700006480760122017E01C000020E80000200E
:1050800058640240802C0140AC00002098000020B1
:1050900024000020FFFF7F002600002025000020C4
:1050A0002700002028000020F9494860402088603F
:1050B0000020C8604FF480600861084601F0A3FF3B
:1050C0001220FEF7D6FF8146B9F1000F01D0484605
:1050D00089E7F048007800287ED1FBF7AEF81EE0A3
:1050E0004FF4004002F022F8A0B14FF0000A07E0B0
:1050F000E9480068E949096841F82A000AF1010A0B
:10510000BAF1080FF4D3E54800682030E34908609D
:10511000E34D04E015B9042065E7AEE06D1EDE48FE
:105120004C38006840F22A3108400028D8D00820C6
:1051300001F0FCFF20B1082002F003F8042052E740
:10514000022001F0F3FF20B1022001F0FAFF02205B
:1051500049E7202001F0EAFF20B1202001F0F1FF13
:10516000062040E74FF4007001F0E0FF28B14FF453
:10517000007001F0E6FF072035E709E0C648006847
:10518000C64909680860C5480068001DC349086031
:105190004FF4001001F0CAFF0028EFD14FF48070E7
:1051A00001F0C4FF20B3BF48007838B1BD48007893
:1051B000012803D0BB480078022819D10020B44947
:1051C00008600C204860402088600020C8604FF4D0
:1051D00080600861084600E011E001F014FF0C2037
:1051E000FEF747FF8146B9F1000F01D04846FAE6C5
:1051F000FBF725F840F2FF5001F0A3FF3DE0A54882
:105200000078012839D10020A74908700120A7495A
:1052100008700020A64908709F484438006840F292
:105220002A3108439C49443908609B485438006837
:1052300040F0080098495439086006FB04F1002248
:105240000098FFF73AFD00E06D1E9A48006800F0F4
:10525000006008B9002DF7D10DB90420C3E600BFE6
:105260009348007818B9904800780028F8D08E4804
:10527000007810B18C4890F800904846B3E61CB511
:1052800004460020019000908B480088000480496B
:1052900008600D204860402088600020C8604FF4FE
:1052A00080600861084601F0AEFE7B484C3800681B
:1052B000009003E078484C3800680090009800F0B7
:1052C00045000028F6D0012001F030FF20B1012078
:1052D00001F037FF01201CBD042001F027FF20B1A1
:1052E000042001F02EFF0320F5E76B4870380068BA
:1052F0000D2801D01020EEE740F2FF5001F021FF11
:1053000065486C38006801900198C0F34320207014
:105310000020E0E72DE9FF5F86B017469846149D10
:1053200000260020059004900024814603908246C8
:1053300002900195DDF818B0DDF818B0BBF1000F50
:1053400003D126200AB0BDE8F09F0020524954390D
:1053500008605A4988604860401E08600120486122
:105360000020C8600861084601F079FE4A486C38A0
:10537000006800F0007008B10E20E3E749480078AB
:10538000022805D10502780A40EAC8574FEA682882
:10539000002D1FDDB5F5006F1CDC681E2840C8B964
:1053A0002846FFF7C5FC05903948056010203849AC
:1053B0004860402088600020C8604FF48060086129
:1053C000084601F020FE1020FEF753FE06461EB1EF
:1053D0003046B7E72620B5E73748008800042C4957
:1053E00008600D204860402088600020C8604FF4AD
:1053F00080600861084601F006FE0D20FEF739FEC8
:1054000006460EB130469DE723486C38006803908D
:105410004FF0FF341CE0641E2748008800041C493C
:1054200008600D204860402088600020C8604FF46C
:1054300080600861084601F0E6FD0D20FEF719FEC8
:1054400006460EB130467DE713486C38006803907D
:10545000039800F4807008B9002CDCD10CB9292025
:1054600070E70B48076018200949486040208860B1
:105470000020C8604FF480600861084601F0C3FD59
:105480001820FEF7F6FD0646D6B130465AE7000072
:105490009800002024000020802C014028000020DB
:1054A000FFFF7F001C0000202600002025000020B8
:1054B000270000200064024020000020AC000020F3
:1054C0000020F849087005980001F74988600846EF
:1054D00045604FF0FF300860012048610020C8603F
:1054E0000861084601F0BBFD4FF0FF34EF4800783B
:1054F00000287CD1FAF7A1FE43E04FF4804001F090
:1055000015FEC8B30198A0EB0900202821D201980C
:10551000A0EB090000F0030020B90198A0EB0900FE
:10552000800804E00198A0EB09008008401C02906C
:105530004FF0000A09E0DE49DBF8000008600AF1DC
:10554000010A0BF1040B09F1040902988245F2D318
:105550000FE04FF0000A05E05BF82A00D44908602C
:105560000AF1010ABAF1080FF6D30BF1200B09F189
:1055700020096FF0404404E0FFE70CB90420E1E6A5
:10558000641ECB484C38006840F21A61084000287D
:10559000B3D0082001F0CAFD20B1082001F0D1FDF0
:1055A0000420CFE6022001F0C1FD20B1022001F06D
:1055B000C8FD0220C6E6102001F0B8FD20B1102081
:1055C00001F0BFFD0520BDE64FF4007001F0AEFD17
:1055D00030B14FF4007001F0B4FD0720B2E606E0F0
:1055E000FAF72DFE40F2FF5001F0ABFD43E0AF486B
:1055F000007801283FD10020AE490870A949087001
:10560000AD490870AA484438006840F21A3108438E
:10561000A74944390860402229460698FFF74DFB08
:10562000A3485438006840F00800A1495439086084
:1056300000E0641EA148006800F0006008B9002C7A
:10564000F7D11CB9FFF78CFA04207BE64FF0FF344A
:1056500000E0641E9848007820B99648007808B9A0
:10566000002CF6D10CB904206CE69248007810B1F9
:105670009048007866E640F2FF5001F062FD04A811
:10568000FFF7FDFD064603E004A8FFF7F8FD064618
:105690003EB99DF810000728F6D09DF810000628A6
:1056A000F2D030464EE62DE9FF5F84B0DDE91247C7
:1056B000002600200390029000258046814601903C
:1056C00007FB04FBDDF810A0DDF810A0BAF1000F15
:1056D00003D1262008B0BDE8F09F0020744954395A
:1056E0000860714988604860401E08600120486178
:1056F0000020C8600861084601F0B1FC6C486C38B5
:10570000006800F0007008B10E20E3E76C480078F4
:10571000022808D10402DDE90601400A40EAC1502E
:105720004912CDE90601002C1FDDB4F5006F1CDC29
:10573000601E2040C8B92046FFF7FAFA039061487E
:10574000046010205F494860402088600020C860E5
:105750004FF480600861084601F055FC1020FEF708
:1057600088FC06461EB13046B4E72620B2E7012F7A
:105770006FD907FB04F0B0F1007F01D32620A9E721
:105780004F48007838B14E480078012803D04C4883
:10579000007802282DD14C4800880004494908604F
:1057A00037204860402088600020C8604FF4806047
:1057B0000861084601F027FC3720FEF75AFC064630
:1057C0000EB1304686E73F48076017203D494860E4
:1057D000402088600020C8604FF48060086108465F
:1057E00001F011FC1720FEF744FC06460EB13046CE
:1057F00070E73449069808601920486040208860A6
:105800000020C8604FF480600861084601F0FBFB8F
:105810001920FEF72EFC06460EB130465AE70398D3
:1058200000012149886007FB04F048604FF0FF3019
:105830000860012048610020C8600861084601F046
:105840000EFC1A480078002872D1451EFAF7F5FCC4
:1058500054E0F8E04FF4804001F068FCB0B3ABEBEB
:105860000800202833D2ABEB080000F0030018B981
:10587000ABEB0800800803E0ABEB08008008401C9D
:1058800001904FF0000909E00949DAF800000860CA
:1058900009F101090AF1040A08F104080198814597
:1058A000F2D324E025000020AC00002024000020DA
:1058B000802C0140260000202700002000640240C8
:1058C0001C000020980000202000002012E04FF073
:1058D000000905E05AF82900F749086009F10109B3
:1058E000B9F1080FF6D30AF1200A08F120086FF089
:1058F000404503E00DB90420ECE66D1EEE484C383F
:10590000006840F21A3108400028A3D0082001F0B6
:105910000DFC20B1082001F014FC0420DAE602207E
:1059200001F004FC28B1022001F00BFC0220D1E6BA
:1059300040E0102001F0FAFB20B1102001F001FC42
:105940000520C7E64FF4007001F0F0FB28B14FF4DA
:10595000007001F0F6FB0720BCE64FF4807001F008
:10596000E5FB00B3D548007838B1D4480078012869
:1059700003D0D2480078022815D10020D049086011
:105980000C204860402088600020C8604FF4806090
:105990000861084601F037FB0C20FEF76AFB06465B
:1059A0000EB1304696E6FAF74AFC40F2FF5001F09D
:1059B000C8FB48E0C3480078012844D10020C24910
:1059C00008700120C14908700020C1490870BA4818
:1059D0004438006840F21A310843B7494439086036
:1059E00007FB04F140220498FFF767F9B2485438E6
:1059F000006840F00800B049543908604FF0FF35A6
:105A000000E06D1EB348006800F0006008B9002D8A
:105A1000F7D11DB9FFF7A4F804205BE64FF0FF357E
:105A200000E06D1EAA48007820B9A748007808B9A0
:105A3000002DF6D10DB904204CE6A348007810B132
:105A4000A148007846E640F2FF5001F07AFB02A838
:105A5000FFF715FC064603E002A8FFF710FC064618
:105A60003EB99DF808000728F6D09DF808000628E2
:105A7000F2D030462EE610B54FF4807001F056FBA0
:105A800088B392480078012814D100208C4908601E
:105A90000C204860402088600020C8604FF480607F
:105AA0000861084601F0AFFA0C20FEF7E2FA8649D9
:105AB000087002E00020844908707F484838006878
:105AC00040F480707C4948390860081D00684CF239
:105AD0003A31884378494439086001207C4908708C
:105AE0007948007810BDFFE7022001F01FFB78B174
:105AF000022001F026FB7048443800684CF23A312D
:105B000088436D494439086002206F490870E9E70D
:105B1000082001F00BFB78B1082001F012FB664869
:105B2000443800684CF23A3188436349443908608C
:105B3000042065490870D5E7202001F0F7FA78B114
:105B4000202001F0FEFA5C48443800684CF23A31FB
:105B5000884359494439086006205B490870C1E709
:105B6000102001F0E3FA78B1102001F0EAFA52486F
:105B7000443800684CF23A3188434F494439086050
:105B8000052051490870ADE74FF4007001F0CEFADE
:105B900080B14FF4007001F0D4FA474844380068EF
:105BA0004CF23A3188434449443908600720464959
:105BB000087097E7002095E710B5FFF75CFF10BD70
:105BC00070B50446002514B92625284670BD424804
:105BD000008800043A4908600D2048604020886031
:105BE0000020C8604FF480600861084601F00BFA9D
:105BF0000D20FEF73EFA05460DB12846E6E72E4891
:105C00006C38006820602846E0E708B50020009066
:105C10006846FFF7D5FF08B1FF2008BD0098C0F324
:105C20004320FAE72DE9FE4F83460C4691460020BB
:105C30000290002625462C46700240EAD5566D0299
:105C40000BF00300F0B14FF0000A18E04FF40070C1
:105C500000904FEA4A20471946EBE0733A461F4846
:105C6000FFF76FF802904FF400721C49584602F09B
:105C700041F80BF5007B0AF1010000F0FF0ACA456C
:105C8000E4DB16E0B9F1010F09D14FF400702A46A8
:105C9000334600905846FFF754F8029009E04FF45D
:105CA00000702A463346CDE900095846FFF76AF9E5
:105CB00002900298BDE8FE8F802C01401C0000205D
:105CC000980000202400002026000020250000204D
:105CD0002700002000640240200000204001002036
:105CE0002DE9FE4F81460C46924600200290002688
:105CF00025462C46700240EAD5566D0209F0030095
:105D0000F0B14FF0000B18E04FF40072494619480B
:105D100001F0F0FF4FF4007000904FEA4B2047195C
:105D200046EBE0733A461348FFF7F4FA029009F5A0
:105D300000790BF1010000F0FF0BD345E4DB16E026
:105D4000BAF1010F09D14FF400702A463346009092
:105D50004846FFF7DFFA029009E04FF400702A4648
:105D60003346CDE9000A4846FFF79DFC02900298B1
:105D7000BDE8FE8F4001002010B504466FF004001E
:105D800000F092F9E11704EB5171C1F3C701394AF0
:105D900011701046007800EB4001C1EBC0104FF6C7
:105DA000FF7101EAC0003449088010BD0146314A44
:105DB00012784A434FF0E0235A6100229A611A4652
:105DC000126942F001021A6100BF4FF0E02210692F
:105DD00000F001021AB100F48032002AF5D04FF031
:105DE000E022126922F001024FF0E0231A61002242
:105DF0009A6170470146204A12884A434FF0E023D7
:105E00005A6100229A611A46126942F001021A612F
:105E100000BF4FF0E022106900F001021AB100F457
:105E20008032002AF5D04FF0E022126922F0010200
:105E30004FF0E0231A6100229A61704770B5044662
:105E40004FF4077094FBF0F0C6B24FF4077094FB68
:105E5000F0F100FB114085B205E04FF40770FFF749
:105E6000C9FF701EC6B2002EF7D115B12846FFF744
:105E7000C1FF70BD2C0000202E00002000BF704725
:105E800000BF4C4A128802F04002002AF9D0C2B288
:105E9000484B9A80704710B588B0044601210846E7
:105EA00000F028FF0121102000F07EFF07220921C9
:105EB000414800F00CFD07220A213F4800F007FD91
:105EC0004FF4C060069002208DF81C008DF81D0074
:105ED00000208DF81E0001208DF81F0006A936480D
:105EE00000F06AFC02940020ADF80C00ADF80E0042
:105EF000ADF81000ADF814000C20ADF8120002A9A6
:105F00002C4801F0A0F901212A4801F024FA0122CD
:105F100040F22551274801F0D4FA25208DF80400DD
:105F200003208DF805008DF8060001208DF807008C
:105F300001A800F06CF808B010BD10B540F2255172
:105F40001C4801F0F9FA10B31A4801F033FAC4B250
:105F50001A48008800F40040C8B91848008800F4C6
:105F6000804060B10A2C03D000201449088020E052
:105F70001248008840F400401049088019E00D2CB8
:105F800006D10E48008840F480400C49088010E09B
:105F90000A480088C0F30D0009490C5407480088DE
:105FA000401C0649088008460088C72801DD0020FB
:105FB000088010BD001001400000024034000020A5
:105FC000400300200948804709480047FEE7FEE7F4
:105FD000FEE7FEE7FEE7FEE7FEE7FEE7FEE7FEE799
:105FE00004480549054A064B704700004107000870
:105FF0008901000880AD012080B3012080AF01201D
:1060000080AF012032490143324A1160704770B5B8
:10601000002100230F22C4781CB32E4C246804F402
:10602000E064C4F5E064C4F30721C1F10404E3B201
:106030000A4144789C40E1B28478144021430C0723
:10604000210E254C05786155047804F01F050124C4
:10605000AC4005786D11AD0005F1E025C5F80041B3
:1060600009E0047804F01F050124AC401B4D0678BC
:10607000761145F8264070BD194A0A400243154B77
:106080001B1F1A60704739B1124A121D1268024371
:10609000104B1B1D1A6006E00E4A121D1268824347
:1060A0000C4B1B1D1A607047042808D14FF0E021EB
:1060B000096941F004014FF0E022116107E04FF05F
:1060C000E021096921F004014FF0E02211617047DD
:1060D0000000FA050CED00E000E400E080E100E0E3
:1060E00080FFFF1F30B943F2DB028100A1F1C04104
:1060F0000A6005E043F2D2028100A1F1C0410A60CA
:106100006FF07042411C8900A1F1C0410A6081001A
:10611000A1F1C041C1F804217047D0E90112114337
:10612000C2681143026911434269114382691143F4
:10613000C2691143026A1143426A1143826A1143E0
:10614000C26A1143026B114302689200A2F1C0427D
:106150001160816808290BD101688900A1F1C04153
:10616000096841F0400201688900A1F1C0410A605C
:10617000416B0968426B526841EA0211426B9268B6
:1061800041EA0221426B928941EA0241426B128A42
:1061900041EA0251426B127D41EA0261426B92690F
:1061A00011430268521C9200A2F1C0421160C16A00
:1061B000B1F5804F1BD1816B0968826B526841EA4F
:1061C0000211826B926841EA0221826B128A41EAD3
:1061D0000251826B127D41EA0261826B9269114326
:1061E00002689200A2F1C042C2F8041107E06FF009
:1061F000704201688900A1F1C041C1F804217047D3
:10620000002101600221416000218160C1600161C3
:1062100041618161C16101624FF480514162490075
:1062200081620021C1620163F84941638163704763
:1062300051B18200A2F1C042126842F00103820013
:10624000A2F1C042136009E08200A2F1C0421268CC
:10625000EF4B1A408300A3F1C0431A607047102827
:106260000AD118214FF020421166402151664FF0AB
:10627000FC319166D16610E01821E64A1160402198
:106280004FF02042C2F884104FF0FC31E14A08324E
:1062900011604FF02042C2F88C10704730B50021D9
:1062A00000220023446844F0080485682C43C56834
:1062B0002C4305692C43456944EA4524856944EA31
:1062C0004531C4692468C5696D6844EA0524C56917
:1062D0002D8944EA0544C5692D7B44EA0562046AB8
:1062E0002468056A6D6844EA0524056A2D8944EA34
:1062F0000544056A2D7B44EA05630468102C05D12A
:106300004FF020442166A266E36608E0C14C21609C
:106310004FF02044C4F88820BE4C0C34236030BDBC
:1063200010210160002141608160C1600161416113
:106330008161FC21C2691160C2695160C2699160CA
:10634000C269D160026A1160026A5160026A91609A
:10635000026AD160704799B1102808D14FF02042ED
:10636000126E42F004024FF020431A661DE0A94A63
:10637000126842F004024FF02043C3F8802014E07A
:10638000102809D14FF02042126EA14BDB1E1A409B
:106390004FF020431A6608E09E4A12689C4BDB1EB1
:1063A0001A404FF02043C3F88020704799B110285D
:1063B00008D14FF02042126E42F040024FF02043CD
:1063C0001A661DE0934A126842F040024FF02043E3
:1063D000C3F8802014E0102809D14FF02042126E3B
:1063E0008B4B3F3B1A404FF020431A6608E0894A26
:1063F0001268874B3F3B1A404FF02043C3F8802080
:10640000704701460020102903D14FF02042506F01
:1064100002E0804A14321068704718207D4920310C
:10642000086000200906C1F8A4004FF0FC3079494B
:1064300028310860091D0860091D0860704701685F
:1064400041F01001426841EA4221826841EA42314A
:10645000704A20321160C1680968C268526841EA16
:106460000221C268128941EA0241C268127B41EAF4
:106470000261684A2832116001690968026952683C
:1064800041EA02210269128941EA02410269127B52
:1064900041EA02615F4A2C32116041690968426930
:1064A000526841EA02214269128941EA0241426985
:1064B000127B41EA02614FF02042C2F8B0107047EF
:1064C0000021016041608160FC21C2681160C268E6
:1064D0005160C2689160C268D1600269116002694E
:1064E0005160026991600269D1604269116042693C
:1064F0005160426991604269D160704748B1454935
:106500002031096841F004014FF02042C2F8A01088
:1065100009E04049203109683D4AD21E11404FF040
:106520002042C2F8A010704710B5F2B1102807D170
:106530004FF020435B6E0B434FF02044636632E024
:10654000B0F5807F08D1334B1B1D1B680B434FF008
:106550002044C4F8843026E02E4B24331B680B43C0
:106560004FF02044C4F8A4301DE0102807D14FF0AC
:1065700020435B6E8B434FF02044636613E0B0F51D
:10658000807F08D1234B1B1D1B688B434FF0204499
:10659000C4F8843007E01F4B24331B688B434FF053
:1065A0002044C4F8A43010BD10B5024600200023DA
:1065B000102A03D14FF02044636E09E0B2F5807FCA
:1065C00003D1144C241D236802E0124C24342368A8
:1065D00003EA01040CB1012000E0002010BD1028E6
:1065E00007D14FF02042526E8A434FF020435A6643
:1065F00019E0B0F5807F0FD1064A121D12688A4358
:106600004FF02043C3F884200DE00000A499000857
:10661000FEFF0F00800000A0234A12688A434FF05B
:106620002043C3F8A420704770B502460020002321
:1066300000240025102A03D14FF02046736E08E095
:10664000B2F5807F03D1184E203E336801E0164E2C
:10665000336803EA010403EAD10514B10DB1012046
:1066600000E0002070BD102808D14FF02042526E8B
:1066700022EAD1024FF020435A6614E0B0F5807F41
:1066800009D1094A203A126822EAD1024FF0204388
:10669000C3F8842007E0044A126822EAD1024FF0CE
:1066A0002043C3F8A4207047A40000A010B50446FE
:1066B0009848844208D10121084600F086FB002159
:1066C000012000F082FB76E09348844208D101214A
:1066D000022000F07AFB0021022000F076FB6AE045
:1066E0008E48844208D10121042000F06EFB002175
:1066F000042000F06AFB5EE08948844208D1012151
:10670000082000F062FB0021082000F05EFB52E050
:106710008448844208D10121102000F056FB00215A
:10672000102000F052FB46E07F48844208D101214E
:10673000202000F04AFB0021202000F046FB3AE038
:106740007A48844208D10121402000F03EFB00211C
:10675000402000F03AFB2EE07548844208D1012128
:10676000802000F032FB0021802000F02EFB22E090
:106770007048844208D10121801500F026FB0021D9
:10678000A01500F022FB16E06B48844208D10121DD
:10679000401500F01AFB0021601500F016FB0AE01E
:1067A0006648844207D10121001500F00EFB00214C
:1067B000201500F00AFB10BDF0B50A4600210023A9
:1067C000002400BF3DE0012505FA01F3156805EA44
:1067D00003049C4234D105684F000326BE40B543F4
:1067E000056015794E00B54006683543056015799A
:1067F000012D02D01579022D16D185684F00032690
:10680000BE40B543856055794E00B5408668354336
:106810008560456801268E40B54345604568967998
:106820008E40B6B235434560C5684F000326BE4072
:10683000B543C560D5794E00B540C6683543C560DF
:10684000491C1029BFD3F0BD4FF6FF710160002134
:10685000017141718171C171704708B54FF4803287
:106860000092009A0A430092009AC261C161009AA4
:10687000C261C2690092C269009208BD024600204E
:1068800013690B400BB1012000E000207047014666
:10689000086980B270470246002053690B400BB173
:1068A000012000E0002070470146486980B270472F
:1068B00001837047418370470AB1018300E041833F
:1068C00070474161704742694A4042617047F0B584
:1068D000002300244D07ED0E02FA05F3CE1000F15F
:1068E000200555F826504E07F70E0F26BE40B5433B
:1068F000CF1000F1200646F82750CE1000F12005F9
:1069000055F8265045EA0304CE1000F1200545F85D
:106910002640F0BD00000240000402400008024092
:10692000000C024000100240001402400018024017
:10693000001C0240002002400024024000280240C7
:10694000F948006840F00100F74908600020F64966
:1069500008310860F4480068F4490840F2490860CA
:10696000F348091D0860F348EF4984310860F04896
:106970001038091D0860EC48006820F48020EA49BE
:1069800008600020E8490C310860E7498C31086054
:1069900070470021E44A921C11701146087070473C
:1069A00010B501460022002300204A11012A02D11D
:1069B000DD4C236808E0022A03D1DB4C70342368E5
:1069C00002E0D94C7434236801F01F020124944082
:1069D0001C400CB1012000E0002010BD38B50020A3
:1069E00000900024002500BF3120FFF7D9FF0546A5
:1069F0000098401C00900098B0F5A04F01D0002DE9
:106A0000F2D03120FFF7CCFF08B1012400E00024D0
:106A1000204638BD01460020C34A106820F0F80027
:106A200040EAC10010607047C34908607047002108
:106A3000BD4A703211701170012802D004280AD1A9
:106A400004E00121B84A7032117005E00521B64A10
:106A50007032117000E000BF00BF7047B749086096
:106A6000704770B5049C41EA82150126C6EB5306B7
:106A700045EA0645054345EA0465AB4E361D3560DB
:106A800070BDAD4908667047820142EA0172A64BAB
:106A900084331A607047A8498866704710B583012F
:106AA00043EA016343EA02739F4C8834236010BDBC
:106AB000A14908677047A049C86470470246002092
:106AC000994B0833186820F0EC6042EA0103184340
:106AD000954B08331860704702460020924B0833EC
:106AE000186820F0784042EA010318438E4B0833BF
:106AF00018607047014600208B4A0832106820F069
:106B0000030008431060704787480830006800F0B1
:106B10000C00704701460020834A0832106820F0BC
:106B2000F000084310607047014600207E4A08329A
:106B3000106820F4E05008431060704701460020C0
:106B4000794A0832106820F4604040EAC1001060C1
:106B50007047F0B500210022002402250026022300
:106B6000714F08373F6807F00C0121B1042905D0A7
:106B7000082937D105E0724F076036E0714F076092
:106B800033E0694F3F1D3F68C7F38056664F3F1D96
:106B90003F6807F03F036EB16A4FB7FBF3F7DFF8CA
:106BA00088C10CF1040CDCF800C0CCF3881C07FB96
:106BB0000CF40CE0624FB7FBF3F7DFF86CC10CF19B
:106BC000040CDCF800C0CCF3881C07FB0CF4564F17
:106BD0003F1D3F68C7F301477F1C7D00B4FBF5F7FD
:106BE000076002E0564F076000BF00BF4E4F0837F6
:106BF0003F6807F0F0010909534F7A5C0768D740F6
:106C00004760494F08373F6807F4E051890A4E4F03
:106C10007A5C4768D7408760434F08373F6807F47E
:106C20006041490B484F7A5C4768D740C760F0BD68
:106C3000002100F44072B2F5407F0AD13A4A08328E
:106C4000116821F4F811414A02401143364A0832D2
:106C50001160354A70321268C0F30B031A43324B8D
:106C600070331A60704735494439086070473349BA
:106C70004039086070473649086070470146002077
:106C8000294A8C32106820F01F004A1E1043264A01
:106C90008C321060704701460020234A8C32106805
:106CA00020F4F8504A1E40EA02201F4A8C3210603D
:106CB0007047014600201C4A8C32106820F44010B6
:106CC00008431060704701460020174A8C32106854
:106CD00020F4400008431060704701460020124A2B
:106CE0008C32106820F44030084310607047194916
:106CF0000860704739B10C4A3032126802430A4BBF
:106D000030331A6006E0084A303212688243064B7C
:106D100030331A607047F9B1034A343212680243C3
:106D2000014B34331A601CE000380240FFFFF6EAE2
:106D3000103000240030002000004742800E4742FF
:106D40000024F40000127A0036000020FFFCFF0F40
:106D50005C014742E01147428F4A126882438E4BE2
:106D60001A60704739B18C4A121D126802438A4B6F
:106D70001B1D1A6006E0884A121D12688243864B6A
:106D80001B1D1A60704739B1834A0C3212680243E6
:106D9000814B0C331A6006E07F4A0C321268824342
:106DA0007D4B0C331A60704739B17B4A1032126840
:106DB0000243794B10331A6006E0774A10321268AA
:106DC0008243754B10331A60704739B1724A243AC6
:106DD00012680243704B243B1A6006E06E4A243A64
:106DE000126882436C4B243B1A60704739B16A4A7F
:106DF000203A12680243684B203B1A6006E0664A5C
:106E0000203A12688243644B203B1A60704739B1C4
:106E1000614A1C3A126802435F4B1C3B1A6006E051
:106E20005D4A1C3A126882435B4B1C3B1A607047F8
:106E300039B1594A143A12680243574B143B1A604D
:106E400006E0554A143A12688243534B143B1A60C9
:106E5000704739B1504A103A126802434E4B103B0A
:106E60001A6006E04C4A103A126882434A4B103BC3
:106E70001A60704739B1484A1C3212680243464BC7
:106E80001C331A6006E0444A1C3212688243424BAB
:106E90001C331A60704739B13F4A203212680243EE
:106EA0003D4B20331A6006E03B4A20321268824391
:106EB000394B20331A60704739B1374A243212688F
:106EC0000243354B24331A6006E0334A24321268F9
:106ED0008243314B24331A60704739B12E4A2C3229
:106EE000126802432C4B2C331A6006E02A4A2C32DB
:106EF00012688243284B2C331A60704739B1264AF6
:106F0000303212680243244B30331A6006E0224AC2
:106F1000303212688243204B30331A6070470128A8
:106F200008D11D493C31096841F008011A4A3C3238
:106F3000116007E018493C31096821F00801164A40
:106F40003C321160704739B1134A273A1278024334
:106F5000114B273B1A7006E00F4A273A12788243FA
:106F60000D4B273B1A7070470B484030006840F0CB
:106F70008070094940310860704701460020064A88
:106F8000283A12680A400AB1012000E00020704748
:106F900001492639087070473438024010B5012184
:106FA000C802FFF756FF00214FF40060FFF751FFC2
:106FB00010BD00216C4A116847F6FF629143027DC3
:106FC00083681A4343681A43C3681A4303681A4321
:106FD00003691A431143644A116070470021017527
:106FE000016041608160C160016170475F49086074
:106FF00070475D49091F086070475B48001F0068C3
:1070000000F0030070470021574B1B1D02681A60F7
:107010001A1D11686FF30A01D0E901231A43C368EE
:107020001A4303691A4311434F4A083211607047EB
:107030000021016041608160C160016170474A4880
:107040000C300068C0B2704708B5014600200090BF
:1070500045481030084400900098006808BD0021A1
:10706000414B203302681A601B1D42681A601A1DCA
:10707000116821F0F701D0E902231A4303691A438A
:1070800043691A431143384A2832116070474FF060
:10709000FF310160002141608160C1600161416197
:1070A000704731482C30006870472F487C300068AA
:1070B00070472D497C31086070472B484430006888
:1070C00070472B49086070472949091D08607047BF
:1070D000274908310860704725490C31086070471E
:1070E0002449086070472349091D08607047012141
:1070F0008143204A0832116070471E490C310860F4
:1071000070471B4914390860704739B1164A383244
:1071100012680243144B38331A6006E0124A3832C0
:1071200012688243104B38331A60704701460020C2
:107130000D4A303212680A400AB1012000E00020F6
:107140007047094934310860704701460020064AFB
:10715000303212680A400AB1012000E00020704776
:107160000149343108607047042C0140A080254259
:10717000A0852542AC81254210B50446FA488442D8
:1071800008D101211020FFF764FE00211020FFF735
:1071900060FE57E0F548844209D101214804FFF719
:1071A00047FE00214FF40030FFF742FE4AE0F0486E
:1071B000844209D101218804FFF73AFE00214FF4EF
:1071C0008020FFF735FE3DE0EA48844209D10121E5
:1071D000C804FFF72DFE00214FF40020FFF728FE22
:1071E00030E0E548844209D101210805FFF720FE7F
:1071F00000214FF48010FFF71BFE23E0DF4884429C
:1072000008D101212020FFF724FE00212020FFF7D4
:1072100020FE17E0DA48844209D101218807FFF7F0
:1072200007FE00214FF08040FFF702FE0AE0D5483C
:10723000844207D101214005FFF7FAFD00216005D6
:10724000FFF7F6FD10BD2DE9FF4705460E46002469
:10725000A14600BFA046B08900B100BF2C8A24F42B
:107260004054F08804432C82AC8941F20C60844382
:10727000B08831890843718908430443AC81AC8AE2
:1072800024F44074B0890443AC826846FFF761FC83
:10729000B548854202D0B948854202D1DDF80C904C
:1072A00001E0DDF80890A88900F4004040B109EB46
:1072B000C90000EB091031684900B0FBF1F707E0A5
:1072C00009EBC90000EB091031688900B0FBF1F748
:1072D0006420B7FBF0F004012009642101FB107861
:1072E000A88900F4004040B1322000EBC800B0FB98
:1072F000F1F000F00700044308E0322000EB081032
:107300006421B0FBF1F000F00F0004432C81BDE8D4
:10731000FF874FF41651016000218180C1800181F7
:107320000C21418100218181704710B50246002067
:10733000108A20F470600B884C8823438C88234388
:10734000CC8823431843108210BD00210180418066
:107350008180C180704721B1828942F400528281CC
:1073600004E082894DF6FF731A4082817047028BD8
:1073700002F47F420283028B0A430283704721B1E9
:10738000828942F40042828103E08289C2F30E02C4
:107390008281704721B1828A42F40062828204E0D5
:1073A000828A4FF2FF731A4082827047C1F308024B
:1073B0008280704701468888C0F308007047028ABF
:1073C0004FF6F0731A400282028A0A430282704723
:1073D00021B1828942F00202828104E082894FF663
:1073E000FD731A408281704782894FF2FF731A4001
:1073F000828182890A4382817047028A4FF6DF7355
:107400001A400282028A0A430282704721B1028A2C
:1074100042F48042028204E0028A4BF6FF731A4073
:1074200002827047818941F001018181704721B159
:10743000828A42F00802828204E0828A4FF6F77361
:107440001A4082827047028BD2B20283028B42EAD8
:1074500001220283704721B1828A42F02002828297
:1074600004E0828A4FF6DF731A408282704721B1AE
:10747000828A42F01002828204E0828A4FF6EF7321
:107480001A4082827047828A4FF6FB731A408282CA
:10749000828A0A438282704721B1828A42F00202C4
:1074A000828204E0828A4FF6FD731A40828270471E
:1074B0001AB1838A0B43838202E0838A8B438382DF
:1074C0007047F0B50346002400260025002040F652
:1074D0006A17B94200D100BF1846C1F3421401F047
:1074E0001F06012707FA06F5012C01D10C3004E034
:1074F000022C01D1103000E014301AB107682F437C
:10750000076002E00768AF430760F0BD0246002055
:10751000B1F5007F00D100BF13880B400BB10120F3
:1075200000E00020704701F40072B2F5007F00D146
:1075300000BFCA430280704770B502460024002392
:107540000025002040F66A16B14200D100BFC1F309
:10755000421501F01F03012606FA03F3012D13D192
:107560009689334017E000000010014000440040BD
:1075700000480040004C0040005000400014014012
:1075800000780040007C0040022D02D1168A334072
:1075900001E0968A33400C12012606FA04F416889C
:1075A000344013B10CB1012000E0002070BD10B5D3
:1075B0000022002340F66A14A14200D100BF0A1243
:1075C00001249440A3B2DC43048010BD016821F083
:1075D000010101600021016041608160C1600161C1
:1075E00021214161DB49884204D13D21D94A103A29
:1075F00091608CE0D7491831884205D14FF474610D
:10760000D44A103A916082E0D2493031884205D1A3
:107610004FF47411CF4A103A916078E0CD49483167
:10762000884205D14FF07461CA4A103A91606EE009
:10763000C8496031884204D1C749C64A103AD1606E
:1076400065E0C4497831884204D1C449C14A103A3E
:10765000D1605CE0BF499031884204D1C049BD4A45
:10766000103AD16053E0BB49A831884205D14FF0B0
:107670003D51B84A103AD16049E0BA49884204D134
:107680003D21B84A083A116041E0B64918318842B4
:1076900005D14FF47461B34A083A116037E0B1493B
:1076A0003031884205D14FF47411AE4A083A116066
:1076B0002DE0AC494831884205D14FF07461A94AA8
:1076C000083A116023E0A7496031884204D1A249F9
:1076D000A44A121F11601AE0A2497831884204D1ED
:1076E0009E49A04A121F116011E09E4990318842C4
:1076F00004D19B499B4A121F116008E09949A831A7
:10770000884204D14FF03D51964A121F11607047D4
:1077100010B500220268944B1A40CC680B682343D2
:107720004C6923438C692343CC6923430C6A23436C
:107730004C6A23438C6A23434C6B23438C6B234357
:107740001A430260426922F00702D1E90B34234355
:107750001A4342610B6943604B6883608B68C36066
:1077600010BD0021016041608160C1600161416123
:107770008161C161016241628162C16201634163F1
:107780008163704721B1026842F00102026003E0A8
:10779000026822F001020260704721B1026842F4DF
:1077A0000042026003E0026822F400420260704777
:1077B00021B1026842F02002026003E0026822F078
:1077C000200202607047416070470146486880B2FD
:1077D000704722B1036843F40023036003E00368A9
:1077E00023F4002303600161704721B1026842F471
:1077F0008022026003E0026822F480220260704767
:107800000AB1016100E0C1607047014600200A68CA
:1078100002F400220AB1012000E000207047014676
:1078200000200A6802F001020AB1012000E00020F5
:107830007047014600204A6902F03800704730B5B1
:1078400003460A4600200024464DAB4202D241497D
:10785000103901E04349103902F000550DB14C6870
:1078600000E00C68414D2C4004EA02050DB10120F6
:1078700000E0002030BD02463A4B9A4202D2354821
:10788000103801E03748103801F000531BB1374B76
:107890000B40C36002E0354B0B408360704710B56E
:1078A00001F080034BB122B1436943F0800343618F
:1078B00003E0436923F08003436180290BD02AB1A0
:1078C000036801F01E042343036004E0036801F031
:1078D0001E04A343036010BD70B5024600200024BF
:1078E0000025204EB24202D21A4B103B01E01D4B44
:1078F000103B1F4E0E4036B11E2606EAD1241668F4
:1079000006EA040502E0566906F0800501F000561B
:107910000EB15C6800E01C68144E344004EA0106B5
:1079200016B10DB1012000E0002070BD02460D4BE4
:107930009A4202D20748103801E00A48103801F094
:1079400000531BB1094B0B40C36002E0074B0B40D7
:1079500083607047106002403D000020400F00200F
:1079600000003D20106402403F801CF07D0F7D0F21
:107970003C0F3C0F70B503460C4603E014F8015B66
:1079800003F8015B151EA2F10102F7D170BD30B5FD
:10799000034601E003F8011B141EA2F10102F9D114
:1079A00030BD10B504467A4951F824104A0079498F
:1079B00051F824000021FFF7EAFF774951F824200D
:1079C00074490C3951F824000021FFF7E0FF012130
:1079D00070480C30015510BD10B50146002300223F
:1079E00007E06C4850F8210030F8120000B15B1C31
:1079F000521C674850F821009042F2D86420584346
:107A0000634C54F82140B0FBF4F0C0B210BD2DE936
:107A1000F04704460F460025A9465E480C30005D3D
:107A200020B95C4814380168204688471FB94FF0D8
:107A3000FF30BDE8F087594850F82400B7FBF0F656
:107A4000564850F82400B7FBF0F100FB117000B16C
:107A5000761C4F4850F82400451E20E04D4850F851
:107A6000240030F8150010B909F1010901E04FF0C8
:107A70000009B14512D14FF0000808E0454850F820
:107A8000240005EB080220F8126008F10108B04557
:107A9000F4D3424850F824006843CAE76D1E002D15
:107AA000DCDA4FF0FF30C4E72DE9F04104460E4622
:107AB00038480C30005D38B9364814380168204623
:107AC00088470120BDE8F081334850F82400B042D7
:107AD00017D9324850F82400B6FBF0F12D4850F881
:107AE000240030F81120002507E00023294850F831
:107AF00024004F1920F817306D1C9542F5DB00204B
:107B0000E0E70220DEE770B505460C4604B970BD1B
:107B100020480C3850F82500261A31462846FFF731
:107B2000C3FF00BFF3E770B504460E46314620465A
:107B3000FFF76DFF0546681C08B9002070BD1548A9
:107B40000C3850F824002844F8E72DE9F0410446A9
:107B50000F46164631462046FFF759FF0546681C7A
:107B600010B90020BDE8F0810A490C3951F8241001
:107B7000481932463946FFF7FDFE39462046FFF7E1
:107B8000C2FF04480C3850F824002844EAE70000FB
:107B9000C09900085C000020D8990008CC99000822
:107BA000704700000FB4044910B503AA029800F012
:107BB00043F910BC5DF814FB300000202DE9F041C2
:107BC0000E460446002020622046E168884730B314
:107BD000252805D0D4E901219047206A401CF2E70E
:107BE000E168204600278847050018D0A5F141002C
:107BF000192802D820354FF400673246294620461E
:107C00002760F8F7FBFA40B1012804D0F61D26F0F2
:107C100007060836D8E7361DD6E72846DAE7206A91
:107C2000BDE8F0812DE9F041064600241068752971
:107C3000314616A510D0AFF30080002802DA40428A
:107C400013A507E031688A0701D512A502E04907AC
:107C500004D511A5012401E0AFF3008000210A2220
:107C600006F1240709E0B0FBF2FCB0FBF2F302FBE3
:107C70001C00303078541846491C0028F3D12346A4
:107C80002A463046BDE8F04100F07DB80000000013
:107C90002D0000002B0000002000000070B50446FD
:107CA0000D4621461068AFF300802188090502D5F2
:107CB0000F4A7A4402E00E4A7A440E32002104F15F
:107CC000240305E000F00F060009965D5E54491C90
:107CD0000028F7D120780023000704D5702D02D0AA
:107CE00009B1022311322046BDE8704000F04BB8C4
:107CF0002E1D0000032A40F2308010F0030C00F02B
:107D0000158011F8013BBCF1020F624498BF11F8D5
:107D100001CB00F8013B38BF11F8013BA2F104028E
:107D200098BF00F801CB38BF00F8013B11F0030306
:107D300000F09480083AC0F0088051F8043B083AFB
:107D400051F804CBA0E80810F5E7121D5CBF51F80C
:107D5000043B40F8043BAFF30080D20724BF11F886
:107D6000013B11F801CB48BF11F8012B24BF00F8EB
:107D7000013B00F801CB48BF00F8012B704770476A
:107D80007047704770472DE9F0470D469946924677
:107D9000044600F124080168880604D5E06921F052
:107DA0001001216000E00120A84201DD471B00E036
:107DB0000027A1697A1902EB0900081AA06120784E
:107DC000C00602D42046AFF30080002608E0D4E9C4
:107DD00001211AF806009047206A401C761C206298
:107DE0004E45F4DB2078C0060AD52046AFF300806C
:107DF00006E0D4E9012130209047206A401C20622F
:107E0000381EA7F10107F4DC07E0D4E9012118F8D6
:107E100005009047206A401C2062281EA5F101053C
:107E2000F3DC2046AFF300802078000602D5022064
:107E3000BDE8F0870120FBE7074B70B50D467B449A
:107E400000F043F80446284600F052F810B14FF015
:107E5000FF3070BD204670BD3FE0FFFF10B5203AF7
:107E6000C0F00B80B1E81850203AA0E81850B1E8F3
:107E70001850A0E81850BFF4F5AF5FEA027C24BFA9
:107E8000B1E81850A0E8185044BF18C918C0BDE8A0
:107E900010405FEA827C24BF51F8043B40F8043B69
:107EA00008BF7047D20728BF31F8023B48BF11F81E
:107EB000012B28BF20F8023B48BF00F8012B704778
:107EC00001694A1C02610878704700B58FB0CDE99E
:107ED00001310021059105497944CDE9031011468E
:107EE0006846FFF76BFE0FB000BD0000E5FFFFFF27
:107EF000007B00F080007047754600F02BF8AE461E
:107F000005006946534620F00700854618B020B5A5
:107F1000FEF766F8BDE820404FF000064FF000077E
:107F20004FF000084FF0000B21F00701AC46ACE821
:107F3000C009ACE8C009ACE8C009ACE8C0098D468E
:107F4000704710B50446AFF300802046BDE81040EE
:107F5000F8F76BB90048704720AD01204FEA115384
:107F6000A3F58063D3F11E03A8BFD3F1200C08DB77
:107F70004FF0004242EAC12252EA505232FA03F074
:107F8000704709420BD4102BC4BF0020704703F583
:107F9000787CBCF1FF3F05D04FF0FF3070474FF0C9
:107FA0000000704770B500F0C3F800BF499224800C
:107FB00000207047F0E7B0FA80F310FA03F10AD01E
:107FC000C3F11D0303F580634FEA41504FEA0352AA
:107FD00002EBD12170474FF000007047DFF848C135
:107FE00070B51CEA111E1EBF1CEA13159EEA0C0F89
:107FF00095EA0C0F00F06F8081EA030423EA4C132A
:108000004EEAD47E21EA4C1141F4801143F48013EE
:10801000AE44A1FB024CA0FB0365AEF17F7E361996
:1080200055EB0C05A1FB034C4CF10003A0FB021C1B
:1080300016EB0C06654153F10003094218BF46F0E8
:10804000010613F4007F0BD14FEA03314FEA0530EC
:10805000340341EA155140EA16506FF003020AE07A
:108060004FEAC3214FEAC520F40241EA555140EAE4
:1080700056506FF0020202EB2E4201EB025585EAE8
:10808000CE710AD05FEA440C18BF24F0004450F1CE
:10809000000041F1000120EAD47040F2FE7C62450C
:1080A00000D270BDA84214BF4FF080444FF040444E
:1080B000002E08BF0024BEF1806FA8BFA1F1C0410F
:1080C000BDE8704080F282804FF0000001F1C041B5
:1080D00001F0004170479EEA0C0F0CEA131518BF1F
:1080E00095EA0C0F06D04FF0000081EA030E0EF067
:1080F000004170BD00F01CF88900013E00F007B897
:1081000000F009B84FEA430C5FEA5C5C08D081EAF2
:10811000030100F05BB84FEA410C5FEA5C5CF6D10A
:108120004FF00000014970470000FF070000F87F92
:108130000EF1020E2EF0030E5EF8046B364205D4EB
:10814000012A43EB030515F5001F12D8012841EB66
:10815000010C1CF5001F0CD80ED14FEAD17C15F58F
:10816000001F0CEB4C0C0CF1020C08BF4CEBD37C49
:1081700004E04FF0080C01E04FEAD37C0CEB4C0517
:1081800026FA05F606F00706B6F1040C06D20EEB49
:10819000860CBDE870404CF0010C6047DFE80CF045
:1081A000090B02024FF000414FF00000A1F5002141
:1081B00070BD19461046012851EB010418BFD4F5D3
:1081C000001484BF002001F0004170BD0808A0F534
:1081D00000114FEA310170474FF04070E1EE100A94
:1081E00070470000000000000000000000000000D8
:1081F00000003F4000000000000000003000400090
:1082000030004000000009000BC03D000BC03D00E5
:10821000090018C024407FE022403180000018008F
:1082200024C01B000D803240018003801C40274089
:108230001C800740004010006000000000000000AB
:1082400000000000000000001F80204040200000CF
:10825000402020401F8000000000090006001F8011
:10826000060009000000040004003F800400040030
:10827000000000100060000000000000000004008A
:10828000040004000400040000000000004000009E
:10829000000000000000002001C00600380040007F
:1082A00000001F802040204020401F800000000070
:1082B00010403FC000400000000018C02140224094
:1082C00024401840000010802040244024401B809F
:1082D000000002000D0011003FC0014000003C8082
:1082E000244024402440238000001F802440244058
:1082F0003440038000003000200027C038002000F8
:1083000000001B802440244024401B8000001C00EF
:1083100022C0224022401F800000000000000840D0
:1083200000000000000000000000046000000000E9
:108330000000000004000A001100208040400900F5
:1083400009000900090009000000000040402080E9
:1083500011000A0004001800200023402400180027
:1083600000001F802040274029401F40000000409F
:1083700007C039000F0001C0004020403FC024402A
:1083800024401B8000001F8020402040204030807F
:10839000000020403FC0204020401F8000002040BF
:1083A0003FC024402E4030C0000020403FC0244049
:1083B0002E00300000000F0010802040224033804B
:1083C000020020403FC0040004003FC02040204085
:1083D00020403FC02040204000000060202020209E
:1083E0003FC02000200020403FC024400B0030C090
:1083F000204020403FC020400040004000C03FC01F
:108400003C0003C03C003FC0000020403FC00C4087
:1084100023003FC020001F802040204020401F80BC
:10842000000020403FC024402400180000001F80AE
:108430002140214020E01FA0000020403FC02440F8
:10844000260019C0004018C024402440224031803A
:108450000000300020403FC02040300000002000DD
:108460003F80004000403F80200020003E0001C0CF
:10847000070038002000380007C03C0007C0380063
:108480000000204039C0060039C020400000200014
:10849000384007C0384020000000304021C026404E
:1084A000384020C00000000000007FE04020402055
:1084B0000000000070000C0003800040000000007D
:1084C000402040207FE0000000000000200040002D
:1084D000200000000000001000100010001000102C
:1084E000001000000000400000000000000000003C
:1084F00002800540054003C0004020003FC004400A
:108500000440038000000000038004400440064053
:10851000000000000380044024403FC000400000F1
:1085200003800540054003400000000004401FC0D8
:10853000244024402000000002E005500550065071
:10854000042020403FC00440040003C0004000005D
:10855000044027C00040000000000010001004107C
:1085600027E00000000020403FC00140070004C099
:108570000440204020403FC000400040000007C0B1
:10858000040007C0040003C00000044007C004400A
:10859000040003C000400000038004400440038046
:1085A0000000041007F004500440038000000000A5
:1085B00003800440045007F00010044007C002404C
:1085C000040004000000000006400540054004C00F
:1085D0000000000004001F80044000400000040070
:1085E00007800040044007C000400400070004C0AA
:1085F000018006000400060001C0070001C006005B
:108600000000044006C0010006C004400000041041
:10861000071004E00180060004000000044005C0CB
:108620000640044000000000000004007BE0402001
:108630000000000000000000FFF00000000000004B
:1086400040207BE00400000000004000800040006B
:10865000200020004000000000000000000000009A
:108660000000000000000000000000001FCC000C13
:10867000000000000000000008003000600008005A
:10868000300060000000022003FC1E20022003FCDA
:108690001E200220000000000E1811043FFF10846D
:1086A0000C78000000000F0010840F3800C007781D
:1086B00018840078000000780F8410C411240E98EC
:1086C00000E400840008080068007000000000005A
:1086D00000000000000000000000000007E0181883
:1086E000200440020000000040022004181807E0A7
:1086F0000000000000000240024001800FF00180F5
:108700000240024000000080008000800FF80080DE
:108710000080008000000001000D000E000000003D
:108720000000000000000000008000800080008049
:108730000080008000800000000C000C00000000A1
:10874000000000000000000000060018006001802A
:10875000060018002000000007F0080810041004AC
:10876000080807F000000000080408041FFC0004CB
:1087700000040000000000000E0C1014102410442F
:1087800011840E0C000000000C18100411041104D8
:1087900012880C700000000000E00320042408246C
:1087A0001FFC0024000000001F9810841104110415
:1087B000108810700000000007F0088811041104F0
:1087C00018880070000000001C00100010FC13004E
:1087D0001C001000000000000E38114410841084AA
:1087E00011440E38000000000700088C10441044AB
:1087F000088807F00000000000000000030C030CD4
:108800000000000000000000000000010106000060
:108810000000000000000000008001400220041061
:10882000080810040000022002200220022002207A
:10883000022002200000000010040808041002209A
:1088400001400080000000000E001200100C106CAF
:1088500010800F00000003E00C1813E4142417C468
:10886000082807D000000004003C03C41C40074057
:1088700000E4001C000410041FFC11041104110486
:108880000E880070000003E00C181004100410049F
:1088900010081C10000010041FFC10041004100429
:1088A000080807F0000010041FFC1104110417C48D
:1088B00010040818000010041FFC1104110017C058
:1088C00010000800000003E00C181004100410440D
:1088D0001C780040000010041FFC10840080008001
:1088E00010841FFC10040000100410041FFC10046E
:1088F00010040000000000030001100110011FFE21
:1089000010001000000010041FFC11040380146408
:10891000181C1004000010041FFC100400040004C4
:108920000004000C000010041FFC1F0000FC1F00CE
:108930001FFC1004000010041FFC0C04030000E0E6
:1089400010181FFC100007F0080810041004100491
:10895000080807F0000010041FFC1084108010802D
:1089600010800F00000007F0081810241024101CBD
:10897000080A07F2000010041FFC1104110011C0C6
:1089800011300E0C000400000E1C11041084108421
:1089900010441C3800001800100010041FFC1004C4
:1089A00010001800000010001FF81004000400045C
:1089B00010041FF8100010001E0011E0001C0070D1
:1089C00013801C0010001FC0103C00E01F0000E0DE
:1089D000103C1FC000001004180C163401C001C068
:1089E0001634180C100410001C00130400FC1304AF
:1089F0001C00100000000804101C106410841304F4
:108A00001C04101800000000000000007FFE40025F
:108A1000400240020000000030000C0003800060B3
:108A2000001C0003000000004002400240027FFEE4
:108A30000000000000000000000020004000400096
:108A400040002000000000010001000100010001C1
:108A50000001000100010000400040002000000073
:108A600000000000000000000098012401440144BF
:108A7000014400FC000410001FFC008801040104F4
:108A800000880070000000000070008801040104EC
:108A90000104008800000000007000880104010447
:108AA00011081FFC0004000000F8014401440144C7
:108AB000014400C800000000010401040FFC11047F
:108AC000110411001800000000D601290129012914
:108AD00001C90106000010041FFC00840100010010
:108AE000010400FC000400000104190419FC000446
:108AF0000004000000000000000300010101190152
:108B000019FE0000000010041FFC0024004001B406
:108B1000010C010400000000100410041FFC0004FC
:108B2000000400000000010401FC0104010001FC3C
:108B30000104010000FC010401FC008401000100AB
:108B4000010400FC0004000000F801040104010419
:108B5000010400F80000010101FF00850104010487
:108B6000008800700000000000700088010401040B
:108B7000010501FF00010104010401FC008401045E
:108B8000010001800000000000CC01240124012428
:108B900001240198000000000100010007F8010411
:108BA000010400000000010001F8000400040004BA
:108BB000010801FC0004010001800170000C00109C
:108BC00001600180010001F0010C003001C00030A3
:108BD000010C01F0010000000104018C007401701F
:108BE000018C01040000010101810171000E0018D7
:108BF00001600180010000000184010C0134014486
:108C00000184010C000000000000000000000100D1
:108C10003EFC400240020000000000000000FFFF98
:108C20000000000000000000400240023EFC010085
:108C30000000000000000000600080008000400094
:108C400040002000200000000000000000000000A4
:108C50000000000000000000000000000000000014
:108C60000000000000000000000000000000000004
:108C70000000000000000000000F80380FFE380FD9
:108C8000803800000000000000000000000000002C
:108C9000000000000100000600000C000038000089
:108CA0003100000600000C00003800003000000019
:108CB00000000000000061800067F807F980006193
:108CC000800061800061800061800067F807F980A2
:108CD00000618000000000000000000001C0E0030F
:108CE000E0F00630080418081FFFFE040E0807878E
:108CF000F00381E000000000000001F000060C001D
:108D0000040408060C7001F9C0000E00003BE000EE
:108D1000EC18070808040C180003E000000000012C
:108D2000E00007F003F818041C0804170807E1D056
:108D300003C0E00023B0003C080020080000100041
:108D400000000000000100003100003200001C00A3
:108D50000000000000000000000000000000000013
:108D60000000000000000000000000000000000003
:108D70000000000000007F0001FFC00780F00C0031
:108D80001810000420000200000000000020000273
:108D90001000040C00180780F001FFC0007F0000E5
:108DA00000000000000000000000000000000000C3
:108DB00000004200006600006600003C0000180051
:108DC00003FFC0001800003C0000660000660000C1
:108DD0004200000000000800000800000800000831
:108DE0000000080001FFC0000800000800000800A3
:108DF0000008000008000000000000010000310031
:108E0000003200001C000000000000000000000014
:108E1000000000000000000000000000000008004A
:108E2000000800000800000800000800000800001A
:108E30000800000800000800000800000000000012
:108E4000000000000000380000380000380000007A
:108E50000000000000000000000000000000000012
:108E6000000000000000000600001C00007000016F
:108E700080000E0000380000C0000700001C000049
:108E8000300000000000000000007F8001FFE003D0
:108E9000807006001804000804000806001803800B
:108EA0007001FFE0007F8000000000000000000073
:108EB00001000801000801000803FFF807FFF8009F
:108EC000000800000800000800000000000000008A
:108ED0000001C03802C058040098040118040218A8
:108EE000040418061C1803F81801E0F8000000003C
:108EF000000000000001C0E003C0F0040008040806
:108F00000804080806180803F41801E7F00001E057
:108F1000000000000000000000000300000D000041
:108F2000110000610000810803010807FFF80FFF2E
:108F3000F80001080001080000000000000000E047
:108F400007FCD006080806100806100806100806D8
:108F50001838060FF00607C00000000000000000EF
:108F600000003F8001FFE00384300208180410086D
:108F7000041008041008071810030FF00007C000C1
:108F8000000000000000000003C000070000060011
:108F9000000600F80607F806180006E000070000C3
:108FA00006000000000000000001E1E003F7F00609
:108FB0003410041808041808040C08040C080616D9
:108FC0001803F3F001C1E000000000000000F80009
:108FD00003FC3003063804020804020804020804F3
:108FE00004100308F001FFC0007F00000000000033
:108FF00000000000000000000000000000007038C9
:109000000070380070380000000000000000000010
:109010000000000000000000000000000000000050
:109020000000301A00301C000000000000000000AA
:109030000000000000000000000000000008000028
:109040001400002200004100008080010040020066
:1090500020040010080008000000000000002100AB
:10906000002100002100002100002100002100005B
:10907000210000210000210000210000000000006C
:109080000000000008000804001002002001004059
:109090000080800041000022000014000008000051
:1090A000000000000003C00004C00004000008002D
:1090B00038080F380808380810000C300007E000A6
:1090C00003C000000000000000003F8000FFE0033C
:1090D0008070020F1006708804C088048308047F23
:1090E0008802C09003012000FE4000000800001824
:1090F0000001F8003E0801C20007020007E200007C
:10910000FE00001FC80001F800003800000804003D
:109110000807FFF807FFF80408080408080408080F
:1091200004080806180803F41801E7F00001E0003D
:109130000000000000003F8001FFE003807002009B
:1091400018040008040008040008040010060020A9
:109150000780C000000004000807FFF807FFF804BC
:10916000000804000804000804001802001003802E
:109170007001FFE0007F8000000004000807FFF896
:1091800007FFF8040808040808040808040808048D
:109190003E080400080600180100600000000400FA
:1091A0000807FFF807FFF80408080408000408008F
:1091B000040800043E0006000006000001800000D4
:1091C0000000000000003F8001FFE0038070060007
:1091D000180400080402080402080203F00783F0E0
:1091E00000020000020004000807FFF807FFF8046F
:1091F0000808000800000800000800000800040833
:109200000807FFF807FFF80400080000000000004E
:1092100004000804000804000807FFF807FFF8042A
:10922000000804000804000800000000000000001E
:109230000000000600000700000104000104000116
:1092400004000307FFFE07FFFC0400000400000405
:10925000000004000807FFF807FFF8040C080018D6
:1092600000003E0004C7800503C80600F80400386B
:1092700004001800000804000807FFF807FFF804BE
:1092800000080000080000080000080000080000B6
:109290000800001800006000000004000807FFF844
:1092A00007800807FC00007FC00003F80007C0002B
:1092B000780007800807FFF807FFF804000804009B
:1092C0000807FFF807000803C00000E000003800AE
:1092D000001E000007000001C00400F007FFF804B2
:1092E0000000000000007F8001FFE00380700600A6
:1092F0001804000804000806001803003001FFE00D
:10930000007F8000000004000807FFF807FFF80452
:109310000408040400040400040400040400060C0F
:109320000003F80001F000000000000000007F8052
:1093300001FFE00380700600880400880400C8066E
:10934000003C03003E01FFE6007F840000000400B3
:109350000807FFF807FFF8040808040800040C00D9
:10936000040F00040BC00610F003F03801E0080001
:10937000000800000001E0F803F030063010041887
:1093800008041808040C08040C080206180207F068
:109390000781E000000001800006000004000004D6
:1093A000000004000807FFF807FFF80400080400A5
:1093B0000004000006000001800004000007FFE038
:1093C00007FFF00400180000080000080000080073
:1093D000000800000804001007FFE004000004007B
:1093E0000006000007E00007FE00041FE00001F88F
:1093F0000000380001E0043E0007C0000600000441
:10940000000004000007E00007FFC0041FF8000789
:10941000C007F80007FF80043FF80007C004F80009
:109420000700000400000000000400080600180700
:10943000C07805F1C8003E00001F800463E8078083
:10944000F8060018040008000000040000060000F0
:1094500007800007E008047C08001FF80007F800F8
:10946000180804E0080700000600000400000000DF
:10947000000100080600380400F80403E8040F089F
:10948000047C0805F00807C0080700180400600005
:1094900000000000000000000000000000000000CC
:1094A000003FFFFE200002200002200002200002F8
:1094B000200002000000000000000000080000077B
:1094C000000000C0000038000006000001C00000DD
:1094D0003000000E0000010000000000000000004D
:1094E0002000022000022000022000022000023F93
:1094F000FFFE00000000000000000000000000006F
:109500000000000000000008000010000030000013
:1095100020000030000010000008000000000000E3
:109520000000000001000001000001000001000037
:109530000100000100000100000100000100000125
:1095400000000100000100000000000000000020F9
:1095500000002000001000001000000000000000CB
:10956000000000000000000000000000000000F00B
:109570000019F8001B180022080026080024080023
:109580002410003FF8001FF8000008000018000039
:109590000004000007FFF80FFFF000181800100883
:1095A000002008002008003018001FF0000FC00045
:1095B00000000000000007C0001FF000183000206D
:1095C00008002008002008003C08001C1000006073
:1095D0000000000000000000000007C0001FF000B5
:1095E000381800200800200800200804101007FF89
:1095F000F80FFFF000001000000000000000000065
:109600000007C0001FF000123000221800220800DE
:109610002208003208001E10000E2000000000008A
:109620000000200000200800200801FFF803FFF8D8
:10963000062008042008042008072000030000007A
:10964000000000000000000E000E6E001FF300314D
:10965000B10020B10020B1003191001F13002E1E77
:1096600000200E00300000000004000807FFF80F83
:10967000FFF8001008002000002000002008003F34
:10968000F8001FF8000008000000000000000000C3
:10969000002008002008002008063FF8063FF800D8
:1096A00000080000080000080000000000000000A2
:1096B0000000000000000300000300200100200162
:1096C000002003063FFE063FFC00000000000000F3
:1096D000000000000004000807FFF80FFFF8000179
:1096E00088000300002FC00038F800203800200850
:1096F0000000080000000000000000000400080452
:10970000000804000807FFF80FFFF8000008000039
:1097100008000008000000000000002008003FF8DA
:10972000003FF8001008002000003FF8003FF8005C
:109730001008002000003FF8003FF800000800007B
:1097400000002008003FF8003FF80010080010005B
:10975000002000002008003FF8001FF8000008006B
:1097600000000000000007C0000FF00018300030BB
:1097700008002008002008003008001830000FF012
:109780000007C0000000000000002001003FFF00B3
:109790003FFF0010110020090020080020080030C1
:1097A00038001FF0000FC00000000000000007C0DC
:1097B000001FF000381800200800200800200900D1
:1097C0001011001FFF003FFF0000010000000020FB
:1097D00008002008002008003FF8003FF8000808B3
:1097E00000100800200800200000300000300000B9
:1097F0000000000000000000000C78001E1800337C
:10980000080023080021080021880021980030F07A
:109810000038600000000000000020000020000070
:10982000200000FFF003FFF80020080020080020BF
:1098300008000030000000000000000000002000D0
:10984000003FF0007FF8000018000008000008004A
:109850002010003FF8007FF0000010000000000022
:1098600000002000003000003C00003F800023F09A
:10987000000078000070002380003C0000300000F1
:109880002000002000003C00003FE00023F8000022
:10989000E0002700003E00003FE00021F80001E06A
:1098A000003E00002000000000002008002008000A
:1098B0003838003E680027800003C8002CF80038C4
:1098C00038002018002008000000000000002000E0
:1098D000003003003C01003F830023EC00007000D7
:1098E0002380003C00002000002000000000000059
:1098F000000000000038080020380020F80023E8AD
:10990000002F88003E080038080020180000700072
:109910000000000000000000000000000000000047
:10992000000008000014001FF7FC300006200002B1
:109930000000000000000000000000000000000027
:109940000000000000000000FFFFFF00000000001A
:109950000000000000000000000000000000000007
:109960002000023000061FF7FC0014000008000071
:1099700000000000000000000000000000000000E7
:1099800000180000600000400000400000200000BF
:109990001000000800000400000400000C0000108B
:1099A000000000000F0000000F000000FF0000009A
:1099B0000F0000000F0000000F000000000000007A
:1099C000800C0000007800008007000020000000EC
:1099D00020000000200000000090010000000F00A7
:1099E00000F00000303132333435363738394142F7
:1099F00043444546403058003031323334353637F1
:109A00003839616263646566403078002C9A0008DA
:109A1000000000206C000000C4010008989A0008B3
:109A20006C00002014B30100E0010008007A030A72
:109A300000000000000000000102030406070809FE
:109A40000000FFFF01000000000000000000000017
:109A50000100000000000000000000000000000005
:109A600000000000000001020304010203040607D5
:109A700008090000A3790008D97900082004002013
:109A800000000068000000102094012000000F6812
:089A900000F0001000000000CE
:040000050800018965
:00000001FF
