:020000040800F2
:10000000988A0020D187000855030008570300088C
:100010005B0300085F0300086303000800000000A2
:10002000000000000000000000000000670300085E
:1000300069030008000000006B0300086D0300085E
:10004000EB870008EB870008EB870008EB870008C8
:10005000EB870008EB870008EB870008EB870008B8
:10006000EB870008EB870008EB870008EB870008A8
:10007000EB870008EB870008EB870008EB87000898
:10008000FD0A0008EB870008EB870008EB870008F3
:10009000EB870008EB870008EB870008EB87000878
:1000A000EB870008EB870008EB870008EB87000868
:1000B000EB870008EB870008EB870008EB87000858
:1000C000EB870008EB870008EB870008EB87000848
:1000D000EB87000847870008EB870008EB870008DC
:1000E000EB870008EB870008EB870008EB87000828
:1000F000EB870008EB870008EB870008EB87000818
:10010000EB870008C5830008EB870008EB87000831
:10011000EB870008EB870008EB870008EB870008F7
:10012000D3060008EB870008EB870008EB87000880
:10013000EB870008EB870008EB870008EB870008D7
:10014000EB870008EB870008EB870008EB870008C7
:10015000EB870008EB870008EB870008EB870008B7
:10016000EB870008EB870008EB870008EB870008A7
:10017000EB870008EB870008EB870008EB87000897
:10018000EB870008EB87000800F002F800F047F862
:100190000AA090E8000C82448344AAF10107DA45E2
:1001A00001D100F03CF8AFF2090EBAE80F0013F0ED
:1001B000010F18BFFB1A43F00103184700DB0000D2
:1001C00020DB0000103A24BF78C878C1FAD8520763
:1001D00024BF30C830C144BF04680C6070470000C1
:1001E0000023002400250026103A28BF78C1FBD840
:1001F000520728BF30C148BF0B60704764290BF01D
:10020000B78178290BF0F08173290BF04B83002024
:1002100070471FB50CF09BF81FBD10B510BD0BF05B
:100220007BFB1146FFF7F5FF00F010F80BF099FB90
:1002300003B4FFF7F2FF03BC08F026FA30BF72B632
:10024000704762B6704780F3088870471CB54FF45A
:10025000A06008F0DDFAA82008F094F94FF4E1302E
:1002600008F01FFA00F034FD04F084F8294908680A
:10027000804701F0BEF923E027A010210B46C822D9
:10028000CDE9001096211E2004F035F84FF4FA70E5
:1002900008F0DAF924A010210B46C822CDE900109D
:1002A00096211E2004F027F84FF4FA7008F0CCF9DC
:1002B0002148006808B9012000E000201E490860BC
:1002C00007F054F80028D7D11CA018210B46302283
:1002D000CDE90010A021602004F00DF819A0102134
:1002E0000B465822CDE90010C821502004F003F835
:1002F0004FF6FF7001F068F9154800F0C7FA00F0FA
:1003000087FC05E000F01FFA00F0CEFA00F088FC50
:10031000F8E7000038000020534420436172642055
:100320004572726F72210000506C656173652043E5
:100330006865636B21200000A4824242496E6974A3
:1003400000000000506C656173652057616974009E
:100350009C000020704700BFFEE700BFFEE700BF23
:10036000FEE700BFFEE77047704770477047000028
:100370000CB50020019000907648006840F4803071
:100380007449086000BF7348006800F400300090B2
:100390000198401C0190009818B90198B0F5A04F41
:1003A000F1D16C48006800F4003010B101200090D9
:1003B00001E0002000900098012846D165484030B7
:1003C000006840F08050634940310860624800682E
:1003D00040F44040604908605E48083000685D496C
:1003E000083108600846006840F40040086008468C
:1003F000006840F4A05008605848091F0860081FB2
:10040000006840F08070091F086000BF5148006814
:1004100000F000700028F9D040F2057050490860E3
:100420004C480830006820F003004A490831086051
:100430000846006840F00200086000BF45480830E8
:10044000006800F00C000828F8D10CBD10B5454834
:10045000006840F47000434908603E48006840F07E
:1004600001003C49086000203A49083108603948D9
:1004700000683D490840374908603C48091D08604C
:10048000081F006820F48020091F086000203149FF
:100490000C310860FFF76CFF4FF000603149803984
:1004A000086010BD70B50020002202230024022144
:1004B000284D08352D6805F00C0020B1042806D021
:1004C000082834D107E02A4D2A4E356033E02A4D02
:1004D000284E35602FE01F4D2D1D2D68C5F380542B
:1004E0001C4D2D1D2D6805F03F0154B1224DB5FB6B
:1004F000F1F5184E361D3668C6F3881605FB06F270
:1005000009E01B4DB5FBF1F5124E361D3668C6F3FA
:10051000881605FB06F20F4D2D1D2D68C5F301450C
:100520006D1C6B00B2FBF3F5124E356003E0104D0D
:10053000104E356000BF00BF064D08352D68C5F36D
:1005400003150E4E705D0B4D2D68C540094E35608C
:1005500070BD0000003802400070004008544007A1
:10056000003C024088ED00E0FFFFF6FE1030002462
:100570000024F4000000002000127A000400002093
:1005800010B50121042008F0BBFF0121880508F007
:10059000B7FF0121080209F00DF80121880309F0D5
:1005A00009F80121022009F005F810BD1CB503204F
:1005B0008DF804000420009000208DF8070003202F
:1005C0008DF805006946F64808F018FA1CBD00B51C
:1005D0008BB00AF065F90020039001904FF4803051
:1005E00002904FF4A060049001A80AF093F9002053
:1005F0008DF8190009904FF06060089001208DF887
:100600002800002005908DF818004FF080500790CA
:1006100005A9E4480AF04FF9072301220C21E1481B
:100620000AF0CFF90121DF480AF076FA0121DD480E
:100630000AF067FA0121DB480AF083F90BB000BD2C
:1006400010B590B004464FF4805005900020019002
:1006500004900C9001200D90039400200E904FF414
:1006600000500990C010079080100A90CD484C307F
:10067000029000200F904FF4006008900020069038
:100680004FF440300B9001A9C7480AF0DDFB01226E
:100690001021C5480AF09FFC38208DF80000012089
:1006A0008DF8030002208DF801008DF802006846E5
:1006B00008F0B3F80022BD49BB480AF026FC01212E
:1006C000B9480AF02EFC0121B7480AF0F7FB10B038
:1006D00010BD10B5B649B4480AF09AFC012826D1DD
:1006E000B448007838B9B4480068401CB249086082
:1006F0000120B2490870B0480068B149884208D169
:10070000B04908600021B04809F0AEFB0020AF49B5
:100710000870AF48007818B90120AD49087002E0B0
:100720000020AB490870A2499F480AF09BFC10BD0D
:1007300001460120002203E000EB80035800521C18
:100740008A42F9DB70477CB59C48007801287CD14F
:100750009948006800EBC00101EB001000039D49BF
:10076000B0FBF1F41020052322460021009008463A
:1007700003F018FD002010232E22014600903020A7
:1007800003F077FC002423E0C4F10601C8B2FFF7B0
:10079000CFFF8949096801EBC10202EB011109038E
:1007A000B1FBF0F200FB1216C4F10501C8B2FFF76D
:1007B000BFFFB6FBF0F51020E11D4FF6FF72009071
:1007C00002EAC10001232A46002103F0EBFC641C6D
:1007D000062CD9DB0020794908707D480078012873
:1007E00010D17D4C10204101CDE900107248006805
:1007F000401E002202EB40310A460023204607F04B
:1008000058FB00BF7248007880B9684C1020410145
:10081000CDE9001068480068401E002202EB40311C
:100820000A460023204607F044FB00BF62480068E8
:1008300018B90021644809F017FB5F480068604957
:10084000884202D100205C4908607CBD0EB55E483C
:1008500009F067FF4FF40070ADF808000020ADF814
:10086000020018200190A720ADF8000000208DF8AC
:100870000A006946544809F06EFA2021524809F0EE
:10088000C3FF0021504809F0EFFA0EBD10B5044631
:10089000FFF776FEFFF78AFE2046FFF7D1FEFFF74F
:1008A00096FEFFF7D3FF10BD1CB5002003F080FDBE
:1008B0004049087008460078012816D1434800785E
:1008C00001286CD14548007838B900213E4809F02C
:1008D000CBFA01204149087061E001213A4809F052
:1008E000C3FA00203D49087059E0324800780228D8
:1008F0002CD136480078012851D10021324809F026
:10090000B3FA0020304924310860002126480AF05B
:10091000D5FA4FF480502449091D0860012122486E
:100920000AF0CCFA002029490870234800682549BC
:10093000086000202049086010200523009021480D
:1009400094210268002003F02DFC28E0194800786B
:10095000032824D11D48007808BB01201B490870DA
:100960001F480078012813D11EA010210B46182221
:10097000CDE900101E21002003F0BDFC1AA01021BB
:100980000B461822CDE900101E21002003F0B3FC15
:1009900001201349087001210B4809F065FA1CBDBC
:1009A0000008024000200140106402409C2000200A
:1009B000208000101E000020140000201C000020D9
:1009C000A086010018000020000401401D00002046
:1009D0002100002040420F009C0000201F0000204A
:1009E00020000020505245004F4B4C0000B587B00E
:1009F0000121480708F0CDFD0121084608F080FDDF
:100A000000200590022006902C20039000200490E6
:100A100003A90AF056FB03208DF8080000208DF88A
:100A20000A001020019000208DF80B0003208DF8A3
:100A3000090001A9974807F0E1FF012100200AF011
:100A40005DFB012100200AF0E1FB002108460AF0CD
:100A5000A3FB07B000BD00B591B00121480508F027
:100A60004FFD00218C480AF029FA02A80AF015FA75
:100A70004FF06060029089480390894804904020BC
:100A8000059080010690002007904FF48060089048
:100A90004000099080000A9040110B9040020C9099
:100AA00000200D9001200E9002A97B480AF0CCF99D
:100AB00010208DF8040001208DF8070002208DF829
:100AC00005008DF8060001A807F0A7FE75497248D9
:100AD0000AF06DFA012210216F480AF07CFA002218
:100AE00071496D480AF011FA01216B480AF019FAB0
:100AF000012169480AF0E2F911B000BD1CB56B494B
:100B000065480AF085FA01285BD169480068401CF5
:100B10006749086067480068401E0968884221D319
:100B20006548007878B901206349087010204101B8
:100B3000CDE900105E48006841030A4600235A4888
:100B400006F026FE0EE000205B49087010204101EF
:100B5000CDE900105648006841030A46002350487A
:100B600006F016FE10200223009051484FF49671B3
:100B70000268002003F016FB4D4800684D490968E3
:100B800088421AD300204A490860102005230090AB
:100B9000484864210268002003F004FB0020464915
:100BA0000870FFF758FF0020444908704449086066
:100BB00000214348243809F057F93C4936480AF0E7
:100BC00051FA1CBD0EB50121042008F0E2FC3C489E
:100BD000243809F0A6FD0020ADF80800ADF80200A9
:100BE000182001905320ADF8000000208DF80A0075
:100BF00069463348243809F0AEF8202130482438BB
:100C000009F002FE00212E48243809F02DF90EBD0E
:100C100010B5FFF720FFFFF7E9FEFFF7D3FF10BD88
:100C20001CB5102000901D4802680523DC2100201F
:100C300003F0B8FA1E48006800EBC00101EB001099
:100C400000032049B0FBF1F4102005232246F021D7
:100C50000090002003F0A6FA1B480078012817D165
:100C600016480078A0B919480078012810D1102042
:100C7000410100221346CDE90010094806F088FD25
:100C800002200E49087001210D48243809F0ECF8C3
:100C90001CBD000000000240886002400874004053
:100CA0009C400020000800209C600020008800205C
:100CB0002400002018000020290000201D00002032
:100CC0002408004040420F001E00002020000020A9
:100CD0001CB50121202008F013FC4FF4C0600090E7
:100CE00001208DF8040000208DF8060003208DF807
:100CF000050001208DF807006946044807F07EFED4
:100D00004FF4C061014807F0F5FE1CBD001402401D
:100D100001B5BDF800000090BDF80000FE49088054
:100D200008BD01B5BDF800000090BDF80000FA490B
:100D3000891C088008BD08B5F748801C0088009011
:100D4000BDF8000008BDF44A10804FF0D842A2F868
:100D50008010704710B504462046FFF7D9FF0520E4
:100D600007F02AFCFFF7E7FF10BDEC480089EA49CD
:100D700008807047E849891C0880704730B50146F3
:100D800001F01F04C1F34513CA0AE50205EB431540
:100D90001544A8B230BD00BF011EA0F10102D0B2BF
:100DA000FAD1704710B502460C46DC48808841F6FF
:100DB0006311884247D1D9488079A8B9D7480088BB
:100DC000401E801A82B2D5494889FFF7A1FF002052
:100DD000FFF7A7FF0020FFF7A4FF1012FFF7A1FF06
:100DE000D0B2FFF79EFF16E0CC494889FFF790FF8D
:100DF0001012FFF796FFD0B2FFF793FFC74909889B
:100E0000491EC1F30F20FFF78CFFC4490978491E22
:100E1000C8B2FFF786FFC1498889FFF779FF201222
:100E2000FFF77FFFE0B2FFF77CFFBC494988491E0E
:100E3000C1F30F20FFF775FFB8498978491EC8B282
:100E4000FFF76FFF3AE0B548808845F210518842BD
:100E500020D1B2494889FFF75BFF1012FFF761FF0D
:100E6000AE494989491C88B2FFF752FFD0B2FFF75B
:100E700058FFAA498889FFF74BFF2012FFF751FF5F
:100E8000A6498989491C88B2FFF742FFE0B2FFF703
:100E900048FF13E0A1494889FFF73AFF1012FFF716
:100EA00040FFD0B2FFF73DFF9C498889FFF730FF34
:100EB0002012FFF736FFE0B2FFF733FF10BD2DE938
:100EC000F04105460E4600240027A04693480088BE
:100ED000A84203DD91484088B04202DC0020BDE812
:100EE000F08131462846FFF75DFF8C48808845F247
:100EF0001051884204D14FF43850FFF709FF02E047
:100F00002E20FFF705FFFFF716FF04468348808871
:100F100041F66311884201D12046E0E7FFF70BFF5D
:100F20000446FFF708FF8046E7B24FF6FF7000EA7D
:100F30000727E012C002B91240EA411040EAE82057
:100F4000CDE700B57548808845F21051884204D13C
:100F50004FF42450FFF7DCFE02E02920FFF7D8FE13
:100F600000BD00B56D48808845F21051884204D11B
:100F70004FF42050FFF7CCFE02E02820FFF7C8FE18
:100F800000BDF0B50546002400276448807901289B
:100F900005D16248808841F66311884208D15F48D4
:100FA0008079F0B95D48808841F66311884218D194
:100FB000082D15D2DFE805F00406080A0C0E101201
:100FC00006250DE007250BE0042509E0052507E0CF
:100FD000012505E0002503E0032501E0022500BF0F
:100FE00000BF082D1CD2DFE805F00406090C0F1223
:100FF000151800BF14E044F0800411E044F04004F0
:101000000EE044F0C0040BE044F0200408E044F09B
:10101000600405E044F0A00402E044F0E00400BFF6
:1010200000BF3E48808845F21051884202D14FF4FB
:10103000585700E036273948808849F241318842C4
:1010400005D03648808847F28971884201D144F042
:10105000080421463846FFF776FE3048808841F67E
:10106000631188421DD004F0200068B12B4800882D
:101070002A494988884214DA28480688408827493E
:101080000880084646800CE02448008823494988A7
:10109000884206DD214806884088204908800846A5
:1010A00046801E48808845F21051884257D11B491E
:1010B0004889FFF72DFE0020FFF733FE17494989C5
:1010C000491C88B2FFF724FE0020FFF72AFE1349CF
:1010D0004989891C88B2FFF71BFE10490988491EFF
:1010E000C1F30F20FFF71DFE0C494989C91C88B2C6
:1010F000FFF70EFE09490978491EC8B2FFF711FE35
:1011000006498889FFF704FE0020FFF70AFE03491D
:101110008989491C88B203E07E00006C9C80002015
:10112000FFF7F6FD0020FFF7FCFDFE498989891CC9
:1011300088B2FFF7EDFDFB494988491EC1F30F2036
:10114000FFF7EFFDF7498989C91C88B2FFF7E0FD79
:10115000F4498978491EC8B2FFF7E3FD2DE0F14953
:101160004889FFF7D5FD0020FFF7DBFD0020FFF7E2
:10117000D8FDEC490988491EC1F30F20FFF7D1FDC6
:10118000E8490978491EC8B2FFF7CBFDE5498889CF
:10119000FFF7BEFD0020FFF7C4FD0020FFF7C1FDF3
:1011A000E0494988491EC1F30F20FFF7BAFDDD4928
:1011B0008978491EC8B2FFF7B4FDF0BD30B50446CA
:1011C0000D4629462046FFF7EDFDFFF7CEFDD64838
:1011D0000088D649088030BD30B504460D46D14858
:1011E000808845F21051884220D1CE494889FFF7C6
:1011F0008FFD2012FFF795FDCA494989491C88B225
:10120000FFF786FDE0B2FFF78CFDC6498889FFF73E
:101210007FFD2812FFF785FDC2498989491C88B2E4
:10122000FFF776FDE8B2FFF77CFD42E0BD4880881D
:1012300041F66311884228D1BA48807920B9B9486B
:101240000088401E001B84B2B6494889FFF760FD44
:101250002012FFF766FDE0B2FFF763FD2012FFF7F3
:1012600060FDE0B2FFF75DFDAE498889FFF750FDF4
:101270002812FFF756FDE8B2FFF753FD2812FFF7DB
:1012800050FDE8B2FFF74DFD13E0A6494889FFF78E
:101290003FFD2012FFF745FDE0B2FFF742FDA149F7
:1012A0008889FFF735FD2812FFF73BFDE8B2FFF70D
:1012B00038FD9C4800899D49891E08804FF0D84020
:1012C000A0F8802030BD70B52DED048B0446BE2003
:1012D000FFF71EFD0520FFF724FD20460AF080FCE5
:1012E00041EC190B9FED920B53EC102B0AF0C8FC4C
:1012F00041EC180B0AF030FC85B22846FFF711FDCF
:101300000120FFF70EFDFF20FFF70BFD0020FFF788
:1013100008FD0020FFF705FDBDEC048B70BD10B586
:10132000044680488471002C45D1F0207D49088016
:101330004FF4A07048800846808845F210518842DA
:1013400010D14FF43050774908814FF4285048812C
:101350004FF42C5088814FF4F07008804FF448709F
:1013600048801AE06F48808841F6631188420DD1A9
:101370002C206C4908812B2048812A2088814FF439
:10138000F07008804FF44870488006E02C206549D2
:1013900008812A2048812B2088816248808845F274
:1013A000103188424CD14FF4A0705E4908804FF450
:1013B000F070488044E04FF4A0705A490880F02053
:1013C00048800846808845F21051884210D14FF479
:1013D0003050544908814FF4285048814FF42C5024
:1013E00088814FF4487008804FF4F07048801AE00C
:1013F0004C48808841F6631188420DD12C20494920
:1014000008812A2048812B2088814FF44870088069
:101410004FF4F070488006E02C20424908812A20D1
:1014200048812B2088813F48808845F210318842CE
:1014300006D14FF4F0703B4908804FF4A07048800B
:101440000020FFF79EFD10BD2DE9F04104460D463A
:101450001E46A018401E87B2A819401E1FFA80F829
:101460003048808841F66311884231D12D48807917
:1014700001282DD02B480088801A001B84B2A8199F
:10148000401E86B227494889FFF742FC2012FFF729
:1014900048FCE0B2FFF745FCA118491EC1F30F203C
:1014A000FFF73FFCA118491EC8B2FFF73AFC1D49DF
:1014B0008889FFF72DFC2812FFF733FCE8B2FFF70D
:1014C00030FC3012FFF72DFCF0B2FFF72AFC79E078
:1014D0001448808845F21051884251D111494889F9
:1014E000FFF716FC2012FFF71CFC0E494989491C26
:1014F00088B2FFF70DFCE0B2FFF713FC09494989F8
:10150000891C88B2FFF704FC3812FFF70AFC054972
:101510004989C91C88B2FFF7FBFBF8B2FFF701FC51
:10152000004909E09C8000202A0000208000006C17
:1015300066666666666604408889FFF7E9FB2812DE
:10154000FFF7EFFBFD498989491C88B2FFF7E0FBF3
:10155000E8B2FFF7E6FBF9498989891C88B2FFF7F1
:10156000D7FB4FEA2820FFF7DCFBF4498989C91C27
:1015700088B2FFF7CDFB08F0FF00FFF7D2FB21E0B8
:10158000EE494889FFF7C4FB2012FFF7CAFBE0B21F
:10159000FFF7C7FB3812FFF7C4FBF8B2FFF7C1FB38
:1015A000E6498889FFF7B4FB2812FFF7BAFBE8B2D7
:1015B000FFF7B7FB4FEA2820FFF7B3FB08F0FF0067
:1015C000FFF7AFFBBDE8F08170B504460026DB48AD
:1015D00005884088454300210846FFF7E3FBFFF7F5
:1015E000C4FB00BF02E0D6480480761CAE42FAD3AA
:1015F00070BD00B5A1B00020209001217A2007F035
:101600007FFF0121084607F0B3FF4FF400401E9012
:1016100001208DF87C0000208DF87E0002208DF8DE
:101620007D0001208DF87F001EA9C64807F0E6F96D
:101630004CF233701E9002208DF87C0000208DF853
:101640007E0003208DF87D0001208DF87F001EA90B
:10165000BD4807F0D3F94FF680701E9002208DF838
:101660007C0000208DF87E0003208DF87D00012095
:101670008DF87F001EA9B54807F0C0F94FF48050DF
:101680001E9002208DF87C0000208DF87E00032043
:101690008DF87D0001208DF87F001EA9AC4807F071
:1016A000ADF94FF480501E9002208DF87C00002090
:1016B0008DF87E0003208DF87D0001208DF87F00DD
:1016C0001EA9A44807F09AF90C2200219E4807F0B1
:1016D00020FA0C2201219C4807F01BFA0C2204215D
:1016E000994807F016FA0C220521974807F011FADD
:1016F0000C220821944807F00CFA0C220921924888
:1017000007F007FA0C220A218F4807F002FA0C2290
:101710000E218D4807F0FDF90C220F218A4807F0B1
:10172000F8F90C220721894807F0F3F90C22082167
:10173000864807F0EEF90C220921844807F0E9F900
:101740000C220A21814807F0E4F90C220B217F4882
:1017500007F0DFF90C2211467C4807F0DAF90C2279
:101760000D217A4807F0D5F90C220E21774807F0B1
:10177000D0F90C220F21754807F0CBF90C22114645
:10178000734807F0C6F90C221146724807F0C1F9F8
:101790000F200890002009903C200A9000200B9018
:1017A0000C900D900E9009200190002002900820CE
:1017B00003900020049005900690079006200F905B
:1017C000002010901190102012900020139015907E
:1017D0001490169017904FF4805018900020199094
:1017E0004FF480401A9000201B9008A81C9001A87C
:1017F0001D900FA807F0E1F90121062007F068FA13
:10180000322006F021FFD320FFF782FAFFF793FA88
:101810004A498880FFF78FFA48498880FFF78BFA9A
:1018200046498880084680884FF6FF7101EA00200B
:1018300042498880FFF77FFA4049898808433F4939
:1018400088800846808849F24131884275D004205A
:10185000FFF75EFAFFF76FFA38498880FFF76BFAF7
:1018600036498880FFF767FA3449888008468088BF
:101870004FF6FF7101EA002030498880FFF75BFADC
:101880002E49898808432D4988800846808848F277
:101890005251884203D147F28970284988802748ED
:1018A000808847F289718842D0D0D420FFF730FA7F
:1018B000FFF741FA21498880FFF73DFA1F498880E8
:1018C000FFF739FA1D498880084680884FF6FF7176
:1018D00001EA002019498880FFF72DFA1749898805
:1018E0000843164988800846808845F210318842AE
:1018F00079D055214FF47040FFF725FAAA214FF215
:101900000100FFF720FA52214FF20200FFF71BFA05
:1019100008214FF20300FFF716FA01214FF20400ED
:10192000FFF711FA4FF44540FFF7F2F9FFF703FA1A
:1019300002498880084680880EE054E09C800020A0
:101940008000006C00040240000C024000100240C5
:1019500000140240001802404FF6FF7101EA002017
:10196000FE4988804CF20150FFF7D2F9FFF7E3F906
:10197000FA4989880843F9498880052006F064FE01
:10198000F6488088B0F5004F03D145F21050F34976
:101990008880F248808845F21051884223D0A120E7
:1019A000FFF7B6F9FFF7C7F9EC498880FFF7C3F9ED
:1019B000EA498880084680884FF6FF7101EA0020D6
:1019C000E6498880FFF7B7F9E44989880843E34985
:1019D00088800846808845F26171884203D141F6CB
:1019E0006310DE498880DD48808849F241318842B1
:1019F00017D0DA48808847F28971884211D0D748D9
:101A0000808845F2103188420BD0D448808845F256
:101A10001051884205D0D148808841F66311884230
:101A20002CD1CF48006820F00F004FF02041C1F8C2
:101A30001C010846D0F81C0120F47060C1F81C019C
:101A40000846D0F81C0140F00300C1F81C01C3484F
:101A5000808847F28971884208D1C148006840F403
:101A600040704FF02041C1F81C0107E0BC480068FD
:101A700040F400704FF02041C1F81C01B748818844
:101A8000B8A009F00BFDB548808849F24131884281
:101A90007ED1CF20FFF73CF90020FFF742F9C120AB
:101AA000FFF73FF93020FFF73CF9ED20FFF730F961
:101AB0006420FFF736F90320FFF733F91220FFF710
:101AC00030F98120FFF72DF9E820FFF721F9852073
:101AD000FFF727F91020FFF724F97A20FFF721F903
:101AE000CB20FFF715F93920FFF71BF92C20FFF762
:101AF00018F90020FFF715F93420FFF712F902203A
:101B0000FFF70FF9F720FFF703F92020FFF709F996
:101B1000EA20FFF7FDF80020FFF703F90020FFF7A8
:101B200000F9C020FFF7F4F81B20FFF7FAF8C120F6
:101B3000FFF7EEF80120FFF7F4F8C520FFF7E8F80B
:101B40003020FFF7EEF83020FFF7EBF8C720FFF763
:101B5000DFF8B720FFF7E5F83620FFF7D9F848207F
:101B6000FFF7DFF83A20FFF7D3F85520FFF7D9F851
:101B7000B120FFF7CDF80020FFF7D3F81A20FFF7C8
:101B8000D0F8B620FFF7C4F80A20FFF7CAF800E043
:101B900097E0A220FFF7C5F8F220FFF7B9F8002080
:101BA000FFF7BFF82620FFF7B3F80120FFF7B9F8D9
:101BB000E020FFF7ADF80F20FFF7B3F82A20FFF77A
:101BC000B0F82820FFF7ADF80820FFF7AAF80E209C
:101BD000FFF7A7F80820FFF7A4F85420FFF7A1F8B3
:101BE000A920FFF79EF84320FFF79BF80A20FFF794
:101BF00098F80F20FFF795F80020FFF792F80020E3
:101C0000FFF78FF80020FFF78CF80020FFF789F826
:101C1000E120FFF77DF80020FFF783F81520FFF79C
:101C200080F81720FFF77DF80720FFF77AF81120DA
:101C3000FFF777F80620FFF774F82B20FFF771F80D
:101C40005620FFF76EF83C20FFF76BF80520FFF7F2
:101C500068F81020FFF765F80F20FFF762F83F20C3
:101C6000FFF75FF83F20FFF75CF80F20FFF759F808
:101C70002B20FFF74DF80020FFF753F80020FFF767
:101C800050F80120FFF74DF83F20FFF74AF82A20CF
:101C9000FFF73EF80020FFF744F80020FFF741F877
:101CA0000020FFF73EF8EF20FFF73BF81120FFF789
:101CB0002FF8782006F0C8FC2920FFF729F802F059
:101CC000B3B82648808847F2897188427DD11120B7
:101CD000FFF71EF8782006F0B7FC3620FFF718F85B
:101CE0000020FFF71EF83A20FFF712F80520FFF753
:101CF00018F8B220FFF70CF80C20FFF712F80C20B0
:101D0000FFF70FF80020FFF70CF83320FFF709F872
:101D10003320FFF706F8B720FEF7FAFF3520FFF76C
:101D200000F8BB20FEF7F4FF3220FEF7FAFFC020D8
:101D3000FEF7EEFF0C20FEF7F4FFC220FEF7E8FFEF
:101D40000120FEF7EEFFC320FEF7E2FF1020FEF7B2
:101D5000E8FFC420FEF7DCFF20200BE09C80002081
:101D60001C0100A0204C43442049443A25780D0A28
:101D700000000000FEF7D5FFC620FEF7C9FF0F20C8
:101D8000FEF7CFFFD020FEF7C3FFA420FEF7C9FF68
:101D9000A120FEF7C6FFE020FEF7BAFFD020FEF735
:101DA000C0FF0020FEF7BDFF0220FEF7BAFF0720AC
:101DB000FEF7B7FF0A20FEF7B4FF2820FEF7B1FFB9
:101DC0003220FEF7AEFF442000E062E0FEF7A9FFFC
:101DD0004220FEF7A6FF0620FEF7A3FF0E20FEF727
:101DE000A0FF1220FEF79DFF1420FEF79AFF172098
:101DF000FEF797FFE120FEF78BFFD020FEF791FF63
:101E00000020FEF78EFF0220FEF78BFF0720FEF773
:101E100088FF0A20FEF785FF2820FEF782FF312089
:101E2000FEF77FFF5420FEF77CFF4720FEF779FF87
:101E30000E20FEF776FF1C20FEF773FF1720FEF73B
:101E400070FF1B20FEF76DFF1E20FEF76AFF2A20A1
:101E5000FEF75EFF0020FEF764FF0020FEF761FF43
:101E60000020FEF75EFFEF20FEF75BFF2B20FEF762
:101E70004FFF0020FEF755FF0020FEF752FF012024
:101E8000FEF74FFF3F20FEF74CFF2920FEF740FFF3
:101E900015E7FE48808845F21031884240F07C8783
:101EA000ED20FEF735FF0120FEF73BFFFE20FEF799
:101EB00038FFEE20FEF72CFFDE20FEF732FF212058
:101EC000FEF72FFFF120FEF723FF0120FEF729FF89
:101ED000DF20FEF71DFF1020FEF723FFC420FEF7D2
:101EE00017FF8F20FEF71DFFC620FEF711FF002011
:101EF000FEF717FFE220FEF714FFE220FEF711FFC6
:101F0000E220FEF70EFFBF20FEF702FFAA20FEF739
:101F100008FFB020FEF7FCFE0D20FEF702FF0020B8
:101F2000FEF7FFFE0D20FEF7FCFE0020FEF7F9FE97
:101F30001120FEF7F6FE0020FEF7F3FE1920FEF753
:101F4000F0FE0020FEF7EDFE2120FEF7EAFE002065
:101F5000FEF7E7FE2D20FEF7E4FE0020FEF7E1FE8F
:101F60003D20FEF7DEFE0020FEF7DBFE5D20FEF7E3
:101F7000D8FE0020FEF7D5FE5D20FEF7D2FE002041
:101F8000FEF7CFFEB120FEF7C3FE8020FEF7C9FEAC
:101F90000020FEF7C6FE8B20FEF7C3FE0020FEF7F2
:101FA000C0FE9620FEF7BDFE0020FEF7BAFEB2206E
:101FB000FEF7AEFE0020FEF7B4FE0020FEF7B1FEF5
:101FC0000220FEF7AEFE0020FEF7ABFE0320FEF778
:101FD000A8FE0020FEF7A5FEB320FEF799FE002024
:101FE000FEF79FFE0020FEF79CFE0020FEF799FE04
:101FF0000020FEF796FE0020FEF793FE0020FEF77D
:1020000090FE0020FEF78DFE0020FEF78AFE0020E5
:10201000FEF787FE0020FEF784FE0020FEF781FE1B
:102020000020FEF77EFE0020FEF77BFE0020FEF77C
:1020300078FE0020FEF775FE0020FEF772FE0020FD
:10204000FEF76FFE0020FEF76CFE0020FEF769FE33
:102050000020FEF766FE0020FEF763FE0020FEF77C
:1020600060FE0020FEF75DFE0020FEF75AFEB42061
:10207000FEF74EFE8B20FEF754FE0020FEF751FEC9
:102080009620FEF74EFE0020FEF74BFEA120FEF745
:1020900048FE0020FEF745FEB520FEF739FE02207F
:1020A000FEF73FFE0020FEF73CFE0320FEF739FE60
:1020B0000020FEF736FE0420FEF733FE0020FEF778
:1020C00030FEB620FEF724FE0020FEF72AFE002098
:1020D000FEF727FEB720FEF71BFE0020FEF721FECD
:1020E0000020FEF71EFE3F20FEF71BFE0020FEF73D
:1020F00018FE5E20FEF715FE0020FEF712FE64209B
:10210000FEF70FFE0020FEF70CFE8C20FEF709FE06
:102110000020FEF706FEAC20FEF703FE0020FEF7CF
:1021200000FEDC20FEF7FDFD0020FEF7FAFD70202A
:10213000FEF7F7FD0020FEF7F4FD9020FEF7F1FD1D
:102140000020FEF7EEFDEB20FEF7EBFD0020FEF792
:10215000E8FDDC20FEF7E5FD0020FEF7E2FDB820FB
:10216000FEF7D6FD0020FEF7DCFD0020FEF7D9FDCE
:102170000020FEF7D6FD0020FEF7D3FD0020FEF77D
:10218000D0FD0020FEF7CDFD0020FEF7CAFD0020A7
:10219000FEF7C7FDBA20FEF7BBFD2420FEF7C1FD08
:1021A0000020FEF7BEFD0020FEF7BBFD0020FEF77D
:1021B000B8FDC120FEF7ACFD2020FEF7B2FD0020E7
:1021C000FEF7AFFD5420FEF7ACFD0020FEF7A9FDA1
:1021D000FF20FEF7A6FD0020FEF7A3FDC220FEF7BC
:1021E00097FD0A20FEF79DFD0020FEF79AFD0420D2
:1021F000FEF797FD0020FEF794FDC320FEF788FD53
:102200003C20FEF78EFD0020FEF78BFD3A20FEF706
:1022100088FD0020FEF785FD3920FEF782FD0020B5
:10222000FEF77FFD3720FEF77CFD0020FEF779FDED
:102230003C20FEF776FD0020FEF773FD3620FEF70A
:1022400070FD0020FEF76DFD3220FEF76AFD0020D4
:10225000FEF767FD2F20FEF764FD0020FEF761FD0D
:102260002C20FEF75EFD0020FEF75BFD2920FEF727
:1022700058FD0020FEF755FD2620FEF752FD0020F8
:10228000FEF74FFD2420FEF74CFD01E09C8000206E
:102290000020FEF746FD2420FEF743FD0020FEF758
:1022A00040FD2320FEF73DFD0020FEF73AFD3C20D7
:1022B000FEF737FD0020FEF734FD3620FEF731FD36
:1022C0000020FEF72EFD3220FEF72BFD0020FEF74A
:1022D00028FD2F20FEF725FD0020FEF722FD2C20F3
:1022E000FEF71FFD0020FEF71CFD2920FEF719FD5B
:1022F0000020FEF716FD2620FEF713FD0020FEF756
:1023000010FD2420FEF70DFD0020FEF70AFD24201D
:10231000FEF707FD0020FEF704FD2320FEF701FD78
:102320000020FEF7FEFCC420FEF7F2FC6220FEF760
:10233000F8FC0020FEF7F5FC0520FEF7F2FC00207B
:10234000FEF7EFFC8420FEF7ECFC0020FEF7E9FC32
:10235000F020FEF7E6FC0020FEF7E3FC1820FEF775
:10236000E0FC0020FEF7DDFCA420FEF7DAFC0020F4
:10237000FEF7D7FC1820FEF7D4FC0020FEF7D1FCB6
:102380005020FEF7CEFC0020FEF7CBFC0C20FEF721
:10239000C8FC0020FEF7C5FC1720FEF7C2FC002099
:1023A000FEF7BFFC9520FEF7BCFC0020FEF7B9FC51
:1023B000F320FEF7B6FC0020FEF7B3FCE620FEF7A4
:1023C000B0FC0020FEF7ADFCC520FEF7A1FC3220DA
:1023D000FEF7A7FC0020FEF7A4FC4420FEF7A1FCBA
:1023E0000020FEF79EFC6520FEF79BFC0020FEF718
:1023F00098FC7620FEF795FC0020FEF792FC8820E2
:10240000FEF78FFC0020FEF78CFCC620FEF780FC58
:102410002020FEF786FC0020FEF783FC1720FEF745
:1024200080FC0020FEF77DFC0120FEF77AFC0020F6
:10243000FEF777FCC720FEF76BFC0020FEF771FC6F
:102440000020FEF76EFC0020FEF76BFC0020FEF77C
:1024500068FCC820FEF75CFC0020FEF762FC002050
:10246000FEF75FFC0020FEF75CFC0020FEF759FC45
:10247000C920FEF74DFC0020FEF753FC0020FEF7BC
:1024800050FC0020FEF74DFC0020FEF74AFC002027
:10249000FEF747FC0020FEF744FC0020FEF741FC5D
:1024A0000020FEF73EFC0020FEF73BFC0020FEF77C
:1024B00038FC0020FEF735FC0020FEF732FC00203F
:1024C000FEF72FFC0020FEF72CFC0020FEF729FC75
:1024D0000020FEF726FCE020FEF71AFC1620FEF78F
:1024E00020FC0020FEF71DFC1C20FEF71AFC00203B
:1024F000FEF717FC2120FEF714FC0020FEF711FC6C
:102500003620FEF70EFC0020FEF70BFC4620FEF7FF
:1025100008FC0020FEF705FC5220FEF702FC00201C
:10252000FEF7FFFB6420FEF7FCFB0020FEF7F9FB43
:102530007A20FEF7F6FB0020FEF7F3FB8B20FEF778
:10254000F0FB0020FEF7EDFB9920FEF7EAFB0020F0
:10255000FEF7E7FBA820FEF7E4FB0020FEF7E1FB17
:10256000B920FEF7DEFB0020FEF7DBFBC420FEF700
:10257000D8FB0020FEF7D5FBCA20FEF7D2FB0020D7
:10258000FEF7CFFBD220FEF7CCFB0020FEF7C9FB05
:10259000D920FEF7C6FB0020FEF7C3FBE020FEF7C4
:1025A000C0FB0020FEF7BDFBF320FEF7BAFB0020C6
:1025B000FEF7B7FBE120FEF7ABFB1620FEF7B1FB01
:1025C0000020FEF7AEFB1C20FEF7ABFB0020FEF761
:1025D000A8FB2220FEF7A5FB0020FEF7A2FB362079
:1025E000FEF79FFB0020FEF79CFB4520FEF799FBC2
:1025F0000020FEF796FB5220FEF793FB0020FEF72B
:1026000090FB6420FEF78DFB0020FEF78AFB7A200A
:10261000FEF787FB0020FEF784FB8B20FEF781FB93
:102620000020FEF77EFB9920FEF77BFB0020FEF7E3
:1026300078FBA820FEF775FB0020FEF772FBB9209F
:10264000FEF76FFB0020FEF76CFBC420FEF769FB72
:102650000020FEF766FBCA20FEF763FB0020FEF7B2
:1026600060FBD220FEF75DFB0020FEF75AFBD8206E
:10267000FEF757FB0020FEF754FBE020FEF751FB6E
:102680000020FEF74EFBF320FEF74BFB0020FEF789
:1026900048FBE220FEF73CFB0520FEF742FB002052
:1026A000FEF73FFB0B20FEF73CFB0020FEF739FB5B
:1026B0001B20FEF736FB0020FEF733FB3420FEF72D
:1026C00030FB0020FEF72DFB4420FEF72AFB002004
:1026D000FEF727FB4F20FEF724FB0020FEF721FB2F
:1026E0006120FEF71EFB0020FEF71BFB7920FEF7A2
:1026F00018FB0020FEF715FB8820FEF712FB0020D8
:10270000FEF70FFB9720FEF70CFB0020FEF709FBFE
:10271000A620FEF706FB0020FEF703FBB720FEF71E
:1027200000FB0020FEF7FDFAC220FEF7FAFA0020B7
:10273000FEF7F7FAC720FEF7F4FA0020FEF7F1FAE9
:10274000D120FEF7EEFA0020FEF7EBFAD620FEF7D6
:10275000E8FA0020FEF7E5FADD20FEF7E2FA0020B5
:10276000FEF7DFFAF320FEF7DCFA0020FEF7D9FAD5
:10277000E320FEF7CDFA0520FEF7D3FA0020FEF79E
:10278000D0FA0A20FEF7CDFA0020FEF7CAFA1C2084
:10279000FEF7C7FA0020FEF7C4FA3320FEF7C1FAAD
:1027A0000020FEF7BEFA4420FEF7BBFA0020FEF739
:1027B000B8FA5020FEF7B5FA0020FEF7B2FA622010
:1027C000FEF7AFFA0020FEF7ACFA7820FEF7A9FA80
:1027D0000020FEF7A6FA8820FEF7A3FA0020FEF7F5
:1027E000A0FA9720FEF79DFA0020FEF79AFAA6209D
:1027F000FEF797FA0020FEF794FAB720FEF791FA59
:102800000020FEF78EFAC220FEF78BFA0020FEF7BA
:1028100088FAC720FEF785FA0020FEF782FAD12059
:10282000FEF77FFA0020FEF77CFAD520FEF779FA52
:102830000020FEF776FADD20FEF773FA0020FEF79F
:1028400070FAF320FEF76DFA0020FEF76AFAE42032
:10285000FEF75EFA0120FEF764FA0020FEF761FA47
:102860000120FEF75EFA0020FEF75BFA0220FEF779
:1028700058FA0020FEF755FA2A20FEF752FA0020F7
:10288000FEF74FFA3C20FEF74CFA0020FEF749FA1B
:102890004B20FEF746FA0020FEF743FA5D20FEF7D4
:1028A00040FA0020FEF73DFA7420FEF73AFA0020C5
:1028B000FEF737FA8420FEF734FA0020FEF731FAEB
:1028C0009320FEF72EFA0020FEF72BFAA220FEF747
:1028D00028FA0020FEF725FAB320FEF722FA00209E
:1028E000FEF71FFABE20FEF71CFA0020FEF719FAC9
:1028F000C420FEF716FA0020FEF713FACD20FEF7EB
:1029000010FA0020FEF70DFAD320FEF70AFA002095
:10291000FEF707FADD20FEF704FA0020FEF701FAC1
:10292000F320FEF7FEF90020FEF7FBF9E520FEF7A5
:10293000EFF90020FEF7F5F90020FEF7F2F900208C
:10294000FEF7EFF90020FEF7ECF90220FEF7E9F9B7
:102950000020FEF7E6F92920FEF7E3F90020FEF754
:10296000E0F93C20FEF7DDF90020FEF7DAF94B2014
:10297000FEF7D7F90020FEF7D4F95D20FEF7D1F974
:102980000020FEF7CEF97420FEF7CBF90020FEF709
:10299000C8F98420FEF7C5F90020FEF7C2F993209C
:1029A000FEF7BFF90020FEF7BCF9A220FEF7B9F947
:1029B0000020FEF7B6F9B320FEF7B3F90020FEF7CA
:1029C000B0F9BE20FEF7ADF90020FEF7AAF9C42049
:1029D000FEF7A7F90020FEF7A4F9CD20FEF7A1F934
:1029E0000020FEF79EF9D320FEF79BF90020FEF7AA
:1029F00098F9DC20FEF795F90020FEF792F9F32014
:102A0000FEF78FF90020FEF78CF9E620FEF780F93B
:102A10001120FEF786F90020FEF783F93420FEF737
:102A200080F90020FEF77DF95620FEF77AF90020A4
:102A3000FEF777F97620FEF774F90020FEF771F9BA
:102A40007720FEF76EF90020FEF76BF96620FEF79F
:102A500068F90020FEF765F98820FEF762F900208A
:102A6000FEF75FF99920FEF75CF90020FEF759F9AF
:102A7000BB20FEF756F90020FEF753F99920FEF728
:102A800050F90020FEF74DF96620FEF74AF90020C4
:102A9000FEF747F95520FEF744F90020FEF741F90B
:102AA0005520FEF73EF90020FEF73BF94520FEF7E2
:102AB00038F90020FEF735F94320FEF732F90020FF
:102AC000FEF72FF94420FEF72CF90020FEF729F934
:102AD000E720FEF71DF93220FEF723F90020FEF76C
:102AE00020F95520FEF71DF90020FEF71AF976208F
:102AF000FEF717F90020FEF714F96620FEF711F92A
:102B00000020FEF70EF96720FEF70BF90020FEF714
:102B100008F96720FEF705F90020FEF702F9872083
:102B2000FEF7FFF80020FEF7FCF89920FEF7F9F811
:102B30000020FEF7F6F8BB20FEF7F3F80020FEF7C2
:102B4000F0F89920FEF7EDF80020FEF7EAF877207C
:102B5000FEF7E7F80020FEF7E4F84420FEF7E1F87E
:102B60000020FEF7DEF85620FEF7DBF80020FEF727
:102B7000D8F82320FEF7D5F80020FEF7D2F833204E
:102B8000FEF7CFF80020FEF7CCF84520FEF7C9F895
:102B90000020FEF7C6F8E820FEF7BAF80020FEF79E
:102BA000C0F80020FEF7BDF89920FEF7BAF8002023
:102BB000FEF7B7F88720FEF7B4F80020FEF7B1F86B
:102BC0008820FEF7AEF80020FEF7ABF87720FEF77E
:102BD000A8F80020FEF7A5F86620FEF7A2F800206E
:102BE000FEF79FF88820FEF79CF80020FEF799F882
:102BF000AA20FEF796F80020FEF793F8BB20FEF718
:102C000090F80020FEF78DF89920FEF78AF8002052
:102C1000FEF787F86620FEF784F80020FEF781F8BB
:102C20005520FEF77EF80020FEF77BF85520FEF7D2
:102C300078F80020FEF775F84420FEF772F80020BF
:102C4000FEF76FF84420FEF76CF80020FEF769F8F5
:102C50005520FEF766F80020FEF763F8E920FEF73E
:102C600057F8AA20FEF75DF80020FEF75AF800207A
:102C7000FEF757F80020FEF754F80020FEF748F85A
:102C8000AA20FEF74EF8CF20FEF742F80020FEF70C
:102C900048F80020FEF745F80020FEF742F8002033
:102CA000FEF73FF80020FEF73CF80020FEF739F869
:102CB0000020FEF736F80020FEF733F80020FEF77C
:102CC00030F80020FEF72DF80020FEF72AF800204B
:102CD000FEF727F80020FEF724F80020FEF721F881
:102CE0000020FEF71EF80020FEF71BF80020FEF77C
:102CF00018F8F020FEF70CF80020FEF712F850202C
:102D0000FEF70FF80020FEF70CF80020FEF709F898
:102D10000020FEF706F8F320FDF7FAFF0020FEF78B
:102D200000F8F920FDF7F4FF0620FDF7FAFF102068
:102D3000FDF7F7FF2920FDF7F4FF0020FDF7F1FF75
:102D40003A20FDF7E5FF5520FDF7EBFF1120FDF7D9
:102D5000DFFF642005F078FC2920FDF7D9FF35203E
:102D6000FDF7D6FF0020FDF7DCFF5120FDF7D0FF77
:102D7000FF20FDF7D6FF5320FDF7CAFF2C20FDF7FB
:102D8000D0FF5520FDF7C4FF8220FDF7CAFF2C209D
:102D9000FDF7BEFF01F048B8FE48808845F21051AB
:102DA00088427DD155214FF47040FDF7CCFFAA2118
:102DB0004FF20100FDF7C7FF52214FF20200FDF76D
:102DC000C2FF08214FF20300FDF7BDFF01214FF2C2
:102DD0000400FDF7B8FF0D214FF43040FDF7B3FFBD
:102DE0000D214BF20100FDF7AEFF0D214BF2020069
:102DF000FDF7A9FF34214FF43640FDF7A4FF34213D
:102E00004BF20160FDF79FFF34214BF20260FDF7AA
:102E10009AFF0D214FF43140FDF795FF0D214BF244
:102E20000110FDF790FF0D214BF20210FDF78BFF13
:102E300034214FF43740FDF786FF34214BF2017007
:102E4000FDF781FF34214BF20270FDF77CFF00217A
:102E50004FF43240FDF777FF00214BF20120FDF7E0
:102E600072FF00214BF20220FDF76DFF24214FF489
:102E70003840FDF768FF24214BF60100FDF763FFA2
:102E800024214BF60200FDF75EFF01214FF43F4085
:102E9000FDF759FF0F214FF43340FDF754FF00E0D9
:102EA000FDE30F214BF20130FDF74DFF0F214BF2F7
:102EB0000230FDF748FF34214FF43940FDF743FF5E
:102EC00034214BF60110FDF73EFF34214BF6021082
:102ED000FDF739FF08214FF43540FDF734FF082195
:102EE0004BF20150FDF72FFF08214BF20250FDF786
:102EF0002AFF03214FF44240FDF725FF24214FF420
:102F00003A40FDF720FF24214BF60120FDF71BFF7F
:102F100024214BF60220FDF716FF00214FF43C4020
:102F2000FDF711FF78214BF60140FDF70CFF002162
:102F30004BF60240FDF707FF00214FF43D40FDF73F
:102F400002FF78214BF60150FDF7FDFE00214BF604
:102F50000250FDF7F8FE00214FF43E40FDF7F3FE6E
:102F600064214BF60160FDF7EEFE00214FF4514065
:102F7000FDF7E9FE33214DF20110FDF7E4FE0021DB
:102F80004DF20210FDF7DFFE34214DF20310FDF784
:102F9000DAFE00214DF20410FDF7D5FE3A214DF284
:102FA0000510FDF7D0FE00214DF20610FDF7CBFE17
:102FB0004A214DF20710FDF7C6FE00214DF2081020
:102FC000FDF7C1FE5C214DF20910FDF7BCFE0021AA
:102FD0004DF20A10FDF7B7FE81214DF20B10FDF7FF
:102FE000B2FE00214DF20C10FDF7ADFEA6214DF210
:102FF0000D10FDF7A8FE00214DF20E10FDF7A3FE07
:10300000E5214DF20F10FDF79EFE01214DF210104B
:10301000FDF799FE13214DF21110FDF794FE0121E9
:103020004DF21210FDF78FFE54214DF21310FDF7F3
:103030008AFE01214DF21410FDF785FE82214DF22A
:103040001510FDF780FE01214DF21610FDF77BFEF5
:10305000CA214DF21710FDF776FE02214DF218102D
:10306000FDF771FE00214DF21910FDF76CFE0221F3
:103070004DF21A10FDF767FE01214DF21B10FDF70E
:1030800062FE02214DF21C10FDF75DFE34214DF26F
:103090001D10FDF758FE02214DF21E10FDF753FEE4
:1030A00067214DF21F10FDF74EFE02214DF2201058
:1030B000FDF749FE84214DF22110FDF744FE022167
:1030C0004DF22210FDF73FFEA4214DF22310FDF733
:1030D0003AFE02214DF22410FDF735FEB7214DF2E4
:1030E0002510FDF730FE02214DF22610FDF72BFED4
:1030F000CF214DF22710FDF726FE02214DF22810B8
:10310000FDF721FEDE214DF22910FDF71CFE022104
:103110004DF22A10FDF717FEF2214DF22B10FDF7AC
:1031200012FE02214DF22C10FDF70DFEFE214DF294
:103130002D10FDF708FE03214DF22E10FDF703FEC2
:1031400010214DF22F10FDF7FEFD03214DF230103E
:10315000FDF7F9FD33214DF23110FDF7F4FD0321A8
:103160004DF23210FDF7EFFD6D214DF23310FDF7FA
:10317000EAFD00214FF45240FDF7E5FD33214DF209
:103180000120FDF7E0FD00214DF20220FDF7DBFDFF
:10319000342101E09C8000204DF20320FDF7D3FD97
:1031A00000214DF20420FDF7CEFD3A214DF205201D
:1031B000FDF7C9FD00214DF20620FDF7C4FD4A21AF
:1031C0004DF20720FDF7BFFD00214DF20820FDF76D
:1031D000BAFD5C214DF20920FDF7B5FD00214DF24D
:1031E0000A20FDF7B0FD81214DF20B20FDF7ABFD6C
:1031F00000214DF20C20FDF7A6FDA6214DF20D2079
:10320000FDF7A1FD00214DF20E20FDF79CFDE5210B
:103210004DF20F20FDF797FD01214DF21020FDF733
:1032200092FD13214DF21120FDF78DFD01214DF28C
:103230001220FDF788FD54214DF21320FDF783FD88
:1032400001214DF21420FDF77EFD82214DF2152063
:10325000FDF779FD01214DF21620FDF774FDCA211D
:103260004DF21720FDF76FFD02214DF21820FDF7FA
:103270006AFD00214DF21920FDF765FD02214DF296
:103280001A20FDF760FD01214DF21B20FDF75BFDCB
:1032900002214DF21C20FDF756FD34214DF21D2078
:1032A000FDF751FD02214DF21E20FDF74CFD672177
:1032B0004DF21F20FDF747FD02214DF22020FDF7C2
:1032C00042FD84214DF22120FDF73DFD02214DF20A
:1032D0002220FDF738FDA4214DF22320FDF733FD18
:1032E00002214DF22420FDF72EFDB7214DF22520BD
:1032F000FDF729FD02214DF22620FDF724FDCF2107
:103300004DF22720FDF71FFD02214DF22820FDF789
:103310001AFDDE214DF22920FDF715FD02214DF2A7
:103320002A20FDF710FDF2214DF22B20FDF70BFDB9
:1033300002214DF22C20FDF706FDFE214DF22D203D
:10334000FDF701FD03214DF22E20FDF7FCFC1021BD
:103350004DF22F20FDF7F7FC03214DF23020FDF751
:10336000F2FC33214DF23120FDF7EDFC03214DF24B
:103370003220FDF7E8FC6D214DF23320FDF7E3FC30
:1033800000214FF45340FDF7DEFC33214DF20130B4
:10339000FDF7D9FC00214DF20230FDF7D4FC3421B9
:1033A0004DF20330FDF7CFFC00214DF20430FDF764
:1033B000CAFC3A214DF20530FDF7C5FC00214DF263
:1033C0000630FDF7C0FC4A214DF20730FDF7BBFC8B
:1033D00000214DF20830FDF7B6FC5C214DF20930BA
:1033E000FDF7B1FC00214DF20A30FDF7ACFC812164
:1033F0004DF20B30FDF7A7FC00214DF20C30FDF72C
:10340000A2FCA6214DF20D30FDF79DFC00214DF2EE
:103410000E30FDF798FCE5214DF20F30FDF793FCDF
:1034200001214DF21030FDF78EFC13214DF21130C9
:10343000FDF789FC01214DF21230FDF784FC542187
:103440004DF21330FDF77FFC01214DF21430FDF7F2
:103450007AFC82214DF21530FDF775FC01214DF209
:103460001630FDF770FCCA214DF21730FDF76BFCEA
:1034700002214DF21830FDF766FC00214DF21930A3
:10348000FDF761FC02214DF21A30FDF75CFC0121D1
:103490004DF21B30FDF757FC02214DF21C30FDF7B9
:1034A00052FC34214DF21D30FDF74DFC02214DF24E
:1034B0001E30FDF748FC67214DF21F30FDF743FC3D
:1034C00002214DF22030FDF73EFC84214DF22130E7
:1034D000FDF739FC02214DF22230FDF734FCA42126
:1034E0004DF22330FDF72FFC02214DF22430FDF781
:1034F0002AFCB7214DF22530FDF725FC02214DF2C3
:103500002630FDF720FCCF214DF22730FDF71BFCC4
:1035100002214DF22830FDF716FCDE214DF2293054
:10352000FDF711FC02214DF22A30FDF70CFCF221CF
:103530004DF22B30FDF707FC02214DF22C30FDF748
:1035400002FCFE214DF22D30FDF7FDFB03214DF273
:103550002E30FDF7F8FB10214DF22F30FDF7F3FB75
:1035600003214DF23030FDF7EEFB33214DF23130C7
:10357000FDF7E9FB03214DF23230FDF7E4FB6D214D
:103580004DF23330FDF7DFFB00214FF45440FDF7DF
:10359000DAFB33214DF20140FDF7D5FB00214DF25E
:1035A0000240FDF7D0FB34214DF20340FDF7CBFB89
:1035B00000214DF20440FDF7C6FB3A214DF20540D3
:1035C000FDF7C1FB00214DF20640FDF7BCFB4A218F
:1035D0004DF20740FDF7B7FB00214DF20840FDF723
:1035E000B2FB5C214DF20940FDF7ADFB00214DF22D
:1035F0000A40FDF7A8FB81214DF20B40FDF7A3FB2C
:1036000000214DF20C40FDF79EFBA6214DF20D402E
:10361000FDF799FB00214DF20E40FDF794FBE521EB
:103620004DF20F40FDF78FFB01214DF21040FDF7E9
:103630008AFB13214DF21140FDF785FB01214DF26C
:103640001240FDF780FB54214DF21340FDF77BFB48
:1036500001214DF21440FDF776FB82214DF2154019
:10366000FDF771FB01214DF21640FDF76CFBCA21FD
:103670004DF21740FDF767FB02214DF21840FDF7B0
:1036800062FB00214DF21940FDF75DFB02214DF276
:103690001A40FDF758FB01214DF21B4000E005E305
:1036A000FDF751FB02214DF21C40FDF74CFB34218C
:1036B0004DF21D40FDF747FB02214DF21E40FDF784
:1036C00042FB67214DF21F40FDF73DFB02214DF209
:1036D0002040FDF738FB84214DF22140FDF733FBFC
:1036E00002214DF22240FDF72EFBA4214DF2234092
:1036F000FDF729FB02214DF22440FDF724FBB72101
:103700004DF22540FDF71FFB02214DF22640FDF74B
:103710001AFBCF214DF22740FDF715FB02214DF298
:103720002840FDF710FBDE214DF22940FDF70BFB91
:1037300002214DF22A40FDF706FBF2214DF22B400B
:10374000FDF701FB02214DF22C40FDF7FCFAFE21B2
:103750004DF22D40FDF7F7FA03214DF22E40FDF713
:10376000F2FA10214DF22F40FDF7EDFA03214DF250
:103770003040FDF7E8FA33214DF23140FDF7E3FA2E
:1037800003214DF23240FDF7DEFA6D214DF2334058
:10379000FDF7D9FA00214FF45540FDF7D4FA332153
:1037A0004DF20150FDF7CFFA00214DF20250FDF726
:1037B000CAFA34214DF20350FDF7C5FA00214DF24B
:1037C0000450FDF7C0FA3A214DF20550FDF7BBFA5F
:1037D00000214DF20650FDF7B6FA4A214DF207508E
:1037E000FDF7B1FA00214DF20850FDF7ACFA5C216B
:1037F0004DF20950FDF7A7FA00214DF20A50FDF7EE
:10380000A2FA81214DF20B50FDF79DFA00214DF2F5
:103810000C50FDF798FAA6214DF20D50FDF793FAE2
:1038200000214DF20E50FDF78EFAE5214DF20F50BA
:10383000FDF789FA01214DF21050FDF784FA1321AA
:103840004DF21150FDF77FFA01214DF21250FDF7B4
:103850007AFA54214DF21350FDF775FA01214DF219
:103860001450FDF770FA82214DF21550FDF76BFAF6
:1038700001214DF21650FDF766FACA214DF217509C
:10388000FDF761FA02214DF21850FDF75CFA0021B4
:103890004DF21950FDF757FA02214DF21A50FDF77B
:1038A00052FA01214DF21B50FDF74DFA02214DF263
:1038B0001C50FDF748FA34214DF21D50FDF743FA34
:1038C00002214DF21E50FDF73EFA67214DF21F50C6
:1038D000FDF739FA02214DF22050FDF734FA842128
:1038E0004DF22150FDF72FFA02214DF22250FDF743
:1038F0002AFAA4214DF22350FDF725FA02214DF2B8
:103900002450FDF720FAB7214DF22550FDF71BFAA0
:1039100002214DF22650FDF716FACF214DF2275025
:10392000FDF711FA02214DF22850FDF70CFADE21C5
:103930004DF22950FDF707FA02214DF22A50FDF70A
:1039400002FAF2214DF22B50FDF7FDF902214DF262
:103950002C50FDF7F8F9FE214DF22D50FDF7F3F94B
:1039600003214DF22E50FDF7EEF910214DF22F50AC
:10397000FDF7E9F903214DF23050FDF7E4F9332169
:103980004DF23150FDF7DFF903214DF23250FDF7D2
:10399000DAF96D214DF23350FDF7D5F900214FF4DE
:1039A0005640FDF7D0F933214DF20160FDF7CBF918
:1039B00000214DF20260FDF7C6F934214DF203609B
:1039C000FDF7C1F900214DF20460FDF7BCF93A2181
:1039D0004DF20560FDF7B7F900214DF20660FDF7E5
:1039E000B2F94A214DF20760FDF7ADF900214DF221
:1039F0000860FDF7A8F95C214DF20960FDF7A3F915
:103A000000214DF20A60FDF79EF981214DF20B6015
:103A1000FDF799F900214DF20C60FDF794F9A6210C
:103A20004DF20D60FDF78FF900214DF20E60FDF7AC
:103A30008AF9E5214DF20F60FDF785F901214DF27C
:103A40001060FDF780F913214DF21160FDF77BF94D
:103A500001214DF21260FDF776F954214DF2136009
:103A6000FDF771F901214DF21460FDF76CF9822127
:103A70004DF21560FDF767F901214DF21660FDF773
:103A800062F9CA214DF21760FDF75DF902214DF28E
:103A90001860FDF758F900214DF21960FDF753F950
:103AA00002214DF21A60FDF74EF901214DF21B6023
:103AB000FDF749F902214DF21C60FDF744F934216C
:103AC0004DF21D60FDF73FF902214DF21E60FDF73A
:103AD0003AF967214DF21F60FDF735F902214DF2E9
:103AE0002060FDF730F984214DF22160FDF72BF9BC
:103AF00002214DF22260FDF726F9A4214DF2236048
:103B0000FDF721F902214DF22460FDF71CF9B721E0
:103B10004DF22560FDF717F902214DF22660FDF701
:103B200012F9CF214DF22760FDF70DF902214DF278
:103B30002860FDF708F9DE214DF22960FDF703F951
:103B400002214DF22A60FDF7FEF8F2214DF22B60C2
:103B5000FDF7F9F802214DF22C60FDF7F4F8FE2193
:103B60004DF22D60FDF7EFF803214DF22E60FDF7C9
:103B7000EAF810214DF22F60FDF7E5F803214DF230
:103B80003060FDF7E0F833214DF23160FDF7DBF8EE
:103B900003214DF23260FDF7D6F86D214DF233600E
:103BA000FDF7D1F855214FF47040FDF7CCF8AA216C
:103BB0004FF20100FDF7C7F852214FF20200FDF766
:103BC000C2F808214FF20300FDF7BDF800214FF2C3
:103BD0000400FDF7B8F8CC214FF43140FDF7B3F8FD
:103BE00000214BF20110FDF7AEF805214FF43640ED
:103BF000FDF7A9F870214FF43740FDF7A4F87021C4
:103C00004BF20170FDF79FF801214FF43840FDF7AA
:103C10009AF803214BF60100FDF795F803214BF6C6
:103C20000200FDF790F803214BF60300FDF78BF837
:103C300002214FF43C40FDF786F800214BF601408D
:103C4000FDF781F800214BF60240FDF77CF8D0210A
:103C50004FF44940FDF777F802214CF60110FDF7CB
:103C600072F850214CF60210FDF76DF850214CF619
:103C70000310FDF768F850214CF60410FDF763F8C7
:103C800000214FF45450FDF75EF855214FF4685071
:103C9000FDF759F84FF48850FDF73AF8782004F012
:103CA0008BFC4FF42450FDF733F8BDE0FE488088CC
:103CB00041F663118842F8D1E220FDF729F81D2072
:103CC000FDF72FF80220FDF72CF80420FDF729F866
:103CD000642004F071FCE020FDF71AF80120FDF7E4
:103CE00020F80A2004F0B0FCE020FDF711F80320D2
:103CF000FDF717F80C2004F0A7FC0120FDF708F8E9
:103D00000A2004F0A1FCE620FDF702F82F20FDF7C1
:103D100008F8FF20FDF705F8FF20FDF702F8B020B6
:103D2000FCF7F6FF2020FCF7FCFF0020FCF7F9FF72
:103D30000320FCF7F6FF40F21F30FCF7F2FF0120F2
:103D4000FCF7EFFF40F2DF10FCF7EBFF0020FCF781
:103D5000E8FFB420FCF7DCFF0420FCF7E2FF40F2B0
:103D60001F40FCF7DEFF0020FCF7DBFF2E20FCF7F6
:103D7000D8FF0020FCF7D5FF0020FCF7D2FF002081
:103D8000FCF7CFFF0020FCF7CCFFB620FCF7C0FF0C
:103D90000220FCF7C6FF4FF40370FCF7C2FF0020BF
:103DA000FCF7BFFF1720FCF7BCFF1520FCF7B9FF9D
:103DB0000020FCF7B6FF0020FCF7B3FFF020FCF773
:103DC000A7FF0320FCF7ADFF2920FCF7A1FFD020BF
:103DD000FCF79EFF0020FCF7A4FFBE20FCF798FF35
:103DE0000520FCF79EFFFE20FCF79BFF0120FCF75F
:103DF00098FF0020FCF795FF0020FCF792FF0020C1
:103E0000FCF78FFFB820FCF783FF0320FCF789FF46
:103E10000120FCF786FFBA20FCF77AFF0120FCF7AF
:103E200080FF6420FDF74FFA0020FDF778FA0120AB
:103E30009E4908604FF6FF70FDF7C6FB21B000BD3C
:103E40002DE9F04F05460E4617469846DDF824A0AA
:103E50004FF0000B781B401C1FFA80FB344614E027
:103E600021462846FCF79EFFFCF77FFF4FF0000934
:103E700007E04FF0D840A0F880A009F101001FFA38
:103E800080F9D945F5DB601C84B24445E8DDBDE826
:103E9000F08F2DE9F84F07460D4690469946DDF81C
:103EA00028B0A8EB0700401C1FFA80FAA9EB050018
:103EB000401C80B20090002414E0281981B23846DA
:103EC000FCF770FFFCF751FF002607E004FB0A60D7
:103ED0003BF8100076490880701C86B25645F5DB29
:103EE000601C84B200988442E7DBBDE8F88F2DE9BE
:103EF000FF4F84B081468A460020039002900698C6
:103F0000A0EB09050798A0EB0A06CDF80490CDF8C0
:103F100000A0002D01DD012705E00DB9002702E01A
:103F20004FF0FF376D42002E02DD4FF0010806E032
:103F300016B94FF0000802E04FF0FF387642B54264
:103F400001DD2C4600E034464FF0000B21E0009AE2
:103F500091B2019A90B2FDF731F903982844039089
:103F60000298304402900398A04205DD0398001B9C
:103F700003900198384401900298A04205DD029810
:103F8000001B02900098404400900BF101001FFAC2
:103F900080FB601C8345DADD08B0BDE8F08FF0B52A
:103FA00004460D4616461F462B46324629462046F5
:103FB000FFF79DFF3B46224629462046FFF797FF25
:103FC0003B46324639462046FFF791FF3B46324694
:103FD00029463046FFF78BFFF0BD2DE9F04306463A
:103FE0000F469046002445460320A0EB48093CE0DC
:103FF0007A1B91B2321990B2FDF7E0F83A1B91B2F8
:10400000721990B2FDF7DAF83A1991B2721990B2BA
:10401000FDF7D4F87A1991B2321990B2FDF7CEF8C3
:104020007A1991B2321B90B2FDF7C8F83A1991B2E1
:10403000721B90B2FDF7C2F87A1B91B2321B90B29C
:10404000FDF7BCF83A1B91B2721B90B2FDF7B6F8BF
:10405000641CB9F1000F03DAA000801D814404E064
:10406000601B80000A3081446D1EAC42C0DDBDE89B
:10407000F0832DE9F84F80460E4617461C46B3469E
:104080002046E31704EB5373DB1021464FEAE47C30
:1040900004EB5C7C4FEAEC0CA4EBCC0CBCF1000F05
:1040A00008D04FF0010C07E09C800020BC82404209
:1040B0008000006C4FF0000C6344224604EBD27C7D
:1040C0004FEA6C0C03FB0CF3DBB20093A7F120006A
:1040D000C7B2002556E00C2C07D107EB47009F49DB
:1040E00001EB800010F8059013E0102C05D19C48DE
:1040F00000EB071010F805900BE0182C07D107EB28
:10410000C700984901EB800010F8059001E0BDE878
:10411000F88F4FF0000A2FE009F0800030B192488C
:10412000028831464046FDF757F807E00A9828B95B
:104130008E48028831464046FDF74EF84FEA496006
:104140004FEA1069701C86B289484088B04200DC92
:10415000DDE7A6EB0B00A0420AD15E4608F10100A4
:104160001FFA80F882480088404500DCCFE706E06F
:104170000AF1010000F0FF0ABAF1080FCCDB00BF22
:10418000681CC5B200988542A5DB00BFBFE710B52B
:104190000246012000E050430B1EA1F10104E1B2F0
:1041A000F9D110BD2DE9FF4F81B0074691461E465B
:1041B0000E9D4FF0000A002439E0301B401EC1B2B2
:1041C0000A20FFF7E4FFB9FBF0F00A21B0FBF1F29F
:1041D00001FB1208BAF1000F16D1701EA04213DDC8
:1041E000B8F1000F0ED10020AB4605EBDB71491092
:1041F00001FB0471009088B22B4620220299FFF740
:1042000038FF12E04FF0010A0020AB4605EBDB71EE
:10421000491001FB0471009088B208F13001CAB264
:104220002B460299FFF725FF00BF601CC4B2B442C1
:10423000C3DB05B0BDE8F08F2DE9FF4F82B0064625
:1042400092461F46DDE90F480020019000254DE011
:10425000781B401EC1B20A20FFF799FFBAFBF0F0AD
:104260000A21B0FBF1F201FB1209019850BB781E44
:10427000A84227DDB9F1000F22D108F0800078B103
:1042800008F00100A34604EBDB71491001FB056156
:10429000009088B2234630220399FFF7EAFE0EE031
:1042A00008F00100A34604EBDB71491001FB056136
:1042B000009088B2234620220399FFF7DAFE13E02C
:1042C0000120019008F00100A34604EBDB714910C6
:1042D00001FB0561009088B209F13001CAB22346A2
:1042E0000399FFF7C6FE00BF681CC5B2BD42AFDB35
:1042F00006B0BDE8F08F2DE9F84704460D4690461C
:104300009946DDE9096704F0FF0A08EB04001FFA8B
:1043100080F809EB05001FFA80F916E0444502DB3E
:104320005446A81985B24D4500DB14E000200090EA
:104330003A78334629462046FFF79BFE304606EB87
:10434000D07104EB61018CB27F1C38787E2802DCCE
:1043500038782028E2DA00BFBDE8F88758C30008A3
:10436000CCC70008BCCD00082A0000202C0000208B
:104370009C8000201CB50121112005F0C1F81C20F3
:10438000009000208DF8040003208DF80500012026
:104390008DF807006946354804F030FB0120009095
:1043A00002208DF807006946314804F027FB1CBD48
:1043B00010B5044614B101202E4908702D4800782C
:1043C000002837D01021294804F07AFB78B1082161
:1043D000264804F075FB50B10421244804F070FB1A
:1043E00028B10121224804F06BFB012822D10A20C8
:1043F00004F02AF900201F49087010211B4804F01E
:104400005FFB08B9012010BD0821184804F058FBD3
:1044100008B90220F7E70421144804F051FB08B959
:104420000320F0E70121124804F04AFB01281BD1C8
:104430000420E8E710210D4804F042FB012813D1C5
:1044400008210A4804F03CFB01280DD1042107484B
:1044500004F036FB012807D10121054804F030FBA8
:1044600010B90120034908700020CCE70010024079
:10447000000002402E0000201CB50121022005F0A2
:104480003FF84FF44070009001208DF804000020A8
:104490008DF8060003208DF8050001208DF8070037
:1044A0006946894804F0AAFA0120884908608849C9
:1044B000C1F8A4021CBD10B58348006820F4402058
:1044C000814908600846006840F4802008600120A7
:1044D0007E49091D08607E49C1F8A002042004F04D
:1044E0006BF800207949091D0860042004F064F885
:1044F00000207749C1F8A00210BD10B572480068CD
:1045000020F44020704908600846006840F480208C
:10451000086000206D4908606D49C1F8A4020420BC
:1045200004F04AF80120694908606949C1F8A40209
:10453000042004F041F810BD10B500246248006862
:1045400020F44020604908600846006808600120A7
:104550005E49091D086004F02FF801205C49C1F88C
:10456000A00204F029F807E0601CC4B2FA2C03DDB5
:10457000FFF7C3FF012010BD54487C3800680028B5
:10458000F2D15249086000BFF5E710B500204F494D
:1045900008604D48006820F440204B4908600846F8
:1045A000006840F48020086000204949C1F8A40256
:1045B000022004F001F8012044490860022003F0C1
:1045C000FBFF00204249C1F8A00210BD10B5002039
:1045D0003E4908603C48006820F440203A490860A1
:1045E0000846006840F48020086001203849C1F87E
:1045F000A402022003F0E0FF0120344908600220F9
:1046000003F0DAFF00203249C1F8A00210BD70B5F6
:1046100004462D48006820F440202B4908600846D5
:10462000006840F4802008600020284908600025C8
:1046300017E0E0092549091D08606006040E022004
:1046400003F0BAFF01202249C1F8A002022003F0C2
:10465000B3FF00201D490860022003F0ADFF681C75
:10466000C5B2082DE5DB70BD70B5054600241648BF
:10467000006820F44020144908600846006808607B
:10468000002616E0002011490860022003F094FF84
:1046900001200F49C1F8A0026006040E0B487C38C7
:1046A000006808B1601CC4B2012003F085FF701CD3
:1046B000C6B2082EE6DB15B9FFF788FF01E0FFF769
:1046C00064FF204670BD000000040240A08240420A
:1046D0000080404210B5FFF7CFFE10BD70B5044614
:1046E0000026FFF7E8FE2546E11704EB11610912E9
:1046F000A02202EB4101C8B2FFF789FFFFF71CFFC0
:10470000E11704EB11610912A4EB0121C8B2FFF714
:104710007EFFFFF711FFFFF7CEFEA120FFF777FF27
:10472000FFF70AFF0020FFF79FFF0646FFF7E5FEB1
:10473000304670BD70B504460E46FFF7BCFE2546F8
:10474000E11704EB11610912A02202EB4101C8B28A
:10475000FFF75DFFFFF7F0FEE11704EB11610912AF
:10476000A4EB0121C8B2FFF752FFFFF7E5FE304688
:10477000FFF74DFFFFF7E0FEFFF7BFFE0A2003F053
:1047800063FF70BD2DE9F04105460E461746002433
:1047900009E0E20026FA02F2D1B22A1990B2FFF73C
:1047A000C9FF601CC4B2BC42F3DBBDE8F0812DE957
:1047B000F04107460C460026002509E0360239196B
:1047C000491B491E88B2FFF789FF0644681CC5B221
:1047D000A542F3DB3046BDE8F08110B5FF20FFF7BE
:1047E0007DFF0446552C01D1002010BD5521FF202E
:1047F000FFF7A0FFFF20FFF771FF0446552C01D102
:104800000020F2E70120F0E770B506460C46154699
:1048100008E03046721C96B2FFF760FF04F8010B07
:10482000681E85B2002DF4D170BD70B505460C46EA
:10483000164606E021782846FFF77CFF681C85B203
:10484000641C301EA6F101018EB2F3D170BD0000D0
:1048500010B5022003F0B0FE10BD1CB501212220CE
:1048600004F04EFE012000908DF804008DF8060043
:104870008DF807006946624804F0C0F84FF4006004
:10488000009001208DF8040069465E4804F0B6F8F7
:104890001CBD10B501205C4908605C49C1F880026C
:1048A000FFF7D6FF002058490860FFF7D1FF00202E
:1048B0005649C1F88002FFF7CBFF10BD10B50020AC
:1048C00051490860FFF7C4FF01205049C1F8800238
:1048D000FFF7BEFF01204C490860FFF7B9FF10BD8C
:1048E00070B500240025012047490860FFF7B0FF9C
:1048F00001204649C1F88002FFF7AAFF09E0601CC9
:10490000C4B2FA2C03DDFFF7D9FF012506E0FFF75B
:104910009FFF3D48803800680028F0D100BF00208C
:104920003B490860FFF794FF284670BD10B5002092
:1049300035490860FFF78CFF01203449C1F8800237
:10494000FFF786FF002032490860FFF781FF012052
:104950003049C1F8AC02FFF77BFF10BD10B5012054
:1049600029490860FFF774FF01202849C1F8800237
:10497000FFF76EFF002026490860FFF769FF10BDB2
:1049800070B50446002511E0E0091F490860FFF7F3
:104990005FFF01201D49C1F88002FFF759FF002089
:1049A0001B4908606006040E681CC5B2082DEBDBCD
:1049B00001201549086070BD70B505460024002629
:1049C00013E06006040E012011490860FFF740FF64
:1049D0001048D0F82C0208B1601CC4B200200C4969
:1049E0000860FFF735FF701CC6B2082EE9DB15B969
:1049F000FFF7B4FF01E0FFF799FF204670BD00000C
:104A00000004024000140240AC8242420080404256
:104A100080824042008042422DE9F04104460E4629
:104A200017464FF00008FFF734FF2820FFF7A8FFD4
:104A3000FFF756FF2012FFF7A3FFFFF751FFE0B289
:104A4000FFF79EFFFFF74CFF00250BE0705DFFF7BF
:104A500097FFFFF745FF8046B8F1000F00D003E055
:104A6000681CC5B2BD42F1DB00BFFFF727FF40461F
:104A7000BDE8F08138B50546002400208DF800001F
:104A80008DF8015000BF09E09DF80000DB49095D89
:104A90000844C0B28DF80000601CC4B2B82CF3D337
:104AA0009DF80000C043401CC0B28DF80000B82241
:104AB000D24948F24700FFF7AFFF0222694648F2A9
:104AC000FF00FFF7A9FF002038BD2DE9F0410546A2
:104AD0000F461646FFF7DDFE2820FFF751FFFFF7D0
:104AE000FFFE2812FFF74CFFFFF7FAFEE8B2FFF7D0
:104AF00047FFFFF7F5FEFFF7CCFE2920FFF740FF49
:104B0000FFF7EEFE00240BE0711EA14201D001214F
:104B100000E000210846FFF74FFF3855601CC4B283
:104B2000B442F1DBFFF7CAFEBDE8F0811FB50121F9
:104B3000062004F0E5FC0220009000208DF804001F
:104B40008DF8060003208DF8050001208DF8070080
:104B50006946AB4803F052FF4FF40050009001202B
:104B60008DF804006946A74803F048FFFFF775FE7B
:104B70000020A54908600A2003F066FD0120A34932
:104B8000C1F8B4020A2003F05FFD0220009001206A
:104B90008DF8040000208DF807006946984803F05E
:104BA0002DFF642003F050FD042202A948F24010BA
:104BB000FFF78BFF00208DF80C0002A994A006F0EF
:104BC0006DFC96A102A806F0B3FD48BB02208DF84B
:104BD0000800012202A948F24000FFF71DFF012250
:104BE00002A948F24700FFF770FF9DF8080060280F
:104BF00007DA9DF808108BA006F050FC0120FFF7A3
:104C000039FF0A2003F020FD00208DF80800012262
:104C100002A948F24000FFF7FFFE002004B010BDDB
:104C20000020FBE771B583B000240026824800789D
:104C3000401C81490870084600780A2190FBF1F277
:104C400001FB120018B17C4800780A287EDA0122A4
:104C500003A948F24E10FFF738FF0020019001220F
:104C600001A948F24E10FFF7D7FE9DF80C0000F0A6
:104C70000F0000286AD09DF80C0000F00F000628F5
:104C8000E4DA9DF80C0000F00F01FF208840C0B26C
:104C900001906A4890F820509DF80400C043C0B2CB
:104CA00040F0C000654981F8200008468189818272
:104CB000C18AC183002444E0604890F820000121AB
:104CC000A140084020B35E4931F81400042202A933
:104CD000FFF7FBFE594890F8300000F00100C0B12A
:104CE0009DF808009DF8091000EB012081B253489F
:104CF000163020F814109DF80A009DF80B1000EBF8
:104D00000120C0F5487081B24C480C3020F81410D6
:104D100015E09DF808009DF8091000EB012081B214
:104D200046480C3020F814109DF80A009DF80B102E
:104D300000EB012081B24148163020F81410601CAD
:104D4000C4B2052CB8DB01263C4800E02BE080898A
:104D50003C490988884205DC3848C08A3949498875
:104D600088421DDD9DF80C0000F00F0001280ADDCF
:104D70003248C089314988810846008BC8820020AA
:104D80002D4908700FE02D48808A2C4988810846FB
:104D9000C08BC88280200390084680F8205002E033
:104DA0000020254908709DF80C0000F08F00802835
:104DB00019D1224890F8200000F0800038B11F4837
:104DC00090F8200020F080001C4981F820004FF668
:104DD000FF701A498881C882084690F8200000F0C8
:104DE000E00081F8200014480078F02802DD0A2055
:104DF00011490870304604B070BD000018DB00088F
:104E00000004024000080240B40241420000414256
:104E10004354502049443A25730D0A003931343740
:104E20000000000044656661756C74205665723A36
:104E300025640D0A000000002F000020380000202B
:104E4000D0DB00089C8000202DE9F04104460E468E
:104E500017464FF00008FFF71CFDB220FFF790FD4A
:104E6000FFF73EFD2012FFF78BFDFFF739FDE0B2A3
:104E7000FFF786FDFFF734FD00250BE0705DFFF7BF
:104E80007FFDFFF72DFD8046B8F1000F00D003E055
:104E9000681CC5B2BD42F1DB00BFFFF70FFD404605
:104EA000BDE8F0812DE9F04105460F461646FFF7B3
:104EB000F0FCB220FFF764FDFFF712FD2812FFF7A8
:104EC0005FFDFFF70DFDE8B2FFF75AFDFFF708FDA4
:104ED000FFF7DFFCB320FFF753FDFFF701FD0024D0
:104EE0000BE0711EA14201D0012100E00021084623
:104EF000FFF762FD3855601CC4B2B442F1DBFFF726
:104F0000DDFCBDE8F08138B50446002000900CB10E
:104F100080200090012269464FF45060FFF794FF13
:104F200038BD0EB5002002900121062004F0E8FAF9
:104F30000220009000208DF804008DF80600032068
:104F40008DF8050001208DF807006946904803F0B0
:104F500055FD4FF40050009001208DF80400694683
:104F60008C4803F04BFDFFF778FC00208A4908606D
:104F7000642003F069FB01208849C1F8B402642071
:104F800003F062FB0120FFF7BEFF012202A94FF4EC
:104F90005060FFF787FF9DF8081081A006F07EFAA9
:104FA0009DF80800802801D100200EBD0120FCE7FB
:104FB00031B52DED068B82B0002400257B480078AA
:104FC000401C7A490870084600780A2190FBF1F2EB
:104FD00001FB120018B1754800780A287EDA012218
:104FE00008A90020FFF75EFF9DF8200000F01F00D9
:104FF000002873D09DF8200000F01F0040F0C00092
:105000006B4981F82000002486E0694890F8200070
:105010000121A140084000287CD0664931F81400E5
:10502000042201A9FFF73EFF614890F8300000F02C
:105030000100D0B39DF807109DF8062001EB022077
:1050400006F0B7FD41EC190B9FED5B0B53EC102BF9
:1050500006F016FE41EC180B06F07EFD81B25448B6
:10506000163020F814109DF805109DF8042001EB6F
:10507000022006F09EFD41EC1A0B9FED510B53EC04
:10508000102B06F0FDFD41EC190B9FED4F0B53EC7F
:10509000102B06F029FF41EC180B06F05DFD81B2E4
:1050A00043480C3020F8141034E0FFE79DF8071057
:1050B0009DF8062001EB022006F07BFD41EC190B68
:1050C0009FED3D0B53EC102B06F0DAFD41EC180B75
:1050D00006F042FD81B236480C3000E02BE020F8AB
:1050E00014109DF805109DF8042001EB022006F035
:1050F00060FD41EC190B9FED320B53EC102B06F0C9
:10510000BFFD41EC180B06F027FD81B22848163090
:1051100020F81410601CC4B2052CFFF676AF0125F0
:105120002348808920B92248C08A08B90020089005
:1051300000201E4908709DF8200000F01F00D0B923
:105140001B4890F8200000F0800040B1184890F80B
:10515000200020F08000164981F820000BE04FF677
:10516000FF7013498881C882084690F8200000F03B
:10517000E00081F820000D480078F02802DD0A20C8
:105180000A490870284602B0BDEC068B38BD000005
:105190000004024000080240B402414200004142C3
:1051A0004354502049443A25780D0A00300000202D
:1051B00038000020DADB00087B14AE47E17AD43FE8
:1051C000D881734694F6D23F000000000000894069
:1051D0002DE9F04105460E4617464FF00008FFF74F
:1051E00058FB7020FFF7CCFBFFF77AFBE8B2FFF724
:1051F000C7FBFFF775FB00240BE0305DFFF7C0FB3A
:10520000FFF76EFB8046B8F1000F00D003E0601C92
:10521000C4B2BC42F1DB00BFFFF750FB4046BDE823
:10522000F0812DE9F04106460F461546FFF731FBA8
:105230007020FFF7A5FBFFF753FBF0B2FFF7A0FBD1
:10524000FFF74EFBFFF725FB7120FFF799FBFFF7F8
:1052500047FB00240BE0691EA14201D0012100E0C0
:1052600000210846FFF7A8FB3855601CC4B2AC42C9
:10527000F1DBFFF723FBBDE8F0811FB5012106201C
:1052800004F03EF90220009000208DF804008DF813
:10529000060003208DF8050001208DF807006946FF
:1052A000F84803F0ABFB4FF40050009001208DF85C
:1052B00004006946F44803F0A1FBFFF7CEFA002092
:1052C000F2490860142003F0BFF90120F049C1F849
:1052D000B402322003F0B8F900208DF80800012252
:1052E00002A9FFF775FF012202A9A420FFF770FFB2
:1052F00016208DF80800012202A98020FFF768FF20
:105300000C208DF80800012202A98820FFF760FF19
:10531000022202A9A120FFF784FF9DF8080030288F
:105320000DD19DF80900032809D19DF809009DF8C9
:10533000082000EB0221D7A006F0B0F82AE00422F2
:1053400002A948F24010FFF7C0FB00208DF80C00C6
:1053500002A9D3A006F0A2F8D44802990160022065
:105360008DF80800012202A948F24000FFF754FB23
:10537000012202A948F24700FFF7A7FB0A2003F029
:1053800063F900208DF80800012202A948F24000CC
:10539000FFF742FB002004B010BD71B583B00020C0
:1053A00001900026C2480078401CC1490870084698
:1053B00000780A2190FBF1F201FB120018B1BC4801
:1053C00000780A287DDABBA1B84806F0B1F9D8B94F
:1053D000012203A948F24E10FFF777FB9DF80C005D
:1053E00000F08000A8B19DF80C0000F00F00B24959
:1053F000097888420DDC00200190012201A948F2C1
:105400004E10FFF709FB04E0012203A90220FFF779
:1054100008FF9DF80C0000F00F00002851D09DF807
:105420000C0000F00F00A4490978884249DC9DF87F
:105430000C0000F00F01FF208840C4B29F4890F894
:105440002050E043C0B240F0C0009C4981F82000E9
:105450000846828998480078401E0C3121F81020B7
:105460009648C28A94480078401E0A3121F81020DC
:10547000042003F0E9F800200190ABE08F4890F899
:1054800020009DF8042001219140084000282FD0E1
:1054900088A1864806F04CF9E8BB89499DF80420AC
:1054A00031F81200042202A9FFF70FFB834890F89D
:1054B000300000F00100E0B19DF808009DF80910EF
:1054C00000E0C5E000EB012081B27C480C309DF883
:1054D000042020F812109DF80A009DF80B1000EB34
:1054E000012081B2754816309DF8042020F8121072
:1054F0006BE09DF808009DF8091000EB012081B2D7
:105500006E4816309DF8042020F812109DF80A000D
:105510009DF80B1000E00CE000EB012069490988C0
:10552000081A81B265480C309DF8042020F812104A
:105530004BE065499DF8042031F81200042202A9CD
:10554000FFF76FFE5D4890F8300000F00100E0B119
:105550009DF809009DF8081001F00F0100EB0120F3
:10556000564916319DF8042021F812009DF80B00D1
:105570009DF80A1001F00F0100EB01204F490C319A
:105580009DF8042021F812001FE09DF809009DF805
:10559000081001F00F0100EB01204A490988081AA0
:1055A00081B246480C309DF8042020F812109DF876
:1055B0000B009DF80A1001F00F0100EB01203F499C
:1055C00016319DF8042021F812009DF80400401CBB
:1055D000C0B201909DF80400374909788842FFF66F
:1055E0004DAF01263548808936490988884205DC57
:1055F0003248C08A33494988884226DD9DF80C002C
:1056000000F00F0001280ADD2C48C0892B49888151
:105610000846008BC88200202549087018E02648FB
:105620000078401E25490C3131F810000C39888172
:1056300021480078401E163131F810001639C88212
:105640008020039081F8205002E000201849087063
:1056500018A1164806F06CF8C0BB9DF80C0000F0CD
:105660008F00802861D1154890F8200000F080005C
:1056700068B3124890F8200020F080000F4981F8AC
:10568000200052E00004024000080240B4024142FF
:10569000000041424354502049443A25780D0A0005
:1056A0004354502049443A25730D0A00310000202C
:1056B000370000203931310036000020380000204A
:1056C000EEDB00089C800020E4DB00080DE0FFE733
:1056D0004FF6FF701A498881C882084690F820006A
:1056E00000F0E00081F820001FE09DF80C0000F0C1
:1056F0001F00D0B9124890F8200000F0800040B19F
:105700000F4890F8200020F080000D4981F820001B
:105710000BE04FF6FF700A498881C882084690F86E
:10572000200000F0E00081F8200006480078F02812
:1057300002DD0A2003490870304604B070BD000045
:10574000380000203700002070B50446002500BF57
:1057500017E004F0800018B10120FE49086002E063
:105760000020FC4908606006040E0020FA49086029
:10577000012002F021FF0120F849C1F88002681CD5
:10578000C5B2082DE5DB70BD70B5064600250024C6
:105790000020F1490860F249C1F8AC02F149086003
:1057A0003046FFF7D1FF062002F006FF0020EB494C
:1057B000C1F88002012002F0FFFE0120E6490860E6
:1057C00002F0FAFE0020E549C1F8800200BF15E0B2
:1057D0004FF6FF7000EA44040020DF490860012012
:1057E00002F0EAFE0120DD49C1F88002DA4878388B
:1057F000006808B1601C84B2681CC5B2102DE7DBDC
:1058000024110120D7490860204670BD2DE9FE43D0
:1058100080460027002406E04046FFF7B5FF2DF83C
:105820001400601C84B2052CF6DB002416E0601C1A
:1058300085B20FE03DF814003DF81510884207DDF1
:105840003DF814603DF815002DF814002DF8156092
:10585000681C85B2052DEDDB601C84B2042CE6DBF0
:105860000027012405E03DF81400384487B2601C8D
:1058700084B2042CF7DB032097FBF0F086B23046AD
:10588000BDE8FE832DE9F04104460D46B648007898
:10589000FFF7BCFF0646B5480078FFF7B7FF07469D
:1058A00026802F800120BDE8F0817FB504460D469B
:1058B00002A903A8FFF7E6FF064616B9002004B0C8
:1058C00070BD694601A8FFF7DDFF06460EB900204E
:1058D000F5E7BDF80400BDF80C10884206DCBDF801
:1058E0000C10BDF80400323081420CDBBDF80C0016
:1058F000BDF80410884236DCBDF80410BDF80C0079
:10590000323081422FDABDF80000BDF8081088421D
:1059100006DCBDF80810BDF80000323081420CDB17
:10592000BDF80800BDF8001088421CDCBDF800106E
:10593000BDF808003230814215DABDF80C10BDF810
:105940000420881800EBD071C1F34F012180BDF80D
:105950000810BDF80020881800EBD071C1F34F018A
:1059600029800120ABE70020A9E770B504460D4669
:1059700016467F48068004F10D018AB2193988B2B3
:105980002B462946FEF7B3FA05F10D0083B219380C
:1059900081B222462046FEF7AAFA6A1C91B2621C26
:1059A00090B2FBF70BFC6A1C91B2621E90B2FBF73F
:1059B00005FC6A1E91B2621C90B2FBF7FFFB6A1EE7
:1059C00091B2621E90B2FBF7F9FB062229462046EF
:1059D000FEF703FB70BD70B504460D4616466448DD
:1059E000068029462046FBF7E9FB611C88B2294660
:1059F000FBF7E4FB681C81B22046FBF7DFFB6A1C67
:105A000091B2621C90B2FBF7D9FB70BD10B5044691
:105A100051487C38006800284ED12CB15549A1F17D
:105A20000A00FFF742FF35E05249A1F10A00FFF7F3
:105A30003CFF78B34F481638B0F92C0000EE100A3E
:105A4000B8EEC00A4B48163890ED091A808900EE6E
:105A5000900AF8EE600A01EE200ABCEEC00A10EED1
:105A6000100A4449163988810846B0F92E0000EE24
:105A7000100AB8EEC00A084690ED0A1AC08A00EE75
:105A8000900AF8EE600A01EE200ABCEEC00A10EEA1
:105A9000100AC8823748163890F8200000F08000BD
:105AA00038BBC0203349163981F820000846818967
:105AB0008182C18AC1831CE02E48163890F82000EC
:105AC00000F0800050B12B48163890F8200020F0EC
:105AD00080002849163981F820000AE00021254875
:105AE00016388182C1834FF6FF70224916398881AA
:105AF000C8822048163890F8200000F0800010BDC1
:105B000010B51C48163890ED090ADFED1B0A20EE8F
:105B1000200ABDEEC00A10EE104A042221462820B9
:105B2000FEF730FE1348163890ED0A0ADFED120A30
:105B300020EE200ABDEEC00A10EE104A04222146D3
:105B40002C20FEF71FFE0B481638B0F92C1002224D
:105B5000302013E0AC8242428082404200804042CA
:105B600000804242B40241426C0000206D000020DF
:105B70002A0000204E00002020BCBE4CFEF702FE92
:105B8000FE48B0F92E1002223220FEF7FBFDFB4842
:105B900090F830103420FEF7CDFD0A242146352040
:105BA000FEF7C8FD10BD10B53520FEF797FD044681
:105BB0000A2C46D104212820FEF7F9FD044600EE08
:105BC000104AB8EEC00A5FED140A80EE201AEB48C6
:105BD00080ED091A04212C20FEF7E9FD044600EEB1
:105BE000104AB8EEC00A5FED1C0A80EE201AE348A6
:105BF00080ED0A1A02213020FEF7D9FD00B2DF49FC
:105C0000888502213220FEF7D2FD00B2DB49C8852B
:105C10003420FEF763FDD94981F83000084690F83A
:105C2000300030B19020D6490870D020D549087096
:105C300005E0D020D24908709020D2490870012098
:105C400010BD0020FCE72DE9FC5F04460D46174619
:105C50001E46DDE90EABDDE90C894FF47840CA49F8
:105C60000880CAA01021CDE90010C94843880288E5
:105C7000A0212820FEF73FFBC6A01021CDE900108F
:105C8000C34843880288A0217820FEF734FBC2A0D5
:105C90001021CDE90010BE4843880288B421282095
:105CA000FEF729FBBDA01021CDE90010B8484388BC
:105CB0000288B4217820FEF71EFBB9A01021CDE99F
:105CC0000010B34843880288C8212820FEF713FB40
:105CD000B4A01021CDE90010AD4843880288C82146
:105CE0007820FEF708FBB0A01021CDE90010A848ED
:105CF00043880288DC212820FEF7FDFAABA01021A2
:105D0000CDE90010A24843880288DC217820FEF704
:105D1000F2FAA7A01021CDE900109D48438802881F
:105D2000F0212820FEF7E7FA102004232246A021C4
:105D300000904020FEF736FA102004232A46A021C6
:105D400000909020FEF72EFA102004233A46B4214A
:105D500000904020FEF726FA102004233246B4219A
:105D600000909020FEF71EFA102004234246C8211E
:105D700000904020FEF716FA102004234A46C8215E
:105D800000909020FEF70EFA102004235246DC21EA
:105D900000904020FEF706FA102004235A46DC212A
:105DA00000909020FEF7FEF9102003230090F021D0
:105DB0006020109AFEF7F6F9BDE8FC9F00B597B099
:105DC000002012900B9012901F216F4801804FF617
:105DD000FF71794801800846FBF7F6FB4FF47841E4
:105DE000694801804FF6FF70FBF7EEFB0020664923
:105DF00008807248006810216423A022CDE90010B9
:105E000028210846FEF777FA4FF478421421084615
:105E1000FFF7ABFD0020594981F820009FED680A8B
:105E2000084680ED090A53E2544840680A90012070
:105E30000A998847514890F8200000F0C000402897
:105E40006FD100200B904D4890F8200020F04000CA
:105E50004A4981F820000846818913AA129822F83D
:105E600020104648C18A129802EB800041801298A7
:105E7000401CC0B212901298012806D0022815D0FA
:105E8000032829D0042810D141E04FF6FF721421D5
:105E90000846FFF76AFD3E480088143880B24FF488
:105EA000784214210A90FFF760FDEBE33848008840
:105EB000143880B24FF6FF7214210A90FFF755FD97
:105EC00033484088143880B24FF4784201460A9033
:105ED0001420FFF74AFDD5E32D484088143880B2DE
:105EE0004FF6FF7201460A901420FFF73EFD284846
:105EF0004088143880B20A9025480088143880B24F
:105F00004FF4784209900A99FFF72FFDBAE3BDF8E4
:105F10004C10BDF85000081A0A90002802DB0A98BD
:105F200002E0B0E30A9840420F90BDF84E1013A86B
:105F3000C088081A0A90002801DB0A9801E00A9834
:105F400040420E900F9840430F900E9840430E90A1
:105F5000DDE90E100844059005F042FECDE906018A
:105F60009DED060B05F006FD8DED080B9DED080B74
:105F700051EC100B05F0F0FD80B223E0380000205A
:105F80006C0000206D0000202A00002078313A00CB
:105F90009C80002079313A0078323A0079323A0018
:105FA00078333A0079333A0078343A0079343A0059
:105FB0006661632069733A002C000020F8DB00085A
:105FC000000000001190BDF85400BDF85810401AB0
:105FD0000A90002801DB0A9801E00A9840420F90DD
:105FE00013A84189C089081A0A90002801DB0A9881
:105FF00001E00A9840420E900F9840430F900E988F
:1060000040430E90DDE90E100844059005F0E8FDD0
:10601000CDE906019DED060B05F0ACFC8DED080BFE
:106020009DED080B51EC100B05F096FD80B2109021
:106030009DED110AF8EE400A9DED100AB8EE401AE7
:1060400080EE810A8DED0A0A0A9806F00FF9CDE973
:106050000C019FEDFE0B53EC102B9DED0C0B51EC46
:10606000100B05F0D1FD0ED39FEDFA0B53EC102B66
:106070009DED0C0B51EC100B05F000FF03D31198B4
:1060800008B11098F0BB00201290F44840881438F2
:1060900080B20A90F1480088143880B24FF6FF723F
:1060A00009900A99FFF761FC4FF4784214210846E1
:1060B000FFF75BFC9FEDEA0B53EC102B9DED0C0BF7
:1060C00051EC100B05F0DCFDCDE908019DED080B4E
:1060D00051EC100B05F040FD80B213A90A90C9895C
:1060E000BDF8582013AB5B89CDE90132CDE903102F
:1060F000BDF85400009013A8C0880990BDF8500066
:10610000089000E00AE0BDF84E000790BDF84C0092
:10611000069007A90EC9FFF796FDC3E2BDF84C1023
:10612000BDF85400081A0A90002801DB0A9801E023
:106130000A9840420F90BDF84E1013A84089081AE3
:106140000A90002801DB0A9801E00A9840420E906C
:106150000F9840430F900E9840430E90DDE90E10CB
:106160000844059005F03CFDCDE906019DED060BC8
:1061700005F000FC8DED080B9DED080B51EC100BAC
:1061800005F0EAFC80B21190BDF85010BDF858003F
:10619000081A0A90002801DB0A9801E00A98404298
:1061A0000F9013A8C188C089081A0A90002801DB43
:1061B0000A9801E00A9840420E900F9840430F90D1
:1061C0000E9840430E90DDE90E100844059005F04E
:1061D00007FDCDE906019DED060B05F0CBFB8DED2E
:1061E000080B9DED080B51EC100B05F0B5FC80B2CF
:1061F00010909DED110AF8EE400A9DED100AB8EEE0
:10620000401A80EE810A8DED0A0A0A9806F02EF8EF
:10621000CDE90C019FED8D0B53EC102B9DED0C0B7C
:1062200051EC100B05F0F0FC0AD39FED8A0B53ECF8
:10623000102B9DED0C0B51EC100B05F01FFE48D2FE
:106240000020129085484088143880B20A90834814
:106250000088143880B24FF6FF7209900A99FFF750
:1062600084FB4FF4784214210846FFF77EFB9FED34
:106270007C0B53EC102B9DED0C0B51EC100B05F02F
:10628000FFFCCDE908019DED080B51EC100B05F06A
:1062900063FC80B213A90A90C989BDF8582013ABDA
:1062A0005B89CDE90132CDE90310BDF854000090BF
:1062B00013A8C0880990BDF850000890BDF84E00A2
:1062C0000790BDF84C00069007A90EC9FFF7BBFC6C
:1062D000E8E1BDF85000BDF85410401A0A900028BB
:1062E00001DB0A9801E00A9840420F9013A8C18888
:1062F0004089081A0A90002801DB0A9801E00A98F0
:1063000040420E900F9840430F900E9840430E90DD
:10631000DDE90E100844059005F062FCCDE90601A8
:106320009DED060B05F026FB8DED080B9DED080B92
:1063300051EC100B05F010FC80B21190BDF84C0030
:10634000BDF85810401A0A90002801DB0A9801E0B5
:106350000A9840420F90BDF84E1013A8C089081A41
:106360000A90002801DB0A9801E00A9840420E904A
:106370000F9840430F900E9840430E90DDE90E10A9
:106380000844059005F02CFCCDE906019DED060BB7
:1063900005F0F0FA8DED080B9DED080B51EC100B9C
:1063A00005F0DAFB80B210909DED110AF8EE400A7C
:1063B0009DED100AB8EE401A80EE810A8DED0A0AB2
:1063C0000A9805F053FFCDE90C019FED200B53EC2B
:1063D000102B9DED0C0B51EC100B05F015FC0AD3A6
:1063E0009FED1C0B53EC102B9DED0C0B51EC100B87
:1063F00005F044FD58D20020129018484088143807
:1064000080B20A9015480088143880B24FF6FF72A7
:1064100009900A99FFF7A9FA4FF478421421084627
:10642000FFF7A3FA9FED0E0B53EC102B9DED0C0B19
:1064300051EC100B05F024FCCDE908019DED080B93
:1064400051EC100B05F088FB80B20DE066666666C5
:106450006666EE3FCDCCCCCCCCCCF03F9C8000200F
:10646000000000000000594001460A9013A8C289AC
:10647000BDF8580013AB5B89CDE90130CDE90321AC
:10648000BDF85400009013A8C0880990BDF85000D2
:106490000890BDF84E000790BDF84C00069007A983
:1064A0000EC9FFF7D0FBFDE0BDF85000BDF84C1061
:1064B000401A00EE100AF8EEC00AC54800882838D5
:1064C00000EE100AB8EEC00A80EE201AC14880ED36
:1064D000091ABDF85000BDF84C10084400EE100A2F
:1064E000F8EEC00ABA48008800EE100AB8EE400A7A
:1064F000B84890ED091A01EE600AF0EE000A80EE4D
:10650000201ABDEEC10A10EE100A01B2B148818511
:1065100013A84089BDF84E10401A00EE100AF8EE9C
:10652000C00AAB484088283800EE100AB8EEC00A0E
:1065300080EE201AA74880ED0A1A13A84089BDF8FA
:106540004E10084400EE100AF8EEC00AA048408839
:1065500000EE100AB8EE400A9E4890ED0A1A01EECD
:10656000600AF0EE000A80EE201ABDEEC10A10EEBD
:10657000100A00B29749C885084690ED090ABDEE99
:10658000C00A8DED090A0998002801DB099801E08D
:106590000998404202280FDC8E4890ED0A0ABDEEB1
:1065A000C00A8DED0A0A0A98002801DB0A9801E06A
:1065B0000A984042022842DD002012908448408818
:1065C000143880B20A9082480088143880B24FF69E
:1065D000FF7209900A99FFF7C8F94FF47842142125
:1065E0000846FFF7C2F97CA01021CDE900107848D9
:1065F00040880A9076480088099002461A2128208F
:106600000A9BFDF778FE734890F8300008B9012026
:1066100000E000206F4981F83000084690F8300013
:1066200030B1902071490870D0217148017005E0A7
:10663000D0216E48017090206D49087032E01F2112
:106640006C4801804FF6FF70FAF7BEFF6AA0102178
:10665000CDE900105E4840880A905D4800880990A6
:1066600002466E2123200A9BFDF745FE4FF47A7007
:1066700001F0EAFFFFF744FA4FF6FF70FAF7A4FFC4
:1066800017B000BD00BF0A2001F0DEFF0B98401CD0
:1066900080B20B900B98B0F57A7F02DDFFF783FA9A
:1066A00002E000BFFFF7C0BB00BF00BFE8E71CB5BA
:1066B0004748808845F21051884220D1FEF736FACB
:1066C00018B953484349486004E0FEF72AFC514892
:1066D000404948603F4890F8300040F080003D4914
:1066E00081F83000084690F830003949897901F086
:1066F00001010843374981F8300000201CBD3448AF
:10670000808841F66311884218D1FEF7B6FD4248F1
:1067100030494860084690F8300040F0800081F829
:106720003000084690F830002949897901F00101CC
:106730000843284981F830000020DFE701212620A6
:1067400002F0DEFE0620009000208DF804008DF897
:10675000060003208DF8050001208DF8070069462A
:106760002E4802F04BF9012000908DF80400694694
:106770002A4802F043F94FF40050009001208DF8B0
:1067800004006946264802F039F94FF40060009091
:1067900001208DF804006946224802F02FF90D49C6
:1067A0001631A1F10A00FFF76DF8FDF793FFFFF72F
:1067B000FAF908B10020A1E74FF6FF70FAF704FFDD
:1067C000FFF7FCFAFFF79CF9FFF7EDF9012095E7D9
:1067D0009C800020380000205450204E65656420C5
:1067E000726561646A757374210000006C0000209A
:1067F0006D0000202A000020546F756368205363E9
:106800007265656E2041646A757374204F4B210078
:10681000254C0008B14F00089B53000800040240BB
:1068200000080240001402400020FE490860091DD3
:106830000860091D0860091D0860FA4924310860D4
:10684000091D0860091D0860F748F64938310860DD
:106850000020091D0860704701460020012900D072
:1068600011B9F24B197000E0262070470146ED4A3D
:10687000121D106820F0FF0008431060704770B5CB
:10688000044606E0E7483430056805F0450000B1ED
:1068900000E0F7E700BF042004F0D8FD20B1042099
:1068A00004F0DFFD032070BD012004F0CFFD20B116
:1068B000012004F0D6FD0120F5E7DA481030006829
:1068C000A04201D01020EEE740F2FF5004F0C9FDD5
:1068D000D4481430006808210840C0B2E3E72DE92D
:1068E000FC4107460D460026002400200090019040
:1068F0000820CF49086010204860402088600020B0
:10690000C8604FF480600861084604F00CFD102058
:10691000FFF7B5FF044614B12046BDE8FC81C54829
:1069200000880004C2490860372048604020886021
:106930000020C8604FF480600861084604F0F3FC52
:106940003720FFF79CFF04460CB12046E5E74FF0E7
:10695000FF30B94908600820486030208860022074
:10696000C8600020086101204861084604F007FD66
:106970000020AF4908603320486040208860002034
:10698000C8604FF480600861084604F0CCFC3320F6
:10699000FFF775FF04460CB12046BEE70DE04FF44B
:1069A000001004F053FD40B19E48803000684DF85F
:1069B0002600761C022E00D307E09A483430006887
:1069C00040F22A6108400028E9D000BF082004F006
:1069D0003DFD20B1082004F044FD04209DE7022085
:1069E00004F034FD20B1022004F03BFD022094E7C6
:1069F000202004F02BFD20B1202004F032FD0620E1
:106A00008BE74FF4007004F021FD28B14FF40070C3
:106A100004F027FD072080E740F2FF5004F021FD3D
:106A200000980006009901F47F4140EA0120009996
:106A300001F47F0140EA1120009940EA116068608A
:106A400001980006019901F47F4140EA0120019973
:106A500001F47F0140EA1120019940EA11602860A9
:106A600020465AE77CB5054600240020009001909E
:106A700000260DB1022600E000266A4814300068A6
:106A800000F0007008B10E207CBD6A49098888B208
:106A90006946FFF724FF04460CB12046F4E701984D
:106AA00000F4802060B363480088000460490860F7
:106AB00037204860402088600020C8604FF4806024
:106AC0000861084604F02FFC3720FFF7D8FE044683
:106AD0000CB12046D8E75648066006205449486065
:106AE000402088600020C8604FF48060086108463C
:106AF00004F019FC0620FFF7C2FE04462046C3E757
:106B00002520C1E770B5044600254C4800780328CD
:106B100002D12725284670BD4848007838B147483B
:106B20000078012803D045480078022819D1B4F52F
:106B3000805F02D127252846EDE7E0B2FFF792FFFC
:106B4000054675B93748001D006820F4C050354926
:106B5000091D086008460068204308600846006870
:106B600008602846D7E710B504463148046007207E
:106B70002F494860402088600020C8604FF4806042
:106B80000861084604F0CFFB0720FFF778FE10BD30
:106B9000F0B5014600200022284B1B7881F85630C2
:106BA000244B1B88A1F85430254B1B681A0E9309FF
:106BB0000B70C2F383034B7002F003038B70204B06
:106BC0001B68C3F30742CA701D4B1B88C3F307221F
:106BD0000A711B4B1A784A715B681A0E1301CB803D
:106BE000174B5B68C3F30742CB8843EA1213CB8091
:106BF00002F00F030B72124B9B88C3F30722D309D9
:106C00004B72C2F380138B72C2F34013CB72C2F388
:106C100000130B7300234B73084B1B78C3B1074B56
:106C20001B780FE0002C0140FF07C0007800002017
:106C3000C880002074000020DC800020700000204C
:106C4000F4800020012B03D0FE4B1B78032B4FD187
:106C500093071B0D0B61FC4B1A790B6943EA820306
:106C60000B61F94B9B681A0E0B6943EA92130B6197
:106C7000C2F3C2030B7502F007034B75F24B9B681E
:106C8000C3F3074253098B75C2F38203CB75930795
:106C90005B0F0B76EC4B1B89C3F307220B7E43EA99
:106CA000D2130B760B695B1C0024C1E912340B7EF6
:106CB0009B1C012606FA03F3DE17D1E91245A4FB5B
:106CC000037C05FB03C304FB0633C1E912730C7A92
:106CD0000123A3400B650024D1E912560B6DA5FBDF
:106CE000037C06FB03C305FB0433C1E912732CE0EC
:106CF000D44B1B78022B28D1D34B1A7993069B0ACD
:106D00000B61D14B9B681A0E0B6943EA02230B619E
:106D1000CD4B9B68C3F307420B6913430B61CA4B0E
:106D20001B89C3F307220B695B1C4FF40074A3FBA0
:106D3000043566000027A3FB064C05FB06C503FBD4
:106D40000753C1E9124373100B65C2F3801301F8B6
:106D5000193F93065B0E4B70BB4B1A7A4B7843EA94
:106D6000D2134B7002F07F038B70B74BDB681A0EA7
:106D7000D309CB70C2F341130B71C2F382034B7181
:106D800093071B0F8B71B04BDB68C3F307428B7902
:106D900043EA92138B71C2F34013CB7100230B7241
:106DA00002F001034B72A84B9B89C3F30722D3095E
:106DB0008B72C2F38013CB72C2F340130B73C2F316
:106DC00000134B73C2F381038B7302F00303CB7385
:106DD0009D4B1A7B53080B7401234B749B4B1B6810
:106DE0001A0ECA741939994B1B68C3F3074214026F
:106DF000CC85964B1B88C3F30722CB8D1343CB85E1
:106E0000924B1A7814060C635B681A0E0B6B43EAFC
:106E100002440C638D4B5B68C3F307420B6B43EA80
:106E200002240C63894B9B88C3F307220B6B13432B
:106E30000B63864B1A7934235A54844B9B681A0E81
:106E400035235A54814B9B68C3F3074214068C6365
:106E50007E4B1B89C3F307228B6B43EA02448C638E
:106E60007A4B1A7A8B6B43EA02248C63774BDB688C
:106E70001A0E8B6B13438B63744BDB68C3F30742AF
:106E80003C235B5C43EA12143C235C5413071C0D47
:106E9000CC876E4B9B89C3F30722CB8F1343CB87E1
:106EA0006A4B1A7B540840235C54012441235C54F0
:106EB000F0BD70B500264FF4803505E064480468E5
:106EC00004F0450000B103E0281EA5F10105F5D14D
:106ED00000BF15B104F0040028B10326042004F01B
:106EE000C0FA304670BD012004F0B0FA18B1012696
:106EF000012004F0B6FA40F2FF5004F0B2FA304636
:106F0000F0E72DE9F04105460E464FF0000805E098
:106F10004F48076807F0450000B100E0F8E700BF00
:106F2000042004F093FA28B1042004F09AFA032014
:106F3000BDE8F081012004F089FA20B1012004F0BD
:106F400090FA0120F4E7424824380068A84201D0B2
:106F50001020EDE740F2FF5004F083FA3C4820385F
:106F6000046804F4604018B9200C30804046DFE724
:106F700004F4005008B11320DAE704F4804008B1AB
:106F80001020D5E704F4004008B10F20D0E74046B8
:106F9000CEE738B500240120009004F0BEF910B906
:106FA0002524204638BD27480078042825D0002015
:106FB0002849086002204860C02088600020C8601E
:106FC0004FF480600861084604F0ADF9FFF771FFE7
:106FD00004460CB12046E5E71D48203800681B49EF
:106FE00008601B481C380068486019481838006859
:106FF0008860174814380068C8601248007858B193
:1070000010480078012807D00E480078062803D0E1
:107010000C480078022821D100200E490860032086
:107020004860402088600020C8604FF4806008619C
:10703000084604F078F969460320FFF762FF04462A
:1070400064B109E070000020F48000200481002079
:10705000342C0140C88000202046A3E7FE48007879
:10706000032816D1BDF800000004FC490860032085
:107070004860402088600020C8604FF4806008614C
:10708000084604F050F9FFF714FF04460CB12046FF
:1070900088E7F148007804282AD0BDF80000F049BC
:1070A0000860BDF800000004EC4908600920486051
:1070B000C02088600020C8604FF4806008610846E6
:1070C00004F031F9FFF7F5FE04460CB1204669E7FC
:1070D000E4480068E4490860E248001D0068486030
:1070E000E048083000688860DE480C300068C860FE
:1070F000002057E710B506E0DA482030046804F0B5
:10710000450000B100E0F7E700BF042004F09EF95D
:1071100020B1042004F0A5F9032010BD40F2FF5077
:1071200004F09FF90020F8E770B500264FF4803591
:1071300006E0CC482030046804F0450000B103E0CC
:10714000281EA5F10105F4D100BF15B104F004001B
:1071500028B10326042004F084F9304670BD04F001
:10716000400018B10026402004F07BF93046F5E7D6
:1071700070B500254FF4803404E0802004F066F9F7
:1071800000B103E0201EA4F10104F6D100BF0CB948
:10719000032070BD40F2FF5004F063F92846F8E781
:1071A0002DE9F0470027002400260025A046A1462F
:1071B0007620AE4908750020086048608860C86085
:1071C0000861084604F085F8032004F0A2F8A548F9
:1071D0001038006840F48070A2491039086000BF80
:1071E00012E000209D49086048608860C8604FF444
:1071F00080600861084604F096F8FFF7B9FF04467E
:1072000004B903E0781CC7B24A2FEADB00BF14B10F
:107210002046BDE8F0874FF4D570904908600820FB
:107220004860402088600020C8604FF4806008619A
:10723000084604F078F8FFF777FF044624B90120E8
:10724000854908704FF08049002084490860372044
:107250004860402088600020C8604FF4806008616A
:10726000084604F060F83720FFF709FB0446002CBD
:107270004BD134E000207949086037204860402035
:1072800088600020C8604FF480600861084604F000
:107290004AF83720FFF7F3FA04460CB12046B8E766
:1072A000734849EA00006D49086029204860402081
:1072B00088600020C8604FF480600861084604F0D0
:1072C00032F8FFF717FF04460CB12046A1E76548E6
:1072D0000668012080EAD67080F001086D1CB8F1C4
:1072E000000F03D14FF6FF708542C3D34FF6FF70F6
:1072F000854202D31B2420468BE706F08040061E01
:1073000032D00220544908702EE01CE059485349FD
:10731000086001204860402088600020C8604FF469
:1073200080600861084603F0FEFFFFF7E3FE0446B5
:107330000CB120466DE74B480668012080EAD67004
:1073400080F001086D1CB8F1000F03D14FF6FF70FB
:107350008542DBD34FF6FF70854202D31B242046C3
:1073600057E703203C490870204652E73EB5002409
:1073700000250121404802F0C3F80121C80202F0B3
:1073800019F90121C80202F06AF94FF4F85001908E
:1073900002208DF808008DF8090000208DF80A0001
:1073A00001208DF80B0001A9344801F027FB0420CF
:1073B000019001A9324801F021FB0C2208212F483D
:1073C00001F0A7FB0C2209212C4801F0A2FB0C22A2
:1073D0000A212A4801F09DFB0C220B21274801F0CD
:1073E00098FB0C221146254801F093FB0C22022148
:1073F000234801F08EFB00214FF4006002F02FF9CA
:10740000FFF712FA31208DF8000000208DF80100FE
:107410008DF8020001208DF80300684601F0FDF9A7
:10742000FFF7BEFE044614B9FFF7B3FD04461CB9CE
:107430001448FFF7ADFB044634B91249B1F85410B3
:107440000804FFF790FB044624B94FF40060FFF7EF
:1074500059FB0446E4B117E070000020C88000200A
:1074600074000020142C0140F4800020B080002023
:10747000000010800080FF800C00400000080240E7
:10748000000C024018810020FE480078032812D129
:10749000FD4890F8560020B1FB4890F856000128AE
:1074A00001D1022500E000252846FFF7DFF9002082
:1074B000FFF7D2F9044620463EBD10B5002003F088
:1074C00028FF002010BD70B590B004460E4615464A
:1074D00000BFEE4803F03FFD0028FAD1EB4803F06F
:1074E00011FC4FF000600190E9480290039404956C
:1074F0000020059006904FF480600790800008906F
:107500008000099000200A904FF440300B90042036
:107510000C9003200D904FF400000E9080100F90FF
:1075200001A9DA4803F090FC2021D84803F0DCFCE4
:107530000121D64803F0C2FC10B070BD0146002006
:1075400002E04910421CD0B20129FAD170472DE95E
:10755000F84F8146174698460A9C4FF0000AD346DA
:107560004D464FF0FF36B9F1000F02D12620BDE89D
:10757000F88F0020C64954390860C24800780228B4
:1075800005D10402780A40EAC8574FEA682800206B
:10759000C04988604860401E0860012048610020A2
:1075A000C8600861084603F0EAFEB9486C38006814
:1075B00000F0007008B10E20D9E7002C21DDB4F5F1
:1075C000006F1EDC601E2040D8B92046FFF7B6FFD2
:1075D0000090B14804601020AF49486040208860A6
:1075E0000020C8604FF480600861084603F09BFEED
:1075F0001020FFF744F98246BAF1000F03D050463D
:10760000B5E72620B3E700980001A2498860084644
:1076100044604FF0FF300860012048610220C860DC
:1076200000200861084603F0AAFE9B48076011206D
:1076300099494860402088600020C8604FF480600D
:107640000861084603F06FFE1120FFF718F9824623
:10765000BAF1000F01D0504689E790480078002821
:107660005AD1F8F7ECFD17E04FF4004003F0EEFEBE
:1076700070B14FF0000B05E08548006845F82B001D
:107680000BF1010BBBF1080FF6D32035844E03E05C
:107690000EB904206BE7761E7D484C38006840F236
:1076A0002A6108400028DFD0082003F0CFFE20B177
:1076B000082003F0D6FE042059E7022003F0C6FE9E
:1076C00020B1022003F0CDFE022050E7202003F07D
:1076D000BDFE20B1202003F0C4FE062047E74FF492
:1076E000007003F0B3FE28B14FF4007003F0B9FE50
:1076F00007203CE703E06648006828602D1D4FF432
:10770000001003F0A3FE0028F5D1F8F79AFD40F22F
:10771000FF5003F0A6FE39E060480078012835D11B
:107720000020604908706049087060490870584836
:107730004438006840F22A3108435549443908600A
:1077400053485438006840F00800514954390860E3
:10775000002221464846FFF7B6FE00E0761E4B4861
:107760005838006800F0006038B95048007820B9F7
:107770004C48007808B9002EF0D10EB90420F6E686
:107780004848007810B1474890F800A05046EEE60F
:107790002DE9FF5F17469846DDE90E464FF00009D8
:1077A000CA464FF0FF35424900980860002038492A
:1077B0005439086033480078022805D10402780A59
:1077C00040EAC8574FEA682800203249886048607C
:1077D000401E0860012048610020C860086108461A
:1077E00003F0CDFD2A486C38006800F0007018B135
:1077F0000E2004B0BDE8F09F002C21DDB4F5006F31
:107800001EDC601E2040D8B92046FFF797FE834655
:1078100021480460102020494860402088600020F2
:10782000C8604FF480600861084603F07CFD1020BA
:10783000FFF725F88146B9F1000F03D04846D8E795
:107840002620D6E7012E6ED906FB04F0B0F1007FAA
:1078500001D32620CDE74FEA0B100E49886006FBC6
:1078600004F048604FF0FF300860012048610220BA
:10787000C86000200861084603F081FD06480760E3
:10788000122017E070000020188100205864024088
:10789000802C0140DC800020C8800020780000207F
:1078A000FFFF7F007A000020790000207B0000208D
:1078B0007C000020F9494860402088600020C860B2
:1078C0004FF480600861084603F02DFD1220FEF79A
:1078D000D6FF8146B9F1000F01D0484689E7F0484C
:1078E000007800287ED1F8F7AAFC1EE04FF4004093
:1078F00003F0ACFDA0B14FF0000A07E0E9480068D2
:10790000E949096841F82A000AF1010ABAF1080FA9
:10791000F4D3E54800682030E3490860E34D04E013
:1079200015B9042065E7AEE06D1EDE484C380068EE
:1079300040F22A3108400028D8D0082003F086FD04
:1079400020B1082003F08DFD042052E7022003F04F
:107950007DFD20B1022003F084FD022049E72020B4
:1079600003F074FD20B1202003F07BFD062040E7EA
:107970004FF4007003F06AFD28B14FF4007003F07B
:1079800070FD072035E709E0C6480068C649096868
:107990000860C5480068001DC34908604FF4001026
:1079A00003F054FD0028EFD14FF4807003F04EFD3A
:1079B00020B3BF48007838B1BD480078012803D013
:1079C000BB480078022819D10020B44908600C2077
:1079D0004860402088600020C8604FF480600861E3
:1079E000084600E011E003F09EFC0C20FEF747FF84
:1079F0008146B9F1000F01D04846FAE6F8F721FCBC
:107A000040F2FF5003F02DFD3DE0A548007801282D
:107A100039D10020A74908700120A749087000202B
:107A2000A64908709F484438006840F22A3108434C
:107A30009C49443908609B485438006840F008006D
:107A400098495439086006FB04F100220098FFF7BA
:107A50003AFD00E06D1E9A48006800F0006008B929
:107A6000002DF7D10DB90420C3E600BF934800787C
:107A700018B9904800780028F8D08E48007810B1E6
:107A80008C4890F800904846B3E61CB504460020A8
:107A9000019000908B4800880004804908600D2008
:107AA0004860402088600020C8604FF48060086112
:107AB000084603F038FC7B484C380068009003E02F
:107AC00078484C3800680090009800F04500002885
:107AD000F6D0012003F0BAFC20B1012003F0C1FC74
:107AE00001201CBD042003F0B1FC20B1042003F0F0
:107AF000B8FC0320F5E76B48703800680D2801D00A
:107B00001020EEE740F2FF5003F0ABFC65486C3804
:107B1000006801900198C0F3432020700020E0E746
:107B20002DE9FF5F86B017469846149D0026002079
:107B300005900490002481460390824602900195AE
:107B4000DDF818B0DDF818B0BBF1000F03D1262026
:107B50000AB0BDE8F09F00205249543908605A49E4
:107B600088604860401E0860012048610020C860AD
:107B70000861084603F003FC4A486C38006800F0CE
:107B8000007008B10E20E3E749480078022805D1CB
:107B90000502780A40EAC8574FEA6828002D1FDD21
:107BA000B5F5006F1CDC681E2840C8B92846FFF7F1
:107BB000C5FC0590394805601020384948604020D0
:107BC00088600020C8604FF480600861084603F0B8
:107BD000AAFB1020FEF753FE06461EB13046B7E75B
:107BE0002620B5E73748008800042C4908600D209E
:107BF0004860402088600020C8604FF480600861C1
:107C0000084603F090FB0D20FEF739FE06460EB144
:107C100030469DE723486C38006803904FF0FF34EE
:107C20001CE0641E2748008800041C4908600D20E1
:107C30004860402088600020C8604FF48060086180
:107C4000084603F070FB0D20FEF719FE06460EB144
:107C500030467DE713486C3800680390039800F4C1
:107C6000807008B9002CDCD10CB9292070E70B48D2
:107C70000760182009494860402088600020C860DB
:107C80004FF480600861084603F04DFB1820FEF7B2
:107C9000F6FD0646D6B130465AE70000C8800020FF
:107CA00078000020802C01407C000020FFFF7F0036
:107CB000700000207A000020790000207B00002066
:107CC0000064024074000020DC8000200020F8499D
:107CD000087005980001F7498860084645604FF034
:107CE000FF300860012048610020C8600861084634
:107CF00003F045FB4FF0FF34EF48007800287CD1BB
:107D0000F8F79DFA43E04FF4804003F09FFBC8B3BF
:107D10000198A0EB0900202821D20198A0EB0900CE
:107D200000F0030020B90198A0EB0900800804E0EE
:107D30000198A0EB09008008401C02904FF0000A57
:107D400009E0DE49DBF8000008600AF1010A0BF1E6
:107D5000040B09F1040902988245F2D30FE04FF0B9
:107D6000000A05E05BF82A00D44908600AF1010A1C
:107D7000BAF1080FF6D30BF1200B09F120096FF0CF
:107D8000404404E0FFE70CB90420E1E6641ECB4860
:107D90004C38006840F21A6108400028B3D008202F
:107DA00003F054FB20B1082003F05BFB0420CFE676
:107DB000022003F04BFB20B1022003F052FB022013
:107DC000C6E6102003F042FB20B1102003F049FB6F
:107DD0000520BDE64FF4007003F038FB30B14FF4DE
:107DE000007003F03EFB0720B2E606E0F8F729FA40
:107DF00040F2FF5003F035FB43E0AF480078012824
:107E00003FD10020AE490870A9490870AD490870FB
:107E1000AA484438006840F21A310843A749443957
:107E20000860402229460698FFF74DFBA3485438C6
:107E3000006840F00800A1495439086000E0641E61
:107E4000A148006800F0006008B9002CF7D11CB907
:107E5000FFF78CFA04207BE64FF0FF3400E0641E4D
:107E60009848007820B99648007808B9002CF6D1D7
:107E70000CB904206CE69248007810B19048007864
:107E800066E640F2FF5003F0ECFA04A8FFF7FDFDB0
:107E9000064603E004A8FFF7F8FD06463EB99DF844
:107EA00010000728F6D09DF810000628F2D03046C2
:107EB0004EE62DE9FF5F84B0DDE912470026002081
:107EC00003900290002580468146019007FB04FB49
:107ED000DDF810A0DDF810A0BAF1000F03D12620C4
:107EE00008B0BDE8F09F002074495439086071491A
:107EF00088604860401E0860012048610020C8601A
:107F00000861084603F03BFA6C486C38006800F0E2
:107F1000007008B10E20E3E76C480078022808D111
:107F20000402DDE90601400A40EAC1504912CDE9E8
:107F30000601002C1FDDB4F5006F1CDC601E204024
:107F4000C8B92046FFF7FAFA039061480460102090
:107F50005F494860402088600020C8604FF480601E
:107F60000861084603F0DFF91020FEF788FC06469A
:107F70001EB13046B4E72620B2E7012F6FD907FBC8
:107F800004F0B0F1007F01D32620A9E74F48007824
:107F900038B14E480078012803D04C4800780228B8
:107FA0002DD14C48008800044949086037204860BA
:107FB000402088600020C8604FF480600861084657
:107FC00003F0B1F93720FEF75AFC06460EB13046F1
:107FD00086E73F48076017203D4948604020886099
:107FE0000020C8604FF480600861084603F09BF9E8
:107FF0001720FEF744FC06460EB1304670E73449C0
:108000000698086019204860402088600020C860F9
:108010004FF480600861084603F085F91920FEF7E7
:108020002EFC06460EB130465AE70398000121495E
:10803000886007FB04F048604FF0FF3008600120C3
:1080400048610020C8600861084603F098F91A48A2
:108050000078002872D1451EF8F7F1F854E0F8E0F6
:108060004FF4804003F0F2F9B0B3ABEB08002028E6
:1080700033D2ABEB080000F0030018B9ABEB0800FB
:10808000800803E0ABEB08008008401C01904FF033
:10809000000909E00949DAF80000086009F101095E
:1080A0000AF1040A08F1040801988145F2D324E09A
:1080B00079000020DC80002078000020802C014026
:1080C0007A0000207B000020006402407000002045
:1080D000C88000207400002012E04FF0000905E085
:1080E0005AF82900F749086009F10109B9F1080FA8
:1080F000F6D30AF1200A08F120086FF0404503E0AA
:108100000DB90420ECE66D1EEE484C38006840F2D4
:108110001A3108400028A3D0082003F097F920B1B5
:10812000082003F09EF90420DAE6022003F08EF91D
:1081300028B1022003F095F90220D1E640E010209A
:1081400003F084F920B1102003F08BF90520C7E675
:108150004FF4007003F07AF928B14FF4007003F087
:1081600080F90720BCE64FF4807003F06FF900B38C
:10817000D548007838B1D4480078012803D0D248D7
:108180000078022815D10020D04908600C204860F2
:10819000402088600020C8604FF480600861084675
:1081A00003F0C1F80C20FEF76AFB06460EB130461C
:1081B00096E6F8F746F840F2FF5003F052F948E02F
:1081C000C3480078012844D10020C249087001202A
:1081D000C14908700020C1490870BA484438006895
:1081E00040F21A310843B7494439086007FB04F1EB
:1081F00040220498FFF767F9B2485438006840F00D
:108200000800B049543908604FF0FF3500E06D1E9A
:10821000B348006800F0006008B9002DF7D11DB91F
:10822000FFF7A4F804205BE64FF0FF3500E06D1E79
:10823000AA48007820B9A748007808B9002DF6D1DF
:108240000DB904204CE6A348007810B1A14800788D
:1082500046E640F2FF5003F004F902A8FFF715FCD0
:10826000064603E002A8FFF710FC06463EB99DF85B
:1082700008000728F6D09DF808000628F2D03046FE
:108280002EE610B54FF4807003F0E0F888B3924802
:108290000078012814D100208C4908600C20486027
:1082A000402088600020C8604FF480600861084664
:1082B00003F039F80C20FEF7E2FA8649087002E074
:1082C0000020844908707F484838006840F4807076
:1082D0007C4948390860081D00684CF23A318843EF
:1082E00078494439086001207C4908707948007851
:1082F00010BDFFE7022003F0A9F878B1022003F0D7
:10830000B0F87048443800684CF23A3188436D49FF
:108310004439086002206F490870E9E7082003F03B
:1083200095F878B1082003F09CF866484438006856
:108330004CF23A3188436349443908600420654966
:108340000870D5E7202003F081F878B1202003F0F1
:1083500088F85C48443800684CF23A3188435949FF
:108360004439086006205B490870C1E7102003F01B
:108370006DF878B1102003F074F852484438006862
:108380004CF23A3188434F4944390860052051493D
:108390000870ADE74FF4007003F058F880B14FF467
:1083A000007003F05EF84748443800684CF23A31F8
:1083B000884344494439086007204649087097E7D4
:1083C000002095E710B5FFF75CFF10BD70B50446BF
:1083D000002514B92625284670BD424800880004AF
:1083E0003A4908600D204860402088600020C8603D
:1083F0004FF480600861084602F095FF0D20FEF7FB
:108400003EFA05460DB12846E6E72E486C3800686E
:1084100020602846E0E708B5002000906846FFF796
:10842000D5FF08B1FF2008BD0098C0F34320FAE74C
:108430002DE9FE4F83460C4691460020029000260F
:1084400025462C46700240EAD5566D020BF003001B
:10845000F0B14FF0000A18E04FF4007000904FEABE
:108460004A20471946EBE0733A461F48FFF76FF87A
:1084700002904FF400721C49584603F0E1F80BF5E6
:10848000007B0AF1010000F0FF0ACA45E4DB16E0B8
:10849000B9F1010F09D14FF400702A46334600901C
:1084A0005846FFF754F8029009E04FF400702A464E
:1084B0003346CDE900095846FFF76AF90290029861
:1084C000BDE8FE8F802C014070000020C880002095
:1084D000780000207A000020790000207B00002036
:1084E0000064024074000020708100202DE9FE4FDE
:1084F00081460C46924600200290002625462C46D6
:10850000700240EAD5566D0209F00300F0B14FF059
:10851000000B18E04FF400724946194803F090F838
:108520004FF4007000904FEA4B20471946EBE07380
:108530003A461348FFF7F4FA029009F500790BF177
:10854000010000F0FF0BD345E4DB16E0BAF1010FA8
:1085500009D14FF400702A46334600904846FFF791
:10856000DFFA029009E04FF400702A463346CDE965
:10857000000A4846FFF79DFC02900298BDE8FE8F76
:108580007081002010B504466FF0040000F092F9ED
:10859000E11704EB5171C1F3C701394A117010465C
:1085A000007800EB4001C1EBC0104FF6FF7101EA0B
:1085B000C0003449088010BD0146314A12784A4350
:1085C0004FF0E0235A6100229A611A46126942F084
:1085D00001021A6100BF4FF0E022106900F00102B1
:1085E0001AB100F48032002AF5D04FF0E02212696F
:1085F00022F001024FF0E0231A6100229A617047D5
:108600000146204A12884A434FF0E0235A61002273
:108610009A611A46126942F001021A6100BF4FF0D6
:10862000E022106900F001021AB100F48032002A41
:10863000F5D04FF0E022126922F001024FF0E02362
:108640001A6100229A61704770B504464FF40770B2
:1086500094FBF0F0C6B24FF4077094FBF0F100FB0E
:10866000114085B205E04FF40770FFF7C9FF701E97
:10867000C6B2002EF7D115B12846FFF7C1FF70BD75
:10868000800000208200002000BF704700BF4C4ADD
:10869000128802F04002002AF9D0C2B2484B9A80F8
:1086A000704710B588B004460121084600F028FF45
:1086B0000121102000F07EFF07220921414800F02F
:1086C00028FA07220A213F4800F023FA4FF4C0603D
:1086D000069002208DF81C008DF81D0000208DF8FA
:1086E0001E0001208DF81F0006A9364800F086F90B
:1086F00002940020ADF80C00ADF80E00ADF81000AB
:10870000ADF814000C20ADF8120002A92C4801F0BD
:10871000B2F801212A4801F036F9012240F2255130
:10872000274801F0E6F925208DF8040003208DF894
:1087300005008DF8060001208DF8070001A800F063
:108740006CF808B010BD10B540F225511C4801F07E
:108750000BFA10B31A4801F045F9C4B21A48008860
:1087600000F40040C8B91848008800F4804060B1A7
:108770000A2C03D000201449088020E01248008809
:1087800040F400401049088019E00D2C06D10E4835
:10879000008840F480400C49088010E00A480088B6
:1087A000C0F30D0009490C5407480088401C0649D5
:1087B000088008460088C72801DD0020088010BD19
:1087C000001001400000024088000020708300205B
:1087D0000948804709480047FEE7FEE7FEE7FEE755
:1087E000FEE7FEE7FEE7FEE7FEE7FEE70448054991
:1087F000054A064B704700004D0400088901000837
:1088000098840020988A002098860020988600206E
:1088100032490143324A1160704770B5002100238C
:108820000F22C4781CB32E4C246804F4E064C4F511
:10883000E064C4F30721C1F10404E3B20A414478BF
:108840009C40E1B28478144021430C07210E254C52
:1088500005786155047804F01F050124AC400578C3
:108860006D11AD0005F1E025C5F8004109E004787F
:1088700004F01F050124AC401B4D0678761145F825
:10888000264070BD194A0A400243154B1B1F1A604F
:10889000704739B1124A121D12680243104B1B1D5A
:1088A0001A6006E00E4A121D126882430C4B1B1D13
:1088B0001A607047042808D14FF0E021096941F09F
:1088C00004014FF0E022116107E04FF0E021096957
:1088D00021F004014FF0E022116170470000FA0519
:1088E0000CED00E000E400E080E100E080FFFF1F0D
:1088F00010B504469848844208D10121084600F08A
:108900006AFE0021012000F066FE76E09348844272
:1089100008D10121022000F05EFE0021022000F0BB
:108920005AFE6AE08E48844208D10121042000F0FA
:1089300052FE0021042000F04EFE5EE08948844291
:1089400008D10121082000F046FE0021082000F097
:1089500042FE52E08448844208D10121102000F0F8
:108960003AFE0021102000F036FE46E07F488442A7
:1089700008D10121202000F02EFE0021202000F04F
:108980002AFE3AE07A48844208D10121402000F0D2
:1089900022FE0021402000F01EFE2EE07548844299
:1089A00008D10121802000F016FE0021802000F077
:1089B00012FE22E07048844208D10121801500F0A7
:1089C0000AFE0021A01500F006FE16E06B48844266
:1089D00008D10121401500F0FEFD0021601500F0D6
:1089E000FAFD0AE06648844207D10121001500F033
:1089F000F2FD0021201500F0EEFD10BDF0B50A4695
:108A000000210023002400BF3DE0012505FA01F309
:108A1000156805EA03049C4234D105684F0003261B
:108A2000BE40B543056015794E00B5400668354334
:108A300005601579012D02D01579022D16D18568B2
:108A40004F000326BE40B543856055794E00B540C2
:108A5000866835438560456801268E40B54345608C
:108A6000456896798E40B6B235434560C5684F007B
:108A70000326BE40B543C560D5794E00B540C668F3
:108A80003543C560491C1029BFD3F0BD4FF6FF71B7
:108A900001600021017141718171C171704708B598
:108AA0004FF480320092009A0A430092009AC26109
:108AB000C161009AC261C2690092C269009208BD98
:108AC0000246002013690B400BB1012000E000209A
:108AD00070470146086980B270470246002053691A
:108AE0000B400BB1012000E00020704701464869AF
:108AF00080B2704701837047418370470AB1018398
:108B000000E0418370474161704742694A404261D9
:108B10007047F0B5002300244D07ED0E02FA05F36F
:108B2000CE1000F1200555F826504E07F70E0F26FF
:108B3000BE40B543CF1000F1200646F82750CE10B6
:108B400000F1200555F8265045EA0304CE1000F147
:108B5000200545F82640F0BD000002400004024018
:108B600000080240000C02400010024000140240C5
:108B700000180240001C0240002002400024024075
:108B80000028024030B943F2DB028100A1F1C0416C
:108B90000A6005E043F2D2028100A1F1C0410A60FF
:108BA0006FF07042411C8900A1F1C0410A60810050
:108BB000A1F1C041C1F804217047D0E9011211436D
:108BC000C26811430269114342691143826911432A
:108BD000C2691143026A1143426A1143826A114316
:108BE000C26A1143026B114302689200A2F1C042B3
:108BF0001160816808290BD101688900A1F1C04189
:108C0000096841F0400201688900A1F1C0410A6091
:108C1000416B0968426B526841EA0211426B9268EB
:108C200041EA0221426B928941EA0241426B128A77
:108C300041EA0251426B127D41EA0261426B926944
:108C400011430268521C9200A2F1C0421160C16A35
:108C5000B1F5804F1BD1816B0968826B526841EA84
:108C60000211826B926841EA0221826B128A41EA08
:108C70000251826B127D41EA0261826B926911435B
:108C800002689200A2F1C042C2F8041107E06FF03E
:108C9000704201688900A1F1C041C1F80421704708
:108CA000002101600221416000218160C1600161F9
:108CB00041618161C16101624FF4805141624900AB
:108CC00081620021C1620163F84941638163704799
:108CD00051B18200A2F1C042126842F00103820049
:108CE000A2F1C042136009E08200A2F1C042126802
:108CF000EF4B1A408300A3F1C0431A60704710285D
:108D00000AD118214FF020421166402151664FF0E0
:108D1000FC319166D16610E01821E64A11604021CD
:108D20004FF02042C2F884104FF0FC31E14A083283
:108D300011604FF02042C2F88C10704730B500210E
:108D400000220023446844F0080485682C43C56869
:108D50002C4305692C43456944EA4524856944EA66
:108D60004531C4692468C5696D6844EA0524C5694C
:108D70002D8944EA0544C5692D7B44EA0562046AED
:108D80002468056A6D6844EA0524056A2D8944EA69
:108D90000544056A2D7B44EA05630468102C05D15F
:108DA0004FF020442166A266E36608E0C14C2160D2
:108DB0004FF02044C4F88820BE4C0C34236030BDF2
:108DC00010210160002141608160C1600161416149
:108DD0008161FC21C2691160C2695160C269916000
:108DE000C269D160026A1160026A5160026A9160D0
:108DF000026AD160704799B1102808D14FF0204223
:108E0000126E42F004024FF020431A661DE0A94A98
:108E1000126842F004024FF02043C3F8802014E0AF
:108E2000102809D14FF02042126EA14BDB1E1A40D0
:108E30004FF020431A6608E09E4A12689C4BDB1EE6
:108E40001A404FF02043C3F88020704799B1102892
:108E500008D14FF02042126E42F040024FF0204302
:108E60001A661DE0934A126842F040024FF0204318
:108E7000C3F8802014E0102809D14FF02042126E70
:108E80008B4B3F3B1A404FF020431A6608E0894A5B
:108E90001268874B3F3B1A404FF02043C3F88020B5
:108EA000704701460020102903D14FF02042506F37
:108EB00002E0804A14321068704718207D49203142
:108EC000086000200906C1F8A4004FF0FC30794981
:108ED00028310860091D0860091D08607047016895
:108EE00041F01001426841EA4221826841EA423180
:108EF000704A20321160C1680968C268526841EA4C
:108F00000221C268128941EA0241C268127B41EA29
:108F10000261684A28321160016909680269526871
:108F200041EA02210269128941EA02410269127B87
:108F300041EA02615F4A2C32116041690968426965
:108F4000526841EA02214269128941EA02414269BA
:108F5000127B41EA02614FF02042C2F8B010704724
:108F60000021016041608160FC21C2681160C2681B
:108F70005160C2689160C268D16002691160026983
:108F80005160026991600269D16042691160426971
:108F90005160426991604269D160704748B145496A
:108FA0002031096841F004014FF02042C2F8A010BE
:108FB00009E04049203109683D4AD21E11404FF076
:108FC0002042C2F8A010704710B5F2B1102807D1A6
:108FD0004FF020435B6E0B434FF02044636632E05A
:108FE000B0F5807F08D1334B1B1D1B680B434FF03E
:108FF0002044C4F8843026E02E4B24331B680B43F6
:109000004FF02044C4F8A4301DE0102807D14FF0E1
:1090100020435B6E8B434FF02044636613E0B0F552
:10902000807F08D1234B1B1D1B688B434FF02044CE
:10903000C4F8843007E01F4B24331B688B434FF088
:109040002044C4F8A43010BD10B50246002000230F
:10905000102A03D14FF02044636E09E0B2F5807FFF
:1090600003D1144C241D236802E0124C24342368DD
:1090700003EA01040CB1012000E0002010BD10281B
:1090800007D14FF02042526E8A434FF020435A6678
:1090900019E0B0F5807F0FD1064A121D12688A438D
:1090A0004FF02043C3F884200DE00000FCDB0008F3
:1090B000FEFF0F00800000A0234A12688A434FF091
:1090C0002043C3F8A420704770B502460020002357
:1090D00000240025102A03D14FF02046736E08E0CB
:1090E000B2F5807F03D1184E203E336801E0164E62
:1090F000336803EA010403EAD10514B10DB101207C
:1091000000E0002070BD102808D14FF02042526EC0
:1091100022EAD1024FF020435A6614E0B0F5807F76
:1091200009D1094A203A126822EAD1024FF02043BD
:10913000C3F8842007E0044A126822EAD1024FF003
:109140002043C3F8A4207047A40000A0F948006899
:1091500040F00100F74908600020F6490831086036
:10916000F4480068F4490840F2490860F348091DD2
:109170000860F348EF4984310860F0481038091D51
:109180000860EC48006820F48020EA49086000206C
:10919000E8490C310860E7498C31086070470021CC
:1091A000E44A921C117011460870704710B50146D0
:1091B0000022002300204A11012A02D1DD4C23683D
:1091C00008E0022A03D1DB4C7034236802E0D94C5A
:1091D0007434236801F01F02012494401C400CB138
:1091E000012000E0002010BD38B5002000900024D0
:1091F000002500BF3120FFF7D9FF05460098401C2D
:1092000000900098B0F5A04F01D0002DF2D0312091
:10921000FFF7CCFF08B1012400E00024204638BD50
:1092200001460020C34A106820F0F80040EAC1005F
:1092300010607047C349086070470021BD4A703212
:1092400011701170012802D004280AD104E0012114
:10925000B84A7032117005E00521B64A70321170BB
:1092600000E000BF00BF7047B7490860704770B5A5
:10927000049C41EA82150126C6EB530645EA0645E1
:10928000054345EA0465AB4E361D356070BDAD49FA
:1092900008667047820142EA0172A64B84331A6065
:1092A0007047A8498866704710B5830143EA016397
:1092B00043EA02739F4C8834236010BDA1490867BC
:1092C0007047A049C864704702460020994B083394
:1092D000186820F0EC6042EA01031843954B08330C
:1092E0001860704702460020924B0833186820F03F
:1092F000784042EA010318438E4B083318607047E8
:10930000014600208B4A0832106820F00300084311
:109310001060704787480830006800F00C00704704
:1093200001460020834A0832106820F0F00008430C
:1093300010607047014600207E4A0832106820F411
:10934000E05008431060704701460020794A083217
:10935000106820F4604040EAC10010607047F0B52A
:10936000002100220024022500260223714F083725
:109370003F6807F00C0121B1042905D0082937D135
:1093800005E0724F076036E0714F076033E0694FC8
:109390003F1D3F68C7F38056664F3F1D3F6807F08B
:1093A0003F036EB16A4FB7FBF3F7DFF888C10CF1EA
:1093B000040CDCF800C0CCF3881C07FB0CF40CE0B8
:1093C000624FB7FBF3F7DFF86CC10CF1040CDCF86B
:1093D00000C0CCF3881C07FB0CF4564F3F1D3F68C0
:1093E000C7F301477F1C7D00B4FBF5F7076002E07F
:1093F000564F076000BF00BF4E4F08373F6807F069
:10940000F0010909534F7A5C0768D7404760494F1C
:1094100008373F6807F4E051890A4E4F7A5C476885
:10942000D7408760434F08373F6807F46041490BD6
:10943000484F7A5C4768D740C760F0BD002100F410
:109440004072B2F5407F0AD13A4A0832116821F4DD
:10945000F811414A02401143364A08321160354A38
:1094600070321268C0F30B031A43324B70331A6028
:1094700070473549443908607047334940390860BE
:10948000704736490860704701460020294A8C32EF
:10949000106820F01F004A1E1043264A8C321060CC
:1094A000704701460020234A8C32106820F4F8509F
:1094B0004A1E40EA02201F4A8C3210607047014663
:1094C00000201C4A8C32106820F4401008431060C1
:1094D000704701460020174A8C32106820F4400083
:1094E00008431060704701460020124A8C32106811
:1094F00020F44030084310607047194908607047F5
:1095000039B10C4A3032126802430A4B30331A60C8
:1095100006E0084A303212688243064B30331A6044
:109520007047F9B1034A343212680243014B3433B5
:109530001A601CE000380240FFFFF6EA10300024F9
:109540000030002000004742800E47420024F40013
:1095500000127A008A000020FFFCFF0F5C014742E6
:10956000E01147428F4A126882438E4B1A6070475F
:1095700039B18C4A121D126802438A4B1B1D1A60B6
:1095800006E0884A121D12688243864B1B1D1A6032
:10959000704739B1834A0C3212680243814B0C3355
:1095A0001A6006E07F4A0C32126882437D4B0C330E
:1095B0001A60704739B17B4A103212680243794B06
:1095C00010331A6006E0774A103212688243754BF6
:1095D00010331A60704739B1724A243A1268024354
:1095E000704B243B1A6006E06E4A243A12688243AC
:1095F0006C4B243B1A60704739B16A4A203A1268B2
:109600000243684B203B1A6006E0664A203A126823
:109610008243644B203B1A60704739B1614A1C3A5F
:10962000126802435F4B1C3B1A6006E05D4A1C3A1D
:10963000126882435B4B1C3B1A60704739B1594A30
:10964000143A12680243574B143B1A6006E0554A1D
:10965000143A12688243534B143B1A60704739B175
:10966000504A103A126802434E4B103B1A6006E013
:109670004C4A103A126882434A4B103B1A607047BA
:1096800039B1484A1C3212680243464B1C331A60F7
:1096900006E0444A1C3212688243424B1C331A6073
:1096A000704739B13F4A2032126802433D4B2033A4
:1096B0001A6006E03B4A203212688243394B20335D
:1096C0001A60704739B1374A243212680243354B69
:1096D00024331A6006E0334A243212688243314B45
:1096E00024331A60704739B12E4A2C321268024373
:1096F0002C4B2C331A6006E02A4A2C321268824323
:10970000284B2C331A60704739B1264A3032126820
:109710000243244B30331A6006E0224A303212688A
:109720008243204B30331A607047012808D11D490D
:109730003C31096841F008011A4A3C32116007E0E7
:1097400018493C31096821F00801164A3C32116081
:10975000704739B1134A273A12780243114B273B1D
:109760001A7006E00F4A273A127882430D4B273BC6
:109770001A7070470B484030006840F0807009490B
:1097800040310860704701460020064A283A1268B6
:109790000A400AB1012000E0002070470149263943
:1097A000087070473438024010B50446FA488442C5
:1097B00008D101211020FFF752FF00211020FFF7F0
:1097C0004EFF57E0F548844209D101214804FFF7D4
:1097D00035FF00214FF40030FFF730FF4AE0F0483A
:1097E000844209D101218804FFF728FF00214FF4AA
:1097F0008020FFF723FF3DE0EA48844209D10121A0
:10980000C804FFF71BFF00214FF40020FFF716FFED
:1098100030E0E548844209D101210805FFF70EFF39
:1098200000214FF48010FFF709FF23E0DF48844256
:1098300008D101212020FFF712FF00212020FFF78F
:109840000EFF17E0DA48844209D101218807FFF7AB
:10985000F5FE00214FF08040FFF7F0FE0AE0D5480A
:10986000844207D101214005FFF7E8FE0021600591
:10987000FFF7E4FE10BD2DE9FF4705460E46002424
:10988000A14600BFA046B08900B100BF2C8A24F4D5
:109890004054F08804432C82AC8941F20C6084432C
:1098A000B08831890843718908430443AC81AC8A8C
:1098B00024F44074B0890443AC826846FFF74FFD3E
:1098C000B548854202D0B948854202D1DDF80C90F6
:1098D00001E0DDF80890A88900F4004040B109EBF0
:1098E000C90000EB091031684900B0FBF1F707E04F
:1098F00009EBC90000EB091031688900B0FBF1F7F2
:109900006420B7FBF0F004012009642101FB10780A
:10991000A88900F4004040B1322000EBC800B0FB41
:10992000F1F000F00700044308E0322000EB0810DB
:109930006421B0FBF1F000F00F0004432C81BDE87E
:10994000FF874FF41651016000218180C1800181A1
:109950000C21418100218181704710B50246002011
:10996000108A20F470600B884C8823438C88234332
:10997000CC8823431843108210BD00210180418010
:109980008180C180704721B1828942F40052828176
:1099900004E082894DF6FF731A4082817047028B82
:1099A00002F47F420283028B0A430283704721B193
:1099B000828942F40042828103E08289C2F30E026E
:1099C0008281704721B1828A42F40062828204E07F
:1099D000828A4FF2FF731A4082827047C1F30802F5
:1099E0008280704701468888C0F308007047028A69
:1099F0004FF6F0731A400282028A0A4302827047CD
:109A000021B1828942F00202828104E082894FF60C
:109A1000FD731A408281704782894FF2FF731A40AA
:109A2000828182890A4382817047028A4FF6DF73FE
:109A30001A400282028A0A430282704721B1028AD6
:109A400042F48042028204E0028A4BF6FF731A401D
:109A500002827047818941F001018181704721B103
:109A6000828A42F00802828204E0828A4FF6F7730B
:109A70001A4082827047028BD2B20283028B42EA82
:109A800001220283704721B1828A42F02002828241
:109A900004E0828A4FF6DF731A408282704721B158
:109AA000828A42F01002828204E0828A4FF6EF73CB
:109AB0001A4082827047828A4FF6FB731A40828274
:109AC000828A0A438282704721B1828A42F002026E
:109AD000828204E0828A4FF6FD731A4082827047C8
:109AE0001AB1838A0B43838202E0838A8B43838289
:109AF0007047F0B50346002400260025002040F6FC
:109B00006A17B94200D100BF1846C1F3421401F0F0
:109B10001F06012707FA06F5012C01D10C3004E0DD
:109B2000022C01D1103000E014301AB107682F4325
:109B3000076002E00768AF430760F0BD02460020FF
:109B4000B1F5007F00D100BF13880B400BB101209D
:109B500000E00020704701F40072B2F5007F00D1F0
:109B600000BFCA430280704770B50246002400233C
:109B70000025002040F66A16B14200D100BFC1F3B3
:109B8000421501F01F03012606FA03F3012D13D13C
:109B90009689334017E00000001001400044004067
:109BA00000480040004C00400050004000140140BC
:109BB00000780040007C0040022D02D1168A33401C
:109BC00001E0968A33400C12012606FA04F4168846
:109BD000344013B10CB1012000E0002070BD10B57D
:109BE0000022002340F66A14A14200D100BF0A12ED
:109BF00001249440A3B2DC43048010BD10B5044698
:109C0000FE48844208D101210846FFF728FD0021C3
:109C10000120FFF724FD9DE0B4F1804F08D1012120
:109C20000846FFF70BFD00210120FFF707FD91E03B
:109C3000F348844208D101210220FFF7FFFC0021F4
:109C40000220FFF7FBFC85E0EE48844208D10121A9
:109C50000420FFF7F3FC00210420FFF7EFFC79E07C
:109C6000E948844208D101210820FFF7E7FC0021E0
:109C70000820FFF7E3FC6DE0E448844208D10121AD
:109C80001020FFF7DBFC00211020FFF7D7FC61E07C
:109C9000DF48844208D101212020FFF7CFFC0021BA
:109CA0002020FFF7CBFC55E0DA48844208D101219F
:109CB0000220FFF7D4FC00210220FFF7D0FC49E08E
:109CC000D548844209D101210804FFF7C8FC0021CE
:109CD0004FF48030FFF7C3FC3CE0D048844209D108
:109CE00001214804FFF7BBFC00214FF40030FFF7CF
:109CF000B6FC2FE0CA48844209D101218804FFF74D
:109D0000AEFC00214FF48020FFF7A9FC22E0C548FB
:109D1000844208D101214020FFF790FC002140201F
:109D2000FFF78CFC16E0C048844208D10121802056
:109D3000FFF784FC00218020FFF780FC0AE0BB488D
:109D4000844207D101218015FFF778FC0021A0157E
:109D5000FFF774FC10BD00220288A84B98420ED079
:109D6000AC4B98420BD0B0F1804F08D0A44B984236
:109D700005D0A44B984202D0A34B984204D14FF691
:109D80008F731A404B881A43A04B984207D0A04BC0
:109D9000984204D04FF6FF431A400B891A430280C1
:109DA0004B68C3620B880385944B984202D0994B51
:109DB000984201D18B7A03860123838270474FF04A
:109DC000FF31416000210180018141808172704733
:109DD0000185828270470A46002101884FF68F7301
:109DE000194011430180704741627047C16270475A
:109DF0000146486A70470146088D704721B10288C4
:109E000042F00202028004E002884FF6FD731A401D
:109E10000280704721B1028842F00402028004E00F
:109E200002884FF6FB731A400280704721B1028806
:109E300042F08002028004E002884FF67F731A40ED
:109E40000280704702884FF6F7731A40028002883A
:109E50000A430280704702884FF6FF431A4002808F
:109E600002880A430280704721B1028842F0010251
:109E7000028004E002884FF6FE731A4002807047A9
:109E800070B5002400220023058C4FF6FE76354085
:109E90000584028C8388048B4FF68F752C40B51E89
:109EA0002C400D882C43751E2A408D892A434D88ED
:109EB0002A43524DA84202D0564DA84213D14FF624
:109EC000F7752A40CD892A434FF6FB752A408D88C5
:109ED0002A434FF6FF652B404FF6FF552B400D8A66
:109EE0002B434D8A2B43838004838D684563028412
:109EF00070BD70B5002400220023058C4FF6EF766C
:109F000035400584028C8388048B48F6FF752C400D
:109F10004FF6FF452C400D884FF6FF7606EA0525E3
:109F20002C434FF6DF752A408D8906EA05152A4332
:109F30004D8806EA05152A43304DA84202D0354D1A
:109F4000A8421DD14FF67F752A40CD894FF6FF7686
:109F500006EA05152A434FF6BF752A408D8806EAA2
:109F600005152A434FF6FF352B404FF2FF752B4066
:109F70000D8A06EA85052B434D8A06EA85052B43A3
:109F8000838004838D688563028470BD70B500246E
:109F900000220023058C4FF6FF6635400584028CB5
:109FA0008388848B4FF68F752C404FF6FC752C40C0
:109FB0000D882C434FF6FF552A408D894FF6FF76CA
:109FC00006EA05252A434D8806EA05252A430B4D56
:109FD000A84202D00F4DA84238D14FF2FF752A4057
:109FE000CD894FF6FF7606EA05252A434FF6FF3561
:109FF0002A408D8806EA05252A4319E00000014021
:10A000000004004000080040000C00400010004028
:10A0100000140040000401400040014000440140A1
:10A020000048014000180040001C00400020004093
:10A030004EF6FF752B404DF6FF752B400D8A06EA54
:10A0400005152B434D8A06EA05152B43838084832F
:10A050008D68C563028470BD70B5002200230024A2
:10A06000058C4EF6FF7635400584038C8488828B00
:10A0700048F6FF752A404FF6FF452A400D884FF6F7
:10A08000FF7606EA05252A434DF6FF752B408D899C
:10A0900006EA05352B434D8806EA05352B43FE4D70
:10A0A000A84202D0FD4DA84208D14BF6FF752C40C6
:10A0B0000D8A4FF6FF7606EA85152C43848082834D
:10A0C0008D680564038470BD00210180418081801A
:10A0D00081608181C18101824182704770B50346F0
:10A0E000002000241846183001258D40ACB21D8C8C
:10A0F000A5431D8409B108290AD100EB6100056858
:10A100004FF68F76354005600568154305600FE012
:10A110000D1FC5F34E052844056848F6FF76354007
:10A12000056005684FF6FF7606EA022635430560AE
:10A1300070BD4163704781637047C16370470164BC
:10A1400070470A460021018B4FF68F731940114367
:10A15000018370470A460021018B48F6FF731940BE
:10A160004FF6FF7303EA02231943018370470A463F
:10A170000021818B4FF68F73194011438183704703
:10A180000A460021818B48F6FF7319404FF6FF7392
:10A1900003EA02231943818370470A460021018B99
:10A1A0004FF6F77319401143018370470A460021A7
:10A1B000018B4FF2FF7319404FF6FF7303EA02233E
:10A1C0001943018370470A460021818B4FF6F773CC
:10A1D00019401143818370470A460021818B4FF259
:10A1E000FF7319404FF6FF7303EA0223194381837B
:10A1F00070470A460021018B4FF6FB73194011434B
:10A20000018370470A460021018B4FF6FF33194046
:10A210004FF6FF7303EA02231943018370470A468E
:10A220000021818B4FF6FB731940114381837047E6
:10A230000A460021818B4FF6FF3319404FF6FF731A
:10A2400003EA02231943818370470A460021018BE8
:10A250004FF67F7319401143018370470A4600216E
:10A26000018BC1F30E014FF6FF7303EA022319437A
:10A27000018370470A460021818B4FF67F73194096
:10A280001143818370470A460021818BC1F30E017F
:10A290004FF6FF7303EA02231943818370470A468E
:10A2A0000021018C4FF6FD73194011430184704762
:10A2B0000A460021018C4FF6F773194011430184BF
:10A2C00070470A460021018C4FF6DF7319404FF6A4
:10A2D000FF7303EA02131943018470470A46002101
:10A2E000018C4FF67F7319404FF6FF7303EA021398
:10A2F0001943018470470A460021018C4FF6FF5331
:10A3000019404FF6FF7303EA022319430184704793
:10A310000A460021018C4FF2FF7319404FF6FF737C
:10A3200003EA02231943018470470A460021018C85
:10A330004DF6FF7319404FF6FF7303EA02331943DA
:10A340000184704730B5002301248C40A3B2048CF3
:10A350009C430484048C02FA01F5ADB22C430484BE
:10A3600030BD30B5002304248C40A3B2048C9C4340
:10A370000484048C02FA01F5ADB22C43048430BD90
:10A38000828B4FF2FF331A408283828B4FF6FF732A
:10A3900003EA01231A4382837047F0B50C46154641
:10A3A000002100220026078C4EF6FF7C07EA0C07EE
:10A3B0000784818B028C4FF6FF7707EA043640F65C
:10A3C000FF4739404FF6FF7707EA052739434FF635
:10A3D000FF7707EA0337394345F6FF773A4046F4FB
:10A3E00080573A4381830284F0BD828B4FF6F3732A
:10A3F0001A408283828B0A4382837047F0B50C46F1
:10A400001546002100220026078C4FF6FF6C07EA54
:10A410000C070784818B028C4FF6FF7707EA04262E
:10A420004FF60C7739404FF6FF7707EA03172F43B3
:10A4300039434FF2FF573A4046F480773A438183DD
:10A440000284F0BD028B4FF2FF331A400283028B6D
:10A450004FF6FF7303EA01231A4302837047F0B5F6
:10A460000C461546002100220026078C4FF6EF7C93
:10A4700007EA0C070784018B028C4FF6FF7707EA87
:10A48000041640F6FF4739404FF6FF7707EA0337D7
:10A4900039434FF6FF7703E000000140000401401C
:10A4A00007EA052739434FF65F773A4046F0100731
:10A4B0003A4301830284F0BD028B4FF6F3731A40D6
:10A4C0000283028B0A4302837047F0B50C4615469F
:10A4D00000210022068C4FF6FE773E400684018B59
:10A4E000028C4FF60C7631407E1C06EA03162E4392
:10A4F00031434FF6F576324044F001063243018392
:10A500000284F0BD70B505460C46208850B92389F9
:10A51000A28861882846FFF7D8FFE1882846FFF720
:10A52000CBFF25E0208804280AD12389A2886188EE
:10A530002846FFF794FFE1882846FFF783FF17E0DE
:10A54000208808280AD12389A28861882846FFF735
:10A5500055FFE1882846FFF748FF09E02389A288D4
:10A5600061882846FFF719FFE1882846FFF708FFB2
:10A5700070BD002101804180012181800021C180C6
:10A58000018170472DE9F04105460C460026012760
:10A59000608808B9022600E00026A088012801D1C1
:10A5A000022700E001272088A0B92389A2886188BA
:10A5B0002846FFF78AFFE1882846FFF77DFF2389B9
:10A5C0003A4631462846FFF74AFFE1882846FFF71A
:10A5D00039FF13E02389A28861882846FFF73FFFEF
:10A5E000E1882846FFF72EFF23893A463146284660
:10A5F000FFF76BFFE1882846FFF75EFFBDE8F081BB
:10A600000146486B70470146886B70470146C86B2E
:10A6100070470146086C70470A884B881A438B883C
:10A620001A43CB881A430B891A434B891A438B89E7
:10A630001A43A0F8442070470021018041808180A6
:10A64000C180018141818181704731B1B0F84420DE
:10A6500042F40042A0F8442005E0B0F84420C2F3E0
:10A660000E02A0F84420704721B1828842F0040213
:10A67000828004E082884FF6FB731A408280704724
:10A6800021B1828842F00102828004E082884FF684
:10A69000FE731A40828070471AB183890B4383810D
:10A6A00002E083898B438381704781827047024631
:10A6B0000020138A0B400BB1012000E000207047FE
:10A6C000CA430282704730B50246002000230024AE
:10A6D000158A05EA0103958905EA010413B10CB155
:10A6E000012000E0002030BDCA430282704741EAE9
:10A6F0000203A0F8483070471AB183890B43838165
:10A7000002E083898B438381704721B1828842F0C4
:10A710000802828004E082884FF6F7731A40828034
:10A72000704701894FF6F8721140018170470A465F
:10A73000002101894FF68F73194011430181704741
:10A7400030B504460D4629462046FFF7F0FF208924
:10A7500040F00700208130BD2DE9F04104460D4650
:10A7600016461F46602D06D13B4601223146204643
:10A77000FFF775FE05E03B46012231462046FFF714
:10A78000A4FE29462046FFF7D2FF208940F00700AB
:10A790002081BDE8F08130B50C4600210189C9B2A5
:10A7A0004FF6FF7505EA032515432543294301812B
:10A7B00030BD2DE9F04105460E4617469846002467
:10A7C00043463A4631462846FFF7E5FF2C894FF6C7
:10A7D000F870044044F007044FF68F70044044F0D2
:10A7E00070042C81BDE8F081F0B504460D46164694
:10A7F0001F463B46324629462046FFF7CCFF2089BC
:10A8000040F480402081F0BD82884FF68F731A405B
:10A81000828082880A438280704702894FF6F873EB
:10A820001A40028102890A430281704702894FF669
:10A830007F731A40028102890A4302817047F0B592
:10A840000C4615461E460021002200230189028B7A
:10A85000038C4FF6F877394021434FF6FC473A40D6
:10A8600040F201173A434FF6DD773B404FF6FF7752
:10A8700007EA06172F433B43018102830384F0BD9F
:10A8800021B1828842F08002828004E082884FF603
:10A890007F731A4082807047A0F850107047000004
:10A8A00010B501210802FEF7DAFE00214FF4807096
:10A8B000FEF7D5FE10BD30B50246002000235068DB
:10A8C000F84C20400D790C6844EA05242043506080
:10A8D0009068F54C2040D1E903542C438D682C43FB
:10A8E0004D7944EA450420439060D06A20F470001A
:10A8F0000C7D641EE4B2234340EA0350D06230BDB5
:10A9000000210160017141718160C160016101211B
:10A91000017570470021E54A1168E54A1140D0E908
:10A9200000231A4383681A43C3681A431143E14A58
:10A93000C2F8041370470021016041608160C1606A
:10A94000704721B1826842F00102826003E08268B0
:10A9500022F00102826070470A4600214168D64B0E
:10A9600019401143416070474162826270470A4654
:10A970000021416821F01F0111434160704738B147
:10A98000CA49096841F40001CA4AC2F8041306E042
:10A99000C649096821F40001C64AC2F80413704789
:10A9A00038B1C249096841F48001C24AC2F80413AF
:10A9B00006E0BE49096821F48001BE4AC2F80413CA
:10A9C0007047F0B504460D4600200021092D11DD29
:10A9D000E068A5F10A0606EB4607072606FA07F126
:10A9E0008843A5F10A0606EB460603FA06F108437A
:10A9F000E0600CE0206905EB4507072606FA07F141
:10AA0000884305EB450603FA06F108432061072A4F
:10AA10000FDA606B561E06EB86071F2606FA07F153
:10AA20008843561E06EB860605FA06F10843606366
:10AA300022E00D2A0FDA206BD61F06EB86071F26B1
:10AA400006FA07F18843D61F06EB860605FA06F1DB
:10AA50000843206310E0E06AA2F10D0606EB8607CA
:10AA60001F2606FA07F18843A2F10D0606EB8606BB
:10AA700005FA06F10843E062F0BD816841F08041CB
:10AA800081607047014600208A6802F080420AB166
:10AA9000012000E00020704721B1826842F480620A
:10AAA000826003E0826822F480628260704721B194
:10AAB000826842F00202826003E0826822F00202B1
:10AAC0008260704710B50A4600210023416821F4D6
:10AAD0006041531E41EA4331416010BD21B14268DB
:10AAE00042F40062426003E0426822F40062426085
:10AAF00070470146C86C80B270476C48001D006802
:10AB0000704721B1826842F48072826003E08268FB
:10AB100022F480728260704721B1826842F4007230
:10AB2000826003E0826822F400728260704738B16C
:10AB30005E49096841F400515E4AC2F8041306E018
:10AB40005A49096821F400515A4AC2F8041370475F
:10AB5000F0B504461546002000220026092911DD23
:10AB6000E068A1F10A0707EB470C072707FA0CF288
:10AB70009043A1F10A0707EB470703FA07F21043D6
:10AB8000E0600CE0206901EB410C072707FA0CF2AA
:10AB9000904301EB410703FA07F210432061A06BD9
:10ABA000C0F30156EF1C06F1010CA7EB0C0707EBF5
:10ABB000870C1F2707FA0CF29043EF1C06F1010CDB
:10ABC000A7EB0C0707EB870701FA07F21043A06316
:10ABD000F0BD10B50A4600210023816B21F440111D
:10ABE000531E41EA0351816310BD08B50023009351
:10ABF0000090009B0B440093009B1A6008BD0A461E
:10AC00000021816821F470211143816070470A4658
:10AC10000021816821F440111143816070478168EF
:10AC200041F4800181607047014600208A6802F487
:10AC300080020AB1012000E00020704721B1426883
:10AC400042F48062426003E0426822F48062426023
:10AC5000704721B1426842F48052426003E042688A
:10AC600022F480524260704708B5024600200090EE
:10AC7000009201F12800009B1844009000980068A1
:10AC800080B208BD10B50B460021D9B2012404FAE8
:10AC900001F11AB144680C43446002E044688C43FB
:10ACA000446010BDFFFEFFFCFDF7FFC00423014020
:10ACB000E030FCFF00200140FFFD3FFF0246002086
:10ACC00013680B400BB1012000E000207047CA431D
:10ACD0000260704770B502460020002300240B126A
:10ACE000556801268E4005EA060415681D4015B119
:10ACF0000CB1012000E0002070BD00220A12D343F5
:10AD000003607047016821F00101016000210160CA
:10AD100041608160C160016121214161DB4988425C
:10AD200004D13D21D94A103A91608CE0D7491831BD
:10AD3000884205D14FF47461D44A103A916082E0A0
:10AD4000D2493031884205D14FF47411CF4A103ABC
:10AD5000916078E0CD494831884205D14FF0746167
:10AD6000CA4A103A91606EE0C8496031884204D105
:10AD7000C749C64A103AD16065E0C4497831884273
:10AD800004D1C449C14A103AD1605CE0BF49903156
:10AD9000884204D1C049BD4A103AD16053E0BB4952
:10ADA000A831884205D14FF03D51B84A103AD160E0
:10ADB00049E0BA49884204D13D21B84A083A1160B5
:10ADC00041E0B6491831884205D14FF47461B34A65
:10ADD000083A116037E0B1493031884205D14FF46B
:10ADE0007411AE4A083A11602DE0AC4948318842EE
:10ADF00005D14FF07461A94A083A116023E0A749D0
:10AE00006031884204D1A249A44A121F11601AE09D
:10AE1000A2497831884204D19E49A04A121F11608C
:10AE200011E09E499031884204D19B499B4A121FF0
:10AE3000116008E09949A831884204D14FF03D5192
:10AE4000964A121F1160704710B500220268944B99
:10AE50001A40CC680B6823434C6923438C69234315
:10AE6000CC6923430C6A23434C6A23438C6A2343F3
:10AE70004C6B23438C6B23431A430260426922F0DC
:10AE80000702D1E90B3423431A4342610B69436043
:10AE90004B6883608B68C36010BD00210160416016
:10AEA0008160C160016141618161C1610162416292
:10AEB0008162C162016341638163704721B10268AD
:10AEC00042F00102026003E0026822F00102026027
:10AED000704721B1026842F40042026003E0026858
:10AEE00022F400420260704721B1026842F0200261
:10AEF000026003E0026822F02002026070474160B5
:10AF000070470146486880B2704722B1036843F435
:10AF10000023036003E0036823F40023036001615E
:10AF2000704721B1026842F48022026003E00268A7
:10AF300022F48022026070470AB1016100E0C16022
:10AF40007047014600200A6802F400220AB101207D
:10AF500000E000207047014600200A6802F001026C
:10AF60000AB1012000E000207047014600204A6934
:10AF700002F03800704730B503460A46002000242E
:10AF8000464DAB4202D24149103901E043491039E4
:10AF900002F000550DB14C6800E00C68414D2C40AA
:10AFA00004EA02050DB1012000E0002030BD024698
:10AFB0003A4B9A4202D23548103801E037481038EF
:10AFC00001F000531BB1374B0B40C36002E0354B1F
:10AFD0000B408360704710B501F080034BB122B184
:10AFE000436943F08003436103E0436923F0800336
:10AFF000436180290BD02AB1036801F01E0423436A
:10B00000036004E0036801F01E04A343036010BD65
:10B0100070B50246002000240025204EB24202D224
:10B020001A4B103B01E01D4B103B1F4E0E4036B13A
:10B030001E2606EAD124166806EA040502E05669CF
:10B0400006F0800501F000560EB15C6800E01C6857
:10B05000144E344004EA010616B10DB1012000E09F
:10B06000002070BD02460D4B9A4202D207481038AC
:10B0700001E00A48103801F000531BB1094B0B40A6
:10B08000C36002E0074B0B408360704710600240D2
:10B090003D000020400F002000003D2010640240D1
:10B0A0003F801CF07D0F7D0F3C0F3C0F10B5012140
:10B0B0004807FEF7C3FA00214FF00050FEF7BEFA32
:10B0C00010BD30B5002200237B4C226840F6FE7490
:10B0D0008440A243D1E900452C438D682C43CD68C0
:10B0E00044EA050303FA00F42243734C226030BDA6
:10B0F0000021016041608160C160704739B16E4AD2
:10B100001268012383401A436B4B1A6006E06A4AB7
:10B110001268012383409A43674B1A60704710B549
:10B1200051B1654A121D126804090123A3401A4354
:10B13000614B1B1D1A6009E05F4A121D1268040969
:10B140000123A3409A435C4B1B1D1A6010BD40B104
:10B150005949091D096841F00301574A121D116040
:10B1600007E05549091D096821F00301524A121DE3
:10B170001160704710B53AB14F4B1B6801FA00F4EB
:10B1800023434D4C236006E04B4B1B6801FA00F44F
:10B19000A343494C236010BD08B500220092464AE3
:10B1A000009200F10802009B1A440092009A11607C
:10B1B00008BD08B5002200923F4A009200F1140237
:10B1C000009B1A440092009A116008BD30B500241B
:10B1D0000023082802D142EA012401E042EA0144A6
:10B1E000354B00F120052B441C6030BD08B50146ED
:10B1F00000200090304800902C2000EB9100009A35
:10B20000104400900098006880B208BD41B12A4AFD
:10B2100012684FF4805383401A43274B1A6007E0AB
:10B22000254A12684FF4805383409A43224B1A6098
:10B23000704710B53AB1204B1B6801FA00F4234364
:10B240001D4C236006E01C4B1B6801FA00F4A3436D
:10B25000194C236010BD10B502460020164B343344
:10B260001B6801FA02F423400BB1012000E000202A
:10B2700010BD01FA00F2104B34331A60704730B53C
:10B280000246002000230C4C246801FA02F504EA6F
:10B290000503094C3434246801FA02F52C4014B13A
:10B2A0000BB1012000E0002030BD01FA00F2024B9A
:10B2B00034331A60704700000074004010B501215B
:10B2C000C802FEF7CCF900214FF40060FEF7C7F981
:10B2D00010BD00216C4A116847F6FF629143027D60
:10B2E00083681A4343681A43C3681A4303681A43BE
:10B2F00003691A431143644A1160704700210175C4
:10B30000016041608160C160016170475F49086010
:10B3100070475D49091F086070475B48001F00685F
:10B3200000F0030070470021574B1B1D02681A6094
:10B330001A1D11686FF30A01D0E901231A43C3688B
:10B340001A4303691A4311434F4A08321160704788
:10B350000021016041608160C160016170474A481D
:10B360000C300068C0B2704708B50146002000905C
:10B3700045481030084400900098006808BD00213E
:10B38000414B203302681A601B1D42681A601A1D67
:10B39000116821F0F701D0E902231A4303691A4327
:10B3A00043691A431143384A2832116070474FF0FD
:10B3B000FF310160002141608160C1600161416134
:10B3C000704731482C30006870472F487C30006847
:10B3D00070472D497C31086070472B484430006825
:10B3E00070472B49086070472949091D086070475C
:10B3F000274908310860704725490C3108607047BB
:10B400002449086070472349091D086070470121DD
:10B410008143204A0832116070471E490C31086090
:10B4200070471B4914390860704739B1164A3832E1
:10B4300012680243144B38331A6006E0124A38325D
:10B4400012688243104B38331A607047014600205F
:10B450000D4A303212680A400AB1012000E0002093
:10B460007047094934310860704701460020064A98
:10B47000303212680A400AB1012000E00020704713
:10B480000149343108607047042C0140A0802542F6
:10B49000A0852542AC812542704700000FB40449C5
:10B4A00010B503AA029800F001FA10BC5DF814FB75
:10B4B000840000202DE9F0410E4604460020206261
:10B4C0002046E168884730B3252805D0D4E901211A
:10B4D0009047206A401CF2E7E16820460027884731
:10B4E000050018D0A5F14100192802D820354FF4E5
:10B4F00000673246294620462760F4F77FFE40B1B8
:10B50000012804D0F61D26F007060836D8E7361DB8
:10B51000D6E72846DAE7206ABDE8F08170B50C4628
:10B520000546012A05D02878800600D5EA6900235F
:10B5300002E0012305E05B1C934202D2E05C00289C
:10B54000F9D1A869E618C01AA861286A18442862C7
:10B550002846AFF3008004E0D5E9012114F8010B7F
:10B560009047B442F8D32846AFF3008070BD000086
:10B570002DE9F0410646002410687529314616A5CC
:10B5800010D0AFF30080002802DA404213A507E094
:10B5900031688A0701D512A502E0490704D511A533
:10B5A000012401E0AFF3008000210A2206F1240704
:10B5B00009E0B0FBF2FCB0FBF2F302FB1C00303000
:10B5C00078541846491C0028F3D123462A463046B1
:10B5D000BDE8F04100F0FBB8000000002D000000C5
:10B5E0002B0000002000000070B504460D462146E7
:10B5F0001068AFF300802188090502D50F4A7A440C
:10B6000002E00E4A7A440E32002104F1240305E0E0
:10B6100000F00F060009965D5E54491C0028F7D122
:10B6200020780023000704D5702D02D009B1022331
:10B6300011322046BDE8704000F0C9B8162600005F
:10B64000032A40F2308010F0030C00F0158011F84E
:10B65000013BBCF1020F624498BF11F801CB00F826
:10B66000013B38BF11F8013BA2F1040298BF00F87A
:10B6700001CB38BF00F8013B11F0030300F0258037
:10B68000083AC0F0088051F8043B083A51F804CB5E
:10B69000A0E80810F5E7121D5CBF51F8043B40F824
:10B6A000043BAFF30080D20724BF11F8013B11F82F
:10B6B00001CB48BF11F8012B24BF00F8013B00F873
:10B6C00001CB48BF00F8012B704710B5203AC0F0FD
:10B6D0000B80B1E81850203AA0E81850B1E8185093
:10B6E000A0E81850BFF4F5AF5FEA027C24BFB1E8D0
:10B6F0001850A0E8185044BF18C918C0BDE8104041
:10B700005FEA827C24BF51F8043B40F8043B08BF49
:10B710007047D20728BF31F8023B48BF11F8012B10
:10B7200028BF20F8023B48BF00F8012B70470000FB
:10B730004FF0013C50F8042B51F8043B9A4221D1C0
:10B74000A2EB0C03934313EACC1317D150F8042B4C
:10B7500051F8043B9A4215D1A2EB0C03934313EA30
:10B76000CC130BD150F8042B51F8043B9A4209D169
:10B77000A2EB0C03934313EACC13DBD04FF0000091
:10B78000704700BFD01A01BAB1FA81F101F0180177
:10B7900022FA01F0CB40C1F12001DBB2C0B2C01AE5
:10B7A0002CFA01F3D11A914311EAC311E6D1704783
:10B7B000704770477047704710B500F089F800680F
:10B7C00010BD10B5044600F083F8046010BD2DE9EB
:10B7D000F0470D4699469246044600F12408016858
:10B7E000880604D5E06921F01001216000E0012005
:10B7F000A84201DD471B00E00027A1697A1902EB8E
:10B800000900081AA0612078C00602D42046AFF3D0
:10B810000080002608E0D4E901211AF806009047CC
:10B82000206A401C761C20624E45F4DB2078C0065E
:10B830000AD52046AFF3008006E0D4E9012130208C
:10B840009047206A401C2062381EA7F10107F4DCF3
:10B8500007E0D4E9012118F805009047206A401C50
:10B860002062281EA5F10105F3DC2046AFF300801D
:10B870002078000602D50220BDE8F0870120FBE712
:10B8800010B5436913B1AFF3008001E0FFF746FE46
:10B89000012010BD127800F124010A7000224A70C4
:10B8A0000122EDE711684FF0FF32E9E7074B70B571
:10B8B0000D467B4400F015F80446284600F024F8B5
:10B8C00010B14FF0FF3070BD204670BDD7CDFFFFE7
:10B8D000004870473884002001694A1C02610878DA
:10B8E000704700B58FB0CDE90131002105910549C0
:10B8F0007944CDE9031011466846FFF7DBFD0FB030
:10B9000000BD0000E5FFFFFF007B00F080007047F6
:10B9100000487047388400207546FFF7F9FFAE46AF
:10B9200005006946534620F00700854618B020B54B
:10B93000FCF75CFFBDE820404FF000064FF0000729
:10B940004FF000084FF0000B21F00701AC46ACE8C7
:10B95000C009ACE8C009ACE8C009ACE8C0098D4634
:10B96000704710B50446AFF300802046BDE8104094
:10B97000F4F75EBC00B52DED048BB0EE409AF0EE0E
:10B98000609A83B051EC190B00F0BAFA41EC180B35
:10B9900018EE100A18EE901A8DED008B002818BFD3
:10B9A0000120084320F00040C0F17F6000F1E0403A
:10B9B000C00F14D019EE101A19EE900A8DED009BED
:10B9C000002918BF0121084320F00040C0F17F602A
:10B9D00000F1E040C00F04BF0120FFF7F2FEB0EE1F
:10B9E000480A03B0F0EE680ABDEC048B00BD00000D
:10B9F00010B591EA030F48BF83F0004300F1548370
:10BA0000841A71EB030C05D2121943EB0C03001BD3
:10BA100061EB0C01DFF824E14FEA1154A4EB135C55
:10BA20001EEA430F18BF9EEA445F73D023EA0E0359
:10BA3000DCF1200E21EA045143F4801332D322FAC0
:10BA40000CFE10EB0E0023FA0CFE41EB0E01CCF1C4
:10BA5000200E03FA0EFE10EB0E0051F10001B1F5BD
:10BA6000801FCCF1200E32D201EB045112FA0EF2FB
:10BA7000BDE8104058BF7047401C38BF5FEA420223
:10BA800018BF7047002814BF20F0010041F10001E9
:10BA90004FEA410313F5001F38BF7047A1F1C041C1
:10BAA00000F0E6B9012A43EB0302ACF1200CDCF113
:10BAB0001F0E32BF4FF0000E23FA0CF310EB030001
:10BAC00041EB0451B4EB115FD0D0A1EB045101F56F
:10BAD000801149085FEA300001EB04510ED350F1A8
:10BAE000000038BF12FA0EFE08D1BDE81040C9E7C9
:10BAF000401C38BF5FEA4202CAD1C3E7BDE810402C
:10BB00004FEA410313F5001F38BF7047A1F1C04150
:10BB100000F0AEB99EEA445F08D011EA5E0FBDE8BE
:10BB2000104004BF01F0004100207047BDE8104004
:10BB300070B500F04FF900BF64FBBE3E0000E0FFAF
:10BB4000491058BFC1F140415B1058BFC3F1404399
:10BB50008B42EFF3008070474FEA1153A3F58063E7
:10BB6000D3F11E03A8BFD3F1200C08DB4FF0004235
:10BB700042EAC12252EA505232FA03F070470942B7
:10BB80000BD4102BC4BF0020704703F5787CBCF1A8
:10BB9000FF3F05D04FF0FF3070474FF00000704777
:10BBA00070B500F017F900BF49922480002070475B
:10BBB000F0E710F0004248BF4042B0FA80F310FABC
:10BBC00003F10AD0C3F11D0303F580634FEA41502E
:10BBD00002EB035202EBD12170474FF00000704797
:10BBE000B0FA80F310FA03F10AD0C3F11D0303F594
:10BBF00080634FEA41504FEA035202EBD121704774
:10BC00004FF000007047000051EA030C17D41CF5F8
:10BC1000801F58BFBCF5801F00F10680994218BFF5
:10BC2000704708BF9042704707D711F5801F58BF73
:10BC300013F5801F19D499427047894270471CF54B
:10BC4000801F08D5BCF5801FF7D58B4218BF704701
:10BC500008BF824270474FF4001C1CEB410F38BFF5
:10BC60001CEB430F01D28B42704770B500F0B2F865
:10BC7000922449004FF000514FF08053FFF760BF0E
:10BC8000DFF848C170B51CEA111E1EBF1CEA13156F
:10BC90009EEA0C0F95EA0C0F00F06F8081EA030416
:10BCA00023EA4C134EEAD47E21EA4C1141F4801170
:10BCB00043F48013AE44A1FB024CA0FB0365AEF13C
:10BCC0007F7E361955EB0C05A1FB034C4CF10003AC
:10BCD000A0FB021C16EB0C06654153F10003094260
:10BCE00018BF46F0010613F4007F0BD14FEA033171
:10BCF0004FEA0530340341EA155140EA16506FF01F
:10BD000003020AE04FEAC3214FEAC520F40241EAE8
:10BD1000555140EA56506FF0020202EB2E4201EB01
:10BD2000025585EACE710AD05FEA440C18BF24F0B0
:10BD3000004450F1000041F1000120EAD47040F2CB
:10BD4000FE7C624500D270BDA84214BF4FF0804413
:10BD50004FF04044002E08BF0024BEF1806FA8BF02
:10BD6000A1F1C041BDE8704080F282804FF0000038
:10BD700001F1C04101F0004170479EEA0C0F0CEA4E
:10BD8000131518BF95EA0C0F06D04FF0000081EA9A
:10BD9000030E0EF0004170BD00F01CF88900013E5A
:10BDA00000F007B800F009B84FEA430C5FEA5C5CAA
:10BDB00008D081EA030100F05BB84FEA410C5FEA6A
:10BDC0005C5CF6D14FF00000014970470000FF07AE
:10BDD0000000F87F0EF1020E2EF0030E5EF8046BE9
:10BDE000364205D4012A43EB030515F5001F12D88E
:10BDF000012841EB010C1CF5001F0CD80ED14FEAB5
:10BE0000D17C15F5001F0CEB4C0C0CF1020C08BF9B
:10BE10004CEBD37C04E04FF0080C01E04FEAD37CFC
:10BE20000CEB4C0526FA05F606F00706B6F1040CF5
:10BE300006D20EEB860CBDE870404CF0010C60475A
:10BE4000DFE80CF0090B02024FF000414FF0000058
:10BE5000A1F5002170BD19461046012851EB0104DF
:10BE600018BFD4F5001484BF002001F0004170BD5C
:10BE70000808A0F500114FEA3101704753EA010CA0
:10BE800017D41CF5801F58BFBCF5801F00F1068039
:10BE90008B4218BF704708BF8242704707D713F51F
:10BEA000801F58BF11F5801F19D48B4270479B42E9
:10BEB00070471CF5801F08D5BCF5801FF7D5994247
:10BEC00018BF704708BF904270474FF4001C1CEB2E
:10BED000430F38BF1CEB410F01D2994270470FB49A
:10BEE0000CBC03BCFFF7C1BE91EA030F10B581F093
:10BEF00000413FF585AD83F0004300F0D5B8000068
:10BF00002DE9F04101F5801CBCF5001FC0F2A980AD
:10BF10004FEA115C21EA0C510CF1FD0C41F4801147
:10BF20005FEA5C0C0CF5C07C01D34000494130A4B1
:10BF3000890241EA905187028E0E0A0CA45D04FB2F
:10BF400004F602FB06F6C6F14046A4FB0662F60DB7
:10BF500046EA422606FB06F4A4FB01235242C3F143
:10BF6000404338BF5B1EA6FB02420024E6FB0324CD
:10BF7000D20B42EA4446A6FB0623A1FB02E2A3FB46
:10BF800007E4E3FB61426442C2F1404E38BFAEF1C8
:10BF9000010EA6FB04234FF00002E6FB0E32A2FBCB
:10BFA00003463400E2FB6264A1FB06E6A4FB07E85B
:10BFB000E4FB61687642C8F1405838BFA8F1010837
:10BFC000A2FB06E4A3FB08E5E2FB6854A1FB05E63F
:10BFD000A7FB04E8E1FB648618F1200556F1000692
:10BFE000A809A8F11B08B10908F03F08B8F10A0F29
:10BFF00040EA86601CD901EB0C51BDE8F08100BF1E
:10C00000FCF5EEE8E2DDD8D3CFCBC7C3C0BDB9B6EF
:10C01000B4B1AEACA9A7A5A3A19F9D9B9A989695F4
:10C020009392908F8D8C8B8988878685848382817B
:10C03000A0FB006800FB01F208EB4208B8EB872880
:10C0400007D5341858EB0104D5D5401C51F1000137
:10C05000D1E7341A78EB0104CDD4401E71F1000110
:10C06000C9E75FEA4C0C5FEA9C5C0DD105D34FF049
:10C07000000001F00041BDE8F081BDE8F04170B57D
:10C08000FFF7A8FE6DDBFFBEBDE8F0414FF00000FA
:10C09000004970470000F87F10B591EA030F48BFD0
:10C0A00083F000433FF5ACAC841A71EB030C07D26C
:10C0B00012198CF0004C43EB0C03001B61EB0C01DC
:10C0C000DFF8A4E14FEA1154A4EB135C1EEA430F1E
:10C0D00018BF9EEA445F00F0B08023EA6E0352422C
:10C0E00021EA0451C3EB6E0338BF5B1EDCF1200E66
:10C0F00025D322FA0CFE10EB0E0043FA0CFE41EBA6
:10C100000E01CCF1200E03FA0EFE10EB0E0051F1E1
:10C110000001CCF1200E29D412FA0EF201EB0451E9
:10C12000BDE8104058BF7047401C1CBFB2F1004F23
:10C13000704700280CBF491C20F00100704712EB2B
:10C14000020E43EB030218BF4FF0010E4EEA42020B
:10C15000ACF1200CDCF11E0E54D943FA0CFE10EBAE
:10C160000E0051F1FF31CCF11E0ED5D50EF1010EAE
:10C1700012FA0EFE404141EB010101EB445C5FEA23
:10C180005C5C10D910EBDE7001EB045138BFBEF1DE
:10C19000004FBDE8104018BF704700280CBF491C75
:10C1A00020F00100704730D24FEAD42C11F5001175
:10C1B00024F400641BD0B1FA81F20B3AA41AA41E35
:10C1C000D2F12003914030FA03F31943904001EB80
:10C1D000CC71002C01EB0451BDE81040A8BF7047A2
:10C1E00001F1C0414FF0000001F000417047B0FA8A
:10C1F00080F310FA03F100D110BDE41A173C480592
:10C20000C90AE4E701EB045110BD491001EB0451E8
:10C21000BDE810404FEA300002E04FF000017047E7
:10C220004A0008BF0042F8D0B2F5001F28BF70478F
:10C2300001F000414FF0000070479EEA445F07D0D4
:10C2400011EA5E0FBDE8104004BF002100207047D6
:10C25000BDE8104070B5FFF7BDFD00BF40DFF63E02
:10C2600083F00041104670470000E0FF43004FEAB2
:10C27000D30C4FEA3C0C43401FBF40070CF1605108
:10C2800013F0FE4F70471CF0006F03D100200CF03C
:10C29000004170470CF0004343EA507010B540EA8B
:10C2A000CC0000F00EF800BF000000924FEA000141
:10C2B000FFF7DEBD4FF000414FF00000A1F5002177
:10C2C00070470EF1020E2EF0030E5EF8044B24426E
:10C2D00004D44FEA4102B2F17F4F11D84FEA400334
:10C2E000B3F17F4F0CD80ED14FEAD07CB2F17F4F23
:10C2F0000CEB4C0C0CF1020C08BF4CEBD17C04E0B5
:10C300004FF0080C01E04FEAD17C0CEB4C0324FA0F
:10C3100003F404F00704B4F1040C06D20EEB840C11
:10C32000BDE810404CF0010C6047DFE80CF0070856
:10C3300002024FF00040A0F5800010BD0846420008
:10C3400018BFD2F1807288BF00F0004010BD4FF0DE
:10C350004070E1EE100A704700000000000000008D
:10C3600000000000000000003F400000000000004E
:10C3700000003000400030004000000009000BC009
:10C380003D000BC03D00090018C024407FE0224062
:10C3900031800000180024C01B000D803240018055
:10C3A00003801C4027401C800740004010006000B4
:10C3B00000000000000000000000000000001F80DE
:10C3C000204040200000402020401F80000000004E
:10C3D000090006001F800600090000000400040098
:10C3E0003F80040004000000001000600000000016
:10C3F0000000000004000400040004000400000029
:10C40000000000400000000000000000002001C00B
:10C4100006003800400000001F80204020402040DF
:10C420001F800000000010403FC0004000000000DE
:10C4300018C02140224024401840000010802040B5
:10C44000244024401B80000002000D0011003FC06A
:10C45000014000003C802440244024402380000010
:10C460001F8024402440344003800000300020001E
:10C4700027C03800200000001B80244024402440B6
:10C480001B8000001C0022C0224022401F800000B0
:10C490000000000008400000000000000000000054
:10C4A0000460000000000000000004000A00110009
:10C4B000208040400900090009000900090000002F
:10C4C00000004040208011000A00040018002000F5
:10C4D00023402400180000001F80204027402940EE
:10C4E0001F400000004007C039000F0001C000409D
:10C4F00020403FC0244024401B8000001F8020407B
:10C50000204020403080000020403FC0204020409C
:10C510001F80000020403FC024402E4030C000005B
:10C5200020403FC024402E00300000000F0010804B
:10C53000204022403380020020403FC0040004001D
:10C540003FC02040204020403FC02040204000000D
:10C550000060202020203FC02000200020403FC05D
:10C5600024400B0030C0204020403FC0204000400D
:10C57000004000C03FC03C0003C03C003FC0000082
:10C5800020403FC00C4023003FC020001F802040BF
:10C59000204020401F80000020403FC02440240055
:10C5A000180000001F802140214020E01FA0000053
:10C5B00020403FC02440260019C0004018C024403D
:10C5C0002440224031800000300020403FC0204005
:10C5D0003000000020003F80004000403F802000ED
:10C5E00020003E0001C0070038002000380007C0CE
:10C5F0003C0007C038000000204039C0060039C0A8
:10C60000204000002000384007C0384020000000D3
:10C61000304021C02640384020C00000000000000B
:10C620007FE0402040200000000070000C000380EC
:10C63000004000000000402040207FE0000000009B
:10C64000000020004000200000000000001000104A
:10C65000001000100010001000000000400000005A
:10C6600000000000000002800540054003C00040BB
:10C6700020003FC00440044003800000000003800D
:10C6800004400440064000000000038004402440B1
:10C690003FC000400000038005400540034000000B
:10C6A000000004401FC0244024402000000002E09D
:10C6B000055005500650042020403FC004400400AF
:10C6C00003C000400000044027C0004000000000FC
:10C6D00000100010041027E00000000020403FC0C0
:10C6E0000140070004C00440204020403FC00040FB
:10C6F0000040000007C0040007C0040003C00000A1
:10C70000044007C00440040003C000400000038050
:10C710000440044003800000041007F0045004406B
:10C7200003800000000003800440045007F0001064
:10C73000044007C00240040004000000000006405E
:10C740000540054004C00000000004001F800440B4
:10C7500000400000040007800040044007C0004083
:10C760000400070004C0018006000400060001C0A8
:10C77000070001C006000000044006C0010006C01A
:10C78000044000000410071004E0018006000400CB
:10C790000000044005C00640044000000000000006
:10C7A00004007BE040200000000000000000FFF0DB
:10C7B00000000000000040207BE0040000000000BA
:10C7C00040008000400020002000400000000000E9
:10C7D0000000000000000000000000000000000059
:10C7E00000001FCC000C000000000000000008004A
:10C7F000300060000800300060000000022003FCF0
:10C800001E20022003FC1E200220000000000E1843
:10C8100011043FFF10840C78000000000F0010840A
:10C820000F3800C0077818840078000000780F8463
:10C8300010C411240E9800E4008400080800680069
:10C840007000000000000000000000000000000078
:10C85000000007E018182004400200000000400219
:10C860002004181807E00000000000000240024009
:10C8700001800FF001800240024000000080008033
:10C8800000800FF800800080008000000001000D93
:10C89000000E00000000000000000000000000800A
:10C8A0000080008000800080008000800000000C7C
:10C8B000000C000000000000000000000000000666
:10C8C000001800600180060018002000000007F03A
:10C8D000080810041004080807F00000000008040D
:10C8E00008041FFC000400040000000000000E0CFF
:10C8F00010141024104411840E0C000000000C18B9
:10C9000010041104110412880C700000000000E0F3
:10C910000320042408241FFC0024000000001F98AA
:10C92000108411041104108810700000000007F03A
:10C9300008881104110418880070000000001C0011
:10C94000100010FC13001C001000000000000E3846
:10C9500011441084108411440E38000000000700B8
:10C96000088C10441044088807F000000000000004
:10C970000000030C030C0000000000000000000099
:10C98000000101060000000000000000000000801F
:10C9900001400220041008081004000002200220B8
:10C9A00002200220022002200220000000001004C9
:10C9B00008080410022001400080000000000E0062
:10C9C0001200100C106C10800F00000003E00C1817
:10C9D00013E4142417C4082807D000000004003C06
:10C9E00003C41C40074000E4001C000410041FFCAA
:10C9F0001104110411040E880070000003E00C18EB
:10CA000010041004100410081C10000010041FFC77
:10CA1000100410041004080807F0000010041FFCA4
:10CA20001104110417C410040818000010041FFC9E
:10CA30001104110017C010000800000003E00C18DA
:10CA40001004100410441C780040000010041FFC67
:10CA500010840080008010841FFC1004000010046B
:10CA600010041FFC1004100400000000000300016B
:10CA7000100110011FFE10001000000010041FFC28
:10CA8000110403801464181C1004000010041FFC1F
:10CA90001004000400040004000C000010041FFC3B
:10CAA0001F0000FC1F001FFC1004000010041FFCEE
:10CAB0000C04030000E010181FFC100007F0080829
:10CAC000100410041004080807F0000010041FFCF4
:10CAD00010841080108010800F00000007F00818EC
:10CAE00010241024101C080A07F2000010041FFC78
:10CAF0001104110011C011300E0C000400000E1CB6
:10CB000011041084108410441C3800001800100018
:10CB100010041FFC100410001800000010001FF883
:10CB200010040004000410041FF8100010001E0080
:10CB300011E0001C007013801C0010001FC0103C8E
:10CB400000E01F0000E0103C1FC000001004180CA3
:10CB5000163401C001C01634180C100410001C005B
:10CB6000130400FC13041C00100000000804101C37
:10CB70001064108413041C0410180000000000004E
:10CB800000007FFE40024002400200000000300032
:10CB90000C0003800060001C000300000000400245
:10CBA000400240027FFE0000000000000000000084
:10CBB0002000400040004000200000000001000173
:10CBC000000100010001000100010001000040001F
:10CBD000400020000000000000000000000000985D
:10CBE000012401440144014400FC000410001FFC26
:10CBF000008801040104008800700000000000703B
:10CC00000088010401040104008800000000007095
:10CC100000880104010411081FFC0004000000F852
:10CC2000014401440144014400C800000000010423
:10CC300001040FFC1104110411001800000000D6BB
:10CC400001290129012901C90106000010041FFC66
:10CC5000008401000100010400FC00040000010444
:10CC6000190419FC00040004000000000000000387
:10CC700000010101190119FE0000000010041FFC51
:10CC80000024004001B4010C010400000000100465
:10CC900010041FFC0004000400000000010401FC5B
:10CCA0000104010001FC0104010000FC010401FC7D
:10CCB000008401000100010400FC0004000000F8F1
:10CCC000010401040104010400F80000010101FF56
:10CCD000008501040104008800700000000000705D
:10CCE000008801040104010501FF000101040104A1
:10CCF00001FC00840104010001800000000000CC60
:10CD000001240124012401240198000000000100F5
:10CD1000010007F80104010400000000010001F80F
:10CD2000000400040004010801FC0004010001806B
:10CD30000170000C001001600180010001F0010C85
:10CD4000003001C00030010C01F0010000000104BE
:10CD5000018C00740170018C01040000010101814B
:10CD60000171000E001801600180010000000184C3
:10CD7000010C013401440184010C0000000000009A
:10CD80000000000001003EFC4002400200000000E4
:10CD900000000000FFFF0000000000000000400253
:10CDA00040023EFC010000000000000000006000A6
:10CDB00080008000400040002000200000000000B3
:10CDC0000000000000000000000000000000000063
:10CDD0000000000000000000000000000000000053
:10CDE0000000000000000000000000000000000F34
:10CDF00080380FFE380F803800000000000000006F
:10CE0000000000000000000000000100000600001B
:10CE10000C00003800003100000600000C00003853
:10CE2000000030000000000000000000618000678A
:10CE3000F807F980006180006180006180006180F6
:10CE40000067F807F9800061800000000000000022
:10CE5000000001C0E003E0F00630080418081FFFDE
:10CE6000FE040E080787F00381E0000000000000C8
:10CE700001F000060C00040408060C7001F9C00063
:10CE80000E00003BE000EC18070808040C18000333
:10CE9000E00000000001E00007F003F818041C089F
:10CEA00004170807E1D003C0E00023B0003C0800ED
:10CEB0002008000010000000000000010000310008
:10CEC000003200001C000000000000000000000014
:10CED0000000000000000000000000000000000052
:10CEE0000000000000000000000000007F0001FFC3
:10CEF000C00780F00C0018100004200002000000A1
:10CF00000000002000021000040C00180780F0014F
:10CF1000FFC0007F000000000000000000000000D3
:10CF200000000000000000004200006600006600F3
:10CF3000003C0000180003FFC0001800003C000087
:10CF400066000066000042000000000008000008C3
:10CF50000000080000080000080001FFC0000800F1
:10CF600000080000080000080000080000000000A1
:10CF7000000100003100003200001C000000000031
:10CF800000000000000000000000000000000000A1
:10CF90000000000008000008000008000008000071
:10CFA0000800000800000800000800000800000851
:10CFB0000000000000000000000000003800003801
:10CFC0000000380000000000000000000000000029
:10CFD000000000000000000000000000000600004B
:10CFE0001C000070000180000E0000380000C0002E
:10CFF0000700001C000030000000000000000000DE
:10D000007F8001FFE0038070060018040008040020
:10D010000806001803807001FFE0007F8000000018
:10D0200000000000000001000801000801000803E2
:10D03000FFF807FFF80000080000080000080000E3
:10D040000000000000000001C03802C05804009831
:10D05000040118040218040418061C1803F8180127
:10D06000E0F800000000000000000001C0E003C084
:10D07000F004000804080804080806180803F41857
:10D0800001E7F00001E000000000000000000000E7
:10D090000300000D00001100006100008108030181
:10D0A0000807FFF80FFFF800010800010800000062
:10D0B0000000000000E007FCD00608080610080683
:10D0C0001008061008061838060FF00607C0000002
:10D0D00000000000000000003F8001FFE0038430FA
:10D0E0000208180410080410080410080718100398
:10D0F0000FF00007C000000000000000000003C0A7
:10D10000000700000600000600F80607F8061800F1
:10D1100006E000070000060000000000000000011B
:10D12000E1E003F7F0063410041808041808040CB2
:10D1300008040C0806161803F3F001C1E000000013
:10D1400000000000F80003FC300306380402080465
:10D1500002080402080404100308F001FFC0007F65
:10D1600000000000000000000000000000000000BF
:10D1700000000000703800703800703800000000B7
:10D18000000000000000000000000000000000009F
:10D190000000000000000000301A00301C000000F9
:10D1A000000000000000000000000000000000007F
:10D1B0000000000800001400002200004100008070
:10D1C0008001004002002004001008000800000058
:10D1D00000000000210000210000210000210000CB
:10D1E0002100002100002100002100002100002179
:10D1F000000000000000000000000800080400100B
:10D200000200200100400080800041000022000058
:10D21000140000080000000000000003C00004C06B
:10D2200000040000080038080F380808380810000B
:10D230000C300007E00003C0000000000000000008
:10D240003F8000FFE0038070020F1006708804C06A
:10D2500088048308047F8802C09003012000FE40F8
:10D260000000080000180001F8003E0801C2000795
:10D27000020007E20000FE00001FC80001F80000E5
:10D280003800000804000807FFF807FFF804080842
:10D2900004080804080804080806180803F418011C
:10D2A000E7F00001E0000000000000003F8001FF07
:10D2B000E00380700200180400080400080400085D
:10D2C0000400100600200780C000000004000807CA
:10D2D000FFF807FFF8040008040008040008040031
:10D2E0001802001003807001FFE0007F8000000042
:10D2F00004000807FFF807FFF804080804080804FA
:10D300000808040808043E08040008060018010084
:10D310006000000004000807FFF807FFF804080891
:10D32000040800040800040800043E00060000068B
:10D330000000018000000000000000003F8001FFAD
:10D34000E0038070060018040008040208040208C4
:10D350000203F00783F00002000002000400080747
:10D36000FFF807FFF804080800080000080000089C
:10D370000000080004080807FFF807FFF804000889
:10D380000000000000000400080400080400080772
:10D39000FFF807FFF8040008040008040008000074
:10D3A000000000000000000000060000070000016F
:10D3B00004000104000104000307FFFE07FFFC0452
:10D3C000000004000004000004000807FFF807FF45
:10D3D000F8040C08001800003E0004C7800503C8CC
:10D3E0000600F804003804001800000804000807CC
:10D3F000FFF807FFF804000800000800000800001C
:10D40000080000080000080000180000600000008C
:10D4100004000807FFF807800807FC00007FC00031
:10D4200003F80007C000780007800807FFF807FF2F
:10D43000F804000804000807FFF807000803C0000C
:10D4400000E000003800001E000007000001C004DA
:10D4500000F007FFF8040000000000007F8001FFDB
:10D46000E003807006001804000804000806001895
:10D4700003003001FFE0007F800000000400080787
:10D48000FFF807FFF804040804040004040004047F
:10D4900000040400060C0003F80001F00000000086
:10D4A000000000007F8001FFE00380700600880418
:10D4B00000880400C806003C03003E01FFE6007F30
:10D4C0008400000004000807FFF807FFF8040808BC
:10D4D000040800040C00040F00040BC00610F00345
:10D4E000F03801E00800000800000001E0F803F057
:10D4F00030063010041808041808040C08040C083E
:10D500000206180207F00781E00000000180000613
:10D51000000004000004000004000807FFF807FFF3
:10D52000F804000804000004000006000001800068
:10D5300004000007FFE007FFF004001800000800E7
:10D54000000800000800000800000804001007FFA1
:10D55000E004000004000006000007E00007FE00F1
:10D56000041FE00001F80000380001E0043E00075D
:10D57000C00006000004000004000007E00007FFF0
:10D58000C0041FF80007C007F80007FF80043FF839
:10D590000007C004F80007000004000000000004B9
:10D5A000000806001807C07805F1C8003E00001FFB
:10D5B000800463E80780F8060018040008000000F3
:10D5C00004000006000007800007E008047C080053
:10D5D0001FF80007F800180804E00807000006001C
:10D5E000000400000000000100080600380400F8F4
:10D5F0000403E8040F08047C0805F00807C00807C6
:10D60000001804006000000000000000000000009E
:10D61000000000000000003FFFFE2000022000028A
:10D620002000022000022000020000000000000094
:10D63000000008000007000000C0000038000006DD
:10D64000000001C000003000000E000001000000DA
:10D650000000000000002000022000022000022044
:10D6600000022000023FFFFE00000000000000005A
:10D6700000000000000000000000000000080000A2
:10D6800010000030000020000030000010000008F2
:10D690000000000000000000000001000001000088
:10D6A0000100000100000100000100000100000174
:10D6B0000000010000010000010000010000000066
:10D6C00000000000002000002000001000001000FA
:10D6D000000000000000000000000000000000004A
:10D6E0000000000000F00019F8001B1800220800DC
:10D6F0002608002408002410003FF8001FF800004E
:10D700000800001800000004000007FFF80FFFF0F9
:10D710000018180010080020080020080030180029
:10D720001FF0000FC00000000000000007C0001F35
:10D73000F0001830002008002008002008003C08F5
:10D74000001C10000060000000000000000000004D
:10D7500007C0001FF0003818002008002008002033
:10D760000804101007FFF80FFFF000001000000081
:10D770000000000000000007C0001FF00012300091
:10D780002218002208002208003208001E10000E95
:10D7900020000000000000002000002008002008F9
:10D7A00001FFF803FFF806200804200804200807FA
:10D7B000200003000000000000000000000E000E2A
:10D7C0006E001FF30031B10020B10020B100319193
:10D7D000001F13002E1E00200E0030000000000469
:10D7E000000807FFF80FFFF80010080020000020D5
:10D7F00000002008003FF8001FF8000008000000AB
:10D80000000000000000002008002008002008069A
:10D810003FF8063FF800000800000800000800007C
:10D8200000000000000000000000000003000003F2
:10D83000002001002001002003063FFE063FFC00FF
:10D84000000000000000000000000004000807FFC6
:10D85000F80FFFF8000188000300002FC00038F81F
:10D860000020380020080000080000000000000030
:10D87000000004000804000804000807FFF80FFF78
:10D88000F800000800000800000800000000000088
:10D89000002008003FF8003FF800100800200000BA
:10D8A0003FF8003FF8001008002000003FF8003F5C
:10D8B000F8000008000000002008003FF8003FF8D2
:10D8C000001008001000002000002008003FF800B1
:10D8D0001FF80000080000000000000007C0000F53
:10D8E000F000183000300800200800200800300840
:10D8F000001830000FF00007C0000000000000001A
:10D900002001003FFF003FFF001011002009002010
:10D9100008002008003038001FF0000FC000000091
:10D920000000000007C0001FF000381800200800A9
:10D930002008002009001011001FFF003FFF000019
:10D9400001000000002008002008002008003FF827
:10D95000003FF80008080010080020080020000020
:10D960003000003000000000000000000000000C4B
:10D9700078001E18003308002308002108002188C1
:10D980000021980030F00038600000000000000026
:10D99000200000200000200000FFF003FFF800201E
:10D9A00008002008002008000030000000000000EF
:10D9B000000000002000003FF0007FF80000180089
:10D9C0000008000008002010003FF8007FF0000071
:10D9D00010000000000000002000003000003C00AB
:10D9E000003F800023F000007800007000238000DA
:10D9F0003C00003000002000002000003C00003F00
:10DA0000E00023F80000E0002700003E00003FE0B7
:10DA10000021F80001E0003E0000200000000000AE
:10DA20002008002008003838003E680027800003E6
:10DA3000C8002CF80038380020180020080000002A
:10DA4000000000002000003003003C01003F830084
:10DA500023EC000070002380003C00002000002028
:10DA6000000000000000000000000038080020381E
:10DA70000020F80023E8002F88003E080038080046
:10DA800020180000700000000000000000000000EE
:10DA9000000000000000000008000014001FF7FC58
:10DAA000300006200002000000000000000000001E
:10DAB0000000000000000000000000000000FFFF68
:10DAC000FF00000000000000000000000000000057
:10DAD0000000000000002000023000061FF7FC00DC
:10DAE000140000080000000000000000000000001A
:10DAF000000000000000001800006000004000006E
:10DB00004000002000001000000800000400000495
:10DB100000000C000010000060E00120030535004B
:10DB200002081E08503C0F050000FF675000001857
:10DB30001A1E1489280A302EBB0A03000002331D66
:10DB4000000000000000003200002A1C5A94C502A8
:10DB500007000000B51F00902800773200623F00E8
:10DB600052500052000000000000000000000000C1
:10DB700000000000000000000000000F0F0306106E
:10DB800042F80F14000000001A18161412100E0CA0
:10DB90000A08000000000000000000000000000073
:10DBA00000000000000029282422201F1E1D0E0C4A
:10DBB0000A080605040200FF000000000000000043
:10DBC000000000FFFFFFFFFFFFFFFFFFFFFFFFFF62
:10DBD00050815881608168817081000100050010CA
:10DBE00000140018030009000F0015001B005081ED
:10DBF000588160816881708140DC00080F0000005E
:10DC00000F000000FF0000000F0000000F000000E8
:10DC10000F00000000000000303132333435363759
:10DC20003839414243444546403058003031323360
:10DC30003435363738396162636465664030780060
:10DC4000506C656173652075736520746865207319
:10DC500074796C757320636C69636B2074686520DC
:10DC600063726F7373206F6E2074686520736372C4
:10DC700065656E2E5468652063726F7373207769D3
:10DC80006C6C20616C77617973206D6F766520759F
:10DC90006E74696C207468652073637265656E20AC
:10DCA00061646A7573746D656E7420697320636F47
:10DCB0006D706C657465642E00000000DCDC00088B
:10DCC000000000209C000000C401000878DD00086E
:10DCD0009C000020FC890000E0010008007A030A93
:10DCE000000000000000000001020304060708090C
:10DCF0000000000000000000000000000000000024
:10DD00000000000000000000FFFF01000000000014
:10DD100000000500AF6600080D5A0008BD5D000850
:10DD200000000000000000000000000000000000F3
:10DD300000000000000000000000000000000000E3
:10DD40000000000000000000D09000000000000073
:10DD500000000000010000000000000000000000C2
:10DD600000000000000000000000010203040102A6
:08DD7000030406070809000086
:040000050800018965
:00000001FF
