:020000040800F2
:100000007837002065420008C1050008C3050008D4
:10001000C7050008CB050008CF0500080000000058
:10002000000000000000000000000000D3050008F0
:10003000D505000800000000D7050008D905000814
:100040007F4200087F4200087F4200087F4200088C
:100050007F4200087F4200087F4200087F4200087C
:100060007F4200087F4200087F4200087F4200086C
:100070007F4200087F4200087F4200087F4200085C
:100080007F4200087F4200087F4200087F4200084C
:100090007F4200087F4200087F4200087F4200083C
:1000A0007F4200087F4200087F4200087F4200082C
:1000B0007F420008ED3F00087F4200087F420008B1
:1000C0007F4200087F4200087F4200087F4200080C
:1000D0007F420008DB4100087F4200087F420008A1
:1000E0007F4200087F4200087F4200087F420008EC
:1000F0007F4200087F4200087F4200087F420008DC
:100100007F4200087F4200087F4200087F420008CB
:100110007F4200087F4200087F4200087F420008BB
:100120007F4200087F4200087F4200087F420008AB
:100130007F4200087F4200087F4200087F4200089B
:100140007F4200087F4200087F4200087F4200088B
:100150007F4200087F4200087F4200087F4200087B
:100160007F4200087F4200087F4200087F4200086B
:100170007F4200087F4200087F4200087F4200085B
:100180007F4200087F42000800F002F800F04FF8BC
:100190000AA090E8000C82448344AAF10107DA45E2
:1001A00001D100F044F8AFF2090EBAE80F0013F0E5
:1001B000010F18BFFB1A43F001031847F42B01008D
:1001C000142C0100103A24BF78C878C1FAD852071D
:1001D00024BF30C830C144BF04680C6070470000C1
:1001E0000023002400250026103A28BF78C1FBD840
:1001F000520728BF30C148BF0B607047662908F01E
:100200007181642906F0AA86782906F0E386002029
:1002100070471FB508F061F907F040FA04000020AC
:10022000002107F095FFE0601FBD10B510BD07F07D
:1002300039FB1146FFF7EDFF00F008F807F057FB18
:1002400003B4FFF7F2FF03BC03F068FF2DED048B4E
:1002500094B000264FF4A06004F024F8A82003F026
:10026000DBFE4FF4E13003F066FF00F0BFFA03F06D
:100270000FFE00F04CFF53214FF6FF7003F08AFE93
:100280004FF478409449088094A010210B46C8226E
:10029000CDE9001032211E2003F0BBFD94A01021F7
:1002A0000B46C822CDE9001046211E2003F0B1FD07
:1002B00093A010210B46C822CDE900105A211E2020
:1002C00003F0A7FD92A010210B46C822CDE9001033
:1002D0006E211E2003F09DFD90A010210B46C82228
:1002E000CDE9001082211E2003F093FD8FA0102184
:1002F0000B46C822CDE90010A0211E2003F089FD85
:100300001F20754908800123002299020FA806F0DA
:10031000B1FCE0E0002003F0D9FD0546012D7DD1C0
:1003200000245AE000EE104AB8EE400ADFED830ADE
:1003300020EE200ADFED820A80EE201AF0EE418ADC
:10034000B0EE680A06F062F89FED7E9AF2EE040ABB
:1003500000EE809A00EE104AB8EE400ADFED770A10
:1003600020EE200AF1EE000A20EE200ADFED740AEA
:1003700080EE201AF0EE418AB0EE680A06F046F8E8
:10038000F3EE0E0A00EE809A00EE104AB8EE400A34
:10039000DFED6A0A20EE200AF2EE000A20EE200AC3
:1003A000DFED670A80EE201AF0EE418AB0EE680AAF
:1003B00005F0C0FFDFED640A00EE809A634901EBAF
:1003C000C40080ED009A9FED620A6000401C01EBC2
:1003D000800080ED000A601C84B2B4F5806FA1DB60
:1003E00000215C4805F04AFA00205B490870574933
:1003F0000FA806F021FC574805F044FA5649097841
:1004000000EB014000EE100AB8EE408A9FED530A5F
:10041000C8EE000A10EE907A384600E048E007F097
:10042000EBFF41EC190B53EC192B4DA102A806F080
:1004300081FD02A810210B466422CDE90010A02105
:100440007E2003F0E6FC4FF4806248493F4806F006
:1004500049F89FED420AC8EE000A10EE907A38463D
:1004600007F0CAFF41EC190B53EC192B4FF48061D4
:100470003FA006F053FD47A006F050FD002413E016
:100480003A4800EB840090ED000A10EE101A08467E
:1004900007F0B2FF41EC190B53EC192B214641A098
:1004A00006F03CFD601C84B2B4F5806FE8DB02E02E
:1004B0000A2003F013FE701CC6B20A2096FBF0F16E
:1004C00000FB116038B93D48006808B9012000E020
:1004D00000203A4908601DE7180000204578706C3C
:1004E0006F7265722053544D333246340000000061
:1004F00044535020464654205445535400000000B5
:1005000041544F4D40414C49454E54454B0000002D
:10051000323031342F372F32000000004B45593034
:100520003A52756E2046465400000000464654205C
:1005300072756E74696D653A00000000DB0FC9408A
:10054000000080440000C842000048423C000020F7
:1005500000000000000400400000002000007A4479
:1005600025302E33666D730D0A0000003C200020FC
:100570000D0A256420706F696E74204646542072FF
:10058000756E74696D653A25302E33666D730D0A8C
:100590000000000046465420526573756C743A0D95
:1005A0000A0000006666745F6F757470757462751A
:1005B000665B25645D3A25660D0A0000A48242420E
:1005C000704700BFFEE700BFFEE700BFFEE700BFC9
:1005D000FEE7704770477047704700000CB5002079
:1005E000019000907648006840F4803074490860BB
:1005F00000BF7348006800F4003000900198401C70
:100600000190009818B90198B0F5A04FF1D16C484D
:10061000006800F4003010B10120009001E00020DB
:1006200000900098012846D165484030006840F0AD
:1006300080506349403108606248006840F440409F
:10064000604908605E48083000685D49083108600C
:100650000846006840F4004008600846006840F41E
:10066000A05008605848091F0860081F006840F043
:100670008070091F086000BF5148006800F00070DA
:100680000028F9D040F20570504908604C48083005
:10069000006820F003004A490831086008460068F5
:1006A00040F00200086000BF45480830006800F0D4
:1006B0000C000828F8D10CBD10B54548006840F47E
:1006C0007000434908603E48006840F001003C4922
:1006D000086000203A4908310860394800683D49FF
:1006E0000840374908603C48091D0860081F006839
:1006F00020F48020091F0860002031490C31086077
:10070000FFF76CFF4FF0006031498039086010BD81
:1007100070B500200022022300240221284D083554
:100720002D6805F00C0020B1042806D0082834D12B
:1007300007E02A4D2A4E356033E02A4D284E3560B9
:100740002FE01F4D2D1D2D68C5F380541C4D2D1D10
:100750002D6805F03F0154B1224DB5FBF1F5184E5F
:10076000361D3668C6F3881605FB06F209E01B4DF8
:10077000B5FBF1F5124E361D3668C6F3881605FB3B
:1007800006F20F4D2D1D2D68C5F301456D1C6B0044
:10079000B2FBF3F5124E356003E0104D104E35609C
:1007A00000BF00BF064D08352D68C5F303150E4E7A
:1007B000705D0B4D2D68C540094E356070BD000061
:1007C000003802400070004008544007003C0240DE
:1007D00088ED00E0FFFFF6FE103000240024F40056
:1007E0000400002000127A00080000201CB501213E
:1007F000202004F0CFFB4FF4C060009001208DF862
:10080000040000208DF8060003208DF8050001206B
:100810008DF807006946044803F03AFE4FF4C061C2
:10082000014803F0B1FE1CBD0014024001B5BDF843
:1008300000000090BDF80000FE49088008BD01B529
:10084000BDF800000090BDF80000FA49891C08803E
:1008500008BD08B5F748801C00880090BDF800006E
:1008600008BDF44A10804FF0D842A2F880107047BB
:1008700010B504462046FFF7D9FF052003F0E6FB3C
:10088000FFF7E7FF10BDEC480089EA490880704790
:10089000E849891C0880704730B5014601F01F0403
:1008A000C1F34513CA0AE50205EB43151544A8B286
:1008B00030BD00BF011EA0F10102D0B2FAD17047D5
:1008C00010B502460C46DC48808841F66311884228
:1008D00047D1D9488079A8B9D7480088401E801AE6
:1008E00082B2D5494889FFF7A1FF0020FFF7A7FF93
:1008F0000020FFF7A4FF1012FFF7A1FFD0B2FFF70F
:100900009EFF16E0CC494889FFF790FF1012FFF7D1
:1009100096FFD0B2FFF793FFC7490988491EC1F37C
:100920000F20FFF78CFFC4490978491EC8B2FFF7B2
:1009300086FFC1498889FFF779FF2012FFF77FFF03
:10094000E0B2FFF77CFFBC494988491EC1F30F2084
:10095000FFF775FFB8498978491EC8B2FFF76FFFE6
:100960003AE0B548808845F21051884220D1B2491A
:100970004889FFF75BFF1012FFF761FFAE49498915
:10098000491C88B2FFF752FFD0B2FFF758FFAA49BF
:100990008889FFF74BFF2012FFF751FFA64989898D
:1009A000491C88B2FFF742FFE0B2FFF748FF13E0AF
:1009B000A1494889FFF73AFF1012FFF740FFD0B274
:1009C000FFF73DFF9C498889FFF730FF2012FFF7B2
:1009D00036FFE0B2FFF733FF10BD2DE9F0410546C9
:1009E0000E4600240027A04693480088A84203DD55
:1009F00091484088B04202DC0020BDE8F0813146D9
:100A00002846FFF75DFF8C48808845F210518842E8
:100A100004D14FF43850FFF709FF02E02E20FFF712
:100A200005FFFFF716FF04468348808841F66311EF
:100A3000884201D12046E0E7FFF70BFF0446FFF7AD
:100A400008FF8046E7B24FF6FF7000EA0727E01282
:100A5000C002B91240EA411040EAE820CDE700B5F3
:100A60007548808845F21051884204D14FF42450D3
:100A7000FFF7DCFE02E02920FFF7D8FE00BD00B53D
:100A80006D48808845F21051884204D14FF42050BF
:100A9000FFF7CCFE02E02820FFF7C8FE00BDF0B54E
:100AA00005460024002764488079012805D1624862
:100AB000808841F66311884208D15F488079F0B997
:100AC0005D48808841F66311884218D1082D15D2FF
:100AD000DFE805F00406080A0C0E101206250DE0EA
:100AE00007250BE0042509E0052507E0012505E0C1
:100AF000002503E0032501E0022500BF00BF082D0B
:100B00001CD2DFE805F00406090C0F12151800BF0F
:100B100014E044F0800411E044F040040EE044F09E
:100B2000C0040BE044F0200408E044F0600405E059
:100B300044F0A00402E044F0E00400BF00BF3E48DF
:100B4000808845F21051884202D14FF4585700E096
:100B500036273948808849F24131884205D03648E5
:100B6000808847F28971884201D144F00804214607
:100B70003846FFF776FE3048808841F66311884298
:100B80001DD004F0200068B12B4800882A4949880C
:100B9000884214DA28480688408827490880084691
:100BA00046800CE02448008823494988884206DDB5
:100BB00021480688408820490880084646801E480B
:100BC000808845F21051884257D11B494889FFF768
:100BD0002DFE0020FFF733FE17494989491C88B2D2
:100BE000FFF724FE0020FFF72AFE13494989891CDC
:100BF00088B2FFF71BFE10490988491EC1F30F2078
:100C0000FFF71DFE0C494989C91C88B2FFF70EFE8B
:100C100009490978491EC8B2FFF711FE06498889BB
:100C2000FFF704FE0020FFF70AFE03498989491CEB
:100C300088B203E07E00006C3C300020FFF7F6FD38
:100C40000020FFF7FCFDFE498989891C88B2FFF767
:100C5000EDFDFB494988491EC1F30F20FFF7EFFD69
:100C6000F7498989C91C88B2FFF7E0FDF449897802
:100C7000491EC8B2FFF7E3FD2DE0F1494889FFF7AF
:100C8000D5FD0020FFF7DBFD0020FFF7D8FDEC4984
:100C90000988491EC1F30F20FFF7D1FDE849097803
:100CA000491EC8B2FFF7CBFDE5498889FFF7BEFDB5
:100CB0000020FFF7C4FD0020FFF7C1FDE04949888F
:100CC000491EC1F30F20FFF7BAFDDD498978491E9F
:100CD000C8B2FFF7B4FDF0BD30B504460D46294655
:100CE0002046FFF7EDFDFFF7CEFDD6480088D64938
:100CF000088030BD30B504460D46D148808845F2A5
:100D00001051884220D1CE494889FFF78FFD20122B
:100D1000FFF795FDCA494989491C88B2FFF786FD4E
:100D2000E0B2FFF78CFDC6498889FFF77FFD2812E6
:100D3000FFF785FDC2498989491C88B2FFF776FD16
:100D4000E8B2FFF77CFD42E0BD48808841F66311C0
:100D5000884228D1BA48807920B9B9480088401E15
:100D6000001B84B2B6494889FFF760FD2012FFF7E7
:100D700066FDE0B2FFF763FD2012FFF760FDE0B211
:100D8000FFF75DFDAE498889FFF750FD2812FFF798
:100D900056FDE8B2FFF753FD2812FFF750FDE8B209
:100DA000FFF74DFD13E0A6494889FFF73FFD2012EC
:100DB000FFF745FDE0B2FFF742FDA1498889FFF743
:100DC00035FD2812FFF73BFDE8B2FFF738FD9C48E0
:100DD00000899D49891E08804FF0D840A0F88020E6
:100DE00030BD70B52DED048B0446BE20FFF71EFD0F
:100DF0000520FFF724FD204607F0EDF941EC190B23
:100E00009FED920B53EC102B07F0F8F941EC180B07
:100E100007F0B4F985B22846FFF711FD0120FFF76E
:100E20000EFDFF20FFF70BFD0020FFF708FD00205F
:100E3000FFF705FDBDEC048B70BD10B5044680487E
:100E40008471002C45D1F0207D4908804FF4A070BA
:100E500048800846808845F21051884210D14FF4EE
:100E60003050774908814FF4285048814FF42C5076
:100E700088814FF4F07008804FF4487048801AE081
:100E80006F48808841F6631188420DD12C206C494F
:100E900008812B2048812A2088814FF4F070088037
:100EA0004FF44870488006E02C20654908812A20CC
:100EB00048812B2088816248808845F21031884221
:100EC0004CD14FF4A0705E4908804FF4F070488018
:100ED00044E04FF4A0705A490880F020488008464A
:100EE000808845F21051884210D14FF43050544957
:100EF00008814FF4285048814FF42C5088814FF4DA
:100F0000487008804FF4F07048801AE04C488088A0
:100F100041F6631188420DD12C20494908812A20CD
:100F200048812B2088814FF4487008804FF4F0707E
:100F3000488006E02C20424908812A2048812B2045
:100F400088813F48808845F21031884206D14FF4AD
:100F5000F0703B4908804FF4A07048800020FFF7F4
:100F60009EFD10BD2DE9F04104460D461E46A01819
:100F7000401E87B2A819401E1FFA80F830488088AA
:100F800041F66311884231D12D48807901282DD056
:100F90002B480088801A001B84B2A819401E86B214
:100FA00027494889FFF742FC2012FFF748FCE0B2CE
:100FB000FFF745FCA118491EC1F30F20FFF73FFCC6
:100FC000A118491EC8B2FFF73AFC1D498889FFF7EE
:100FD0002DFC2812FFF733FCE8B2FFF730FC30128B
:100FE000FFF72DFCF0B2FFF72AFC79E01448808867
:100FF00045F21051884251D111494889FFF716FC3A
:101000002012FFF71CFC0E494989491C88B2FFF7E2
:101010000DFCE0B2FFF713FC09494989891C88B22D
:10102000FFF704FC3812FFF70AFC05494989C91C7F
:1010300088B2FFF7FBFBF8B2FFF701FC004909E0BB
:101040003C300020180000208000006C6666666658
:10105000666604408889FFF7E9FB2812FFF7EFFB7B
:10106000FD498989491C88B2FFF7E0FBE8B2FFF728
:10107000E6FBF9498989891C88B2FFF7D7FB4FEA5B
:101080002820FFF7DCFBF4498989C91C88B2FFF7E7
:10109000CDFB08F0FF00FFF7D2FB21E0EE494889C5
:1010A000FFF7C4FB2012FFF7CAFBE0B2FFF7C7FB54
:1010B0003812FFF7C4FBF8B2FFF7C1FBE649888995
:1010C000FFF7B4FB2812FFF7BAFBE8B2FFF7B7FB54
:1010D0004FEA2820FFF7B3FB08F0FF00FFF7AFFB54
:1010E000BDE8F08170B504460026DB4805884088DD
:1010F000454300210846FFF7E3FBFFF7C4FB00BFB1
:1011000002E0D6480480761CAE42FAD370BD00B52A
:10111000A1B00020209001217A2003F03BFF0121A3
:10112000084603F06FFF4FF400401E9001208DF839
:101130007C0000208DF87E0002208DF87D000120CB
:101140008DF87F001EA9C64803F0A2F94CF2337057
:101150001E9002208DF87C0000208DF87E00032078
:101160008DF87D0001208DF87F001EA9BD4803F099
:101170008FF94FF680701E9002208DF87C000020C1
:101180008DF87E0003208DF87D0001208DF87F0012
:101190001EA9B54803F07CF94FF480501E90022040
:1011A0008DF87C0000208DF87E0003208DF87D00F6
:1011B00001208DF87F001EA9AC4803F069F94FF4B7
:1011C00080501E9002208DF87C0000208DF87E005B
:1011D00003208DF87D0001208DF87F001EA9A44812
:1011E00003F056F90C2200219E4803F0DCF90C2292
:1011F00001219C4803F0D7F90C220421994803F0FF
:10120000D2F90C220521974803F0CDF90C220821D0
:10121000944803F0C8F90C220921924803F0C3F95D
:101220000C220A218F4803F0BEF90C220E218D48B2
:1012300003F0B9F90C220F218A4803F0B4F90C220B
:101240000721894803F0AFF90C220821864803F0F2
:10125000AAF90C220921844803F0A5F90C220A21DD
:10126000814803F0A0F90C220B217F4803F09BF981
:101270000C2211467C4803F096F90C220D217A4885
:1012800003F091F90C220E21774803F08CF90C221F
:101290000F21754803F087F90C221146734803F0BB
:1012A00082F90C221146724803F07DF90F20089054
:1012B000002009903C200A9000200B900C900D908B
:1012C0000E90092001900020029008200390002039
:1012D000049005900690079006200F900020109033
:1012E00011901020129000201390159014901690D9
:1012F00017904FF480501890002019904FF48040C0
:101300001A9000201B9008A81C9001A81D900FA8FF
:1013100003F09DF90121062003F024FA322002F0A7
:10132000DDFED320FFF782FAFFF793FA4A4988805F
:10133000FFF78FFA48498880FFF78BFA4649888083
:10134000084680884FF6FF7101EA002042498880F4
:10135000FFF77FFA4049898808433F49888008465B
:10136000808849F24131884275D00420FFF75EFA47
:10137000FFF76FFA38498880FFF76BFA36498880A3
:10138000FFF767FA34498880084680884FF6FF7176
:1013900001EA002030498880FFF75BFA2E498988EE
:1013A00008432D4988800846808848F25251884277
:1013B00003D147F28970284988802748808847F2FE
:1013C00089718842D0D0D420FFF730FAFFF741FA74
:1013D00021498880FFF73DFA1F498880FFF739FAD5
:1013E0001D498880084680884FF6FF7101EA002079
:1013F00019498880FFF72DFA17498988084316494B
:1014000088800846808845F21031884279D055217D
:101410004FF47040FFF725FAAA214FF20100FFF7C1
:1014200020FA52214FF20200FFF71BFA08214FF277
:101430000300FFF716FA01214FF20400FFF711FA3B
:101440004FF44540FFF7F2F9FFF703FA02498880AD
:10145000084680880EE054E03C3000208000006C9C
:1014600000040240000C0240001002400014024040
:10147000001802404FF6FF7101EA0020FE49888003
:101480004CF20150FFF7D2F9FFF7E3F9FA498988E6
:101490000843F9498880052002F020FEF64880883C
:1014A000B0F5004F03D145F21050F3498880F2485F
:1014B000808845F21051884223D0A120FFF7B6F969
:1014C000FFF7C7F9EC498880FFF7C3F9EA4988803C
:1014D000084680884FF6FF7101EA0020E6498880BF
:1014E000FFF7B7F9E44989880843E349888008464B
:1014F000808845F26171884203D141F66310DE496C
:101500008880DD48808849F24131884217D0DA4826
:10151000808847F28971884211D0D748808845F287
:10152000103188420BD0D448808845F2105188424F
:1015300005D0D148808841F6631188422CD1CF482C
:10154000006820F00F004FF02041C1F81C01084650
:10155000D0F81C0120F47060C1F81C010846D0F8D6
:101560001C0140F00300C1F81C01C348808847F209
:101570008971884208D1C148006840F440704FF03A
:101580002041C1F81C0107E0BC48006840F400702D
:101590004FF02041C1F81C01B7488188B8A005F080
:1015A000BDFCB548808849F2413188427ED1CF20C8
:1015B000FFF73CF90020FFF742F9C120FFF73FF9A0
:1015C0003020FFF73CF9ED20FFF730F96420FFF7FA
:1015D00036F90320FFF733F91220FFF730F98120A5
:1015E000FFF72DF9E820FFF721F98520FFF727F90C
:1015F0001020FFF724F97A20FFF721F9CB20FFF71D
:1016000015F93920FFF71BF92C20FFF718F90020F6
:10161000FFF715F93420FFF712F90220FFF70FF951
:10162000F720FFF703F92020FFF709F9EA20FFF779
:10163000FDF80020FFF703F90020FFF700F9C020B4
:10164000FFF7F4F81B20FFF7FAF8C120FFF7EEF8D8
:101650000120FFF7F4F8C520FFF7E8F83020FFF786
:10166000EEF83020FFF7EBF8C720FFF7DFF8B720E0
:10167000FFF7E5F83620FFF7D9F84820FFF7DFF845
:101680003A20FFF7D3F85520FFF7D9F8B120FFF73C
:10169000CDF80020FFF7D3F81A20FFF7D0F8B620D6
:1016A000FFF7C4F80A20FFF7CAF800E097E0A2208D
:1016B000FFF7C5F8F220FFF7B9F80020FFF7BFF8F1
:1016C0002620FFF7B3F80120FFF7B9F8E020FFF775
:1016D000ADF80F20FFF7B3F82A20FFF7B0F8282065
:1016E000FFF7ADF80820FFF7AAF80E20FFF7A7F8DC
:1016F0000820FFF7A4F85420FFF7A1F8A920FFF76E
:101700009EF84320FFF79BF80A20FFF798F80F2078
:10171000FFF795F80020FFF792F80020FFF78FF809
:101720000020FFF78CF80020FFF789F8E120FFF791
:101730007DF80020FFF783F81520FFF780F81720C9
:10174000FFF77DF80720FFF77AF81120FFF777F809
:101750000620FFF774F82B20FFF771F85620FFF7EB
:101760006EF83C20FFF76BF80520FFF768F81020B3
:10177000FFF765F80F20FFF762F83F20FFF75FF8EB
:101780003F20FFF75CF80F20FFF759F82B20FFF7F9
:101790004DF80020FFF753F80020FFF750F8012024
:1017A000FFF74DF83F20FFF74AF82A20FFF73EF8F1
:1017B0000020FFF744F80020FFF741F80020FFF772
:1017C0003EF8EF20FFF73BF81120FFF72FF87820C5
:1017D00002F084FC2920FFF729F802F0B3B826486C
:1017E000808847F2897188427DD11120FFF71EF869
:1017F000782002F073FC3620FFF718F80020FFF77E
:101800001EF83A20FFF712F80520FFF718F8B2206B
:10181000FFF70CF80C20FFF712F80C20FFF70FF879
:101820000020FFF70CF83320FFF709F83320FFF70B
:1018300006F8B720FEF7FAFF3520FFF700F8BB20C7
:10184000FEF7F4FF3220FEF7FAFFC020FEF7EEFFAE
:101850000C20FEF7F4FFC220FEF7E8FF0120FEF7A0
:10186000EEFFC320FEF7E2FF1020FEF7E8FFC420E2
:10187000FEF7DCFF20200BE03C3000201C0100A024
:10188000204C43442049443A25780D0A00000000CA
:10189000FEF7D5FFC620FEF7C9FF0F20FEF7CFFFEA
:1018A000D020FEF7C3FFA420FEF7C9FFA120FEF75A
:1018B000C6FFE020FEF7BAFFD020FEF7C0FF0020F1
:1018C000FEF7BDFF0220FEF7BAFF0720FEF7B7FFC5
:1018D0000A20FEF7B4FF2820FEF7B1FF3220FEF702
:1018E000AEFF442000E062E0FEF7A9FF4220FEF7D1
:1018F000A6FF0620FEF7A3FF0E20FEF7A0FF122092
:10190000FEF79DFF1420FEF79AFF1720FEF797FFC2
:10191000E120FEF78BFFD020FEF791FF0020FEF7BD
:101920008EFF0220FEF78BFF0720FEF788FF0A20BC
:10193000FEF785FF2820FEF782FF3120FEF77FFFAC
:101940005420FEF77CFF4720FEF779FF0E20FEF7BC
:1019500076FF1C20FEF773FF1720FEF770FF1B2099
:10196000FEF76DFF1E20FEF76AFF2A20FEF75EFFDE
:101970000020FEF764FF0020FEF761FF0020FEF765
:101980005EFFEF20FEF75BFF2B20FEF74FFF0020EE
:10199000FEF755FF0020FEF752FF0120FEF74FFF34
:1019A0003F20FEF74CFF2920FEF740FF15E7FE48D9
:1019B000808845F21031884240F07C87ED20FEF7A8
:1019C00035FF0120FEF73BFFFE20FEF738FFEE203B
:1019D000FEF72CFFDE20FEF732FF2120FEF72FFF5F
:1019E000F120FEF723FF0120FEF729FFDF20FEF79D
:1019F0001DFF1020FEF723FFC420FEF717FF8F20E6
:101A0000FEF71DFFC620FEF711FF0020FEF717FFAF
:101A1000E220FEF714FFE220FEF711FFE220FEF7BE
:101A20000EFFBF20FEF702FFAA20FEF708FFB0203E
:101A3000FEF7FCFE0D20FEF702FF0020FEF7FFFE82
:101A40000D20FEF7FCFE0020FEF7F9FE1120FEF748
:101A5000F6FE0020FEF7F3FE1920FEF7F0FE002050
:101A6000FEF7EDFE2120FEF7EAFE0020FEF7E7FE7E
:101A70002D20FEF7E4FE0020FEF7E1FE3D20FEF7FC
:101A8000DEFE0020FEF7DBFE5D20FEF7D8FE002024
:101A9000FEF7D5FE5D20FEF7D2FE0020FEF7CFFE5A
:101AA000B120FEF7C3FE8020FEF7C9FE0020FEF73E
:101AB000C6FE8B20FEF7C3FE0020FEF7C0FE962078
:101AC000FEF7BDFE0020FEF7BAFEB220FEF7AEFE26
:101AD0000020FEF7B4FE0020FEF7B1FE0220FEF764
:101AE000AEFE0020FEF7ABFE0320FEF7A8FE0020AE
:101AF000FEF7A5FEB320FEF799FE0020FEF79FFE3D
:101B00000020FEF79CFE0020FEF799FE0020FEF765
:101B100096FE0020FEF793FE0020FEF790FE0020C8
:101B2000FEF78DFE0020FEF78AFE0020FEF787FEFE
:101B30000020FEF784FE0020FEF781FE0020FEF765
:101B40007EFE0020FEF77BFE0020FEF778FE0020E0
:101B5000FEF775FE0020FEF772FE0020FEF76FFE16
:101B60000020FEF76CFE0020FEF769FE0020FEF765
:101B700066FE0020FEF763FE0020FEF760FE0020F8
:101B8000FEF75DFE0020FEF75AFEB420FEF74EFE83
:101B90008B20FEF754FE0020FEF751FE9620FEF744
:101BA0004EFE0020FEF74BFEA120FEF748FE00206F
:101BB000FEF745FEB520FEF739FE0220FEF73FFE98
:101BC0000020FEF73CFE0320FEF739FE0020FEF762
:101BD00036FE0420FEF733FE0020FEF730FEB6206E
:101BE000FEF724FE0020FEF72AFE0020FEF727FE67
:101BF000B720FEF71BFE0020FEF721FE0020FEF7B7
:101C00001EFE3F20FEF71BFE0020FEF718FE5E20A2
:101C1000FEF715FE0020FEF712FE6420FEF70FFE11
:101C20000020FEF70CFE8C20FEF709FE0020FEF7D8
:101C300006FEAC20FEF703FE0020FEF700FEDC20CF
:101C4000FEF7FDFD0020FEF7FAFD7020FEF7F7FD20
:101C50000020FEF7F4FD9020FEF7F1FD0020FEF7D6
:101C6000EEFDEB20FEF7EBFD0020FEF7E8FDDC20AB
:101C7000FEF7E5FD0020FEF7E2FDB820FEF7D6FDF9
:101C80000020FEF7DCFD0020FEF7D9FD0020FEF766
:101C9000D6FD0020FEF7D3FD0020FEF7D0FD00208A
:101CA000FEF7CDFD0020FEF7CAFD0020FEF7C7FDC0
:101CB000BA20FEF7BBFD2420FEF7C1FD0020FEF791
:101CC000BEFD0020FEF7BBFD0020FEF7B8FDC120E1
:101CD000FEF7ACFD2020FEF7B2FD0020FEF7AFFDC1
:101CE0005420FEF7ACFD0020FEF7A9FDFF20FEF713
:101CF000A6FD0020FEF7A3FDC220FEF797FD0A20F7
:101D0000FEF79DFD0020FEF79AFD0420FEF797FDEB
:101D10000020FEF794FDC320FEF788FD3C20FEF76F
:101D20008EFD0020FEF78BFD3A20FEF788FD002097
:101D3000FEF785FD3920FEF782FD0020FEF77FFDCE
:101D40003720FEF77CFD0020FEF779FD3C20FEF7F2
:101D500076FD0020FEF773FD3620FEF770FD0020B3
:101D6000FEF76DFD3220FEF76AFD0020FEF767FDED
:101D70002F20FEF764FD0020FEF761FD2C20FEF70A
:101D80005EFD0020FEF75BFD2920FEF758FD0020D8
:101D9000FEF755FD2620FEF752FD0020FEF74FFD11
:101DA0002420FEF74CFD01E03C3000200020FEF72F
:101DB00046FD2420FEF743FD0020FEF740FD2320D2
:101DC000FEF73DFD0020FEF73AFD3C20FEF737FD13
:101DD0000020FEF734FD3620FEF731FD0020FEF72F
:101DE0002EFD3220FEF72BFD0020FEF728FD2F20D0
:101DF000FEF725FD0020FEF722FD2C20FEF71FFD3B
:101E00000020FEF71CFD2920FEF719FD0020FEF73B
:101E100016FD2620FEF713FD0020FEF710FD2420FE
:101E2000FEF70DFD0020FEF70AFD2420FEF707FD5A
:101E30000020FEF704FD2320FEF701FD0020FEF741
:101E4000FEFCC420FEF7F2FC6220FEF7F8FC002046
:101E5000FEF7F5FC0520FEF7F2FC0020FEF7EFFC94
:101E60008420FEF7ECFC0020FEF7E9FCF020FEF7F2
:101E7000E6FC0020FEF7E3FC1820FEF7E0FC002063
:101E8000FEF7DDFCA420FEF7DAFC0020FEF7D7FC0D
:101E90001820FEF7D4FC0020FEF7D1FC5020FEF7FE
:101EA000CEFC0020FEF7CBFC0C20FEF7C8FC002087
:101EB000FEF7C5FC1720FEF7C2FC0020FEF7BFFCB2
:101EC0009520FEF7BCFC0020FEF7B9FCF320FEF7DE
:101ED000B6FC0020FEF7B3FCE620FEF7B0FC0020C5
:101EE000FEF7ADFCC520FEF7A1FC3220FEF7A7FCF3
:101EF0000020FEF7A4FC4420FEF7A1FC0020FEF722
:101F00009EFC6520FEF79BFC0020FEF798FC7620E7
:101F1000FEF795FC0020FEF792FC8820FEF78FFC70
:101F20000020FEF78CFCC620FEF780FC2020FEF788
:101F300086FC0020FEF783FC1720FEF780FC0020C3
:101F4000FEF77DFC0120FEF77AFC0020FEF777FC0F
:101F5000C720FEF76BFC0020FEF771FC0020FEF7A7
:101F60006EFC0020FEF76BFC0020FEF768FCC8202A
:101F7000FEF75CFC0020FEF762FC0020FEF75FFC31
:101F80000020FEF75CFC0020FEF759FCC920FEF79C
:101F90004DFC0020FEF753FC0020FEF750FC002013
:101FA000FEF74DFC0020FEF74AFC0020FEF747FC40
:101FB0000020FEF744FC0020FEF741FC0020FEF765
:101FC0003EFC0020FEF73BFC0020FEF738FC002022
:101FD000FEF735FC0020FEF732FC0020FEF72FFC58
:101FE0000020FEF72CFC0020FEF729FC0020FEF765
:101FF00026FCE020FEF71AFC1620FEF720FC00204D
:10200000FEF71DFC1C20FEF71AFC0020FEF717FC53
:102010002120FEF714FC0020FEF711FC3620FEF70D
:102020000EFC0020FEF70BFC4620FEF708FC00200B
:10203000FEF705FC5220FEF702FC0020FEF7FFFB36
:102040006420FEF7FCFB0020FEF7F9FB7A20FEF788
:10205000F6FB0020FEF7F3FB8B20FEF7F0FB0020E1
:10206000FEF7EDFB9920FEF7EAFB0020FEF7E7FB09
:10207000A820FEF7E4FB0020FEF7E1FBB920FEF705
:10208000DEFB0020FEF7DBFBC420FEF7D8FB0020C0
:10209000FEF7D5FBCA20FEF7D2FB0020FEF7CFFBF0
:1020A000D220FEF7CCFB0020FEF7C9FBD920FEF7BB
:1020B000C6FB0020FEF7C3FBE020FEF7C0FB0020BC
:1020C000FEF7BDFBF320FEF7BAFB0020FEF7B7FBDF
:1020D000E120FEF7ABFB1620FEF7B1FB0020FEF778
:1020E000AEFB1C20FEF7ABFB0020FEF7A8FB222076
:1020F000FEF7A5FB0020FEF7A2FB3620FEF79FFBB4
:102100000020FEF79CFB4520FEF799FB0020FEF720
:1021100096FB5220FEF793FB0020FEF790FB642015
:10212000FEF78DFB0020FEF78AFB7A20FEF787FB87
:102130000020FEF784FB8B20FEF781FB0020FEF7DA
:102140007EFB9920FEF77BFB0020FEF778FBA820A2
:10215000FEF775FB0020FEF772FBB920FEF76FFB60
:102160000020FEF76CFBC420FEF769FB0020FEF7A1
:1021700066FBCA20FEF763FB0020FEF760FBD2205F
:10218000FEF75DFB0020FEF75AFBD820FEF757FB59
:102190000020FEF754FBE020FEF751FB0020FEF785
:1021A0004EFBF320FEF74BFB0020FEF748FBE2203E
:1021B000FEF73CFB0520FEF742FB0020FEF73FFB4D
:1021C0000B20FEF73CFB0020FEF739FB1B20FEF73F
:1021D00036FB0020FEF733FB3420FEF730FB0020F7
:1021E000FEF72DFB4420FEF72AFB0020FEF727FB1D
:1021F0004F20FEF724FB0020FEF721FB6120FEF7B5
:102200001EFB0020FEF71BFB7920FEF718FB0020C9
:10221000FEF715FB8820FEF712FB0020FEF70FFBF0
:102220009720FEF70CFB0020FEF709FBA620FEF727
:1022300006FB0020FEF703FBB720FEF700FB0020A3
:10224000FEF7FDFAC220FEF7FAFA0020FEF7F7FAD1
:10225000C720FEF7F4FA0020FEF7F1FAD120FEF7CE
:10226000EEFA0020FEF7EBFAD620FEF7E8FA00209F
:10227000FEF7E5FADD20FEF7E2FA0020FEF7DFFACE
:10228000F320FEF7DCFA0020FEF7D9FAE320FEF790
:10229000CDFA0520FEF7D3FA0020FEF7D0FA0A2087
:1022A000FEF7CDFA0020FEF7CAFA1C20FEF7C7FAA7
:1022B0000020FEF7C4FA3320FEF7C1FA0020FEF733
:1022C000BEFA4420FEF7BBFA0020FEF7B8FA502011
:1022D000FEF7B5FA0020FEF7B2FA6220FEF7AFFA79
:1022E0000020FEF7ACFA7820FEF7A9FA0020FEF7EE
:1022F000A6FA8820FEF7A3FA0020FEF7A0FA97209E
:10230000FEF79DFA0020FEF79AFAA620FEF797FA4C
:102310000020FEF794FAB720FEF791FA0020FEF7AE
:102320008EFAC220FEF78BFA0020FEF788FAC7204B
:10233000FEF785FA0020FEF782FAD120FEF77FFA39
:102340000020FEF77CFAD520FEF779FA0020FEF790
:1023500076FADD20FEF773FA0020FEF770FAF3201C
:10236000FEF76DFA0020FEF76AFAE420FEF75EFA47
:102370000120FEF764FA0020FEF761FA0120FEF763
:102380005EFA0020FEF75BFA0220FEF758FA002002
:10239000FEF755FA2A20FEF752FA0020FEF74FFA10
:1023A0003C20FEF74CFA0020FEF749FA4B20FEF7DE
:1023B00046FA0020FEF743FA5D20FEF740FA0020BF
:1023C000FEF73DFA7420FEF73AFA0020FEF737FADE
:1023D0008420FEF734FA0020FEF731FA9320FEF74E
:1023E0002EFA0020FEF72BFAA220FEF728FA002092
:1023F000FEF725FAB320FEF722FA0020FEF71FFAB7
:10240000BE20FEF71CFA0020FEF719FAC420FEF7E2
:1024100016FA0020FEF713FACD20FEF710FA00207E
:10242000FEF70DFAD320FEF70AFA0020FEF707FAAE
:10243000DD20FEF704FA0020FEF701FAF320FEF794
:10244000FEF90020FEF7FBF9E520FEF7EFF900208A
:10245000FEF7F5F90020FEF7F2F90020FEF7EFF99C
:102460000020FEF7ECF90220FEF7E9F90020FEF764
:10247000E6F92920FEF7E3F90020FEF7E0F93C2019
:10248000FEF7DDF90020FEF7DAF94B20FEF7D7F969
:102490000020FEF7D4F95D20FEF7D1F90020FEF709
:1024A000CEF97420FEF7CBF90020FEF7C8F984209E
:1024B000FEF7C5F90020FEF7C2F99320FEF7BFF939
:1024C0000020FEF7BCF9A220FEF7B9F90020FEF7C4
:1024D000B6F9B320FEF7B3F90020FEF7B0F9BE203D
:1024E000FEF7ADF90020FEF7AAF9C420FEF7A7F920
:1024F0000020FEF7A4F9CD20FEF7A1F90020FEF799
:102500009EF9D320FEF79BF90020FEF798F9DC2016
:10251000FEF795F90020FEF792F9F320FEF78FF908
:102520000020FEF78CF9E620FEF780F91120FEF777
:1025300086F90020FEF783F93420FEF780F90020A9
:10254000FEF77DF95620FEF77AF90020FEF777F9BD
:102550007620FEF774F90020FEF771F97720FEF778
:102560006EF90020FEF76BF96620FEF768F900208F
:10257000FEF765F98820FEF762F90020FEF75FF9A3
:102580009920FEF75CF90020FEF759F9BB20FEF711
:1025900056F90020FEF753F99920FEF750F9002074
:1025A000FEF74DF96620FEF74AF90020FEF747F9DD
:1025B0005520FEF744F90020FEF741F95520FEF7BB
:1025C0003EF90020FEF73BF94520FEF738F90020E0
:1025D000FEF735F94320FEF732F90020FEF72FF918
:1025E0004420FEF72CF90020FEF729F9E720FEF73A
:1025F0001DF93220FEF723F90020FEF720F95520BF
:10260000FEF71DF90020FEF71AF97620FEF717F9FC
:102610000020FEF714F96620FEF711F90020FEF7FE
:102620000EF96720FEF70BF90020FEF708F9672086
:10263000FEF705F90020FEF702F98720FEF7FFF804
:102640000020FEF7FCF89920FEF7F9F80020FEF7CD
:10265000F6F8BB20FEF7F3F80020FEF7F0F899201B
:10266000FEF7EDF80020FEF7EAF87720FEF7E7F82E
:102670000020FEF7E4F84420FEF7E1F80020FEF722
:10268000DEF85620FEF7DBF80020FEF7D8F823200E
:10269000FEF7D5F80020FEF7D2F83320FEF7CFF88A
:1026A0000020FEF7CCF84520FEF7C9F80020FEF721
:1026B000C6F8E820FEF7BAF80020FEF7C0F80020C0
:1026C000FEF7BDF89920FEF7BAF80020FEF7B7F83C
:1026D0008720FEF7B4F80020FEF7B1F88820FEF757
:1026E000AEF80020FEF7ABF87720FEF7A8F8002040
:1026F000FEF7A5F86620FEF7A2F80020FEF79FF887
:102700008820FEF79CF80020FEF799F8AA20FEF733
:1027100096F80020FEF793F8BB20FEF790F8002013
:10272000FEF78DF89920FEF78AF80020FEF787F86B
:102730006620FEF784F80020FEF781F85520FEF7AA
:102740007EF80020FEF77BF85520FEF778F8002091
:10275000FEF775F84420FEF772F80020FEF76FF8D8
:102760004420FEF76CF80020FEF769F85520FEF7CC
:1027700066F80020FEF763F8E920FEF757F8AA2074
:10278000FEF75DF80020FEF75AF80020FEF757F834
:102790000020FEF754F80020FEF748F8AA20FEF7C4
:1027A0004EF8CF20FEF742F80020FEF748F8002050
:1027B000FEF745F80020FEF742F80020FEF73FF84C
:1027C0000020FEF73CF80020FEF739F80020FEF765
:1027D00036F80020FEF733F80020FEF730F800202E
:1027E000FEF72DF80020FEF72AF80020FEF727F864
:1027F0000020FEF724F80020FEF721F80020FEF765
:102800001EF80020FEF71BF80020FEF718F8F02055
:10281000FEF70CF80020FEF712F85020FEF70FF834
:102820000020FEF70CF80020FEF709F80020FEF764
:1028300006F8F320FDF7FAFF0020FEF700F8F92074
:10284000FDF7F4FF0620FDF7FAFF1020FDF7F7FF74
:102850002920FDF7F4FF0020FDF7F1FF3A20FDF7F6
:10286000E5FF5520FDF7EBFF1120FDF7DFFF6420AA
:1028700001F034FC2920FDF7D9FF3520FDF7D6FF04
:102880000020FDF7DCFF5120FDF7D0FFFF20FDF712
:10289000D6FF5320FDF7CAFF2C20FDF7D0FF5520AF
:1028A000FDF7C4FF8220FDF7CAFF2C20FDF7BEFF15
:1028B00001F048B8FE48808845F2105188427DD129
:1028C00055214FF47040FDF7CCFFAA214FF20100D3
:1028D000FDF7C7FF52214FF20200FDF7C2FF0821AA
:1028E0004FF20300FDF7BDFF01214FF20400FDF799
:1028F000B8FF0D214FF43040FDF7B3FF0D214BF22F
:102900000100FDF7AEFF0D214BF20200FDF7A9FF1C
:1029100034214FF43640FDF7A4FF34214BF201601F
:10292000FDF79FFF34214BF20260FDF79AFF0D2166
:102930004FF43140FDF795FF0D214BF20110FDF7EB
:1029400090FF0D214BF20210FDF78BFF34214FF465
:102950003740FDF786FF34214BF20170FDF781FF10
:1029600034214BF20270FDF77CFF00214FF432401E
:10297000FDF777FF00214BF20120FDF772FF0021E8
:102980004BF20220FDF76DFF24214FF43840FDF794
:1029900068FF24214BF60100FDF763FF24214BF66D
:1029A0000200FDF75EFF01214FF43F40FDF759FFA4
:1029B0000F214FF43340FDF754FF00E0FDE30F21FA
:1029C0004BF20130FDF74DFF0F214BF20230FDF7C6
:1029D00048FF34214FF43940FDF743FF34214BF6D3
:1029E0000110FDF73EFF34214BF60210FDF739FFD1
:1029F00008214FF43540FDF734FF08214BF2015018
:102A0000FDF72FFF08214BF20250FDF72AFF0321AB
:102A10004FF44240FDF725FF24214FF43A40FDF7E3
:102A200020FF24214BF60120FDF71BFF24214BF64C
:102A30000220FDF716FF00214FF43C40FDF711FF87
:102A400078214BF60140FDF70CFF00214BF60240C8
:102A5000FDF707FF00214FF43D40FDF702FF78210D
:102A60004BF60150FDF7FDFE00214BF60250FDF73D
:102A7000F8FE00214FF43E40FDF7F3FE64214BF6D3
:102A80000160FDF7EEFE00214FF45140FDF7E9FE35
:102A900033214DF20110FDF7E4FE00214DF202104A
:102AA000FDF7DFFE34214DF20310FDF7DAFE0021C1
:102AB0004DF20410FDF7D5FE3A214DF20510FDF759
:102AC000D0FE00214DF20610FDF7CBFE4A214DF25B
:102AD0000710FDF7C6FE00214DF20810FDF7C1FEFC
:102AE0005C214DF20910FDF7BCFE00214DF20A10E9
:102AF000FDF7B7FE81214DF20B10FDF7B2FE00216C
:102B00004DF20C10FDF7ADFEA6214DF20D10FDF7B4
:102B1000A8FE00214DF20E10FDF7A3FEE5214DF2B7
:102B20000F10FDF79EFE01214DF21010FDF799FEEA
:102B300013214DF21110FDF794FE01214DF21210F8
:102B4000FDF78FFE54214DF21310FDF78AFE01218F
:102B50004DF21410FDF785FE82214DF21510FDF7A0
:102B600080FE01214DF21610FDF77BFECA214DF2C9
:102B70001710FDF776FE02214DF21810FDF771FED9
:102B800000214DF21910FDF76CFE02214DF21A10D2
:102B9000FDF767FE01214DF21B10FDF762FE0221D9
:102BA0004DF21C10FDF75DFE34214DF21D10FDF7B6
:102BB00058FE02214DF21E10FDF753FE67214DF223
:102BC0001F10FDF74EFE02214DF22010FDF749FEC9
:102BD00084214DF22110FDF744FE02214DF2221016
:102BE000FDF73FFEA4214DF22310FDF73AFE02212E
:102BF0004DF22410FDF735FEB7214DF22510FDF7FB
:102C000030FE02214DF22610FDF72BFECF214DF2B2
:102C10002710FDF726FE02214DF22810FDF721FEB8
:102C2000DE214DF22910FDF71CFE02214DF22A1083
:102C3000FDF717FEF2214DF22B10FDF712FE0221D7
:102C40004DF22C10FDF70DFEFE214DF22D10FDF77B
:102C500008FE03214DF22E10FDF703FE10214DF268
:102C60002F10FDF7FEFD03214DF23010FDF7F9FDA9
:102C700033214DF23110FDF7F4FD03214DF23210F6
:102C8000FDF7EFFD6D214DF23310FDF7EAFD002158
:102C90004FF45240FDF7E5FD33214DF20120FDF7E1
:102CA000E0FD00214DF20220FDF7DBFD342101E0C3
:102CB0003C3000204DF20320FDF7D3FD00214DF202
:102CC0000420FDF7CEFD3A214DF20520FDF7C9FDA8
:102CD00000214DF20620FDF7C4FD4A214DF20720E8
:102CE000FDF7BFFD00214DF20820FDF7BAFD5C2184
:102CF0004DF20920FDF7B5FD00214DF20A20FDF748
:102D0000B0FD81214DF20B20FDF7ABFD00214DF20E
:102D10000C20FDF7A6FDA6214DF20D20FDF7A1FD2B
:102D200000214DF20E20FDF79CFDE5214DF20F2014
:102D3000FDF797FD01214DF21020FDF792FD1321C3
:102D40004DF21120FDF78DFD01214DF21220FDF70E
:102D500088FD54214DF21320FDF783FD01214DF232
:102D60001420FDF77EFD82214DF21520FDF779FD3F
:102D700001214DF21620FDF774FDCA214DF21720F6
:102D8000FDF76FFD02214DF21820FDF76AFD0021CD
:102D90004DF21920FDF765FD02214DF21A20FDF7D5
:102DA00060FD01214DF21B20FDF75BFD02214DF27C
:102DB0001C20FDF756FD34214DF21D20FDF751FD7D
:102DC00002214DF21E20FDF74CFD67214DF21F2020
:102DD000FDF747FD02214DF22020FDF742FD842141
:102DE0004DF22120FDF73DFD02214DF22220FDF79D
:102DF00038FDA4214DF22320FDF733FD02214DF2D1
:102E00002420FDF72EFDB7214DF22520FDF729FDE9
:102E100002214DF22620FDF724FDCF214DF227207F
:102E2000FDF71FFD02214DF22820FDF71AFDDE21DE
:102E30004DF22920FDF715FD02214DF22A20FDF764
:102E400010FDF2214DF22B20FDF70BFD02214DF27A
:102E50002C20FDF706FDFE214DF22D20FDF701FD92
:102E600003214DF22E20FDF7FCFC10214DF22F2006
:102E7000FDF7F7FC03214DF23020FDF7F2FC332182
:102E80004DF23120FDF7EDFC03214DF23220FDF72C
:102E9000E8FC6D214DF23320FDF7E3FC00214FF4F7
:102EA0005340FDF7DEFC33214DF20130FDF7D9FC34
:102EB00000214DF20230FDF7D4FC34214DF20330F5
:102EC000FDF7CFFC00214DF20430FDF7CAFC3A219A
:102ED0004DF20530FDF7C5FC00214DF20630FDF73F
:102EE000C0FC4A214DF20730FDF7BBFC00214DF23A
:102EF0000830FDF7B6FC5C214DF20930FDF7B1FC5E
:102F000000214DF20A30FDF7ACFC81214DF20B306F
:102F1000FDF7A7FC00214DF20C30FDF7A2FCA62125
:102F20004DF20D30FDF79DFC00214DF20E30FDF706
:102F300098FCE5214DF20F30FDF793FC01214DF295
:102F40001030FDF78EFC13214DF21130FDF789FC96
:102F500001214DF21230FDF784FC54214DF2133063
:102F6000FDF77FFC01214DF21430FDF77AFC822140
:102F70004DF21530FDF775FC01214DF21630FDF7CD
:102F800070FCCA214DF21730FDF76BFC02214DF2A7
:102F90001830FDF766FC00214DF21930FDF761FC99
:102FA00002214DF21A30FDF75CFC01214DF21B307D
:102FB000FDF757FC02214DF21C30FDF752FC342185
:102FC0004DF21D30FDF74DFC02214DF21E30FDF794
:102FD00048FC67214DF21F30FDF743FC02214DF202
:102FE0002030FDF73EFC84214DF22130FDF739FC05
:102FF00002214DF22230FDF734FCA4214DF22330A2
:10300000FDF72FFC02214DF22430FDF72AFCB721F9
:103010004DF22530FDF725FC02214DF22630FDF75B
:1030200020FCCF214DF22730FDF71BFC02214DF291
:103030002830FDF716FCDE214DF22930FDF711FC9A
:1030400002214DF22A30FDF70CFCF2214DF22B301B
:10305000FDF707FC02214DF22C30FDF702FCFE21AA
:103060004DF22D30FDF7FDFB03214DF22E30FDF723
:10307000F8FB10214DF22F30FDF7F3FB03214DF249
:103080003030FDF7EEFB33214DF23130FDF7E9FB37
:1030900003214DF23230FDF7E4FB6D214DF2333068
:1030A000FDF7DFFB00214FF45440FDF7DAFB33213D
:1030B0004DF20140FDF7D5FB00214DF20240FDF736
:1030C000D0FB34214DF20340FDF7CBFB00214DF244
:1030D0000440FDF7C6FB3A214DF20540FDF7C1FB68
:1030E00000214DF20640FDF7BCFB4A214DF207409E
:1030F000FDF7B7FB00214DF20840FDF7B2FB5C2164
:103100004DF20940FDF7ADFB00214DF20A40FDF7FD
:10311000A8FB81214DF20B40FDF7A3FB00214DF2EE
:103120000C40FDF79EFBA6214DF20D40FDF799FBEB
:1031300000214DF20E40FDF794FBE5214DF20F40CA
:10314000FDF78FFB01214DF21040FDF78AFB1321A3
:103150004DF21140FDF785FB01214DF21240FDF7C4
:1031600080FB54214DF21340FDF77BFB01214DF212
:103170001440FDF776FB82214DF21540FDF771FBFF
:1031800001214DF21640FDF76CFBCA214DF21740AC
:10319000FDF767FB02214DF21840FDF762FB0021AD
:1031A0004DF21940FDF75DFB02214DF21A40FDF78B
:1031B00058FB01214DF21B4000E005E3FDF751FBF8
:1031C00002214DF21C40FDF74CFB34214DF21D4015
:1031D000FDF747FB02214DF21E40FDF742FB672140
:1031E0004DF21F40FDF73DFB02214DF22040FDF75F
:1031F00038FB84214DF22140FDF733FB02214DF2D3
:103200002240FDF72EFBA4214DF22340FDF729FBC0
:1032100002214DF22440FDF724FBB7214DF2254059
:10322000FDF71FFB02214DF22640FDF71AFBCF21CF
:103230004DF22740FDF715FB02214DF22840FDF726
:1032400010FBDE214DF22940FDF70BFB02214DF270
:103250002A40FDF706FBF2214DF22B40FDF701FB62
:1032600002214DF22C40FDF7FCFAFE214DF22D40DB
:10327000FDF7F7FA03214DF22E40FDF7F2FA102187
:103280004DF22F40FDF7EDFA03214DF23040FDF7EE
:10329000E8FA33214DF23140FDF7E3FA03214DF214
:1032A0003240FDF7DEFA6D214DF23340FDF7D9FAD9
:1032B00000214FF45540FDF7D4FA33214DF201506F
:1032C000FDF7CFFA00214DF20250FDF7CAFA342182
:1032D0004DF20350FDF7C5FA00214DF20450FDF701
:1032E000C0FA3A214DF20550FDF7BBFA00214DF22C
:1032F0000650FDF7B6FA4A214DF20750FDF7B1FA34
:1033000000214DF20850FDF7ACFA5C214DF2095056
:10331000FDF7A7FA00214DF20A50FDF7A2FA81212C
:103320004DF20B50FDF79DFA00214DF20C50FDF7C8
:1033300098FAA6214DF20D50FDF793FA00214DF2B7
:103340000E50FDF78EFAE5214DF20F50FDF789FA88
:1033500001214DF21050FDF784FA13214DF2115066
:10336000FDF77FFA01214DF21250FDF77AFA542150
:103370004DF21350FDF775FA01214DF21450FDF78F
:1033800070FA82214DF21550FDF76BFA01214DF2D2
:103390001650FDF766FACA214DF21750FDF761FA93
:1033A00002214DF21850FDF75CFA00214DF2195040
:1033B000FDF757FA02214DF21A50FDF752FA01219A
:1033C0004DF21B50FDF74DFA02214DF21C50FDF756
:1033D00048FA34214DF21D50FDF743FA02214DF217
:1033E0001E50FDF73EFA67214DF21F50FDF739FAE6
:1033F00002214DF22050FDF734FA84214DF2215084
:10340000FDF72FFA02214DF22250FDF72AFAA421EE
:103410004DF22350FDF725FA02214DF22450FDF71D
:1034200020FAB7214DF22550FDF71BFA02214DF28B
:103430002650FDF716FACF214DF22750FDF711FA6D
:1034400002214DF22850FDF70CFADE214DF22950F1
:10345000FDF707FA02214DF22A50FDF702FAF22198
:103460004DF22B50FDF7FDF902214DF22C50FDF7E6
:10347000F8F9FE214DF22D50FDF7F3F903214DF23D
:103480002E50FDF7EEF910214DF22F50FDF7E9F91E
:1034900003214DF23050FDF7E4F933214DF2315064
:1034A000FDF7DFF903214DF23250FDF7DAF96D2116
:1034B0004DF23350FDF7D5F900214FF45640FDF79A
:1034C000D0F933214DF20160FDF7CBF900214DF227
:1034D0000260FDF7C6F934214DF20360FDF7C1F932
:1034E00000214DF20460FDF7BCF93A214DF2056070
:1034F000FDF7B7F900214DF20660FDF7B2F94A2158
:103500004DF20760FDF7ADF900214DF20860FDF7BF
:10351000A8F95C214DF20960FDF7A3F900214DF2F5
:103520000A60FDF79EF981214DF20B60FDF799F9D4
:1035300000214DF20C60FDF794F9A6214DF20D60CB
:10354000FDF78FF900214DF20E60FDF78AF9E521B4
:103550004DF20F60FDF785F901214DF21060FDF786
:1035600080F913214DF21160FDF77BF901214DF235
:103570001260FDF776F954214DF21360FDF771F9F1
:1035800001214DF21460FDF76CF982214DF21560B6
:10359000FDF767F901214DF21660FDF762F9CA21C6
:1035A0004DF21760FDF75DF902214DF21860FDF74D
:1035B00058F900214DF21960FDF753F902214DF23F
:1035C0001A60FDF74EF901214DF21B60FDF749F934
:1035D00002214DF21C60FDF744F934214DF21D60CB
:1035E000FDF73FF902214DF21E60FDF73AF9672120
:1035F0004DF21F60FDF735F902214DF22060FDF715
:1036000030F984214DF22160FDF72BF902214DF2B2
:103610002260FDF726F9A4214DF22360FDF721F980
:1036200002214DF22460FDF71CF9B7214DF225600F
:10363000FDF717F902214DF22660FDF712F9CF21AF
:103640004DF22760FDF70DF902214DF22860FDF7DC
:1036500008F9DE214DF22960FDF703F902214DF250
:103660002A60FDF7FEF8F2214DF22B60FDF7F9F824
:1036700002214DF22C60FDF7F4F8FE214DF22D6091
:10368000FDF7EFF803214DF22E60FDF7EAF8102167
:103690004DF22F60FDF7E5F803214DF23060FDF7A4
:1036A000E0F833214DF23160FDF7DBF803214DF2F4
:1036B0003260FDF7D6F86D214DF23360FDF7D1F899
:1036C00055214FF47040FDF7CCF8AA214FF20100CC
:1036D000FDF7C7F852214FF20200FDF7C2F80821AA
:1036E0004FF20300FDF7BDF800214FF20400FDF793
:1036F000B8F8CC214FF43140FDF7B3F800214BF27C
:103700000110FDF7AEF805214FF43640FDF7A9F89A
:1037100070214FF43740FDF7A4F870214BF201708F
:10372000FDF79FF801214FF43840FDF79AF8032187
:103730004BF60100FDF795F803214BF60200FDF76B
:1037400090F803214BF60300FDF78BF802214FF4AC
:103750003C40FDF786F800214BF60140FDF781F86B
:1037600000214BF60240FDF77CF8D0214FF4494090
:10377000FDF777F802214CF60110FDF772F85021A1
:103780004CF60210FDF76DF850214CF60310FDF7D2
:1037900068F850214CF60410FDF763F800214FF44F
:1037A0005450FDF75EF855214FF46850FDF759F875
:1037B0004FF48850FDF73AF8782000F047FC4FF4BA
:1037C0002450FDF733F8BDE0FE48808841F66311D0
:1037D0008842F8D1E220FDF729F81D20FDF72FF8E7
:1037E0000220FDF72CF80420FDF729F8642000F0F2
:1037F0002DFCE020FDF71AF80120FDF720F80A2043
:1038000000F06CFCE020FDF711F80320FDF717F83D
:103810000C2000F063FC0120FDF708F80A2000F0FE
:103820005DFCE620FDF702F82F20FDF708F8FF20E9
:10383000FDF705F8FF20FDF702F8B020FCF7F6FFD2
:103840002020FCF7FCFF0020FCF7F9FF0320FCF729
:10385000F6FF40F21F30FCF7F2FF0120FCF7EFFF0C
:1038600040F2DF10FCF7EBFF0020FCF7E8FFB4208C
:10387000FCF7DCFF0420FCF7E2FF40F21F40FCF7FE
:10388000DEFF0020FCF7DBFF2E20FCF7D8FF002036
:10389000FCF7D5FF0020FCF7D2FF0020FCF7CFFF9C
:1038A0000020FCF7CCFFB620FCF7C0FF0220FCF79D
:1038B000C6FF4FF40370FCF7C2FF0020FCF7BFFF08
:1038C0001720FCF7BCFF1520FCF7B9FF0020FCF720
:1038D000B6FF0020FCF7B3FFF020FCF7A7FF0320A2
:1038E000FCF7ADFF2920FCF7A1FFD020FCF79EFFDD
:1038F0000020FCF7A4FFBE20FCF798FF0520FCF792
:103900009EFFFE20FCF79BFF0120FCF798FF0020A4
:10391000FCF795FF0020FCF792FF0020FCF78FFFDB
:10392000B820FCF783FF0320FCF789FF0120FCF798
:1039300086FFBA20FCF77AFF0120FCF780FF6420A5
:10394000FDF74FFA0020FDF778FA01209E49086044
:103950004FF6FF70FDF7C6FB21B000BD2DE9F04F1B
:1039600005460E4617469846DDF824A04FF0000B9A
:10397000781B401C1FFA80FB344614E02146284681
:10398000FCF79EFFFCF77FFF4FF0000907E04FF0C8
:10399000D840A0F880A009F101001FFA80F9D945AC
:1039A000F5DB601C84B24445E8DDBDE8F08F2DE90D
:1039B000F84F07460D4690469946DDF828B0A8EB2B
:1039C0000700401C1FFA80FAA9EB0500401C80B2DA
:1039D0000090002414E0281981B23846FCF770FFEB
:1039E000FCF751FF002607E004FB0A603BF81000DB
:1039F00076490880701C86B25645F5DB601C84B29F
:103A000000988442E7DBBDE8F88F2DE9FF4F84B0D2
:103A100081468A460020039002900698A0EB090593
:103A20000798A0EB0A06CDF80490CDF800A0002D71
:103A300001DD012705E00DB9002702E04FF0FF3757
:103A40006D42002E02DD4FF0010806E016B94FF07E
:103A5000000802E04FF0FF387642B54201DD2C4607
:103A600000E034464FF0000B21E0009A91B2019A39
:103A700090B2FDF731F9039828440390029830443E
:103A800002900398A04205DD0398001B0390019863
:103A9000384401900298A04205DD0298001B029074
:103AA0000098404400900BF101001FFA80FB601C5D
:103AB0008345DADD08B0BDE8F08FF0B504460D4669
:103AC00016461F462B46324629462046FFF79DFFE5
:103AD0003B46224629462046FFF797FF3B463246A3
:103AE00039462046FFF791FF3B463246294630468D
:103AF000FFF78BFFF0BD2DE9F04306460F469046D9
:103B0000002445460320A0EB48093CE07A1B91B213
:103B1000321990B2FDF7E0F83A1B91B2721990B2E7
:103B2000FDF7DAF83A1991B2721990B2FDF7D4F8AC
:103B30007A1991B2321990B2FDF7CEF87A1991B292
:103B4000321B90B2FDF7C8F83A1991B2721B90B2CD
:103B5000FDF7C2F87A1B91B2321B90B2FDF7BCF8A8
:103B60003A1B91B2721B90B2FDF7B6F8641CB9F122
:103B7000000F03DAA000801D814404E0601B800078
:103B80000A3081446D1EAC42C0DDBDE8F0832DE9F2
:103B9000F84F80460E4617461C46B3462046E317AC
:103BA00004EB5373DB1021464FEAE47C04EB5C7CAE
:103BB0004FEAEC0CA4EBCC0CBCF1000F08D04FF09A
:103BC000010C07E03C300020BC8240428000006CC9
:103BD0004FF0000C6344224604EBD27C4FEA6C0C9D
:103BE00003FB0CF3DBB20093A7F12000C7B2002562
:103BF00056E00C2C07D107EB47009F4901EB8000F2
:103C000010F8059013E0102C05D19C4800EB07102C
:103C100010F805900BE0182C07D107EBC700984966
:103C200001EB800010F8059001E0BDE8F88F4FF03F
:103C3000000A2FE009F0800030B192480288314636
:103C40004046FDF757F807E00A9828B98E480288E1
:103C500031464046FDF74EF84FEA49604FEA106999
:103C6000701C86B289484088B04200DCDDE7A6EBD4
:103C70000B00A0420AD15E4608F101001FFA80F84D
:103C800082480088404500DCCFE706E00AF10100E9
:103C900000F0FF0ABAF1080FCCDB00BF681CC5B208
:103CA00000988542A5DB00BFBFE710B502460120A2
:103CB00000E050430B1EA1F10104E1B2F9D110BDA7
:103CC0002DE9FF4F81B0074691461E460E9D4FF0ED
:103CD000000A002439E0301B401EC1B20A20FFF761
:103CE000E4FFB9FBF0F00A21B0FBF1F201FB12088E
:103CF000BAF1000F16D1701EA04213DDB8F1000F0B
:103D00000ED10020AB4605EBDB71491001FB0471BD
:103D1000009088B22B4620220299FFF738FF12E06C
:103D20004FF0010A0020AB4605EBDB71491001FBA7
:103D30000471009088B208F13001CAB22B46029992
:103D4000FFF725FF00BF601CC4B2B442C3DB05B05F
:103D5000BDE8F08F2DE9FF4F82B0064692461F4620
:103D6000DDE90F480020019000254DE0781B401E42
:103D7000C1B20A20FFF799FFBAFBF0F00A21B0FBAD
:103D8000F1F201FB1209019850BB781EA84227DD11
:103D9000B9F1000F22D108F0800078B108F00100DD
:103DA000A34604EBDB71491001FB0561009088B26A
:103DB000234630220399FFF7EAFE0EE008F00100E7
:103DC000A34604EBDB71491001FB0561009088B24A
:103DD000234620220399FFF7DAFE13E00120019029
:103DE00008F00100A34604EBDB71491001FB0561FB
:103DF000009088B209F13001CAB223460399FFF757
:103E0000C6FE00BF681CC5B2BD42AFDB06B0BDE850
:103E1000F08F2DE9F84704460D4690469946DDE9B6
:103E2000096704F0FF0A08EB04001FFA80F809EBA9
:103E300005001FFA80F916E0444502DB5446A81934
:103E400085B24D4500DB14E0002000903A783346FF
:103E500029462046FFF79BFE304606EBD07104EB67
:103E600061018CB27F1C38787E2802DC38782028EB
:103E7000E2DA00BFBDE8F887E88400085C89000842
:103E80004C8F0008180000201A0000203C30002051
:103E90001CB50121112001F07DF81C2000900020AC
:103EA0008DF8040003208DF8050001208DF807002F
:103EB0006946354800F0ECFA0120009002208DF8A8
:103EC00007006946314800F0E3FA1CBD10B504460E
:103ED00014B101202E4908702D480078002837D0F1
:103EE0001021294800F036FB78B10821264800F05F
:103EF00031FB50B10421244800F02CFB28B10121F2
:103F0000224800F027FB012822D10A2000F0E6F821
:103F100000201F49087010211B4800F01BFB08B946
:103F2000012010BD0821184800F014FB08B9022038
:103F3000F7E70421144800F00DFB08B90320F0E76F
:103F40000121124800F006FB01281BD10420E8E7FC
:103F500010210D4800F0FEFA012813D108210A486B
:103F600000F0F8FA01280DD10421074800F0F2FA18
:103F7000012807D10121054800F0ECFA10B9012011
:103F8000034908700020CCE7001002400000024006
:103F90001C0000207FB505460C460121022001F0DF
:103FA00042F80295ADF804400020ADF80600ADF8E7
:103FB0000C0001A9164801F018FC01221146144812
:103FC00002F0B4F80121124801F098FC1D208DF890
:103FD000000001208DF8010003208DF8020001206F
:103FE0008DF80300684600F062F97FBD10B501212D
:103FF000074802F0B2F8012804D106480078401CB6
:10400000044908700121024802F0B8F810BD000010
:10401000000400400000002010B504466FF00400CA
:1040200000F092F9E11704EB5171C1F3C701394A6D
:1040300011701046007800EB4001C1EBC0104FF644
:10404000FF7101EAC0003449088010BD0146314AC1
:1040500012784A434FF0E0235A6100229A611A46CF
:10406000126942F001021A6100BF4FF0E0221069AC
:1040700000F001021AB100F48032002AF5D04FF0AE
:10408000E022126922F001024FF0E0231A610022BF
:104090009A6170470146204A12884A434FF0E02354
:1040A0005A6100229A611A46126942F001021A61AD
:1040B00000BF4FF0E022106900F001021AB100F4D5
:1040C0008032002AF5D04FF0E022126922F001027E
:1040D0004FF0E0231A6100229A61704770B50446E0
:1040E0004FF4077094FBF0F0C6B24FF4077094FBE6
:1040F000F0F100FB114085B205E04FF40770FFF7C7
:10410000C9FF701EC6B2002EF7D115B12846FFF7C1
:10411000C1FF70BD1E0000202000002000BF7047BE
:1041200000BF4C4A128802F04002002AF9D0C2B205
:10413000484B9A80704710B588B004460121084664
:1041400000F028FF0121102000F07EFF0722092146
:10415000414800F028FA07220A213F4800F023FADC
:104160004FF4C060069002208DF81C008DF81D00F1
:1041700000208DF81E0001208DF81F0006A936488A
:1041800000F086F902940020ADF80C00ADF80E00A6
:10419000ADF81000ADF814000C20ADF8120002A923
:1041A0002C4801F0B2F801212A4801F036F9012229
:1041B00040F22551274801F0E6F925208DF804004A
:1041C00003208DF805008DF8060001208DF807000A
:1041D00001A800F06CF808B010BD10B540F22551F0
:1041E0001C4801F00BFA10B31A4801F045F9C4B2AB
:1041F0001A48008800F40040C8B91848008800F444
:10420000804060B10A2C03D000201449088020E0CF
:104210001248008840F400401049088019E00D2C35
:1042200006D10E48008840F480400C49088010E018
:104230000A480088C0F30D0009490C54074800885B
:10424000401C0649088008460088C72801DD002078
:10425000088010BD0010014000000240280000202E
:104260004A3000200948804709480047FEE7FEE73A
:10427000FEE7FEE7FEE7FEE7FEE7FEE7FEE7FEE716
:1042800004480549054A064B70470000B906000876
:104290008901000878310020783700207833002029
:1042A0007833002032490143324A1160704770B5BB
:1042B000002100230F22C4781CB32E4C246804F480
:1042C000E064C4F5E064C4F30721C1F10404E3B27F
:1042D0000A4144789C40E1B28478144021430C07A1
:1042E000210E254C05786155047804F01F05012442
:1042F000AC4005786D11AD0005F1E025C5F8004131
:1043000009E0047804F01F050124AC401B4D067839
:10431000761145F8264070BD194A0A400243154BF4
:104320001B1F1A60704739B1124A121D12680243EE
:10433000104B1B1D1A6006E00E4A121D12688243C4
:104340000C4B1B1D1A607047042808D14FF0E02168
:10435000096941F004014FF0E022116107E04FF0DC
:10436000E021096921F004014FF0E022116170475A
:104370000000FA050CED00E000E400E080E100E060
:1043800080FFFF1F10B504469848844208D10121E0
:10439000084600F06AFE0021012000F066FE76E08B
:1043A0009348844208D10121022000F05EFE0021E2
:1043B000022000F05AFE6AE08E48844208D10121B2
:1043C000042000F052FE0021042000F04EFE5EE0CA
:1043D0008948844208D10121082000F046FE0021CE
:1043E000082000F042FE52E08448844208D10121B6
:1043F000102000F03AFE0021102000F036FE46E0CA
:104400007F48844208D10121202000F02EFE0021A7
:10441000202000F02AFE3AE07A48844208D10121A7
:10442000402000F022FE0021402000F01EFE2EE081
:104430007548844208D10121802000F016FE002139
:10444000802000F012FE22E07048844208D1012151
:10445000801500F00AFE0021A01500F006FE16E00F
:104460006B48844208D10121401500F0FEFD002177
:10447000601500F0FAFD0AE06648844207D1012188
:10448000001500F0F2FD0021201500F0EEFD10BD3A
:10449000F0B50A4600210023002400BF3DE00125BD
:1044A00005FA01F3156805EA03049C4234D1056856
:1044B0004F000326BE40B543056015794E00B54058
:1044C0000668354305601579012D02D01579022D56
:1044D00016D185684F000326BE40B54385605579E7
:1044E0004E00B540866835438560456801268E409C
:1044F000B5434560456896798E40B6B23543456010
:10450000C5684F000326BE40B543C560D5794E004F
:10451000B540C6683543C560491C1029BFD3F0BDFE
:104520004FF6FF7101600021017141718171C1710C
:10453000704708B54FF480320092009A0A43009207
:10454000009AC261C161009AC261C2690092C269E7
:10455000009208BD0246002013690B400BB10120F8
:1045600000E0002070470146086980B270470246AB
:10457000002053690B400BB1012000E00020704780
:104580000146486980B27047018370474183704794
:104590000AB1018300E0418370474161704742697D
:1045A0004A4042617047F0B5002300244D07ED0EEC
:1045B00002FA05F3CE1000F1200555F826504E07FB
:1045C000F70E0F26BE40B543CF1000F1200646F887
:1045D0002750CE1000F1200555F8265045EA030477
:1045E000CE1000F1200545F82640F0BD0000024045
:1045F0000004024000080240000C0240001002408B
:104600000014024000180240001C0240002002403A
:10461000002402400028024030B943F2DB0281004E
:10462000A1F1C0410A6005E043F2D2028100A1F18C
:10463000C0410A606FF07042411C8900A1F1C04185
:104640000A608100A1F1C041C1F804217047D0E99E
:1046500001121143C26811430269114342691143B7
:1046600082691143C2691143026A1143426A1143CC
:10467000826A1143C26A1143026B114302689200BD
:10468000A2F1C0421160816808290BD1016889003C
:10469000A1F1C041096841F0400201688900A1F11F
:1046A000C0410A60416B0968426B526841EA0211DD
:1046B000426B926841EA0221426B928941EA0241CF
:1046C000426B128A41EA0251426B127D41EA026159
:1046D000426B926911430268521C9200A2F1C042DF
:1046E0001160C16AB1F5804F1BD1816B0968826B83
:1046F000526841EA0211826B926841EA0221826BA0
:10470000128A41EA0251826B127D41EA0261826B98
:104710009269114302689200A2F1C042C2F80411EA
:1047200007E06FF0704201688900A1F1C041C1F853
:104730000421704700210160022141600021816055
:10474000C160016141618161C16101624FF48051C9
:104750004162490081620021C1620163F8494163FD
:104760008163704751B18200A2F1C042126842F0E9
:1047700001038200A2F1C042136009E08200A2F1AD
:10478000C0421268EF4B1A408300A3F1C0431A6085
:10479000704710280AD118214FF02042116640219D
:1047A00051664FF0FC319166D16610E01821E64A5F
:1047B000116040214FF02042C2F884104FF0FC31CC
:1047C000E14A083211604FF02042C2F88C10704765
:1047D00030B5002100220023446844F008048568B5
:1047E0002C43C5682C4305692C43456944EA45249C
:1047F000856944EA4531C4692468C5696D6844EA3D
:104800000524C5692D8944EA0544C5692D7B44EA20
:104810000562046A2468056A6D6844EA0524056A2D
:104820002D8944EA0544056A2D7B44EA0563046842
:10483000102C05D14FF020442166A266E36608E003
:10484000C14C21604FF02044C4F88820BE4C0C3489
:10485000236030BD10210160002141608160C16092
:10486000016141618161FC21C2691160C2695160CD
:10487000C2699160C269D160026A1160026A5160C6
:10488000026A9160026AD160704799B1102808D11C
:104890004FF02042126E42F004024FF020431A669D
:1048A0001DE0A94A126842F004024FF02043C3F809
:1048B000802014E0102809D14FF02042126EA14B45
:1048C000DB1E1A404FF020431A6608E09E4A126829
:1048D0009C4BDB1E1A404FF02043C3F880207047EA
:1048E00099B1102808D14FF02042126E42F04002D8
:1048F0004FF020431A661DE0934A126842F04002CE
:104900004FF02043C3F8802014E0102809D14FF065
:104910002042126E8B4B3F3B1A404FF020431A66E9
:1049200008E0894A1268874B3F3B1A404FF020430A
:10493000C3F88020704701460020102903D14FF0B2
:104940002042506F02E0804A1432106870471820ED
:104950007D492031086000200906C1F8A4004FF00D
:10496000FC30794928310860091D0860091D08607C
:104970007047016841F01001426841EA42218268B3
:1049800041EA4231704A20321160C1680968C26848
:10499000526841EA0221C268128941EA0241C268B2
:1049A000127B41EA0261684A283211600169096894
:1049B0000269526841EA02210269128941EA024110
:1049C0000269127B41EA02615F4A2C32116041693F
:1049D00009684269526841EA02214269128941EA42
:1049E00002414269127B41EA02614FF02042C2F863
:1049F000B01070470021016041608160FC21C268F5
:104A00001160C2685160C2689160C268D160026979
:104A1000116002695160026991600269D160426966
:104A2000116042695160426991604269D16070478A
:104A300048B145492031096841F004014FF0204256
:104A4000C2F8A01009E04049203109683D4AD21E51
:104A500011404FF02042C2F8A010704710B5F2B1DB
:104A6000102807D14FF020435B6E0B434FF02044DA
:104A7000636632E0B0F5807F08D1334B1B1D1B68A5
:104A80000B434FF02044C4F8843026E02E4B2433EF
:104A90001B680B434FF02044C4F8A4301DE01028DD
:104AA00007D14FF020435B6E8B434FF02044636689
:104AB00013E0B0F5807F08D1234B1B1D1B688B438F
:104AC0004FF02044C4F8843007E01F4B24331B68A8
:104AD0008B434FF02044C4F8A43010BD10B50246FB
:104AE00000200023102A03D14FF02044636E09E018
:104AF000B2F5807F03D1144C241D236802E0124CD0
:104B00002434236803EA01040CB1012000E00020F2
:104B100010BD102807D14FF02042526E8A434FF04B
:104B200020435A6619E0B0F5807F0FD1064A121D66
:104B300012688A434FF02043C3F884200DE0000040
:104B4000A89C0008FEFF0F00800000A0234A126806
:104B50008A434FF02043C3F8A420704770B5024643
:104B60000020002300240025102A03D14FF0204606
:104B7000736E08E0B2F5807F03D1184E203E336893
:104B800001E0164E336803EA010403EAD10514B1CB
:104B90000DB1012000E0002070BD102808D14FF0B9
:104BA0002042526E22EAD1024FF020435A6614E0AE
:104BB000B0F5807F09D1094A203A126822EAD10271
:104BC0004FF02043C3F8842007E0044A126822EA29
:104BD000D1024FF02043C3F8A4207047A40000A0E6
:104BE000F948006840F00100F74908600020F649E4
:104BF00008310860F4480068F4490840F249086048
:104C0000F348091D0860F348EF4984310860F04813
:104C10001038091D0860EC48006820F48020EA493B
:104C200008600020E8490C310860E7498C310860D1
:104C300070470021E44A921C1170114608707047B9
:104C400010B501460022002300204A11012A02D19A
:104C5000DD4C236808E0022A03D1DB4C7034236862
:104C600002E0D94C7434236801F01F0201249440FF
:104C70001C400CB1012000E0002010BD38B5002020
:104C800000900024002500BF3120FFF7D9FF054622
:104C90000098401C00900098B0F5A04F01D0002D66
:104CA000F2D03120FFF7CCFF08B1012400E000244E
:104CB000204638BD01460020C34A106820F0F800A5
:104CC00040EAC10010607047C34908607047002186
:104CD000BD4A703211701170012802D004280AD127
:104CE00004E00121B84A7032117005E00521B64A8E
:104CF0007032117000E000BF00BF7047B749086014
:104D0000704770B5049C41EA82150126C6EB530634
:104D100045EA0645054345EA0465AB4E361D356058
:104D200070BDAD4908667047820142EA0172A64B28
:104D300084331A607047A8498866704710B58301AC
:104D400043EA016343EA02739F4C8834236010BD39
:104D5000A14908677047A049C8647047024600200F
:104D6000994B0833186820F0EC6042EA01031843BD
:104D7000954B08331860704702460020924B083369
:104D8000186820F0784042EA010318438E4B08333C
:104D900018607047014600208B4A0832106820F0E6
:104DA000030008431060704787480830006800F02F
:104DB0000C00704701460020834A0832106820F03A
:104DC000F000084310607047014600207E4A083218
:104DD000106820F4E050084310607047014600203E
:104DE000794A0832106820F4604040EAC10010603F
:104DF0007047F0B50021002200240225002602237E
:104E0000714F08373F6807F00C0121B1042905D024
:104E1000082937D105E0724F076036E0714F07600F
:104E200033E0694F3F1D3F68C7F38056664F3F1D13
:104E30003F6807F03F036EB16A4FB7FBF3F7DFF847
:104E400088C10CF1040CDCF800C0CCF3881C07FB13
:104E50000CF40CE0624FB7FBF3F7DFF86CC10CF118
:104E6000040CDCF800C0CCF3881C07FB0CF4564F94
:104E70003F1D3F68C7F301477F1C7D00B4FBF5F77A
:104E8000076002E0564F076000BF00BF4E4F083773
:104E90003F6807F0F0010909534F7A5C0768D74073
:104EA0004760494F08373F6807F4E051890A4E4F81
:104EB0007A5C4768D7408760434F08373F6807F4FC
:104EC0006041490B484F7A5C4768D740C760F0BDE6
:104ED000002100F44072B2F5407F0AD13A4A08320C
:104EE000116821F4F811414A02401143364A083250
:104EF0001160354A70321268C0F30B031A43324B0B
:104F000070331A6070473549443908607047334937
:104F100040390860704736490860704701460020F4
:104F2000294A8C32106820F01F004A1E1043264A7E
:104F30008C321060704701460020234A8C32106882
:104F400020F4F8504A1E40EA02201F4A8C321060BA
:104F50007047014600201C4A8C32106820F4401033
:104F600008431060704701460020174A8C321068D1
:104F700020F4400008431060704701460020124AA8
:104F80008C32106820F44030084310607047194993
:104F90000860704739B10C4A3032126802430A4B3C
:104FA00030331A6006E0084A303212688243064BFA
:104FB00030331A607047F9B1034A34321268024341
:104FC000014B34331A601CE000380240FFFFF6EA60
:104FD000103000240030002000004742800E47427D
:104FE0000024F40000127A002A000020FFFCFF0FCA
:104FF0005C014742E01147428F4A126882438E4B60
:105000001A60704739B18C4A121D126802438A4BEC
:105010001B1D1A6006E0884A121D12688243864BE7
:105020001B1D1A60704739B1834A0C321268024363
:10503000814B0C331A6006E07F4A0C3212688243BF
:105040007D4B0C331A60704739B17B4A10321268BD
:105050000243794B10331A6006E0774A1032126827
:105060008243754B10331A60704739B1724A243A43
:1050700012680243704B243B1A6006E06E4A243AE1
:10508000126882436C4B243B1A60704739B16A4AFC
:10509000203A12680243684B203B1A6006E0664AD9
:1050A000203A12688243644B203B1A60704739B142
:1050B000614A1C3A126802435F4B1C3B1A6006E0CF
:1050C0005D4A1C3A126882435B4B1C3B1A60704776
:1050D00039B1594A143A12680243574B143B1A60CB
:1050E00006E0554A143A12688243534B143B1A6047
:1050F000704739B1504A103A126802434E4B103B88
:105100001A6006E04C4A103A126882434A4B103B40
:105110001A60704739B1484A1C3212680243464B44
:105120001C331A6006E0444A1C3212688243424B28
:105130001C331A60704739B13F4A2032126802436B
:105140003D4B20331A6006E03B4A2032126882430E
:10515000394B20331A60704739B1374A243212680C
:105160000243354B24331A6006E0334A2432126876
:105170008243314B24331A60704739B12E4A2C32A6
:10518000126802432C4B2C331A6006E02A4A2C3258
:1051900012688243284B2C331A60704739B1264A73
:1051A000303212680243244B30331A6006E0224A40
:1051B000303212688243204B30331A607047012826
:1051C00008D11D493C31096841F008011A4A3C32B6
:1051D000116007E018493C31096821F00801164ABE
:1051E0003C321160704739B1134A273A12780243B2
:1051F000114B273B1A7006E00F4A273A1278824378
:105200000D4B273B1A7070470B484030006840F048
:105210008070094940310860704701460020064A05
:10522000283A12680A400AB1012000E000207047C5
:1052300001492639087070473438024010B50446D9
:10524000FA48844208D101211020FFF752FF0021C3
:105250001020FFF74EFF57E0F548844209D10121A5
:105260004804FFF735FF00214FF40030FFF730FF0F
:105270004AE0F048844209D101218804FFF728FF61
:1052800000214FF48020FFF723FF3DE0EA488442ED
:1052900009D10121C804FFF71BFF00214FF40020B2
:1052A000FFF716FF30E0E548844209D101210805E7
:1052B000FFF70EFF00214FF48010FFF709FF23E0F6
:1052C000DF48844208D101212020FFF712FF00218E
:1052D0002020FFF70EFF17E0DA48844209D10121B0
:1052E0008807FFF7F5FE00214FF08040FFF7F0FE42
:1052F0000AE0D548844207D101214005FFF7E8FEC6
:1053000000216005FFF7E4FE10BD2DE9FF470546CB
:105310000E460024A14600BFA046B08900B100BFE0
:105320002C8A24F44054F08804432C82AC8941F246
:105330000C608443B0883189084371890843044371
:10534000AC81AC8A24F44074B0890443AC826846D2
:10535000FFF74FFDB548854202D0B948854202D1DA
:10536000DDF80C9001E0DDF80890A88900F4004019
:1053700040B109EBC90000EB091031684900B0FBEE
:10538000F1F707E009EBC90000EB0910316889006B
:10539000B0FBF1F76420B7FBF0F0040120096421B1
:1053A00001FB1078A88900F4004040B1322000EBE6
:1053B000C800B0FBF1F000F00700044308E0322021
:1053C00000EB08106421B0FBF1F000F00F00044383
:1053D0002C81BDE8FF874FF41651016000218180C8
:1053E000C18001810C21418100218181704710B56C
:1053F00002460020108A20F470600B884C882343FA
:105400008C882343CC8823431843108210BD00218D
:10541000018041808180C180704721B1828942F43E
:105420000052828104E082894DF6FF731A40828126
:105430007047028B02F47F420283028B0A4302838D
:10544000704721B1828942F40042828103E082895F
:10545000C2F30E028281704721B1828A42F4006257
:10546000828204E0828A4FF2FF731A408282704780
:10547000C1F308028280704701468888C0F30800A3
:105480007047028A4FF6F0731A400282028A0A437A
:105490000282704721B1828942F00202828104E0D7
:1054A00082894FF6FD731A408281704782894FF2DC
:1054B000FF731A40828182890A4382817047028A7F
:1054C0004FF6DF731A400282028A0A430282704753
:1054D00021B1028A42F48042028204E0028A4BF641
:1054E000FF731A4002827047818941F00101818176
:1054F000704721B1828A42F00802828204E0828AE7
:105500004FF6F7731A4082827047028BD2B2028341
:10551000028B42EA01220283704721B1828A42F063
:105520002002828204E0828A4FF6DF731A40828270
:10553000704721B1828A42F01002828204E0828A9E
:105540004FF6EF731A4082827047828A4FF6FB73E0
:105550001A408282828A0A438282704721B1828AFB
:1055600042F00202828204E0828A4FF6FD731A4002
:10557000828270471AB1838A0B43838202E0838A56
:105580008B4383827047F0B5034600240026002534
:10559000002040F66A17B94200D100BF1846C1F397
:1055A000421401F01F06012707FA06F5012C01D16C
:1055B0000C3004E0022C01D1103000E014301AB19C
:1055C00007682F43076002E00768AF430760F0BD3C
:1055D00002460020B1F5007F00D100BF13880B40C8
:1055E0000BB1012000E00020704701F40072B2F519
:1055F000007F00D100BFCA430280704770B50246E9
:10560000002400230025002040F66A16B14200D194
:1056100000BFC1F3421501F01F03012606FA03F390
:10562000012D13D19689334017E00000001001408E
:105630000044004000480040004C00400050004042
:105640000014014000780040007C0040022D02D18F
:10565000168A334001E0968A33400C12012606FA7E
:1056600004F41688344013B10CB1012000E000208E
:1056700070BD10B50022002340F66A14A14200D18B
:1056800000BF0A1201249440A3B2DC43048010BD81
:1056900010B50446FE48844208D101210846FFF7B0
:1056A00028FD00210120FFF724FD9DE0B4F1804F8B
:1056B00008D101210846FFF70BFD00210120FFF76B
:1056C00007FD91E0F348844208D101210220FFF751
:1056D000FFFC00210220FFF7FBFC85E0EE4884423E
:1056E00008D101210420FFF7F3FC00210420FFF77B
:1056F000EFFC79E0E948844208D101210820FFF756
:10570000E7FC00210820FFF7E3FC6DE0E448844259
:1057100008D101211020FFF7DBFC00211020FFF74A
:10572000D7FC61E0DF48844208D101212020FFF747
:10573000CFFC00212020FFF7CBFC55E0DA48844263
:1057400008D101210220FFF7D4FC00210220FFF73D
:10575000D0FC49E0D548844209D101210804FFF773
:10576000C8FC00214FF48030FFF7C3FC3CE0D04878
:10577000844209D101214804FFF7BBFC00214FF40A
:105780000030FFF7B6FC2FE0CA48844209D101215E
:105790008804FFF7AEFC00214FF48020FFF7A9FC3E
:1057A00022E0C548844208D101214020FFF790FC47
:1057B00000214020FFF78CFC16E0C048844208D14D
:1057C00001218020FFF784FC00218020FFF780FC6E
:1057D0000AE0BB48844207D101218015FFF778FC1D
:1057E0000021A015FFF774FC10BD00220288A84B11
:1057F00098420ED0AC4B98420BD0B0F1804F08D0FD
:10580000A44B984205D0A44B984202D0A34B984297
:1058100004D14FF68F731A404B881A43A04B98421D
:1058200007D0A04B984204D04FF6FF431A400B8993
:105830001A4302804B68C3620B880385944B9842DD
:1058400002D0994B984201D18B7A0386012383823F
:1058500070474FF0FF31416000210180018141809C
:10586000817270470185828270470A460021018853
:105870004FF68F73194011430180704741627047A2
:10588000C16270470146486A70470146088D7047FB
:1058900021B1028842F00202028004E002884FF641
:1058A000FD731A400280704721B1028842F0040261
:1058B000028004E002884FF6FB731A4002807047B2
:1058C00021B1028842F08002028004E002884FF693
:1058D0007F731A400280704702884FF6F7731A40B0
:1058E000028002880A430280704702884FF6FF4315
:1058F0001A40028002880A430280704721B1028860
:1059000042F00102028004E002884FF6FE731A4062
:105910000280704770B5002400220023058C4FF6EA
:10592000FE7635400584028C8388048B4FF68F7594
:105930002C40B51E2C400D882C43751E2A408D89A5
:105940002A434D882A43524DA84202D0564DA842C0
:1059500013D14FF6F7752A40CD892A434FF6FB75D0
:105960002A408D882A434FF6FF652B404FF6FF559E
:105970002B400D8A2B434D8A2B43838004838D68F3
:105980004563028470BD70B5002400220023058C9D
:105990004FF6EF7635400584028C8388048B48F6F9
:1059A000FF752C404FF6FF452C400D884FF6FF76D3
:1059B00006EA05252C434FF6DF752A408D8906EA55
:1059C00005152A434D8806EA05152A43304DA8429D
:1059D00002D0354DA8421DD14FF67F752A40CD89A2
:1059E0004FF6FF7606EA05152A434FF6BF752A40A3
:1059F0008D8806EA05152A434FF6FF352B404FF2F6
:105A0000FF752B400D8A06EA85052B434D8A06EA71
:105A100085052B43838004838D688563028470BD74
:105A200070B5002400220023058C4FF6FF66354038
:105A30000584028C8388848B4FF68F752C404FF63B
:105A4000FC752C400D882C434FF6FF552A408D895C
:105A50004FF6FF7606EA05252A434D8806EA052516
:105A60002A430B4DA84202D00F4DA84238D14FF225
:105A7000FF752A40CD894FF6FF7606EA05252A43B1
:105A80004FF6FF352A408D8806EA05252A4319E09E
:105A9000000001400004004000080040000C0040ED
:105AA000001000400014004000040140004001408C
:105AB000004401400048014000180040001C004024
:105AC000002000404EF6FF752B404DF6FF752B4031
:105AD0000D8A06EA05152B434D8A06EA05152B4368
:105AE000838084838D68C563028470BD70B5002295
:105AF00000230024058C4EF6FF7635400584038C88
:105B00008488828B48F6FF752A404FF6FF452A406D
:105B10000D884FF6FF7606EA05252A434DF6FF75F8
:105B20002B408D8906EA05352B434D8806EA05355D
:105B30002B43FE4DA84202D0FD4DA84208D14BF6A2
:105B4000FF752C400D8A4FF6FF7606EA85152C432B
:105B5000848082838D680564038470BD0021018088
:105B60004180818081608181C18101824182704751
:105B700070B50346002000241846183001258D40DA
:105B8000ACB21D8CA5431D8409B108290AD100EBD4
:105B9000610005684FF68F7635400560056815434E
:105BA00005600FE00D1FC5F34E052844056848F653
:105BB000FF763540056005684FF6FF7606EA022657
:105BC0003543056070BD4163704781637047C163B1
:105BD0007047016470470A460021018B4FF68F73AE
:105BE00019401143018370470A460021018B48F692
:105BF000FF7319404FF6FF7303EA02231943018331
:105C000070470A460021818B4FF68F73194011436C
:105C1000818370470A460021818B48F6FF73194043
:105C20004FF6FF7303EA02231943818370470A4644
:105C30000021018B4FF6F773194011430183704720
:105C40000A460021018B4FF2FF7319404FF6FF7394
:105C500003EA02231943018370470A460021818B1E
:105C60004FF6F77319401143818370470A460021AC
:105C7000818B4FF2FF7319404FF6FF7303EA022343
:105C80001943818370470A460021018B4FF6FB734D
:105C900019401143018370470A460021018B4FF6DA
:105CA000FF3319404FF6FF7303EA022319430183C0
:105CB00070470A460021818B4FF6FB731940114350
:105CC000818370470A460021818B4FF6FF331940CC
:105CD0004FF6FF7303EA02231943818370470A4694
:105CE0000021018B4FF67F731940114301837047E8
:105CF0000A460021018BC1F30E014FF6FF7303EA40
:105D000002231943018370470A460021818B4FF615
:105D10007F7319401143818370470A460021818BAC
:105D2000C1F30E014FF6FF7303EA02231943818387
:105D300070470A460021018C4FF6FD73194011434C
:105D4000018470470A460021018C4FF6F773194011
:105D50001143018470470A460021018C4FF6DF731E
:105D600019404FF6FF7303EA021319430184704789
:105D70000A460021018C4FF67F7319404FF6FF73DE
:105D800003EA02131943018470470A460021018C7B
:105D90004FF6FF5319404FF6FF7303EA02231943EE
:105DA000018470470A460021018C4FF2FF731940AD
:105DB0004FF6FF7303EA02231943018470470A4632
:105DC0000021018C4DF6FF7319404FF6FF7303EA73
:105DD000023319430184704730B5002301248C40FD
:105DE000A3B2048C9C430484048C02FA01F5ADB286
:105DF0002C43048430BD30B5002304248C40A3B26E
:105E0000048C9C430484048C02FA01F5ADB22C434B
:105E1000048430BD828B4FF2FF331A408283828B21
:105E20004FF6FF7303EA01231A4382837047F0B5EC
:105E30000C461546002100220026078C4EF6FF7CFA
:105E400007EA0C070784818B028C4FF6FF7707EA7D
:105E5000043640F6FF4739404FF6FF7707EA05273B
:105E600039434FF6FF7707EA0337394345F6FF77A3
:105E70003A4046F480573A4381830284F0BD828BD6
:105E80004FF6F3731A408283828B0A4382837047F2
:105E9000F0B50C461546002100220026078C4FF66F
:105EA000FF6C07EA0C070784818B028C4FF6FF77A3
:105EB00007EA04264FF60C7739404FF6FF7707EADA
:105EC00003172F4339434FF2FF573A4046F4807788
:105ED0003A4381830284F0BD028B4FF2FF331A40B4
:105EE0000283028B4FF6FF7303EA01231A430283F6
:105EF0007047F0B50C461546002100220026078C9D
:105F00004FF6EF7C07EA0C070784018B028C4FF6F3
:105F1000FF7707EA041640F6FF4739404FF6FF7750
:105F200007EA033739434FF6FF7703E000000140EB
:105F30000004014007EA052739434FF65F773A40EE
:105F400046F010073A4301830284F0BD028B4FF6FE
:105F5000F3731A400283028B0A4302837047F0B541
:105F60000C46154600210022068C4FF6FE773E4077
:105F70000684018B028C4FF60C7631407E1C06EABB
:105F800003162E4331434FF6F576324044F00106B6
:105F9000324301830284F0BD70B505460C4620886B
:105FA00050B92389A28861882846FFF7D8FFE18885
:105FB0002846FFF7CBFF25E0208804280AD1238953
:105FC000A28861882846FFF794FFE1882846FFF7FA
:105FD00083FF17E0208808280AD12389A2886188D6
:105FE0002846FFF755FFE1882846FFF748FF09E0FC
:105FF0002389A28861882846FFF719FFE18828468F
:10600000FFF708FF70BD00210180418001218180E0
:106010000021C180018170472DE9F04105460C4601
:1060200000260127608808B9022600E00026A08823
:10603000012801D1022700E001272088A0B9238987
:10604000A28861882846FFF78AFFE1882846FFF783
:106050007DFF23893A4631462846FFF74AFFE1880B
:106060002846FFF739FF13E02389A2886188284674
:10607000FFF73FFFE1882846FFF72EFF23893A46C6
:1060800031462846FFF76BFFE1882846FFF75EFFA1
:10609000BDE8F0810146486B70470146886B704748
:1060A0000146C86B70470146086C70470A884B88E8
:1060B0001A438B881A43CB881A430B891A434B899E
:1060C0001A438B891A43A0F84420704700210180AD
:1060D00041808180C180018141818181704731B1DE
:1060E000B0F8442042F40042A0F8442005E0B0F8A3
:1060F0004420C2F30E02A0F84420704721B18288E8
:1061000042F00402828004E082884FF6FB731A405A
:106110008280704721B1828842F00102828004E0CF
:1061200082884FF6FE731A40828070471AB18389C5
:106130000B43838102E083898B4383817047818293
:10614000704702460020138A0B400BB1012000E08B
:1061500000207047CA430282704730B502460020D3
:1061600000230024158A05EA0103958905EA010444
:1061700013B10CB1012000E0002030BDCA430282FF
:10618000704741EA0203A0F8483070471AB183898A
:106190000B43838102E083898B438381704721B164
:1061A000828842F00802828004E082884FF6F7730A
:1061B0001A408280704701894FF6F87211400181C0
:1061C00070470A46002101894FF68F731940114329
:1061D0000181704730B504460D4629462046FFF739
:1061E000F0FF208940F00700208130BD2DE9F0410B
:1061F00004460D4616461F46602D06D13B46012239
:1062000031462046FFF775FE05E03B460122314648
:106210002046FFF7A4FE29462046FFF7D2FF20893B
:1062200040F007002081BDE8F08130B50C46002128
:106230000189C9B24FF6FF7505EA032515432543C9
:106240002943018130BD2DE9F04105460E46174630
:106250009846002443463A4631462846FFF7E5FF74
:106260002C894FF6F870044044F007044FF68F7005
:10627000044044F070042C81BDE8F081F0B5044680
:106280000D4616461F463B46324629462046FFF736
:10629000CCFF208940F480402081F0BD82884FF6F9
:1062A0008F731A40828082880A43828070470289F5
:1062B0004FF6F8731A40028102890A43028170473F
:1062C00002894FF67F731A40028102890A430281D4
:1062D0007047F0B50C4615461E46002100220023EB
:1062E0000189028B038C4FF6F877394021434FF632
:1062F000FC473A4040F201173A434FF6DD773B4006
:106300004FF6FF7707EA06172F433B4301810283CD
:106310000384F0BD21B1828842F08002828004E0D3
:1063200082884FF67F731A4082807047A0F8501021
:1063300070470000DFED300AB5EEC00A60EE200ABB
:10634000BDEEE01A11EE100AF1EE10FA38BF401E51
:1063500000EE100A9FED291AB8EEC00A70EEC00ACE
:1063600020EE810ABCEEC00A10EE100A00EE100A00
:106370000028B8EEC00A10EE810AB8BF002004DB86
:10638000B0F5807FC8BF4FF480701D4960EE000AF1
:10639000B6EE001ADFED1C2A9FED1A2A60EE011AF4
:1063A00060EE225A20EE813A20EE022A21EEA01A57
:1063B00001EB800073EE655A62EE202AB7EE006AA8
:1063C00033EE003AD0EC043A76EE611A71EE600AD0
:1063D00035EEE20A33EE413A32EEC21A70EEA10A0D
:1063E00020EE230A64EE831A04EE200A45EE011A19
:1063F00031EE800A7047000083F9223E000080439E
:10640000C49C0008ABAA2A3EABAAAA3EDFED300A24
:10641000B5EEC00A60EE200ABDEEE01A11EE100AD9
:10642000F1EE10FA38BF401E00EE100A9FED291A57
:10643000B8EEC00A70EEC00A20EE810ABCEEC00AB7
:1064400010EE100A00EE100A0028B8EEC00A10EE96
:10645000810AB8BF002004DBB0F5807FC8BF4FF4CD
:1064600080701D4960EE000AB6EE001ADFED1C2AAE
:106470009FED1A2A60EE011A60EE225A20EE813A50
:1064800020EE022A21EEA01A01EB800073EE655A7D
:1064900062EE202AB7EE006A33EE003AD0EC043AFE
:1064A00076EE611A71EE600A35EEE20A33EE413A99
:1064B00032EEC21A70EEA10A20EE230A64EE831AAD
:1064C00004EE200A45EE011A31EE800A7047000002
:1064D00083F9223E00008043D4A00008ABAA2A3EE4
:1064E000ABAAAA3E9FED3A0A5FEA920C53D000BFD6
:1064F000F0EC010A0B1DB0EC011A60EEA00A41EEAF
:10650000010AF5EEC00AF1EE10FAC6BFB1EEE01ACC
:1065100081ED001A81ED000AF0EC010A191DB0ECC2
:10652000011A60EEA00A41EE010AF5EEC00AF1EE92
:1065300010FAC6BFB1EEE01A83ED001A83ED000A2F
:10654000F0EC010A0B1DB0EC011A60EEA00A41EE5E
:10655000010AF5EEC00AF1EE10FAC6BFB1EEE01A7C
:1065600081ED001A81ED000AF0EC010A191DB0EC72
:10657000011A60EEA00A41EE010AF5EEC00AF1EE42
:1065800010FAC6BFB1EEE01A83ED001A83ED000ADF
:10659000BCF1010CACD112F0030208BF704700BF80
:1065A000F0EC010A0B46B0EC011A091D60EEA00ADE
:1065B00041EE010AF5EEC00AF1EE10FAC6BFB1EEE7
:1065C000E01A83ED001A83ED000A521EE8D17047ED
:1065D000000000002DE9F04F8D082DED048B82B0F6
:1065E0000026AC463446019506EB0C0909EB0C0A73
:1065F0000AEB0C0800EBC60700EBC90900EBCA0A5E
:1066000000EBC80897ED003AD9ED003ADAED006AE0
:1066100098ED006A97ED010ADAED014A33EE265A49
:1066200073EE860A99ED014AD8ED015A30EE241A2C
:106630004FEA440B02EBCB0E70EE644A74EE251A5F
:1066400035EE200A9EED002ADEED012A87ED000AD4
:1066500031EE210A73EEC63A34EE656A87ED010A1F
:1066600035EE600A33EE663A71EE610A02EBC4075A
:1066700074EEE35A33EE064A97ED005A73EEA41A0D
:10668000D7ED014A33EE461A24EE056A0BEB0407F8
:1066900025EE855A02EBC70760EE026A65EEA45A42
:1066A00024EE244A97ED003AD7ED013A60EEA24A73
:1066B00020EE822A21EE037A20EE220A61EEA30A5E
:1066C00021EE833A61EE231A76EEA42A32EE400AD6
:1066D00036EE251A75EE443AC9ED002A77EE200A07
:1066E00089ED010A73EE611A8AED001ACAED013ACA
:1066F000C8ED000A761CC8ED011A1C446D1E7FF41B
:1067000073AF4FF6FF7404EA830B019B0093042BD5
:106710007DD966464FEA9C0C4FF00008C146ACF1AB
:10672000010E00BF4FEA480303EB080402EBC3036A
:1067300002EBC80593ED003AD3ED014A02EBC40326
:1067400095ED005AD5ED015A93ED006A93ED014A9B
:10675000D8444B4603EB0C0404EB0C0707EB0C0A84
:1067600000EBC30500EBC70700EBC40400EBCA0A4B
:10677000D5ED003A97ED007AD4ED008A9AED008AC3
:1067800095ED010AD4ED010AD7ED017ADAED011A8F
:1067900033EEC72A70EE676A70EEE12A33EE877A2D
:1067A00078EE883A30EE270A38EEC81A70EEA11A51
:1067B00072EE227A32EE622A77EE232A70EE618A36
:1067C00036EEC18A30EE210A77EE630A31EE261AE0
:1067D000C5ED002A85ED010A28EE050A67EE856AF7
:1067E00028EE258A20EE837A20EEA49A68EE831A9A
:1067F00062EE062A61EE063A62EE040A67EEA57AB8
:1068000068EEA48A21EE041A36EE882A00E027E01A
:1068100077EE286A71EEC91A30EE670AC4ED006A95
:1068200032EE811AC4ED011A73EEE00A87ED002AF8
:1068300087ED010A8AED001A3344CAED010A8B4242
:1068400088D309F10109F1457FF66CAF4FF6FF736C
:1068500003EA8B0B009B9B080093042B3FF659AF78
:10686000DDF8041090ED000AD0ED042A90ED025AF4
:1068700090ED031AD0ED064A90ED073A30EE222A49
:10688000D0ED011AD0ED050A75EE243A31EE034A37
:1068900030EE620A71EEA02A31EE431A32EE233A4C
:1068A00071EEE00A75EE641A72EE844A32EE632AE3
:1068B00072EEC43A80ED003A70EE012AC0ED014A52
:1068C00030EEE14A80ED022A30EE410AC0ED033A93
:1068D00071EEA00AC0ED042A80ED054A80ED060A9B
:1068E000C0ED070A2030491EBCD102B0BDEC048BBC
:1068F000BDE8F08F2DE9F04F4FEA910A2DED048BA2
:1069000082B00024D446A046CDF804A004EB0C05C8
:1069100005EB0C0606EB0C0900EBC40700EBC60602
:1069200000EBC50500EBC909D7ED011AD6ED012A28
:1069300095ED006AD9ED006AD7ED005A96ED007A20
:10694000D5ED010A99ED011A36EE262A71EEA23A2A
:1069500035EE873A71EEE21A30EE815A70EEC12AB6
:106960004FEA480B02EBCB0E73EE020A9EED004A93
:10697000DEED014AC7ED000A73EE850A36EE666A5F
:1069800075EEC75AC7ED010A33EE422A02EBC8077B
:1069900031EE861A33EEC53A71EEC61A97ED006AEB
:1069A00097ED015A75EEE20A0BEB080702EBC707F9
:1069B00075EEA22AD7ED005AD7ED013A60EE866A4D
:1069C00022EE047A62EEA57A23EE044A21EE066AEC
:1069D00061EEA55A60EE850A23EE243A22EE242ABF
:1069E00021EE051A61EEA31A62EEA32A76EE203A92
:1069F00037EE433A74EE020A36EEC11A85ED003ADC
:106A000077EEE11AC5ED010A35EEA22A86ED001AED
:106A1000C6ED013AC9ED001A641C89ED012A9844BB
:106A2000BAF1010A7FF472AF4FF6FF7404EA830BE8
:106A3000019B0093042B7CD966464FEA9C0C4FF0D7
:106A40000008C146ACF1010E4FEA480303EB08040D
:106A500002EBC30302EBC805D3ED003A93ED017AD4
:106A600002EBC403D5ED006AD5ED015AD3ED004A1F
:106A700093ED013AD8444B4603EB0C0404EB0C07AE
:106A800007EB0C0A00EBC30500EBC70700EBC404DF
:106A900000EBCA0A95ED012A97ED018A95ED001ADF
:106AA000D4ED008AD4ED017A97ED009ADAED001A60
:106AB000DAED010A32EE485A71EE492A38EEE14A1F
:106AC00032EE082A37EEA08A37EEE06A78EEA11A95
:106AD00031EE091A75EE048A72EEC67A72EE862AD3
:106AE00071EE610A31EE211A35EE444A32EE489ACF
:106AF00085ED001A32EE081A28EEA66A27EEA65A8D
:106B000068EEA58A85ED011A20EEA31A69EE231A14
:106B100022EEA42A24EE248A67EEA57A29EE079AAB
:106B200060EE870A24EE034A62EE832A35EE685A45
:106B300000E027E036EE276A71EE497A31EEA01ABE
:106B400072EE440AC4ED007A84ED011A78EE221A3E
:106B500087ED005A87ED016ACAED000A3344CAED99
:106B6000011A8B4288D309F10109F1457FF66CAF18
:106B70004FF6FF7303EA8B0B009B9B080093042BDB
:106B80003FF65AAFDDF8041090ED003AD0ED044A1C
:106B9000D0ED032A90ED071A90ED024AD0ED061AC7
:106BA000D0ED013AD0ED050A33EE242A72EE815A77
:106BB00033EE643A34EE215A73EEA04A73EEE03AB3
:106BC00032EEC11A74EE610A32EE454A72EE052ABF
:106BD00074EEA51A34EEE55A73EE414A33EEA02A5C
:106BE00033EE011A33EEE03A62EE805A61EE800A2B
:106BF00064EE003A65EE002AC0ED005A64EE801A99
:106C0000C0ED010A22EE002AC0ED023A21EE004A50
:106C1000C0ED032A23EE001AC0ED041A80ED052A08
:106C200080ED064A80ED071A2030491EACD102B033
:106C3000BDEC048BBDE8F08F70B504460D4680783E
:106C40002188A389626801280ED02846FFF7C2FC7C
:106C5000E078012818BF70BDE28921882846A36822
:106C6000BDE8704000F066B894ED040A2846FFF7CE
:106C700041FEEDE710B40180234C446082704FF078
:106C8000000CC370B1F5807F20D004DC10292FD018
:106C9000402906D122E0B1F5806F0FD0B1F5805FB9
:106CA00004D04FF0FF3C10BC604670470121818149
:106CB000C18116499FED160A816016E00421818189
:106CC000C18114499FED140A81600EE01021818179
:106CD000C18112499FED120A816006E04021818145
:106CE000C18110499FED100A816080ED040ADAE746
:106CF0004FF480718181C1810C499FED0D0A816043
:106D000080ED040ACFE70000E0AC0008E0A4000832
:106D100000008039E6A400080000803AFEA40008C4
:106D20000000803B5EA500080000803CDEA6000855
:106D30000000803D2DE9F0014E0801244FF0000CC9
:106D400004EB51076146A6F102082CE061452AD206
:106D500000EBCC0500EBC104D5ED000A94ED000A70
:106D6000C4ED000A85ED000AD5ED010A94ED010A93
:106D7000C4ED010A85ED010ACC1900EBC4050CEB4A
:106D8000070400EBC40495ED000AD4ED000AC5ED3C
:106D9000000A84ED000AD4ED010A95ED010AC5ED63
:106DA000010A84ED010A00EBC104B44400EBCC0CF1
:106DB00094ED020ADCED000A891CC4ED020A8CED98
:106DC000000ADCED010A94ED030AC4ED030A8CED20
:106DD000010AB3F800C089B203EB42034145B5D9BB
:106DE000BDE8F00170472DE9F00701254C0805EBDF
:106DF00051064FF0000C651E6146002D88BFA84665
:106E00002ED8BDE8F0077047614529D250F83150BF
:106E100050F83C7040F8317040F83C5000EBC1072E
:106E200000EBCC097D68D9F804A0C7F804A0C9F824
:106E300004508D190CEB060750F8359050F837A028
:106E400040F835A040F8379000EBC50500EBC707C8
:106E5000D5F80490D7F804A0C5F804A0C7F80490AA
:106E600000EBC105A444AF6850F83C90C5F8089009
:106E700040F83C7000EBCC0CEF68DCF80490C5F8EF
:106E80000C90CCF80470B3F800C0891C03EB4203EB
:106E90004145B9D3BDE8F00770472DE9F00F012453
:106EA0004D084FF0000C04EB5107012D9CBFBDE8CD
:106EB000F00F7047014600EB870400264FEA5508A3
:106EC00015E000BFBCEB460F11D950F82CA0D1F84B
:106ED0000090C1F800A040F82C900CEB0709D4F802
:106EE00000A050F829B0C4F800B040F829A0AC4484
:106EF000D1F8049050F82CA0C1F804A040F82C90D0
:106F0000B3F800C008310834761C03EB4203B8F133
:106F10000108D7D1BDE8F00F704770470FB404499E
:106F200010B503AA029800F0A7FB10BC5DF814FB93
:106F3000240000200FB41CB5074B06AA7B44694609
:106F40000090059800F07FFB0020694600F08EFB62
:106F50001CBC5DF814FB00002D0700002DE9F0417A
:106F60000646002410687529314616A510D0AFF3E7
:106F70000080002802DA404213A507E031688A0742
:106F800001D512A502E0490704D511A5012401E0AD
:106F9000AFF3008000210A2206F1240709E0B0FBCC
:106FA000F2FCB0FBF2F302FB1C00303078541846C0
:106FB000491C0028F3D123462A463046BDE8F0415B
:106FC00000F0D4B8000000002D0000002B000000ED
:106FD0002000000070B504460D4621461068AFF34E
:106FE00000802188090502D50F4A7A4402E00E4A42
:106FF0007A440E32002104F1240305E000F00F066C
:107000000009965D5E54491C0028F7D120780023C2
:10701000000704D5702D02D009B102231132204699
:10702000BDE8704000F0A2B8F2BC00002DE9F05FAE
:10703000894604464FF0000ADFF824B1FB44C0F84B
:1070400020A02046E168884700287DD0252806D06A
:10705000D4E901219047206A401C2062F1E7002515
:107060005F462046E16888472028064607DB312E28
:1070700005D2B81910F8200C08B10543F1E7A807AC
:1070800001D525F00405C4F81CA00027C4F818A0F9
:107090002A2E09D0304601F053F838B304EB8708A4
:1070A000303EC8F8186019E059F8041B204604EB7C
:1070B00087029161E1688847012F064618D1E0698F
:1070C000002820DA25F020051DE0D8F8180000EB94
:1070D000800006EB40003038C8F818002046E16810
:1070E0008847064601F02CF80028EED1012F0AD07F
:1070F0002E2E08D12046E16888477F1C0646022FC5
:1071000045F02005C4DBA069002803DA404245F0C1
:107110000105A061E80701D025F01005A6B1A6F190
:107120004100192802D8203645F400654A46314608
:10713000204625604D46F9F761F860B1012807D077
:10714000ED1D25F0070000E007E000F1080978E7F1
:1071500005F1040975E730467AE7206ABDE8F09F3B
:10716000C8BC000070477047704770472DE9F04772
:107170000D4699469246044600F1240801688806A7
:1071800004D5E06921F01001216000E00120A8424F
:1071900001DD471B00E00027A1697A1902EB090015
:1071A000081AA0612078C00602D42046AFF3008000
:1071B000002608E0D4E901211AF806009047206A69
:1071C000401C761C20624E45F4DB2078C0060AD5B0
:1071D0002046AFF3008006E0D4E90121302090473B
:1071E000206A401C2062381EA7F10107F4DC07E08A
:1071F000D4E9012118F805009047206A401C20625C
:10720000281EA5F10105F3DC2046AFF300802078AD
:10721000000602D50220BDE8F0870120FBE7704799
:107220002DE9FF4F0C461E464FF0FF378BB0D2E9D9
:107230000001DDF860800A908A46C1F30A5505B95D
:107240003D46002108464FF00000BAF1000F00F45F
:10725000400005DA00EB80004FF4400101EA5000E5
:107260004FEA9059B9F1010F00DDB9460A9850EA8A
:107270004A000ED044F61050A5F2FF3545432F14B6
:10728000B8F1000F1ED07542291E1EDDC9F10002A3
:107290001CE0B8F1010F4FF0000001D0302103E0F5
:1072A000F24305E02154401CB042FBDB3046002293
:1072B000002121540B99C1F80880C1E900200FB0CA
:1072C000BDE8F08FBD1B6D1CDEE74A4600DA69425F
:1072D00006A800F06DFA06AB93E8070003AB83E85D
:1072E000070050460A9900F04BFB8DE80700A0F517
:1072F00000501F3800900398002D0ADD42F21F0154
:107300004A460844002303A90390684600F0B4FDF0
:1073100009E0A0F500504A461F38002303A9039056
:10732000684600F0BEFD8DE807000004000C03D0A5
:107330004FF0FF30410800E01046B8F1000F03D0D5
:107340000022009215461EE0751E05D400F0AAF931
:10735000303262556D1EF9D5B3460122084302D082
:1073600000227F1C04E02078302801D100227F1EFB
:10737000002A099784D01DE0112D07DA00F092F958
:10738000303262556D1C50EA0102F5D1084302D03B
:107390000098C8B10EE00021681E05E0235C625C25
:1073A00063542254401E491C8142F7DBAB46A81BA4
:1073B000401E0990002004F80B000B98099AC0F8B1
:1073C0000880C0E9002B7AE711264FF0000857E744
:1073D0002DE9F04F88460446D21D22F0070191B0F6
:1073E000D1E90001CDE90A0100F092FE02460B98B6
:1073F000C00F01D02D2007E02068810701D52B2088
:1074000002E0202101EAC000032A099001D0072AE6
:1074100005DB03464146204600F08AF90BE120785F
:10742000800601D5E06900E00620B8F1650F8146CD
:1074300006D0B8F1660F18D0B8F1670F70D131E0FF
:107440000020B9F1110F009001DB112301E009F1D7
:1074500001030AAA01A90CA8FFF7E2FEDDE90C70FE
:10746000002609F10105834647E001204B460090C4
:107470004FF000470AAA01A90CA8FFF7D1FEDDE9E9
:107480000DB00C995D46002610B909F101000D18E8
:10749000B9EB050003D4C0F1FF3609F10105A5EBF6
:1074A00009002BE0B9F1010F01DA4FF001090020CA
:1074B000B9F1110F0090484601DD112300E00346A9
:1074C0000AAA01A90CA8FFF7ABFEDDE90C704D4636
:1074D00000268346207800070AD4AB4500DA5D46D3
:1074E00001A8012D04DD411911F8011C302907D034
:1074F0004F4502DA17F1040F04DA012082460FE04B
:107500006D1EEEE7002F02DCED1B3E4403E0781C0D
:10751000A84200DD7D1CB81B00F1010A4FF00047B6
:107520002078000703D4AA4501DB4FF0FF3A002181
:10753000B7F1004F0DF143088DF8431024D002201D
:107540002B23002F01DA7F422D230A21021EA0F1F6
:10755000010000DC5FB197FBF1FC97FBF1F201FB4E
:107560001C7C17460CF1300C08F801CDEEE7A8F1B1
:10757000010003702188090501D5452100E065213E
:10758000A0F1010800F8011C09980FA9A1EB080758
:10759000FF1D00B10120411901EBEA70A1693844D7
:1075A000081A401EA0612078C00602D42046AFF31E
:1075B0000080099828B1D4E901219047206A401C35
:1075C00020622078C00622D52046AFF300801EE05E
:1075D000002E04DBB34502DD01A8805D00E0302011
:1075E000D4E901219047206A401C2062761CAAF150
:1075F00001005FEA000A0AD100F050F8C068016893
:10760000405CD4E901219047206A401C2062281E7A
:10761000A5F10105DCDC07E0D4E9012118F8010B34
:107620009047206A401C2062381EA7F10107F3DC56
:107630002046AFF30080032011B041E601694A1CE7
:1076400002610878704700B58FB0CDE901310021A3
:10765000059105497944CDE9031011466846FFF7C5
:10766000E5FC0FB000BD0000E5FFFFFF0A6802F86F
:10767000010B0A6070470000074B70B50D467B4454
:10768000FFF7E1FF0446284600F004F910B14FF07F
:10769000FF3070BD204670BD9FCAFFFF0048704795
:1076A0003431002030B5B0F10A024FEA900E71F18A
:1076B00000034EEA817EB0EB0E0061EB91014FEAD0
:1076C000101E4EEA017E10EB0E0041EB11114FEA45
:1076D000102E4EEA016E10EB0E0041EB11214FEA25
:1076E000104E4EEA014E10EB0E0041EB11414018D6
:1076F00041F100014FEAD00040EA41704FEAD10168
:1077000010EB80054FEA810444EA907444EB0104D5
:107710006D1944EB0404521BA3414FF0000348BF12
:107720000A3200D530BD401C41F1000130BD0000DF
:107730002DE9F0411F46044603260168072A01F49B
:10774000006004DB08B116A505E016A503E008B14A
:1077500015A500E015A521F010002060A069C01E4D
:10776000A0610FB1401EA0612046AFF300804FB171
:10777000D4E9012138469047206A401C2062C01C91
:10778000206206E0206AFAE7D4E9012115F8010B2E
:107790009047761EF8D22046AFF30080BDE8F08116
:1077A0004E414E006E616E00494E4600696E6600A5
:1077B0002DE9F047814616468AB0354878440DC811
:1077C0008DE80D0032487844801C03AC0DC884E875
:1077D0000D0041F69B300844372190FBF1F290FBFD
:1077E000F1F5A5F1800501FB12041B3C02D56442B2
:1077F000012000E00020DFF898A080460027FA442E
:10780000AAF1BE0A0EE0E0070AD03246684607EB4E
:10781000470101230AEB810100F043FB8DE80700DB
:1078200064107F1C002CEED1194F7F44AE3F19E04D
:10783000E80715D007EB04100DF1180A90E80E00C8
:107840008AE80E00C068F04201D1981908903246CB
:10785000012306A903A800F024FB03AB83E807007B
:107860006D10641C002DE3D14FF0010332466946D0
:10787000B8F1000F03A802D000F0FEFA01E000F01A
:1078800010FBC9E90001C9F808200AB0BDE8F0877B
:10789000D8B50000007B00F08000704700487047BA
:1078A000143100207546FFF7F9FFAE460500694622
:1078B000534620F00700854618B020B5FCF7E0FCE1
:1078C000BDE820404FF000064FF000074FF00008E1
:1078D0004FF0000B21F00701AC46ACE8C009ACE862
:1078E000C009ACE8C009ACE8C0098D46704710B5C6
:1078F0000446AFF300802046BDE81040F8F7A0BC76
:107900004FF0013C50F8042B51F8043B9A4221D12E
:10791000A2EB0C03934313EACC1317D150F8042BBA
:1079200051F8043B9A4215D1A2EB0C03934313EA9E
:10793000CC130BD150F8042B51F8043B9A4209D1D7
:10794000A2EB0C03934313EACC13DBD04FF00000FF
:10795000704700BFD01A01BAB1FA81F101F01801E5
:1079600022FA01F0CB40C1F12001DBB2C0B2C01A53
:107970002CFA01F3D11A914311EAC311E6D17047F1
:107980005FEA400C08BF91F0000F4FEA8C234FEAEA
:10799000C12243EA51514FEA1C5018BF00F5F04094
:1079A0004FEA300018BF41F000415FEA6C5C00F024
:1079B0002980BCF1FF3F08BF40F080407047130CA6
:1079C00006BF12044FF0100C4FF0000C130E04BF52
:1079D00012020CF1080C130F04BF12010CF1040C7D
:1079E000930F04BF92000CF1020CD30F04BF52009E
:1079F0000CF1010C11464FF00002A0F11F00A0EBAA
:107A00000C00704711F0004F08BF704731F0004183
:107A10003FF4D5AF0B0C06BF09044FF0100C4FF02C
:107A2000000C0B0E04BF09020CF1080C0B0F04BF75
:107A300009010CF1040C8B0F04BF89000CF1020C3E
:107A4000CB0F04BF49000CF1010CCCF12003A0EBDB
:107A50000C0022FA03F302FA0CF241EA030100F1EE
:107A60000100704720F07F4C80EA030023F07F473D
:107A7000ACEB070303F57C5300F0004003F1FF0378
:107A80002DE980494FEA154B09B44FEA144325EA22
:107A90000B4E24EA03480FF2042606EB132749088D
:107AA0003E785FEA320203FB0667C7F5000707FB73
:107AB00006F64FEA54374FEAD64606F1020607FBB0
:107AC000066CCCF1005C4FEA1C472CEA074C07FB24
:107AD00006F40CFB06F504EB15464FEA961634BF88
:107AE00000204FF000404FEAD13706FB07FC4FEA79
:107AF0001C4C0CFB0BF7D21B03FB0CF761EB0701D3
:107B00000CFB0EF7B0EB074072EB17420CFB08F7CB
:107B100034BFA2EB0742B2EB074261EB17414FEAD9
:107B20000C444FEA910706FB07FC4FEA1C4C0CFB88
:107B30000BF7B0EBC74072EB573203FB0CF734BFC7
:107B4000A2EBC742B2EBC74261EB57310CFB0EF719
:107B5000B0EBC70072EB57720CFB08F734BFA2EB17
:107B6000C702B2EBC70261EB5771039F4FEA816115
:107B700041EA921104EBCC044FEAD1374FEA82621A
:107B800006FB07FC42EA90124FEA80604FEA1C4C69
:107B90000CFB0BF7D21B03FB0CF761EB07010CFB93
:107BA0000EF7B0EB074072EB17420CFB08F734BF3F
:107BB000A2EB0742B2EB074261EB17414FEA8C554B
:107BC0004FEA910704EB9C2406FB07FC4FEA1C4C90
:107BD0000CFB0BF7B0EBC74072EB573203FB0CF713
:107BE00034BFA2EBC742B2EBC74261EB57310CFB8B
:107BF0000EF7B0EBC70072EB57720CFB08F734BFFF
:107C0000A2EBC702B2EBC70261EB577115EB4C2533
:107C10004FEA816141EA92114FEA82624FEAD1371D
:107C200042EA901206FB07FC44F100044FEA806030
:107C30004FEA1C4C0CFB0BF7D21B03FB0CF761EB60
:107C400007010CFB0EF7B0EB074072EB17420CFB81
:107C500008F734BFA2EB0742B2EB074261EB1741D2
:107C600015EB1C154FEA813141EA92414FEA82320D
:107C700042EA90424FEA80304FEA0C7644F1000429
:107C800048EA03434EEA0B484FF0000EB2EB080CF3
:107C900071EB030724BF624639464EEB0E0E4FF0E0
:107CA000000B0018524149414BEB0B0BB2EB080C97
:107CB00071EB03077BF1000B24BF624639464EEBA4
:107CC0000E0E4FF0000B0018524149414BEB0B0BCD
:107CD000B2EB080C71EB03077BF1000B24BF62468B
:107CE00039464EEB0E0E51EA020718BF46F0010668
:107CF00016EB0E7655F1000254F1000103D5BDE8F4
:107D00008901BDE80088BDE88901BDE80048B619D1
:107D1000524141EB0101A3F10103704780807F7E56
:107D20007D7C7B7A797877767675747372717170F1
:107D30006F6E6E6D6C6C6B6A6A69686867666665A3
:107D40006464636362616160605F5F5E5E5D5D5C31
:107D50005C5B5B5A5A5959585857575656555555A2
:107D60005454535352525251515050504F4F4F4E02
:107D70004E4D4D4D4C4C4C4B4B4B4A4A4A49494950
:107D80004848484747474746464645454544444492
:107D9000444343434342424242414141002B9C46BB
:107DA00030D477002BD01CB54FEA370703B44FF01F
:107DB00010004FF01001BAF1000F06D0BCF1000F17
:107DC000DCBF40F0080040F008014FF000000FBC9D
:107DD000BDE810400BF1010BBBF1010F08BF5FEADA
:107DE000170722BF12F1010211F101014FF000410A
:107DF00043F1000300F0004043EA00007047F9D36C
:107E00005708D0E746EA064613F1400F4FEA1646F8
:107E10001FDD13F1200FDFBF16430A460021203378
:107E20005B42BED0C3F1200746EA064602FA07F7D6
:107E30004FEA164646EA0706C3F1200722FA03F284
:107E400001FA07F721FA03F14FF0000342EA0702B3
:107E5000A7E746EA020646EA06464FEA164646EA1B
:107E60000106BCBF46EA0646360C4FF000034FF051
:107E700000024FF0000194E72DE9804C9A469346AA
:107E800070B491E8380007C831EA400C48BF34EAC2
:107E9000430C03D5FFF7E6FDFFF780FFF0BCBDE81C
:107EA000008C2DE9804C9A46934670B491E83800D6
:107EB00007C810F0804F08BF13F0804F03D100F0C7
:107EC00005F8FFF76BFFF0BCBDE8008C20F07F47A2
:107ED00080EA030023F07F4C07EB0C03A3F57C53EF
:107EE00000F00040A3F1FE0392F0000F00F0B38019
:107EF00095F0000F00F077802DE901494FEA11401D
:107F00004FEA144621EA004800FB06FC24EA064733
:107F100008FB06F607FB08F800FB07F718EB064816
:107F20004CEB164C4FEA124B18EB07484FEA15463C
:107F30004CEB174022EA0B4E0BFB06FC25EA0647EA
:107F40000EFB06F607FB0EFE0BFB07F71EEB064EBD
:107F50004CEB164C4FF000061EEB074E4CEB174B4C
:107F600018EB0B0840F1000018EB0E0B58EB000863
:107F700040F100008F1A4FF000013CBFC943661B5F
:107F800014BFB5EB040C00213CBFC943F61B4FEAFC
:107F900017444EEA8E0E27EA04454FEA1C4704FBBD
:107FA00007622CEA074C05FB07F70CFB05F604FB00
:107FB0000CFC16EB074642EB174216EB0C4642EB65
:107FC0001C421BEB060658EB0202414146EA9E06A4
:107FD00001D5BDE80189B619524141EB0101A3F178
:107FE0000103BDE801894FEA14454FEA114724EA2D
:107FF000054621EA074C05FB07F406FB07F70CFBD7
:1080000006F105FB0CFC11EB074144EB17444FEA6A
:10801000124711EB0C4144EB1C4422EA074C05FBD0
:1080200007F206FB07F70CFB06F605FB0CFC16EB4C
:10803000074642EB174216EB0C4642EB1C456A180A
:1080400054F1000148BF7047B619524141EB01019C
:10805000A3F10103704795F0000F37D04FEA1142AA
:108060004FEA144721EA024624EA074C02FB07F1D3
:1080700006FB07F70CFB06F402FB0CFC14EB0744B1
:1080800041EB17414FEA154714EB0C4441EB1C41FF
:1080900025EA074C02FB07F506FB07F70CFB06F683
:1080A00002FB0CFC16EB074645EB174516EB0C469E
:1080B00045EB1C42121951F1000148BF7047B61937
:1080C000524141EB0101A3F1010370474FEA14450E
:1080D0004FEA114724EA054621EA074C05FB07F160
:1080E00006FB07F70CFB06F24FF0000605FB0CFC45
:1080F00012EB074241EB174112EB0C4251EB1C41D2
:1081000048BF7047921841EB0101A3F1010370478A
:1081100003B401984100009850EAC12018BF042020
:108120004A0D18BF40F0010040F2FF72B2EB515F00
:1081300008BF40F00200012808BF052002B07047C8
:1081400030380A2801D20120704700207047000013
:1081500010B500290AD00878002807D005487844CF
:10816000FFF7CEFB002801D0002010BD0248784464
:1081700010BD000072AC00006AAC00004FEA115361
:10818000A3F58063D3F11E03A8BFD3F1200C08DB55
:108190004FF0004242EAC12252EA505232FA03F052
:1081A000704709420BD4102BC4BF0020704703F561
:1081B000787CBCF1FF3F05D04FF0FF3070474FF0A7
:1081C0000000704770B500F0C3F800BF49922480EA
:1081D00000207047F0E7B0FA80F310FA03F10AD0FC
:1081E000C3F11D0303F580634FEA41504FEA035288
:1081F00002EBD12170474FF000007047DFF848C113
:1082000070B51CEA111E1EBF1CEA13159EEA0C0F66
:1082100095EA0C0F00F06F8081EA030423EA4C1307
:108220004EEAD47E21EA4C1141F4801143F48013CC
:10823000AE44A1FB024CA0FB0365AEF17F7E361974
:1082400055EB0C05A1FB034C4CF10003A0FB021CF9
:1082500016EB0C06654153F10003094218BF46F0C6
:10826000010613F4007F0BD14FEA03314FEA0530CA
:10827000340341EA155140EA16506FF003020AE058
:108280004FEAC3214FEAC520F40241EA555140EAC2
:1082900056506FF0020202EB2E4201EB025585EAC6
:1082A000CE710AD05FEA440C18BF24F0004450F1AC
:1082B000000041F1000120EAD47040F2FE7C6245EA
:1082C00000D270BDA84214BF4FF080444FF040442C
:1082D000002E08BF0024BEF1806FA8BFA1F1C041ED
:1082E000BDE8704080F282804FF0000001F1C04193
:1082F00001F0004170479EEA0C0F0CEA131518BFFD
:1083000095EA0C0F06D04FF0000081EA030E0EF044
:10831000004170BD00F01CF88900013E00F007B874
:1083200000F009B84FEA430C5FEA5C5C08D081EAD0
:10833000030100F05BB84FEA410C5FEA5C5CF6D1E8
:108340004FF00000014970470000FF070000F87F70
:108350000EF1020E2EF0030E5EF8046B364205D4C9
:10836000012A43EB030515F5001F12D8012841EB44
:10837000010C1CF5001F0CD80ED14FEAD17C15F56D
:10838000001F0CEB4C0C0CF1020C08BF4CEBD37C27
:1083900004E04FF0080C01E04FEAD37C0CEB4C05F5
:1083A00026FA05F606F00706B6F1040C06D20EEB27
:1083B000860CBDE870404CF0010C6047DFE80CF023
:1083C000090B02024FF000414FF00000A1F500211F
:1083D00070BD19461046012851EB010418BFD4F5B1
:1083E000001484BF002001F0004170BD0808A0F512
:1083F00000114FEA3101704743004FEAD30C4FEAB6
:108400003C0C43401FBF40070CF1605113F0FE4F7E
:1084100070471CF0006F03D100200CF00041704742
:108420000CF0004343EA507010B540EACC0000F075
:108430000EF800BF000000924FEA0001FFF7D6BF20
:108440004FF000414FF00000A1F5002170470EF100
:10845000020E2EF0030E5EF8044B244204D44FEAC1
:108460004102B2F17F4F11D84FEA4003B3F17F4F81
:108470000CD80ED14FEAD07CB2F17F4F0CEB4C0CF4
:108480000CF1020C08BF4CEBD17C04E04FF0080C5F
:1084900001E04FEAD17C0CEB4C0324FA03F404F026
:1084A0000704B4F1040C06D20EEB840CBDE81040B6
:1084B0004CF0010C6047DFE80CF0070802024FF0B7
:1084C0000040A0F5800010BD0846420018BFD2F160
:1084D000807288BF00F0004010BD4FF04070E1EEA8
:1084E000100A7047FEF774BF000000000000000093
:1084F00000000000000000003F40000000000000FD
:1085000000003000400030004000000009000BC0B7
:108510003D000BC03D00090018C024407FE0224010
:1085200031800000180024C01B000D803240018003
:1085300003801C4027401C80074000401000600062
:1085400000000000000000000000000000001F808C
:10855000204040200000402020401F8000000000FC
:10856000090006001F800600090000000400040046
:108570003F800400040000000010006000000000C4
:1085800000000000040004000400040004000000D7
:10859000000000400000000000000000002001C0BA
:1085A00006003800400000001F802040204020408E
:1085B0001F800000000010403FC00040000000008D
:1085C00018C0214022402440184000001080204064
:1085D000244024401B80000002000D0011003FC019
:1085E000014000003C8024402440244023800000BF
:1085F0001F802440244034400380000030002000CD
:1086000027C03800200000001B8024402440244064
:108610001B8000001C0022C0224022401F8000005E
:108620000000000008400000000000000000000002
:108630000460000000000000000004000A001100B7
:1086400020804040090009000900090009000000DD
:1086500000004040208011000A00040018002000A3
:1086600023402400180000001F802040274029409C
:108670001F400000004007C039000F0001C000404B
:1086800020403FC0244024401B8000001F80204029
:10869000204020403080000020403FC0204020404B
:1086A0001F80000020403FC024402E4030C000000A
:1086B00020403FC024402E00300000000F001080FA
:1086C000204022403380020020403FC004000400CC
:1086D0003FC02040204020403FC0204020400000BC
:1086E0000060202020203FC02000200020403FC00C
:1086F00024400B0030C0204020403FC020400040BC
:10870000004000C03FC03C0003C03C003FC0000030
:1087100020403FC00C4023003FC020001F8020406D
:10872000204020401F80000020403FC02440240003
:10873000180000001F802140214020E01FA0000001
:1087400020403FC02440260019C0004018C02440EB
:108750002440224031800000300020403FC02040B3
:108760003000000020003F80004000403F8020009B
:1087700020003E0001C0070038002000380007C07C
:108780003C0007C038000000204039C0060039C056
:10879000204000002000384007C038402000000082
:1087A000304021C02640384020C0000000000000BA
:1087B0007FE0402040200000000070000C0003809B
:1087C000004000000000402040207FE0000000004A
:1087D00000002000400020000000000000100010F9
:1087E0000010001000100010000000004000000009
:1087F00000000000000002800540054003C000406A
:1088000020003FC0044004400380000000000380BB
:10881000044004400640000000000380044024405F
:108820003FC00040000003800540054003400000B9
:10883000000004401FC0244024402000000002E04B
:10884000055005500650042020403FC0044004005D
:1088500003C000400000044027C0004000000000AA
:1088600000100010041027E00000000020403FC06E
:108870000140070004C00440204020403FC00040A9
:108880000040000007C0040007C0040003C000004F
:10889000044007C00440040003C0004000000380FF
:1088A0000440044003800000041007F0045004401A
:1088B00003800000000003800440045007F0001013
:1088C000044007C00240040004000000000006400D
:1088D0000540054004C00000000004001F80044063
:1088E00000400000040007800040044007C0004032
:1088F0000400070004C0018006000400060001C057
:10890000070001C006000000044006C0010006C0C8
:10891000044000000410071004E001800600040079
:108920000000044005C006400440000000000000B4
:1089300004007BE040200000000000000000FFF089
:1089400000000000000040207BE004000000000068
:108950004000800040002000200040000000000097
:108960000000000000000000000000000000000007
:1089700000001FCC000C00000000000000000800F8
:10898000300060000800300060000000022003FC9E
:108990001E20022003FC1E200220000000000E18F2
:1089A00011043FFF10840C78000000000F001084B9
:1089B0000F3800C0077818840078000000780F8412
:1089C00010C411240E9800E4008400080800680018
:1089D0007000000000000000000000000000000027
:1089E000000007E0181820044002000000004002C8
:1089F0002004181807E000000000000002400240B8
:108A000001800FF0018002400240000000800080E1
:108A100000800FF800800080008000000001000D41
:108A2000000E0000000000000000000000000080B8
:108A30000080008000800080008000800000000C2A
:108A4000000C000000000000000000000000000614
:108A5000001800600180060018002000000007F0E8
:108A6000080810041004080807F0000000000804BB
:108A700008041FFC000400040000000000000E0CAD
:108A800010141024104411840E0C000000000C1867
:108A900010041104110412880C700000000000E0A2
:108AA0000320042408241FFC0024000000001F9859
:108AB000108411041104108810700000000007F0E9
:108AC00008881104110418880070000000001C00C0
:108AD000100010FC13001C001000000000000E38F5
:108AE00011441084108411440E3800000000070067
:108AF000088C10441044088807F0000000000000B3
:108B00000000030C030C0000000000000000000047
:108B100000010106000000000000000000000080CD
:108B20000140022004100808100400000220022066
:108B30000220022002200220022000000000100477
:108B400008080410022001400080000000000E0010
:108B50001200100C106C10800F00000003E00C18C5
:108B600013E4142417C4082807D000000004003CB4
:108B700003C41C40074000E4001C000410041FFC58
:108B80001104110411040E880070000003E00C1899
:108B900010041004100410081C10000010041FFC26
:108BA000100410041004080807F0000010041FFC53
:108BB0001104110417C410040818000010041FFC4D
:108BC0001104110017C010000800000003E00C1889
:108BD0001004100410441C780040000010041FFC16
:108BE00010840080008010841FFC1004000010041A
:108BF00010041FFC1004100400000000000300011A
:108C0000100110011FFE10001000000010041FFCD6
:108C1000110403801464181C1004000010041FFCCD
:108C20001004000400040004000C000010041FFCE9
:108C30001F0000FC1F001FFC1004000010041FFC9C
:108C40000C04030000E010181FFC100007F00808D7
:108C5000100410041004080807F0000010041FFCA2
:108C600010841080108010800F00000007F008189A
:108C700010241024101C080A07F2000010041FFC26
:108C80001104110011C011300E0C000400000E1C64
:108C900011041084108410441C38000018001000C7
:108CA00010041FFC100410001800000010001FF832
:108CB00010040004000410041FF8100010001E002F
:108CC00011E0001C007013801C0010001FC0103C3D
:108CD00000E01F0000E0103C1FC000001004180C52
:108CE000163401C001C01634180C100410001C000A
:108CF000130400FC13041C00100000000804101CE6
:108D00001064108413041C041018000000000000FC
:108D100000007FFE400240024002000000003000E0
:108D20000C0003800060001C0003000000004002F3
:108D3000400240027FFE0000000000000000000032
:108D40002000400040004000200000000001000121
:108D500000010001000100010001000100004000CD
:108D6000400020000000000000000000000000980B
:108D7000012401440144014400FC000410001FFCD4
:108D800000880104010400880070000000000070E9
:108D90000088010401040104008800000000007044
:108DA00000880104010411081FFC0004000000F801
:108DB000014401440144014400C8000000000104D2
:108DC00001040FFC1104110411001800000000D66A
:108DD00001290129012901C90106000010041FFC15
:108DE000008401000100010400FC000400000104F3
:108DF000190419FC00040004000000000000000336
:108E000000010101190119FE0000000010041FFCFF
:108E10000024004001B4010C010400000000100413
:108E200010041FFC0004000400000000010401FC09
:108E30000104010001FC0104010000FC010401FC2B
:108E4000008401000100010400FC0004000000F89F
:108E5000010401040104010400F80000010101FF04
:108E6000008501040104008800700000000000700B
:108E7000008801040104010501FF0001010401044F
:108E800001FC00840104010001800000000000CC0E
:108E900001240124012401240198000000000100A4
:108EA000010007F80104010400000000010001F8BE
:108EB000000400040004010801FC0004010001801A
:108EC0000170000C001001600180010001F0010C34
:108ED000003001C00030010C01F00100000001046D
:108EE000018C00740170018C0104000001010181FA
:108EF0000171000E00180160018001000000018472
:108F0000010C013401440184010C00000000000048
:108F10000000000001003EFC400240020000000092
:108F200000000000FFFF0000000000000000400201
:108F300040023EFC01000000000000000000600054
:108F40008000800040004000200020000000000061
:108F50000000000000000000000000000000000011
:108F60000000000000000000000000000000000001
:108F70000000000000000000000000000000000FE2
:108F800080380FFE380F803800000000000000001D
:108F900000000000000000000000010000060000CA
:108FA0000C00003800003100000600000C00003802
:108FB0000000300000000000000000006180006739
:108FC000F807F980006180006180006180006180A5
:108FD0000067F807F98000618000000000000000D1
:108FE000000001C0E003E0F00630080418081FFF8D
:108FF000FE040E080787F00381E000000000000077
:1090000001F000060C00040408060C7001F9C00011
:109010000E00003BE000EC18070808040C180003E1
:10902000E00000000001E00007F003F818041C084D
:1090300004170807E1D003C0E00023B0003C08009B
:1090400020080000100000000000000100003100B6
:10905000003200001C0000000000000000000000C2
:109060000000000000000000000000000000000000
:109070000000000000000000000000007F0001FF71
:10908000C00780F00C00181000042000020000004F
:109090000000002000021000040C00180780F001FE
:1090A000FFC0007F00000000000000000000000082
:1090B00000000000000000004200006600006600A2
:1090C000003C0000180003FFC0001800003C000036
:1090D0006600006600004200000000000800000872
:1090E0000000080000080000080001FFC0000800A0
:1090F0000008000008000008000008000000000050
:10910000000100003100003200001C0000000000DF
:10911000000000000000000000000000000000004F
:10912000000000000800000800000800000800001F
:1091300008000008000008000008000008000008FF
:1091400000000000000000000000000038000038AF
:1091500000003800000000000000000000000000D7
:1091600000000000000000000000000000060000F9
:109170001C000070000180000E0000380000C000DC
:109180000700001C0000300000000000000000008C
:109190007F8001FFE00380700600180400080400CF
:1091A0000806001803807001FFE0007F80000000C7
:1091B0000000000000000100080100080100080391
:1091C000FFF807FFF8000008000008000008000092
:1091D0000000000000000001C03802C058040098E0
:1091E000040118040218040418061C1803F81801D6
:1091F000E0F800000000000000000001C0E003C033
:10920000F004000804080804080806180803F41805
:1092100001E7F00001E00000000000000000000095
:109220000300000D0000110000610000810803012F
:109230000807FFF80FFFF800010800010800000010
:109240000000000000E007FCD00608080610080631
:109250001008061008061838060FF00607C00000B0
:1092600000000000000000003F8001FFE0038430A8
:109270000208180410080410080410080718100346
:109280000FF00007C000000000000000000003C055
:10929000000700000600000600F80607F8061800A0
:1092A00006E00007000006000000000000000001CA
:1092B000E1E003F7F0063410041808041808040C61
:1092C00008040C0806161803F3F001C1E0000000C2
:1092D00000000000F80003FC300306380402080414
:1092E00002080402080404100308F001FFC0007F14
:1092F000000000000000000000000000000000006E
:109300000000000070380070380070380000000065
:10931000000000000000000000000000000000004D
:109320000000000000000000301A00301C000000A7
:10933000000000000000000000000000000000002D
:10934000000000080000140000220000410000801E
:109350008001004002002004001008000800000006
:109360000000000021000021000021000021000079
:109370002100002100002100002100002100002127
:1093800000000000000000000000080008040010B9
:109390000200200100400080800041000022000007
:1093A000140000080000000000000003C00004C01A
:1093B00000040000080038080F38080838081000BA
:1093C0000C300007E00003C00000000000000000B7
:1093D0003F8000FFE0038070020F1006708804C019
:1093E00088048308047F8802C09003012000FE40A7
:1093F0000000080000180001F8003E0801C2000744
:10940000020007E20000FE00001FC80001F8000093
:109410003800000804000807FFF807FFF8040808F0
:1094200004080804080804080806180803F41801CA
:10943000E7F00001E0000000000000003F8001FFB5
:10944000E00380700200180400080400080400080B
:109450000400100600200780C00000000400080778
:10946000FFF807FFF80400080400080400080400DF
:109470001802001003807001FFE0007F80000000F0
:1094800004000807FFF807FFF804080804080804A8
:109490000808040808043E08040008060018010033
:1094A0006000000004000807FFF807FFF804080840
:1094B000040800040800040800043E00060000063A
:1094C0000000018000000000000000003F8001FF5C
:1094D000E003807006001804000804020804020873
:1094E0000203F00783F000020000020004000807F6
:1094F000FFF807FFF804080800080000080000084B
:109500000000080004080807FFF807FFF804000837
:109510000000000000000400080400080400080720
:10952000FFF807FFF8040008040008040008000022
:10953000000000000000000000060000070000011D
:1095400004000104000104000307FFFE07FFFC0400
:10955000000004000004000004000807FFF807FFF3
:10956000F8040C08001800003E0004C7800503C87A
:109570000600F8040038040018000008040008077A
:10958000FFF807FFF80400080000080000080000CA
:10959000080000080000080000180000600000003B
:1095A00004000807FFF807800807FC00007FC000E0
:1095B00003F80007C000780007800807FFF807FFDE
:1095C000F804000804000807FFF807000803C000BB
:1095D00000E000003800001E000007000001C00489
:1095E00000F007FFF8040000000000007F8001FF8A
:1095F000E003807006001804000804000806001844
:1096000003003001FFE0007F800000000400080735
:10961000FFF807FFF804040804040004040004042D
:1096200000040400060C0003F80001F00000000034
:10963000000000007F8001FFE003807006008804C6
:1096400000880400C806003C03003E01FFE6007FDE
:109650008400000004000807FFF807FFF80408086A
:10966000040800040C00040F00040BC00610F003F3
:10967000F03801E00800000800000001E0F803F005
:1096800030063010041808041808040C08040C08EC
:109690000206180207F00781E000000001800006C2
:1096A000000004000004000004000807FFF807FFA2
:1096B000F804000804000004000006000001800017
:1096C00004000007FFE007FFF00400180000080096
:1096D000000800000800000800000804001007FF50
:1096E000E004000004000006000007E00007FE00A0
:1096F000041FE00001F80000380001E0043E00070C
:10970000C00006000004000004000007E00007FF9E
:10971000C0041FF80007C007F80007FF80043FF8E7
:109720000007C004F8000700000400000000000467
:10973000000806001807C07805F1C8003E00001FA9
:10974000800463E80780F8060018040008000000A1
:1097500004000006000007800007E008047C080001
:109760001FF80007F800180804E0080700000600CA
:10977000000400000000000100080600380400F8A2
:109780000403E8040F08047C0805F00807C0080774
:10979000001804006000000000000000000000004D
:1097A000000000000000003FFFFE20000220000239
:1097B0002000022000022000020000000000000043
:1097C000000008000007000000C00000380000068C
:1097D000000001C000003000000E00000100000089
:1097E00000000000000020000220000220000220F3
:1097F00000022000023FFFFE000000000000000009
:109800000000000000000000000000000008000050
:1098100010000030000020000030000010000008A0
:109820000000000000000000000001000001000036
:109830000100000100000100000100000100000122
:109840000000010000010000010000010000000014
:1098500000000000002000002000001000001000A8
:1098600000000000000000000000000000000000F8
:109870000000000000F00019F8001B18002208008A
:109880002608002408002410003FF8001FF80000FC
:109890000800001800000004000007FFF80FFFF0A8
:1098A00000181800100800200800200800301800D8
:1098B0001FF0000FC00000000000000007C0001FE4
:1098C000F0001830002008002008002008003C08A4
:1098D000001C1000006000000000000000000000FC
:1098E00007C0001FF00038180020080020080020E2
:1098F0000804101007FFF80FFFF000001000000030
:109900000000000000000007C0001FF0001230003F
:109910002218002208002208003208001E10000E43
:1099200020000000000000002000002008002008A7
:1099300001FFF803FFF806200804200804200807A8
:10994000200003000000000000000000000E000ED8
:109950006E001FF30031B10020B10020B100319141
:10996000001F13002E1E00200E0030000000000417
:10997000000807FFF80FFFF8001008002000002083
:1099800000002008003FF8001FF800000800000059
:109990000000000000000020080020080020080649
:1099A0003FF8063FF800000800000800000800002B
:1099B00000000000000000000000000003000003A1
:1099C000002001002001002003063FFE063FFC00AE
:1099D000000000000000000000000004000807FF75
:1099E000F80FFFF8000188000300002FC00038F8CE
:1099F00000203800200800000800000000000000DF
:109A0000000004000804000804000807FFF80FFF26
:109A1000F800000800000800000800000000000036
:109A2000002008003FF8003FF80010080020000068
:109A30003FF8003FF8001008002000003FF8003F0A
:109A4000F8000008000000002008003FF8003FF880
:109A5000001008001000002000002008003FF8005F
:109A60001FF80000080000000000000007C0000F01
:109A7000F0001830003008002008002008003008EE
:109A8000001830000FF00007C000000000000000C8
:109A90002001003FFF003FFF0010110020090020BF
:109AA00008002008003038001FF0000FC000000040
:109AB0000000000007C0001FF00038180020080058
:109AC0002008002009001011001FFF003FFF0000C8
:109AD00001000000002008002008002008003FF8D6
:109AE000003FF800080800100800200800200000CF
:109AF0003000003000000000000000000000000CFA
:109B000078001E180033080023080021080021886F
:109B10000021980030F000386000000000000000D4
:109B2000200000200000200000FFF003FFF80020CC
:109B3000080020080020080000300000000000009D
:109B4000000000002000003FF0007FF80000180037
:109B50000008000008002010003FF8007FF000001F
:109B600010000000000000002000003000003C0059
:109B7000003F800023F00000780000700023800088
:109B80003C00003000002000002000003C00003FAE
:109B9000E00023F80000E0002700003E00003FE066
:109BA0000021F80001E0003E00002000000000005D
:109BB0002008002008003838003E68002780000395
:109BC000C8002CF8003838002018002008000000D9
:109BD000000000002000003003003C01003F830033
:109BE00023EC000070002380003C000020000020D7
:109BF00000000000000000000000003808002038CD
:109C00000020F80023E8002F88003E0800380800F4
:109C1000201800007000000000000000000000009C
:109C2000000000000000000008000014001FF7FC06
:109C300030000620000200000000000000000000CC
:109C40000000000000000000000000000000FFFF16
:109C5000FF00000000000000000000000000000005
:109C60000000000000002000023000061FF7FC008A
:109C700014000008000000000000000000000000C8
:109C8000000000000000001800006000004000001C
:109C90004000002000001000000800000400000444
:109CA00000000C00001000000F0000000F0000007A
:109CB000FF0000000F0000000F0000000F00000078
:109CC0000000000043EC7F3F0000803F43EC7F3FFB
:109CD0000FB17F3F6D4E7F3F6DC47E3F24137E3FAB
:109CE000AC3A7D3F283B7C3FBE147B3F9DC7793F0C
:109CF000F853783F07BA763F0BFA743F4714733F27
:109D00000809713F9ED86E3F5E836C3FA7096A3F8A
:109D1000D86B673F59AA643F98C5613F05BE5E3F57
:109D20001A945B3F5348583F31DB543F3D4D513F00
:109D3000029F4D3F12D1493F03E4453F70D8413F58
:109D4000F9AE3D3F4268393FF304353FBB85303FB4
:109D50004AEB2B3F5636273F9967223FD17F1D3F65
:109D6000C07F183F2A68133FDA390E3F9BF5083F42
:109D70003D9C033F275DFC3EEA5AF13E7533E63ECB
:109D800080E8DA3ECA7BCF3E15EFC33E2A44B83E98
:109D9000D47CAC3EE59AA03E31A0943E938E883EA2
:109DA000CCCF783E135C603EC2C5473EA2102F3E2A
:109DB0008340163E73B2FA3D36BDC83D05A9963DB7
:109DC00030FB483DB00AC93C0BA88C24B00AC9BC82
:109DD00030FB48BD05A996BD36BDC8BD73B2FABDFE
:109DE000834016BEA2102FBEC2C547BE135C60BE24
:109DF000CCCF78BE938E88BE31A094BEE59AA0BE2B
:109E0000D47CACBE2A44B8BE15EFC3BECA7BCFBE5D
:109E100080E8DABE7533E6BEEA5AF1BE275DFCBEC5
:109E20003D9C03BF9BF508BFDA390EBF2A6813BFFC
:109E3000C07F18BFD17F1DBF996722BF563627BF8D
:109E40004AEB2BBFBB8530BFF30435BF426839BF37
:109E5000F9AE3DBF70D841BF03E445BF12D149BF41
:109E6000029F4DBF3D4D51BF31DB54BF534858BFDA
:109E70001A945BBF05BE5EBF98C561BF59AA64BF97
:109E8000D86B67BFA7096ABF5E836CBF9ED86EBFE1
:109E9000080971BF471473BF0BFA74BF07BA76BFC6
:109EA000F85378BF9DC779BFBE147BBF283B7CBFEA
:109EB000AC3A7DBF24137EBF6DC47EBF6D4E7FBFA5
:109EC0000FB17FBF43EC7FBF000080BF43EC7FBF7B
:109ED0000FB17FBF6D4E7FBF6DC47EBF24137EBFA9
:109EE000AC3A7DBF283B7CBFBE147BBF9DC779BF0A
:109EF000F85378BF07BA76BF0BFA74BF471473BF25
:109F0000080971BF9ED86EBF5E836CBFA7096ABF88
:109F1000D86B67BF59AA64BF98C561BF05BE5EBF55
:109F20001A945BBF534858BF31DB54BF3D4D51BFFE
:109F3000029F4DBF12D149BF03E445BF70D841BF56
:109F4000F9AE3DBF426839BFF30435BFBB8530BFB2
:109F50004AEB2BBF563627BF996722BFD17F1DBF63
:109F6000C07F18BF2A6813BFDA390EBF9BF508BF40
:109F70003D9C03BF275DFCBEEA5AF1BE7533E6BEC9
:109F800080E8DABECA7BCFBE15EFC3BE2A44B8BE96
:109F9000D47CACBEE59AA0BE31A094BE938E88BEA0
:109FA000CCCF78BE135C60BEC2C547BEA2102FBE28
:109FB000834016BE73B2FABD36BDC8BD05A996BDB5
:109FC00030FB48BDB00AC9BC372354A5B00AC93C10
:109FD00030FB483D05A9963D36BDC83D73B2FA3DFC
:109FE0008340163EA2102F3EC2C5473E135C603E22
:109FF000CCCF783E938E883E31A0943EE59AA03E29
:10A00000D47CAC3E2A44B83E15EFC33ECA7BCF3E5B
:10A0100080E8DA3E7533E63EEA5AF13E275DFC3EC3
:10A020003D9C033F9BF5083FDA390E3F2A68133FFA
:10A03000C07F183FD17F1D3F9967223F5636273F8B
:10A040004AEB2B3FBB85303FF304353F4268393F35
:10A05000F9AE3D3F70D8413F03E4453F12D1493F3F
:10A06000029F4D3F3D4D513F31DB543F5348583FD8
:10A070001A945B3F05BE5E3F98C5613F59AA643F95
:10A08000D86B673FA7096A3F5E836C3F9ED86E3FDF
:10A090000809713F4714733F0BFA743F07BA763FC4
:10A0A000F853783F9DC7793FBE147B3F283B7C3FE8
:10A0B000AC3A7D3F24137E3F6DC47E3F6D4E7F3FA3
:10A0C0000FB17F3F43EC7F3F0000803F43EC7F3F79
:10A0D0000FB17F3FB00AC9BC00000000B00AC93C04
:10A0E00030FB483D05A9963D36BDC83D73B2FA3DEB
:10A0F0008340163EA2102F3EC2C5473E135C603E11
:10A10000CCCF783E938E883E31A0943EE59AA03E17
:10A11000D47CAC3E2A44B83E15EFC33ECA7BCF3E4A
:10A1200080E8DA3E7533E63EEA5AF13E275DFC3EB2
:10A130003D9C033F9BF5083FDA390E3F2A68133FE9
:10A14000C07F183FD17F1D3F9967223F5636273F7A
:10A150004AEB2B3FBB85303FF304353F4268393F24
:10A16000F9AE3D3F70D8413F03E4453F12D1493F2E
:10A17000029F4D3F3D4D513F31DB543F5348583FC7
:10A180001A945B3F05BE5E3F98C5613F59AA643F84
:10A19000D86B673FA7096A3F5E836C3F9ED86E3FCE
:10A1A0000809713F4714733F0BFA743F07BA763FB3
:10A1B000F853783F9DC7793FBE147B3F283B7C3FD7
:10A1C000AC3A7D3F24137E3F6DC47E3F6D4E7F3F92
:10A1D0000FB17F3F43EC7F3F0000803F43EC7F3F68
:10A1E0000FB17F3F6D4E7F3F6DC47E3F24137E3F96
:10A1F000AC3A7D3F283B7C3FBE147B3F9DC7793FF7
:10A20000F853783F07BA763F0BFA743F4714733F11
:10A210000809713F9ED86E3F5E836C3FA7096A3F75
:10A22000D86B673F59AA643F98C5613F05BE5E3F42
:10A230001A945B3F5348583F31DB543F3D4D513FEB
:10A24000029F4D3F12D1493F03E4453F70D8413F43
:10A25000F9AE3D3F4268393FF304353FBB85303F9F
:10A260004AEB2B3F5636273F9967223FD17F1D3F50
:10A27000C07F183F2A68133FDA390E3F9BF5083F2D
:10A280003D9C033F275DFC3EEA5AF13E7533E63EB6
:10A2900080E8DA3ECA7BCF3E15EFC33E2A44B83E83
:10A2A000D47CAC3EE59AA03E31A0943E938E883E8D
:10A2B000CCCF783E135C603EC2C5473EA2102F3E15
:10A2C0008340163E73B2FA3D36BDC83D05A9963DA2
:10A2D00030FB483DB00AC93C0BA80C25B00AC9BCEC
:10A2E00030FB48BD05A996BD36BDC8BD73B2FABDE9
:10A2F000834016BEA2102FBEC2C547BE135C60BE0F
:10A30000CCCF78BE938E88BE31A094BEE59AA0BE15
:10A31000D47CACBE2A44B8BE15EFC3BECA7BCFBE48
:10A3200080E8DABE7533E6BEEA5AF1BE275DFCBEB0
:10A330003D9C03BF9BF508BFDA390EBF2A6813BFE7
:10A34000C07F18BFD17F1DBF996722BF563627BF78
:10A350004AEB2BBFBB8530BFF30435BF426839BF22
:10A36000F9AE3DBF70D841BF03E445BF12D149BF2C
:10A37000029F4DBF3D4D51BF31DB54BF534858BFC5
:10A380001A945BBF05BE5EBF98C561BF59AA64BF82
:10A39000D86B67BFA7096ABF5E836CBF9ED86EBFCC
:10A3A000080971BF471473BF0BFA74BF07BA76BFB1
:10A3B000F85378BF9DC779BFBE147BBF283B7CBFD5
:10A3C000AC3A7DBF24137EBF6DC47EBF6D4E7FBF90
:10A3D0000FB17FBF43EC7FBF000080BF43EC7FBF66
:10A3E0000FB17FBF6D4E7FBF6DC47EBF24137EBF94
:10A3F000AC3A7DBF283B7CBFBE147BBF9DC779BFF5
:10A40000F85378BF07BA76BF0BFA74BF471473BF0F
:10A41000080971BF9ED86EBF5E836CBFA7096ABF73
:10A42000D86B67BF59AA64BF98C561BF05BE5EBF40
:10A430001A945BBF534858BF31DB54BF3D4D51BFE9
:10A44000029F4DBF12D149BF03E445BF70D841BF41
:10A45000F9AE3DBF426839BFF30435BFBB8530BF9D
:10A460004AEB2BBF563627BF996722BFD17F1DBF4E
:10A47000C07F18BF2A6813BFDA390EBF9BF508BF2B
:10A480003D9C03BF275DFCBEEA5AF1BE7533E6BEB4
:10A4900080E8DABECA7BCFBE15EFC3BE2A44B8BE81
:10A4A000D47CACBEE59AA0BE31A094BE938E88BE8B
:10A4B000CCCF78BE135C60BEC2C547BEA2102FBE13
:10A4C000834016BE73B2FABD36BDC8BD05A996BDA0
:10A4D00030FB48BDB00AC9BC9E3B8DA5B00AC93C43
:10A4E00000040002000600010005000300078000D0
:10A4F0008004800280068001800580038007400080
:10A500004004400240064001400540034007C000AF
:10A51000C004C002C006C001C005C003C0072000BF
:10A520002004200220062001200520032007A0008F
:10A53000A004A002A006A001A005A003A00760003F
:10A540006004600260066001600560036007E0006F
:10A55000E004E002E006E001E005E003E0071000AF
:10A5600010041002100610011005100310079000CF
:10A57000900490029006900190059003900750007F
:10A580005004500250065001500550035007D000AF
:10A59000D004D002D006D001D005D003D0073000BF
:10A5A0003004300230063001300530033007B0008F
:10A5B000B004B002B006B001B005B003B00770003F
:10A5C0007004700270067001700570037007F0006F
:10A5D000F004F002F006F001F005F003F0070800C7
:10A5E000080408020806080108050803080788008F
:10A5F000880488028806880188058803880748003F
:10A600004804480248064801480548034807C8006E
:10A61000C804C802C806C801C805C803C80728007E
:10A620002804280228062801280528032807A8004E
:10A63000A804A802A806A801A805A803A8076800FE
:10A640006804680268066801680568036807E8002E
:10A65000E804E802E806E801E805E803E80718006E
:10A66000180418021806180118051803180798008E
:10A67000980498029806980198059803980758003E
:10A680005804580258065801580558035807D8006E
:10A69000D804D802D806D801D805D803D80738007E
:10A6A0003804380238063801380538033807B8004E
:10A6B000B804B802B806B801B805B803B8077800FE
:10A6C0007804780278067801780578037807F8002E
:10A6D000F804F802F806F801F805F803F807040092
:10A6E00004040402040604010405040304078400AE
:10A6F000840484028406840184058403840744005E
:10A700004404440244064401440544034407C4008D
:10A71000C404C402C406C401C405C403C40724009D
:10A720002404240224062401240524032407A4006D
:10A73000A404A402A406A401A405A403A40764001D
:10A740006404640264066401640564036407E4004D
:10A75000E404E402E406E401E405E403E40714008D
:10A7600014041402140614011405140314079400AD
:10A77000940494029406940194059403940754005D
:10A780005404540254065401540554035407D4008D
:10A79000D404D402D406D401D405D403D40734009D
:10A7A0003404340234063401340534033407B4006D
:10A7B000B404B402B406B401B405B403B40774001D
:10A7C0007404740274067401740574037407F4004D
:10A7D000F404F402F406F401F405F403F4070C00A5
:10A7E0000C040C020C060C010C050C030C078C006D
:10A7F0008C048C028C068C018C058C038C074C001D
:10A800004C044C024C064C014C054C034C07CC004C
:10A81000CC04CC02CC06CC01CC05CC03CC072C005C
:10A820002C042C022C062C012C052C032C07AC002C
:10A83000AC04AC02AC06AC01AC05AC03AC076C00DC
:10A840006C046C026C066C016C056C036C07EC000C
:10A85000EC04EC02EC06EC01EC05EC03EC071C004C
:10A860001C041C021C061C011C051C031C079C006C
:10A870009C049C029C069C019C059C039C075C001C
:10A880005C045C025C065C015C055C035C07DC004C
:10A89000DC04DC02DC06DC01DC05DC03DC073C005C
:10A8A0003C043C023C063C013C053C033C07BC002C
:10A8B000BC04BC02BC06BC01BC05BC03BC077C00DC
:10A8C0007C047C027C067C017C057C037C07FC000C
:10A8D000FC04FC02FC06FC01FC05FC03FC07020076
:10A8E00002040202020602010205020302078200BC
:10A8F000820482028206820182058203820742006C
:10A900004204420242064201420542034207C2009B
:10A91000C204C202C206C201C205C203C2072200AB
:10A920002204220222062201220522032207A2007B
:10A93000A204A202A206A201A205A203A20762002B
:10A940006204620262066201620562036207E2005B
:10A95000E204E202E206E201E205E203E20712009B
:10A9600012041202120612011205120312079200BB
:10A97000920492029206920192059203920752006B
:10A980005204520252065201520552035207D2009B
:10A99000D204D202D206D201D205D203D2073200AB
:10A9A0003204320232063201320532033207B2007B
:10A9B000B204B202B206B201B205B203B20772002B
:10A9C0007204720272067201720572037207F2005B
:10A9D000F204F202F206F201F205F203F2070A00B3
:10A9E0000A040A020A060A010A050A030A078A007B
:10A9F0008A048A028A068A018A058A038A074A002B
:10AA00004A044A024A064A014A054A034A07CA005A
:10AA1000CA04CA02CA06CA01CA05CA03CA072A006A
:10AA20002A042A022A062A012A052A032A07AA003A
:10AA3000AA04AA02AA06AA01AA05AA03AA076A00EA
:10AA40006A046A026A066A016A056A036A07EA001A
:10AA5000EA04EA02EA06EA01EA05EA03EA071A005A
:10AA60001A041A021A061A011A051A031A079A007A
:10AA70009A049A029A069A019A059A039A075A002A
:10AA80005A045A025A065A015A055A035A07DA005A
:10AA9000DA04DA02DA06DA01DA05DA03DA073A006A
:10AAA0003A043A023A063A013A053A033A07BA003A
:10AAB000BA04BA02BA06BA01BA05BA03BA077A00EA
:10AAC0007A047A027A067A017A057A037A07FA001A
:10AAD000FA04FA02FA06FA01FA05FA03FA0706007E
:10AAE000060406020606060106050603060786009A
:10AAF000860486028606860186058603860746004A
:10AB00004604460246064601460546034607C60079
:10AB1000C604C602C606C601C605C603C607260089
:10AB20002604260226062601260526032607A60059
:10AB3000A604A602A606A601A605A603A607660009
:10AB40006604660266066601660566036607E60039
:10AB5000E604E602E606E601E605E603E607160079
:10AB60001604160216061601160516031607960099
:10AB70009604960296069601960596039607560049
:10AB80005604560256065601560556035607D60079
:10AB9000D604D602D606D601D605D603D607360089
:10ABA0003604360236063601360536033607B60059
:10ABB000B604B602B606B601B605B603B607760009
:10ABC0007604760276067601760576037607F60039
:10ABD000F604F602F606F601F605F603F6070E0091
:10ABE0000E040E020E060E010E050E030E078E0059
:10ABF0008E048E028E068E018E058E038E074E0009
:10AC00004E044E024E064E014E054E034E07CE0038
:10AC1000CE04CE02CE06CE01CE05CE03CE072E0048
:10AC20002E042E022E062E012E052E032E07AE0018
:10AC3000AE04AE02AE06AE01AE05AE03AE076E00C8
:10AC40006E046E026E066E016E056E036E07EE00F8
:10AC5000EE04EE02EE06EE01EE05EE03EE071E0038
:10AC60001E041E021E061E011E051E031E079E0058
:10AC70009E049E029E069E019E059E039E075E0008
:10AC80005E045E025E065E015E055E035E07DE0038
:10AC9000DE04DE02DE06DE01DE05DE03DE073E0048
:10ACA0003E043E023E063E013E053E033E07BE0018
:10ACB000BE04BE02BE06BE01BE05BE03BE077E00C8
:10ACC0007E047E027E067E017E057E037E07FE00F8
:10ACD000FE04FE02FE06FE01FE05FE03FE07010065
:10ACE0000000803F00000000ECFF7F3FD40FC93A16
:10ACF000B1FF7F3FC70F493B4EFF7F3FC1CB963B24
:10AD0000C4FE7F3F890FC93B13FE7F3F3053FB3B9F
:10AD100039FD7F3F59CB163C39FC7F3F02ED2F3C7C
:10AD200011FB7F3F900E493CC1F97F3F0030623CF0
:10AD30004AF87F3F4B517B3CACF67F3F38398A3C29
:10AD4000E6F47F3FB6C9963CF8F27F3F1C5AA33C1D
:10AD5000E3F07F3F69EAAF3CA7EE7F3F9B7ABC3CC4
:10AD600043EC7F3FB00AC93CB8E97F3FA69AD53C87
:10AD700005E77F3F7B2AE23C2BE47F3F2DBAEE3C88
:10AD800029E17F3FB949FB3C00DE7F3F90EC033D6A
:10AD9000AFDA7F3F2F340A3D37D77F3FB87B103D76
:10ADA00098D37F3F2CC3163DD1CF7F3F880A1D3DEE
:10ADB000E2CB7F3FCC51233DCCC77F3FF698293D66
:10ADC0008FC37F3F07E02F3D2ABF7F3FFC26363DE4
:10ADD0009EBA7F3FD56D3C3DEAB57F3F91B4423D81
:10ADE0000FB17F3F2FFB483D0DAC7F3FAF414F3D43
:10ADF000E3A67F3F0E88553D91A17F3F4CCE5B3D42
:10AE0000189C7F3F6814623D78967F3F625A683D88
:10AE1000B1907F3F38A06E3DC28A7F3FE9E5743D27
:10AE2000AB847F3F742B7B3D6D7E7F3F6CB8803D54
:10AE300008787F3F0ADB833D7B717F3F94FD863D31
:10AE4000C76A7F3F0A208A3DEC637F3F6A428D3D9F
:10AE5000E95C7F3FB464903DBF557F3FE786933DFB
:10AE60006D4E7F3F05A9963DF4467F3F0ACB993D45
:10AE7000543F7F3FF9EC9C3D8D377F3FCF0EA03D87
:10AE80009D2F7F3F8C30A33D87277F3F3052A63DCB
:10AE9000491F7F3FBA73A93DE4167F3F2B95AC3D18
:10AEA000580E7F3F80B6AF3DA4057F3FBBD7B23D74
:10AEB000C9FC7E3FDAF8B53DC7F37E3FDD19B93DE9
:10AEC0009DEA7E3FC33ABC3D4CE17E3F8D5BBF3D7A
:10AED000D4D77E3F397CC23D34CE7E3FC69CC53D33
:10AEE0006DC47E3F36BDC83D7FBA7E3F86DDCB3D1B
:10AEF00069B07E3FB7FDCE3D2DA67E3FC81DD23D39
:10AF0000C99B7E3FB93DD53D3D917E3F895DD83D92
:10AF10008B867E3F377DDB3DB17B7E3FC49CDE3D33
:10AF2000B0707E3F2EBCE13D88657E3F76DBE43D20
:10AF3000385A7E3F9AFAE73DC14E7E3F9A19EB3D63
:10AF400023437E3F7638EE3D5E377E3F2E57F13D00
:10AF5000722B7E3FC075F43D5E1F7E3F2C94F73D03
:10AF600024137E3F73B2FA3DC2067E3F92D0FD3D70
:10AF700038FA7D3F4577003E88ED7D3F2E06023E44
:10AF8000B1E07D3F0295033EB2D37D3FC223053E33
:10AF90008CC67D3F6EB2063E40B97D3F0541083EFE
:10AFA000CCAB7D3F86CF093E309E7D3FF35D0B3EAF
:10AFB0006E907D3F4AEC0C3E85827D3F8B7A0E3E43
:10AFC00074747D3FB708103E3D667D3FCC96113EC0
:10AFD000DE577D3FCA24133E59497D3FB2B2143E2D
:10AFE000AC3A7D3F8340163ED82B7D3F3DCE173E89
:10AFF000DD1C7D3FE05B193EBC0D7D3F6BE91A3ED9
:10B0000073FE7C3FDE761C3E03EF7C3F38041E3E21
:10B010006CDF7C3F7B911F3EAECF7C3FA51E213E67
:10B02000C9BF7C3FB6AB223EBDAF7C3FAD38243EAE
:10B030008A9F7C3F8CC5253E318F7C3F5152273EF5
:10B04000B07E7C3FFCDE283E086E7C3F8D6B2A3E46
:10B050003A5D7C3F04F82B3E444C7C3F61842D3E9E
:10B06000283B7C3FA2102F3EE5297C3FC99C303E07
:10B070007A187C3FD428323EE9067C3FC4B4333E84
:10B0800031F57B3F9840353E53E37B3F50CC363E15
:10B090004DD17B3FEC57383E20BF7B3F6CE3393EC0
:10B0A000CDAC7B3FCF6E3B3E539A7B3F15FA3C3E87
:10B0B000B2877B3F3E853E3EEA747B3F4910403E6F
:10B0C000FC617B3F379B413EE74E7B3F0726433E7B
:10B0D000AB3B7B3FB9B0443E48287B3F4D3B463EAF
:10B0E000BE147B3FC2C5473E0E017B3F1850493E10
:10B0F00037ED7A3F4FDA4A3E3AD97A3F67644C3EA1
:10B1000016C57A3F60EE4D3ECBB07A3F38784F3E61
:10B11000599C7A3FF101513EC1877A3F898B523E5B
:10B1200002737A3F0115543E1C5E7A3F589E553E8D
:10B1300010497A3F8F27573EDD337A3FA4B0583EFF
:10B14000841E7A3F97395A3E04097A3F6AC25B3EB1
:10B150005EF3793F1A4B5D3E91DD793FA8D35E3EA9
:10B160009DC7793F135C603E83B1793F5CE4613EEB
:10B17000439B793F836C633EDC84793F86F4643E75
:10B180004E6E793F667C663E9A57793F2204683E50
:10B19000C040793FBA8B693EBF29793F2F136B3E80
:10B1A0009812793F7F9A6C3E4AFB783FAB216E3E06
:10B1B000D6E3783FB2A86F3E3BCC783F942F713EE8
:10B1C0007BB4783F51B6723E939C783FE83C743E26
:10B1D0008684783F5AC3753E526C783FA649773EC5
:10B1E000F853783FCCCF783E773B783FCB557A3ECB
:10B1F000D122783FA4DB7B3E040A783F56617D3E36
:10B2000010F1773FE1E67E3EF7D7773F2236803E6A
:10B21000B7BE773FC0F8803E51A5773F4ABB813E1D
:10B22000C58B773FC07D823E1372773F2240833EBD
:10B230003A58773F7002843E3C3E773FAAC4843E32
:10B240001724773FCE86853ECC09773FDF48863E80
:10B250005BEF763FDA0A873EC4D4763FC1CC873EA7
:10B2600007BA763F938E883E249F763F5050893EA2
:10B270001B84763FF8118A3EEC68763F8AD38A3E7B
:10B28000974D763F07958B3E1B32763F6E568C3E30
:10B290007A16763FC0178D3EB3FA753FFCD88D3EC7
:10B2A000C6DE753F229A8E3EB3C2753F325B8F3E3B
:10B2B0007BA6753F2C1C903E1C8A753F10DD903E8E
:10B2C000976D753FDD9D913EED50753F945E923ECA
:10B2D0001D34753F351F933E2717753FBFDF933EE3
:10B2E0000BFA743F31A0943EC9DC743F8D60953EEB
:10B2F00062BF743FD220963ED5A1743F00E1963ED6
:10B300002284743F17A1973E4966743F1661983EA8
:10B310004B48743FFE20993E272A743FCEE0993E69
:10B32000DD0B743F86A09A3E6EED733F27609B3E17
:10B33000D9CE733FAF1F9C3E1FB0733F20DF9C3EB2
:10B340003F91733F789E9D3E3972733FB85D9E3E3C
:10B350000E53733FDF1C9F3EBE33733FEEDB9F3EB9
:10B360004714733FE59AA03EACF4723FC259A13E28
:10B37000EBD4723F8718A23E04B5723F33D7A23E8A
:10B38000F894723FC595A33EC774723F3F54A43EE4
:10B390007054723F9F12A53EF433723FE5D0A53E34
:10B3A0005213723F128FA63E8CF2713F254DA73E7D
:10B3B0009FD1713F1F0BA83E8EB0713FFEC8A83EC3
:10B3C000578F713FC486A93EFB6D713F6F44AA3E03
:10B3D0007A4C713F0102AB3ED42A713F77BFAB3E3E
:10B3E0000809713FD47CAC3E17E7703F153AAD3E7B
:10B3F00002C5703F3CF7AD3EC6A2703F49B4AE3EB9
:10B400006680703F3A71AF3EE15D703F102EB03EF6
:10B41000373B703FCBEAB03E6718703F6BA7B13E39
:10B4200073F56F3FEF63B23E5AD26F3F5820B33E81
:10B430001BAF6F3FA5DCB33EB88B6F3FD698B43ED1
:10B4400030686F3FEC54B53E83446F3FE610B63E24
:10B45000B0206F3FC3CCB63EBAFC6E3F8488B73E87
:10B460009ED86E3F2A44B83E5DB46E3FB2FFB83EF0
:10B47000F88F6E3F1EBBB93E6D6B6E3F6E76BA3E67
:10B48000BE466E3FA031BB3EEB216E3FB6ECBB3EED
:10B49000F2FC6D3FAFA7BC3ED5D76D3F8B62BD3E82
:10B4A00093B26D3F4A1DBE3E2D8D6D3FEBD7BE3E24
:10B4B000A1676D3F6F92BF3EF2416D3FD54CC03EDC
:10B4C0001D1C6D3F1E07C13E24F66C3F48C1C13EA6
:10B4D00007D06C3F557BC23EC5A96C3F4435C33E87
:10B4E0005E836C3F15EFC33ED45C6C3FC8A8C43E7E
:10B4F00024366C3F5C62C53E500F6C3FD21BC63E8B
:10B5000058E86B3F29D5C63E3BC16B3F628EC73EB4
:10B51000FB996B3F7C47C83E95726B3F7700C93EF5
:10B520000C4B6B3F53B9C93E5E236B3F1072CA3E52
:10B530008CFB6A3FAE2ACB3E95D36A3F2CE3CB3ED1
:10B540007BAB6A3F8B9BCC3E3C836A3FCA53CD3E6C
:10B55000D95A6A3FEA0BCE3E52326A3FEAC3CE3E28
:10B56000A7096A3FCA7BCF3ED7E0693F8A33D03E06
:10B57000E4B7693F2AEBD03ECC8E693FAAA2D13E08
:10B580009165693F095AD23E323C693F4811D33E2A
:10B59000AE12693F67C8D33E07E9683F647FD43E77
:10B5A0003CBF683F4136D53E4C95683FFDECD53EEB
:10B5B000396B683F99A3D63E0341683F135AD73E83
:10B5C000A816683F6B10D83E2AEC673FA3C6D83E4A
:10B5D00087C1673FB97CD93EC196673FAD32DA3E3D
:10B5E000D86B673F80E8DA3ECA40673F319EDB3E5A
:10B5F0009915673FC153DC3E45EA663F2E09DD3EA3
:10B60000CCBE663F79BEDD3E3093663FA273DE3E20
:10B610007167663FA928DF3E8E3B663F8DDDDF3ECA
:10B62000880F663F4F92E03E5EE3653FEE46E13EA7
:10B6300010B7653F6AFBE13EA08A653FC4AFE23EBA
:10B640000B5E653FFA63E33E5431653F0E18E43EFE
:10B650007904653FFECBE43E7BD7643FCB7FE53E7C
:10B6600059AA643F7533E63E147D643FFBE6E63E2F
:10B67000AC4F643F5D9AE73E2122643F9C4DE83E1B
:10B6800073F4633FB700E93EA1C6633FAEB3E93E42
:10B69000AC98633F8166EA3E956A633F3019EB3EA2
:10B6A0005A3C633FBBCBEB3EFC0D633F217EEC3E3F
:10B6B0007BDF623F6330ED3ED7B0623F80E2ED3E1C
:10B6C0001082623F7994EE3E2653623F4C46EF3E35
:10B6D0001A24623FFBF7EF3EEAF4613F85A9F03E92
:10B6E00098C5613FEA5AF13E2296613F290CF23E2D
:10B6F0008A66613F43BDF23ED036613F386EF33E0D
:10B70000F206613F071FF43EF2D6603FB1CFF43E30
:10B71000CFA6603F3580F53E8976603F9330F63E98
:10B720002146603FCBE0F63E9615603FDC90F73E49
:10B73000E9E45F3FC840F83E19B45F3F8EF0F83E41
:10B7400027835F3F2DA0F93E12525F3FA54FFA3E7F
:10B75000DB205F3FF7FEFA3E81EF5E3F22AEFB3E0D
:10B7600005BE5E3F275DFC3E678C5E3F040CFD3EE0
:10B77000A65A5E3FBBBAFD3EC3285E3F4A69FE3E05
:10B78000BEF65D3FB217FF3E97C45D3FF3C5FF3E77
:10B790004D925D3F063A003FE15F5D3FFF90003F05
:10B7A000532D5D3FE4E7003FA3FA5C3FB53E013F08
:10B7B000D1C75C3F7395013FDD945C3F1CEC013FBA
:10B7C000C7615C3FB142023F8E2E5C3F3299023F1F
:10B7D00034FB5B3F9FEF023FB8C75B3FF845033F39
:10B7E0001A945B3F3D9C033F5A605B3F6DF2033F01
:10B7F000792C5B3F8948043F75F85A3F919E043F7E
:10B8000050C45A3F84F4043F09905A3F624A053FAE
:10B81000A05B5A3F2CA0053F16275A3FE2F5053F93
:10B820006AF2593F824B063F9CBD593F0EA1063F2D
:10B83000AD88593F86F6063F9C53593FE84B073F7A
:10B840006A1E593F36A1073F17E9583F6FF6073F79
:10B85000A1B3583F924B083F0B7E583FA1A0083F31
:10B860005348583F9BF5083F7912583F7F4A093F9C
:10B870007FDC573F4E9F093F63A6573F09F4093FBE
:10B880002670573FAD480A3FC739573F3D9D0A3F95
:10B890004803573FB7F10A3FA7CC563F1C460B3F22
:10B8A000E595563F6B9A0B3F025F563FA5EE0B3F67
:10B8B000FE27563FC9420C3FD9F0553FD7960C3F63
:10B8C00093B9553FD0EA0C3F2C82553FB33E0D3F14
:10B8D000A44A553F81920D3FFB12553F38E60D3F7C
:10B8E00031DB543FDA390E3F47A3543F658D0E3F9D
:10B8F0003B6B543FDBE00E3F0F33543F3B340F3F75
:10B90000C3FA533F84870F3F55C2533FB8DA0F3F06
:10B91000C789533FD52D103F1851533FDC80103F4E
:10B920004918533FCDD3103F59DF523FA726113F4F
:10B9300049A6523F6B79113F186D523F19CC113F08
:10B94000C633523FB01E123F54FA513F3071123F7E
:10B95000C2C0513F9AC3123F1087513FEE15133FAB
:10B960003D4D513F2A68133F4A13513F50BA133F90
:10B9700037D9503F5F0C143F039F503F585E143F30
:10B98000AF64503F39B0143F3B2A503F0402153F8B
:10B99000A8EF4F3FB753153FF4B44F3F54A5153FA1
:10B9A0001F7A4F3FD9F6153F2B3F4F3F4748163F71
:10B9B00017044F3F9F99163FE4C84E3FDFEA163FFA
:10B9C000908D4E3F073C173F1C524E3F188D173F3E
:10B9D00089164E3F12DE173FD5DA4D3FF52E183F40
:10B9E000029F4D3FC07F183F10634D3F73D0183FFB
:10B9F000FD264D3F0F21193FCBEA4C3F9471193F73
:10BA000079AE4C3F00C2193F08724C3F55121A3FA5
:10BA100078354C3F93621A3FC7F84B3FB8B21A3F94
:10BA2000F8BB4B3FC6021B3F097F4B3FBB521B3F3E
:10BA3000FA414B3F99A21B3FCC044B3F5FF21B3FA7
:10BA40007FC74A3F0C421C3F138A4A3FA2911C3FCA
:10BA5000874C4A3F1FE11C3FDC0E4A3F84301D3FAC
:10BA600012D1493FD17F1D3F2993493F06CF1D3F4A
:10BA70002155493F221E1E3FFA16493F266D1E3FA3
:10BA8000B3D8483F12BC1E3F4E9A483FE50A1F3FBD
:10BA9000CA5B483F9F591F3F271D483F41A81F3F92
:10BAA00065DE473FCBF61F3F849F473F3B45203F26
:10BAB0008560473F9393203F6721473FD2E1203F76
:10BAC0002AE2463FF92F213FCEA2463F067E213F84
:10BAD0005463463FFBCB213FBB23463FD719223F50
:10BAE00003E4453F9967223F2DA4453F43B5223FDC
:10BAF0003964453FD302233F2624453F4B50233F23
:10BB0000F5E3443FA99D233FA5A3443FEEEA233F2D
:10BB10003763443F1A38243FAB22443F2C85243FEF
:10BB200000E2433F25D2243F38A1433F041F253F75
:10BB30005160433FCB6B253F4C1F433F77B8253FB8
:10BB400029DE423F0A05263FE89C423F8451263FBA
:10BB5000895B423FE39D263F0B1A423F2AEA263F7C
:10BB600070D8413F5636273FB796413F6882273FFE
:10BB7000E154413F61CE273FEC12413F401A283F3C
:10BB8000DAD0403F0566283FA98E403FB0B1283F3C
:10BB90005C4C403F41FD283FF009403FB848293FF9
:10BBA00067C73F3F1594293FC0843F3F57DF293F78
:10BBB000FC413F3F802A2A3F1BFF3E3F8E752A3FB4
:10BBC0001BBC3E3F82C02A3FFF783E3F5B0B2B3FB2
:10BBD000C5353E3F1B562B3F6EF23D3FBFA02B3F6E
:10BBE000F9AE3D3F4AEB2B3F676B3D3FB9352C3FEC
:10BBF000B8273D3F0F802C3FECE33C3F49CA2C3F28
:10BC000003A03C3F69142D3FFC5B3C3F6F5E2D3F22
:10BC1000D9173C3F59A82D3F98D33B3F29F22D3FE0
:10BC20003B8F3B3FDE3B2E3FC14A3B3F78852E3F5B
:10BC300029063B3FF7CE2E3F75C13A3F5B182F3F99
:10BC4000A47C3A3FA5612F3FB7373A3FD3AA2F3F95
:10BC5000ACF2393FE6F32F3F85AD393FDE3C303F54
:10BC60004268393FBB85303FE122393F7CCE303FCF
:10BC700065DD383F2217313FCB97383FAD5F313F0D
:10BC80001652383F1DA8313F430C383F71F0313F09
:10BC900055C6373FAA38323F4A80373FC780323FC8
:10BCA000233A373FC9C8323FDFF3363FAF10333F47
:10BCB0007FAD363F7A58333F0467363F29A0333F84
:10BCC0006C20363FBCE7333FB8D9353F342F343F83
:10BCD000E792353F8F76343FFB4B353FCFBD343F46
:10BCE000F304353FF304353FCFBD343FFB4B353FC5
:10BCF0008F76343FE792353F342F343FB8D9353F04
:10BD0000BCE7333F6C20363F29A0333F0467363F02
:10BD10007A58333F7FAD363FAF10333FDFF3363FC6
:10BD2000C9C8323F233A373FC780323F4A80373F46
:10BD3000AA38323F55C6373F71F0313F430C383F88
:10BD40001DA8313F1652383FAD5F313FCB97383F8A
:10BD50002217313F65DD383F7CCE303FE122393F4D
:10BD6000BB85303F4268393FDE3C303F85AD393FCF
:10BD7000E6F32F3FACF2393FD3AA2F3FB7373A3F14
:10BD8000A5612F3FA47C3A3F5B182F3F75C13A3F16
:10BD9000F7CE2E3F29063B3F78852E3FC14A3B3FD9
:10BDA000DE3B2E3F3B8F3B3F29F22D3F98D33B3F5D
:10BDB00059A82D3FD9173C3F6F5E2D3FFC5B3C3FA0
:10BDC00069142D3F03A03C3F49CA2C3FECE33C3FA4
:10BDD0000F802C3FB8273D3FB9352C3F676B3D3F67
:10BDE0004AEB2B3FF9AE3D3FBFA02B3F6EF23D3FEC
:10BDF0001B562B3FC5353E3F5B0B2B3FFF783E3F2D
:10BE000082C02A3F1BBC3E3F8E752A3F1BFF3E3F30
:10BE1000802A2A3FFC413F3F57DF293FC0843F3FF4
:10BE20001594293F67C73F3FB848293FF009403F75
:10BE300041FD283F5C4C403FB0B1283FA98E403FB8
:10BE40000566283FDAD0403F401A283FEC12413FB8
:10BE500061CE273FE154413F6882273FB796413F7B
:10BE60005636273F70D8413F2AEA263F0B1A423FF9
:10BE7000E39D263F895B423F8451263FE89C423F39
:10BE80000A05263F29DE423F77B8253F4C1F433F36
:10BE9000CB6B253F5160433F041F253F38A1433FF3
:10BEA00025D2243F00E2433F2C85243FAB22443F70
:10BEB0001A38243F3763443FEEEA233FA5A3443FAB
:10BEC000A99D233FF5E3443F4B50233F2624453FA4
:10BED000D302233F3964453F43B5223F2DA4453F5C
:10BEE0009967223F03E4453FD719223FBB23463FD2
:10BEF000FBCB213F5463463F067E213FCEA2463F07
:10BF0000F92F213F2AE2463FD2E1203F6721473FF8
:10BF10009393203F8560473F3B45203F849F473FA9
:10BF2000CBF61F3F65DE473F41A81F3F271D483F17
:10BF30009F591F3FCA5B483FE50A1F3F4E9A483F43
:10BF400012BC1E3FB3D8483F266D1E3FFA16493F2C
:10BF5000221E1E3F2155493F06CF1D3F2993493FD1
:10BF6000D17F1D3F12D1493F84301D3FDC0E4A3F37
:10BF70001FE11C3F874C4A3FA2911C3F138A4A3F56
:10BF80000C421C3F7FC74A3F5FF21B3FCC044B3F34
:10BF900099A21B3FFA414B3FBB521B3F097F4B3FCE
:10BFA000C6021B3FF8BB4B3FB8B21A3FC7F84B3F26
:10BFB00093621A3F78354C3F55121A3F08724C3F36
:10BFC00000C2193F79AE4C3F9471193FCBEA4C3F08
:10BFD0000F21193FFD264D3F73D0183F10634D3F91
:10BFE000C07F183F029F4D3FF52E183FD5DA4D3FD9
:10BFF00012DE173F89164E3F188D173F1C524E3FD9
:10C00000073C173F908D4E3FDFEA163FE4C84E3F96
:10C010009F99163F17044F3F4748163F2B3F4F3F0E
:10C02000D9F6153F1F7A4F3F54A5153FF4B44F3F43
:10C03000B753153FA8EF4F3F0402153F3B2A503F2F
:10C0400039B0143FAF64503F585E143F039F503FD8
:10C050005F0C143F37D9503F50BA133F4A13513F3A
:10C060002A68133F3D4D513FEE15133F1087513F56
:10C070009AC3123FC2C0513F3071123F54FA513F30
:10C08000B01E123FC633523F19CC113F186D523FBC
:10C090006B79113F49A6523FA726113F59DF523F06
:10C0A000CDD3103F4918533FDC80103F1851533F08
:10C0B000D52D103FC789533FB8DA0F3F55C2533FC4
:10C0C00084870F3FC3FA533F3B340F3F0F33543F36
:10C0D000DBE00E3F3B6B543F658D0E3F47A3543F63
:10C0E000DA390E3F31DB543F38E60D3FFB12553F46
:10C0F00081920D3FA44A553FB33E0D3F2C82553FE0
:10C10000D0EA0C3F93B9553FD7960C3FD9F0553F35
:10C11000C9420C3FFE27563FA5EE0B3F025F563F3C
:10C120006B9A0B3FE595563F1C460B3FA7CC563FFD
:10C13000B7F10A3F4803573F3D9D0A3FC739573F74
:10C14000AD480A3F2670573F09F4093F63A6573FA1
:10C150004E9F093F7FDC573F7F4A093F7912583F86
:10C160009BF5083F5348583FA1A0083F0B7E583F1E
:10C17000924B083FA1B3583F6FF6073F17E9583F6E
:10C1800036A1073F6A1E593FE84B073F9C53593F72
:10C1900086F6063FAD88593F0EA1063F9CBD593F2C
:10C1A000824B063F6AF2593FE2F5053F16275A3F98
:10C1B0002CA0053FA05B5A3F624A053F09905A3FB9
:10C1C00084F4043F50C45A3F919E043F75F85A3F8F
:10C1D0008948043F792C5B3F6DF2033F5A605B3F17
:10C1E0003D9C033F1A945B3FF845033FB8C75B3F54
:10C1F0009FEF023F34FB5B3F3299023F8E2E5C3F44
:10C20000B142023FC7615C3F1CEC013FDD945C3FE3
:10C210007395013FD1C75C3FB53E013FA3FA5C3F38
:10C22000E4E7003F532D5D3FFF90003FE15F5D3F3E
:10C23000063A003F4D925D3FF3C5FF3E97C45D3F18
:10C24000B217FF3EBEF65D3F4A69FE3EC3285E3F21
:10C25000BBBAFD3EA65A5E3F040CFD3E678C5E3FB6
:10C26000275DFC3E05BE5E3F22AEFB3E81EF5E3F9A
:10C27000F7FEFA3EDB205F3FA54FFA3E12525F3FCA
:10C280002DA0F93E27835F3F8EF0F83E19B45F3F43
:10C29000C840F83EE9E45F3FDC90F73E9615603F0A
:10C2A000CBE0F63E2146603F9330F63E8976603F14
:10C2B0003580F53ECFA6603FB1CFF43EF2D6603F69
:10C2C000071FF43EF206613F386EF33ED036613F01
:10C2D00043BDF23E8A66613F290CF23E2296613FE1
:10C2E000EA5AF13E98C5613F85A9F03EEAF4613F04
:10C2F000FBF7EF3E1A24623F4C46EF3E2653623F67
:10C300007994EE3E1082623F80E2ED3ED7B0623F0C
:10C310006330ED3E7BDF623F217EEC3EFC0D633FF0
:10C32000BBCBEB3E5A3C633F3019EB3E956A633F13
:10C330008166EA3EAC98633FAEB3E93EA1C6633F77
:10C34000B700E93E73F4633F9C4DE83E2122643F11
:10C350005D9AE73EAC4F643FFBE6E63E147D643FEA
:10C360007533E63E59AA643FCB7FE53E7BD7643FF9
:10C37000FECBE43E7904653F0E18E43E5431653F40
:10C38000FA63E33E0B5E653FC4AFE23EA08A653FC1
:10C390006AFBE13E10B7653FEE46E13E5EE3653F76
:10C3A0004F92E03E880F663F8DDDDF3E8E3B663F5D
:10C3B000A928DF3E7167663FA273DE3E3093663F79
:10C3C00079BEDD3ECCBE663F2E09DD3E45EA663FC6
:10C3D000C153DC3E9915673F319EDB3ECA40673F43
:10C3E00080E8DA3ED86B673FAD32DA3EC196673FF0
:10C3F000B97CD93E87C1673FA3C6D83E2AEC673FC8
:10C400006B10D83EA816683F135AD73E0341683FC9
:10C4100099A3D63E396B683FFDECD53E4C95683FFD
:10C420004136D53E3CBF683F647FD43E07E9683F54
:10C4300067C8D33EAE12693F4811D33E323C693FD4
:10C44000095AD23E9165693FAAA2D13ECC8E693F7E
:10C450002AEBD03EE4B7693F8A33D03ED7E0693F4C
:10C46000CA7BCF3EA7096A3FEAC3CE3E52326A3F3B
:10C47000EA0BCE3ED95A6A3FCA53CD3E3C836A3F4F
:10C480008B9BCC3E7BAB6A3F2CE3CB3E95D36A3F84
:10C49000AE2ACB3E8CFB6A3F1072CA3E5E236B3FD6
:10C4A00053B9C93E0C4B6B3F7700C93E95726B3F49
:10C4B0007C47C83EFB996B3F628EC73E3BC16B3FDA
:10C4C00029D5C63E58E86B3FD21BC63E500F6C3F85
:10C4D0005C62C53E24366C3FC8A8C43ED45C6C3F49
:10C4E00015EFC33E5E836C3F4435C33EC5A96C3F28
:10C4F000557BC23E07D06C3F48C1C13E24F66C3F1D
:10C500001E07C13E1D1C6D3FD54CC03EF2416D3F24
:10C510006F92BF3EA1676D3FEBD7BE3E2D8D6D3F45
:10C520004A1DBE3E93B26D3F8B62BD3ED5D76D3F77
:10C53000AFA7BC3EF2FC6D3FB6ECBB3EEB216E3FBD
:10C54000A031BB3EBE466E3F6E76BA3E6D6B6E3F0F
:10C550001EBBB93EF88F6E3FB2FFB83E5DB46E3F72
:10C560002A44B83E9ED86E3F8488B73EBAFC6E3FE0
:10C57000C3CCB63EB0206F3FE610B63E83446F3F5B
:10C58000EC54B53E30686F3FD698B43EB88B6F3FE1
:10C59000A5DCB33E1BAF6F3F5820B33E5AD26F3F6E
:10C5A000EF63B23E73F56F3F6BA7B13E6718703F04
:10C5B000CBEAB03E373B703F102EB03EE15D703F9E
:10C5C0003A71AF3E6680703F49B4AE3EC6A2703F3E
:10C5D0003CF7AD3E02C5703F153AAD3E17E7703FE0
:10C5E000D47CAC3E0809713F77BFAB3ED42A713F83
:10C5F0000102AB3E7A4C713F6F44AA3EFB6D713F26
:10C60000C486A93E578F713FFEC8A83E8EB0713FC9
:10C610001F0BA83E9FD1713F254DA73E8CF2713F65
:10C62000128FA63E5213723FE5D0A53EF433723FFF
:10C630009F12A53E7054723F3F54A43EC774723F90
:10C64000C595A33EF894723F33D7A23E04B5723F1E
:10C650008718A23EEBD4723FC259A13EACF4723FA0
:10C66000E59AA03E4714733FEEDB9F3EBE33733F17
:10C67000DF1C9F3E0E53733FB85D9E3E3972733F81
:10C68000789E9D3E3F91733F20DF9C3E1FB0733FDD
:10C69000AF1F9C3ED9CE733F27609B3E6EED733F2C
:10C6A00086A09A3EDD0B743FCEE0993E272A743F68
:10C6B000FE20993E4B48743F1661983E4966743F90
:10C6C00017A1973E2284743F00E1963ED5A1743FA6
:10C6D000D220963E62BF743F8D60953EC9DC743FA8
:10C6E00031A0943E0BFA743FBFDF933E2717753F8E
:10C6F000351F933E1D34753F945E923EED50753F5D
:10C70000DD9D913E976D753F10DD903E1C8A753F13
:10C710002C1C903E7BA6753F325B8F3EB3C2753FAB
:10C72000229A8E3EC6DE753FFCD88D3EB3FA753F29
:10C73000C0178D3E7A16763F6E568C3E1B32763F82
:10C7400007958B3E974D763F8AD38A3EEC68763FBD
:10C75000F8118A3E1B84763F5050893E249F763FD5
:10C76000938E883E07BA763FC1CC873EC4D4763FCD
:10C77000DA0A873E5BEF763FDF48863ECC09773F9B
:10C78000CE86853E1724773FAAC4843E3C3E773F41
:10C790007002843E3A58773F2240833E1372773FBF
:10C7A000C07D823EC58B773F4ABB813E51A5773F16
:10C7B000C0F8803EB7BE773F2236803EF7D7773F3E
:10C7C000E1E67E3E10F1773F56617D3E040A783FF8
:10C7D000A4DB7B3ED122783FCB557A3E773B783F36
:10C7E000CCCF783EF853783FA649773E526C783FDD
:10C7F0005AC3753E8684783FE83C743E939C783FEC
:10C8000051B6723E7BB4783F942F713E3BCC783F5B
:10C81000B2A86F3ED6E3783FAB216E3E4AFB783F2D
:10C820007F9A6C3E9812793F2F136B3EBF29793F58
:10C83000BA8B693EC040793F2204683E9A57793FDF
:10C84000667C663E4E6E793F86F4643EDC84793FBA
:10C85000836C633E439B793F5CE4613E83B1793FE7
:10C86000135C603E9DC7793FA8D35E3E91DD793F62
:10C870001A4B5D3E5EF3793F6AC25B3E04097A3F24
:10C8800097395A3E841E7A3FA4B0583EDD337A3F32
:10C890008F27573E10497A3F589E553E1C5E7A3F7F
:10C8A0000115543E02737A3F898B523EC1877A3F0D
:10C8B000F101513E599C7A3F38784F3ECBB07A3FD8
:10C8C00060EE4D3E16C57A3F67644C3E3AD97A3FDA
:10C8D0004FDA4A3E37ED7A3F1850493E0E017B3F12
:10C8E000C2C5473EBE147B3F4D3B463E48287B3F7A
:10C8F000B9B0443EAB3B7B3F0726433EE74E7B3F10
:10C90000379B413EFC617B3F4910403EEA747B3FD0
:10C910003E853E3EB2877B3F15FA3C3E539A7B3FB5
:10C92000CF6E3B3ECDAC7B3F6CE3393E20BF7B3FBF
:10C93000EC57383E4DD17B3F50CC363E53E37B3FE6
:10C940009840353E31F57B3FC4B4333EE9067C3F29
:10C95000D428323E7A187C3FC99C303EE5297C3F82
:10C96000A2102F3E283B7C3F61842D3E444C7C3FEF
:10C9700004F82B3E3A5D7C3F8D6B2A3E086E7C3F6F
:10C98000FCDE283EB07E7C3F5152273E318F7C3FFB
:10C990008CC5253E8A9F7C3FAD38243EBDAF7C3F91
:10C9A000B6AB223EC9BF7C3FA51E213EAECF7C3F29
:10C9B0007B911F3E6CDF7C3F38041E3E03EF7C3FC3
:10C9C000DE761C3E73FE7C3F6BE91A3EBC0D7D3F5C
:10C9D000E05B193EDD1C7D3F3DCE173ED82B7D3FF1
:10C9E0008340163EAC3A7D3FB2B2143E59497D3F7A
:10C9F000CA24133EDE577D3FCC96113E3D667D3FF7
:10CA0000B708103E74747D3F8B7A0E3E85827D3F61
:10CA10004AEC0C3E6E907D3FF35D0B3E309E7D3FB9
:10CA200086CF093ECCAB7D3F0541083E40B97D3FF6
:10CA30006EB2063E8CC67D3FC223053EB2D37D3F1B
:10CA40000295033EB1E07D3F2E06023E88ED7D3F1C
:10CA50004577003E38FA7D3F92D0FD3DC2067E3FCD
:10CA600073B2FA3D24137E3F2C94F73D5E1F7E3F48
:10CA7000C075F43D722B7E3F2E57F13D5E377E3FF1
:10CA80007638EE3D23437E3F9A19EB3DC14E7E3F03
:10CA90009AFAE73D385A7E3F76DBE43D88657E3F73
:10CAA0002EBCE13DB0707E3FC49CDE3DB17B7E3F3D
:10CAB000377DDB3D8B867E3F895DD83D3D917E3F56
:10CAC000B93DD53DC99B7E3FC81DD23D2DA67E3FB9
:10CAD000B7FDCE3D69B07E3F86DDCB3D7FBA7E3F60
:10CAE00036BDC83D6DC47E3FC69CC53D34CE7E3F3D
:10CAF000397CC23DD4D77E3F8D5BBF3D4CE17E3F4C
:10CB0000C33ABC3D9DEA7E3FDD19B93DC7F37E3F88
:10CB1000DAF8B53DC9FC7E3FBBD7B23DA4057F3FE7
:10CB200080B6AF3D580E7F3F2B95AC3DE4167F3F5E
:10CB3000BA73A93D491F7F3F3052A63D87277F3FEB
:10CB40008C30A33D9D2F7F3FCF0EA03D8D377F3F83
:10CB5000F9EC9C3D543F7F3F0ACB993DF4467F3F23
:10CB600005A9963D6D4E7F3FE786933DBF557F3FBC
:10CB7000B464903DE95C7F3F6A428D3DEC637F3F4A
:10CB80000A208A3DC76A7F3F94FD863D7B717F3FC7
:10CB90000ADB833D08787F3F6CB8803D6D7E7F3F28
:10CBA000742B7B3DAB847F3FE9E5743DC28A7F3FB8
:10CBB00038A06E3DB1907F3F625A683D78967F3FC6
:10CBC0006814623D189C7F3F4CCE5B3D91A17F3F36
:10CBD0000E88553DE3A67F3FAF414F3D0DAC7F3FF3
:10CBE0002FFB483D0FB17F3F91B4423DEAB57F3FF7
:10CBF000D56D3C3D9EBA7F3FFC26363D2ABF7F3F28
:10CC000007E02F3D8FC37F3FF698293DCCC77F3F7C
:10CC1000CC51233DE2CB7F3F880A1D3DD1CF7F3FE2
:10CC20002CC3163D98D37F3FB87B103D37D77F3F4D
:10CC30002F340A3DAFDA7F3F90EC033D00DE7F3FAB
:10CC4000B949FB3C29E17F3F2DBAEE3C2BE47F3F05
:10CC50007B2AE23C05E77F3FA69AD53CB8E97F3FB7
:10CC6000B00AC93C43EC7F3F9B7ABC3CA7EE7F3FB8
:10CC700069EAAF3CE3F07F3F1C5AA33CF8F27F3FE8
:10CC8000B6C9963CE6F47F3F38398A3CACF67F3F24
:10CC90004B517B3C4AF87F3F0030623CC1F97F3FFB
:10CCA000900E493C11FB7F3F02ED2F3C39FC7F3F4A
:10CCB00059CB163C39FD7F3F3053FB3B13FE7F3F82
:10CCC000890FC93BC4FE7F3FC1CB963B4EFF7F3FE0
:10CCD000C70F493BB1FF7F3FD40FC93AECFF7F3FFD
:10CCE000000000000000803FD40FC9BAECFF7F3F76
:10CCF000C70F49BBB1FF7F3FC1CB96BB4EFF7F3F04
:10CD0000890FC9BBC4FE7F3F3053FBBB13FE7F3F7F
:10CD100059CB16BC39FD7F3F02ED2FBC39FC7F3F5C
:10CD2000900E49BC11FB7F3F003062BCC1F97F3FD0
:10CD30004B517BBC4AF87F3F38398ABCACF67F3F09
:10CD4000B6C996BCE6F47F3F1C5AA3BCF8F27F3FFD
:10CD500069EAAFBCE3F07F3F9B7ABCBCA7EE7F3FA4
:10CD6000B00AC9BC43EC7F3FA69AD5BCB8E97F3F67
:10CD70007B2AE2BC05E77F3F2DBAEEBC2BE47F3F68
:10CD8000B949FBBC29E17F3F90EC03BD00DE7F3F4A
:10CD90002F340ABDAFDA7F3FB87B10BD37D77F3F56
:10CDA0002CC316BD98D37F3F880A1DBDD1CF7F3FCE
:10CDB000CC5123BDE2CB7F3FF69829BDCCC77F3F46
:10CDC00007E02FBD8FC37F3FFC2636BD2ABF7F3FC4
:10CDD000D56D3CBD9EBA7F3F91B442BDEAB57F3F61
:10CDE0002FFB48BD0FB17F3FAF414FBD0DAC7F3F23
:10CDF0000E8855BDE3A67F3F4CCE5BBD91A17F3F22
:10CE0000681462BD189C7F3F625A68BD78967F3F68
:10CE100038A06EBDB1907F3FE9E574BDC28A7F3F07
:10CE2000742B7BBDAB847F3F6CB880BD6D7E7F3F34
:10CE30000ADB83BD08787F3F94FD86BD7B717F3F11
:10CE40000A208ABDC76A7F3F6A428DBDEC637F3F7F
:10CE5000B46490BDE95C7F3FE78693BDBF557F3FDB
:10CE600005A996BD6D4E7F3F0ACB99BDF4467F3F25
:10CE7000F9EC9CBD543F7F3FCF0EA0BD8D377F3F67
:10CE80008C30A3BD9D2F7F3F3052A6BD87277F3FAB
:10CE9000BA73A9BD491F7F3F2B95ACBDE4167F3FF8
:10CEA00080B6AFBD580E7F3FBBD7B2BDA4057F3F54
:10CEB000DAF8B5BDC9FC7E3FDD19B9BDC7F37E3FC9
:10CEC000C33ABCBD9DEA7E3F8D5BBFBD4CE17E3F5A
:10CED000397CC2BDD4D77E3FC69CC5BD34CE7E3F13
:10CEE00036BDC8BD6DC47E3F86DDCBBD7FBA7E3FFB
:10CEF000B7FDCEBD69B07E3FC81DD2BD2DA67E3F19
:10CF0000B93DD5BDC99B7E3F895DD8BD3D917E3F72
:10CF1000377DDBBD8B867E3FC49CDEBDB17B7E3F13
:10CF20002EBCE1BDB0707E3F76DBE4BD88657E3F00
:10CF30009AFAE7BD385A7E3F9A19EBBDC14E7E3F43
:10CF40007638EEBD23437E3F2E57F1BD5E377E3FE0
:10CF5000C075F4BD722B7E3F2C94F7BD5E1F7E3FE3
:10CF600073B2FABD24137E3F92D0FDBDC2067E3F50
:10CF7000457700BE38FA7D3F2E0602BE88ED7D3F24
:10CF8000029503BEB1E07D3FC22305BEB2D37D3F13
:10CF90006EB206BE8CC67D3F054108BE40B97D3FDE
:10CFA00086CF09BECCAB7D3FF35D0BBE309E7D3F8F
:10CFB0004AEC0CBE6E907D3F8B7A0EBE85827D3F23
:10CFC000B70810BE74747D3FCC9611BE3D667D3FA0
:10CFD000CA2413BEDE577D3FB2B214BE59497D3F0D
:10CFE000834016BEAC3A7D3F3DCE17BED82B7D3F69
:10CFF000E05B19BEDD1C7D3F6BE91ABEBC0D7D3FB9
:10D00000DE761CBE73FE7C3F38041EBE03EF7C3F01
:10D010007B911FBE6CDF7C3FA51E21BEAECF7C3F47
:10D02000B6AB22BEC9BF7C3FAD3824BEBDAF7C3F8E
:10D030008CC525BE8A9F7C3F515227BE318F7C3FD5
:10D04000FCDE28BEB07E7C3F8D6B2ABE086E7C3F26
:10D0500004F82BBE3A5D7C3F61842DBE444C7C3F7E
:10D06000A2102FBE283B7C3FC99C30BEE5297C3FE7
:10D07000D42832BE7A187C3FC4B433BEE9067C3F64
:10D08000984035BE31F57B3F50CC36BE53E37B3FF5
:10D09000EC5738BE4DD17B3F6CE339BE20BF7B3FA0
:10D0A000CF6E3BBECDAC7B3F15FA3CBE539A7B3F67
:10D0B0003E853EBEB2877B3F491040BEEA747B3F4F
:10D0C000379B41BEFC617B3F072643BEE74E7B3F5B
:10D0D000B9B044BEAB3B7B3F4D3B46BE48287B3F8F
:10D0E000C2C547BEBE147B3F185049BE0E017B3FF0
:10D0F0004FDA4ABE37ED7A3F67644CBE3AD97A3F81
:10D1000060EE4DBE16C57A3F38784FBECBB07A3F41
:10D11000F10151BE599C7A3F898B52BEC1877A3F3B
:10D12000011554BE02737A3F589E55BE1C5E7A3F6D
:10D130008F2757BE10497A3FA4B058BEDD337A3FDF
:10D1400097395ABE841E7A3F6AC25BBE04097A3F91
:10D150001A4B5DBE5EF3793FA8D35EBE91DD793F89
:10D16000135C60BE9DC7793F5CE461BE83B1793FCB
:10D17000836C63BE439B793F86F464BEDC84793F55
:10D18000667C66BE4E6E793F220468BE9A57793F30
:10D19000BA8B69BEC040793F2F136BBEBF29793F60
:10D1A0007F9A6CBE9812793FAB216EBE4AFB783FE6
:10D1B000B2A86FBED6E3783F942F71BE3BCC783FC8
:10D1C00051B672BE7BB4783FE83C74BE939C783F06
:10D1D0005AC375BE8684783FA64977BE526C783FA5
:10D1E000CCCF78BEF853783FCB557ABE773B783FAB
:10D1F000A4DB7BBED122783F56617DBE040A783F16
:10D20000E1E67EBE10F1773F223680BEF7D7773F4A
:10D21000C0F880BEB7BE773F4ABB81BE51A5773FFD
:10D22000C07D82BEC58B773F224083BE1372773F9D
:10D23000700284BE3A58773FAAC484BE3C3E773F12
:10D24000CE8685BE1724773FDF4886BECC09773F60
:10D25000DA0A87BE5BEF763FC1CC87BEC4D4763F87
:10D26000938E88BE07BA763F505089BE249F763F82
:10D27000F8118ABE1B84763F8AD38ABEEC68763F5B
:10D2800007958BBE974D763F6E568CBE1B32763F10
:10D29000C0178DBE7A16763FFCD88DBEB3FA753FA7
:10D2A000229A8EBEC6DE753F325B8FBEB3C2753F1B
:10D2B0002C1C90BE7BA6753F10DD90BE1C8A753F6E
:10D2C000DD9D91BE976D753F945E92BEED50753FAA
:10D2D000351F93BE1D34753FBFDF93BE2717753FC3
:10D2E00031A094BE0BFA743F8D6095BEC9DC743FCB
:10D2F000D22096BE62BF743F00E196BED5A1743FB6
:10D3000017A197BE2284743F166198BE4966743F88
:10D31000FE2099BE4B48743FCEE099BE272A743F49
:10D3200086A09ABEDD0B743F27609BBE6EED733FF7
:10D33000AF1F9CBED9CE733F20DF9CBE1FB0733F92
:10D34000789E9DBE3F91733FB85D9EBE3972733F1C
:10D35000DF1C9FBE0E53733FEEDB9FBEBE33733F99
:10D36000E59AA0BE4714733FC259A1BEACF4723F08
:10D370008718A2BEEBD4723F33D7A2BE04B5723F6A
:10D38000C595A3BEF894723F3F54A4BEC774723FC4
:10D390009F12A5BE7054723FE5D0A5BEF433723F14
:10D3A000128FA6BE5213723F254DA7BE8CF2713F5D
:10D3B0001F0BA8BE9FD1713FFEC8A8BE8EB0713FA3
:10D3C000C486A9BE578F713F6F44AABEFB6D713FE3
:10D3D0000102ABBE7A4C713F77BFABBED42A713F1E
:10D3E000D47CACBE0809713F153AADBE17E7703F5B
:10D3F0003CF7ADBE02C5703F49B4AEBEC6A2703F99
:10D400003A71AFBE6680703F102EB0BEE15D703FD6
:10D41000CBEAB0BE373B703F6BA7B1BE6718703F19
:10D42000EF63B2BE73F56F3F5820B3BE5AD26F3F61
:10D43000A5DCB3BE1BAF6F3FD698B4BEB88B6F3FB1
:10D44000EC54B5BE30686F3FE610B6BE83446F3F04
:10D45000C3CCB6BEB0206F3F8488B7BEBAFC6E3F67
:10D460002A44B8BE9ED86E3FB2FFB8BE5DB46E3FD0
:10D470001EBBB9BEF88F6E3F6E76BABE6D6B6E3F47
:10D48000A031BBBEBE466E3FB6ECBBBEEB216E3FCD
:10D49000AFA7BCBEF2FC6D3F8B62BDBED5D76D3F62
:10D4A0004A1DBEBE93B26D3FEBD7BEBE2D8D6D3F04
:10D4B0006F92BFBEA1676D3FD54CC0BEF2416D3FBC
:10D4C0001E07C1BE1D1C6D3F48C1C1BE24F66C3F86
:10D4D000557BC2BE07D06C3F4435C3BEC5A96C3F67
:10D4E00015EFC3BE5E836C3FC8A8C4BED45C6C3F5E
:10D4F0005C62C5BE24366C3FD21BC6BE500F6C3F6B
:10D5000029D5C6BE58E86B3F628EC7BE3BC16B3F94
:10D510007C47C8BEFB996B3F7700C9BE95726B3FD5
:10D5200053B9C9BE0C4B6B3F1072CABE5E236B3F32
:10D53000AE2ACBBE8CFB6A3F2CE3CBBE95D36A3FB1
:10D540008B9BCCBE7BAB6A3FCA53CDBE3C836A3F4C
:10D55000EA0BCEBED95A6A3FEAC3CEBE52326A3F08
:10D56000CA7BCFBEA7096A3F8A33D0BED7E0693FE6
:10D570002AEBD0BEE4B7693FAAA2D1BECC8E693FE8
:10D58000095AD2BE9165693F4811D3BE323C693F0A
:10D5900067C8D3BEAE12693F647FD4BE07E9683F57
:10D5A0004136D5BE3CBF683FFDECD5BE4C95683FCB
:10D5B00099A3D6BE396B683F135AD7BE0341683F63
:10D5C0006B10D8BEA816683FA3C6D8BE2AEC673F2A
:10D5D000B97CD9BE87C1673FAD32DABEC196673F1D
:10D5E00080E8DABED86B673F319EDBBECA40673F3A
:10D5F000C153DCBE9915673F2E09DDBE45EA663F83
:10D6000079BEDDBECCBE663FA273DEBE3093663F00
:10D61000A928DFBE7167663F8DDDDFBE8E3B663FAA
:10D620004F92E0BE880F663FEE46E1BE5EE3653F87
:10D630006AFBE1BE10B7653FC4AFE2BEA08A653F9A
:10D64000FA63E3BE0B5E653F0E18E4BE5431653FDE
:10D65000FECBE4BE7904653FCB7FE5BE7BD7643F5C
:10D660007533E6BE59AA643FFBE6E6BE147D643F0F
:10D670005D9AE7BEAC4F643F9C4DE8BE2122643FFB
:10D68000B700E9BE73F4633FAEB3E9BEA1C6633F22
:10D690008166EABEAC98633F3019EBBE956A633F82
:10D6A000BBCBEBBE5A3C633F217EECBEFC0D633F1F
:10D6B0006330EDBE7BDF623F80E2EDBED7B0623FFC
:10D6C0007994EEBE1082623F4C46EFBE2653623F15
:10D6D000FBF7EFBE1A24623F85A9F0BEEAF4613F72
:10D6E000EA5AF1BE98C5613F290CF2BE2296613F0D
:10D6F00043BDF2BE8A66613F386EF3BED036613FED
:10D70000071FF4BEF206613FB1CFF4BEF2D6603F10
:10D710003580F5BECFA6603F9330F6BE8976603F78
:10D72000CBE0F6BE2146603FDC90F7BE9615603F29
:10D73000C840F8BEE9E45F3F8EF0F8BE19B45F3F21
:10D740002DA0F9BE27835F3FA54FFABE12525F3F5F
:10D75000F7FEFABEDB205F3F22AEFBBE81EF5E3FED
:10D76000275DFCBE05BE5E3F040CFDBE678C5E3FC0
:10D77000BBBAFDBEA65A5E3F4A69FEBEC3285E3FE5
:10D78000B217FFBEBEF65D3FF3C5FFBE97C45D3F57
:10D79000063A00BF4D925D3FFF9000BFE15F5D3FE5
:10D7A000E4E700BF532D5D3FB53E01BFA3FA5C3FE8
:10D7B000739501BFD1C75C3F1CEC01BFDD945C3F9A
:10D7C000B14202BFC7615C3F329902BF8E2E5C3FFF
:10D7D0009FEF02BF34FB5B3FF84503BFB8C75B3F19
:10D7E0003D9C03BF1A945B3F6DF203BF5A605B3FE1
:10D7F000894804BF792C5B3F919E04BF75F85A3F5E
:10D8000084F404BF50C45A3F624A05BF09905A3F8E
:10D810002CA005BFA05B5A3FE2F505BF16275A3F73
:10D82000824B06BF6AF2593F0EA106BF9CBD593F0D
:10D8300086F606BFAD88593FE84B07BF9C53593F5A
:10D8400036A107BF6A1E593F6FF607BF17E9583F59
:10D85000924B08BFA1B3583FA1A008BF0B7E583F11
:10D860009BF508BF5348583F7F4A09BF7912583F7C
:10D870004E9F09BF7FDC573F09F409BF63A6573F9E
:10D88000AD480ABF2670573F3D9D0ABFC739573F75
:10D89000B7F10ABF4803573F1C460BBFA7CC563F02
:10D8A0006B9A0BBFE595563FA5EE0BBF025F563F47
:10D8B000C9420CBFFE27563FD7960CBFD9F0553F43
:10D8C000D0EA0CBF93B9553FB33E0DBF2C82553FF4
:10D8D00081920DBFA44A553F38E60DBFFB12553F5C
:10D8E000DA390EBF31DB543F658D0EBF47A3543F7D
:10D8F000DBE00EBF3B6B543F3B340FBF0F33543F55
:10D9000084870FBFC3FA533FB8DA0FBF55C2533FE6
:10D91000D52D10BFC789533FDC8010BF1851533F2E
:10D92000CDD310BF4918533FA72611BF59DF523F2F
:10D930006B7911BF49A6523F19CC11BF186D523FE8
:10D94000B01E12BFC633523F307112BF54FA513F5E
:10D950009AC312BFC2C0513FEE1513BF1087513F8B
:10D960002A6813BF3D4D513F50BA13BF4A13513F70
:10D970005F0C14BF37D9503F585E14BF039F503F10
:10D9800039B014BFAF64503F040215BF3B2A503F6B
:10D99000B75315BFA8EF4F3F54A515BFF4B44F3F81
:10D9A000D9F615BF1F7A4F3F474816BF2B3F4F3F51
:10D9B0009F9916BF17044F3FDFEA16BFE4C84E3FDA
:10D9C000073C17BF908D4E3F188D17BF1C524E3F1E
:10D9D00012DE17BF89164E3FF52E18BFD5DA4D3F20
:10D9E000C07F18BF029F4D3F73D018BF10634D3FDB
:10D9F0000F2119BFFD264D3F947119BFCBEA4C3F53
:10DA000000C219BF79AE4C3F55121ABF08724C3F85
:10DA100093621ABF78354C3FB8B21ABFC7F84B3F74
:10DA2000C6021BBFF8BB4B3FBB521BBF097F4B3F1E
:10DA300099A21BBFFA414B3F5FF21BBFCC044B3F87
:10DA40000C421CBF7FC74A3FA2911CBF138A4A3FAA
:10DA50001FE11CBF874C4A3F84301DBFDC0E4A3F8C
:10DA6000D17F1DBF12D1493F06CF1DBF2993493F2A
:10DA7000221E1EBF2155493F266D1EBFFA16493F83
:10DA800012BC1EBFB3D8483FE50A1FBF4E9A483F9D
:10DA90009F591FBFCA5B483F41A81FBF271D483F72
:10DAA000CBF61FBF65DE473F3B4520BF849F473F06
:10DAB000939320BF8560473FD2E120BF6721473F56
:10DAC000F92F21BF2AE2463F067E21BFCEA2463F64
:10DAD000FBCB21BF5463463FD71922BFBB23463F30
:10DAE000996722BF03E4453F43B522BF2DA4453FBC
:10DAF000D30223BF3964453F4B5023BF2624453F03
:10DB0000A99D23BFF5E3443FEEEA23BFA5A3443F0D
:10DB10001A3824BF3763443F2C8524BFAB22443FCF
:10DB200025D224BF00E2433F041F25BF38A1433F55
:10DB3000CB6B25BF5160433F77B825BF4C1F433F98
:10DB40000A0526BF29DE423F845126BFE89C423F9A
:10DB5000E39D26BF895B423F2AEA26BF0B1A423F5C
:10DB6000563627BF70D8413F688227BFB796413FDE
:10DB700061CE27BFE154413F401A28BFEC12413F1C
:10DB8000056628BFDAD0403FB0B128BFA98E403F1C
:10DB900041FD28BF5C4C403FB84829BFF009403FD9
:10DBA000159429BF67C73F3F57DF29BFC0843F3F58
:10DBB000802A2ABFFC413F3F8E752ABF1BFF3E3F94
:10DBC00082C02ABF1BBC3E3F5B0B2BBFFF783E3F92
:10DBD0001B562BBFC5353E3FBFA02BBF6EF23D3F4E
:10DBE0004AEB2BBFF9AE3D3FB9352CBF676B3D3FCC
:10DBF0000F802CBFB8273D3F49CA2CBFECE33C3F08
:10DC000069142DBF03A03C3F6F5E2DBFFC5B3C3F02
:10DC100059A82DBFD9173C3F29F22DBF98D33B3FC0
:10DC2000DE3B2EBF3B8F3B3F78852EBFC14A3B3F3B
:10DC3000F7CE2EBF29063B3F5B182FBF75C13A3F79
:10DC4000A5612FBFA47C3A3FD3AA2FBFB7373A3F75
:10DC5000E6F32FBFACF2393FDE3C30BF85AD393F34
:10DC6000BB8530BF4268393F7CCE30BFE122393FAF
:10DC7000221731BF65DD383FAD5F31BFCB97383FED
:10DC80001DA831BF1652383F71F031BF430C383FE9
:10DC9000AA3832BF55C6373FC78032BF4A80373FA8
:10DCA000C9C832BF233A373FAF1033BFDFF3363F27
:10DCB0007A5833BF7FAD363F29A033BF0467363F64
:10DCC000BCE733BF6C20363F342F34BFB8D9353F63
:10DCD0008F7634BFE792353FCFBD34BFFB4B353F26
:10DCE000F30435BFF304353FFB4B35BFCFBD343FA5
:10DCF000E79235BF8F76343FB8D935BF342F343FE4
:10DD00006C2036BFBCE7333F046736BF29A0333FE2
:10DD10007FAD36BF7A58333FDFF336BFAF10333FA6
:10DD2000233A37BFC9C8323F4A8037BFC780323F26
:10DD300055C637BFAA38323F430C38BF71F0313F68
:10DD4000165238BF1DA8313FCB9738BFAD5F313F6A
:10DD500065DD38BF2217313FE12239BF7CCE303F2D
:10DD6000426839BFBB85303F85AD39BFDE3C303FAF
:10DD7000ACF239BFE6F32F3FB7373ABFD3AA2F3FF4
:10DD8000A47C3ABFA5612F3F75C13ABF5B182F3FF6
:10DD900029063BBFF7CE2E3FC14A3BBF78852E3FB9
:10DDA0003B8F3BBFDE3B2E3F98D33BBF29F22D3F3D
:10DDB000D9173CBF59A82D3FFC5B3CBF6F5E2D3F80
:10DDC00003A03CBF69142D3FECE33CBF49CA2C3F84
:10DDD000B8273DBF0F802C3F676B3DBFB9352C3F47
:10DDE000F9AE3DBF4AEB2B3F6EF23DBFBFA02B3FCC
:10DDF000C5353EBF1B562B3FFF783EBF5B0B2B3F0D
:10DE00001BBC3EBF82C02A3F1BFF3EBF8E752A3F10
:10DE1000FC413FBF802A2A3FC0843FBF57DF293FD4
:10DE200067C73FBF1594293FF00940BFB848293F55
:10DE30005C4C40BF41FD283FA98E40BFB0B1283F98
:10DE4000DAD040BF0566283FEC1241BF401A283F98
:10DE5000E15441BF61CE273FB79641BF6882273F5B
:10DE600070D841BF5636273F0B1A42BF2AEA263FD9
:10DE7000895B42BFE39D263FE89C42BF8451263F19
:10DE800029DE42BF0A05263F4C1F43BF77B8253F16
:10DE9000516043BFCB6B253F38A143BF041F253FD3
:10DEA00000E243BF25D2243FAB2244BF2C85243F50
:10DEB000376344BF1A38243FA5A344BFEEEA233F8B
:10DEC000F5E344BFA99D233F262445BF4B50233F84
:10DED000396445BFD302233F2DA445BF43B5223F3C
:10DEE00003E445BF9967223FBB2346BFD719223FB2
:10DEF000546346BFFBCB213FCEA246BF067E213FE7
:10DF00002AE246BFF92F213F672147BFD2E1203FD8
:10DF1000856047BF9393203F849F47BF3B45203F89
:10DF200065DE47BFCBF61F3F271D48BF41A81F3FF7
:10DF3000CA5B48BF9F591F3F4E9A48BFE50A1F3F23
:10DF4000B3D848BF12BC1E3FFA1649BF266D1E3F0C
:10DF5000215549BF221E1E3F299349BF06CF1D3FB1
:10DF600012D149BFD17F1D3FDC0E4ABF84301D3F17
:10DF7000874C4ABF1FE11C3F138A4ABFA2911C3F36
:10DF80007FC74ABF0C421C3FCC044BBF5FF21B3F14
:10DF9000FA414BBF99A21B3F097F4BBFBB521B3FAE
:10DFA000F8BB4BBFC6021B3FC7F84BBFB8B21A3F06
:10DFB00078354CBF93621A3F08724CBF55121A3F16
:10DFC00079AE4CBF00C2193FCBEA4CBF9471193FE8
:10DFD000FD264DBF0F21193F10634DBF73D0183F71
:10DFE000029F4DBFC07F183FD5DA4DBFF52E183FB9
:10DFF00089164EBF12DE173F1C524EBF188D173FB9
:10E00000908D4EBF073C173FE4C84EBFDFEA163F76
:10E0100017044FBF9F99163F2B3F4FBF4748163FEE
:10E020001F7A4FBFD9F6153FF4B44FBF54A5153F23
:10E03000A8EF4FBFB753153F3B2A50BF0402153F0F
:10E04000AF6450BF39B0143F039F50BF585E143FB8
:10E0500037D950BF5F0C143F4A1351BF50BA133F1A
:10E060003D4D51BF2A68133F108751BFEE15133F36
:10E07000C2C051BF9AC3123F54FA51BF3071123F10
:10E08000C63352BFB01E123F186D52BF19CC113F9C
:10E0900049A652BF6B79113F59DF52BFA726113FE6
:10E0A000491853BFCDD3103F185153BFDC80103FE8
:10E0B000C78953BFD52D103F55C253BFB8DA0F3FA4
:10E0C000C3FA53BF84870F3F0F3354BF3B340F3F16
:10E0D0003B6B54BFDBE00E3F47A354BF658D0E3F43
:10E0E00031DB54BFDA390E3FFB1255BF38E60D3F26
:10E0F000A44A55BF81920D3F2C8255BFB33E0D3FC0
:10E1000093B955BFD0EA0C3FD9F055BFD7960C3F15
:10E11000FE2756BFC9420C3F025F56BFA5EE0B3F1C
:10E12000E59556BF6B9A0B3FA7CC56BF1C460B3FDD
:10E13000480357BFB7F10A3FC73957BF3D9D0A3F54
:10E14000267057BFAD480A3F63A657BF09F4093F81
:10E150007FDC57BF4E9F093F791258BF7F4A093F66
:10E16000534858BF9BF5083F0B7E58BFA1A0083FFE
:10E17000A1B358BF924B083F17E958BF6FF6073F4E
:10E180006A1E59BF36A1073F9C5359BFE84B073F52
:10E19000AD8859BF86F6063F9CBD59BF0EA1063F0C
:10E1A0006AF259BF824B063F16275ABFE2F5053F78
:10E1B000A05B5ABF2CA0053F09905ABF624A053F99
:10E1C00050C45ABF84F4043F75F85ABF919E043F6F
:10E1D000792C5BBF8948043F5A605BBF6DF2033FF7
:10E1E0001A945BBF3D9C033FB8C75BBFF845033F34
:10E1F00034FB5BBF9FEF023F8E2E5CBF3299023F24
:10E20000C7615CBFB142023FDD945CBF1CEC013FC3
:10E21000D1C75CBF7395013FA3FA5CBFB53E013F18
:10E22000532D5DBFE4E7003FE15F5DBFFF90003F1E
:10E230004D925DBF063A003F97C45DBFF3C5FF3EF8
:10E24000BEF65DBFB217FF3EC3285EBF4A69FE3E01
:10E25000A65A5EBFBBBAFD3E678C5EBF040CFD3E96
:10E2600005BE5EBF275DFC3E81EF5EBF22AEFB3E7A
:10E27000DB205FBFF7FEFA3E12525FBFA54FFA3EAA
:10E2800027835FBF2DA0F93E19B45FBF8EF0F83E23
:10E29000E9E45FBFC840F83E961560BFDC90F73EEA
:10E2A000214660BFCBE0F63E897660BF9330F63EF4
:10E2B000CFA660BF3580F53EF2D660BFB1CFF43E49
:10E2C000F20661BF071FF43ED03661BF386EF33EE1
:10E2D0008A6661BF43BDF23E229661BF290CF23EC1
:10E2E00098C561BFEA5AF13EEAF461BF85A9F03EE4
:10E2F0001A2462BFFBF7EF3E265362BF4C46EF3E47
:10E30000108262BF7994EE3ED7B062BF80E2ED3EEC
:10E310007BDF62BF6330ED3EFC0D63BF217EEC3ED0
:10E320005A3C63BFBBCBEB3E956A63BF3019EB3EF3
:10E33000AC9863BF8166EA3EA1C663BFAEB3E93E57
:10E3400073F463BFB700E93E212264BF9C4DE83EF1
:10E35000AC4F64BF5D9AE73E147D64BFFBE6E63ECA
:10E3600059AA64BF7533E63E7BD764BFCB7FE53ED9
:10E37000790465BFFECBE43E543165BF0E18E43E20
:10E380000B5E65BFFA63E33EA08A65BFC4AFE23EA1
:10E3900010B765BF6AFBE13E5EE365BFEE46E13E56
:10E3A000880F66BF4F92E03E8E3B66BF8DDDDF3E3D
:10E3B000716766BFA928DF3E309366BFA273DE3E59
:10E3C000CCBE66BF79BEDD3E45EA66BF2E09DD3EA6
:10E3D000991567BFC153DC3ECA4067BF319EDB3E23
:10E3E000D86B67BF80E8DA3EC19667BFAD32DA3ED0
:10E3F00087C167BFB97CD93E2AEC67BFA3C6D83EA8
:10E40000A81668BF6B10D83E034168BF135AD73EA9
:10E41000396B68BF99A3D63E4C9568BFFDECD53EDD
:10E420003CBF68BF4136D53E07E968BF647FD43E34
:10E43000AE1269BF67C8D33E323C69BF4811D33EB4
:10E44000916569BF095AD23ECC8E69BFAAA2D13E5E
:10E45000E4B769BF2AEBD03ED7E069BF8A33D03E2C
:10E46000A7096ABFCA7BCF3E52326ABFEAC3CE3E1B
:10E47000D95A6ABFEA0BCE3E3C836ABFCA53CD3E2F
:10E480007BAB6ABF8B9BCC3E95D36ABF2CE3CB3E64
:10E490008CFB6ABFAE2ACB3E5E236BBF1072CA3EB6
:10E4A0000C4B6BBF53B9C93E95726BBF7700C93E29
:10E4B000FB996BBF7C47C83E3BC16BBF628EC73EBA
:10E4C00058E86BBF29D5C63E500F6CBFD21BC63E65
:10E4D00024366CBF5C62C53ED45C6CBFC8A8C43E29
:10E4E0005E836CBF15EFC33EC5A96CBF4435C33E08
:10E4F00007D06CBF557BC23E24F66CBF48C1C13EFD
:10E500001D1C6DBF1E07C13EF2416DBFD54CC03E04
:10E51000A1676DBF6F92BF3E2D8D6DBFEBD7BE3E25
:10E5200093B26DBF4A1DBE3ED5D76DBF8B62BD3E57
:10E53000F2FC6DBFAFA7BC3EEB216EBFB6ECBB3E9D
:10E54000BE466EBFA031BB3E6D6B6EBF6E76BA3EEF
:10E55000F88F6EBF1EBBB93E5DB46EBFB2FFB83E52
:10E560009ED86EBF2A44B83EBAFC6EBF8488B73EC0
:10E57000B0206FBFC3CCB63E83446FBFE610B63E3B
:10E5800030686FBFEC54B53EB88B6FBFD698B43EC1
:10E590001BAF6FBFA5DCB33E5AD26FBF5820B33E4E
:10E5A00073F56FBFEF63B23E671870BF6BA7B13EE4
:10E5B000373B70BFCBEAB03EE15D70BF102EB03E7E
:10E5C000668070BF3A71AF3EC6A270BF49B4AE3E1E
:10E5D00002C570BF3CF7AD3E17E770BF153AAD3EC0
:10E5E000080971BFD47CAC3ED42A71BF77BFAB3E63
:10E5F0007A4C71BF0102AB3EFB6D71BF6F44AA3E06
:10E60000578F71BFC486A93E8EB071BFFEC8A83EA9
:10E610009FD171BF1F0BA83E8CF271BF254DA73E45
:10E62000521372BF128FA63EF43372BFE5D0A53EDF
:10E63000705472BF9F12A53EC77472BF3F54A43E70
:10E64000F89472BFC595A33E04B572BF33D7A23EFE
:10E65000EBD472BF8718A23EACF472BFC259A13E80
:10E66000471473BFE59AA03EBE3373BFEEDB9F3EF7
:10E670000E5373BFDF1C9F3E397273BFB85D9E3E61
:10E680003F9173BF789E9D3E1FB073BF20DF9C3EBD
:10E69000D9CE73BFAF1F9C3E6EED73BF27609B3E0C
:10E6A000DD0B74BF86A09A3E272A74BFCEE0993E48
:10E6B0004B4874BFFE20993E496674BF1661983E70
:10E6C000228474BF17A1973ED5A174BF00E1963E86
:10E6D00062BF74BFD220963EC9DC74BF8D60953E88
:10E6E0000BFA74BF31A0943E271775BFBFDF933E6E
:10E6F0001D3475BF351F933EED5075BF945E923E3D
:10E70000976D75BFDD9D913E1C8A75BF10DD903EF3
:10E710007BA675BF2C1C903EB3C275BF325B8F3E8B
:10E72000C6DE75BF229A8E3EB3FA75BFFCD88D3E09
:10E730007A1676BFC0178D3E1B3276BF6E568C3E62
:10E74000974D76BF07958B3EEC6876BF8AD38A3E9D
:10E750001B8476BFF8118A3E249F76BF5050893EB5
:10E7600007BA76BF938E883EC4D476BFC1CC873EAD
:10E770005BEF76BFDA0A873ECC0977BFDF48863E7B
:10E78000172477BFCE86853E3C3E77BFAAC4843E21
:10E790003A5877BF7002843E137277BF2240833E9F
:10E7A000C58B77BFC07D823E51A577BF4ABB813EF6
:10E7B000B7BE77BFC0F8803EF7D777BF2236803E1E
:10E7C00010F177BFE1E67E3E040A78BF56617D3ED8
:10E7D000D12278BFA4DB7B3E773B78BFCB557A3E16
:10E7E000F85378BFCCCF783E526C78BFA649773EBD
:10E7F000868478BF5AC3753E939C78BFE83C743ECC
:10E800007BB478BF51B6723E3BCC78BF942F713E3B
:10E81000D6E378BFB2A86F3E4AFB78BFAB216E3E0D
:10E82000981279BF7F9A6C3EBF2979BF2F136B3E38
:10E83000C04079BFBA8B693E9A5779BF2204683EBF
:10E840004E6E79BF667C663EDC8479BF86F4643E9A
:10E85000439B79BF836C633E83B179BF5CE4613EC7
:10E860009DC779BF135C603E91DD79BFA8D35E3E42
:10E870005EF379BF1A4B5D3E04097ABF6AC25B3E04
:10E88000841E7ABF97395A3EDD337ABFA4B0583E12
:10E8900010497ABF8F27573E1C5E7ABF589E553E5F
:10E8A00002737ABF0115543EC1877ABF898B523EED
:10E8B000599C7ABFF101513ECBB07ABF38784F3EB8
:10E8C00016C57ABF60EE4D3E3AD97ABF67644C3EBA
:10E8D00037ED7ABF4FDA4A3E0E017BBF1850493EF2
:10E8E000BE147BBFC2C5473E48287BBF4D3B463E5A
:10E8F000AB3B7BBFB9B0443EE74E7BBF0726433EF0
:10E90000FC617BBF379B413EEA747BBF4910403EB0
:10E91000B2877BBF3E853E3E539A7BBF15FA3C3E95
:10E92000CDAC7BBFCF6E3B3E20BF7BBF6CE3393E9F
:10E930004DD17BBFEC57383E53E37BBF50CC363EC6
:10E9400031F57BBF9840353EE9067CBFC4B4333E09
:10E950007A187CBFD428323EE5297CBFC99C303E62
:10E96000283B7CBFA2102F3E444C7CBF61842D3ECF
:10E970003A5D7CBF04F82B3E086E7CBF8D6B2A3E4F
:10E98000B07E7CBFFCDE283E318F7CBF5152273EDB
:10E990008A9F7CBF8CC5253EBDAF7CBFAD38243E71
:10E9A000C9BF7CBFB6AB223EAECF7CBFA51E213E09
:10E9B0006CDF7CBF7B911F3E03EF7CBF38041E3EA3
:10E9C00073FE7CBFDE761C3EBC0D7DBF6BE91A3E3C
:10E9D000DD1C7DBFE05B193ED82B7DBF3DCE173ED1
:10E9E000AC3A7DBF8340163E59497DBFB2B2143E5A
:10E9F000DE577DBFCA24133E3D667DBFCC96113ED7
:10EA000074747DBFB708103E85827DBF8B7A0E3E41
:10EA10006E907DBF4AEC0C3E309E7DBFF35D0B3E99
:10EA2000CCAB7DBF86CF093E40B97DBF0541083ED6
:10EA30008CC67DBF6EB2063EB2D37DBFC223053EFB
:10EA4000B1E07DBF0295033E88ED7DBF2E06023EFC
:10EA500038FA7DBF4577003EC2067EBF92D0FD3DAD
:10EA600024137EBF73B2FA3D5E1F7EBF2C94F73D28
:10EA7000722B7EBFC075F43D5E377EBF2E57F13DD1
:10EA800023437EBF7638EE3DC14E7EBF9A19EB3DE3
:10EA9000385A7EBF9AFAE73D88657EBF76DBE43D53
:10EAA000B0707EBF2EBCE13DB17B7EBFC49CDE3D1D
:10EAB0008B867EBF377DDB3D3D917EBF895DD83D36
:10EAC000C99B7EBFB93DD53D2DA67EBFC81DD23D99
:10EAD00069B07EBFB7FDCE3D7FBA7EBF86DDCB3D40
:10EAE0006DC47EBF36BDC83D34CE7EBFC69CC53D1D
:10EAF000D4D77EBF397CC23D4CE17EBF8D5BBF3D2C
:10EB00009DEA7EBFC33ABC3DC7F37EBFDD19B93D68
:10EB1000C9FC7EBFDAF8B53DA4057FBFBBD7B23DC7
:10EB2000580E7FBF80B6AF3DE4167FBF2B95AC3D3E
:10EB3000491F7FBFBA73A93D87277FBF3052A63DCB
:10EB40009D2F7FBF8C30A33D8D377FBFCF0EA03D63
:10EB5000543F7FBFF9EC9C3DF4467FBF0ACB993D03
:10EB60006D4E7FBF05A9963DBF557FBFE786933D9C
:10EB7000E95C7FBFB464903DEC637FBF6A428D3D2A
:10EB8000C76A7FBF0A208A3D7B717FBF94FD863DA7
:10EB900008787FBF0ADB833D6D7E7FBF6CB8803D08
:10EBA000AB847FBF742B7B3DC28A7FBFE9E5743D98
:10EBB000B1907FBF38A06E3D78967FBF625A683DA6
:10EBC000189C7FBF6814623D91A17FBF4CCE5B3D16
:10EBD000E3A67FBF0E88553D0DAC7FBFAF414F3DD3
:10EBE0000FB17FBF2FFB483DEAB57FBF91B4423DD7
:10EBF0009EBA7FBFD56D3C3D2ABF7FBFFC26363D08
:10EC00008FC37FBF07E02F3DCCC77FBFF698293D5C
:10EC1000E2CB7FBFCC51233DD1CF7FBF880A1D3DC2
:10EC200098D37FBF2CC3163D37D77FBFB87B103D2D
:10EC3000AFDA7FBF2F340A3D00DE7FBF90EC033D8B
:10EC400029E17FBFB949FB3C2BE47FBF2DBAEE3CE5
:10EC500005E77FBF7B2AE23CB8E97FBFA69AD53C97
:10EC600043EC7FBFB00AC93CA7EE7FBF9B7ABC3C98
:10EC7000E3F07FBF69EAAF3CF8F27FBF1C5AA33CC8
:10EC8000E6F47FBFB6C9963CACF67FBF38398A3C04
:10EC90004AF87FBF4B517B3CC1F97FBF0030623CDB
:10ECA00011FB7FBF900E493C39FC7FBF02ED2F3C2A
:10ECB00039FD7FBF59CB163C13FE7FBF3053FB3B62
:10ECC000C4FE7FBF890FC93B4EFF7FBFC1CB963BC0
:10ECD000B1FF7FBFC70F493BECFF7FBFD40FC93ADD
:10ECE000000080BF00000000ECFF7FBFD40FC9BA56
:10ECF000B1FF7FBFC70F49BB4EFF7FBFC1CB96BBE4
:10ED0000C4FE7FBF890FC9BB13FE7FBF3053FBBB5F
:10ED100039FD7FBF59CB16BC39FC7FBF02ED2FBC3C
:10ED200011FB7FBF900E49BCC1F97FBF003062BCB0
:10ED30004AF87FBF4B517BBCACF67FBF38398ABCE9
:10ED4000E6F47FBFB6C996BCF8F27FBF1C5AA3BCDD
:10ED5000E3F07FBF69EAAFBCA7EE7FBF9B7ABCBC84
:10ED600043EC7FBFB00AC9BCB8E97FBFA69AD5BC47
:10ED700005E77FBF7B2AE2BC2BE47FBF2DBAEEBC48
:10ED800029E17FBFB949FBBC00DE7FBF90EC03BD2A
:10ED9000AFDA7FBF2F340ABD37D77FBFB87B10BD36
:10EDA00098D37FBF2CC316BDD1CF7FBF880A1DBDAE
:10EDB000E2CB7FBFCC5123BDCCC77FBFF69829BD26
:10EDC0008FC37FBF07E02FBD2ABF7FBFFC2636BDA4
:10EDD0009EBA7FBFD56D3CBDEAB57FBF91B442BD41
:10EDE0000FB17FBF2FFB48BD0DAC7FBFAF414FBD03
:10EDF000E3A67FBF0E8855BD91A17FBF4CCE5BBD02
:10EE0000189C7FBF681462BD78967FBF625A68BD48
:10EE1000B1907FBF38A06EBDC28A7FBFE9E574BDE7
:10EE2000AB847FBF742B7BBD6D7E7FBF6CB880BD14
:10EE300008787FBF0ADB83BD7B717FBF94FD86BDF1
:10EE4000C76A7FBF0A208ABDEC637FBF6A428DBD5F
:10EE5000E95C7FBFB46490BDBF557FBFE78693BDBB
:10EE60006D4E7FBF05A996BDF4467FBF0ACB99BD05
:10EE7000543F7FBFF9EC9CBD8D377FBFCF0EA0BD47
:10EE80009D2F7FBF8C30A3BD87277FBF3052A6BD8B
:10EE9000491F7FBFBA73A9BDE4167FBF2B95ACBDD8
:10EEA000580E7FBF80B6AFBDA4057FBFBBD7B2BD34
:10EEB000C9FC7EBFDAF8B5BDC7F37EBFDD19B9BDA9
:10EEC0009DEA7EBFC33ABCBD4CE17EBF8D5BBFBD3A
:10EED000D4D77EBF397CC2BD34CE7EBFC69CC5BDF3
:10EEE0006DC47EBF36BDC8BD7FBA7EBF86DDCBBDDB
:10EEF00069B07EBFB7FDCEBD2DA67EBFC81DD2BDF9
:10EF0000C99B7EBFB93DD5BD3D917EBF895DD8BD52
:10EF10008B867EBF377DDBBDB17B7EBFC49CDEBDF3
:10EF2000B0707EBF2EBCE1BD88657EBF76DBE4BDE0
:10EF3000385A7EBF9AFAE7BDC14E7EBF9A19EBBD23
:10EF400023437EBF7638EEBD5E377EBF2E57F1BDC0
:10EF5000722B7EBFC075F4BD5E1F7EBF2C94F7BDC3
:10EF600024137EBF73B2FABDC2067EBF92D0FDBD30
:10EF700038FA7DBF457700BE88ED7DBF2E0602BE04
:10EF8000B1E07DBF029503BEB2D37DBFC22305BEF3
:10EF90008CC67DBF6EB206BE40B97DBF054108BEBE
:10EFA000CCAB7DBF86CF09BE309E7DBFF35D0BBE6F
:10EFB0006E907DBF4AEC0CBE85827DBF8B7A0EBE03
:10EFC00074747DBFB70810BE3D667DBFCC9611BE80
:10EFD000DE577DBFCA2413BE59497DBFB2B214BEED
:10EFE000AC3A7DBF834016BED82B7DBF3DCE17BE49
:10EFF000DD1C7DBFE05B19BEBC0D7DBF6BE91ABE99
:10F0000073FE7CBFDE761CBE03EF7CBF38041EBEE1
:10F010006CDF7CBF7B911FBEAECF7CBFA51E21BE27
:10F02000C9BF7CBFB6AB22BEBDAF7CBFAD3824BE6E
:10F030008A9F7CBF8CC525BE318F7CBF515227BEB5
:10F04000B07E7CBFFCDE28BE086E7CBF8D6B2ABE06
:10F050003A5D7CBF04F82BBE444C7CBF61842DBE5E
:10F06000283B7CBFA2102FBEE5297CBFC99C30BEC7
:10F070007A187CBFD42832BEE9067CBFC4B433BE44
:10F0800031F57BBF984035BE53E37BBF50CC36BED5
:10F090004DD17BBFEC5738BE20BF7BBF6CE339BE80
:10F0A000CDAC7BBFCF6E3BBE539A7BBF15FA3CBE47
:10F0B000B2877BBF3E853EBEEA747BBF491040BE2F
:10F0C000FC617BBF379B41BEE74E7BBF072643BE3B
:10F0D000AB3B7BBFB9B044BE48287BBF4D3B46BE6F
:10F0E000BE147BBFC2C547BE0E017BBF185049BED0
:10F0F00037ED7ABF4FDA4ABE3AD97ABF67644CBE61
:10F1000016C57ABF60EE4DBECBB07ABF38784FBE21
:10F11000599C7ABFF10151BEC1877ABF898B52BE1B
:10F1200002737ABF011554BE1C5E7ABF589E55BE4D
:10F1300010497ABF8F2757BEDD337ABFA4B058BEBF
:10F14000841E7ABF97395ABE04097ABF6AC25BBE71
:10F150005EF379BF1A4B5DBE91DD79BFA8D35EBE69
:10F160009DC779BF135C60BE83B179BF5CE461BEAB
:10F17000439B79BF836C63BEDC8479BF86F464BE35
:10F180004E6E79BF667C66BE9A5779BF220468BE10
:10F19000C04079BFBA8B69BEBF2979BF2F136BBE40
:10F1A000981279BF7F9A6CBE4AFB78BFAB216EBEC6
:10F1B000D6E378BFB2A86FBE3BCC78BF942F71BEA8
:10F1C0007BB478BF51B672BE939C78BFE83C74BEE6
:10F1D000868478BF5AC375BE526C78BFA64977BE85
:10F1E000F85378BFCCCF78BE773B78BFCB557ABE8B
:10F1F000D12278BFA4DB7BBE040A78BF56617DBEF6
:10F2000010F177BFE1E67EBEF7D777BF223680BE2A
:10F21000B7BE77BFC0F880BE51A577BF4ABB81BEDD
:10F22000C58B77BFC07D82BE137277BF224083BE7D
:10F230003A5877BF700284BE3C3E77BFAAC484BEF2
:10F24000172477BFCE8685BECC0977BFDF4886BE40
:10F250005BEF76BFDA0A87BEC4D476BFC1CC87BE67
:10F2600007BA76BF938E88BE249F76BF505089BE62
:10F270001B8476BFF8118ABEEC6876BF8AD38ABE3B
:10F28000974D76BF07958BBE1B3276BF6E568CBEF0
:10F290007A1676BFC0178DBEB3FA75BFFCD88DBE87
:10F2A000C6DE75BF229A8EBEB3C275BF325B8FBEFB
:10F2B0007BA675BF2C1C90BE1C8A75BF10DD90BE4E
:10F2C000976D75BFDD9D91BEED5075BF945E92BE8A
:10F2D0001D3475BF351F93BE271775BFBFDF93BEA3
:10F2E0000BFA74BF31A094BEC9DC74BF8D6095BEAB
:10F2F00062BF74BFD22096BED5A174BF00E196BE96
:10F30000228474BF17A197BE496674BF166198BE68
:10F310004B4874BFFE2099BE272A74BFCEE099BE29
:10F32000DD0B74BF86A09ABE6EED73BF27609BBED7
:10F33000D9CE73BFAF1F9CBE1FB073BF20DF9CBE72
:10F340003F9173BF789E9DBE397273BFB85D9EBEFC
:10F350000E5373BFDF1C9FBEBE3373BFEEDB9FBE79
:10F36000471473BFE59AA0BEACF472BFC259A1BEE8
:10F37000EBD472BF8718A2BE04B572BF33D7A2BE4A
:10F38000F89472BFC595A3BEC77472BF3F54A4BEA4
:10F39000705472BF9F12A5BEF43372BFE5D0A5BEF4
:10F3A000521372BF128FA6BE8CF271BF254DA7BE3D
:10F3B0009FD171BF1F0BA8BE8EB071BFFEC8A8BE83
:10F3C000578F71BFC486A9BEFB6D71BF6F44AABEC3
:10F3D0007A4C71BF0102ABBED42A71BF77BFABBEFE
:10F3E000080971BFD47CACBE17E770BF153AADBE3B
:10F3F00002C570BF3CF7ADBEC6A270BF49B4AEBE79
:10F40000668070BF3A71AFBEE15D70BF102EB0BEB6
:10F41000373B70BFCBEAB0BE671870BF6BA7B1BEF9
:10F4200073F56FBFEF63B2BE5AD26FBF5820B3BE41
:10F430001BAF6FBFA5DCB3BEB88B6FBFD698B4BE91
:10F4400030686FBFEC54B5BE83446FBFE610B6BEE4
:10F45000B0206FBFC3CCB6BEBAFC6EBF8488B7BE47
:10F460009ED86EBF2A44B8BE5DB46EBFB2FFB8BEB0
:10F47000F88F6EBF1EBBB9BE6D6B6EBF6E76BABE27
:10F48000BE466EBFA031BBBEEB216EBFB6ECBBBEAD
:10F49000F2FC6DBFAFA7BCBED5D76DBF8B62BDBE42
:10F4A00093B26DBF4A1DBEBE2D8D6DBFEBD7BEBEE4
:10F4B000A1676DBF6F92BFBEF2416DBFD54CC0BE9C
:10F4C0001D1C6DBF1E07C1BE24F66CBF48C1C1BE66
:10F4D00007D06CBF557BC2BEC5A96CBF4435C3BE47
:10F4E0005E836CBF15EFC3BED45C6CBFC8A8C4BE3E
:10F4F00024366CBF5C62C5BE500F6CBFD21BC6BE4B
:10F5000058E86BBF29D5C6BE3BC16BBF628EC7BE74
:10F51000FB996BBF7C47C8BE95726BBF7700C9BEB5
:10F520000C4B6BBF53B9C9BE5E236BBF1072CABE12
:10F530008CFB6ABFAE2ACBBE95D36ABF2CE3CBBE91
:10F540007BAB6ABF8B9BCCBE3C836ABFCA53CDBE2C
:10F55000D95A6ABFEA0BCEBE52326ABFEAC3CEBEE8
:10F56000A7096ABFCA7BCFBED7E069BF8A33D0BEC6
:10F57000E4B769BF2AEBD0BECC8E69BFAAA2D1BEC8
:10F58000916569BF095AD2BE323C69BF4811D3BEEA
:10F59000AE1269BF67C8D3BE07E968BF647FD4BE37
:10F5A0003CBF68BF4136D5BE4C9568BFFDECD5BEAB
:10F5B000396B68BF99A3D6BE034168BF135AD7BE43
:10F5C000A81668BF6B10D8BE2AEC67BFA3C6D8BE0A
:10F5D00087C167BFB97CD9BEC19667BFAD32DABEFD
:10F5E000D86B67BF80E8DABECA4067BF319EDBBE1A
:10F5F000991567BFC153DCBE45EA66BF2E09DDBE63
:10F60000CCBE66BF79BEDDBE309366BFA273DEBEE0
:10F61000716766BFA928DFBE8E3B66BF8DDDDFBE8A
:10F62000880F66BF4F92E0BE5EE365BFEE46E1BE67
:10F6300010B765BF6AFBE1BEA08A65BFC4AFE2BE7A
:10F640000B5E65BFFA63E3BE543165BF0E18E4BEBE
:10F65000790465BFFECBE4BE7BD764BFCB7FE5BE3C
:10F6600059AA64BF7533E6BE147D64BFFBE6E6BEEF
:10F67000AC4F64BF5D9AE7BE212264BF9C4DE8BEDB
:10F6800073F463BFB700E9BEA1C663BFAEB3E9BE02
:10F69000AC9863BF8166EABE956A63BF3019EBBE62
:10F6A0005A3C63BFBBCBEBBEFC0D63BF217EECBEFF
:10F6B0007BDF62BF6330EDBED7B062BF80E2EDBEDC
:10F6C000108262BF7994EEBE265362BF4C46EFBEF5
:10F6D0001A2462BFFBF7EFBEEAF461BF85A9F0BE52
:10F6E00098C561BFEA5AF1BE229661BF290CF2BEED
:10F6F0008A6661BF43BDF2BED03661BF386EF3BECD
:10F70000F20661BF071FF4BEF2D660BFB1CFF4BEF0
:10F71000CFA660BF3580F5BE897660BF9330F6BE58
:10F72000214660BFCBE0F6BE961560BFDC90F7BE09
:10F73000E9E45FBFC840F8BE19B45FBF8EF0F8BE01
:10F7400027835FBF2DA0F9BE12525FBFA54FFABE3F
:10F75000DB205FBFF7FEFABE81EF5EBF22AEFBBECD
:10F7600005BE5EBF275DFCBE678C5EBF040CFDBEA0
:10F77000A65A5EBFBBBAFDBEC3285EBF4A69FEBEC5
:10F78000BEF65DBFB217FFBE97C45DBFF3C5FFBE37
:10F790004D925DBF063A00BFE15F5DBFFF9000BFC5
:10F7A000532D5DBFE4E700BFA3FA5CBFB53E01BFC8
:10F7B000D1C75CBF739501BFDD945CBF1CEC01BF7A
:10F7C000C7615CBFB14202BF8E2E5CBF329902BFDF
:10F7D00034FB5BBF9FEF02BFB8C75BBFF84503BFF9
:10F7E0001A945BBF3D9C03BF5A605BBF6DF203BFC1
:10F7F000792C5BBF894804BF75F85ABF919E04BF3E
:10F8000050C45ABF84F404BF09905ABF624A05BF6E
:10F81000A05B5ABF2CA005BF16275ABFE2F505BF53
:10F820006AF259BF824B06BF9CBD59BF0EA106BFED
:10F83000AD8859BF86F606BF9C5359BFE84B07BF3A
:10F840006A1E59BF36A107BF17E958BF6FF607BF39
:10F85000A1B358BF924B08BF0B7E58BFA1A008BFF1
:10F86000534858BF9BF508BF791258BF7F4A09BF5C
:10F870007FDC57BF4E9F09BF63A657BF09F409BF7E
:10F88000267057BFAD480ABFC73957BF3D9D0ABF55
:10F89000480357BFB7F10ABFA7CC56BF1C460BBFE2
:10F8A000E59556BF6B9A0BBF025F56BFA5EE0BBF27
:10F8B000FE2756BFC9420CBFD9F055BFD7960CBF23
:10F8C00093B955BFD0EA0CBF2C8255BFB33E0DBFD4
:10F8D000A44A55BF81920DBFFB1255BF38E60DBF3C
:10F8E00031DB54BFDA390EBF47A354BF658D0EBF5D
:10F8F0003B6B54BFDBE00EBF0F3354BF3B340FBF35
:10F90000C3FA53BF84870FBF55C253BFB8DA0FBFC6
:10F91000C78953BFD52D10BF185153BFDC8010BF0E
:10F92000491853BFCDD310BF59DF52BFA72611BF0F
:10F9300049A652BF6B7911BF186D52BF19CC11BFC8
:10F94000C63352BFB01E12BF54FA51BF307112BF3E
:10F95000C2C051BF9AC312BF108751BFEE1513BF6B
:10F960003D4D51BF2A6813BF4A1351BF50BA13BF50
:10F9700037D950BF5F0C14BF039F50BF585E14BFF0
:10F98000AF6450BF39B014BF3B2A50BF040215BF4B
:10F99000A8EF4FBFB75315BFF4B44FBF54A515BF61
:10F9A0001F7A4FBFD9F615BF2B3F4FBF474816BF31
:10F9B00017044FBF9F9916BFE4C84EBFDFEA16BFBA
:10F9C000908D4EBF073C17BF1C524EBF188D17BFFE
:10F9D00089164EBF12DE17BFD5DA4DBFF52E18BF00
:10F9E000029F4DBFC07F18BF10634DBF73D018BFBB
:10F9F000FD264DBF0F2119BFCBEA4CBF947119BF33
:10FA000079AE4CBF00C219BF08724CBF55121ABF65
:10FA100078354CBF93621ABFC7F84BBFB8B21ABF54
:10FA2000F8BB4BBFC6021BBF097F4BBFBB521BBFFE
:10FA3000FA414BBF99A21BBFCC044BBF5FF21BBF67
:10FA40007FC74ABF0C421CBF138A4ABFA2911CBF8A
:10FA5000874C4ABF1FE11CBFDC0E4ABF84301DBF6C
:10FA600012D149BFD17F1DBF299349BF06CF1DBF0A
:10FA7000215549BF221E1EBFFA1649BF266D1EBF63
:10FA8000B3D848BF12BC1EBF4E9A48BFE50A1FBF7D
:10FA9000CA5B48BF9F591FBF271D48BF41A81FBF52
:10FAA00065DE47BFCBF61FBF849F47BF3B4520BFE6
:10FAB000856047BF939320BF672147BFD2E120BF36
:10FAC0002AE246BFF92F21BFCEA246BF067E21BF44
:10FAD000546346BFFBCB21BFBB2346BFD71922BF10
:10FAE00003E445BF996722BF2DA445BF43B522BF9C
:10FAF000396445BFD30223BF262445BF4B5023BFE3
:10FB0000F5E344BFA99D23BFA5A344BFEEEA23BFED
:10FB1000376344BF1A3824BFAB2244BF2C8524BFAF
:10FB200000E243BF25D224BF38A143BF041F25BF35
:10FB3000516043BFCB6B25BF4C1F43BF77B825BF78
:10FB400029DE42BF0A0526BFE89C42BF845126BF7A
:10FB5000895B42BFE39D26BF0B1A42BF2AEA26BF3C
:10FB600070D841BF563627BFB79641BF688227BFBE
:10FB7000E15441BF61CE27BFEC1241BF401A28BFFC
:10FB8000DAD040BF056628BFA98E40BFB0B128BFFC
:10FB90005C4C40BF41FD28BFF00940BFB84829BFB9
:10FBA00067C73FBF159429BFC0843FBF57DF29BF38
:10FBB000FC413FBF802A2ABF1BFF3EBF8E752ABF74
:10FBC0001BBC3EBF82C02ABFFF783EBF5B0B2BBF72
:10FBD000C5353EBF1B562BBF6EF23DBFBFA02BBF2E
:10FBE000F9AE3DBF4AEB2BBF676B3DBFB9352CBFAC
:10FBF000B8273DBF0F802CBFECE33CBF49CA2CBFE8
:10FC000003A03CBF69142DBFFC5B3CBF6F5E2DBFE2
:10FC1000D9173CBF59A82DBF98D33BBF29F22DBFA0
:10FC20003B8F3BBFDE3B2EBFC14A3BBF78852EBF1B
:10FC300029063BBFF7CE2EBF75C13ABF5B182FBF59
:10FC4000A47C3ABFA5612FBFB7373ABFD3AA2FBF55
:10FC5000ACF239BFE6F32FBF85AD39BFDE3C30BF14
:10FC6000426839BFBB8530BFE12239BF7CCE30BF8F
:10FC700065DD38BF221731BFCB9738BFAD5F31BFCD
:10FC8000165238BF1DA831BF430C38BF71F031BFC9
:10FC900055C637BFAA3832BF4A8037BFC78032BF88
:10FCA000233A37BFC9C832BFDFF336BFAF1033BF07
:10FCB0007FAD36BF7A5833BF046736BF29A033BF44
:10FCC0006C2036BFBCE733BFB8D935BF342F34BF43
:10FCD000E79235BF8F7634BFFB4B35BFCFBD34BF06
:10FCE000F30435BFF30435BFCFBD34BFFB4B35BF85
:10FCF0008F7634BFE79235BF342F34BFB8D935BFC4
:10FD0000BCE733BF6C2036BF29A033BF046736BFC2
:10FD10007A5833BF7FAD36BFAF1033BFDFF336BF86
:10FD2000C9C832BF233A37BFC78032BF4A8037BF06
:10FD3000AA3832BF55C637BF71F031BF430C38BF48
:10FD40001DA831BF165238BFAD5F31BFCB9738BF4A
:10FD5000221731BF65DD38BF7CCE30BFE12239BF0D
:10FD6000BB8530BF426839BFDE3C30BF85AD39BF8F
:10FD7000E6F32FBFACF239BFD3AA2FBFB7373ABFD4
:10FD8000A5612FBFA47C3ABF5B182FBF75C13ABFD6
:10FD9000F7CE2EBF29063BBF78852EBFC14A3BBF99
:10FDA000DE3B2EBF3B8F3BBF29F22DBF98D33BBF1D
:10FDB00059A82DBFD9173CBF6F5E2DBFFC5B3CBF60
:10FDC00069142DBF03A03CBF49CA2CBFECE33CBF64
:10FDD0000F802CBFB8273DBFB9352CBF676B3DBF27
:10FDE0004AEB2BBFF9AE3DBFBFA02BBF6EF23DBFAC
:10FDF0001B562BBFC5353EBF5B0B2BBFFF783EBFED
:10FE000082C02ABF1BBC3EBF8E752ABF1BFF3EBFF0
:10FE1000802A2ABFFC413FBF57DF29BFC0843FBFB4
:10FE2000159429BF67C73FBFB84829BFF00940BF35
:10FE300041FD28BF5C4C40BFB0B128BFA98E40BF78
:10FE4000056628BFDAD040BF401A28BFEC1241BF78
:10FE500061CE27BFE15441BF688227BFB79641BF3B
:10FE6000563627BF70D841BF2AEA26BF0B1A42BFB9
:10FE7000E39D26BF895B42BF845126BFE89C42BFF9
:10FE80000A0526BF29DE42BF77B825BF4C1F43BFF6
:10FE9000CB6B25BF516043BF041F25BF38A143BFB3
:10FEA00025D224BF00E243BF2C8524BFAB2244BF30
:10FEB0001A3824BF376344BFEEEA23BFA5A344BF6B
:10FEC000A99D23BFF5E344BF4B5023BF262445BF64
:10FED000D30223BF396445BF43B522BF2DA445BF1C
:10FEE000996722BF03E445BFD71922BFBB2346BF92
:10FEF000FBCB21BF546346BF067E21BFCEA246BFC7
:10FF0000F92F21BF2AE246BFD2E120BF672147BFB8
:10FF1000939320BF856047BF3B4520BF849F47BF69
:10FF2000CBF61FBF65DE47BF41A81FBF271D48BFD7
:10FF30009F591FBFCA5B48BFE50A1FBF4E9A48BF03
:10FF400012BC1EBFB3D848BF266D1EBFFA1649BFEC
:10FF5000221E1EBF215549BF06CF1DBF299349BF91
:10FF6000D17F1DBF12D149BF84301DBFDC0E4ABFF7
:10FF70001FE11CBF874C4ABFA2911CBF138A4ABF16
:10FF80000C421CBF7FC74ABF5FF21BBFCC044BBFF4
:10FF900099A21BBFFA414BBFBB521BBF097F4BBF8E
:10FFA000C6021BBFF8BB4BBFB8B21ABFC7F84BBFE6
:10FFB00093621ABF78354CBF55121ABF08724CBFF6
:10FFC00000C219BF79AE4CBF947119BFCBEA4CBFC8
:10FFD0000F2119BFFD264DBF73D018BF10634DBF51
:10FFE000C07F18BF029F4DBFF52E18BFD5DA4DBF99
:10FFF00012DE17BF89164EBF188D17BF1C524EBF99
:020000040801F1
:10000000073C17BF908D4EBFDFEA16BFE4C84EBF56
:100010009F9916BF17044FBF474816BF2B3F4FBFCE
:10002000D9F615BF1F7A4FBF54A515BFF4B44FBF03
:10003000B75315BFA8EF4FBF040215BF3B2A50BFEF
:1000400039B014BFAF6450BF585E14BF039F50BF98
:100050005F0C14BF37D950BF50BA13BF4A1351BFFA
:100060002A6813BF3D4D51BFEE1513BF108751BF16
:100070009AC312BFC2C051BF307112BF54FA51BFF0
:10008000B01E12BFC63352BF19CC11BF186D52BF7C
:100090006B7911BF49A652BFA72611BF59DF52BFC6
:1000A000CDD310BF491853BFDC8010BF185153BFC8
:1000B000D52D10BFC78953BFB8DA0FBF55C253BF84
:1000C00084870FBFC3FA53BF3B340FBF0F3354BFF6
:1000D000DBE00EBF3B6B54BF658D0EBF47A354BF23
:1000E000DA390EBF31DB54BF38E60DBFFB1255BF06
:1000F00081920DBFA44A55BFB33E0DBF2C8255BFA0
:10010000D0EA0CBF93B955BFD7960CBFD9F055BFF5
:10011000C9420CBFFE2756BFA5EE0BBF025F56BFFC
:100120006B9A0BBFE59556BF1C460BBFA7CC56BFBD
:10013000B7F10ABF480357BF3D9D0ABFC73957BF34
:10014000AD480ABF267057BF09F409BF63A657BF61
:100150004E9F09BF7FDC57BF7F4A09BF791258BF46
:100160009BF508BF534858BFA1A008BF0B7E58BFDE
:10017000924B08BFA1B358BF6FF607BF17E958BF2E
:1001800036A107BF6A1E59BFE84B07BF9C5359BF32
:1001900086F606BFAD8859BF0EA106BF9CBD59BFEC
:1001A000824B06BF6AF259BFE2F505BF16275ABF58
:1001B0002CA005BFA05B5ABF624A05BF09905ABF79
:1001C00084F404BF50C45ABF919E04BF75F85ABF4F
:1001D000894804BF792C5BBF6DF203BF5A605BBFD7
:1001E0003D9C03BF1A945BBFF84503BFB8C75BBF14
:1001F0009FEF02BF34FB5BBF329902BF8E2E5CBF04
:10020000B14202BFC7615CBF1CEC01BFDD945CBFA3
:10021000739501BFD1C75CBFB53E01BFA3FA5CBFF8
:10022000E4E700BF532D5DBFFF9000BFE15F5DBFFE
:10023000063A00BF4D925DBFF3C5FFBE97C45DBFD8
:10024000B217FFBEBEF65DBF4A69FEBEC3285EBFE1
:10025000BBBAFDBEA65A5EBF040CFDBE678C5EBF76
:10026000275DFCBE05BE5EBF22AEFBBE81EF5EBF5A
:10027000F7FEFABEDB205FBFA54FFABE12525FBF8A
:100280002DA0F9BE27835FBF8EF0F8BE19B45FBF03
:10029000C840F8BEE9E45FBFDC90F7BE961560BFCA
:1002A000CBE0F6BE214660BF9330F6BE897660BFD4
:1002B0003580F5BECFA660BFB1CFF4BEF2D660BF29
:1002C000071FF4BEF20661BF386EF3BED03661BFC1
:1002D00043BDF2BE8A6661BF290CF2BE229661BFA1
:1002E000EA5AF1BE98C561BF85A9F0BEEAF461BFC4
:1002F000FBF7EFBE1A2462BF4C46EFBE265362BF27
:100300007994EEBE108262BF80E2EDBED7B062BFCC
:100310006330EDBE7BDF62BF217EECBEFC0D63BFB0
:10032000BBCBEBBE5A3C63BF3019EBBE956A63BFD3
:100330008166EABEAC9863BFAEB3E9BEA1C663BF37
:10034000B700E9BE73F463BF9C4DE8BE212264BFD1
:100350005D9AE7BEAC4F64BFFBE6E6BE147D64BFAA
:100360007533E6BE59AA64BFCB7FE5BE7BD764BFB9
:10037000FECBE4BE790465BF0E18E4BE543165BF00
:10038000FA63E3BE0B5E65BFC4AFE2BEA08A65BF81
:100390006AFBE1BE10B765BFEE46E1BE5EE365BF36
:1003A0004F92E0BE880F66BF8DDDDFBE8E3B66BF1D
:1003B000A928DFBE716766BFA273DEBE309366BF39
:1003C00079BEDDBECCBE66BF2E09DDBE45EA66BF86
:1003D000C153DCBE991567BF319EDBBECA4067BF03
:1003E00080E8DABED86B67BFAD32DABEC19667BFB0
:1003F000B97CD9BE87C167BFA3C6D8BE2AEC67BF88
:100400006B10D8BEA81668BF135AD7BE034168BF89
:1004100099A3D6BE396B68BFFDECD5BE4C9568BFBD
:100420004136D5BE3CBF68BF647FD4BE07E968BF14
:1004300067C8D3BEAE1269BF4811D3BE323C69BF94
:10044000095AD2BE916569BFAAA2D1BECC8E69BF3E
:100450002AEBD0BEE4B769BF8A33D0BED7E069BF0C
:10046000CA7BCFBEA7096ABFEAC3CEBE52326ABFFB
:10047000EA0BCEBED95A6ABFCA53CDBE3C836ABF0F
:100480008B9BCCBE7BAB6ABF2CE3CBBE95D36ABF44
:10049000AE2ACBBE8CFB6ABF1072CABE5E236BBF96
:1004A00053B9C9BE0C4B6BBF7700C9BE95726BBF09
:1004B0007C47C8BEFB996BBF628EC7BE3BC16BBF9A
:1004C00029D5C6BE58E86BBFD21BC6BE500F6CBF45
:1004D0005C62C5BE24366CBFC8A8C4BED45C6CBF09
:1004E00015EFC3BE5E836CBF4435C3BEC5A96CBFE8
:1004F000557BC2BE07D06CBF48C1C1BE24F66CBFDD
:100500001E07C1BE1D1C6DBFD54CC0BEF2416DBFE4
:100510006F92BFBEA1676DBFEBD7BEBE2D8D6DBF05
:100520004A1DBEBE93B26DBF8B62BDBED5D76DBF37
:10053000AFA7BCBEF2FC6DBFB6ECBBBEEB216EBF7D
:10054000A031BBBEBE466EBF6E76BABE6D6B6EBFCF
:100550001EBBB9BEF88F6EBFB2FFB8BE5DB46EBF32
:100560002A44B8BE9ED86EBF8488B7BEBAFC6EBFA0
:10057000C3CCB6BEB0206FBFE610B6BE83446FBF1B
:10058000EC54B5BE30686FBFD698B4BEB88B6FBFA1
:10059000A5DCB3BE1BAF6FBF5820B3BE5AD26FBF2E
:1005A000EF63B2BE73F56FBF6BA7B1BE671870BFC4
:1005B000CBEAB0BE373B70BF102EB0BEE15D70BF5E
:1005C0003A71AFBE668070BF49B4AEBEC6A270BFFE
:1005D0003CF7ADBE02C570BF153AADBE17E770BFA0
:1005E000D47CACBE080971BF77BFABBED42A71BF43
:1005F0000102ABBE7A4C71BF6F44AABEFB6D71BFE6
:10060000C486A9BE578F71BFFEC8A8BE8EB071BF89
:100610001F0BA8BE9FD171BF254DA7BE8CF271BF25
:10062000128FA6BE521372BFE5D0A5BEF43372BFBF
:100630009F12A5BE705472BF3F54A4BEC77472BF50
:10064000C595A3BEF89472BF33D7A2BE04B572BFDE
:100650008718A2BEEBD472BFC259A1BEACF472BF60
:10066000E59AA0BE471473BFEEDB9FBEBE3373BFD7
:10067000DF1C9FBE0E5373BFB85D9EBE397273BF41
:10068000789E9DBE3F9173BF20DF9CBE1FB073BF9D
:10069000AF1F9CBED9CE73BF27609BBE6EED73BFEC
:1006A00086A09ABEDD0B74BFCEE099BE272A74BF28
:1006B000FE2099BE4B4874BF166198BE496674BF50
:1006C00017A197BE228474BF00E196BED5A174BF66
:1006D000D22096BE62BF74BF8D6095BEC9DC74BF68
:1006E00031A094BE0BFA74BFBFDF93BE271775BF4E
:1006F000351F93BE1D3475BF945E92BEED5075BF1D
:10070000DD9D91BE976D75BF10DD90BE1C8A75BFD3
:100710002C1C90BE7BA675BF325B8FBEB3C275BF6B
:10072000229A8EBEC6DE75BFFCD88DBEB3FA75BFE9
:10073000C0178DBE7A1676BF6E568CBE1B3276BF42
:1007400007958BBE974D76BF8AD38ABEEC6876BF7D
:10075000F8118ABE1B8476BF505089BE249F76BF95
:10076000938E88BE07BA76BFC1CC87BEC4D476BF8D
:10077000DA0A87BE5BEF76BFDF4886BECC0977BF5B
:10078000CE8685BE172477BFAAC484BE3C3E77BF01
:10079000700284BE3A5877BF224083BE137277BF7F
:1007A000C07D82BEC58B77BF4ABB81BE51A577BFD6
:1007B000C0F880BEB7BE77BF223680BEF7D777BFFE
:1007C000E1E67EBE10F177BF56617DBE040A78BFB8
:1007D000A4DB7BBED12278BFCB557ABE773B78BFF6
:1007E000CCCF78BEF85378BFA64977BE526C78BF9D
:1007F0005AC375BE868478BFE83C74BE939C78BFAC
:1008000051B672BE7BB478BF942F71BE3BCC78BF1B
:10081000B2A86FBED6E378BFAB216EBE4AFB78BFED
:100820007F9A6CBE981279BF2F136BBEBF2979BF18
:10083000BA8B69BEC04079BF220468BE9A5779BF9F
:10084000667C66BE4E6E79BF86F464BEDC8479BF7A
:10085000836C63BE439B79BF5CE461BE83B179BFA7
:10086000135C60BE9DC779BFA8D35EBE91DD79BF22
:100870001A4B5DBE5EF379BF6AC25BBE04097ABFE4
:1008800097395ABE841E7ABFA4B058BEDD337ABFF2
:100890008F2757BE10497ABF589E55BE1C5E7ABF3F
:1008A000011554BE02737ABF898B52BEC1877ABFCD
:1008B000F10151BE599C7ABF38784FBECBB07ABF98
:1008C00060EE4DBE16C57ABF67644CBE3AD97ABF9A
:1008D0004FDA4ABE37ED7ABF185049BE0E017BBFD2
:1008E000C2C547BEBE147BBF4D3B46BE48287BBF3A
:1008F000B9B044BEAB3B7BBF072643BEE74E7BBFD0
:10090000379B41BEFC617BBF491040BEEA747BBF90
:100910003E853EBEB2877BBF15FA3CBE539A7BBF75
:10092000CF6E3BBECDAC7BBF6CE339BE20BF7BBF7F
:10093000EC5738BE4DD17BBF50CC36BE53E37BBFA6
:10094000984035BE31F57BBFC4B433BEE9067CBFE9
:10095000D42832BE7A187CBFC99C30BEE5297CBF42
:10096000A2102FBE283B7CBF61842DBE444C7CBFAF
:1009700004F82BBE3A5D7CBF8D6B2ABE086E7CBF2F
:10098000FCDE28BEB07E7CBF515227BE318F7CBFBB
:100990008CC525BE8A9F7CBFAD3824BEBDAF7CBF51
:1009A000B6AB22BEC9BF7CBFA51E21BEAECF7CBFE9
:1009B0007B911FBE6CDF7CBF38041EBE03EF7CBF83
:1009C000DE761CBE73FE7CBF6BE91ABEBC0D7DBF1C
:1009D000E05B19BEDD1C7DBF3DCE17BED82B7DBFB1
:1009E000834016BEAC3A7DBFB2B214BE59497DBF3A
:1009F000CA2413BEDE577DBFCC9611BE3D667DBFB7
:100A0000B70810BE74747DBF8B7A0EBE85827DBF21
:100A10004AEC0CBE6E907DBFF35D0BBE309E7DBF79
:100A200086CF09BECCAB7DBF054108BE40B97DBFB6
:100A30006EB206BE8CC67DBFC22305BEB2D37DBFDB
:100A4000029503BEB1E07DBF2E0602BE88ED7DBFDC
:100A5000457700BE38FA7DBF92D0FDBDC2067EBF8D
:100A600073B2FABD24137EBF2C94F7BD5E1F7EBF08
:100A7000C075F4BD722B7EBF2E57F1BD5E377EBFB1
:100A80007638EEBD23437EBF9A19EBBDC14E7EBFC3
:100A90009AFAE7BD385A7EBF76DBE4BD88657EBF33
:100AA0002EBCE1BDB0707EBFC49CDEBDB17B7EBFFD
:100AB000377DDBBD8B867EBF895DD8BD3D917EBF16
:100AC000B93DD5BDC99B7EBFC81DD2BD2DA67EBF79
:100AD000B7FDCEBD69B07EBF86DDCBBD7FBA7EBF20
:100AE00036BDC8BD6DC47EBFC69CC5BD34CE7EBFFD
:100AF000397CC2BDD4D77EBF8D5BBFBD4CE17EBF0C
:100B0000C33ABCBD9DEA7EBFDD19B9BDC7F37EBF48
:100B1000DAF8B5BDC9FC7EBFBBD7B2BDA4057FBFA7
:100B200080B6AFBD580E7FBF2B95ACBDE4167FBF1E
:100B3000BA73A9BD491F7FBF3052A6BD87277FBFAB
:100B40008C30A3BD9D2F7FBFCF0EA0BD8D377FBF43
:100B5000F9EC9CBD543F7FBF0ACB99BDF4467FBFE3
:100B600005A996BD6D4E7FBFE78693BDBF557FBF7C
:100B7000B46490BDE95C7FBF6A428DBDEC637FBF0A
:100B80000A208ABDC76A7FBF94FD86BD7B717FBF87
:100B90000ADB83BD08787FBF6CB880BD6D7E7FBFE8
:100BA000742B7BBDAB847FBFE9E574BDC28A7FBF78
:100BB00038A06EBDB1907FBF625A68BD78967FBF86
:100BC000681462BD189C7FBF4CCE5BBD91A17FBFF6
:100BD0000E8855BDE3A67FBFAF414FBD0DAC7FBFB3
:100BE0002FFB48BD0FB17FBF91B442BDEAB57FBFB7
:100BF000D56D3CBD9EBA7FBFFC2636BD2ABF7FBFE8
:100C000007E02FBD8FC37FBFF69829BDCCC77FBF3C
:100C1000CC5123BDE2CB7FBF880A1DBDD1CF7FBFA2
:100C20002CC316BD98D37FBFB87B10BD37D77FBF0D
:100C30002F340ABDAFDA7FBF90EC03BD00DE7FBF6B
:100C4000B949FBBC29E17FBF2DBAEEBC2BE47FBFC5
:100C50007B2AE2BC05E77FBFA69AD5BCB8E97FBF77
:100C6000B00AC9BC43EC7FBF9B7ABCBCA7EE7FBF78
:100C700069EAAFBCE3F07FBF1C5AA3BCF8F27FBFA8
:100C8000B6C996BCE6F47FBF38398ABCACF67FBFE4
:100C90004B517BBC4AF87FBF003062BCC1F97FBFBB
:100CA000900E49BC11FB7FBF02ED2FBC39FC7FBF0A
:100CB00059CB16BC39FD7FBF3053FBBB13FE7FBF42
:100CC000890FC9BBC4FE7FBFC1CB96BB4EFF7FBFA0
:100CD000C70F49BBB1FF7FBFD40FC9BAECFF7FBFBD
:100CE00000000080000080BFD40FC93AECFF7FBF36
:100CF000C70F493BB1FF7FBFC1CB963B4EFF7FBFC4
:100D0000890FC93BC4FE7FBF3053FB3B13FE7FBF3F
:100D100059CB163C39FD7FBF02ED2F3C39FC7FBF1C
:100D2000900E493C11FB7FBF0030623CC1F97FBF90
:100D30004B517B3C4AF87FBF38398A3CACF67FBFC9
:100D4000B6C9963CE6F47FBF1C5AA33CF8F27FBFBD
:100D500069EAAF3CE3F07FBF9B7ABC3CA7EE7FBF64
:100D6000B00AC93C43EC7FBFA69AD53CB8E97FBF27
:100D70007B2AE23C05E77FBF2DBAEE3C2BE47FBF28
:100D8000B949FB3C29E17FBF90EC033D00DE7FBF0A
:100D90002F340A3DAFDA7FBFB87B103D37D77FBF16
:100DA0002CC3163D98D37FBF880A1D3DD1CF7FBF8E
:100DB000CC51233DE2CB7FBFF698293DCCC77FBF06
:100DC00007E02F3D8FC37FBFFC26363D2ABF7FBF84
:100DD000D56D3C3D9EBA7FBF91B4423DEAB57FBF21
:100DE0002FFB483D0FB17FBFAF414F3D0DAC7FBFE3
:100DF0000E88553DE3A67FBF4CCE5B3D91A17FBFE2
:100E00006814623D189C7FBF625A683D78967FBF28
:100E100038A06E3DB1907FBFE9E5743DC28A7FBFC7
:100E2000742B7B3DAB847FBF6CB8803D6D7E7FBFF4
:100E30000ADB833D08787FBF94FD863D7B717FBFD1
:100E40000A208A3DC76A7FBF6A428D3DEC637FBF3F
:100E5000B464903DE95C7FBFE786933DBF557FBF9B
:100E600005A9963D6D4E7FBF0ACB993DF4467FBFE5
:100E7000F9EC9C3D543F7FBFCF0EA03D8D377FBF27
:100E80008C30A33D9D2F7FBF3052A63D87277FBF6B
:100E9000BA73A93D491F7FBF2B95AC3DE4167FBFB8
:100EA00080B6AF3D580E7FBFBBD7B23DA4057FBF14
:100EB000DAF8B53DC9FC7EBFDD19B93DC7F37EBF89
:100EC000C33ABC3D9DEA7EBF8D5BBF3D4CE17EBF1A
:100ED000397CC23DD4D77EBFC69CC53D34CE7EBFD3
:100EE00036BDC83D6DC47EBF86DDCB3D7FBA7EBFBB
:100EF000B7FDCE3D69B07EBFC81DD23D2DA67EBFD9
:100F0000B93DD53DC99B7EBF895DD83D3D917EBF32
:100F1000377DDB3D8B867EBFC49CDE3DB17B7EBFD3
:100F20002EBCE13DB0707EBF76DBE43D88657EBFC0
:100F30009AFAE73D385A7EBF9A19EB3DC14E7EBF03
:100F40007638EE3D23437EBF2E57F13D5E377EBFA0
:100F5000C075F43D722B7EBF2C94F73D5E1F7EBFA3
:100F600073B2FA3D24137EBF92D0FD3DC2067EBF10
:100F70004577003E38FA7DBF2E06023E88ED7DBFE4
:100F80000295033EB1E07DBFC223053EB2D37DBFD3
:100F90006EB2063E8CC67DBF0541083E40B97DBF9E
:100FA00086CF093ECCAB7DBFF35D0B3E309E7DBF4F
:100FB0004AEC0C3E6E907DBF8B7A0E3E85827DBFE3
:100FC000B708103E74747DBFCC96113E3D667DBF60
:100FD000CA24133EDE577DBFB2B2143E59497DBFCD
:100FE0008340163EAC3A7DBF3DCE173ED82B7DBF29
:100FF000E05B193EDD1C7DBF6BE91A3EBC0D7DBF79
:10100000DE761C3E73FE7CBF38041E3E03EF7CBFC1
:101010007B911F3E6CDF7CBFA51E213EAECF7CBF07
:10102000B6AB223EC9BF7CBFAD38243EBDAF7CBF4E
:101030008CC5253E8A9F7CBF5152273E318F7CBF95
:10104000FCDE283EB07E7CBF8D6B2A3E086E7CBFE6
:1010500004F82B3E3A5D7CBF61842D3E444C7CBF3E
:10106000A2102F3E283B7CBFC99C303EE5297CBFA7
:10107000D428323E7A187CBFC4B4333EE9067CBF24
:101080009840353E31F57BBF50CC363E53E37BBFB5
:10109000EC57383E4DD17BBF6CE3393E20BF7BBF60
:1010A000CF6E3B3ECDAC7BBF15FA3C3E539A7BBF27
:1010B0003E853E3EB2877BBF4910403EEA747BBF0F
:1010C000379B413EFC617BBF0726433EE74E7BBF1B
:1010D000B9B0443EAB3B7BBF4D3B463E48287BBF4F
:1010E000C2C5473EBE147BBF1850493E0E017BBFB0
:1010F0004FDA4A3E37ED7ABF67644C3E3AD97ABF41
:1011000060EE4D3E16C57ABF38784F3ECBB07ABF01
:10111000F101513E599C7ABF898B523EC1877ABFFB
:101120000115543E02737ABF589E553E1C5E7ABF2D
:101130008F27573E10497ABFA4B0583EDD337ABF9F
:1011400097395A3E841E7ABF6AC25B3E04097ABF51
:101150001A4B5D3E5EF379BFA8D35E3E91DD79BF49
:10116000135C603E9DC779BF5CE4613E83B179BF8B
:10117000836C633E439B79BF86F4643EDC8479BF15
:10118000667C663E4E6E79BF2204683E9A5779BFF0
:10119000BA8B693EC04079BF2F136B3EBF2979BF20
:1011A0007F9A6C3E981279BFAB216E3E4AFB78BFA6
:1011B000B2A86F3ED6E378BF942F713E3BCC78BF88
:1011C00051B6723E7BB478BFE83C743E939C78BFC6
:1011D0005AC3753E868478BFA649773E526C78BF65
:1011E000CCCF783EF85378BFCB557A3E773B78BF6B
:1011F000A4DB7B3ED12278BF56617D3E040A78BFD6
:10120000E1E67E3E10F177BF2236803EF7D777BF0A
:10121000C0F8803EB7BE77BF4ABB813E51A577BFBD
:10122000C07D823EC58B77BF2240833E137277BF5D
:101230007002843E3A5877BFAAC4843E3C3E77BFD2
:10124000CE86853E172477BFDF48863ECC0977BF20
:10125000DA0A873E5BEF76BFC1CC873EC4D476BF47
:10126000938E883E07BA76BF5050893E249F76BF42
:10127000F8118A3E1B8476BF8AD38A3EEC6876BF1B
:1012800007958B3E974D76BF6E568C3E1B3276BFD0
:10129000C0178D3E7A1676BFFCD88D3EB3FA75BF67
:1012A000229A8E3EC6DE75BF325B8F3EB3C275BFDB
:1012B0002C1C903E7BA675BF10DD903E1C8A75BF2E
:1012C000DD9D913E976D75BF945E923EED5075BF6A
:1012D000351F933E1D3475BFBFDF933E271775BF83
:1012E00031A0943E0BFA74BF8D60953EC9DC74BF8B
:1012F000D220963E62BF74BF00E1963ED5A174BF76
:1013000017A1973E228474BF1661983E496674BF48
:10131000FE20993E4B4874BFCEE0993E272A74BF09
:1013200086A09A3EDD0B74BF27609B3E6EED73BFB7
:10133000AF1F9C3ED9CE73BF20DF9C3E1FB073BF52
:10134000789E9D3E3F9173BFB85D9E3E397273BFDC
:10135000DF1C9F3E0E5373BFEEDB9F3EBE3373BF59
:10136000E59AA03E471473BFC259A13EACF472BFC8
:101370008718A23EEBD472BF33D7A23E04B572BF2A
:10138000C595A33EF89472BF3F54A43EC77472BF84
:101390009F12A53E705472BFE5D0A53EF43372BFD4
:1013A000128FA63E521372BF254DA73E8CF271BF1D
:1013B0001F0BA83E9FD171BFFEC8A83E8EB071BF63
:1013C000C486A93E578F71BF6F44AA3EFB6D71BFA3
:1013D0000102AB3E7A4C71BF77BFAB3ED42A71BFDE
:1013E000D47CAC3E080971BF153AAD3E17E770BF1B
:1013F0003CF7AD3E02C570BF49B4AE3EC6A270BF59
:101400003A71AF3E668070BF102EB03EE15D70BF96
:10141000CBEAB03E373B70BF6BA7B13E671870BFD9
:10142000EF63B23E73F56FBF5820B33E5AD26FBF21
:10143000A5DCB33E1BAF6FBFD698B43EB88B6FBF71
:10144000EC54B53E30686FBFE610B63E83446FBFC4
:10145000C3CCB63EB0206FBF8488B73EBAFC6EBF27
:101460002A44B83E9ED86EBFB2FFB83E5DB46EBF90
:101470001EBBB93EF88F6EBF6E76BA3E6D6B6EBF07
:10148000A031BB3EBE466EBFB6ECBB3EEB216EBF8D
:10149000AFA7BC3EF2FC6DBF8B62BD3ED5D76DBF22
:1014A0004A1DBE3E93B26DBFEBD7BE3E2D8D6DBFC4
:1014B0006F92BF3EA1676DBFD54CC03EF2416DBF7C
:1014C0001E07C13E1D1C6DBF48C1C13E24F66CBF46
:1014D000557BC23E07D06CBF4435C33EC5A96CBF27
:1014E00015EFC33E5E836CBFC8A8C43ED45C6CBF1E
:1014F0005C62C53E24366CBFD21BC63E500F6CBF2B
:1015000029D5C63E58E86BBF628EC73E3BC16BBF54
:101510007C47C83EFB996BBF7700C93E95726BBF95
:1015200053B9C93E0C4B6BBF1072CA3E5E236BBFF2
:10153000AE2ACB3E8CFB6ABF2CE3CB3E95D36ABF71
:101540008B9BCC3E7BAB6ABFCA53CD3E3C836ABF0C
:10155000EA0BCE3ED95A6ABFEAC3CE3E52326ABFC8
:10156000CA7BCF3EA7096ABF8A33D03ED7E069BFA6
:101570002AEBD03EE4B769BFAAA2D13ECC8E69BFA8
:10158000095AD23E916569BF4811D33E323C69BFCA
:1015900067C8D33EAE1269BF647FD43E07E968BF17
:1015A0004136D53E3CBF68BFFDECD53E4C9568BF8B
:1015B00099A3D63E396B68BF135AD73E034168BF23
:1015C0006B10D83EA81668BFA3C6D83E2AEC67BFEA
:1015D000B97CD93E87C167BFAD32DA3EC19667BFDD
:1015E00080E8DA3ED86B67BF319EDB3ECA4067BFFA
:1015F000C153DC3E991567BF2E09DD3E45EA66BF43
:1016000079BEDD3ECCBE66BFA273DE3E309366BFC0
:10161000A928DF3E716766BF8DDDDF3E8E3B66BF6A
:101620004F92E03E880F66BFEE46E13E5EE365BF47
:101630006AFBE13E10B765BFC4AFE23EA08A65BF5A
:10164000FA63E33E0B5E65BF0E18E43E543165BF9E
:10165000FECBE43E790465BFCB7FE53E7BD764BF1C
:101660007533E63E59AA64BFFBE6E63E147D64BFCF
:101670005D9AE73EAC4F64BF9C4DE83E212264BFBB
:10168000B700E93E73F463BFAEB3E93EA1C663BFE2
:101690008166EA3EAC9863BF3019EB3E956A63BF42
:1016A000BBCBEB3E5A3C63BF217EEC3EFC0D63BFDF
:1016B0006330ED3E7BDF62BF80E2ED3ED7B062BFBC
:1016C0007994EE3E108262BF4C46EF3E265362BFD5
:1016D000FBF7EF3E1A2462BF85A9F03EEAF461BF32
:1016E000EA5AF13E98C561BF290CF23E229661BFCD
:1016F00043BDF23E8A6661BF386EF33ED03661BFAD
:10170000071FF43EF20661BFB1CFF43EF2D660BFD0
:101710003580F53ECFA660BF9330F63E897660BF38
:10172000CBE0F63E214660BFDC90F73E961560BFE9
:10173000C840F83EE9E45FBF8EF0F83E19B45FBFE1
:101740002DA0F93E27835FBFA54FFA3E12525FBF1F
:10175000F7FEFA3EDB205FBF22AEFB3E81EF5EBFAD
:10176000275DFC3E05BE5EBF040CFD3E678C5EBF80
:10177000BBBAFD3EA65A5EBF4A69FE3EC3285EBFA5
:10178000B217FF3EBEF65DBFF3C5FF3E97C45DBF17
:10179000063A003F4D925DBFFF90003FE15F5DBFA5
:1017A000E4E7003F532D5DBFB53E013FA3FA5CBFA8
:1017B0007395013FD1C75CBF1CEC013FDD945CBF5A
:1017C000B142023FC7615CBF3299023F8E2E5CBFBF
:1017D0009FEF023F34FB5BBFF845033FB8C75BBFD9
:1017E0003D9C033F1A945BBF6DF2033F5A605BBFA1
:1017F0008948043F792C5BBF919E043F75F85ABF1E
:1018000084F4043F50C45ABF624A053F09905ABF4E
:101810002CA0053FA05B5ABFE2F5053F16275ABF33
:10182000824B063F6AF259BF0EA1063F9CBD59BFCD
:1018300086F6063FAD8859BFE84B073F9C5359BF1A
:1018400036A1073F6A1E59BF6FF6073F17E958BF19
:10185000924B083FA1B358BFA1A0083F0B7E58BFD1
:101860009BF5083F534858BF7F4A093F791258BF3C
:101870004E9F093F7FDC57BF09F4093F63A657BF5E
:10188000AD480A3F267057BF3D9D0A3FC73957BF35
:10189000B7F10A3F480357BF1C460B3FA7CC56BFC2
:1018A0006B9A0B3FE59556BFA5EE0B3F025F56BF07
:1018B000C9420C3FFE2756BFD7960C3FD9F055BF03
:1018C000D0EA0C3F93B955BFB33E0D3F2C8255BFB4
:1018D00081920D3FA44A55BF38E60D3FFB1255BF1C
:1018E000DA390E3F31DB54BF658D0E3F47A354BF3D
:1018F000DBE00E3F3B6B54BF3B340F3F0F3354BF15
:1019000084870F3FC3FA53BFB8DA0F3F55C253BFA6
:10191000D52D103FC78953BFDC80103F185153BFEE
:10192000CDD3103F491853BFA726113F59DF52BFEF
:101930006B79113F49A652BF19CC113F186D52BFA8
:10194000B01E123FC63352BF3071123F54FA51BF1E
:101950009AC3123FC2C051BFEE15133F108751BF4B
:101960002A68133F3D4D51BF50BA133F4A1351BF30
:101970005F0C143F37D950BF585E143F039F50BFD0
:1019800039B0143FAF6450BF0402153F3B2A50BF2B
:10199000B753153FA8EF4FBF54A5153FF4B44FBF41
:1019A000D9F6153F1F7A4FBF4748163F2B3F4FBF11
:1019B0009F99163F17044FBFDFEA163FE4C84EBF9A
:1019C000073C173F908D4EBF188D173F1C524EBFDE
:1019D00012DE173F89164EBFF52E183FD5DA4DBFE0
:1019E000C07F183F029F4DBF73D0183F10634DBF9B
:1019F0000F21193FFD264DBF9471193FCBEA4CBF13
:101A000000C2193F79AE4CBF55121A3F08724CBF45
:101A100093621A3F78354CBFB8B21A3FC7F84BBF34
:101A2000C6021B3FF8BB4BBFBB521B3F097F4BBFDE
:101A300099A21B3FFA414BBF5FF21B3FCC044BBF47
:101A40000C421C3F7FC74ABFA2911C3F138A4ABF6A
:101A50001FE11C3F874C4ABF84301D3FDC0E4ABF4C
:101A6000D17F1D3F12D149BF06CF1D3F299349BFEA
:101A7000221E1E3F215549BF266D1E3FFA1649BF43
:101A800012BC1E3FB3D848BFE50A1F3F4E9A48BF5D
:101A90009F591F3FCA5B48BF41A81F3F271D48BF32
:101AA000CBF61F3F65DE47BF3B45203F849F47BFC6
:101AB0009393203F856047BFD2E1203F672147BF16
:101AC000F92F213F2AE246BF067E213FCEA246BF24
:101AD000FBCB213F546346BFD719223FBB2346BFF0
:101AE0009967223F03E445BF43B5223F2DA445BF7C
:101AF000D302233F396445BF4B50233F262445BFC3
:101B0000A99D233FF5E344BFEEEA233FA5A344BFCD
:101B10001A38243F376344BF2C85243FAB2244BF8F
:101B200025D2243F00E243BF041F253F38A143BF15
:101B3000CB6B253F516043BF77B8253F4C1F43BF58
:101B40000A05263F29DE42BF8451263FE89C42BF5A
:101B5000E39D263F895B42BF2AEA263F0B1A42BF1C
:101B60005636273F70D841BF6882273FB79641BF9E
:101B700061CE273FE15441BF401A283FEC1241BFDC
:101B80000566283FDAD040BFB0B1283FA98E40BFDC
:101B900041FD283F5C4C40BFB848293FF00940BF99
:101BA0001594293F67C73FBF57DF293FC0843FBF18
:101BB000802A2A3FFC413FBF8E752A3F1BFF3EBF54
:101BC00082C02A3F1BBC3EBF5B0B2B3FFF783EBF52
:101BD0001B562B3FC5353EBFBFA02B3F6EF23DBF0E
:101BE0004AEB2B3FF9AE3DBFB9352C3F676B3DBF8C
:101BF0000F802C3FB8273DBF49CA2C3FECE33CBFC8
:101C000069142D3F03A03CBF6F5E2D3FFC5B3CBFC2
:101C100059A82D3FD9173CBF29F22D3F98D33BBF80
:101C2000DE3B2E3F3B8F3BBF78852E3FC14A3BBFFB
:101C3000F7CE2E3F29063BBF5B182F3F75C13ABF39
:101C4000A5612F3FA47C3ABFD3AA2F3FB7373ABF35
:101C5000E6F32F3FACF239BFDE3C303F85AD39BFF4
:101C6000BB85303F426839BF7CCE303FE12239BF6F
:101C70002217313F65DD38BFAD5F313FCB9738BFAD
:101C80001DA8313F165238BF71F0313F430C38BFA9
:101C9000AA38323F55C637BFC780323F4A8037BF68
:101CA000C9C8323F233A37BFAF10333FDFF336BFE7
:101CB0007A58333F7FAD36BF29A0333F046736BF24
:101CC000BCE7333F6C2036BF342F343FB8D935BF23
:101CD0008F76343FE79235BFCFBD343FFB4B35BFE6
:101CE000F304353FF30435BFFB4B353FCFBD34BF65
:101CF000E792353F8F7634BFB8D9353F342F34BFA4
:101D00006C20363FBCE733BF0467363F29A033BFA2
:101D10007FAD363F7A5833BFDFF3363FAF1033BF66
:101D2000233A373FC9C832BF4A80373FC78032BFE6
:101D300055C6373FAA3832BF430C383F71F031BF28
:101D40001652383F1DA831BFCB97383FAD5F31BF2A
:101D500065DD383F221731BFE122393F7CCE30BFED
:101D60004268393FBB8530BF85AD393FDE3C30BF6F
:101D7000ACF2393FE6F32FBFB7373A3FD3AA2FBFB4
:101D8000A47C3A3FA5612FBF75C13A3F5B182FBFB6
:101D900029063B3FF7CE2EBFC14A3B3F78852EBF79
:101DA0003B8F3B3FDE3B2EBF98D33B3F29F22DBFFD
:101DB000D9173C3F59A82DBFFC5B3C3F6F5E2DBF40
:101DC00003A03C3F69142DBFECE33C3F49CA2CBF44
:101DD000B8273D3F0F802CBF676B3D3FB9352CBF07
:101DE000F9AE3D3F4AEB2BBF6EF23D3FBFA02BBF8C
:101DF000C5353E3F1B562BBFFF783E3F5B0B2BBFCD
:101E00001BBC3E3F82C02ABF1BFF3E3F8E752ABFD0
:101E1000FC413F3F802A2ABFC0843F3F57DF29BF94
:101E200067C73F3F159429BFF009403FB84829BF15
:101E30005C4C403F41FD28BFA98E403FB0B128BF58
:101E4000DAD0403F056628BFEC12413F401A28BF58
:101E5000E154413F61CE27BFB796413F688227BF1B
:101E600070D8413F563627BF0B1A423F2AEA26BF99
:101E7000895B423FE39D26BFE89C423F845126BFD9
:101E800029DE423F0A0526BF4C1F433F77B825BFD6
:101E90005160433FCB6B25BF38A1433F041F25BF93
:101EA00000E2433F25D224BFAB22443F2C8524BF10
:101EB0003763443F1A3824BFA5A3443FEEEA23BF4B
:101EC000F5E3443FA99D23BF2624453F4B5023BF44
:101ED0003964453FD30223BF2DA4453F43B522BFFC
:101EE00003E4453F996722BFBB23463FD71922BF72
:101EF0005463463FFBCB21BFCEA2463F067E21BFA7
:101F00002AE2463FF92F21BF6721473FD2E120BF98
:101F10008560473F939320BF849F473F3B4520BF49
:101F200065DE473FCBF61FBF271D483F41A81FBFB7
:101F3000CA5B483F9F591FBF4E9A483FE50A1FBFE3
:101F4000B3D8483F12BC1EBFFA16493F266D1EBFCC
:101F50002155493F221E1EBF2993493F06CF1DBF71
:101F600012D1493FD17F1DBFDC0E4A3F84301DBFD7
:101F7000874C4A3F1FE11CBF138A4A3FA2911CBFF6
:101F80007FC74A3F0C421CBFCC044B3F5FF21BBFD4
:101F9000FA414B3F99A21BBF097F4B3FBB521BBF6E
:101FA000F8BB4B3FC6021BBFC7F84B3FB8B21ABFC6
:101FB00078354C3F93621ABF08724C3F55121ABFD6
:101FC00079AE4C3F00C219BFCBEA4C3F947119BFA8
:101FD000FD264D3F0F2119BF10634D3F73D018BF31
:101FE000029F4D3FC07F18BFD5DA4D3FF52E18BF79
:101FF00089164E3F12DE17BF1C524E3F188D17BF79
:10200000908D4E3F073C17BFE4C84E3FDFEA16BF36
:1020100017044F3F9F9916BF2B3F4F3F474816BFAE
:102020001F7A4F3FD9F615BFF4B44F3F54A515BFE3
:10203000A8EF4F3FB75315BF3B2A503F040215BFCF
:10204000AF64503F39B014BF039F503F585E14BF78
:1020500037D9503F5F0C14BF4A13513F50BA13BFDA
:102060003D4D513F2A6813BF1087513FEE1513BFF6
:10207000C2C0513F9AC312BF54FA513F307112BFD0
:10208000C633523FB01E12BF186D523F19CC11BF5C
:1020900049A6523F6B7911BF59DF523FA72611BFA6
:1020A0004918533FCDD310BF1851533FDC8010BFA8
:1020B000C789533FD52D10BF55C2533FB8DA0FBF64
:1020C000C3FA533F84870FBF0F33543F3B340FBFD6
:1020D0003B6B543FDBE00EBF47A3543F658D0EBF03
:1020E00031DB543FDA390EBFFB12553F38E60DBFE6
:1020F000A44A553F81920DBF2C82553FB33E0DBF80
:1021000093B9553FD0EA0CBFD9F0553FD7960CBFD5
:10211000FE27563FC9420CBF025F563FA5EE0BBFDC
:10212000E595563F6B9A0BBFA7CC563F1C460BBF9D
:102130004803573FB7F10ABFC739573F3D9D0ABF14
:102140002670573FAD480ABF63A6573F09F409BF41
:102150007FDC573F4E9F09BF7912583F7F4A09BF26
:102160005348583F9BF508BF0B7E583FA1A008BFBE
:10217000A1B3583F924B08BF17E9583F6FF607BF0E
:102180006A1E593F36A107BF9C53593FE84B07BF12
:10219000AD88593F86F606BF9CBD593F0EA106BFCC
:1021A0006AF2593F824B06BF16275A3FE2F505BF38
:1021B000A05B5A3F2CA005BF09905A3F624A05BF59
:1021C00050C45A3F84F404BF75F85A3F919E04BF2F
:1021D000792C5B3F894804BF5A605B3F6DF203BFB7
:1021E0001A945B3F3D9C03BFB8C75B3FF84503BFF4
:1021F00034FB5B3F9FEF02BF8E2E5C3F329902BFE4
:10220000C7615C3FB14202BFDD945C3F1CEC01BF83
:10221000D1C75C3F739501BFA3FA5C3FB53E01BFD8
:10222000532D5D3FE4E700BFE15F5D3FFF9000BFDE
:102230004D925D3F063A00BF97C45D3FF3C5FFBEB8
:10224000BEF65D3FB217FFBEC3285E3F4A69FEBEC1
:10225000A65A5E3FBBBAFDBE678C5E3F040CFDBE56
:1022600005BE5E3F275DFCBE81EF5E3F22AEFBBE3A
:10227000DB205F3FF7FEFABE12525F3FA54FFABE6A
:1022800027835F3F2DA0F9BE19B45F3F8EF0F8BEE3
:10229000E9E45F3FC840F8BE9615603FDC90F7BEAA
:1022A0002146603FCBE0F6BE8976603F9330F6BEB4
:1022B000CFA6603F3580F5BEF2D6603FB1CFF4BE09
:1022C000F206613F071FF4BED036613F386EF3BEA1
:1022D0008A66613F43BDF2BE2296613F290CF2BE81
:1022E00098C5613FEA5AF1BEEAF4613F85A9F0BEA4
:1022F0001A24623FFBF7EFBE2653623F4C46EFBE07
:102300001082623F7994EEBED7B0623F80E2EDBEAC
:102310007BDF623F6330EDBEFC0D633F217EECBE90
:102320005A3C633FBBCBEBBE956A633F3019EBBEB3
:10233000AC98633F8166EABEA1C6633FAEB3E9BE17
:1023400073F4633FB700E9BE2122643F9C4DE8BEB1
:10235000AC4F643F5D9AE7BE147D643FFBE6E6BE8A
:1023600059AA643F7533E6BE7BD7643FCB7FE5BE99
:102370007904653FFECBE4BE5431653F0E18E4BEE0
:102380000B5E653FFA63E3BEA08A653FC4AFE2BE61
:1023900010B7653F6AFBE1BE5EE3653FEE46E1BE16
:1023A000880F663F4F92E0BE8E3B663F8DDDDFBEFD
:1023B0007167663FA928DFBE3093663FA273DEBE19
:1023C000CCBE663F79BEDDBE45EA663F2E09DDBE66
:1023D0009915673FC153DCBECA40673F319EDBBEE3
:1023E000D86B673F80E8DABEC196673FAD32DABE90
:1023F00087C1673FB97CD9BE2AEC673FA3C6D8BE68
:10240000A816683F6B10D8BE0341683F135AD7BE69
:10241000396B683F99A3D6BE4C95683FFDECD5BE9D
:102420003CBF683F4136D5BE07E9683F647FD4BEF4
:10243000AE12693F67C8D3BE323C693F4811D3BE74
:102440009165693F095AD2BECC8E693FAAA2D1BE1E
:10245000E4B7693F2AEBD0BED7E0693F8A33D0BEEC
:10246000A7096A3FCA7BCFBE52326A3FEAC3CEBEDB
:10247000D95A6A3FEA0BCEBE3C836A3FCA53CDBEEF
:102480007BAB6A3F8B9BCCBE95D36A3F2CE3CBBE24
:102490008CFB6A3FAE2ACBBE5E236B3F1072CABE76
:1024A0000C4B6B3F53B9C9BE95726B3F7700C9BEE9
:1024B000FB996B3F7C47C8BE3BC16B3F628EC7BE7A
:1024C00058E86B3F29D5C6BE500F6C3FD21BC6BE25
:1024D00024366C3F5C62C5BED45C6C3FC8A8C4BEE9
:1024E0005E836C3F15EFC3BEC5A96C3F4435C3BEC8
:1024F00007D06C3F557BC2BE24F66C3F48C1C1BEBD
:102500001D1C6D3F1E07C1BEF2416D3FD54CC0BEC4
:10251000A1676D3F6F92BFBE2D8D6D3FEBD7BEBEE5
:1025200093B26D3F4A1DBEBED5D76D3F8B62BDBE17
:10253000F2FC6D3FAFA7BCBEEB216E3FB6ECBBBE5D
:10254000BE466E3FA031BBBE6D6B6E3F6E76BABEAF
:10255000F88F6E3F1EBBB9BE5DB46E3FB2FFB8BE12
:102560009ED86E3F2A44B8BEBAFC6E3F8488B7BE80
:10257000B0206F3FC3CCB6BE83446F3FE610B6BEFB
:1025800030686F3FEC54B5BEB88B6F3FD698B4BE81
:102590001BAF6F3FA5DCB3BE5AD26F3F5820B3BE0E
:1025A00073F56F3FEF63B2BE6718703F6BA7B1BEA4
:1025B000373B703FCBEAB0BEE15D703F102EB0BE3E
:1025C0006680703F3A71AFBEC6A2703F49B4AEBEDE
:1025D00002C5703F3CF7ADBE17E7703F153AADBE80
:1025E0000809713FD47CACBED42A713F77BFABBE23
:1025F0007A4C713F0102ABBEFB6D713F6F44AABEC6
:10260000578F713FC486A9BE8EB0713FFEC8A8BE69
:102610009FD1713F1F0BA8BE8CF2713F254DA7BE05
:102620005213723F128FA6BEF433723FE5D0A5BE9F
:102630007054723F9F12A5BEC774723F3F54A4BE30
:10264000F894723FC595A3BE04B5723F33D7A2BEBE
:10265000EBD4723F8718A2BEACF4723FC259A1BE40
:102660004714733FE59AA0BEBE33733FEEDB9FBEB7
:102670000E53733FDF1C9FBE3972733FB85D9EBE21
:102680003F91733F789E9DBE1FB0733F20DF9CBE7D
:10269000D9CE733FAF1F9CBE6EED733F27609BBECC
:1026A000DD0B743F86A09ABE272A743FCEE099BE08
:1026B0004B48743FFE2099BE4966743F166198BE30
:1026C0002284743F17A197BED5A1743F00E196BE46
:1026D00062BF743FD22096BEC9DC743F8D6095BE48
:1026E0000BFA743F31A094BE2717753FBFDF93BE2E
:1026F0001D34753F351F93BEED50753F945E92BEFD
:10270000976D753FDD9D91BE1C8A753F10DD90BEB3
:102710007BA6753F2C1C90BEB3C2753F325B8FBE4B
:10272000C6DE753F229A8EBEB3FA753FFCD88DBEC9
:102730007A16763FC0178DBE1B32763F6E568CBE22
:10274000974D763F07958BBEEC68763F8AD38ABE5D
:102750001B84763FF8118ABE249F763F505089BE75
:1027600007BA763F938E88BEC4D4763FC1CC87BE6D
:102770005BEF763FDA0A87BECC09773FDF4886BE3B
:102780001724773FCE8685BE3C3E773FAAC484BEE1
:102790003A58773F700284BE1372773F224083BE5F
:1027A000C58B773FC07D82BE51A5773F4ABB81BEB6
:1027B000B7BE773FC0F880BEF7D7773F223680BEDE
:1027C00010F1773FE1E67EBE040A783F56617DBE98
:1027D000D122783FA4DB7BBE773B783FCB557ABED6
:1027E000F853783FCCCF78BE526C783FA64977BE7D
:1027F0008684783F5AC375BE939C783FE83C74BE8C
:102800007BB4783F51B672BE3BCC783F942F71BEFB
:10281000D6E3783FB2A86FBE4AFB783FAB216EBECD
:102820009812793F7F9A6CBEBF29793F2F136BBEF8
:10283000C040793FBA8B69BE9A57793F220468BE7F
:102840004E6E793F667C66BEDC84793F86F464BE5A
:10285000439B793F836C63BE83B1793F5CE461BE87
:102860009DC7793F135C60BE91DD793FA8D35EBE02
:102870005EF3793F1A4B5DBE04097A3F6AC25BBEC4
:10288000841E7A3F97395ABEDD337A3FA4B058BED2
:1028900010497A3F8F2757BE1C5E7A3F589E55BE1F
:1028A00002737A3F011554BEC1877A3F898B52BEAD
:1028B000599C7A3FF10151BECBB07A3F38784FBE78
:1028C00016C57A3F60EE4DBE3AD97A3F67644CBE7A
:1028D00037ED7A3F4FDA4ABE0E017B3F185049BEB2
:1028E000BE147B3FC2C547BE48287B3F4D3B46BE1A
:1028F000AB3B7B3FB9B044BEE74E7B3F072643BEB0
:10290000FC617B3F379B41BEEA747B3F491040BE70
:10291000B2877B3F3E853EBE539A7B3F15FA3CBE55
:10292000CDAC7B3FCF6E3BBE20BF7B3F6CE339BE5F
:102930004DD17B3FEC5738BE53E37B3F50CC36BE86
:1029400031F57B3F984035BEE9067C3FC4B433BEC9
:102950007A187C3FD42832BEE5297C3FC99C30BE22
:10296000283B7C3FA2102FBE444C7C3F61842DBE8F
:102970003A5D7C3F04F82BBE086E7C3F8D6B2ABE0F
:10298000B07E7C3FFCDE28BE318F7C3F515227BE9B
:102990008A9F7C3F8CC525BEBDAF7C3FAD3824BE31
:1029A000C9BF7C3FB6AB22BEAECF7C3FA51E21BEC9
:1029B0006CDF7C3F7B911FBE03EF7C3F38041EBE63
:1029C00073FE7C3FDE761CBEBC0D7D3F6BE91ABEFC
:1029D000DD1C7D3FE05B19BED82B7D3F3DCE17BE91
:1029E000AC3A7D3F834016BE59497D3FB2B214BE1A
:1029F000DE577D3FCA2413BE3D667D3FCC9611BE97
:102A000074747D3FB70810BE85827D3F8B7A0EBE01
:102A10006E907D3F4AEC0CBE309E7D3FF35D0BBE59
:102A2000CCAB7D3F86CF09BE40B97D3F054108BE96
:102A30008CC67D3F6EB206BEB2D37D3FC22305BEBB
:102A4000B1E07D3F029503BE88ED7D3F2E0602BEBC
:102A500038FA7D3F457700BEC2067E3F92D0FDBD6D
:102A600024137E3F73B2FABD5E1F7E3F2C94F7BDE8
:102A7000722B7E3FC075F4BD5E377E3F2E57F1BD91
:102A800023437E3F7638EEBDC14E7E3F9A19EBBDA3
:102A9000385A7E3F9AFAE7BD88657E3F76DBE4BD13
:102AA000B0707E3F2EBCE1BDB17B7E3FC49CDEBDDD
:102AB0008B867E3F377DDBBD3D917E3F895DD8BDF6
:102AC000C99B7E3FB93DD5BD2DA67E3FC81DD2BD59
:102AD00069B07E3FB7FDCEBD7FBA7E3F86DDCBBD00
:102AE0006DC47E3F36BDC8BD34CE7E3FC69CC5BDDD
:102AF000D4D77E3F397CC2BD4CE17E3F8D5BBFBDEC
:102B00009DEA7E3FC33ABCBDC7F37E3FDD19B9BD28
:102B1000C9FC7E3FDAF8B5BDA4057F3FBBD7B2BD87
:102B2000580E7F3F80B6AFBDE4167F3F2B95ACBDFE
:102B3000491F7F3FBA73A9BD87277F3F3052A6BD8B
:102B40009D2F7F3F8C30A3BD8D377F3FCF0EA0BD23
:102B5000543F7F3FF9EC9CBDF4467F3F0ACB99BDC3
:102B60006D4E7F3F05A996BDBF557F3FE78693BD5C
:102B7000E95C7F3FB46490BDEC637F3F6A428DBDEA
:102B8000C76A7F3F0A208ABD7B717F3F94FD86BD67
:102B900008787F3F0ADB83BD6D7E7F3F6CB880BDC8
:102BA000AB847F3F742B7BBDC28A7F3FE9E574BD58
:102BB000B1907F3F38A06EBD78967F3F625A68BD66
:102BC000189C7F3F681462BD91A17F3F4CCE5BBDD6
:102BD000E3A67F3F0E8855BD0DAC7F3FAF414FBD93
:102BE0000FB17F3F2FFB48BDEAB57F3F91B442BD97
:102BF0009EBA7F3FD56D3CBD2ABF7F3FFC2636BDC8
:102C00008FC37F3F07E02FBDCCC77F3FF69829BD1C
:102C1000E2CB7F3FCC5123BDD1CF7F3F880A1DBD82
:102C200098D37F3F2CC316BD37D77F3FB87B10BDED
:102C3000AFDA7F3F2F340ABD00DE7F3F90EC03BD4B
:102C400029E17F3FB949FBBC2BE47F3F2DBAEEBCA5
:102C500005E77F3F7B2AE2BCB8E97F3FA69AD5BC57
:102C600043EC7F3FB00AC9BCA7EE7F3F9B7ABCBC58
:102C7000E3F07F3F69EAAFBCF8F27F3F1C5AA3BC88
:102C8000E6F47F3FB6C996BCACF67F3F38398ABCC4
:102C90004AF87F3F4B517BBCC1F97F3F003062BC9B
:102CA00011FB7F3F900E49BC39FC7F3F02ED2FBCEA
:102CB00039FD7F3F59CB16BC13FE7F3F3053FBBB22
:102CC000C4FE7F3F890FC9BB4EFF7F3FC1CB96BB80
:102CD000B1FF7F3FC70F49BBECFF7F3FD40FC9BA9D
:102CE0003031323334353637383941424344454642
:102CF000403058003031323334353637383961623C
:102D0000636465664030780004000008000000003D
:102D1000000000020001000010000000024000005E
:102D2000000000A00000000005400000000000C8F6
:102D3000000000000C4000000000409C000000006B
:102D4000194000000020BCBE00000000344000001C
:102D5000BFC91B8E00000004B5400000504BCFD00F
:102D60006607E2CF010000006C4100003E8251AADC
:102D7000DFEEA73401000000D9420000DCB5A0E27C
:102D80003A301F97FFFFFFFFB4450000FD25A0C8A4
:102D9000E9A3C14FFFFFFFFFFF3F000000000080DD
:102DA00000000000FF3F0000000000800000000065
:102DB000EC2D0108000000203C000000C4010008C8
:102DC000282E01083C0000203C370000E0010008EC
:102DD0001C00000043000000F8FFFFFF0C00000093
:102DE0000E0000000F0000002E0000000000000098
:102DF000007A030A00000000000000000102030442
:102E0000060708090000FFFF0100000000000000A5
:102E100000000000000000000000010203040102A5
:082E2000030406070809000085
:040000050800018965
:00000001FF
