:020000040800F2
:10000000680C002099610008F9020008FB02000852
:10001000FF020008030300080703000800000000B7
:100020000000000000000000000000000B030008BA
:100030000D030008000000000F0300081103000872
:10004000B3610008B3610008B3610008B361000840
:10005000B3610008B3610008B3610008B361000830
:10006000B3610008555D00089B5D0008B36100089E
:10007000B3610008B3610008B3610008B361000810
:10008000B3610008B3610008B3610008B361000800
:10009000B3610008B3610008B3610008B3610008F0
:1000A000B3610008B3610008B3610008B3610008E0
:1000B00043470008B3610008B3610008B36100085A
:1000C000B3610008B3610008B3610008B3610008C0
:1000D000B36100082960000855610008B361000899
:1000E000B3610008B3610008B3610008B3610008A0
:1000F000B3610008B3610008B3610008B361000890
:10010000B3610008B3610008B3610008B36100087F
:10011000B3610008B3610008B3610008B36100086F
:10012000B3610008B3610008B3610008B36100085F
:10013000B3610008B3610008B3610008B36100084F
:10014000B3610008B3610008B3610008B36100083F
:10015000B3610008B3610008B3610008B36100082F
:10016000B3610008B3610008B3610008B36100081F
:10017000B3610008B3610008B3610008B36100080F
:10018000B3610008B361000800F002F800F064F801
:100190000AA090E8000C82448344AAF10107DA45E2
:1001A00001D100F059F8AFF2090EBAE80F0013F0D0
:1001B000010F18BFFB1A43F001031847C8A700003E
:1001C000E8A700000A444FF0000C10F8013B13F0C0
:1001D000070408BF10F8014B1D1108BF10F8015BA0
:1001E000641E05D010F8016B641E01F8016BF9D193
:1001F00013F0080F1EBF10F8014BAD1C0C1B09D1EA
:100200006D1E58BF01F801CBFAD505E014F8016B5B
:1002100001F8016B6D1EF9D59142D6D370470000ED
:100220000023002400250026103A28BF78C1FBD8FF
:10023000520728BF30C148BF0B607047642908F0DF
:100240005181632908F03A82002070471FB508F0F9
:10025000A5FF1FBD10B510BD08F06EFA1146FFF7DF
:10026000F5FF00F009F808F08CFA03B4FFF7F2FF8D
:1002700003BC05F079FE00004FF4A06005F0ACFF70
:10028000A82005F0EFFD4FF4E13005F07AFE00F014
:1002900049F900F0D8FD03F08DFC154AA72140F282
:1002A000E73003F009FD124A532140F2E73003F032
:1002B000BCFD04F0BDFC04F045FC04F07EFC03F042
:1002C000FFFE03F051FE05F026FC05F003FD05F0EE
:1002D000C3FB05F0FEF805F083FD06A008F098F8D2
:1002E00005E005F031F904F021FF05F08EF8F8E79C
:1002F0000000002032000000704700BFFEE700BF92
:10030000FEE700BFFEE700BFFEE77047704770479B
:10031000704700000CB500200190009076480068FE
:1003200040F480307449086000BF7348006800F4EE
:10033000003000900198401C0190009818B9019875
:10034000B0F5A04FF1D16C48006800F4003010B156
:100350000120009001E0002000900098012846D183
:1003600065484030006840F0805063494031086083
:100370006248006840F44040604908605E480830C8
:1003800000685D49083108600846006840F4004094
:1003900008600846006840F4A05008605848091FEB
:1003A0000860081F006840F08070091F086000BFE7
:1003B0005148006800F000700028F9D040F2057044
:1003C000504908604C480830006820F003004A4952
:1003D000083108600846006840F00200086000BF6D
:1003E00045480830006800F00C000828F8D10CBD22
:1003F00010B54548006840F47000434908603E4825
:10040000006840F001003C49086000203A4908318A
:100410000860394800683D490840374908603C4851
:10042000091D0860081F006820F48020091F08606B
:10043000002031490C310860FFF76CFF4FF000607D
:1004400031498039086010BD70B5002000220223B8
:1004500000240221284D08352D6805F00C0020B13C
:10046000042806D0082834D107E02A4D2A4E3560EA
:1004700033E02A4D284E35602FE01F4D2D1D2D688D
:10048000C5F380541C4D2D1D2D6805F03F0154B15E
:10049000224DB5FBF1F5184E361D3668C6F38816A9
:1004A00005FB06F209E01B4DB5FBF1F5124E361DBA
:1004B0003668C6F3881605FB06F20F4D2D1D2D6814
:1004C000C5F301456D1C6B00B2FBF3F5124E3560B0
:1004D00003E0104D104E356000BF00BF064D0835DB
:1004E0002D68C5F303150E4E705D0B4D2D68C5408C
:1004F000094E356070BD00000038024000700040B9
:1005000008544007003C024088ED00E0FFFFF6FE83
:10051000103000240024F4001000002000127A00A3
:10052000140000201CB50121202006F0CDFC4FF462
:10053000C060009001208DF8040000208DF80600B6
:1005400003208DF8050001208DF807006946044856
:1005500005F038FF4FF4C061014805F0AFFF1CBD46
:100560000014024001B5BDF800000090BDF8000085
:10057000FE49088008BD01B5BDF800000090BDF837
:100580000000FA49891C088008BD08B5F748801C9E
:1005900000880090BDF8000008BDF44A10804FF0BC
:1005A000D842A2F88010704710B504462046FFF7E5
:1005B000D9FF052005F070FCFFF7E7FF10BDEC4800
:1005C0000089EA4908807047E849891C088070471B
:1005D00030B5014601F01F04C1F34513CA0AE50214
:1005E00005EB43151544A8B230BD00BF011EA0F1B4
:1005F0000102D0B2FAD1704710B502460C46DC4871
:10060000808841F66311884247D1D9488079A8B9DA
:10061000D7480088401E801A82B2D5494889FFF722
:10062000A1FF0020FFF7A7FF0020FFF7A4FF101293
:10063000FFF7A1FFD0B2FFF79EFF16E0CC49488933
:10064000FFF790FF1012FFF796FFD0B2FFF793FF6E
:10065000C7490988491EC1F30F20FFF78CFFC44921
:100660000978491EC8B2FFF786FFC1498889FFF79C
:1006700079FF2012FFF77FFFE0B2FFF77CFFBC4954
:100680004988491EC1F30F20FFF775FFB8498978E3
:10069000491EC8B2FFF76FFF3AE0B548808845F2BF
:1006A0001051884220D1B2494889FFF75BFF1012F0
:1006B000FFF761FFAE494989491C88B2FFF752FF35
:1006C000D0B2FFF758FFAA498889FFF74BFF2012E5
:1006D000FFF751FFA6498989491C88B2FFF742FFFD
:1006E000E0B2FFF748FF13E0A1494889FFF73AFF5E
:1006F0001012FFF740FFD0B2FFF73DFF9C498889F9
:10070000FFF730FF2012FFF736FFE0B2FFF733FFAD
:1007100010BD2DE9F04105460E4600240027A046F5
:1007200093480088A84203DD91484088B04202DC2B
:100730000020BDE8F08131462846FFF75DFF8C4878
:10074000808845F21051884204D14FF43850FFF7A9
:1007500009FF02E02E20FFF705FFFFF716FF044612
:100760008348808841F66311884201D12046E0E742
:10077000FFF70BFF0446FFF708FF8046E7B24FF68E
:10078000FF7000EA0727E012C002B91240EA4110E8
:1007900040EAE820CDE700B57548808845F2105161
:1007A000884204D14FF42450FFF7DCFE02E02920F8
:1007B000FFF7D8FE00BD00B56D48808845F21051A6
:1007C000884204D14FF42050FFF7CCFE02E02820ED
:1007D000FFF7C8FE00BDF0B50546002400276448B9
:1007E0008079012805D16248808841F663118842EA
:1007F00008D15F488079F0B95D48808841F663117F
:10080000884218D1082D15D2DFE805F00406080A41
:100810000C0E101206250DE007250BE0042509E05B
:10082000052507E0012505E0002503E0032501E09B
:10083000022500BF00BF082D1CD2DFE805F004062A
:10084000090C0F12151800BF14E044F0800411E0E9
:1008500044F040040EE044F0C0040BE044F02004F7
:1008600008E044F0600405E044F0A00402E044F035
:10087000E00400BF00BF3E48808845F21051884226
:1008800002D14FF4585700E036273948808849F2A2
:100890004131884205D03648808847F289718842C4
:1008A00001D144F0080421463846FFF776FE30486F
:1008B000808841F6631188421DD004F0200068B1A1
:1008C0002B4800882A494988884214DA2848068833
:1008D000408827490880084646800CE02448008864
:1008E00023494988884206DD2148068840882049F6
:1008F0000880084646801E48808845F2105188428C
:1009000057D11B494889FFF72DFE0020FFF733FE22
:1009100017494989491C88B2FFF724FE0020FFF7D8
:100920002AFE13494989891C88B2FFF71BFE10492A
:100930000988491EC1F30F20FFF71DFE0C494989A4
:10094000C91C88B2FFF70EFE09490978491EC8B2D2
:10095000FFF711FE06498889FFF704FE0020FFF724
:100960000AFE03498989491C88B203E07E00006CB5
:1009700058020020FFF7F6FD0020FFF7FCFDFE49BE
:100980008989891C88B2FFF7EDFDFB494988491E1A
:10099000C1F30F20FFF7EFFDF7498989C91C88B221
:1009A000FFF7E0FDF4498978491EC8B2FFF7E3FD7F
:1009B0002DE0F1494889FFF7D5FD0020FFF7DBFD69
:1009C0000020FFF7D8FDEC490988491EC1F30F202C
:1009D000FFF7D1FDE8490978491EC8B2FFF7CBFD02
:1009E000E5498889FFF7BEFD0020FFF7C4FD002020
:1009F000FFF7C1FDE0494988491EC1F30F20FFF709
:100A0000BAFDDD498978491EC8B2FFF7B4FDF0BDD3
:100A100030B504460D4629462046FFF7EDFDFFF7A9
:100A2000CEFDD6480088D649088030BD30B5044692
:100A30000D46D148808845F21051884220D1CE49D8
:100A40004889FFF78FFD2012FFF795FDCA494989B4
:100A5000491C88B2FFF786FDE0B2FFF78CFDC6495E
:100A60008889FFF77FFD2812FFF785FDC249898934
:100A7000491C88B2FFF776FDE8B2FFF77CFD42E043
:100A8000BD48808841F66311884228D1BA488079F0
:100A900020B9B9480088401E001B84B2B649488975
:100AA000FFF760FD2012FFF766FDE0B2FFF763FD80
:100AB0002012FFF760FDE0B2FFF75DFDAE498889C7
:100AC000FFF750FD2812FFF756FDE8B2FFF753FD80
:100AD0002812FFF750FDE8B2FFF74DFD13E0A649DD
:100AE0004889FFF73FFD2012FFF745FDE0B2FFF711
:100AF00042FDA1498889FFF735FD2812FFF73BFD2C
:100B0000E8B2FFF738FD9C4800899D49891E08809E
:100B10004FF0D840A0F8802030BD70B52DED048B8B
:100B20000446BE20FFF71EFD0520FFF724FD2046EA
:100B300008F0C6F841EC190B9FED920B53EC102B0B
:100B400008F00EF941EC180B08F076F885B228464B
:100B5000FFF711FD0120FFF70EFDFF20FFF70BFD52
:100B60000020FFF708FD0020FFF705FDBDEC048B1A
:100B700070BD10B5044680488471002C45D1F0202A
:100B80007D4908804FF4A07048800846808845F26F
:100B90001051884210D14FF43050774908814FF4FA
:100BA000285048814FF42C5088814FF4F070088011
:100BB0004FF4487048801AE06F48808841F663110E
:100BC00088420DD12C206C4908812B2048812A2095
:100BD00088814FF4F07008804FF44870488006E038
:100BE0002C20654908812A2048812B208881624871
:100BF000808845F2103188424CD14FF4A0705E4994
:100C000008804FF4F070488044E04FF4A0705A49D7
:100C10000880F02048800846808845F210518842BC
:100C200010D14FF43050544908814FF42850488176
:100C30004FF42C5088814FF4487008804FF4F070C6
:100C400048801AE04C48808841F6631188420DD1F3
:100C50002C20494908812A2048812B2088814FF483
:100C6000487008804FF4F070488006E02C2042491C
:100C700008812A2048812B2088813F48808845F2BE
:100C80001031884206D14FF4F0703B4908804FF490
:100C9000A07048800020FFF79EFD10BD2DE9F041B7
:100CA00004460D461E46A018401E87B2A819401ED5
:100CB0001FFA80F83048808841F66311884231D1AC
:100CC0002D48807901282DD02B480088801A001BE0
:100CD00084B2A819401E86B227494889FFF742FC12
:100CE0002012FFF748FCE0B2FFF745FCA118491EAF
:100CF000C1F30F20FFF73FFCA118491EC8B2FFF750
:100D00003AFC1D498889FFF72DFC2812FFF733FCB8
:100D1000E8B2FFF730FC3012FFF72DFCF0B2FFF71E
:100D20002AFC79E01448808845F21051884251D15C
:100D300011494889FFF716FC2012FFF71CFC0E49E9
:100D40004989491C88B2FFF70DFCE0B2FFF713FC9C
:100D500009494989891C88B2FFF704FC3812FFF75A
:100D60000AFC05494989C91C88B2FFF7FBFBF8B2A8
:100D7000FFF701FC004909E0580200202400002090
:100D80008000006C66666666666604408889FFF7C8
:100D9000E9FB2812FFF7EFFBFD498989491C88B25E
:100DA000FFF7E0FBE8B2FFF7E6FBF9498989891C08
:100DB00088B2FFF7D7FB4FEA2820FFF7DCFBF449A6
:100DC0008989C91C88B2FFF7CDFB08F0FF00FFF747
:100DD000D2FB21E0EE494889FFF7C4FB2012FFF760
:100DE000CAFBE0B2FFF7C7FB3812FFF7C4FBF8B24B
:100DF000FFF7C1FBE6498889FFF7B4FB2812FFF72C
:100E0000BAFBE8B2FFF7B7FB4FEA2820FFF7B3FBC6
:100E100008F0FF00FFF7AFFBBDE8F08170B50446B6
:100E20000026DB4805884088454300210846FFF737
:100E3000E3FBFFF7C4FB00BF02E0D6480480761C4A
:100E4000AE42FAD370BD00B5A1B0002020900121C0
:100E50007A2006F039F80121084606F06DF84FF4C3
:100E600000401E9001208DF87C0000208DF87E004F
:100E700002208DF87D0001208DF87F001EA9C64854
:100E800005F0A0FA4CF233701E9002208DF87C0021
:100E900000208DF87E0003208DF87D0001208DF864
:100EA0007F001EA9BD4805F08DFA4FF680701E9098
:100EB00002208DF87C0000208DF87E0003208DF844
:100EC0007D0001208DF87F001EA9B54805F07AFA53
:100ED0004FF480501E9002208DF87C0000208DF889
:100EE0007E0003208DF87D0001208DF87F001EA973
:100EF000AC4805F067FA4FF480501E9002208DF840
:100F00007C0000208DF87E0003208DF87D000120FC
:100F10008DF87F001EA9A44805F054FA0C22002188
:100F20009E4805F0DAFA0C2201219C4805F0D5FA1A
:100F30000C220421994805F0D0FA0C22052197488B
:100F400005F0CBFA0C220821944805F0C6FA0C22D1
:100F50000921924805F0C1FA0C220A218F4805F0B8
:100F6000BCFA0C220E218D4805F0B7FA0C220F2195
:100F70008A4805F0B2FA0C220721894805F0ADFA3B
:100F80000C220821864805F0A8FA0C220921844881
:100F900005F0A3FA0C220A21814805F09EFA0C22E2
:100FA0000B217F4805F099FA0C2211467C4805F088
:100FB00094FA0C220D217A4805F08FFA0C220E21AA
:100FC000774805F08AFA0C220F21754805F085FA5A
:100FD0000C221146734805F080FA0C221146724823
:100FE00005F07BFA0F200890002009903C200A9021
:100FF00000200B900C900D900E9009200190002085
:10100000029008200390002004900590069007901D
:1010100006200F90002010901190102012900020B8
:10102000139015901490169017904FF480501890CC
:10103000002019904FF480401A9000201B9008A8BF
:101040001C9001A81D900FA805F09BFA0121062015
:1010500005F022FB322004F067FFD320FFF782FA6D
:10106000FFF793FA4A498880FFF78FFA484988804A
:10107000FFF78BFA46498880084680884FF6FF7153
:1010800001EA002042498880FFF77FFA40498988B9
:1010900008433F4988800846808849F241318842A8
:1010A00075D00420FFF75EFAFFF76FFA38498880A1
:1010B000FFF76BFA36498880FFF767FA3449888072
:1010C000084680884FF6FF7101EA00203049888089
:1010D000FFF75BFA2E49898808432D498880084626
:1010E000808848F25251884203D147F289702849DA
:1010F00088802748808847F289718842D0D0D420E0
:10110000FFF730FAFFF741FA21498880FFF73DFAEF
:101110001F498880FFF739FA1D4988800846808872
:101120004FF6FF7101EA002019498880FFF72DFA78
:10113000174989880843164988800846808845F2FF
:101140001031884279D055214FF47040FFF725FACD
:10115000AA214FF20100FFF720FA52214FF20200BC
:10116000FFF71BFA08214FF20300FFF716FA0121DF
:101170004FF20400FFF711FA4FF44540FFF7F2F980
:10118000FFF703FA02498880084680880EE054E0A1
:10119000580200208000006C00040240000C024055
:1011A0000010024000140240001802404FF6FF7188
:1011B00001EA0020FE4988804CF20150FFF7D2F985
:1011C000FFF7E3F9FA4989880843F949888005203F
:1011D00004F0AAFEF6488088B0F5004F03D145F22E
:1011E0001050F3498880F248808845F210518842B7
:1011F00023D0A120FFF7B6F9FFF7C7F9EC498880A3
:10120000FFF7C3F9EA498880084680884FF6FF71E6
:1012100001EA0020E6498880FFF7B7F9E4498988A8
:101220000843E34988800846808845F26171884216
:1012300003D141F66310DE498880DD48808849F299
:101240004131884217D0DA48808847F28971884254
:1012500011D0D748808845F2103188420BD0D4484D
:10126000808845F21051884205D0D148808841F6E7
:10127000631188422CD1CF48006820F00F004FF056
:101280002041C1F81C010846D0F81C0120F4706010
:10129000C1F81C010846D0F81C0140F00300C1F859
:1012A0001C01C348808847F28971884208D1C1482F
:1012B000006840F440704FF02041C1F81C0107E085
:1012C000BC48006840F400704FF02041C1F81C0198
:1012D000B748808849F2413188427CD1CF20FFF75E
:1012E00041F90020FFF747F9C120FFF744F930200A
:1012F000FFF741F9ED20FFF735F96420FFF73BF9DF
:101300000320FFF738F91220FFF735F98120FFF7A6
:1013100032F9E820FFF726F98520FFF72CF9102095
:10132000FFF729F97A20FFF726F9CB20FFF71AF902
:101330003920FFF720F92C20FFF71DF90020FFF7D7
:101340001AF93420FFF717F90220FFF714F9F720F4
:10135000FFF708F92020FFF70EF9EA20FFF702F95E
:101360000020FFF708F90020FFF705F9C020FFF77C
:10137000F9F81B20FFF7FFF8C120FFF7F3F8012071
:10138000FFF7F9F8C520FFF7EDF83020FFF7F3F885
:101390003020FFF7F0F8C720FFF7E4F8B720FFF799
:1013A000EAF83620FFF7DEF84820FFF7E4F83A20A5
:1013B000FFF7D8F85520FFF7DEF8B120FFF7D2F895
:1013C0000020FFF7D8F81A20FFF7D5F8B620FFF76E
:1013D000C9F80A2000E099E0FFF7CDF8A220FFF756
:1013E000CAF8F220FFF7BEF80020FFF7C4F8262065
:1013F000FFF7B8F80120FFF7BEF8E020FFF7B2F8DA
:101400000F20FFF7B8F82A20FFF7B5F82820FFF7DC
:10141000B2F80820FFF7AFF80E20FFF7ACF808206D
:10142000FFF7A9F85420FFF7A6F8A920FFF7A3F8C3
:101430004320FFF7A0F80A20FFF79DF80F20FFF7E1
:101440009AF80020FFF797F80020FFF794F80020A3
:10145000FFF791F80020FFF78EF8E120FFF782F800
:101460000020FFF788F81520FFF785F81720FFF711
:1014700082F80720FFF77FF81120FFF77CF806209D
:10148000FFF779F82B20FFF776F85620FFF773F86F
:101490003C20FFF770F80520FFF76DF81020FFF7EC
:1014A0006AF80F20FFF767F83F20FFF764F83F2046
:1014B000FFF761F80F20FFF75EF82B20FFF752F8D7
:1014C0000020FFF758F80020FFF755F80120FFF73C
:1014D00052F83F20FFF74FF82A20FFF743F800208B
:1014E000FFF749F80020FFF746F80020FFF743F820
:1014F000EF20FFF740F81120FFF734F8782004F0D0
:1015000013FD2920FFF72EF802F0ABB82848808899
:1015100047F2897188427DD11120FFF723F87820A6
:1015200004F002FD3620FFF71DF80020FFF723F836
:101530003A20FFF717F80520FFF71DF8B220FFF754
:1015400011F80C20FFF717F80C20FFF714F8002013
:10155000FFF711F83320FFF70EF83320FFF70BF8F1
:10156000B720FEF7FFFF3520FFF705F8BB20FEF799
:10157000F9FF3220FEF7FFFFC020FEF7F3FF0C203B
:10158000FEF7F9FFC220FEF7EDFF0120FEF7F3FFA3
:10159000C320FEF7E7FF1020FEF7EDFFC420FEF7A3
:1015A000E1FF2020FEF7E7FFC620FEF7DBFF03E0A8
:1015B000580200201C0100A00F20FEF7DCFFD02005
:1015C000FEF7D0FFA420FEF7D6FFA120FEF7D3FF41
:1015D000E020FEF7C7FFD020FEF7CDFF0020FEF78A
:1015E000CAFF0220FEF7C7FF0720FEF7C4FF0A204C
:1015F000FEF7C1FF2820FEF7BEFF3220FEF7BBFF3B
:101600004420FEF7B8FF4220FEF7B5FF0620FEF7A4
:10161000B2FF00E05AE00E20FEF7ADFF1220FEF709
:10162000AAFF1420FEF7A7FF1720FEF7A4FFE12072
:10163000FEF798FFD020FEF79EFF0020FEF79BFFED
:101640000220FEF798FF0720FEF795FF0A20FEF71D
:1016500092FF2820FEF78FFF3120FEF78CFF5420E9
:10166000FEF789FF4720FEF786FF0E20FEF783FF77
:101670001C20FEF780FF1720FEF77DFF1B20FEF7E2
:101680007AFF1E20FEF777FF2A20FEF76BFF00206F
:10169000FEF771FF0020FEF76EFF0020FEF76BFFE4
:1016A000EF20FEF768FF2B20FEF75CFF0020FEF71F
:1016B00062FF0020FEF75FFF0120FEF75CFF3F2086
:1016C000FEF759FF2920FEF74DFF1DE7FE488088F1
:1016D00045F21031884240F07C87ED20FEF742FF52
:1016E0000120FEF748FFFE20FEF745FFEE20FEF743
:1016F00039FFDE20FEF73FFF2120FEF73CFFF120FF
:10170000FEF730FF0120FEF736FFDF20FEF72AFF4D
:101710001020FEF730FFC420FEF724FF8F20FEF7D5
:101720002AFFC620FEF71EFF0020FEF724FFE2205E
:10173000FEF721FFE220FEF71EFFE220FEF71BFF6F
:10174000BF20FEF70FFFAA20FEF715FFB020FEF71F
:1017500009FF0D20FEF70FFF0020FEF70CFF0D2004
:10176000FEF709FF0020FEF706FF1120FEF703FF3A
:101770000020FEF700FF1920FEF7FDFE0020FEF717
:10178000FAFE2120FEF7F7FE0020FEF7F4FE2D20E2
:10179000FEF7F1FE0020FEF7EEFE3D20FEF7EBFE29
:1017A0000020FEF7E8FE5D20FEF7E5FE0020FEF7D4
:1017B000E2FE5D20FEF7DFFE0020FEF7DCFEB1203A
:1017C000FEF7D0FE8020FEF7D6FE0020FEF7D3FE07
:1017D0008B20FEF7D0FE0020FEF7CDFE9620FEF710
:1017E000CAFE0020FEF7C7FEB220FEF7BBFE0020B7
:1017F000FEF7C1FE0020FEF7BEFE0220FEF7BBFE94
:101800000020FEF7B8FE0320FEF7B5FE0020FEF72D
:10181000B2FEB320FEF7A6FE0020FEF7ACFE0020CD
:10182000FEF7A9FE0020FEF7A6FE0020FEF7A3FEAD
:101830000020FEF7A0FE0020FEF79DFE0020FEF730
:101840009AFE0020FEF797FE0020FEF794FE00208F
:10185000FEF791FE0020FEF78EFE0020FEF78BFEC5
:101860000020FEF788FE0020FEF785FE0020FEF730
:1018700082FE0020FEF77FFE0020FEF77CFE0020A7
:10188000FEF779FE0020FEF776FE0020FEF773FEDD
:101890000020FEF770FE0020FEF76DFE0020FEF730
:1018A0006AFE0020FEF767FEB420FEF75BFE8B2089
:1018B000FEF761FE0020FEF75EFE9620FEF75BFE5F
:1018C0000020FEF758FEA120FEF755FE0020FEF78F
:1018D00052FEB520FEF746FE0220FEF74CFE002029
:1018E000FEF749FE0320FEF746FE0020FEF743FE0A
:1018F0000420FEF740FE0020FEF73DFEB620FEF776
:1019000031FE0020FEF737FE0020FEF734FEB72040
:10191000FEF728FE0020FEF72EFE0020FEF72BFE2D
:101920003F20FEF728FE0020FEF725FE5E20FEF792
:1019300022FE0020FEF71FFE6420FEF71CFE0020A2
:10194000FEF719FE8C20FEF716FE0020FEF713FEB0
:10195000AC20FEF710FE0020FEF70DFEDC20FEF7A7
:101960000AFE0020FEF707FE7020FEF704FE0020AE
:10197000FEF701FE9020FEF7FEFD0020FEF7FBFDC6
:10198000EB20FEF7F8FD0020FEF7F5FDDC20FEF76A
:10199000F2FD0020FEF7EFFDB820FEF7E3FD00208A
:1019A000FEF7E9FD0020FEF7E6FD0020FEF7E3FD6F
:1019B0000020FEF7E0FD0020FEF7DDFD0020FEF731
:1019C000DAFD0020FEF7D7FD0020FEF7D4FDBA2097
:1019D000FEF7C8FD2420FEF7CEFD0020FEF7CBFD6C
:1019E0000020FEF7C8FD0020FEF7C5FDC120FEF770
:1019F000B9FD2020FEF7BFFD0020FEF7BCFD5420FE
:101A0000FEF7B9FD0020FEF7B6FDFF20FEF7B3FD9F
:101A10000020FEF7B0FDC220FEF7A4FD0A20FEF76D
:101A2000AAFD0020FEF7A7FD0420FEF7A4FD00207C
:101A3000FEF7A1FDC320FEF795FD3C20FEF79BFDC0
:101A40000020FEF798FD3A20FEF795FD0020FEF7F6
:101A500092FD3920FEF78FFD0020FEF78CFD372028
:101A6000FEF789FD0020FEF786FD3C20FEF783FD92
:101A70000020FEF780FD3620FEF77DFD0020FEF7FA
:101A80007AFD3220FEF777FD0020FEF774FD2F204F
:101A9000FEF771FD0020FEF76EFD2C20FEF76BFDBA
:101AA0000020FEF768FD2920FEF765FD0020FEF707
:101AB00062FD2620FEF75FFD0020FEF75CFD24207E
:101AC000FEF759FD002001E058020020FEF753FD0B
:101AD0002420FEF750FD0020FEF74DFD2320FEF7E9
:101AE0004AFD0020FEF747FD3C20FEF744FD0020A4
:101AF000FEF741FD3620FEF73EFD0020FEF73BFDE0
:101B00003220FEF738FD0020FEF735FD2F20FEF7CE
:101B100032FD0020FEF72FFD2C20FEF72CFD0020CB
:101B2000FEF729FD2920FEF726FD0020FEF723FD04
:101B30002620FEF720FD0020FEF71DFD2420FEF7E5
:101B40001AFD0020FEF717FD2420FEF714FD0020EB
:101B5000FEF711FD2320FEF70EFD0020FEF70BFD22
:101B6000C420FEF7FFFC6220FEF705FD0020FEF713
:101B700002FD0520FEF7FFFC0020FEF7FCFC8420A0
:101B8000FEF7F9FC0020FEF7F6FCF020FEF7F3FC70
:101B90000020FEF7F0FC1820FEF7EDFC0020FEF719
:101BA000EAFCA420FEF7E7FC0020FEF7E4FC182086
:101BB000FEF7E1FC0020FEF7DEFC5020FEF7DBFC28
:101BC0000020FEF7D8FC0C20FEF7D5FC0020FEF725
:101BD000D2FC1720FEF7CFFC0020FEF7CCFC9520AE
:101BE000FEF7C9FC0020FEF7C6FCF320FEF7C3FC9D
:101BF0000020FEF7C0FCE620FEF7BDFC0020FEF74B
:101C0000BAFCC520FEF7AEFC3220FEF7B4FC002083
:101C1000FEF7B1FC4420FEF7AEFC0020FEF7ABFC63
:101C20006520FEF7A8FC0020FEF7A5FC7620FEF755
:101C3000A2FC0020FEF79FFC8820FEF79CFC002001
:101C4000FEF799FCC620FEF78DFC2020FEF793FCE2
:101C50000020FEF790FC1720FEF78DFC0020FEF719
:101C60008AFC0120FEF787FC0020FEF784FCC720D9
:101C7000FEF778FC0020FEF77EFC0020FEF77BFCE0
:101C80000020FEF778FC0020FEF775FCC820FEF768
:101C900069FC0020FEF76FFC0020FEF76CFC0020C2
:101CA000FEF769FC0020FEF766FCC920FEF75AFC2F
:101CB0000020FEF760FC0020FEF75DFC0020FEF730
:101CC0005AFC0020FEF757FC0020FEF754FC0020D1
:101CD000FEF751FC0020FEF74EFC0020FEF74BFC07
:101CE0000020FEF748FC0020FEF745FC0020FEF730
:101CF00042FC0020FEF73FFC0020FEF73CFC0020E9
:101D0000FEF739FC0020FEF736FC0020FEF733FC1E
:101D1000E020FEF727FC1620FEF72DFC0020FEF742
:101D20002AFC1C20FEF727FC0020FEF724FC2120C3
:101D3000FEF721FC0020FEF71EFC3620FEF71BFC00
:101D40000020FEF718FC4620FEF715FC0020FEF7E9
:101D500012FC5220FEF70FFC0020FEF70CFC642062
:101D6000FEF709FC0020FEF706FC7A20FEF703FCD4
:101D70000020FEF700FC8B20FEF7FDFB0020FEF7A5
:101D8000FAFB9920FEF7F7FB0020FEF7F4FBA820F2
:101D9000FEF7F1FB0020FEF7EEFBB920FEF7EBFBB0
:101DA0000020FEF7E8FBC420FEF7E5FB0020FEF76D
:101DB000E2FBCA20FEF7DFFB0020FEF7DCFBD220AF
:101DC000FEF7D9FB0020FEF7D6FBD920FEF7D3FBA8
:101DD0000020FEF7D0FBE020FEF7CDFB0020FEF751
:101DE000CAFBF320FEF7C7FB0020FEF7C4FBE1208F
:101DF000FEF7B8FB1620FEF7BEFB0020FEF7BBFB8C
:101E00001C20FEF7B8FB0020FEF7B5FB2220FEF7F2
:101E1000B2FB0020FEF7AFFB3620FEF7ACFB002044
:101E2000FEF7A9FB4520FEF7A6FB0020FEF7A3FB6B
:101E30005220FEF7A0FB0020FEF79DFB6420FEF77A
:101E40009AFB0020FEF797FB7A20FEF794FB002018
:101E5000FEF791FB8B20FEF78EFB0020FEF78BFB3D
:101E60009920FEF788FB0020FEF785FBA820FEF7EF
:101E700082FB0020FEF77FFBB920FEF77CFB0020F1
:101E8000FEF779FBC420FEF776FB0020FEF773FB1C
:101E9000CA20FEF770FB0020FEF76DFBD220FEF794
:101EA0006AFB0020FEF767FBD820FEF764FB0020EA
:101EB000FEF761FBE020FEF75EFB0020FEF75BFB18
:101EC000F320FEF758FB0020FEF755FBE220FEF75B
:101ED00049FB0520FEF74FFB0020FEF74CFB0B20D3
:101EE000FEF749FB0020FEF746FB1B20FEF743FBF5
:101EF0000020FEF740FB3420FEF73DFB0020FEF7FC
:101F00003AFB4420FEF737FB0020FEF734FB4F205E
:101F1000FEF731FB0020FEF72EFB6120FEF72BFBC6
:101F20000020FEF728FB7920FEF725FB0020FEF7B6
:101F300022FB8820FEF71FFB0020FEF71CFB9720EA
:101F4000FEF719FB0020FEF716FBA620FEF713FB99
:101F50000020FEF710FBB720FEF70DFB0020FEF778
:101F60000AFBC220FEF707FB0020FEF704FBC72098
:101F7000FEF701FB0020FEF7FEFAD120FEF7FBFA88
:101F80000020FEF7F8FAD620FEF7F5FA0020FEF75B
:101F9000F2FADD20FEF7EFFA0020FEF7ECFAF3206C
:101FA000FEF7E9FA0020FEF7E6FAE320FEF7DAFA98
:101FB0000520FEF7E0FA0020FEF7DDFA0A20FEF722
:101FC000DAFA0020FEF7D7FA1C20FEF7D4FA002038
:101FD000FEF7D1FA3320FEF7CEFA0020FEF7CBFA57
:101FE0004420FEF7C8FA0020FEF7C5FA5020FEF79D
:101FF000C2FA0020FEF7BFFA6220FEF7BCFA00200A
:10200000FEF7B9FA7820FEF7B6FA0020FEF7B3FA29
:102010008820FEF7B0FA0020FEF7ADFA9720FEF711
:10202000AAFA0020FEF7A7FAA620FEF7A4FA0020DD
:10203000FEF7A1FAB720FEF79EFA0020FEF79BFA02
:10204000C220FEF798FA0020FEF795FAC720FEF7A7
:1020500092FA0020FEF78FFAD120FEF78CFA0020CA
:10206000FEF789FAD520FEF786FA0020FEF783FAFC
:10207000DD20FEF780FA0020FEF77DFAF320FEF760
:102080007AFA0020FEF777FAE420FEF76BFA0120D7
:10209000FEF771FA0020FEF76EFA0120FEF76BFAE8
:1020A0000020FEF768FA0220FEF765FA0020FEF72E
:1020B00062FA2A20FEF75FFA0020FEF75CFA3C2065
:1020C000FEF759FA0020FEF756FA4B20FEF753FAB6
:1020D0000020FEF750FA5D20FEF74DFA0020FEF7D3
:1020E0004AFA7420FEF747FA0020FEF744FA8420EB
:1020F000FEF741FA0020FEF73EFA9320FEF73BFA86
:102100000020FEF738FAA220FEF735FA0020FEF78D
:1021100032FAB320FEF72FFA0020FEF72CFABE2089
:10212000FEF729FA0020FEF726FAC420FEF723FA6C
:102130000020FEF720FACD20FEF71DFA0020FEF762
:102140001AFAD320FEF717FA0020FEF714FADD2062
:10215000FEF711FA0020FEF70EFAF320FEF70BFA55
:102160000020FEF708FAE520FEF7FCF90020FEF754
:1021700002FA0020FEF7FFF90020FEF7FCF900202C
:10218000FEF7F9F90220FEF7F6F90020FEF7F3F961
:102190002920FEF7F0F90020FEF7EDF93C20FEF7CC
:1021A000EAF90020FEF7E7F94B20FEF7E4F90020FA
:1021B000FEF7E1F95D20FEF7DEF90020FEF7DBF91E
:1021C0007420FEF7D8F90020FEF7D5F98420FEF739
:1021D000D2F90020FEF7CFF99320FEF7CCF90020CA
:1021E000FEF7C9F9A220FEF7C6F90020FEF7C3F9F1
:1021F000B320FEF7C0F90020FEF7BDF9BE20FEF7C0
:10220000BAF90020FEF7B7F9C420FEF7B4F90020B0
:10221000FEF7B1F9CD20FEF7AEF90020FEF7ABF9DD
:10222000D320FEF7A8F90020FEF7A5F9DC20FEF781
:10223000A2F90020FEF79FF9F320FEF79CF9002099
:10224000FEF799F9E620FEF78DF91120FEF793F9D4
:102250000020FEF790F93420FEF78DF90020FEF7FC
:102260008AF95620FEF787F90020FEF784F97620D8
:10227000FEF781F90020FEF77EF97720FEF77BF963
:102280000020FEF778F96620FEF775F90020FEF7CA
:1022900072F98820FEF76FF90020FEF76CF999209B
:1022A000FEF769F90020FEF766F9BB20FEF763F937
:1022B0000020FEF760F99920FEF75DF90020FEF797
:1022C0005AF96620FEF757F90020FEF754F9552019
:1022D000FEF751F90020FEF74EF95520FEF74BF9B5
:1022E0000020FEF748F94520FEF745F90020FEF7EB
:1022F00042F94320FEF73FF90020FEF73CF9442065
:10230000FEF739F90020FEF736F9E720FEF72AF943
:102310003220FEF730F90020FEF72DF95520FEF7A8
:102320002AF90020FEF727F97620FEF724F900208D
:10233000FEF721F96620FEF71EF90020FEF71BF9D3
:102340006720FEF718F90020FEF715F96720FEF761
:1023500012F90020FEF70FF98720FEF70CF9002094
:10236000FEF709F99920FEF706F90020FEF703F9B8
:10237000BB20FEF700F90020FEF7FDF89920FEF7DC
:10238000FAF80020FEF7F7F87720FEF7F4F80020BF
:10239000FEF7F1F84420FEF7EEF80020FEF7EBF828
:1023A0005620FEF7E8F80020FEF7E5F82320FEF7B8
:1023B000E2F80020FEF7DFF83320FEF7DCF800201B
:1023C000FEF7D9F84520FEF7D6F80020FEF7D3F83F
:1023D000E820FEF7C7F80020FEF7CDF80020FEF752
:1023E000CAF89920FEF7C7F80020FEF7C4F8872046
:1023F000FEF7C1F80020FEF7BEF88820FEF7BBF814
:102400000020FEF7B8F87720FEF7B5F80020FEF7B9
:10241000B2F86620FEF7AFF80020FEF7ACF888208F
:10242000FEF7A9F80020FEF7A6F8AA20FEF7A3F809
:102430000020FEF7A0F8BB20FEF79DF80020FEF775
:102440009AF89920FEF797F80020FEF794F8662096
:10245000FEF791F80020FEF78EF85520FEF78BF876
:102460000020FEF788F85520FEF785F80020FEF7DB
:1024700082F84420FEF77FF80020FEF77CF8442025
:10248000FEF779F80020FEF776F85520FEF773F88E
:102490000020FEF770F8E920FEF764F8AA20FEF7A6
:1024A0006AF80020FEF767F80020FEF764F80020C5
:1024B000FEF761F80020FEF755F8AA20FEF75BF85A
:1024C000CF20FEF74FF80020FEF755F80020FEF76A
:1024D00052F80020FEF74FF80020FEF74CF80020DD
:1024E000FEF749F80020FEF746F80020FEF743F813
:1024F0000020FEF740F80020FEF73DF80020FEF730
:102500003AF80020FEF737F80020FEF734F80020F4
:10251000FEF731F80020FEF72EF80020FEF72BF82A
:102520000020FEF728F80020FEF725F8F020FEF73F
:1025300019F80020FEF71FF85020FEF71CF80020C5
:10254000FEF719F80020FEF716F80020FEF713F842
:10255000F320FEF707F80020FEF70DF8F920FEF74C
:1025600001F80620FEF707F81020FEF704F82920EE
:10257000FEF701F80020FDF7FEFF3A20FDF7F2FF1D
:102580005520FDF7F8FF1120FDF7ECFF642003F064
:10259000CBFC2920FDF7E6FF3520FDF7E3FF002007
:1025A000FDF7E9FF5120FDF7DDFFFF20FDF7E3FF19
:1025B0005320FDF7D7FF2C20FDF7DDFF5520FDF759
:1025C000D1FF8220FDF7D7FF2C20FDF7CBFF01F0D4
:1025D00048B8FE48808845F2105188427ED1552186
:1025E0004FF47040FDF7D9FFAA214FF20100FDF72B
:1025F000D4FF52214FF20200FDF7CFFF08214FF226
:102600000300FDF7CAFF01214FF20400FDF7C5FFEB
:102610000D214FF43040FDF7C0FF0D214BF20100BA
:10262000FDF7BBFF0D214BF20200FDF7B6FF342191
:102630004FF43640FDF7B1FF34214BF20160FDF756
:10264000ACFF34214BF20260FDF7A7FF0D214FF4E0
:102650003140FDF7A2FF0D214BF20110FDF79DFF68
:102660000D214BF20210FDF798FF34214FF4374053
:10267000FDF793FF34214BF20170FDF78EFF3421FB
:102680004BF20270FDF789FF00214FF43240FDF755
:1026900084FF00214BF20120FDF77FFF00214BF268
:1026A0000220FDF77AFF24214FF43840FDF775FF33
:1026B00024214BF60100FDF770FF24214BF60200A8
:1026C000FDF76BFF01214FF43F40FDF766FF0F213F
:1026D0004FF43340FDF761FF0F2100E0FEE34BF2C2
:1026E0000130FDF75AFF0F214BF20230FDF755FF85
:1026F00034214FF43940FDF750FF34214BF60110DF
:10270000FDF74BFF34214BF60210FDF746FF082181
:102710004FF43540FDF741FF08214BF20150FDF722
:102720003CFF08214BF20250FDF737FF03214FF425
:102730004240FDF732FF24214FF43A40FDF72DFFD0
:1027400024214BF60120FDF728FF24214BF602201F
:10275000FDF723FF00214FF43C40FDF71EFF7821D9
:102760004BF60140FDF719FF00214BF60240FDF743
:1027700014FF00214FF43D40FDF70FFF78214BF689
:102780000150FDF70AFF00214BF60250FDF705FF4F
:1027900000214FF43E40FDF700FF64214BF601603D
:1027A000FDF7FBFE00214FF45140FDF7F6FE33210B
:1027B0004DF20110FDF7F1FE00214DF20210FDF780
:1027C000ECFE34214DF20310FDF7E7FE00214DF23F
:1027D0000410FDF7E2FE3A214DF20510FDF7DDFE93
:1027E00000214DF20610FDF7D8FE4A214DF20710E8
:1027F000FDF7D3FE00214DF20810FDF7CEFE5C215F
:102800004DF20910FDF7C9FE00214DF20A10FDF747
:10281000C4FE81214DF20B10FDF7BFFE00214DF2E9
:102820000C10FDF7BAFEA6214DF20D10FDF7B5FE16
:1028300000214DF20E10FDF7B0FEE5214DF20F1014
:10284000FDF7ABFE01214DF21010FDF7A6FE13219E
:102850004DF21110FDF7A1FE01214DF21210FDF70E
:102860009CFE54214DF21310FDF797FE01214DF20D
:102870001410FDF792FE82214DF21510FDF78DFE2A
:1028800001214DF21610FDF788FECA214DF21710F6
:10289000FDF783FE02214DF21810FDF77EFE0021A8
:1028A0004DF21910FDF779FE02214DF21A10FDF7D5
:1028B00074FE01214DF21B10FDF76FFE02214DF257
:1028C0001C10FDF76AFE34214DF21D10FDF765FE68
:1028D00002214DF21E10FDF760FE67214DF21F1020
:1028E000FDF75BFE02214DF22010FDF756FE84211C
:1028F0004DF22110FDF751FE02214DF22210FDF79D
:102900004CFEA4214DF22310FDF747FE02214DF2AB
:102910002410FDF742FEB7214DF22510FDF73DFED4
:1029200002214DF22610FDF738FECF214DF227107F
:10293000FDF733FE02214DF22810FDF72EFEDE21B9
:102940004DF22910FDF729FE02214DF22A10FDF764
:1029500024FEF2214DF22B10FDF71FFE02214DF255
:102960002C10FDF71AFEFE214DF22D10FDF715FE7D
:1029700003214DF22E10FDF710FE10214DF22F1005
:10298000FDF70BFE03214DF23010FDF706FE33215B
:102990004DF23110FDF701FE03214DF23210FDF72B
:1029A000FCFD6D214DF23310FDF7F7FD00214FF4D2
:1029B0005240FDF7F2FD33214DF20120FDF7EDFD10
:1029C00000214DF20220FDF7E8FD01E05802002051
:1029D00034214DF20320FDF7E0FD00214DF20420EB
:1029E000FDF7DBFD3A214DF20520FDF7D6FD002174
:1029F0004DF20620FDF7D1FD4A214DF20720FDF7EB
:102A0000CCFD00214DF20820FDF7C7FD5C214DF201
:102A10000920FDF7C2FD00214DF20A20FDF7BDFDA2
:102A200081214DF20B20FDF7B8FD00214DF20C2065
:102A3000FDF7B3FDA6214DF20D20FDF7AEFD0021FF
:102A40004DF20E20FDF7A9FDE5214DF20F20FDF717
:102A5000A4FD01214DF21020FDF79FFD13214DF241
:102A60001120FDF79AFD01214DF21220FDF795FD91
:102A700054214DF21320FDF790FD01214DF2142059
:102A8000FDF78BFD82214DF21520FDF786FD01211A
:102A90004DF21620FDF781FDCA214DF21720FDF7FA
:102AA0007CFD02214DF21820FDF777FD00214DF24B
:102AB0001920FDF772FD02214DF21A20FDF76DFD80
:102AC00001214DF21B20FDF768FD02214DF21C2073
:102AD000FDF763FD34214DF21D20FDF75EFD02215F
:102AE0004DF21E20FDF759FD67214DF21F20FDF725
:102AF00054FD02214DF22020FDF74FFD84214DF2BF
:102B00002120FDF74AFD02214DF22220FDF745FD6F
:102B1000A4214DF22320FDF740FD02214DF2242097
:102B2000FDF73BFDB7214DF22520FDF736FD0221D3
:102B30004DF22620FDF731FDCF214DF22720FDF784
:102B40002CFD02214DF22820FDF727FDDE214DF25C
:102B50002920FDF722FD02214DF22A20FDF71DFD5F
:102B6000F2214DF22B20FDF718FD02214DF22C2011
:102B7000FDF713FDFE214DF22D20FDF70EFD032183
:102B80004DF22E20FDF709FD10214DF22F20FDF70B
:102B900004FD03214DF23020FDF7FFFC33214DF2FF
:102BA0003120FDF7FAFC03214DF23220FDF7F5FC50
:102BB0006D214DF23320FDF7F0FC00214FF453401E
:102BC000FDF7EBFC33214DF20130FDF7E6FC00216F
:102BD0004DF20230FDF7E1FC34214DF20330FDF7F8
:102BE000DCFC00214DF20430FDF7D7FC3A214DF218
:102BF0000530FDF7D2FC00214DF20630FDF7CDFC8B
:102C00004A214DF20730FDF7C8FC00214DF2083093
:102C1000FDF7C3FC5C214DF20930FDF7BEFC00213D
:102C20004DF20A30FDF7B9FC81214DF20B30FDF772
:102C3000B4FC00214DF20C30FDF7AFFCA6214DF2A3
:102C40000D30FDF7AAFC00214DF20E30FDF7A5FC7A
:102C5000E5214DF20F30FDF7A0FC01214DF21030BF
:102C6000FDF79BFC13214DF21130FDF796FC01217D
:102C70004DF21230FDF791FC54214DF21330FDF767
:102C80008CFC01214DF21430FDF787FC82214DF2BE
:102C90001530FDF782FC01214DF21630FDF77DFC69
:102CA000CA214DF21730FDF778FC02214DF21830A1
:102CB000FDF773FC00214DF21930FDF76EFC022187
:102CC0004DF21A30FDF769FC01214DF21B30FDF782
:102CD00064FC02214DF21C30FDF75FFC34214DF203
:102CE0001D30FDF75AFC02214DF21E30FDF755FC58
:102CF00067214DF21F30FDF750FC02214DF22030CC
:102D0000FDF74BFC84214DF22130FDF746FC0221FA
:102D10004DF22230FDF741FCA4214DF22330FDF7A6
:102D20003CFC02214DF22430FDF737FCB7214DF277
:102D30002530FDF732FC02214DF22630FDF72DFC47
:102D4000CF214DF22730FDF728FC02214DF228302B
:102D5000FDF723FCDE214DF22930FDF71EFC022198
:102D60004DF22A30FDF719FCF2214DF22B30FDF720
:102D700014FC02214DF22C30FDF70FFCFE214DF228
:102D80002D30FDF70AFC03214DF22E30FDF705FC36
:102D900010214DF22F30FDF700FC03214DF23030B1
:102DA000FDF7FBFB33214DF23130FDF7F6FB03213C
:102DB0004DF23230FDF7F1FB6D214DF23330FDF76E
:102DC000ECFB00214FF45440FDF7E7FB33214DF2BB
:102DD0000140FDF7E2FB00214DF20240FDF7DDFB73
:102DE00034214DF20340FDF7D8FB00214DF20440A1
:102DF000FDF7D3FB3A214DF20540FDF7CEFB002154
:102E00004DF20640FDF7C9FB4A214DF20740FDF7A0
:102E1000C4FB00214DF20840FDF7BFFB5C214DF2E1
:102E20000940FDF7BAFB00214DF20A40FDF7B5FB62
:102E300081214DF20B40FDF7B0FB00214DF20C401B
:102E4000FDF7ABFBA6214DF20D40FDF7A6FB0021DF
:102E50004DF20E40FDF7A1FBE5214DF20F40FDF7CD
:102E60009CFB01214DF21040FDF797FB13214DF221
:102E70001140FDF792FB01214DF21240FDF78DFB51
:102E800054214DF21340FDF788FB01214DF214400F
:102E9000FDF783FB82214DF21540FDF77EFB0121FA
:102EA0004DF21640FDF779FBCA214DF21740FDF7B0
:102EB00074FB02214DF21840FDF76FFB00214DF22B
:102EC0001940FDF76AFB02214DF21A40FDF765FB40
:102ED00001214DF21B40FDF760FB00E003E30221FE
:102EE0004DF21C40FDF759FB34214DF21D40FDF71A
:102EF00054FB02214DF21E40FDF74FFB67214DF2BE
:102F00001F40FDF74AFB02214DF22040FDF745FB33
:102F100084214DF22140FDF740FB02214DF2224079
:102F2000FDF73BFBA4214DF22340FDF736FB0221C8
:102F30004DF22440FDF731FBB7214DF22540FDF75E
:102F40002CFB02214DF22640FDF727FBCF214DF24D
:102F50002740FDF722FB02214DF22840FDF71DFB23
:102F6000DE214DF22940FDF718FB02214DF22A40E7
:102F7000FDF713FBF2214DF22B40FDF70EFB022172
:102F80004DF22C40FDF709FBFE214DF22D40FDF7DF
:102F900004FB03214DF22E40FDF7FFFA10214DF204
:102FA0002F40FDF7FAFA03214DF23040FDF7F5FA14
:102FB00033214DF23140FDF7F0FA03214DF232405A
:102FC000FDF7EBFA6D214DF23340FDF7E6FA0021F3
:102FD0004FF45540FDF7E1FA33214DF20150FDF772
:102FE000DCFA00214DF20250FDF7D7FA34214DF200
:102FF0000350FDF7D2FA00214DF20450FDF7CDFA4F
:103000003A214DF20550FDF7C8FA00214DF2065065
:10301000FDF7C3FA4A214DF20750FDF7BEFA002131
:103020004DF20850FDF7B9FA5C214DF20950FDF759
:10303000B4FA00214DF20A50FDF7AFFA81214DF2AA
:103040000B50FDF7AAFA00214DF20C50FDF7A5FA3E
:10305000A6214DF20D50FDF7A0FA00214DF20E50C1
:10306000FDF79BFAE5214DF20F50FDF796FA01218D
:103070004DF21050FDF791FA13214DF21150FDF76A
:103080008CFA01214DF21250FDF787FA54214DF2CE
:103090001350FDF782FA01214DF21450FDF77DFA2D
:1030A00082214DF21550FDF778FA01214DF21650AC
:1030B000FDF773FACA214DF21750FDF76EFA02219F
:1030C0004DF21850FDF769FA00214DF21950FDF745
:1030D00064FA02214DF21A50FDF75FFA01214DF218
:1030E0001B50FDF75AFA02214DF21C50FDF755FA1C
:1030F00034214DF21D50FDF750FA02214DF21E50C1
:10310000FDF74BFA67214DF21F50FDF746FA0221F9
:103110004DF22050FDF741FA84214DF22150FDF788
:103120003CFA02214DF22250FDF737FAA4214DF26C
:103130002350FDF732FA02214DF22450FDF72DFA0B
:10314000B7214DF22550FDF728FA02214DF2265005
:10315000FDF723FACF214DF22750FDF71EFA022189
:103160004DF22850FDF719FADE214DF22950FDF7F6
:1031700014FA02214DF22A50FDF70FFAF2214DF216
:103180002B50FDF70AFA02214DF22C50FDF705FAFB
:10319000FE214DF22D50FDF700FA03214DF22E5085
:1031A000FDF7FBF910214DF22F50FDF7F6F9032141
:1031B0004DF23050FDF7F1F933214DF23150FDF76A
:1031C000ECF903214DF23250FDF7E7F96D214DF294
:1031D0003350FDF7E2F900214FF45640FDF7DDF9D9
:1031E00033214DF20160FDF7D8F900214DF2026064
:1031F000FDF7D3F934214DF20360FDF7CEF900213C
:103200004DF20460FDF7C9F93A214DF20560FDF772
:10321000C4F900214DF20660FDF7BFF94A214DF2D5
:103220000760FDF7BAF900214DF20860FDF7B5F926
:103230005C214DF20960FDF7B0F900214DF20A6002
:10324000FDF7ABF981214DF20B60FDF7A6F90021E6
:103250004DF20C60FDF7A1F9A6214DF20D60FDF7CE
:103260009CF900214DF20E60FDF797F9E5214DF232
:103270000F60FDF792F901214DF21060FDF78DF915
:1032800013214DF21160FDF788F901214DF2126012
:10329000FDF783F954214DF21360FDF77EF901210A
:1032A0004DF21460FDF779F982214DF21560FDF7BA
:1032B00074F901214DF21660FDF76FF9CA214DF244
:1032C0001760FDF76AF902214DF21860FDF765F904
:1032D00000214DF21960FDF760F902214DF21A60EC
:1032E000FDF75BF901214DF21B60FDF756F9022154
:1032F0004DF21C60FDF751F934214DF21D60FDF7D0
:103300004CF902214DF21E60FDF747F967214DF29D
:103310001F60FDF742F902214DF22060FDF73DF9F3
:1033200084214DF22160FDF738F902214DF222602F
:10333000FDF733F9A4214DF22360FDF72EF90221A8
:103340004DF22460FDF729F9B7214DF22560FDF714
:1033500024F902214DF22660FDF71FF9CF214DF22D
:103360002760FDF71AF902214DF22860FDF715F9E3
:10337000DE214DF22960FDF710F902214DF22A609D
:10338000FDF70BF9F2214DF22B60FDF706F9022152
:103390004DF22C60FDF701F9FE214DF22D60FDF795
:1033A000FCF803214DF22E60FDF7F7F810214DF2E5
:1033B0002F60FDF7F2F803214DF23060FDF7EDF8D4
:1033C00033214DF23160FDF7E8F803214DF2326010
:1033D000FDF7E3F86D214DF23360FDF7DEF855217E
:1033E0004FF47040FDF7D9F8AA214FF20100FDF724
:1033F000D4F852214FF20200FDF7CFF808214FF226
:103400000300FDF7CAF800214FF20400FDF7C5F8EC
:10341000CC214FF43140FDF7C0F800214BF20110F0
:10342000FDF7BBF805214FF43640FDF7B6F87021E3
:103430004FF43740FDF7B1F870214BF20170FDF702
:10344000ACF801214FF43840FDF7A7F803214BF603
:103450000100FDF7A2F803214BF60200FDF79DF8ED
:1034600003214BF60300FDF798F802214FF43C408E
:10347000FDF793F800214BF60140FDF78EF800218F
:103480004BF60240FDF789F8D0214FF44940FDF793
:1034900084F802214CF60110FDF77FF850214CF61C
:1034A0000210FDF77AF850214CF60310FDF775F87D
:1034B00050214CF60410FDF770F800214FF45450E1
:1034C000FDF76BF855214FF46850FDF766F84FF49F
:1034D0008850FDF747F8782002F0DEFC4FF42450C6
:1034E000FDF740F8BDE0FE48808841F66311884250
:1034F000F8D1E220FDF736F81D20FDF73CF8022058
:10350000FDF739F80420FDF736F8642002F0C4FC1A
:10351000E020FDF727F80120FDF72DF80A2002F042
:1035200003FDE020FDF71EF80320FDF724F80C2032
:1035300002F0FAFC0120FDF715F80A2002F0F4FC75
:10354000E620FDF70FF82F20FDF715F8FF20FDF717
:1035500012F8FF20FDF70FF8B020FDF703F8202048
:10356000FDF709F80020FDF706F80320FDF703F842
:1035700040F21F30FCF7FFFF0120FCF7FCFF40F298
:10358000DF10FCF7F8FF0020FCF7F5FFB420FCF794
:10359000E9FF0420FCF7EFFF40F21F40FCF7EBFFD0
:1035A0000020FCF7E8FF2E20FCF7E5FF0020FCF7E9
:1035B000E2FF0020FCF7DFFF0020FCF7DCFF00202B
:1035C000FCF7D9FFB620FCF7CDFF0220FCF7D3FFB4
:1035D0004FF40370FCF7CFFF0020FCF7CCFF17205F
:1035E000FCF7C9FF1520FCF7C6FF0020FCF7C3FF5E
:1035F0000020FCF7C0FFF020FCF7B4FF0320FCF72D
:10360000BAFF2920FCF7AEFFD020FCF7ABFF00206B
:10361000FCF7B1FFBE20FCF7A5FF0520FCF7ABFFD0
:10362000FE20FCF7A8FF0120FCF7A5FF0020FCF717
:10363000A2FF0020FCF79FFF0020FCF79CFFB820B2
:10364000FCF790FF0320FCF796FF0120FCF793FFA7
:10365000BA20FCF787FF0120FCF78DFF6420FDF7FF
:103660005CFA0020FDF785FA01209E4908604FF6BC
:10367000FF70FDF7D3FB21B000BD2DE9F04F0546EB
:103680000E4617469846DDF824A04FF0000B781B35
:10369000401C1FFA80FB344614E021462846FCF704
:1036A000ABFFFCF78CFF4FF0000907E04FF0D8406C
:1036B000A0F880A009F101001FFA80F9D945F5DBD7
:1036C000601C84B24445E8DDBDE8F08F2DE9F84F79
:1036D00007460D4690469946DDF828B0A8EB07004E
:1036E000401C1FFA80FAA9EB0500401C80B2009034
:1036F000002414E0281981B23846FCF77DFFFCF75E
:103700005EFF002607E004FB0A603BF810007649E4
:103710000880701C86B25645F5DB601C84B20098A8
:103720008442E7DBBDE8F88F2DE9FF4F84B0814686
:103730008A460020039002900698A0EB090507989E
:10374000A0EB0A06CDF80490CDF800A0002D01DD15
:10375000012705E00DB9002702E04FF0FF376D4269
:10376000002E02DD4FF0010806E016B94FF0000808
:1037700002E04FF0FF387642B54201DD2C4600E012
:1037800034464FF0000B21E0009A91B2019A90B2BA
:10379000FDF73EF9039828440390029830440290C4
:1037A0000398A04205DD0398001B0390019838445C
:1037B00001900298A04205DD0298001B029000983B
:1037C000404400900BF101001FFA80FB601C834510
:1037D000DADD08B0BDE8F08FF0B504460D461646B8
:1037E0001F462B46324629462046FFF79DFF3B46A3
:1037F000224629462046FFF797FF3B463246394688
:103800002046FFF791FF3B46324629463046FFF7F8
:103810008BFFF0BD2DE9F04306460F46904600248D
:1038200045460320A0EB48093CE07A1B91B23219CF
:1038300090B2FDF7EDF83A1B91B2721990B2FDF714
:10384000E7F83A1991B2721990B2FDF7E1F87A19D6
:1038500091B2321990B2FDF7DBF87A1991B2321BAE
:1038600090B2FDF7D5F83A1991B2721B90B2FDF7FC
:10387000CFF87A1B91B2321B90B2FDF7C9F83A1B10
:1038800091B2721B90B2FDF7C3F8641CB9F1000F3E
:1038900003DAA000801D814404E0601B80000A3030
:1038A00081446D1EAC42C0DDBDE8F0832DE9F84FC8
:1038B00080460E4617461C46B3462046E31704EBE7
:1038C0005373DB1021464FEAE47C04EB5C7C4FEA47
:1038D000EC0CA4EBCC0CBCF1000F0AD006E000000D
:1038E00058020020BC8240428000006C4FF0010C66
:1038F00001E04FF0000C6344224604EBD27C4FEA17
:103900006C0C03FB0CF3DBB20093A7F12000C7B2F1
:10391000002556E00C2C07D107EB47009F4901EB2F
:10392000800010F8059013E0102C05D19C4800EBA6
:10393000071010F805900BE0182C07D107EBC70013
:10394000984901EB800010F8059001E0BDE8F88F80
:103950004FF0000A2FE009F0800030B19248028851
:1039600031464046FDF762F807E00A9828B98F48CB
:10397000028831464046FDF759F84FEA49604FEA60
:103980001069701C86B28A484088B04200DCDDE7CE
:10399000A6EB0B00A0420AD15E4608F101001FFA17
:1039A00080F883480088404500DCCFE706E00AF154
:1039B000010000F0FF0ABAF1080FCCDB00BF681C61
:1039C000C5B200988542A5DB00BFBFE710B502462F
:1039D000012000E050430B1EA1F10104E1B2F9D136
:1039E00010BD2DE9FF4F81B0074691461E460E9D42
:1039F0004FF0000A002439E0301B401EC1B20A20FB
:103A0000FFF7E4FFB9FBF0F00A21B0FBF1F201FB94
:103A10001208BAF1000F16D1701EA04213DDB8F1E2
:103A2000000F0ED10020AB4605EBDB71491001FB06
:103A30000471009088B22B4620220299FFF736FFCE
:103A400012E04FF0010A0020AB4605EBDB71491094
:103A500001FB0471009088B208F13001CAB22B4614
:103A60000299FFF723FF00BF601CC4B2B442C3DB5E
:103A700005B0BDE8F08F2DE9FF4F82B006469246B3
:103A80001F46DDE90F480020019000254DE0781B1E
:103A9000401EC1B20A20FFF799FFBAFBF0F00A21DD
:103AA000B0FBF1F201FB1209019850BB781EA8424D
:103AB00027DDB9F1000F22D108F0800078B108F0BD
:103AC0000100A34604EBDB71491001FB0561009086
:103AD00088B2234630220399FFF7E8FE0EE008F093
:103AE0000100A34604EBDB71491001FB0561009066
:103AF00088B2234620220399FFF7D8FE13E0012065
:103B0000019008F00100A34604EBDB71491001FBB2
:103B10000561009088B209F13001CAB223460399C9
:103B2000FFF7C4FE00BF681CC5B2BD42AFDB06B0E4
:103B3000BDE8F08F2DE9F84704460D4690469946BA
:103B4000DDE9096704F0FF0A08EB04001FFA80F8BA
:103B500009EB05001FFA80F916E0444502DB5446E4
:103B6000A81985B24D4500DB14E0002000903A789A
:103B7000334629462046FFF799FE304606EBD071C2
:103B800004EB61018CB27F1C38787E2802DC387827
:103B90002028E2DA00BFBDE8F8870000A6910008FF
:103BA0001A9600080A9C0008240000202600002025
:103BB000580200201CB50121112003F085F91C20BA
:103BC000009000208DF8040003208DF805000120EE
:103BD0008DF807006946354802F0F4FB012000909B
:103BE00002208DF807006946314802F0EBFB1CBD4E
:103BF00010B5044614B101202E4908702D480078F4
:103C0000002837D01021294802F03EFC78B1082165
:103C1000264802F039FC50B10421244802F034FC5B
:103C200028B10121224802F02FFC012822D11420C2
:103C300002F07AF900201F49087010211B4802F099
:103C400023FC08B9012010BD0821184802F01CFC13
:103C500008B90220F7E70421144802F015FC08B95E
:103C60000320F0E70121124802F00EFC01281BD1CD
:103C70000420E8E710210D4802F006FC012813D1CA
:103C800008210A4802F000FC01280DD10421074850
:103C900002F0FAFB012807D10121054802F0F4FBEC
:103CA00010B90120034908700020CCE70010024041
:103CB000000002402800002070B58AB005460E467C
:103CC00014460121022003F059F90121042003F0D8
:103CD000FBF803220621F64802F0FFFB032207212E
:103CE000F34802F0FAFB03220821F14802F0F5FB49
:103CF00003220921EE4802F0F0FB40200890022048
:103D00008DF8240003208DF8250000208DF8260072
:103D100001208DF8270008A9E54802F053FB802018
:103D2000089002208DF8240003208DF82500002043
:103D30008DF8260001208DF8270008A9DC4802F044
:103D400041FB4FF48070089002208DF8240003207E
:103D50008DF8250000208DF8260001208DF8270021
:103D600008A9D34802F02EFB4FF4007008900220FF
:103D70008DF8240003208DF8250000208DF8260002
:103D800001208DF8270008A9C94802F01BFB05A8EF
:103D900003F043FDADF814600020ADF81600069561
:103DA000ADF81C0005A9C34803F003FD6020ADF881
:103DB00000000120ADF802000020ADF80C002088C2
:103DC00002906946BB4803F089FD0821B94803F019
:103DD00012FF608802906946B64803F0B8FD0821DA
:103DE000B44803F011FFA08802906946B14803F07F
:103DF000FBFD0821AF4803F014FFE08802906946FC
:103E0000AC4803F057FE0821AA4803F013FF012134
:103E1000A84804F048F90121A64803F035FD012126
:103E2000A44803F04FFD0AB070BD70B58AB00546D6
:103E30000E4614460121082003F08FF801210846A0
:103E400003F042F8022200219B4802F046FB0222C6
:103E50000121994802F041FB02221146964802F0E6
:103E60003CFB02220321944802F037FB012008901A
:103E700002208DF8240003208DF8250000208DF805
:103E8000260001208DF8270008A98B4802F09AFA35
:103E9000022008908DF8240003208DF825000020D2
:103EA0008DF8260001208DF8270008A9824802F02D
:103EB00089FA0420089002208DF8240003208DF850
:103EC000250000208DF8260001208DF8270008A984
:103ED000794802F077FA0820089002208DF8240033
:103EE00003208DF8250000208DF8260001208DF894
:103EF000270008A9704802F065FAADF814600020A8
:103F0000ADF816000695ADF81C0005A96B4803F046
:103F100050FC6020ADF800000120ADF80200002048
:103F2000ADF80C00208802906946644803F0D6FC86
:103F3000608802906946614803F009FDA0880290FC
:103F400069465E4803F050FDE088029069465B4890
:103F500003F0B0FD0121594803F096FC01215748B8
:103F600003F0B0FC0AB070BD704710B50446B4F958
:103F70000000002809DDB4F90010504803F007FEE6
:103F800000214E4803F005FE0DE0B4F900000028C2
:103F900009DA0021494803F0FAFDB4F90000414272
:103FA000464803F0F6FDB4F90200002809DDB4F933
:103FB0000210424803F0EFFD0021404803F0EDFD00
:103FC0000DE0B4F90200002809DA00213B4803F0B3
:103FD000E2FDB4F902004142384803F0DEFDB4F9D5
:103FE0000400002809DDB4F90410324803F0CFFDC5
:103FF0000021304803F0CDFD0DE0B4F904000028A5
:1040000009DA00212B4803F0C2FDB4F90400414253
:10401000284803F0BEFDB4F90600002809DDB4F914
:104020000610244803F0B7FD0021224803F0B5FD37
:104030000DE0B4F90600002809DA00211D4803F05C
:10404000AAFDB4F9060041421A4803F0A6FD2088F3
:1040500068BB608858BBA08848BBE08838BB4FF479
:104060007A71164803F093FD4FF47A71134803F008
:1040700090FD4FF47A71114803F08DFD4FF47A7181
:104080000E4803F08AFD4FF47A710A4803F07FFD71
:104090004FF47A71074803F07CFD4FF47A710548BC
:1040A00003F079FD4FF47A71024803F076FD10BDFC
:1040B000000802400004014000000240000C0040E3
:1040C0001FB50121084602F048FF4FF0804004F080
:1040D00056F80020ADF80C00ADF8060049F63F4058
:1040E00002905320ADF8040000208DF80E0001A9C5
:1040F0004FF0804003F05DFB0121880704F00EF8CB
:1041000001221146900703F0F5FF1C208DF80000F6
:1041100001208DF8030002208DF801008DF80200C7
:10412000684602F05EF800214FF0804003F0CAFBC1
:104130001FBD10B500214FF0804003F0C3FB10BD40
:1041400010B50121880703F0BDFB10BD10B52DEDA2
:10415000088B044694ED100B84ED220B94ED242B78
:10416000B0EE420AF0EE620A94ED222BB0EE421A53
:10417000F0EE621A53EC102B51EC110B04F024FFFB
:10418000C4E91C0194ED1C2BB0EE420AF0EE620A69
:1041900094ED202BB0EE421AF0EE621A53EC102B85
:1041A00051EC110B04F00CFBC4E9200194ED282B19
:1041B000B0EE420AF0EE620A94ED202BB0EE421A05
:1041C000F0EE621A53EC102B51EC110B04F0C6FE0A
:1041D00004D294ED280B84ED200B22E094ED281BF3
:1041E000B0EE410AF0EE610A51EC100B04F0DCFA7B
:1041F00041EC180B94ED201BB0EE410AF0EE610A81
:1042000053EC102B04F0AAFE0BD294ED281BB0EE59
:10421000410AF0EE610A51EC100B04F0C5FAC4E952
:10422000200194ED1E2BB0EE420AF0EE620A94EDEE
:104230001C2BB0EE421AF0EE621A53EC102B51EC2C
:10424000110B04F0C1FE41EC1A0B94ED1A1BB0EEF9
:10425000410AF0EE610A53EC102B04F081FD41ECB1
:10426000180B94ED202BB0EE420AF0EE620A94EDAA
:10427000182BB0EE421AF0EE621A53EC102B51ECF0
:10428000110B04F06DFD41EC1A0B94ED1C2BB0EEFC
:10429000420AF0EE620A94ED162BB0EE421AF0EEEE
:1042A000621A53EC102B51EC110B04F059FD41EC48
:1042B0001B0B53EC1A2B04F083FA41EC190B53EC53
:1042C000182B04F07DFAC4E9260194ED2A2BB0EEF8
:1042D000420AF0EE620A94ED262BB0EE421AF0EE9E
:1042E000621A53EC102B51EC110B04F037FE04D280
:1042F00094ED2A0B84ED260B22E094ED2A1BB0EE00
:10430000410AF0EE610A51EC100B04F04DFA41EC59
:10431000180B94ED261BB0EE410AF0EE610A53EC47
:10432000102B04F01BFE0BD294ED2A1BB0EE410AB9
:10433000F0EE610A51EC100B04F036FAC4E92601E4
:1043400094ED1C0B84ED1E0BBDEC088B10BD10B55D
:104350002DED088B044694ED0E2BB0EE420AF0EEE4
:10436000620A94ED0C2BB0EE421AF0EE621A53EC96
:10437000102B51EC110B04F027FEC4E9060194ED5B
:10438000062BB0EE420AF0EE620A94ED0A2BB0EE74
:10439000421AF0EE621A53EC102B51EC110B04F0A0
:1043A0000FFAC4E90A0194ED142BB0EE420AF0EEC4
:1043B000620A94ED0A2BB0EE421AF0EE621A53EC48
:1043C000102B51EC110B04F0C9FD04D294ED140B29
:1043D00084ED0A0B22E094ED141BB0EE410AF0EEDE
:1043E000610A51EC100B04F0DFF941EC180B94ED6D
:1043F0000A1BB0EE410AF0EE610A53EC102B04F0F8
:10440000ADFD0BD294ED141BB0EE410AF0EE610A43
:1044100051EC100B04F0C8F9C4E90A0194ED082B23
:10442000B0EE420AF0EE620A94ED062BB0EE421AAC
:10443000F0EE621A53EC102B51EC110B04F0C4FD9A
:1044400041EC1A0B94ED041BB0EE410AF0EE610A48
:1044500053EC102B04F084FC41EC180B94ED0A2B68
:10446000B0EE420AF0EE620A94ED022BB0EE421A70
:10447000F0EE621A53EC102B51EC110B04F070FCAF
:1044800041EC1A0B94ED062BB0EE420AF0EE620AF4
:1044900094ED002BB0EE421AF0EE621A53EC102BA2
:1044A00051EC110B04F05CFC41EC1B0B53EC1A2B90
:1044B00004F086F941EC190B53EC182B04F080F949
:1044C000C4E9100194ED122BB0EE420AF0EE620A3C
:1044D00094ED102BB0EE421AF0EE621A53EC102B52
:1044E00051EC110B04F03AFD04D294ED120B84ED63
:1044F000100B22E094ED121BB0EE410AF0EE610ABF
:1045000051EC100B04F050F941EC180B94ED101B1A
:10451000B0EE410AF0EE610A53EC102B04F01EFDE0
:104520000BD294ED121BB0EE410AF0EE610A51EC91
:10453000100B04F039F9C4E9100194ED060B84ED79
:10454000080BBDEC088B10BD10B52DED088B044693
:1045500094ED0E2BB0EE420AF0EE620A94ED0C2BB5
:10456000B0EE421AF0EE621A53EC102B51EC110B24
:1045700004F02AFDC4E9060194ED062BB0EE420AD0
:10458000F0EE620A94ED0A2BB0EE421AF0EE621AD7
:1045900053EC102B51EC110B04F012F9C4E90A0191
:1045A00094ED142BB0EE420AF0EE620A94ED0A2B61
:1045B000B0EE421AF0EE621A53EC102B51EC110BD4
:1045C00004F0CCFC04D294ED140B84ED0A0B22E031
:1045D00094ED141BB0EE410AF0EE610A51EC100BA1
:1045E00004F0E2F841EC180B94ED0A1BB0EE410A1E
:1045F000F0EE610A53EC102B04F0B0FC0BD294EDFA
:10460000141BB0EE410AF0EE610A51EC100B04F0FD
:10461000CBF8C4E90A0194ED082BB0EE420AF0EEA3
:10462000620A94ED062BB0EE421AF0EE621A53ECD9
:10463000102B51EC110B04F0C7FC41EC1A0B94ED5C
:10464000041BB0EE410AF0EE610A53EC102B04F0AB
:1046500087FB41EC180B94ED0A2BB0EE420AF0EE0A
:10466000620A94ED022BB0EE421AF0EE621A53EC9D
:10467000102B51EC110B04F073FB41EC1A0B94ED71
:10468000062BB0EE420AF0EE620A94ED002BB0EE7B
:10469000421AF0EE621A53EC102B51EC110B04F09D
:1046A0005FFB41EC1B0B53EC1A2B04F089F841EC37
:1046B000190B53EC182B04F083F8C4E9100194EDA6
:1046C000122BB0EE420AF0EE620A94ED102BB0EE1F
:1046D000421AF0EE621A53EC102B51EC110B04F05D
:1046E0003DFC04D294ED120B84ED100B22E094ED0E
:1046F000121BB0EE410AF0EE610A51EC100B04F00F
:1047000053F841EC180B94ED101BB0EE410AF0EE9B
:10471000610A53EC102B04F021FC0BD294ED121B18
:10472000B0EE410AF0EE610A51EC100B04F03CF8D7
:10473000C4E9100194ED060B84ED080BBDEC088B69
:1047400010BD00B52DED048B83B00121880703F067
:10475000E8FC01287DD1002001900290E948007812
:10476000012877D1E84AE949E94800F099FAE64892
:10477000FFF7EDFDE448FFF7E9FCE34890ED261B69
:10478000B0EE410AF0EE610A51EC100B04F024FA8D
:1047900000B2ADF80400DC4890ED261BB0EE410AF3
:1047A000F0EE610A51EC100B04F016FA00B2ADF80D
:1047B0000800D84AD5490831D74800F071FAD548E1
:1047C000FFF7C5FDD348FFF7C1FCD24890ED261B8B
:1047D000B0EE410AF0EE610A51EC100B04F0FCF966
:1047E00000B2ADF80600CB4890ED261BB0EE410AB2
:1047F000F0EE610A51EC100B04F0EEF900B2ADF8E6
:104800000A00C14890ED061BB0EE410AF0EE610AC5
:104810009FEDC21B53EC112B51EC100B04F09EFBCF
:1048200055D8BC4890ED061BB0EE410AF0EE610A87
:104830009FEDBA1B53EC112B51EC100B04F08EFBC7
:10484000EED89FEDB80BB94880ED0C0BB848007856
:1048500001E053E13CE004F033FAB44AC2E90E014E
:104860001046FFF771FEBDF9060004F012FA41ECA4
:10487000190BAE4890ED101BB0EE410AF0EE610A44
:1048800053EC102B51EC190B04F09EFB41EC180B70
:1048900004F0A2F900B2ADF80600BDF9040004F07E
:1048A000F8F941EC190BA14890ED101BB0EE410A4C
:1048B000F0EE610A53EC102B51EC190B03F080FF62
:1048C00041EC180B04F088F900B2ADF8040056E092
:1048D0008C484078012803D08A48807801284ED13E
:1048E000894A8A498A4800F079FA8748FFF72FFDFC
:1048F0008548FFF72BFC844890ED261BB0EE410A5B
:10490000F0EE610A51EC100B04F066F900B2ADF85C
:1049100004007D4890ED261BB0EE410AF0EE610ADE
:1049200051EC100B04F058F900B2ADF80800794AC8
:1049300076490831784800F051FA7648FFF707FDCC
:104940007448FFF703FC734890ED261BB0EE410A54
:10495000F0EE610A51EC100B04F03EF900B2ADF834
:1049600006006C4890ED261BB0EE410AF0EE610A9D
:1049700051EC100B04F030F900B2ADF80A006248B7
:1049800090ED061BB0EE410AF0EE610A03F002FF63
:10499000B0EE408AF0EE608A9FED660B53EC102B70
:1049A00051EC180B04F0A0F946D25A4890ED061BC2
:1049B000B0EE410AF0EE610A03F0ECFEB0EE408A80
:1049C000F0EE608A9FED5B0B53EC102B51EC180B53
:1049D00004F08AF9E8D24B48007801282DD1002054
:1049E0004849087001200871002004E0002101AA54
:1049F00022F81010401C0428F8DB44480021016014
:104A000041608160C1609FED4D0B3F4880ED0A0B16
:104A10009FED4A0B3F4880ED0A0B9FED480B3A484B
:104A200080ED200B9FED450B3A4880ED200B9FED6C
:104A3000430B3E4880ED0A0B58E03248407801288D
:104A400028D100202F4948700120C870002004E0C0
:104A5000002101AA22F81010401C0428F8DB2B4882
:104A60000021016041608160C1609FED340B2648E8
:104A700080ED0A0B9FED310B264880ED0A0B9FED70
:104A80002F0B214880ED200B9FED2C0B214880ED52
:104A9000200B2BE01B488078012827D100201949E2
:104AA000887001204871002004E0002101AA22F84A
:104AB0001010401C0428F8DB1448002101604160FC
:104AC0008160C1609FED1D0B0F4880ED0A0B9FEDCB
:104AD0001B0B104880ED0A0B9FED180B0A4880ED68
:104AE000200B9FED160B0B4880ED200B01A8FFF764
:104AF0003CFA0121880703F025FB00BF03B0BDECA1
:104B0000048B00BD30000020380000206802002027
:104B100000040040E8000020000800400000000001
:104B200000002E400000000000004B4098010020D3
:104B300042020020000000000000E03F00000000F2
:104B40000000000000B587B00121022002F005FA44
:104B50004FF6FF7005900020ADF81000ADF8120080
:104B6000ADF8180004A9EC4802F023FE01A803F0F8
:104B70002EFA0F20ADF80C000020ADF8040001A9BA
:104B8000E54803F0EDF90F20ADF80C000420ADF876
:104B9000040001A9E04803F0E3F900231A460321C9
:104BA000DD4803F07AFB0021DB4802F04BFE0121D7
:104BB000D94802F087FE07B000BD00B587B00121DB
:104BC000042002F0CAF94FF6FF7005900020ADF8FE
:104BD0001000ADF81200ADF8180004A9CF4802F09B
:104BE000E8FD01A803F0F3F90F20ADF80C00002058
:104BF000ADF8040001A9C94803F0B2F90F20ADF8DF
:104C00000C000420ADF8040001A9C44803F0A8F981
:104C100000231A460321C14803F03FFB0021BF488F
:104C200002F010FE0121BD4802F04CFE07B000BDAD
:104C30001CB50121172002F047F902208DF804006D
:104C4000C020009001208DF8070003208DF805009A
:104C50006946B34801F0B6FB02220621B04801F0D4
:104C60003CFC02220721AE4801F037FC02208DF8FF
:104C700004003020009001208DF8070003208DF8FB
:104C800005006946A64801F09DFB02220421A448C4
:104C900001F023FC02220521A14801F01EFC1CBDED
:104CA0002DE9F0412DED0A8B06460C46154630469F
:104CB00002F0CCFD07B20021304602F0C3FD994856
:104CC00090ED082BB0EE420AF0EE620A90ED062B52
:104CD000B0EE421AF0EE621A53EC102B51EC110BAD
:104CE00004F03EF841EC1B0B384603F0D2FF41ECD8
:104CF0001C0B53EC1B2B03F017FE41EC1A0B8948DD
:104D000090ED001BB0EE410AF0EE610A53EC102B5F
:104D100051EC1A0B04F024F841EC190B9FED820BB7
:104D200053EC102B04F01CF841EC180B9FED800B9A
:104D300053EC102B04F014F8C5E92401794890EDE8
:104D4000082BB0EE420AF0EE620A90ED062BB0EEB0
:104D5000421AF0EE621A53EC102B51EC110B03F0D7
:104D6000FFFF41EC1B0B384603F093FF41EC1C0B9B
:104D700053EC1B2B03F0D8FD41EC1A0B694890ED66
:104D8000001BB0EE410AF0EE610A53EC102B51EC1F
:104D90001A0B03F0E5FF41EC190B9FED630B53EC8D
:104DA000102B03F0DDFF41EC180B94ED001BB0EE6F
:104DB000410AF0EE610A53EC102B03F001FDC4E947
:104DC000000194ED000B85ED0E0BBDEC0A8BBDE8E8
:104DD000F0819FED590B80ED000B70472DE9F041FC
:104DE0002DED0A8B06460C461546304602F02EFD88
:104DF00007B20021304602F025FD4A4890ED082B0D
:104E0000B0EE420AF0EE620A90ED062BB0EE421AC6
:104E1000F0EE621A53EC102B51EC110B03F0A0FFD3
:104E200041EC1B0B384603F034FF41EC1C0B53ECF8
:104E30001B2B03F079FD41EC1A0B3A4890ED001B57
:104E4000B0EE410AF0EE610A53EC102B51EC1A0B54
:104E500003F086FF41EC190B9FED330B53EC102B45
:104E600003F07EFF41EC180B9FED310B53EC102B40
:104E700003F076FFC5E924012A4890ED082BB0EE37
:104E8000420AF0EE620A90ED062BB0EE421AF0EE06
:104E9000621A53EC102B51EC110B03F061FF41EC43
:104EA0001B0B384603F0F5FE41EC1C0B53EC1B2B9F
:104EB00003F03AFD41EC1A0B1A4890ED001BB0EEDE
:104EC000410AF0EE610A53EC102B51EC1A0B03F07F
:104ED00047FF41EC190B9FED140B53EC102B03F023
:104EE0003FFF41EC180B94ED001BB0EE410AF0EED1
:104EF000610A53EC102B03F063FCC4E9000194ED4C
:104F0000000B85ED0E0BBDEC0A8BBDE8F0819FED2B
:104F10000A0B80ED000B70470004004000080040C1
:104F200000040240F00100204AD8124DFB21094044
:104F300000000000000039400000000000000000F8
:104F400010B5FE48007908BBFC484079F0B9FB4831
:104F5000C078D8B9F9480078C0B9F8488078A8B9BD
:104F6000F648407890B9F6A003F052FA3620F54999
:104F700008709FEDF50BF64880ED0C0B9FEDF50BDF
:104F8000F64880ED0C0B0120EC49487010BD10B5BF
:104F9000EA48007908BBE9484079F0B9E748C078A9
:104FA000D8B9E6480078C0B9E4488078A8B9E348A1
:104FB000407890B9E2A003F02BFA3620E14908705E
:104FC0009FEDE40BE24880ED0C0B9FEDDF0BE34817
:104FD00080ED0C0B0120D949487010BD10B5044676
:104FE000D648007918BBD548407900BBD348C07873
:104FF000E8B9D2480078D0B9D0488078B8B9CF485D
:105000004078A0B9D6A003F003FA3620CD49087045
:10501000204603F03EFECE4AC2E90C01204603F0D2
:1050200038FECE4AC2E90C010120C449087010BD07
:1050300010B5C248007908BBC0484079F0B9BF48F4
:10504000C078D8B9BD480078C0B9BC488078A8B944
:10505000BA48407890B9BAA003F0DAF93620B949D5
:1050600008709FEDC00BBA4880ED0C0B9FEDBF0B95
:10507000BA4880ED0C0B0120B049887010BDF0B526
:10508000024600251678002010E00024002306E0E8
:10509000175C12F803C0674500D1641C5B1C8B428F
:1050A000F6DBAC4201DB2546165C401C8842ECDB9B
:1050B0003046F0BD10B50120AE4908701421AE484D
:1050C00003F04CFAAD480078012803D1ACA003F0FE
:1050D0009FF905E0A948007810B9AAA003F098F953
:1050E00000BFA44800780028FBD11421A248FFF794
:1050F000C6FF9449087010BD10B50446FFF7DAFFEB
:1051000090480078332802D1012020700CE08D48AF
:105110000078322802D10120607005E089480078CB
:10512000342801D10120A07010BD704710B59348FC
:10513000807800287DD19448007801287AD17F4872
:10514000007901280BD07D484079012807D07B48A1
:10515000C078012803D0894800780128EAD1FEF7F9
:10516000E8FF0020754908714871C87087490870C8
:1051700082480078012810D1FFF79CFF7148007821
:1051800000F1640182A003F043F900BF6D4800788C
:105190007828FBD10020794908707E4800680079A2
:1051A000012804D17B490968C868FFF7A5FF794841
:1051B00000680078012816D17648006876490860B2
:1051C00074480068C06873490860734800680089C3
:1051D00001B2012000F046FC6F490968098908B254
:1051E000FFF7FCFE2BE06B480068807801280FD1A8
:1051F0006848006868490860664800684069654911
:1052000008600021022000F02DFCFFF7C0FE16E030
:10521000604800684078012811D15E4800685E4906
:1052200008605C48006800695A4908600021032052
:1052300001E0E9E01BE000F015FCFFF781FE5548B6
:105240000068C07801280DD14C4988700020487052
:105250000021042000F006FC5048C0881C3801B230
:105260004E48C180FFF761FFFEF76AFFCCE0464879
:1052700000780028FAD13148007901280BD02F4856
:105280004079012807D02D48C078012803D03B4839
:1052900000780128EAD1FEF74CFF00202749087169
:1052A0004871C8703949087034480078012817D10E
:1052B000FFF700FF002031490870224800783128AC
:1052C00005D1012036490968C968487008E01D48C1
:1052D0000078322804D1012031490968C9688870F2
:1052E0002F4800680078012816D12D4800682D4904
:1052F00008602B480068C068294908602948006890
:10530000008901B2012000F0ADFB26490968098936
:1053100008B2FFF763FE60E021480068807801284A
:1053200047D11F4800681F4908601D480068406950
:105330001B4908600021022036E0000030000020F8
:1053400034000000420200200000000000003F4046
:10535000380000200000000000003FC0E8000020EE
:10536000320000000000000000004F40000000007C
:1053700000004FC01E02002078020020180200200A
:1053800033000000310000001D0200204302002015
:10539000256300002C020020280200208C0200203F
:1053A000340200203002002000F05CFBFFF7EFFD2C
:1053B00013E0F7480068407801280ED1F4480068EF
:1053C000F4490860F24800680069F149086000216A
:1053D000032000F047FBFFF7B3FDED480068C078FD
:1053E00001280DD1EC49887000204870002104206C
:1053F00000F038FBE948C0881C3801B2E748C1809A
:10540000FFF793FEFEF79CFE10BD10B5E248C07892
:10541000012810D1FEF78DFE0020E149087101201E
:10542000DD4948700020C87000F05EFBFFF700FE09
:10543000FEF786FE43E0D848407801283FD1D648A1
:10544000807801283BD1D6480079012807D0D4487C
:105450004079012803D0D248C07801282FD1FEF727
:1054600068FE0020CE4908714871C870CB4840885A
:1054700030B90020C84948708870012008711CE0CC
:1054800000F032FBC74800680078012806D1C54902
:105490000968B1F90200FFF7A1FD0EE0C1480068FC
:1054A0000078022802D1FFF74BFD06E0BD480068F6
:1054B0000078032801D1FFF76AFDFEF741FE10BD19
:1054C0000120B549087070470120B349C870487081
:1054D00070471CB50121242001F0F6FC00208DF856
:1054E00004008DF806000120009000208DF80700D0
:1054F00003208DF805006946AB4800F063FF0120EA
:105500008DF8040000208DF8060002200090002095
:105510008DF8070003208DF805006946A24800F0C9
:1055200051FF01208DF8040000208DF806000120B5
:10553000009000208DF8070003208DF805006946D3
:105540009A4800F03FFF1CBD08B50121964800F0C5
:105550009BFFD0B990488078012816D18E484078BA
:10556000012812D0102000908B4882780223C82195
:105570000846FEF736FA02218B4800F0A1FF4FF4EF
:105580007A7000F0D1FCFFF79FFF83480079012873
:105590003AD10121854800F091FF00207E498870B2
:1055A000AFF2442002F034FF03208149087000F07C
:1055B00091FB00F0B0FA7F487F4908607F4908609E
:1055C0007F48744908607249086000207449087176
:1055D0000870487188704870C8706F49887048704A
:1055E000C870087000F038FA9FED760B774880EDB0
:1055F000060B9FED740B80ED0A0B9FED720B80ED97
:10560000080B00206449087108BD704710B5644854
:10561000007901280BD062484079012807D0604802
:10562000C078012803D05C48007801287BD1FEF7C0
:1056300080FD002066490870594908714871C8709A
:1056400055480078012844D100205349087003E0F0
:10565000032160A002F0DCFE5D4800780228F7DB41
:1056600001204D4948705248007808BB48480068FE
:10567000007801281BD14648006846490860444824
:105680000068C0684249086053480078312803D157
:1056900001200968487007E04F480078322803D19C
:1056A00001203B49096888705520FFF797FCA3E16A
:1056B0003F4800780128FAD1404800683E49086018
:1056C0003E480068C0683D4908609120FFF786FCAD
:1056D00092E12F4800680079012804D0374800681B
:1056E000007901283ED103E001213AA002F090FEAA
:1056F000374800780228F7DB37480078332805D18F
:1057000001202E490968C96808702BE032480078EA
:10571000322812D12648007830B901201C49096886
:10572000C96848701EE087E121480078012819D136
:1057300022490968C968487014E02748007834286D
:1057400010D11B48007828B9012011490968C9689F
:10575000887007E016480078012803D117490968C6
:10576000C968887012480078002870D1084800681D
:10577000C07801287DD007480068007801282DD125
:1057800004480068008901B2012000F06BF938E09C
:105790003402002030020020180200208C02002079
:1057A00030000020240200200008024000140240C3
:1057B0001D02002084030020280200202C0200206B
:1057C000DC02002000000000000000009801002022
:1057D0004302002025640000420200209748006830
:1057E0004078012804D10021022000F03BF908E0B4
:1057F000924800688078012803D10021032000F03E
:1058000031F98F480068007801280FD18C49096868
:10581000098908B2FFF7E2FB8948006887490860F8
:1058200087480068C0688649086053E0844800687B
:10583000407801280CD1FFF783FB814800687F493D
:1058400008607F48006800697D49086042E010E018
:105850007B480068807801283CD1FFF798FB7848A6
:1058600000687649086076480068406974490860B5
:1058700030E07448007868BB71480068C07801283F
:1058800028D16E4800680078012807D16B4800686D
:10589000008901B2012000F0E5F812E067480068D5
:1058A0004078012804D10021022000F0DBF808E054
:1058B000624800688078012803D10021032000F0AD
:1058C000D1F80021042000F0CDF800205E49487096
:1058D000012088705B48007801285BD15B48006834
:1058E000C078012856D05A4800680078012807D1AE
:1058F00057480068008901B2012000F0B3F812E0B7
:10590000534800684078012804D10021022000F0AB
:10591000A9F808E04E4800688078012803D10021EA
:10592000032000F09FF849480068007801280FD153
:1059300046490968098908B2FFF750FB43480068E7
:105940004349086041480068C0684049086053E026
:105950003E480068407801280BD1FFF7F1FA3B4838
:1059600000683B49086039480068006937490860A9
:1059700042E036480068807801283DD1FFF707FBF8
:1059800032480068324908603048006840692F4951
:10599000086031E02B48007801282DD12B480068A1
:1059A000C078012828D12A4800680078012807D14A
:1059B00027480068008901B2012000F053F812E086
:1059C000234800684078012804D10021022000F01B
:1059D00049F808E01E4800688078012803D10021BA
:1059E000032000F03FF80021042000F03BF80020E5
:1059F0001549487001208870154800680078012812
:105A000004D00E4800680078012805D10221AFF2C9
:105A10003C2002F0FDFC07E00421AFF2482002F038
:105A2000F7FC30200B4908700748807810B1064811
:105A3000007908B9FEF784FB10BD00003002002099
:105A4000340200201D020020180200202C02002039
:105A5000280200204202002010B55021B84802F070
:105A60007DFD10BD10B5B64A5288521C12B2B44B1F
:105A70005A80B44A12685180B24A12681070B14A12
:105A80001268121DAF4B1A60AD4AB2F90220521EC5
:105A9000AB4B13F82220B3F90230A94C14F8233091
:105AA0009A4220D12246B2F90220521E234603EB2D
:105AB00082025288B3F9023004EB83035B881A44F4
:105AC00013B22246B2F90220521E04EB8202538026
:105AD0009C4A1268121F9B4B1A6022465288521E23
:105AE00012B223465A8010BD9548B0F90200002832
:105AF00005DC944800689449096888420AD29148B4
:105B00000068001F8F4908608D484088401E00B221
:105B10008B494880704710B54FF421718B4802F0D3
:105B20003FFD002006E0C0EBC002884B03EB820281
:105B30001076401C1728F6DB01208449087091205C
:105B4000886001F11C00C86001211C3880F8201019
:105B500001207E4908771E217C48416238307B490C
:105B600088621C3048641C3088641C30C8643F2143
:105B70008C380164A8307549C8672621A838816728
:105B80000120724981F870000121704880F8AB1043
:105B9000C4306E49C1F898002621C438C0F894106A
:105BA00001206A4981F88C000121684880F8C710FB
:105BB00080F858100120654981F854001E2163487F
:105BC000C165E03061490866E030C1F8F000C438D2
:105BD000C1F8F4001C30C1F8080140215B48C0F84E
:105BE00004110120594981F8FC0001F59A70C1F8AF
:105BF00024011D215548C0F820110120534981F886
:105C000018010121514880F81C1100F5EE704F4930
:105C1000C1F8CC0140214D48C0F8C81101204B49C2
:105C200081F8C00101F5FC70C1F8E8011D21474869
:105C3000C0F8E4110120454981F8DC010121434805
:105C400080F8E01100F5C4704049C1F844013838CB
:105C5000C1F84801FC30C1F808023838C1F80C021C
:105C60001C30C1F8200221213848C0F81C12012044
:105C7000364981F8140201F51A70C1F85802212141
:105C80003248C0F854120120304981F84C0201F525
:105C9000B670C1F85C0121212C48C0F858110120D0
:105CA0002A4981F8500101F5D270C1F894012121EF
:105CB0002648C0F890110120244981F8880101216B
:105CC000224880F86F1180F8A71180F8331280F80D
:105CD0006B1210BD10B5A8211D4802F061FC012017
:105CE0001B4908705520886001F11C00C8601C30F9
:105CF000C86238300863012081F8700023211448FD
:105D000081678C301249C867012081F8380023214F
:105D10000F48016454300E4948640121543880F81A
:105D20008F1080F85710002006E0C0EBC002084B2F
:105D300003EB82021076401C0528F6DB10BD000044
:105D40008C02002024020020200200208403002076
:105D5000DC02002010B5142000F0E6F808213C48D1
:105D600000F092FBA8B901213A4800F08DFB012810
:105D70000FD10121384800F0A3FB0221354800F083
:105D80009DFB0020354908710120354908703349D1
:105D90000870082002F031FB10BD10B5142000F08F
:105DA000C3F810212A4800F06FFBA8B90121294847
:105DB00000F06AFB01280FD10121274800F080FB89
:105DC0000221244800F07AFB00202449087124496C
:105DD0000870012021490870102002F00EFB10BD50
:105DE0000EB50121880301F0C9F80321042001F058
:105DF000D0F90421084601F0CCF9182000900020C9
:105E00008DF804000C208DF8050001208DF80600A7
:105E1000684602F081FA09208DF8080002208DF80A
:105E200009008DF80A0001208DF80B0002A800F08F
:105E3000D8F90A208DF8080002208DF809008DF8A5
:105E40000A0001208DF80B0002A800F0CAF90EBD6F
:105E50000010024000080240001402401802002016
:105E60001D02002010B504466FF0040000F006FA91
:105E7000E11704EB5171C1F3C701394A11701046A3
:105E8000007800EB4001C1EBC0104FF6FF7101EA52
:105E9000C0003449088010BD0146314A12784A4397
:105EA0004FF0E0235A6100229A611A46126942F0CB
:105EB00001021A6100BF4FF0E022106900F00102F8
:105EC0001AB100F48032002AF5D04FF0E0221269B6
:105ED00022F001024FF0E0231A6100229A6170471C
:105EE0000146204A12884A434FF0E0235A610022BB
:105EF0009A611A46126942F001021A6100BF4FF01E
:105F0000E022106900F001021AB100F48032002A88
:105F1000F5D04FF0E022126922F001024FF0E023A9
:105F20001A6100229A61704770B504464FF40770F9
:105F300094FBF0F0C6B24FF4077094FBF0F100FB55
:105F4000114085B205E04FF40770FFF7C9FF701EDE
:105F5000C6B2002EF7D115B12846FFF7C1FF70BDBC
:105F6000380200203A02002000BF704700BF824A7A
:105F7000128802F04002002AF9D0C2B27E4B9A8009
:105F8000704710B588B004460121084600F09CFF18
:105F90000121102000F0F2FF07220921774800F0CC
:105FA0009CFA07220A21754800F097FA4FF4C06066
:105FB000069002208DF81C008DF81D0000208DF841
:105FC0001E0001208DF81F0006A96C4800F0FAF9A8
:105FD00002940020ADF80C00ADF80E00ADF81000F2
:105FE000ADF814000C20ADF8120002A9624801F0CF
:105FF00070F90121604801F0F4F9012240F22551C5
:106000005D4801F0A4FA25208DF8040002208DF8E7
:10601000050003208DF8060001208DF8070001A877
:1060200000F0DFF808B010BD08B540F22551524825
:1060300001F0C8FA00283BD04F4801F001FA50495E
:1060400008705048007801280ED14F48007828B9D0
:1060500001204D49087000204C49087048480078DC
:106060004B494A4A1278885448480078401C4749AE
:10607000087008460078142808DB42480078012898
:1060800004D10020404908703E49087010200423C4
:1060900000903B48027801213C20FDF7A2FC102033
:1060A000042300903948027801210846FDF799FC45
:1060B00008BD10B588B004460121084600F004FF71
:1060C0000121480400F049FF072202212B4800F07B
:1060D00004FA07220321294800F0FFF90C2006905A
:1060E00002208DF81C008DF81D0000208DF81E0088
:1060F00001208DF81F0006A9204800F063F90294E2
:106100000020ADF80C00ADF80E00ADF81000ADF8B1
:1061100014000C20ADF8120002A91E4801F0D9F8B5
:1061200001211C4801F05DF9012240F22551194876
:1061300001F00DFA26208DF8040002208DF80500EC
:106140008DF8060001208DF8070001A800F049F83D
:1061500008B010BD10B540F225510E4801F032FADA
:1061600048B10C4801F06CF90549087007480078FF
:10617000401C0649087010BD00100140000002409C
:10618000420200201E0200204402002043020020A0
:106190007802002000440040094880470948004731
:1061A000FEE7FEE7FEE7FEE7FEE7FEE7FEE7FEE7C7
:1061B000FEE7FEE704480549054A064B7047000024
:1061C000F10300088901000868060020680C00201F
:1061D000680800206808002032490143324A1160F3
:1061E000704770B5002100230F22C4781CB32E4CD9
:1061F000246804F4E064C4F5E064C4F30721C1F149
:106200000404E3B20A4144789C40E1B2847814402B
:1062100021430C07210E254C05786155047804F0C4
:106220001F050124AC4005786D11AD0005F1E02596
:10623000C5F8004109E0047804F01F050124AC40D2
:106240001B4D0678761145F8264070BD194A0A4064
:106250000243154B1B1F1A60704739B1124A121DB9
:1062600012680243104B1B1D1A6006E00E4A121DF5
:10627000126882430C4B1B1D1A607047042808D11A
:106280004FF0E021096941F004014FF0E022116173
:1062900007E04FF0E021096921F004014FF0E0220E
:1062A000116170470000FA050CED00E000E400E029
:1062B00080E100E080FFFF1F10B50446984884424B
:1062C00008D10121084600F06AFE0021012000F0FB
:1062D00066FE76E09348844208D10121022000F056
:1062E0005EFE0021022000F05AFE6AE08E488442E1
:1062F00008D10121042000F052FE0021042000F00A
:106300004EFE5EE08948844208D10121082000F059
:1063100046FE0021082000F042FE52E084488442FC
:1063200008D10121102000F03AFE0021102000F0D9
:1063300036FE46E07F48844208D10121202000F04B
:106340002EFE0021202000F02AFE3AE07A48844206
:1063500008D10121402000F022FE0021402000F061
:106360001EFE2EE07548844208D10121802000F0F5
:1063700016FE0021802000F012FE22E070488442C8
:1063800008D10121801500F00AFE0021A01500F0BF
:1063900006FE16E06B48844208D10121401500F04A
:1063A000FEFD0021601500F0FAFD0AE06648844217
:1063B00007D10121001500F0F2FD0021201500F0A9
:1063C000EEFD10BDF0B50A4600210023002400BFF9
:1063D0003DE0012505FA01F3156805EA03049C4236
:1063E00034D105684F000326BE40B54305601579DA
:1063F0004E00B5400668354305601579012D02D081
:106400001579022D16D185684F000326BE40B5438D
:10641000856055794E00B54086683543856045688E
:1064200001268E40B5434560456896798E40B6B2E8
:1064300035434560C5684F000326BE40B543C5607F
:10644000D5794E00B540C6683543C560491C102952
:10645000BFD3F0BD4FF6FF710160002101714171A2
:106460008171C171704708B54FF480320092009A73
:106470000A430092009AC261C161009AC261C26976
:106480000092C269009208BD0246002013690B40C9
:106490000BB1012000E0002070470146086980B27E
:1064A00070470246002053690B400BB1012000E009
:1064B000002070470146486980B2704701837047E9
:1064C000418370470AB1018300E041837047416115
:1064D000704742694A4042617047F0B5002300248A
:1064E0004D07ED0E02FA05F3CE1000F1200555F828
:1064F00026504E07F70E0F26BE40B543CF1000F1D1
:10650000200646F82750CE1000F1200555F82650F9
:1065100045EA0304CE1000F1200545F82640F0BD01
:10652000000002400004024000080240000C02404B
:10653000001002400014024000180240001C0240FB
:1065400000200240002402400028024030B943F2FB
:10655000DB028100A1F1C0410A6005E043F2D202F2
:106560008100A1F1C0410A606FF07042411C8900B6
:10657000A1F1C0410A608100A1F1C041C1F804212C
:106580007047D0E901121143C268114302691143F7
:106590004269114382691143C2691143026A11437E
:1065A000426A1143826A1143C26A1143026B11436A
:1065B00002689200A2F1C0421160816808290BD1E3
:1065C00001688900A1F1C041096841F040020168F9
:1065D0008900A1F1C0410A60416B0968426B5268B1
:1065E00041EA0211426B926841EA0221426B9289B0
:1065F00041EA0241426B128A41EA0251426B127D2A
:1066000041EA0261426B926911430268521C920096
:10661000A2F1C0421160C16AB1F5804F1BD1816BFC
:106620000968826B526841EA0211826B926841EA02
:106630000221826B128A41EA0251826B127D41EA89
:106640000261826B9269114302689200A2F1C0421A
:10665000C2F8041107E06FF0704201688900A1F1EF
:10666000C041C1F80421704700210160022141604E
:1066700000218160C160016141618161C16101628C
:106680004FF480514162490081620021C16201637F
:10669000F84941638163704751B18200A2F1C04261
:1066A000126842F001038200A2F1C042136009E0C7
:1066B0008200A2F1C0421268EF4B1A408300A3F19E
:1066C000C0431A60704710280AD118214FF02042A9
:1066D0001166402151664FF0FC319166D16610E0A1
:1066E0001821E64A116040214FF02042C2F8841080
:1066F0004FF0FC31E14A083211604FF02042C2F8FD
:106700008C10704730B5002100220023446844F00B
:10671000080485682C43C5682C4305692C434569EA
:1067200044EA4524856944EA4531C4692468C56959
:106730006D6844EA0524C5692D8944EA0544C569A4
:106740002D7B44EA0562046A2468056A6D6844EAA0
:106750000524056A2D8944EA0544056A2D7B44EA2F
:1067600005630468102C05D14FF020442166A26611
:10677000E36608E0C14C21604FF02044C4F8882053
:10678000BE4C0C34236030BD1021016000214160FB
:106790008160C160016141618161FC21C269116058
:1067A000C2695160C2699160C269D160026A1160B8
:1067B000026A5160026A9160026AD160704799B1C1
:1067C000102808D14FF02042126E42F004024FF020
:1067D00020431A661DE0A94A126842F004024FF0F5
:1067E0002043C3F8802014E0102809D14FF0204244
:1067F000126EA14BDB1E1A404FF020431A6608E0D0
:106800009E4A12689C4BDB1E1A404FF02043C3F88F
:106810008020704799B1102808D14FF02042126EA5
:1068200042F040024FF020431A661DE0934A12687E
:1068300042F040024FF02043C3F8802014E01028BB
:1068400009D14FF02042126E8B4B3F3B1A404FF064
:1068500020431A6608E0894A1268874B3F3B1A407A
:106860004FF02043C3F880207047014600201029D4
:1068700003D14FF02042506F02E0804A143210687A
:10688000704718207D492031086000200906C1F8B2
:10689000A4004FF0FC30794928310860091D0860D8
:1068A000091D08607047016841F01001426841EA23
:1068B0004221826841EA4231704A20321160C16847
:1068C0000968C268526841EA0221C268128941EA35
:1068D0000241C268127B41EA0261684A28321160B3
:1068E000016909680269526841EA02210269128954
:1068F00041EA02410269127B41EA02615F4A2C329D
:106900001160416909684269526841EA022142699D
:10691000128941EA02414269127B41EA02614FF069
:106920002042C2F8B01070470021016041608160D0
:10693000FC21C2681160C2685160C2689160C2687F
:10694000D160026911600269516002699160026957
:10695000D160426911604269516042699160426947
:10696000D160704748B145492031096841F00401C0
:106970004FF02042C2F8A01009E0404920310968D8
:106980003D4AD21E11404FF02042C2F8A01070477D
:1069900010B5F2B1102807D14FF020435B6E0B43C6
:1069A0004FF02044636632E0B0F5807F08D1334B6E
:1069B0001B1D1B680B434FF02044C4F8843026E0B5
:1069C0002E4B24331B680B434FF02044C4F8A430F3
:1069D0001DE0102807D14FF020435B6E8B434FF032
:1069E0002044636613E0B0F5807F08D1234B1B1D64
:1069F0001B688B434FF02044C4F8843007E01F4BE2
:106A000024331B688B434FF02044C4F8A43010BDDE
:106A100010B5024600200023102A03D14FF0204475
:106A2000636E09E0B2F5807F03D1144C241D236806
:106A300002E0124C2434236803EA01040CB1012063
:106A400000E0002010BD102807D14FF02042526E08
:106A50008A434FF020435A6619E0B0F5807F0FD18A
:106A6000064A121D12688A434FF02043C3F884205F
:106A70000DE0000068A90008FEFF0F00800000A0E4
:106A8000234A12688A434FF02043C3F8A42070477A
:106A900070B502460020002300240025102A03D1EF
:106AA0004FF02046736E08E0B2F5807F03D1184E98
:106AB000203E336801E0164E336803EA010403EA1E
:106AC000D10514B10DB1012000E0002070BD1028E7
:106AD00008D14FF02042526E22EAD1024FF02043FB
:106AE0005A6614E0B0F5807F09D1094A203A12684D
:106AF00022EAD1024FF02043C3F8842007E0044A81
:106B0000126822EAD1024FF02043C3F8A420704754
:106B1000A40000A0F948006840F00100F7490860AF
:106B20000020F64908310860F4480068F44908403C
:106B3000F2490860F348091D0860F348EF498431C1
:106B40000860F0481038091D0860EC48006820F41F
:106B50008020EA4908600020E8490C310860E749D4
:106B60008C31086070470021E44A921C1170114674
:106B70000870704710B501460022002300204A111A
:106B8000012A02D1DD4C236808E0022A03D1DB4C44
:106B90007034236802E0D94C7434236801F01F027A
:106BA000012494401C400CB1012000E0002010BDE5
:106BB00038B5002000900024002500BF3120FFF7E9
:106BC000D9FF05460098401C00900098B0F5A04FF2
:106BD00001D0002DF2D03120FFF7CCFF08B1012405
:106BE00000E00024204638BD01460020C34A10685A
:106BF00020F0F80040EAC10010607047C349086007
:106C000070470021BD4A703211701170012802D006
:106C100004280AD104E00121B84A7032117005E05D
:106C20000521B64A7032117000E000BF00BF704706
:106C3000B7490860704770B5049C41EA8215012687
:106C4000C6EB530645EA0645054345EA0465AB4EE7
:106C5000361D356070BDAD4908667047820142EA55
:106C60000172A64B84331A607047A8498866704742
:106C700010B5830143EA016343EA02739F4C8834F1
:106C8000236010BDA14908677047A049C8647047D8
:106C900002460020994B0833186820F0EC6042EA65
:106CA00001031843954B08331860704702460020D3
:106CB000924B0833186820F0784042EA01031843E9
:106CC0008E4B083318607047014600208B4A08320B
:106CD000106820F0030008431060704787480830B0
:106CE000006800F00C00704701460020834A08321B
:106CF000106820F0F0000843106070470146002043
:106D00007E4A0832106820F4E05008431060704753
:106D100001460020794A0832106820F4604040EAB9
:106D2000C10010607047F0B5002100220024022548
:106D300000260223714F08373F6807F00C0121B18C
:106D4000042905D0082937D105E0724F076036E0E5
:106D5000714F076033E0694F3F1D3F68C7F38056AE
:106D6000664F3F1D3F6807F03F036EB16A4FB7FBA8
:106D7000F3F7DFF888C10CF1040CDCF800C0CCF3A9
:106D8000881C07FB0CF40CE0624FB7FBF3F7DFF84D
:106D90006CC10CF1040CDCF800C0CCF3881C07FBC0
:106DA0000CF4564F3F1D3F68C7F301477F1C7D0021
:106DB000B4FBF5F7076002E0564F076000BF00BF65
:106DC0004E4F08373F6807F0F0010909534F7A5CCE
:106DD0000768D7404760494F08373F6807F4E051DC
:106DE000890A4E4F7A5C4768D7408760434F08371F
:106DF0003F6807F46041490B484F7A5C4768D740C9
:106E0000C760F0BD002100F44072B2F5407F0AD1A6
:106E10003A4A0832116821F4F811414A02401143FC
:106E2000364A08321160354A70321268C0F30B03DB
:106E30001A43324B70331A60704735494439086041
:106E400070473349403908607047364908607047D9
:106E500001460020294A8C32106820F01F004A1E8B
:106E60001043264A8C321060704701460020234AA6
:106E70008C32106820F4F8504A1E40EA02201F4A63
:106E80008C3210607047014600201C4A8C3210681A
:106E900020F4401008431060704701460020174A54
:106EA0008C32106820F4400008431060704701469F
:106EB0000020124A8C32106820F4403008431060E1
:106EC000704719490860704739B10C4A303212686E
:106ED00002430A4B30331A6006E0084A3032126827
:106EE0008243064B30331A607047F9B1034A34329B
:106EF00012680243014B34331A601CE00038024030
:106F0000FFFFF6EA10300024003000200000474266
:106F1000800E47420024F40000127A00450200204F
:106F2000FFFCFF0F5C014742E01147428F4A1268A5
:106F300082438E4B1A60704739B18C4A121D126819
:106F400002438A4B1B1D1A6006E0884A121D126814
:106F50008243864B1B1D1A60704739B1834A0C323D
:106F600012680243814B0C331A6006E07F4A0C32F0
:106F7000126882437D4B0C331A60704739B17B4AEB
:106F8000103212680243794B10331A6006E0774AD8
:106F9000103212688243754B10331A60704739B152
:106FA000724A243A12680243704B243B1A6006E08E
:106FB0006E4A243A126882436C4B243B1A60704735
:106FC00039B16A4A203A12680243684B203B1A6082
:106FD00006E0664A203A12688243644B203B1A60FE
:106FE000704739B1614A1C3A126802435F4B1C3B3F
:106FF0001A6006E05D4A1C3A126882435B4B1C3BF8
:107000001A60704739B1594A143A12680243574B13
:10701000143B1A6006E0554A143A12688243534BF7
:10702000143B1A60704739B1504A103A1268024353
:107030004E4B103B1A6006E04C4A103A12688243ED
:107040004A4B103B1A60704739B1484A1C321268EB
:107050000243464B1C331A6006E0444A1C32126855
:107060008243424B1C331A60704739B13F4A203289
:10707000126802433D4B20331A6006E03B4A20323F
:1070800012688243394B20331A60704739B1374A4E
:10709000243212680243354B24331A6006E0334A27
:1070A000243212688243314B24331A60704739B15D
:1070B0002E4A2C32126802432C4B2C331A6006E005
:1070C0002A4A2C3212688243284B2C331A607047AC
:1070D00039B1264A303212680243244B30331A60E9
:1070E00006E0224A303212688243204B30331A6065
:1070F0007047012808D11D493C31096841F0080159
:107100001A4A3C32116007E018493C31096821F005
:107110000801164A3C321160704739B1134A273AC8
:1071200012780243114B273B1A7006E00F4A273AA8
:10713000127882430D4B273B1A7070470B48403042
:10714000006840F08070094940310860704701468E
:107150000020064A283A12680A400AB1012000E0DD
:1071600000207047014926390870704734380240C2
:1071700010B501218803FFF756FF00214FF480402E
:10718000FFF751FF10BD1C49086070471B4908629A
:10719000704730B500228B071C0F0F2303FA04F24F
:1071A000154B08338C1053F824309343124C083499
:1071B0008D1044F8253023468C1053F824308C076A
:1071C000240F00FA04F423430B4C08348D1044F8C8
:1071D000253030BD0949DC31086070470849086036
:1071E0007047002004492031096801F4807109B119
:1071F000012000E0002070470038014000002742D5
:107200000004274210B50446FA48844208D10121FF
:107210001020FFF708FF00211020FFF704FF57E0C0
:10722000F548844209D101214804FFF7EBFE002113
:107230004FF40030FFF7E6FE4AE0F048844209D1FF
:1072400001218804FFF7DEFE00214FF48020FFF7C4
:10725000D9FE3DE0EA48844209D10121C804FFF784
:10726000D1FE00214FF40020FFF7CCFE30E0E548CE
:10727000844209D101210805FFF7C4FE00214FF423
:107280008010FFF7BFFE23E0DF48844208D10121D0
:107290002020FFF7C8FE00212020FFF7C4FE17E0E2
:1072A000DA48844209D101218807FFF7ABFE0021AB
:1072B0004FF08040FFF7A6FE0AE0D548844207D190
:1072C00001214005FFF79EFE00216005FFF79AFEB1
:1072D00010BD2DE9FF4705460E460024A14600BF1C
:1072E000A046B08900B100BF2C8A24F44054F08835
:1072F00004432C82AC8941F20C608443B08831890C
:107300000843718908430443AC81AC8A24F4407477
:10731000B0890443AC826846FFF705FDB548854255
:1073200002D0B948854202D1DDF80C9001E0DDF8C9
:107330000890A88900F4004040B109EBC90000EBB7
:10734000091031684900B0FBF1F707E009EBC9000B
:1073500000EB091031688900B0FBF1F76420B7FB3E
:10736000F0F004012009642101FB1078A88900F4E1
:10737000004040B1322000EBC800B0FBF1F000F05B
:107380000700044308E0322000EB08106421B0FB42
:10739000F1F000F00F0004432C81BDE8FF874FF4AB
:1073A0001651016000218180C18001810C21418141
:1073B00000218181704710B502460020108A20F418
:1073C00070600B884C8823438C882343CC882343EC
:1073D0001843108210BD0021018041808180C1804E
:1073E000704721B1828942F40052828104E082898F
:1073F0004DF6FF731A4082817047028B02F47F4280
:107400000283028B0A430283704721B1828942F4CE
:107410000042828103E08289C2F30E0282817047BA
:1074200021B1828A42F40062828204E0828A4FF2B1
:10743000FF731A4082827047C1F30802828070474E
:1074400001468888C0F308007047028A4FF6F0733F
:107450001A400282028A0A430282704721B182895D
:1074600042F00202828104E082894FF6FD731A40E5
:107470008281704782894FF2FF731A40828182892C
:107480000A4382817047028A4FF6DF731A400282F4
:10749000028A0A430282704721B1028A42F4804282
:1074A000028204E0028A4BF6FF731A4002827047A0
:1074B000818941F001018181704721B1828A42F0C6
:1074C0000802828204E0828A4FF6F7731A408282B1
:1074D0007047028BD2B20283028B42EA01220283FE
:1074E000704721B1828A42F02002828204E0828ABF
:1074F0004FF6DF731A408282704721B1828A42F0D0
:107500001002828204E0828A4FF6EF731A40828270
:107510007047828A4FF6FB731A408282828A0A433E
:107520008282704721B1828A42F00202828204E0A4
:10753000828A4FF6FD731A40828270471AB1838A9D
:107540000B43838202E0838A8B4383827047F0B5CA
:107550000346002400260025002040F66A17B942A1
:1075600000D100BF1846C1F3421401F01F060127E5
:1075700007FA06F5012C01D10C3004E0022C01D1F0
:10758000103000E014301AB107682F43076002E0A2
:107590000768AF430760F0BD02460020B1F5007FE9
:1075A00000D100BF13880B400BB1012000E0002088
:1075B000704701F40072B2F5007F00D100BFCA43EA
:1075C0000280704770B50246002400230025002089
:1075D00040F66A16B14200D100BFC1F3421501F076
:1075E0001F03012606FA03F3012D13D196893340B8
:1075F00017E0000000100140004400400048004037
:10760000004C004000500040001401400078004051
:10761000007C0040022D02D1168A334001E0968A98
:1076200033400C12012606FA04F41688344013B1D4
:107630000CB1012000E0002070BD10B50022002335
:1076400040F66A14A14200D100BF0A1201249440FE
:10765000A3B2DC43048010BD10B50446FE4884424A
:1076600008D101210846FFF7DEFC00210120FFF7C9
:10767000DAFC9DE0B4F1804F08D101210846FFF704
:10768000C1FC00210120FFF7BDFC91E0F3488442DA
:1076900008D101210220FFF7B5FC00210220FFF7ED
:1076A000B1FC85E0EE48844208D101210420FFF7B7
:1076B000A9FC00210420FFF7A5FC79E0E9488442F9
:1076C00008D101210820FFF79DFC00210820FFF7C9
:1076D00099FC6DE0E448844208D101211020FFF7B5
:1076E00091FC00211020FFF78DFC61E0DF4884420F
:1076F00008D101212020FFF785FC00212020FFF781
:1077000081FC55E0DA48844208D101210220FFF7CC
:107710008AFC00210220FFF786FC49E0D54884421C
:1077200009D101210804FFF77EFC00214FF48030CD
:10773000FFF779FC3CE0D048844209D1012148049C
:10774000FFF771FC00214FF40030FFF76CFC2FE0D5
:10775000CA48844209D101218804FFF764FC002152
:107760004FF48020FFF75FFC22E0C548844208D137
:1077700001214020FFF746FC00214020FFF742FC9A
:1077800016E0C048844208D101218020FFF73AFC6E
:1077900000218020FFF736FC0AE0BB48844207D175
:1077A00001218015FFF72EFC0021A015FFF72AFC10
:1077B00010BD00220288A84B98420ED0AC4B9842D4
:1077C0000BD0B0F1804F08D0A44B984205D0A44B09
:1077D000984202D0A34B984204D14FF68F731A40BF
:1077E0004B881A43A04B984207D0A04B984204D034
:1077F0004FF6FF431A400B891A4302804B68C3625D
:107800000B880385944B984202D0994B984201D142
:107810008B7A03860123838270474FF0FF314160EA
:10782000002101800181418081727047018582823F
:1078300070470A46002101884FF68F7319401143A3
:107840000180704741627047C16270470146486AD3
:1078500070470146088D704721B1028842F002024C
:10786000028004E002884FF6FD731A4002807047E0
:1078700021B1028842F00402028004E002884FF63F
:10788000FB731A400280704721B1028842F08002E7
:10789000028004E002884FF67F731A40028070472E
:1078A00002884FF6F7731A40028002880A4302806A
:1078B000704702884FF6FF431A40028002880A434D
:1078C0000280704721B1028842F00102028004E088
:1078D00002884FF6FE731A400280704770B500248C
:1078E00000220023058C4FF6FE7635400584028C7D
:1078F0008388048B4FF68F752C40B51E2C400D8865
:107900002C43751E2A408D892A434D882A43524DA7
:10791000A84202D0564DA84213D14FF6F7752A401F
:10792000CD892A434FF6FB752A408D882A434FF6AE
:10793000FF652B404FF6FF552B400D8A2B434D8A98
:107940002B43838004838D684563028470BD70B5CA
:10795000002400220023058C4FF6EF763540058485
:10796000028C8388048B48F6FF752C404FF6FF4548
:107970002C400D884FF6FF7606EA05252C434FF67E
:10798000DF752A408D8906EA05152A434D8806EAE7
:1079900005152A43304DA84202D0354DA8421DD1CD
:1079A0004FF67F752A40CD894FF6FF7606EA05151A
:1079B0002A434FF6BF752A408D8806EA05152A43EB
:1079C0004FF6FF352B404FF2FF752B400D8A06EA2C
:1079D00085052B434D8A06EA85052B438380048366
:1079E0008D688563028470BD70B500240022002379
:1079F000058C4FF6FF6635400584028C8388848BA6
:107A00004FF68F752C404FF6FC752C400D882C439B
:107A10004FF6FF552A408D894FF6FF7606EA052579
:107A20002A434D8806EA05252A430B4DA84202D079
:107A30000F4DA84238D14FF2FF752A40CD894FF63D
:107A4000FF7606EA05252A434FF6FF352A408D8842
:107A500006EA05252A4319E0000001400004004021
:107A600000080040000C00400010004000140040DE
:107A70000004014000400140004401400048014032
:107A800000180040001C0040002000404EF6FF752A
:107A90002B404DF6FF752B400D8A06EA05152B434A
:107AA0004D8A06EA05152B43838084838D68C56360
:107AB000028470BD70B5002200230024058C4EF6B0
:107AC000FF7635400584038C8488828B48F6FF75E9
:107AD0002A404FF6FF452A400D884FF6FF7606EA0A
:107AE00005252A434DF6FF752B408D8906EA05359D
:107AF0002B434D8806EA05352B43FE4DA84202D0A4
:107B0000FD4DA84208D14BF6FF752C400D8A4FF66B
:107B1000FF7606EA85152C43848082838D68056490
:107B2000038470BD0021018041808180816081815A
:107B3000C18101824182704770B503460020002454
:107B40001846183001258D40ACB21D8CA5431D840C
:107B500009B108290AD100EB610005684FF68F765C
:107B6000354005600568154305600FE00D1FC5F33E
:107B70004E052844056848F6FF76354005600568DF
:107B80004FF6FF7606EA02263543056070BD416375
:107B9000704781637047C1637047016470470A464C
:107BA0000021018B4FF68F731940114301837047F9
:107BB0000A460021018B48F6FF7319404FF6FF7308
:107BC00003EA02231943018370470A460021818B8F
:107BD0004FF68F7319401143818370470A46002185
:107BE000818B48F6FF7319404FF6FF7303EA0223B7
:107BF0001943818370470A460021018B4FF6F773C2
:107C000019401143018370470A460021018B4FF24E
:107C1000FF7319404FF6FF7303EA022319430183F0
:107C200070470A460021818B4FF6F77319401143C4
:107C3000818370470A460021818B4FF2FF73194000
:107C40004FF6FF7303EA02231943818370470A4604
:107C50000021018B4FF6FB731940114301837047DC
:107C60000A460021018B4FF6FF3319404FF6FF7390
:107C700003EA02231943018370470A460021818BDE
:107C80004FF6FB7319401143818370470A46002168
:107C9000818B4FF6FF3319404FF6FF7303EA02233F
:107CA0001943818370470A460021018B4FF67F7389
:107CB00019401143018370470A460021018BC1F32B
:107CC0000E014FF6FF7303EA022319430183704745
:107CD0000A460021818B4FF67F731940114381833F
:107CE00070470A460021818BC1F30E014FF6FF73E6
:107CF00003EA02231943818370470A460021018C5D
:107D00004FF6FD7319401143018470470A46002164
:107D1000018C4FF6F77319401143018470470A46EE
:107D20000021018C4FF6DF7319404FF6FF7303EA11
:107D300002131943018470470A460021018C4FF653
:107D40007F7319404FF6FF7303EA0213194301844E
:107D500070470A460021018C4FF6FF5319404FF639
:107D6000FF7303EA02231943018470470A46002186
:107D7000018C4FF2FF7319404FF6FF7303EA0223A1
:107D80001943018470470A460021018C4DF6FF73A8
:107D900019404FF6FF7303EA023319430184704719
:107DA00030B5002301248C40A3B2048C9C4304848E
:107DB000048C02FA01F5ADB22C43048430BD30B519
:107DC000002304248C40A3B2048C9C430484048CC0
:107DD00002FA01F5ADB22C43048430BD828B4FF220
:107DE000FF331A408283828B4FF6FF7303EA01232D
:107DF0001A4382837047F0B50C46154600210022D5
:107E00000026078C4EF6FF7C07EA0C070784818B5F
:107E1000028C4FF6FF7707EA043640F6FF473940F9
:107E20004FF6FF7707EA052739434FF6FF7707EA52
:107E30000337394345F6FF773A4046F480573A43D3
:107E400081830284F0BD828B4FF6F3731A408283E4
:107E5000828B0A4382837047F0B50C461546002199
:107E600000220026078C4FF6FF6C07EA0C070784F8
:107E7000818B028C4FF6FF7707EA04264FF60C77CA
:107E800039404FF6FF7707EA03172F4339434FF284
:107E9000FF573A4046F480773A4381830284F0BD2D
:107EA000028B4FF2FF331A400283028B4FF6FF73AF
:107EB00003EA01231A4302837047F0B50C461546C6
:107EC000002100220026078C4FF6EF7C07EA0C0702
:107ED0000784018B028C4FF6FF7707EA041640F601
:107EE000FF4739404FF6FF7707EA033739434FF62C
:107EF000FF7703E0000001400004014007EA052786
:107F000039434FF65F773A4046F010073A43018312
:107F10000284F0BD028B4FF6F3731A400283028B8A
:107F20000A4302837047F0B50C4615460021002233
:107F3000068C4FF6FE773E400684018B028C4FF68E
:107F40000C7631407E1C06EA03162E4331434FF671
:107F5000F576324044F00106324301830284F0BDDD
:107F600070B505460C46208850B92389A2886188DF
:107F70002846FFF7D8FFE1882846FFF7CBFF25E02A
:107F8000208804280AD12389A28861882846FFF71F
:107F900094FFE1882846FFF783FF17E02088082830
:107FA0000AD12389A28861882846FFF755FFE18816
:107FB0002846FFF748FF09E02389A2886188284600
:107FC000FFF719FFE1882846FFF708FF70BD002181
:107FD00001804180012181800021C18001817047A1
:107FE0002DE9F04105460C4600260127608808B9B6
:107FF000022600E00026A088012801D1022700E027
:1080000001272088A0B92389A28861882846FFF724
:108010008AFFE1882846FFF77DFF23893A463146EB
:108020002846FFF74AFFE1882846FFF739FF13E0AB
:108030002389A28861882846FFF73FFFE188284608
:10804000FFF72EFF23893A4631462846FFF76BFF9C
:10805000E1882846FFF75EFFBDE8F0810146486BE6
:1080600070470146886B70470146C86B70470146F0
:10807000086C70470A884B881A438B881A43CB8850
:108080001A430B891A434B891A438B891A43A0F868
:10809000442070470021018041808180C18001819E
:1080A00041818181704731B1B0F8442042F40042EF
:1080B000A0F8442005E0B0F84420C2F30E02A0F876
:1080C0004420704721B1828842F00402828004E09B
:1080D00082884FF6FB731A408280704721B18288F4
:1080E00042F00102828004E082884FF6FE731A405B
:1080F000828070471AB183890B43838102E08389B0
:108100008B43838170478182704702460020138A27
:108110000B400BB1012000E000207047CA430282EF
:10812000704730B50246002000230024158A05EA76
:108130000103958905EA010413B10CB1012000E0A7
:10814000002030BDCA430282704741EA0203A0F812
:10815000483070471AB183890B43838102E08389D9
:108160008B438381704721B1828842F0080282806C
:1081700004E082884FF6F7731A40828070470189C5
:108180004FF6F8721140018170470A4600210189BB
:108190004FF68F73194011430181704730B5044683
:1081A0000D4629462046FFF7F0FF208940F00700E2
:1081B000208130BD2DE9F04104460D4616461F468C
:1081C000602D06D13B46012231462046FFF775FE61
:1081D00005E03B46012231462046FFF7A4FE294632
:1081E0002046FFF7D2FF208940F007002081BDE83C
:1081F000F08130B50C4600210189C9B24FF6FF75F8
:1082000005EA0325154325432943018130BD2DE9A6
:10821000F04105460E4617469846002443463A4626
:1082200031462846FFF7E5FF2C894FF6F8700440E9
:1082300044F007044FF68F70044044F070042C8122
:10824000BDE8F081F0B504460D4616461F463B4694
:10825000324629462046FFF7CCFF208940F4804073
:108260002081F0BD82884FF68F731A408280828809
:108270000A438280704702894FF6F8731A400281E0
:1082800002890A430281704702894FF67F731A40C0
:10829000028102890A4302817047F0B50C461546F7
:1082A0001E460021002200230189028B038C4FF619
:1082B000F877394021434FF6FC473A4040F2011726
:1082C0003A434FF6DD773B404FF6FF7707EA061754
:1082D0002F433B43018102830384F0BD21B1828897
:1082E00042F08002828004E082884FF67F731A4059
:1082F00082807047A0F8501070470000002041496C
:108300000860091D0860091D0860091D08603E48D5
:108310003C4914310860704700213A498279002AAB
:108320003AD00A46126803689A430B461A600A1D3F
:10833000126803689A430B1D1A60027911440A6897
:1083400003681A430A602F4A0832126803689A4386
:108350002C4B08331A601A1D126803689A43294B84
:108360000C331A604279102A0ED11A1F1268036862
:108370001A43244B08331A601A1D126803681A4303
:10838000204B0C331A600DE01E49427911440A68F3
:1083900003681A430A6005E0027911440A68036819
:1083A0009A430A6070470021016001710C214171FC
:1083B0000021817170471349103109680143114A46
:1083C000103211607047014600200E4A14321268C4
:1083D0000A400AB1012000E0002070470949143129
:1083E0000860704701460020064A143212680A40AD
:1083F0000AB1012000E000207047024914310860F2
:1084000070470000003C0140FFFF7F007047000004
:108410000FB4044910B503AA029800F05BF910BC30
:108420005DF814FB3C0200202DE9F0410E460446A5
:10843000002020622046E168884730B3252805D017
:10844000D4E901219047206A401CF2E7E168204608
:1084500000278847050018D0A5F14100192802D847
:1084600020354FF400673246294620462760F7F74B
:10847000E5FE40B1012804D0F61D26F007060836B7
:10848000D8E7361DD6E72846DAE7206ABDE8F0814E
:1084900070B50C460546012A05D02878800600D51F
:1084A000EA69002302E0012305E05B1C934202D24B
:1084B000E05C0028F9D1A869E618C01AA861286A0A
:1084C000184428622846AFF3008004E0D5E9012172
:1084D00014F8010B9047B442F8D32846AFF300805C
:1084E00070BD00002DE9F041064600241068752992
:1084F000314616A510D0AFF30080002802DA4042C2
:1085000013A507E031688A0701D512A502E04907E3
:1085100004D511A5012401E0AFF3008000210A2257
:1085200006F1240709E0B0FBF2FCB0FBF2F302FB1A
:108530001C00303078541846491C0028F3D12346DB
:108540002A463046BDE8F04100F055B80000000072
:108550002D0000002B000000200000004FF0000262
:108560000429C0F0128010F0030C00F01B80CCF145
:10857000040CBCF1020F18BF00F8012BA8BF20F8B3
:10858000022BA1EB0C0100F00DB85FEAC17C24BF07
:1085900000F8012B00F8012B48BF00F8012B7047B1
:1085A0004FF0000200B5134694469646203922BF8C
:1085B000A0E80C50A0E80C50B1F12001BFF4F7AFD7
:1085C000090728BFA0E80C5048BF0CC05DF804EBB9
:1085D000890028BF40F8042B08BF704748BF20F827
:1085E000022B11F0804F18BF00F8012B7047704725
:1085F0007047704770472DE9F0470D4699469246FF
:10860000044600F124080168880604D5E06921F0D9
:108610001001216000E00120A84201DD471B00E0BD
:108620000027A1697A1902EB0900081AA0612078D5
:10863000C00602D42046AFF30080002608E0D4E94B
:1086400001211AF806009047206A401C761C20621F
:108650004E45F4DB2078C0060AD52046AFF30080F3
:1086600006E0D4E9012130209047206A401C2062B6
:10867000381EA7F10107F4DC07E0D4E9012118F85E
:1086800005009047206A401C2062281EA5F10105C4
:10869000F3DC2046AFF300802078000602D50220EC
:1086A000BDE8F0870120FBE710B5436913B1AFF3D4
:1086B000008001E0FFF7ECFE012010BD127800F110
:1086C00024010A7000224A700122EDE711684FF080
:1086D000FF32E9E7074B70B50D467B4400F011F817
:1086E0000446284600F020F810B14FF0FF3070BD6E
:1086F000204670BD8FD8FFFF01694A1C02610878CF
:10870000704700B58FB0CDE90131002105910549D1
:108710007944CDE9031011466846FFF785FE0FB096
:1087200000BD0000E5FFFFFF007B00F08000704708
:1087300000487047080600207546FFF7F9FFAE466F
:1087400005006946534620F00700854618B020B55D
:10875000FDF730FDBDE820404FF000064FF0000768
:108760004FF000084FF0000B21F00701AC46ACE8D9
:10877000C009ACE8C009ACE8C009ACE8C0098D4646
:10878000704710B50446AFF300802046BDE81040A6
:10879000F7F76BBD2DED020B019820F00040019022
:1087A0009DED000B02B0704781F00041704780F0F2
:1087B0000040704721F00041704720F000407047B2
:1087C00010B591EA030F48BF83F0004300F1048421
:1087D000841A71EB030C05D2121943EB0C03001B36
:1087E00061EB0C01DFF824E14FEA1154A4EB135CB8
:1087F0001EEA430F18BF9EEA445F73D023EA0E03BC
:10880000DCF1200E21EA045143F4801332D322FA22
:108810000CFE10EB0E0023FA0CFE41EB0E01CCF126
:10882000200E03FA0EFE10EB0E0051F10001B1F51F
:10883000801FCCF1200E32D201EB045112FA0EF25D
:10884000BDE8104058BF7047401C38BF5FEA420285
:1088500018BF7047002814BF20F0010041F100014B
:108860004FEA410313F5001F38BF7047A1F1C04123
:1088700000F06EBB012A43EB0302ACF1200CDCF1EB
:108880001F0E32BF4FF0000E23FA0CF310EB030063
:1088900041EB0451B4EB115FD0D0A1EB045101F5D1
:1088A000801149085FEA300001EB04510ED350F10A
:1088B000000038BF12FA0EFE08D1BDE81040C9E72B
:1088C000401C38BF5FEA4202CAD1C3E7BDE810408E
:1088D0004FEA410313F5001F38BF7047A1F1C041B3
:1088E00000F036BB9EEA445F08D011EA5E0FBDE897
:1088F000104004BF01F0004100207047BDE8104067
:1089000070B500F0D7FA00BF64FBBE3E0000E0FF88
:10891000491058BFC1F140415B1058BFC3F14043FB
:108920008B42EFF3008070472DE9C04130B4DFF88F
:10893000A0C23CEA111418BF3CEA131400F0EC800A
:1089400081EA03051CEA111444EAD57418BF1CEA35
:10895000131500F0C780A4EB05044FF0004545EA6D
:10896000C12145EAC32341EA505143EA525304F17D
:108970007F74994204F500344FEAC0204FEAC222C6
:1089800008BF904200F09C804FEA13650FF240163A
:10899000765D4FEA134506FB05F7C7F1807706FBC6
:1089A00007F74FEAD737A7FB03687642C8F5803848
:1089B000A7FB06CE38BFA8F1010807FB08E64FF079
:1089C000000EA6FB028CE6FB03CEDCF1000CCEF120
:1089D000004E38BFAEF1010EA6FB0C584FF0000759
:1089E0004FF00005E6FB0E87A1FB08C6A0FB07CEF3
:1089F00016EB0E0645F10005E1FB076515F1E04EAB
:108A00007EBFA4F580345FEA46066D4116F180070B
:108A100045F100054FEA17274FEA066647EA056762
:108A2000A6F1DE46B6F1805F4FEA15251FD938461C
:108A300024F0010C05EBC471BCF1FE6F01EB0C11CD
:108A400002D8F0BCBDE8008124425CBF01F5801E65
:108A50009EEAC47F02D4F0BCBDE80081244238D431
:108A6000F0BCA1F1C041BDE8004100F071BA4FEA8D
:108A7000D22242EA43524FEAD323A7FB02864FEAAF
:108A8000D02040EA415007FB03661EEA0E0F4FEA72
:108A9000D12105FB026658BFA6EB0056B6EB005687
:108AA0004FEA520E4EEAC37E18EB0E0E56EB530EF3
:108AB000BDD518EB02085E417F1C55F10005B6E7F5
:108AC0004FF480154FF000074FF000064FF00008FC
:108AD000ADE7F0BC4FF0000001F1C04101F00041F2
:108AE000BDE8008111EA0C1F0CEA131500D00CE060
:108AF00013EA0C1F00F025804FF00000F0BC81EA63
:108B0000030101F00041BDE80081F0BCBDE8004177
:108B100081EA030100F01CBAF0BCBDE8004170B569
:108B200000F0C8F9097EFC3E00F007B881EA0301B5
:108B30004FF0000001F00041704781EA030100F0AE
:108B400007BAF0BCBDE800414FF000002149704772
:108B5000FFFDFBF9F7F5F4F2F0EEEDEBE9E8E6E402
:108B6000E3E1E0DEDDDBDAD8D7D5D4D3D1D0CFCD89
:108B7000CCCBCAC8C7C6C5C4C2C1C0BFBEBDBCBBC2
:108B8000BAB9B8B7B6B5B4B3B2B1B0AFAEADACABBD
:108B9000AAA9A8A8A7A6A5A4A3A3A2A1A09F9F9E97
:108BA0009D9C9C9B9A999998979796959594939349
:108BB000929191908F8F8E8E8D8C8C8B8B8A8989E0
:108BC0008888878786858584848383828281818063
:108BD0000000FF070000F87F4FEA41034FEA5353BC
:108BE000A3F58063D3F11E03C8BFD3F1210C0CDDC4
:108BF0004FF0004242EAC12242EA505232FA03FCEC
:108C00008CEAE17CACEBE1707047102BC4BF002014
:108C1000704703F5787CBCF1FF3F04D06FF0004251
:108C200082EA2100704770B500F044F9499224802F
:108C300000207047F2E700004FEA1153A3F580636C
:108C4000D3F11E03A8BFD3F1200C08DB4FF0004284
:108C500042EAC12252EA505232FA03F07047094206
:108C60000BD4102BC4BF0020704703F5787CBCF1F7
:108C7000FF3F05D04FF0FF3070474FF000007047C6
:108C800070B500F017F900BF4992248000207047AA
:108C9000F0E710F0004248BF4042B0FA80F310FA0B
:108CA00003F10AD0C3F11D0303F580634FEA41507D
:108CB00002EB035202EBD12170474FF000007047E6
:108CC000B0FA80F310FA03F10AD0C3F11D0303F5E3
:108CD00080634FEA41504FEA035202EBD1217047C3
:108CE0004FF000007047000051EA030C17D41CF548
:108CF000801F58BFBCF5801F00F10680994218BF45
:108D0000704708BF9042704707D711F5801F58BFC2
:108D100013F5801F19D499427047894270471CF59A
:108D2000801F08D5BCF5801FF7D58B4218BF704750
:108D300008BF824270474FF4001C1CEB410F38BF44
:108D40001CEB430F01D28B42704770B500F0B2F8B4
:108D5000922449004FF000514FF08053FFF7D8BDE7
:108D6000DFF848C170B51CEA111E1EBF1CEA1315BE
:108D70009EEA0C0F95EA0C0F00F06F8081EA030465
:108D800023EA4C134EEAD47E21EA4C1141F48011BF
:108D900043F48013AE44A1FB024CA0FB0365AEF18B
:108DA0007F7E361955EB0C05A1FB034C4CF10003FB
:108DB000A0FB021C16EB0C06654153F100030942AF
:108DC00018BF46F0010613F4007F0BD14FEA0331C0
:108DD0004FEA0530340341EA155140EA16506FF06E
:108DE00003020AE04FEAC3214FEAC520F40241EA38
:108DF000555140EA56506FF0020202EB2E4201EB51
:108E0000025585EACE710AD05FEA440C18BF24F0FF
:108E1000004450F1000041F1000120EAD47040F21A
:108E2000FE7C624500D270BDA84214BF4FF0804462
:108E30004FF04044002E08BF0024BEF1806FA8BF51
:108E4000A1F1C041BDE8704080F282804FF0000087
:108E500001F1C04101F0004170479EEA0C0F0CEA9D
:108E6000131518BF95EA0C0F06D04FF0000081EAE9
:108E7000030E0EF0004170BD00F01CF88900013EA9
:108E800000F007B800F009B84FEA430C5FEA5C5CF9
:108E900008D081EA030100F05BB84FEA410C5FEAB9
:108EA0005C5CF6D14FF00000014970470000FF07FD
:108EB0000000F87F0EF1020E2EF0030E5EF8046B38
:108EC000364205D4012A43EB030515F5001F12D8DD
:108ED000012841EB010C1CF5001F0CD80ED14FEA04
:108EE000D17C15F5001F0CEB4C0C0CF1020C08BFEB
:108EF0004CEBD37C04E04FF0080C01E04FEAD37C4C
:108F00000CEB4C0526FA05F606F00706B6F1040C44
:108F100006D20EEB860CBDE870404CF0010C6047A9
:108F2000DFE80CF0090B02024FF000414FF00000A7
:108F3000A1F5002170BD19461046012851EB01042E
:108F400018BFD4F5001484BF002001F0004170BDAB
:108F50000808A0F500114FEA3101704753EA010CEF
:108F600017D41CF5801F58BFBCF5801F00F1068088
:108F70008B4218BF704708BF8242704707D713F56E
:108F8000801F58BF11F5801F19D48B4270479B4238
:108F900070471CF5801F08D5BCF5801FF7D5994296
:108FA00018BF704708BF904270474FF4001C1CEB7D
:108FB000430F38BF1CEB410F01D2994270470FB4E9
:108FC0000CBC03BCFFF7C1BE10B591EA030F48BF4C
:108FD00083F000433FF5FCAB841A71EB030C07D21E
:108FE00012198CF0004C43EB0C03001B61EB0C01DD
:108FF000DFF8A4E14FEA1154A4EB135C1EEA430F1F
:1090000018BF9EEA445F00F0B08023EA6E0352422C
:1090100021EA0451C3EB6E0338BF5B1EDCF1200E66
:1090200025D322FA0CFE10EB0E0043FA0CFE41EBA6
:109030000E01CCF1200E03FA0EFE10EB0E0051F1E2
:109040000001CCF1200E29D412FA0EF201EB0451EA
:10905000BDE8104058BF7047401C1CBFB2F1004F24
:10906000704700280CBF491C20F00100704712EB2C
:10907000020E43EB030218BF4FF0010E4EEA42020C
:10908000ACF1200CDCF11E0E54D943FA0CFE10EBAF
:109090000E0051F1FF31CCF11E0ED5D50EF1010EAF
:1090A00012FA0EFE404141EB010101EB445C5FEA24
:1090B0005C5C10D910EBDE7001EB045138BFBEF1DF
:1090C000004FBDE8104018BF704700280CBF491C76
:1090D00020F00100704730D24FEAD42C11F5001176
:1090E00024F400641BD0B1FA81F20B3AA41AA41E36
:1090F000D2F12003914030FA03F31943904001EB81
:10910000CC71002C01EB0451BDE81040A8BF7047A2
:1091100001F1C0414FF0000001F000417047B0FA8A
:1091200080F310FA03F100D110BDE41A173C480592
:10913000C90AE4E701EB045110BD491001EB0451E9
:10914000BDE810404FEA300002E04FF000017047E8
:109150004A0008BF0042F8D0B2F5001F28BF704790
:1091600001F000414FF0000070479EEA445F07D0D5
:1091700011EA5E0FBDE8104004BF002100207047D7
:10918000BDE8104070B5FFF795FE00BF40DFF63E2A
:1091900083F00041104670470000E0FF4FF0407040
:1091A000E1EE100A7047000000000000000000001F
:1091B0000000000000003F40000000000000000030
:1091C0003000400030004000000009000BC03D00AE
:1091D0000BC03D00090018C024407FE022403180D0
:1091E0000000180024C01B000D8032400180038065
:1091F0001C4027401C800740004010006000000019
:109200000000000000000000000000001F8020405F
:1092100040200000402020401F8000000000090086
:1092200006001F80060009000000040004003F80C3
:1092300004000400000000100060000000000000B6
:10924000000004000400040004000400000000000A
:1092500000400000000000000000002001C00600E7
:109260003800400000001F802040204020401F8028
:109270000000000010403FC000400000000018C087
:10928000214022402440184000001080204024400B
:1092900024401B80000002000D0011003FC001406F
:1092A00000003C80244024402440238000001F8094
:1092B000244024403440038000003000200027C0B8
:1092C0003800200000001B802440244024401B80E4
:1092D00000001C0022C0224022401F80000000002D
:1092E00000000840000000000000000000000460D2
:1092F000000000000000000004000A0011002080AF
:1093000040400900090009000900090000000000B0
:109310004040208011000A00040018002000234073
:109320002400180000001F802040274029401F40D3
:109330000000004007C039000F0001C0004020407D
:109340003FC0244024401B8000001F80204020405C
:1093500020403080000020403FC0204020401F803F
:10936000000020403FC024402E4030C0000020407C
:109370003FC024402E00300000000F00108020402D
:1093800022403380020020403FC0040004003FC060
:109390002040204020403FC020402040000000608E
:1093A000202020203FC02000200020403FC024403B
:1093B0000B0030C0204020403FC020400040004013
:1093C00000C03FC03C0003C03C003FC00000204044
:1093D0003FC00C4023003FC020001F8020402040A1
:1093E00020401F80000020403FC02440240018007F
:1093F00000001F802140214020E01FA000002040ED
:109400003FC02440260019C0004018C0244024401A
:10941000224031800000300020403FC0204030001A
:10942000000020003F80004000403F8020002000DE
:109430003E0001C0070038002000380007C03C0093
:1094400007C038000000204039C0060039C0204065
:1094500000002000384007C03840200000003040A5
:1094600021C02640384020C00000000000007FE0FE
:10947000402040200000000070000C0003800040ED
:1094800000000000402040207FE0000000000000BD
:10949000200040002000000000000010001000101C
:1094A000001000100010000000004000000000004C
:1094B0000000000002800540054003C0004020007D
:1094C0003FC00440044003800000000003800440CB
:1094D00004400640000000000380044024403FC0D8
:1094E00000400000038005400540034000000000EC
:1094F00004401FC0244024402000000002E005502A
:1095000005500650042020403FC00440040003C022
:1095100000400000044027C0004000000000001090
:109520000010041027E00000000020403FC0014070
:10953000070004C00440204020403FC000400040DD
:10954000000007C0040007C0040003C0000004407E
:1095500007C00440040003C0004000000380044032
:10956000044003800000041007F00450044003800E
:109570000000000003800440045007F00010044085
:1095800007C002400400040000000000064005403F
:10959000054004C00000000004001F80044000409B
:1095A0000000040007800040044007C000400400A1
:1095B000070004C0018006000400060001C0070087
:1095C00001C006000000044006C0010006C00440BF
:1095D00000000410071004E00180060004000000F1
:1095E000044005C0064004400000000000000400E4
:1095F0007BE040200000000000000000FFF00000C1
:109600000000000040207BE004000000000040005B
:10961000800040002000200040000000000000000A
:10962000000000000000000000000000000000003A
:109630001FCC000C000000000000000008003000FB
:1096400060000800300060000000022003FC1E20C3
:10965000022003FC1E200220000000000E1811044E
:109660003FFF10840C78000000000F0010840F38BA
:1096700000C0077818840078000000780F8410C4B8
:1096800011240E9800E400840008080068007000AF
:1096900000000000000000000000000000000000CA
:1096A00007E01818200440020000000040022004D7
:1096B000181807E00000000000000240024001808E
:1096C0000FF0018002400240000000800080008016
:1096D0000FF800800080008000000001000D000EE7
:1096E000000000000000000000000000008000807A
:1096F000008000800080008000800000000C000CD2
:10970000000000000000000000000000000600183B
:1097100000600180060018002000000007F0080823
:1097200010041004080807F00000000008040804F2
:109730001FFC000400040000000000000E0C1014C8
:109740001024104411840E0C000000000C181004AA
:109750001104110412880C700000000000E00320C6
:10976000042408241FFC0024000000001F9810841B
:1097700011041104108810700000000007F0088820
:109780001104110418880070000000001C00100073
:1097900010FC13001C001000000000000E381144E3
:1097A0001084108411440E38000000000700088C5B
:1097B00010441044088807F000000000000000007A
:1097C000030C030C0000000000000000000000017A
:1097D00001060000000000000000000000800140C1
:1097E00002200410080810040000022002200220B9
:1097F00002200220022002200000000010040808BD
:109800000410022001400080000000000E00120041
:10981000100C106C10800F00000003E00C1813E413
:10982000142417C4082807D000000004003C03C417
:109830001C40074000E4001C000410041FFC11043D
:10984000110411040E880070000003E00C181004CD
:109850001004100410081C10000010041FFC100459
:1098600010041004080807F0000010041FFC110485
:10987000110417C410040818000010041FFC110480
:10988000110017C010000800000003E00C181004BD
:10989000100410441C780040000010041FFC1084C9
:1098A0000080008010841FFC1004000010041004CD
:1098B0001FFC100410040000000000030001100150
:1098C00010011FFE10001000000010041FFC110406
:1098D00003801464181C1004000010041FFC100402
:1098E000000400040004000C000010041FFC1F0012
:1098F00000FC1F001FFC1004000010041FFC0C04DF
:10990000030000E010181FFC100007F00808100406
:1099100010041004080807F0000010041FFC108455
:109920001080108010800F00000007F0081810242D
:109930001024101C080A07F2000010041FFC110478
:10994000110011C011300E0C000400000E1C110497
:109950001084108410441C380000180010001004FB
:109960001FFC100410001800000010001FF8100465
:109970000004000410041FF8100010001E0011E085
:10998000001C007013801C0010001FC0103C00E081
:109990001F0000E0103C1FC000001004180C16341B
:1099A00001C001C01634180C100410001C00130470
:1099B00000FC13041C00100000000804101C1064BC
:1099C000108413041C0410180000000000000000A4
:1099D0007FFE4002400240020000000030000C0008
:1099E00003800060001C00030000000040024002F1
:1099F00040027FFE00000000000000000000200088
:109A00004000400040002000000000010001000173
:109A100000010001000100010001000040004000C1
:109A20002000000000000000000000000098012459
:109A300001440144014400FC000410001FFC0088A4
:109A4000010401040088007000000000007000881C
:109A50000104010401040088000000000070008877
:109A60000104010411081FFC0004000000F8014477
:109A700001440144014400C8000000000104010445
:109A80000FFC1104110411001800000000D6012978
:109A90000129012901C90106000010041FFC0084EE
:109AA00001000100010400FC00040000010419048D
:109AB00019FC000400040000000000000003000185
:109AC0000101190119FE0000000010041FFC002410
:109AD000004001B4010C0104000000001004100457
:109AE0001FFC0004000400000000010401FC01044C
:109AF000010001FC0104010000FC010401FC0084E0
:109B000001000100010400FC0004000000F8010451
:109B100001040104010400F80000010101FF0085B7
:109B2000010401040088007000000000007000883B
:109B300001040104010501FF00010104010401FC0D
:109B400000840104010001800000000000CC012419
:109B500001240124012401980000000001000100FB
:109B600007F80104010400000000010001F80004EE
:109B700000040004010801FC0004010001800170E0
:109B8000000C001001600180010001F0010C0030A8
:109B900001C00030010C01F0010000000104018C43
:109BA00000740170018C0104000001010181017148
:109BB000000E001801600180010000000184010C0A
:109BC000013401440184010C000000000000000089
:109BD000000001003EFC40024002000000000000C6
:109BE0000000FFFF000000000000000040024002F3
:109BF0003EFC01000000000000000000600080004A
:109C00008000400040002000200000000000000014
:109C10000000000000000000000000000000000044
:109C20000000000000000000000000000000000034
:109C3000000000000000000000000000000F80385D
:109C40000FFE380F80380000000000000000000008
:109C500000000000000000000100000600000C00F1
:109C6000003800003100000600000C000038000041
:109C70003000000000000000000061800067F8076D
:109C8000F980006180006180006180006180006770
:109C9000F807F9800061800000000000000000006B
:109CA00001C0E003E0F00630080418081FFFFE04BE
:109CB0000E080787F00381E000000000000001F0BB
:109CC00000060C00040408060C7001F9C0000E0028
:109CD000003BE000EC18070808040C180003E00043
:109CE00000000001E00007F003F818041C08041746
:109CF0000807E1D003C0E00023B0003C08002008C2
:109D000000001000000000000001000031000032DF
:109D100000001C0000000000000000000000000027
:109D20000000000000000000000000000000000033
:109D3000000000000000000000007F0001FFC007DD
:109D400080F00C0018100004200002000000000049
:109D5000002000021000040C00180780F001FFC072
:109D6000007F000000000000000000000000000074
:109D70000000000000004200006600006600003C99
:109D80000000180003FFC0001800003C000066003F
:109D9000006600004200000000000800000800000B
:109DA000080000080000080001FFC00008000008CB
:109DB000000008000008000008000000000000018A
:109DC00000003100003200001C0000000000000014
:109DD0000000000000000000000000000000000083
:109DE000000008000008000008000008000008004B
:109DF000000800000800000800000800000800003B
:109E000000000000000000000000380000380000E2
:109E1000380000000000000000000000000000000A
:109E200000000000000000000000000600001C0010
:109E30000070000180000E0000380000C000070024
:109E4000001C0000300000000000000000007F80C7
:109E500001FFE003807006001804000804000806F3
:109E6000001803807001FFE0007F80000000000008
:109E70000000000001000801000801000803FFF8CD
:109E800007FFF800000800000800000800000000BC
:109E9000000000000001C03802C05804009804010E
:109EA00018040218040418061C1803F81801E0F836
:109EB00000000000000000000001C0E003C0F0044A
:109EC000000804080804080806180803F41801E745
:109ED000F00001E0000000000000000000000300AE
:109EE000000D000011000061000081080301080757
:109EF000FFF80FFFF8000108000108000000000053
:109F0000000000E007FCD00608080610080610084C
:109F1000061008061838060FF00607C000000000FB
:109F20000000000000003F8001FFE00384300208D1
:109F300018041008041008041008071810030FF084
:109F40000007C000000000000000000003C0000780
:109F500000000600000600F80607F806180006E0F4
:109F60000007000006000000000000000001E1E022
:109F700003F7F0063410041808041808040C080449
:109F80000C0806161803F3F001C1E0000000000001
:109F90000000F80003FC300306380402080402083D
:109FA0000402080404100308F001FFC0007F000051
:109FB00000000000000000000000000000000000A1
:109FC0000000703800703800703800000000000099
:109FD0000000000000000000000000000000000081
:109FE000000000000000301A00301C0000000000DB
:109FF0000000000000000000000000000000000061
:10A0000000080000140000220000410000808001D0
:10A0100000400200200400100800080000000000BA
:10A02000000021000021000021000021000021008B
:10A03000002100002100002100002100002100007B
:10A0400000000000000000000800080400100200EA
:10A050002001004000808000410000220000140028
:10A0600000080000000000000003C00004C000045D
:10A070000000080038080F380808380810000C30B5
:10A080000007E00003C000000000000000003F8067
:10A0900000FFE0038070020F1006708804C088047F
:10A0A0008308047F8802C09003012000FE40000066
:10A0B000080000180001F8003E0801C20007020075
:10A0C00007E20000FE00001FC80001F80000380091
:10A0D000000804000807FFF807FFF8040808040850
:10A0E0000804080804080806180803F41801E7F033
:10A0F0000001E0000000000000003F8001FFE003DD
:10A10000807002001804000804000804000804001D
:10A11000100600200780C000000004000807FFF8B8
:10A1200007FFF804000804000804000804001802EF
:10A13000001003807001FFE0007F80000000040039
:10A140000807FFF807FFF8040808040808040808CF
:10A15000040808043E080400080600180100600016
:10A16000000004000807FFF807FFF80408080408C7
:10A1700000040800040800043E0006000006000079
:10A18000018000000000000000003F8001FFE003AC
:10A190008070060018040008040208040208020384
:10A1A000F00783F000020000020004000807FFF837
:10A1B00007FFF80408080008000008000008000075
:10A1C000080004080807FFF807FFF804000800006B
:10A1D0000000000004000804000804000807FFF85D
:10A1E00007FFF8040008040008040008000000004D
:10A1F000000000000000000600000700000104004D
:10A200000104000104000307FFFE07FFFC04000037
:10A2100004000004000004000807FFF807FFF8042A
:10A220000C08001800003E0004C7800503C80600A3
:10A23000F804003804001800000804000807FFF8BC
:10A2400007FFF804000800000800000800000800EC
:10A250000008000008000018000060000000040072
:10A260000807FFF807800807FC00007FC00003F81C
:10A270000007C000780007800807FFF807FFF80410
:10A28000000804000807FFF807000803C00000E00A
:10A2900000003800001E000007000001C00400F0AC
:10A2A00007FFF8040000000000007F8001FFE003CA
:10A2B0008070060018040008040008060018030057
:10A2C0003001FFE0007F8000000004000807FFF875
:10A2D00007FFF80404080404000404000404000454
:10A2E0000400060C0003F80001F00000000000006C
:10A2F00000007F8001FFE003807006008804008872
:10A300000400C806003C03003E01FFE6007F840015
:10A31000000004000807FFF807FFF8040808040815
:10A3200000040C00040F00040BC00610F003F0380A
:10A3300001E00800000800000001E0F803F030062A
:10A340003010041808041808040C08040C0802064D
:10A35000180207F00781E0000000018000060000FD
:10A3600004000004000004000807FFF807FFF804D9
:10A370000008040000040000060000018000040042
:10A380000007FFE007FFF0040018000008000008C5
:10A3900000000800000800000804001007FFE004A7
:10A3A000000004000006000007E00007FE00041F94
:10A3B000E00001F80000380001E0043E0007C000A2
:10A3C00006000004000004000007E00007FFC004CE
:10A3D0001FF80007C007F80007FF80043FF80007D8
:10A3E000C004F8000700000400000000000400089A
:10A3F00006001807C07805F1C8003E00001F800461
:10A4000063E80780F8060018040008000000040054
:10A410000006000007800007E008047C08001FF821
:10A420000007F800180804E0080700000600000410
:10A4300000000000000100080600380400F80403D2
:10A44000E8040F08047C0805F00807C00807001896
:10A450000400600000000000000000000000000098
:10A4600000000000003FFFFE20000220000220004C
:10A470000220000220000200000000000000000096
:10A4800008000007000000C00000380000060000BF
:10A4900001C000003000000E0000010000000000BC
:10A4A0000000000020000220000220000220000224
:10A4B0002000023FFFFE000000000000000000003E
:10A4C0000000000000000000000000080000100074
:10A4D00000300000200000300000100000080000E4
:10A4E0000000000000000000010000010000010069
:10A4F0000001000001000001000001000001000057
:10A500000100000100000100000100000000000047
:10A5100000000020000020000010000010000000DB
:10A52000000000000000000000000000000000002B
:10A53000000000F00019F8001B180022080026088F
:10A54000002408002410003FF8001FF80000080055
:10A55000001800000004000007FFF80FFFF00018CB
:10A5600018001008002008002008003018001FF014
:10A57000000FC00000000000000007C0001FF00036
:10A580001830002008002008002008003C08001CAB
:10A59000100000600000000000000000000007C084
:10A5A000001FF000381800200800200800200804D0
:10A5B000101007FFF80FFFF000001000000000006F
:10A5C000000000000007C0001FF000123000221839
:10A5D000002208002208003208001E10000E200091
:10A5E000000000000000200000200800200801FFFB
:10A5F000F803FFF8062008042008042008072000BC
:10A6000003000000000000000000000E000E6E00BD
:10A610001FF30031B10020B10020B1003191001FC3
:10A6200013002E1E00200E00300000000004000861
:10A6300007FFF80FFFF800100800200000200000BE
:10A640002008003FF8001FF800000800000000008C
:10A6500000000000002008002008002008063FF845
:10A66000063FF80000080000080000080000000095
:10A6700000000000000000000000030000030020B4
:10A6800001002001002003063FFE063FFC00000001
:10A6900000000000000000000004000807FFF80FA1
:10A6A000FFF8000188000300002FC00038F80020E8
:10A6B0003800200800000800000000000000000032
:10A6C00004000804000804000807FFF80FFFF80062
:10A6D0000008000008000008000000000000002042
:10A6E00008003FF8003FF8001008002000003FF885
:10A6F000003FF8001008002000003FF8003FF8007D
:10A700000008000000002008003FF8003FF800109B
:10A7100008001000002000002008003FF8001FF88B
:10A720000000080000000000000007C0000FF0005B
:10A7300018300030080020080020080030080018F9
:10A7400030000FF00007C0000000000000002001F2
:10A75000003FFF003FFF001011002009002008000B
:10A760002008003038001FF0000FC000000000007B
:10A77000000007C0001FF000381800200800200863
:10A78000002009001011001FFF003FFF0000010022
:10A790000000002008002008002008003FF8003FCB
:10A7A000F800080800100800200800200000300011
:10A7B000003000000000000000000000000C7800E5
:10A7C0001E180033080023080021080021880021FA
:10A7D000980030F000386000000000000000200009
:10A7E00000200000200000FFF003FFF80020080018
:10A7F00020080020080000300000000000000000D9
:10A8000000002000003FF0007FF800001800000862
:10A81000000008002010003FF8007FF0000010004A
:10A820000000000000002000003000003C00003F5D
:10A83000800023F0000078000070002380003C00BE
:10A84000003000002000002000003C00003FE0003D
:10A8500023F80000E0002700003E00003FE0002158
:10A86000F80001E0003E0000200000000000200889
:10A87000002008003838003E680027800003C80028
:10A880002CF80038380020180020080000000000D4
:10A8900000002000003003003C01003F830023EC57
:10A8A000000070002380003C000020000020000019
:10A8B00000000000000000000038080020380020E0
:10A8C000F80023E8002F88003E0800380800201810
:10A8D0000000700000000000000000000000000008
:10A8E00000000000000008000014001FF7FC30000A
:10A8F0000620000200000000000000000000000030
:10A90000000000000000000000000000FFFFFF004A
:10A910000000000000000000000000000000000037
:10A92000000000002000023000061FF7FC001400A9
:10A93000000800000000000000000000000000000F
:10A94000000000000018000060000040000040000F
:10A9500000200000100000080000040000040000B7
:10A960000C000010000000000F0000000F000000AD
:10A97000FF0000000F0000000F0000000F000000AB
:10A9800000000000A4A900080000002058020000F8
:10A99000C401000820AA000858020020100A000084
:10A9A000200200080111847A030A2009010203042D
:10A9B000060708090415FFFF01280D18407B14AE97
:10A9C00047E17A943F9A99010335E93FCC804640AC
:10A9D000084A3B08110B3B1440584B408F4869080C
:10A9E00009AEB05BC042B00A34845079585A7F58DF
:10A9F0005908115A20085AF058690869D04A56086F
:10AA000022031390022A20044B8403041ADC0C292D
:10AA10000401112D01020304043506070809000092
:040000050800018965
:00000001FF
