:020000040800F2
:1000000028C70120296500080D0700080F07000810
:1000100013070008170700081B070008000000006E
:100020000000000000000000000000001F070008A2
:10003000210700080000000023070008250700082A
:1000400043650008436500084365000843650008F0
:1000500043650008436500084365000843650008E0
:1000600043650008436500084365000843650008D0
:1000700043650008436500084365000843650008C0
:1000800043650008436500084365000843650008B0
:1000900043650008436500084365000843650008A0
:1000A0004365000843650008436500084365000890
:1000B00043650008436500089D98000843650008F3
:1000C0004365000843650008436500084365000870
:1000D000436500089F640008436500084365000805
:1000E0004365000843650008436500084365000850
:1000F0004365000843650008436500084365000840
:10010000436500081D610008436500084365000859
:10011000436500084365000843650008436500081F
:10012000436500084365000843650008436500080F
:1001300043650008436500084365000843650008FF
:1001400043650008436500084365000843650008EF
:1001500043650008436500084365000843650008DF
:1001600043650008436500084365000843650008CF
:1001700043650008436500084365000843650008BF
:10018000436500084365000800F002F800F06DF8D0
:100190000AA090E8000C82448344AAF10107DA45E2
:1001A00001D100F062F8AFF2090EBAE80F0013F0C7
:1001B000010F18BFFB1A43F0010318479C120100FE
:1001C000BC1201000A444FF0000C10F8013B13F080
:1001D000070408BF10F8014B1D1108BF10F8015BA0
:1001E000641E05D010F8016B641E01F8016BF9D193
:1001F00013F0080F1EBF10F8014BAD1C0C1B09D1EA
:100200006D1E58BF01F801CBFAD505E014F8016B5B
:1002100001F8016B6D1EF9D59142D6D370470000ED
:100220000023002400250026103A28BF78C1FBD8FF
:10023000520728BF30C148BF0B60704764290EF0D9
:100240004D8475290EF04A8478290EF08384632941
:100250000EF0228773290EF02787002070471FB504
:100260000FF0FEF81FBD10B510BD0EF081FF114656
:10027000FFF7F5FF00F010F80EF09FFF03B4FFF753
:10028000F2FF03BC06F0ACF830BF72B6704762B63E
:10029000704780F3088870471FB54FF4A06006F0E0
:1002A00063F9A82006F01AF84FF4E13006F0A5F83B
:1002B00000F042FB00F0D1FF03F090FE03F0BCFF22
:1002C000C3484168A8208847002008F0AEFE0220FD
:1002D00008F0ABFE0DF08AFABE4901220868BEA103
:1002E0000BF019FCBB4901224868BCA10BF013FCC0
:1002F00079E000BF4FF6FF7000F09AFF4FF47840AE
:10030000B7490880B7A010210B46C822CDE90010DC
:1003100032211E2003F023FE18E0B7A010210B4667
:10032000C822CDE9001046211E2003F018FEC82087
:1003300006F036F84FF6FF705623E622462100906D
:100340001E2003F0B1FBC82006F02AF804F0BAFE24
:100350000028E2D1ACA010210B46C822CDE9001044
:1003600046211E2003F0FBFDAAA010210B46C82247
:10037000CDE900105A211E2003F0F1FD96A31022B2
:100380006E2114200DF0C5FF074618E0A6A010212D
:100390000B46C822CDE900106E211E2003F0DFFDC0
:1003A000C82005F0FDFF4FF6FF707E23DC226E2192
:1003B0000090142003F078FBC82005F0F1FF002F17
:1003C000E4D19EA010210B46C822CDE900106E2179
:1003D0001E2003F0C4FD40F2DC5005F0E1FF4FF6B3
:1003E000FF7000F025FF0EF04EF9002881D14FF488
:1003F00078407B4908800020102196A20B46CDE969
:1004000000210290C82232211E200EF048FA00205E
:10041000102196A20B46CDE900210290C822462168
:100420001E200EF03CFA0020102194A20B46CDE9CC
:1004300000210290C8225A211E200EF030FA00201E
:10044000102193A20B46CDE900210290C8226E2113
:100450001E200EF024FA0020102191A20B46CDE9B7
:1004600000210290C82282211E200EF018FA1F20BF
:100470005B490880002010218DA20B46CDE90021A8
:100480000290C82296211E200EF009FA00201021A9
:100490008AA20B46CDE900210290C822AA211E2083
:1004A0000EF0FDF90020102187A20B46CDE90021B6
:1004B0000290C822BE211E200EF0F1F90020182162
:1004C00084A20B46CDE900210290C822DC211E2027
:1004D0000EF0E5F90020102181A20B46CDE90021A4
:1004E0000290C822F4211E200EF0D9F900200C2120
:1004F00080A20B46CDE900210290C8224FF4827100
:100500001E200EF0CCF962E0002681255DE08DF81A
:100510000C50102003232A4696210090762003F0E9
:1005200075FC40244DE07F2C00D148E0761C102063
:1005300003232246AA210090762003F067FC1020B6
:1005400005233246BE210090762003F05FFC8DF833
:100550000D400020182303AADC210090A2200EF0F9
:100560003FF90020102303AAF4210090AE200EF0E2
:1005700037F900200C2303AA4FF4827100908A20DF
:100580000EF02EF94FF0C80809E0012005F008FF31
:10059000002003F041FD0746012F00D1AAE6B8F183
:1005A0000000A8F1010101F0FF08EED156480068F3
:1005B00008B9012000E000205349086000BF601C1A
:1005C000C4B2FE2CAFDB681CC5B2FF2D9FDB9BE7DE
:1005D000600100209C030020303A0000313A000006
:1005E000140000204578706C6F7265722053544D72
:1005F00033324634000000005344204361726420CB
:100600004661696C65642100534420436172642033
:100610004F4B0000466F6E74205570646174696EB4
:10062000672E2E2E00000000466F6E7420557064F9
:10063000617465204661696C65642100466F6E7463
:10064000205570646174652053756363657373210D
:1006500020202000CCBDCBF7D5DF53544D3332469C
:10066000343037BFAAB7A2B0E500000047424BD7ED
:10067000D6BFE2B2E2CAD4B3CCD0F200D5FDB5E326
:10068000D4ADD7D340414C49454E54454B000000B2
:1006900032303134C4EA35D4C23135C8D500000017
:1006A000B0B44B4559302CB8FCD0C2D7D6BFE2000D
:1006B000C4DAC2EBB8DFD7D6BDDA3A00C4DAC2EB8F
:1006C000B5CDD7D6BDDA3A00BABAD7D6BCC6CAFDC0
:1006D000C6F73A00B6D4D3A6BABAD7D6CEAA3A004D
:1006E000B6D4D3A6BABAD7D62831362A313629CECF
:1006F000AA3A0000B6D4D3A6BABAD7D62831322A3D
:10070000313229CEAA3A0000A4824242704700BF8B
:10071000FEE700BFFEE700BFFEE700BFFEE7704751
:1007200070477047704700000CB5002001900090A2
:100730007648006840F480307449086000BF734810
:10074000006800F4003000900198401C019000986F
:1007500018B90198B0F5A04FF1D16C48006800F4C9
:10076000003010B10120009001E0002000900098BE
:10077000012846D165484030006840F08050634908
:10078000403108606248006840F4404060490860B9
:100790005E48083000685D49083108600846006816
:1007A00040F4004008600846006840F4A05008602B
:1007B0005848091F0860081F006840F08070091F32
:1007C000086000BF5148006800F000700028F9D0B0
:1007D00040F20570504908604C480830006820F02D
:1007E00003004A49083108600846006840F00200EA
:1007F000086000BF45480830006800F00C00082879
:10080000F8D10CBD10B54548006840F4700043496C
:1008100008603E48006840F001003C490860002044
:100820003A4908310860394800683D49084037496D
:1008300008603C48091D0860081F006820F48020FB
:10084000091F0860002031490C310860FFF76CFF78
:100850004FF0006031498039086010BD70B500204C
:100860000022022300240221284D08352D6805F0BE
:100870000C0020B1042806D0082834D107E02A4D06
:100880002A4E356033E02A4D284E35602FE01F4D4B
:100890002D1D2D68C5F380541C4D2D1D2D6805F0B0
:1008A0003F0154B1224DB5FBF1F5184E361D3668A7
:1008B000C6F3881605FB06F209E01B4DB5FBF1F502
:1008C000124E361D3668C6F3881605FB06F20F4D2C
:1008D0002D1D2D68C5F301456D1C6B00B2FBF3F5B2
:1008E000124E356003E0104D104E356000BF00BF62
:1008F000064D08352D68C5F303150E4E705D0B4D82
:100900002D68C540094E356070BD000000380240BA
:100910000070004008544007003C024088ED00E0B1
:10092000FFFFF6FE103000240024F4000000002039
:1009300000127A00040000201CB50121202006F0DE
:100940008BFC4FF4C060009001208DF80400002063
:100950008DF8060003208DF8050001208DF80700B2
:100960006946044805F0F6FE4FF4C061014805F001
:100970006DFF1CBD0014024001B5BDF800000090E1
:10098000BDF80000FE49088008BD01B5BDF80000B3
:100990000090BDF80000FA49891C088008BD08B520
:1009A000F748801C00880090BDF8000008BDF44A9C
:1009B00010804FF0D842A2F88010704710B504465E
:1009C0002046FFF7D9FF052005F0A2FCFFF7E7FF5F
:1009D00010BDEC480089EA4908807047E849891C45
:1009E0000880704730B5014601F01F04C1F345137C
:1009F000CA0AE50205EB43151544A8B230BD00BF95
:100A0000011EA0F10102D0B2FAD1704710B5024622
:100A10000C46DC48808841F66311884247D1D948AA
:100A20008079A8B9D7480088401E801A82B2D5497B
:100A30004889FFF7A1FF0020FFF7A7FF0020FFF77D
:100A4000A4FF1012FFF7A1FFD0B2FFF79EFF16E040
:100A5000CC494889FFF790FF1012FFF796FFD0B2FC
:100A6000FFF793FFC7490988491EC1F30F20FFF71D
:100A70008CFFC4490978491EC8B2FFF786FFC149F7
:100A80008889FFF779FF2012FFF77FFFE0B2FFF7B9
:100A90007CFFBC494988491EC1F30F20FFF775FF51
:100AA000B8498978491EC8B2FFF76FFF3AE0B548E8
:100AB000808845F21051884220D1B2494889FFF719
:100AC0005BFF1012FFF761FFAE494989491C88B2EC
:100AD000FFF752FFD0B2FFF758FFAA498889FFF706
:100AE0004BFF2012FFF751FFA6498989491C88B2A4
:100AF000FFF742FFE0B2FFF748FF13E0A149488942
:100B0000FFF73AFF1012FFF740FFD0B2FFF73DFFAB
:100B10009C498889FFF730FF2012FFF736FFE0B2CB
:100B2000FFF733FF10BD2DE9F04105460E460024C6
:100B30000027A04693480088A84203DD91484088DA
:100B4000B04202DC0020BDE8F08131462846FFF7C4
:100B50005DFF8C48808845F21051884204D14FF4E3
:100B60003850FFF709FF02E02E20FFF705FFFFF7DF
:100B700016FF04468348808841F66311884201D1FC
:100B80002046E0E7FFF70BFF0446FFF708FF80462B
:100B9000E7B24FF6FF7000EA0727E012C002B91271
:100BA00040EA411040EAE820CDE700B5754880886A
:100BB00045F21051884204D14FF42450FFF7DCFE77
:100BC00002E02920FFF7D8FE00BD00B56D488088FF
:100BD00045F21051884204D14FF42050FFF7CCFE6B
:100BE00002E02820FFF7C8FE00BDF0B5054600244E
:100BF000002764488079012805D16248808841F641
:100C00006311884208D15F488079F0B95D488088D7
:100C100041F66311884218D1082D15D2DFE805F09E
:100C20000406080A0C0E101206250DE007250BE03D
:100C3000042509E0052507E0012505E0002503E07E
:100C4000032501E0022500BF00BF082D1CD2DFE80C
:100C500005F00406090C0F12151800BF14E044F04B
:100C6000800411E044F040040EE044F0C0040BE0C6
:100C700044F0200408E044F0600405E044F0A004DF
:100C800002E044F0E00400BF00BF3E48808845F227
:100C90001051884202D14FF4585700E036273948A6
:100CA000808849F24131884205D03648808847F231
:100CB0008971884201D144F0080421463846FFF783
:100CC00076FE3048808841F6631188421DD004F0DA
:100CD000200068B12B4800882A494988884214DAE4
:100CE00028480688408827490880084646800CE046
:100CF0002448008823494988884206DD214806881F
:100D0000408820490880084646801E48808845F271
:100D10001051884257D11B494889FFF72DFE00200A
:100D2000FFF733FE17494989491C88B2FFF724FEB3
:100D30000020FFF72AFE13494989891C88B2FFF772
:100D40001BFE10490988491EC1F30F20FFF71DFE45
:100D50000C494989C91C88B2FFF70EFE0949097878
:100D6000491EC8B2FFF711FE06498889FFF704FE45
:100D70000020FFF70AFE03498989491C88B203E075
:100D80007E00006CB8030020FFF7F6FD0020FFF79F
:100D9000FCFDFE498989891C88B2FFF7EDFDFB49FE
:100DA0004988491EC1F30F20FFF7EFFDF7498989F4
:100DB000C91C88B2FFF7E0FDF4498978491EC8B222
:100DC000FFF7E3FD2DE0F1494889FFF7D5FD00204D
:100DD000FFF7DBFD0020FFF7D8FDEC490988491E2D
:100DE000C1F30F20FFF7D1FDE8490978491EC8B2C9
:100DF000FFF7CBFDE5498889FFF7BEFD0020FFF72F
:100E0000C4FD0020FFF7C1FDE0494988491EC1F338
:100E10000F20FFF7BAFDDD498978491EC8B2FFF7F8
:100E2000B4FDF0BD30B504460D4629462046FFF717
:100E3000EDFDFFF7CEFDD6480088D649088030BDCD
:100E400030B504460D46D148808845F2105188429D
:100E500020D1CE494889FFF78FFD2012FFF795FD7D
:100E6000CA494989491C88B2FFF786FDE0B2FFF7FD
:100E70008CFDC6498889FFF77FFD2812FFF785FDA5
:100E8000C2498989491C88B2FFF776FDE8B2FFF7AD
:100E90007CFD42E0BD48808841F66311884228D13C
:100EA000BA48807920B9B9480088401E001B84B236
:100EB000B6494889FFF760FD2012FFF766FDE0B2F2
:100EC000FFF763FD2012FFF760FDE0B2FFF75DFD65
:100ED000AE498889FFF750FD2812FFF756FDE8B2AA
:100EE000FFF753FD2812FFF750FDE8B2FFF74DFD65
:100EF00013E0A6494889FFF73FFD2012FFF745FDA3
:100F0000E0B2FFF742FDA1498889FFF735FD2812BD
:100F1000FFF73BFDE8B2FFF738FD9C4800899D498B
:100F2000891E08804FF0D840A0F8802030BD70B5F1
:100F30002DED048B0446BE20FFF71EFD0520FFF7B4
:100F400024FD20460EF07BF941EC190B9FED920B2E
:100F500053EC102B0EF086F941EC180B0EF042F911
:100F600085B22846FFF711FD0120FFF70EFDFF2097
:100F7000FFF70BFD0020FFF708FD0020FFF705FD40
:100F8000BDEC048B70BD10B5044680488471002C04
:100F900045D1F0207D4908804FF4A0704880084674
:100FA000808845F21051884210D14FF43050774973
:100FB00008814FF4285048814FF42C5088814FF419
:100FC000F07008804FF4487048801AE06F488088BD
:100FD00041F6631188420DD12C206C4908812B20E9
:100FE00048812A2088814FF4F07008804FF44870BF
:100FF000488006E02C20654908812A2048812B2062
:1010000088816248808845F2103188424CD14FF483
:10101000A0705E4908804FF4F070488044E04FF4BF
:10102000A0705A490880F02048800846808845F220
:101030001051884210D14FF43050544908814FF478
:10104000285048814FF42C5088814FF44870088014
:101050004FF4F07048801AE04C48808841F66311E4
:1010600088420DD12C20494908812A2048812B2013
:1010700088814FF4487008804FF4F070488006E093
:101080002C20424908812A2048812B2088813F4812
:10109000808845F21031884206D14FF4F0703B4908
:1010A00008804FF4A07048800020FFF79EFD10BD1F
:1010B0002DE9F04104460D461E46A018401E87B299
:1010C000A819401E1FFA80F83048808841F6631145
:1010D000884231D12D48807901282DD02B480088B5
:1010E000801A001B84B2A819401E86B2274948897D
:1010F000FFF742FC2012FFF748FCE0B2FFF745FC87
:10110000A118491EC1F30F20FFF73FFCA118491E8B
:10111000C8B2FFF73AFC1D498889FFF72DFC281259
:10112000FFF733FCE8B2FFF730FC3012FFF72DFC7D
:10113000F0B2FFF72AFC79E01448808845F210519C
:10114000884251D111494889FFF716FC2012FFF758
:101150001CFC0E494989491C88B2FFF70DFCE0B21E
:10116000FFF713FC09494989891C88B2FFF704FC81
:101170003812FFF70AFC05494989C91C88B2FFF7F4
:10118000FBFBF8B2FFF701FC004909E0B8030020BF
:10119000140000208000006C666666666666044087
:1011A0008889FFF7E9FB2812FFF7EFFBFD498989E2
:1011B000491C88B2FFF7E0FBE8B2FFF7E6FBF9490C
:1011C0008989891C88B2FFF7D7FB4FEA2820FFF7EF
:1011D000DCFBF4498989C91C88B2FFF7CDFB08F014
:1011E000FF00FFF7D2FB21E0EE494889FFF7C4FB7F
:1011F0002012FFF7CAFBE0B2FFF7C7FB3812FFF778
:10120000C4FBF8B2FFF7C1FBE6498889FFF7B4FBDE
:101210002812FFF7BAFBE8B2FFF7B7FB4FEA282026
:10122000FFF7B3FB08F0FF00FFF7AFFBBDE8F0816D
:1012300070B504460026DB480588408845430021F8
:101240000846FFF7E3FBFFF7C4FB00BF02E0D64808
:101250000480761CAE42FAD370BD00B5A1B0002068
:10126000209001217A2005F0F7FF0121084606F0C1
:101270002BF84FF400401E9001208DF87C000020D8
:101280008DF87E0002208DF87D0001208DF87F0012
:101290001EA9C64805F05EFA4CF233701E9002207B
:1012A0008DF87C0000208DF87E0003208DF87D00F5
:1012B00001208DF87F001EA9BD4805F04BFA4FF6BE
:1012C00080701E9002208DF87C0000208DF87E003A
:1012D00003208DF87D0001208DF87F001EA9B54800
:1012E00005F038FA4FF480501E9002208DF87C00F3
:1012F00000208DF87E0003208DF87D0001208DF800
:101300007F001EA9AC4805F025FA4FF480501E90CE
:1013100002208DF87C0000208DF87E0003208DF8DF
:101320007D0001208DF87F001EA9A44805F012FA67
:101330000C2200219E4805F098FA0C2201219C48BD
:1013400005F093FA0C220421994805F08EFA0C223C
:101350000521974805F089FA0C220821944805F0E8
:1013600084FA0C220921924805F07FFA0C220A2106
:101370008F4805F07AFA0C220E218D4805F075FA97
:101380000C220F218A4805F070FA0C2207218948A7
:1013900005F06BFA0C220821864805F066FA0C224B
:1013A0000921844805F061FA0C220A21814805F0E0
:1013B0005CFA0C220B217F4805F057FA0C221146EB
:1013C0007C4805F052FA0C220D217A4805F04DFABE
:1013D0000C220E21774805F048FA0C220F2175489F
:1013E00005F043FA0C221146734805F03EFA0C2230
:1013F0001146724805F039FA0F2008900020099034
:101400003C200A9000200B900C900D900E9009202B
:101410000190002002900820039000200490059085
:101420000690079006200F90002010901190102039
:1014300012900020139015901490169017904FF46E
:1014400080501890002019904FF480401A9000208E
:101450001B9008A81C9001A81D900FA805F059FA30
:101460000121062005F0E0FA322004F099FFD32094
:10147000FFF782FAFFF793FA4A498880FFF78FFA5D
:1014800048498880FFF78BFA46498880084680885B
:101490004FF6FF7101EA002042498880FFF77FFA8A
:1014A0004049898808433F4988800846808849F236
:1014B0004131884275D00420FFF75EFAFFF76FFADA
:1014C00038498880FFF76BFA36498880FFF767FA5A
:1014D00034498880084680884FF6FF7101EA002071
:1014E00030498880FFF75BFA2E49898808432D49E7
:1014F00088800846808848F25251884203D147F2DA
:101500008970284988802748808847F289718842F5
:10151000D0D0D420FFF730FAFFF741FA2149888074
:10152000FFF73DFA1F498880FFF739FA1D49888087
:10153000084680884FF6FF7101EA0020194988802B
:10154000FFF72DFA1749898808431649888008460D
:10155000808845F21031884279D055214FF470408F
:10156000FFF725FAAA214FF20100FFF720FA5221D6
:101570004FF20200FFF71BFA08214FF20300FFF7BA
:1015800016FA01214FF20400FFF711FA4FF445401B
:10159000FFF7F2F9FFF703FA0249888008468088CE
:1015A0000EE054E0B80300208000006C000402400C
:1015B000000C0240001002400014024000180240DB
:1015C0004FF6FF7101EA0020FE4988804CF201507D
:1015D000FFF7D2F9FFF7E3F9FA4989880843F94997
:1015E0008880052004F0DCFEF6488088B0F5004FC6
:1015F00003D145F21050F3498880F248808845F2C3
:101600001051884223D0A120FFF7B6F9FFF7C7F9A0
:10161000EC498880FFF7C3F9EA498880084680884A
:101620004FF6FF7101EA0020E6498880FFF7B7F91D
:10163000E44989880843E34988800846808845F260
:101640006171884203D141F66310DE498880DD482C
:10165000808849F24131884217D0DA48808847F2C1
:101660008971884211D0D748808845F2103188426C
:101670000BD0D448808845F21051884205D0D1481B
:10168000808841F6631188422CD1CF48006820F051
:101690000F004FF02041C1F81C010846D0F81C0192
:1016A00020F47060C1F81C010846D0F81C0140F01D
:1016B0000300C1F81C01C348808847F28971884241
:1016C00008D1C148006840F440704FF02041C1F893
:1016D0001C0107E0BC48006840F400704FF0204156
:1016E000C1F81C01B7488188B8A00DF09BF9B54836
:1016F000808849F2413188427ED1CF20FFF73CF902
:101700000020FFF742F9C120FFF73FF93020FFF733
:101710003CF9ED20FFF730F96420FFF736F903209C
:10172000FFF733F91220FFF730F98120FFF72DF989
:10173000E820FFF721F98520FFF727F91020FFF7B0
:1017400024F97A20FFF721F9CB20FFF715F939208A
:10175000FFF71BF92C20FFF718F90020FFF715F908
:101760003420FFF712F90220FFF70FF9F720FFF7F7
:1017700003F92020FFF709F9EA20FFF7FDF8002020
:10178000FFF703F90020FFF700F9C020FFF7F4F896
:101790001B20FFF7FAF8C120FFF7EEF80120FFF752
:1017A000F4F8C520FFF7E8F83020FFF7EEF8302016
:1017B000FFF7EBF8C720FFF7DFF8B720FFF7E5F8F2
:1017C0003620FFF7D9F84820FFF7DFF83A20FFF777
:1017D000D3F85520FFF7D9F8B120FFF7CDF8002056
:1017E000FFF7D3F81A20FFF7D0F8B620FFF7C4F8B8
:1017F0000A20FFF7CAF800E097E0A220FFF7C5F83B
:10180000F220FFF7B9F80020FFF7BFF82620FFF716
:10181000B3F80120FFF7B9F8E020FFF7ADF80F208B
:10182000FFF7B3F82A20FFF7B0F82820FFF7ADF84C
:101830000820FFF7AAF80E20FFF7A7F80820FFF707
:10184000A4F85420FFF7A1F8A920FFF79EF8432041
:10185000FFF79BF80A20FFF798F80F20FFF795F89D
:101860000020FFF792F80020FFF78FF80020FFF725
:101870008CF80020FFF789F8E120FFF77DF80020C1
:10188000FFF783F81520FFF780F81720FFF77DF8A2
:101890000720FFF77AF81120FFF777F80620FFF707
:1018A00074F82B20FFF771F85620FFF76EF83C20F4
:1018B000FFF76BF80520FFF768F81020FFF765F8D1
:1018C0000F20FFF762F83F20FFF75FF83F20FFF798
:1018D0005CF80F20FFF759F82B20FFF74DF8002098
:1018E000FFF753F80020FFF750F80120FFF74DF8FD
:1018F0003F20FFF74AF82A20FFF73EF80020FFF7C5
:1019000044F80020FFF741F80020FFF73EF8EF20F1
:10191000FFF73BF81120FFF72FF8782004F040FD87
:101920002920FFF729F802F0B3B82648808847F24B
:10193000897188427DD11120FFF71EF8782004F0CC
:101940002FFD3620FFF718F80020FFF71EF83A2089
:10195000FFF712F80520FFF718F8B220FFF70CF890
:101960000C20FFF712F80C20FFF70FF80020FFF70C
:101970000CF83320FFF709F83320FFF706F8B720FB
:10198000FEF7FAFF3520FFF700F8BB20FEF7F4FF63
:101990003220FEF7FAFFC020FEF7EEFF0C20FEF724
:1019A000F4FFC220FEF7E8FF0120FEF7EEFFC320A0
:1019B000FEF7E2FF1020FEF7E8FFC420FEF7DCFF91
:1019C00020200BE0B80300201C0100A0204C434461
:1019D0002049443A25780D0A00000000FEF7D5FFA3
:1019E000C620FEF7C9FF0F20FEF7CFFFD020FEF77D
:1019F000C3FFA420FEF7C9FFA120FEF7C6FFE02029
:101A0000FEF7BAFFD020FEF7C0FF0020FEF7BDFFB3
:101A10000220FEF7BAFF0720FEF7B7FF0A20FEF705
:101A2000B4FF2820FEF7B1FF3220FEF7AEFF4420BE
:101A300000E062E0FEF7A9FF4220FEF7A6FF0620C5
:101A4000FEF7A3FF0E20FEF7A0FF1220FEF79DFF7A
:101A50001420FEF79AFF1720FEF797FFE120FEF70C
:101A60008BFFD020FEF791FF0020FEF78EFF0220B3
:101A7000FEF78BFF0720FEF788FF0A20FEF785FFA1
:101A80002820FEF782FF3120FEF77FFF5420FEF76B
:101A90007CFF4720FEF779FF0E20FEF776FF1C2023
:101AA000FEF773FF1720FEF770FF1B20FEF76DFF98
:101AB0001E20FEF76AFF2A20FEF75EFF0020FEF7D9
:101AC00064FF0020FEF761FF0020FEF75EFFEF20BD
:101AD000FEF75BFF2B20FEF74FFF0020FEF755FFC0
:101AE0000020FEF752FF0120FEF74FFF3F20FEF7D8
:101AF0004CFF2920FEF740FF15E7FE48808845F29D
:101B00001031884240F07C87ED20FEF735FF012040
:101B1000FEF73BFFFE20FEF738FFEE20FEF72CFF1E
:101B2000DE20FEF732FF2120FEF72FFFF120FEF727
:101B300023FF0120FEF729FFDF20FEF71DFF102005
:101B4000FEF723FFC420FEF717FF8F20FEF71DFFCF
:101B5000C620FEF711FF0020FEF717FFE220FEF778
:101B600014FFE220FEF711FFE220FEF70EFFBF2078
:101B7000FEF702FFAA20FEF708FFB020FEF7FCFEEA
:101B80000D20FEF702FF0020FEF7FFFE0D20FEF7FE
:101B9000FCFE0020FEF7F9FE1120FEF7F6FE002005
:101BA000FEF7F3FE1920FEF7F0FE0020FEF7EDFE33
:101BB0002120FEF7EAFE0020FEF7E7FE2D20FEF7CB
:101BC000E4FE0020FEF7E1FE3D20FEF7DEFE0020F1
:101BD000FEF7DBFE5D20FEF7D8FE0020FEF7D5FE07
:101BE0005D20FEF7D2FE0020FEF7CFFEB120FEF70B
:101BF000C3FE8020FEF7C9FE0020FEF7C6FE8B2044
:101C0000FEF7C3FE0020FEF7C0FE9620FEF7BDFEE5
:101C10000020FEF7BAFEB220FEF7AEFE0020FEF76F
:101C2000B4FE0020FEF7B1FE0220FEF7AEFE00205B
:101C3000FEF7ABFE0320FEF7A8FE0020FEF7A5FE90
:101C4000B320FEF799FE0020FEF79FFE0020FEF76E
:101C50009CFE0020FEF799FE0020FEF796FE002075
:101C6000FEF793FE0020FEF790FE0020FEF78DFEAB
:101C70000020FEF78AFE0020FEF787FE0020FEF718
:101C800084FE0020FEF781FE0020FEF77EFE00208D
:101C9000FEF77BFE0020FEF778FE0020FEF775FEC3
:101CA0000020FEF772FE0020FEF76FFE0020FEF718
:101CB0006CFE0020FEF769FE0020FEF766FE0020A5
:101CC000FEF763FE0020FEF760FE0020FEF75DFEDB
:101CD0000020FEF75AFEB420FEF74EFE8B20FEF7E2
:101CE00054FE0020FEF751FE9620FEF74EFE002027
:101CF000FEF74BFEA120FEF748FE0020FEF745FE52
:101D0000B520FEF739FE0220FEF73FFE0020FEF769
:101D10003CFE0320FEF739FE0020FEF736FE0420CD
:101D2000FEF733FE0020FEF730FEB620FEF724FE5D
:101D30000020FEF72AFE0020FEF727FEB720FEF760
:101D40001BFE0020FEF721FE0020FEF71EFE3F20B6
:101D5000FEF71BFE0020FEF718FE5E20FEF715FEC4
:101D60000020FEF712FE6420FEF70FFE0020FEF7B3
:101D70000CFE8C20FEF709FE0020FEF706FEAC20CC
:101D8000FEF703FE0020FEF700FEDC20FEF7FDFD5F
:101D90000020FEF7FAFD7020FEF7F7FD0020FEF7A9
:101DA000F4FD9020FEF7F1FD0020FEF7EEFDEB20A4
:101DB000FEF7EBFD0020FEF7E8FDDC20FEF7E5FD79
:101DC0000020FEF7E2FDB820FEF7D6FD0020FEF76A
:101DD000DCFD0020FEF7D9FD0020FEF7D6FD002037
:101DE000FEF7D3FD0020FEF7D0FD0020FEF7CDFD6D
:101DF0000020FEF7CAFD0020FEF7C7FDBA20FEF75F
:101E0000BBFD2420FEF7C1FD0020FEF7BEFD002033
:101E1000FEF7BBFD0020FEF7B8FDC120FEF7ACFDCC
:101E20002020FEF7B2FD0020FEF7AFFD5420FEF7A4
:101E3000ACFD0020FEF7A9FDFF20FEF7A6FD002067
:101E4000FEF7A3FDC220FEF797FD0A20FEF79DFDD9
:101E50000020FEF79AFD0420FEF797FD0020FEF714
:101E600094FDC320FEF788FD3C20FEF78EFD002088
:101E7000FEF78BFD3A20FEF788FD0020FEF785FD7A
:101E80003920FEF782FD0020FEF77FFD3720FEF7A8
:101E90007CFD0020FEF779FD3C20FEF776FD00205A
:101EA000FEF773FD3620FEF770FD0020FEF76DFD96
:101EB0003220FEF76AFD0020FEF767FD2F20FEF7B7
:101EC00064FD0020FEF761FD2C20FEF75EFD002082
:101ED000FEF75BFD2920FEF758FD0020FEF755FDBB
:101EE0002620FEF752FD0020FEF74FFD2420FEF7CE
:101EF0004CFD01E0B80300200020FEF746FD242041
:101F0000FEF743FD0020FEF740FD2320FEF73DFDD8
:101F10000020FEF73AFD3C20FEF737FD0020FEF7DB
:101F200034FD3620FEF731FD0020FEF72EFD322075
:101F3000FEF72BFD0020FEF728FD2F20FEF725FDE4
:101F40000020FEF722FD2C20FEF71FFD0020FEF7EB
:101F50001CFD2920FEF719FD0020FEF716FD2620A6
:101F6000FEF713FD0020FEF710FD2420FEF70DFD07
:101F70000020FEF70AFD2420FEF707FD0020FEF7F3
:101F800004FD2320FEF701FD0020FEF7FEFCC42027
:101F9000FEF7F2FC6220FEF7F8FC0020FEF7F5FCED
:101FA0000520FEF7F2FC0020FEF7EFFC8420FEF790
:101FB000ECFC0020FEF7E9FCF020FEF7E6FC002038
:101FC000FEF7E3FC1820FEF7E0FC0020FEF7DDFC46
:101FD000A420FEF7DAFC0020FEF7D7FC1820FEF75D
:101FE000D4FC0020FEF7D1FC5020FEF7CEFC0020F0
:101FF000FEF7CBFC0C20FEF7C8FC0020FEF7C5FC6A
:102000001720FEF7C2FC0020FEF7BFFC9520FEF76C
:10201000BCFC0020FEF7B9FCF320FEF7B6FC002064
:10202000FEF7B3FCE620FEF7B0FC0020FEF7ADFCA7
:10203000C520FEF7A1FC3220FEF7A7FC0020FEF72A
:10204000A4FC4420FEF7A1FC0020FEF79EFC6520C6
:10205000FEF79BFC0020FEF798FC7620FEF795FC2F
:102060000020FEF792FC8820FEF78FFC0020FEF790
:102070008CFCC620FEF780FC2020FEF786FC0020AA
:10208000FEF783FC1720FEF780FC0020FEF77DFCA6
:102090000120FEF77AFC0020FEF777FCC720FEF750
:1020A0006BFC0020FEF771FC0020FEF76EFC0020A8
:1020B000FEF76BFC0020FEF768FCC820FEF75CFC16
:1020C0000020FEF762FC0020FEF75FFC0020FEF718
:1020D0005CFC0020FEF759FCC920FEF74DFC0020F7
:1020E000FEF753FC0020FEF750FC0020FEF74DFCED
:1020F0000020FEF74AFC0020FEF747FC0020FEF718
:1021000044FC0020FEF741FC0020FEF73EFC0020CE
:10211000FEF73BFC0020FEF738FC0020FEF735FC04
:102120000020FEF732FC0020FEF72FFC0020FEF717
:102130002CFC0020FEF729FC0020FEF726FCE02006
:10214000FEF71AFC1620FEF720FC0020FEF71DFC0F
:102150001C20FEF71AFC0020FEF717FC2120FEF7DA
:1021600014FC0020FEF711FC3620FEF70EFC0020C8
:10217000FEF70BFC4620FEF708FC0020FEF705FCEE
:102180005220FEF702FC0020FEF7FFFB6420FEF762
:10219000FCFB0020FEF7F9FB7A20FEF7F6FB00209F
:1021A000FEF7F3FB8B20FEF7F0FB0020FEF7EDFBC4
:1021B0009920FEF7EAFB0020FEF7E7FBA820FEF7D8
:1021C000E4FB0020FEF7E1FBB920FEF7DEFB002078
:1021D000FEF7DBFBC420FEF7D8FB0020FEF7D5FBA3
:1021E000CA20FEF7D2FB0020FEF7CFFBD220FEF77D
:1021F000CCFB0020FEF7C9FBD920FEF7C6FB002070
:10220000FEF7C3FBE020FEF7C0FB0020FEF7BDFB9E
:10221000F320FEF7BAFB0020FEF7B7FBE120FEF744
:10222000ABFB1620FEF7B1FB0020FEF7AEFB1C2037
:10223000FEF7ABFB0020FEF7A8FB2220FEF7A5FB74
:102240000020FEF7A2FB3620FEF79FFB0020FEF7E2
:102250009CFB4520FEF799FB0020FEF796FB5220E1
:10226000FEF793FB0020FEF790FB6420FEF78DFB4A
:102270000020FEF78AFB7A20FEF787FB0020FEF79E
:1022800084FB8B20FEF781FB0020FEF77EFB99206C
:10229000FEF77BFB0020FEF778FBA820FEF775FB1E
:1022A0000020FEF772FBB920FEF76FFB0020FEF75F
:1022B0006CFBC420FEF769FB0020FEF766FBCA201A
:1022C000FEF763FB0020FEF760FBD220FEF75DFB0C
:1022D0000020FEF75AFBD820FEF757FB0020FEF740
:1022E00054FBE020FEF751FB0020FEF74EFBF320ED
:1022F000FEF74BFB0020FEF748FBE220FEF73CFB1D
:102300000520FEF742FB0020FEF73FFB0B20FEF707
:102310003CFB0020FEF739FB1B20FEF736FB0020BC
:10232000FEF733FB3420FEF730FB0020FEF72DFBD9
:102330004420FEF72AFB0020FEF727FB4F20FEF784
:1023400024FB0020FEF721FB6120FEF71EFB00208E
:10235000FEF71BFB7920FEF718FB0020FEF715FBAC
:102360008820FEF712FB0020FEF70FFB9720FEF7F8
:102370000CFB0020FEF709FBA620FEF706FB002061
:10238000FEF703FBB720FEF700FB0020FEF7FDFA87
:10239000C220FEF7FAFA0020FEF7F7FAC720FEF790
:1023A000F4FA0020FEF7F1FAD120FEF7EEFA002051
:1023B000FEF7EBFAD620FEF7E8FA0020FEF7E5FA82
:1023C000DD20FEF7E2FA0020FEF7DFFAF320FEF749
:1023D000DCFA0020FEF7D9FAE320FEF7CDFA05205B
:1023E000FEF7D3FA0020FEF7D0FA0A20FEF7CDFA66
:1023F0000020FEF7CAFA1C20FEF7C7FA0020FEF7FD
:10240000C4FA3320FEF7C1FA0020FEF7BEFA4420DA
:10241000FEF7BBFA0020FEF7B8FA5020FEF7B5FA37
:102420000020FEF7B2FA6220FEF7AFFA0020FEF7B6
:10243000ACFA7820FEF7A9FA0020FEF7A6FA882069
:10244000FEF7A3FA0020FEF7A0FA9720FEF79DFA08
:102450000020FEF79AFAA620FEF797FA0020FEF772
:1024600094FAB720FEF791FA0020FEF78EFAC22008
:10247000FEF78BFA0020FEF788FAC720FEF785FAF0
:102480000020FEF782FAD120FEF77FFA0020FEF747
:102490007CFAD520FEF779FA0020FEF776FADD20E7
:1024A000FEF773FA0020FEF770FAF320FEF76DFADC
:1024B0000020FEF76AFAE420FEF75EFA0120FEF73C
:1024C00064FA0020FEF761FA0120FEF75EFA0020B0
:1024D000FEF75BFA0220FEF758FA0020FEF755FAE5
:1024E0002A20FEF752FA0020FEF74FFA3C20FEF7B2
:1024F0004CFA0020FEF749FA4B20FEF746FA00207E
:10250000FEF743FA5D20FEF740FA0020FEF73DFAA1
:102510007420FEF73AFA0020FEF737FA8420FEF71F
:1025200034FA0020FEF731FA9320FEF72EFA00204D
:10253000FEF72BFAA220FEF728FA0020FEF725FA74
:10254000B320FEF722FA0020FEF71FFABE20FEF7A6
:102550001CFA0020FEF719FAC420FEF716FA002034
:10256000FEF713FACD20FEF710FA0020FEF70DFA61
:10257000D320FEF70AFA0020FEF707FADD20FEF767
:1025800004FA0020FEF701FAF320FEF7FEF900201E
:10259000FEF7FBF9E520FEF7EFF90020FEF7F5F96D
:1025A0000020FEF7F2F90020FEF7EFF90020FEF719
:1025B000ECF90220FEF7E9F90020FEF7E6F9292000
:1025C000FEF7E3F90020FEF7E0F93C20FEF7DDF925
:1025D0000020FEF7DAF94B20FEF7D7F90020FEF7CE
:1025E000D4F95D20FEF7D1F90020FEF7CEF9742072
:1025F000FEF7CBF90020FEF7C8F98420FEF7C5F9F5
:102600000020FEF7C2F99320FEF7BFF90020FEF785
:10261000BCF9A220FEF7B9F90020FEF7B6F9B32005
:10262000FEF7B3F90020FEF7B0F9BE20FEF7ADF9D2
:102630000020FEF7AAF9C420FEF7A7F90020FEF754
:10264000A4F9CD20FEF7A1F90020FEF79EF9D320D2
:10265000FEF79BF90020FEF798F9DC20FEF795F9CC
:102660000020FEF792F9F320FEF78FF90020FEF725
:102670008CF9E620FEF780F91120FEF786F900209C
:10268000FEF783F93420FEF780F90020FEF77DF98C
:102690005620FEF77AF90020FEF777F97620FEF74C
:1026A00074F90020FEF771F97720FEF76EF900202B
:1026B000FEF76BF96620FEF768F90020FEF765F972
:1026C0008820FEF762F90020FEF75FF99920FEF7F7
:1026D0005CF90020FEF759F9BB20FEF756F90020FF
:1026E000FEF753F99920FEF750F90020FEF74DF957
:1026F0006620FEF74AF90020FEF747F95520FEF75D
:1027000044F90020FEF741F95520FEF73EF900207C
:10271000FEF73BF94520FEF738F90020FEF735F9C2
:102720004320FEF732F90020FEF72FF94420FEF790
:102730002CF90020FEF729F9E720FEF71DF93220D9
:10274000FEF723F90020FEF720F95520FEF71DF9CA
:102750000020FEF71AF97620FEF717F90020FEF7A1
:1027600014F96620FEF711F90020FEF70EF9672034
:10277000FEF70BF90020FEF708F96720FEF705F9D0
:102780000020FEF702F98720FEF7FFF80020FEF791
:10279000FCF89920FEF7F9F80020FEF7F6F8BB20C8
:1027A000FEF7F3F80020FEF7F0F89920FEF7EDF8B9
:1027B0000020FEF7EAF87720FEF7E7F80020FEF7A2
:1027C000E4F84420FEF7E1F80020FEF7DEF856209A
:1027D000FEF7DBF80020FEF7D8F82320FEF7D5F847
:1027E0000020FEF7D2F83320FEF7CFF80020FEF7E6
:1027F000CCF84520FEF7C9F80020FEF7C6F8E8201F
:10280000FEF7BAF80020FEF7C0F80020FEF7BDF88A
:102810009920FEF7BAF80020FEF7B7F88720FEF7F8
:10282000B4F80020FEF7B1F88820FEF7AEF80020DB
:10283000FEF7ABF87720FEF7A8F80020FEF7A5F822
:102840006620FEF7A2F80020FEF79FF88820FEF72A
:102850009CF80020FEF799F8AA20FEF796F80020D1
:10286000FEF793F8BB20FEF790F80020FEF78DF8F6
:102870009920FEF78AF80020FEF787F86620FEF719
:1028800084F80020FEF781F85520FEF77EF800203E
:10289000FEF77BF85520FEF778F80020FEF775F874
:1028A0004420FEF772F80020FEF76FF84420FEF790
:1028B0006CF80020FEF769F85520FEF766F8002056
:1028C000FEF763F8E920FEF757F8AA20FEF75DF857
:1028D0000020FEF75AF80020FEF757F80020FEF718
:1028E00054F80020FEF748F8AA20FEF74EF8CF2053
:1028F000FEF742F80020FEF748F80020FEF745F802
:102900000020FEF742F80020FEF73FF80020FEF717
:102910003CF80020FEF739F80020FEF736F80020DA
:10292000FEF733F80020FEF730F80020FEF72DF810
:102930000020FEF72AF80020FEF727F80020FEF717
:1029400024F80020FEF721F80020FEF71EF80020F2
:10295000FEF71BF80020FEF718F8F020FEF70CF841
:102960000020FEF712F85020FEF70FF80020FEF7C7
:102970000CF80020FEF709F80020FEF706F8F32017
:10298000FDF7FAFF0020FEF700F8F920FDF7F4FF4D
:102990000620FDF7FAFF1020FDF7F7FF2920FDF7CD
:1029A000F4FF0020FDF7F1FF3A20FDF7E5FF552089
:1029B000FDF7EBFF1120FDF7DFFF642003F0F0FCD3
:1029C0002920FDF7D9FF3520FDF7D6FF0020FDF7C0
:1029D000DCFF5120FDF7D0FFFF20FDF7D6FF53208D
:1029E000FDF7CAFF2C20FDF7D0FF5520FDF7C4FFEF
:1029F0008220FDF7CAFF2C20FDF7BEFF01F048B88A
:102A0000FE48808845F2105188427DD155214FF40F
:102A10007040FDF7CCFFAA214FF20100FDF7C7FF80
:102A200052214FF20200FDF7C2FF08214FF20300CE
:102A3000FDF7BDFF01214FF20400FDF7B8FF0D21A6
:102A40004FF43040FDF7B3FF0D214BF20100FDF7CD
:102A5000AEFF0D214BF20200FDF7A9FF34214FF428
:102A60003640FDF7A4FF34214BF20160FDF79FFFD4
:102A700034214BF20260FDF79AFF0D214FF43140F3
:102A8000FDF795FF0D214BF20110FDF790FF0D2191
:102A90004BF20210FDF78BFF34214FF43740FDF766
:102AA00086FF34214BF20170FDF781FF34214BF298
:102AB0000270FDF77CFF00214FF43240FDF777FFF5
:102AC00000214BF20120FDF772FF00214BF20220A2
:102AD000FDF76DFF24214FF43840FDF768FF2421F6
:102AE0004BF60100FDF763FF24214BF60200FDF7D2
:102AF0005EFF01214FF43F40FDF759FF0F214FF4D6
:102B00003340FDF754FF00E0FDE30F214BF20130AD
:102B1000FDF74DFF0F214BF20230FDF748FF342146
:102B20004FF43940FDF743FF34214BF60110FDF718
:102B30003EFF34214BF60210FDF739FF08214FF418
:102B40003540FDF734FF08214BF20150FDF72FFF10
:102B500008214BF20250FDF72AFF03214FF44240B7
:102B6000FDF725FF24214FF43A40FDF720FF2421F3
:102B70004BF60120FDF71BFF24214BF60220FDF749
:102B800016FF00214FF43C40FDF711FF78214BF672
:102B90000140FDF70CFF00214BF60240FDF707FF57
:102BA00000214FF43D40FDF702FF78214BF6015024
:102BB000FDF7FDFE00214BF60250FDF7F8FE002167
:102BC0004FF43E40FDF7F3FE64214BF60160FDF744
:102BD000EEFE00214FF45140FDF7E9FE33214DF2A6
:102BE0000110FDF7E4FE00214DF20210FDF7DFFEBB
:102BF00034214DF20310FDF7DAFE00214DF20410EE
:102C0000FDF7D5FE3A214DF20510FDF7D0FE00216B
:102C10004DF20610FDF7CBFE4A214DF20710FDF7ED
:102C2000C6FE00214DF20810FDF7C1FE5C214DF2F9
:102C30000910FDF7BCFE00214DF20A10FDF7B7FEAA
:102C400081214DF20B10FDF7B2FE00214DF20C1068
:102C5000FDF7ADFEA6214DF20D10FDF7A8FE0021F7
:102C60004DF20E10FDF7A3FEE5214DF20F10FDF71A
:102C70009EFE01214DF21010FDF799FE13214DF239
:102C80001110FDF794FE01214DF21210FDF78FFE99
:102C900054214DF21310FDF78AFE01214DF214105C
:102CA000FDF785FE82214DF21510FDF780FE012112
:102CB0004DF21610FDF77BFECA214DF21710FDF7FD
:102CC00076FE02214DF21810FDF771FE00214DF243
:102CD0001910FDF76CFE02214DF21A10FDF767FE88
:102CE00001214DF21B10FDF762FE02214DF21C1076
:102CF000FDF75DFE34214DF21D10FDF758FE022157
:102D00004DF21E10FDF753FE67214DF21F10FDF727
:102D10004EFE02214DF22010FDF749FE84214DF2B6
:102D20002110FDF744FE02214DF22210FDF73FFE77
:102D3000A4214DF22310FDF73AFE02214DF224109A
:102D4000FDF735FEB7214DF22510FDF730FE0221CB
:102D50004DF22610FDF72BFECF214DF22710FDF787
:102D600026FE02214DF22810FDF721FEDE214DF254
:102D70002910FDF71CFE02214DF22A10FDF717FE67
:102D8000F2214DF22B10FDF712FE02214DF22C1014
:102D9000FDF70DFEFE214DF22D10FDF708FE03217B
:102DA0004DF22E10FDF703FE10214DF22F10FDF70E
:102DB000FEFD03214DF23010FDF7F9FD33214DF2F8
:102DC0003110FDF7F4FD03214DF23210FDF7EFFD58
:102DD0006D214DF23310FDF7EAFD00214FF4524012
:102DE000FDF7E5FD33214DF20120FDF7E0FD002167
:102DF0004DF20220FDF7DBFD342101E0B803002095
:102E00004DF20320FDF7D3FD00214DF20420FDF724
:102E1000CEFD3A214DF20520FDF7C9FD00214DF20E
:102E20000620FDF7C4FD4A214DF20720FDF7BFFD46
:102E300000214DF20820FDF7BAFD5C214DF209207A
:102E4000FDF7B5FD00214DF20A20FDF7B0FD81210F
:102E50004DF20B20FDF7ABFD00214DF20C20FDF7EC
:102E6000A6FDA6214DF20D20FDF7A1FD00214DF29A
:102E70000E20FDF79CFDE5214DF20F20FDF797FD9B
:102E800001214DF21020FDF792FD13214DF211208A
:102E9000FDF78DFD01214DF21220FDF788FD542133
:102EA0004DF21320FDF783FD01214DF21420FDF7B3
:102EB0007EFD82214DF21520FDF779FD01214DF2B5
:102EC0001620FDF774FDCA214DF21720FDF76FFDA6
:102ED00002214DF21820FDF76AFD00214DF2192064
:102EE000FDF765FD02214DF21A20FDF760FD01217D
:102EF0004DF21B20FDF75BFD02214DF21C20FDF77A
:102F000056FD34214DF21D20FDF751FD02214DF2F9
:102F10001E20FDF74CFD67214DF21F20FDF747FDF8
:102F200002214DF22020FDF742FD84214DF22120A7
:102F3000FDF73DFD02214DF22220FDF738FDA421D1
:102F40004DF22320FDF733FD02214DF22420FDF741
:102F50002EFDB7214DF22520FDF729FD02214DF26E
:102F60002620FDF724FDCF214DF22720FDF71FFD80
:102F700002214DF22820FDF71AFDDE214DF2292015
:102F8000FDF715FD02214DF22A20FDF710FDF2217B
:102F90004DF22B20FDF70BFD02214DF22C20FDF709
:102FA00006FDFE214DF22D20FDF701FD03214DF21E
:102FB0002E20FDF7FCFC10214DF22F20FDF7F7FC31
:102FC00003214DF23020FDF7F2FC33214DF2312088
:102FD000FDF7EDFC03214DF23220FDF7E8FC6D21F9
:102FE0004DF23320FDF7E3FC00214FF45340FDF791
:102FF000DEFC33214DF20130FDF7D9FC00214DF20A
:103000000230FDF7D4FC34214DF20330FDF7CFFC44
:1030100000214DF20430FDF7CAFC3A214DF2053093
:10302000FDF7C5FC00214DF20630FDF7C0FC4A213A
:103030004DF20730FDF7BBFC00214DF20830FDF7E3
:10304000B6FC5C214DF20930FDF7B1FC00214DF2D8
:103050000A30FDF7ACFC81214DF20B30FDF7A7FCE7
:1030600000214DF20C30FDF7A2FCA6214DF20D30EF
:10307000FDF79DFC00214DF20E30FDF798FCE52197
:103080004DF20F30FDF793FC01214DF21030FDF7AA
:103090008EFC13214DF21130FDF789FC01214DF218
:1030A0001230FDF784FC54214DF21330FDF77FFC04
:1030B00001214DF21430FDF77AFC82214DF21530DA
:1030C000FDF775FC01214DF21630FDF770FCCA21A9
:1030D0004DF21730FDF76BFC02214DF21830FDF771
:1030E00066FC00214DF21930FDF761FC02214DF222
:1030F0001A30FDF75CFC01214DF21B30FDF757FC47
:1031000002214DF21C30FDF752FC34214DF21D30EE
:10311000FDF74DFC02214DF21E30FDF748FC672102
:103120004DF21F30FDF743FC02214DF22030FDF738
:103130003EFC84214DF22130FDF739FC02214DF295
:103140002230FDF734FCA4214DF22330FDF72FFC93
:1031500002214DF22430FDF72AFCB7214DF2253033
:10316000FDF725FC02214DF22630FDF720FCCF2192
:103170004DF22730FDF71BFC02214DF22830FDF700
:1031800016FCDE214DF22930FDF711FC02214DF233
:103190002A30FDF70CFCF2214DF22B30FDF707FC35
:1031A00002214DF22C30FDF702FCFE214DF22D30B4
:1031B000FDF7FDFB03214DF22E30FDF7F8FB10214A
:1031C0004DF22F30FDF7F3FB03214DF23030FDF7C8
:1031D000EEFB33214DF23130FDF7E9FB03214DF2D7
:1031E0003230FDF7E4FB6D214DF23330FDF7DFFBAC
:1031F00000214FF45440FDF7DAFB33214DF201403A
:10320000FDF7D5FB00214DF20240FDF7D0FB342144
:103210004DF20340FDF7CBFB00214DF20440FDF7DA
:10322000C6FB3A214DF20540FDF7C1FB00214DF2EE
:103230000640FDF7BCFB4A214DF20740FDF7B7FB06
:1032400000214DF20840FDF7B2FB5C214DF2094030
:10325000FDF7ADFB00214DF20A40FDF7A8FB8121EF
:103260004DF20B40FDF7A3FB00214DF20C40FDF7A2
:103270009EFBA6214DF20D40FDF799FB00214DF27A
:103280000E40FDF794FBE5214DF20F40FDF78FFB5B
:1032900001214DF21040FDF78AFB13214DF2114040
:1032A000FDF785FB01214DF21240FDF780FB542113
:1032B0004DF21340FDF77BFB01214DF21440FDF769
:1032C00076FB82214DF21540FDF771FB01214DF295
:1032D0001640FDF76CFBCA214DF21740FDF767FB66
:1032E00002214DF21840FDF762FB00214DF219401A
:1032F000FDF75DFB02214DF21A40FDF758FB01215D
:103300004DF21B4000E005E3FDF751FB02214DF2B9
:103310001C40FDF74CFB34214DF21D40FDF747FBEF
:1033200002214DF21E40FDF742FB67214DF21F4086
:10333000FDF73DFB02214DF22040FDF738FB8421D3
:103340004DF22140FDF733FB02214DF22240FDF703
:103350002EFBA4214DF22340FDF729FB02214DF263
:103360002440FDF724FBB7214DF22540FDF71FFB5C
:1033700002214DF22640FDF71AFBCF214DF22740E6
:10338000FDF715FB02214DF22840FDF710FBDE2171
:103390004DF22940FDF70BFB02214DF22A40FDF7CB
:1033A00006FBF2214DF22B40FDF701FB02214DF20D
:1033B0002C40FDF7FCFAFE214DF22D40FDF7F7FA07
:1033C00003214DF22E40FDF7F2FA10214DF22F406D
:1033D000FDF7EDFA03214DF23040FDF7E8FA332115
:1033E0004DF23140FDF7E3FA03214DF23240FDF793
:1033F000DEFA6D214DF23340FDF7D9FA00214FF48A
:103400005540FDF7D4FA33214DF20150FDF7CFFAC4
:1034100000214DF20250FDF7CAFA34214DF203505B
:10342000FDF7C5FA00214DF20450FDF7C0FA3A212C
:103430004DF20550FDF7BBFA00214DF20650FDF7A5
:10344000B6FA4A214DF20750FDF7B1FA00214DF2CC
:103450000850FDF7ACFA5C214DF20950FDF7A7FAD0
:1034600000214DF20A50FDF7A2FA81214DF20B50D6
:10347000FDF79DFA00214DF20C50FDF798FAA621B8
:103480004DF20D50FDF793FA00214DF20E50FDF76D
:103490008EFAE5214DF20F50FDF789FA01214DF228
:1034A0001050FDF784FA13214DF21150FDF77FFA09
:1034B00001214DF21250FDF77AFA54214DF21350CA
:1034C000FDF775FA01214DF21450FDF770FA8221D3
:1034D0004DF21550FDF76BFA01214DF21650FDF734
:1034E00066FACA214DF21750FDF761FA02214DF23A
:1034F0001850FDF75CFA00214DF21950FDF757FA0C
:1035000002214DF21A50FDF752FA01214DF21B50E3
:10351000FDF74DFA02214DF21C50FDF748FA342117
:103520004DF21D50FDF743FA02214DF21E50FDF7FA
:103530003EFA67214DF21F50FDF739FA02214DF294
:103540002050FDF734FA84214DF22150FDF72FFA77
:1035500002214DF22250FDF72AFAA4214DF2235008
:10356000FDF725FA02214DF22450FDF720FAB7218C
:103570004DF22550FDF71BFA02214DF22650FDF7C2
:1035800016FACF214DF22750FDF711FA02214DF224
:103590002850FDF70CFADE214DF22950FDF707FA0D
:1035A00002214DF22A50FDF702FAF2214DF22B5082
:1035B000FDF7FDF902214DF22C50FDF7F8F9FE213F
:1035C0004DF22D50FDF7F3F903214DF22E50FDF78A
:1035D000EEF910214DF22F50FDF7E9F903214DF2DC
:1035E0003050FDF7E4F933214DF23150FDF7DFF9AA
:1035F00003214DF23250FDF7DAF96D214DF23350CF
:10360000FDF7D5F900214FF45640FDF7D0F93321ED
:103610004DF20160FDF7CBF900214DF20260FDF79C
:10362000C6F934214DF20360FDF7C1F900214DF2D6
:103630000460FDF7BCF93A214DF20560FDF7B7F9DA
:1036400000214DF20660FDF7B2F94A214DF2076004
:10365000FDF7ADF900214DF20860FDF7A8F95C21F6
:103660004DF20960FDF7A3F900214DF20A60FDF764
:103670009EF981214DF20B60FDF799F900214DF281
:103680000C60FDF794F9A6214DF20D60FDF78FF95E
:1036900000214DF20E60FDF78AF9E5214DF20F6031
:1036A000FDF785F901214DF21060FDF780F9132136
:1036B0004DF21160FDF77BF901214DF21260FDF72B
:1036C00076F954214DF21360FDF771F901214DF2A5
:1036D0001460FDF76CF982214DF21560FDF767F972
:1036E00001214DF21660FDF762F9CA214DF2176013
:1036F000FDF75DF902214DF21860FDF758F9002140
:103700004DF21960FDF753F902214DF21A60FDF7F1
:103710004EF901214DF21B60FDF749F902214DF2EE
:103720001C60FDF744F934214DF21D60FDF73FF9AF
:1037300002214DF21E60FDF73AF967214DF21F603C
:10374000FDF735F902214DF22060FDF730F98421B3
:103750004DF22160FDF72BF902214DF22260FDF7B9
:1037600026F9A4214DF22360FDF721F902214DF243
:103770002460FDF71CF9B7214DF22560FDF717F91C
:1037800002214DF22660FDF712F9CF214DF227609C
:10379000FDF70DF902214DF22860FDF708F9DE2151
:1037A0004DF22960FDF703F902214DF22A60FDF781
:1037B000FEF8F2214DF22B60FDF7F9F802214DF2EF
:1037C0002C60FDF7F4F8FE214DF22D60FDF7EFF8C7
:1037D00003214DF22E60FDF7EAF810214DF22F6023
:1037E000FDF7E5F803214DF23060FDF7E0F83321F5
:1037F0004DF23160FDF7DBF803214DF23260FDF749
:10380000D6F86D214DF23360FDF7D1F855214FF414
:103810007040FDF7CCF8AA214FF20100FDF7C7F880
:1038200052214FF20200FDF7C2F808214FF20300C7
:10383000FDF7BDF800214FF20400FDF7B8F8CC21E8
:103840004FF43140FDF7B3F800214BF20110FDF7C2
:10385000AEF805214FF43640FDF7A9F870214FF47A
:103860003740FDF7A4F870214BF20170FDF79FF887
:1038700001214FF43840FDF79AF803214BF601007F
:10388000FDF795F803214BF60200FDF790F80321B0
:103890004BF60300FDF78BF802214FF43C40FDF797
:1038A00086F800214BF60140FDF781F800214BF628
:1038B0000240FDF77CF8D0214FF44940FDF777F83E
:1038C00002214CF60110FDF772F850214CF602105F
:1038D000FDF76DF850214CF60310FDF768F8502104
:1038E0004CF60410FDF763F800214FF45450FDF737
:1038F0005EF855214FF46850FDF759F84FF48850A1
:10390000FDF73AF8782002F003FD4FF42450FDF75C
:1039100033F8BDE0FE48808841F663118842F8D153
:10392000E220FDF729F81D20FDF72FF80220FDF712
:103930002CF80420FDF729F8642002F0E9FCE020CF
:10394000FDF71AF80120FDF720F80A2002F028FD03
:10395000E020FDF711F80320FDF717F80C2002F026
:103960001FFD0120FDF708F80A2002F019FDE620EE
:10397000FDF702F82F20FDF708F8FF20FDF705F806
:10398000FF20FDF702F8B020FCF7F6FF2020FCF73F
:10399000FCFF0020FCF7F9FF0320FCF7F6FF40F2E4
:1039A0001F30FCF7F2FF0120FCF7EFFF40F2DF10C1
:1039B000FCF7EBFF0020FCF7E8FFB420FCF7DCFF8E
:1039C0000420FCF7E2FF40F21F40FCF7DEFF00207E
:1039D000FCF7DBFF2E20FCF7D8FF0020FCF7D5FF1B
:1039E0000020FCF7D2FF0020FCF7CFFF0020FCF7FF
:1039F000CCFFB620FCF7C0FF0220FCF7C6FF4FF457
:103A00000370FCF7C2FF0020FCF7BFFF1720FCF794
:103A1000BCFF1520FCF7B9FF0020FCF7B6FF002023
:103A2000FCF7B3FFF020FCF7A7FF0320FCF7ADFF86
:103A30002920FCF7A1FFD020FCF79EFF0020FCF717
:103A4000A4FFBE20FCF798FF0520FCF79EFFFE2098
:103A5000FCF79BFF0120FCF798FF0020FCF795FF87
:103A60000020FCF792FF0020FCF78FFFB820FCF746
:103A700083FF0320FCF789FF0120FCF786FFBA20B3
:103A8000FCF77AFF0120FCF780FF6420FDF74FFA76
:103A90000020FDF778FA01209E4908604FF6FF707C
:103AA000FDF7C6FB21B000BD2DE9F04F05460E46DF
:103AB00017469846DDF824A04FF0000B781B401CF9
:103AC0001FFA80FB344614E021462846FCF79EFF8F
:103AD000FCF77FFF4FF0000907E04FF0D840A0F857
:103AE00080A009F101001FFA80F9D945F5DB601CBF
:103AF00084B24445E8DDBDE8F08F2DE9F84F074674
:103B00000D4690469946DDF828B0A8EB0700401C0A
:103B10001FFA80FAA9EB0500401C80B20090002437
:103B200014E0281981B23846FCF770FFFCF751FF0A
:103B3000002607E004FB0A603BF810007649088085
:103B4000701C86B25645F5DB601C84B20098844236
:103B5000E7DBBDE8F88F2DE9FF4F84B081468A4648
:103B60000020039002900698A0EB09050798A0EBAF
:103B70000A06CDF80490CDF800A0002D01DD012744
:103B800005E00DB9002702E04FF0FF376D42002E2F
:103B900002DD4FF0010806E016B94FF0000802E020
:103BA0004FF0FF387642B54201DD2C4600E0344646
:103BB0004FF0000B21E0009A91B2019A90B2FDF70C
:103BC00031F90398284403900298304402900398F6
:103BD000A04205DD0398001B039001983844019032
:103BE0000298A04205DD0298001B02900098404414
:103BF00000900BF101001FFA80FB601C8345DADDA9
:103C000008B0BDE8F08FF0B504460D4616461F46D5
:103C10002B46324629462046FFF79DFF3B4622466B
:103C200029462046FFF797FF3B4632463946204655
:103C3000FFF791FF3B46324629463046FFF78BFFA0
:103C4000F0BD2DE9F04306460F4690460024454658
:103C50000320A0EB48093CE07A1B91B2321990B2E4
:103C6000FDF7E0F83A1B91B2721990B2FDF7DAF85D
:103C70003A1991B2721990B2FDF7D4F87A1991B24B
:103C8000321990B2FDF7CEF87A1991B2321B90B288
:103C9000FDF7C8F83A1991B2721B90B2FDF7C2F85D
:103CA0007A1B91B2321B90B2FDF7BCF83A1B91B26D
:103CB000721B90B2FDF7B6F8641CB9F1000F03DA7D
:103CC000A000801D814404E0601B80000A30814414
:103CD0006D1EAC42C0DDBDE8F0832DE9F84F804693
:103CE0000E4617461C46B3462046E31704EB5373B3
:103CF000DB1021464FEAE47C04EB5C7C4FEAEC0CE1
:103D0000A4EBCC0CBCF1000F08D04FF0010C07E085
:103D1000B8030020BC8240428000006C4FF0000CD1
:103D20006344224604EBD27C4FEA6C0C03FB0CF399
:103D3000DBB20093A7F12000C7B2002556E00C2C9F
:103D400007D107EB47009F4901EB800010F8059071
:103D500013E0102C05D19C4800EB071010F80590DB
:103D60000BE0182C07D107EBC700984901EB800046
:103D700010F8059001E0BDE8F88F4FF0000A2FE041
:103D800009F0800030B19248028831464046FDF784
:103D900057F807E00A9828B98E480288314640460D
:103DA000FDF74EF84FEA49604FEA1069701C86B281
:103DB00089484088B04200DCDDE7A6EB0B00A0425A
:103DC0000AD15E4608F101001FFA80F88248008897
:103DD000404500DCCFE706E00AF1010000F0FF0AF1
:103DE000BAF1080FCCDB00BF681CC5B20098854251
:103DF000A5DB00BFBFE710B50246012000E050433D
:103E00000B1EA1F10104E1B2F9D110BD2DE9FF4F64
:103E100081B0074691461E460E9D4FF0000A0024D1
:103E200039E0301B401EC1B20A20FFF7E4FFB9FBA6
:103E3000F0F00A21B0FBF1F201FB1208BAF1000F19
:103E400016D1701EA04213DDB8F1000F0ED1002074
:103E5000AB4605EBDB71491001FB0471009088B2A1
:103E60002B4620220299FFF738FF12E04FF0010A9B
:103E70000020AB4605EBDB71491001FB047100909B
:103E800088B208F13001CAB22B460299FFF725FF2C
:103E900000BF601CC4B2B442C3DB05B0BDE8F08F04
:103EA0002DE9FF4F82B0064692461F46DDE90F48D6
:103EB0000020019000254DE0781B401EC1B20A2071
:103EC000FFF799FFBAFBF0F00A21B0FBF1F201FB1A
:103ED0001209019850BB781EA84227DDB9F1000FE6
:103EE00022D108F0800078B108F00100A34604EB6D
:103EF000DB71491001FB0561009088B22346302236
:103F00000399FFF7EAFE0EE008F00100A34604EB78
:103F1000DB71491001FB0561009088B22346202225
:103F20000399FFF7DAFE13E00120019008F0010089
:103F3000A34604EBDB71491001FB0561009088B2D8
:103F400009F13001CAB223460399FFF7C6FE00BF4C
:103F5000681CC5B2BD42AFDB06B0BDE8F08F2DE9ED
:103F6000F84704460D4690469946DDE9096704F096
:103F7000FF0A08EB04001FFA80F809EB05001FFA9E
:103F800080F916E0444502DB5446A81985B24D4538
:103F900000DB14E0002000903A78334629462046A2
:103FA000FFF79BFE304606EBD07104EB61018CB24B
:103FB0007F1C38787E2802DC38782028E2DA00BFBF
:103FC000BDE8F8876AF40008DEF80008CEFE0008B5
:103FD0001400002016000020B80300201CB50121A9
:103FE000112003F039F91C20009000208DF8040006
:103FF00003208DF8050001208DF80700694635483B
:1040000002F0A8FB0120009002208DF8070069460D
:10401000314802F09FFB1CBD10B5044614B10120CD
:104020002E4908702D480078002837D010212948E3
:1040300002F0F2FB78B10821264802F0EDFB50B106
:104040000421244802F0E8FB28B10121224802F0B3
:10405000E3FB012822D10A2002F0A2F900201F4927
:10406000087010211B4802F0D7FB08B9012010BDD1
:104070000821184802F0D0FB08B90220F7E7042114
:10408000144802F0C9FB08B90320F0E701211248E7
:1040900002F0C2FB01281BD10420E8E710210D48E3
:1040A00002F0BAFB012813D108210A4802F0B4FB40
:1040B00001280DD10421074802F0AEFB012807D1E9
:1040C0000121054802F0A8FB10B90120034908703E
:1040D0000020CCE700100240000002401800002041
:1040E00010B5044600BF0221414804F095FC0028A9
:1040F000F9D021463E4804F046FC00BF01213C486F
:1041000004F08AFC0028F9D0394804F039FCC0B228
:1041100010BD00B587B00121084603F09DF80121CC
:10412000080303F0F3F83820059002208DF81800FA
:1041300000208DF81A0003208DF8190001208DF859
:104140001B0005A92B4802F005FB05220321294885
:1041500002F08BFB05220421264802F086FB052293
:104160001146244802F081FB0121080303F023F9E2
:1041700000214FF4805003F01EF90020ADF800003C
:104180004FF48270ADF802000020ADF80400022068
:10419000ADF806000120ADF808004002ADF80A00B5
:1041A0003820ADF80C000020ADF80E000720ADF867
:1041B000100069460E4804F06BFA01210C4804F027
:1041C00061FBFF20FFF78CFF07B000BD10B5044670
:1041D000074800884FF6C77108400549088008461F
:1041E0000088204308800121014804F04BFB10BDEA
:1041F000003001400004024010B500240020D849DE
:1042000008609020FFF76CFF0020FFF769FF002097
:10421000FFF766FF0020FFF763FFFF20FFF760FF57
:1042200044EA0024FF20FFF75BFF04430120CD494F
:10423000C1F8B802204610BD1CB50121022003F0D0
:104240000BF80121402003F007F84FF48040009064
:1042500001208DF8040000208DF8060003208DF861
:10426000050001208DF807006946BF4802F072FA88
:10427000802000906946BD4802F06CFA8021BB485E
:1042800002F0E4FA0120B6490860FFF742FF082077
:10429000FFF79CFFFFF7B0FFB54908801CBD10B5C4
:1042A00000240020AE4908600520FFF719FFFF2019
:1042B000FFF716FF04460120AA49C1F8B8022046BC
:1042C00010BD10B504460020A54908600120FFF785
:1042D00007FF2046FFF704FF0120A249C1F8B802FA
:1042E00010BD10B500209E4908600620FFF7F8FEBB
:1042F00001209C49C1F8B80210BD10B500209849B2
:1043000008600420FFF7ECFE01209649C1F8B802CE
:1043100010BD2DE9F04106460C4617460020904995
:1043200008600320FFF7DCFEC4F30740FFF7D8FE68
:10433000C4F30720FFF7D4FEE0B2FFF7D1FE00255B
:1043400005E0FF20FFF7CCFE7055681C85B2BD422A
:10435000F7DB012082490860BDE8F08110B500BF9D
:10436000FFF79DFF00F001000028F9D110BD2DE9F5
:10437000F04106460C461746FFF7B3FF0020784988
:1043800008600220FFF7ACFEC4F30740FFF7A8FE69
:10439000C4F30720FFF7A4FEE0B2FFF7A1FE00255B
:1043A00004E0705DFFF79CFE681C85B2BD42F8DB3F
:1043B00001206B490860FFF7D1FFBDE8F0812DE9CE
:1043C000F04107460E461446F0B2C0F58075AC4287
:1043D00000DC254612E02A4631463846FFF7C7FF83
:1043E000AC4200D10BE02F442E44601B84B2B4F5E4
:1043F000807F02DD4FF4807500E02546EBE700BFCB
:10440000BDE8F08110B5044621465AA00AF00AFB27
:104410002403FFF766FFFFF7A1FF00205049086063
:104420002020FFF75DFEC4F30740FFF759FEC4F3F9
:104430000720FFF755FEE0B2FFF752FE0120494981
:10444000C1F8B802FFF78AFF10BD2DE9F05F814681
:104450000F461646DFF824B14FEA1738C7F30B0AA8
:10446000CAF58054A64200DC344644E04FEA0831E5
:104470004FF480525846FFF74CFF002508E00AEB46
:1044800005001BF80000FF2800D003E0681C85B27F
:10449000A542F4DB00BFA54216DA4046FFF7B2FFA3
:1044A000002507E019F8050005EB0A010BF80100EB
:1044B000681C85B2A542F5DB4FEA08314FF4805203
:1044C0005846FFF77CFF04E0224639464846FFF78E
:1044D00076FFA64200D10FE008F101084FF0000A74
:1044E000A1442744301B86B2B6F5805F02DD4FF44D
:1044F000805400E03446B9E700BFBDE8F09F10B536
:10450000FFF7EFFEFFF72AFF002015490860C720DC
:10451000FFF7E6FD01201349C1F8B802FFF71EFFBF
:1045200010BD10B500200E490860B920FFF7D8FD76
:1045300001200C49C1F8B802032001F0E9FE10BDCA
:1045400010B5002006490860AB20FFF7C9FD012027
:104550000449C1F8B802032001F0DAFE10BD0000E2
:10456000B8824042008040420004024000180240ED
:104570001A00002066653A25780D0A00C60300205F
:104580000020FE490860091D0860091D0860091D1A
:104590000860FA4924310860091D0860091D086097
:1045A000F748F649383108600020091D0860704757
:1045B00001460020012900D011B9F24B197000E02A
:1045C000262070470146ED4A121D106820F0FF00BA
:1045D00008431060704770B5044606E0E748343081
:1045E000056805F0450000B100E0F7E700BF0420D2
:1045F00004F00AFB20B1042004F011FB032070BD7D
:10460000012004F001FB20B1012004F008FB01208F
:10461000F5E7DA4810300068A04201D01020EEE73C
:1046200040F2FF5004F0FBFAD4481430006808212F
:104630000840C0B2E3E72DE9FC4107460D460026DD
:1046400000240020009001900820CF49086010202D
:104650004860402088600020C8604FF48060086196
:10466000084604F03EFA1020FFF7B5FF044614B1E7
:104670002046BDE8FC81C54800880004C2490860A6
:1046800037204860402088600020C8604FF4806078
:104690000861084604F025FA3720FFF79CFF04461E
:1046A0000CB12046E5E74FF0FF30B949086008201B
:1046B0004860302088600220C86000200861012026
:1046C0004861084604F039FA0020AF4908603320F9
:1046D0004860402088600020C8604FF48060086116
:1046E000084604F0FEF93320FFF775FF04460CB1CD
:1046F0002046BEE70DE04FF4001004F085FA40B10B
:104700009E48803000684DF82600761C022E00D3AB
:1047100007E09A483430006840F22A6108400028D7
:10472000E9D000BF082004F06FFA20B1082004F09F
:1047300076FA04209DE7022004F066FA20B10220F8
:1047400004F06DFA022094E7202004F05DFA20B115
:10475000202004F064FA06208BE74FF4007004F088
:1047600053FA28B14FF4007004F059FA072080E79B
:1047700040F2FF5004F053FA00980006009901F44B
:104780007F4140EA0120009901F47F0140EA1120B5
:10479000009940EA1160686001980006019901F4EF
:1047A0007F4140EA0120019901F47F0140EA112094
:1047B000019940EA1160286020465AE77CB5054619
:1047C000002400200090019000260DB1022600E098
:1047D00000266A481430006800F0007008B10E200E
:1047E0007CBD6A49098888B26946FFF724FF044600
:1047F0000CB12046F4E7019800F4802060B36348D0
:1048000000880004604908603720486040208860C4
:104810000020C8604FF480600861084604F061F928
:104820003720FFF7D8FE04460CB12046D8E756489B
:104830000660062054494860402088600020C86017
:104840004FF480600861084604F04BF90620FFF73A
:10485000C2FE04462046C3E72520C1E770B50446E2
:1048600000254C480078032802D12725284670BD32
:104870004848007838B147480078012803D04548B7
:104880000078022819D1B4F5805F02D12725284687
:10489000EDE7E0B2FFF792FF054675B93748001D16
:1048A000006820F4C0503549091D086008460068BA
:1048B000204308600846006808602846D7E710B51E
:1048C00004463148046007202F4948604020886032
:1048D0000020C8604FF480600861084604F001F9C8
:1048E0000720FFF778FE10BDF0B50146002000223A
:1048F000284B1B7881F85630244B1B88A1F8543084
:10490000254B1B681A0E93090B70C2F383034B707F
:1049100002F003038B70204B1B68C3F30742CA707D
:104920001D4B1B88C3F307220A711B4B1A784A716F
:104930005B681A0E1301CB80174B5B68C3F3074209
:10494000CB8843EA1213CB8002F00F030B72124B99
:104950009B88C3F30722D3094B72C2F380138B7277
:10496000C2F34013CB72C2F300130B7300234B73DB
:10497000084B1B78C3B1074B1B780FE0002C01409C
:10498000FF07C00024000020E013002020000020CA
:10499000F41300201C0000200C140020012B03D075
:1049A000FE4B1B78032B4FD193071B0D0B61FC4B68
:1049B0001A790B6943EA82030B61F94B9B681A0E63
:1049C0000B6943EA92130B61C2F3C2030B7502F049
:1049D00007034B75F24B9B68C3F3074253098B7572
:1049E000C2F38203CB7593075B0F0B76EC4B1B89ED
:1049F000C3F307220B7E43EAD2130B760B695B1CD1
:104A00000024C1E912340B7E9B1C012606FA03F335
:104A1000DE17D1E91245A4FB037C05FB03C304FBAD
:104A20000633C1E912730C7A0123A3400B650024FD
:104A3000D1E912560B6DA5FB037C06FB03C305FBF6
:104A40000433C1E912732CE0D44B1B78022B28D11C
:104A5000D34B1A7993069B0A0B61D14B9B681A0EB4
:104A60000B6943EA02230B61CD4B9B68C3F30742FA
:104A70000B6913430B61CA4B1B89C3F307220B69F4
:104A80005B1C4FF40074A3FB043566000027A3FBF6
:104A9000064C05FB06C503FB0753C1E9124373101F
:104AA0000B65C2F3801301F8193F93065B0E4B7040
:104AB000BB4B1A7A4B7843EAD2134B7002F07F0358
:104AC0008B70B74BDB681A0ED309CB70C2F341135E
:104AD0000B71C2F382034B7193071B0F8B71B04BA9
:104AE000DB68C3F307428B7943EA92138B71C2F3FD
:104AF0004013CB7100230B7202F001034B72A84BE1
:104B00009B89C3F30722D3098B72C2F38013CB7244
:104B1000C2F340130B73C2F300134B73C2F3810350
:104B20008B7302F00303CB739D4B1A7B53080B74FA
:104B300001234B749B4B1B681A0ECA741939994B8D
:104B40001B68C3F307421402CC85964B1B88C3F342
:104B50000722CB8D1343CB85924B1A7814060C6336
:104B60005B681A0E0B6B43EA02440C638D4B5B6867
:104B7000C3F307420B6B43EA02240C63894B9B8807
:104B8000C3F307220B6B13430B63864B1A79342351
:104B90005A54844B9B681A0E35235A54814B9B6898
:104BA000C3F3074214068C637E4B1B89C3F30722B1
:104BB0008B6B43EA02448C637A4B1A7A8B6B43EA21
:104BC00002248C63774BDB681A0E8B6B13438B6369
:104BD000744BDB68C3F307423C235B5C43EA12146B
:104BE0003C235C5413071C0DCC876E4B9B89C3F38D
:104BF0000722CB8F1343CB876A4B1A7B5408402381
:104C00005C54012441235C54F0BD70B500264FF480
:104C1000803505E06448046804F0450000B103E015
:104C2000281EA5F10105F5D100BF15B104F004005F
:104C300028B10326042003F0F2FF304670BD0120A6
:104C400003F0E2FF18B10126012003F0E8FF40F273
:104C5000FF5003F0E4FF3046F0E72DE9F041054650
:104C60000E464FF0000805E04F48076807F0450082
:104C700000B100E0F8E700BF042003F0C5FF28B151
:104C8000042003F0CCFF0320BDE8F081012003F0F5
:104C9000BBFF20B1012003F0C2FF0120F4E742482E
:104CA00024380068A84201D01020EDE740F2FF5000
:104CB00003F0B5FF3C482038046804F4604018B99C
:104CC000200C30804046DFE704F4005008B1132088
:104CD000DAE704F4804008B11020D5E704F400407E
:104CE00008B10F20D0E74046CEE738B500240120B8
:104CF000009003F0F0FE10B92524204638BD274867
:104D00000078042825D00020284908600220486047
:104D1000C02088600020C8604FF4806008610846A9
:104D200003F0DFFEFFF771FF04460CB12046E5E714
:104D30001D48203800681B4908601B481C38006863
:104D400048601948183800688860174814380068A7
:104D5000C8601248007858B110480078012807D080
:104D60000E480078062803D00C480078022821D18C
:104D700000200E4908600320486040208860002021
:104D8000C8604FF480600861084603F0AAFE6946D7
:104D90000320FFF762FF044664B109E01C00002015
:104DA0000C1400201C140020342C0140E0130020BF
:104DB0002046A3E7FE480078032816D1BDF800007E
:104DC0000004FC49086003204860402088600020FF
:104DD000C8604FF480600861084603F082FEFFF768
:104DE00014FF04460CB1204688E7F14800780428F7
:104DF0002AD0BDF80000F0490860BDF800000004AA
:104E0000EC49086009204860C02088600020C86024
:104E10004FF480600861084603F063FEFFF7F5FE7B
:104E200004460CB1204669E7E4480068E44908609C
:104E3000E248001D00684860E0480830006888606B
:104E4000DE480C300068C860002057E710B506E067
:104E5000DA482030046804F0450000B100E0F7E7CC
:104E600000BF042003F0D0FE20B1042003F0D7FEE1
:104E7000032010BD40F2FF5003F0D1FE0020F8E700
:104E800070B500264FF4803506E0CC482030046829
:104E900004F0450000B103E0281EA5F10105F4D19E
:104EA00000BF15B104F0040028B10326042003F06C
:104EB000B6FE304670BD04F0400018B10026402018
:104EC00003F0ADFE3046F5E770B500254FF48034B1
:104ED00004E0802003F098FE00B103E0201EA4F15E
:104EE0000104F6D100BF0CB9032070BD40F2FF50A1
:104EF00003F095FE2846F8E72DE9F0470027002447
:104F000000260025A046A1467620AE49087500205F
:104F1000086048608860C8600861084603F0B7FD13
:104F2000032003F0D4FDA5481038006840F48070D9
:104F3000A2491039086000BF12E000209D490860B6
:104F400048608860C8604FF480600861084603F0DC
:104F5000C8FDFFF7B9FF044604B903E0781CC7B2E7
:104F60004A2FEADB00BF14B12046BDE8F0874FF4BA
:104F7000D570904908600820486040208860002073
:104F8000C8604FF480600861084603F0AAFDFFF78F
:104F900077FF044624B90120854908704FF0804905
:104FA0000020844908603720486040208860002045
:104FB000C8604FF480600861084603F092FD372016
:104FC000FFF709FB0446002C4BD134E0002079495F
:104FD000086037204860402088600020C8604FF497
:104FE00080600861084603F07CFD3720FFF7F3FA84
:104FF00004460CB12046B8E7734849EA00006D4901
:10500000086029204860402088600020C8604FF474
:1050100080600861084603F064FDFFF717FF04464F
:105020000CB12046A1E765480668012080EAD670E9
:1050300080F001086D1CB8F1000F03D14FF6FF702E
:105040008542C3D34FF6FF70854202D31B2420460E
:105050008BE706F08040061E32D0022054490870CB
:105060002EE01CE059485349086001204860402068
:1050700088600020C8604FF480600861084603F033
:1050800030FDFFF7E3FE04460CB120466DE74B48C8
:105090000668012080EAD67080F001086D1CB8F126
:1050A000000F03D14FF6FF708542DBD34FF6FF7040
:1050B000854202D31B24204657E703203C49087051
:1050C000204652E73EB5002400250121404802F069
:1050D000C3F80121C80202F019F90121C80202F047
:1050E0006AF94FF4F850019002208DF808008DF80D
:1050F000090000208DF80A0001208DF80B0001A99D
:10510000344801F027FB0420019001A9324801F046
:1051100021FB0C2208212F4801F0A7FB0C220921BA
:105120002C4801F0A2FB0C220A212A4801F09DFB29
:105130000C220B21274801F098FB0C221146254830
:1051400001F093FB0C220221234801F08EFB002189
:105150004FF4006002F02FF9FFF712FA31208DF8BA
:10516000000000208DF801008DF8020001208DF86C
:105170000300684601F0FDF9FFF7BEFE044614B9CE
:10518000FFF7B3FD04461CB91448FFF7ADFB044616
:1051900034B91249B1F854100804FFF790FB0446E3
:1051A00024B94FF40060FFF759FB0446E4B117E05F
:1051B0001C000020E013002020000020142C0140DF
:1051C0000C140020C8130020000010800080FF8015
:1051D0000C00400000080240000C02403014002087
:1051E000FE480078032812D1FD4890F8560020B1FF
:1051F000FB4890F85600012801D1022500E0002567
:105200002846FFF7DFF90020FFF7D2F904462046D1
:105210003EBD10B5002003F05AFC002010BD70B553
:1052200090B004460E46154600BFEE4803F03BFE24
:105230000028FAD1EB4803F00DFD4FF0006001901B
:10524000E9480290039404950020059006904FF4DD
:1052500080600790800008908000099000200A90EC
:105260004FF440300B9004200C9003200D904FF42D
:1052700000000E9080100F9001A9DA4803F08CFD19
:105280002021D84803F0D8FD0121D64803F0BEFD07
:1052900010B070BD0146002002E04910421CD0B29F
:1052A0000129FAD170472DE9F84F814617469846F3
:1052B0000A9C4FF0000AD3464D464FF0FF36B9F135
:1052C000000F02D12620BDE8F88F0020C6495439CE
:1052D0000860C2480078022805D10402780A40EA32
:1052E000C8574FEA68280020C04988604860401EBF
:1052F0000860012048610020C8600861084603F08A
:105300001CFCB9486C38006800F0007008B10E2031
:10531000D9E7002C21DDB4F5006F1EDC601E2040B3
:10532000D8B92046FFF7B6FF0090B14804601020BE
:10533000AF494860402088600020C8604FF480601A
:105340000861084603F0CDFB1020FFF744F98246C0
:10535000BAF1000F03D05046B5E72620B3E7009816
:105360000001A2498860084644604FF0FF300860A1
:10537000012048610220C86000200861084603F04F
:10538000DCFB9B48076011209949486040208860F9
:105390000020C8604FF480600861084603F0A1FB5C
:1053A0001120FFF718F98246BAF1000F01D05046DC
:1053B00089E79048007800285AD1FAF766FF17E08D
:1053C0004FF4004003F020FC70B14FF0000B05E0FB
:1053D0008548006845F82B000BF1010BBBF1080F65
:1053E000F6D32035844E03E00EB904206BE7761E19
:1053F0007D484C38006840F22A6108400028DFD020
:10540000082003F001FC20B1082003F008FC042070
:1054100059E7022003F0F8FB20B1022003F0FFFB64
:10542000022050E7202003F0EFFB20B1202003F002
:10543000F6FB062047E74FF4007003F0E5FB28B1C8
:105440004FF4007003F0EBFB07203CE703E06648F5
:10545000006828602D1D4FF4001003F0D5FB0028D4
:10546000F5D1FAF714FF40F2FF5003F0D8FB39E012
:1054700060480078012835D10020604908706049F3
:1054800008706049087058484438006840F22A3172
:10549000084355494439086053485438006840F07F
:1054A0000800514954390860002221464846FFF758
:1054B000B6FE00E0761E4B485838006800F00060E9
:1054C00038B95048007820B94C48007808B9002E07
:1054D000F0D10EB90420F6E64848007810B14748EC
:1054E00090F800A05046EEE62DE9FF5F174698467B
:1054F000DDE90E464FF00009CA464FF0FF3542493C
:105500000098086000203849543908603348007812
:10551000022805D10402780A40EAC8574FEA6828F1
:105520000020324988604860401E086001204861C0
:105530000020C8600861084603F0FFFA2A486C386A
:10554000006800F0007018B10E2004B0BDE8F09FB4
:10555000002C21DDB4F5006F1EDC601E2040D8B9A0
:105560002046FFF797FE834621480460102020491B
:105570004860402088600020C8604FF48060086167
:10558000084603F0AEFA1020FFF725F88146B9F17E
:10559000000F03D04846D8E72620D6E7012E6ED963
:1055A00006FB04F0B0F1007F01D32620CDE74FEADF
:1055B0000B100E49886006FB04F048604FF0FF3086
:1055C0000860012048610220C86000200861084688
:1055D00003F0B3FA06480760122017E01C00002011
:1055E0003014002058640240802C0140F413002045
:1055F000E013002024000020FFFF7F002600002091
:10560000250000202700002028000020F9494860DC
:10561000402088600020C8604FF480600861084620
:1056200003F05FFA1220FEF7D6FF8146B9F1000FB2
:1056300001D0484689E7F048007800287ED1FAF783
:1056400024FE1EE04FF4004003F0DEFAA0B14FF05C
:10565000000A07E0E9480068E949096841F82A00BA
:105660000AF1010ABAF1080FF4D3E54800682030C6
:10567000E3490860E34D04E015B9042065E7AEE0B6
:105680006D1EDE484C38006840F22A310840002880
:10569000D8D0082003F0B8FA20B1082003F0BFFAF0
:1056A000042052E7022003F0AFFA20B1022003F0F9
:1056B000B6FA022049E7202003F0A6FA20B1202004
:1056C00003F0ADFA062040E74FF4007003F09CFAB7
:1056D00028B14FF4007003F0A2FA072035E709E083
:1056E000C6480068C64909680860C5480068001DCA
:1056F000C34908604FF4001003F086FA0028EFD188
:105700004FF4807003F080FA20B3BF48007838B1BE
:10571000BD480078012803D0BB480078022819D181
:105720000020B44908600C204860402088600020B8
:10573000C8604FF480600861084600E011E003F0A3
:10574000D0F90C20FEF747FF8146B9F1000F01D0D8
:105750004846FAE6FAF79BFD40F2FF5003F05FFA85
:105760003DE0A5480078012839D10020A7490870FC
:105770000120A74908700020A64908709F484438B6
:10578000006840F22A3108439C49443908609B482C
:105790005438006840F0080098495439086006FB06
:1057A00004F100220098FFF73AFD00E06D1E9A48D0
:1057B000006800F0006008B9002DF7D10DB9042091
:1057C000C3E600BF9348007818B9904800780028D5
:1057D000F8D08E48007810B18C4890F80090484678
:1057E000B3E61CB504460020019000908B48008869
:1057F0000004804908600D20486040208860002037
:10580000C8604FF480600861084603F06AF97B487D
:105810004C380068009003E078484C3800680090ED
:10582000009800F045000028F6D0012003F0ECF9C4
:1058300020B1012003F0F3F901201CBD042003F086
:10584000E3F920B1042003F0EAF90320F5E76B48FF
:10585000703800680D2801D01020EEE740F2FF50AC
:1058600003F0DDF965486C38006801900198C0F3D9
:10587000432020700020E0E72DE9FF5F86B0174647
:105880009846149D0026002005900490002481462F
:105890000390824602900195DDF818B0DDF818B04B
:1058A000BBF1000F03D126200AB0BDE8F09F002015
:1058B0005249543908605A4988604860401E08605F
:1058C000012048610020C8600861084603F035F9EE
:1058D0004A486C38006800F0007008B10E20E3E719
:1058E00049480078022805D10502780A40EAC857DD
:1058F0004FEA6828002D1FDDB5F5006F1CDC681E1F
:105900002840C8B92846FFF7C5FC0590394805600E
:10591000102038494860402088600020C8604FF45B
:1059200080600861084603F0DCF81020FEF753FEA3
:1059300006461EB13046B7E72620B5E7374800884F
:1059400000042C4908600D20486040208860002039
:10595000C8604FF480600861084603F0C2F80D206B
:10596000FEF739FE06460EB130469DE723486C38F7
:10597000006803904FF0FF341CE0641E2748008845
:1059800000041C4908600D20486040208860002009
:10599000C8604FF480600861084603F0A2F80D204B
:1059A000FEF719FE06460EB130467DE713486C3807
:1059B00000680390039800F4807008B9002CDCD1D3
:1059C0000CB9292070E70B48076018200949486086
:1059D000402088600020C8604FF48060086108465D
:1059E00003F07FF81820FEF7F6FD0646D6B13046E4
:1059F0005AE70000E013002024000020802C014022
:105A000028000020FFFF7F001C000020260000204F
:105A10002500002027000020006402402000002014
:105A2000F41300200020F849087005980001F74998
:105A30008860084645604FF0FF30086001204861EB
:105A40000020C8600861084603F077F84FF0FF3483
:105A5000EF48007800287CD1FAF717FC43E04FF4B8
:105A6000804003F0D1F8C8B30198A0EB09002028CA
:105A700021D20198A0EB090000F0030020B90198A1
:105A8000A0EB0900800804E00198A0EB0900800861
:105A9000401C02904FF0000A09E0DE49DBF80000EC
:105AA00008600AF1010A0BF1040B09F104090298DC
:105AB0008245F2D30FE04FF0000A05E05BF82A00C0
:105AC000D44908600AF1010ABAF1080FF6D30BF1C4
:105AD000200B09F120096FF0404404E0FFE70CB906
:105AE0000420E1E6641ECB484C38006840F21A619D
:105AF00008400028B3D0082003F086F820B1082021
:105B000003F08DF80420CFE6022003F07DF820B1E9
:105B1000022003F084F80220C6E6102003F074F897
:105B200020B1102003F07BF80520BDE64FF4007093
:105B300003F06AF830B14FF4007003F070F80720FA
:105B4000B2E606E0FAF7A3FB40F2FF5003F067F875
:105B500043E0AF48007801283FD10020AE490870EB
:105B6000A9490870AD490870AA484438006840F255
:105B70001A310843A749443908604022294606984B
:105B8000FFF74DFBA3485438006840F00800A149D6
:105B90005439086000E0641EA148006800F000600D
:105BA00008B9002CF7D11CB9FFF78CFA04207BE66A
:105BB0004FF0FF3400E0641E9848007820B9964802
:105BC000007808B9002CF6D10CB904206CE6924894
:105BD000007810B19048007866E640F2FF5003F07C
:105BE0001EF804A8FFF7FDFD064603E004A8FFF732
:105BF000F8FD06463EB99DF810000728F6D09DF83E
:105C000010000628F2D030464EE62DE9FF5F84B042
:105C1000DDE912470026002003900290002580460F
:105C20008146019007FB04FBDDF810A0DDF810A011
:105C3000BAF1000F03D1262008B0BDE8F09F002084
:105C4000744954390860714988604860401E086092
:105C5000012048610020C8600861084602F06DFF1D
:105C60006C486C38006800F0007008B10E20E3E763
:105C70006C480078022808D10402DDE90601400AD8
:105C800040EAC1504912CDE90601002C1FDDB4F5F0
:105C9000006F1CDC601E2040C8B92046FFF7FAFAEE
:105CA00003906148046010205F494860402088608C
:105CB0000020C8604FF480600861084602F011FFC0
:105CC0001020FEF788FC06461EB13046B4E72620B9
:105CD000B2E7012F6FD907FB04F0B0F1007F01D3C9
:105CE0002620A9E74F48007838B14E4800780128AF
:105CF00003D04C48007802282DD14C48008800047D
:105D00004949086037204860402088600020C8600A
:105D10004FF480600861084602F0E3FE3720FEF78A
:105D20005AFC06460EB1304686E73F48076017200A
:105D30003D494860402088600020C8604FF4806082
:105D40000861084602F0CDFE1720FEF744FC064627
:105D50000EB1304670E73449069808601920486053
:105D6000402088600020C8604FF4806008610846C9
:105D700002F0B7FE1920FEF72EFC06460EB13046A3
:105D80005AE7039800012149886007FB04F0486046
:105D90004FF0FF300860012048610020C8600861B2
:105DA000084602F0CAFE1A480078002872D1451E43
:105DB000FAF76BFA54E0F8E04FF4804002F024FF69
:105DC000B0B3ABEB0800202833D2ABEB080000F0F7
:105DD000030018B9ABEB0800800803E0ABEB080048
:105DE0008008401C01904FF0000909E00949DAF8E9
:105DF0000000086009F101090AF1040A08F1040829
:105E000001988145F2D324E025000020F4130020FE
:105E100024000020802C01402600002027000020C4
:105E2000006402401C000020E0130020200000203D
:105E300012E04FF0000905E05AF82900F749086020
:105E400009F10109B9F1080FF6D30AF1200A08F1A6
:105E500020086FF0404503E00DB90420ECE66D1E0C
:105E6000EE484C38006840F21A3108400028A3D0B0
:105E7000082002F0C9FE20B1082002F0D0FE042064
:105E8000DAE6022002F0C0FE28B1022002F0C7FECE
:105E90000220D1E640E0102002F0B6FE20B1102032
:105EA00002F0BDFE0520C7E64FF4007002F0ACFE24
:105EB00028B14FF4007002F0B2FE0720BCE64FF4A8
:105EC000807002F0A1FE00B3D548007838B1D44804
:105ED0000078012803D0D2480078022815D100208C
:105EE000D04908600C204860402088600020C860CD
:105EF0004FF480600861084602F0F3FD0C20FEF7C5
:105F00006AFB06460EB1304696E6FAF7C0F940F253
:105F1000FF5002F084FE48E0C3480078012844D1D5
:105F20000020C24908700120C14908700020C14901
:105F30000870BA484438006840F21A310843B7493B
:105F40004439086007FB04F140220498FFF767F921
:105F5000B2485438006840F00800B049543908602D
:105F60004FF0FF3500E06D1EB348006800F00060A0
:105F700008B9002DF7D11DB9FFF7A4F804205BE69E
:105F80004FF0FF3500E06D1EAA48007820B9A74801
:105F9000007808B9002DF6D10DB904204CE6A348CD
:105FA000007810B1A148007846E640F2FF5002F0B8
:105FB00036FE02A8FFF715FC064603E002A8FFF72D
:105FC00010FC06463EB99DF808000728F6D09DF85B
:105FD00008000628F2D030462EE610B54FF4807047
:105FE00002F012FE88B392480078012814D10020F4
:105FF0008C4908600C204860402088600020C86000
:106000004FF480600861084602F06BFD0C20FEF73B
:10601000E2FA8649087002E00020844908707F484F
:106020004838006840F480707C4948390860081D91
:1060300000684CF23A3188437849443908600120BD
:106040007C4908707948007810BDFFE7022002F013
:10605000DBFD78B1022002F0E2FD704844380068B0
:106060004CF23A3188436D494439086002206F4947
:106070000870E9E7082002F0C7FD78B1082002F0B7
:10608000CEFD6648443800684CF23A318843634993
:1060900044390860042065490870D5E7202002F0E3
:1060A000B3FD78B1202002F0BAFD5C4844380068A6
:1060B0004CF23A31884359494439086006205B491B
:1060C0000870C1E7102002F09FFD78B1102002F0A7
:1060D000A6FD5248443800684CF23A3188434F4993
:1060E00044390860052051490870ADE74FF400704D
:1060F00002F08AFD80B14FF4007002F090FD474835
:10610000443800684CF23A318843444944390860C5
:1061100007204649087097E7002095E710B5FFF77C
:106120005CFF10BD70B50446002514B9262528462D
:1061300070BD4248008800043A4908600D2048605C
:10614000402088600020C8604FF4806008610846E5
:1061500002F0C7FC0D20FEF73EFA05460DB12846B9
:10616000E6E72E486C38006820602846E0E708B56E
:10617000002000906846FFF7D5FF08B1FF2008BD5A
:106180000098C0F34320FAE72DE9FE4F83460C4602
:10619000914600200290002625462C46700240EAD7
:1061A000D5566D020BF00300F0B14FF0000A18E075
:1061B0004FF4007000904FEA4A20471946EBE07315
:1061C0003A461F48FFF76FF802904FF400721C49DF
:1061D000584608F0FEFD0BF5007B0AF1010000F0C7
:1061E000FF0ACA45E4DB16E0B9F1010F09D14FF40B
:1061F00000702A46334600905846FFF754F8029044
:1062000009E04FF400702A463346CDE900095846AC
:10621000FFF76AF902900298BDE8FE8F802C0140DA
:106220001C000020E0130020240000202600002095
:1062300025000020270000200064024020000020EC
:10624000881400202DE9FE4F81460C46924600201E
:106250000290002625462C46700240EAD5566D0273
:1062600009F00300F0B14FF0000B18E04FF400729A
:106270004946194808F0ADFD4FF4007000904FEA10
:106280004B20471946EBE0733A461348FFF7F4FA00
:10629000029009F500790BF1010000F0FF0BD345E6
:1062A000E4DB16E0BAF1010F09D14FF400702A4681
:1062B000334600904846FFF7DFFA029009E04FF4BA
:1062C00000702A463346CDE9000A4846FFF79DFC98
:1062D00002900298BDE8FE8F8814002010B5044695
:1062E0006FF0040000F092F9E11704EB5171C1F373
:1062F000C701394A11701046007800EB4001C1EB2C
:10630000C0104FF6FF7101EAC0003449088010BD8B
:106310000146314A12784A434FF0E0235A61002285
:106320009A611A46126942F001021A6100BF4FF0E9
:10633000E022106900F001021AB100F48032002A54
:10634000F5D04FF0E022126922F001024FF0E02375
:106350001A6100229A6170470146204A12884A4316
:106360004FF0E0235A6100229A611A46126942F006
:1063700001021A6100BF4FF0E022106900F0010233
:106380001AB100F48032002AF5D04FF0E0221269F1
:1063900022F001024FF0E0231A6100229A61704757
:1063A00070B504464FF4077094FBF0F0C6B24FF49A
:1063B000077094FBF0F100FB114085B205E04FF44B
:1063C0000770FFF7C9FF701EC6B2002EF7D115B1D6
:1063D0002846FFF7C1FF70BD2C0000202E000020D2
:1063E00000BF704700BF4C4A128802F04002002AEA
:1063F000F9D0C2B2484B9A80704710B588B00446B5
:106400000121084600F028FF0121102000F07EFF46
:1064100007220921414800F028FA07220A213F48B3
:1064200000F023FA4FF4C060069002208DF81C00A3
:106430008DF81D0000208DF81E0001208DF81F0032
:1064400006A9364800F086F902940020ADF80C0049
:10645000ADF80E00ADF81000ADF814000C20ADF84A
:10646000120002A92C4801F0B2F801212A4801F0DB
:1064700036F9012240F22551274801F0E6F925209E
:106480008DF8040003208DF805008DF8060001202A
:106490008DF8070001A800F06CF808B010BD10B529
:1064A00040F225511C4801F00BFA10B31A4801F0D4
:1064B00045F9C4B21A48008800F40040C8B9184829
:1064C000008800F4804060B10A2C03D000201449F9
:1064D000088020E01248008840F4004010490880FD
:1064E00019E00D2C06D10E48008840F480400C497C
:1064F000088010E00A480088C0F30D0009490C54D8
:1065000007480088401C0649088008460088C728BC
:1065100001DD0020088010BD001001400000024095
:1065200034000020881600200948804709480047A9
:10653000FEE7FEE7FEE7FEE7FEE7FEE7FEE7FEE733
:10654000FEE7FEE704480549054A064B7047000090
:10655000050800088901000828C1012028C701207A
:1065600028C3012028C3012032490143324A116067
:10657000704770B5002100230F22C4781CB32E4C45
:10658000246804F4E064C4F5E064C4F30721C1F1B5
:106590000404E3B20A4144789C40E1B28478144098
:1065A00021430C07210E254C05786155047804F031
:1065B0001F050124AC4005786D11AD0005F1E02503
:1065C000C5F8004109E0047804F01F050124AC403F
:1065D0001B4D0678761145F8264070BD194A0A40D1
:1065E0000243154B1B1F1A60704739B1124A121D26
:1065F00012680243104B1B1D1A6006E00E4A121D62
:10660000126882430C4B1B1D1A607047042808D186
:106610004FF0E021096941F004014FF0E0221161DF
:1066200007E04FF0E021096921F004014FF0E0227A
:10663000116170470000FA050CED00E000E400E095
:1066400080E100E080FFFF1F10B5044698488442B7
:1066500008D10121084600F06AFE0021012000F067
:1066600066FE76E09348844208D10121022000F0C2
:106670005EFE0021022000F05AFE6AE08E4884424D
:1066800008D10121042000F052FE0021042000F076
:106690004EFE5EE08948844208D10121082000F0C6
:1066A00046FE0021082000F042FE52E08448844269
:1066B00008D10121102000F03AFE0021102000F046
:1066C00036FE46E07F48844208D10121202000F0B8
:1066D0002EFE0021202000F02AFE3AE07A48844273
:1066E00008D10121402000F022FE0021402000F0CE
:1066F0001EFE2EE07548844208D10121802000F062
:1067000016FE0021802000F012FE22E07048844234
:1067100008D10121801500F00AFE0021A01500F02B
:1067200006FE16E06B48844208D10121401500F0B6
:10673000FEFD0021601500F0FAFD0AE06648844283
:1067400007D10121001500F0F2FD0021201500F015
:10675000EEFD10BDF0B50A4600210023002400BF65
:106760003DE0012505FA01F3156805EA03049C42A2
:1067700034D105684F000326BE40B5430560157946
:106780004E00B5400668354305601579012D02D0ED
:106790001579022D16D185684F000326BE40B543FA
:1067A000856055794E00B5408668354385604568FB
:1067B00001268E40B5434560456896798E40B6B255
:1067C00035434560C5684F000326BE40B543C560EC
:1067D000D5794E00B540C6683543C560491C1029BF
:1067E000BFD3F0BD4FF6FF7101600021017141710F
:1067F0008171C171704708B54FF480320092009AE0
:106800000A430092009AC261C161009AC261C269E2
:106810000092C269009208BD0246002013690B4035
:106820000BB1012000E0002070470146086980B2EA
:1068300070470246002053690B400BB1012000E075
:10684000002070470146486980B270470183704755
:10685000418370470AB1018300E041837047416181
:10686000704742694A4042617047F0B500230024F6
:106870004D07ED0E02FA05F3CE1000F1200555F894
:1068800026504E07F70E0F26BE40B543CF1000F13D
:10689000200646F82750CE1000F1200555F8265066
:1068A00045EA0304CE1000F1200545F82640F0BD6E
:1068B000000002400004024000080240000C0240B8
:1068C000001002400014024000180240001C024068
:1068D00000200240002402400028024030B943F268
:1068E000DB028100A1F1C0410A6005E043F2D2025F
:1068F0008100A1F1C0410A606FF07042411C890023
:10690000A1F1C0410A608100A1F1C041C1F8042198
:106910007047D0E901121143C26811430269114363
:106920004269114382691143C2691143026A1143EA
:10693000426A1143826A1143C26A1143026B1143D6
:1069400002689200A2F1C0421160816808290BD14F
:1069500001688900A1F1C041096841F04002016865
:106960008900A1F1C0410A60416B0968426B52681D
:1069700041EA0211426B926841EA0221426B92891C
:1069800041EA0241426B128A41EA0251426B127D96
:1069900041EA0261426B926911430268521C920003
:1069A000A2F1C0421160C16AB1F5804F1BD1816B69
:1069B0000968826B526841EA0211826B926841EA6F
:1069C0000221826B128A41EA0251826B127D41EAF6
:1069D0000261826B9269114302689200A2F1C04287
:1069E000C2F8041107E06FF0704201688900A1F15C
:1069F000C041C1F8042170470021016002214160BB
:106A000000218160C160016141618161C1610162F8
:106A10004FF480514162490081620021C1620163EB
:106A2000F84941638163704751B18200A2F1C042CD
:106A3000126842F001038200A2F1C042136009E033
:106A40008200A2F1C0421268EF4B1A408300A3F10A
:106A5000C0431A60704710280AD118214FF0204215
:106A60001166402151664FF0FC319166D16610E00D
:106A70001821E64A116040214FF02042C2F88410EC
:106A80004FF0FC31E14A083211604FF02042C2F869
:106A90008C10704730B5002100220023446844F078
:106AA000080485682C43C5682C4305692C43456957
:106AB00044EA4524856944EA4531C4692468C569C6
:106AC0006D6844EA0524C5692D8944EA0544C56911
:106AD0002D7B44EA0562046A2468056A6D6844EA0D
:106AE0000524056A2D8944EA0544056A2D7B44EA9C
:106AF00005630468102C05D14FF020442166A2667E
:106B0000E36608E0C14C21604FF02044C4F88820BF
:106B1000BE4C0C34236030BD102101600021416067
:106B20008160C160016141618161FC21C2691160C4
:106B3000C2695160C2699160C269D160026A116024
:106B4000026A5160026A9160026AD160704799B12D
:106B5000102808D14FF02042126E42F004024FF08C
:106B600020431A661DE0A94A126842F004024FF061
:106B70002043C3F8802014E0102809D14FF02042B0
:106B8000126EA14BDB1E1A404FF020431A6608E03C
:106B90009E4A12689C4BDB1E1A404FF02043C3F8FC
:106BA0008020704799B1102808D14FF02042126E12
:106BB00042F040024FF020431A661DE0934A1268EB
:106BC00042F040024FF02043C3F8802014E0102828
:106BD00009D14FF02042126E8B4B3F3B1A404FF0D1
:106BE00020431A6608E0894A1268874B3F3B1A40E7
:106BF0004FF02043C3F88020704701460020102941
:106C000003D14FF02042506F02E0804A14321068E6
:106C1000704718207D492031086000200906C1F81E
:106C2000A4004FF0FC30794928310860091D086044
:106C3000091D08607047016841F01001426841EA8F
:106C40004221826841EA4231704A20321160C168B3
:106C50000968C268526841EA0221C268128941EAA1
:106C60000241C268127B41EA0261684A283211601F
:106C7000016909680269526841EA022102691289C0
:106C800041EA02410269127B41EA02615F4A2C3209
:106C90001160416909684269526841EA022142690A
:106CA000128941EA02414269127B41EA02614FF0D6
:106CB0002042C2F8B010704700210160416081603D
:106CC000FC21C2681160C2685160C2689160C268EC
:106CD000D1600269116002695160026991600269C4
:106CE000D1604269116042695160426991604269B4
:106CF000D160704748B145492031096841F004012D
:106D00004FF02042C2F8A01009E040492031096844
:106D10003D4AD21E11404FF02042C2F8A0107047E9
:106D200010B5F2B1102807D14FF020435B6E0B4332
:106D30004FF02044636632E0B0F5807F08D1334BDA
:106D40001B1D1B680B434FF02044C4F8843026E021
:106D50002E4B24331B680B434FF02044C4F8A4305F
:106D60001DE0102807D14FF020435B6E8B434FF09E
:106D70002044636613E0B0F5807F08D1234B1B1DD0
:106D80001B688B434FF02044C4F8843007E01F4B4E
:106D900024331B688B434FF02044C4F8A43010BD4B
:106DA00010B5024600200023102A03D14FF02044E2
:106DB000636E09E0B2F5807F03D1144C241D236873
:106DC00002E0124C2434236803EA01040CB10120D0
:106DD00000E0002010BD102807D14FF02042526E75
:106DE0008A434FF020435A6619E0B0F5807F0FD1F7
:106DF000064A121D12688A434FF02043C3F88420CC
:106E00000DE000002C0C0108FEFF0F00800000A028
:106E1000234A12688A434FF02043C3F8A4207047E6
:106E200070B502460020002300240025102A03D15B
:106E30004FF02046736E08E0B2F5807F03D1184E04
:106E4000203E336801E0164E336803EA010403EA8A
:106E5000D10514B10DB1012000E0002070BD102853
:106E600008D14FF02042526E22EAD1024FF0204367
:106E70005A6614E0B0F5807F09D1094A203A1268B9
:106E800022EAD1024FF02043C3F8842007E0044AED
:106E9000126822EAD1024FF02043C3F8A4207047C1
:106EA000A40000A0F948006840F00100F74908601C
:106EB0000020F64908310860F4480068F4490840A9
:106EC000F2490860F348091D0860F348EF4984312E
:106ED0000860F0481038091D0860EC48006820F48C
:106EE0008020EA4908600020E8490C310860E74941
:106EF0008C31086070470021E44A921C11701146E1
:106F00000870704710B501460022002300204A1186
:106F1000012A02D1DD4C236808E0022A03D1DB4CB0
:106F20007034236802E0D94C7434236801F01F02E6
:106F3000012494401C400CB1012000E0002010BD51
:106F400038B5002000900024002500BF3120FFF755
:106F5000D9FF05460098401C00900098B0F5A04F5E
:106F600001D0002DF2D03120FFF7CCFF08B1012471
:106F700000E00024204638BD01460020C34A1068C6
:106F800020F0F80040EAC10010607047C349086073
:106F900070470021BD4A703211701170012802D073
:106FA00004280AD104E00121B84A7032117005E0CA
:106FB0000521B64A7032117000E000BF00BF704773
:106FC000B7490860704770B5049C41EA82150126F4
:106FD000C6EB530645EA0645054345EA0465AB4E54
:106FE000361D356070BDAD4908667047820142EAC2
:106FF0000172A64B84331A607047A84988667047AF
:1070000010B5830143EA016343EA02739F4C88345D
:10701000236010BDA14908677047A049C864704744
:1070200002460020994B0833186820F0EC6042EAD1
:1070300001031843954B083318607047024600203F
:10704000924B0833186820F0784042EA0103184355
:107050008E4B083318607047014600208B4A083277
:10706000106820F00300084310607047874808301C
:10707000006800F00C00704701460020834A083287
:10708000106820F0F00008431060704701460020AF
:107090007E4A0832106820F4E050084310607047C0
:1070A00001460020794A0832106820F4604040EA26
:1070B000C10010607047F0B50021002200240225B5
:1070C00000260223714F08373F6807F00C0121B1F9
:1070D000042905D0082937D105E0724F076036E052
:1070E000714F076033E0694F3F1D3F68C7F380561B
:1070F000664F3F1D3F6807F03F036EB16A4FB7FB15
:10710000F3F7DFF888C10CF1040CDCF800C0CCF315
:10711000881C07FB0CF40CE0624FB7FBF3F7DFF8B9
:107120006CC10CF1040CDCF800C0CCF3881C07FB2C
:107130000CF4564F3F1D3F68C7F301477F1C7D008D
:10714000B4FBF5F7076002E0564F076000BF00BFD1
:107150004E4F08373F6807F0F0010909534F7A5C3A
:107160000768D7404760494F08373F6807F4E05148
:10717000890A4E4F7A5C4768D7408760434F08378B
:107180003F6807F46041490B484F7A5C4768D74035
:10719000C760F0BD002100F44072B2F5407F0AD113
:1071A0003A4A0832116821F4F811414A0240114369
:1071B000364A08321160354A70321268C0F30B0348
:1071C0001A43324B70331A607047354944390860AE
:1071D0007047334940390860704736490860704746
:1071E00001460020294A8C32106820F01F004A1EF8
:1071F0001043264A8C321060704701460020234A13
:107200008C32106820F4F8504A1E40EA02201F4ACF
:107210008C3210607047014600201C4A8C32106886
:1072200020F4401008431060704701460020174AC0
:107230008C32106820F4400008431060704701460B
:107240000020124A8C32106820F44030084310604D
:10725000704719490860704739B10C4A30321268DA
:1072600002430A4B30331A6006E0084A3032126893
:107270008243064B30331A607047F9B1034A343207
:1072800012680243014B34331A601CE0003802409C
:10729000FFFFF6EA103000240030002000004742D3
:1072A000800E47420024F40000127A0036000020CD
:1072B000FFFCFF0F5C014742E01147428F4A126812
:1072C00082438E4B1A60704739B18C4A121D126886
:1072D00002438A4B1B1D1A6006E0884A121D126881
:1072E0008243864B1B1D1A60704739B1834A0C32AA
:1072F00012680243814B0C331A6006E07F4A0C325D
:10730000126882437D4B0C331A60704739B17B4A57
:10731000103212680243794B10331A6006E0774A44
:10732000103212688243754B10331A60704739B1BE
:10733000724A243A12680243704B243B1A6006E0FA
:107340006E4A243A126882436C4B243B1A607047A1
:1073500039B16A4A203A12680243684B203B1A60EE
:1073600006E0664A203A12688243644B203B1A606A
:10737000704739B1614A1C3A126802435F4B1C3BAB
:107380001A6006E05D4A1C3A126882435B4B1C3B64
:107390001A60704739B1594A143A12680243574B80
:1073A000143B1A6006E0554A143A12688243534B64
:1073B000143B1A60704739B1504A103A12680243C0
:1073C0004E4B103B1A6006E04C4A103A126882435A
:1073D0004A4B103B1A60704739B1484A1C32126858
:1073E0000243464B1C331A6006E0444A1C321268C2
:1073F0008243424B1C331A60704739B13F4A2032F6
:10740000126802433D4B20331A6006E03B4A2032AB
:1074100012688243394B20331A60704739B1374ABA
:10742000243212680243354B24331A6006E0334A93
:10743000243212688243314B24331A60704739B1C9
:107440002E4A2C32126802432C4B2C331A6006E071
:107450002A4A2C3212688243284B2C331A60704718
:1074600039B1264A303212680243244B30331A6055
:1074700006E0224A303212688243204B30331A60D1
:107480007047012808D11D493C31096841F00801C5
:107490001A4A3C32116007E018493C31096821F072
:1074A0000801164A3C321160704739B1134A273A35
:1074B00012780243114B273B1A7006E00F4A273A15
:1074C000127882430D4B273B1A7070470B484030AF
:1074D000006840F0807009494031086070470146FB
:1074E0000020064A283A12680A400AB1012000E04A
:1074F000002070470149263908707047343802402F
:1075000010B50446FA48844208D101211020FFF743
:1075100052FF00211020FFF74EFF57E0F54884424C
:1075200009D101214804FFF735FF00214FF4003055
:10753000FFF730FF4AE0F048844209D10121880476
:10754000FFF728FF00214FF48020FFF723FF3DE0E5
:10755000EA48844209D10121C804FFF71BFF00213A
:107560004FF40020FFF716FF30E0E548844209D1D0
:1075700001210805FFF70EFF00214FF48010FFF7EF
:1075800009FF23E0DF48844208D101212020FFF7D2
:1075900012FF00212020FFF70EFF17E0DA48844297
:1075A00009D101218807FFF7F5FE00214FF0804047
:1075B000FFF7F0FE0AE0D548844207D101214005DB
:1075C000FFF7E8FE00216005FFF7E4FE10BD2DE99E
:1075D000FF4705460E460024A14600BFA046B089DD
:1075E00000B100BF2C8A24F44054F08804432C825C
:1075F000AC8941F20C608443B088318908437189B9
:1076000008430443AC81AC8A24F44074B089044339
:10761000AC826846FFF74FFDB548854202D0B948B5
:10762000854202D1DDF80C9001E0DDF80890A889D0
:1076300000F4004040B109EBC90000EB09103168CB
:107640004900B0FBF1F707E009EBC90000EB0910B6
:1076500031688900B0FBF1F76420B7FBF0F004015A
:107660002009642101FB1078A88900F4004040B192
:10767000322000EBC800B0FBF1F000F0070004433B
:1076800008E0322000EB08106421B0FBF1F000F0BC
:107690000F0004432C81BDE8FF874FF416510160B1
:1076A00000218180C18001810C21418100218181E3
:1076B000704710B502460020108A20F470600B88D5
:1076C0004C8823438C882343CC882343184310825F
:1076D00010BD0021018041808180C180704721B1AF
:1076E000828942F40052828104E082894DF6FF7360
:1076F0001A4082817047028B02F47F420283028B20
:107700000A430283704721B1828942F40042828198
:1077100003E08289C2F30E028281704721B1828A1E
:1077200042F40062828204E0828A4FF2FF731A40C0
:1077300082827047C1F308028280704701468888C0
:10774000C0F308007047028A4FF6F0731A400282B5
:10775000028A0A430282704721B1828942F0020202
:10776000828104E082894FF6FD731A40828170475E
:1077700082894FF2FF731A40828182890A43828193
:107780007047028A4FF6DF731A400282028A0A4368
:107790000282704721B1028A42F48042028204E0F0
:1077A000028A4BF6FF731A4002827047818941F0CA
:1077B00001018181704721B1828A42F008028282F0
:1077C00004E0828A4FF6F7731A4082827047028B78
:1077D000D2B20283028B42EA01220283704721B1B6
:1077E000828A42F02002828204E0828A4FF6DF73AE
:1077F0001A408282704721B1828A42F0100282824E
:1078000004E0828A4FF6EF731A4082827047828AC0
:107810004FF6FB731A408282828A0A438282704743
:1078200021B1828A42F00202828204E0828A4FF60B
:10783000FD731A40828270471AB1838A0B43838298
:1078400002E0838A8B4383827047F0B503460024AD
:1078500000260025002040F66A17B94200D100BF7B
:107860001846C1F3421401F01F06012707FA06F576
:10787000012C01D10C3004E0022C01D1103000E0C9
:1078800014301AB107682F43076002E00768AF435E
:107890000760F0BD02460020B1F5007F00D100BFB7
:1078A00013880B400BB1012000E00020704701F469
:1078B0000072B2F5007F00D100BFCA43028070475A
:1078C00070B50246002400230025002040F66A1609
:1078D000B14200D100BFC1F3421501F01F030126E0
:1078E00006FA03F3012D13D19689334017E0000007
:1078F000001001400044004000480040004C00409F
:10790000005000400014014000780040007C00401E
:10791000022D02D1168A334001E0968A33400C12C0
:10792000012606FA04F41688344013B10CB1012084
:1079300000E0002070BD10B50022002340F66A145C
:10794000A14200D100BF0A1201249440A3B2DC433B
:10795000048010BD10B50446FE48844208D10121C0
:107960000846FFF728FD00210120FFF724FD9DE0D8
:10797000B4F1804F08D101210846FFF70BFD00212B
:107980000120FFF707FD91E0F348844208D101216F
:107990000220FFF7FFFC00210220FFF7FBFC85E03F
:1079A000EE48844208D101210420FFF7F3FC0021B6
:1079B0000420FFF7EFFC79E0E948844208D1012177
:1079C0000820FFF7E7FC00210820FFF7E3FC6DE04B
:1079D000E448844208D101211020FFF7DBFC00219C
:1079E0001020FFF7D7FC61E0DF48844208D1012175
:1079F0002020FFF7CFFC00212020FFF7CBFC55E033
:107A0000DA48844208D101210220FFF7D4FC00218A
:107A10000220FFF7D0FC49E0D548844209D101217A
:107A20000804FFF7C8FC00214FF48030FFF7C3FCC7
:107A30003CE0D048844209D101214804FFF7BBFC57
:107A400000214FF40030FFF7B6FC2FE0CA48844213
:107A500009D101218804FFF7AEFC00214FF48020FA
:107A6000FFF7A9FC22E0C548844208D1012140204B
:107A7000FFF790FC00214020FFF78CFC16E0C04887
:107A8000844208D101218020FFF784FC002180205E
:107A9000FFF780FC0AE0BB48844207D10121801532
:107AA000FFF778FC0021A015FFF774FC10BD002241
:107AB0000288A84B98420ED0AC4B98420BD0B0F144
:107AC000804F08D0A44B984205D0A44B984202D0D6
:107AD000A34B984204D14FF68F731A404B881A4338
:107AE000A04B984207D0A04B984204D04FF6FF43DA
:107AF0001A400B891A4302804B68C3620B880385C6
:107B0000944B984202D0994B984201D18B7A0386CC
:107B10000123838270474FF0FF31416000210180D3
:107B200001814180817270470185828270470A46D7
:107B3000002101884FF68F7319401143018070476F
:107B400041627047C16270470146486A704701460A
:107B5000088D704721B1028842F00202028004E0E1
:107B600002884FF6FD731A400280704721B10288E7
:107B700042F00402028004E002884FF6FB731A40D0
:107B80000280704721B1028842F08002028004E046
:107B900002884FF67F731A400280704702884FF6C2
:107BA000F7731A40028002880A43028070470288F5
:107BB0004FF6FF431A40028002880A430280704752
:107BC00021B1028842F00102028004E002884FF6EF
:107BD000FE731A400280704770B500240022002313
:107BE000058C4FF6FE7635400584028C8388048B25
:107BF0004FF68F752C40B51E2C400D882C43751EFA
:107C00002A408D892A434D882A43524DA84202D0EA
:107C1000564DA84213D14FF6F7752A40CD892A4315
:107C20004FF6FB752A408D882A434FF6FF652B409F
:107C30004FF6FF552B400D8A2B434D8A2B438380F3
:107C400004838D684563028470BD70B500240022F2
:107C50000023058C4FF6EF7635400584028C83882F
:107C6000048B48F6FF752C404FF6FF452C400D88DD
:107C70004FF6FF7606EA05252C434FF6DF752A40BE
:107C80008D8906EA05152A434D8806EA05152A431B
:107C9000304DA84202D0354DA8421DD14FF67F7518
:107CA0002A40CD894FF6FF7606EA05152A434FF69E
:107CB000BF752A408D8806EA05152A434FF6FF3521
:107CC0002B404FF2FF752B400D8A06EA85052B43AA
:107CD0004D8A06EA85052B43838004838D6885637E
:107CE000028470BD70B5002400220023058C4FF67D
:107CF000FF6635400584028C8388848B4FF68F7530
:107D00002C404FF6FC752C400D882C434FF6FF5548
:107D10002A408D894FF6FF7606EA05252A434D88CD
:107D200006EA05252A430B4DA84202D00F4DA84272
:107D300038D14FF2FF752A40CD894FF6FF7606EA1B
:107D400005252A434FF6FF352A408D8806EA05258A
:107D50002A4319E0000001400004004000080040F0
:107D6000000C0040001000400014004000040140DE
:107D7000004001400044014000480140001800401C
:107D8000001C0040002000404EF6FF752B404DF6D1
:107D9000FF752B400D8A06EA05152B434D8A06EA2E
:107DA00005152B43838084838D68C563028470BD71
:107DB00070B5002200230024058C4EF6FF76354076
:107DC0000584038C8488828B48F6FF752A404FF621
:107DD000FF452A400D884FF6FF7606EA05252A431F
:107DE0004DF6FF752B408D8906EA05352B434D88EE
:107DF00006EA05352B43FE4DA84202D0FD4DA842B0
:107E000008D14BF6FF752C400D8A4FF6FF7606EA37
:107E100085152C43848082838D680564038470BD3E
:107E2000002101804180818081608181C181018246
:107E30004182704770B50346002000241846183070
:107E400001258D40ACB21D8CA5431D8409B10829C4
:107E50000AD100EB610005684FF68F76354005606A
:107E60000568154305600FE00D1FC5F34E05284456
:107E7000056848F6FF763540056005684FF6FF76E1
:107E800006EA02263543056070BD41637047816391
:107E90007047C1637047016470470A460021018B37
:107EA0004FF68F7319401143018370470A46002132
:107EB000018B48F6FF7319404FF6FF7303EA022364
:107EC0001943018370470A460021818B4FF68F7357
:107ED00019401143818370470A460021818B48F67F
:107EE000FF7319404FF6FF7303EA0223194381839E
:107EF00070470A460021018B4FF6F7731940114372
:107F0000018370470A460021018B4FF2FF7319402D
:107F10004FF6FF7303EA02231943018370470A46B1
:107F20000021818B4FF6F77319401143818370470D
:107F30000A460021818B4FF2FF7319404FF6FF7301
:107F400003EA02231943818370470A460021018B0B
:107F50004FF6FB7319401143018370470A46002115
:107F6000018B4FF6FF3319404FF6FF7303EA0223EC
:107F70001943018370470A460021818B4FF6FB733A
:107F800019401143818370470A460021818B4FF6C7
:107F9000FF3319404FF6FF7303EA0223194381832D
:107FA00070470A460021018B4FF67F731940114339
:107FB000018370470A460021018BC1F30E014FF681
:107FC000FF7303EA02231943018370470A46002125
:107FD000818B4FF67F7319401143818370470A46A6
:107FE0000021818BC1F30E014FF6FF7303EA0223D8
:107FF0001943818370470A460021018C4FF6FD73B7
:1080000019401143018470470A460021018C4FF644
:10801000F77319401143018470470A460021018C0F
:108020004FF6DF7319404FF6FF7303EA021319434B
:10803000018470470A460021018C4FF67F73194076
:108040004FF6FF7303EA02131943018470470A468F
:108050000021018C4FF6FF5319404FF6FF7303EADE
:1080600002231943018470470A460021018C4FF214
:10807000FF7319404FF6FF7303EA0223194301848B
:1080800070470A460021018C4DF6FF7319404FF6E8
:10809000FF7303EA023319430184704730B50023AC
:1080A00001248C40A3B2048C9C430484048C02FA07
:1080B00001F5ADB22C43048430BD30B50023042457
:1080C0008C40A3B2048C9C430484048C02FA01F516
:1080D000ADB22C43048430BD828B4FF2FF331A4083
:1080E0008283828B4FF6FF7303EA01231A43828354
:1080F0007047F0B50C461546002100220026078C7B
:108100004EF6FF7C07EA0C070784818B028C4FF642
:10811000FF7707EA043640F6FF4739404FF6FF770E
:1081200007EA052739434FF6FF7707EA0337394354
:1081300045F6FF773A4046F480573A4381830284FC
:10814000F0BD828B4FF6F3731A408283828B0A4311
:1081500082837047F0B50C461546002100220026A8
:10816000078C4FF6FF6C07EA0C070784818B028CA3
:108170004FF6FF7707EA04264FF60C7739404FF6A3
:10818000FF7707EA03172F4339434FF2FF573A406F
:1081900046F480773A4381830284F0BD028B4FF22C
:1081A000FF331A400283028B4FF6FF7303EA012369
:1081B0001A4302837047F0B50C4615460021002291
:1081C0000026078C4FF6EF7C07EA0C070784018B2B
:1081D000028C4FF6FF7707EA041640F6FF47394056
:1081E0004FF6FF7707EA033739434FF6FF7703E08F
:1081F000000001400004014007EA052739434FF61B
:108200005F773A4046F010073A4301830284F0BD9D
:10821000028B4FF6F3731A400283028B0A430283E8
:108220007047F0B50C46154600210022068C4FF62B
:10823000FE773E400684018B028C4FF60C7631406F
:108240007E1C06EA03162E4331434FF6F576324084
:1082500044F00106324301830284F0BD70B5054647
:108260000C46208850B92389A28861882846FFF7E8
:10827000D8FFE1882846FFF7CBFF25E020880428B7
:108280000AD12389A28861882846FFF794FFE188F4
:108290002846FFF783FF17E0208808280AD12389A2
:1082A000A28861882846FFF755FFE1882846FFF736
:1082B00048FF09E02389A28861882846FFF719FF53
:1082C000E1882846FFF708FF70BD0021018041804A
:1082D000012181800021C180018170472DE9F04199
:1082E00005460C4600260127608808B9022600E0F2
:1082F0000026A088012801D1022700E0012720885C
:10830000A0B92389A28861882846FFF78AFFE188FF
:108310002846FFF77DFF23893A4631462846FFF776
:108320004AFFE1882846FFF739FF13E02389A28836
:1083300061882846FFF73FFFE1882846FFF72EFFB8
:1083400023893A4631462846FFF76BFFE1882846E5
:10835000FFF75EFFBDE8F0810146486B70470146BC
:10836000886B70470146C86B70470146086C7047C0
:108370000A884B881A438B881A43CB881A430B8987
:108380001A434B891A438B891A43A0F8442070473B
:108390000021018041808180C180018141818181F2
:1083A000704731B1B0F8442042F40042A0F84420B4
:1083B00005E0B0F84420C2F30E02A0F84420704754
:1083C00021B1828842F00402828004E082884FF664
:1083D000FB731A408280704721B1828842F001020B
:1083E000828004E082884FF6FE731A4082807047D4
:1083F0001AB183890B43838102E083898B43838194
:1084000070478182704702460020138A0B400BB1EF
:10841000012000E000207047CA430282704730B557
:108420000246002000230024158A05EA01039589ED
:1084300005EA010413B10CB1012000E0002030BDB9
:10844000CA430282704741EA0203A0F848307047ED
:108450001AB183890B43838102E083898B43838133
:10846000704721B1828842F00802828004E082884D
:108470004FF6F7731A408280704701894FF6F87201
:108480001140018170470A46002101894FF68F7320
:10849000194011430181704730B504460D46294605
:1084A0002046FFF7F0FF208940F00700208130BD13
:1084B0002DE9F04104460D4616461F46602D06D1B3
:1084C0003B46012231462046FFF775FE05E03B465C
:1084D000012231462046FFF7A4FE29462046FFF739
:1084E000D2FF208940F007002081BDE8F08130B53F
:1084F0000C4600210189C9B24FF6FF7505EA032534
:10850000154325432943018130BD2DE9F04105463E
:108510000E4617469846002443463A4631462846BA
:10852000FFF7E5FF2C894FF6F870044044F007048C
:108530004FF68F70044044F070042C81BDE8F08148
:10854000F0B504460D4616461F463B4632462946C0
:108550002046FFF7CCFF208940F480402081F0BD09
:1085600082884FF68F731A40828082880A43828005
:10857000704702894FF6F8731A40028102890A4354
:108580000281704702894FF67F731A400281028987
:108590000A4302817047F0B50C4615461E4600217D
:1085A000002200230189028B038C4FF6F8773940B3
:1085B00021434FF6FC473A4040F201173A434FF649
:1085C000DD773B404FF6FF7707EA06172F433B4323
:1085D000018102830384F0BD21B1828842F08002D0
:1085E000828004E082884FF67F731A408280704751
:1085F000A0F850107047000010B50446FB488442B4
:1086000008D101218014FEF7D6FE0021A014FEF748
:10861000D2FE3CE0F648844208D101210014FEF766
:10862000B9FE00212014FEF7B5FE30E0F148844287
:1086300008D10121C013FEF7ADFE0021E013FEF7C3
:10864000A9FE24E0EC48844208D101214014FEF741
:10865000B2FE00216014FEF7AEFE18E0E748844247
:1086600009D101210805FEF7A6FE00214FF4801074
:10867000FEF7A1FE0BE0E248844208D10121480543
:10868000FEF799FE00214FF40010FEF794FE10BD96
:1086900010B50022028802F441520B884C88234313
:1086A0008C882343CC8823430C8923434C89234360
:1086B0008C892343CC8923431A430280838B4FF256
:1086C000FF74234083830B8A038210BD2DE9F04F92
:1086D0000025022300244FF0010900220026002774
:1086E00094469046B0F81CA04FF2400B0AEA0B0AE1
:1086F000A0F81CA04FF0020AA0F820A0858BD1F8AA
:1087000008A0BAF1020F01D100BF82E0B1F804A0C5
:10871000BAF1000F02D14FF0010901E04FF0020958
:10872000DFF8E0A2DAF800A00AF4000ABAF1000FBC
:1087300009D0DFF8D0A2DAF800A02AF4000ADFF8A6
:10874000C4B2CBF800A0DFF8BCA20AF17C0ADAF8C8
:1087500000A0CAF3881CDFF8ACA20AF17C0ADAF8A0
:1087600000A0CAF30278DFF89CA2AAF1040ADAF8A2
:1087700000A00AF03F07DFF88CA2AAF1040ADAF899
:1087800000A00AF4800ABAF5800F08D1DFF878A2B9
:10879000BAFBF7FA0AFB0CFABAFBF8F607E0DFF8C7
:1087A0006CA2BAFBF7FA0AFB0CFABAFBF8F6B1F8BE
:1087B00006A0BAF5007F0ED14FEA162A0AEB8A0A04
:1087C0004FEA4A0AD1F808B0BAFBFBFA0AF1050AE7
:1087D0001FFA8AF20FE04FEA491AB6FBFAFA0AEBDF
:1087E0008A0A4FEA4A0AD1F808B0BAFBFBFA0AF142
:1087F000050A1FFA8AF24FF00A0AB2FBFAF202F0F7
:108800000104A2EB040ACAF34F034FF6FF7A0AEA07
:108810000424022B01DBFF2B01DD02230024B1F82D
:1088200006A04AEA040A4AEA030AA0F820A0B1F81E
:1088300004A0B1F80CB04AEA0B0AB1F802B04AEA57
:108840000B0AB1F800B04AEA0B0A4AF4006A4AEA95
:1088500005058583BDE8F08F00210180418081807E
:10886000C180018141818181C181072101827047DD
:108870000021018041808180C1800221816000212E
:108880008181704721B1028842F04002028004E0F9
:1088900002884FF6BF731A400280704721B1828B65
:1088A00042F48062828304E0828B4FF6FF331A40E9
:1088B0008283704702884FF2FF731A400280028859
:1088C0000A4302807047B1F5804F04D1028842F418
:1088D0008042028004E002884BF6FF731A40028057
:1088E00070474FF6FF62914204D0028842F48072D2
:1088F000028004E002884FF6FF631A40028070474E
:1089000021B1828842F00402828004E082884FF61E
:10891000FB731A408280704721B1828842F01002B6
:10892000828004E082884FF6EF731A40828070479D
:1089300030B500220023848B4FF240052C40848305
:1089400002240484828B0C88B4F5007F01D00C884B
:1089500014B94FF4807308E00C88B4F5407F03D05D
:108960000C88B4F5807F00D100238C888D892C433E
:108970004D882C431C4344F400642243828330BD61
:108980000146888970478181704721B1028842F48D
:108990000052028004E002884DF6FF731A40028004
:1089A0007047018841F480510180704702460020E1
:1089B000012901D0108B00E0908A70470146088A97
:1089C00070471AB183880B43838002E083888B430E
:1089D0008380704730B5002400230C110125A54089
:1089E000ABB2AAB185881D43858014E000300140F8
:1089F00000380040003C004000340140005001407D
:108A0000005401400838024000127A000024F400AB
:108A100085889D43858030BD0246002013890B4028
:108A20000BB1012000E000207047CA43028170476B
:108A3000F0B50246002000240023002501F00F07B6
:108A40000126BE40B4B20B1101269E40B3B29688F7
:108A500006EA03051689264016B10DB1012000E093
:108A60000020F0BD10B5002201F00F040123A34047
:108A70009AB2D343038110BD10B50121C802FEF79D
:108A80009AFC00214FF40060FEF795FC10BD002118
:108A90006C4A116847F6FF629143027D83681A436E
:108AA00043681A43C3681A4303681A4303691A43A5
:108AB0001143644A116070470021017501604160F3
:108AC0008160C160016170475F49086070475D491E
:108AD000091F086070475B48001F006800F0030032
:108AE00070470021574B1B1D02681A601A1D116840
:108AF0006FF30A01D0E901231A43C3681A430369DB
:108B00001A4311434F4A0832116070470021016037
:108B100041608160C160016170474A480C30006863
:108B2000C0B2704708B5014600200090454810309B
:108B3000084400900098006808BD0021414B203394
:108B400002681A601B1D42681A601A1D116821F024
:108B5000F701D0E902231A4303691A4343691A4310
:108B60001143384A2832116070474FF0FF310160DD
:108B7000002141608160C1600161416170473148FD
:108B80002C30006870472F487C30006870472D49B2
:108B90007C31086070472B484430006870472B498F
:108BA000086070472949091D086070472749083146
:108BB0000860704725490C310860704724490860F7
:108BC00070472349091D0860704701218143204AED
:108BD0000832116070471E490C31086070471B490C
:108BE00014390860704739B1164A383212680243A6
:108BF000144B38331A6006E0124A38321268824346
:108C0000104B38331A607047014600200D4A30324D
:108C100012680A400AB1012000E0002070470949AB
:108C200034310860704701460020064A303212682D
:108C30000A400AB1012000E00020704701493431A8
:108C400008607047042C0140A0802542A085254281
:108C5000AC812542016821F0010101600021016021
:108C600041608160C160016121214161DB4988422D
:108C700004D13D21D94A103A91608CE0D74918318E
:108C8000884205D14FF47461D44A103A916082E071
:108C9000D2493031884205D14FF47411CF4A103A8D
:108CA000916078E0CD494831884205D14FF0746138
:108CB000CA4A103A91606EE0C8496031884204D1D6
:108CC000C749C64A103AD16065E0C4497831884244
:108CD00004D1C449C14A103AD1605CE0BF49903127
:108CE000884204D1C049BD4A103AD16053E0BB4923
:108CF000A831884205D14FF03D51B84A103AD160B1
:108D000049E0BA49884204D13D21B84A083A116085
:108D100041E0B6491831884205D14FF47461B34A35
:108D2000083A116037E0B1493031884205D14FF43B
:108D30007411AE4A083A11602DE0AC4948318842BE
:108D400005D14FF07461A94A083A116023E0A749A0
:108D50006031884204D1A249A44A121F11601AE06E
:108D6000A2497831884204D19E49A04A121F11605D
:108D700011E09E499031884204D19B499B4A121FC1
:108D8000116008E09949A831884204D14FF03D5163
:108D9000964A121F1160704710B500220268944B6A
:108DA0001A40CC680B6823434C6923438C692343E6
:108DB000CC6923430C6A23434C6A23438C6A2343C4
:108DC0004C6B23438C6B23431A430260426922F0AD
:108DD0000702D1E90B3423431A4342610B69436014
:108DE0004B6883608B68C36010BD002101604160E7
:108DF0008160C160016141618161C1610162416263
:108E00008162C162016341638163704721B102687D
:108E100042F00102026003E0026822F001020260F7
:108E2000704721B1026842F40042026003E0026828
:108E300022F400420260704721B1026842F0200231
:108E4000026003E0026822F0200202607047416085
:108E500070470146486880B2704722B1036843F406
:108E60000023036003E0036823F40023036001612F
:108E7000704721B1026842F48022026003E0026878
:108E800022F48022026070470AB1016100E0C160F3
:108E90007047014600200A6802F400220AB101204E
:108EA00000E000207047014600200A6802F001023D
:108EB0000AB1012000E000207047014600204A6905
:108EC00002F03800704730B503460A4600200024FF
:108ED000464DAB4202D24149103901E043491039B5
:108EE00002F000550DB14C6800E00C68414D2C407B
:108EF00004EA02050DB1012000E0002030BD024669
:108F00003A4B9A4202D23548103801E037481038BF
:108F100001F000531BB1374B0B40C36002E0354BEF
:108F20000B408360704710B501F080034BB122B154
:108F3000436943F08003436103E0436923F0800306
:108F4000436180290BD02AB1036801F01E0423433A
:108F5000036004E0036801F01E04A343036010BD36
:108F600070B50246002000240025204EB24202D2F5
:108F70001A4B103B01E01D4B103B1F4E0E4036B10B
:108F80001E2606EAD124166806EA040502E05669A0
:108F900006F0800501F000560EB15C6800E01C6828
:108FA000144E344004EA010616B10DB1012000E070
:108FB000002070BD02460D4B9A4202D2074810387D
:108FC00001E00A48103801F000531BB1094B0B4077
:108FD000C36002E0074B0B408360704710600240A3
:108FE0003D000020400F002000003D2010640240A2
:108FF0003F801CF07D0F7D0F3C0F3C0F70B503468A
:109000000C4603E014F8015B03F8015B151EA2F1A6
:109010000102F7D170BD30B5034601E003F8011B32
:10902000141EA2F10102F9D130BD10B504467A49EF
:1090300051F824104A00794951F824000021FFF723
:10904000EAFF774951F8242074490C3951F824007B
:109050000021FFF7E0FF012170480C30015510BDE1
:1090600010B501460023002207E06C4850F82100AB
:1090700030F8120000B15B1C521C674850F8210008
:109080009042F2D864205843634C54F82140B0FB1E
:10909000F4F0C0B210BD2DE9F04704460F4600259C
:1090A000A9465E480C30005D20B95C481438016860
:1090B000204688471FB94FF0FF30BDE8F087594878
:1090C00050F82400B7FBF0F6564850F82400B7FBE0
:1090D000F0F100FB117000B1761C4F4850F82400ED
:1090E000451E20E04D4850F8240030F8150010B916
:1090F00009F1010901E04FF00009B14512D14FF02B
:10910000000808E0454850F8240005EB080220F864
:10911000126008F10108B045F4D3424850F8240029
:109120006843CAE76D1E002DDCDA4FF0FF30C4E75C
:109130002DE9F04104460E4638480C30005D38B940
:10914000364814380168204688470120BDE8F08180
:10915000334850F82400B04217D9324850F8240060
:10916000B6FBF0F12D4850F8240030F8112000250E
:1091700007E00023294850F824004F1920F8173041
:109180006D1C9542F5DB0020E0E70220DEE770B5BC
:1091900005460C4604B970BD20480C3850F825002F
:1091A000261A31462846FFF7C3FF00BFF3E770B524
:1091B00004460E4631462046FFF76DFF0546681C03
:1091C00008B9002070BD15480C3850F82400284418
:1091D000F8E72DE9F04104460F4616463146204691
:1091E000FFF759FF0546681C10B90020BDE8F08163
:1091F0000A490C3951F82410481932463946FFF70C
:10920000FDFE39462046FFF7C2FF04480C3850F8EF
:1092100024002844EAE70000480C01085C00002014
:10922000600C0108540C010810B58CB004461E23D4
:109230000BAA03A9204600F0A9FE0090009810B1E7
:1092400001200CB010BD9DF82C00044400200B90B0
:109250000EE040489DF82C2050F8221003A800F0A2
:10926000FDFD00B908E09DF82C00401CC0B20B9039
:109270009DF82C000728ECD300BF9DF82C00072890
:1092800063D2DFE800F004053C5E6564630000BF64
:1092900031A005F0C7FB31A005F0C4FB3FA005F0ED
:1092A000C1FB4EA005F0BEFB5CA005F0BBFB6BA0B4
:1092B00005F0B8FB79A005F0B5FB86A005F0B2FB80
:1092C0008BA005F0AFFB90A005F0ACFB94A005F0DF
:1092D000A9FB99A005F0A6FB9EA005F0A3FBA4A006
:1092E00005F0A0FBB0A005F09DFBBDA005F09AFB2A
:1092F000C8A005F097FBD4A005F094FB9AE216A055
:1093000005F090FBE0A005F08DFB00200B900EE037
:10931000ED4800689DF82C2000EBC2004168EBA0EE
:1093200005F080FB9DF82C00401CC0B20B90E64875
:10933000007D9DF82C108842EADC07A005F072FB46
:1093400078E205A005F06EFBC4E171E245E219E2A6
:10935000ECE100006C0000200D0A00002D2D2D2DE9
:109360002D2D2D2D2D2D2D2D2D2D2D2D2D2D2D2D2D
:109370002D2D2D2D55534D4152542056332E312D28
:109380002D2D2D2D2D2D2D2D2D2D2D2D2D2D2D2D0D
:109390002D2D2D2D2D2D2D200D0A000020202020DB
:1093A00055534D415254CAC7D3C9414C49454E54F7
:1093B000454BBFAAB7A2B5C4D2BBB8F6C1E9C7C96D
:1093C000B5C4B4AEBFDAB5F7CAD4BBA5BDBBD7E947
:1093D000BCFE2CCDA8B9FD200D0A0000CBFC2CC48E
:1093E000E3BFC9D2D4CDA8B9FDB4AEBFDAD6FACAAC
:1093F000D6B5F7D3C3B3CCD0F2C0EFC3E6B5C4C87B
:10940000CEBACEBAAFCAFD2CB2A2D6B4D0D02ED22C
:10941000F2B4CB2CC4E3BFC90D0A0000D2D4CBE612
:10942000D2E2B8FCB8C4BAAFCAFDB5C4CAE4C8EB4E
:10943000B2CECAFD28D6A7B3D6CAFDD7D6283130BA
:109440002F3136BDF8D6C629A1A2D7D6B7FBB4AE08
:10945000A1A2BAAFCAFDC8EB0D0A0000BFDAB5D8A9
:10946000D6B7B5C8D7F7CEAAB2CECAFD292CB5A5B6
:10947000B8F6BAAFCAFDD7EEB6E0D6A7B3D631304C
:10948000B8F6CAE4C8EBB2CECAFD2CB2A2D6A7B3D6
:10949000D6BAAFCAFDB7B5200D0A0000BBD8D6B505
:1094A000CFD4CABE2ED0C2D4F6B2CECAFDCFD4CA53
:1094B000BEBDF8D6C6C9E8D6C3B9A6C4DC2CD0C296
:1094C000D4F6BDF8D6C6D7AABBBBB9A6C4DC2E0D50
:1094D0000A000000BCBCCAF5D6A7B3D63A777777A6
:1094E0002E6F70656E6564762E636F6D0D0A0000D9
:1094F00055534D415254D3D037B8F6CFB5CDB3C341
:10950000FCC1EE3A0D0A00003F3A20202020202026
:10951000BBF1C8A1B0EFD6FAD0C5CFA20D0A0000AA
:1095200068656C703A202020BBF1C8A1B0EFD6FA74
:10953000D0C5CFA20D0A00006C6973743A202020B8
:10954000BFC9D3C3B5C4BAAFCAFDC1D0B1ED0D0A0E
:109550000A00000069643A2020202020BFC9D3C33C
:10956000BAAFCAFDB5C44944C1D0B1ED0D0A0A0075
:109570006865783A20202020B2CECAFD3136BDF889
:10958000D6C6CFD4CABE2CBAF3B8FABFD5B8F12B21
:10959000CAFDD7D6BCB4D6B4D0D0BDF8D6C6D7AAEB
:1095A000BBBB0D0A0A0000006465633A202020203E
:1095B000B2CECAFD3130BDF8D6C6CFD4CABE2CBAA1
:1095C000F3B8FABFD5B8F12BCAFDD7D6BCB4D6B420
:1095D000D0D0BDF8D6C6D7AABBBB0D0A0A00000082
:1095E00072756E74696D653A312CBFAAC6F4BAAF54
:1095F000CAFDD4CBD0D0BCC6CAB13B302CB9D8B18F
:10960000D5BAAFCAFDD4CBD0D0BCC6CAB13B0D0AC7
:109610000A000000C7EBB0B4D5D5B3CCD0F2B1E0AE
:10962000D0B4B8F1CABDCAE4C8EBBAAFCAFDC3FB37
:10963000BCB0B2CECAFDB2A2D2D4BBD8B3B5BCFCCA
:10964000BDE1CAF82E0D0A002D2D2D2D2D2D2D2D0D
:109650002D2D2D2D2D2D2D2D2D2D2D2D2D2D2D2D3A
:109660002D2D414C49454E54454B2D2D2D2D2D2D45
:109670002D2D2D2D2D2D2D2D2D2D2D2D2D2D2D2D1A
:109680002D2D2D200D0A00002D2D2D2D2D2D2D2DB4
:109690002D2D2D2D2D2D2D2D2D2D2D2D2D2D2D2DFA
:1096A0002DBAAFCAFDC7E5B5A52D2D2D2D2D2D2D1C
:1096B0002D2D2D2D2D2D2D2D2D2D2D2D2D2D2D2DDA
:1096C0002D2D2D2D200D0A006001002025730D0A7F
:1096D00000000000EEA005F0A5F900200B901AE0B4
:1096E000FB4909689DF82C2001EBC20101AB02AADD
:1096F000486803A900F070FCF54800689DF82C103C
:1097000050F8312003A9F3A005F08CF99DF82C0046
:10971000401CC0B20B90EE48007D9DF82C10884292
:10972000DEDCAFF2CC3005F07DF983E0AFF2D8306B
:1097300005F078F90BAA03A9204600F029FD9DF851
:109740002C00C8B9694603A800F0BBFB0B909DF83C
:109750002C0020B9E4A0009905F064F90EE09DF812
:109760002C00042801D002206BE5E2A005F05AF994
:109770000120D749C87501E0022062E5DCA005F0B0
:1097800051F957E0DAA005F04DF90BAA03A92046DC
:1097900000F0FEFC9DF82C00C8B9694603A800F053
:1097A00090FB0B909DF82C0020B9D7A0009905F0F4
:1097B00039F90EE09DF82C00042801D0022040E584
:1097C000D4A005F02FF90020C149C87501E002209E
:1097D00037E5C7A005F026F92CE0C5A005F022F971
:1097E0000BAA03A9204600F0D3FC9DF82C00C8B9B1
:1097F000694603A800F065FB0B909DF82C0078B932
:10980000B349009881F8EC00084690F8EC0018B1D4
:10981000C5A005F007F907E0CAA005F003F903E0C9
:1098200002200EE502200CE5B1A005F0FBF801E0F6
:10983000012006E500BF002003E510B50121C8485E
:10984000FEF7EAFD4FF6FF71C548FEF77BF90021F0
:10985000C348FEF775F900209D49C1F8F00010BD1E
:1098600010B50121BE48FEF7CEFD012808D1984869
:10987000D0F8F0004FF6FF7108449549C1F8F000A8
:10988000B748FEF761F99249D1F8F01008449049C1
:10989000C1F8F0000846D0F8F00010BD10B5012165
:1098A000AF48FEF7BCFD01280AD189490869804705
:1098B0000021AB48FEF744F96421A948FEF742F9BC
:1098C0000121A748FEF7BCFD10BD7FB504460D463B
:1098D00001210420FDF709FDADF800500020ADF88E
:1098E00002000194ADF8080069469D48FEF7DFF8D4
:1098F000012211469A48FEF77BFD01219848FEF7A8
:109900005FF91E208DF80C0003208DF80D008DF8F6
:109910000E0001208DF80F0003A8FCF72AFE7FBD82
:1099200010B5044604EBC40000EB04100122C2EBA6
:10993000800081B24FF47A70FFF7C7FF01206449BD
:10994000C87510BD30B595B0054613AB12AA09A96C
:10995000284600F041FB044614B1204615B030BD46
:109960000020149026E05A4909689DF8502001EB28
:10997000C20113AB11AA486801A900F02DFB0446EF
:109980000CB12046EAE709A901A800F067FA60B91E
:109990009DF844009DF84810884201DD0220DDE773
:1099A0009DF850004A4988750AE09DF85000401C17
:1099B000C0B214904648007D9DF850108842D2DC19
:1099C00000BF4348007D9DF85010884201D104201B
:1099D000C4E714A9284600F04CFC04460CB120460C
:1099E000BCE79DF850003A4948750020B6E72DE9DC
:1099F000F0419AB03648847D007DA04202DC1AB066
:109A0000BDE8F0813249096801EBC40106AB07AA41
:109A1000486808A900F0E0FA08A952A005F002F889
:109A20000026B9E02A48008B0121B1400840D8B196
:109A300022214EA004F0F6FF304600F00DFC244930
:109A40002431471839464AA004F0ECFF222147A0F0
:109A500004F0E8FF304600F0FFFB1D4924310844C4
:109A600010A941F826008DE0304600F0F5FB1849BA
:109A70002431085810A941F826001548C07D30B996
:109A800010A850F826103BA004F0CCFF7AE073E059
:109A90002D2D2D2D2D2D2D2D2D2D2D2D2D2D2D2DF6
:109AA0002D2D2D2D2D2D2D2D2DBAAFCAFD20494444
:109AB000202D2D2D2D2D2D2D2D2D2D2D2D2D2D2DE3
:109AC0002D2D2D2D2D2D2D2D2D2D2D2D200D0A0043
:109AD0006001002025732069642069733A0D0A3003
:109AE00058253038580D0A004845583A30582558FE
:109AF0000D0A00003136BDF8D6C6B2CECAFDCFD4AD
:109B0000CABE210D0A0000004445433A256C750D7C
:109B10000A0000003130BDF8D6C6B2CECAFDCFD49F
:109B2000CABE210D0A00000052756E2054696D6591
:109B30002043616C63756C6174696F6E204F4E0DCC
:109B40000A00000052756E2054696D652043616CF7
:109B500063756C6174696F6E204F46460D0A000094
:109B6000000800400D0A257328000000256300004E
:109B700025730000256C750010A850F8261095A0DC
:109B800004F050FF9DF81C00401EB04202D093A08C
:109B900004F048FF701CC6B29DF81C008642FFF618
:109BA00041AF8FA004F03EFFFFF747FE8D48407D98
:109BB0000B280DD2DFE800F0060D151E27323F4EB0
:109BC0005F7287008749096851F83400804705466D
:109BD00090E0844A126852F834101098884705467D
:109BE00088E0804B1B6853F83420DDE91001904772
:109BF00005467FE07B4F3F6857F8343010A807C810
:109C00009847054676E0DFF8DCC1DCF800C05CF878
:109C1000347010A80FC8B84705466BE01498DFF8F9
:109C2000C4C10090DCF800C05CF8347010A80FC804
:109C3000B84705465EE0DDE91401DFF8A8C1CDE9CB
:109C40000001DCF800C05CF8347010A80FC8B847F9
:109C500005464FE0DDE914121698DFF888C1CDE91A
:109C600000120290DCF800C05CF8347010A80FC835
:109C7000B84705463EE0DDE91423DDE91610DFF8BC
:109C800064C1CDE90023CDE90210DCF800C05CF826
:109C9000347010A80FC8B84705462BE0DDE915233E
:109CA000DDE91710CDE90123CDE903101498DFF8A1
:109CB00034C10090DCF800C05CF8347010A80FC804
:109CC000B847054616E0DDE91623DDE91810CDE9B1
:109CD0000223CDE90410DDE91401DFF808C1CDE964
:109CE0000001DCF800C05CF8347010A80FC8B84759
:109CF000054600BF00BFFFF7B3FD9DF8180001281F
:109D00000CD13848C07D20B9294637A004F08AFE1E
:109D100007E0294636A004F085FE02E033A004F0F7
:109D200081FE304890F8EC0088B12E48D0F8F00061
:109D30000A21B0FBF1F201FB12072A48D0F8F0002B
:109D4000B0FBF1F83A4641462CA004F06BFE00BF90
:109D500055E670B53148008800F40040002833D043
:109D60002E48057800202E4948551E4881682C4809
:109D7000884704461CB91B49C868804721E0284829
:109D8000FFF752FA0546012D00D02C46CCB1012C2C
:109D900006D0022C08D0032C0AD0042C10D10BE0E2
:109DA00020A004F03FFE0BE021A004F03BFE07E002
:109DB00022A004F037FE03E023A004F033FE00BF2E
:109DC00000BF00201549088070BD01460868704733
:109DD0000160704730582558000000002C0000003A
:109DE00029000000600100203D256C753B0D0A0034
:109DF0003D305825583B0D0A0000000046756E6343
:109E000074696F6E2052756E2054696D653A2564D1
:109E10002E2531646D730D0A00000000340000200F
:109E200088160020BAAFCAFDB4EDCEF3210D0A00AA
:109E3000B2CECAFDB4EDCEF3210D0A00B2CECAFDFA
:109E4000CCABB6E0210D0A00CEB4D5D2B5BDC6A5C7
:109E5000C5E4B5C4BAAFCAFD210D0A0002460AE046
:109E600010780B78984201D001207047107800B923
:109E700002E0521C491CF3E700BF0020F5E706E0B2
:109E800002780A70027802B902E0401C491CF7E728
:109E900000BF70470146002005E00A7802B903E0E0
:109EA000421CD0B2491CF8E700BF704710B502460B
:109EB000012000E050430B1EA1F10104E1B2F9D1F1
:109EC00010BD2DE9F04307460E4600254FF00A0865
:109ED0003C46002030601FE02078392802DC2078E2
:109EE00030280ADA2078462802DC2078412804DA73
:109EF0002078582809D1012D07D12078412801DB8D
:109F00004FF01008681CC5B205E0207800B904E0E5
:109F10000120BDE8F083641CDEE700BF3C46B8F1D9
:109F2000100F0FD1032D01DA0220F2E7207830283C
:109F300006D16078582803D1A41CA81EC5B204E03D
:109F40000320E6E70DB90420E3E71BE00DB1681E2E
:109F5000C5B22078392806DC2078302803DB207849
:109F6000A0F1300902E02078A0F1370929464046E7
:109F7000FFF79CFF316809FB00103060641C2078FB
:109F800000B900E0E2E700BF0020C2E710B50446D8
:109F9000002010700BE020780870641C491C1078B9
:109FA000401C10701078984201DB012010BD207811
:109FB000202802D020780028EDD10020087000BFB2
:109FC000F4E70146491C00E0491C0878202801D12B
:109FD0000029F9D1087870472DE9FF4F85B08046F8
:109FE00089460027002004900390012002904FF042
:109FF000000B002544461DE02078202816D005F0EF
:10A000007F00052812DA0DB945F0800505F07F00C4
:10A01000042803D120782A2800D00EE0207805F00B
:10A020007F010DF80100681CC5B202E0852D00D14A
:10A0300003E0641C20780028DED100BF8DB1002031
:10A0400005F07F010DF80100CBA16846FFF706FF80
:10A0500018B900210898017002E0012108980170E8
:10A0600000254FF0000A444614E0641C0AF1010088
:10A0700000F0FF0A2078202802D020782A2809D171
:10A080002046FFF79EFF0646282E03D02A2E01D039
:10A09000CDF810A02078282802D020780028E4D11C
:10A0A0004446049810B10498401C04444FF0000A40
:10A0B000002654E0207810B94FF0010A50E02078D3
:10A0C000282803D116B9781CC7B213E020782928B4
:10A0D00008D13EB917B1781EC7B201E04FF0010AAE
:10A0E00047B93DE02078222804D10EB9012000E0D4
:10A0F0000020064647B9207820282FD0207889F8FC
:10A10000000009F1010929E020782C2804D1012060
:10A110000290681CC5B214E02078202811D0207865
:10A1200028280ED04DB9BBF1050F06DA20780DF8BE
:10A130000B000BF1010000F0FF0B0298401CC0B2B5
:10A140000290012F0AD10298022807D10298401CE0
:10A15000C0B202900398401CC0B20390641CA9E7EF
:10A1600000BF0398012809D100200DF80B0082A13F
:10A170006846FFF773FE08B900200390079903981B
:10A180000870002089F80000504609B0BDE8F08F43
:10A19000F0B503461546002000220026002455E0B5
:10A1A0001F782C2F01D104B901221F78292F01D04B
:10A1B0001F780FB904B94AE0002E34D11F78302F30
:10A1C00002DB1F78392F11DD1F78612F02DB1F782A
:10A1D000662F0BDD1F78412F02DB1F78462F05DD30
:10A1E0001F78582F02D01F78782F0CD102B12EE0A3
:10A1F0001F78612F03DB1F78203F0F7001E01F786D
:10A200000F70491C1FE01F78222F04D102B11EE0FD
:10A210000126012417E01F78202F14D01F782C2F3F
:10A2200011D0FF2613E01F78222F00D1002402B1A5
:10A230000DE044B11F785C2F02D15B1C471CF8B2C3
:10A240001F780F70491C471CF8B25B1CA8E700BFC1
:10A2500000270F702E70F0BD02460020002105E09F
:10A26000474B5B5C0344D8B24B1CD9B29142F7DB3D
:10A2700070472DE9F043B5B005460F46002400268F
:10A2800004E000213E488155701CC6B20A2EF8DB5E
:10A2900006E06D1C287818B9012035B0BDE8F083C0
:10A2A00028782828F5D16D1C61E034AA6946284633
:10A2B000FFF76EFF064635449DF8D00020B1012817
:10A2C00027D0FF284CD149E09DF8000000B333A906
:10A2D0006846FFF7F6FD06460EB10220DDE7204690
:10A2E000FFF7BAFF26490A31339A0A50A1F1240038
:10A2F000008B0121A140884321491A390883042198
:10A300001F480155601CC4B20A2C01DD0320C4E7BC
:10A3100026E06846FFF7BEFD401C00F0FF0820461F
:10A32000FFF79AFF16490A3100EB010949466846D2
:10A33000FFF7A5FD12481A38018B0120A040014308
:10A3400088B20F491A3908830D4800F80480601C50
:10A35000C4B20A2C01DD03209FE701E002209CE744
:10A3600000BF2878292801D0287800B900E09CE7B0
:10A3700000BF3C70002090E7766F69640000000029
:10A380007A01002070B50446002514B1012C0BD1D0
:10A3900003E0FAF797FE054608E0F9F74DFF4FF4A2
:10A3A000A0406A49088001E0012500BF00BF0DB14F
:10A3B000012070BD0020FCE70146002070472DE918
:10A3C000F04107460E4615461C464FF0000814B9EA
:10A3D0000420BDE8F08117B1012F16D106E0E2B2EA
:10A3E00029463046FBF7D0FE804611E009E06902BD
:10A3F0004FF400723046F9F78CFF6D1C06F50076BD
:10A40000641E002CF3D1A04602E04FF0010800BF0B
:10A4100000BFB8F1000F01D10020DAE70120D8E732
:10A420002DE9F04107460E4615461C464FF0000840
:10A4300014B90420BDE8F08117B1012F16D106E050
:10A44000E2B229463046FBF7FDFE804611E009E006
:10A4500069024FF400723046F9F7F7FF6D1C06F5FC
:10A460000076641E002CF3D1A04602E04FF00108F4
:10A4700000BF00BFB8F1000F01D10020DAE70120D2
:10A48000D8E72DE9F04706468946154646BBB9F19F
:10A49000000F09D0B9F1010F13D0B9F1020F05D0A7
:10A4A000B9F1030F19D106E0002418E04FF4007051
:10A4B0002860002413E02648B0F8500028800024CB
:10A4C0000DE023484FF400720023D0E912713846A2
:10A4D00004F083FA2860002401E0042400BF22E095
:10A4E000012E1FD1B9F1000F09D0B9F1010F11D020
:10A4F000B9F1020F05D0B9F1030F10D106E0002425
:10A500000FE04FF40070288000240AE00820288023
:10A51000002406E00D4800882860002401E004249F
:10A5200000BF00E001242046BDE8F087002070470E
:10A5300010B5044621460020FEF739FE10BD10B5C7
:10A54000044621460020FEF722FE10BD54020020E2
:10A550003014002070B503460C4603E014F8015B8C
:10A5600003F8015B151EA2F10102F7D170BD30B5F1
:10A57000034601E003F8011B141EA2F10102F9D108
:10A5800030BDF0B503461C460D46002000BF161E28
:10A59000A2F1010207D014F8017B15F801CBA7EB5B
:10A5A0000C06301EF3D0F0BD024600E0521C1078BD
:10A5B00010B110788842F9D11078704770B5044610
:10A5C0002079F8B1E56A607801232A4604F1300168
:10A5D000FFF726FF08B1012070BD00202071206A1E
:10A5E000281AA16988420DD2E67809E0A0690544DD
:10A5F000607801232A4604F13001FFF711FF761E2F
:10A60000022EF3D20020E7E770B504460D46E06A5B
:10A61000A84210D02046FFF7D1FF08B1012070BD3D
:10A62000607801232A4604F13001FFF7C8FE08B123
:10A630000120F4E7E5620020F1E770B5044620460A
:10A64000FFF7BCFF0546002D59D1207803284FD1D4
:10A65000607901284CD14202002104F13000FFF75B
:10A6600086FF552184F82E12AA2184F82F12522039
:10A6700084F83000522131200155612132200155EA
:10A68000412133200155722184F8141284F81512E7
:10A69000412184F81612612184F81712217C84F874
:10A6A0001812208A010A84F819122069010C84F812
:10A6B0001A122069010E84F81B12217B84F81C12E7
:10A6C000A089010A84F81D12E068010C84F81E12AA
:10A6D000E068010E84F81F12E069401CE0626078B7
:10A6E000012304F13001E26AFFF79AFE0020607155
:10A6F000607800221146FFF7C4FE00B1012528460C
:10A7000070BD0246891E5069801E884201D8002013
:10A7100070479378906A01FB0300F9E72DE9F04157
:10A7200005460C46022C02D36869A04202D80120DB
:10A73000BDE8F0812878012804D002282CD0032815
:10A740005AD13DE0274607EB5707286A00EB57210F
:10A750002846FFF759FF00B150E0C7F3080105F1A3
:10A76000300010F801807F1C286A00EB5721284632
:10A77000FFF74AFF00B141E0C7F3080105F13000DF
:10A78000405C48EA002804F0010010B14FEA1810BC
:10A79000CEE7C8F30B00CBE7286A00EB142128466C
:10A7A000FFF732FF00B129E040F2FF1000EA440158
:10A7B00005F130000E183078717840EA0120B7E7D3
:10A7C000286A00EBD4112846FFF71EFF00B115E000
:10A7D00040F2FF1000EA840105F130000E18F07815
:10A7E0000006B17840EA0140717840EA01203178F2
:10A7F000084320F070409BE7012099E700BF4FF02D
:10A80000FF3095E72DE9F04705460E461746022E24
:10A8100002D36869B04202D84FF002088AE0287873
:10A82000012804D0022841D003287DD154E0B1464C
:10A8300009EB5909286A00EB59212846FFF7E4FE85
:10A840008046B8F1000F00D071E0C9F3080105F1AE
:10A8500030000C1806F0010020B1F9B2207861F345
:10A860001F1000E03846207009F10109012028710D
:10A87000286A00EB59212846FFF7C6FE8046B8F14A
:10A88000000F00D053E0C9F3080105F130000C18A7
:10A8900006F0010010B1C7F3071005E0207800F0C2
:10A8A000F000C7F303210843207040E0286A00EB62
:10A8B00016212846FFF7A8FE8046B8F1000F00D009
:10A8C00035E040F2FF1000EA460105F130000C18B7
:10A8D0002770380A60702AE0286A00EBD6112846F3
:10A8E000FFF792FE8046B8F1000F00D01FE040F263
:10A8F000FF1000EA860105F130000C18E078000630
:10A90000A17840EA0140617840EA012021780843BB
:10A9100000F0704007432770380A6070380CA07050
:10A92000380EE07003E0FFE74FF0020800BF00BF01
:10A93000012028714046BDE8F0872DE9F04104462A
:10A940000E46022E02D36069B04201D8022727E0EA
:10A95000002721E031462046FFF7E0FE054605B915
:10A960001DE0012D01D1022719E0681C08B901275B
:10A9700015E0002231462046FFF744FF074607B1A5
:10A980000DE02069401C30B12069401C20616079D5
:10A9900040F0010060712E466069B042DAD800BF15
:10A9A0003846BDE8F0812DE9F04704468946B9F103
:10A9B000000F06D1E76817B16069B84215D80127C2
:10A9C00013E049462046FFF7A9FE0646022E02D2B2
:10A9D0000120BDE8F087701C08B93046F9E76069CE
:10A9E000B04201D93046F4E74F463D4600BF6D1CEA
:10A9F0006069A84204D80225BD4201D90020E8E7D9
:10AA000029462046FFF78AFE064606B909E0701C73
:10AA100008B1012E01D13046DBE7BD42E7D100206D
:10AA2000D7E700BF6FF0704229462046FFF7EAFEE5
:10AA30008046B8F1000F08D1B9F1000F05D02A46C1
:10AA400049462046FFF7DEFE8046B8F1000F0BD1E5
:10AA5000E5602069401C78B12069401E2061607962
:10AA600040F00100607107E0B8F1010F02D14FF032
:10AA7000FF3000E0012005462846AAE770B50346EE
:10AA80000D46586A021D680A1E68B678B0FBF6F4D7
:10AA900000BF02CA09B9002070BD8C4200D202E09A
:10AAA000641A121DF5E700BF10682044F4E72DE991
:10AAB000F04104460E46E680A568012D03D02068CB
:10AAC0004069A84202D80220BDE8F0812DB9206873
:10AAD0000078032801D12068456A45B920680089BB
:10AAE000B04201D80220EFE72068476A1EE02068E4
:10AAF00080784FEA001812E029462068FFF70EFE22
:10AB00000546681C08B90120DEE7022D03D3206842
:10AB10004069A84201D80220D6E7A6EB08064645C0
:10AB2000EAD229462068FFF7ECFD0746E5600FB939
:10AB30000220C9E707EB161020612068303006F0CC
:10AB40000F0100EB411060610020BDE72DE9F041ED
:10AB500004468846E088461CB0B208B1206910B9A6
:10AB60000420BDE8F08106F00F0000286CD12069B8
:10AB7000401C2061E06828B920680089B04263D891
:10AB80000420EEE720688078401E00EA16100028B6
:10AB90005AD1E1682068FFF7C1FD0546012D01D8B3
:10ABA0000220DEE7681C08B90120DAE72068406966
:10ABB000A84243D8B8F1000F01D10420D1E7E168E1
:10ABC0002068FFF7F0FE05460DB90720C9E7012D03
:10ABD00001D10220C5E7681C08B90120C1E720683F
:10ABE000FFF7ECFC08B10120BBE7216801F1300060
:10ABF0004FF400720021FFF7BAFC29462068FFF7E6
:10AC000080FD2168C86200270EE0012021680871DC
:10AC10002068FFF7D3FC08B10120A2E72068C06AD2
:10AC2000401C2168C8627F1C20688078B842ECD83C
:10AC30002068C06AC01B2168C86200BFE560294661
:10AC40002068FFF75EFD2061E6802068303006F066
:10AC50000F0100EB41106061002082E72DE9F04117
:10AC600004460E4600212046FFF721FF0546EDB9B8
:10AC7000002700BF21692068FFF7C6FC054605B123
:10AC800013E060690078E52802D06069007820B997
:10AC9000781C0746B04201D107E000270121204679
:10ACA000FFF754FF0546002DE4D000BF042D00D16E
:10ACB00007252846BDE8F08110B502468C7ECB7E84
:10ACC00044EA03201378032B05D10C7D4B7D44EA25
:10ACD000032340EA034010BD81760B0AC3760A0CB9
:10ACE00002750B0E437570472DE9F04705460C467B
:10ACF000207820F04000401E00EB800101EBC006F0
:10AD000000274FF0010800BFFE48C05D205CFD49F0
:10AD1000C95D2144497840EA0129B8F1000F10D0FB
:10AD2000484603F0E2F98046FF2E07D23146761CF2
:10AD300035F8110003F0D9F9404508D00020BDE8EE
:10AD4000F0874FF6FF70814501D00020F7E7781CAF
:10AD500007460D28D8D3207800F0400038B1B8F16C
:10AD6000000F04D035F8160008B10020E7E70120F5
:10AD7000E5E7F0B50346087800F03F00401E00EB21
:10AD8000800707EBC0020025012600BFDD48405DBB
:10AD9000085CDC4F7F5D0F447F7840EA07244EB1AA
:10ADA000FF2A01D30020F0BD26461046521C23F88E
:10ADB000104005E04FF6FF70844201D00020F2E71A
:10ADC000681C05460D28E1D3087800F0400030B13A
:10ADD000FF2A01D30020E6E7002023F8120001201B
:10ADE000E1E7F0B504461D464D730F27CF720027EB
:10ADF0000F738F76BC4681F81BC0571E07EB870C7C
:10AE00000CEBC706002738463B4600BF4FF6FF77DE
:10AE1000B84203D03746761C34F81700DFF8E4C296
:10AE20001CF803C001F80C000712DFF8D8C21CF8A8
:10AE300003C08C448CF8017008B94FF6FF705F1C9A
:10AE40003B460D2FE2D34FF6FF77B84202D034F8DD
:10AE500016700FB942F040020A70F0BD2DE9FC47B0
:10AE600007468A4690461E460B2251463846FFF753
:10AE700071FB052E18D9304610E038F8021B00256A
:10AE80000AE00A4660F35F021046491000F480327F
:10AE90000AB19D4A50406D1C102DF2D3B8F8002025
:10AEA000002AEAD1064600BF072500BF06F00F00C2
:10AEB00000F13009B9F1390F03DD09F1070000F0A5
:10AEC000FF0928466D1E0DF800903609002EEDD1C1
:10AED0007E200DF8050000240BE0385D812807DB9B
:10AEE000385DFE2804DC681EA04200D106E0641C28
:10AEF000641CAC4202D2385D2028EED100BF00BFF6
:10AF0000082D04D228466D1C1DF8001000E02021F9
:10AF10002046641C3954082CF2D3BDE8FC8730B5B8
:10AF2000014600200B2200BF431003EBC01411F8B0
:10AF3000015B6319D8B2531E1A1EF5D130BD2DE93D
:10AF4000F047044600212046FFF7B1FD074617B140
:10AF50003846BDE8F0874FF0FF09CA4600BF2169B7
:10AF60002068FFF751FB074607B154E065692E786A
:10AF70000EB904274FE0E87A00F03F08E52E05D02F
:10AF800008F0080028B1B8F10F0F02D04FF0FF0908
:10AF90003AE0B8F10F0F1CD1E069A0B306F0400011
:10AFA00030B195F80DA026F04006B146E088208427
:10AFB0004E450AD1687B504507D12946E069FFF725
:10AFC00093FE10B1A9F1010000E0FF2000F0FF099D
:10AFD0001AE0B9F1000F05D12846FFF7A0FF504550
:10AFE00000D118E04FF0FF094FF6FF702084A069F0
:10AFF000C07A00F0010030B90B222846A169FFF7A2
:10B00000C0FA00B907E0FFE700212046FFF79EFDE8
:10B010000746002FA3D000BF38469AE72DE9F05F1E
:10B0200004468A464FF0FF09CB4604274EE02169CB
:10B030002068FFF7E9FA074607B14AE06669357804
:10B040000DB9042745E0F07A00F03F08E52D09D05E
:10B050002E2D07D0B8F1080F01D1012000E000200B
:10B06000504502D04FF0FF0929E0B8F10F0F1AD177
:10B0700005F0400030B196F80DB025F04005A94626
:10B08000E08820844D450AD1707B584507D1314670
:10B09000E069FFF76EFE10B1A9F1010000E0FF20AA
:10B0A00000F0FF090BE0B9F1000F04D13046FFF7C3
:10B0B00036FF584502D04FF6FF70208409E000218A
:10B0C0002046FFF743FD074607B102E0206900284C
:10B0D000ADD100BF0FB1002020613846BDE8F09F20
:10B0E0002DE9FE4F0446D4F81880D4F81C900C22A9
:10B0F00041466846FFF72EFA00BF9DF80B0000F0AE
:10B10000010003E06C0C01082110010020B30020B5
:10B1100088F80B00E06101260CE033464A46694698
:10B120004046FFF79BFE2046FFF709FF054605B1A5
:10B1300002E0761C642EF0D300BF642E02D10720FB
:10B14000BDE8FE8F042D01D02846F9E79DF80B00DD
:10B1500088F80B00C4F81C909DF80B0000F002006A
:10B1600060B1002600E0761C39F816000028FAD1FC
:10B1700006F119000D21B0FBF1F700E00127394677
:10B180002046FFF76BFD054645BB781E071E25D000
:10B19000E088C11B2046FFF78AFC0546F5B9A06987
:10B1A000FFF7BDFE824600BF21692068FFF72CFA39
:10B1B000054605B111E0FAB253466169E069FFF74F
:10B1C00010FE01202168087100212046FFF7BEFC17
:10B1D000054615B9781E071EE6D100BFC5B921691D
:10B1E0002068FFF711FA054695B920220021606911
:10B1F000FFF7BDF90B22D4E90501FFF7ABF9A06910
:10B20000C07A00F018006169087301202168087194
:10B21000284695E770B50446E688208C4FF6FF7205
:10B22000904201D1304600E0208C01462046FFF7D5
:10B230003EFC05460DBB00BF21692068FFF7E4F91D
:10B24000054605B115E0202200216069FFF78FF95E
:10B25000E52061690870012021680871E088B0422A
:10B2600000D306E000212046FFF770FC0546002DC4
:10B27000E2D000BF042D00D10225284670BD2DE983
:10B28000F04707460C4604F109063869002843D008
:10B290007869002526E029466D1C10F80180B8F178
:10B2A000200F00D11EE0B8F1050F01D14FF0E508E5
:10B2B000092D02D12E2106F8011BB8F1410F0EDB3A
:10B2C000B8F15A0F0BDC017B092D01D3102200E0ED
:10B2D0000822114019B108F1200101F0FF0806F819
:10B2E000018B00BF0B2DD6D3C17A2172C17F0A0614
:10B2F000817F42EA0142417F42EA0121027F1143FC
:10B300002160027E417E42EA0121A180827DC17DD1
:10B3100042EA0121E18000BF00203070A06990B3B3
:10B320000025A669386958B3E06948B3388C4FF6F0
:10B33000FF71884224D0D7F81CA01BE000214846AA
:10B3400002F08AFE8146B9F1000F01D1002516E016
:10B35000B9F1FF0F04DD4FEA292228466D1C325453
:10B36000E069401EA84201D8002508E028466D1C6F
:10B3700006F800903AF8021BB1F10009DED100BFD7
:10B380000020705500BFBDE8F0872DE9F34F83B072
:10B39000814604980068019002E00198401C0190E9
:10B3A000019800782F28F8D0019800785C28F4D014
:10B3B000D9F81CA000252F4600BF38467F1C0199F4
:10B3C0000C5C202C03DB2F2C01D05C2C00D132E054
:10B3D000FF2D03D3062005B0BDE8F08FE4B2812C29
:10B3E00013DBE0B2FE2810DC38467F1C01990E5CAE
:10B3F000402E01DB7E2E05DD802E01DBFE2E01DDE1
:10B400000620E8E706EB042084B20121204602F082
:10B4100023FE04460CB90620DDE7802C06DA21461F
:10B42000F9A0FFF7C1F808B10620D4E728466D1C43
:10B430002AF81040C1E700BF0198C11904980160C3
:10B44000202C01DA042000E00020804608E0681E7D
:10B450003AF81040202C02D02E2C00D002E06D1EB5
:10B46000002DF4D100BF0DB90620B4E700202AF862
:10B4700015000B222021D9F81800FFF778F80027D3
:10B4800000E07F1C3AF817002028FAD03AF817009D
:10B490002E28F6D00FB148F0030800E06D1E25B14C
:10B4A000681E3AF810002E28F8D1002006460290B7
:10B4B0004FF0080B00BF38467F1C3AF8104004B923
:10B4C00063E0202C03D02E2C04D1AF4202D048F0F0
:10B4D0000308F0E70298584501D2AF4214D1BBF1FE
:10B4E0000B0F02D148F003084FE0AF4201D048F003
:10B4F0000308AF4200D948E02F46082002904FF0E1
:10B500000B0BB006060ED6E7802C09DB204602F0B6
:10B51000ECFD0021009002F09FFD044648F0020877
:10B52000FF2C11DDABF101000299884204D848F0EC
:10B530000308CDF808B0BEE72212D9F818300298F7
:10B54000411C02911A5419E024B12146B1A0FFF721
:10B550002BF818B15F2448F003080FE0412C04DBFE
:10B560005A2C02DC46F0020608E0612C06DB7A2C3D
:10B5700004DC46F00106A4F1200084B2D9F81830AA
:10B580000298411C02911C5495E700BFD9F818009D
:10B590000078E52803D10520D9F818100870BBF110
:10B5A000080F01D1B006060E06F00C000C2803D0DF
:10B5B00006F00300032801D148F0020808F0020059
:10B5C00058B906F00300012801D148F0100806F030
:10B5D0000C00042801D148F00808D9F8180080F8B8
:10B5E0000B800020F7E62DE9F3410446019800782E
:10B5F0002F2803D0019800785C2802D10198401CC4
:10B6000001900020A06001980078202807D2002136
:10B610002046FFF74CFA05460020606128E000BF95
:10B6200001A92046FFF7B1FE054605B11FE02046FF
:10B63000FFF785FC0546A069C67A3DB1042D04D10B
:10B6400000BF06F0040000B9052510E006F0040074
:10B6500000B10CE06769F87A00F0100008B9052520
:10B6600005E039462068FFF727FBA060D8E700BF58
:10B670002846BDE8FC8170B502464FF0FF301568E2
:10B68000E5B1116800E0491C0D78202D02D30D783A
:10B690003A2DF8D10D783A2D0FD1146814F8015BCA
:10B6A000A5F130030A2B07D28C4205D1022B03D21D
:10B6B00018464D1C2946156070BD002000BFFBE7F1
:10B6C00070B504460D4600202071401EE0622946F8
:10B6D0002046FEF799FF08B1032070BD94F82E12A2
:10B6E00094F82F0241EA00204AF65521884201D001
:10B6F0000220F2E794F86900010694F8680041EA34
:10B70000004194F8670041EA002094F8661008436D
:10B7100020F07F404149884201D10020DDE794F8C4
:10B720008500010694F8840041EA004194F8830002
:10B7300041EA002094F88210084320F07F40374906
:10B74000884201D10020C8E70120C6E72DE9F74F64
:10B7500088B00021089801600998FFF78CFF0790D6
:10B760000798002803DA0B200BB0BDE8F08F2C49B6
:10B77000079851F820400CB90C20F5E708980460B0
:10B78000207878B16078FEF717FE804608F0010057
:10B7900040B90A9820B108F0040008B10A20E3E794
:10B7A0000020E1E700202070079860706078FEF7C5
:10B7B000E9FD804608F0010008B10320D4E70A98AB
:10B7C00020B108F0040008B10A20CDE7002739466F
:10B7D0002046FFF775FF0546012D01D09DB93BE0DE
:10B7E000002623E004F5F77101EB06100179C9B1D9
:10B7F000C17A0A06817A42EA0142417A42EA01218B
:10B80000027A11430FE027E0222A3A3C3E3F7C7F38
:10B81000000000002B2C3B3D5B5D000046415400C6
:10B820005802002000214DF82610761C042ED9D392
:10B83000002606B1761E00BF5DF8267027B1394696
:10B840002046FFF73DFF00E0022005461DB1701CB9
:10B8500006460428F0D300BF032D01D1012083E761
:10B860000DB10D2080E73B20015D94F83C0041EADA
:10B870000020B0F5007F01D00D2075E74620015D66
:10B8800094F8470041EA0029B9F1000F0ED194F86D
:10B890005700010694F8560041EA004194F855001B
:10B8A00041EA002094F8541040EA0109C4F81890C5
:10B8B0004020005DE070E078012804D0E0780228A4
:10B8C00001D00D2050E7E07809FB00F93D20005D34
:10B8D000A070A07818B1A078411E084008B10D20D2
:10B8E00042E74120015D94F8420041EA00202081B6
:10B8F000207A00F00F0008B10D2035E74320015DEC
:10B9000094F8440041EA002BBBF1000F0ED194F8EB
:10B910005300010694F8520041EA004194F85100A6
:10B9200041EA002094F8501040EA010B3E20015DEE
:10B9300094F83F0041EA00200490049808B90D20D3
:10B9400012E704984844218900EB111006900698EC
:10B95000834501D20D2007E70698ABEB0000A178E4
:10B96000B0FBF1FABAF1000F01D10D20FCE6012580
:10B9700040F6F670824500D302254FF6F6708245F8
:10B9800000D303250AF102006061E761049838449E
:10B99000206206983844A062032D16D1208908B190
:10B9A0000D20E1E694F85F00010694F85E0041EA9C
:10B9B000004194F85D0041EA002094F85C100843CF
:10B9C000606260698000059014E0208908B90D204C
:10B9D000CAE6206A48446062022D02D160694000D4
:10B9E00007E0207D00F00100616901EB410100EBFF
:10B9F00051000590A169059800F2FF10B1EB502F9E
:10BA000001D20D20B0E64FF0FF302061E0608020D1
:10BA10006071032D5AD194F8601094F8610041EAE6
:10BA20000020012852D1791C2046FEF7EDFDE8BB2D
:10BA30000020607194F82E1294F82F0241EA002041
:10BA40004AF65521884241D13320005D010632205B
:10BA5000005D41EA00413120005D41EA002094F898
:10BA600030100843FC49884230D194F8170201068F
:10BA700094F8160241EA004194F8150241EA0020C8
:10BA800094F814120843F54988421FD194F81B0218
:10BA9000010694F81A0241EA004194F8190241EAB9
:10BAA000002094F818120843206100E00EE094F89A
:10BAB0001F02010694F81E0241EA004194F81D029B
:10BAC00041EA002094F81C120843E0602570E44825
:10BAD0000088401C80B2E2490880E080002043E6F4
:10BAE00070B505462C464CB1206838B12068007806
:10BAF00020B12068C088A188884201D0092070BD8B
:10BB000021684878FEF758FC00F0010008B10320D6
:10BB1000F5E70020F3E7F7B582B0164603980190E9
:10BB200001A8FFF7A8FD0546002D02DA0B2005B09D
:10BB3000F0BDCC4850F825400CB100202070029890
:10BB400010B1002002990870C649029841F82500FA
:10BB5000029808B1012E01D00020E8E7002203A9D5
:10BB600002A8FFF7F3FD07463846E0E72DE9F7475F
:10BB70008DB0054616461DB9092010B0BDE8F08706
:10BB80000020286006F01F0626F001020EA904A876
:10BB9000FFF7DCFD0746002F73D14FF40070FEF76E
:10BBA000C7FC8146B9F1000F01D11120E5E7CDF8BE
:10BBB0002C9001A80A9004A80E99FFF714FD0746DF
:10BBC000099C0FB904B9062706F01C00002851D0C3
:10BBD0004FB1042F03D104A8FFF782FA074646F0BD
:10BBE0000806099C09E0E07A00F0110008B1072777
:10BBF00003E006F0040000B10827002F39D106F059
:10BC00000800002835D0FEF791FC804684F80E80AD
:10BC10004FEA1821E1734FEA184121744FEA186185
:10BC200061740020E072207700216177A177E177CD
:10BC300021460498FFF740F8824600212046FFF78E
:10BC40004BF8012004990871BAF1000F11D0049843
:10BC5000D0F82C8051460498FEF76FFE074647B98E
:10BC6000AAF101000499C86041460498FEF7CCFC93
:10BC700007460FE077B9E07A00F0100010B1042712
:10BC800008E031E006F0020020B1E07A00F00100A7
:10BC900000B1072747B906F0080008B146F02006B2
:10BCA0000498C06AE8612C624846FEF748FCDFB998
:10BCB000AE710020E87121460498FEF7FDFF28616F
:10BCC000E07F0106A07F41EA0041607F41EA002059
:10BCD000217F0843E8600020A860A861686204989A
:10BCE00028602868C088A880384646E72DE9FF4FBD
:10BCF00083B0044615469A46DDF810B00020CAF815
:10BD000000002046FFF7ECFE0290029818B102985E
:10BD100007B0BDE8F08FE07908B1E079F8E7A079E5
:10BD200000F0010008B90720F2E7D4E90210401A38
:10BD300000900098854200D9009DB3E02089C0F3AF
:10BD40000800002876D120688078401EA16800EAAB
:10BD5000512000F0FF09B9F1000F1FD1A06810B900
:10BD6000206901900CE0606A28B12046A168FEF7C6
:10BD700085FE019004E061692068FEF7CFFC019028
:10BD80000198022802D20220E071C1E70198401C0C
:10BD900010B90120E071BBE701986061616920681A
:10BDA000FEF7AFFC064616B90220E071B0E74E443C
:10BDB0004FEA5528B8F1000F29D009EB0800216897
:10BDC0008978884203D920688078A0EB0908216827
:10BDD0004878434632465946FEF7F1FA10B1012041
:10BDE000E07195E7A07900F0400068B1A069801B80
:10BDF000404509D2A169891B0BEB41204FF4007229
:10BE000004F12801FEF7A6FB4FEA482740E0A069AD
:10BE1000B04229D0A07900F0400080B12168487874
:10BE2000012304F12801A269FEF7FAFA18B10120F2
:10BE3000E0716DE719E0A07920F04000A071216861
:10BE400048780123324604F12801FEF7B8FA58B1C8
:10BE50000120E0715CE70000525261417272416161
:10BE60006002002058020020A6612089C0F308006B
:10BE7000C0F50077AF4200D92F462089C0F30802F1
:10BE800004F1280011183A465846FEF763FB00BF3C
:10BE9000BB44A0683844A060DAF800003844CAF80F
:10BEA0000000ED1B002D7FF449AF002030E72DE9A5
:10BEB000FF4F83B0044615469B460498019000202E
:10BEC000CBF800002046FFF70BFE0290029818B155
:10BED000029807B0BDE8F08FE07908B1E079F8E7A3
:10BEE000A07900F0020008B90720F2E7A068284412
:10BEF000A168884200D20025C2E02089C0F3080072
:10BF000000286FD120688078401EA16800EA512087
:10BF100000F0FF0ABAF1000F2CD1A06858B9D4F88C
:10BF20001080B8F1000F13D100212068FEF73BFD0F
:10BF3000804620610CE0606A28B12046A168FEF7C7
:10BF40009DFD804604E061692068FEF72CFD804677
:10BF5000B8F1000F00D196E0B8F1010F02D1022034
:10BF6000E071B6E708F1010010B90120E071B0E717
:10BF7000C4F81480A07900F0400078B121684878B6
:10BF8000012304F12801A269FEF74AFA10B1012049
:10BF9000E0719EE7A07920F04000A07161692068FF
:10BFA000FEF7AFFB064616B90220E07191E7564452
:10BFB0004FEA5529B9F1000F2BD00AEB090021688F
:10BFC0008978884203D920688078A0EB0A09216823
:10BFD00048784B4632460199FEF722FA18B1012003
:10BFE000E07176E729E0A069801B48450ED2A06980
:10BFF000801B019A02EB40214FF4007204F12800EB
:10C00000FEF7A8FAA07920F04000A0714FEA492776
:10C010002AE0A069B0420FD0D4E9020188420BD2D5
:10C02000216848780123324604F12801FEF7C7F958
:10C0300010B10120E0714CE7A6612089C0F308002F
:10C04000C0F50077AF4200D92F462189C1F308021D
:10C0500004F1280150183A460199FEF77BFAA079BD
:10C0600040F04000A07100BF019838440190A068E2
:10C070003844A060DBF800003844CBF80000ED1B2A
:10C08000002D7FF43AAF00BFD4E90201884201D904
:10C09000A068E060A07940F02000A071002018E7BF
:10C0A0002DE9F04104462046FFF71AFD0746002F10
:10C0B0004CD1A07900F02000002847D0A07900F0F2
:10C0C000400078B121684878012304F12801A26971
:10C0D000FEF7A6F910B10120BDE8F081A07920F0AB
:10C0E0004000A071E1692068FEF78EFA0746002F34
:10C0F0002CD1256AE87A40F02000E872207B28776E
:10C10000A089010A6977E068010CA977E068010E4F
:10C11000E97728462169FEF7DFFDFEF707FA0646B4
:10C12000AE75310AE975310C2976310E6976002039
:10C13000A8740021E974A07920F02000A0710120EA
:10C14000216808712068FEF778FA07463846C3E789
:10C1500070B505462846FFF7A3FF044634B92846C4
:10C16000FFF7BEFC04460CB900202860204670BDD5
:10C170002DE9FE4F04460D462046FFF7B1FC029024
:10C18000029810B10298BDE8FE8FE07908B1E0791D
:10C19000F9E7606A002871D0681C00283BD1D4F808
:10C1A000248058F804AB4FF0020926693EB300BF63
:10C1B00000964FF0000B09F1020900BF01960BF148
:10C1C000010B31462068FEF7A9FA0646012E02D877
:10C1D0000220E071D7E7701C10B90120E071D2E7AE
:10C1E0000198401C8642E9D0D14504D848F804BBE8
:10C1F000009848F8040B20684069B042D8D8606ABB
:10C20000C0F80090D14503D80020C8F8000047E0EE
:10C210001120029044E0E068A84200D2E568A560E1
:10C22000002D3DD0691E2046FEF728FC6061616943
:10C230002068FEF766FA074617B90220E071A2E708
:10C2400020688078401E691E00EA5120074420893A
:10C25000C0F3080020B3A069B84221D0A07900F053
:10C26000400080B121684878012304F12801A269C7
:10C27000FEF7D6F818B10120E07184E711E0A0794B
:10C2800020F04000A0712168487801233A4604F16B
:10C290002801FEF794F810B10120E07173E7A7615F
:10C2A000ABE0E068A84204D2A07900F0020000B937
:10C2B000E568D4F808904FF00008C4F80880002D15
:10C2C00067D0206880784702B9F1000F11D0681E4E
:10C2D000B0FBF7F1A9F10100B0FBF7F0814208D300
:10C2E000A9F10100791E8843A060A0682D1A666933
:10C2F00012E026697EB900212068FEF754FB06464D
:10C30000012E02D10220E0713DE7701C10B901201E
:10C31000E07138E726616661C6B323E0A07900F0DA
:10C32000020038B131462068FEF73DFB064636B9BB
:10C330003D4619E031462068FEF7F0F90646701CCC
:10C3400010B90120E0711EE7012E03D92068406971
:10C35000B04202D80220E07115E76661A068384457
:10C36000A060ED1BBD42D9D800BFA0682844A060E2
:10C37000C5F3080050B131462068FEF7C2F9804687
:10C38000B8F1000F03D10220E071FCE601E008EBF8
:10C3900055282089C0F3080020B3A069404521D06A
:10C3A000A07900F0400078B121684878012304F1B9
:10C3B0002801A269FEF734F810B10120E071E2E62D
:10C3C000A07920F04000A0712168487801234246FE
:10C3D00004F12801FDF7F3FF10B10120E071D2E66E
:10C3E000C4F81880D4E90201884205D9A068E06049
:10C3F000A07940F02000A07100BF0298C3E673B599
:10C4000084B0044614B9092006B070BD002205A905
:10C4100003A8FFF79BF90546002D2FD10398206054
:10C420004FF40070FEF784F806460EB91120EBE7D2
:10C43000E661C4F818D020460599FFF7D4F8054600
:10C440003046FEF77CF8B5B9606958B16069C07ACA
:10C4500000F0100028B161690398FEF72DFCA06080
:10C4600000E005253DB90398C088A0800021204642
:10C47000FEF71DFB0546042D00D105250DB100205A
:10C4800020602846C0E770B504462046FFF728FB29
:10C4900005460DB900202060284670BDFEB5044653
:10C4A0000F462046FFF71CFB0546002D2DD12FB966
:10C4B00000212046FEF7FBFA054626E04FF4007007
:10C4C000FEF736F806460EB91120FEBDE661C4F847
:10C4D00018D000212046FEF7A1FD0546042D02D10B
:10C4E0000020206100256DB939462046FEF7C7FEC1
:10C4F00000212046FEF72AFB0546042D02D100202C
:10C50000206100253046FEF71AF82846DDE773B5AE
:10C510008CB00E4600220CA903A8FFF717F90546B8
:10C52000EDB94FF40070FEF703F8044614B911207A
:10C530000EB070BD0A94CDF824D003A80C99FFF773
:10C5400052F8054645B9089828B12EB1314603A8DE
:10C55000FEF795FE00E006252046FDF7F0FF284691
:10C56000E6E72DE9F74F82B08A46002202A9049837
:10C57000FFF7ECF8019004980468019800286DD149
:10C58000D4E90410801E814203D82069CAF8000053
:10C5900064E094F800B00026BBF1010F1CD1022723
:10C5A00000BF39462046FEF7B9F8804608F1010081
:10C5B00010B9012001900EE0B8F1010F02D1022064
:10C5C000019008E0B8F1000F00D1761C781C0746F6
:10C5D00061698842E5D33AE06769206A00904FF0CC
:10C5E0000009002500BFB9F1000F0ED10098421CD0
:10C5F000014620460092FEF707F80190019800B12D
:10C6000024E004F130054FF40079BBF1020F09D1A9
:10C610002878697840EA012000B9761CAD1CA9F1A0
:10C62000020910E0E8780006A97840EA014069783C
:10C6300040EA01202978084320F0704000B9761CB8
:10C640002D1DA9F10409781E071ECCD100BF26615B
:10C65000607940F001006071CAF80060019805B08F
:10C66000BDE8F08F70B504462046FFF739FA05465D
:10C6700045B9E07908B1E57904E0A07900F002005D
:10C6800000B90725002D47D1D4E90210884241D9CD
:10C69000A068E060A07940F02000A071A06838B9DF
:10C6A00021692068FEF749F90546002020611DE058
:10C6B00061692068FEF732F806460025701C00B953
:10C6C0000125012E00D1022585B920684069B042BC
:10C6D0000CD96FF0704261692068FEF793F8054647
:10C6E00025B931462068FEF728F9054695B9A079A5
:10C6F00000F0400070B121684878012304F128015E
:10C70000A269FDF78DFE08B1012503E0A07920F0B4
:10C710004000A07105B1E571284670BDF1B596B035
:10C72000012216A90DA8FFF711F80446002C54D1D8
:10C730004FF40070FDF7FCFE074617B9112017B043
:10C74000F0BD149701A813900DA81699FEF74BFFA2
:10C75000044600BF002C3DD1129E0EB9062404E011
:10C76000F07A00F0010000B1072431460D98FEF781
:10C77000A3FA0546ECB9F07A00F01000C8B1022D1A
:10C7800001D2022415E024220DA904A8FDF7E2FE3F
:10C790000695022104A8FEF78AF904464CB9002147
:10C7A00004A8FEF73BFC044604B90724042C00D17E
:10C7B00000247CB90DA8FEF72DFD044654B925B11F
:10C7C00029460D98FEF7B9F804461CB90D98FDF7F7
:10C7D00034FF04463846FDF7B2FE2046AFE72DE9A8
:10C7E000F14F8CB0FDF7A2FE064601220CA903A86A
:10C7F000FEF7ACFF0546002D7BD14FF40070FDF72E
:10C8000097FE8046B8F1000F03D111200DB0BDE8AE
:10C81000F08FCDF82880CDF824D003A80C99FEF72E
:10C82000E2FE054605B9082500BF042D7AD1002196
:10C830000398FEF7B8F80746002507B90725012F2A
:10C8400000D10225781C00B901251DB90398FDF718
:10C85000B5FE0546002D5BD139460398FDF751FF23
:10C860008246039800F130044FF400720021204604
:10C87000FDF77DFE0B2220212046FDF778FE2E20BD
:10C8800020701020E072A675310AE175310C217616
:10C89000310E617639462046FEF71EFA20222146E7
:10C8A00004F12000FDF756FE2E2084F82100DDF86B
:10C8B00014B003980078032804D10398406A5845BF
:10C8C00000D1AB46594604F12000FEF705FA039863
:10C8D00090F8029018E00398C0F82CA00AF1010A21
:10C8E0000120039908710398FDF768FE05460DB114
:10C8F0000DE030E04FF4007200212046FDF737FED6
:10C90000A9F1010000F0FF09B9F1000FE3D100BF68
:10C910001DB903A8FEF7E4FB054625B13946039887
:10C92000FEF70BF814E0089C1020E072A675310A9F
:10C93000E175310C2176310E617639462046FEF7DD
:10C94000CBF90120039908710398FDF776FE05469F
:10C950004046FDF7F4FD284658E72DE9F7418DB034
:10C960008846144601220DA904A8FEF7EFFE0746EB
:10C970004FBB4FF40070FDF7DBFD06461EB91120DA
:10C9800010B0BDE8F0810B9601A80A9004A80D999B
:10C99000FEF729FE07463046FDF7D1FD00BF97B9E7
:10C9A000099D0DB906270EE004F0270408EA0400EB
:10C9B000E97AA1430843E8720120049908710498B8
:10C9C000FDF73BFE07463846DAE7F3B58DB00D4676
:10C9D00001220DA904A8FEF7B9FE074657BB4FF484
:10C9E0000070FDF7A5FD064616B911200FB0F0BD89
:10C9F0000B9601A80A9004A80D99FEF7F4FD0746CE
:10CA00003046FDF79CFD00BFA7B9099C0CB906276D
:10CA100010E0A879A075E8880112E17528792076E0
:10CA2000A888011261760120049908710498FDF725
:10CA300004FE07463846D9E72DE9F3419CB00122B0
:10CA40001CA913A8FEF782FE0446002C78D1139887
:10CA50000A904FF40070FDF76BFD07461FB91120D7
:10CA60001EB0BDE8F0811A9701A8199013A81C996F
:10CA7000FEF7B9FD044600BF002C75D1189808B91F
:10CA8000042471E0189800F10B01152204A8FDF7A9
:10CA900061FD242213A90AA8FDF75CFD1DA8FEF77D
:10CAA000EAFD002805DB0AA81D99FEF79CFD044657
:10CAB00000E00B2404B90824042C55D10AA8FEF781
:10CAC0000FFB0446002C4FD10F9D13220DF11201D4
:10CAD00005F10D00FDF73EFD9DF8100040F020002F
:10CAE000E8720120139908710C991598884231D089
:10CAF000E87A00F0100068B329461398FEF7DCF8D6
:10CB0000804641461398FDF7FCFD06460EB9022407
:10CB100020E031461398FDF777FD0446139800F1A5
:10CB20005005BCB968782E2814D1139800780328D2
:10CB300007D113990C98496A884202D1002001E07C
:10CB400015E00C98064631462846FEF7C5F8012048
:10CB50001399087144B913A8FEF75CFB04461CB98D
:10CB60001398FDF76AFD04463846FDF7E8FC2046B9
:10CB700076E72DE9F74189B00D469046002209A9D4
:10CB80006846FEF7E3FD044624BB1DB30020029077
:10CB900000216846FDF78BFF0446DCB90121684699
:10CBA000FEF73CFA044684B90B2228460599FDF7A6
:10CBB000D1FC0B2700BF0020E85507B904E0781E20
:10CBC0000746285C2028F6D000BF042C02D10020A4
:10CBD0002870002444BBB8F1000F25D0009A1046FD
:10CBE000D169FDF711FD0446F4B9009800780328D7
:10CBF00001D1432000E02720064600983030304421
:10CC0000C0780106009830303044807841EA004115
:10CC1000009830303044407841EA002000993031AB
:10CC2000895D0843C8F8000020460CB0BDE8F081DB
:10CC30002DE9F14F8CB001220CA903A8FEF786FD67
:10CC40008146B9F1000F03D048460DB0BDE8F08F22
:10CC500000208DF80000002700E07F1C0C98C05DCC
:10CC60000028FAD100E07F1E27B1781E0C99085CDD
:10CC70002028F8D0002F5ED00026B04600BF3046F6
:10CC8000761C0C990C5C812C20DBE0B2FE281DDCAC
:10CC9000B8F10A0F18D2BE4216D20C98805D402817
:10CCA00003DB0C98805D7E2807DD0C98805D802872
:10CCB0000ADB0C98805DFE2806DC3046761C0C9959
:10CCC000085C40EA042000E0002084B201212046F4
:10CCD00001F0C2F9834601F008FA8246002101F012
:10CCE000BBF904465CB12146FEA0FDF75DFC30B9FE
:10CCF000FF2C01DD0A2000E00B20404501D8062072
:10CD0000A3E7FF2C05DD2212404608F101080DF8CB
:10CD10000020E2B2404608F101080DF80020BE42B2
:10CD2000ADD305E02022404608F101080DF80020AF
:10CD3000B8F10B0FF6D300200590002103A8FDF7F2
:10CD4000B6FE8146B9F1000F5BD1012103A8FEF7C1
:10CD500065F98146B9F1000F21D19DF8000098B125
:10CD60000B2269460898FDF7F5FBFDF7DFFB05464A
:10CD700008998D75290A0898C175290C08980176BB
:10CD8000290E0898417602E0E520089908700120F4
:10CD9000039908710398FDF750FC814631E0B9F121
:10CDA000040F2ED14FF000099DF8000048B3012177
:10CDB00003A8FDF753FF8146B9F1000F21D12022CE
:10CDC00000210898FDF7D3FB0B2269460898FDF770
:10CDD000C1FB08200899C872FDF7A8FB0546089911
:10CDE0008D75290A0898C175290C08980176290EB5
:10CDF000089841760120039908710398FDF71DFCFE
:10CE00008146484621E72DE9F74F90B0914610A89A
:10CE1000FEF731FC0F900F98002803DA0B2013B0B7
:10CE2000BDE8F08F1198012801DD1320F7E7A9F183
:10CE3000010000EA090008B11320F0E7AD490F989E
:10CE400051F820B0BBF1000F01D10C20E7E7002022
:10CE50008BF800000F98C0B20C9000200B900C983B
:10CE6000FDF790FA0190019800F0010008B103204D
:10CE7000D5E7019800F0040008B10A20CFE700BF11
:10CE800004AA01210C98FDF7FCFA10B90498802837
:10CE900001D20120C3E7119808B1002000E03F2033
:10CEA00080460498A0EB08000490B9F1000F13D15C
:10CEB0004FF4FA610498B0FBF1F00A904FF0000AC9
:10CEC00001E00AF1010A8C4830F81A100A988142F0
:10CED000F7D88A4830F81A904FEA5929B9F1000F6B
:10CEE00001D14FF00109B9F1800F01D94FF080094C
:10CEF0000498B0FBF9F7012540F6F670874200D39D
:10CF000002254FF6F670874200D30325032D0AD180
:10CF1000082000EB870000F2FF10460A2020039053
:10CF20000020029011E0012D05D107EB4700401CC5
:10CF30004008C01C01E07800001D064606F2FF1004
:10CF4000460A012003902020029003984044079055
:10CF50000798304406900299069808440590059871
:10CF60004844A0EB08000499884201D90E2056E7F6
:10CF700009AA03210C98FDF784FA28B9099818B179
:10CF80000998B0F5004F01D9012009900999059839
:10CF90000844401E491E8843099009990598081ABB
:10CFA0000990032D08D10999039808440390099921
:10CFB00007980844079001E009980644DDE9030159
:10CFC000081A811B0298081AB0FBF9F7022D03D149
:10CFD00040F6F670874205D3032D05D14FF6F67063
:10CFE000874201D20E201AE7032D02D10C200D90AA
:10CFF00010E0012D06D10498B0F5803F02D2012047
:10D000000D9007E00498B0F5803F01D2042000E0C5
:10D0100006200D9000BF119810B1F0200E9044E052
:10D020004FF4007200210BF13000FDF7A0FA0BF570
:10D03000F77401206070A0700020E0700D982071DE
:10D04000FE206071049840443F21B0FBF1F0FF21C5
:10D05000B0FBF1F009903F21099841EA9000A071DE
:10D060000998E0713F20207200216172A172E17283
:10D07000049820730498010A61730498010CA17349
:10D080000498010EE17355218BF82E12AA218BF81A
:10D090002F12012300220BF130010C98FDF7C0F98B
:10D0A00008B10120BBE6F8200E900BF130044FF4DC
:10D0B000007200212046FDF75AFA0B2210A12046EB
:10D0C000FDF748FA4FF4007A84F80BA04FEA1A21D2
:10D0D000217384F80D900398A0730398010AE173FB
:10D0E000012013E0222A2B2C2E3A3B3C3D3E3F5B95
:10D0F0005D7C7F00580200207A0C0108900C01082A
:10D10000EBFE904D53444F53352E30002074032DC9
:10D1100001D1002001E04FF40070824684F811A094
:10D120004FEA1A21A1740498B0F5803F05D2049803
:10D13000E0740498010A217510E0049884F8200036
:10D140000498C0F30721212001550498C0F307413A
:10D15000222001550498010E232001550E98607578
:10D160003F20207600216176FF20A076E17684F8CA
:10D170001C804FEA182161774FEA1841A1774FEAE6
:10D180001861E177FDF7D2F90990032D3ED1099896
:10D1900084F843000998C0F30721442001550998F9
:10D1A000C0F30741452001550998010E462001555D
:10D1B00084F82460C6F3072125200155C6F30741F2
:10D1C00026200155310E27200155022084F82C001D
:10D1D00000212D2001552E2001552F200155012021
:10D1E00084F8300031200155062084F832003320C5
:10D1F0000155802084F84000292084F84200132241
:10D20000FEA104F14700FDF7A5F91FE0099884F895
:10D2100027000998C0F30721282001550998C0F379
:10D220000741292001550998010E2A200155A675AC
:10D23000310AE175802084F82400292084F8260032
:10D240001322F3A104F12B00FDF784F9552084F893
:10D25000FE01AA2140F2FF1001550123424621465A
:10D260000C98FDF7DDF808B10120D8E5032D06D1B3
:10D27000012308F1060221460C98FDF7D1F8079822
:10D2800008904FF0000A61E04FF400720021204640
:10D29000FDF76DF90E980990032D14D0012D01D1E1
:10D2A000E04801E06FF0FF000999084309900998F0
:10D2B00020700998000A60700998000CA070099805
:10D2C000000EE07019E0099860F0FF0009900998DD
:10D2D00020700998000A60700998000CA0700998E5
:10D2E000000EE070FF202071FF216171A171E171DA
:10D2F00020726172A1720F21E1720898411C0246EE
:10D300000123089121460C98FDF78AF808B1012005
:10D3100085E54FF4007200212046FDF728F9012031
:10D3200009900EE00898411C02460123089121460D
:10D330000C98FDF775F808B1012070E50998401CBC
:10D3400009900998B042EDD30AF1010ABAF1000F31
:10D350009AD0032D01D1484600E00298824600BFD2
:10D360000898411C02460123089121460C98FDF7BC
:10D3700057F808B1012052E5AAF10100B0F1000A06
:10D38000EED1032D46D15220207060706120A07034
:10D390004120E070722084F8E401722140F2E5102F
:10D3A00001554121401C01556121401C0155781E49
:10D3B00084F8E801C0F3072140F2E9100155781E16
:10D3C000C0F307414FF4F5700155781E010E40F28D
:10D3D000EB100155022084F8EC01002140F2ED1021
:10D3E0000155401C0155401C0155552084F8FE0193
:10D3F000AA2140F2FF100155012308F10102214644
:10D400000C98FDF70DF8012308F1070221460C984E
:10D41000FDF706F8002211460C98FDF732F808B126
:10D420000120FCE40020FAE42DE9FC470746884689
:10D43000914600243E4613E06B46012201A948466E
:10D44000FEF754FC0098012800D00DE09DF8045030
:10D4500000BF06F8015B641C0A2D00D104E000BF88
:10D46000A8F10100A042E7DC00BF0020307014B139
:10D470003846BDE8FC870020FBE7F8B504460E46B9
:10D4800000BF6568002D00DAF8BD28466D1C04F168
:10D490000C010E543D2D0CDB6B462A462068FEF72E
:10D4A00006FD0098A84201D1002001E04FF0FF30B6
:10D4B00005466560A068401CA06000BFE4E730B589
:10D4C00095B004460D460295002003900490214635
:10D4D00002A8FFF7D2FF039800280DDB01AB05A9D6
:10D4E000DDE90202FEF7E3FC30B9019903988842B6
:10D4F00002D1049815B030BD4FF0FF30FAE730B5D7
:10D5000095B004460D46029500200390049004E077
:10D5100014F8011B02A8FFF7B0FF20780028F7D10C
:10D52000039800280DDB01AB05A9DDE90202FEF737
:10D53000BEFC30B901990398884202D1049815B015
:10D5400030BD4FF0FF30FAE70FB42DE9F04F9BB03C
:10D550002498019000200290039026A81A9000BF02
:10D56000259810F8014B259004B924E1252C04D00E
:10D57000214601A8FFF781FFF2E700200646814619
:10D58000259810F8014B2590302C05D101262598BF
:10D5900010F8014B259006E02D2C04D10226259889
:10D5A00010F8014B259009E009EB890004EB4000DD
:10D5B000A0F13009259810F8014B2590302C01DBA3
:10D5C000392CF1DD6C2C01D04C2C05D146F0040631
:10D5D000259810F8014B259004B9ECE02546612D03
:10D5E00004DB7A2D02DCA5F12000C5B24F2D60D0FE
:10D5F0001DDC422D5AD0432D4FD015E04E4F204E0A
:10D60000414D452020202046415433322020200027
:10D610004E4F204E414D4520202020464154202091
:10D620002020200000FFFF00442D4CD144E0532D6A
:10D6300004D0552D41D0582D45D141E01A9850F8CD
:10D6400004BB1A904FF0000801E008F101081BF834
:10D6500008000028F9D106F0020048B903E02021B3
:10D6600001A8FFF70AFF404608F101084845F6D334
:10D6700004E01BF8011B01A8FFF7FFFE9BF8000068
:10D680000028F6D103E0202101A8FFF7F6FE40466E
:10D6900008F101084845F6D362E71A9810F8042B00
:10D6A000D1B21A9001A8FFF7E8FE59E702201990BD
:10D6B0000EE0082019900BE000BF0A20199007E047
:10D6C0001020199004E0214601A8FFF7D6FE47E795
:10D6D00000BF06F0040028B11A9800681A99091DC5
:10D6E0001A910CE0442D05D11A9800681A99091D69
:10D6F0001A9104E01A9800681A99091D1A91824635
:10D70000442D06D10AF0004018B1CAF1000A46F0D3
:10D710000806002700BF1998BAFBF0F100FB11A022
:10D72000C5B21998BAFBF0FA092D06DD782C01D1A3
:10D73000272000E007202844C5B205F13000C2B21E
:10D7400038467F1C14A90A54BAF1000F01D0102FDB
:10D75000E1D306F0080020B12D2238467F1C14A921
:10D760000A54B84606F0010008B1302000E020203D
:10D77000054603E0294601A8FFF77FFE06F00200F8
:10D7800020B9404608F101084845F3D300BF781E90
:10D79000074614AA115C01A8FFF76FFE002FF6D10F
:10D7A00003E0294601A8FFF768FE404608F101089A
:10D7B0004845F6D3D4E600BF00201A90029800280E
:10D7C00010DB18AB04A9DDE90102FEF770FB48B9D4
:10D7D00018990298884205D103981BB0BDE8F00F54
:10D7E0005DF814FB4FF0FF30F7E7000010B54FF481
:10D7F0000C710020FBF7DBFC604908604FF40C71F2
:10D800000020FBF7D4FC5D4948604FF40A7100200A
:10D81000FBF7CDFC5A4908604FF40A710020FBF772
:10D82000C6FC584908604FF400710020FBF7BFFCAC
:10D83000554908605148006868B15048406850B187
:10D840004F48006838B14F48006820B1084600686A
:10D8500008B1002010BD0120FCE70146412901DA92
:10D8600008467047612903DBA1F12000C0B2F8E748
:10D870000846F6E72DE9FC4105460027002405E0AF
:10D88000601CC4B2287800B902E06D1CFA2CF7DBEA
:10D8900000BFFA2C02D1FF20BDE8FC81002408E083
:10D8A0006D1E28782E2802D16D1C2F4603E0601CC7
:10D8B000C4B2052CF4DB00BF3946684601F03AFAE1
:10D8C000002407E01DF80400FFF7C7FF0DF804006F
:10D8D000601CC4B2042CF5DB002425E000261EE009
:10D8E00004EB840000EBC400284901EB800050F8F1
:10D8F0002600007800B914E004EB840101EBC401B8
:10D90000224A02EB810151F82600694601F0A6FA8D
:10D9100018B946EA0410C0B2BEE7701CC6B20D2E9C
:10D92000DEDB00BF601CC4B2062CD7DBFF20B3E7F0
:10D930002DE9FC4707460C4615460020009080461E
:10D94000814601AA69463846FEF70BFE06468EB9A7
:10D9500001984069801E0199897800FB01F90198BE
:10D960008078009900FB01F84FEA590020604FEAE7
:10D97000580028603046BDE8FC8700009C0300206A
:10D98000A4030020A8030020B403002064020020A8
:10D9900070B504460D46F8492A4608682146FEF748
:10D9A000BAF870BD70B504460D462A462146F348C4
:10D9B0000068FEF7DBF80646304670BD10B5EF484C
:10D9C0000068FEF7C5FB002010BD2DE9F0470446B6
:10D9D00000260027EAA001F025F8B14625E0EE4B2D
:10D9E0004FF40072ED480168E4480068FEF77EF9E4
:10D9F000064626B13146EAA001F014F81BE0E648DD
:10DA00000088384487B2002507E0E4480068415D9B
:10DA1000E7A001F007F8681C85B2DF48006885427E
:10DA2000F3D309F101001FFA80F9E11704EBD1519A
:10DA3000B9EB612FD3DB00BFE11704EBD1514912E1
:10DA4000A4EB412131B3A046E01704EBD0504012C3
:10DA5000A4EB4022D04BD1480168C8480068FEF7CB
:10DA600045F9064626B13146D2A000F0DBFF11E0B1
:10DA7000C9480088384487B2002507E0C7480068D5
:10DA8000415DCBA000F0CEFF681C85B2C2480068A3
:10DA90008542F3D31FB13946CBA000F0C3FFD0A01D
:10DAA00000F0C0FF3046BDE8F08770B505460E4671
:10DAB000D0A000F0B7FF3146D4A000F0B3FFD84BA0
:10DAC00032462946AD480068FEF7F1F9044624B114
:10DAD0002146D4A000F0A6FF04E0D1480168D6A0FA
:10DAE00000F0A0FFDAA000F09DFF204670BD10B549
:10DAF00004462146DB48FEF782FC10BD10B5D9482C
:10DB0000FEF7C1FC10BD70B540F2FF10D649C861E8
:10DB10000846C1690020FBF74AFBD3498861D14818
:10DB2000FEF7BCFC044614B9CF48407A30B9CE4861
:10DB300081690020FBF72BFB204670BDCA48806935
:10DB4000007810B1C848806901E0C748093005462F
:10DB5000C6A000F067FFC3488188C8A000F062FF3C
:10DB6000C048C188C8A000F05DFFBE488168CAA057
:10DB700000F058FFBB48C168CBA000F053FFB94884
:10DB80000169CDA000F04EFF82A000F04BFF2946B6
:10DB9000CDA000F047FFB4480168D0A000F042FFDC
:10DBA000B1488188D2A000F03DFFAF48C188D5A020
:10DBB00000F038FFAC48017AD7A000F033FF75A021
:10DBC00000F030FFA84881690020FBF7E0FA002050
:10DBD000B3E770B5054640F2FF10A349C861084697
:10DBE000C1690020FBF7E3FA9F49886129469D48F7
:10DBF000FEF705FC04460CBB66A000F013FF1BE01B
:10DC000099499848FEF74AFC044614B99648407A68
:10DC100000B912E094488069007810B19248806998
:10DC200001E09148093006462946C0A000F0FAFEFE
:10DC30003146BFA000F0F6FEE2E700BF8A488169E6
:10DC40000020FBF7A4FA204670BD2DE9FC410646F2
:10DC5000002000900024002501AA69463046FEF706
:10DC600080FC0746002F19D101984069801E019958
:10DC7000897800FB01F501988078009900FB01F498
:10DC8000B5F5A04F05D262086908ABA000F0CAFE46
:10DC900004E0E20AE90AB2A000F0C4FE2046BDE8B2
:10DCA000FC8110B50446214634480068FEF760FA4E
:10DCB00010BD324800688068704730480068C0680E
:10DCC000704710B504462046FEF789FD10BD70B5BB
:10DCD00004460D461646324629462046FFF793F87D
:10DCE00070BD10B504462046FEF718FD10BD70B596
:10DCF00004460D4629462046FEF79EFE70BD30B50F
:10DD000087B004460020019001AA02A92046FEF730
:10DD100030FF054655B902AA21469BA000F082FEBD
:10DD200021469FA0019A00F07DFE03E02946A2A0B3
:10DD300000F078FE07B030BD70B504462046FEF70F
:10DD400077FF054625B92146A1A000F06BFE03E050
:10DD50002946A5A000F066FE70BD70B504460748D0
:10DD6000214602680D480068FFF75EFB05462878EB
:10DD700000B970BD48E100009C030020A40300200E
:10DD80000D0A526561642066696C65206461746186
:10DD90002069733A0D0A0000AC030020B403002090
:10DDA00052656164204572726F723A25640D0A00F3
:10DDB000256300000D0A52656164204572726F721E
:10DDC0003A25640D0A0000000D0A5265616465641D
:10DDD0002064617461206C656E3A25640D0A000050
:10DDE000526561642064617461206F7665720D0A0A
:10DDF000000000000D0A426567696E205772697461
:10DE0000652066696C652E2E2E0D0A0057726974A6
:10DE1000652064617461206C656E3A25640D0A00AA
:10DE2000B00300205772697465204572726F723AB0
:10DE300025640D0A0000000057726974656420644F
:10DE4000617461206C656E3A25640D0A0000000063
:10DE500057726974652064617461206F7665722EF3
:10DE60000D0A000080C0012060C001200D0A20447E
:10DE7000495220696E666F3A0D0A00006469722E7D
:10DE800069643A25640D0A006469722E696E6465DE
:10DE9000783A25640D0A00006469722E73636C750C
:10DEA00073743A25640D0A006469722E636C75738D
:10DEB000743A25640D0A00006469722E73656374F8
:10DEC0003A25640D0A00000046696C65204E616DBC
:10DED000652069733A25730D0A00000046696C6578
:10DEE0002053697A652069733A25640D0A000000A1
:10DEF00046696C6520646174612069733A25640D1C
:10DF00000A00000046696C652074696D65206973BC
:10DF10003A25640D0A00000046696C65204174745E
:10DF2000722069733A25640D0A00000025732F00E2
:10DF300025730D0A000000000D0AB4C5C5CCD7DC5E
:10DF4000C8DDC1BF3A2564204B420D0ABFC9D3C307
:10DF5000BFD5BCE43A2564204B420D0A0000000006
:10DF60000D0AB4C5C5CCD7DCC8DDC1BF3A256420D5
:10DF70004D420D0ABFC9D3C3BFD5BCE43A256420C6
:10DF80004D420D0A000000000D0AB4C5C5CC257332
:10DF900020B5C4C5CCB7FBCEAA3A25730D0A000044
:10DFA000B4C5C5CC257320B5C4D0F2C1D0BAC53A2A
:10DFB00025580D0A0D0A00000D0ABBF1C8A1CAA719
:10DFC000B0DCA3ACB4EDCEF3C2EB3A25580D0A0099
:10DFD0000D0AB4C5C5CCC5CCB7FBC9E8D6C3B3C917
:10DFE000B9A63A25730D0A000D0AB4C5C5CCC5CC37
:10DFF000B7FBC9E8D6C3CAA7B0DCA3ACB4EDCEF377
:10E00000C2EB3A25580D0A0029460BA000F00AFD84
:10E0100000BF70BD10B504460E4801682046FFF7EA
:10E020004EFAC0B210BD10B504460A480168204639
:10E03000FFF765FAC0B210BD0D0A5468652053742D
:10E0400072696E67205265616465642049733A2580
:10E05000730D0A00A40300202DE9F84F04468846FA
:10E060004FF0000B802C01DAA1463BE0B8F1000F25
:10E0700005D02948D0F805004FEA500B01E04FF0D9
:10E08000000B2548D0F805004FEA500A0120C0EBEC
:10E090009A0A002710261CE0AAEB070007EB5005A0
:10E0A0001D48D0F8010000EB850000EB0B010422B5
:10E0B0006846F6F72EF9BDF80000A04200D10AE04C
:10E0C000BDF80000A04201DA2F4600E0AA46701E0B
:10E0D00086B2002EE0D100BF16B1BDF8020000E00C
:10E0E000002081464846BDE8F88F0246002100E046
:10E0F000491C0A4830F8110020B1084830F81100D6
:10E100009042F5D1054830F8110018B1044830F8B4
:10E11000110070471046FCE7A4C00120A60C0108BE
:10E12000860E01082DE9F0432DED028B83B00746E2
:10E13000884614461E46DDED0C8AFF25F8EE680A77
:10E1400000EE106AB8EE400A80EE801AB0EE418A06
:10E150009FEDFE0A28EE000AB0EE408A00EE105A4B
:10E16000B8EE400AB4EE480AF1EE10FA1ED0F8A05C
:10E1700004EB440909EBD97107EB6101CDE90040DB
:10E1800088B24FF4A073F0224146F5F7E8FEBCEEEA
:10E19000C80A10EE100AC5B2642D00DD6425032301
:10E1A0002A46414638460094F5F730FE002003B079
:10E1B000BDEC028BBDE8F0832DE9FF4F83B08146B3
:10E1C0009846DDF840A000200290002783464FF4D7
:10E1D0000A71FAF7ECFF04460CB94FF0010B4FF44B
:10E1E00080510020FAF7E3FF06460EB94FF0010B0D
:10E1F000012241462046FDF7B9FC05460DB14FF01E
:10E20000020BBBF1000F78D1BAF1000F09D0BAF1BF
:10E21000010F12D0BAF1020F21D0BAF1030F42D18F
:10E220002FE0CC48CC49C1F80100E068C1F80500F6
:10E230000846D0F80100029035E0C748D0F8010048
:10E24000C549D1F805100844C349C1F80900E06880
:10E25000C1F80D000846D0F80900029023E0BE483E
:10E26000D0F80900BC49D1F80D100844BA49C1F8EA
:10E270001100E068C1F815000846D0F811000290BE
:10E2800011E0B548D0F81100B349D1F81510084491
:10E29000B149C1F81900E068C1F81D000846D0F87E
:10E2A0001900029000BF00BF21E001AB4FF4805283
:10E2B00031462046FDF71AFD054605B119E00298E2
:10E2C00039184FF480523046F6F7BFF8BDF8040015
:10E2D00007440097E3684846DDE90412FFF722FF90
:10E2E000BDF80400B0F5805F01D002E005E0002D2C
:10E2F000DBD000BF2046FDF72BFF21460020FAF7B8
:10E3000046FF31460020FAF742FF284607B0BDE835
:10E31000F08F2DE9FF4F83B0064615460024A04636
:10E32000FF24FF208C49087064210020FAF73FFF8A
:10E3300082464FF480510020FAF739FF83464FF4AC
:10E340000A710020FAF733FF0290BBF1000F04D0EE
:10E35000BAF1000F01D0029878B900200299FAF7BB
:10E3600016FF51460020FAF712FF59460020FAF72F
:10E370000EFF052007B0BDE8F08F5046069900F06B
:10E38000D9FC76480168504600F017FD012251463D
:10E390000298FDF7EBFB04460CB148F0100850461C
:10E3A000069900F0C7FC6E480168504600F005FD74
:10E3B000012251460298FDF7D9FB04460CB148F002
:10E3C00020085046069900F0B5FC664801685046A2
:10E3D00000F0F3FC012251460298FDF7C7FB04460A
:10E3E0000CB148F040085046069900F0A3FC5E4886
:10E3F0000168504600F0E1FC012251460298FDF709
:10E40000B5FB04460CB148F0800800200299FAF7E9
:10E41000BEFEB8F1000F6FD154A04FF4A073F022EC
:10E42000CDE9005030460499F5F799FD002730E01A
:10E4300005EB85018900CDE9007101EBD17106EB97
:10E44000610188B240F217332A460499FFF76AFE49
:10E4500007F5406001034FF480525846F5F759FF25
:10E460004FF0000908E05BF82900401C00B106E00D
:10E4700009F101001FFA80F9B9F5806FF3DB00BFE5
:10E48000B9F5806F03D007F54060F5F7BBFF781C46
:10E4900087B240F217308742CADB59460020FAF7AC
:10E4A00076FE37A04FF4A073F022CDE9005030463D
:10E4B0000499F5F754FD5046069900F03BFC2748B7
:10E4C0000168504600F079FC002005EB85018900C9
:10E4D000CDE9000101EBD17106EB610188B2534631
:10E4E0002A460499FFF768FE044634B151460020DD
:10E4F000FAF74DFE01203DE7BBE026A04FF4A073E4
:10E50000F022CDE9005030460499F5F728FD504639
:10E51000069900F00FFC12480168504600F04DFCCF
:10E52000012005EB85018900CDE9000101EBD171E6
:10E5300006EB610188B253462A460499FFF73CFE78
:10E54000044614B15146002030E033E00000C842D8
:10E55000250000002100C000A4C0012074100108A3
:10E56000701001086C100108681001084572617391
:10E57000696E6720736563746F72732E2E2E200090
:10E580005570646174696E6720554E4947424B2E41
:10E5900042494E005570646174696E672047424B72
:10E5A00031322E42494E202000000000FAF7EFFDE4
:10E5B0000220DFE644A04FF4A073F022CDE9005022
:10E5C00030460499F5F7CBFC5046069900F0B2FBB3
:10E5D00043480168504600F0F0FB022005EB85013E
:10E5E0008900CDE9000101EBD17106EB610188B230
:10E5F00053462A460499FFF7DFFD04462CB15146E5
:10E600000020FAF7C4FD0320B4E636A04FF4A0734F
:10E61000F022CDE9005030460499F5F7A0FC5046B1
:10E62000069900F087FB35480168504600F0C5FBAD
:10E63000032005EB85018900CDE9000101EBD171D3
:10E6400006EB610188B253462A460499FFF7B4FDF0
:10E6500004462CB151460020FAF799FD042089E6C2
:10E66000AA202749087021224FF440012448F5F7D9
:10E67000ECFE51460020FAF78AFD59460020FAF7D1
:10E6800086FD404676E610B50024F5F7D5FD0FE08F
:10E69000601CC4B221224FF440011948F5F739FE3D
:10E6A00017480078AA2800D104E01420F7F778FE74
:10E6B0000A2CEDDB00BF12480078AA2801D0012007
:10E6C00010BD0020FCE700005570646174696E673E
:10E6D0002047424B31362E42494E20200000000098
:10E6E0006C1001085570646174696E672047424B75
:10E6F00032342E42494E20200000000068100108EC
:10E70000A4C001202DE9F05F82460F461446204642
:10E71000E21704EB5272D2102146E31704EB537355
:10E72000DB10A4EBC3030BB1012300E000231A4468
:10E73000624302F0FF099AF800600AF10100824684
:10E740000578812E05DB402D03DBFF2D01D0FF2E48
:10E750000DD14FF0000B06E0002007F8010B0BF184
:10E76000010000F0FF0BCB45F6DBBDE8F09F7F2DED
:10E7700003DAA5F14000C5B202E0A5F14100C5B23F
:10E78000A6F18100C6B2BE2010FB065000FB09F8BE
:10E790000C2C04D0102C0CD0182C1ED113E08A485D
:10E7A000D0F8090000EB08014A463846F5F7B1FDFC
:10E7B00013E08548D0F8110000EB08014A463846BE
:10E7C000F5F7A7FD09E08048D0F8190000EB080133
:10E7D0004A463846F5F79DFD00BF00BF00BFC4E7BD
:10E7E0002DE9FF4F93B007460D461C46AA4620462A
:10E7F000E21704EB5272D2102146E31704EB537375
:10E80000DB10A4EBC3030BB1012300E000231A4487
:10E81000624302F0FF0B0C2C06D0102C04D0182CF5
:10E8200002D017B0BDE8F08F224601A91598FFF776
:10E8300069FF00262FE001A810F806804FF00009BC
:10E8400023E008F0800030B160480288294638464D
:10E85000F2F7F6FA07E0209828B95D4802882946C1
:10E860003846F2F7EDFA4FEA48604FEA1068681C44
:10E8700085B2A5EB0A00A04203D15546781C87B2A9
:10E8800006E009F1010000F0FF09B9F1080FD8DB3B
:10E8900000BF701CC6B25E45CDDB00BFC1E72DE9ED
:10E8A000FE4F07460E4691469A46DDE90D4B0C9DFC
:10E8B000B8460296002001904BE0019870BB287882
:10E8C000802802DD0120019043E004EBD47108EBC5
:10E8D0000902A2EB6101B94202DA301986B2474659
:10E8E00002985044001BB04200DA35E028780D2829
:10E8F00004D1301986B247466D1C07E0CDF800B050
:10E900002A78234631463846F5F7E7F96D1C20464C
:10E9100004EBD07107EB61018FB21AE00020019087
:10E9200008EB0900001BB84202DA301986B24746EC
:10E9300002985044001BB04200DA0DE023462A46FC
:10E9400031463846CDF800B0FFF74AFFAD1C381904
:10E9500087B228780028B0D100BFBDE8FE8F2DE92E
:10E96000FE430746894615461C46DDF828800026EA
:10E97000284600F003FA86B2204604EBD071491015
:10E9800071438EB246450BDD0120CDE90054029063
:10E9900010484388028849463846FFF780FF11E057
:10E9A000A8EB060000EBD071C1F34F060120094926
:10E9B000CDE9005402904B880A88F11988B2494683
:10E9C000FFF76DFFBDE8FE83A4C001201400002006
:10E9D00016000020B8030020704710B54C1084EAE0
:10E9E000530404D54042C1F1000138BF491E1B4207
:10E9F00004D55242C3F1000338BF5B1E00F072FA27
:10EA000014F0804F04D04042C1F1000138BF491ECC
:10EA100014F0004F04D05242C3F1000338BF5B1E14
:10EA200010BD00000FB4044910B503AA029800F00D
:10EA30003FFB10BC5DF814FB3000002070B50446AD
:10EA400085690068C10601D5302600E02026C00790
:10EA500007D070BDD4E9012130469047206A401CA0
:10EA600020626D1EF6D570BD70B5044685690078CC
:10EA7000C00707D170BDD4E9012120209047206A4A
:10EA8000401C20626D1EF6D570BD70B50C46054663
:10EA9000012A05D02878800600D5EA69002302E023
:10EAA000012305E05B1C934202D2E05C0028F9D10F
:10EAB000A869E618C01AA861286A1844286228467E
:10EAC000FFF7BCFF04E0D5E9012114F8010B9047E2
:10EAD000B442F8D32846FFF7C7FF70BD2DE9F041D7
:10EAE0000646002410687529314616A510D0AFF3EC
:10EAF0000080002802DA404213A507E031688A0747
:10EB000001D512A502E0490704D511A5012401E0B1
:10EB1000AFF3008000210A2206F1240709E0B0FBD0
:10EB2000F2FCB0FBF2F302FB1C00303078541846C4
:10EB3000491C0028F3D123462A463046BDE8F0415F
:10EB400000F047BA000000002D0000002B0000007C
:10EB50002000000070B504460D4621461068AFF352
:10EB600000802188090502D50F4A7A4402E00E4A46
:10EB70007A440E32002104F1240305E000F00F0670
:10EB80000009965D5E54491C0028F7D120780023C7
:10EB9000000704D5702D02D009B10223113220469E
:10EBA000BDE8704000F015BA0A2500002DE9F05FBD
:10EBB000894604464FF0000ADFF874B1FB44C0F800
:10EBC00020A02046E1688847002874D0252806D078
:10EBD000D4E901219047206A401C2062F1E7002619
:10EBE0005F462046E16888472028054607DB312D2F
:10EBF00005D2781910F8200C08B10643F1E7B007E8
:10EC000001D526F00406C4F81CA00027C4F818A0FB
:10EC10002A2D09D0284600F0DDFA38B304EB870826
:10EC2000303DC8F8185019E059F8041B204604EB91
:10EC300087029161E1688847012F054618D1E06994
:10EC4000002820DA26F020061DE0D8F8180000EB96
:10EC5000800005EB40003038C8F818002046E16815
:10EC60008847054600F0B6FA0028EED1012F0AD0F9
:10EC70002E2D08D12046E16888477F1C0546022FCB
:10EC800046F02006C4DBA069002803DA404246F0C3
:10EC90000106A061F00701D026F010066C2D0BD004
:10ECA000682D09D04C2D39D06A2D35D0742D35D032
:10ECB0007A2D33D016E038E0E1682F4620468847A9
:10ECC000B842054609D16C2F26D04FF48060E16828
:10ECD000064320468847054604E06C2F1AD04FF4BF
:10ECE000807006430DB3A5F14100192802D82035E4
:10ECF00046F400664A462946204626604E46F1F70D
:10ED00009DFA80B101280BD0F61D26F0070000F116
:10ED1000080956E74020E4E78020D8E70020D6E73E
:10ED200006F104094DE7284652E7206ABDE8F09F46
:10ED3000E024000040EA0103024630B59B0710D1F1
:10ED40004FF0013400E008C208C91D1B9D4315EABD
:10ED5000C41FF8D013F0FF0102F8011B0DD01B0AED
:10ED6000F8E711F8013B002B02F8013B05D011F840
:10ED7000013B002B02F8013BF3D130BD10B5431C21
:10ED800002E010F8011B71B18107FAD14FF0013296
:10ED900002C88C1A8C4314EAC211F9D0C01A0A06B0
:10EDA00003D0C01E10BDC01A10BD0A0401D0801EC1
:10EDB00010BD0902FCD0401E10BD421E12F8013FDA
:10EDC000002BFBD111F8013B002B02F8013BF9D1DC
:10EDD0007047032A40F2308010F0030C00F01580D9
:10EDE00011F8013BBCF1020F624498BF11F801CB4E
:10EDF00000F8013B38BF11F8013BA2F1040298BFB3
:10EE000000F801CB38BF00F8013B11F0030300F01C
:10EE10006181083AC0F0088051F8043B083A51F883
:10EE200004CBA0E80810F5E7121D5CBF51F8043BC5
:10EE300040F8043BAFF30080D20724BF11F8013B38
:10EE400011F801CB48BF11F8012B24BF00F8013B9A
:10EE500000F801CB48BF00F8012B70474FF0013C90
:10EE600050F8042B51F8043B9A4221D1A2EB0C0339
:10EE7000934313EACC1317D150F8042B51F8043BF9
:10EE80009A4215D1A2EB0C03934313EACC130BD196
:10EE900050F8042B51F8043B9A4209D1A2EB0C0321
:10EEA000934313EACC13DBD04FF00000704700BF50
:10EEB000D01A01BAB1FA81F101F0180122FA01F079
:10EEC000CB40C1F12001DBB2C0B2C01A2CFA01F371
:10EED000D11A914311EAC311E6D1704770477047C8
:10EEE0007047704753EA020C00F069802DE9F04B3F
:10EEF0004FF00006002B1FBFB3FA83F503FA05F4A9
:10EF000024FA05F65E4012BF1643B2FA82F502FA01
:10EF100005F4C5F120051EBF22FA05FC44EA0C04E5
:10EF2000203556EA044C4FEA144418BF641C4FF0D5
:10EF300000084FF00009904271EB030C39D300290F
:10EF400019BFB1FA81F701FA07F6B0FA80F700FAB3
:10EF500007F6C7F120071EBF20FA07FC46EA0C0699
:10EF60002037B6FBF4FCA7EB0507103F07F01F0B9B
:10EF7000CBF120060CFA0BFB2CFA06F644BFB34685
:10EF80000026202FA4BF5E464FF0000B5BEA060C64
:10EF900008BF4FF0010B19EB0B09ABFB027C48EBF0
:10EFA0000608C01B06FB02CC0BFB03CC71EB0C016B
:10EFB000C1E70B46024641464846BDE8F08B13B513
:10EFC0004FF000004FF00001AFF30080BDE81C409F
:10EFD00070472DE9F0470D4699469246044600F1E8
:10EFE00024080168880604D5E06921F01001216039
:10EFF00000E00120A84201DD471B00E00027A169D5
:10F000007A1902EB0900081AA0612078C00602D420
:10F010002046FFF713FD002608E0D4E901211AF885
:10F0200006009047206A401C761C20624E45F4DBA7
:10F030002078C0060AD52046FFF700FD06E0D4E997
:10F04000012130209047206A401C2062381EA7F121
:10F050000107F4DC07E0D4E9012118F80500904726
:10F06000206A401C2062281EA5F10105F3DC204621
:10F07000FFF7FAFC2078000602D50220BDE8F087F1
:10F080000120FBE710B5436913B1AFF3008001E045
:10F09000FFF7FBFC012010BD127800F124010A707B
:10F0A00000224A700122EDE711684FF0FF32E9E7D4
:10F0B000074B70B50D467B4400F043F804462846E4
:10F0C00000F052F810B14FF0FF3070BD204670BD17
:10F0D0002B73FFFF10B5203AC0F00B80B1E8185039
:10F0E000203AA0E81850B1E81850A0E81850BFF432
:10F0F000F5AF5FEA027C24BFB1E81850A0E81850D1
:10F1000044BF18C918C0BDE810405FEA827C24BF24
:10F1100051F8043B40F8043B08BF7047D20728BFB2
:10F1200031F8023B48BF11F8012B28BF20F8023B01
:10F1300048BF00F8012B704701694A1C026108783A
:10F14000704700B58FB0CDE9013100210591054927
:10F150007944CDE9031011466846FFF727FD0FB04B
:10F1600000BD0000E5FFFFFF007B00F0800070475E
:10F17000754600F02BF8AE4605006946534620F070
:10F180000700854618B020B5F7F7DCF9BDE8204048
:10F190004FF000064FF000074FF000084FF0000B53
:10F1A00021F00701AC46ACE8C009ACE8C009ACE806
:10F1B000C009ACE8C0098D46704710B50446AFF3EE
:10F1C00000802046BDE81040F1F758B8004870476D
:10F1D000C8C0012030380A2801D201207047002021
:10F1E000704700004FEA1153A3F58063D3F11E036B
:10F1F000A8BFD3F1200C08DB4FF0004242EAC12245
:10F2000052EA505232FA03F0704709420BD4102BE5
:10F21000C4BF0020704703F5787CBCF1FF3F05D0E8
:10F220004FF0FF3070474FF00000704770B500F0AE
:10F23000C3F800BF4992248000207047F0E7B0FA7D
:10F2400080F310FA03F10AD0C3F11D0303F58063C4
:10F250004FEA41504FEA035202EBD12170474FF081
:10F2600000007047DFF848C170B51CEA111E1EBFD0
:10F270001CEA13159EEA0C0F95EA0C0F00F06F8044
:10F2800081EA030423EA4C134EEAD47E21EA4C11AE
:10F2900041F4801143F48013AE44A1FB024CA0FB67
:10F2A0000365AEF17F7E361955EB0C05A1FB034CCF
:10F2B0004CF10003A0FB021C16EB0C06654153F158
:10F2C0000003094218BF46F0010613F4007F0BD17A
:10F2D0004FEA03314FEA0530340341EA155140EA61
:10F2E00016506FF003020AE04FEAC3214FEAC5202F
:10F2F000F40241EA555140EA56506FF0020202EB27
:10F300002E4201EB025585EACE710AD05FEA440C29
:10F3100018BF24F0004450F1000041F1000120EA40
:10F32000D47040F2FE7C624500D270BDA84214BF8A
:10F330004FF080444FF04044002E08BF0024BEF13F
:10F34000806FA8BFA1F1C041BDE8704080F282800B
:10F350004FF0000001F1C04101F0004170479EEA0A
:10F360000C0F0CEA131518BF95EA0C0F06D04FF0DE
:10F37000000081EA030E0EF0004170BD00F01CF8A1
:10F380008900013E00F007B800F009B84FEA430CCD
:10F390005FEA5C5C08D081EA030100F05BB84FEAE9
:10F3A000410C5FEA5C5CF6D14FF000000149704708
:10F3B0000000FF070000F87F0EF1020E2EF0030E92
:10F3C0005EF8046B364205D4012A43EB030515F5BC
:10F3D000001F12D8012841EB010C1CF5001F0CD8AE
:10F3E0000ED14FEAD17C15F5001F0CEB4C0C0CF143
:10F3F000020C08BF4CEBD37C04E04FF0080C01E09A
:10F400004FEAD37C0CEB4C0526FA05F606F007060E
:10F41000B6F1040C06D20EEB860CBDE870404CF041
:10F42000010C6047DFE80CF0090B02024FF00041CD
:10F430004FF00000A1F5002170BD194610460128CB
:10F4400051EB010418BFD4F5001484BF002001F073
:10F45000004170BD0808A0F500114FEA3101704766
:10F460004FF04070E1EE100A70470000000000000D
:10F47000000000000000000000003F40000000000D
:10F480000000000030004000300040000000090093
:10F490000BC03D000BC03D00090018C024407FE0B8
:10F4A000224031800000180024C01B000D80324033
:10F4B000018003801C4027401C8007400040100052
:10F4C00060000000000000000000000000000000DC
:10F4D0001F80204040200000402020401F8000006E
:10F4E0000000090006001F8006000900000004005B
:10F4F00004003F80040004000000001000600000D1
:10F5000000000000000004000400040004000400E7
:10F51000000000000040000000000000000000208B
:10F5200001C006003800400000001F80204020403D
:10F5300020401F800000000010403FC0004000003D
:10F54000000018C0214022402440184000001080D4
:10F550002040244024401B80000002000D001100C8
:10F560003FC0014000003C802440244024402380D0
:10F5700000001F80244024403440038000003000FD
:10F58000200027C03800200000001B8024402440B9
:10F5900024401B8000001C0022C0224022401F800B
:10F5A0000000000000000840000000000000000013
:10F5B00000000460000000000000000004000A00D9
:10F5C00011002080404009000900090009000900DD
:10F5D000000000004040208011000A0004001800D4
:10F5E000200023402400180000001F8020402740F6
:10F5F00029401F400000004007C039000F0001C033
:10F60000004020403FC0244024401B8000001F8059
:10F610002040204020403080000020403FC020405B
:10F6200020401F80000020403FC024402E4030C0BA
:10F63000000020403FC024402E00300000000F009A
:10F640001080204022403380020020403FC0040050
:10F6500004003FC02040204020403FC020402040C8
:10F6600000000060202020203FC02000200020401B
:10F670003FC024400B0030C0204020403FC020400D
:10F680000040004000C03FC03C0003C03C003FC001
:10F69000000020403FC00C4023003FC020001F80DE
:10F6A0002040204020401F80000020403FC02440D8
:10F6B0002400180000001F802140214020E01FA0EE
:10F6C000000020403FC02440260019C0004018C060
:10F6D00024402440224031800000300020403FC0C0
:10F6E00020403000000020003F80004000403F806C
:10F6F000200020003E0001C0070038002000380034
:10F7000007C03C0007C038000000204039C0060098
:10F7100039C0204000002000384007C03840200099
:10F720000000304021C02640384020C000000000CA
:10F7300000007FE0402040200000000070000C002E
:10F740000380004000000000402040207FE00000D7
:10F750000000000020004000200000000000001019
:10F760000010001000100010001000000000400009
:10F77000000000000000000002800540054003C0BA
:10F78000004020003FC0044004400380000000000F
:10F790000380044004400640000000000380044051
:10F7A00024403FC000400000038005400540034066
:10F7B0000000000004401FC024402440200000003E
:10F7C00002E0055005500650042020403FC0044090
:10F7D000040003C000400000044027C000400000B7
:10F7E000000000100010041027E00000000020407E
:10F7F0003FC00140070004C00440204020403FC0FB
:10F8000000400040000007C0040007C0040003C01F
:10F810000000044007C00440040003C00040000092
:10F8200003800440044003800000041007F00450EB
:10F83000044003800000000003800440045007F0EF
:10F840000010044007C00240040004000000000053
:10F8500006400540054004C00000000004001F8071
:10F86000044000400000040007800040044007C03E
:10F8700000400400070004C00180060004000600E8
:10F8800001C0070001C006000000044006C00100DE
:10F8900006C0044000000410071004E001800600C8
:10F8A00004000000044005C00640044000000000C1
:10F8B000000004007BE04020000000000000000089
:10F8C000FFF000000000000040207BE0040000008A
:10F8D00000004000800040002000200040000000A8
:10F8E0000000000000000000000000000000000018
:10F8F000000000001FCC000C000000000000000011
:10F9000008003000600008003000600000000220A5
:10F9100003FC1E20022003FC1E2002200000000029
:10F920000E1811043FFF10840C78000000000F0037
:10F9300010840F3800C00778188400780000007821
:10F940000F8410C411240E9800E4008400080800FD
:10F9500068007000000000000000000000000000CF
:10F960000000000007E0181820044002000000001A
:10F9700040022004181807E00000000000000240C8
:10F98000024001800FF00180024002400000008030
:10F99000008000800FF800800080008000000001DF
:10F9A000000D000E0000000000000000000000003C
:10F9B00000800080008000800080008000800000C7
:10F9C000000C000C0000000000000000000000001F
:10F9D00000060018006001800600180020000000EA
:10F9E00007F0080810041004080807F000000000E1
:10F9F000080408041FFC00040004000000000000CC
:10FA00000E0C10141024104411840E0C0000000081
:10FA10000C1810041104110412880C70000000006E
:10FA200000E00320042408241FFC00240000000040
:10FA30001F98108411041104108810700000000039
:10FA400007F00888110411041888007000000000F5
:10FA50001C00100010FC13001C001000000000002F
:10FA60000E3811441084108411440E380000000038
:10FA70000700088C10441044088807F000000000BC
:10FA800000000000030C030C000000000000000058
:10FA9000000000010106000000000000000000005E
:10FAA0000080014002200410080810040000022019
:10FAB000022002200220022002200220000000007A
:10FAC000100408080410022001400080000000001B
:10FAD0000E001200100C106C10800F00000003E0EC
:10FAE0000C1813E4142417C4082807D000000004DD
:10FAF000003C03C41C40074000E4001C0004100448
:10FB00001FFC1104110411040E880070000003E0B2
:10FB10000C1810041004100410081C10000010042D
:10FB20001FFC100410041004080807F00000100463
:10FB30001FFC1104110417C410040818000010045D
:10FB40001FFC1104110017C010000800000003E0A2
:10FB50000C181004100410441C780040000010041D
:10FB60001FFC10840080008010841FFC1004000023
:10FB7000100410041FFC1004100400000000000317
:10FB80000001100110011FFE100010000000100401
:10FB90001FFC110403801464181C100400001004DE
:10FBA0001FFC1004000400040004000C00001004FA
:10FBB0001FFC1F0000FC1F001FFC100400001004AD
:10FBC0001FFC0C04030000E010181FFC100007F0DD
:10FBD0000808100410041004080807F000001004BE
:10FBE0001FFC10841080108010800F00000007F0B0
:10FBF000081810241024101C080A07F20000100432
:10FC00001FFC1104110011C011300E0C0004000083
:10FC10000E1C11041084108410441C3800001800BD
:10FC2000100010041FFC1004100018000000100049
:10FC30001FF810040004000410041FF81000100046
:10FC40001E0011E0001C007013801C0010001FC07B
:10FC5000103C00E01F0000E0103C1FC0000010043A
:10FC6000180C163401C001C01634180C1004100012
:10FC70001C00130400FC13041C0010000000080406
:10FC8000101C1064108413041C04101800000000E1
:10FC9000000000007FFE4002400240020000000021
:10FCA00030000C0003800060001C00030000000016
:10FCB0004002400240027FFE000000000000000001
:10FCC0000000200040004000400020000000000133
:10FCD000000100010001000100010001000100001D
:10FCE0004000400020000000000000000000000074
:10FCF0000098012401440144014400FC0004100068
:10FD00001FFC00880104010400880070000000004E
:10FD10000070008801040104010400880000000054
:10FD2000007000880104010411081FFC0004000099
:10FD300000F8014401440144014400C800000000EF
:10FD4000010401040FFC110411041100180000004B
:10FD500000D601290129012901C90106000010046A
:10FD60001FFC008401000100010400FC00040000ED
:10FD70000104190419FC0004000400000000000044
:10FD8000000300010101190119FE00000000100428
:10FD90001FFC0024004001B4010C0104000000001D
:10FDA000100410041FFC0004000400000000010403
:10FDB00001FC0104010001FC0104010000FC01043C
:10FDC00001FC008401000100010400FC00040000AB
:10FDD00000F8010401040104010400F8000001011D
:10FDE00001FF00850104010400880070000000008C
:10FDF0000070008801040104010501FF00010104F5
:10FE0000010401FC008401040100018000000000E5
:10FE100000CC0124012401240124019800000000E9
:10FE20000100010007F801040104000000000100C6
:10FE300001F8000400040004010801FC00040100B2
:10FE400001800170000C001001600180010001F0D0
:10FE5000010C003001C00030010C01F00100000075
:10FE60000104018C00740170018C01040000010187
:10FE700001810171000E0018016001800100000085
:10FE80000184010C013401440184010C00000000D4
:10FE900000000000000001003EFC400240020000A3
:10FEA000000000000000FFFF000000000000000054
:10FEB000400240023EFC0100000000000000000083
:10FEC0006000800080004000400020002000000012
:10FED0000000000000000000000000000000000022
:10FEE0000000000000000000000000000000000012
:10FEF0000000000000000000000000000000000002
:10FF0000000F80380FFE380F80380000000000001E
:10FF100000000000000000000000000001000006DA
:10FF200000000C00003800003100000600000C004A
:10FF30000038000030000000000000000000618078
:10FF40000067F807F980006180006180006180002F
:10FF500061800067F807F980006180000000000000
:10FF60000000000001C0E003E0F0063008041808BB
:10FF70001FFFFE040E080787F00381E00000000069
:10FF8000000001F000060C00040408060C7001F9E2
:10FF9000C0000E00003BE000EC18070808040C1835
:10FFA0000003E00000000001E00007F003F818047F
:10FFB0001C0804170807E1D003C0E00023B0003C90
:10FFC00008002008000010000000000000010000F0
:10FFD0003100003200001C000000000000000000A2
:10FFE0000000000000000000000000000000000011
:10FFF00000000000000000000000000000007F0082
:020000040801F1
:1000000001FFC00780F00C0018100004200002005F
:1000100000000000002000021000040C00180780FF
:10002000F001FFC0007F00000000000000000000A1
:100030000000000000000000000042000066000018
:100040006600003C0000180003FFC0001800003CE0
:10005000000066000066000042000000000008008A
:1000600000080000080000080000080001FFC000B0
:100070000800000800000800000800000800000058
:100080000000000100003100003200001C000000F0
:100090000000000000000000000000000000000060
:1000A0000000000000000800000800000800000830
:1000B0000000080000080000080000080000080018
:1000C00000080000000000000000000000003800F0
:1000D00000380000380000000000000000000000B0
:1000E000000000000000000000000000000000060A
:1000F00000001C000070000180000E0000380000AD
:10010000C0000700001C00003000000000000000DC
:1001100000007F8001FFE0038070060018040008E3
:1001200004000806001803807001FFE0007F8000D3
:1001300000000000000000000100080100080100AC
:100140000803FFF807FFF800000800000800000897
:1001500000000000000000000001C03802C0580488
:100160000098040118040218040418061C1803F867
:100170001801E0F800000000000000000001C0E0ED
:1001800003C0F0040008040808040808061808035F
:10019000F41801E7F00001E000000000000000009A
:1001A00000000300000D0000110000610000810844
:1001B00003010807FFF80FFFF8000108000108001D
:1001C00000000000000000E007FCD0060808061050
:1001D00008061008061008061838060FF00607C0B3
:1001E000000000000000000000003F8001FFE0036D
:1001F00084300208180410080410080410080718B6
:1002000010030FF00007C000000000000000000015
:1002100003C0000700000600000600F80607F80605
:10022000180006E0000700000600000000000000C3
:100230000001E1E003F7F006341004180804180880
:10024000040C08040C0806161803F3F001C1E000C2
:10025000000000000000F80003FC30030638040230
:10026000080402080402080404100308F001FFC097
:10027000007F0000000000000000000000000000FF
:100280000000000000007038007038007038000076
:10029000000000000000000000000000000000005E
:1002A00000000000000000000000301A00301C00B8
:1002B000000000000000000000000000000000003E
:1002C00000000000000800001400002200004100AF
:1002D0000080800100400200200400100800080097
:1002E000000000000000210000210000210000218A
:1002F0000000210000210000210000210000210059
:1003000000210000000000000000000008000804B8
:100310000010020020010040008080004100002207
:100320000000140000080000000000000003C000EE
:1003300004C000040000080038080F380808380816
:1003400010000C300007E00003C0000000000000B7
:1003500000003F8000FFE0038070020F10067088ED
:1003600004C088048308047F8802C0900301200031
:10037000FE400000080000180001F8003E0801C21D
:100380000007020007E20000FE00001FC80001F89D
:1003900000003800000804000807FFF807FFF80411
:1003A000080804080804080804080806180803F4E4
:1003B0001801E7F00001E0000000000000003F80AD
:1003C00001FFE00380700200180400080400080424
:1003D00000080400100600200780C0000000040090
:1003E0000807FFF807FFF8040008040008040008E5
:1003F00004001802001003807001FFE0007F8000FD
:10040000000004000807FFF807FFF80408080408C4
:1004100008040808040808043E0804000806001838
:1004200001006000000004000807FFF807FFF8045F
:100430000808040800040800040800043E00060040
:1004400000060000018000000000000000003F8066
:1004500001FFE0038070060018040008040208048D
:1004600002080203F00783F000020000020004000B
:100470000807FFF807FFF804080800080000080054
:1004800000080000080004080807FFF807FFF80448
:100490000008000000000000040008040008040038
:1004A0000807FFF807FFF804000804000804000824
:1004B000000000000000000000000006000007002F
:1004C000000104000104000104000307FFFE07FF10
:1004D000FC04000004000004000004000807FFF80A
:1004E00007FFF8040C08001800003E0004C7800550
:1004F00003C80600F80400380400180000080400CF
:100500000807FFF807FFF8040008000008000008CB
:10051000000008000008000008000018000060004B
:10052000000004000807FFF807800807FC00007FB0
:10053000C00003F80007C000780007800807FFF834
:1005400007FFF804000804000807FFF80700080385
:10055000C00000E000003800001E0000070000019D
:10056000C00400F007FFF8040000000000007F80D6
:1005700001FFE0038070060018040008040008066C
:10058000001803003001FFE0007F8000000004003D
:100590000807FFF807FFF804040804040004040037
:1005A000040400040400060C0003F80001F000003D
:1005B0000000000000007F8001FFE0038070060063
:1005C000880400880400C806003C03003E01FFE6E2
:1005D000007F8400000004000807FFF807FFF8040C
:1005E0000808040800040C00040F00040BC00610E7
:1005F000F003F03801E00800000800000001E0F816
:1006000003F030063010041808041808040C08041D
:100610000C080206180207F00781E00000000180C4
:100620000006000004000004000004000807FFF8B2
:1006300007FFF804000804000004000006000001A1
:10064000800004000007FFE007FFF004001800002E
:10065000080000080000080000080000080400105E
:1006600007FFE004000004000006000007E00007A8
:10067000FE00041FE00001F80000380001E0043E25
:100680000007C00006000004000004000007E000AE
:1006900007FFC0041FF80007C007F80007FF800429
:1006A0003FF80007C004F800070000040000000045
:1006B0000004000806001807C07805F1C8003E00D5
:1006C000001F800463E80780F80600180400080093
:1006D000000004000006000007800007E008047C1A
:1006E00008001FF80007F800180804E008070000D9
:1006F00006000004000000000001000806003804A5
:1007000000F80403E8040F08047C0805F00807C09B
:10071000080700180400600000000000000000004E
:100720000000000000000000003FFFFE200002204B
:100730000002200002200002200002000000000051
:100740000000000008000007000000C000003800A2
:100750000006000001C000003000000E0000010093
:100760000000000000000000200002200002200025
:10077000022000022000023FFFFE000000000000F7
:100780000000000000000000000000000000000861
:1007900000001000003000002000003000001000B9
:1007A000000800000000000000000000010000013F
:1007B0000000010000010000010000010000010034
:1007C0000001000001000001000001000001000024
:1007D00000000000000000200000200000100000C9
:1007E00010000000000000000000000000000000F9
:1007F00000000000000000F00019F8001B180022A3
:1008000008002608002408002410003FF8001FF804
:1008100000000800001800000004000007FFF80FA7
:10082000FFF0001818001008002008002008003011
:1008300018001FF0000FC00000000000000007C0FB
:10084000001FF000183000200800200800200800D9
:100850003C08001C100000600000000000000000C8
:10086000000007C0001FF000381800200800200812
:1008700000200804101007FFF80FFFF00000100020
:1008800000000000000000000007C0001FF0001280
:1008900030002218002208002208003208001E1032
:1008A000000E2000000000000000200000200800D2
:1008B000200801FFF803FFF80620080420080420A0
:1008C0000807200003000000000000000000000EE8
:1008D000000E6E001FF30031B10020B10020B10006
:1008E0003191001F13002E1E00200E00300000006A
:1008F0000004000807FFF80FFFF8001008002000B0
:10090000002000002008003FF8001FF80000080049
:100910000000000000000000002008002008002067
:1009200008063FF8063FF80000080000080000082D
:1009300000000000000000000000000000000300B4
:100940000003002001002001002003063FFE063FB7
:10095000FC0000000000000000000000000400088F
:1009600007FFF80FFFF8000188000300002FC00008
:1009700038F80020380020080000080000000000BF
:100980000000000004000804000804000807FFF845
:100990000FFFF80000080000080000080000000039
:1009A0000000002008003FF8003FF8001008002079
:1009B00000003FF8003FF8001008002000003FF85A
:1009C000003FF8000008000000002008003FF80089
:1009D0003FF8001008001000002000002008003F31
:1009E000F8001FF80000080000000000000007C029
:1009F000000FF00018300030080020080020080028
:100A00003008001830000FF00007C00000000000A0
:100A100000002001003FFF003FFF001011002009EF
:100A2000002008002008003038001FF0000FC00030
:100A300000000000000007C0001FF0003818002070
:100A400008002008002009001011001FFF003FFFD0
:100A5000000001000000002008002008002008001D
:100A60003FF8003FF80008080010080020080020A8
:100A70000000300000300000000000000000000016
:100A8000000C78001E18003308002308002108001D
:100A900021880021980030F000386000000000003C
:100AA0000000200000200000200000FFF003FFF8FD
:100AB000002008002008002008000030000000008E
:100AC0000000000000002000003FF0007FF8000060
:100AD00018000008000008002010003FF8007FF018
:100AE00000001000000000000000200000300000A6
:100AF0003C00003F800023F00000780000700023DD
:100B000080003C00003000002000002000003C007D
:100B1000003FE00023F80000E0002700003E000056
:100B20003FE00021F80001E0003E0000200000004E
:100B300000002008002008003838003E68002780A8
:100B40000003C8002CF800383800201800200800E6
:100B50000000000000002000003003003C01003FC6
:100B6000830023EC000070002380003C0000200084
:100B70000020000000000000000000000038080015
:100B800020380020F80023E8002F88003E080038B5
:100B900008002018000070000000000000000000A5
:100BA0000000000000000000000008000014001F0A
:100BB000F7FC3000062000020000000000000000EA
:100BC0000000000000000000000000000000000025
:100BD000FFFFFF0000000000000000000000000018
:100BE00000000000000000002000023000061FF797
:100BF000FC001400000800000000000000000000DD
:100C0000000000000000000000180000600000402C
:100C10000000400000200000100000080000040058
:100C2000000400000C000010000000000F00000095
:100C30000F000000FF0000000F0000000F00000088
:100C40000F00000000000000800C00000078000091
:100C500080070000200000002000000020000000AD
:100C60000090010000000F0000F0000001030507E4
:100C7000090E10121416181C1E00000400020001B8
:100C80008000400020001000080004000200000066
:100C900000800040002000100008004000200010EC
:100CA0000008000400026100620063006400650047
:100CB00066006700680069006A006B006C006D00E8
:100CC0006E006F0070007100720073007400750098
:100CD00076007700780079007A00A100A200A300D6
:100CE000A500AC00AF00E000E100E200E300E4009A
:100CF000E500E600E700E800E900EA00EB00EC00B0
:100D0000ED00EE00EF00F000F100F200F300F4005F
:100D1000F500F600F800F900FA00FB00FC00FD0009
:100D2000FE00FF00010103010501070109010B019C
:100D30000D010F01110113011501170119011B010B
:100D40001D011F01210123012501270129012B017B
:100D50002D012F0131013301350137013A013C01E9
:100D60003E01400142014401460148014B014D0151
:100D70004F01510153015501570159015B015D01BB
:100D80005F01610163016501670169016B016D012B
:100D90006F0171017301750177017A017C017E0198
:100DA0009201B103B203B303B403B503B603B703AF
:100DB000B803B903BA03BB03BC03BD03BE03BF033F
:100DC000C003C103C303C403C503C603C703C803E9
:100DD000C903CA0330043104320433043404350433
:100DE00036043704380439043A043B043C043D0417
:100DF0003E043F04400441044204430444044504C7
:100E000046044704480449044A044B044C044D0476
:100E10004E044F0451045204530454045504560420
:100E20005704580459045A045B045C045E045F04CC
:100E3000702171217221732174217521762177210E
:100E4000782179217A217B217C217D217E217F21BE
:100E500041FF42FF43FF44FF45FF46FF47FF48FF76
:100E600049FF4AFF4BFF4CFF4DFF4EFF4FFF50FF26
:100E700051FF52FF53FF54FF55FF56FF57FF58FFD6
:100E800059FF5AFF00004100420043004400450062
:100E900046004700480049004A004B004C004D0006
:100EA0004E004F00500051005200530054005500B6
:100EB00056005700580059005A002100E0FFE1FF9A
:100EC000E5FFE2FFE3FFC000C100C200C300C400B1
:100ED000C500C600C700C800C900CA00CB00CC00CE
:100EE000CD00CE00CF00D000D100D200D300D4007E
:100EF000D500D600D800D900DA00DB00DC00DD0028
:100F0000DE007801000102010401060108010A0166
:100F10000C010E01100112011401160118011A0131
:100F20001C011E01200122012401260128012A01A1
:100F30002C012E01300132013401360139013B010F
:100F40003D013F0141014301450147014A014C0177
:100F50004E01500152015401560158015A015C01E1
:100F60005E01600162016401660168016A016C0151
:100F70006E01700172017401760179017B017D01BE
:100F800091019103920393039403950396039703AE
:100F9000980399039A039B039C039D039E039F035D
:100FA000A003A103A303A403A503A603A703A80307
:100FB000A903AA0310041104120413041404150451
:100FC00016041704180419041A041B041C041D0435
:100FD0001E041F04200421042204230424042504E5
:100FE00026042704280429042A042B042C042D0495
:100FF0002E042F040104020403040404050406045F
:101000000704080409040A040B040C040E040F046A
:1010100060216121622163216421652166216721AC
:10102000682169216A216B216C216D216E216F215C
:1010300021FF22FF23FF24FF25FF26FF27FF28FF94
:1010400029FF2AFF2BFF2CFF2DFF2EFF2FFF30FF44
:1010500031FF32FF33FF34FF35FF36FF37FF38FFF4
:1010600039FF3AFF0000000028140108401401086D
:1010700010140108F8130108303132333435363793
:1010800038394142434445464030580030313233CC
:1010900034353637383961626364656640307800CC
:1010A0000400000800000000000000020001000031
:1010B000100000003F0000006465630069640000E8
:1010C00072756E74696D650068656C700000000073
:1010D0006C69737400000000686578007538206DD5
:1010E000665F7075746328753820632900000000FE
:1010F0007538206D665F707574732875382A63299A
:10110000000000007538206D665F636C6F736528A2
:10111000766F696429000000753332206D665F7355
:10112000697A6528766F696429000000753332207A
:101130006D665F74656C6C28766F696429000000C9
:10114000766F6964205732355158585F4572617324
:10115000655F4368697028766F6964290000000044
:101160007538206D665F7265616464697228766F98
:10117000696429007538206D665F636C6F73656400
:10118000697228766F696429000000007538206D47
:10119000665F6F70656E2875382A706174682C758B
:1011A00038206D6F646529007538206D665F756E37
:1011B0006C696E6B287538202A706E616D65290028
:1011C0007538206D665F6D6B6469722875382A709A
:1011D0006E616D65290000007538206D665F72656F
:1011E0006E616D65287538202A6F6C646E616D655F
:1011F0002C75382A206E65776E616D6529000000B8
:10120000766F6964206D665F676574732875313623
:101210002073697A652900007538206D665F7363F5
:10122000616E5F66696C6573287538202A2070616D
:10123000746829007538206D665F6F70656E64692B
:10124000722875382A20706174682900766F696485
:10125000206D665F6765746C6162656C2875382007
:101260002A70617468290000766F6964206D665F7A
:101270007365746C6162656C287538202A706174BE
:1012800068290000766F69642077726974655F6110
:101290006464722875333220616464722C75333251
:1012A0002076616C290000007538206D665F7265DC
:1012B000616428753136206C656E29007538206DA3
:1012C000665F77726974652875382A6461742C7555
:1012D0003136206C656E2900753332207265616489
:1012E0005F6164647228753332206164647229001E
:1012F000766F69642064656C61795F6D7328753100
:1013000036206E6D73290000766F69642064656C09
:1013100061795F757328753332206E75732900000B
:101320007538206D665F6C7365656B287533322088
:101330006F666673657429007538206D665F6D6F22
:10134000756E742875382A20706174682C75382081
:101350006D7429007538206D665F666D6B66732845
:1013600075382A20706174682C7538206D6F64653B
:101370002C7531362061752900000000753332204C
:101380006D665F73686F7766726565287538202AA9
:1013900064727629000000004D503100334732005E
:1013A0004D5032004D5033004D5034004D3441000B
:1013B000574D4100464C414300000000414343006B
:1013C0004C524300430000004D4944004749460049
:1013D0004A504547000000004F4747004A50470029
:1013E0004800000033475000424D50004E45530026
:1013F00054585400574156002F53595354454D2FBC
:10140000464F4E542F554E4947424B2E42494E00AF
:101410002F53595354454D2F464F4E542F47424B4F
:1014200031322E464F4E00002F53595354454D2F05
:10143000464F4E542F47424B32342E464F4E0000FB
:101440002F53595354454D2F464F4E542F47424B1F
:1014500031362E464F4E000078140108000000205F
:10146000B8030000C4010008DC150108B80300201F
:1014700070C301002002000811847A030A200901C8
:101480000203040607080914FFFF017B17EF180188
:1014900015292E8932132B901B0861041360173213
:1014A0002032681D1060A7010C130F6812F0421063
:1014B0001EB4100108C8041AD0041ABC041AD804B7
:1014C0001AB8041AC00413CB9D1F08D8120108D102
:1014D000081A840813A1631B08F0081A11081708DA
:1014E000130108FF441008084011010891D91B0896
:1014F00038101AA5081A8C101ABD081A04081ACB3D
:10150000081AA83013ABDA1B08BC081AEF081A3403
:10151000081AFD081A74201B07DB9C19081AD30847
:101520001A1818134BDC1B087C481AA3081A200849
:101530001AB3081A2C201ABB081A18081AC3081A5A
:10154000C0081ACF081A54201AE3081AA8101AEF74
:10155000081AD8081AFF081A4C481339DD1B086806
:10156000081A5B081119081315E01B08DCD01A27AC
:10157000081AF0082288142021991B0845041AEF44
:10158000041A53E0221B02DD01E25005300C140165
:10159000080B30C013340A31EC341AF0341AC40486
:1015A0000A29E03C1A982C1AA0041AA4041AA804C8
:1015B0001AAC041AE4041A9C041AD8041ABC041ABB
:1015C000B0041AF4041AC8041AB4041AE8041ADCA1
:0C15D000041AD0040A31CCA8011000005D
:040000050800018965
:00000001FF
