:020000040800F2
:10000000C0C50120AD7900086D0C00086F0C000818
:10001000730C0008770C00087B0C0008000000003F
:100020000000000000000000000000007F0C00083D
:10003000810C000800000000830C0008850C0008FB
:10004000C7790008C7790008C7790008C779000890
:10005000C7790008C7790008C7790008C779000880
:10006000C7790008C7790008C7790008C779000870
:10007000C7790008C7790008C7790008C779000860
:10008000C7790008C7790008C7790008C779000850
:10009000C7790008C7790008C7790008C779000840
:1000A000C7790008C7790008C7790008C779000830
:1000B000C779000825770008ADAE0008C7790008A9
:1000C000C7790008C7790008C7790008C779000810
:1000D000C779000823790008C7790008C7790008A4
:1000E000C7790008C7790008C7790008C7790008F0
:1000F000C7790008C7790008C7790008C7790008E0
:10010000C7790008B5690008C7790008C7790008F1
:10011000C7790008C7790008C7790008C7790008BF
:10012000C7790008536C0008C7790008C779000830
:10013000C7790008C7790008C7790008C77900089F
:10014000C7790008C7790008C7790008C77900088F
:10015000C7790008C7790008C7790008C77900087F
:10016000C7790008C7790008C7790008C77900086F
:10017000C7790008C7790008756B0008C7790008BF
:10018000C7790008C779000800F002F800F06DF8A0
:100190000AA090E8000C82448344AAF10107DA45E2
:1001A00001D100F062F8AFF2090EBAE80F0013F0C7
:1001B000010F18BFFB1A43F001031847D454010084
:1001C000F45401000A444FF0000C10F8013B13F006
:1001D000070408BF10F8014B1D1108BF10F8015BA0
:1001E000641E05D010F8016B641E01F8016BF9D193
:1001F00013F0080F1EBF10F8014BAD1C0C1B09D1EA
:100200006D1E58BF01F801CBFAD505E014F8016B5B
:1002100001F8016B6D1EF9D59142D6D370470000ED
:100220000023002400250026103A28BF78C1FBD8FF
:10023000520728BF30C148BF0B607047642912F0D5
:100240003382752912F03082782912F0698263298D
:1002500012F02585732912F02A85002070471FB5FA
:1002600012F0EAFE1FBD10B510BD12F06DFD114673
:10027000FFF7F5FF00F09CF912F08BFD03B4FFF7D8
:10028000F2FF03BC07F0EEFA30BF72B6704762B6F9
:10029000704780F30888704770B5FE4800780028E2
:1002A00052D0FD48007800283BD10021FB4809F0DE
:1002B000EFFF00BFF9480AF038F80028FAD1F748F4
:1002C0000AF009F8C0F5A05085B2F5480068F54974
:1002D000096800EB8106F148006800F4002060B175
:1002E000002407E0F048006850F8240046F8240095
:1002F000601C84B2AC42F5DB0BE0002407E0EB4865
:10030000006850F8240046F82400601C84B2AC4217
:10031000F5DBE44800682844E24908600120DE4932
:100320000870DD480078022817D14FF4A051DB484F
:1003300009F0CFFF0121D94809F0AAFF0020D649D2
:100340000870D849086008E00021084600F00EFE59
:1003500000F0EFFD0120D649087070BDD04A126848
:10036000D04B1B6802EB8301CC4A126802F40022D6
:100370009AB1002007E0CD4A126852F8202041F8D7
:100380002020421C90B2B0F5A05FF4DBC54A126891
:1003900002F5A052C34B1A6012E0002007E0C24AE7
:1003A000126852F8202041F82020421C90B2B0F58B
:1003B000A05FF4DBBB4A126802F5A052B94B1A6089
:1003C000704710B50020BB4908600D220821BA48CB
:1003D00007F071FF0D220921B74807F06CFF0D22CD
:1003E0000B21B54807F067FF10BD10B50120B149DA
:1003F00008600C220821B04807F05DFF0C2209219B
:10040000AD4807F058FF0C220B21AB4807F053FF13
:1004100010BD2DE9F04106460F46002517E02FB923
:100420002A46A6A1304612F0DBF804E02A46A8A12D
:10043000304612F0D5F801223146AA4800680CF087
:10044000BAFE0446042C00D105E0681C85B24FF6C4
:10045000FF708542E3DB00BFBDE8F0812DE9FC4180
:1004600007464FF000084FF40A7100200AF0A7F980
:10047000064616B9FF20BDE8FC81012085490870B9
:10048000FFF79FFFAFF22B10974908604FF4806091
:1004900003014FF4A052009083480168834800682C
:1004A00006F081FB06F05AFD4FF496634FF4C862E4
:1004B0000021084606F04AFF4FF496614FF4C860E9
:1004C00006F000FF06F05FFC00BF734800780128CB
:1004D000FBD102207049087000BF6F4800780128E6
:1004E000FBD102206C49087000BF6B4800780128DE
:1004F000FBD106F057FC002066490870FFF775FF36
:100500000622394630460CF056FE8046B8F1000F00
:1005100035D164480068810074A012F055F8604835
:100520000568002409E0285DFF2804D1601C285CD0
:10053000D82800D106E0601C84B25A480068B4EBA9
:10054000800FF0D300BF57480068B4EB800F02D192
:100550004FF0FD0813E0254452480068C4EB8002C8
:1005600001AB294630460CF0C6FF80464D48006876
:10057000C4EB80000199884201D04FF0FE080020B2
:100580004849086030460DF003F9FFF71AFF06F0FE
:1005900006FD00204FF40053012201460090584808
:1005A00006F001FB314600200AF0F9F8404662E708
:1005B00088B04FF0010B01274FF4A06007F016FA46
:1005C000A82007F0CDF84FF4E13007F058F900F01B
:1005D00063FC4C4841685420884742F2CF0142F204
:1005E0000F7007F073F801F0E8F804F049F804F030
:1005F00027F803F0A3FF04F06BFA00200AF01DF8BF
:1006000001200AF01AF802200AF017F80EF010FC88
:100610003D49012208683DA10CF0A2FD4FF478404D
:100620003B49088018E03BA010210B46C822CDE9C9
:10063000001032211E2003F042FFC82007F0F2F81C
:100640004FF6FF704223F022322100901E2003F06B
:10065000DBFCC82007F0E6F80EF0CDFF0028E2D161
:1006600010212FA20B46CDE900210290C822322191
:100670001E200FF0CCF8002010212FA20B46CDE950
:1006800000210290C82246211E200FF0C0F8002051
:10069000102157E0010000200800002028640240DB
:1006A0001400002004000020100000200C00002096
:1006B00000000020A402434200080240303A5048A3
:1006C0004F544F2F504943253035642E626D7000D2
:1006D000303A50484F544F2F504943253035642EFF
:1006E0006A706700CC010020480000206A706567CE
:1006F00020646174612073697A653A25640D0A008B
:100700008000006CD0000020ACBE0120303A000018
:100710002C000020466F6E74204572726F722100AB
:100720004578706C6F7265722053544D3332463485
:10073000BFAAB7A2B0E50000D5D5CFE0BBFACAB5D5
:10074000D1E90000FEA20B46CDE900210290C822AB
:100750005A211E200FF05BF800201021FDA20B464D
:10076000CDE900210290C8226E211E200FF04FF823
:1007700000201021FCA20B46CDE900210290C822E6
:1007800082211E200FF043F800201021FCA20B460E
:10079000CDE900210290C82296211E200FF037F8E3
:1007A000FBA00DF03EFB0546082D1DD0E5B1002055
:1007B0001021FAA20B46CDE900210290F0229621E9
:1007C0001E200FF024F8C82007F02CF8002010217C
:1007D000F5A20B46CDE900210290F022AA211E20AD
:1007E0000FF015F84FF0000B4FF4A041002009F076
:1007F000E6FFF24908604FF4A041002009F0DFFF56
:10080000EF4908604FF49621012009F0D8FFED4927
:1008100008601E21002009F0D2FF06461AE00020E1
:100820001021E9A20B46CDE900210290F022BE2161
:100830001E200EF0ECFFC82006F0F4FF4FF6FF700C
:100840009223F022BE2100901E2003F0DDFBC82081
:1008500006F0E8FF002EE2D0D84800680028DED07D
:10086000D74800680028DAD0D64800680028D6D0DB
:100870001AE000201021D8A20B46CDE900210290F9
:10088000F022BE211E200EF0C2FFC82006F0CAFFD3
:100890004FF6FF70CE23EF22BE2100901E2003F002
:1008A000B3FBC82006F0BEFF06F0E6FA0028E0D150
:1008B0001021CDA20B46CDE900210290C822BE2115
:1008C0001E200EF0A4FF4FF4FA6006F0ABFF06F016
:1008D00066FB06F0CDF900204FF4005301220146DB
:1008E0000090C44806F05FF9C34A5188108806F0AA
:1008F000E9FC06F048FAB6E1002003F03DFE0446AC
:10090000002C72D006F04EFA042C56D10FB90120FB
:1009100000E0002007467FBBB748808845F21051B1
:10092000884203D10221D32006F084FEDFF8C8C23A
:10093000BCF802C0CCF5966909EBD97CCCF34F0129
:10094000DFF8B4C2BCF800C0CCF5C86A0AEBDA7CA8
:10095000CCF34F00DFF8A0C2BCF80230BCF8002096
:1009600006F0F4FCA44A5188108806F0ABFCA3A161
:1009700004A811F035FE11E0FFE74FF496634FF441
:10098000C8620021084606F0E1FC9B4A51881088A5
:1009900006F098FC9DA104A811F022FE04A81021E5
:1009A0000B46D222CDE9001032211E2003F087FD34
:1009B0004FF4487006F036FFA6E0BBF1000F7CD084
:1009C000FFF713FD012C11D100213046FFF721FD67
:1009D000002189484088CDE90001874803880A46FC
:1009E00030460FF0E7FA05463AE098E0022C37D19E
:1009F00001213046FFF70DFD3046FFF72FFD05467C
:100A00000FBBDFF8F4C1BCF802C0CCF5966909EB66
:100A1000D97CCCF34F01DFF8E0C1BCF800C0CCF5C5
:100A2000C86A0AEBDA7CCCF34F00DFF8CCC1BCF823
:100A30000230BCF8002006F089FC6F4A518810880B
:100A400006F040FC07E04FF496634FF4C8620021C3
:100A5000084606F07BFC684A5188108806F032FC94
:100A6000FFF7AFFC65B1002010216AA20B46CDE96B
:100A700000210290F02282211E200EF0C8FE43E0E9
:100A80000020102167A20B46CDE900210290F02240
:100A900082211E200EF0BBFE0020102164A20B4616
:100AA000CDE900210290F02296211E200EF0AFFE2B
:100AB000002010210B46F02200E00DE0CDE900619E
:100AC0000290962148200EF0A2FE01205A490860AB
:100AD000642006F0A7FE17E0002010212FA20B468D
:100AE000CDE900210290F02282211E200EF08FFE1F
:100AF0000020102151A20B46CDE900210290F022E6
:100B000096211E200EF083FE00204B490860042C25
:100B100003D04FF4E16006F085FE06F034F94B484F
:100B2000007828B10A2006F07DFE002047490870B1
:100B300008F1010000F0FF08B8F1140F88E0000090
:100B40004B4559303AC5C4D5D528626D70B8F1CA45
:100B5000BD2900004B4559313AC5C4D5D5286A7026
:100B600067B8F1CABD290000574B5F55503A46752A
:100B70006C6C53697A652F5363616C6500000000EB
:100B800032303134C4EA35D4C23136C8D500000021
:100B9000303A2F50484F544F000000005344BFA834
:100BA000B4EDCEF321000000C5C4D5D5B9A6C4DC90
:100BB000BDABB2BBBFC9D3C3210000000C000020F5
:100BC0001000002014000020C4DAB4E6B7D6C5E453
:100BD000CAA7B0DC210000004F563236343020B4B2
:100BE000EDCEF321000000004F563236343020D5D0
:100BF000FDB3A3008000006CEC01002046756C6C16
:100C00002053697A6520313A310000005363616CEA
:100C100065000000D0B4C8EBCEC4BCFEB4EDCEF38A
:100C200021000000C5C4D5D5B3C9B9A62100000074
:100C3000B1A3B4E6CEAA3A00A0824242C5C4D5D53B
:100C4000B9A6C4DCB2BBBFC9D3C3210000000020D9
:100C500009D14FF000080448006808B9012000E0FD
:100C600000200149086047E6A4824242704700BF65
:100C7000FEE700BFFEE700BFFEE700BFFEE77047EC
:100C800070477047704700000CB50020019000903D
:100C90007648006840F480307449086000BF7348AB
:100CA000006800F4003000900198401C019000980A
:100CB00018B90198B0F5A04FF1D16C48006800F464
:100CC000003010B10120009001E000200090009859
:100CD000012846D165484030006840F080506349A3
:100CE000403108606248006840F440406049086054
:100CF0005E48083000685D490831086008460068B1
:100D000040F4004008600846006840F4A0500860C5
:100D10005848091F0860081F006840F08070091FCC
:100D2000086000BF5148006800F000700028F9D04A
:100D300040F20570504908604C480830006820F0C7
:100D400003004A49083108600846006840F0020084
:100D5000086000BF45480830006800F00C00082813
:100D6000F8D10CBD10B54548006840F47000434907
:100D700008603E48006840F001003C4908600020DF
:100D80003A4908310860394800683D490840374908
:100D900008603C48091D0860081F006820F4802096
:100DA000091F0860002031490C310860FFF76CFF13
:100DB0004FF0006031498039086010BD70B50020E7
:100DC0000022022300240221284D08352D6805F059
:100DD0000C0020B1042806D0082834D107E02A4DA1
:100DE0002A4E356033E02A4D284E35602FE01F4DE6
:100DF0002D1D2D68C5F380541C4D2D1D2D6805F04B
:100E00003F0154B1224DB5FBF1F5184E361D366841
:100E1000C6F3881605FB06F209E01B4DB5FBF1F59C
:100E2000124E361D3668C6F3881605FB06F20F4DC6
:100E30002D1D2D68C5F301456D1C6B00B2FBF3F54C
:100E4000124E356003E0104D104E356000BF00BFFC
:100E5000064D08352D68C5F303150E4E705D0B4D1C
:100E60002D68C540094E356070BD00000038024055
:100E70000070004008544007003C024088ED00E04C
:100E8000FFFFF6FE103000240024F40018000020BC
:100E900000127A001C0000201CB50121202007F060
:100EA0001DFC4FF4C060009001208DF8040000206C
:100EB0008DF8060003208DF8050001208DF807004D
:100EC0006946044807F06CF94FF4C061014807F027
:100ED000E3F91CBD0014024001B5BDF8000000900C
:100EE000BDF80000FE49088008BD01B5BDF800004E
:100EF0000090BDF80000FA49891C088008BD08B5BB
:100F0000F748801C00880090BDF8000008BDF44A36
:100F100010804FF0D842A2F88010704710B50446F8
:100F20002046FFF7D9FF052006F034FCFFF7E7FF66
:100F300010BDEC480089EA4908807047E849891CDF
:100F40000880704730B5014601F01F04C1F3451316
:100F5000CA0AE50205EB43151544A8B230BD00BF2F
:100F6000011EA0F10102D0B2FAD1704710B50246BD
:100F70000C46DC48808841F66311884247D1D94845
:100F80008079A8B9D7480088401E801A82B2D54916
:100F90004889FFF7A1FF0020FFF7A7FF0020FFF718
:100FA000A4FF1012FFF7A1FFD0B2FFF79EFF16E0DB
:100FB000CC494889FFF790FF1012FFF796FFD0B297
:100FC000FFF793FFC7490988491EC1F30F20FFF7B8
:100FD0008CFFC4490978491EC8B2FFF786FFC14992
:100FE0008889FFF779FF2012FFF77FFFE0B2FFF754
:100FF0007CFFBC494988491EC1F30F20FFF775FFEC
:10100000B8498978491EC8B2FFF76FFF3AE0B54882
:10101000808845F21051884220D1B2494889FFF7B3
:101020005BFF1012FFF761FFAE494989491C88B286
:10103000FFF752FFD0B2FFF758FFAA498889FFF7A0
:101040004BFF2012FFF751FFA6498989491C88B23E
:10105000FFF742FFE0B2FFF748FF13E0A1494889DC
:10106000FFF73AFF1012FFF740FFD0B2FFF73DFF46
:101070009C498889FFF730FF2012FFF736FFE0B266
:10108000FFF733FF10BD2DE9F04105460E46002461
:101090000027A04693480088A84203DD9148408875
:1010A000B04202DC0020BDE8F08131462846FFF75F
:1010B0005DFF8C48808845F21051884204D14FF47E
:1010C0003850FFF709FF02E02E20FFF705FFFFF77A
:1010D00016FF04468348808841F66311884201D197
:1010E0002046E0E7FFF70BFF0446FFF708FF8046C6
:1010F000E7B24FF6FF7000EA0727E012C002B9120C
:1011000040EA411040EAE820CDE700B57548808804
:1011100045F21051884204D14FF42450FFF7DCFE11
:1011200002E02920FFF7D8FE00BD00B56D48808899
:1011300045F21051884204D14FF42050FFF7CCFE05
:1011400002E02820FFF7C8FE00BDF0B505460024E8
:10115000002764488079012805D16248808841F6DB
:101160006311884208D15F488079F0B95D48808872
:1011700041F66311884218D1082D15D2DFE805F039
:101180000406080A0C0E101206250DE007250BE0D8
:10119000042509E0052507E0012505E0002503E019
:1011A000032501E0022500BF00BF082D1CD2DFE8A7
:1011B00005F00406090C0F12151800BF14E044F0E6
:1011C000800411E044F040040EE044F0C0040BE061
:1011D00044F0200408E044F0600405E044F0A0047A
:1011E00002E044F0E00400BF00BF3E48808845F2C2
:1011F0001051884202D14FF4585700E03627394841
:10120000808849F24131884205D03648808847F2CB
:101210008971884201D144F0080421463846FFF71D
:1012200076FE3048808841F6631188421DD004F074
:10123000200068B12B4800882A494988884214DA7E
:1012400028480688408827490880084646800CE0E0
:101250002448008823494988884206DD21480688B9
:10126000408820490880084646801E48808845F20C
:101270001051884257D11B494889FFF72DFE0020A5
:10128000FFF733FE17494989491C88B2FFF724FE4E
:101290000020FFF72AFE13494989891C88B2FFF70D
:1012A0001BFE10490988491EC1F30F20FFF71DFEE0
:1012B0000C494989C91C88B2FFF70EFE0949097813
:1012C000491EC8B2FFF711FE06498889FFF704FEE0
:1012D0000020FFF70AFE03498989491C88B203E010
:1012E0007E00006CEC010020FFF7F6FD0020FFF708
:1012F000FCFDFE498989891C88B2FFF7EDFDFB4999
:101300004988491EC1F30F20FFF7EFFDF74989898E
:10131000C91C88B2FFF7E0FDF4498978491EC8B2BC
:10132000FFF7E3FD2DE0F1494889FFF7D5FD0020E7
:10133000FFF7DBFD0020FFF7D8FDEC490988491EC7
:10134000C1F30F20FFF7D1FDE8490978491EC8B263
:10135000FFF7CBFDE5498889FFF7BEFD0020FFF7C9
:10136000C4FD0020FFF7C1FDE0494988491EC1F3D3
:101370000F20FFF7BAFDDD498978491EC8B2FFF793
:10138000B4FDF0BD30B504460D4629462046FFF7B2
:10139000EDFDFFF7CEFDD6480088D649088030BD68
:1013A00030B504460D46D148808845F21051884238
:1013B00020D1CE494889FFF78FFD2012FFF795FD18
:1013C000CA494989491C88B2FFF786FDE0B2FFF798
:1013D0008CFDC6498889FFF77FFD2812FFF785FD40
:1013E000C2498989491C88B2FFF776FDE8B2FFF748
:1013F0007CFD42E0BD48808841F66311884228D1D7
:10140000BA48807920B9B9480088401E001B84B2D0
:10141000B6494889FFF760FD2012FFF766FDE0B28C
:10142000FFF763FD2012FFF760FDE0B2FFF75DFDFF
:10143000AE498889FFF750FD2812FFF756FDE8B244
:10144000FFF753FD2812FFF750FDE8B2FFF74DFDFF
:1014500013E0A6494889FFF73FFD2012FFF745FD3D
:10146000E0B2FFF742FDA1498889FFF735FD281258
:10147000FFF73BFDE8B2FFF738FD9C4800899D4926
:10148000891E08804FF0D840A0F8802030BD70B58C
:101490002DED048B0446BE20FFF71EFD0520FFF74F
:1014A00024FD204611F0B7FC41EC190B9FED920B87
:1014B00053EC102B11F0C2FC41EC180B11F07EFC28
:1014C00085B22846FFF711FD0120FFF70EFDFF2032
:1014D000FFF70BFD0020FFF708FD0020FFF705FDDB
:1014E000BDEC048B70BD10B5044680488471002C9F
:1014F00045D1F0207D4908804FF4A070488008460F
:10150000808845F21051884210D14FF4305077490D
:1015100008814FF4285048814FF42C5088814FF4B3
:10152000F07008804FF4487048801AE06F48808857
:1015300041F6631188420DD12C206C4908812B2083
:1015400048812A2088814FF4F07008804FF4487059
:10155000488006E02C20654908812A2048812B20FC
:1015600088816248808845F2103188424CD14FF41E
:10157000A0705E4908804FF4F070488044E04FF45A
:10158000A0705A490880F02048800846808845F2BB
:101590001051884210D14FF43050544908814FF413
:1015A000285048814FF42C5088814FF448700880AF
:1015B0004FF4F07048801AE04C48808841F663117F
:1015C00088420DD12C20494908812A2048812B20AE
:1015D00088814FF4487008804FF4F070488006E02E
:1015E0002C20424908812A2048812B2088813F48AD
:1015F000808845F21031884206D14FF4F0703B49A3
:1016000008804FF4A07048800020FFF79EFD10BDB9
:101610002DE9F04104460D461E46A018401E87B233
:10162000A819401E1FFA80F83048808841F66311DF
:10163000884231D12D48807901282DD02B4800884F
:10164000801A001B84B2A819401E86B22749488917
:10165000FFF742FC2012FFF748FCE0B2FFF745FC21
:10166000A118491EC1F30F20FFF73FFCA118491E26
:10167000C8B2FFF73AFC1D498889FFF72DFC2812F4
:10168000FFF733FCE8B2FFF730FC3012FFF72DFC18
:10169000F0B2FFF72AFC79E01448808845F2105137
:1016A000884251D111494889FFF716FC2012FFF7F3
:1016B0001CFC0E494989491C88B2FFF70DFCE0B2B9
:1016C000FFF713FC09494989891C88B2FFF704FC1C
:1016D0003812FFF70AFC05494989C91C88B2FFF78F
:1016E000FBFBF8B2FFF701FC004909E0EC01002028
:1016F0002C0000208000006C66666666666604400A
:101700008889FFF7E9FB2812FFF7EFFBFD4989897C
:10171000491C88B2FFF7E0FBE8B2FFF7E6FBF949A6
:101720008989891C88B2FFF7D7FB4FEA2820FFF789
:10173000DCFBF4498989C91C88B2FFF7CDFB08F0AE
:10174000FF00FFF7D2FB21E0EE494889FFF7C4FB19
:101750002012FFF7CAFBE0B2FFF7C7FB3812FFF712
:10176000C4FBF8B2FFF7C1FBE6498889FFF7B4FB79
:101770002812FFF7BAFBE8B2FFF7B7FB4FEA2820C1
:10178000FFF7B3FB08F0FF00FFF7AFFBBDE8F08108
:1017900070B504460026DB48058840884543002193
:1017A0000846FFF7E3FBFFF7C4FB00BF02E0D648A3
:1017B0000480761CAE42FAD370BD00B5A1B0002003
:1017C000209001217A2006F089FF0121084606F0C9
:1017D000BDFF4FF400401E9001208DF87C000020DA
:1017E0008DF87E0002208DF87D0001208DF87F00AD
:1017F0001EA9C64806F0D4FC4CF233701E9002209D
:101800008DF87C0000208DF87E0003208DF87D008F
:1018100001208DF87F001EA9BD4806F0C1FC4FF6DF
:1018200080701E9002208DF87C0000208DF87E00D4
:1018300003208DF87D0001208DF87F001EA9B5489A
:1018400006F0AEFC4FF480501E9002208DF87C0014
:1018500000208DF87E0003208DF87D0001208DF89A
:101860007F001EA9AC4806F09BFC4FF480501E90F0
:1018700002208DF87C0000208DF87E0003208DF87A
:101880007D0001208DF87F001EA9A44806F088FC89
:101890000C2200219E4806F00EFD0C2201219C48DE
:1018A00006F009FD0C220421994806F004FD0C22E3
:1018B0000521974806F0FFFC0C220821944806F009
:1018C000FAFC0C220921924806F0F5FC0C220A21B0
:1018D0008F4806F0F0FC0C220E218D4806F0EBFC40
:1018E0000C220F218A4806F0E6FC0C2207218948C9
:1018F00006F0E1FC0C220821864806F0DCFC0C22F4
:101900000921844806F0D7FC0C220A21814806F000
:10191000D2FC0C220B217F4806F0CDFC0C22114694
:101920007C4806F0C8FC0C220D217A4806F0C3FC66
:101930000C220E21774806F0BEFC0C220F217548C0
:1019400006F0B9FC0C221146734806F0B4FC0C22D8
:101950001146724806F0AFFC0F2008900020099055
:101960003C200A9000200B900C900D900E900920C6
:101970000190002002900820039000200490059020
:101980000690079006200F900020109011901020D4
:1019900012900020139015901490169017904FF409
:1019A00080501890002019904FF480401A90002029
:1019B0001B9008A81C9001A81D900FA806F0A1F884
:1019C0000121062006F028F9322005F02BFFD32054
:1019D000FFF782FAFFF793FA4A498880FFF78FFAF8
:1019E00048498880FFF78BFA4649888008468088F6
:1019F0004FF6FF7101EA002042498880FFF77FFA25
:101A00004049898808433F4988800846808849F2D0
:101A10004131884275D00420FFF75EFAFFF76FFA74
:101A200038498880FFF76BFA36498880FFF767FAF4
:101A300034498880084680884FF6FF7101EA00200B
:101A400030498880FFF75BFA2E49898808432D4981
:101A500088800846808848F25251884203D147F274
:101A60008970284988802748808847F28971884290
:101A7000D0D0D420FFF730FAFFF741FA214988800F
:101A8000FFF73DFA1F498880FFF739FA1D49888022
:101A9000084680884FF6FF7101EA002019498880C6
:101AA000FFF72DFA174989880843164988800846A8
:101AB000808845F21031884279D055214FF470402A
:101AC000FFF725FAAA214FF20100FFF720FA522171
:101AD0004FF20200FFF71BFA08214FF20300FFF755
:101AE00016FA01214FF20400FFF711FA4FF44540B6
:101AF000FFF7F2F9FFF703FA024988800846808869
:101B00000EE054E0EC0100208000006C0004024074
:101B1000000C024000100240001402400018024075
:101B20004FF6FF7101EA0020FE4988804CF2015017
:101B3000FFF7D2F9FFF7E3F9FA4989880843F94931
:101B40008880052005F06EFEF6488088B0F5004FCD
:101B500003D145F21050F3498880F248808845F25D
:101B60001051884223D0A120FFF7B6F9FFF7C7F93B
:101B7000EC498880FFF7C3F9EA49888008468088E5
:101B80004FF6FF7101EA0020E6498880FFF7B7F9B8
:101B9000E44989880843E34988800846808845F2FB
:101BA0006171884203D141F66310DE498880DD48C7
:101BB000808849F24131884217D0DA48808847F25C
:101BC0008971884211D0D748808845F21031884207
:101BD0000BD0D448808845F21051884205D0D148B6
:101BE000808841F6631188422CD1CF48006820F0EC
:101BF0000F004FF02041C1F81C010846D0F81C012D
:101C000020F47060C1F81C010846D0F81C0140F0B7
:101C10000300C1F81C01C348808847F289718842DB
:101C200008D1C148006840F440704FF02041C1F82D
:101C30001C0107E0BC48006840F400704FF02041F0
:101C4000C1F81C01B7488188B8A010F0BDFCB548A8
:101C5000808849F2413188427ED1CF20FFF73CF99C
:101C60000020FFF742F9C120FFF73FF93020FFF7CE
:101C70003CF9ED20FFF730F96420FFF736F9032037
:101C8000FFF733F91220FFF730F98120FFF72DF924
:101C9000E820FFF721F98520FFF727F91020FFF74B
:101CA00024F97A20FFF721F9CB20FFF715F9392025
:101CB000FFF71BF92C20FFF718F90020FFF715F9A3
:101CC0003420FFF712F90220FFF70FF9F720FFF792
:101CD00003F92020FFF709F9EA20FFF7FDF80020BB
:101CE000FFF703F90020FFF700F9C020FFF7F4F831
:101CF0001B20FFF7FAF8C120FFF7EEF80120FFF7ED
:101D0000F4F8C520FFF7E8F83020FFF7EEF83020B0
:101D1000FFF7EBF8C720FFF7DFF8B720FFF7E5F88C
:101D20003620FFF7D9F84820FFF7DFF83A20FFF711
:101D3000D3F85520FFF7D9F8B120FFF7CDF80020F0
:101D4000FFF7D3F81A20FFF7D0F8B620FFF7C4F852
:101D50000A20FFF7CAF800E097E0A220FFF7C5F8D5
:101D6000F220FFF7B9F80020FFF7BFF82620FFF7B1
:101D7000B3F80120FFF7B9F8E020FFF7ADF80F2026
:101D8000FFF7B3F82A20FFF7B0F82820FFF7ADF8E7
:101D90000820FFF7AAF80E20FFF7A7F80820FFF7A2
:101DA000A4F85420FFF7A1F8A920FFF79EF84320DC
:101DB000FFF79BF80A20FFF798F80F20FFF795F838
:101DC0000020FFF792F80020FFF78FF80020FFF7C0
:101DD0008CF80020FFF789F8E120FFF77DF800205C
:101DE000FFF783F81520FFF780F81720FFF77DF83D
:101DF0000720FFF77AF81120FFF777F80620FFF7A2
:101E000074F82B20FFF771F85620FFF76EF83C208E
:101E1000FFF76BF80520FFF768F81020FFF765F86B
:101E20000F20FFF762F83F20FFF75FF83F20FFF732
:101E30005CF80F20FFF759F82B20FFF74DF8002032
:101E4000FFF753F80020FFF750F80120FFF74DF897
:101E50003F20FFF74AF82A20FFF73EF80020FFF75F
:101E600044F80020FFF741F80020FFF73EF8EF208C
:101E7000FFF73BF81120FFF72FF8782005F0D2FC90
:101E80002920FFF729F802F0B3B82648808847F2E6
:101E9000897188427DD11120FFF71EF8782005F066
:101EA000C1FC3620FFF718F80020FFF71EF83A2093
:101EB000FFF712F80520FFF718F8B220FFF70CF82B
:101EC0000C20FFF712F80C20FFF70FF80020FFF7A7
:101ED0000CF83320FFF709F83320FFF706F8B72096
:101EE000FEF7FAFF3520FFF700F8BB20FEF7F4FFFE
:101EF0003220FEF7FAFFC020FEF7EEFF0C20FEF7BF
:101F0000F4FFC220FEF7E8FF0120FEF7EEFFC3203A
:101F1000FEF7E2FF1020FEF7E8FFC420FEF7DCFF2B
:101F200020200BE0EC0100201C0100A0204C4344C9
:101F30002049443A25780D0A00000000FEF7D5FF3D
:101F4000C620FEF7C9FF0F20FEF7CFFFD020FEF717
:101F5000C3FFA420FEF7C9FFA120FEF7C6FFE020C3
:101F6000FEF7BAFFD020FEF7C0FF0020FEF7BDFF4E
:101F70000220FEF7BAFF0720FEF7B7FF0A20FEF7A0
:101F8000B4FF2820FEF7B1FF3220FEF7AEFF442059
:101F900000E062E0FEF7A9FF4220FEF7A6FF062060
:101FA000FEF7A3FF0E20FEF7A0FF1220FEF79DFF15
:101FB0001420FEF79AFF1720FEF797FFE120FEF7A7
:101FC0008BFFD020FEF791FF0020FEF78EFF02204E
:101FD000FEF78BFF0720FEF788FF0A20FEF785FF3C
:101FE0002820FEF782FF3120FEF77FFF5420FEF706
:101FF0007CFF4720FEF779FF0E20FEF776FF1C20BE
:10200000FEF773FF1720FEF770FF1B20FEF76DFF32
:102010001E20FEF76AFF2A20FEF75EFF0020FEF773
:1020200064FF0020FEF761FF0020FEF75EFFEF2057
:10203000FEF75BFF2B20FEF74FFF0020FEF755FF5A
:102040000020FEF752FF0120FEF74FFF3F20FEF772
:102050004CFF2920FEF740FF15E7FE48808845F237
:102060001031884240F07C87ED20FEF735FF0120DB
:10207000FEF73BFFFE20FEF738FFEE20FEF72CFFB9
:10208000DE20FEF732FF2120FEF72FFFF120FEF7C2
:1020900023FF0120FEF729FFDF20FEF71DFF1020A0
:1020A000FEF723FFC420FEF717FF8F20FEF71DFF6A
:1020B000C620FEF711FF0020FEF717FFE220FEF713
:1020C00014FFE220FEF711FFE220FEF70EFFBF2013
:1020D000FEF702FFAA20FEF708FFB020FEF7FCFE85
:1020E0000D20FEF702FF0020FEF7FFFE0D20FEF799
:1020F000FCFE0020FEF7F9FE1120FEF7F6FE0020A0
:10210000FEF7F3FE1920FEF7F0FE0020FEF7EDFECD
:102110002120FEF7EAFE0020FEF7E7FE2D20FEF765
:10212000E4FE0020FEF7E1FE3D20FEF7DEFE00208B
:10213000FEF7DBFE5D20FEF7D8FE0020FEF7D5FEA1
:102140005D20FEF7D2FE0020FEF7CFFEB120FEF7A5
:10215000C3FE8020FEF7C9FE0020FEF7C6FE8B20DE
:10216000FEF7C3FE0020FEF7C0FE9620FEF7BDFE80
:102170000020FEF7BAFEB220FEF7AEFE0020FEF70A
:10218000B4FE0020FEF7B1FE0220FEF7AEFE0020F6
:10219000FEF7ABFE0320FEF7A8FE0020FEF7A5FE2B
:1021A000B320FEF799FE0020FEF79FFE0020FEF709
:1021B0009CFE0020FEF799FE0020FEF796FE002010
:1021C000FEF793FE0020FEF790FE0020FEF78DFE46
:1021D0000020FEF78AFE0020FEF787FE0020FEF7B3
:1021E00084FE0020FEF781FE0020FEF77EFE002028
:1021F000FEF77BFE0020FEF778FE0020FEF775FE5E
:102200000020FEF772FE0020FEF76FFE0020FEF7B2
:102210006CFE0020FEF769FE0020FEF766FE00203F
:10222000FEF763FE0020FEF760FE0020FEF75DFE75
:102230000020FEF75AFEB420FEF74EFE8B20FEF77C
:1022400054FE0020FEF751FE9620FEF74EFE0020C1
:10225000FEF74BFEA120FEF748FE0020FEF745FEEC
:10226000B520FEF739FE0220FEF73FFE0020FEF704
:102270003CFE0320FEF739FE0020FEF736FE042068
:10228000FEF733FE0020FEF730FEB620FEF724FEF8
:102290000020FEF72AFE0020FEF727FEB720FEF7FB
:1022A0001BFE0020FEF721FE0020FEF71EFE3F2051
:1022B000FEF71BFE0020FEF718FE5E20FEF715FE5F
:1022C0000020FEF712FE6420FEF70FFE0020FEF74E
:1022D0000CFE8C20FEF709FE0020FEF706FEAC2067
:1022E000FEF703FE0020FEF700FEDC20FEF7FDFDFA
:1022F0000020FEF7FAFD7020FEF7F7FD0020FEF744
:10230000F4FD9020FEF7F1FD0020FEF7EEFDEB203E
:10231000FEF7EBFD0020FEF7E8FDDC20FEF7E5FD13
:102320000020FEF7E2FDB820FEF7D6FD0020FEF704
:10233000DCFD0020FEF7D9FD0020FEF7D6FD0020D1
:10234000FEF7D3FD0020FEF7D0FD0020FEF7CDFD07
:102350000020FEF7CAFD0020FEF7C7FDBA20FEF7F9
:10236000BBFD2420FEF7C1FD0020FEF7BEFD0020CE
:10237000FEF7BBFD0020FEF7B8FDC120FEF7ACFD67
:102380002020FEF7B2FD0020FEF7AFFD5420FEF73F
:10239000ACFD0020FEF7A9FDFF20FEF7A6FD002002
:1023A000FEF7A3FDC220FEF797FD0A20FEF79DFD74
:1023B0000020FEF79AFD0420FEF797FD0020FEF7AF
:1023C00094FDC320FEF788FD3C20FEF78EFD002023
:1023D000FEF78BFD3A20FEF788FD0020FEF785FD15
:1023E0003920FEF782FD0020FEF77FFD3720FEF743
:1023F0007CFD0020FEF779FD3C20FEF776FD0020F5
:10240000FEF773FD3620FEF770FD0020FEF76DFD30
:102410003220FEF76AFD0020FEF767FD2F20FEF751
:1024200064FD0020FEF761FD2C20FEF75EFD00201C
:10243000FEF75BFD2920FEF758FD0020FEF755FD55
:102440002620FEF752FD0020FEF74FFD2420FEF768
:102450004CFD01E0EC0100200020FEF746FD2420A9
:10246000FEF743FD0020FEF740FD2320FEF73DFD73
:102470000020FEF73AFD3C20FEF737FD0020FEF776
:1024800034FD3620FEF731FD0020FEF72EFD322010
:10249000FEF72BFD0020FEF728FD2F20FEF725FD7F
:1024A0000020FEF722FD2C20FEF71FFD0020FEF786
:1024B0001CFD2920FEF719FD0020FEF716FD262041
:1024C000FEF713FD0020FEF710FD2420FEF70DFDA2
:1024D0000020FEF70AFD2420FEF707FD0020FEF78E
:1024E00004FD2320FEF701FD0020FEF7FEFCC420C2
:1024F000FEF7F2FC6220FEF7F8FC0020FEF7F5FC88
:102500000520FEF7F2FC0020FEF7EFFC8420FEF72A
:10251000ECFC0020FEF7E9FCF020FEF7E6FC0020D2
:10252000FEF7E3FC1820FEF7E0FC0020FEF7DDFCE0
:10253000A420FEF7DAFC0020FEF7D7FC1820FEF7F7
:10254000D4FC0020FEF7D1FC5020FEF7CEFC00208A
:10255000FEF7CBFC0C20FEF7C8FC0020FEF7C5FC04
:102560001720FEF7C2FC0020FEF7BFFC9520FEF707
:10257000BCFC0020FEF7B9FCF320FEF7B6FC0020FF
:10258000FEF7B3FCE620FEF7B0FC0020FEF7ADFC42
:10259000C520FEF7A1FC3220FEF7A7FC0020FEF7C5
:1025A000A4FC4420FEF7A1FC0020FEF79EFC652061
:1025B000FEF79BFC0020FEF798FC7620FEF795FCCA
:1025C0000020FEF792FC8820FEF78FFC0020FEF72B
:1025D0008CFCC620FEF780FC2020FEF786FC002045
:1025E000FEF783FC1720FEF780FC0020FEF77DFC41
:1025F0000120FEF77AFC0020FEF777FCC720FEF7EB
:102600006BFC0020FEF771FC0020FEF76EFC002042
:10261000FEF76BFC0020FEF768FCC820FEF75CFCB0
:102620000020FEF762FC0020FEF75FFC0020FEF7B2
:102630005CFC0020FEF759FCC920FEF74DFC002091
:10264000FEF753FC0020FEF750FC0020FEF74DFC87
:102650000020FEF74AFC0020FEF747FC0020FEF7B2
:1026600044FC0020FEF741FC0020FEF73EFC002069
:10267000FEF73BFC0020FEF738FC0020FEF735FC9F
:102680000020FEF732FC0020FEF72FFC0020FEF7B2
:102690002CFC0020FEF729FC0020FEF726FCE020A1
:1026A000FEF71AFC1620FEF720FC0020FEF71DFCAA
:1026B0001C20FEF71AFC0020FEF717FC2120FEF775
:1026C00014FC0020FEF711FC3620FEF70EFC002063
:1026D000FEF70BFC4620FEF708FC0020FEF705FC89
:1026E0005220FEF702FC0020FEF7FFFB6420FEF7FD
:1026F000FCFB0020FEF7F9FB7A20FEF7F6FB00203A
:10270000FEF7F3FB8B20FEF7F0FB0020FEF7EDFB5E
:102710009920FEF7EAFB0020FEF7E7FBA820FEF772
:10272000E4FB0020FEF7E1FBB920FEF7DEFB002012
:10273000FEF7DBFBC420FEF7D8FB0020FEF7D5FB3D
:10274000CA20FEF7D2FB0020FEF7CFFBD220FEF717
:10275000CCFB0020FEF7C9FBD920FEF7C6FB00200A
:10276000FEF7C3FBE020FEF7C0FB0020FEF7BDFB39
:10277000F320FEF7BAFB0020FEF7B7FBE120FEF7DF
:10278000ABFB1620FEF7B1FB0020FEF7AEFB1C20D2
:10279000FEF7ABFB0020FEF7A8FB2220FEF7A5FB0F
:1027A0000020FEF7A2FB3620FEF79FFB0020FEF77D
:1027B0009CFB4520FEF799FB0020FEF796FB52207C
:1027C000FEF793FB0020FEF790FB6420FEF78DFBE5
:1027D0000020FEF78AFB7A20FEF787FB0020FEF739
:1027E00084FB8B20FEF781FB0020FEF77EFB992007
:1027F000FEF77BFB0020FEF778FBA820FEF775FBB9
:102800000020FEF772FBB920FEF76FFB0020FEF7F9
:102810006CFBC420FEF769FB0020FEF766FBCA20B4
:10282000FEF763FB0020FEF760FBD220FEF75DFBA6
:102830000020FEF75AFBD820FEF757FB0020FEF7DA
:1028400054FBE020FEF751FB0020FEF74EFBF32087
:10285000FEF74BFB0020FEF748FBE220FEF73CFBB7
:102860000520FEF742FB0020FEF73FFB0B20FEF7A2
:102870003CFB0020FEF739FB1B20FEF736FB002057
:10288000FEF733FB3420FEF730FB0020FEF72DFB74
:102890004420FEF72AFB0020FEF727FB4F20FEF71F
:1028A00024FB0020FEF721FB6120FEF71EFB002029
:1028B000FEF71BFB7920FEF718FB0020FEF715FB47
:1028C0008820FEF712FB0020FEF70FFB9720FEF793
:1028D0000CFB0020FEF709FBA620FEF706FB0020FC
:1028E000FEF703FBB720FEF700FB0020FEF7FDFA22
:1028F000C220FEF7FAFA0020FEF7F7FAC720FEF72B
:10290000F4FA0020FEF7F1FAD120FEF7EEFA0020EB
:10291000FEF7EBFAD620FEF7E8FA0020FEF7E5FA1C
:10292000DD20FEF7E2FA0020FEF7DFFAF320FEF7E3
:10293000DCFA0020FEF7D9FAE320FEF7CDFA0520F5
:10294000FEF7D3FA0020FEF7D0FA0A20FEF7CDFA00
:102950000020FEF7CAFA1C20FEF7C7FA0020FEF797
:10296000C4FA3320FEF7C1FA0020FEF7BEFA442075
:10297000FEF7BBFA0020FEF7B8FA5020FEF7B5FAD2
:102980000020FEF7B2FA6220FEF7AFFA0020FEF751
:10299000ACFA7820FEF7A9FA0020FEF7A6FA882004
:1029A000FEF7A3FA0020FEF7A0FA9720FEF79DFAA3
:1029B0000020FEF79AFAA620FEF797FA0020FEF70D
:1029C00094FAB720FEF791FA0020FEF78EFAC220A3
:1029D000FEF78BFA0020FEF788FAC720FEF785FA8B
:1029E0000020FEF782FAD120FEF77FFA0020FEF7E2
:1029F0007CFAD520FEF779FA0020FEF776FADD2082
:102A0000FEF773FA0020FEF770FAF320FEF76DFA76
:102A10000020FEF76AFAE420FEF75EFA0120FEF7D6
:102A200064FA0020FEF761FA0120FEF75EFA00204A
:102A3000FEF75BFA0220FEF758FA0020FEF755FA7F
:102A40002A20FEF752FA0020FEF74FFA3C20FEF74C
:102A50004CFA0020FEF749FA4B20FEF746FA002018
:102A6000FEF743FA5D20FEF740FA0020FEF73DFA3C
:102A70007420FEF73AFA0020FEF737FA8420FEF7BA
:102A800034FA0020FEF731FA9320FEF72EFA0020E8
:102A9000FEF72BFAA220FEF728FA0020FEF725FA0F
:102AA000B320FEF722FA0020FEF71FFABE20FEF741
:102AB0001CFA0020FEF719FAC420FEF716FA0020CF
:102AC000FEF713FACD20FEF710FA0020FEF70DFAFC
:102AD000D320FEF70AFA0020FEF707FADD20FEF702
:102AE00004FA0020FEF701FAF320FEF7FEF90020B9
:102AF000FEF7FBF9E520FEF7EFF90020FEF7F5F908
:102B00000020FEF7F2F90020FEF7EFF90020FEF7B3
:102B1000ECF90220FEF7E9F90020FEF7E6F929209A
:102B2000FEF7E3F90020FEF7E0F93C20FEF7DDF9BF
:102B30000020FEF7DAF94B20FEF7D7F90020FEF768
:102B4000D4F95D20FEF7D1F90020FEF7CEF974200C
:102B5000FEF7CBF90020FEF7C8F98420FEF7C5F98F
:102B60000020FEF7C2F99320FEF7BFF90020FEF720
:102B7000BCF9A220FEF7B9F90020FEF7B6F9B320A0
:102B8000FEF7B3F90020FEF7B0F9BE20FEF7ADF96D
:102B90000020FEF7AAF9C420FEF7A7F90020FEF7EF
:102BA000A4F9CD20FEF7A1F90020FEF79EF9D3206D
:102BB000FEF79BF90020FEF798F9DC20FEF795F967
:102BC0000020FEF792F9F320FEF78FF90020FEF7C0
:102BD0008CF9E620FEF780F91120FEF786F9002037
:102BE000FEF783F93420FEF780F90020FEF77DF927
:102BF0005620FEF77AF90020FEF777F97620FEF7E7
:102C000074F90020FEF771F97720FEF76EF90020C5
:102C1000FEF76BF96620FEF768F90020FEF765F90C
:102C20008820FEF762F90020FEF75FF99920FEF791
:102C30005CF90020FEF759F9BB20FEF756F9002099
:102C4000FEF753F99920FEF750F90020FEF74DF9F1
:102C50006620FEF74AF90020FEF747F95520FEF7F7
:102C600044F90020FEF741F95520FEF73EF9002017
:102C7000FEF73BF94520FEF738F90020FEF735F95D
:102C80004320FEF732F90020FEF72FF94420FEF72B
:102C90002CF90020FEF729F9E720FEF71DF9322074
:102CA000FEF723F90020FEF720F95520FEF71DF965
:102CB0000020FEF71AF97620FEF717F90020FEF73C
:102CC00014F96620FEF711F90020FEF70EF96720CF
:102CD000FEF70BF90020FEF708F96720FEF705F96B
:102CE0000020FEF702F98720FEF7FFF80020FEF72C
:102CF000FCF89920FEF7F9F80020FEF7F6F8BB2063
:102D0000FEF7F3F80020FEF7F0F89920FEF7EDF853
:102D10000020FEF7EAF87720FEF7E7F80020FEF73C
:102D2000E4F84420FEF7E1F80020FEF7DEF8562034
:102D3000FEF7DBF80020FEF7D8F82320FEF7D5F8E1
:102D40000020FEF7D2F83320FEF7CFF80020FEF780
:102D5000CCF84520FEF7C9F80020FEF7C6F8E820B9
:102D6000FEF7BAF80020FEF7C0F80020FEF7BDF825
:102D70009920FEF7BAF80020FEF7B7F88720FEF793
:102D8000B4F80020FEF7B1F88820FEF7AEF8002076
:102D9000FEF7ABF87720FEF7A8F80020FEF7A5F8BD
:102DA0006620FEF7A2F80020FEF79FF88820FEF7C5
:102DB0009CF80020FEF799F8AA20FEF796F800206C
:102DC000FEF793F8BB20FEF790F80020FEF78DF891
:102DD0009920FEF78AF80020FEF787F86620FEF7B4
:102DE00084F80020FEF781F85520FEF77EF80020D9
:102DF000FEF77BF85520FEF778F80020FEF775F80F
:102E00004420FEF772F80020FEF76FF84420FEF72A
:102E10006CF80020FEF769F85520FEF766F80020F0
:102E2000FEF763F8E920FEF757F8AA20FEF75DF8F1
:102E30000020FEF75AF80020FEF757F80020FEF7B2
:102E400054F80020FEF748F8AA20FEF74EF8CF20ED
:102E5000FEF742F80020FEF748F80020FEF745F89C
:102E60000020FEF742F80020FEF73FF80020FEF7B2
:102E70003CF80020FEF739F80020FEF736F8002075
:102E8000FEF733F80020FEF730F80020FEF72DF8AB
:102E90000020FEF72AF80020FEF727F80020FEF7B2
:102EA00024F80020FEF721F80020FEF71EF800208D
:102EB000FEF71BF80020FEF718F8F020FEF70CF8DC
:102EC0000020FEF712F85020FEF70FF80020FEF762
:102ED0000CF80020FEF709F80020FEF706F8F320B2
:102EE000FDF7FAFF0020FEF700F8F920FDF7F4FFE8
:102EF0000620FDF7FAFF1020FDF7F7FF2920FDF768
:102F0000F4FF0020FDF7F1FF3A20FDF7E5FF552023
:102F1000FDF7EBFF1120FDF7DFFF642004F082FCDA
:102F20002920FDF7D9FF3520FDF7D6FF0020FDF75A
:102F3000DCFF5120FDF7D0FFFF20FDF7D6FF532027
:102F4000FDF7CAFF2C20FDF7D0FF5520FDF7C4FF89
:102F50008220FDF7CAFF2C20FDF7BEFF01F048B824
:102F6000FE48808845F2105188427DD155214FF4AA
:102F70007040FDF7CCFFAA214FF20100FDF7C7FF1B
:102F800052214FF20200FDF7C2FF08214FF2030069
:102F9000FDF7BDFF01214FF20400FDF7B8FF0D2141
:102FA0004FF43040FDF7B3FF0D214BF20100FDF768
:102FB000AEFF0D214BF20200FDF7A9FF34214FF4C3
:102FC0003640FDF7A4FF34214BF20160FDF79FFF6F
:102FD00034214BF20260FDF79AFF0D214FF431408E
:102FE000FDF795FF0D214BF20110FDF790FF0D212C
:102FF0004BF20210FDF78BFF34214FF43740FDF701
:1030000086FF34214BF20170FDF781FF34214BF232
:103010000270FDF77CFF00214FF43240FDF777FF8F
:1030200000214BF20120FDF772FF00214BF202203C
:10303000FDF76DFF24214FF43840FDF768FF242190
:103040004BF60100FDF763FF24214BF60200FDF76C
:103050005EFF01214FF43F40FDF759FF0F214FF470
:103060003340FDF754FF00E0FDE30F214BF2013048
:10307000FDF74DFF0F214BF20230FDF748FF3421E1
:103080004FF43940FDF743FF34214BF60110FDF7B3
:103090003EFF34214BF60210FDF739FF08214FF4B3
:1030A0003540FDF734FF08214BF20150FDF72FFFAB
:1030B00008214BF20250FDF72AFF03214FF4424052
:1030C000FDF725FF24214FF43A40FDF720FF24218E
:1030D0004BF60120FDF71BFF24214BF60220FDF7E4
:1030E00016FF00214FF43C40FDF711FF78214BF60D
:1030F0000140FDF70CFF00214BF60240FDF707FFF2
:1031000000214FF43D40FDF702FF78214BF60150BE
:10311000FDF7FDFE00214BF60250FDF7F8FE002101
:103120004FF43E40FDF7F3FE64214BF60160FDF7DE
:10313000EEFE00214FF45140FDF7E9FE33214DF240
:103140000110FDF7E4FE00214DF20210FDF7DFFE55
:1031500034214DF20310FDF7DAFE00214DF2041088
:10316000FDF7D5FE3A214DF20510FDF7D0FE002106
:103170004DF20610FDF7CBFE4A214DF20710FDF788
:10318000C6FE00214DF20810FDF7C1FE5C214DF294
:103190000910FDF7BCFE00214DF20A10FDF7B7FE45
:1031A00081214DF20B10FDF7B2FE00214DF20C1003
:1031B000FDF7ADFEA6214DF20D10FDF7A8FE002192
:1031C0004DF20E10FDF7A3FEE5214DF20F10FDF7B5
:1031D0009EFE01214DF21010FDF799FE13214DF2D4
:1031E0001110FDF794FE01214DF21210FDF78FFE34
:1031F00054214DF21310FDF78AFE01214DF21410F7
:10320000FDF785FE82214DF21510FDF780FE0121AC
:103210004DF21610FDF77BFECA214DF21710FDF797
:1032200076FE02214DF21810FDF771FE00214DF2DD
:103230001910FDF76CFE02214DF21A10FDF767FE22
:1032400001214DF21B10FDF762FE02214DF21C1010
:10325000FDF75DFE34214DF21D10FDF758FE0221F1
:103260004DF21E10FDF753FE67214DF21F10FDF7C2
:103270004EFE02214DF22010FDF749FE84214DF251
:103280002110FDF744FE02214DF22210FDF73FFE12
:10329000A4214DF22310FDF73AFE02214DF2241035
:1032A000FDF735FEB7214DF22510FDF730FE022166
:1032B0004DF22610FDF72BFECF214DF22710FDF722
:1032C00026FE02214DF22810FDF721FEDE214DF2EF
:1032D0002910FDF71CFE02214DF22A10FDF717FE02
:1032E000F2214DF22B10FDF712FE02214DF22C10AF
:1032F000FDF70DFEFE214DF22D10FDF708FE032116
:103300004DF22E10FDF703FE10214DF22F10FDF7A8
:10331000FEFD03214DF23010FDF7F9FD33214DF292
:103320003110FDF7F4FD03214DF23210FDF7EFFDF2
:103330006D214DF23310FDF7EAFD00214FF45240AC
:10334000FDF7E5FD33214DF20120FDF7E0FD002101
:103350004DF20220FDF7DBFD342101E0EC010020FD
:103360004DF20320FDF7D3FD00214DF20420FDF7BF
:10337000CEFD3A214DF20520FDF7C9FD00214DF2A9
:103380000620FDF7C4FD4A214DF20720FDF7BFFDE1
:1033900000214DF20820FDF7BAFD5C214DF2092015
:1033A000FDF7B5FD00214DF20A20FDF7B0FD8121AA
:1033B0004DF20B20FDF7ABFD00214DF20C20FDF787
:1033C000A6FDA6214DF20D20FDF7A1FD00214DF235
:1033D0000E20FDF79CFDE5214DF20F20FDF797FD36
:1033E00001214DF21020FDF792FD13214DF2112025
:1033F000FDF78DFD01214DF21220FDF788FD5421CE
:103400004DF21320FDF783FD01214DF21420FDF74D
:103410007EFD82214DF21520FDF779FD01214DF24F
:103420001620FDF774FDCA214DF21720FDF76FFD40
:1034300002214DF21820FDF76AFD00214DF21920FE
:10344000FDF765FD02214DF21A20FDF760FD012117
:103450004DF21B20FDF75BFD02214DF21C20FDF714
:1034600056FD34214DF21D20FDF751FD02214DF294
:103470001E20FDF74CFD67214DF21F20FDF747FD93
:1034800002214DF22020FDF742FD84214DF2212042
:10349000FDF73DFD02214DF22220FDF738FDA4216C
:1034A0004DF22320FDF733FD02214DF22420FDF7DC
:1034B0002EFDB7214DF22520FDF729FD02214DF209
:1034C0002620FDF724FDCF214DF22720FDF71FFD1B
:1034D00002214DF22820FDF71AFDDE214DF22920B0
:1034E000FDF715FD02214DF22A20FDF710FDF22116
:1034F0004DF22B20FDF70BFD02214DF22C20FDF7A4
:1035000006FDFE214DF22D20FDF701FD03214DF2B8
:103510002E20FDF7FCFC10214DF22F20FDF7F7FCCB
:1035200003214DF23020FDF7F2FC33214DF2312022
:10353000FDF7EDFC03214DF23220FDF7E8FC6D2193
:103540004DF23320FDF7E3FC00214FF45340FDF72B
:10355000DEFC33214DF20130FDF7D9FC00214DF2A4
:103560000230FDF7D4FC34214DF20330FDF7CFFCDF
:1035700000214DF20430FDF7CAFC3A214DF205302E
:10358000FDF7C5FC00214DF20630FDF7C0FC4A21D5
:103590004DF20730FDF7BBFC00214DF20830FDF77E
:1035A000B6FC5C214DF20930FDF7B1FC00214DF273
:1035B0000A30FDF7ACFC81214DF20B30FDF7A7FC82
:1035C00000214DF20C30FDF7A2FCA6214DF20D308A
:1035D000FDF79DFC00214DF20E30FDF798FCE52132
:1035E0004DF20F30FDF793FC01214DF21030FDF745
:1035F0008EFC13214DF21130FDF789FC01214DF2B3
:103600001230FDF784FC54214DF21330FDF77FFC9E
:1036100001214DF21430FDF77AFC82214DF2153074
:10362000FDF775FC01214DF21630FDF770FCCA2143
:103630004DF21730FDF76BFC02214DF21830FDF70B
:1036400066FC00214DF21930FDF761FC02214DF2BC
:103650001A30FDF75CFC01214DF21B30FDF757FCE1
:1036600002214DF21C30FDF752FC34214DF21D3089
:10367000FDF74DFC02214DF21E30FDF748FC67219D
:103680004DF21F30FDF743FC02214DF22030FDF7D3
:103690003EFC84214DF22130FDF739FC02214DF230
:1036A0002230FDF734FCA4214DF22330FDF72FFC2E
:1036B00002214DF22430FDF72AFCB7214DF22530CE
:1036C000FDF725FC02214DF22630FDF720FCCF212D
:1036D0004DF22730FDF71BFC02214DF22830FDF79B
:1036E00016FCDE214DF22930FDF711FC02214DF2CE
:1036F0002A30FDF70CFCF2214DF22B30FDF707FCD0
:1037000002214DF22C30FDF702FCFE214DF22D304E
:10371000FDF7FDFB03214DF22E30FDF7F8FB1021E4
:103720004DF22F30FDF7F3FB03214DF23030FDF762
:10373000EEFB33214DF23130FDF7E9FB03214DF271
:103740003230FDF7E4FB6D214DF23330FDF7DFFB46
:1037500000214FF45440FDF7DAFB33214DF20140D4
:10376000FDF7D5FB00214DF20240FDF7D0FB3421DF
:103770004DF20340FDF7CBFB00214DF20440FDF775
:10378000C6FB3A214DF20540FDF7C1FB00214DF289
:103790000640FDF7BCFB4A214DF20740FDF7B7FBA1
:1037A00000214DF20840FDF7B2FB5C214DF20940CB
:1037B000FDF7ADFB00214DF20A40FDF7A8FB81218A
:1037C0004DF20B40FDF7A3FB00214DF20C40FDF73D
:1037D0009EFBA6214DF20D40FDF799FB00214DF215
:1037E0000E40FDF794FBE5214DF20F40FDF78FFBF6
:1037F00001214DF21040FDF78AFB13214DF21140DB
:10380000FDF785FB01214DF21240FDF780FB5421AD
:103810004DF21340FDF77BFB01214DF21440FDF703
:1038200076FB82214DF21540FDF771FB01214DF22F
:103830001640FDF76CFBCA214DF21740FDF767FB00
:1038400002214DF21840FDF762FB00214DF21940B4
:10385000FDF75DFB02214DF21A40FDF758FB0121F7
:103860004DF21B4000E005E3FDF751FB02214DF254
:103870001C40FDF74CFB34214DF21D40FDF747FB8A
:1038800002214DF21E40FDF742FB67214DF21F4021
:10389000FDF73DFB02214DF22040FDF738FB84216E
:1038A0004DF22140FDF733FB02214DF22240FDF79E
:1038B0002EFBA4214DF22340FDF729FB02214DF2FE
:1038C0002440FDF724FBB7214DF22540FDF71FFBF7
:1038D00002214DF22640FDF71AFBCF214DF2274081
:1038E000FDF715FB02214DF22840FDF710FBDE210C
:1038F0004DF22940FDF70BFB02214DF22A40FDF766
:1039000006FBF2214DF22B40FDF701FB02214DF2A7
:103910002C40FDF7FCFAFE214DF22D40FDF7F7FAA1
:1039200003214DF22E40FDF7F2FA10214DF22F4007
:10393000FDF7EDFA03214DF23040FDF7E8FA3321AF
:103940004DF23140FDF7E3FA03214DF23240FDF72D
:10395000DEFA6D214DF23340FDF7D9FA00214FF424
:103960005540FDF7D4FA33214DF20150FDF7CFFA5F
:1039700000214DF20250FDF7CAFA34214DF20350F6
:10398000FDF7C5FA00214DF20450FDF7C0FA3A21C7
:103990004DF20550FDF7BBFA00214DF20650FDF740
:1039A000B6FA4A214DF20750FDF7B1FA00214DF267
:1039B0000850FDF7ACFA5C214DF20950FDF7A7FA6B
:1039C00000214DF20A50FDF7A2FA81214DF20B5071
:1039D000FDF79DFA00214DF20C50FDF798FAA62153
:1039E0004DF20D50FDF793FA00214DF20E50FDF708
:1039F0008EFAE5214DF20F50FDF789FA01214DF2C3
:103A00001050FDF784FA13214DF21150FDF77FFAA3
:103A100001214DF21250FDF77AFA54214DF2135064
:103A2000FDF775FA01214DF21450FDF770FA82216D
:103A30004DF21550FDF76BFA01214DF21650FDF7CE
:103A400066FACA214DF21750FDF761FA02214DF2D4
:103A50001850FDF75CFA00214DF21950FDF757FAA6
:103A600002214DF21A50FDF752FA01214DF21B507E
:103A7000FDF74DFA02214DF21C50FDF748FA3421B2
:103A80004DF21D50FDF743FA02214DF21E50FDF795
:103A90003EFA67214DF21F50FDF739FA02214DF22F
:103AA0002050FDF734FA84214DF22150FDF72FFA12
:103AB00002214DF22250FDF72AFAA4214DF22350A3
:103AC000FDF725FA02214DF22450FDF720FAB72127
:103AD0004DF22550FDF71BFA02214DF22650FDF75D
:103AE00016FACF214DF22750FDF711FA02214DF2BF
:103AF0002850FDF70CFADE214DF22950FDF707FAA8
:103B000002214DF22A50FDF702FAF2214DF22B501C
:103B1000FDF7FDF902214DF22C50FDF7F8F9FE21D9
:103B20004DF22D50FDF7F3F903214DF22E50FDF724
:103B3000EEF910214DF22F50FDF7E9F903214DF276
:103B40003050FDF7E4F933214DF23150FDF7DFF944
:103B500003214DF23250FDF7DAF96D214DF2335069
:103B6000FDF7D5F900214FF45640FDF7D0F9332188
:103B70004DF20160FDF7CBF900214DF20260FDF737
:103B8000C6F934214DF20360FDF7C1F900214DF271
:103B90000460FDF7BCF93A214DF20560FDF7B7F975
:103BA00000214DF20660FDF7B2F94A214DF207609F
:103BB000FDF7ADF900214DF20860FDF7A8F95C2191
:103BC0004DF20960FDF7A3F900214DF20A60FDF7FF
:103BD0009EF981214DF20B60FDF799F900214DF21C
:103BE0000C60FDF794F9A6214DF20D60FDF78FF9F9
:103BF00000214DF20E60FDF78AF9E5214DF20F60CC
:103C0000FDF785F901214DF21060FDF780F91321D0
:103C10004DF21160FDF77BF901214DF21260FDF7C5
:103C200076F954214DF21360FDF771F901214DF23F
:103C30001460FDF76CF982214DF21560FDF767F90C
:103C400001214DF21660FDF762F9CA214DF21760AD
:103C5000FDF75DF902214DF21860FDF758F90021DA
:103C60004DF21960FDF753F902214DF21A60FDF78C
:103C70004EF901214DF21B60FDF749F902214DF289
:103C80001C60FDF744F934214DF21D60FDF73FF94A
:103C900002214DF21E60FDF73AF967214DF21F60D7
:103CA000FDF735F902214DF22060FDF730F984214E
:103CB0004DF22160FDF72BF902214DF22260FDF754
:103CC00026F9A4214DF22360FDF721F902214DF2DE
:103CD0002460FDF71CF9B7214DF22560FDF717F9B7
:103CE00002214DF22660FDF712F9CF214DF2276037
:103CF000FDF70DF902214DF22860FDF708F9DE21EC
:103D00004DF22960FDF703F902214DF22A60FDF71B
:103D1000FEF8F2214DF22B60FDF7F9F802214DF289
:103D20002C60FDF7F4F8FE214DF22D60FDF7EFF861
:103D300003214DF22E60FDF7EAF810214DF22F60BD
:103D4000FDF7E5F803214DF23060FDF7E0F833218F
:103D50004DF23160FDF7DBF803214DF23260FDF7E3
:103D6000D6F86D214DF23360FDF7D1F855214FF4AF
:103D70007040FDF7CCF8AA214FF20100FDF7C7F81B
:103D800052214FF20200FDF7C2F808214FF2030062
:103D9000FDF7BDF800214FF20400FDF7B8F8CC2183
:103DA0004FF43140FDF7B3F800214BF20110FDF75D
:103DB000AEF805214FF43640FDF7A9F870214FF415
:103DC0003740FDF7A4F870214BF20170FDF79FF822
:103DD00001214FF43840FDF79AF803214BF601001A
:103DE000FDF795F803214BF60200FDF790F803214B
:103DF0004BF60300FDF78BF802214FF43C40FDF732
:103E000086F800214BF60140FDF781F800214BF6C2
:103E10000240FDF77CF8D0214FF44940FDF777F8D8
:103E200002214CF60110FDF772F850214CF60210F9
:103E3000FDF76DF850214CF60310FDF768F850219E
:103E40004CF60410FDF763F800214FF45450FDF7D1
:103E50005EF855214FF46850FDF759F84FF488503B
:103E6000FDF73AF8782003F095FC4FF42450FDF765
:103E700033F8BDE0FE48808841F663118842F8D1EE
:103E8000E220FDF729F81D20FDF72FF80220FDF7AD
:103E90002CF80420FDF729F8642003F07BFCE020D7
:103EA000FDF71AF80120FDF720F80A2003F0BAFC0C
:103EB000E020FDF711F80320FDF717F80C2003F0C0
:103EC000B1FC0120FDF708F80A2003F0ABFCE62066
:103ED000FDF702F82F20FDF708F8FF20FDF705F8A1
:103EE000FF20FDF702F8B020FCF7F6FF2020FCF7DA
:103EF000FCFF0020FCF7F9FF0320FCF7F6FF40F27F
:103F00001F30FCF7F2FF0120FCF7EFFF40F2DF105B
:103F1000FCF7EBFF0020FCF7E8FFB420FCF7DCFF28
:103F20000420FCF7E2FF40F21F40FCF7DEFF002018
:103F3000FCF7DBFF2E20FCF7D8FF0020FCF7D5FFB5
:103F40000020FCF7D2FF0020FCF7CFFF0020FCF799
:103F5000CCFFB620FCF7C0FF0220FCF7C6FF4FF4F1
:103F60000370FCF7C2FF0020FCF7BFFF1720FCF72F
:103F7000BCFF1520FCF7B9FF0020FCF7B6FF0020BE
:103F8000FCF7B3FFF020FCF7A7FF0320FCF7ADFF21
:103F90002920FCF7A1FFD020FCF79EFF0020FCF7B2
:103FA000A4FFBE20FCF798FF0520FCF79EFFFE2033
:103FB000FCF79BFF0120FCF798FF0020FCF795FF22
:103FC0000020FCF792FF0020FCF78FFFB820FCF7E1
:103FD00083FF0320FCF789FF0120FCF786FFBA204E
:103FE000FCF77AFF0120FCF780FF6420FDF74FFA11
:103FF0000020FDF778FA01209E4908604FF6FF7017
:10400000FDF7C6FB21B000BD2DE9F04F05460E4679
:1040100017469846DDF824A04FF0000B781B401C93
:104020001FFA80FB344614E021462846FCF79EFF29
:10403000FCF77FFF4FF0000907E04FF0D840A0F8F1
:1040400080A009F101001FFA80F9D945F5DB601C59
:1040500084B24445E8DDBDE8F08F2DE9F84F07460E
:104060000D4690469946DDF828B0A8EB0700401CA5
:104070001FFA80FAA9EB0500401C80B200900024D2
:1040800014E0281981B23846FCF770FFFCF751FFA5
:10409000002607E004FB0A603BF810007649088020
:1040A000701C86B25645F5DB601C84B200988442D1
:1040B000E7DBBDE8F88F2DE9FF4F84B081468A46E3
:1040C0000020039002900698A0EB09050798A0EB4A
:1040D0000A06CDF80490CDF800A0002D01DD0127DF
:1040E00005E00DB9002702E04FF0FF376D42002ECA
:1040F00002DD4FF0010806E016B94FF0000802E0BB
:104100004FF0FF387642B54201DD2C4600E03446E0
:104110004FF0000B21E0009A91B2019A90B2FDF7A6
:1041200031F9039828440390029830440290039890
:10413000A04205DD0398001B0390019838440190CC
:104140000298A04205DD0298001B029000984044AE
:1041500000900BF101001FFA80FB601C8345DADD43
:1041600008B0BDE8F08FF0B504460D4616461F4670
:104170002B46324629462046FFF79DFF3B46224606
:1041800029462046FFF797FF3B46324639462046F0
:10419000FFF791FF3B46324629463046FFF78BFF3B
:1041A000F0BD2DE9F04306460F46904600244546F3
:1041B0000320A0EB48093CE07A1B91B2321990B27F
:1041C000FDF7E0F83A1B91B2721990B2FDF7DAF8F8
:1041D0003A1991B2721990B2FDF7D4F87A1991B2E6
:1041E000321990B2FDF7CEF87A1991B2321B90B223
:1041F000FDF7C8F83A1991B2721B90B2FDF7C2F8F8
:104200007A1B91B2321B90B2FDF7BCF83A1B91B207
:10421000721B90B2FDF7B6F8641CB9F1000F03DA17
:10422000A000801D814404E0601B80000A308144AE
:104230006D1EAC42C0DDBDE8F0832DE9F84F80462D
:104240000E4617461C46B3462046E31704EB53734D
:10425000DB1021464FEAE47C04EB5C7C4FEAEC0C7B
:10426000A4EBCC0CBCF1000F08D04FF0010C07E020
:10427000EC010020BC8240428000006C4FF0000C3A
:104280006344224604EBD27C4FEA6C0C03FB0CF334
:10429000DBB20093A7F12000C7B2002556E00C2C3A
:1042A00007D107EB47009F4901EB800010F805900C
:1042B00013E0102C05D19C4800EB071010F8059076
:1042C0000BE0182C07D107EBC700984901EB8000E1
:1042D00010F8059001E0BDE8F88F4FF0000A2FE0DC
:1042E00009F0800030B19248028831464046FDF71F
:1042F00057F807E00A9828B98E48028831464046A8
:10430000FDF74EF84FEA49604FEA1069701C86B21B
:1043100089484088B04200DCDDE7A6EB0B00A042F4
:104320000AD15E4608F101001FFA80F88248008831
:10433000404500DCCFE706E00AF1010000F0FF0A8B
:10434000BAF1080FCCDB00BF681CC5B200988542EB
:10435000A5DB00BFBFE710B50246012000E05043D7
:104360000B1EA1F10104E1B2F9D110BD2DE9FF4FFF
:1043700081B0074691461E460E9D4FF0000A00246C
:1043800039E0301B401EC1B20A20FFF7E4FFB9FB41
:10439000F0F00A21B0FBF1F201FB1208BAF1000FB4
:1043A00016D1701EA04213DDB8F1000F0ED100200F
:1043B000AB4605EBDB71491001FB0471009088B23C
:1043C0002B4620220299FFF738FF12E04FF0010A36
:1043D0000020AB4605EBDB71491001FB0471009036
:1043E00088B208F13001CAB22B460299FFF725FFC7
:1043F00000BF601CC4B2B442C3DB05B0BDE8F08F9F
:104400002DE9FF4F82B0064692461F46DDE90F4870
:104410000020019000254DE0781B401EC1B20A200B
:10442000FFF799FFBAFBF0F00A21B0FBF1F201FBB4
:104430001209019850BB781EA84227DDB9F1000F80
:1044400022D108F0800078B108F00100A34604EB07
:10445000DB71491001FB0561009088B223463022D0
:104460000399FFF7EAFE0EE008F00100A34604EB13
:10447000DB71491001FB0561009088B223462022C0
:104480000399FFF7DAFE13E00120019008F0010024
:10449000A34604EBDB71491001FB0561009088B273
:1044A00009F13001CAB223460399FFF7C6FE00BFE7
:1044B000681CC5B2BD42AFDB06B0BDE8F08F2DE988
:1044C000F84704460D4690469946DDE9096704F031
:1044D000FF0A08EB04001FFA80F809EB05001FFA39
:1044E00080F916E0444502DB5446A81985B24D45D3
:1044F00000DB14E0002000903A783346294620463D
:10450000FFF79BFE304606EBD07104EB61018CB2E5
:104510007F1C38787E2802DC38782028E2DA00BF59
:10452000BDE8F88742300108B6340108A63A010810
:104530002C0000202E000020EC0100201CB50121E1
:10454000112004F0CBF81C20009000208DF804000E
:1045500003208DF8050001208DF8070069463548D5
:1045600003F01EFE0120009002208DF8070069462E
:10457000314803F015FE1CBD10B5044614B10120EE
:104580002E4908702D480078002837D0102129487E
:1045900003F068FE78B10821264803F063FE50B1AD
:1045A0000421244803F05EFE28B10121224803F0D3
:1045B00059FE012822D10A2003F034F900201F49B6
:1045C000087010211B4803F04DFE08B9012010BDF2
:1045D0000821184803F046FE08B90220F7E7042135
:1045E000144803F03FFE08B90320F0E70121124808
:1045F00003F038FE01281BD10420E8E710210D4804
:1046000003F030FE012813D108210A4803F02AFEE6
:1046100001280DD10421074803F024FE012807D109
:104620000121054803F01EFE10B90120034908705E
:104630000020CCE7001002400000024030000020C3
:104640001CB50121202004F049F84FF4807000903F
:1046500001208DF8040000208DF8060003208DF85D
:10466000050002208DF807006946044803F098FD14
:104670004FF48071014803F011FE1CBD001402408C
:1046800000B599B001217A2004F028F801210846EC
:1046900004F05CF84FF40040179001208DF86000A2
:1046A00000208DF8620002208DF8610001208DF855
:1046B000630017A9AB4803F073FD4FF633701790F2
:1046C00002208DF8600000208DF8620003208DF834
:1046D000610001208DF8630017A9A34803F060FD75
:1046E0004FF68370179002208DF8600000208DF83F
:1046F000620003208DF8610001208DF8630017A986
:104700009A4803F04DFD4FF23F00179002208DF8BC
:10471000600000208DF8620003208DF86100012008
:104720008DF8630017A9924803F03AFD40F23F402C
:10473000179002208DF8600000208DF862000320A1
:104740008DF8610001208DF8630017A9894803F0F6
:1047500027FD0C220021844803F0ADFD0C2201212D
:10476000814803F0A8FD0C2204217F4803F0A3FD3B
:104770000C2205217C4803F09EFD0C2208217A487A
:1047800003F099FD0C220921774803F094FD0C22D7
:104790000A21754803F08FFD0C220B21724803F0AB
:1047A0008AFD0C221146704803F085FD0C220D2174
:1047B0006D4803F080FD0C220E216B4803F07BFD59
:1047C0000C220F21684803F076FD0C220021674877
:1047D00003F071FD0C220121644803F06CFD0C22F2
:1047E0000721624803F067FD0C2208215F4803F0AF
:1047F00062FD0C2209215D4803F05DFD0C220A21B7
:104800005A4803F058FD0C220B21584803F053FD81
:104810000C221146554803F04EFD0C220D21534841
:1048200003F049FD0C220E21504803F044FD0C22F8
:104830000F214E4803F03FFD0C2200214C4803F0AD
:104840003AFD0C2201214A4803F035FD0C220221D9
:10485000474803F030FD0C220321454803F02BFDAF
:104860000C220421424803F026FD0C220521404879
:1048700003F021FD0C2211463D4803F01CFD0C22E3
:104880000D213B4803F017FD0C220E21384803F0A0
:1048900012FD0C220F21364803F00DFD0C220021E1
:1048A000344803F008FD0C220121324803F003FDD7
:1048B0000C2202212F4803F0FEFC0C2203212D487C
:1048C00003F0F9FC0C2204212A4803F0F4FC0C222A
:1048D0000521284803F0EFFC0C220A21254803F0AB
:1048E000EAFC002001900290082003900020049030
:1048F00005900690079004200890002009900A90E7
:1049000010200B9000200C900E900D900F901090A6
:104910004FF480501190002012901390149001A831
:104920001590169008A803F0ECF80121042003F07C
:1049300073F919B000BD10B506E004784FF0D0430C
:104940005C54491C401C521E002AF6D110BD06E0E2
:104950004FF0D0435B5C00F8013B491C521E002A1B
:10496000F6D1704700040240000C024000100240E3
:10497000001402400018024010B5044600BF022196
:10498000414804F0FDFA0028F9D021463E4804F0E1
:10499000AEFA00BF01213C4804F0F2FA0028F9D039
:1049A000394804F0A1FAC0B210BD00B587B00121AA
:1049B000084603F093FE0121080303F0E9FE3820C6
:1049C000059002208DF8180000208DF81A000320B1
:1049D0008DF8190001208DF81B0005A92B4803F064
:1049E000DFFB05220321294803F065FC0522042191
:1049F000264803F060FC05221146244803F05BFCC6
:104A00000121080303F019FF00214FF4805003F047
:104A100014FF0020ADF800004FF48270ADF80200E2
:104A20000020ADF804000220ADF806000120ADF82A
:104A300008004002ADF80A003820ADF80C00002054
:104A4000ADF80E000720ADF8100069460E4804F0DE
:104A5000D3F801210C4804F0C9F9FF20FFF78CFFBF
:104A600007B000BD10B50446074800884FF6C7716F
:104A70000840054908800846008820430880012135
:104A8000014804F0B3F910BD0030014000040240B9
:104A900010B500240020D84908609020FFF76CFF73
:104AA0000020FFF769FF0020FFF766FF0020FFF7F7
:104AB00063FFFF20FFF760FF44EA0024FF20FFF7B9
:104AC0005BFF04430120CD49C1F8B802204610BD68
:104AD0001CB50121022003F001FE0121402003F05A
:104AE000FDFD4FF48040009001208DF8040000206F
:104AF0008DF8060003208DF8050001208DF80700D1
:104B00006946BF4803F04CFB802000906946BD48D1
:104B100003F046FB8021BB4803F0BEFB0120B649F1
:104B20000860FFF742FF0820FFF79CFFFFF7B0FF88
:104B3000B54908801CBD10B500240020AE490860AE
:104B40000520FFF719FFFF20FFF716FF044601209D
:104B5000AA49C1F8B802204610BD10B5044600208D
:104B6000A54908600120FFF707FF2046FFF704FF73
:104B70000120A249C1F8B80210BD10B500209E491D
:104B800008600620FFF7F8FE01209C49C1F8B80232
:104B900010BD10B50020984908600420FFF7ECFE16
:104BA00001209649C1F8B80210BD2DE9F041064632
:104BB0000C4617460020904908600320FFF7DCFEF2
:104BC000C4F30740FFF7D8FEC4F30720FFF7D4FE75
:104BD000E0B2FFF7D1FE002505E0FF20FFF7CCFE95
:104BE0007055681C85B2BD42F7DB01208249086020
:104BF000BDE8F08110B500BFFFF79DFF00F0010098
:104C00000028F9D110BD2DE9F04106460C461746A3
:104C1000FFF7B3FF0020784908600220FFF7ACFEE1
:104C2000C4F30740FFF7A8FEC4F30720FFF7A4FE74
:104C3000E0B2FFF7A1FE002504E0705DFFF79CFEE7
:104C4000681C85B2BD42F8DB01206B490860FFF7A4
:104C5000D1FFBDE8F0812DE9F04107460E4614462C
:104C6000F0B2C0F58075AC4200DC254612E02A4661
:104C700031463846FFF7C7FFAC4200D10BE02F4466
:104C80002E44601B84B2B4F5807F02DD4FF4807542
:104C900000E02546EBE700BFBDE8F08110B5044613
:104CA00021465AA00DF090FC2403FFF766FFFFF7A2
:104CB000A1FF0020504908602020FFF75DFEC4F3EB
:104CC0000740FFF759FEC4F30720FFF755FEE0B297
:104CD000FFF752FE01204949C1F8B802FFF78AFFE9
:104CE00010BD2DE9F05F81460F461646DFF824B16E
:104CF0004FEA1738C7F30B0ACAF58054A64200DC06
:104D0000344644E04FEA08314FF480525846FFF7EA
:104D10004CFF002508E00AEB05001BF80000FF2807
:104D200000D003E0681C85B2A542F4DB00BFA542B9
:104D300016DA4046FFF7B2FF002507E019F8050034
:104D400005EB0A010BF80100681C85B2A542F5DBF2
:104D50004FEA08314FF480525846FFF77CFF04E0D9
:104D6000224639464846FFF776FFA64200D10FE0BB
:104D700008F101084FF0000AA1442744301B86B215
:104D8000B6F5805F02DD4FF4805400E03446B9E7A9
:104D900000BFBDE8F09F10B5FFF7EFFEFFF72AFF59
:104DA000002015490860C720FFF7E6FD01201349E0
:104DB000C1F8B802FFF71EFF10BD10B500200E4964
:104DC0000860B920FFF7D8FD01200C49C1F8B802EE
:104DD000032002F0DFFC10BD10B50020064908607A
:104DE000AB20FFF7C9FD01200449C1F8B802032038
:104DF00002F0D0FC10BD0000B8824042008040426A
:104E000000040240001802403200002066653A2586
:104E1000780D0A00FA0100200020FE490860091DF3
:104E20000860091D0860091D0860FA4924310860FE
:104E3000091D0860091D0860F748F6493831086007
:104E40000020091D0860704701460020012900D09C
:104E500011B9F24B197000E0262070470146ED4A67
:104E6000121D106820F0FF0008431060704770B5F5
:104E7000044606E0E7483430056805F0450000B117
:104E800000E0F7E700BF042003F044FE20B1042057
:104E900003F04BFE032070BD012003F03BFE20B168
:104EA000012003F042FE0120F5E7DA4810300068E7
:104EB000A04201D01020EEE740F2FF5003F035FE93
:104EC000D4481430006808210840C0B2E3E72DE957
:104ED000FC4107460D46002600240020009001906A
:104EE0000820CF49086010204860402088600020DA
:104EF000C8604FF480600861084603F078FD102018
:104F0000FFF7B5FF044614B12046BDE8FC81C54853
:104F100000880004C249086037204860402088604B
:104F20000020C8604FF480600861084603F05FFD10
:104F30003720FFF79CFF04460CB12046E5E74FF011
:104F4000FF30B9490860082048603020886002209E
:104F5000C8600020086101204861084603F073FD25
:104F60000020AF490860332048604020886000205E
:104F7000C8604FF480600861084603F038FD3320B4
:104F8000FFF775FF04460CB12046BEE70DE04FF475
:104F9000001003F0BFFD40B19E48803000684DF81E
:104FA0002600761C022E00D307E09A4834300068B1
:104FB00040F22A6108400028E9D000BF082003F031
:104FC000A9FD20B1082003F0B0FD04209DE70220D8
:104FD00003F0A0FD20B1022003F0A7FD022094E71A
:104FE000202003F097FD20B1202003F09EFD062035
:104FF0008BE74FF4007003F08DFD28B14FF4007083
:1050000003F093FD072080E740F2FF5003F08DFD91
:1050100000980006009901F47F4140EA01200099C0
:1050200001F47F0140EA1120009940EA11606860B4
:1050300001980006019901F47F4140EA012001999D
:1050400001F47F0140EA1120019940EA11602860D3
:1050500020465AE77CB505460024002000900190C8
:1050600000260DB1022600E000266A4814300068D0
:1050700000F0007008B10E207CBD6A49098888B232
:105080006946FFF724FF04460CB12046F4E7019877
:1050900000F4802060B36348008800046049086021
:1050A00037204860402088600020C8604FF480604E
:1050B0000861084603F09BFC3720FFF7D8FE044642
:1050C0000CB12046D8E7564806600620544948608F
:1050D000402088600020C8604FF480600861084666
:1050E00003F085FC0620FFF7C2FE04462046C3E716
:1050F0002520C1E770B5044600254C4800780328F8
:1051000002D12725284670BD4848007838B1474865
:105110000078012803D045480078022819D1B4F559
:10512000805F02D127252846EDE7E0B2FFF792FF26
:10513000054675B93748001D006820F4C050354950
:10514000091D08600846006820430860084600689A
:1051500008602846D7E710B50446314804600720A8
:105160002F494860402088600020C8604FF480606C
:105170000861084603F03BFC0720FFF778FE10BDEE
:10518000F0B5014600200022284B1B7881F85630EC
:10519000244B1B88A1F85430254B1B681A0E930929
:1051A0000B70C2F383034B7002F003038B70204B30
:1051B0001B68C3F30742CA701D4B1B88C3F3072249
:1051C0000A711B4B1A784A715B681A0E1301CB8067
:1051D000174B5B68C3F30742CB8843EA1213CB80BB
:1051E00002F00F030B72124B9B88C3F30722D30903
:1051F0004B72C2F380138B72C2F34013CB72C2F3B3
:1052000000130B7300234B73084B1B78C3B1074B80
:105210001B780FE0002C0140FF07C0003C0000207D
:1052200018120020380000202C120020340000202A
:1052300044120020012B03D0FE4B1B78032B4FD1CF
:1052400093071B0D0B61FC4B1A790B6943EA820330
:105250000B61F94B9B681A0E0B6943EA92130B61C1
:10526000C2F3C2030B7502F007034B75F24B9B6848
:10527000C3F3074253098B75C2F38203CB759307BF
:105280005B0F0B76EC4B1B89C3F307220B7E43EAC3
:10529000D2130B760B695B1C0024C1E912340B7E20
:1052A0009B1C012606FA03F3DE17D1E91245A4FB85
:1052B000037C05FB03C304FB0633C1E912730C7ABC
:1052C0000123A3400B650024D1E912560B6DA5FB09
:1052D000037C06FB03C305FB0433C1E912732CE016
:1052E000D44B1B78022B28D1D34B1A7993069B0AF7
:1052F0000B61D14B9B681A0E0B6943EA02230B61C9
:10530000CD4B9B68C3F307420B6913430B61CA4B38
:105310001B89C3F307220B695B1C4FF40074A3FBCA
:10532000043566000027A3FB064C05FB06C503FBFE
:105330000753C1E9124373100B65C2F3801301F8E0
:10534000193F93065B0E4B70BB4B1A7A4B7843EABE
:10535000D2134B7002F07F038B70B74BDB681A0ED1
:10536000D309CB70C2F341130B71C2F382034B71AB
:1053700093071B0F8B71B04BDB68C3F307428B792C
:1053800043EA92138B71C2F34013CB7100230B726B
:1053900002F001034B72A84B9B89C3F30722D30988
:1053A0008B72C2F38013CB72C2F340130B73C2F340
:1053B00000134B73C2F381038B7302F00303CB73AF
:1053C0009D4B1A7B53080B7401234B749B4B1B683A
:1053D0001A0ECA741939994B1B68C3F30742140299
:1053E000CC85964B1B88C3F30722CB8D1343CB850B
:1053F000924B1A7814060C635B681A0E0B6B43EA27
:1054000002440C638D4B5B68C3F307420B6B43EAAA
:1054100002240C63894B9B88C3F307220B6B134355
:105420000B63864B1A7934235A54844B9B681A0EAB
:1054300035235A54814B9B68C3F3074214068C638F
:105440007E4B1B89C3F307228B6B43EA02448C63B8
:105450007A4B1A7A8B6B43EA02248C63774BDB68B6
:105460001A0E8B6B13438B63744BDB68C3F30742D9
:105470003C235B5C43EA12143C235C5413071C0D71
:10548000CC876E4B9B89C3F30722CB8F1343CB870B
:105490006A4B1A7B540840235C54012441235C541A
:1054A000F0BD70B500264FF4803505E0644804680F
:1054B00004F0450000B103E0281EA5F10105F5D177
:1054C00000BF15B104F0040028B10326042003F046
:1054D0002CFB304670BD012003F01CFB18B10126E7
:1054E000012003F022FB40F2FF5003F01EFB304688
:1054F000F0E72DE9F04105460E464FF0000805E0C3
:105500004F48076807F0450000B100E0F8E700BF2A
:10551000042003F0FFFA28B1042003F006FB032067
:10552000BDE8F081012003F0F5FA20B1012003F07D
:10553000FCFA0120F4E7424824380068A84201D070
:105540001020EDE740F2FF5003F0EFFA3C4820381E
:10555000046804F4604018B9200C30804046DFE74E
:1055600004F4005008B11320DAE704F4804008B1D5
:105570001020D5E704F4004008B10F20D0E74046E2
:10558000CEE738B500240120009003F02AFA10B9C4
:105590002524204638BD27480078042825D000203F
:1055A0002849086002204860C02088600020C86048
:1055B0004FF480600861084603F019FAFFF771FFA5
:1055C00004460CB12046E5E71D48203800681B4919
:1055D00008601B481C380068486019481838006883
:1055E0008860174814380068C8601248007858B1BD
:1055F00010480078012807D00E480078062803D00C
:105600000C480078022821D100200E4908600320B0
:105610004860402088600020C8604FF480600861C6
:10562000084603F0E4F969460320FFF762FF0446E9
:1056300064B109E03400002044120020541200201C
:10564000342C0140181200202046A3E7FE480078C1
:10565000032816D1BDF800000004FC4908600320AF
:105660004860402088600020C8604FF48060086176
:10567000084603F0BCF9FFF714FF04460CB12046BE
:1056800088E7F148007804282AD0BDF80000F049E6
:105690000860BDF800000004EC490860092048607B
:1056A000C02088600020C8604FF480600861084610
:1056B00003F09DF9FFF7F5FE04460CB1204669E7BB
:1056C000E4480068E4490860E248001D006848605A
:1056D000E048083000688860DE480C300068C86028
:1056E000002057E710B506E0DA482030046804F0DF
:1056F000450000B100E0F7E700BF042003F00AFA1C
:1057000020B1042003F011FA032010BD40F2FF5035
:1057100003F00BFA0020F8E770B500264FF480354F
:1057200006E0CC482030046804F0450000B103E0F6
:10573000281EA5F10105F4D100BF15B104F0040045
:1057400028B10326042003F0F0F9304670BD04F0C0
:10575000400018B10026402003F0E7F93046F5E795
:1057600070B500254FF4803404E0802003F0D2F9B6
:1057700000B103E0201EA4F10104F6D100BF0CB972
:10578000032070BD40F2FF5003F0CFF92846F8E740
:105790002DE9F0470027002400260025A046A14659
:1057A0007620AE4908750020086048608860C860AF
:1057B0000861084603F0F1F8032003F00EF9A5484C
:1057C0001038006840F48070A2491039086000BFAA
:1057D00012E000209D49086048608860C8604FF46E
:1057E00080600861084603F002F9FFF7B9FF04463C
:1057F00004B903E0781CC7B24A2FEADB00BF14B13A
:105800002046BDE8F0874FF4D57090490860082025
:105810004860402088600020C8604FF480600861C4
:10582000084603F0E4F8FFF777FF044624B90120A7
:10583000854908704FF0804900208449086037206E
:105840004860402088600020C8604FF48060086194
:10585000084603F0CCF83720FFF709FB0446002C7C
:105860004BD134E00020794908603720486040205F
:1058700088600020C8604FF480600861084603F02B
:10588000B6F83720FFF7F3FA04460CB12046B8E724
:10589000734849EA00006D490860292048604020AB
:1058A00088600020C8604FF480600861084603F0FB
:1058B0009EF8FFF717FF04460CB12046A1E76548A4
:1058C0000668012080EAD67080F001086D1CB8F1EE
:1058D000000F03D14FF6FF708542C3D34FF6FF7020
:1058E000854202D31B2420468BE706F08040061E2B
:1058F00032D00220544908702EE01CE05948534928
:10590000086001204860402088600020C8604FF493
:1059100080600861084603F06AF8FFF7E3FE04467A
:105920000CB120466DE74B480668012080EAD6702E
:1059300080F001086D1CB8F1000F03D14FF6FF7025
:105940008542DBD34FF6FF70854202D31B242046ED
:1059500057E703203C490870204652E73EB5002433
:1059600000250121404802F0B9FE0121C80202F0E1
:105970000FFF0121C80202F060FF4FF4F8500190C0
:1059800002208DF808008DF8090000208DF80A002B
:1059900001208DF80B0001A9344802F001FC04201D
:1059A000019001A9324802F0FBFB0C2208212F488C
:1059B00002F081FC0C2209212C4802F07CFC0C2214
:1059C0000A212A4802F077FC0C220B21274802F01A
:1059D00072FC0C221146254802F06DFC0C220221BB
:1059E000234802F068FC00214FF4006002F025FF1C
:1059F000FFF712FA31208DF8000000208DF8010029
:105A00008DF8020001208DF80300684601F0F3FFD5
:105A1000FFF7BEFE044614B9FFF7B3FD04461CB9F8
:105A20001448FFF7ADFB044634B91249B1F85410DD
:105A30000804FFF790FB044624B94FF40060FFF719
:105A400059FB0446E4B117E034000020181200208E
:105A500038000020142C01404412002000120020C5
:105A6000000010800080FF800C0040000008024011
:105A7000000C024068120020FE480078032812D172
:105A8000FD4890F8560020B1FB4890F856000128D8
:105A900001D1022500E000252846FFF7DFF90020AC
:105AA000FFF7D2F9044620463EBD10B5002002F0B3
:105AB00094FF002010BD70B590B004460E46154608
:105AC00000BFEE4804F031FC0028FAD1EB4804F0A6
:105AD00003FB4FF000600190E948029003940495A5
:105AE0000020059006904FF4806007908000089099
:105AF0008000099000200A904FF440300B90042061
:105B00000C9003200D904FF400000E9080100F9029
:105B100001A9DA4804F082FB2021D84804F0CEFB2A
:105B20000121D64804F0B4FB10B070BD014600203E
:105B300002E04910421CD0B20129FAD170472DE988
:105B4000F84F8146174698460A9C4FF0000AD34604
:105B50004D464FF0FF36B9F1000F02D12620BDE8C7
:105B6000F88F0020C64954390860C24800780228DE
:105B700005D10402780A40EAC8574FEA6828002095
:105B8000C04988604860401E0860012048610020CC
:105B9000C8600861084602F056FFB9486C380068D2
:105BA00000F0007008B10E20D9E7002C21DDB4F51B
:105BB000006F1EDC601E2040D8B92046FFF7B6FFFC
:105BC0000090B14804601020AF49486040208860D0
:105BD0000020C8604FF480600861084602F007FFAB
:105BE0001020FFF744F98246BAF1000F03D0504667
:105BF000B5E72620B3E700980001A249886008466F
:105C000044604FF0FF300860012048610220C86006
:105C100000200861084602F016FF9B48076011202B
:105C200099494860402088600020C8604FF4806037
:105C30000861084602F0DBFE1120FFF718F98246E2
:105C4000BAF1000F01D0504689E79048007800284B
:105C50005AD1FAF71AFB17E04FF4004002F05AFF4E
:105C600070B14FF0000B05E08548006845F82B0047
:105C70000BF1010BBBF1080FF6D32035844E03E086
:105C80000EB904206BE7761E7D484C38006840F260
:105C90002A6108400028DFD0082002F03BFF20B135
:105CA000082002F042FF042059E7022002F032FFF0
:105CB00020B1022002F039FF022050E7202002F03C
:105CC00029FF20B1202002F030FF062047E74FF4E3
:105CD000007002F01FFF28B14FF4007002F025FFA2
:105CE00007203CE703E06648006828602D1D4FF45C
:105CF000001002F00FFF0028F5D1FAF7C8FA40F2C1
:105D0000FF5002F012FF39E060480078012835D1D9
:105D10000020604908706049087060490870584860
:105D20004438006840F22A31084355494439086034
:105D300053485438006840F008005149543908600D
:105D4000002221464846FFF7B6FE00E0761E4B488B
:105D50005838006800F0006038B95048007820B921
:105D60004C48007808B9002EF0D10EB90420F6E6B0
:105D70004848007810B1474890F800A05046EEE639
:105D80002DE9FF5F17469846DDE90E464FF0000902
:105D9000CA464FF0FF354249009808600020384954
:105DA0005439086033480078022805D10402780A83
:105DB00040EAC8574FEA68280020324988604860A6
:105DC000401E0860012048610020C8600861084644
:105DD00002F039FE2A486C38006800F0007018B1F3
:105DE0000E2004B0BDE8F09F002C21DDB4F5006F5B
:105DF0001EDC601E2040D8B92046FFF797FE834680
:105E0000214804601020204948604020886000201C
:105E1000C8604FF480600861084602F0E8FD102079
:105E2000FFF725F88146B9F1000F03D04846D8E7BF
:105E30002620D6E7012E6ED906FB04F0B0F1007FD4
:105E400001D32620CDE74FEA0B100E49886006FBF0
:105E500004F048604FF0FF300860012048610220E4
:105E6000C86000200861084602F0EDFD06480760A2
:105E7000122017E03400002068120020586402400D
:105E8000802C01402C120020181200203C00002021
:105E9000FFFF7F003E0000203D0000203F0000206B
:105EA00040000020F9494860402088600020C86018
:105EB0004FF480600861084602F099FD1220FEF759
:105EC000D6FF8146B9F1000F01D0484689E7F04876
:105ED000007800287ED1FAF7D8F91EE04FF4004090
:105EE00002F018FEA0B14FF0000A07E0E948006890
:105EF000E949096841F82A000AF1010ABAF1080FD4
:105F0000F4D3E54800682030E3490860E34D04E03D
:105F100015B9042065E7AEE06D1EDE484C38006818
:105F200040F22A3108400028D8D0082002F0F2FDC3
:105F300020B1082002F0F9FD042052E7022002F00F
:105F4000E9FD20B1022002F0F0FD022049E7202007
:105F500002F0E0FD20B1202002F0E7FD062040E73E
:105F60004FF4007002F0D6FD28B14FF4007002F03B
:105F7000DCFD072035E709E0C6480068C649096826
:105F80000860C5480068001DC34908604FF4001050
:105F900002F0C0FD0028EFD14FF4807002F0BAFD8E
:105FA00020B3BF48007838B1BD480078012803D03D
:105FB000BB480078022819D10020B44908600C20A1
:105FC0004860402088600020C8604FF4806008610D
:105FD000084600E011E002F00AFD0C20FEF747FF42
:105FE0008146B9F1000F01D04846FAE6FAF74FF9B9
:105FF00040F2FF5002F099FD3DE0A54800780128ED
:1060000039D10020A74908700120A7490870002055
:10601000A64908709F484438006840F22A31084376
:106020009C49443908609B485438006840F0080097
:1060300098495439086006FB04F100220098FFF7E4
:106040003AFD00E06D1E9A48006800F0006008B953
:10605000002DF7D10DB90420C3E600BF93480078A6
:1060600018B9904800780028F8D08E48007810B110
:106070008C4890F800904846B3E61CB504460020D2
:10608000019000908B4800880004804908600D2032
:106090004860402088600020C8604FF4806008613C
:1060A000084602F0A4FC7B484C380068009003E0EE
:1060B00078484C3800680090009800F045000028AF
:1060C000F6D0012002F026FD20B1012002F02DFDC6
:1060D00001201CBD042002F01DFD20B1042002F0AF
:1060E00024FD0320F5E76B48703800680D2801D0C7
:1060F0001020EEE740F2FF5002F017FD65486C38C3
:10610000006801900198C0F3432020700020E0E770
:106110002DE9FF5F86B017469846149D00260020A3
:1061200005900490002481460390824602900195D8
:10613000DDF818B0DDF818B0BBF1000F03D1262050
:106140000AB0BDE8F09F00205249543908605A490E
:1061500088604860401E0860012048610020C860D7
:106160000861084602F06FFC4A486C38006800F08D
:10617000007008B10E20E3E749480078022805D1F5
:106180000502780A40EAC8574FEA6828002D1FDD4B
:10619000B5F5006F1CDC681E2840C8B92846FFF71B
:1061A000C5FC0590394805601020384948604020FA
:1061B00088600020C8604FF480600861084602F0E3
:1061C00016FC1020FEF753FE06461EB13046B7E718
:1061D0002620B5E73748008800042C4908600D20C8
:1061E0004860402088600020C8604FF480600861EB
:1061F000084602F0FCFB0D20FEF739FE06460EB104
:1062000030469DE723486C38006803904FF0FF3418
:106210001CE0641E2748008800041C4908600D200B
:106220004860402088600020C8604FF480600861AA
:10623000084602F0DCFB0D20FEF719FE06460EB103
:1062400030467DE713486C3800680390039800F4EB
:10625000807008B9002CDCD10CB9292070E70B48FC
:106260000760182009494860402088600020C86005
:106270004FF480600861084602F0B9FB1820FEF771
:10628000F6FD0646D6B130465AE700001812002047
:106290003C000020802C014040000020FFFF7F00D8
:1062A000340000203E0000203D0000203F00002080
:1062B00000640240380000202C1200200020F84921
:1062C000087005980001F7498860084645604FF05E
:1062D000FF300860012048610020C860086108465E
:1062E00002F0B1FB4FF0FF34EF48007800287CD17A
:1062F000F9F7CBFF43E04FF4804002F00BFCC8B34A
:106300000198A0EB0900202821D20198A0EB0900F8
:1063100000F0030020B90198A0EB0900800804E018
:106320000198A0EB09008008401C02904FF0000A81
:1063300009E0DE49DBF8000008600AF1010A0BF110
:10634000040B09F1040902988245F2D30FE04FF0E3
:10635000000A05E05BF82A00D44908600AF1010A46
:10636000BAF1080FF6D30BF1200B09F120096FF0F9
:10637000404404E0FFE70CB90420E1E6641ECB488A
:106380004C38006840F21A6108400028B3D0082059
:1063900002F0C0FB20B1082002F0C7FB0420CFE6CA
:1063A000022002F0B7FB20B1022002F0BEFB022067
:1063B000C6E6102002F0AEFB20B1102002F0B5FBC3
:1063C0000520BDE64FF4007002F0A4FB30B14FF49D
:1063D000007002F0AAFB0720B2E606E0F9F757FFCB
:1063E00040F2FF5002F0A1FB43E0AF4800780128E3
:1063F0003FD10020AE490870A9490870AD49087026
:10640000AA484438006840F21A310843A749443981
:106410000860402229460698FFF74DFBA3485438F0
:10642000006840F00800A1495439086000E0641E8B
:10643000A148006800F0006008B9002CF7D11CB931
:10644000FFF78CFA04207BE64FF0FF3400E0641E77
:106450009848007820B99648007808B9002CF6D101
:106460000CB904206CE69248007810B1904800788E
:1064700066E640F2FF5002F058FB04A8FFF7FDFD6E
:10648000064603E004A8FFF7F8FD06463EB99DF86E
:1064900010000728F6D09DF810000628F2D03046EC
:1064A0004EE62DE9FF5F84B0DDE9124700260020AB
:1064B00003900290002580468146019007FB04FB73
:1064C000DDF810A0DDF810A0BAF1000F03D12620EE
:1064D00008B0BDE8F09F0020744954390860714944
:1064E00088604860401E0860012048610020C86044
:1064F0000861084602F0A7FA6C486C38006800F0A2
:10650000007008B10E20E3E76C480078022808D13B
:106510000402DDE90601400A40EAC1504912CDE912
:106520000601002C1FDDB4F5006F1CDC601E20404E
:10653000C8B92046FFF7FAFA0390614804601020BA
:106540005F494860402088600020C8604FF4806048
:106550000861084602F04BFA1020FEF788FC064658
:106560001EB13046B4E72620B2E7012F6FD907FBF2
:1065700004F0B0F1007F01D32620A9E74F4800784E
:1065800038B14E480078012803D04C4800780228E2
:106590002DD14C48008800044949086037204860E4
:1065A000402088600020C8604FF480600861084681
:1065B00002F01DFA3720FEF75AFC06460EB13046AF
:1065C00086E73F48076017203D49486040208860C3
:1065D0000020C8604FF480600861084602F007FAA6
:1065E0001720FEF744FC06460EB1304670E73449EA
:1065F0000698086019204860402088600020C86024
:106600004FF480600861084602F0F1F91920FEF7A6
:106610002EFC06460EB130465AE703980001214988
:10662000886007FB04F048604FF0FF3008600120ED
:1066300048610020C8600861084602F004FA1A4860
:106640000078002872D1451EF9F71FFE54E0F8E0EB
:106650004FF4804002F05EFAB0B3ABEB08002028A4
:1066600033D2ABEB080000F0030018B9ABEB080025
:10667000800803E0ABEB08008008401C01904FF05D
:10668000000909E00949DAF80000086009F1010988
:106690000AF1040A08F1040801988145F2D324E0C4
:1066A0003D0000202C1200203C000020802C0140E6
:1066B0003E0000203F000020006402403400002023
:1066C000181200203800002012E04FF0000905E009
:1066D0005AF82900F749086009F10109B9F1080FD2
:1066E000F6D30AF1200A08F120086FF0404503E0D4
:1066F0000DB90420ECE66D1EEE484C38006840F2FF
:106700001A3108400028A3D0082002F003FA20B173
:10671000082002F00AFA0420DAE6022002F0FAF970
:1067200028B1022002F001FA0220D1E640E0102058
:1067300002F0F0F920B1102002F0F7F90520C7E6C9
:106740004FF4007002F0E6F928B14FF4007002F047
:10675000ECF90720BCE64FF4807002F0DBF900B3DF
:10676000D548007838B1D4480078012803D0D24801
:106770000078022815D10020D04908600C2048601C
:10678000402088600020C8604FF48060086108469F
:1067900002F02DF90C20FEF76AFB06460EB13046DA
:1067A00096E6F9F774FD40F2FF5002F0BEF948E0BA
:1067B000C3480078012844D10020C2490870012054
:1067C000C14908700020C1490870BA4844380068BF
:1067D00040F21A310843B7494439086007FB04F115
:1067E00040220498FFF767F9B2485438006840F037
:1067F0000800B049543908604FF0FF3500E06D1EC5
:10680000B348006800F0006008B9002DF7D11DB949
:10681000FFF7A4F804205BE64FF0FF3500E06D1EA3
:10682000AA48007820B9A748007808B9002DF6D109
:106830000DB904204CE6A348007810B1A1480078B7
:1068400046E640F2FF5002F070F902A8FFF715FC8F
:10685000064603E002A8FFF710FC06463EB99DF885
:1068600008000728F6D09DF808000628F2D0304628
:106870002EE610B54FF4807002F04CF988B39248C0
:106880000078012814D100208C4908600C20486051
:10689000402088600020C8604FF48060086108468E
:1068A00002F0A5F80C20FEF7E2FA8649087002E033
:1068B0000020844908707F484838006840F48070A0
:1068C0007C4948390860081D00684CF23A31884319
:1068D00078494439086001207C490870794800787B
:1068E00010BDFFE7022002F015F978B1022002F096
:1068F0001CF97048443800684CF23A3188436D49BD
:106900004439086002206F490870E9E7082002F066
:1069100001F978B1082002F008F9664844380068A7
:106920004CF23A3188436349443908600420654990
:106930000870D5E7202002F0EDF878B1202002F0B1
:10694000F4F85C48443800684CF23A3188435949BD
:106950004439086006205B490870C1E7102002F046
:10696000D9F878B1102002F0E0F8524844380068B5
:106970004CF23A3188434F49443908600520514967
:106980000870ADE74FF4007002F0C4F880B14FF426
:10699000007002F0CAF84748443800684CF23A31B7
:1069A000884344494439086007204649087097E7FE
:1069B000002095E710B5FFF75CFF10BD70B50446E9
:1069C000002514B92625284670BD424800880004D9
:1069D0003A4908600D204860402088600020C86067
:1069E0004FF480600861084602F001F80D20FEF7C0
:1069F0003EFA05460DB12846E6E72E486C38006899
:106A000020602846E0E708B5002000906846FFF7C0
:106A1000D5FF08B1FF2008BD0098C0F34320FAE776
:106A20002DE9FE4F83460C46914600200290002639
:106A300025462C46700240EAD5566D020BF0030045
:106A4000F0B14FF0000A18E04FF4007000904FEAE8
:106A50004A20471946EBE0733A461F48FFF76FF8A4
:106A600002904FF400721C4958460BF098FF0BF54A
:106A7000007B0AF1010000F0FF0ACA45E4DB16E0E2
:106A8000B9F1010F09D14FF400702A463346009046
:106A90005846FFF754F8029009E04FF400702A4678
:106AA0003346CDE900095846FFF76AF9029002988B
:106AB000BDE8FE8F802C0140340000201812002019
:106AC0003C0000203E0000203D0000203F00002050
:106AD0000064024038000020C01200202DE9FE4F63
:106AE00081460C46924600200290002625462C4600
:106AF000700240EAD5566D0209F00300F0B14FF084
:106B0000000B18E04FF40072494619480BF047FF9C
:106B10004FF4007000904FEA4B20471946EBE073AA
:106B20003A461348FFF7F4FA029009F500790BF1A1
:106B3000010000F0FF0BD345E4DB16E0BAF1010FD2
:106B400009D14FF400702A46334600904846FFF7BB
:106B5000DFFA029009E04FF400702A463346CDE98F
:106B6000000A4846FFF79DFC02900298BDE8FE8FA0
:106B7000C012002010B5012003F037FD012811D10B
:106B8000F9F78AFB012003F03CFDB048006808B922
:106B9000012000E00020AD490860AD480078401CAD
:106BA000AB49087010BD2DE9F04190B004460D4688
:106BB00016461F46DDF858800121880501F08EFD3C
:106BC000A44803F089FA00BFA24803F0AEFB0028F6
:106BD000FAD14FF0007001909F480290039400207A
:106BE000049005960690CDF81C804FF480500890D4
:106BF000099700110A9040020B9004200C9003208A
:106C00000D9000200E900F9001A9924803F006FB12
:106C1000E5B101218F4803F06EFB4FF400222946B5
:106C20008C4803F073FB012210218A4803F0BDFB5E
:106C300039208DF8000000208DF801008DF8020049
:106C400001208DF80300684600F0D5FE10B0BDE8C5
:106C5000F08110B581497F4803F077FB012806D108
:106C60007E497C4803F08DFB7D480068804710BD5D
:106C70000EB50121172001F031FD0121084601F078
:106C80003EFD5020019002208DF8080000208DF874
:106C90000A0003208DF8090001208DF80B0001A9DE
:106CA000704801F07DFAC020019001A96E4801F002
:106CB00077FA4FF43C60019001A96C4801F070FA3A
:106CC0006020019001A96A4801F06AFA0D220421AE
:106CD000644801F0F0FA0D220621624801F0EBFA57
:106CE0000D220721604801F0E6FA0D2206215F48D7
:106CF00001F0E1FA0D2207215C4801F0DCFA0D22D7
:106D000008215A4801F0D7FA0D220921574801F00D
:106D1000D2FA0D220B21554801F0CDFA0D220621A1
:106D2000514801F0C8FA0D220521514801F0C3FA7B
:106D30000D2206214E4801F0BEFA03F0A1FB00200F
:106D40004C49088048818881088120208880002063
:106D50004880C880084603F09FFB0121084603F0E5
:106D60001BFC012003F0F7FB4E208DF800000020F3
:106D70008DF801008DF8020001208DF803006846AF
:106D800000F039FE0EBD10B500210846FAF7EEF806
:106D9000FAF7CFF801212F4803F07AFA012003F027
:106DA000E9FB10BD10B5002003F0E4FB00BF2A484A
:106DB0002838006800F001000028F8D1002125489B
:106DC00003F066FA10BD2DE9F04106460F46144661
:106DD0001D46FFF7E7FF4FF6FF70FAF7D9FC2B4689
:106DE000224639463046FAF713FC2946204600F081
:106DF00069FA00210846FAF7B9F8FAF79AF801217A
:106E0000144803F045FA012003F0B4FBBDE8F0811B
:106E100070B504460E46154603F032FB00201549B6
:106E2000088048818881B001088160018880002045
:106E30004880E801C880084603F02EFB012003F0DB
:106E400099FB012003F087FB70BD0000A88242423D
:106E5000440000202864024028000550000800106B
:106E600048000020000002400004024000080240E8
:106E700000100240C01400207CB5002501214020F4
:106E800001F02CFC4FF40240009001208DF804002A
:106E900000208DF8060002208DF8050001208DF8F5
:106EA00007006946F94801F07BF90020F8490860BD
:106EB0000A2000F0B7FC0020F649C1F8BC020A2005
:106EC00000F0B0FC0120F2491831086000F0C4FA6B
:106ED0000121FF2000F0AEFB8021122000F0AAFB70
:106EE000322000F09FFC1C2000F0C3FB04464FF64C
:106EF000FF7000EA04241D2000F0BBFB044347F6AA
:106F0000A270844205D02146E3A00BF05DFB012076
:106F10007CBD0A2000F0ADFB04464FF6FF7000EA8E
:106F200004240B2000F0A5FB044342F2426084429B
:106F300003D02146DBA00BF047FB00250AE0DC4A2A
:106F400002EB45025178DA4A12F8150000F072FBA4
:106F5000681C85B2B22DF2D30020D9E710B5002409
:106F600000BF0AE0D34A02EB44025178D14A12F83A
:106F7000140000F05FFB601C84B2082CF2D30024E4
:106F80000AE0CD4A02EB44025178CB4A12F81400D1
:106F900000F050FB601C84B2072CF2D310BD10B57A
:106FA000002400BF0AE0C54A02EB44025178C34AFC
:106FB00012F8140000F03EFB601C84B20E2CF2D3D9
:106FC00010BD70B50546BE4800EBC506002409E0BB
:106FD000012202EB4402B15C16F8140000F02AFB17
:106FE000601CC4B2042CF3DB70BD2DE9F0410446F3
:106FF0005E254126542734B1022C0ED0032C10D02C
:10700000042C16D111E00021FF2000F013FB102109
:10701000C72000F00FFBBDE8F081652541264F2712
:1070200007E052254126662703E042253F267127C7
:1070300000BF00BF0021FF2000F0FCFA4021C72064
:1070400000F0F8FA2946CC2000F0F4FA3146CD20C1
:1070500000F0F0FA3946CE2000F0ECFA00BFDAE793
:1070600070B50446A01C082141EA0010C5B20021F9
:10707000FF2000F0DFFA00217C2000F0DBFA022183
:107080007D2000F0D7FA03217C2000F0D3FA2946B6
:107090007D2000F0CFFA29467D2000F0CBFA70BDAC
:1070A00010B504460021FF2000F0C4FA00217C2026
:1070B00000F0C0FA04217D2000F0BCFA09217C20F8
:1070C00000F0B8FA2007010E7D2000F0B3FA00218D
:1070D0007D2000F0AFFA10BD70B5044620252026B3
:1070E00034B1012C07D0032C08D0042C0CD108E0BB
:1070F0001825342608E01C252A2605E02425162616
:1071000002E028250C2600BF00BF0021FF2000F070
:1071100091FA00217C2000F08DFA04217D2000F0FE
:1071200089FA07217C2000F085FA20217D2000F0DB
:1071300081FA29467D2000F07DFA31467D2000F05D
:1071400079FA06217D2000F075FA70BD2DE9F04135
:107150000446002580268027072C19D2DFE804F09A
:10716000180406080C101400402511E018250FE043
:1071700018254026C0270BE018254026402707E0A9
:107180001825A026402703E018254026A62700BF83
:1071900000BF0021FF2000F04DFA00217C2000F00C
:1071A00049FA29467D2000F045FA05217C2000F0AF
:1071B00041FA31467D2000F03DFA39467D2000F04D
:1071C00039FABDE8F08170B505460121FF2000F0D5
:1071D00031FA122000F04DFA044624F002040DB1F9
:1071E00044F002042146122000F024FA70BD2DE97B
:1071F000F04705460E4617469846384607EBD071CD
:1072000005EB61011FFA81F9404608EBD07106EBEE
:1072100061011FFA81FA0121FF2000F00BFA03201F
:1072200000F027FA044604F0F0040AF003013046A7
:1072300061F39F0004432146032000F0FBF9C6F3ED
:107240008701192000F0F6F9CAF387011A2000F02F
:10725000F1F9322000F00DFA044604F0C00409F000
:107260000701284661F3DF0004432146322000F085
:10727000E1F9C5F3C701172000F0DCF9C9F3C70134
:10728000182000F0D7F9BDE8F08700000018024090
:10729000A4024342000043424D49443A25640D0A8A
:1072A000000000004849443A25640D0A000000002F
:1072B00002480108F24A0108C84A0108D64A0108F2
:1072C000024B01082DE9F04104460D46E11704EB9D
:1072D00091718910A4EB810111B10120BDE8F08109
:1072E000E91705EB91718910A5EB810109B1022025
:1072F000F4E72046E11704EB9171C1F38F072846AC
:10730000E91705EB9171C1F38F060021FF2000F012
:1073100091F90421E02000F08DF9F9B25A2000F033
:1073200089F9F1B25B2000F085F9C7F30128042048
:1073300000EAA61040EA080841465C2000F07AF90D
:107340000021E02000F076F90020C7E72DE9F047A2
:107350008046894614461D46E11704EB9171891059
:10736000A4EB810111B10120BDE8F087E91705EB1D
:1073700091718910A5EB810109B10220F4E7204643
:10738000E11704EB9171C1F38F062846E91705EB6D
:107390009171C1F38F0A0021FF2000F04BF9042105
:1073A000E02000F047F9F1B2512000F043F90AF073
:1073B000FF01522000F03EF908F0FF01532000F0D9
:1073C00039F909F0FF01542000F034F9802000EA77
:1073D0006A07702000EA29100743082000EA6610B7
:1073E0000743C8F3022007433946552000F022F92D
:1073F000802000EAA601572000F01CF90021E020BF
:1074000000F018F90020AFE770B504460D460021E2
:10741000FF2000F00FF90421E02000F00BF9C4F385
:10742000C701C02000F006F9C5F3C701C12000F074
:1074300001F96007860E05F007000643802000EA88
:107440002410064331468C2000F0F4F80021E0209F
:1074500000F0F0F8002070BD1CB50121082001F0FB
:107460003DF9C020009001208DF8040000208DF827
:10747000060002208DF8050001208DF807006946FE
:107480008F4800F08DFEC0218D4800F005FF8C482C
:10749000006820F440408A4908600846006840F4CB
:1074A000804008601CBD10B50120864908608649EF
:1074B000C1F89802322000F06DF90020814908607F
:1074C000322000F067F900207F49C1F8980210BD12
:1074D00010B500207B490860322000F05BF90120E4
:1074E0007949C1F89802322000F054F90120754919
:1074F0000860322000F04EF910BD10B5322000F0C7
:1075000049F901206F4908606F49C1F8980232209B
:1075100000F040F900206B49091F0860322000F09C
:1075200039F900206849C1F89C02322000F032F994
:1075300010BD70B5044600261BE004F0800018B1B1
:1075400001206049086002E000205E490860600692
:10755000040E322000F01EF901205A49091F08606C
:10756000322000F017F900205749C1F89802701C2A
:10757000C6B2082EE1DB5248006820F44040504972
:107580000860084600680860322000F003F9012016
:107590004C49091F0860322000F0FCF84A48D0F836
:1075A0001C0208B1012500E0002500204549091F03
:1075B00008604348006820F440404149086008469C
:1075C000006840F480400860284670BD70B5002413
:1075D0003B48006820F4404039490860084600688C
:1075E0000860082517E0322000F0D4F80120354962
:1075F000091F08606006040E3348D0F81C0208B169
:10760000601CC4B2322000F0C5F800202D49091FCB
:107610000860681EC5B2002DE5DC2948006820F42A
:107620004040274908600846006840F480400860F0
:10763000204670BD70B505460C460026FFF733FFA7
:107640006020FFF776FF00B10126642000F0A2F869
:107650002846FFF76EFF00B10126642000F09AF87B
:107660002046FFF766FF00B10126FFF731FF3046E5
:1076700070BD70B504460025FFF715FF6020FFF7C9
:1076800058FF642000F086F82046FFF752FF642080
:1076900000F080F8FFF71CFF642000F07BF8FFF794
:1076A00002FF6120FFF745FF642000F073F8FFF749
:1076B0008DFF0546FFF721FFFFF70AFF284670BD43
:1076C000000C02409C824142008041427FB504464A
:1076D0000D460121022001F04AF8ADF804500020C7
:1076E000ADF806000294ADF80C0001A9174801F0AE
:1076F00024FD01221146154802F0C0F9012113486A
:1077000001F0A4FD1D208DF8000001208DF801007E
:1077100003208DF8020001208DF80300684600F078
:107720006AF97FBD10B50121084802F0BEF90128B1
:1077300007D10748017807A00AF046FF0020044956
:1077400008700121014802F0C1F910BD0004004099
:10775000440000206672616D653A25640D0A0000E0
:1077600010B504466FF0040000F092F9E11704EB45
:107770005171C1F3C701394A11701046007800EB0E
:107780004001C1EBC0104FF6FF7101EAC00034495F
:10779000088010BD0146314A12784A434FF0E02379
:1077A0005A6100229A611A46126942F001021A6176
:1077B00000BF4FF0E022106900F001021AB100F49E
:1077C0008032002AF5D04FF0E022126922F0010247
:1077D0004FF0E0231A6100229A6170470146204A67
:1077E00012884A434FF0E0235A6100229A611A46F8
:1077F000126942F001021A6100BF4FF0E0221069E5
:1078000000F001021AB100F48032002AF5D04FF0E6
:10781000E022126922F001024FF0E0231A610022F7
:107820009A61704770B504464FF4077094FBF0F00E
:10783000C6B24FF4077094FBF0F100FB114085B223
:1078400005E04FF40770FFF7C9FF701EC6B2002EA7
:10785000F7D115B12846FFF7C1FF70BD4C000020DD
:107860004E00002000BF704700BF4C4A128802F053
:107870004002002AF9D0C2B2484B9A80704710B536
:1078800088B004460121084600F028FF012110209D
:1078900000F07EFF07220921414800F00CFD07227D
:1078A0000A213F4800F007FD4FF4C0600690022017
:1078B0008DF81C008DF81D0000208DF81E000120A1
:1078C0008DF81F0006A9364800F06AFC02940020DB
:1078D000ADF80C00ADF80E00ADF81000ADF81400D6
:1078E0000C20ADF8120002A92C4802F032FA012156
:1078F0002A4802F0B6FA012240F22551274802F048
:1079000066FB25208DF8040003208DF805008DF816
:10791000060001208DF8070001A800F06CF808B0FF
:1079200010BD10B540F225511C4802F08BFB10B37E
:107930001A4802F0C5FAC4B21A48008800F40040A0
:10794000C8B91848008800F4804060B10A2C03D000
:1079500000201449088020E01248008840F40040CC
:107960001049088019E00D2C06D10E48008840F41B
:1079700080400C49088010E00A480088C0F30D00E0
:1079800009490C5407480088401C064908800846ED
:107990000088C72801DD0020088010BD00100140CC
:1079A0000000024054000020CE1400200948804707
:1079B00009480047FEE7FEE7FEE7FEE7FEE7FEE7D1
:1079C000FEE7FEE7FEE7FEE704480549054A064BE9
:1079D00070470000650D000889010008C0BF012044
:1079E000C0C50120C0C10120C0C1012032490143EE
:1079F000324A1160704770B5002100230F22C4780D
:107A00001CB32E4C246804F4E064C4F5E064C4F3B1
:107A10000721C1F10404E3B20A4144789C40E1B279
:107A20008478144021430C07210E254C05786155BC
:107A3000047804F01F050124AC4005786D11AD00F9
:107A400005F1E025C5F8004109E0047804F01F05C0
:107A50000124AC401B4D0678761145F8264070BDD8
:107A6000194A0A400243154B1B1F1A60704739B16F
:107A7000124A121D12680243104B1B1D1A6006E0C9
:107A80000E4A121D126882430C4B1B1D1A60704770
:107A9000042808D14FF0E021096941F004014FF0BA
:107AA000E022116107E04FF0E021096921F00401B3
:107AB0004FF0E022116170470000FA050CED00E084
:107AC00000E400E080E100E080FFFF1F30B943F2F6
:107AD000DB028100A1F1C0410A6005E043F2D2025D
:107AE0008100A1F1C0410A606FF07042411C890021
:107AF000A1F1C0410A608100A1F1C041C1F8042197
:107B00007047D0E901121143C26811430269114361
:107B10004269114382691143C2691143026A1143E8
:107B2000426A1143826A1143C26A1143026B1143D4
:107B300002689200A2F1C0421160816808290BD14D
:107B400001688900A1F1C041096841F04002016863
:107B50008900A1F1C0410A60416B0968426B52681B
:107B600041EA0211426B926841EA0221426B92891A
:107B700041EA0241426B128A41EA0251426B127D94
:107B800041EA0261426B926911430268521C920001
:107B9000A2F1C0421160C16AB1F5804F1BD1816B67
:107BA0000968826B526841EA0211826B926841EA6D
:107BB0000221826B128A41EA0251826B127D41EAF4
:107BC0000261826B9269114302689200A2F1C04285
:107BD000C2F8041107E06FF0704201688900A1F15A
:107BE000C041C1F8042170470021016002214160B9
:107BF00000218160C160016141618161C1610162F7
:107C00004FF480514162490081620021C1620163E9
:107C1000F84941638163704751B18200A2F1C042CB
:107C2000126842F001038200A2F1C042136009E031
:107C30008200A2F1C0421268EF4B1A408300A3F108
:107C4000C0431A60704710280AD118214FF0204213
:107C50001166402151664FF0FC319166D16610E00B
:107C60001821E64A116040214FF02042C2F88410EA
:107C70004FF0FC31E14A083211604FF02042C2F867
:107C80008C10704730B5002100220023446844F076
:107C9000080485682C43C5682C4305692C43456955
:107CA00044EA4524856944EA4531C4692468C569C4
:107CB0006D6844EA0524C5692D8944EA0544C5690F
:107CC0002D7B44EA0562046A2468056A6D6844EA0B
:107CD0000524056A2D8944EA0544056A2D7B44EA9A
:107CE00005630468102C05D14FF020442166A2667C
:107CF000E36608E0C14C21604FF02044C4F88820BE
:107D0000BE4C0C34236030BD102101600021416065
:107D10008160C160016141618161FC21C2691160C2
:107D2000C2695160C2699160C269D160026A116022
:107D3000026A5160026A9160026AD160704799B12B
:107D4000102808D14FF02042126E42F004024FF08A
:107D500020431A661DE0A94A126842F004024FF05F
:107D60002043C3F8802014E0102809D14FF02042AE
:107D7000126EA14BDB1E1A404FF020431A6608E03A
:107D80009E4A12689C4BDB1E1A404FF02043C3F8FA
:107D90008020704799B1102808D14FF02042126E10
:107DA00042F040024FF020431A661DE0934A1268E9
:107DB00042F040024FF02043C3F8802014E0102826
:107DC00009D14FF02042126E8B4B3F3B1A404FF0CF
:107DD00020431A6608E0894A1268874B3F3B1A40E5
:107DE0004FF02043C3F8802070470146002010293F
:107DF00003D14FF02042506F02E0804A14321068E5
:107E0000704718207D492031086000200906C1F81C
:107E1000A4004FF0FC30794928310860091D086042
:107E2000091D08607047016841F01001426841EA8D
:107E30004221826841EA4231704A20321160C168B1
:107E40000968C268526841EA0221C268128941EA9F
:107E50000241C268127B41EA0261684A283211601D
:107E6000016909680269526841EA022102691289BE
:107E700041EA02410269127B41EA02615F4A2C3207
:107E80001160416909684269526841EA0221426908
:107E9000128941EA02414269127B41EA02614FF0D4
:107EA0002042C2F8B010704700210160416081603B
:107EB000FC21C2681160C2685160C2689160C268EA
:107EC000D1600269116002695160026991600269C2
:107ED000D1604269116042695160426991604269B2
:107EE000D160704748B145492031096841F004012B
:107EF0004FF02042C2F8A01009E040492031096843
:107F00003D4AD21E11404FF02042C2F8A0107047E7
:107F100010B5F2B1102807D14FF020435B6E0B4330
:107F20004FF02044636632E0B0F5807F08D1334BD8
:107F30001B1D1B680B434FF02044C4F8843026E01F
:107F40002E4B24331B680B434FF02044C4F8A4305D
:107F50001DE0102807D14FF020435B6E8B434FF09C
:107F60002044636613E0B0F5807F08D1234B1B1DCE
:107F70001B688B434FF02044C4F8843007E01F4B4C
:107F800024331B688B434FF02044C4F8A43010BD49
:107F900010B5024600200023102A03D14FF02044E0
:107FA000636E09E0B2F5807F03D1144C241D236871
:107FB00002E0124C2434236803EA01040CB10120CE
:107FC00000E0002010BD102807D14FF02042526E73
:107FD0008A434FF020435A6619E0B0F5807F0FD1F5
:107FE000064A121D12688A434FF02043C3F88420CA
:107FF0000DE000002C4B0108FEFF0F00800000A0E8
:10800000234A12688A434FF02043C3F8A4207047E4
:1080100070B502460020002300240025102A03D159
:108020004FF02046736E08E0B2F5807F03D1184E02
:10803000203E336801E0164E336803EA010403EA88
:10804000D10514B10DB1012000E0002070BD102851
:1080500008D14FF02042526E22EAD1024FF0204365
:108060005A6614E0B0F5807F09D1094A203A1268B7
:1080700022EAD1024FF02043C3F8842007E0044AEB
:10808000126822EAD1024FF02043C3F8A4207047BF
:10809000A40000A010B504469848844208D10121EC
:1080A000084600F086FB0021012000F082FB76E00C
:1080B0009348844208D10121022000F07AFB00217C
:1080C000022000F076FB6AE08E48844208D101214C
:1080D000042000F06EFB0021042000F06AFB5EE04B
:1080E0008948844208D10121082000F062FB002168
:1080F000082000F05EFB52E08448844208D1012150
:10810000102000F056FB0021102000F052FB46E04A
:108110007F48844208D10121202000F04AFB002141
:10812000202000F046FB3AE07A48844208D1012141
:10813000402000F03EFB0021402000F03AFB2EE002
:108140007548844208D10121802000F032FB0021D3
:10815000802000F02EFB22E07048844208D10121EB
:10816000801500F026FB0021A01500F022FB16E090
:108170006B48844208D10121401500F01AFB002110
:10818000601500F016FB0AE06648844207D1012121
:10819000001500F00EFB0021201500F00AFB10BDB9
:1081A000F0B50A4600210023002400BF3DE0012570
:1081B00005FA01F3156805EA03049C4234D1056809
:1081C0004F000326BE40B543056015794E00B5400B
:1081D0000668354305601579012D02D01579022D09
:1081E00016D185684F000326BE40B543856055799A
:1081F0004E00B540866835438560456801268E404F
:10820000B5434560456896798E40B6B235434560C2
:10821000C5684F000326BE40B543C560D5794E0002
:10822000B540C6683543C560491C1029BFD3F0BDB1
:108230004FF6FF7101600021017141718171C171BF
:10824000704708B54FF480320092009A0A430092BA
:10825000009AC261C161009AC261C2690092C2699A
:10826000009208BD0246002013690B400BB10120AB
:1082700000E0002070470146086980B2704702465E
:10828000002053690B400BB1012000E00020704733
:108290000146486980B27047018370474183704747
:1082A0000AB1018300E04183704741617047426930
:1082B0004A4042617047F0B5002300244D07ED0E9F
:1082C00002FA05F3CE1000F1200555F826504E07AE
:1082D000F70E0F26BE40B543CF1000F1200646F83A
:1082E0002750CE1000F1200555F8265045EA03042A
:1082F000CE1000F1200545F82640F0BD00000240F8
:108300000004024000080240000C0240001002403D
:108310000014024000180240001C024000200240ED
:108320000024024000280240F948006840F00100A3
:10833000F74908600020F64908310860F4480068F1
:10834000F4490840F2490860F348091D0860F34801
:10835000EF4984310860F0481038091D0860EC4886
:10836000006820F48020EA4908600020E8490C31C8
:108370000860E7498C31086070470021E44A921C8C
:10838000117011460870704710B501460022002395
:1083900000204A11012A02D1DD4C236808E0022A9C
:1083A00003D1DB4C7034236802E0D94C7434236869
:1083B00001F01F02012494401C400CB1012000E098
:1083C000002010BD38B5002000900024002500BF1B
:1083D0003120FFF7D9FF05460098401C0090009817
:1083E000B0F5A04F01D0002DF2D03120FFF7CCFF27
:1083F00008B1012400E00024204638BD01460020D9
:10840000C34A106820F0F80040EAC10010607047CD
:10841000C349086070470021BD4A70321170117065
:10842000012802D004280AD104E00121B84A7032A0
:10843000117005E00521B64A7032117000E000BFEE
:1084400000BF7047B7490860704770B5049C41EAA7
:1084500082150126C6EB530645EA0645054345EA63
:108460000465AB4E361D356070BDAD49086670477A
:10847000820142EA0172A64B84331A607047A84910
:108480008866704710B5830143EA016343EA0273CB
:108490009F4C8834236010BDA14908677047A049EC
:1084A000C864704702460020994B0833186820F0D2
:1084B000EC6042EA01031843954B0833186070479B
:1084C00002460020924B0833186820F0784042EAB8
:1084D000010318438E4B0833186070470146002093
:1084E0008B4A0832106820F0030008431060704780
:1084F00087480830006800F00C00704701460020F3
:10850000834A0832106820F0F0000843106070477A
:10851000014600207E4A0832106820F4E0500843EB
:108520001060704701460020794A0832106820F434
:10853000604040EAC10010607047F0B500210022A1
:108540000024022500260223714F08373F6807F0F8
:108550000C0121B1042905D0082937D105E0724F5B
:10856000076036E0714F076033E0694F3F1D3F6899
:10857000C7F38056664F3F1D3F6807F03F036EB15B
:108580006A4FB7FBF3F7DFF888C10CF1040CDCF895
:1085900000C0CCF3881C07FB0CF40CE0624FB7FB67
:1085A000F3F7DFF86CC10CF1040CDCF800C0CCF37D
:1085B000881C07FB0CF4564F3F1D3F68C7F301476B
:1085C0007F1C7D00B4FBF5F7076002E0564F0760A3
:1085D00000BF00BF4E4F08373F6807F0F0010909A0
:1085E000534F7A5C0768D7404760494F08373F6868
:1085F00007F4E051890A4E4F7A5C4768D74087609C
:10860000434F08373F6807F46041490B484F7A5C95
:108610004768D740C760F0BD002100F44072B2F552
:10862000407F0AD13A4A0832116821F4F811414AD0
:1086300002401143364A08321160354A70321268DE
:10864000C0F30B031A43324B70331A60704735493D
:1086500044390860704733494039086070473649EB
:108660000860704701460020294A8C32106820F0CB
:108670001F004A1E1043264A8C3210607047014684
:108680000020234A8C32106820F4F8504A1E40EA39
:1086900002201F4A8C3210607047014600201C4A9D
:1086A0008C32106820F44010084310607047014677
:1086B0000020174A8C32106820F4400008431060F4
:1086C000704701460020124A8C32106820F4403076
:1086D00008431060704719490860704739B10C4A67
:1086E0003032126802430A4B30331A6006E0084AFF
:1086F000303212688243064B30331A607047F9B14A
:10870000034A343212680243014B34331A601CE0CE
:1087100000380240FFFFF6EA10300024003000204D
:1087200000004742800E47420024F40000127A0005
:1087300056000020FFFCFF0F5C014742E01147425A
:108740008F4A126882438E4B1A60704739B18C4A47
:10875000121D126802438A4B1B1D1A6006E0884AEC
:10876000121D12688243864B1B1D1A60704739B177
:10877000834A0C3212680243814B0C331A6006E0C4
:108780007F4A0C32126882437D4B0C331A6070476B
:1087900039B17B4A103212680243794B10331A60A8
:1087A00006E0774A103212688243754B10331A6024
:1087B000704739B1724A243A12680243704B243B25
:1087C0001A6006E06E4A243A126882436C4B243BDE
:1087D0001A60704739B16A4A203A12680243684BFE
:1087E000203B1A6006E0664A203A12688243644BD6
:1087F000203B1A60704739B1614A1C3A1268024343
:108800005F4B1C3B1A6006E05D4A1C3A12688243CB
:108810005B4B1C3B1A60704739B1594A143A1268D5
:108820000243574B143B1A6006E0554A143A12684B
:108830008243534B143B1A60704739B1504A103A87
:10884000126802434E4B103B1A6006E04C4A103A45
:10885000126882434A4B103B1A60704739B1484A4C
:108860001C3212680243464B1C331A6006E0444A2D
:108870001C3212688243424B1C331A60704739B174
:108880003F4A2032126802433D4B20331A6006E013
:108890003B4A203212688243394B20331A607047BA
:1088A00039B1374A243212680243354B24331A60F7
:1088B00006E0334A243212688243314B24331A6073
:1088C000704739B12E4A2C32126802432C4B2C339C
:1088D0001A6006E02A4A2C3212688243284B2C3355
:1088E0001A60704739B1264A303212680243244B6D
:1088F00030331A6006E0224A303212688243204B3D
:1089000030331A607047012808D11D493C3109688D
:1089100041F008011A4A3C32116007E018493C3125
:10892000096821F00801164A3C321160704739B1DC
:10893000134A273A12780243114B273B1A7006E07C
:108940000F4A273A127882430D4B273B1A70704723
:108950000B484030006840F08070094940310860A1
:10896000704701460020064A283A12680A400AB1B8
:10897000012000E000207047014926390870704747
:108980003438024010B50121C802FFF756FF00211C
:108990004FF40060FFF751FF10BD00216C4A1168D1
:1089A00047F6FF629143027D83681A4343681A4386
:1089B000C3681A4303681A4303691A431143644A9C
:1089C0001160704700210175016041608160C160E4
:1089D000016170475F49086070475D49091F086081
:1089E00070475B48001F006800F0030070470021DB
:1089F000574B1B1D02681A601A1D11686FF30A019C
:108A0000D0E901231A43C3681A4303691A43114387
:108A10004F4A083211607047002101604160816057
:108A2000C160016170474A480C300068C0B27047AD
:108A300008B50146002000904548103008440090D9
:108A40000098006808BD0021414B203302681A607D
:108A50001B1D42681A601A1D116821F0F701D0E948
:108A600002231A4303691A4343691A431143384ADC
:108A70002832116070474FF0FF31016000214160E2
:108A80008160C16001614161704731482C300068EC
:108A900070472F487C30006870472D497C31086052
:108AA00070472B484430006870472B490860704776
:108AB0002949091D08607047274908310860704737
:108AC00025490C31086070472449086070472349E4
:108AD000091D0860704701218143204A0832116056
:108AE00070471E490C31086070471B4914390860F3
:108AF000704739B1164A383212680243144B383382
:108B00001A6006E0124A383212688243104B38333A
:108B10001A607047014600200D4A303212680A4040
:108B20000AB1012000E00020704709493431086093
:108B3000704701460020064A303212680A400AB1E6
:108B4000012000E00020704701493431086070477F
:108B5000042C0140A0802542A0852542AC812542FD
:108B600010B50446FB48844208D101218014FFF768
:108B700064FE0021A014FFF760FE3CE0F64884424A
:108B800008D101210014FFF747FE00212014FFF750
:108B900043FE30E0F148844208D10121C013FFF7C1
:108BA0003BFE0021E013FFF737FE24E0EC4884424F
:108BB00008D101214014FFF740FE00216014FFF7A7
:108BC0003CFE18E0E748844209D101210805FFF77F
:108BD00034FE00214FF48010FFF72FFE0BE0E24837
:108BE000844208D101214805FFF727FE00214FF4F8
:108BF0000010FFF722FE10BD10B50022028802F41B
:108C000041520B884C8823438C882343CC882343D0
:108C10000C8923434C8923438C892343CC892343E8
:108C20001A430280838B4FF2FF74234083830B8AA5
:108C3000038210BD2DE9F04F0025022300244FF0E0
:108C4000010900220026002794469046B0F81CA097
:108C50004FF2400B0AEA0B0AA0F81CA04FF0020AE0
:108C6000A0F820A0858BD1F808A0BAF1020F01D19D
:108C700000BF82E0B1F804A0BAF1000F02D14FF0BA
:108C8000010901E04FF00209DFF8E0A2DAF800A0E4
:108C90000AF4000ABAF1000F09D0DFF8D0A2DAF81E
:108CA00000A02AF4000ADFF8C4B2CBF800A0DFF875
:108CB000BCA20AF17C0ADAF800A0CAF3881CDFF82B
:108CC000ACA20AF17C0ADAF800A0CAF30278DFF855
:108CD0009CA2AAF1040ADAF800A00AF03F07DFF824
:108CE0008CA2AAF1040ADAF800A00AF4800ABAF504
:108CF000800F08D1DFF878A2BAFBF7FA0AFB0CFA6A
:108D0000BAFBF8F607E0DFF86CA2BAFBF7FA0AFB49
:108D10000CFABAFBF8F6B1F806A0BAF5007F0ED14E
:108D20004FEA162A0AEB8A0A4FEA4A0AD1F808B033
:108D3000BAFBFBFA0AF1050A1FFA8AF20FE04FEAC2
:108D4000491AB6FBFAFA0AEB8A0A4FEA4A0AD1F83C
:108D500008B0BAFBFBFA0AF1050A1FFA8AF24FF0D3
:108D60000A0AB2FBFAF202F00104A2EB040ACAF307
:108D70004F034FF6FF7A0AEA0424022B01DBFF2B94
:108D800001DD02230024B1F806A04AEA040A4AEAF7
:108D9000030AA0F820A0B1F804A0B1F80CB04AEA88
:108DA0000B0AB1F802B04AEA0B0AB1F800B04AEA7D
:108DB0000B0A4AF4006A4AEA05058583BDE8F08F8C
:108DC0000021018041808180C180018141818181B8
:108DD000C18107210182704700210180418081808B
:108DE000C1800221816000218181704721B1028808
:108DF00042F04002028004E002884FF6BF731A403E
:108E00000280704721B1828B42F48062828304E049
:108E1000828B4FF6FF331A408283704702884FF2ED
:108E2000FF731A40028002880A4302807047B1F53E
:108E3000804F04D1028842F48042028004E002881C
:108E40004BF6FF731A40028070474FF6FF62914263
:108E500004D0028842F48072028004E002884FF657
:108E6000FF631A400280704721B1828842F00402F9
:108E7000828004E082884FF6FB731A40828070473C
:108E800021B1828842F01002828004E082884FF68D
:108E9000EF731A408280704730B500220023848B24
:108EA0004FF240052C40848302240484828B0C887A
:108EB000B4F5007F01D00C8814B94FF4807308E03A
:108EC0000C88B4F5407F03D00C88B4F5807F00D1C6
:108ED00000238C888D892C434D882C431C4344F4FB
:108EE00000642243828330BD0146888970478181B6
:108EF000704721B1028842F40052028004E00288E7
:108F00004DF6FF731A4002807047018841F480518A
:108F10000180704702460020012901D0108B00E03B
:108F2000908A70470146088A70471AB183880B43BC
:108F3000838002E083888B438380704730B50024B0
:108F400000230C110125A540ABB2AAB185881D43B1
:108F5000858014E00030014000380040003C0040B3
:108F600000340140005001400054014008380240E4
:108F700000127A000024F40085889D43858030BD6E
:108F80000246002013890B400BB1012000E00020B5
:108F90007047CA4302817047F0B5024600200024A2
:108FA0000023002501F00F070126BE40B4B20B11CB
:108FB00001269E40B3B2968806EA0305168926402C
:108FC00016B10DB1012000E00020F0BD10B5002267
:108FD00001F00F040123A3409AB2D343038110BDD3
:108FE00010B50446FE48844208D101210846FFF727
:108FF00024FC00210120FFF720FC9DE0B4F1804F0C
:1090000008D101210846FFF707FC00210120FFF7E6
:1090100003FC91E0F348844208D101210220FFF7CC
:10902000FBFB00210220FFF7F7FB85E0EE488442BE
:1090300008D101210420FFF7EFFB00210420FFF7F6
:10904000EBFB79E0E948844208D101210820FFF7D1
:10905000E3FB00210820FFF7DFFB6DE0E4488442DA
:1090600008D101211020FFF7D7FB00211020FFF7C6
:10907000D3FB61E0DF48844208D101212020FFF7C3
:10908000CBFB00212020FFF7C7FB55E0DA488442E4
:1090900008D101210220FFF7D0FB00210220FFF7B9
:1090A000CCFB49E0D548844209D101210804FFF7EF
:1090B000C4FB00214FF48030FFF7BFFB3CE0D048F9
:1090C000844209D101214804FFF7B7FB00214FF486
:1090D0000030FFF7B2FB2FE0CA48844209D10121DA
:1090E0008804FFF7AAFB00214FF48020FFF7A5FBBF
:1090F00022E0C548844208D101214020FFF78CFBC3
:1091000000214020FFF788FB16E0C048844208D1C8
:1091100001218020FFF780FB00218020FFF77CFBEE
:109120000AE0BB48844207D101218015FFF774FB98
:109130000021A015FFF770FB10BD00220288A84B8C
:1091400098420ED0AC4B98420BD0B0F1804F08D073
:10915000A44B984205D0A44B984202D0A34B98420E
:1091600004D14FF68F731A404B881A43A04B984294
:1091700007D0A04B984204D04FF6FF431A400B890A
:109180001A4302804B68C3620B880385944B984254
:1091900002D0994B984201D18B7A038601238382B6
:1091A00070474FF0FF314160002101800181418013
:1091B000817270470185828270470A4600210188CA
:1091C0004FF68F7319401143018070474162704719
:1091D000C16270470146486A70470146088D704772
:1091E00021B1028842F00202028004E002884FF6B8
:1091F000FD731A400280704721B1028842F00402D8
:10920000028004E002884FF6FB731A400280704728
:1092100021B1028842F08002028004E002884FF609
:109220007F731A400280704702884FF6F7731A4026
:10923000028002880A430280704702884FF6FF438B
:109240001A40028002880A430280704721B10288D6
:1092500042F00102028004E002884FF6FE731A40D9
:109260000280704770B5002400220023058C4FF661
:10927000FE7635400584028C8388048B4FF68F750B
:109280002C40B51E2C400D882C43751E2A408D891C
:109290002A434D882A43524DA84202D0564DA84237
:1092A00013D14FF6F7752A40CD892A434FF6FB7547
:1092B0002A408D882A434FF6FF652B404FF6FF5515
:1092C0002B400D8A2B434D8A2B43838004838D686A
:1092D0004563028470BD70B5002400220023058C14
:1092E0004FF6EF7635400584028C8388048B48F670
:1092F000FF752C404FF6FF452C400D884FF6FF764A
:1093000006EA05252C434FF6DF752A408D8906EACB
:1093100005152A434D8806EA05152A43304DA84213
:1093200002D0354DA8421DD14FF67F752A40CD8918
:109330004FF6FF7606EA05152A434FF6BF752A4019
:109340008D8806EA05152A434FF6FF352B404FF26C
:10935000FF752B400D8A06EA85052B434D8A06EAE8
:1093600085052B43838004838D688563028470BDEB
:1093700070B5002400220023058C4FF6FF663540AF
:109380000584028C8388848B4FF68F752C404FF6B2
:10939000FC752C400D882C434FF6FF552A408D89D3
:1093A0004FF6FF7606EA05252A434D8806EA05258D
:1093B0002A430B4DA84202D00F4DA84238D14FF29C
:1093C000FF752A40CD894FF6FF7606EA05252A4328
:1093D0004FF6FF352A408D8806EA05252A4319E015
:1093E000000001400004004000080040000C004064
:1093F0000010004000140040000401400040014003
:10940000004401400048014000180040001C00409A
:10941000002000404EF6FF752B404DF6FF752B40A7
:109420000D8A06EA05152B434D8A06EA05152B43DE
:10943000838084838D68C563028470BD70B500220B
:1094400000230024058C4EF6FF7635400584038CFE
:109450008488828B48F6FF752A404FF6FF452A40E4
:109460000D884FF6FF7606EA05252A434DF6FF756F
:109470002B408D8906EA05352B434D8806EA0535D4
:109480002B43FE4DA84202D0FD4DA84208D14BF619
:10949000FF752C400D8A4FF6FF7606EA85152C43A2
:1094A000848082838D680564038470BD00210180FF
:1094B0004180818081608181C181018241827047C8
:1094C00070B50346002000241846183001258D4051
:1094D000ACB21D8CA5431D8409B108290AD100EB4B
:1094E000610005684FF68F763540056005681543C5
:1094F00005600FE00D1FC5F34E052844056848F6CA
:10950000FF763540056005684FF6FF7606EA0226CD
:109510003543056070BD4163704781637047C16327
:109520007047016470470A460021018B4FF68F7324
:1095300019401143018370470A460021018B48F608
:10954000FF7319404FF6FF7303EA022319430183A7
:1095500070470A460021818B4FF68F7319401143E3
:10956000818370470A460021818B48F6FF731940BA
:109570004FF6FF7303EA02231943818370470A46BB
:109580000021018B4FF6F773194011430183704797
:109590000A460021018B4FF2FF7319404FF6FF730B
:1095A00003EA02231943018370470A460021818B95
:1095B0004FF6F77319401143818370470A46002123
:1095C000818B4FF2FF7319404FF6FF7303EA0223BA
:1095D0001943818370470A460021018B4FF6FB73C4
:1095E00019401143018370470A460021018B4FF651
:1095F000FF3319404FF6FF7303EA02231943018337
:1096000070470A460021818B4FF6FB7319401143C6
:10961000818370470A460021818B4FF6FF33194042
:109620004FF6FF7303EA02231943818370470A460A
:109630000021018B4FF67F7319401143018370475E
:109640000A460021018BC1F30E014FF6FF7303EAB6
:1096500002231943018370470A460021818B4FF68C
:109660007F7319401143818370470A460021818B23
:10967000C1F30E014FF6FF7303EA022319438183FE
:1096800070470A460021018C4FF6FD7319401143C3
:10969000018470470A460021018C4FF6F773194088
:1096A0001143018470470A460021018C4FF6DF7395
:1096B00019404FF6FF7303EA021319430184704700
:1096C0000A460021018C4FF67F7319404FF6FF7355
:1096D00003EA02131943018470470A460021018CF2
:1096E0004FF6FF5319404FF6FF7303EA0223194365
:1096F000018470470A460021018C4FF2FF73194024
:109700004FF6FF7303EA02231943018470470A46A8
:109710000021018C4DF6FF7319404FF6FF7303EAE9
:10972000023319430184704730B5002301248C4073
:10973000A3B2048C9C430484048C02FA01F5ADB2FC
:109740002C43048430BD30B5002304248C40A3B2E4
:10975000048C9C430484048C02FA01F5ADB22C43C2
:10976000048430BD828B4FF2FF331A408283828B98
:109770004FF6FF7303EA01231A4382837047F0B563
:109780000C461546002100220026078C4EF6FF7C71
:1097900007EA0C070784818B028C4FF6FF7707EAF4
:1097A000043640F6FF4739404FF6FF7707EA0527B2
:1097B00039434FF6FF7707EA0337394345F6FF771A
:1097C0003A4046F480573A4381830284F0BD828B4D
:1097D0004FF6F3731A408283828B0A438283704769
:1097E000F0B50C461546002100220026078C4FF6E6
:1097F000FF6C07EA0C070784818B028C4FF6FF771A
:1098000007EA04264FF60C7739404FF6FF7707EA50
:1098100003172F4339434FF2FF573A4046F48077FE
:109820003A4381830284F0BD028B4FF2FF331A402A
:109830000283028B4FF6FF7303EA01231A4302836C
:109840007047F0B50C461546002100220026078C13
:109850004FF6EF7C07EA0C070784018B028C4FF66A
:10986000FF7707EA041640F6FF4739404FF6FF77C7
:1098700007EA033739434FF6FF7703E00000014062
:109880000004014007EA052739434FF65F773A4065
:1098900046F010073A4301830284F0BD028B4FF675
:1098A000F3731A400283028B0A4302837047F0B5B8
:1098B0000C46154600210022068C4FF6FE773E40EE
:1098C0000684018B028C4FF60C7631407E1C06EA32
:1098D00003162E4331434FF6F576324044F001062D
:1098E000324301830284F0BD70B505460C462088E2
:1098F00050B92389A28861882846FFF7D8FFE188FC
:109900002846FFF7CBFF25E0208804280AD12389C9
:10991000A28861882846FFF794FFE1882846FFF770
:1099200083FF17E0208808280AD12389A28861884C
:109930002846FFF755FFE1882846FFF748FF09E072
:109940002389A28861882846FFF719FFE188284605
:10995000FFF708FF70BD0021018041800121818057
:109960000021C180018170472DE9F04105460C4678
:1099700000260127608808B9022600E00026A0889A
:10998000012801D1022700E001272088A0B92389FE
:10999000A28861882846FFF78AFFE1882846FFF7FA
:1099A0007DFF23893A4631462846FFF74AFFE18882
:1099B0002846FFF739FF13E02389A28861882846EB
:1099C000FFF73FFFE1882846FFF72EFF23893A463D
:1099D00031462846FFF76BFFE1882846FFF75EFF18
:1099E000BDE8F0810146486B70470146886B7047BF
:1099F0000146C86B70470146086C70470A884B885F
:109A00001A438B881A43CB881A430B891A434B8914
:109A10001A438B891A43A0F8442070470021018023
:109A200041808180C180018141818181704731B154
:109A3000B0F8442042F40042A0F8442005E0B0F819
:109A40004420C2F30E02A0F84420704721B182885E
:109A500042F00402828004E082884FF6FB731A40D1
:109A60008280704721B1828842F00102828004E046
:109A700082884FF6FE731A40828070471AB183893C
:109A80000B43838102E083898B438381704781820A
:109A9000704702460020138A0B400BB1012000E002
:109AA00000207047CA430282704730B5024600204A
:109AB00000230024158A05EA0103958905EA0104BB
:109AC00013B10CB1012000E0002030BDCA43028276
:109AD000704741EA0203A0F8483070471AB1838901
:109AE0000B43838102E083898B438381704721B1DB
:109AF000828842F00802828004E082884FF6F77381
:109B00001A408280704701894FF6F8721140018136
:109B100070470A46002101894FF68F73194011439F
:109B20000181704730B504460D4629462046FFF7AF
:109B3000F0FF208940F00700208130BD2DE9F04181
:109B400004460D4616461F46602D06D13B460122AF
:109B500031462046FFF775FE05E03B4601223146BF
:109B60002046FFF7A4FE29462046FFF7D2FF2089B2
:109B700040F007002081BDE8F08130B50C4600219F
:109B80000189C9B24FF6FF7505EA03251543254340
:109B90002943018130BD2DE9F04105460E461746A7
:109BA0009846002443463A4631462846FFF7E5FFEB
:109BB0002C894FF6F870044044F007044FF68F707C
:109BC000044044F070042C81BDE8F081F0B50446F7
:109BD0000D4616461F463B46324629462046FFF7AD
:109BE000CCFF208940F480402081F0BD82884FF670
:109BF0008F731A40828082880A438280704702896C
:109C00004FF6F8731A40028102890A4302817047B5
:109C100002894FF67F731A40028102890A4302814A
:109C20007047F0B50C4615461E4600210022002361
:109C30000189028B038C4FF6F877394021434FF6A8
:109C4000FC473A4040F201173A434FF6DD773B407C
:109C50004FF6FF7707EA06172F433B430181028344
:109C60000384F0BD21B1828842F08002828004E04A
:109C700082884FF67F731A4082807047A0F8501098
:109C80007047000010B50446FA48844208D101210B
:109C90001020FEF7D2FD00211020FEF7CEFD57E088
:109CA000F548844209D101214804FEF7B5FD0021A1
:109CB0004FF40030FEF7B0FD4AE0F048844209D18D
:109CC00001218804FEF7A8FD00214FF48020FEF753
:109CD000A3FD3DE0EA48844209D10121C804FEF712
:109CE0009BFD00214FF40020FEF796FD30E0E54893
:109CF000844209D101210805FEF78EFD00214FF4B1
:109D00008010FEF789FD23E0DF48844208D101215D
:109D10002020FEF792FD00212020FEF78EFD17E0A7
:109D2000DA48844209D101218807FEF775FD002138
:109D30004FF08040FEF770FD0AE0D548844207D11D
:109D400001214005FEF768FD00216005FEF764FD76
:109D500010BD2DE9FF4705460E460024A14600BF71
:109D6000A046B08900B100BF2C8A24F44054F0888A
:109D700004432C82AC8941F20C608443B088318961
:109D80000843718908430443AC81AC8A24F44074CD
:109D9000B0890443AC826846FEF7CFFBB5488542E4
:109DA00002D0B948854202D1DDF80C9001E0DDF81F
:109DB0000890A88900F4004040B109EBC90000EB0D
:109DC000091031684900B0FBF1F707E009EBC90061
:109DD00000EB091031688900B0FBF1F76420B7FB94
:109DE000F0F004012009642101FB1078A88900F437
:109DF000004040B1322000EBC800B0FBF1F000F0B1
:109E00000700044308E0322000EB08106421B0FB97
:109E1000F1F000F00F0004432C81BDE8FF874FF400
:109E20001651016000218180C18001810C21418196
:109E300000218181704710B502460020108A20F46D
:109E400070600B884C8823438C882343CC88234341
:109E50001843108210BD0021018041808180C180A3
:109E6000704721B1828942F40052828104E08289E4
:109E70004DF6FF731A4082817047028B02F47F42D5
:109E80000283028B0A430283704721B1828942F424
:109E90000042828103E08289C2F30E028281704710
:109EA00021B1828A42F40062828204E0828A4FF207
:109EB000FF731A4082827047C1F3080282807047A4
:109EC00001468888C0F308007047028A4FF6F07395
:109ED0001A400282028A0A430282704721B18289B3
:109EE00042F00202828104E082894FF6FD731A403B
:109EF0008281704782894FF2FF731A408281828982
:109F00000A4382817047028A4FF6DF731A40028249
:109F1000028A0A430282704721B1028A42F48042D7
:109F2000028204E0028A4BF6FF731A4002827047F5
:109F3000818941F001018181704721B1828A42F01B
:109F40000802828204E0828A4FF6F7731A40828206
:109F50007047028BD2B20283028B42EA0122028353
:109F6000704721B1828A42F02002828204E0828A14
:109F70004FF6DF731A408282704721B1828A42F025
:109F80001002828204E0828A4FF6EF731A408282C6
:109F90007047828A4FF6FB731A408282828A0A4394
:109FA0008282704721B1828A42F00202828204E0FA
:109FB000828A4FF6FD731A40828270471AB1838AF3
:109FC0000B43838202E0838A8B4383827047F0B520
:109FD0000346002400260025002040F66A17B942F7
:109FE00000D100BF1846C1F3421401F01F0601273B
:109FF00007FA06F5012C01D10C3004E0022C01D146
:10A00000103000E014301AB107682F43076002E0F7
:10A010000768AF430760F0BD02460020B1F5007F3E
:10A0200000D100BF13880B400BB1012000E00020DD
:10A03000704701F40072B2F5007F00D100BFCA433F
:10A040000280704770B502460024002300250020DE
:10A0500040F66A16B14200D100BFC1F3421501F0CB
:10A060001F03012606FA03F3012D13D1968933400D
:10A0700017E000000010014000440040004800408C
:10A08000004C0040005000400014014000780040A7
:10A09000007C0040022D02D1168A334001E0968AEE
:10A0A00033400C12012606FA04F41688344013B12A
:10A0B0000CB1012000E0002070BD10B5002200238B
:10A0C00040F66A14A14200D100BF0A120124944054
:10A0D000A3B2DC43048010BD016821F001010160DE
:10A0E0000021016041608160C16001612121416105
:10A0F000DB49884204D13D21D94A103A91608CE075
:10A10000D7491831884205D14FF47461D44A103AC6
:10A11000916082E0D2493031884205D14FF4741108
:10A12000CF4A103A916078E0CD494831884205D154
:10A130004FF07461CA4A103A91606EE0C8496031CC
:10A14000884204D1C749C64A103AD16065E0C44983
:10A150007831884204D1C449C14A103AD1605CE0E8
:10A16000BF499031884204D1C049BD4A103AD160FC
:10A1700053E0BB49A831884205D14FF03D51B84A60
:10A18000103AD16049E0BA49884204D13D21B84A29
:10A19000083A116041E0B6491831884205D14FF4C0
:10A1A0007461B34A083A116037E0B14930318842EE
:10A1B00005D14FF47411AE4A083A11602DE0AC4954
:10A1C0004831884205D14FF07461A94A083A1160BC
:10A1D00023E0A7496031884204D1A249A44A121F52
:10A1E00011601AE0A2497831884204D19E49A04A00
:10A1F000121F116011E09E499031884204D19B49A1
:10A200009B4A121F116008E09949A831884204D185
:10A210004FF03D51964A121F1160704710B5002251
:10A220000268944B1A40CC680B6823434C69234363
:10A230008C692343CC6923430C6A23434C6A234330
:10A240008C6A23434C6B23438C6B23431A43026079
:10A25000426922F00702D1E90B3423431A434261D9
:10A260000B6943604B6883608B68C36010BD00213D
:10A27000016041608160C160016141618161C161D2
:10A28000016241628162C16201634163816370471F
:10A2900021B1026842F00102026003E0026822F08C
:10A2A00001020260704721B1026842F4004202607C
:10A2B00003E0026822F400420260704721B10268A4
:10A2C00042F02002026003E0026822F020020260F5
:10A2D0007047416070470146486880B2704722B1BC
:10A2E000036843F40023036003E0036823F40023BE
:10A2F00003600161704721B1026842F4802202606C
:10A3000003E0026822F48022026070470AB1016112
:10A3100000E0C1607047014600200A6802F4002294
:10A320000AB1012000E000207047014600200A68C1
:10A3300002F001020AB1012000E00020704701464E
:10A3400000204A6902F03800704730B503460A46DB
:10A3500000200024464DAB4202D24149103901E0B1
:10A360004349103902F000550DB14C6800E00C680B
:10A37000414D2C4004EA02050DB1012000E000200F
:10A3800030BD02463A4B9A4202D23548103801E0BD
:10A390003748103801F000531BB1374B0B40C360F6
:10A3A00002E0354B0B408360704710B501F080032D
:10A3B0004BB122B1436943F08003436103E0436939
:10A3C00023F08003436180290BD02AB1036801F098
:10A3D0001E042343036004E0036801F01E04A3434A
:10A3E000036010BD70B50246002000240025204EF9
:10A3F000B24202D21A4B103B01E01D4B103B1F4EE4
:10A400000E4036B11E2606EAD124166806EA040577
:10A4100002E0566906F0800501F000560EB15C6856
:10A4200000E01C68144E344004EA010616B10DB178
:10A43000012000E0002070BD02460D4B9A4202D27E
:10A440000748103801E00A48103801F000531BB1EA
:10A45000094B0B40C36002E0074B0B408360704721
:10A46000106002403D000020400F002000003D2011
:10A47000106402403F801CF07D0F7D0F3C0F3C0FAD
:10A48000002061490860C8601F2048610020886181
:10A49000C86108624862704700215B4A126844F252
:10A4A00001039A43584B1A601A46116840F6F2723B
:10A4B0009143028843881A4383881A43C3881A4306
:10A4C00003891A4343891A4383891A4311434E4A25
:10A4D000116070470021018041808180C18001812D
:10A4E0004181818170474188028841EA0241464AA0
:10A4F0001162C188828841EA0241434A5162704731
:10A5000030B14149096841F004013F4A116005E05A
:10A510003D49096821F004013B4A11607047017808
:10A52000427841EA0221827841EA0241C27841EA56
:10A530000261354A9161704730B13349096841F091
:10A540000801314A116005E02F49096821F008012E
:10A550002D4A1160704730B12B49096841F48041A0
:10A56000294A116005E02849096821F48041264AFA
:10A570001160704730B12449096841F00101224A55
:10A58000116005E02049096821F001011E4A1160AF
:10A5900070471D48806A704729B11B4AD268024340
:10A5A000194BDA6006E0184AD268C3439BB21A40DE
:10A5B000154BDA60704710B50146002000230A13DE
:10A5C00012B9114CA36806E0022A02D10E4C63684E
:10A5D00001E00D4C236903EA01040CB1012000E005
:10A5E000002010BD08494861704701460020002244
:10A5F000054B1B6903EA01020AB1012000E00020BB
:10A6000070470149486170470000055070B5034626
:10A610000C4603E014F8015B03F8015B151EA2F180
:10A620000102F7D170BD30B5034601E003F8011B0C
:10A63000141EA2F10102F9D130BD10B504467A49C9
:10A6400051F824104A00794951F824000021FFF7FD
:10A65000EAFF774951F8242074490C3951F8240055
:10A660000021FFF7E0FF012170480C30015510BDBB
:10A6700010B501460023002207E06C4850F8210085
:10A6800030F8120000B15B1C521C674850F82100E2
:10A690009042F2D864205843634C54F82140B0FBF8
:10A6A000F4F0C0B210BD2DE9F04704460F46002576
:10A6B000A9465E480C30005D20B95C48143801683A
:10A6C000204688471FB94FF0FF30BDE8F087594852
:10A6D00050F82400B7FBF0F6564850F82400B7FBBA
:10A6E000F0F100FB117000B1761C4F4850F82400C7
:10A6F000451E20E04D4850F8240030F8150010B9F0
:10A7000009F1010901E04FF00009B14512D14FF004
:10A71000000808E0454850F8240005EB080220F83E
:10A72000126008F10108B045F4D3424850F8240003
:10A730006843CAE76D1E002DDCDA4FF0FF30C4E736
:10A740002DE9F04104460E4638480C30005D38B91A
:10A75000364814380168204688470120BDE8F0815A
:10A76000334850F82400B04217D9324850F824003A
:10A77000B6FBF0F12D4850F8240030F811200025E8
:10A7800007E00023294850F824004F1920F817301B
:10A790006D1C9542F5DB0020E0E70220DEE770B596
:10A7A00005460C4604B970BD20480C3850F8250009
:10A7B000261A31462846FFF7C3FF00BFF3E770B5FE
:10A7C00004460E4631462046FFF76DFF0546681CDD
:10A7D00008B9002070BD15480C3850F824002844F2
:10A7E000F8E72DE9F04104460F461646314620466B
:10A7F000FFF759FF0546681C10B90020BDE8F0813D
:10A800000A490C3951F82410481932463946FFF7E5
:10A81000FDFE39462046FFF7C2FF04480C3850F8C9
:10A8200024002844EAE70000484B01087C0000208F
:10A83000604B0108544B010810B58CB004461E2330
:10A840000BAA03A9204600F0A9FE0090009810B1C1
:10A8500001200CB010BD9DF82C00044400200B908A
:10A860000EE040489DF82C2050F8221003A800F07C
:10A87000FDFD00B908E09DF82C00401CC0B20B9013
:10A880009DF82C000728ECD300BF9DF82C0007286A
:10A8900063D2DFE800F004053C5E6564630000BF3E
:10A8A00031A007F091FE31A007F08EFE3FA007F027
:10A8B0008BFE4EA007F088FE5CA007F085FE6BA023
:10A8C00007F082FE79A007F07FFE86A007F07CFEED
:10A8D0008BA007F079FE90A007F076FE94A007F019
:10A8E00073FE99A007F070FE9EA007F06DFEA4A075
:10A8F00007F06AFEB0A007F067FEBDA007F064FE97
:10A90000C8A007F061FED4A007F05EFE9AE216A090
:10A9100007F05AFEE0A007F057FE00200B900EE073
:10A92000ED4800689DF82C2000EBC2004168EBA0C8
:10A9300007F04AFE9DF82C00401CC0B20B90E64880
:10A94000007D9DF82C108842EADC07A007F03CFE51
:10A9500078E205A007F038FEC4E171E245E219E2B1
:10A96000ECE100008C0000200D0A00002D2D2D2DA3
:10A970002D2D2D2D2D2D2D2D2D2D2D2D2D2D2D2D07
:10A980002D2D2D2D55534D4152542056332E312D02
:10A990002D2D2D2D2D2D2D2D2D2D2D2D2D2D2D2DE7
:10A9A0002D2D2D2D2D2D2D200D0A000020202020B5
:10A9B00055534D415254CAC7D3C9414C49454E54D1
:10A9C000454BBFAAB7A2B5C4D2BBB8F6C1E9C7C947
:10A9D000B5C4B4AEBFDAB5F7CAD4BBA5BDBBD7E921
:10A9E000BCFE2CCDA8B9FD200D0A0000CBFC2CC468
:10A9F000E3BFC9D2D4CDA8B9FDB4AEBFDAD6FACA86
:10AA0000D6B5F7D3C3B3CCD0F2C0EFC3E6B5C4C854
:10AA1000CEBACEBAAFCAFD2CB2A2D6B4D0D02ED206
:10AA2000F2B4CB2CC4E3BFC90D0A0000D2D4CBE6EC
:10AA3000D2E2B8FCB8C4BAAFCAFDB5C4CAE4C8EB28
:10AA4000B2CECAFD28D6A7B3D6CAFDD7D628313094
:10AA50002F3136BDF8D6C629A1A2D7D6B7FBB4AEE2
:10AA6000A1A2BAAFCAFDC8EB0D0A0000BFDAB5D883
:10AA7000D6B7B5C8D7F7CEAAB2CECAFD292CB5A590
:10AA8000B8F6BAAFCAFDD7EEB6E0D6A7B3D6313026
:10AA9000B8F6CAE4C8EBB2CECAFD2CB2A2D6A7B3B0
:10AAA000D6BAAFCAFDB7B5200D0A0000BBD8D6B5DF
:10AAB000CFD4CABE2ED0C2D4F6B2CECAFDCFD4CA2D
:10AAC000BEBDF8D6C6C9E8D6C3B9A6C4DC2CD0C270
:10AAD000D4F6BDF8D6C6D7AABBBBB9A6C4DC2E0D2A
:10AAE0000A000000BCBCCAF5D6A7B3D63A77777780
:10AAF0002E6F70656E6564762E636F6D0D0A0000B3
:10AB000055534D415254D3D037B8F6CFB5CDB3C31A
:10AB1000FCC1EE3A0D0A00003F3A20202020202000
:10AB2000BBF1C8A1B0EFD6FAD0C5CFA20D0A000084
:10AB300068656C703A202020BBF1C8A1B0EFD6FA4E
:10AB4000D0C5CFA20D0A00006C6973743A20202092
:10AB5000BFC9D3C3B5C4BAAFCAFDC1D0B1ED0D0AE8
:10AB60000A00000069643A2020202020BFC9D3C316
:10AB7000BAAFCAFDB5C44944C1D0B1ED0D0A0A004F
:10AB80006865783A20202020B2CECAFD3136BDF863
:10AB9000D6C6CFD4CABE2CBAF3B8FABFD5B8F12BFB
:10ABA000CAFDD7D6BCB4D6B4D0D0BDF8D6C6D7AAC5
:10ABB000BBBB0D0A0A0000006465633A2020202018
:10ABC000B2CECAFD3130BDF8D6C6CFD4CABE2CBA7B
:10ABD000F3B8FABFD5B8F12BCAFDD7D6BCB4D6B4FA
:10ABE000D0D0BDF8D6C6D7AABBBB0D0A0A0000005C
:10ABF00072756E74696D653A312CBFAAC6F4BAAF2E
:10AC0000CAFDD4CBD0D0BCC6CAB13B302CB9D8B168
:10AC1000D5BAAFCAFDD4CBD0D0BCC6CAB13B0D0AA1
:10AC20000A000000C7EBB0B4D5D5B3CCD0F2B1E088
:10AC3000D0B4B8F1CABDCAE4C8EBBAAFCAFDC3FB11
:10AC4000BCB0B2CECAFDB2A2D2D4BBD8B3B5BCFCA4
:10AC5000BDE1CAF82E0D0A002D2D2D2D2D2D2D2DE7
:10AC60002D2D2D2D2D2D2D2D2D2D2D2D2D2D2D2D14
:10AC70002D2D414C49454E54454B2D2D2D2D2D2D1F
:10AC80002D2D2D2D2D2D2D2D2D2D2D2D2D2D2D2DF4
:10AC90002D2D2D200D0A00002D2D2D2D2D2D2D2D8E
:10ACA0002D2D2D2D2D2D2D2D2D2D2D2D2D2D2D2DD4
:10ACB0002DBAAFCAFDC7E5B5A52D2D2D2D2D2D2DF6
:10ACC0002D2D2D2D2D2D2D2D2D2D2D2D2D2D2D2DB4
:10ACD0002D2D2D2D200D0A00D000002025730D0AEA
:10ACE00000000000EEA007F06FFC00200B901AE0BF
:10ACF000FB4909689DF82C2001EBC20101AB02AAB7
:10AD0000486803A900F070FCF54800689DF82C1015
:10AD100050F8312003A9F3A007F056FC9DF82C0051
:10AD2000401CC0B20B90EE48007D9DF82C1088426C
:10AD3000DEDCAFF2CC3007F047FC83E0AFF2D83076
:10AD400007F042FC0BAA03A9204600F029FD9DF85C
:10AD50002C00C8B9694603A800F0BBFB0B909DF816
:10AD60002C0020B9E4A0009907F02EFC0EE09DF81D
:10AD70002C00042801D002206BE5E2A007F024FC9F
:10AD80000120D749C87501E0022062E5DCA007F088
:10AD90001BFC57E0DAA007F017FC0BAA03A920461A
:10ADA00000F0FEFC9DF82C00C8B9694603A800F02D
:10ADB00090FB0B909DF82C0020B9D7A0009907F0CC
:10ADC00003FC0EE09DF82C00042801D0022040E591
:10ADD000D4A007F0F9FB0020C149C87501E00220AA
:10ADE00037E5C7A007F0F0FB2CE0C5A007F0ECFBAF
:10ADF0000BAA03A9204600F0D3FC9DF82C00C8B98B
:10AE0000694603A800F065FB0B909DF82C0078B90B
:10AE1000B349009881F8EC00084690F8EC0018B1AE
:10AE2000C5A007F0D1FB07E0CAA007F0CDFB03E007
:10AE300002200EE502200CE5B1A007F0C5FB01E001
:10AE4000012006E500BF002003E510B50121C84838
:10AE5000FEF728FE4FF6FF71C548FEF7B9F900214D
:10AE6000C348FEF7B3F900209D49C1F8F00010BDBA
:10AE700010B50121BE48FEF70CFE012808D1984804
:10AE8000D0F8F0004FF6FF7108449549C1F8F00082
:10AE9000B748FEF79FF99249D1F8F010084490495D
:10AEA000C1F8F0000846D0F8F00010BD10B501213F
:10AEB000AF48FEF7FAFD01280AD1894908698047A1
:10AEC0000021AB48FEF782F96421A948FEF780F91A
:10AED0000121A748FEF7FAFD10BD7FB504460D46D7
:10AEE00001210420FDF743FCADF800500020ADF82F
:10AEF00002000194ADF8080069469D48FEF71DF96F
:10AF0000012211469A48FEF7B9FD01219848FEF743
:10AF10009DF91E208DF80C0003208DF80D008DF892
:10AF20000E0001208DF80F0003A8FCF764FD7FBD23
:10AF300010B5044604EBC40000EB04100122C2EB80
:10AF4000800081B24FF47A70FFF7C7FF0120644997
:10AF5000C87510BD30B595B0054613AB12AA09A946
:10AF6000284600F041FB044614B1204615B030BD20
:10AF70000020149026E05A4909689DF8502001EB02
:10AF8000C20113AB11AA486801A900F02DFB0446C9
:10AF90000CB12046EAE709A901A800F067FA60B9F8
:10AFA0009DF844009DF84810884201DD0220DDE74D
:10AFB0009DF850004A4988750AE09DF85000401CF1
:10AFC000C0B214904648007D9DF850108842D2DCF3
:10AFD00000BF4348007D9DF85010884201D10420F5
:10AFE000C4E714A9284600F04CFC04460CB12046E6
:10AFF000BCE79DF850003A4948750020B6E72DE9B6
:10B00000F0419AB03648847D007DA04202DC1AB03F
:10B01000BDE8F0813249096801EBC40106AB07AA1B
:10B02000486808A900F0E0FA08A952A007F0CCFA95
:10B030000026B9E02A48008B0121B1400840D8B170
:10B0400022214EA007F0C0FA304600F00DFC244942
:10B050002431471839464AA007F0B6FA222147A002
:10B0600007F0B2FA304600F0FFFB1D4924310844D6
:10B0700010A941F826008DE0304600F0F5FB184994
:10B080002431085810A941F826001548C07D30B970
:10B0900010A850F826103BA007F096FA7AE073E06B
:10B0A0002D2D2D2D2D2D2D2D2D2D2D2D2D2D2D2DD0
:10B0B0002D2D2D2D2D2D2D2D2DBAAFCAFD2049441E
:10B0C000202D2D2D2D2D2D2D2D2D2D2D2D2D2D2DBD
:10B0D0002D2D2D2D2D2D2D2D2D2D2D2D200D0A001D
:10B0E000D000002025732069642069733A0D0A306E
:10B0F00058253038580D0A004845583A30582558D8
:10B100000D0A00003136BDF8D6C6B2CECAFDCFD486
:10B11000CABE210D0A0000004445433A256C750D56
:10B120000A0000003130BDF8D6C6B2CECAFDCFD479
:10B13000CABE210D0A00000052756E2054696D656B
:10B140002043616C63756C6174696F6E204F4E0DA6
:10B150000A00000052756E2054696D652043616CD1
:10B1600063756C6174696F6E204F46460D0A00006E
:10B17000000800400D0A2573280000002563000028
:10B1800025730000256C750010A850F8261095A0B6
:10B1900007F01AFA9DF81C00401EB04202D093A09E
:10B1A00007F012FA701CC6B29DF81C008642FFF62A
:10B1B00041AF8FA007F008FAFFF747FE8D48407DAA
:10B1C0000B280DD2DFE800F0060D151E27323F4E8A
:10B1D0005F7287008749096851F834008047054647
:10B1E00090E0844A126852F8341010988847054657
:10B1F00088E0804B1B6853F83420DDE9100190474C
:10B2000005467FE07B4F3F6857F8343010A807C8E9
:10B210009847054676E0DFF8DCC1DCF800C05CF852
:10B22000347010A80FC8B84705466BE01498DFF8D3
:10B23000C4C10090DCF800C05CF8347010A80FC8DE
:10B24000B84705465EE0DDE91401DFF8A8C1CDE9A5
:10B250000001DCF800C05CF8347010A80FC8B847D3
:10B2600005464FE0DDE914121698DFF888C1CDE9F4
:10B2700000120290DCF800C05CF8347010A80FC80F
:10B28000B84705463EE0DDE91423DDE91610DFF896
:10B2900064C1CDE90023CDE90210DCF800C05CF800
:10B2A000347010A80FC8B84705462BE0DDE9152318
:10B2B000DDE91710CDE90123CDE903101498DFF87B
:10B2C00034C10090DCF800C05CF8347010A80FC8DE
:10B2D000B847054616E0DDE91623DDE91810CDE98B
:10B2E0000223CDE90410DDE91401DFF808C1CDE93E
:10B2F0000001DCF800C05CF8347010A80FC8B84733
:10B30000054600BF00BFFFF7B3FD9DF818000128F8
:10B310000CD13848C07D20B9294637A007F054F930
:10B3200007E0294636A007F04FF902E033A007F006
:10B330004BF9304890F8EC0088B12E48D0F8F00076
:10B340000A21B0FBF1F201FB12072A48D0F8F00005
:10B35000B0FBF1F83A4641462CA007F035F900BFA2
:10B3600055E670B53148008800F40040002833D01D
:10B370002E48057800202E4948551E4881682C48E3
:10B38000884704461CB91B49C868804721E0284803
:10B39000FFF752FA0546012D00D02C46CCB1012C06
:10B3A00006D0022C08D0032C0AD0042C10D10BE0BC
:10B3B00020A007F009F90BE021A007F005F907E04C
:10B3C00022A007F001F903E023A007F0FDF800BF79
:10B3D00000BF00201549088070BD0146086870470D
:10B3E0000160704730582558000000002C00000014
:10B3F00029000000D00000203D256C753B0D0A009F
:10B400003D305825583B0D0A0000000046756E631C
:10B4100074696F6E2052756E2054696D653A2564AB
:10B420002E2531646D730D0A0000000054000020C9
:10B43000CE140020BAAFCAFDB4EDCEF3210D0A0040
:10B44000B2CECAFDB4EDCEF3210D0A00B2CECAFDD4
:10B45000CCABB6E0210D0A00CEB4D5D2B5BDC6A5A1
:10B46000C5E4B5C4BAAFCAFD210D0A0002460AE020
:10B4700010780B78984201D001207047107800B9FD
:10B4800002E0521C491CF3E700BF0020F5E706E08C
:10B4900002780A70027802B902E0401C491CF7E702
:10B4A00000BF70470146002005E00A7802B903E0BA
:10B4B000421CD0B2491CF8E700BF704710B50246E5
:10B4C000012000E050430B1EA1F10104E1B2F9D1CB
:10B4D00010BD2DE9F04307460E4600254FF00A083F
:10B4E0003C46002030601FE02078392802DC2078BC
:10B4F00030280ADA2078462802DC2078412804DA4D
:10B500002078582809D1012D07D12078412801DB66
:10B510004FF01008681CC5B205E0207800B904E0BF
:10B520000120BDE8F083641CDEE700BF3C46B8F1B3
:10B53000100F0FD1032D01DA0220F2E72078302816
:10B5400006D16078582803D1A41CA81EC5B204E017
:10B550000320E6E70DB90420E3E71BE00DB1681E08
:10B56000C5B22078392806DC2078302803DB207823
:10B57000A0F1300902E02078A0F1370929464046C1
:10B58000FFF79CFF316809FB00103060641C2078D5
:10B5900000B900E0E2E700BF0020C2E710B50446B2
:10B5A000002010700BE020780870641C491C107893
:10B5B000401C10701078984201DB012010BD2078EB
:10B5C000202802D020780028EDD10020087000BF8C
:10B5D000F4E70146491C00E0491C0878202801D105
:10B5E0000029F9D1087870472DE9FF4F85B08046D2
:10B5F00089460027002004900390012002904FF01C
:10B60000000B002544461DE02078202816D005F0C8
:10B610007F00052812DA0DB945F0800505F07F009E
:10B62000042803D120782A2800D00EE0207805F0E5
:10B630007F010DF80100681CC5B202E0852D00D124
:10B6400003E0641C20780028DED100BF8DB100200B
:10B6500005F07F010DF80100CBA16846FFF706FF5A
:10B6600018B900210898017002E0012108980170C2
:10B6700000254FF0000A444614E0641C0AF1010062
:10B6800000F0FF0A2078202802D020782A2809D14B
:10B690002046FFF79EFF0646282E03D02A2E01D013
:10B6A000CDF810A02078282802D020780028E4D1F6
:10B6B0004446049810B10498401C04444FF0000A1A
:10B6C000002654E0207810B94FF0010A50E02078AD
:10B6D000282803D116B9781CC7B213E0207829288E
:10B6E00008D13EB917B1781EC7B201E04FF0010A88
:10B6F00047B93DE02078222804D10EB9012000E0AE
:10B700000020064647B9207820282FD0207889F8D5
:10B71000000009F1010929E020782C2804D101203A
:10B720000290681CC5B214E02078202811D020783F
:10B7300028280ED04DB9BBF1050F06DA20780DF898
:10B740000B000BF1010000F0FF0B0298401CC0B28F
:10B750000290012F0AD10298022807D10298401CBA
:10B76000C0B202900398401CC0B20390641CA9E7C9
:10B7700000BF0398012809D100200DF80B0082A119
:10B780006846FFF773FE08B90020039007990398F5
:10B790000870002089F80000504609B0BDE8F08F1D
:10B7A000F0B503461546002000220026002455E08F
:10B7B0001F782C2F01D104B901221F78292F01D025
:10B7C0001F780FB904B94AE0002E34D11F78302F0A
:10B7D00002DB1F78392F11DD1F78612F02DB1F7804
:10B7E000662F0BDD1F78412F02DB1F78462F05DD0A
:10B7F0001F78582F02D01F78782F0CD102B12EE07D
:10B800001F78612F03DB1F78203F0F7001E01F7846
:10B810000F70491C1FE01F78222F04D102B11EE0D7
:10B820000126012417E01F78202F14D01F782C2F19
:10B8300011D0FF2613E01F78222F00D1002402B17F
:10B840000DE044B11F785C2F02D15B1C471CF8B29D
:10B850001F780F70491C471CF8B25B1CA8E700BF9B
:10B8600000270F702E70F0BD02460020002105E079
:10B87000474B5B5C0344D8B24B1CD9B29142F7DB17
:10B8800070472DE9F043B5B005460F460024002669
:10B8900004E000213E488155701CC6B20A2EF8DB38
:10B8A00006E06D1C287818B9012035B0BDE8F0839A
:10B8B00028782828F5D16D1C61E034AA694628460D
:10B8C000FFF76EFF064635449DF8D00020B10128F1
:10B8D00027D0FF284CD149E09DF8000000B333A9E0
:10B8E0006846FFF7F6FD06460EB10220DDE720466A
:10B8F000FFF7BAFF26490A31339A0A50A1F1240012
:10B90000008B0121A140884321491A390883042171
:10B910001F480155601CC4B20A2C01DD0320C4E796
:10B9200026E06846FFF7BEFD401C00F0FF082046F9
:10B93000FFF79AFF16490A3100EB010949466846AC
:10B94000FFF7A5FD12481A38018B0120A0400143E2
:10B9500088B20F491A3908830D4800F80480601C2A
:10B96000C4B20A2C01DD03209FE701E002209CE71E
:10B9700000BF2878292801D0287800B900E09CE78A
:10B9800000BF3C70002090E7766F69640000000003
:10B99000EA00002070B50446002514B1012C0BD13B
:10B9A00003E0F9F7DBFF054608E0F9F791F84FF4FB
:10B9B000C0407649088001E0012500BF00BF0DB1FD
:10B9C000012070BD0020FCE70146002070472DE9F2
:10B9D000F04107460E4615461C464FF0000814B9C4
:10B9E0000420BDE8F08117B1012F22D112E0E2B2AC
:10B9F00029463046FBF714F8804607E0F9F7AEFF1A
:10BA0000E2B229463046FBF70BF88046B8F1000F4A
:10BA1000F4D111E009E069024FF400723046F9F701
:10BA2000C4F86D1C06F50076641E002CF3D1A04608
:10BA300002E04FF0010800BF00BFB8F1000F01D1D4
:10BA40000020CEE70120CCE72DE9F04107460E4665
:10BA500015461C464FF0000814B90420BDE8F081DB
:10BA600017B1012F22D112E0E2B229463046FBF78E
:10BA700035F8804607E0F9F771FFE2B22946304613
:10BA8000FBF72CF88046B8F1000FF4D111E009E083
:10BA900069024FF400723046F9F723F96D1C06F580
:10BAA0000076641E002CF3D1A04602E04FF001089E
:10BAB00000BF00BFB8F1000F01D10020CEE7012088
:10BAC000CCE72DE9F04706468946154646BBB9F155
:10BAD000000F09D0B9F1010F13D0B9F1020F05D051
:10BAE000B9F1030F19D106E0002418E04FF40070FB
:10BAF0002860002413E02648B0F850002880002475
:10BB00000DE023484FF400720023D0E9127138464B
:10BB100006F035FD2860002401E0042400BF22E087
:10BB2000012E1FD1B9F1000F09D0B9F1010F11D0C9
:10BB3000B9F1020F05D0B9F1030F10D106E00024CE
:10BB40000FE04FF40070288000240AE008202880CD
:10BB5000002406E00D4800882860002401E0042449
:10BB600000BF00E001242046BDE8F08700207047B8
:10BB700010B5044621460020FEF721FE10BD10B589
:10BB8000044621460020FEF70AFE10BDC401002035
:10BB90006812002070B503460C4603E014F8015B00
:10BBA00003F8015B151EA2F10102F7D170BD30B59B
:10BBB000034601E003F8011B141EA2F10102F9D1B2
:10BBC00030BDF0B503461C460D46002000BF161ED2
:10BBD000A2F1010207D014F8017B15F801CBA7EB05
:10BBE0000C06301EF3D0F0BD024600E0521C107867
:10BBF00010B110788842F9D11078704770B50446BA
:10BC00002079F8B1E56A607801232A4604F1300111
:10BC1000FFF71AFF08B1012070BD00202071206AD3
:10BC2000281AA16988420DD2E67809E0A069054486
:10BC3000607801232A4604F13001FFF705FF761EE4
:10BC4000022EF3D20020E7E770B504460D46E06A05
:10BC5000A84210D02046FFF7D1FF08B1012070BDE7
:10BC6000607801232A4604F13001FFF7B0FE08B1E5
:10BC70000120F4E7E5620020F1E770B504462046B4
:10BC8000FFF7BCFF0546002D59D1207803284FD17E
:10BC9000607901284CD14202002104F13000FFF705
:10BCA00086FF552184F82E12AA2184F82F125220E3
:10BCB00084F8300052213120015561213220015594
:10BCC000412133200155722184F8141284F8151291
:10BCD000412184F81612612184F81712217C84F81E
:10BCE0001812208A010A84F819122069010C84F8BC
:10BCF0001A122069010E84F81B12217B84F81C1291
:10BD0000A089010A84F81D12E068010C84F81E1253
:10BD1000E068010E84F81F12E069401CE062607860
:10BD2000012304F13001E26AFFF78EFE002060710A
:10BD3000607800221146FFF7C4FE00B101252846B5
:10BD400070BD0246891E5069801E884201D80020BD
:10BD500070479378906A01FB0300F9E72DE9F04101
:10BD600005460C46022C02D36869A04202D8012085
:10BD7000BDE8F0812878012804D002282CD00328BF
:10BD80005AD13DE0274607EB5707286A00EB5721B9
:10BD90002846FFF759FF00B150E0C7F3080105F14D
:10BDA000300010F801807F1C286A00EB57212846DC
:10BDB000FFF74AFF00B141E0C7F3080105F1300089
:10BDC000405C48EA002804F0010010B14FEA181066
:10BDD000CEE7C8F30B00CBE7286A00EB1421284616
:10BDE000FFF732FF00B129E040F2FF1000EA440102
:10BDF00005F130000E183078717840EA0120B7E77D
:10BE0000286A00EBD4112846FFF71EFF00B115E0A9
:10BE100040F2FF1000EA840105F130000E18F078BE
:10BE20000006B17840EA0140717840EA012031789B
:10BE3000084320F070409BE7012099E700BF4FF0D6
:10BE4000FF3095E72DE9F04705460E461746022ECE
:10BE500002D36869B04202D84FF002088AE028781D
:10BE6000012804D0022841D003287DD154E0B146F6
:10BE700009EB5909286A00EB59212846FFF7E4FE2F
:10BE80008046B8F1000F00D071E0C9F3080105F158
:10BE900030000C1806F0010020B1F9B2207861F3EF
:10BEA0001F1000E03846207009F1010901202871B7
:10BEB000286A00EB59212846FFF7C6FE8046B8F1F4
:10BEC000000F00D053E0C9F3080105F130000C1851
:10BED00006F0010010B1C7F3071005E0207800F06C
:10BEE000F000C7F303210843207040E0286A00EB0C
:10BEF00016212846FFF7A8FE8046B8F1000F00D0B3
:10BF000035E040F2FF1000EA460105F130000C1860
:10BF10002770380A60702AE0286A00EBD61128469C
:10BF2000FFF792FE8046B8F1000F00D01FE040F20C
:10BF3000FF1000EA860105F130000C18E0780006D9
:10BF4000A17840EA0140617840EA01202178084365
:10BF500000F0704007432770380A6070380CA070FA
:10BF6000380EE07003E0FFE74FF0020800BF00BFAB
:10BF7000012028714046BDE8F0872DE9F0410446D4
:10BF80000E46022E02D36069B04201D8022727E094
:10BF9000002721E031462046FFF7E0FE054605B9BF
:10BFA0001DE0012D01D1022719E0681C08B9012705
:10BFB00015E0002231462046FFF744FF074607B14F
:10BFC0000DE02069401C30B12069401C206160797F
:10BFD00040F0010060712E466069B042DAD800BFBF
:10BFE0003846BDE8F0812DE9F04704468946B9F1AD
:10BFF000000F06D1E76817B16069B84215D801276C
:10C0000013E049462046FFF7A9FE0646022E02D25B
:10C010000120BDE8F087701C08B93046F9E7606977
:10C02000B04201D93046F4E74F463D4600BF6D1C93
:10C030006069A84204D80225BD4201D90020E8E782
:10C0400029462046FFF78AFE064606B909E0701C1D
:10C0500008B1012E01D13046DBE7BD42E7D1002017
:10C06000D7E700BF6FF0704229462046FFF7EAFE8F
:10C070008046B8F1000F08D1B9F1000F05D02A466B
:10C0800049462046FFF7DEFE8046B8F1000F0BD18F
:10C09000E5602069401C78B12069401E206160790C
:10C0A00040F00100607107E0B8F1010F02D14FF0DC
:10C0B000FF3000E0012005462846AAE770B5034698
:10C0C0000D46586A021D680A1E68B678B0FBF6F481
:10C0D00000BF02CA09B9002070BD8C4200D202E044
:10C0E000641A121DF5E700BF10682044F4E72DE93B
:10C0F000F04104460E46E680A568012D03D0206875
:10C100004069A84202D80220BDE8F0812DB920681C
:10C110000078032801D12068456A45B92068008964
:10C12000B04201D80220EFE72068476A1EE020688D
:10C1300080784FEA001812E029462068FFF70EFECB
:10C140000546681C08B90120DEE7022D03D32068EC
:10C150004069A84201D80220D6E7A6EB080646456A
:10C16000EAD229462068FFF7ECFD0746E5600FB9E3
:10C170000220C9E707EB161020612068303006F076
:10C180000F0100EB411060610020BDE72DE9F04197
:10C1900004468846E088461CB0B208B1206910B950
:10C1A0000420BDE8F08106F00F0000286CD1206962
:10C1B000401C2061E06828B920680089B04263D83B
:10C1C0000420EEE720688078401E00EA1610002860
:10C1D0005AD1E1682068FFF7C1FD0546012D01D85D
:10C1E0000220DEE7681C08B90120DAE72068406910
:10C1F000A84243D8B8F1000F01D10420D1E7E1688B
:10C200002068FFF7F0FE05460DB90720C9E7012DAC
:10C2100001D10220C5E7681C08B90120C1E72068E8
:10C22000FFF7ECFC08B10120BBE7216801F1300009
:10C230004FF400720021FFF7BAFC29462068FFF78F
:10C2400080FD2168C86200270EE001202168087186
:10C250002068FFF7D3FC08B10120A2E72068C06A7C
:10C26000401C2168C8627F1C20688078B842ECD8E6
:10C270002068C06AC01B2168C86200BFE56029460B
:10C280002068FFF75EFD2061E6802068303006F010
:10C290000F0100EB41106061002082E72DE9F041C1
:10C2A00004460E4600212046FFF721FF0546EDB962
:10C2B000002700BF21692068FFF7C6FC054605B1CD
:10C2C00013E060690078E52802D06069007820B941
:10C2D000781C0746B04201D107E000270121204623
:10C2E000FFF754FF0546002DE4D000BF042D00D118
:10C2F00007252846BDE8F08110B502468C7ECB7E2E
:10C3000044EA03201378032B05D10C7D4B7D44EACE
:10C31000032340EA034010BD81760B0AC3760A0C62
:10C3200002750B0E437570472DE9F04705460C4624
:10C33000207820F04000401E00EB800101EBC00699
:10C3400000274FF0010800BFF848C05D205CF749A6
:10C35000C95D2144497840EA0129B8F1000F10D0A5
:10C36000484602F07AFE8046FF2E07D23146761C00
:10C3700035F8110002F071FE404508D00020BDE8FC
:10C38000F0874FF6FF70814501D00020F7E7781C59
:10C3900007460D28D8D3207800F0400038B1B8F116
:10C3A000000F04D035F8160008B10020E7E701209F
:10C3B000E5E7F0B50346087800F03F00401E00EBCB
:10C3C000800707EBC0020025012600BFD748405D6B
:10C3D000085CD64F7F5D0F447F7840EA07244EB15A
:10C3E000FF2A01D30020F0BD26461046521C23F838
:10C3F000104005E04FF6FF70844201D00020F2E7C4
:10C40000681C05460D28E1D3087800F0400030B1E3
:10C41000FF2A01D30020E6E7002023F812000120C4
:10C42000E1E7F0B504461D464D730F27CF72002794
:10C430000F738F76BC4681F81BC0571E07EB870C25
:10C440000CEBC706002738463B4600BF4FF6FF7788
:10C45000B84203D03746761C34F81700DFF8CCC258
:10C460001CF803C001F80C000712DFF8C0C21CF86A
:10C4700003C08C448CF8017008B94FF6FF705F1C44
:10C480003B460D2FE2D34FF6FF77B84202D034F887
:10C4900016700FB942F040020A70F0BD2DE9FC475A
:10C4A00007468A4690461E460B2251463846FFF7FD
:10C4B00071FB052E18D9304610E038F8021B002514
:10C4C0000AE00A4660F35F021046491000F4803229
:10C4D0000AB1974A50406D1C102DF2D3B8F80020D5
:10C4E000002AEAD1064600BF072500BF06F00F006C
:10C4F00000F13009B9F1390F03DD09F1070000F04F
:10C50000FF0928466D1E0DF800903609002EEDD16A
:10C510007E200DF8050000240BE0385D812807DB44
:10C52000385DFE2804DC681EA04200D106E0641CD1
:10C53000641CAC4202D2385D2028EED100BF00BF9F
:10C54000082D04D228466D1C1DF8001000E02021A3
:10C550002046641C3954082CF2D3BDE8FC8730B562
:10C56000014600200B2200BF431003EBC01411F85A
:10C57000015B6319D8B2531E1A1EF5D130BD2DE9E7
:10C58000F047044600212046FFF7B1FD074617B1EA
:10C590003846BDE8F0874FF0FF09CA464FF6FF70F6
:10C5A000208400BF21692068FFF74EFB074607B1D2
:10C5B00057E065692E780EB9042752E0E87A00F05A
:10C5C0003F08E52E05D008F0080040B1B8F10F0F84
:10C5D00005D04FF0FF094FF6FF7020843AE0B8F124
:10C5E0000F0F1CD1E06978B306F0400030B195F828
:10C5F0000DA026F04006B146E08820844E450AD1C1
:10C60000687B504507D12946E069FFF78DFE10B1E0
:10C61000A9F1010000E0FF2000F0FF091AE0B9F1E4
:10C62000000F05D12846FFF79AFF504500D118E0CA
:10C63000A069C07A00F0010038B90B222846A16930
:10C64000FFF7BFFA08B90CE004E04FF0FF094FF61E
:10C65000FF70208400212046FFF798FD0746002F39
:10C66000A0D000BF384694E72DE9F05F04468A4623
:10C670004FF0FF09CB4604274EE021692068FFF701
:10C68000E3FA074607B14AE0666935780DB9042731
:10C6900045E0F07A00F03F08E52D09D02E2D07D0B7
:10C6A000B8F1080F01D1012000E00020504502D070
:10C6B0004FF0FF0929E0B8F10F0F1AD105F0400043
:10C6C00030B196F80DB025F04005A946E0882084E9
:10C6D0004D450AD1707B584507D13146E069FFF7D7
:10C6E00068FE10B1A9F1010000E0FF2000F0FF0991
:10C6F0000BE0B9F1000F04D13046FFF730FF584589
:10C7000002D04FF6FF70208409E000212046FFF799
:10C710003DFD074607B102E020690028ADD100BF0A
:10C720000FB1002020613846BDE8F09F6C4B010836
:10C73000211001002DE9FE4F0446D4F81880D4F8EA
:10C740001C900C2241466846FFF724FA00BF9DF872
:10C750000B0000F0010020B3002088F80B00E0611E
:10C7600001260CE033464A4669464046FFF796FEEE
:10C770002046FFF704FF054605B102E0761C642E53
:10C78000F0D300BF642E02D10720BDE8FE8F042D38
:10C7900001D02846F9E79DF80B0088F80B00C4F893
:10C7A0001C909DF80B0000F0020060B1002600E034
:10C7B000761C39F816000028FAD106F119000D216F
:10C7C000B0FBF1F700E0012739462046FFF766FD90
:10C7D000054645BB781E071E25D0E088C11B2046B4
:10C7E000FFF785FC0546F5B9A069FFF7B8FE82465C
:10C7F00000BF21692068FFF727FA054605B111E05F
:10C80000FAB253466169E069FFF70BFE0120216827
:10C81000087100212046FFF7B9FC054615B9781EBE
:10C82000071EE6D100BFC5B921692068FFF70CFAE1
:10C83000054695B9202200216069FFF7B8F90B225F
:10C84000D4E90501FFF7A6F9A069C07A00F0180045
:10C8500061690873012021680871284695E770B561
:10C860000446E688208C4FF6FF72904201D1304694
:10C8700000E0208C01462046FFF739FC05460DBB41
:10C8800000BF21692068FFF7DFF9054605B115E013
:10C89000202200216069FFF78AF9E52061690870AC
:10C8A000012021680871E088B04200D306E0002131
:10C8B0002046FFF76BFC0546002DE2D000BF042D9B
:10C8C00000D10225284670BD2DE9F04707460C46E9
:10C8D00004F109063869002843D07869002526E06C
:10C8E00029466D1C10F80180B8F1200F00D11EE020
:10C8F000B8F1050F01D14FF0E508092D02D12E2125
:10C9000006F8011BB8F1410F0EDBB8F15A0F0BDC32
:10C91000017B092D01D3102200E00822114019B13A
:10C9200008F1200101F0FF0806F8018B00BF0B2D74
:10C93000D6D3C17A2172C17F0A06817F42EA0142C1
:10C94000417F42EA0121027F11432160027E417E44
:10C9500042EA0121A180827DC17D42EA0121E1807C
:10C9600000BF00203070A06990B30025A669386927
:10C9700058B3E06948B3388C4FF6FF71884224D031
:10C98000D7F81CA01BE00021484602F01DFB8146A1
:10C99000B9F1000F01D1002516E0B9F1FF0F04DD58
:10C9A0004FEA292228466D1C3254E069401EA842F5
:10C9B00001D8002508E028466D1C06F800903AF8DA
:10C9C000021BB1F10009DED100BF0020705500BF8D
:10C9D000BDE8F0872DE9F34F83B0814604980068E5
:10C9E000019002E00198401C0190019800782F28E6
:10C9F000F8D0019800785C28F4D0D9F81CA0002564
:10CA00002F4600BF38467F1C01990C5C202C03DBAD
:10CA10002F2C01D05C2C00D132E0FF2D03D3062057
:10CA200005B0BDE8F08FE4B2812C13DBE0B2FE2844
:10CA300010DC38467F1C01990E5C402E01DB7E2EF7
:10CA400005DD802E01DBFE2E01DD0620E8E706EB8A
:10CA5000042084B20121204602F0B6FA04460CB943
:10CA60000620DDE7802C06DA2146F9A0FFF7BCF8A6
:10CA700008B10620D4E728466D1C2AF81040C1E70B
:10CA800000BF0198C11904980160202C01DA04202C
:10CA900000E00020804608E0681E3AF81040202C94
:10CAA00002D02E2C00D002E06D1E002DF4D100BF6C
:10CAB0000DB90620B4E700202AF815000B2220212A
:10CAC000D9F81800FFF773F8002700E07F1C3AF848
:10CAD00017002028FAD03AF817002E28F6D00FB108
:10CAE00048F0030800E06D1E25B1681E3AF81000FA
:10CAF0002E28F8D10020064602904FF0080B00BF08
:10CB000038467F1C3AF8104004B963E0202C03D06B
:10CB10002E2C04D1AF4202D048F00308F0E702986F
:10CB2000584501D2AF4214D1BBF10B0F02D148F0EE
:10CB300003084FE0AF4201D048F00308AF4200D9EC
:10CB400048E02F46082002904FF00B0BB006060E6F
:10CB5000D6E7802C09DB204602F07FFA0021009006
:10CB600002F032FA044648F00208FF2C11DDABF166
:10CB700001000299884204D848F00308CDF808B0B3
:10CB8000BEE72212D9F818300298411C02911A54BB
:10CB900019E024B12146B1A0FFF726F818B15F24AF
:10CBA00048F003080FE0412C04DB5A2C02DC46F06D
:10CBB000020608E0612C06DB7A2C04DC46F0010654
:10CBC000A4F1200084B2D9F818300298411C0291D7
:10CBD0001C5495E700BFD9F818000078E52803D168
:10CBE0000520D9F818100870BBF1080F01D1B00664
:10CBF000060E06F00C000C2803D006F003000328F4
:10CC000001D148F0020808F0020058B906F003000C
:10CC1000012801D148F0100806F00C00042801D1C9
:10CC200048F00808D9F8180080F80B800020F7E6D3
:10CC30002DE9F3410446019800782F2803D001988C
:10CC400000785C2802D10198401C01900020A0606F
:10CC500001980078202807D200212046FFF747FAE4
:10CC600005460020606128E000BF01A92046FFF7CB
:10CC7000B1FE054605B11FE02046FFF780FC0546E2
:10CC8000A069C67A3DB1042D04D100BF06F00400AE
:10CC900000B9052510E006F0040000B10CE067695A
:10CCA000F87A00F0100008B9052505E0394620683B
:10CCB000FFF722FBA060D8E700BF2846BDE8FC8153
:10CCC00070B502464FF0FF301568E5B1116800E01D
:10CCD000491C0D78202D02D30D783A2DF8D10D780E
:10CCE0003A2D0FD1146814F8015BA5F130030A2B1B
:10CCF00007D28C4205D1032B03D218464D1C29467E
:10CD0000156070BD002000BFFBE770B504460D46FE
:10CD100000202071401EE06229462046FEF794FF65
:10CD200008B1032070BD94F82E1294F82F0241EA46
:10CD300000204AF65521884201D00220F2E794F8FB
:10CD40006900010694F8680041EA004194F8670020
:10CD500041EA002094F86610084320F07F404149E2
:10CD6000884201D10020DDE794F88500010694F89F
:10CD7000840041EA004194F8830041EA002094F8DD
:10CD80008210084320F07F403649884201D10020BC
:10CD9000C8E70120C6E72DE9F74F88B000210898C1
:10CDA00001600998FFF78CFF07900798002803DAC5
:10CDB0000B200BB0BDE8F08F2B49079851F82040AD
:10CDC0000CB90C20F5E708980460207878B16078F9
:10CDD000FEF7FAFD804608F0010040B90A9820B13C
:10CDE00008F0040008B10A20E3E70020E1E7002092
:10CDF0002070079860706078FEF7CCFD804608F0E0
:10CE0000010008B10320D4E70A9820B108F004001B
:10CE100008B10A20CDE7002739462046FFF775FF05
:10CE20000546012D01D09DBB3BE0002622E004F524
:10CE3000F77101EB06100179C1B1C17A0A06817A56
:10CE400042EA0142417A42EA0121027A11430EE0AC
:10CE5000222A3A3C3E3F7C7F000000002B2C3B3DC9
:10CE60005B5D000046415400A0BE012000214DF84A
:10CE70002610761C042EDAD3002606B1761E00BFDB
:10CE80005DF826702FB139462046FFF73EFF01E0DE
:10CE900007E0022005461DB1701C06460428EFD3AA
:10CEA00000BF032D01D1012083E70DB10D2080E7E4
:10CEB0003B20015D94F83C0041EA0020B0F5007F82
:10CEC00001D00D2075E74620015D94F8470041EA46
:10CED0000029B9F1000F0ED194F85700010694F81B
:10CEE000560041EA004194F8550041EA002094F8C8
:10CEF000541040EA0109C4F818904020005DE07029
:10CF0000E078012804D0E078022801D00D2050E715
:10CF1000E07809FB00F93D20005DA070A07818B111
:10CF2000A078411E084008B10D2042E74120015D74
:10CF300094F8420041EA00202081207A00F00F009E
:10CF400008B10D2035E74320015D94F8440041EA23
:10CF5000002BBBF1000F0ED194F85300010694F89A
:10CF6000520041EA004194F8510041EA002094F84F
:10CF7000501040EA010B3E20015D94F83F0041EA69
:10CF800000200490049808B90D2012E70498484442
:10CF9000218900EB111006900698834501D20D20DF
:10CFA00007E70698ABEB0000A178B0FBF1FABAF105
:10CFB000000F01D10D20FCE6012540F6F6708245F8
:10CFC00000D302254FF6F670824500D303250AF1FF
:10CFD00002006061E7610498384420620698384492
:10CFE000A062032D16D1208908B10D20E1E694F846
:10CFF0005F00010694F85E0041EA004194F85D008C
:10D0000041EA002094F85C10084360626069800087
:10D01000059014E0208908B90D20CAE6206A48442A
:10D020006062022D02D16069400007E0207D00F0BF
:10D030000100616901EB410100EB51000590A1691C
:10D04000059800F2FF10B1EB502F01D20D20B0E691
:10D050004FF0FF302061E06080206071032D5AD1D5
:10D0600094F8601094F8610041EA0020012852D140
:10D07000791C2046FEF7E8FDE8BB0020607194F8BB
:10D080002E1294F82F0241EA00204AF655218842D8
:10D0900041D13320005D01063220005D41EA0041AC
:10D0A0003120005D41EA002094F830100843FC492B
:10D0B000884230D194F81702010694F8160241EA2A
:10D0C000004194F8150241EA002094F81412084334
:10D0D000F44988421FD194F81B02010694F81A0201
:10D0E00041EA004194F8190241EA002094F818122C
:10D0F0000843206100E00EE094F81F02010694F856
:10D100001E0241EA004194F81D0241EA002094F811
:10D110001C120843E0602570E3480088401C80B280
:10D12000E1490880E080002043E670B505462C46C2
:10D130004CB1206838B12068007820B12068C088E0
:10D14000A188884201D0092070BD21684878FEF787
:10D150003BFC00F0010008B10320F5E70020F3E7F5
:10D16000F7B582B016460398019001A8FFF7A8FD15
:10D170000546002D02DA0B2005B0F0BDCB4850F873
:10D1800025400CB100202070029810B100200299B7
:10D190000870C649029841F82500029808B1012E8E
:10D1A00001D00020E8E7002203A902A8FFF7F3FD61
:10D1B00007463846E0E72DE9F7478DB005461646A5
:10D1C0001DB9092010B0BDE8F0870020286006F0E6
:10D1D0001F0626F001020EA904A8FFF7DCFD074692
:10D1E000002F73D14FF40070FEF7C2FC8146B9F1F5
:10D1F000000F01D11120E5E7CDF82C9001A80A908D
:10D2000004A80E99FFF714FD0746099C0FB904B94D
:10D21000062706F01C00002851D04FB1042F03D17F
:10D2200004A8FFF787FA074646F00806099C09E0BC
:10D23000E07A00F0110008B1072703E006F00400CF
:10D2400000B10827002F39D106F00800002835D09A
:10D25000FEF78CFC804684F80E804FEA1821E173BB
:10D260004FEA184121744FEA186161740020E0729E
:10D27000207700216177A177E17721460498FFF7B5
:10D280003BF8824600212046FFF746F8012004992A
:10D290000871BAF1000F11D00498D0F82C805146D3
:10D2A0000498FEF76AFE074647B9AAF101000499FF
:10D2B000C86041460498FEF7C7FC07460FE077B9FF
:10D2C000E07A00F0100010B1042708E031E006F029
:10D2D000020020B1E07A00F0010000B1072747B951
:10D2E00006F0080008B146F020060498C06AE8611C
:10D2F0002C624846FEF743FCDFB9AE710020E871AE
:10D3000021460498FEF7F8FF2861E07F0106A07F20
:10D3100041EA0041607F41EA0020217F0843E86044
:10D320000020A860A8616862049828602868C08806
:10D33000A880384646E72DE9FF4F83B004461546DE
:10D340009A46DDF810B00020CAF800002046FFF72A
:10D35000ECFE0290029818B1029807B0BDE8F08F79
:10D36000E07908B1E079F8E7A07900F0010008B9A8
:10D370000720F2E7D4E90210401A00900098854295
:10D3800000D9009DB2E02089C0F30800002876D1C2
:10D3900020688078401EA16800EA512000F0FF0953
:10D3A000B9F1000F1FD1A06810B9206901900CE0FD
:10D3B000606A28B12046A168FEF780FE019004E073
:10D3C00061692068FEF7CAFC01900198022802D228
:10D3D0000220E071C1E70198401C10B90120E07102
:10D3E000BBE70198606161692068FEF7AAFC064608
:10D3F00016B90220E071B0E74E444FEA5528B8F163
:10D40000000F29D009EB080021688978884203D9E8
:10D4100020688078A0EB09082168487843463246A6
:10D420005946FEF7D4FA10B10120E07195E7A079D2
:10D4300000F0400068B1A069801B404509D2A16995
:10D44000891B0BEB41204FF4007204F12801FEF719
:10D45000A1FB4FEA48273FE0A069B04228D0A0795D
:10D4600000F0400080B121684878012304F12801D0
:10D47000A269FEF7E9FA18B10120E0716DE718E042
:10D48000A07920F04000A07121684878012332463D
:10D4900004F12801FEF79BFA50B10120E0715CE72E
:10D4A0005252614172724161C6010020A0BE01204A
:10D4B000A6612089C0F30800C0F50077AF4200D90B
:10D4C0002F462089C0F3080204F1280011183A46BB
:10D4D0005846FEF75FFB00BFBB44A0683844A0601D
:10D4E000DAF800003844CAF80000ED1B002D7FF484
:10D4F0004AAF002031E72DE9FF4F83B004461546BF
:10D500009B46049801900020CBF800002046FFF7CE
:10D510000CFE0290029818B1029807B0BDE8F08F97
:10D52000E07908B1E079F8E7A07900F0020008B9E5
:10D530000720F2E7A0682844A168884200D20025AD
:10D54000BEE02089C0F3080000287DD120688078E3
:10D55000401EA16800EA512000F0FF0ABAF1000F56
:10D5600026D1A06838B9276997B900212068FEF74D
:10D570003AFD07460CE0606A28B12046A168FEF734
:10D580009DFD074604E061692068FEF72CFD074613
:10D5900007B998E0012F02D10220E071BDE7781CA5
:10D5A00010B90120E071B8E76761206900B927610F
:10D5B000A07900F0400078B121684878012304F197
:10D5C0002801A269FEF740FA10B10120E071A4E73A
:10D5D000A07920F04000A07161692068FEF7B1FBDE
:10D5E000064616B90220E07197E756444FEA5529DE
:10D5F000B9F1000F2CD00AEB090021688978884224
:10D6000003D920688078A0EB0A09216848784B4646
:10D6100032460199FEF718FA10B10120E0717CE75B
:10D62000A069801B48450ED2A069801B019A02EBBD
:10D6300040214FF4007204F12800FEF7ABFAA07904
:10D6400020F04000A07100E016E04FEA49282AE0EF
:10D65000A069B0420FD0D4E9020188420BD2216800
:10D6600048780123324604F12801FEF7B0F910B1E1
:10D670000120E07151E7A6612089C0F30800C0F5E0
:10D680000078A84500D9A8462189C1F3080204F111
:10D690002801501842460199FEF77CFAA07940F023
:10D6A0004000A07100BF019840440190A068404430
:10D6B000A060DBF800004044CBF80000A5EB0805B3
:10D6C000002D7FF43EAF00BFD4E90201884201D9AA
:10D6D000A068E060A07940F02000A07100201CE765
:10D6E0002DE9F04104462046FFF71FFD0746002FB5
:10D6F0004CD1A07900F02000002847D0A07900F09C
:10D70000400078B121684878012304F12801A2691A
:10D71000FEF79AF910B10120BDE8F081A07920F060
:10D720004000A071E1692068FEF78EFA0746002FDD
:10D730002CD1256AE87A40F02000E872207B287717
:10D74000A089010A6977E068010CA977E068010EF9
:10D75000E97728462169FEF7DFFDFEF707FA06465E
:10D76000AE75310AE975310C2976310E69760020E3
:10D77000A8740021E974A07920F02000A071012094
:10D78000216808712068FEF778FA07463846C3E733
:10D7900070B505462846FFF7A3FF044644B928465E
:10D7A000FFF7C3FC04460CB900202860204670BD7A
:10D7B0002046FCE72DE9FE4F04460D462046FFF7C4
:10D7C000B4FC0290029810B10298BDE8FE8FE07997
:10D7D00008B1E079F9E7606A002871D0681C002878
:10D7E0003BD1D4F8248058F804AB4FF002092669E5
:10D7F0003EB300BF00964FF0000B09F1020900BFD5
:10D8000001960BF1010B31462068FEF7A7FA064698
:10D81000012E02D80220E071D7E7701C10B9012058
:10D82000E071D2E70198401C8642E9D0D14504D886
:10D8300048F804BB009848F8040B20684069B042DF
:10D84000D8D8606AC0F80090D14503D80020C8F845
:10D85000000047E01120029044E0E068A84200D2B6
:10D86000E568A560002D3DD0691E2046FEF726FC28
:10D87000606161692068FEF764FA074617B9022003
:10D88000E071A2E720688078401E691E00EA5120FE
:10D8900007442089C0F3080020B3A069B84221D012
:10D8A000A07900F0400080B121684878012304F19C
:10D8B0002801A269FEF7C8F818B10120E07184E7D9
:10D8C00011E0A07920F04000A07121684878012380
:10D8D0003A4604F12801FEF77AF810B10120E07110
:10D8E00073E7A761ABE0E068A84204D2A07900F03A
:10D8F000020000B9E568D4F808904FF00008C4F8B9
:10D900000880002D67D0206880784702B9F1000FA9
:10D9100011D0681EB0FBF7F1A9F10100B0FBF7F0E0
:10D92000814208D3A9F10100791E8843A060A06854
:10D930002D1A666912E026697EB900212068FEF77B
:10D9400052FB0646012E02D10220E0713DE7701C19
:10D9500010B90120E07138E726616661C6B323E0A3
:10D96000A07900F0020038B131462068FEF73BFB99
:10D97000064636B93D4619E031462068FEF7EEF915
:10D980000646701C10B90120E0711EE7012E03D974
:10D9900020684069B04202D80220E07115E7666154
:10D9A000A0683844A060ED1BBD42D9D800BFA06874
:10D9B0002844A060C5F3080050B131462068FEF746
:10D9C000C0F98046B8F1000F03D10220E071FCE6F7
:10D9D00001E008EB55282089C0F3080020B3A069B6
:10D9E000404521D0A07900F0400078B12168487806
:10D9F000012304F12801A269FEF726F810B10120E5
:10DA0000E071E2E6A07920F04000A071216848783A
:10DA10000123424604F12801FDF7D9FF10B101208E
:10DA2000E071D2E6C4F81880D4E90201884205D931
:10DA3000A068E060A07940F02000A07100BF0298CB
:10DA4000C3E673B584B0044614B9092006B070BDAE
:10DA5000002205A903A8FFF79EF90546002D2FD146
:10DA6000039820604FF40070FEF782F806460EB966
:10DA70001120EBE7E661C4F818D020460599FFF7BE
:10DA8000D7F805463046FEF77AF8B5B9606958B15F
:10DA90006069C07A00F0100028B161690398FEF750
:10DAA0002BFCA06000E005253DB90398C088A0804C
:10DAB00000212046FEF71BFB0546042D00D105255D
:10DAC0000DB1002020602846C0E770B5044620460E
:10DAD000FFF72BFB05460DB900202060284670BDDE
:10DAE000FEB504460F462046FFF71FFB0546002DF6
:10DAF0002DD12FB900212046FEF7F9FA054626E080
:10DB00004FF40070FEF734F806460EB91120FEBD42
:10DB1000E661C4F818D000212046FEF7A5FD0546B1
:10DB2000042D02D10020206100256DB93946204620
:10DB3000FEF7CAFE00212046FEF728FB0546042D0D
:10DB400002D10020206100253046FEF718F8284653
:10DB5000DDE773B58CB00E4600220CA903A8FFF7D1
:10DB60001AF90546EDB94FF40070FEF701F80446C6
:10DB700014B911200EB070BD0A94CDF824D003A8BA
:10DB80000C99FFF755F8054645B9089828B12EB10C
:10DB9000314603A8FEF798FE00E006252046FDF773
:10DBA000EEFF2846E6E72DE9F74F82B08A460022CD
:10DBB00002A90498FFF7EFF801900498046801980F
:10DBC00000286DD1D4E90410801E814203D8206959
:10DBD000CAF8000064E094F800B00026BBF1010F21
:10DBE0001CD1022700BF39462046FEF7B7F8804611
:10DBF00008F1010010B9012001900EE0B8F1010F09
:10DC000002D10220019008E0B8F1000F00D1761C8B
:10DC1000781C074661698842E5D33AE06769206A63
:10DC200000904FF00009002500BFB9F1000F0ED1A0
:10DC30000098421C014620460092FEF705F801902C
:10DC4000019800B124E004F130054FF40079BBF1F4
:10DC5000020F09D12878697840EA012000B9761CC2
:10DC6000AD1CA9F1020910E0E8780006A97840EAA5
:10DC70000140697840EA01202978084320F070408B
:10DC800000B9761C2D1DA9F10409781E071ECCD100
:10DC900000BF2661607940F001006071CAF8006041
:10DCA000019805B0BDE8F08F70B504462046FFF737
:10DCB0003CFA054645B9E07908B1E57904E0A07978
:10DCC00000F0020000B90725002D47D1D4E9021069
:10DCD000884241D9A068E060A07940F02000A0719E
:10DCE000A06838B921692068FEF747F90546002089
:10DCF00020611DE061692068FEF730F806460025C6
:10DD0000701C00B90125012E00D1022585B92068BB
:10DD10004069B0420CD96FF0704261692068FEF72B
:10DD200091F8054625B931462068FEF726F90546E3
:10DD300095B9A07900F0400070B1216848780123BE
:10DD400004F12801A269FDF77FFE08B1012503E077
:10DD5000A07920F04000A07105B1E571284670BDA2
:10DD6000F1B596B0012216A90DA8FFF714F80446E4
:10DD7000002C54D14FF40070FDF7FAFE074617B996
:10DD8000112017B0F0BD149701A813900DA8169993
:10DD9000FEF74EFF044600BF002C3DD1129E0EB987
:10DDA000062404E0F07A00F0010000B107243146B7
:10DDB0000D98FEF7A1FA0546ECB9F07A00F01000D4
:10DDC000C8B1022D01D2022415E024220DA904A815
:10DDD000FDF7E0FE0695022104A8FEF788F9044647
:10DDE0004CB9002104A8FEF73FFC044604B90724FF
:10DDF000042C00D100247CB90DA8FEF730FD0446A8
:10DE000054B925B129460D98FEF7B7F804461CB958
:10DE10000D98FDF732FF04463846FDF7B0FE204668
:10DE2000AFE72DE9F14F8CB0FDF7A0FE06460122C9
:10DE30000CA903A8FEF7AFFF0546002D7BD14FF4D8
:10DE40000070FDF795FE8046B8F1000F03D1112058
:10DE50000DB0BDE8F08FCDF82880CDF824D003A810
:10DE60000C99FEF7E5FE054605B9082500BF042D0F
:10DE70007AD100210398FEF7B6F80746002507B9C6
:10DE80000725012F00D10225781C00B901251DB9F5
:10DE90000398FDF7B3FE0546002D5BD13946039884
:10DEA000FDF74FFF8246039800F130044FF40072F3
:10DEB00000212046FDF77BFE0B2220212046FDF7A6
:10DEC00076FE2E2020701020E072A675310AE175D2
:10DED000310C2176310E617639462046FEF71CFA68
:10DEE0002022214604F12000FDF754FE2E2084F864
:10DEF0002100DDF814B003980078032804D10398BA
:10DF0000406A584500D1AB46594604F12000FEF75F
:10DF100003FA039890F8029018E00398C0F82CA038
:10DF20000AF1010A0120039908710398FDF766FEC2
:10DF300005460DB10DE030E04FF40072002120469F
:10DF4000FDF735FEA9F1010000F0FF09B9F1000F5E
:10DF5000E3D100BF1DB903A8FEF7ECFB054625B1D0
:10DF600039460398FEF709F814E0089C1020E07287
:10DF7000A675310AE175310C2176310E617639468C
:10DF80002046FEF7C9F90120039908710398FDF7AF
:10DF900074FE05464046FDF7F2FD284658E72DE998
:10DFA000F7418DB08846144601220DA904A8FEF75A
:10DFB000F2FE07464FBB4FF40070FDF7D9FD064651
:10DFC0001EB9112010B0BDE8F0810B9601A80A908F
:10DFD00004A80D99FEF72CFE07463046FDF7CFFD4D
:10DFE00000BF97B9099D0DB906270EE004F027047C
:10DFF00008EA0400E97AA1430843E8720120049981
:10E0000008710498FDF739FE07463846DAE7F3B59C
:10E010008DB00D4601220DA904A8FEF7BCFE0746EF
:10E0200057BB4FF40070FDF7A3FD064616B911204B
:10E030000FB0F0BD0B9601A80A9004A80D99FEF749
:10E04000F7FD07463046FDF79AFD00BFA7B9099CCA
:10E050000CB9062710E0A879A075E8880112E175CF
:10E0600028792076A8880112617601200499087128
:10E070000498FDF702FE07463846D9E72DE9F3413B
:10E080009CB001221CA913A8FEF785FE0446002CB3
:10E0900078D113980A904FF40070FDF769FD074698
:10E0A0001FB911201EB0BDE8F0811A9701A8199080
:10E0B00013A81C99FEF7BCFD044600BF002C75D1C7
:10E0C000189808B9042471E0189800F10B01152282
:10E0D00004A8FDF75FFD242213A90AA8FDF75AFD45
:10E0E0001DA8FEF7EDFD002805DB0AA81D99FEF727
:10E0F0009FFD044600E00B2404B90824042C55D1EC
:10E100000AA8FEF717FB0446002C4FD10F9D1322DF
:10E110000DF1120105F10D00FDF73CFD9DF8100019
:10E1200040F02000E8720120139908710C991598AD
:10E13000884231D0E87A00F0100068B3294613987D
:10E14000FEF7DAF8804641461398FDF7FAFD0646D9
:10E150000EB9022420E031461398FDF775FD044600
:10E16000139800F15005BCB968782E2814D1139883
:10E170000078032807D113990C98496A884202D184
:10E18000002001E015E00C98064631462846FEF7CF
:10E19000C3F801201399087144B913A8FEF75FFB77
:10E1A00004461CB91398FDF768FD04463846FDF790
:10E1B000E6FC204676E72DE9F74189B00D4690460A
:10E1C000002209A96846FEF7E6FD044624BB1DB3FC
:10E1D0000020029000216846FDF789FF0446DCB963
:10E1E00001216846FEF740FA044684B90B2228460E
:10E1F0000599FDF7CFFC0B2700BF0020E85507B9B4
:10E2000004E0781E0746285C2028F6D000BF042CC6
:10E2100002D100202870002444BBB8F1000F25D0A3
:10E22000009A1046D169FDF70FFD0446F4B9009835
:10E230000078032801D1432000E0272006460098FB
:10E2400030303044C0780106009830303044807857
:10E2500041EA0041009830303044407841EA0020E3
:10E2600000993031895D0843C8F8000020460CB0A1
:10E27000BDE8F0812DE9F14F8CB001220CA903A873
:10E28000FEF789FD8146B9F1000F03D048460DB075
:10E29000BDE8F08F00208DF80000002700E07F1C13
:10E2A0000C98C05D0028FAD100E07F1E27B1781ECF
:10E2B0000C99085C2028F8D0002F5ED00026B046CC
:10E2C00000BF3046761C0C990C5C812C20DBE0B240
:10E2D000FE281DDCB8F10A0F18D2BE4216D20C98E7
:10E2E000805D402803DB0C98805D7E2807DD0C985C
:10E2F000805D80280ADB0C98805DFE2806DC3046B5
:10E30000761C0C99085C40EA042000E0002084B2EE
:10E310000121204600F058FE834600F09EFE824612
:10E32000002100F051FE04465CB12146FEA0FDF73D
:10E330005BFC30B9FF2C01DD0A2000E00B204045DA
:10E3400001D80620A3E7FF2C05DD2212404608F184
:10E3500001080DF80020E2B2404608F101080DF86E
:10E360000020BE42ADD305E02022404608F101085E
:10E370000DF80020B8F10B0FF6D300200590002116
:10E3800003A8FDF7B4FE8146B9F1000F5BD101216E
:10E3900003A8FEF769F98146B9F1000F21D19DF874
:10E3A000000098B10B2269460898FDF7F3FBFDF7D2
:10E3B000DDFB054608998D75290A0898C175290C59
:10E3C00008980176290E0898417602E0E520089920
:10E3D00008700120039908710398FDF74EFC8146EF
:10E3E00031E0B9F1040F2ED14FF000099DF8000083
:10E3F00048B3012103A8FDF751FF8146B9F1000F91
:10E4000021D1202200210898FDF7D1FB0B2269467B
:10E410000898FDF7BFFB08200899C872FDF7A6FB16
:10E42000054608998D75290A0898C175290C089820
:10E430000176290E08984176012003990871039806
:10E44000FDF71BFC8146484621E72DE9F74F90B0C8
:10E45000914610A8FEF734FC0F900F98002803DABD
:10E460000B2013B0BDE8F08F1198012801DD1320B7
:10E47000F7E7A9F1010000EA090008B11320F0E76D
:10E48000AD490F9851F820B0BBF1000F01D10C201D
:10E49000E7E700208BF800000F98C0B20C90002036
:10E4A0000B900C98FDF776FA0190019800F00100AE
:10E4B00008B10320D5E7019800F0040008B10A2054
:10E4C000CFE700BF04AA01210C98FDF7FAFA10B9B2
:10E4D0000498802801D20120C3E7119808B10020D8
:10E4E00000E03F2080460498A0EB08000490B9F1BA
:10E4F000000F13D14FF4FA610498B0FBF1F00A90C9
:10E500004FF0000A01E00AF1010A8C4830F81A10B5
:10E510000A988142F7D88A4830F81A904FEA592968
:10E52000B9F1000F01D14FF00109B9F1800F01D904
:10E530004FF080090498B0FBF9F7012540F6F6701A
:10E54000874200D302254FF6F670874200D3032599
:10E55000032D0AD1082000EB870000F2FF10460AC5
:10E56000202003900020029011E0012D05D107EB3F
:10E570004700401C4008C01C01E07800001D064612
:10E5800006F2FF10460A0120039020200290039813
:10E590004044079007983044069002990698084432
:10E5A000059005984844A0EB08000499884201D9D9
:10E5B0000E2056E709AA03210C98FDF782FA28B924
:10E5C000099818B10998B0F5004F01D901200990B8
:10E5D000099905980844401E491E884309900999E5
:10E5E0000598081A0990032D08D109990398084441
:10E5F0000390099907980844079001E00998064498
:10E60000DDE90301081A811B0298081AB0FBF9F72B
:10E61000022D03D140F6F670874205D3032D05D1B4
:10E620004FF6F670874201D20E201AE7032D02D171
:10E630000C200D9010E0012D06D10498B0F5803F1C
:10E6400002D201200D9007E00498B0F5803F01D27E
:10E65000042000E006200D9000BF119810B1F020BA
:10E660000E9044E04FF4007200210BF13000FDF7F2
:10E670009EFA0BF5F77401206070A0700020E07026
:10E680000D982071FE206071049840443F21B0FB3A
:10E69000F1F0FF21B0FBF1F009903F21099841EA28
:10E6A0009000A0710998E0713F20207200216172F2
:10E6B000A172E172049820730498010A61730498AE
:10E6C000010CA1730498010EE17355218BF82E12F1
:10E6D000AA218BF82F12012300220BF130010C9894
:10E6E000FDF7B2F908B10120BBE6F8200E900BF15E
:10E6F00030044FF4007200212046FDF758FA0B2237
:10E7000010A12046FDF746FA4FF4007A84F80BA0DA
:10E710004FEA1A21217384F80D900398A07303988F
:10E72000010AE173012013E0222A2B2C2E3A3B3CF4
:10E730003D3E3F5B5D7C7F00A0BE01207A4B01081F
:10E74000904B0108EBFE904D53444F53352E300053
:10E750002074032D01D1002001E04FF400708246A7
:10E7600084F811A04FEA1A21A1740498B0F5803FF3
:10E7700005D20498E0740498010A217510E0049809
:10E7800084F820000498C0F3072121200155049843
:10E79000C0F30741222001550498010E23200155A2
:10E7A0000E9860753F20207600216176FF20A076CC
:10E7B000E17684F81C804FEA182161774FEA18410E
:10E7C000A1774FEA1861E177FDF7D0F90990032DA1
:10E7D0003ED1099884F843000998C0F307214420EA
:10E7E00001550998C0F30741452001550998010ECC
:10E7F0004620015584F82460C6F3072125200155E1
:10E80000C6F3074126200155310E2720015502206D
:10E8100084F82C0000212D2001552E2001552F2099
:10E820000155012084F8300031200155062084F87C
:10E83000320033200155802084F84000292084F8DC
:10E8400042001322FEA104F14700FDF7A3F91FE0E7
:10E85000099884F827000998C0F30721282001555A
:10E860000998C0F30741292001550998010E2A2073
:10E870000155A675310AE175802084F8240029200D
:10E8800084F826001322F3A104F12B00FDF782F98E
:10E89000552084F8FE01AA2140F2FF100155012302
:10E8A000424621460C98FDF7CFF808B10120D8E583
:10E8B000032D06D1012308F1060221460C98FDF72D
:10E8C000C3F8079808904FF0000A61E04FF4007217
:10E8D00000212046FDF76BF90E980990032D14D006
:10E8E000012D01D1E04801E06FF0FF0009990843D4
:10E8F0000990099820700998000A60700998000C26
:10E90000A0700998000EE07019E0099860F0FF000F
:10E910000990099820700998000A60700998000C05
:10E92000A0700998000EE070FF202071FF21617136
:10E93000A171E17120726172A1720F21E1720898D8
:10E94000411C02460123089121460C98FDF77CF8F2
:10E9500008B1012085E54FF4007200212046FDF743
:10E9600026F9012009900EE00898411C0246012377
:10E97000089121460C98FDF767F808B1012070E571
:10E980000998401C09900998B042EDD30AF1010A98
:10E99000BAF1000F9AD0032D01D1484600E0029849
:10E9A000824600BF0898411C024601230891214677
:10E9B0000C98FDF749F808B1012052E5AAF10100D1
:10E9C000B0F1000AEED1032D46D1522020706070C4
:10E9D0006120A0704120E070722084F8E40172216F
:10E9E00040F2E51001554121401C01556121401CB8
:10E9F0000155781E84F8E801C0F3072140F2E910C0
:10EA00000155781EC0F307414FF4F5700155781E8B
:10EA1000010E40F2EB100155022084F8EC010021B8
:10EA200040F2ED100155401C0155401C0155552088
:10EA300084F8FE01AA2140F2FF100155012308F1DC
:10EA4000010221460C98FCF7FFFF012308F10702A1
:10EA500021460C98FCF7F8FF002211460C98FDF7B0
:10EA600030F808B10120FCE40020FAE42DE9FC476D
:10EA700007468846914600243E4613E06B46012235
:10EA800001A94846FEF757FC0098012800D00DE088
:10EA90009DF8045000BF06F8015B641C0A2D00D1EC
:10EAA00004E000BFA8F10100A042E7DC00BF0020A5
:10EAB000307014B13846BDE8FC870020FBE7F8B59C
:10EAC00004460E4600BF6568002D00DAF8BD2846F2
:10EAD0006D1C04F10C010E543D2D0CDB6B462A46D7
:10EAE0002068FEF708FD0098A84201D1002001E04F
:10EAF0004FF0FF3005466560A068401CA06000BF75
:10EB0000E4E730B595B004460D4602950020039029
:10EB10000490214602A8FFF7D2FF039800280DDBDE
:10EB200001AB05A9DDE90202FEF7E5FC30B9019968
:10EB30000398884202D1049815B030BD4FF0FF30E1
:10EB4000FAE730B595B004460D46029500200390D3
:10EB5000049004E014F8011B02A8FFF7B0FF20782E
:10EB60000028F7D1039800280DDB01AB05A9DDE9EA
:10EB70000202FEF7C0FC30B901990398884202D125
:10EB8000049815B030BD4FF0FF30FAE70FB42DE90F
:10EB9000F04F9BB02498019000200290039026A88B
:10EBA0001A9000BF259810F8014B259004B924E174
:10EBB000252C04D0214601A8FFF781FFF2E70020B1
:10EBC00006468146259810F8014B2590302C05D13A
:10EBD0000126259810F8014B259006E02D2C04D134
:10EBE0000226259810F8014B259009E009EB8900D1
:10EBF00004EB4000A0F13009259810F8014B259056
:10EC0000302C01DB392CF1DD6C2C01D04C2C05D1E2
:10EC100046F00406259810F8014B259004B9ECE065
:10EC20002546612D04DB7A2D02DCA5F12000C5B25A
:10EC30004F2D60D01DDC422D5AD0432D4FD015E012
:10EC40004E4F204E414D4520202020464154333226
:10EC5000202020004E4F204E414D452020202046B0
:10EC6000415420202020200000FFFF00442D4CD1E3
:10EC700044E0532D04D0552D41D0582D45D141E0CD
:10EC80001A9850F804BB1A904FF0000801E008F100
:10EC900001081BF808000028F9D106F0020048B965
:10ECA00003E0202101A8FFF70AFF404608F1010810
:10ECB0004845F6D304E01BF8011B01A8FFF7FFFE4F
:10ECC0009BF800000028F6D103E0202101A8FFF7FF
:10ECD000F6FE404608F101084845F6D362E71A9867
:10ECE00010F8042BD1B21A9001A8FFF7E8FE59E7FB
:10ECF000022019900EE0082019900BE000BF0A20B6
:10ED0000199007E01020199004E0214601A8FFF7B0
:10ED1000D6FE47E700BF06F0040028B11A98006845
:10ED20001A99091D1A910CE0442D05D11A98006812
:10ED30001A99091D1A9104E01A9800681A99091D78
:10ED40001A918246442D06D10AF0004018B1CAF14A
:10ED5000000A46F00806002700BF1998BAFBF0F138
:10ED600000FB11A0C5B21998BAFBF0FA092D06DD17
:10ED7000782C01D1272000E007202844C5B205F1F6
:10ED80003000C2B238467F1C14A90A54BAF1000FF1
:10ED900001D0102FE1D306F0080020B12D22384613
:10EDA0007F1C14A90A54B84606F0010008B13020AF
:10EDB00000E02020054603E0294601A8FFF77FFE7A
:10EDC00006F0020020B9404608F101084845F3D397
:10EDD00000BF781E074614AA115C01A8FFF76FFE5A
:10EDE000002FF6D103E0294601A8FFF768FE404650
:10EDF00008F101084845F6D3D4E600BF00201A9078
:10EE00000298002810DB18AB04A9DDE90102FEF727
:10EE100072FB48B918990298884205D103981BB033
:10EE2000BDE8F00F5DF814FB4FF0FF30F7E700008E
:10EE300010B500240EE04FF40C710020FBF7BFFC6E
:10EE40005C4941F82400084650F8240000B903E06A
:10EE5000601CC4B2032CEEDB00BF4FF40A7100202B
:10EE6000FBF7ADFC544908604FF40A710020FBF732
:10EE7000A6FC524908604FF400710020FBF79FFC8C
:10EE80004F490860032C0AD14B48006838B14B4801
:10EE9000006820B10846006808B1002010BD0120BC
:10EEA000FCE70146412901DA08467047612903DB86
:10EEB000A1F12000C0B2F8E70846F6E72DE9FC41D1
:10EEC00005460027002405E0601CC4B2287800B97C
:10EED00002E06D1CFA2CF7DB00BFFA2C02D1FF20F8
:10EEE000BDE8FC81002408E06D1E28782E2802D1A0
:10EEF0006D1C2F4603E0601CC4B2052CF4DB00BF80
:10EF00003946684603F0FCFC002407E01DF80400C5
:10EF1000FFF7C7FF0DF80400601CC4B2042CF5DB3A
:10EF200000241DE0002616E0264800EB041050F8EF
:10EF30002600007800B910E0224901EB041151F8D5
:10EF40002600694603F070FD18B946EA0410C0B205
:10EF5000C6E7701CC6B2042EE6DB00BF601CC4B25C
:10EF6000072CDFDBFF20BBE72DE9FC4707460C46FB
:10EF70001546002000908046814601AA6946384621
:10EF8000FEF711FE06468EB901984069801E019970
:10EF9000897800FB01F901988078009900FB01F85D
:10EFA0004FEA590020604FEA580028603046BDE81B
:10EFB000FC870000ACBE0120C8010020CC0100206D
:10EFC000D8010020A84B01082DE9F84F04468846D7
:10EFD0004FF0000B802C01DAA1463BE0B8F1000FA6
:10EFE00005D02948D0F805004FEA500B01E04FF05A
:10EFF000000B2548D0F805004FEA500A0120C0EB6D
:10F000009A0A002710261CE0AAEB070007EB500520
:10F010001D48D0F8010000EB850000EB0B01042235
:10F020006846F5F7C2FDBDF80000A04200D10AE035
:10F03000BDF80000A04201DA2F4600E0AA46701E8B
:10F0400086B2002EE0D100BF16B1BDF8020000E08C
:10F05000002081464846BDE8F88F0246002100E0C6
:10F06000491C0A4830F8110020B1084830F8110056
:10F070009042F5D1054830F8110018B1044830F835
:10F08000110070471046FCE7FCBE0120184C010837
:10F09000F84D01082DE9F0432DED028B83B00746B2
:10F0A000884614461E46DDED0C8AFF25F8EE680AF8
:10F0B00000EE106AB8EE400A80EE801AB0EE418A87
:10F0C0009FEDFE0A28EE000AB0EE408A00EE105ACC
:10F0D000B8EE400AB4EE480AF1EE10FA1ED0F8A0DD
:10F0E00004EB440909EBD97107EB6101CDE900405C
:10F0F00088B24FF4A073F0224146F5F7E0F9BCEE78
:10F10000C80A10EE100AC5B2642D00DD6425032381
:10F110002A46414638460094F5F728F9002003B006
:10F12000BDEC028BBDE8F0832DE9FF4F83B0814633
:10F130009846DDF840A000200290002783464FF457
:10F140000A71FBF73CFB04460CB94FF0010B4FF47E
:10F1500080510020FBF733FB06460EB94FF0010B40
:10F16000012241462046FEF726F805460DB14FF034
:10F17000020BBBF1000F78D1BAF1000F09D0BAF140
:10F18000010F12D0BAF1020F21D0BAF1030F42D110
:10F190002FE0CC48CC49C1F80100E068C1F8050077
:10F1A0000846D0F80100029035E0C748D0F80100C9
:10F1B000C549D1F805100844C349C1F80900E06801
:10F1C000C1F80D000846D0F80900029023E0BE48BF
:10F1D000D0F80900BC49D1F80D100844BA49C1F86B
:10F1E0001100E068C1F815000846D0F8110002903F
:10F1F00011E0B548D0F81100B349D1F81510084412
:10F20000B149C1F81900E068C1F81D000846D0F8FE
:10F210001900029000BF00BF21E001AB4FF4805203
:10F2200031462046FEF787F8054605B119E00298F9
:10F2300039184FF480523046F5F753FDBDF80400FD
:10F2400007440097E3684846DDE90412FFF722FF10
:10F25000BDF80400B0F5805F01D002E005E0002DAC
:10F26000DBD000BF2046FEF793FA21460020FBF7D3
:10F2700096FA31460020FBF792FA284607B0BDE81F
:10F28000F08F2DE9FF4F83B0064615460024A046B7
:10F29000FF24FF208C49087064210020FBF78FFABF
:10F2A00082464FF480510020FBF789FA83464FF4E1
:10F2B0000A710020FBF783FA0290BBF1000F04D023
:10F2C000BAF1000F01D0029878B900200299FBF73B
:10F2D00066FA51460020FBF762FA59460020FBF718
:10F2E0005EFA052007B0BDE8F08F5046069903F09E
:10F2F00007FB76480168504603F045FB0122514662
:10F300000298FDF758FF04460CB148F0100850462B
:10F31000069903F0F5FA6E480168504603F033FB96
:10F32000012251460298FDF746FF04460CB148F011
:10F3300020085046069903F0E3FA664801685046F3
:10F3400003F021FB012251460298FDF734FF0446E9
:10F350000CB148F040085046069903F0D1FA5E48D7
:10F360000168504603F00FFB012251460298FDF759
:10F3700022FF04460CB148F0800800200299FBF7F8
:10F380000EFAB8F1000F6FD154A04FF4A073F02221
:10F39000CDE9005030460499F5F791F8002730E0A8
:10F3A00005EB85018900CDE9007101EBD17106EB18
:10F3B000610188B240F217332A460499FFF76AFECA
:10F3C00007F5406001034FF480525846F5F7EDFB16
:10F3D0004FF0000908E05BF82900401C00B106E08E
:10F3E00009F101001FFA80F9B9F5806FF3DB00BF66
:10F3F000B9F5806F03D007F54060F5F74FFC781C36
:10F4000087B240F217308742CADB59460020FBF72B
:10F41000C6F937A04FF4A073F022CDE90050304672
:10F420000499F5F74CF85046069903F069FA274815
:10F430000168504603F0A7FA002005EB850189001A
:10F44000CDE9000101EBD17106EB610188B25346B1
:10F450002A460499FFF768FE044634B1514600205D
:10F46000FBF79DF901203DE7BBE026A04FF4A07318
:10F47000F022CDE9005030460499F5F720F85046C7
:10F48000069903F03DFA12480168504603F07BFAF2
:10F49000012005EB85018900CDE9000101EBD17167
:10F4A00006EB610188B253462A460499FFF73CFEF9
:10F4B000044614B15146002030E033E00000C84259
:10F4C000250000002100C000FCBE0120E44F01081F
:10F4D000E04F0108DC4F0108D84F01084572617305
:10F4E000696E6720736563746F72732E2E2E200011
:10F4F0005570646174696E6720554E4947424B2EC2
:10F5000042494E005570646174696E672047424BF2
:10F5100031322E42494E202000000000FBF73FF917
:10F520000220DFE644A04FF4A073F022CDE90050A2
:10F5300030460499F4F7C3FF5046069903F0E0F90A
:10F5400043480168504603F01EFA022005EB85018E
:10F550008900CDE9000101EBD17106EB610188B2B0
:10F5600053462A460499FFF7DFFD04462CB1514665
:10F570000020FBF714F90320B4E636A04FF4A07383
:10F58000F022CDE9005030460499F4F798FF504638
:10F59000069903F0B5F935480168504603F0F3F9D0
:10F5A000032005EB85018900CDE9000101EBD17154
:10F5B00006EB610188B253462A460499FFF7B4FD71
:10F5C00004462CB151460020FBF7E9F8042089E6F7
:10F5D000AA202749087021224FF440012448F5F75A
:10F5E00080FB51460020FBF7DAF859460020FBF774
:10F5F000D6F8404676E610B50024F5F769FA0FE034
:10F60000601CC4B221224FF440011948F5F7CDFA2D
:10F6100017480078AA2800D104E01420F8F702F96E
:10F620000A2CEDDB00BF12480078AA2801D0012087
:10F6300010BD0020FCE700005570646174696E67BE
:10F640002047424B31362E42494E20200000000018
:10F65000DC4F01085570646174696E672047424B46
:10F6600032342E42494E202000000000D84F0108BD
:10F67000FCBE01202DE9F05F82460F46144620466D
:10F68000E21704EB5272D2102146E31704EB5373D6
:10F69000DB10A4EBC3030BB1012300E000231A44E9
:10F6A000624302F0FF099AF800600AF10100824605
:10F6B0000578812E05DB402D03DBFF2D01D0FF2EC9
:10F6C0000DD14FF0000B06E0002007F8010B0BF105
:10F6D000010000F0FF0BCB45F6DBBDE8F09F7F2D6E
:10F6E00003DAA5F14000C5B202E0A5F14100C5B2C0
:10F6F000A6F18100C6B2BE2010FB065000FB09F83F
:10F700000C2C04D0102C0CD0182C1ED113E08A48DD
:10F71000D0F8090000EB08014A463846F5F745FAEB
:10F7200013E08548D0F8110000EB08014A4638463E
:10F73000F5F73BFA09E08048D0F8190000EB080122
:10F740004A463846F5F731FA00BF00BF00BFC4E7AC
:10F750002DE9FF4F93B007460D461C46AA462046AA
:10F76000E21704EB5272D2102146E31704EB5373F5
:10F77000DB10A4EBC3030BB1012300E000231A4408
:10F78000624302F0FF0B0C2C06D0102C04D0182C76
:10F7900002D017B0BDE8F08F224601A91598FFF7F7
:10F7A00069FF00262FE001A810F806804FF000093D
:10F7B00023E008F0800030B16048028829463846CE
:10F7C000F1F7EEFD07E0209828B95D480288294648
:10F7D0003846F1F7E5FD4FEA48604FEA1068681CCB
:10F7E00085B2A5EB0A00A04203D15546781C87B22A
:10F7F00006E009F1010000F0FF09B9F1080FD8DBBC
:10F8000000BF701CC6B25E45CDDB00BFC1E72DE96D
:10F81000FE4F07460E4691469A46DDE90D4B0C9D7C
:10F82000B8460296002001904BE0019870BB287802
:10F83000802802DD0120019043E004EBD47108EB45
:10F840000902A2EB6101B94202DA301986B24746D9
:10F8500002985044001BB04200DA35E028780D28A9
:10F8600004D1301986B247466D1C07E0CDF800B0D0
:10F870002A78234631463846F4F7DFFC6D1C2046D3
:10F8800004EBD07107EB61018FB21AE00020019008
:10F8900008EB0900001BB84202DA301986B247466D
:10F8A00002985044001BB04200DA0DE023462A467D
:10F8B00031463846CDF800B0FFF74AFFAD1C381985
:10F8C00087B228780028B0D100BFBDE8FE8F2DE9AF
:10F8D000FE430746894615461C46DDF8288000266B
:10F8E000284603F031F886B2204604EBD071491067
:10F8F00071438EB246450BDD0120CDE900540290E4
:10F9000010484388028849463846FFF780FF11E0D7
:10F91000A8EB060000EBD071C1F34F0601200949A6
:10F92000CDE9005402904B880A88F11988B2494603
:10F93000FFF76DFFBDE8FE83FCBE01202C00002018
:10F940002E000020EC0100202DE9F14F8CB00020AA
:10F9500008900790069001200590C00203900020B7
:10F960000290039801F0B3FC06461EB911200DB0B9
:10F97000BDE8F08F4FF40A7001F0A9FC0B900B98D2
:10F9800020B9304601F0AAFC1120F0E70122DDE9A0
:10F990000B01FDF710FC04900498002874D10AAB09
:10F9A0003146039A0B98FDF7C6FCB2465646BAF8A4
:10F9B0000A0084B2BAF81C00C11700EB5171C1F300
:10F9C000C7089AF81E000290DAF81600FE4988600F
:10F9D000DAF81200486001F09BFBFB48007900FB5D
:10F9E00008F000F0030060B1F748406800FB08F041
:10F9F000012101EB90004FF6FF7101EA80000190B8
:10FA000005E0F148808800FB08F080B201900027F3
:10FA100000200990EC4800891FFA80FBB946EA48AB
:10FA2000C06800FB0BF0C0F34F3006903546E2E0B3
:10FA3000C5E0B8F1030F1DD1B9F1000F06D0B9F13F
:10FA4000010F06D0B9F1020F13D10AE0285DC710EB
:10FA50000FE0285D4FF4FC6101EAC000384487B232
:10FA600007E0285D4FF4784101EA0020384487B26E
:10FA700000BF4AE0B8F1020F21D1B9F1000F04D064
:10FA8000B9F1010F1AD10DE0BAE0029840B9285D32
:10FA900000F01F07285D00F0E00007EB400700E0E2
:10FAA0002F5D0BE0029820B9285D07EB402087B25C
:10FAB00003E0285D07EB002087B200BF25E0B8F126
:10FAC000040F21D1B9F1000F09D0B9F1010F09D00C
:10FAD000B9F1020F0ED0B9F1030F14D112E0285D75
:10FAE000C71010E0285D4FF4FC6101EAC000384403
:10FAF00087B208E0285D4FF4784101EA00203844DD
:10FB000087B200E000BF00E000BF09F1010000F093
:10FB1000FF09601C84B2C1452AD1AB4841680998ED
:10FB200081421FD9A848C06809994843C0F34F30A3
:10FB300007900122DDE9061001F056FB90B105980F
:10FB400080B1A14AB2F81CC0069A6244521E91B21A
:10FB50009D4AB2F818C0079A624490B29B4A536813
:10FB60003A4698470998401C80B209900027B94648
:10FB70000898401C80B208900199089888421EDBC2
:10FB8000ABF101001FFA80FBBBF1000F00D11AE0BE
:10FB90008D48C06800FB0BF0C0F34F300690002288
:10FBA000DDE9061001F020FB10B10120059001E015
:10FBB00000200590002009900890002781460398B6
:10FBC0008442FFF636AF00BF0AAB3146039A0B986A
:10FBD000FDF7B1FB0490BDF828100398814202D0D4
:10FBE000BDF828000390049810B9BDF8280000B9AA
:10FBF00002E0354600241BE700BF0B98FDF7C8FD67
:10FC0000304601F06BFB0B9801F068FB0498AEE600
:10FC10002DE9FF4F8FB04FF400600B9000200A9049
:10FC20000790FF2004901E988011039066491C984D
:10FC30000861129848610B9801F049FB8046B8F1C1
:10FC4000000F03D1112013B0BDE8F08F4FF40A70FC
:10FC500001F03DFB0E900E9820B9404601F03EFBAE
:10FC60001120F0E70122DDE90E01FDF7A4FA0C9066
:10FC70000C9800287ED10DAB422241460E98FDF72C
:10FC80005AFBCDF80880DDF80880B8F81C00C117D1
:10FC900000EB5171C1F3C709DDF8088098F81E0028
:10FCA0000A90DDF80880D8F8160047498860DDF82A
:10FCB0000880D8F8120048600846007900FB09F077
:10FCC00000F0030060B10846406800FB09F0012124
:10FCD00001EB90004FF6FF7101EA8000089005E00B
:10FCE0003948808800FB09F080B2089036484168A6
:10FCF000089801FB1900C0B2069000260025324882
:10FD00000089401E87B2304840682F4949698842BF
:10FD100072D82D4880682C4909698842F8D808991A
:10FD20000B9890FBF1F080B20990DDE90810484390
:10FD300080B20B902448808880B207900298D0F857
:10FD40000A100E98FDF736FD24E10DAB41460B9AE3
:10FD50000E98FDF7F0FA0C904446BDF834100B985D
:10FD6000814206D0BDF83410089891FBF0F080B2C3
:10FD7000099000E014E1B9F1030F3ED14FF0000B00
:10FD800036E04FF0000A27E014F8011BCE1014F8FB
:10FD9000011B4FF4FC6000EAC100064414F8011B8B
:10FDA0004FF4784000EA0120304486B2119A3A4478
:10FDB00091B2109A2A4490B2044A53683246984746
:10FDC000681C85B204E0000020BF012048BF01206C
:10FDD0000AF101001FFA80FA07988245D4DB0698E1
:10FDE00004440025781E87B20BF101001FFA80FB46
:10FDF00009988345C5DBC5E0CEE0B9F1020F53D1C8
:10FE00004FF0000B4CE00A9820BB4FF0000A1DE0B9
:10FE1000207800F01F0614F8011B01F0E00006EB4B
:10FE2000400614F8011B06EB412086B2119A3A44B1
:10FE300091B2109A2A4490B2D84A536832469847F1
:10FE4000681C85B20AF101001FFA80FA0798824502
:10FE5000DEDB1CE04FF0000A16E014F8016B14F82A
:10FE6000011B06EB012086B2119A3A4491B2109A16
:10FE70002A4490B2C94A536832469847681C85B2F2
:10FE80000AF101001FFA80FA07988245E5DB06981F
:10FE900004440025781E87B20BF101001FFA80FB95
:10FEA00009988345AFDB6DE0B9F1040F6AD14FF0DB
:10FEB000000B64E04FF0000A55E014F8011BCE106F
:10FEC00014F8011B4FF4FC6000EAC100064414F86A
:10FED000011B4FF4784000EA0120304486B214F848
:10FEE000010B04900398012821D0119B3B4499B247
:10FEF000109B2B4498B2A94B1A6890470590039821
:10FF0000022807D11E9800F01F021D99059801F0E4
:10FF1000EAF805900498C117019000EB5170C0F306
:10FF2000C7023146059801F0DEF806460BE004985A
:10FF3000C117019000EB5170C0F3C70231461D9804
:10FF400001F0D1F80590119A3A4491B2109A2A44DE
:10FF500090B2924A536832469847681C85B20AF1BB
:10FF600001001FFA80FA07988245A6DB0698044430
:10FF70000025781E87B20BF101001FFA80FB09985B
:10FF8000834597DBBDF834100B98814201D10C9862
:10FF900000B100E0D9E600BF0E98FDF7F9FB01E0E3
:10FFA00028200C90404601F099F90E9801F096F93E
:10FFB0000C9848E62DE9FF4F95B08A4693461F46B8
:10FFC000DDF888800020029017B1B8F1000F03D14E
:10FFD000292019B0BDE8F08F0AEB0700401E7049D8
:10FFE0000988884201DD2920F3E70BEB0800401E59
:10FFF0006B494988884201DD2920EAE74FF4806097
:020000040801F1
:1000000001F065F904460CB91120E2E74FF40A70DB
:1000100001F05DF91490149820B9204601F05EF9C2
:100020001120D6E74FF042094222002103A8FAF737
:10003000FAFA2820CDF81A00CDF81E70CDF82280EB
:100040000121ADF826101021ADF828100321CDF8BC
:100050002A10DDF82210DDF81E205143BDF82820BB
:1000600001FB02F0C11700EB5171CA10CDF82E2030
:1000700044F64250ADF80C00DDF82E004844CDF8AF
:100080000E00CDF816904FF47840CDF842004FF4B2
:10009000FC61CDF846101F21CDF84A1023980128A5
:1000A00005D10322DDE91401FDF785F802902398BC
:1000B00010B10298042805D10622DDE91401FDF7EC
:1000C0007AF80290DDF81E104800C11700EB91711C
:1000D0008910A0EB810161B1DDF81E104800C11745
:1000E00000EB91718910491C4FF6FF7202EA8106FC
:1000F00005E0DDF81E004FF6FF7101EA40060298A8
:10010000F0BB284B4A4603A91498FDF7F4F9029076
:100110000BEB0800401E80B200902DE00025CDF8CA
:1001200004A014E0DDF81E00A84206DDDDE90010A1
:10013000F0F7A9FF24F8150003E04FF6FF7024F84C
:100140001500681C85B20198401C80B2019006EB36
:10015000D671B5EB610FE5D1DDF82200401ECDF878
:100160002200104B324621461498FDF7C4F9029044
:100170000098401E80B20090DDF82200002800E0C8
:1001800003E0CBD11498FDF703FB204601F0A6F85D
:10019000149801F0A3F802981BE7000048BF012063
:1001A000EC010020D40100203EB504466B46062237
:1001B00001A92046FDF7BFF805460DB101203EBD5F
:1001C0009DF80400472817D19DF80500492813D150
:1001D0009DF8060046280FD19DF8070038280BD15E
:1001E0009DF80800372803D09DF80800392803D16E
:1001F0009DF80900612801D00220E0E70020DEE739
:1002000010B501460878C208487883088878C40881
:1002100004EB431000EBC22080B210BD2DE9FC417D
:1002200080460E461746002414E06B46032201A9BF
:100230004046FDF780F8054615B10120BDE8FC8178
:1002400001A8FFF7DDFF06F1100101EB4401088072
:10025000601C84B2BC42E8DB0020EFE7F8B505463D
:100260000C466B46072221462846FDF764F80646F1
:100270000EB10120F8BD207900F0800078B120791E
:1002800000F0070102208840A4F81004B4F81024FC
:1002900021462846FFF7C2FF08B10120EAE7002007
:1002A000E8E70146002000BF0BE001F1100202EB7D
:1002B0004002138801F5047202EB40021380421CD5
:1002C00090B2FF28F1DD70470146002000BF0BE02F
:1002D00001F5047202EB4002138801F1100202EBF7
:1002E00040021380421C90B2FF28F1DD704770B5C8
:1002F00004460D4604F21444206843F6F4420021FB
:10030000FAF791F9206800F54050C0F8D85C681CF5
:10031000216801F54051C1F8D40C0120A8402168A2
:1003200001F54051C1F8E40C0120A840401C2168AF
:1003300001F54051C1F8E80C0120A840801C21685B
:1003400001F54051C1F8DC0C0120A84041002068B3
:1003500000F54050C0F8E01C0121206800F5405035
:10036000C0F8D01C0221206800F54050C0F8CC1C19
:10037000206843F202110144A4F2144400F54050F5
:10038000C0F8BC1C70BD2DE9FC4105460E46174661
:100390006B46012201A92846FCF7CDFF9DF8040019
:1003A000F0B1B6B19DF80400B8420ADDAC689DF822
:1003B000040021182846FDF7FDF99DF80400BDE86A
:1003C000FC816B469DF8042031462846FCF7B3FFBC
:1003D00006E0AC689DF8040021182846FDF7EAF90C
:1003E0009DF80400EBE7FEB507460C4615461E4691
:1003F00001AB012202A93846FCF79DFF9DF80800D9
:10040000012806D0F92811D0FE2804D0FF2838D1C1
:1004100000E000BF00BF00BF4FF4807200213846EB
:10042000FFF7B1FF0028F7DC0020FEBD042269467B
:100430003846FFF7A8FF042801D00120F5E79DF812
:1004400001009DF8021040EA0120A4F812049DF872
:100450000000C0F3820030709DF8000000F0010041
:1004600010B19DF80300286001AB012202A93846B3
:10047000FCF761FF9DF8080008B10120D5E70020D6
:10048000D3E70120D1E72DE9F04782460C46D4F8A6
:10049000140400F54050D0F8D00C70B10021D4F80D
:1004A000140400F54050C0F8D01CD4F8140400F532
:1004B0004050D0F8E40CBDE8F087D4F8140400F5FF
:1004C0004050D0F8C01CD4F8140400F54050D0F8C7
:1004D000D40C01EB0009D4F8140400F54050D0F816
:1004E000C40C48455FDCD4F8140400F54050D0F843
:1004F000C80C10B14FF0FF30DDE704F2144421685E
:1005000043F6CC404058801E085C0870216843F6D2
:10051000CC404058401E085C48702068A4F2144447
:10052000811C4FF496725046FFF72DFF071E06D12F
:100530000121D4F8140400F54050C0F8C81C002F65
:1005400002DA4FF0FF30B6E7B81C04F21444216819
:1005500001F54051C1F8CC0C206800F54050D0F8AE
:10056000C01C206800F54050D0F8C40C081A1030A8
:10057000216801F54051C1F8C00CB81CC1002068C9
:1005800000F54050C0F8C41C206800F54050D0F879
:10059000C01C2068A4F2144400F54050D0F8D40CDC
:1005A00001EB000900BF4FEAE908D4F8140400F594
:1005B0004050D0F8C00CC510454503D1D4F8140400
:1005C000465D19E0681C404508D1D4F81404415D2B
:1005D0000246681C105C41EA00260DE0D4F81404C1
:1005E000415D0246681C105C41EA0021D4F81424E5
:1005F000A81C105C41EA004604F21444206800F58F
:10060000405090F8C00C00F0070146FA01F0216854
:1006100001F54051D1F8D41CFA4A32F8111000EA21
:100620000106206800F54050D0F8C01C206800F595
:100630004050D0F8D40C01442068A4F2144400F5D2
:100640004050C0F8C01C304635E72DE9F0418046E7
:100650000C469DE1D4F8140400F54050D0F8E40CA9
:10066000A8427DD1D4F8140400F54050D0F8E40C31
:10067000B0F5805F03DB4FF0FF30BDE8F081D4F8C8
:10068000141401F581704FF400520021F9F7CBFFEB
:10069000002606E0D4F8141442F2021211448E55DA
:1006A000761CD4F8140400F54050D0F8E40CB042A5
:1006B000F0DC04F21444206800F54050D0F8D80C67
:1006C000401C216801F54051C1F8D40C206800F5A8
:1006D0004050D0F8E40C4100206800F54050C0F8CC
:1006E000E01C206800F54050D0F8E40C801C216824
:1006F00001F54051C1F8DC0C206843F202110144BD
:10070000A4F2144400F54050C0F8BC1C00BF2146C0
:100710004046FFF7B8FED4F8141401F54051C1F873
:10072000EC0CD4F8140400F54050D0F8EC1CD4F8CC
:10073000140400F54050D0F8E40C8142E7D0D4F81E
:10074000140400F54050D0F8EC1CD4F8140400F563
:100750004050C0F8F01CD4F8140400F5405000E0FC
:1007600002E0D0F8EC0C88E7D4F8140400F540500F
:10077000D0F8E80CA84202D16FF001007DE72F46C7
:10078000D4F8140400F54050D0F8DC0CA8421EDC6C
:1007900004F21444206800F5405090F8EC2C2068D6
:1007A00000F54050D0F8BC3C206800F54050D0F82F
:1007B000BC1C491C206800F54050C0F8BC1C1A70D5
:1007C0002068A4F2144400F54050D0F8F05C3AE000
:1007D00004F21444206842F202110844425D206889
:1007E00000F54050D0F8BC3C206800F54050D0F8EF
:1007F000BC0C401C216801F54051C1F8BC0C1A70BA
:100800002068A4F2144400F5817030F91500A84264
:1008100001D1284631E7D4F8140400F54050D0F84F
:10082000BC0CD4F8141443F202121144401A40F6DE
:10083000B831884201D328461FE7D4F8140400F5E4
:10084000817030F91550D4F8140400F54050D0F8F8
:10085000E40CA842BCDD04F21444206842F2021108
:100860000844425D206800F54050C0F8EC2C206838
:1008700000F54050D0F8BC3C206800F54050D0F85E
:10088000BC0C411C206800F54050C0F8BC1C1A701C
:100890002068A4F2144400F54050D0F8DC0C054662
:1008A000B0F5805F52DA04F21444206800F540503D
:1008B000B0F8F00C01B2206800F5817020F8151036
:1008C000206800F5405090F8EC0C216842F20212CA
:1008D00011444855206800F54050D0F8DC0C401C0D
:1008E000216801F54051C1F8DC0C206800F540504A
:1008F000D0F8DC1C2068A4F2144400F54050D0F875
:10090000E00C814222DBD4F8140400F54050D0F80A
:10091000E00CB0F5805F19DAD4F8140400F540500B
:10092000D0F8E00C4100D4F8140400F54050C0F8B1
:10093000E01CD4F8140400F54050D0F8D40C401C4E
:10094000D4F8141401F54051C1F8D40CD4F81404AF
:1009500000F54050C0F8F07CD4F8140400F5405085
:10096000D0F8BC0CD4F8141443F20212114488429B
:100970000ED9D4F8140400F54050D0F8BC0C401E39
:10098000D4F8141401F54051C1F8BC0C007874E699
:1009900021464046FFF777FD051EBFF65BAE2846B1
:1009A0006BE62DE9FF4F8BB00C469A46DDF860B040
:1009B000B4F80B000490B4F80D0003900D9904985E
:1009C0000844401E0590617904F1100000EB4100DD
:1009D0000088019004F1100000900AAB012209A9DF
:1009E0000B98FCF7A8FC9DF824102046FFF77FFC2D
:1009F000E07B00F0400006900020089056460790EB
:100A0000D8E00000E84F010800277D1EDDF83480A3
:100A100082E0D4F8140400F54050D0F8BC0CD4F8AF
:100A2000141443F20212114488420FD9D4F814046A
:100A300000F54050D0F8BC0C401ED4F8141401F559
:100A40004051C1F8BC0C90F8009004E021460B988E
:100A5000FFF7FBFD814609F1020018B900200FB035
:100A6000BDE8F08FB9F1000F03DBB4F8100448457E
:100A700001DC0120F3E7A94504D10598804501DC9C
:100A80007F1C46E03FB35D4514D0DDF800E03EF842
:100A9000153007F1010E1FFA8EF2B1B2A8EB070E66
:100AA000AEF1010E1FFA8EF0DFF800E4DEF80CC0A4
:100AB000E0470EE0199802280BD17B1C9AB2B1B224
:100AC000A8EB07035B1E98B2F84BD3F80CC0019B50
:100AD000E04700271DE0002D1BDB5D450ED0DDF853
:100AE00000C03CF81520B1B2A8F1010C1FFA8CF03F
:100AF000DFF8B8C3DCF8043098470AE019980228F8
:100B000007D1B1B2A8F1010290B2E84A5368019A44
:100B100098474D4608F10108059880457FF779AF61
:100B20005D4502D1199802282CD15D4504D000986A
:100B300030F81500029001E001980290A7B1DDF8AD
:100B400008E01FFA8EF307F1010E1FFA8EF2B1B220
:100B5000A8EB070EAEF1010E1FFA8EF0DFF84CE3A2
:100B6000DEF80CC0E0470DE0DDF808C01FFA8CF29B
:100B7000B1B2DDF814C01FFA8CF0DFF830C3DCF836
:100B800004309847069888B1C9490798085C06441C
:100B9000A6EB0A010398814209DB0798401C0790E5
:100BA000C4490798085C00EB0A0600E0761C089828
:100BB000401C0890039908988842FFF625AF002052
:100BC0004DE70FB42DE9F84F074688461446617982
:100BD00004F1100000EB4100B0F800B0BDF838009F
:100BE00010B1BDF83A0018B9BDE8F80F5DF814FB74
:100BF000B4F80900BDF8361088422ADDBDF834008B
:100C000038441FFA80F9BDF8360040441FFA80FAD4
:100C1000BDF834003844BDF838100844401E85B291
:100C2000B4F809004044401E86B2A94511DAB24525
:100C30000FDAB5F5A07F0CDAB6F5A07F09DA9B488C
:100C4000CDF800B033462A465146D0F808C0484691
:100C5000E047B4F80700BDF8341088422ADDBDF83B
:100C6000340038441FFA80F9BDF8360040441FFABA
:100C700080FAB4F807003844401E85B2BDF836004B
:100C80004044BDF83A100844401E86B2A94511DA26
:100C9000B2450FDAB5F5A07F0CDAB6F5A07F09DA18
:100CA0008248CDF800B033462A465146D0F808C0F5
:100CB0004846E047B4F80910B4F80D000844BDF800
:100CC0003610BDF83A201144884232DABDF83400BB
:100CD00038441FFA80F9B4F8090000EB0801B4F8B1
:100CE0000D000844401E1FFA80FABDF83400384455
:100CF000BDF838100844401E85B2BDF836004044A7
:100D0000BDF83A100844401E86B2A94511DAB24532
:100D10000FDAB5F5A07F0CDAB6F5A07F09DA6348E3
:100D2000CDF800B033462A465146D0F808C04846B0
:100D3000E047B4F80710B4F80B000844BDF83410CD
:100D4000BDF838201144884231DAB4F80700C119DF
:100D5000B4F80B000844401E1FFA80F9BDF83600B5
:100D600040441FFA80FABDF834003844BDF838100A
:100D70000844401E85B2BDF836004044BDF83A1024
:100D80000844401E86B2A94511DAB2450FDAB5F51E
:100D9000A07F0CDAB6F5A07F09DA4448CDF800B0A0
:100DA00033462A465146D0F808C04846E04700BFBF
:100DB0001AE72DE9F0438BB080460C4615461E46D7
:100DC0004FF0FF30049000BF0AAB012203A9404658
:100DD000FCF7B1FA07461FB101200BB0BDE8F08364
:100DE0009DF80C0021287FD02C2802D03B286FD101
:100DF00078E0B4F80700ADF81800B4F80900ADF8D1
:100E00001A00B4F80B00ADF81C00B4F80D00ADF8F2
:100E10001E000AAB0922E11D4046FCF78CFA07468A
:100E20000FB10120D9E7E07B00F0800088B12046B7
:100E3000FFF737FAE07B00F00701022088401FFA35
:100E400080F94A4621464046FFF7E8F908B10120FB
:100E5000C3E79DF8140002280BD1079800909DF875
:100E600020008DF80400224631462846069BFFF7F5
:100E7000A8FE9DF814000499CDE90010B4F809000B
:100E8000304483B2B4F80700284482B22146404679
:100E9000FFF787FD1DE00AAB012209A94046FCF7D8
:100EA0004AFA9DF8240038B914E01DE048BF01203B
:100EB000085001080C500108D8F808000A909DF865
:100EC00024200A9881184046FCF774FC08B101E020
:100ED00015E0E0E700BF9DF8240008B101207CE7A1
:100EE00000207AE7022078E705AB04AA21464046B5
:100EF000FFF779FA07460FB101206EE701E0012004
:100F00006BE700BF9DF80C003B287FF45DAF00202D
:100F100063E700204B49087070472DE9F84F814680
:100F20000E4617469846DDF828A0002500200090C0
:100F30004FF40A7000F0CBF98346BBF1000F00D1EB
:100F400011254FF4836000F0C2F9044604B911255D
:100F500043F6F44000F0BBF9C4F81404D4F81404C8
:100F600000B91125002D5FD1012249465846FCF7F2
:100F700022F90546002D54D15846FFF715F900B166
:100F8000272521465846FFF769F900B12725208813
:100F9000404502DC6088504501DD28250FE02188AE
:100FA000A8EB010000EBD07106EB61018EB2618805
:100FB000AAEB010000EBD07107EB61018FB20120B9
:100FC0002049087027E03B46324621465846FFF745
:100FD000F0FE0546E07B00F0800010B12046FFF7F0
:100FE00073F9B4F8120418B1B4F81204009001E0D7
:100FF0000A20009002E00A20F6F714FC0098411E37
:1010000089B2009118B10F4800780028F3D1022D61
:1010100001D1002504E00B48007808B1002DD2D0A2
:1010200000BF5846FCF7B4FB584600F057F9D4F817
:10103000140400F053F9204600F050F92846BDE8AA
:10104000F88F0000DC010020F8B504460D46164676
:101050001F463EB1A5480088A04203DBA348408854
:10106000A84200DAF8BDA019401E82B22B462946DC
:1010700020460097F2F7C8FF00BFF3E72DE9F843D9
:1010800004460D4616461F46DDF82080E819401E2E
:1010900083B2A019401E82B229462046CDF80080B6
:1010A000F2F7DBFFBDE8F883914892490860924867
:1010B000486092488860AFF26F00C860AFF24300AA
:1010C00008618A4800888E4908808848408848809E
:1010D000002048608860C860086148618861C86114
:1010E00008624862704770B5034643EA0340854E84
:1010F00000EA060441EA014000EA0605281B5043C5
:1011000004EB501000EA060545EA154080B270BDB8
:101110007B4890ED051AF8EE411A90ED011AB8EEF1
:10112000411A81EE812AF0EE420A90ED041AF8EE9F
:10113000411A90ED021AB8EE411A81EE812AB0EE02
:10114000420AF4EEC00AF1EE10FA01D2B0EE600AE3
:10115000B7EE001AB4EEC10AF1EE10FA03DDB7EEF5
:10116000001AB0EE410A664890ED051AB8EE411A31
:10117000D0ED011AF8EE611A00EE611AB0EE002A05
:10118000C1EE021A90ED061AB8EE411A31EE811A3C
:10119000BCEEC11A80ED061A90ED041AB8EE411AA1
:1011A000D0ED021AF8EE611A00EE611AB0EE002AD4
:1011B000C1EE021A90ED071AB8EE411A31EE811A0B
:1011C000BCEEC11A80ED071A9FED4F1A20EE011AEE
:1011D000B0EE410ABCEEC01A80ED031A4FF6FF7064
:1011E000474908624862704703464548006A98428A
:1011F00003D14348406A884206D0012A02D14048C0
:1012000003624162012070470020FCE72DE9F84F9E
:1012100082460F4690461D46DDE90A6B781938492B
:101220000988884202DD2920BDE8F88F08EB060016
:1012300033494988884201DD2920F5E705B10EB917
:101240002920F1E72E4806614561006910B12C485C
:10125000406940B9254840882949086123480088E9
:1012600048610020E0E72348006908B94FF0000B0F
:101270002348C0F81C8087615046FDF71FFE814659
:10128000B9F1500F09D0B9F1510F0BD0B9F1520F8C
:1012900009D0B9F1530F15D10BE05046FEF754FBBE
:1012A000044611E000BF5946504601F0E7F80446F5
:1012B0000AE02B464246394650460096FFF72DFE7F
:1012C000044601E0272400BF00BF2046ACE710B56C
:1012D000044621460020F9F772FA10BD10B5044605
:1012E00021460020F9F75BFA10BD0000EC01002058
:1012F0008710000848BF0120A1130008094000081A
:1013000020BF01201FF8E007000000460246002031
:10131000CB1C23F00301136F8B4205D3136F5B1AB1
:101320001367D06E4318D36670472DE9F0478246A5
:101330000C4616462BE0412E02D20620BDE8F0876F
:10134000413E14F8018B08F0F00008B10620F5E7E3
:1013500008F003074FF480715046FFF7D7FF0546AA
:101360000DB90320EAE70AF1540040F8275000279E
:101370000BE0FD4810F8079014F8010BFB4931F819
:101380001910484345F829007F1C402FF1D3002E47
:10139000D1D10020D2E72DE9F74F86B00D46164691
:1013A0008EE0112E03D2062009B0BDE8F08F113E69
:1013B00015F801AB4FEA2A190AF00F0003900AF062
:1013C000EE0008B10620EFE710210698FFF79EFF18
:1013D0008046B8F1000F01D10320E5E706982430DC
:1013E000039900EBC10040F829800020044607461D
:1013F00007E015F8010B049008F80400049807446E
:10140000641C102CF5D379000698FFF77FFF834604
:10141000BBF1000F01D10320C6E7069834300399D1
:1014200000EBC10040F829B000200190044605906F
:1014300019E018F80400049009E00598421C01998D
:1014400005922BF810100198401C80B2019004986E
:10145000411E04910028F0D14FF6FF71019801EA76
:1014600040000190641C102CE3D3BE4201D2062040
:101470009AE7F61B39460698FFF748FF0290029854
:1014800008B9032090E706984430DDE9021200EB2A
:10149000C20040F82910002410E015F801ABB9F1A2
:1014A000000F04D1BAF10B0F01DD06207CE7029892
:1014B00080F800A00298401C0290641CBC42ECD34F
:1014C000002E7FF46EAF00206EE72DE9F05F04463A
:1014D0008846267B2768656895F800A0002083462B
:1014E000814600BF36BB67B9A5684FF480622946C4
:1014F0002046636F9847074627B96FF00100BDE8A3
:10150000F09F6D1C7F1EBBF1000F0AD04FF0000B47
:10151000287810B16FF00500F1E7FF2082462870AF
:1015200007E095F800A0BAF1FF0F02D14FF0010BD0
:101530000BE080264FEA49090AEA060008B109F1E2
:1015400001097610A8F1010800BFB8F1000FC9D158
:101550002673276065604846D1E72DE9FF5F0446A2
:10156000884691469A46267B2768656828780390C6
:101570000020834602901020019000BF36BB6FB957
:10158000A5684FF4806229462046636F9847074656
:101590002FB96FF0010004B0BDE8F09F6D1C7F1EF5
:1015A000029850B100200290287810B16FF0050029
:1015B000F1E7FF200390287007E028780390039854
:1015C000FF2802D10120029022E080264FEA4B0B37
:1015D0000398304008B10BF1010B761018F8010B9D
:1015E00000900EE039F8021B594505D1267327609B
:1015F00065609AF80000CEE70AF1010A0098401EE3
:10160000009000980028EDD10198401E019000BF85
:1016100001980028B2D1801FBDE72DE9F04F87B0B7
:101620000C464FF4B55BCDF818B041F2511BCDF824
:1016300014B042F6CF1BCDF810B041F6905BCDF858
:101640000CB04FF0000BCDF800B080E0D0F800C037
:10165000D0F84080D0F88090D0F8C0100CEB090A88
:10166000ACEB090BCDF808B0A8EB010B4FF4B55E5D
:101670000BFB0EFB4FEA2B3741447F1A0AEB010CA0
:10168000AAEB0101DDF808B007EB0B08DDF808B0A4
:10169000ABEB0709D0F8E050036AD0F8A060026E07
:1016A000A3EB050A5F19A6EB020BCDF808B0324494
:1016B000A7EB020B0BFB0EFB4FEA2B333A44DDF892
:1016C00008B0D34441F6905E0BFB0EFB4FEA2B3B78
:1016D000CDF804B041F2511B0AFB0BFEDDF804B05B
:1016E000ABEB2E3542F6CF1EDDF808B00BFB0EFE3D
:1016F000DDF804B0ABEB2E3BABEB02069B1BED1A07
:101700000CEB020BC0F800B0ACEB020BC0F8E0B081
:1017100008EB060BC0F820B0A8EB060BC0F8C0B071
:1017200009EB030BC0F840B0A9EB030BC0F8A0B065
:1017300001EB050BC0F860B0A1EB050BC0F880B061
:10174000001DDDF800B00BF1010BCDF800B0DDF8A5
:1017500000B0BBF1080FFFF479AF20384FF0000B59
:10176000CDF800B0A7E0000010500108505001086B
:10177000D0F800B00BF5004CD0F80880D0F81090ED
:1017800081690CEB090AACEB090BCDF808B0A8EBAA
:10179000010B4FF4B55E0BFB0EFB4FEA2B374144B8
:1017A0007F1A0AEB010CAAEB0101DDF808B007EB88
:1017B0000B08DDF808B0ABEB0709C569436846695B
:1017C000C268A3EB050A5F19A6EB020BCDF808B0BF
:1017D0003244A7EB020B0BFB0EFB4FEA2B333A44D0
:1017E000DDF808B0D34441F6905E0BFB0EFB4FEAE8
:1017F0002B3BCDF804B041F2511B0AFB0BFEDDF888
:1018000004B0ABEB2E3542F6CF1EDDF808B00BFB73
:101810000EFEDDF804B0ABEB2E3BABEB02069B1BE0
:10182000ED1A0CEB020BCBF3092BDFF808E61EF8E0
:101830000BB084F800B0ACEB020BCBF3092B1EF815
:101840000BB084F807B008EB060BCBF3092B1EF89E
:101850000BB084F801B0A8EB060BCBF3092B1EF8F4
:101860000BB084F806B009EB030BCBF3092B1EF881
:101870000BB084F802B0A9EB030BCBF3092B1EF8D5
:101880000BB084F805B001EB050BCBF3092B1EF868
:101890000BB084F803B0A1EB050BCBF3092B1EF8BA
:1018A0000BB084F804B008342030DDF800B00BF140
:1018B000010BCDF800B0DDF800B0BBF1080FFFF46C
:1018C00057AF07B0BDE8F08F2DE9F04F89B004465F
:1018D000D4F86490A07BE17B10FB01F0089002201B
:1018E0000790A06E04904FF0000BD4E00898834559
:1018F00001D2002003E00898ABEB0000401C0590EB
:10190000059808B1012000E00020804604F1240081
:1019100050F83800039004F1340050F8380001907A
:1019200004F1440050F8380002902046DDE901231C
:101930000399FFF712FE0546002D04DA6842C0B293
:1019400009B0BDE8F08F04F11400059930F9116079
:10195000F5B129462046FFF7B8FD8246BAF1000FDF
:1019600003DACAF10000C0B2EAE7681E012101FAF9
:1019700000F50AEA050020B90120C0EB4500AAEBFA
:10198000000A564432B204F11400059920F81120DF
:1019900004F110000599415C443050F8210000909A
:1019A0000098006870430012C9F80000012703E0A6
:1019B000002049F827007F1C402FF9D304F12400B0
:1019C00000EBC8004068039004F1340000EBC8004D
:1019D0004068019004F1440000EBC80040680290A8
:1019E000012700BF2046DDE901230399FFF7B5FD7C
:1019F000054605B937E0002D02DA6842C0B29FE71C
:101A000028090690069828B106980744402F01D36C
:101A1000062095E705F00F00051E20D02946204638
:101A2000FFF753FD0646002E02DA7042C0B287E788
:101A3000681E012101FA00F506EA050018B9012027
:101A4000C0EB4500361AFC48C05D06900699009828
:101A500050F8210070430112069849F82010781CB4
:101A600007464028BED300BF607B03280AD1D9F8BF
:101A70000000C11700EB116109128031CAB204994C
:101A80000A7003E048460499FFF7C7FD0498403008
:101A900004900BF1010BDDE90710084458453FF6AF
:101AA00025AF00204CE72DE9FF4F8DB004464FF4E1
:101AB00080600C90A07BC700E07BC0000B900F986B
:101AC0003844E169884201D8384602E0E1690F985C
:101AD000081A83460B9910980844216A884201D855
:101AE0000B9802E0216A1098081A0A90607B2BFA82
:101AF00000FB617B0A98C8400A90BBF1000F01D03F
:101B00000A9818B9002011B0BDE8F08F617B0F98DA
:101B1000C8400F90617B1098C84010900F9880B219
:101B2000ADF814000F985844401E80B2ADF816006E
:101B3000109880B2ADF818000A9910980844401E19
:101B400080B2ADF81A00607B03287DD0656E002658
:101B50006EE0D4F8688008EBC60007900B98102858
:101B60000BD170084FF4807101EBC0008044082E47
:101B700007D307984030079003E0F80000EBC60059
:101B800080444FF0000950E098F800008038099038
:101B900098F8400080380890102F09D1B9F1080F4B
:101BA00002D107983830079009F00100804401E025
:101BB00008F10108079810F801AB079040F29B521A
:101BC000089901FB02F0C11700EB91510AEBA1212A
:101BD000C1F30901974A515C05F8011B4FF4B0723B
:101BE0000999514340F2DB23089A03FB0210C11705
:101BF00000EB9151AAEBA121C1F309018D4A515C7F
:101C000005F8011B40F21672099901FB02F0C11799
:101C100000EB91510AEBA121C1F30901854A515C06
:101C20002970691C0D4609F10109B945ACD3761C30
:101C30000B9886428DD3607B002853D0637B5A007B
:101C400094F80DE0012300E04DE003FA0EF17B1A59
:101C500003EB43030093606E002640E04FF0000961
:101C60003AE006FB079E0EEB4E0E636E03EB0E058D
:101C7000002301930293039304931DE04FF0000CA3
:101C800013E015F8013BDDF80CE07344039315F8FD
:101C9000013BDDF808E07344029315F8013BDDF8E1
:101CA00004E0734401930CF1010C8C45E9D3009BD3
:101CB0001D44049B5B1C0493049B8B42DED3039B5B
:101CC000D34000F8013B029BD34000F8013B019B4D
:101CD000D34000F8013B8944B945C2D30E440B9B65
:101CE0009E42BBD35BE0656EA16E0B9807FB0018AC
:101CF00098F800008038099098F8400080380890E3
:101D0000002649E0A06E0790082E02D10798803087
:101D100007904FF000093CE0079890F800A0079862
:101D20004030079040F29B52089901FB02F0C11726
:101D300000EB91510AEBA121C1F309013D4A515C2D
:101D400005F8011B4FF4B0720999514340F2DB23AF
:101D5000089A03FB0210C11700EB9151AAEBA121D5
:101D6000C1F30901334A515C05F8011B40F21672B8
:101D7000099901FB02F0C11700EB91510AEBA12177
:101D8000C1F309012B4A515C2970691C0D4609F108
:101D90000809B945C0D308360B988642B2D3607B98
:101DA000C740BB4521D2D4F864C0614660460023D9
:101DB00016E000220CE010F801CB01F801CB10F87E
:101DC00001CB01F801CB10F801CB01F801CB521C7B
:101DD0005A45F0D3A7EB0B0C0CEB4C0C60445B1C8E
:101DE000DDF828C06345E4D300BF606E0246DDF82D
:101DF00028C00BFB0CF300BF10F801CB0CF0F80C63
:101E00004FEA0C2110F801CB0CF0FC0C41EACC019C
:101E100010F801CB41EAEC0122F8021BA3F1010CFE
:101E2000BCF10003E8D105AA2046616E0E9B9847DD
:101E3000C0B268E6D0500108105001082DE9F04703
:101E400004468846666825680027B94614E05DB9EF
:101E5000A6684FF4806231462046636F9847054676
:101E60001DB90220BDE8F087761C6D1E307840EA6F
:101E7000072087B209F10109B9F1020FE7D36660C3
:101E80002560002020734FF6D87038404FF6D0718F
:101E9000884203D17807B0EB487F01D00620E1E704
:101EA0000021A182E18221830020DBE72DE9FF4FA1
:101EB00083B00446059818B9052007B0BDE8F08F37
:101EC0000598E06606982067049860671098A067F8
:101ED0000020608300261BE04FF0000A14E0002180
:101EE00004F1240000EBC60040F82A1004F134008D
:101EF00000EBC60040F82A1004F1440000EBC600D5
:101F000040F82A100AF1010ABAF1020FE7D3761C51
:101F1000022EE1D3002605E0002104F1540040F830
:101F20002610761C042EF7D34FF480612046FFF76D
:101F3000EDF90546A0600DB90320BEE7022229464F
:101F40002046636F9847022801D00220B5E76878E1
:101F5000297840EA01204FF6D871884201D0062046
:101F6000ABE74FF0020900BF042229462046636F09
:101F70009847042801D002209FE76878297840EA32
:101F800001200290E878A97840EA0127022F04D9BD
:101F9000FF210298B1EB202F01D006208DE7BF1E54
:101FA000381D81440298C0B2C0381E2872D2DFE8C2
:101FB00000F00FF4F3F272F1F0EF71EEEDEC71EB73
:101FC000EAE9717171717171717171E8A68C715D5D
:101FD000B7F5806F01D904206FE73A4629462046BD
:101FE000636F9847B84201D0022066E72879E97804
:101FF00040EA0120E061A878697840EA0120206287
:102000006879032801D0082057E700262BE006EB6B
:102010004600C01D15F800808EB9B8F1110F07D029
:10202000B8F1220F04D0B8F1210F01D0082044E705
:102030004FEA2810A07308F00F00E07304E0B8F135
:10204000110F01D0082038E706EB4600083015F8DC
:102050000080B8F1030F01DD08202EE704F1100025
:1020600000F80680761C032ED1D3ECE0B7F5806F24
:1020700001D9042021E73A4629462046636F984754
:10208000B84201D0022018E76878297840EA012098
:102090006083D8E0CDE0B7F5806F01D904200CE76C
:1020A0003A4629462046636F9847B84201D002203D
:1020B00003E73A4629462046FFF76DF9C0B2019082
:1020C000019808B10198F8E6BDE0B7F5806F01D935
:1020D0000420F2E63A4629462046636F9847B84204
:1020E00001D00220E9E63A4629462046FFF71DF9CD
:1020F000C0B20190019808B10198DEE6A3E0B7F5FF
:10210000806F01D90420D8E63A4629462046636FFD
:102110009847B84201D00220CFE6E06908B1206AB2
:1021200008B90620C9E62878032801D00820C4E6AB
:10213000002634E07000801C15F80080B8F1000F14
:1021400004D0B8F1110F01D00820B6E60EB101207D
:1021500000E00020804604F1240050F8380028B147
:1021600004F1240000EBC800406808B90620A4E68A
:1021700004F11000815D443050F8210070B9062050
:102180009BE654E052E050E04EE04CE04AE048E08C
:1021900046E044E042E040E03EE03CE0761C032EB6
:1021A000C8D3E07BA17B10FB01FBBBF1000F01D189
:1021B000062082E6402101EBCB17FF2F00D88F00CD
:1021C00039462046FFF7A2F86066606E08B9032022
:1021D00073E60BF1020081012046FFF797F8A06635
:1021E000A06E08B9032068E66560002020602073B7
:1021F000C9F30900B0F100090BD0C9F5806205EB05
:1022000009012046636F9847206005EB0900401ED6
:102210006060002051E600BF00BF00BF00BF00BFEC
:1022200000BF00BF00BF00BF00BF00BF00BF08204D
:1022300043E63A4600212046636F9847B84201D0F2
:1022400002203AE600BF8FE62DE9F74F82B0044640
:102250001746032F03DD052005B0BDE8F08F677337
:10226000A07B4FEAC009E07B4FEAC00A0021A182AF
:10227000E18221838B46CDF804B0002500262FE0B3
:102280004FF0000828E0608BA0B15846411C1FFAAF
:1022900081FB618B88420DD10198421C92B20146AC
:1022A00020460192FFF7CAFD05460DB12846D3E747
:1022B0004FF0010B2046FFF707FB05460DB12846FE
:1022C000CAE73346424620460399FFF7ECFB054632
:1022D0000DB12846C0E7C844E0694045D3D856440C
:1022E000206AB042CCD82846B6E710B54FF40A7041
:1022F000FEF7EDFF9C4908600846006808B9112008
:1023000010BD7C20FEF7E3FF98490860084600688E
:1023100008B91120F4E74FF48050FEF7D8FF944934
:1023200008600846006808B91120E9E70020E7E7DF
:1023300010B58D480068FEF7D1FF8C480068FEF7A5
:10234000CDFF8B480068FEF7C9FF10BDF8B5044605
:102350000D461646A76F3DB16B46324629463846B4
:10236000FAF7E9FF0098F8BDB86881193846FBF71D
:1023700021FA08B93046F6E70020F4E72DE9F843E2
:1023800081460D4614462E4660882188401A401C1E
:1023900087B2E088A188401A401C1FFA80F8009696
:1023A000A288744B9B8B1A4491B22288714B1B8B71
:1023B0001A4490B2704A4346D2F810C03A46E047F9
:1023C0000020BDE8F8832DE9F84F88461446B4F89C
:1023D00000904FF0000A454660882188401A401C52
:1023E0001FFA80FBE088A188401A401C80B2009050
:1023F00000263DE05F48C068A18831444843C0F3EF
:102400004F3A002251464846FEF7EEFE10B905EB62
:102410004B052BE0002726E05648C0682188394448
:102420004843C0F34F39012251464846FEF7DCFECF
:1024300008B9AD1C15E02A88DFF838C1BCF81CC00B
:10244000D4441FFA8CF1DFF82CC1BCF818C0CC447E
:102450001FFA8CF0DFF820C1DCF804309847AD1C7F
:1024600000BF781C87B25F45D6DB00BF701C86B208
:1024700000988642BEDB0020BDE8F88F2DE9F843C6
:1024800006460F460025FFF730FF0546002D65D1B3
:102490000122314634480068FAF78DFE0546002DCA
:1024A00058D1314800684FF4805300903048AFF263
:1024B000631102682D480068FFF7F8FC0546AFF28B
:1024C000F908002D46D1002427E028480068C0699B
:1024D000E0402849496988421DD824480068006ABC
:1024E000E04024490969884215D820480068C0693D
:1024F000E0402049496988420AD01C480068006AC7
:10250000E0401C490969884202D00CB1002401E076
:10251000AFF2971803E0601CC4B2042CD5DB00BFF7
:10252000042C00D100240FB9AFF265180F480068E1
:10253000006AE0400F4988600C480068C069E040CC
:102540004860FEF7E5FD2246414608480068FFF76F
:102550007BFE054604480068FBF71AF9FFF7E8FE22
:102560002846BDE8F8830000E0010020E4010020D7
:10257000E801002020BF012048BF0120704710B5AE
:102580004C1084EA530404D54042C1F1000138BF25
:10259000491E1B4204D55242C3F1000338BF5B1EE3
:1025A00000F086FA14F0804F04D04042C1F10001DF
:1025B00038BF491E14F0004F04D05242C3F100034B
:1025C00038BF5B1E10BD00000FB4044910B503AA4C
:1025D000029800F071FB10BC5DF814FB5000002065
:1025E0000FB41CB5074B06AA7B44694600900598BA
:1025F00000F033FB0020694600F042FB1CBC5DF894
:1026000014FB00009506000070B50446856900685B
:10261000C10601D5302600E02026C00707D070BDD6
:10262000D4E9012130469047206A401C20626D1E8B
:10263000F6D570BD70B5044685690078C00707D12E
:1026400070BDD4E9012120209047206A401C2062FF
:102650006D1EF6D570BD70B50C460546012A05D035
:102660002878800600D5EA69002302E0012305E00E
:102670005B1C934202D2E05C0028F9D1A869E618FD
:10268000C01AA861286A184428622846FFF7BCFFD0
:1026900004E0D5E9012114F8010B9047B442F8D3C6
:1026A0002846FFF7C7FF70BD2DE9F041064600241C
:1026B00010687529314616A510D0AFF300800028A8
:1026C00002DA404213A507E031688A0701D512A556
:1026D00002E0490704D511A5012401E0AFF3008011
:1026E00000210A2206F1240709E0B0FBF2FCB0FB4E
:1026F000F2F302FB1C00303078541846491C0028C5
:10270000F3D123462A463046BDE8F04100F047BAEF
:10271000000000002D0000002B0000002000000041
:1027200070B504460D4621461068AFF3008021883D
:10273000090502D50F4A7A4402E00E4A7A440E3265
:10274000002104F1240305E000F00F060009965D66
:102750005E54491C0028F7D120780023000704D5D7
:10276000702D02D009B1022311322046BDE870401D
:1027700000F015BA962D00002DE9F05F8946044659
:102780004FF0000ADFF874B1FB44C0F820A02046E7
:10279000E1688847002874D0252806D0D4E90121B3
:1027A0009047206A401C2062F1E700265F462046E1
:1027B000E16888472028054607DB312D05D27819C6
:1027C00010F8200C08B10643F1E7B00701D526F058
:1027D0000406C4F81CA00027C4F818A02A2D09D0AC
:1027E000284600F0E3FA38B304EB8708303DC8F818
:1027F000185019E059F8041B204604EB8702916138
:10280000E1688847012F054618D1E069002820DAE1
:1028100026F020061DE0D8F8180000EB800005EB3C
:1028200040003038C8F818002046E168884705465F
:1028300000F0BCFA0028EED1012F0AD02E2D08D1CD
:102840002046E16888477F1C0546022F46F0200697
:10285000C4DBA069002803DA404246F00106A0610B
:10286000F00701D026F010066C2D0BD0682D09D092
:102870004C2D39D06A2D35D0742D35D07A2D33D0EA
:1028800016E038E0E1682F4620468847B842054602
:1028900009D16C2F26D04FF48060E16806432046B2
:1028A0008847054604E06C2F1AD04FF48070064329
:1028B0000DB3A5F14100192802D8203546F4006671
:1028C0004A462946204626604E46EDF7B7FC80B1C1
:1028D00001280BD0F61D26F0070000F1080956E785
:1028E0004020E4E78020D8E70020D6E706F104097D
:1028F0004DE7284652E7206ABDE8F09F6C2D0000A6
:1029000040EA0103024630B59B0710D14FF0013475
:1029100000E008C208C91D1B9D4315EAC41FF8D07A
:1029200013F0FF0102F8011B0DD01B0AF8E711F8A4
:10293000013B002B02F8013B05D011F8013B002BB5
:1029400002F8013BF3D130BD10B5431C02E010F892
:10295000011B71B18107FAD14FF0013202C88C1A04
:102960008C4314EAC211F9D0C01A0A0603D0C01E63
:1029700010BDC01A10BD0A0401D0801E10BD09028E
:10298000FCD0401E10BD421E12F8013F002BFBD1AF
:1029900011F8013B002B02F8013BF9D17047032AE3
:1029A00040F2308010F0030C00F0158011F8013B6C
:1029B000BCF1020F624498BF11F801CB00F8013B53
:1029C00038BF11F8013BA2F1040298BF00F801CB17
:1029D00038BF00F8013B11F0030300F07F81083A93
:1029E000C0F0088051F8043B083A51F804CBA0E845
:1029F0000810F5E7121D5CBF51F8043B40F8043B9A
:102A0000AFF30080D20724BF11F8013B11F801CBCE
:102A100048BF11F8012B24BF00F8013B00F801CB9F
:102A200048BF00F8012B70474FF0013C50F8042BD1
:102A300051F8043B9A4221D1A2EB0C03934313EAD1
:102A4000CC1317D150F8042B51F8043B9A4215D1FE
:102A5000A2EB0C03934313EACC130BD150F8042BD5
:102A600051F8043B9A4209D1A2EB0C03934313EAB9
:102A7000CC13DBD04FF00000704700BFD01A01BA72
:102A8000B1FA81F101F0180122FA01F0CB40C1F155
:102A90002001DBB2C0B2C01A2CFA01F3D11A914363
:102AA00011EAC311E6D1704770477047704770470D
:102AB00053EA020C00F069802DE9F04B4FF000065C
:102AC000002B1FBFB3FA83F503FA05F424FA05F6C9
:102AD0005E4012BF1643B2FA82F502FA05F4C5F160
:102AE00020051EBF22FA05FC44EA0C04203556EAF4
:102AF000044C4FEA144418BF641C4FF000084FF018
:102B00000009904271EB030C39D3002919BFB1FAC7
:102B100081F701FA07F6B0FA80F700FA07F6C7F175
:102B200020071EBF20FA07FC46EA0C062037B6FB3A
:102B3000F4FCA7EB0507103F07F01F0BCBF12006B5
:102B40000CFA0BFB2CFA06F644BFB3460026202FE6
:102B5000A4BF5E464FF0000B5BEA060C08BF4FF0C7
:102B6000010B19EB0B09ABFB027C48EB0608C01B01
:102B700006FB02CC0BFB03CC71EB0C01C1E70B464F
:102B8000024641464846BDE8F08B13B54FF00000C1
:102B90004FF00001AFF30080BDE81C4070472DE905
:102BA000F0470D4699469246044600F12408016814
:102BB000880604D5E06921F01001216000E00120C1
:102BC000A84201DD471B00E00027A1697A1902EB4A
:102BD0000900081AA0612078C00602D42046FFF739
:102BE00013FD002608E0D4E901211AF806009047F9
:102BF000206A401C761C20624E45F4DB2078C0061B
:102C00000AD52046FFF700FD06E0D4E90121302077
:102C10009047206A401C2062381EA7F10107F4DCAF
:102C200007E0D4E9012118F805009047206A401C0C
:102C30002062281EA5F10105F3DC2046FFF7FAFC0F
:102C40002078000602D50220BDE8F0870120FBE7CE
:102C500001694A1C02610878704700B58FB0CDE960
:102C600001310021059105497944CDE90310114650
:102C70006846FFF781FD0FB000BD0000E5FFFFFFD4
:102C80000A6802F8010B0A60704710B5436913B176
:102C9000AFF3008001E0FFF7DEFC012010BD1278E9
:102CA00000F124010A7000224A700122EDE7116848
:102CB0004FF0FF32E9E70000074B70B50D467B444B
:102CC000FFF7CBFF0446284600F03AF810B14FF06A
:102CD000FF3070BD204670BDA74BFFFF10B5203AF6
:102CE000C0F00B80B1E81850203AA0E81850B1E8C5
:102CF0001850A0E81850BFF4F5AF5FEA027C24BF7B
:102D0000B1E81850A0E8185044BF18C918C0BDE871
:102D100010405FEA827C24BF51F8043B40F8043B3A
:102D200008BF7047D20728BF31F8023B48BF11F8EF
:102D3000012B28BF20F8023B48BF00F8012B704749
:102D4000007B00F080007047754600F02BF8AE461F
:102D500005006946534620F00700854618B020B5A7
:102D6000F4F732FEBDE820404FF000064FF00007B8
:102D70004FF000084FF0000B21F00701AC46ACE823
:102D8000C009ACE8C009ACE8C009ACE8C0098D4690
:102D9000704710B50446AFF300802046BDE81040F0
:102DA000EDF76CBA004870475CBF012030380A2844
:102DB00001D2012070470020704700004FEA1153F4
:102DC000A3F58063D3F11E03A8BFD3F1200C08DB69
:102DD0004FF0004242EAC12252EA505232FA03F066
:102DE000704709420BD4102BC4BF0020704703F575
:102DF000787CBCF1FF3F05D04FF0FF3070474FF0BB
:102E00000000704770B500F0C3F800BF49922480FD
:102E100000207047F0E7B0FA80F310FA03F10AD00F
:102E2000C3F11D0303F580634FEA41504FEA03529B
:102E300002EBD12170474FF000007047DFF848C126
:102E400070B51CEA111E1EBF1CEA13159EEA0C0F7A
:102E500095EA0C0F00F06F8081EA030423EA4C131B
:102E60004EEAD47E21EA4C1141F4801143F48013E0
:102E7000AE44A1FB024CA0FB0365AEF17F7E361988
:102E800055EB0C05A1FB034C4CF10003A0FB021C0D
:102E900016EB0C06654153F10003094218BF46F0DA
:102EA000010613F4007F0BD14FEA03314FEA0530DE
:102EB000340341EA155140EA16506FF003020AE06C
:102EC0004FEAC3214FEAC520F40241EA555140EAD6
:102ED00056506FF0020202EB2E4201EB025585EADA
:102EE000CE710AD05FEA440C18BF24F0004450F1C0
:102EF000000041F1000120EAD47040F2FE7C6245FE
:102F000000D270BDA84214BF4FF080444FF040443F
:102F1000002E08BF0024BEF1806FA8BFA1F1C04100
:102F2000BDE8704080F282804FF0000001F1C041A6
:102F300001F0004170479EEA0C0F0CEA131518BF10
:102F400095EA0C0F06D04FF0000081EA030E0EF058
:102F5000004170BD00F01CF88900013E00F007B888
:102F600000F009B84FEA430C5FEA5C5C08D081EAE4
:102F7000030100F05BB84FEA410C5FEA5C5CF6D1FC
:102F80004FF00000014970470000FF070000F87F84
:102F90000EF1020E2EF0030E5EF8046B364205D4DD
:102FA000012A43EB030515F5001F12D8012841EB58
:102FB000010C1CF5001F0CD80ED14FEAD17C15F581
:102FC000001F0CEB4C0C0CF1020C08BF4CEBD37C3B
:102FD00004E04FF0080C01E04FEAD37C0CEB4C0509
:102FE00026FA05F606F00706B6F1040C06D20EEB3B
:102FF000860CBDE870404CF0010C6047DFE80CF037
:10300000090B02024FF000414FF00000A1F5002132
:1030100070BD19461046012851EB010418BFD4F5C4
:10302000001484BF002001F0004170BD0808A0F525
:1030300000114FEA310170474FF04070E1EE100A85
:1030400070470000000000000000000000000000C9
:1030500000003F4000000000000000003000400081
:1030600030004000000009000BC03D000BC03D00D7
:10307000090018C024407FE0224031800000180081
:1030800024C01B000D803240018003801C4027407B
:103090001C8007400040100060000000000000009D
:1030A00000000000000000001F80204040200000C1
:1030B000402020401F8000000000090006001F8003
:1030C000060009000000040004003F800400040022
:1030D000000000100060000000000000000004007C
:1030E0000400040004000400000000000040000090
:1030F000000000000000002001C006003800400071
:1031000000001F802040204020401F800000000061
:1031100010403FC000400000000018C02140224085
:1031200024401840000010802040244024401B8090
:10313000000002000D0011003FC0014000003C8073
:10314000244024402440238000001F802440244049
:103150003440038000003000200027C038002000E9
:1031600000001B802440244024401B8000001C00E1
:1031700022C0224022401F800000000000000840C2
:1031800000000000000000000000046000000000DB
:103190000000000004000A001100208040400900E7
:1031A00009000900090009000000000040402080DB
:1031B00011000A0004001800200023402400180019
:1031C00000001F802040274029401F400000004091
:1031D00007C039000F0001C0004020403FC024401C
:1031E00024401B8000001F80204020402040308071
:1031F000000020403FC0204020401F8000002040B1
:103200003FC024402E4030C0000020403FC024403A
:103210002E00300000000F0010802040224033803C
:10322000020020403FC0040004003FC02040204076
:1032300020403FC02040204000000060202020208F
:103240003FC02000200020403FC024400B0030C081
:10325000204020403FC020400040004000C03FC010
:103260003C0003C03C003FC0000020403FC00C4079
:1032700023003FC020001F802040204020401F80AE
:10328000000020403FC024402400180000001F80A0
:103290002140214020E01FA0000020403FC02440EA
:1032A000260019C0004018C024402440224031802C
:1032B0000000300020403FC02040300000002000CF
:1032C0003F80004000403F80200020003E0001C0C1
:1032D000070038002000380007C03C0007C0380055
:1032E0000000204039C0060039C020400000200006
:1032F000384007C0384020000000304021C0264040
:10330000384020C00000000000007FE04020402046
:103310000000000070000C0003800040000000006E
:10332000402040207FE0000000000000200040001E
:10333000200000000000001000100010001000101D
:10334000001000000000400000000000000000002D
:1033500002800540054003C0004020003FC00440FB
:103360000440038000000000038004400440064045
:10337000000000000380044024403FC000400000E3
:1033800003800540054003400000000004401FC0CA
:10339000244024402000000002E005500550065063
:1033A000042020403FC00440040003C0004000004F
:1033B000044027C00040000000000010001004106E
:1033C00027E00000000020403FC00140070004C08B
:1033D0000440204020403FC000400040000007C0A3
:1033E000040007C0040003C00000044007C00440FC
:1033F000040003C000400000038004400440038038
:103400000000041007F00450044003800000000096
:1034100003800440045007F00010044007C002403D
:10342000040004000000000006400540054004C000
:103430000000000004001F80044000400000040061
:1034400007800040044007C000400400070004C09B
:10345000018006000400060001C0070001C006004C
:103460000000044006C0010006C004400000041033
:10347000071004E00180060004000000044005C0BD
:103480000640044000000000000004007BE04020F3
:103490000000000000000000FFF00000000000003D
:1034A00040207BE00400000000004000800040005D
:1034B000200020004000000000000000000000008C
:1034C0000000000000000000000000001FCC000C05
:1034D000000000000000000008003000600008004C
:1034E000300060000000022003FC1E20022003FCCC
:1034F0001E200220000000000E1811043FFF10845F
:103500000C78000000000F0010840F3800C007780E
:1035100018840078000000780F8410C411240E98DD
:1035200000E400840008080068007000000000004B
:1035300000000000000000000000000007E0181874
:10354000200440020000000040022004181807E098
:103550000000000000000240024001800FF00180E6
:103560000240024000000080008000800FF80080D0
:103570000080008000000001000D000E000000002F
:10358000000000000000000000800080008000803B
:103590000080008000800000000C000C0000000093
:1035A000000000000000000000060018006001801C
:1035B000060018002000000007F00808100410049E
:1035C000080807F000000000080408041FFC0004BD
:1035D00000040000000000000E0C10141024104421
:1035E00011840E0C000000000C18100411041104CA
:1035F00012880C700000000000E00320042408245E
:103600001FFC0024000000001F9810841104110406
:10361000108810700000000007F0088811041104E1
:1036200018880070000000001C00100010FC13003F
:103630001C001000000000000E381144108410849B
:1036400011440E38000000000700088C104410449C
:10365000088807F00000000000000000030C030CC5
:103660000000000000000000000000010106000052
:103670000000000000000000008001400220041053
:10368000080810040000022002200220022002206C
:10369000022002200000000010040808041002208C
:1036A00001400080000000000E001200100C106CA1
:1036B00010800F00000003E00C1813E4142417C45A
:1036C000082807D000000004003C03C41C40074049
:1036D00000E4001C000410041FFC11041104110478
:1036E0000E880070000003E00C1810041004100491
:1036F00010081C10000010041FFC1004100410041B
:10370000080807F0000010041FFC1104110417C47E
:1037100010040818000010041FFC1104110017C049
:1037200010000800000003E00C18100410041044FE
:103730001C780040000010041FFC108400800080F2
:1037400010841FFC10040000100410041FFC10045F
:1037500010040000000000030001100110011FFE12
:1037600010001000000010041FFC110403801464FA
:10377000181C1004000010041FFC100400040004B6
:103780000004000C000010041FFC1F0000FC1F00C0
:103790001FFC1004000010041FFC0C04030000E0D8
:1037A00010181FFC100007F0080810041004100483
:1037B000080807F0000010041FFC1084108010801F
:1037C00010800F00000007F0081810241024101CAF
:1037D000080A07F2000010041FFC1104110011C0B8
:1037E00011300E0C000400000E1C11041084108413
:1037F00010441C3800001800100010041FFC1004B6
:1038000010001800000010001FF81004000400044D
:1038100010041FF8100010001E0011E0001C0070C2
:1038200013801C0010001FC0103C00E01F0000E0CF
:10383000103C1FC000001004180C163401C001C059
:103840001634180C100410001C00130400FC1304A0
:103850001C00100000000804101C106410841304E5
:103860001C04101800000000000000007FFE400251
:10387000400240020000000030000C0003800060A5
:10388000001C0003000000004002400240027FFED6
:103890000000000000000000000020004000400088
:1038A00040002000000000010001000100010001B3
:1038B0000001000100010000400040002000000065
:1038C00000000000000000000098012401440144B1
:1038D000014400FC000410001FFC008801040104E6
:1038E00000880070000000000070008801040104DE
:1038F0000104008800000000007000880104010439
:1039000011081FFC0004000000F8014401440144B8
:10391000014400C800000000010401040FFC110470
:10392000110411001800000000D601290129012905
:1039300001C90106000010041FFC00840100010001
:10394000010400FC000400000104190419FC000437
:103950000004000000000000000300010101190143
:1039600019FE0000000010041FFC0024004001B4F8
:10397000010C010400000000100410041FFC0004EE
:10398000000400000000010401FC0104010001FC2E
:103990000104010000FC010401FC0084010001009D
:1039A000010400FC0004000000F80104010401040B
:1039B000010400F80000010101FF00850104010479
:1039C00000880070000000000070008801040104FD
:1039D000010501FF00010104010401FC0084010450
:1039E000010001800000000000CC0124012401241A
:1039F00001240198000000000100010007F8010403
:103A0000010400000000010001F8000400040004AB
:103A1000010801FC0004010001800170000C00108D
:103A200001600180010001F0010C003001C0003094
:103A3000010C01F0010000000104018C0074017010
:103A4000018C01040000010101810171000E0018C8
:103A500001600180010000000184010C0134014477
:103A60000184010C000000000000000000000100C3
:103A70003EFC400240020000000000000000FFFF8A
:103A80000000000000000000400240023EFC010077
:103A90000000000000000000600080008000400086
:103AA0004000200020000000000000000000000096
:103AB0000000000000000000000000000000000006
:103AC00000000000000000000000000000000000F6
:103AD0000000000000000000000F80380FFE380FCB
:103AE000803800000000000000000000000000001E
:103AF000000000000100000600000C00003800007B
:103B00003100000600000C0000380000300000000A
:103B100000000000000061800067F807F980006184
:103B2000800061800061800061800067F807F98093
:103B300000618000000000000000000001C0E00300
:103B4000E0F00630080418081FFFFE040E0807877F
:103B5000F00381E000000000000001F000060C000E
:103B6000040408060C7001F9C0000E00003BE000E0
:103B7000EC18070808040C180003E000000000011E
:103B8000E00007F003F818041C0804170807E1D048
:103B900003C0E00023B0003C080020080000100033
:103BA00000000000000100003100003200001C0095
:103BB0000000000000000000000000000000000005
:103BC00000000000000000000000000000000000F5
:103BD0000000000000007F0001FFC00780F00C0023
:103BE0001810000420000200000000000020000265
:103BF0001000040C00180780F001FFC0007F0000D7
:103C000000000000000000000000000000000000B4
:103C100000004200006600006600003C0000180042
:103C200003FFC0001800003C0000660000660000B2
:103C30004200000000000800000800000800000822
:103C40000000080001FFC000080000080000080094
:103C50000008000008000000000000010000310022
:103C6000003200001C000000000000000000000006
:103C7000000000000000000000000000000008003C
:103C8000000800000800000800000800000800000C
:103C90000800000800000800000800000000000004
:103CA000000000000000380000380000380000006C
:103CB0000000000000000000000000000000000004
:103CC000000000000000000600001C000070000161
:103CD00080000E0000380000C0000700001C00003B
:103CE000300000000000000000007F8001FFE003C2
:103CF00080700600180400080400080600180380FD
:103D00007001FFE0007F8000000000000000000064
:103D100001000801000801000803FFF807FFF80090
:103D2000000800000800000800000000000000007B
:103D30000001C03802C05804009804011804021899
:103D4000040418061C1803F81801E0F8000000002D
:103D5000000000000001C0E003C0F00400080408F7
:103D60000804080806180803F41801E7F00001E049
:103D7000000000000000000000000300000D000033
:103D8000110000610000810803010807FFF80FFF20
:103D9000F80001080001080000000000000000E039
:103DA00007FCD006080806100806100806100806CA
:103DB0001838060FF00607C00000000000000000E1
:103DC00000003F8001FFE00384300208180410085F
:103DD000041008041008071810030FF00007C000B3
:103DE000000000000000000003C000070000060003
:103DF000000600F80607F806180006E000070000B5
:103E000006000000000000000001E1E003F7F006FA
:103E10003410041808041808040C08040C080616CA
:103E20001803F3F001C1E000000000000000F800FA
:103E300003FC3003063804020804020804020804E4
:103E400004100308F001FFC0007F00000000000024
:103E500000000000000000000000000000007038BA
:103E60000070380070380000000000000000000002
:103E70000000000000000000000000000000000042
:103E80000000301A00301C0000000000000000009C
:103E9000000000000000000000000000000800001A
:103EA0001400002200004100008080010040020058
:103EB000200400100800080000000000000021009D
:103EC000002100002100002100002100002100004D
:103ED000210000210000210000210000000000005E
:103EE000000000000800080400100200200100404B
:103EF0000080800041000022000014000008000043
:103F0000000000000003C00004C00004000008001E
:103F100038080F380808380810000C300007E00097
:103F200003C000000000000000003F8000FFE0032D
:103F30008070020F1006708804C088048308047F14
:103F40008802C09003012000FE4000000800001815
:103F50000001F8003E0801C20007020007E200006D
:103F6000FE00001FC80001F800003800000804002F
:103F70000807FFF807FFF804080804080804080801
:103F800004080806180803F41801E7F00001E0002F
:103F90000000000000003F8001FFE003807002008D
:103FA000180400080400080400080400100600209B
:103FB0000780C000000004000807FFF807FFF804AE
:103FC0000008040008040008040018020010038020
:103FD0007001FFE0007F8000000004000807FFF888
:103FE00007FFF8040808040808040808040808047F
:103FF0003E080400080600180100600000000400EC
:104000000807FFF807FFF804080804080004080080
:10401000040800043E0006000006000001800000C5
:104020000000000000003F8001FFE00380700600F8
:10403000180400080402080402080203F00783F0D1
:1040400000020000020004000807FFF807FFF80460
:104050000808000800000800000800000800040824
:104060000807FFF807FFF804000800000000000040
:1040700004000804000804000807FFF807FFF8041C
:104080000008040008040008000000000000000010
:104090000000000600000700000104000104000108
:1040A00004000307FFFE07FFFC04000004000004F7
:1040B000000004000807FFF807FFF8040C080018C8
:1040C00000003E0004C7800503C80600F80400385D
:1040D00004001800000804000807FFF807FFF804B0
:1040E00000080000080000080000080000080000A8
:1040F0000800001800006000000004000807FFF836
:1041000007800807FC00007FC00003F80007C0001C
:10411000780007800807FFF807FFF804000804008C
:104120000807FFF807000803C00000E0000038009F
:10413000001E000007000001C00400F007FFF804A3
:104140000000000000007F8001FFE0038070060097
:104150001804000804000806001803003001FFE0FE
:10416000007F8000000004000807FFF807FFF80444
:104170000408040400040400040400040400060C01
:104180000003F80001F000000000000000007F8044
:1041900001FFE00380700600880400880400C80660
:1041A000003C03003E01FFE6007F840000000400A5
:1041B0000807FFF807FFF8040808040800040C00CB
:1041C000040F00040BC00610F003F03801E00800F3
:1041D000000800000001E0F803F030063010041879
:1041E00008041808040C08040C080206180207F05A
:1041F0000781E000000001800006000004000004C8
:10420000000004000807FFF807FFF8040008040096
:104210000004000006000001800004000007FFE029
:1042200007FFF00400180000080000080000080064
:10423000000800000804001007FFE004000004006C
:104240000006000007E00007FE00041FE00001F880
:104250000000380001E0043E0007C0000600000432
:10426000000004000007E00007FFC0041FF800077B
:10427000C007F80007FF80043FF80007C004F800FB
:1042800007000004000000000004000806001807F2
:10429000C07805F1C8003E00001F800463E8078075
:1042A000F8060018040008000000040000060000E2
:1042B00007800007E008047C08001FF80007F800EA
:1042C000180804E0080700000600000400000000D1
:1042D000000100080600380400F80403E8040F0891
:1042E000047C0805F00807C00807001804006000F7
:1042F00000000000000000000000000000000000BE
:10430000003FFFFE200002200002200002200002E9
:10431000200002000000000000000000080000076C
:10432000000000C0000038000006000001C00000CE
:104330003000000E0000010000000000000000003E
:104340002000022000022000022000022000023F84
:10435000FFFE000000000000000000000000000060
:104360000000000000000008000010000030000005
:1043700020000030000010000008000000000000D5
:104380000000000001000001000001000001000029
:104390000100000100000100000100000100000117
:1043A00000000100000100000000000000000020EB
:1043B00000002000001000001000000000000000BD
:1043C000000000000000000000000000000000F0FD
:1043D0000019F8001B180022080026080024080015
:1043E0002410003FF8001FF800000800001800002B
:1043F0000004000007FFF80FFFF000181800100875
:10440000002008002008003018001FF0000FC00036
:1044100000000000000007C0001FF000183000205E
:1044200008002008002008003C08001C1000006064
:104430000000000000000000000007C0001FF000A6
:10444000381800200800200800200804101007FF7A
:10445000F80FFFF000001000000000000000000056
:104460000007C0001FF000123000221800220800D0
:104470002208003208001E10000E2000000000007C
:104480000000200000200800200801FFF803FFF8CA
:10449000062008042008042008072000030000006C
:1044A000000000000000000E000E6E001FF300313F
:1044B000B10020B10020B1003191001F13002E1E69
:1044C00000200E00300000000004000807FFF80F75
:1044D000FFF8001008002000002000002008003F26
:1044E000F8001FF8000008000000000000000000B5
:1044F000002008002008002008063FF8063FF800CA
:104500000008000008000008000000000000000093
:104510000000000000000300000300200100200153
:10452000002003063FFE063FFC00000000000000E4
:10453000000000000004000807FFF80FFFF800016A
:1045400088000300002FC00038F800203800200841
:104550000000080000000000000000000400080443
:10456000000804000807FFF80FFFF800000800002B
:1045700008000008000000000000002008003FF8CC
:10458000003FF8001008002000003FF8003FF8004E
:104590001008002000003FF8003FF800000800006D
:1045A00000002008003FF8003FF80010080010004D
:1045B000002000002008003FF8001FF8000008005D
:1045C00000000000000007C0000FF00018300030AD
:1045D00008002008002008003008001830000FF004
:1045E0000007C0000000000000002001003FFF00A5
:1045F0003FFF0010110020090020080020080030B3
:1046000038001FF0000FC00000000000000007C0CD
:10461000001FF000381800200800200800200900C2
:104620001011001FFF003FFF0000010000000020EC
:1046300008002008002008003FF8003FF8000808A4
:1046400000100800200800200000300000300000AA
:104650000000000000000000000C78001E1800336D
:10466000080023080021080021880021980030F06C
:104670000038600000000000000020000020000062
:10468000200000FFF003FFF80020080020080020B1
:1046900008000030000000000000000000002000C2
:1046A000003FF0007FF8000018000008000008003C
:1046B0002010003FF8007FF0000010000000000014
:1046C00000002000003000003C00003F800023F08C
:1046D000000078000070002380003C0000300000E3
:1046E0002000002000003C00003FE00023F8000014
:1046F000E0002700003E00003FE00021F80001E05C
:10470000003E0000200000000000200800200800FB
:104710003838003E680027800003C8002CF80038B5
:1047200038002018002008000000000000002000D1
:10473000003003003C01003F830023EC00007000C8
:104740002380003C0000200000200000000000004A
:10475000000000000038080020380020F80023E89E
:10476000002F88003E080038080020180000700064
:104770000000000000000000000000000000000039
:10478000000008000014001FF7FC300006200002A3
:104790000000000000000000000000000000000019
:1047A0000000000000000000FFFFFF00000000000C
:1047B00000000000000000000000000000000000F9
:1047C0002000023000061FF7FC0014000008000063
:1047D00000000000000000000000000000000000D9
:1047E00000180000600000400000400000200000B1
:1047F0001000000800000400000400000C0000107D
:104800000000FF002CFF2EDFFF013C3211000902E7
:1048100004D813E514482C0C33783A333BFB3E00A4
:1048200043111610399235DA221A37C3230034C0E7
:10483000361A068807C00D870E414C0048005B0001
:1048400042034A8121992440253826825C00630076
:1048500046000C3C617062807C05208028306C0032
:104860006D806E007002719473C13D345A5712000E
:104870001711187519011A973236030F37404FCAAE
:1048800050A85A236D006D38FF00E57FF9C0412420
:10489000E01476FF33A0422043184C0087D5883FB0
:1048A000D703D910D382C808C9807C007D007C035F
:1048B0007D487D487C087D207D107D0E9000910E06
:1048C000911A9131915A91699175917E9188918F48
:1048D000919691A391AF91C491D791E891209200C4
:1048E000930693E393059305930093049300930039
:1048F00093009300930093009300960097089719F4
:104900009702970C972497309728972697029798A5
:10491000978097009700C3EFA400A800C511C65167
:10492000BF80C710B666B8A5B764B97CB3AFB497FB
:10493000B5FFB0C5B194B20FC45CC0C8C1968C00BD
:10494000863D50005190522C5300540055885A9087
:104950005B2C5C05D305C3ED7F00DA09E51FE16739
:10496000E000DD7F0500FF002CFF2EDFFF013C3261
:104970001100090204D813E514482C0C33783A339B
:104980003BFB3E0043111610399235DA221A37C329
:10499000230034C0361A068807C00D870E414C002C
:1049A00048005B0042034A81219924402538268231
:1049B0005C00630046220C3C617062807C052080B4
:1049C00028306C006D806E007002719473C13D34AC
:1049D0005A5712401711184319001A4B320937C0A1
:1049E0004FCA50A85A236D003D38FF00E57FF9C03B
:1049F0004124E01476FF33A0422043184C0087D5B1
:104A0000883FD703D910D382C808C9807C007D00B5
:104A10007C037D487D487C087D207D107D0E9000C4
:104A2000910E911A9131915A91699175917E918867
:104A3000918F919691A391AF91C491D791E89120D4
:104A40009200930693E393059305930093049300D8
:104A500093009300930093009300930096009708AF
:104A600097199702970C97249730972897269702C3
:104A70009798978097009700C3EDA400A800C511F0
:104A8000C651BF80C710B666B8A5B764B97CB3AFCE
:104A9000B497B5FFB0C5B194B20FC45CC064C14B4C
:104AA0008C00863D500051C852965300540055006A
:104AB0005AC85B965C00D302C3ED7F00DA09E51F9C
:104AC000E167E000DD7F0500FF01E014E177E51F0D
:104AD000D703DA10E000FF00DA09D703DF0233A0C2
:104AE0003C00E167FF01E000E100E500D700DA00EB
:104AF000E000FF00DA10D703DF0033803C40E177AD
:104B00000000FF01242025182660FF012434251C05
:104B10002600FF01243E25382681FF012448254038
:104B20002681FF0124582550269200000F00000026
:104B30000F000000FF0000000F0000000F00000049
:104B40000F00000000000000800C00000078000052
:104B5000800700002000000020000000200000006E
:104B60000090010000000F0000F0000001030507A5
:104B7000090E10121416181C1E0000040002000179
:104B80008000400020001000080004000200000027
:104B900000800040002000100008004000200010AD
:104BA0000008000400020000445601080000000054
:104BB0000000000000000000FC550108000000009B
:104BC0000000000000000000245601080000000062
:104BD00000000000000000002856010800560108EF
:104BE00018560108000000002C560108F055010875
:104BF00004560108F455010820560108145601080E
:104C00000C560108085601081C5601080000000057
:104C1000000000000000000061006200630064000A
:104C2000650066006700680069006A006B006C0040
:104C30006D006E006F0070007100720073007400F0
:104C4000750076007700780079007A00A100A20054
:104C5000A300A500AC00AF00E000E100E200E3002B
:104C6000E400E500E600E700E800E900EA00EB0008
:104C7000EC00ED00EE00EF00F000F100F200F300B8
:104C8000F400F500F600F800F900FA00FB00FC0063
:104C9000FD00FE00FF0001010301050107010901FC
:104CA0000B010D010F01110113011501170119016C
:104CB0001B011D011F0121012301250127012901DC
:104CC0002B012D012F0131013301350137013A014B
:104CD0003C013E01400142014401460148014B01B3
:104CE0004D014F01510153015501570159015B011C
:104CF0005D015F01610163016501670169016B018C
:104D00006D016F0171017301750177017A017C01F9
:104D10007E019201B103B203B303B403B503B6033A
:104D2000B703B803B903BA03BB03BC03BD03BE0397
:104D3000BF03C003C103C303C403C503C603C70342
:104D4000C803C903CA0330043104320433043404F1
:104D5000350436043704380439043A043B043C046F
:104D60003D043E043F04400441044204430444041F
:104D7000450446044704480449044A044B044C04CF
:104D80004D044E044F04510452045304540455047A
:104D900056045704580459045A045B045C045E0426
:104DA0005F04702171217221732174217521762194
:104DB0007721782179217A217B217C217D217E2117
:104DC0007F2141FF42FF43FF44FF45FF46FF47FF6E
:104DD00048FF49FF4AFF4BFF4CFF4DFF4EFF4FFF7F
:104DE00050FF51FF52FF53FF54FF55FF56FF57FF2F
:104DF00058FF59FF5AFF00004100420043004400A1
:104E0000450046004700480049004A004B004C005E
:104E10004D004E004F00500051005200530054000E
:104E2000550056005700580059005A002100E0FF75
:104E3000E1FFE5FFE2FFE3FFC000C100C200C300E5
:104E4000C400C500C600C700C800C900CA00CB0026
:104E5000CC00CD00CE00CF00D000D100D200D300D6
:104E6000D400D500D600D800D900DA00DB00DC0081
:104E7000DD00DE00780100010201040106010801E5
:104E80000A010C010E011001120114011601180192
:104E90001A011C011E012001220124012601280102
:104EA0002A012C012E013001320134013601390171
:104EB0003B013D013F0141014301450147014A01D9
:104EC0004C014E01500152015401560158015A0142
:104ED0005C015E01600162016401660168016A01B2
:104EE0006C016E01700172017401760179017B0120
:104EF0007D0191019103920393039403950396031B
:104F00009703980399039A039B039C039D039E03B5
:104F10009F03A003A103A303A403A503A603A70360
:104F2000A803A903AA03100411041204130414040F
:104F3000150416041704180419041A041B041C048D
:104F40001D041E041F04200421042204230424043D
:104F5000250426042704280429042A042B042C04ED
:104F60002D042E042F040104020403040404050488
:104F700006040704080409040A040B040C040E04C4
:104F80000F04602161216221632164216521662172
:104F90006721682169216A216B216C216D216E21B5
:104FA0006F2121FF22FF23FF24FF25FF26FF27FF7C
:104FB00028FF29FF2AFF2BFF2CFF2DFF2EFF2FFF9D
:104FC00030FF31FF32FF33FF34FF35FF36FF37FF4D
:104FD00038FF39FF3AFF0000605601087856010893
:104FE0004856010830560108000001000300070080
:104FF0000F001F003F007F00FF00FF01FF03FF07BE
:10500000FF0FFF1FFF3FFF7F08080402000402019B
:10501000000108100902030A11182019120B0405D7
:105020000C131A21283029221B140D06070E151CFB
:10503000232A313839322B241D160F171E252C3305
:105040003A3B342D261F272E353C3D362F373E3F29
:105050000020622CCF29A025002024195111D4084A
:10506000622C903DFE393134622CDF2205183E0C53
:10507000CF29FE39A0362931CF29D920A016890B96
:10508000A025313429313E2CA025901D5D14610AE4
:105090000020622CCF29A025002024195111D4080A
:1050A0002419DF22D920901D2419C1139B0DEF066E
:1050B00051110518A0165D1451119B0D5F09C7040D
:1050C000D4083E0C890B610AD408EF06C7046F02AE
:1050D000000102030405060708090A0B0C0D0E0F58
:1050E000101112131415161718191A1B1C1D1E1F48
:1050F000202122232425262728292A2B2C2D2E2F38
:10510000303132333435363738393A3B3C3D3E3F27
:10511000404142434445464748494A4B4C4D4E4F17
:10512000505152535455565758595A5B5C5D5E5F07
:10513000606162636465666768696A6B6C6D6E6FF7
:10514000707172737475767778797A7B7C7D7E7FE7
:10515000808182838485868788898A8B8C8D8E8FD7
:10516000909192939495969798999A9B9C9D9E9FC7
:10517000A0A1A2A3A4A5A6A7A8A9AAABACADAEAFB7
:10518000B0B1B2B3B4B5B6B7B8B9BABBBCBDBEBFA7
:10519000C0C1C2C3C4C5C6C7C8C9CACBCCCDCECF97
:1051A000D0D1D2D3D4D5D6D7D8D9DADBDCDDDEDF87
:1051B000E0E1E2E3E4E5E6E7E8E9EAEBECEDEEEF77
:1051C000F0F1F2F3F4F5F6F7F8F9FAFBFCFDFEFF67
:1051D000FFFFFFFFFFFFFFFFFFFFFFFFFFFFFFFFDF
:1051E000FFFFFFFFFFFFFFFFFFFFFFFFFFFFFFFFCF
:1051F000FFFFFFFFFFFFFFFFFFFFFFFFFFFFFFFFBF
:10520000FFFFFFFFFFFFFFFFFFFFFFFFFFFFFFFFAE
:10521000FFFFFFFFFFFFFFFFFFFFFFFFFFFFFFFF9E
:10522000FFFFFFFFFFFFFFFFFFFFFFFFFFFFFFFF8E
:10523000FFFFFFFFFFFFFFFFFFFFFFFFFFFFFFFF7E
:10524000FFFFFFFFFFFFFFFFFFFFFFFFFFFFFFFF6E
:10525000FFFFFFFFFFFFFFFFFFFFFFFFFFFFFFFF5E
:10526000FFFFFFFFFFFFFFFFFFFFFFFFFFFFFFFF4E
:10527000FFFFFFFFFFFFFFFFFFFFFFFFFFFFFFFF3E
:10528000FFFFFFFFFFFFFFFFFFFFFFFFFFFFFFFF2E
:10529000FFFFFFFFFFFFFFFFFFFFFFFFFFFFFFFF1E
:1052A000FFFFFFFFFFFFFFFFFFFFFFFFFFFFFFFF0E
:1052B000FFFFFFFFFFFFFFFFFFFFFFFFFFFFFFFFFE
:1052C000FFFFFFFFFFFFFFFFFFFFFFFFFFFFFFFFEE
:1052D00000000000000000000000000000000000CE
:1052E00000000000000000000000000000000000BE
:1052F00000000000000000000000000000000000AE
:10530000000000000000000000000000000000009D
:10531000000000000000000000000000000000008D
:10532000000000000000000000000000000000007D
:10533000000000000000000000000000000000006D
:10534000000000000000000000000000000000005D
:10535000000000000000000000000000000000004D
:10536000000000000000000000000000000000003D
:10537000000000000000000000000000000000002D
:10538000000000000000000000000000000000001D
:10539000000000000000000000000000000000000D
:1053A00000000000000000000000000000000000FD
:1053B00000000000000000000000000000000000ED
:1053C00000000000000000000000000000000000DD
:1053D00000000000000000000000000000000000CD
:1053E00000000000000000000000000000000000BD
:1053F00000000000000000000000000000000000AD
:10540000000000000000000000000000000000009C
:10541000000000000000000000000000000000008C
:10542000000000000000000000000000000000007C
:10543000000000000000000000000000000000006C
:10544000000000000000000000000000000000005C
:10545000000000000000000000000000000000004C
:10546000000000000000000000000000000000003C
:10547000000000000000000000000000000000002C
:10548000000000000000000000000000000000001C
:10549000000000000000000000000000000000000C
:1054A00000000000000000000000000000000000FC
:1054B00000000000000000000000000000000000EC
:1054C00000000000000000000000000000000000DC
:1054D000303132333435363738394142434445462A
:1054E0004030580030313233343536373839616224
:1054F0006364656640307800040000080000000026
:105500000000000200010000100000003F00000049
:10551000646563006964000072756E74696D65008E
:1055200068656C70000000006C6973740000000016
:1055300068657800753820534343425F57525F5285
:105540006567287538207265672C7538206461742A
:1055500061290000753820626D705F656E636F644D
:1055600065287538202A66696C656E616D652C75D5
:10557000313620782C75313620792C7531362077EC
:10558000696474682C753136206865696768742CA5
:105590007538206D6F646529000000007538205350
:1055A0004343425F52445F526567287538207265F5
:1055B00067290000766F69642077726974655F619E
:1055C0006464722875333220616464722C753332DE
:1055D0002076616C290000007533322072656164A9
:1055E0005F616464722875333220616464722900DB
:1055F0004D503300464C4143000000004C524300E4
:105600004300000041504500474946004A50454785
:10561000000000004A504700480000004156490081
:10562000424D50004E4553005458540057415600C7
:105630002F53595354454D2F464F4E542F554E49D5
:1056400047424B2E42494E002F53595354454D2F3C
:10565000464F4E542F47424B31322E464F4E00009C
:105660002F53595354454D2F464F4E542F47424BBD
:1056700032342E464F4E00002F53595354454D2F70
:10568000464F4E542F47424B31362E464F4E000068
:10569000B056010800000020EC010000C401000821
:1056A0003C570108EC010020D4C30100200200088F
:1056B0000119847A030A2009010203040607080974
:1056C00014FFFF017B17EF18011D2936893A133BA0
:1056D000A61B08710413A015322032681D10A0A566
:1056E000010C130F6812F042101E0C550108200423
:1056F0001A28041A14041A30041A10041A1804136D
:10570000DBB31B08D8081AE1081AB40813B5FF1B4D
:105710000854081335761B0834081A73081A9C08B5
:1057200022A8142031AF1B0855041AFF041A633055
:0C5730000A1E05AB01C00226600000004C
:040000050800018965
:00000001FF
