:020000040800F2
:10000000A0D0012039840008A90D0008AB0D00081C
:10001000AF0D0008B30D0008B70D00080000000088
:10002000000000000000000000000000BB0D000800
:10003000BD0D0008000000000DD50008DD8100089E
:100040005384000853840008538400085384000834
:100050005384000853840008538400085384000824
:100060005384000853840008538400085384000814
:100070005384000853840008538400085384000804
:1000800053840008538400085384000853840008F4
:1000900053840008538400085384000853840008E4
:1000A00053840008538400085384000853840008D4
:1000B00053840008538400085384000853840008C4
:1000C00053840008538400085384000853840008B4
:1000D00053840008A7830008538400085384000851
:1000E0005384000853840008538400085384000894
:1000F0005384000853840008538400085384000884
:100100005384000853840008538400085384000873
:100110005384000853840008538400085384000863
:100120005384000853840008538400085384000853
:100130005384000853840008538400085384000843
:100140005384000853840008538400085384000833
:100150005384000853840008538400085384000823
:100160005384000853840008538400085384000813
:100170005384000853840008538400085384000803
:10018000538400085384000800F002F800F047F898
:100190000AA090E8000C82448344AAF10107DA45E2
:1001A00001D100F03CF8AFF2090EBAE80F0013F0ED
:1001B000010F18BFFB1A43F00103184770FF00003E
:1001C00090FF0000103A24BF78C878C1FAD85207CF
:1001D00024BF30C830C144BF04680C6070470000C1
:1001E0000023002400250026103A28BF78C1FBD840
:1001F000520728BF30C148BF0B60704764290DF01B
:10020000278378290DF0608373290DF0FC8400208A
:1002100070471FB50EF03BFA1FBD10B510BD0DF0B5
:1002200015FD1146FFF7F5FF00F06CFD0DF033FDF5
:1002300003B4FFF7F2FF03BC08F056F87CB505469F
:100240000E461F20FE490880FE480078052813D17D
:10025000FD480088052190FBF1F4002010210323C4
:100260002246CDE900100A21B62005F070FC0020DE
:10027000F5490880F3490870F3480088F349097884
:100280000844F1490880EF480078401CED490870A7
:1002900000200AF06BF904460020102103232246B7
:1002A000CDE900101E21B62005F051FC8020102160
:1002B000CDE90010E64800684068C28A0323322175
:1002C000B62005F044FC7CBD38B504460D46E14837
:1002D0000078072874D2DFE800F004142433435375
:1002E00063004FF478400090DB484088401E83B2A2
:1002F000D9480088401E82B2DD21832005F0FCF938
:100300005EE04FF4FC600090D3484088401E83B20A
:10031000D1480088401E82B2DD21832005F0ECF92F
:100320004EE01F200090CC484088401E83B2CA484F
:100330000088401E82B2DD21832005F0DDF93FE018
:100340004FF61F000090C4484088401E83B2C24848
:100350000088401E82B2DD21832005F0CDF92FE018
:1003600040F2FF700090BC484088401E83B2BA48FB
:100370000088401E82B2DD21832005F0BDF91FE018
:100380004FF6E0700090B4484088401E83B2B248F7
:100390000088401E82B2DD21832005F0ADF90FE018
:1003A0004FF607400090AC484088401E83B2AA48F0
:1003B0000088401E82B2DD21832005F09DF900BF38
:1003C00000BFA4480078401CA24908700846007885
:1003D000062801DD0020087038BDF8B505460E4638
:1003E0000D2100200AF069F90446F4B19B48027817
:1003F0009BA120460DF0C8F998480078401C974909
:1004000008702146924800680BF08CFD00909DF822
:10041000000050B1214600200AF03FF96B4600224F
:100420001146934800680CF01AFFF8BD1CB54FF652
:10043000FF7001F07BFC4FF47840814908808DA06B
:1004400010210B46C822CDE900100A21084605F00C
:10045000ECFB8CA010210B46C822CDE900101E2118
:100460000A2005F0E2FB8BA010210B46C822CDE943
:10047000001032210A2005F0D8FB8AA010210B467B
:10048000F022CDE900104B210A2005F0CEFB8DA013
:1004900010210B46F022CDE900105F210A2005F063
:1004A000C4FB6D48028846231946002005F0B0F9C8
:1004B000462382220021104605F0AAF966480288E8
:1004C00078231946002005F0A3F963480288DC234D
:1004D0001946002005F09CF95F4843888222782164
:1004E000104605F095F97EA010210B46F022CDE9CB
:1004F00000107D21052005F098FB7CA010210B4603
:10050000F022CDE900109621052005F08EFB7AA09F
:1005100010210B46F022CDE900107D21872005F047
:1005200084FB77A010210B46F022CDE90010E121D9
:10053000052005F07AFB74A010210B46F022CDE9CE
:100540000010E121872005F070FB1F203C49088046
:100550006FA010210B46C822CDE900100A21962079
:1005600005F063FB6DA010210B46C822CDE90010F9
:100570001E21962005F059FB6BA010210B46C822C6
:10058000CDE900103221962005F04FFB4FF4967014
:1005900007F080FE1CBD12E0002005F097FB04462A
:1005A00024B9002007F0C8FD00B1052424B121467C
:1005B0005F4800680BF062FA0A2007F06BFEEBE779
:1005C0000EB5F2E002A8002303221F210090594833
:1005D00000680AF0DDFE044604F0010048B156A0B0
:1005E00010210B46F022CDE90010A2218C2005F04D
:1005F0001CFB04F0020048B152A010210B46F0226F
:10060000CDE90010A2218C2005F00FFB04F00400BE
:1006100048B14FA010210B46F022CDE90010A221D5
:100620008C2005F002FB04F0080038B14BA010212B
:100630000B46F022CDE90010A22195E097E00000E2
:10064000340000201A00002018000020C400002000
:10065000040000201B0000201C1100201C000020B2
:10066000414C49454E54454B202530336400000031
:10067000100000204578706C6F7265722053544DE5
:100680003332000055434F534949205445535433A6
:100690000000000041544F4D40414C49454E5445E7
:1006A0004B000000545041443A544D5232205357AD
:1006B0002020204B45595F55503A41444A555354E8
:1006C000000000004B4559303A445330204B455907
:1006D000313A51205357204B4559323A434C52003E
:1006E0005155455545204D53470000004D657373E6
:1006F0006167653A00000000464C41475300000026
:10070000544F554348000000544D52320000000041
:100710004350553A20202025000000004D454D3A19
:1007200020202025000000002051203A30303000E9
:1007300000000020140000204B45593020444F5742
:100740004E2020004B45593120444F574E20200069
:100750004B45593220444F574E2020004B45595F9E
:10076000555020444F574E008C2005F05EFA04F09F
:10077000100048B1F7A010210B46F022CDE900107F
:10078000A2218C2005F051FA0120F54908603220A1
:1007900007F080FD0020F349C1F8A00202AB00225F
:1007A0001F21F14800680AF033FF0BE71FB5002452
:1007B00001250027002603A8ECA10022AFF28353F5
:1007C000CDE90021029002220A2108460CF075FBB7
:1007D000E849086003A8E8A10022AFF21353CDE96D
:1007E00000210290022214210A200CF066FBE44949
:1007F000086003A8E3A10022AFF22143CDE9002164
:10080000029002220A2108460CF057FBDF490860DB
:1008100003A9D84800680CF0E2FC03A9D848006896
:100820000CF0DDFCA5E003AA0A21D94800680BF012
:100830006AF8044654B13326601E0122824091B208
:1008400003AB0122C84800680AF0E2FE66B1701EE0
:10085000C6B2012E08D14FF6FF70B223EF22A221BB
:1008600000908C2004F048FF062C7ED2DFE804F0D4
:100870007D030E222D5EBA480830006808B90120B9
:1008800000E00020B649083108606EE00FB9012091
:1008900000E0002007462FB103A9BC4800680CF017
:1008A0009EFC06E003AB00221146B84800680CF03D
:1008B000D6FC5AE04FF6FF700090B648438881227C
:1008C000DD21002004F018FF4FE006200CF03CF979
:1008D00005200CF039F903AB00221146A548006849
:1008E0000CF0BDFC35B103AB00221146A4480068F2
:1008F0000CF0B5FCA84890F8300000F0800008B972
:1009000006F0E8FD03A99B4800680CF068FC25B1DF
:1009100003A99B4800680CF062FC06200CF085F8E7
:1009200005200CF082F8FFF781FD1EE00DB90120D3
:1009300000E0002005462DB103A9914800680CF0A5
:100940004EFC11E003AB002211468D4800680CF00C
:1009500086FC92A010210B46F022CDE900104FF446
:100960008371942005F061F900BF00BF0A2007F0F1
:1009700091FC58E70EB517E002AA00218A480068EA
:100980000BF008FA044610200346F022AA21CDE914
:100990000004052005F049F92146002009F07DFEFC
:1009A0004FF4FA7007F076FCE6E7F8B505460E4618
:1009B00014461F4604B9F8BD2819401E82B23346BA
:1009C00031462846009704F097FE00BFF3E72DE973
:1009D000F05F0746884616469A4640F2C3207043A9
:1009E0004FF47A71B0FBF1F000F1010906FB06F05B
:1009F00000EB560B344671040A0CB91B88B25346FF
:100A00004146FFF7D2FF012535E005FB05F004FB69
:100A1000040058451AD94C4517D96B1E5B041A0CB3
:100A200008EB040399B27B1B5B1C98B25346FFF79B
:100A3000BCFF6B1E5B041A0CA8EB040399B27B1B72
:100A40005B1C98B25346FFF7B0FF641E63041A0C98
:100A500008EB050399B23B1B98B25346FFF7A5FF7D
:100A600063041A0CA8EB050399B23B1B98B25346DA
:100A7000FFF79BFF6D1C4D45C7D9BDE8F09F2DE9E1
:100A8000FF4F85B080468946129F00200390029058
:100A9000B84507DB0798B84204DBB94502DB089884
:100AA000B84202DA09B0BDE8F08F0798A0EB08045D
:100AB0000898A0EB0905CDF80480CDF80090002C33
:100AC00002DD4FF0010A06E014B94FF0000A02E01F
:100AD0004FF0FF3A6442002D02DD4FF0010B06E0BB
:100AE00015B94FF0000B02E04FF0FF3B6D42AC42F6
:100AF00001DD264600E02E460020049023E0009A07
:100B000091B2019A90B23A46139BFFF760FF0398A7
:100B1000204403900298284402900398B04205DDD7
:100B20000398801B03900198504401900298B042B2
:100B300005DD0298801B02900098584400900498AC
:100B4000401C80B20490711C04988842D7DD00BF1D
:100B5000A8E700005450414420444F574E20200045
:100B6000A08242420080424214000020746D723123
:100B70000000000008000020746D723200000000C8
:100B80000C000020746D7233000000001000002083
:100B9000000000201C1100203C000020544D523267
:100BA0002053544F50000000040000200EB54AE0CE
:100BB0006F484168002088476D4890F8200000F099
:100BC0008000C0B36A48808981283CDA6848C08ABE
:100BD00068494988884236DA6548C08ADD2832DDAE
:100BE000BDF808004FF6FF71884207D16048808940
:100BF000ADF808005E48C08AADF80A000CF05EFC53
:100C000004464FF478400221594DCDE90010EB8A9B
:100C1000AA89BDF80A10BDF80800FFF730FF20468A
:100C20000CF050FC28468089ADF808002846C08AA0
:100C3000ADF80A0007E0FFE74FF6FF70ADF80800D7
:100C40000A2007F027FBB3E70FE0601CC4B20A20BC
:100C500007F020FB082C02D1012047490860642CD2
:100C600003D10024002044490860EEE738B504466B
:100C7000002500BF00200AF0C0FD404908604FF485
:100C800080713F480AF0B8FF3E490860694600207D
:100C90000AF018FA3C49086009F0B4FF0CF00EFCA9
:100CA00005460723394A0021AFF263000BF0CCFC64
:100CB0000623374A0021AFF20B100BF0C5FC0523C9
:100CC000344A0021AFF253300BF0BEFC0423324A09
:100CD0000021AFF227500BF0B7FC03232F4A00216D
:100CE000AFF223700BF0B0FC02232D4A0021AFF2CB
:100CF00059700BF0A9FC0A200BF026FF28460CF0D7
:100D0000E1FB38BD10B54FF4A06007F0B5FBA8209B
:100D100007F070FA4FF4E13007F0F3FA00F058F9F9
:100D200001F036F805F036F804F0B2FF082007F0BD
:100D3000A1F9002009F0FFFB0D4908688047FFF783
:100D400075FB09F020FE0A23164A0021AFF2E300EA
:100D50000BF07AFC09F03EFF002010BD02468A42EB
:100D600002DD501A80B27047881A80B2FBE700009B
:100D70003C0000201C110020A48242420000002000
:100D80001C0D002004000020140000201803002087
:100D9000180500201807002018090020180B002053
:100DA000180D002018020020704700BFFEE700BFAA
:100DB000FEE700BFFEE700BFFEE770477047000098
:100DC0000CB50020019000907648006840F4803017
:100DD0007449086000BF7348006800F40030009058
:100DE0000198401C0190009818B90198B0F5A04FE7
:100DF000F1D16C48006800F4003010B1012000907F
:100E000001E0002000900098012846D1654840305C
:100E1000006840F0805063494031086062480068D3
:100E200040F44040604908605E48083000685D4911
:100E3000083108600846006840F400400860084631
:100E4000006840F4A05008605848091F0860081F57
:100E5000006840F08070091F086000BF51480068BA
:100E600000F000700028F9D040F205705049086089
:100E70004C480830006820F003004A4908310860F7
:100E80000846006840F00200086000BF454808308E
:100E9000006800F00C000828F8D10CBD10B54548DA
:100EA000006840F47000434908603E48006840F024
:100EB00001003C49086000203A490831086039487F
:100EC00000683D490840374908603C48091D0860F2
:100ED000081F006820F48020091F086000203149A5
:100EE0000C310860FFF76CFF4FF00060314980392A
:100EF000086010BD70B500200022022300240221EA
:100F0000284D08352D6805F00C0020B1042806D0C6
:100F1000082834D107E02A4D2A4E356033E02A4DA7
:100F2000284E35602FE01F4D2D1D2D68C5F38054D0
:100F30001C4D2D1D2D6805F03F0154B1224DB5FB10
:100F4000F1F5184E361D3668C6F3881605FB06F215
:100F500009E01B4DB5FBF1F5124E361D3668C6F3A0
:100F6000881605FB06F20F4D2D1D2D68C5F30145B2
:100F70006D1C6B00B2FBF3F5124E356003E0104DB3
:100F8000104E356000BF00BF064D08352D68C5F313
:100F900003150E4E705D0B4D2D68C540094E356032
:100FA00070BD000000380240007000400854400747
:100FB000003C024088ED00E0FFFFF6FE1030002408
:100FC0000024F4002000002000127A0024000020F9
:100FD0001CB50121202008F0C7F84FF4C060009034
:100FE00001208DF8040000208DF8060003208DF804
:100FF000050001208DF807006946044807F032FB20
:101000004FF4C061014807F0A9FB1CBD0014024069
:1010100001B5BDF800000090BDF80000F849088057
:1010200008BD01B5BDF800000090BDF80000F4490E
:10103000891C088008BD08B5F148801C0088009014
:10104000BDF8000008BDEE4A10804FF0D842A2F86B
:101050008010704710B504462046FFF7D9FF0520E1
:1010600007F0EEF8FFF7E7FF10BDE6480089E44916
:1010700008807047E249891C0880704730B50146F6
:1010800001F01F04C1F34513CA0AE50205EB43153D
:101090001544A8B230BD00BF011EA0F10102D0B2BC
:1010A000FAD1704730B504460D46D648808849F2DB
:1010B0004131884205D0D348808845F210318842BA
:1010C00014D1D0494889FFF7A3FF2012FFF7A9FFE9
:1010D000E0B2FFF7A6FFCB498889FFF799FF2812F6
:1010E000FFF79FFFE8B2FFF79CFFABE0C5488088A1
:1010F00046F6040188421DD1C2488079012804D1F6
:10110000C0480088401E001B84B2BE494889FFF7D2
:101110007FFF2012FFF785FFE0B2FFF782FFB9499A
:101120008889FFF775FF2812FFF77BFFE8B2FFF70A
:1011300078FF87E0B348808841F66311884247D141
:10114000B0488079A8B9AF480088401E001B84B21F
:10115000AC494889FFF75CFF0020FFF762FF0020E1
:10116000FFF75FFF2012FFF75CFFE0B2FFF759FFC8
:1011700016E0A4494889FFF74BFF2012FFF751FF03
:10118000E0B2FFF74EFF9F490988491EC1F30F20C7
:10119000FFF747FF9B490978491EC8B2FFF741FF97
:1011A00098498889FFF734FF2812FFF73AFFE8B221
:1011B000FFF737FF93494988491EC1F30F20FFF716
:1011C00030FF90498978491EC8B2FFF72AFF39E0FD
:1011D0008C48808845F21051884220D1894948893D
:1011E000FFF716FF2012FFF71CFF86494989491CAB
:1011F00088B2FFF70DFFE0B2FFF713FF814988893E
:10120000FFF706FF2812FFF70CFF7E498989491C6A
:1012100088B2FFF7FDFEE8B2FFF703FF12E079485E
:101220008079012804D177480088401E001B84B2D1
:10123000744948892146FFF706FF72498889294683
:10124000FFF701FF30BD2DE9F04105460E460024B1
:101250000027A0466B480088A84203DD6948408803
:10126000B04202DC0020BDE8F08131462846FFF79D
:1012700019FF6448808849F24131884211D06148A1
:10128000808846F6040188420BD05E48808845F28B
:101290001031884205D05B48808841F6631188424E
:1012A00003D12E20FFF7B4FE0DE05648808845F2AA
:1012B0001051884204D14FF43850FFF7A9FE02E0E4
:1012C0002220FFF7A5FE4F48808849F2203188424E
:1012D00002D10220FFF7DFFEFFF7ADFE04464948CA
:1012E000808841F66311884201D12046BBE7022085
:1012F000FFF7D1FEFFF79FFE04464248808849F27F
:10130000413188420BD03F48808845F210318842F5
:1013100005D03C48808845F2105188420AD102200D
:10132000FFF7B9FEFFF787FE8046E7B24FF6FF7082
:1013300000EA07273348808849F22531884216D0D1
:101340003048808844F23551884210D02D4880883A
:10135000091F88420BD02B4880884BF205518842E8
:1013600005D0284880884CF20551884201D120469A
:1013700079E72448808849F2413188420BD02148DE
:10138000808845F21031884205D01E48808845F299
:101390001051884207D1E012C002B91240EA411050
:1013A00040EAE8205FE72046FFF768FE5BE700B50C
:1013B0001448808849F24131884211D01148808810
:1013C00046F6040188420BD00E48808845F2103161
:1013D000884205D00B48808841F66311884203D1CA
:1013E0002920FFF715FE14E00648808845F21051C9
:1013F000884209D14FF42450FFF70AFE09E00000AB
:101400007E00006C1C11002040F273110720FFF7D2
:101410001AFE00BD00B5FD48808849F2413188427E
:1014200011D0FA48808846F6040188420BD0F7486C
:10143000808845F21031884205D0F448808841F612
:101440006311884203D12820FFF7E2FD0EE0EF4848
:10145000808845F21051884204D14FF42050FFF7A4
:10146000D7FD03E000210720FFF7EDFD00BDF0B53B
:10147000054600240027E548807901280BD1E34880
:10148000808846F60401884205D0E048808841F60D
:101490006311884208D1DD488079F0B9DB48808843
:1014A00041F66311884218D1082D15D2DFE805F006
:1014B0000406080A0C0E101206250DE007250BE0A5
:1014C000042509E0052507E0012505E0002503E0E6
:1014D000032501E0022500BF00BFCC48808849F207
:1014E0004131884217D0C948808846F604018842B5
:1014F00011D0C648808845F2103188420BD0C348CD
:10150000808845F21051884205D0C048808841F655
:10151000631188427ED1082D1CD2DFE805F0040655
:10152000090C0F12151800BF14E044F0800411E0FC
:1015300044F040040EE044F0C0040BE044F020040A
:1015400008E044F0600405E044F0A00402E044F048
:10155000E00400BF00BFAD48808845F210518842CA
:1015600002D14FF4585700E03627A848808845F24A
:10157000103188420DD0A548808845F2105188422C
:1015800007D0A248808841F66311884201D044F018
:1015900008049E48808846F60401884201D144F040
:1015A000020421463846FFF74EFD9848808841F6F0
:1015B000631188421DD004F0200068B19348008870
:1015C00092494988884214DA9048068840888F49B1
:1015D0000880084646800CE08C4800888B49498882
:1015E000884206DD89480688408888490880084680
:1015F00046808648808845F21051884254D18349FC
:101600004889FFF705FD0020FFF70BFD7F49498959
:10161000491C00E077E088B2FFF7FAFC0020FFF7F2
:1016200000FD7A494989891C88B2FFF7F1FC7749A6
:101630000988491EC1F30F20FFF7F3FC734949895C
:10164000C91C88B2FFF7E4FC70490978491EC8B28A
:10165000FFF7E7FC6D498889FFF7DAFC0020FFF708
:10166000E0FC6A498989491C88B2FFF7D1FC002057
:10167000FFF7D7FC65498989891C88B2FFF7C8FC48
:1016800062494988491EC1F30F20FFF7CAFC5F4930
:101690008989C91C88B2FFF7BBFC5C498978491E5F
:1016A000C8B2FFF7BEFC55E058494889FFF7B0FCC7
:1016B0000020FFF7B6FC0020FFF7B3FC5349098870
:1016C000491EC1F30F20FFF7ACFC50490978491EB1
:1016D000C8B2FFF7A6FC4D498889FFF799FC0020A6
:1016E000FFF79FFC0020FFF79CFC48494988491EF2
:1016F000C1F30F20FFF795FC44498978491EC8B211
:10170000FFF78FFC26E0082D1CD2DFE805F0040768
:101710000A0D0F12151844F0300413E044F01004C1
:1017200010E044F020040DE000BF0BE044F038046A
:1017300008E044F0280405E044F0180402E044F016
:10174000080400BF00BF032744F4805421463846F4
:10175000FFF779FCF0BD30B504460D46294620461A
:10176000FFF7A0FCFFF781FC294800882949088081
:1017700030BD70B504460D4616462448808849F2AF
:101780004131884205D02148808845F21031884295
:1017900014D11E494889FFF73BFC2012FFF741FC9A
:1017A000E0B2FFF73EFC19498889FFF731FC2812A7
:1017B000FFF737FCE8B2FFF734FC93E0134880886A
:1017C00045F21051884227D110494889FFF720FC83
:1017D0002012FFF726FC0D494989491C88B2FFF702
:1017E00017FCE0B2FFF71DFC08498889FFF710FCE1
:1017F0002812FFF716FC05498989491C88B2FFF7B2
:1018000007FCE8B2FFF70DFC6CE000001C110020A3
:10181000340000208000006CFE48808841F663118F
:10182000884228D1FB48807920B9FA480088401EB8
:10183000001B84B2F7494889FFF7EAFB2012FFF743
:10184000F0FBE0B2FFF7EDFB2012FFF7EAFBE0B29E
:10185000FFF7E7FBEF498889FFF7DAFB2812FFF76C
:10186000E0FBE8B2FFF7DDFB2812FFF7DAFBE8B296
:10187000FFF7D7FB36E0E748808846F60401884248
:101880001DD1E4488079012804D1E2480088401E37
:10189000001B84B2DF494889FFF7BAFB2012FFF72B
:1018A000C0FBE0B2FFF7BDFBDA498889FFF7B0FB68
:1018B0002812FFF7B6FBE8B2FFF7B3FB12E0D548FA
:1018C0008079012804D1D3480088401E001B84B2CF
:1018D000D04948892146FFF7B6FBCE498889294679
:1018E000FFF7B1FBCB480089CB4908804FF0D840C7
:1018F000A0F8806070BD70B52DED048B0446BE204D
:10190000FFF786FB0520FFF78CFB20460CF008FB59
:1019100041EC190B9FEDC10B53EC102B0CF050FB5D
:1019200041EC180B0CF0B8FA85B22846FFF779FBAA
:101930000120FFF776FBFF20FFF773FB0020FFF786
:1019400070FB0020FFF76DFBBDEC048B70BD10B584
:101950000446002C66D1AF498871F02008804FF40E
:10196000A07048800846808849F2413188420BD0F7
:10197000A848808846F60401884205D0A54880889A
:1019800045F2103188421AD12C20A24908812A2020
:1019900048812B2088810846808846F604018842C9
:1019A00005D09C48808845F21031884206D14FF41A
:1019B000A070984908804FF4F0704880A1E09548E5
:1019C000808845F21051884210D14FF4305091492F
:1019D00008814FF4285048814FF42C5088814FF4EF
:1019E000F07008804FF4487048808AE08948808809
:1019F00041F6631188420DD12C20864908812B20A5
:101A000048812A2088814FF4F07008804FF4487094
:101A1000488076E022207F490881202048812120CB
:101A200088816EE001207B4988714FF4A0700880A6
:101A3000F02048800846808849F24131884205D02C
:101A40007448808845F21031884207D12C207149B2
:101A500008812A2048812B2088813FE06D488088BA
:101A600046F60401884207D12C206A4908812B20C0
:101A700048812A20888131E06648808845F21051EB
:101A8000884210D14FF43050624908814FF42850F9
:101A900048814FF42C5088814FF4487008804FF4EF
:101AA000F07048801AE05B48808841F663118842F4
:101AB0000DD12C20574908812A2048812B2088816C
:101AC0004FF4487008804FF4F070488006E0222000
:101AD0005049088121204881202088814D488088F4
:101AE00046F60401884205D04A48808845F2103104
:101AF000884206D14FF4F070464908804FF4A07038
:101B000048800020FFF7B3FC10BD2DE9F04F86B0F0
:101B100004460D469046994604EB0800401E86B2E6
:101B200005EB0900401E87B23A48808849F24131EE
:101B3000884215D03748808845F2103188420FD04E
:101B40003448808846F60401884209D031488079BB
:101B5000012826D12F48808841F66311884220D180
:101B60002C494889FFF754FA2012FFF75AFAE0B2DD
:101B7000FFF757FA3012FFF754FAF0B2FFF751FAB5
:101B800024498889FFF744FA2812FFF74AFAE8B295
:101B9000FFF747FA3812FFF744FAF8B2FFF741FAB5
:101BA000C1E01C48808841F6631188423DD1194844
:101BB0000088A0EB0800001B84B205EB0900401E62
:101BC0001FFA80F913494889FFF722FA2012FFF71C
:101BD00028FAE0B2FFF725FA04EB0801491EC1F329
:101BE0000F20FFF71EFA04EB0801491EC8B2FFF7E9
:101BF00018FA08498889FFF70BFA2812FFF711FA3B
:101C0000E8B2FFF70EFA4FEA2920FFF70AFA09F0C7
:101C1000FF0007E01C1100207E00006C666666660F
:101C200066660440FFF7FDF97DE0FE48808845F2D6
:101C30001051884244D1FB494889FFF7E9F9201245
:101C4000FFF7EFF9F7494989491C88B2FFF7E0F936
:101C5000E0B2FFF7E6F9F3494989891C88B2FFF73A
:101C6000D7F93012FFF7DDF9EE494989C91C88B26E
:101C7000FFF7CEF9F0B2FFF7D4F9EA498889FFF708
:101C8000C7F92812FFF7CDF9E6498989491C88B2BE
:101C9000FFF7BEF9E8B2FFF7C4F9E2498989891C68
:101CA00088B2FFF7B5F93812FFF7BBF9DD4989892A
:101CB000C91C88B2FFF7ACF9F8B2FFF7B2F932E00D
:101CC000D848807901280ED1AA46BB46D54800885D
:101CD000801B401E80B20190D2480088001B401E2D
:101CE00080B2009003E0A246B346019500975020D1
:101CF00005905120049052200390532002905146A9
:101D00000598FFF7A0F959460498FFF79CF9019947
:101D10000398FFF798F900990298FFF794F929467C
:101D20002046FFF7BFF906B0BDE8F08F70B5044656
:101D30000026BC48058840884543BA48808846F656
:101D40000401884216D1B7488079012812D10020B9
:101D5000B44988712A2048812B20888100210846B7
:101D6000FFF7A0F90120AF4988712B2048812A2074
:101D7000888103E000210846FFF794F9FFF775F921
:101D8000002602E0A8480480761CAE42FAD370BD5B
:101D900000B5A1B00020209001217A2007F0E4F9DD
:101DA0000121084607F018FA4FF400401E90012068
:101DB0008DF87C0000208DF87E0002208DF87D00DB
:101DC00001208DF87F001EA9984806F04BFC4CF2CC
:101DD00033701E9002208DF87C0000208DF87E006C
:101DE00003208DF87D0001208DF87F001EA990480A
:101DF00006F038FC4FF680701E9002208DF87C00B3
:101E000000208DF87E0003208DF87D0001208DF8E4
:101E10007F001EA9874806F025FC4FF480501E90D5
:101E200002208DF87C0000208DF87E0003208DF8C4
:101E30007D0001208DF87F001EA97F4806F012FC6E
:101E40004FF480501E9002208DF87C0000208DF809
:101E50007E0003208DF87D0001208DF87F001EA9F3
:101E6000764806F0FFFB0C220021714806F085FC45
:101E70000C2201216E4806F080FC0C2204216C48E3
:101E800006F07BFC0C220521694806F076FC0C224A
:101E90000821674806F071FC0C220921644806F00D
:101EA0006CFC0C220A21624806F067FC0C220E2111
:101EB0005F4806F062FC0C220F215D4806F05DFCD5
:101EC0000C2207215B4806F058FC0C2208215948D7
:101ED00006F053FC0C220921564806F04EFC0C2259
:101EE0000A21544806F049FC0C220B21514806F007
:101EF00044FC0C2211464F4806F03FFC0C220D21F9
:101F00004C4806F03AFC0C220E214A4806F035FCFB
:101F10000C220F21474806F030FC0C22114646489F
:101F200006F02BFC0C221146444806F026FC0F203C
:101F30000890002009903C200A9000200B900C9003
:101F40000D900E900920019000200290082003902F
:101F50000020049005900690079006200F90002026
:101F60001090119010201290002013901590149052
:101F7000169017904FF480501890002019904FF44D
:101F800080401A9000201B9008A81C9001A81D906A
:101F90000FA806F046FC0121062006F0CDFC3220F9
:101FA00006F078F901210020FFF74DF8322006F005
:101FB00071F90020FFF74EF81A498880084680889A
:101FC000FF280ADB084680884FF6FF71884204D05C
:101FD00014488088B0F5134F7ED1D320FFF718F84E
:101FE000FFF729F80F498880FFF725F80D49888009
:101FF000FFF721F80B498880084680884FF6FF716B
:1020000001EA002007498880FFF715F8054989880B
:102010000843044988800846808849F24131884253
:102020005AD00DE01C1100208000006C000402401A
:10203000000C024000100240001402400018024050
:10204000BF20FEF7E5FFFEF7F6FFFE498880FEF7AA
:10205000F2FFFC498880FEF7EEFFFA498880FEF720
:10206000EAFFF8498880084680884FF6FF7101EA48
:102070000020F4498880FEF7DEFFF2498988084392
:10208000F04988800846808846F6040188427AD064
:10209000D420FEF7BDFFFEF7CEFFEA498880FEF7A9
:1020A000CAFFE8498880FEF7C6FFE64988800846EF
:1020B00080884FF6FF7101EA0020E2498880FEF730
:1020C000BAFFE04989880843DE498880084680884D
:1020D00045F21031884200E055E054D04FF45A40A8
:1020E000FEF796FFFEF7A7FFD64988804FF45B40C6
:1020F000FEF78EFFFEF79FFFD24988800846808852
:102100004FF6FF7101EA0020CE4988804FF45C4011
:10211000FEF77EFFFEF78FFFCA4989880843C94949
:10212000888008468088B0F5004F02D145F21050F3
:102130008880C448808845F21051884223D0A1206D
:10214000FEF766FFFEF777FFBE498880FEF773FF54
:10215000BC498880084680884FF6FF7101EA00205C
:10216000B8498880FEF767FFB64989880843B549B2
:1021700088800846808845F26171884203D141F623
:102180006310B0498880AF48808849F24131884265
:1021900011D0AC48808845F2103188420BD0A94854
:1021A000808845F21051884205D0A648808841F6C3
:1021B000631188421DD1A448006820F00F004FF041
:1021C0002041C1F81C010846D0F81C0120F47060C1
:1021D000C1F81C010846D0F81C0140F00300C1F80A
:1021E0001C010846D0F81C0140F40070C1F81C0125
:1021F00028E09448808846F60401884205D091483A
:1022000080884CF2055188421CD18F48006820F02C
:102210000F004FF02041C1F81C010846D0F81C0106
:1022200020F47060C1F81C010846D0F81C0140F091
:102230000A00C1F81C010846D0F81C0140F44060B7
:10224000C1F81C017F48818880A00BF091FA7D487D
:10225000808849F2413188427ED1CF20FEF7D8FEF6
:102260000020FEF7DEFEC120FEF7DBFE3020FEF789
:10227000D8FEED20FEF7CCFE6420FEF7D2FE032050
:10228000FEF7CFFE1220FEF7CCFE8120FEF7C9FE3E
:10229000E820FEF7BDFE8520FEF7C3FE1020FEF706
:1022A000C0FE7A20FEF7BDFECB20FEF7B1FE39203E
:1022B000FEF7B7FE2C20FEF7B4FE0020FEF7B1FEBD
:1022C0003420FEF7AEFE0220FEF7ABFEF720FEF74D
:1022D0009FFE2020FEF7A5FEEA20FEF799FE0020D3
:1022E000FEF79FFE0020FEF79CFEC020FEF790FE4A
:1022F0001B20FEF796FEC120FEF78AFE0120FEF7A6
:1023000090FEC520FEF784FE3020FEF78AFE3020C6
:10231000FEF787FEC720FEF77BFEB720FEF781FEA3
:102320003620FEF775FE4820FEF77BFE3A20FEF7CA
:102330006FFE5520FEF775FEB120FEF769FE002006
:10234000FEF76FFE1A20FEF76CFEB620FEF760FE69
:102350000A20FEF766FE00E0A5E0A220FEF761FE7F
:10236000F220FEF755FE0020FEF75BFE2620FEF76A
:102370004FFE0120FEF755FEE020FEF749FE0F203C
:10238000FEF74FFE2A20FEF74CFE2820FEF749FEFE
:102390000820FEF746FE0E20FEF743FE0820FEF75B
:1023A00040FE5420FEF73DFEA920FEF73AFE4320F2
:1023B000FEF737FE0A20FEF734FE0F20FEF731FE4F
:1023C0000020FEF72EFE0020FEF72BFE0020FEF779
:1023D00028FE0020FEF725FEE120FEF719FE002072
:1023E000FEF71FFE1520FEF71CFE1720FEF719FE54
:1023F0000720FEF716FE1120FEF713FE0620FEF75B
:1024000010FE2B20FEF70DFE5620FEF70AFE3C20A4
:10241000FEF707FE0520FEF704FE1020FEF701FE82
:102420000F20FEF7FEFD3F20FEF7FBFD3F20FEF7ED
:10243000F8FD0F20FEF7F5FD2B20FEF7E9FD00204B
:102440000CE000001C1100201C0100A0204C4344A3
:102450002049443A25780D0A00000000FEF7E1FD0E
:102460000020FEF7DEFD0120FEF7DBFD3F20FEF73A
:10247000D8FD2A20FEF7CCFD0020FEF7D2FD00207B
:10248000FEF7CFFD0020FEF7CCFDEF20FEF7C9FDE3
:102490001120FEF7BDFD782005F0FCFE2920FEF797
:1024A000B7FD03F01DB9FE48808846F60401884256
:1024B0007ED11120FEF7ACFD142005F0EBFED020FC
:1024C000FEF7A6FD0720FEF7ACFD4220FEF7A9FDB2
:1024D0001D20FEF7A6FDD120FEF79AFD0020FEF795
:1024E000A0FD1A20FEF79DFD0920FEF79AFDD220DF
:1024F000FEF78EFD0120FEF794FD2220FEF791FDF0
:10250000C020FEF785FD1020FEF78BFD3B20FEF777
:1025100088FD0020FEF785FD0220FEF782FD1120D8
:10252000FEF77FFDC520FEF773FD0320FEF779FD62
:10253000C820FEF76DFD0020FEF773FD2520FEF795
:1025400070FD2120FEF76DFD0520FEF76AFD0020DD
:10255000FEF767FD0A20FEF764FD6520FEF761FDCA
:102560002520FEF75EFD7720FEF75BFD5020FEF78D
:1025700058FD0F20FEF755FD0020FEF752FDF82014
:10258000FEF746FD0120FEF74CFDFE20FEF740FD64
:102590000020FEF746FD0220FEF743FD2020FEF757
:1025A00037FD3620FEF734FD0820FEF73AFD00E047
:1025B0002AE03A20FEF72CFD5520FEF732FD2B20B5
:1025C000FEF726FD0020FEF72CFD0020FEF729FD7A
:1025D0000120FEF726FD3F20FEF723FD2A20FEF70F
:1025E00017FD0020FEF71DFD0020FEF71AFD01205B
:1025F000FEF717FDDF20FEF714FD782005F04AFEF8
:102600002920FEF705FD4CE7A548808845F21031EA
:10261000884240F07C87ED20FEF7FAFC0120FEF7AF
:1026200000FDFE20FEF7FDFCEE20FEF7F1FCDE20B3
:10263000FEF7F7FC2120FEF7F4FCF120FEF7E8FCA2
:102640000120FEF7EEFCDF20FEF7E2FC1020FEF793
:10265000E8FCC420FEF7DCFC8F20FEF7E2FCC6207D
:10266000FEF7D6FC0020FEF7DCFCE220FEF7D9FCEA
:10267000E220FEF7D6FCE220FEF7D3FCBF20FEF7F7
:10268000C7FCAA20FEF7CDFCB020FEF7C1FC0D2050
:10269000FEF7C7FC0020FEF7C4FC0D20FEF7C1FCCE
:1026A0000020FEF7BEFC1120FEF7BBFC0020FEF769
:1026B000B8FC1920FEF7B5FC0020FEF7B2FC212083
:1026C000FEF7AFFC0020FEF7ACFC2D20FEF7A9FCC6
:1026D0000020FEF7A6FC3D20FEF7A3FC0020FEF73D
:1026E000A0FC5D20FEF79DFC0020FEF79AFC5D201B
:1026F000FEF797FC0020FEF794FCB120FEF788FC63
:102700008020FEF78EFC0020FEF78BFC8B20FEF76E
:1027100088FC0020FEF785FC9620FEF782FC002056
:10272000FEF77FFCB220FEF773FC0020FEF779FC79
:102730000020FEF776FC0220FEF773FC0020FEF777
:1027400070FC0320FEF76DFC0020FEF76AFCB3204E
:10275000FEF75EFC0020FEF764FC0020FEF761FC43
:102760000020FEF75EFC0020FEF75BFC0020FEF779
:1027700058FC0020FEF755FC0020FEF752FC00201C
:10278000FEF74FFC0020FEF74CFC0020FEF749FC52
:102790000020FEF746FC0020FEF743FC0020FEF779
:1027A00040FC0020FEF73DFC0020FEF73AFC002034
:1027B000FEF737FC0020FEF734FC0020FEF731FC6A
:1027C0000020FEF72EFC0020FEF72BFC0020FEF779
:1027D00028FC0020FEF725FC0020FEF722FC00204C
:1027E000FEF71FFCB420FEF713FC8B20FEF719FC4C
:1027F0000020FEF716FC9620FEF713FC0020FEF7E3
:1028000010FCA120FEF70DFC0020FEF70AFCB5200D
:10281000FEF7FEFB0220FEF704FC0020FEF701FCA1
:102820000320FEF7FEFB0020FEF7FBFB0420FEF773
:10283000F8FB0020FEF7F5FBB620FEF7E9FB0020D1
:10284000FEF7EFFB0020FEF7ECFBB720FEF7E0FB06
:102850000020FEF7E6FB0020FEF7E3FB3F20FEF73B
:10286000E0FB0020FEF7DDFB5E20FEF7DAFB002038
:10287000FEF7D7FB6420FEF7D4FB0020FEF7D1FB68
:102880008C20FEF7CEFB0020FEF7CBFBAC20FEF742
:10289000C8FB0020FEF7C5FBDC20FEF7C2FB01E011
:1028A0001C1100200020FEF7BCFB7020FEF7B9FBD6
:1028B0000020FEF7B6FB9020FEF7B3FB0020FEF7EA
:1028C000B0FBEB20FEF7ADFB0020FEF7AAFBDC20FF
:1028D000FEF7A7FB0020FEF7A4FBB820FEF798FB4D
:1028E0000020FEF79EFB0020FEF79BFB0020FEF77A
:1028F00098FB0020FEF795FB0020FEF792FB0020DE
:10290000FEF78FFB0020FEF78CFB0020FEF789FB13
:10291000BA20FEF77DFB2420FEF783FB0020FEF7A4
:1029200080FB0020FEF77DFB0020FEF77AFBC12034
:10293000FEF76EFB2020FEF774FB0020FEF771FB14
:102940005420FEF76EFB0020FEF76BFBFF20FEF726
:1029500068FB0020FEF765FBC220FEF759FB0A204A
:10296000FEF75FFB0020FEF75CFB0420FEF759FB3F
:102970000020FEF756FBC320FEF74AFB3C20FEF783
:1029800050FB0020FEF74DFB3A20FEF74AFB0020EB
:10299000FEF747FB3920FEF744FB0020FEF741FB22
:1029A0003720FEF73EFB0020FEF73BFB3C20FEF706
:1029B00038FB0020FEF735FB3620FEF732FB002007
:1029C000FEF72FFB3220FEF72CFB0020FEF729FB41
:1029D0002F20FEF726FB0020FEF723FB2C20FEF71E
:1029E00020FB0020FEF71DFB2920FEF71AFB00202C
:1029F000FEF717FB2620FEF714FB0020FEF711FB65
:102A00002420FEF70EFB0020FEF70BFB2420FEF730
:102A100008FB0020FEF705FB2320FEF702FB002049
:102A2000FEF7FFFA3C20FEF7FCFA0020FEF7F9FA69
:102A30003620FEF7F6FA0020FEF7F3FA3220FEF712
:102A4000F0FA0020FEF7EDFA2F20FEF7EAFA002058
:102A5000FEF7E7FA2C20FEF7E4FA0020FEF7E1FA91
:102A60002920FEF7DEFA0020FEF7DBFA2620FEF72B
:102A7000D8FA0020FEF7D5FA2420FEF7D2FA00207B
:102A8000FEF7CFFA2420FEF7CCFA0020FEF7C9FAB1
:102A90002320FEF7C6FA0020FEF7C3FAC420FEF793
:102AA000B7FA6220FEF7BDFA0020FEF7BAFA052059
:102AB000FEF7B7FA0020FEF7B4FA8420FEF7B1FA69
:102AC0000020FEF7AEFAF020FEF7ABFA0020FEF78A
:102AD000A8FA1820FEF7A5FA0020FEF7A2FAA42013
:102AE000FEF79FFA0020FEF79CFA1820FEF799FAED
:102AF0000020FEF796FA5020FEF793FA0020FEF72A
:102B000090FA0C20FEF78DFA0020FEF78AFA1720C3
:102B1000FEF787FA0020FEF784FA9520FEF781FA87
:102B20000020FEF77EFAF320FEF77BFA0020FEF786
:102B300078FAE620FEF775FA0020FEF772FAC52053
:102B4000FEF766FA3220FEF76CFA0020FEF769FA0B
:102B50004420FEF766FA0020FEF763FA6520FEF7D0
:102B600060FA0020FEF75DFA7620FEF75AFA0020A0
:102B7000FEF757FA8820FEF754FA0020FEF751FAC4
:102B8000C620FEF745FA2020FEF74BFA0020FEF79C
:102B900048FA1720FEF745FA0020FEF742FA012016
:102BA000FEF73FFA0020FEF73CFAC720FEF730FAA6
:102BB0000020FEF736FA0020FEF733FA0020FEF779
:102BC00030FA0020FEF72DFAC820FEF721FA002087
:102BD000FEF727FA0020FEF724FA0020FEF721FA7C
:102BE0000020FEF71EFAC920FEF712FA0020FEF7B9
:102BF00018FA0020FEF715FA0020FEF712FA00205E
:102C0000FEF70FFA0020FEF70CFA0020FEF709FA93
:102C10000020FEF706FA0020FEF703FA0020FEF778
:102C200000FA0020FEF7FDF90020FEF7FAF9002077
:102C3000FEF7F7F90020FEF7F4F90020FEF7F1F9AE
:102C40000020FEF7EEF90020FEF7EBF9E020FEF79A
:102C5000DFF91620FEF7E5F90020FEF7E2F91C2067
:102C6000FEF7DFF90020FEF7DCF92120FEF7D9F9A5
:102C70000020FEF7D6F93620FEF7D3F90020FEF744
:102C8000D0F94620FEF7CDF90020FEF7CAF9522010
:102C9000FEF7C7F90020FEF7C4F96420FEF7C1F97A
:102CA0000020FEF7BEF97A20FEF7BBF90020FEF700
:102CB000B8F98B20FEF7B5F90020FEF7B2F999209C
:102CC000FEF7AFF90020FEF7ACF9A820FEF7A9F94E
:102CD0000020FEF7A6F9B920FEF7A3F90020FEF7C1
:102CE000A0F9C420FEF79DF90020FEF79AF9CA204A
:102CF000FEF797F90020FEF794F9D220FEF791F93C
:102D00000020FEF78EF9D920FEF78BF90020FEF7A0
:102D100088F9E020FEF785F90020FEF782F9F3201C
:102D2000FEF77FF90020FEF77CF9E120FEF770F94D
:102D30001620FEF776F90020FEF773F91C20FEF747
:102D400070F90020FEF76DF92220FEF76AF90020E5
:102D5000FEF767F93620FEF764F90020FEF761F907
:102D60004520FEF75EF90020FEF75BF95220FEF7E2
:102D700058F90020FEF755F96420FEF752F90020BB
:102D8000FEF74FF97A20FEF74CF90020FEF749F9DB
:102D90008B20FEF746F90020FEF743F99920FEF755
:102DA00040F90020FEF73DF9A820FEF73AF900208F
:102DB000FEF737F9B920FEF734F90020FEF731F9B4
:102DC000C420FEF72EF90020FEF72BF9CA20FEF7EB
:102DD00028F90020FEF725F9D220FEF722F900207D
:102DE000FEF71FF9D820FEF71CF90020FEF719F9AD
:102DF000E020FEF716F90020FEF713F9F320FEF7A6
:102E000010F90020FEF70DF9E220FEF701F9052088
:102E1000FEF707F90020FEF704F90B20FEF701F991
:102E20000020FEF7FEF81B20FEF7FBF80020FEF75F
:102E3000F8F83420FEF7F5F80020FEF7F2F8442009
:102E4000FEF7EFF80020FEF7ECF84F20FEF7E9F868
:102E50000020FEF7E6F86120FEF7E3F80020FEF719
:102E6000E0F87920FEF7DDF80020FEF7DAF8882098
:102E7000FEF7D7F80020FEF7D4F89720FEF7D1F838
:102E80000020FEF7CEF8A620FEF7CBF80020FEF7D4
:102E9000C8F8B720FEF7C5F80020FEF7C2F8C22038
:102EA000FEF7BFF80020FEF7BCF8C720FEF7B9F820
:102EB0000020FEF7B6F8D120FEF7B3F80020FEF7A9
:102EC000B0F8D620FEF7ADF80020FEF7AAF8DD2016
:102ED000FEF7A7F80020FEF7A4F8F320FEF7A1F80C
:102EE0000020FEF79EF8E320FEF792F80520FEF79B
:102EF00098F80020FEF795F80A20FEF792F80020D7
:102F0000FEF78FF81C20FEF78CF80020FEF789F8FA
:102F10003320FEF786F80020FEF783F84420FEF702
:102F200080F80020FEF77DF85020FEF77AF80020A8
:102F3000FEF777F86220FEF774F80020FEF771F8CC
:102F40007820FEF76EF80020FEF76BF88820FEF779
:102F500068F80020FEF765F89720FEF762F8002079
:102F6000FEF75FF8A620FEF75CF80020FEF759F8A0
:102F7000B720FEF756F80020FEF753F8C220FEF700
:102F800050F80020FEF74DF8C720FEF74AF8002061
:102F9000FEF747F8D120FEF744F80020FEF741F88D
:102FA000D520FEF73EF80020FEF73BF8DD20FEF7C7
:102FB00038F80020FEF735F8F320FEF732F800204D
:102FC000FEF72FF8E420FEF723F80120FEF729F89A
:102FD0000020FEF726F80120FEF723F80020FEF778
:102FE00020F80220FEF71DF80020FEF71AF82A202C
:102FF000FEF717F80020FEF714F83C20FEF711F852
:103000000020FEF70EF84B20FEF70BF80020FEF72D
:1030100008F85D20FEF705F80020FEF702F874209E
:10302000FDF7FFFF0020FDF7FCFF8420FDF7F9FF0F
:103030000020FDF7F6FF9320FDF7F3FF0020FDF7DA
:10304000F0FFA220FDF7EDFF0020FDF7EAFFB3201F
:10305000FDF7E7FF0020FDF7E4FFBE20FDF7E1FFED
:103060000020FDF7DEFFC420FDF7DBFF0020FDF7A9
:10307000D8FFCD20FDF7D5FF0020FDF7D2FFD320EC
:10308000FDF7CFFF0020FDF7CCFFDD20FDF7C9FFE6
:103090000020FDF7C6FFF320FDF7C3FF0020FDF77A
:1030A000C0FFE520FDF7B4FF0020FDF7BAFF0020C8
:1030B000FDF7B7FF0020FDF7B4FF0020FDF7B1FFDB
:1030C0000220FDF7AEFF0020FDF7ABFF2920FDF742
:1030D000A8FF0020FDF7A5FF3C20FDF7A2FF002080
:1030E000FDF79FFF4B20FDF79CFF0020FDF799FFA8
:1030F0005D20FDF796FF0020FDF793FF7420FDF79C
:1031000090FF0020FDF78DFF8420FDF78AFF00204F
:10311000FDF787FF9320FDF784FF0020FDF781FF77
:10312000A220FDF77EFF0020FDF77BFFB320FDF717
:1031300078FF0020FDF775FFBE20FDF772FF00202D
:10314000FDF76FFFC420FDF76CFF0020FDF769FF5E
:10315000CD20FDF766FF0020FDF763FFD320FDF7CC
:1031600060FF0020FDF75DFFDC20FDF75AFF002027
:10317000FDF757FFF320FDF754FF0020FDF751FF47
:10318000E620FDF745FF1120FDF74BFF0020FDF77E
:1031900048FF3420FDF745FF0020FDF742FF562091
:1031A000FDF73FFF0020FDF73CFF7620FDF739FFDC
:1031B0000020FDF736FF7720FDF733FF0020FDF7F5
:1031C00030FF6620FDF72DFF0020FDF72AFF882045
:1031D000FDF727FF0020FDF724FF9920FDF721FFD1
:1031E0000020FDF71EFFBB20FDF71BFF0020FDF7B1
:1031F00018FF9920FDF715FF0020FDF712FF66204C
:10320000FDF70FFF0020FDF70CFF5520FDF709FF2C
:103210000020FDF706FF5520FDF703FF0020FDF716
:1032200000FF4520FDF7FDFE0020FDF7FAFE4320DC
:10323000FDF7F7FE0020FDF7F4FE4420FDF7F1FE58
:103240000020FDF7EEFEE720FDF7E2FE3220FDF75D
:10325000E8FE0020FDF7E5FE5520FDF7E2FE002028
:10326000FDF7DFFE7620FDF7DCFE0020FDF7D9FE3E
:103270006620FDF7D6FE0020FDF7D3FE6720FDF7A0
:10328000D0FE0020FDF7CDFE6720FDF7CAFE00202E
:10329000FDF7C7FE8720FDF7C4FE0020FDF7C1FE45
:1032A0009920FDF7BEFE0020FDF7BBFEBB20FDF719
:1032B000B8FE0020FDF7B5FE9920FDF7B2FE002014
:1032C000FDF7AFFE7720FDF7ACFE0020FDF7A9FE6D
:1032D0004420FDF7A6FE0020FDF7A3FE5620FDF7D3
:1032E000A0FE0020FDF79DFE2320FDF79AFE0020A2
:1032F000FDF797FE3320FDF794FE0020FDF791FEC9
:103300004520FDF78EFE0020FDF78BFEE820FDF73F
:103310007FFE0020FDF785FE0020FDF782FE99204C
:10332000FDF77FFE0020FDF77CFE8720FDF779FE8C
:103330000020FDF776FE8820FDF773FE0020FDF7E4
:1033400070FE7720FDF76DFE0020FDF76AFE662017
:10335000FDF767FE0020FDF764FE8820FDF761FEA3
:103360000020FDF75EFEAA20FDF75BFE0020FDF7C2
:1033700058FEBB20FDF755FE0020FDF752FE9920B8
:10338000FDF74FFE0020FDF74CFE6620FDF749FEDD
:103390000020FDF746FE5520FDF743FE0020FDF717
:1033A00040FE5520FDF73DFE0020FDF73AFE44208B
:1033B000FDF737FE0020FDF734FE4420FDF731FE17
:1033C0000020FDF72EFE5520FDF72BFE0020FDF717
:1033D00028FEE920FDF71CFEAA20FDF722FE0020B2
:1033E000FDF71FFE0020FDF71CFE0020FDF719FE73
:1033F0000020FDF70DFEAA20FDF713FECF20FDF7FC
:1034000007FE0020FDF70DFE0020FDF70AFE00205C
:10341000FDF707FE0020FDF704FE0020FDF701FE8A
:103420000020FDF7FEFD0020FDF7FBFD0020FDF76D
:10343000F8FD0020FDF7F5FD0020FDF7F2FD00206E
:10344000FDF7EFFD0020FDF7ECFD0020FDF7E9FDA5
:103450000020FDF7E6FD0020FDF7E3FD0020FDF76D
:10346000E0FD0020FDF7DDFDF020FDF7D1FD00209F
:10347000FDF7D7FD5020FDF7D4FD0020FDF7D1FD6D
:103480000020FDF7CEFD0020FDF7CBFDF320FDF77A
:10349000BFFD0020FDF7C5FDF920FDF7B9FD0620B1
:1034A000FDF7BFFD1020FDF7BCFD2920FDF7B9FD9C
:1034B0000020FDF7B6FD3A20FDF7AAFD5520FDF7E7
:1034C000B0FD1120FDF7A4FD642004F0E3FE2920E7
:1034D000FDF79EFD3520FDF79BFD0020FDF7A1FDCA
:1034E0005120FDF795FDFF20FDF79BFD5320FDF7D3
:1034F0008FFD2C20FDF795FD5520FDF789FD8220DD
:10350000FDF78FFD2C20FDF783FD02F0E9B8FE48A2
:10351000808845F2105188427ED155214FF4704089
:10352000FDF791FDAA214FF20100FDF78CFD52211C
:103530004FF20200FDF787FD08214FF20300FDF76F
:1035400082FD01214FF20400FDF77DFD0D214FF4B6
:103550003040FDF778FD0D214BF20100FDF773FDC2
:103560000D214BF20200FDF76EFD34214FF4364081
:10357000FDF769FD34214BF20160FDF764FD342154
:103580004BF20260FDF75FFD0D214FF43140FDF776
:103590005AFD0D214BF20110FDF755FD0D214BF2A7
:1035A0000210FDF750FD34214FF43740FDF74BFD7D
:1035B00034214BF20170FDF746FD34214BF20270CD
:1035C000FDF741FD00214FF43240FDF73CFD0021A5
:1035D0004BF20120FDF737FD00214BF20220FDF7F1
:1035E00032FD24214FF43840FDF72DFD24214BF608
:1035F0000100FDF728FD24214BF60200FDF723FD15
:1036000001214FF43F40FDF71EFD0F214FF43340E1
:10361000FDF719FD0F2100E0FEE34BF20130FDF74D
:1036200012FD0F214BF20230FDF70DFD34214FF456
:103630003940FDF708FD34214BF60110FDF703FD7D
:1036400034214BF60210FDF7FEFC08214FF4354003
:10365000FDF7F9FC08214BF20150FDF7F4FC0821BD
:103660004BF20250FDF7EFFC03214FF44240FDF70F
:10367000EAFC24214FF43A40FDF7E5FC24214BF607
:103680000120FDF7E0FC24214BF60220FDF7DBFCD6
:1036900000214FF43C40FDF7D6FC78214BF6014069
:1036A000FDF7D1FC00214BF60240FDF7CCFC0021D8
:1036B0004FF43D40FDF7C7FC78214BF60150FDF774
:1036C000C2FC00214BF60250FDF7BDFC00214FF477
:1036D0003E40FDF7B8FC64214BF60160FDF7B3FCFA
:1036E00000214FF45140FDF7AEFC33214DF20110A3
:1036F000FDF7A9FC00214DF20210FDF7A4FC3421D6
:103700004DF20310FDF79FFC00214DF20410FDF770
:103710009AFC3A214DF20510FDF795FC00214DF27F
:103720000610FDF790FC4A214DF20710FDF78BFCC7
:1037300000214DF20810FDF786FC5C214DF20910C6
:10374000FDF781FC00214DF20A10FDF77CFC812180
:103750004DF20B10FDF777FC00214DF20C10FDF738
:1037600072FCA6214DF20D10FDF76DFC00214DF20B
:103770000E10FDF768FCE5214DF20F10FDF763FC1C
:1037800001214DF21010FDF75EFC13214DF21110D6
:10379000FDF759FC01214DF21210FDF754FC5421A4
:1037A0004DF21310FDF74FFC01214DF21410FDF7FF
:1037B0004AFC82214DF21510FDF745FC01214DF226
:1037C0001610FDF740FCCA214DF21710FDF73BFC27
:1037D00002214DF21810FDF736FC00214DF21910B0
:1037E000FDF731FC02214DF21A10FDF72CFC0121EE
:1037F0004DF21B10FDF727FC02214DF21C10FDF7C6
:1038000022FC34214DF21D10FDF71DFC02214DF26A
:103810001E10FDF718FC67214DF21F10FDF713FC79
:1038200002214DF22010FDF70EFC84214DF22110F3
:10383000FDF709FC02214DF22210FDF704FCA42142
:103840004DF22310FDF7FFFB02214DF22410FDF78E
:10385000FAFBB7214DF22510FDF7F5FB02214DF2E1
:103860002610FDF7F0FBCF214DF22710FDF7EBFB03
:1038700002214DF22810FDF7E6FBDE214DF2291062
:10388000FDF7E1FB02214DF22A10FDF7DCFBF221EE
:103890004DF22B10FDF7D7FB02214DF22C10FDF756
:1038A000D2FBFE214DF22D10FDF7CDFB03214DF291
:1038B0002E10FDF7C8FB10214DF22F10FDF7C3FBB2
:1038C00003214DF23010FDF7BEFB33214DF23110D4
:1038D000FDF7B9FB03214DF23210FDF7B4FB6D216A
:1038E0004DF23310FDF7AFFB00214FF45240FDF7CE
:1038F000AAFB33214DF20120FDF7A5FB00214DF27B
:103900000220FDF7A0FB01E01C11002034214DF244
:103910000320FDF798FB00214DF20420FDF793FBF7
:103920003A214DF20520FDF78EFB00214DF20620D5
:10393000FDF789FB4A214DF20720FDF784FB0021AA
:103940004DF20820FDF77FFB5C214DF20920FDF7C9
:103950007AFB00214DF20A20FDF775FB81214DF223
:103960000B20FDF770FB00214DF20C20FDF76BFBE7
:10397000A6214DF20D20FDF766FB00214DF20E2031
:10398000FDF761FBE5214DF20F20FDF75CFB012106
:103990004DF21020FDF757FB13214DF21120FDF7DA
:1039A00052FB01214DF21220FDF74DFB54214DF247
:1039B0001320FDF748FB01214DF21420FDF743FBD6
:1039C00082214DF21520FDF73EFB01214DF216201C
:1039D000FDF739FBCA214DF21720FDF734FB022118
:1039E0004DF21820FDF72FFB00214DF21920FDF7B5
:1039F0002AFB02214DF21A20FDF725FB01214DF291
:103A00001B20FDF720FB02214DF21C20FDF71BFBC4
:103A100034214DF21D20FDF716FB02214DF21E2030
:103A2000FDF711FB67214DF21F20FDF70CFB022172
:103A30004DF22020FDF707FB84214DF22120FDF7F8
:103A400002FB02214DF22220FDF7FDFAA4214DF2E6
:103A50002320FDF7F8FA02214DF22420FDF7F3FAB6
:103A6000B7214DF22520FDF7EEFA02214DF2262076
:103A7000FDF7E9FACF214DF22720FDF7E4FA022104
:103A80004DF22820FDF7DFFADE214DF22920FDF767
:103A9000DAFA02214DF22A20FDF7D5FAF2214DF291
:103AA0002B20FDF7D0FA02214DF22C20FDF7CBFAA6
:103AB000FE214DF22D20FDF7C6FA03214DF22E20F6
:103AC000FDF7C1FA10214DF22F20FDF7BCFA0321BA
:103AD0004DF23020FDF7B7FA33214DF23120FDF7DA
:103AE000B2FA03214DF23220FDF7ADFA6D214DF20D
:103AF0003320FDF7A8FA00214FF45340FDF7A3FA55
:103B000033214DF20130FDF79EFA00214DF20230D3
:103B1000FDF799FA34214DF20330FDF794FA0021B4
:103B20004DF20430FDF78FFA3A214DF20530FDF7E2
:103B30008AFA00214DF20630FDF785FA4A214DF24E
:103B40000730FDF780FA00214DF20830FDF77BFACF
:103B50005C214DF20930FDF776FA00214DF20A3072
:103B6000FDF771FA81214DF20B30FDF76CFA00215F
:103B70004DF20C30FDF767FAA6214DF20D30FDF73E
:103B800062FA00214DF20E30FDF75DFAE5214DF2AB
:103B90000F30FDF758FA01214DF21030FDF753FABE
:103BA00013214DF21130FDF74EFA01214DF2123082
:103BB000FDF749FA54214DF21330FDF744FA012183
:103BC0004DF21430FDF73FFA82214DF21530FDF72A
:103BD0003AFA01214DF21630FDF735FACA214DF2BD
:103BE0001730FDF730FA02214DF21830FDF72BFAAD
:103BF00000214DF21930FDF726FA02214DF21A305C
:103C0000FDF721FA01214DF21B30FDF71CFA0221CC
:103C10004DF21C30FDF717FA34214DF21D30FDF73F
:103C200012FA02214DF21E30FDF70DFA67214DF216
:103C30001F30FDF708FA02214DF22030FDF703FA9C
:103C400084214DF22130FDF7FEF902214DF22230A0
:103C5000FDF7F9F9A4214DF22330FDF7F4F9022123
:103C60004DF22430FDF7EFF9B7214DF22530FDF785
:103C7000EAF902214DF22630FDF7E5F9CF214DF2A8
:103C80002730FDF7E0F902214DF22830FDF7DBF98E
:103C9000DE214DF22930FDF7D6F902214DF22A300E
:103CA000FDF7D1F9F2214DF22B30FDF7CCF90221CD
:103CB0004DF22C30FDF7C7F9FE214DF22D30FDF706
:103CC000C2F903214DF22E30FDF7BDF910214DF25E
:103CD0002F30FDF7B8F903214DF23030FDF7B3F97D
:103CE00033214DF23130FDF7AEF903214DF2323080
:103CF000FDF7A9F96D214DF23330FDF7A4F900214C
:103D00004FF45440FDF79FF933214DF20140FDF788
:103D10009AF900214DF20240FDF795F934214DF258
:103D20000340FDF790F900214DF20440FDF78BF9B7
:103D30003A214DF20540FDF786F900214DF206408B
:103D4000FDF781F94A214DF20740FDF77CF900218A
:103D50004DF20840FDF777F95C214DF20940FDF77F
:103D600072F900214DF20A40FDF76DF981214DF203
:103D70000B40FDF768F900214DF20C40FDF763F9A7
:103D8000A6214DF20D40FDF75EF900214DF20E40E7
:103D9000FDF759F9E5214DF20F40FDF754F90121E6
:103DA0004DF21040FDF74FF913214DF21140FDF790
:103DB0004AF901214DF21240FDF745F954214DF227
:103DC0001340FDF740F901214DF21440FDF73BF996
:103DD00082214DF21540FDF736F901214DF21640D2
:103DE000FDF731F9CA214DF21740FDF72CF90221F8
:103DF0004DF21840FDF727F900214DF21940FDF76B
:103E000022F902214DF21A40FDF71DF901214DF270
:103E10001B40FDF718F900E004E302214DF21C40BD
:103E2000FDF711F934214DF21D40FDF70CF9022187
:103E30004DF21E40FDF707F967214DF21F40FDF7D7
:103E400002F902214DF22040FDF7FDF884214DF2E8
:103E50002140FDF7F8F802214DF22240FDF7F3F87A
:103E6000A4214DF22340FDF7EEF802214DF224404B
:103E7000FDF7E9F8B7214DF22540FDF7E4F80221FE
:103E80004DF22640FDF7DFF8CF214DF22740FDF738
:103E9000DAF802214DF22840FDF7D5F8DE214DF287
:103EA0002940FDF7D0F802214DF22A40FDF7CBF86A
:103EB000F2214DF22B40FDF7C6F802214DF22C40C5
:103EC000FDF7C1F8FE214DF22D40FDF7BCF80321AE
:103ED0004DF22E40FDF7B7F810214DF22F40FDF7BF
:103EE000B2F803214DF23040FDF7ADF833214DF229
:103EF0003140FDF7A8F803214DF23240FDF7A3F859
:103F00006D214DF23340FDF79EF800214FF45540EE
:103F1000FDF799F833214DF20150FDF794F8002197
:103F20004DF20250FDF78FF834214DF20350FDF7AA
:103F30008AF800214DF20450FDF785F83A214DF240
:103F40000550FDF780F800214DF20650FDF77BF893
:103F50004A214DF20750FDF776F800214DF2085046
:103F6000FDF771F85C214DF20950FDF76CF8002166
:103F70004DF20A50FDF767F881214DF20B50FDF725
:103F800062F800214DF20C50FDF75DF8A6214DF2CC
:103F90000D50FDF758F800214DF20E50FDF753F883
:103FA000E5214DF20F50FDF74EF801214DF2105072
:103FB000FDF749F813214DF21150FDF744F80121A6
:103FC0004DF21250FDF73FF854214DF21350FDF71A
:103FD0003AF801214DF21450FDF735F882214DF2E7
:103FE0001550FDF730F801214DF21650FDF72BF872
:103FF000CA214DF21750FDF726F802214DF2185054
:10400000FDF721F800214DF21950FDF71CF80221AF
:104010004DF21A50FDF717F801214DF21B50FDF734
:1040200012F802214DF21C50FDF70DF834214DF22B
:104030001D50FDF708F802214DF21E50FDF703F860
:1040400067214DF21F50FCF7FEFF02214DF2205078
:10405000FCF7F9FF84214DF22150FCF7F4FF022117
:104060004DF22250FCF7EFFFA4214DF22350FCF754
:10407000EAFF02214DF22450FCF7E5FFB7214DF293
:104080002550FCF7E0FF02214DF22650FCF7DBFF44
:10409000CF214DF22750FCF7D6FF02214DF22850D8
:1040A000FCF7D1FFDE214DF22950FCF7CCFF0221B5
:1040B0004DF22A50FCF7C7FFF2214DF22B50FCF7CE
:1040C000C2FF02214DF22C50FCF7BDFFFE214DF244
:1040D0002D50FCF7B8FF03214DF22E50FCF7B3FF33
:1040E00010214DF22F50FCF7AEFF03214DF230505E
:1040F000FCF7A9FF33214DF23150FCF7A4FF032157
:104100004DF23250FCF79FFF6D214DF23350FCF71A
:104110009AFF00214FF45640FCF795FF33214DF2F2
:104120000160FCF790FF00214DF20260FCF78BFF6D
:1041300034214DF20360FCF786FF00214DF204604C
:10414000FCF781FF3A214DF20560FCF77CFF00216E
:104150004DF20660FCF777FF4A214DF20760FCF74D
:1041600072FF00214DF20860FCF76DFF5C214DF2FB
:104170000960FCF768FF00214DF20A60FCF763FF5D
:1041800081214DF20B60FCF75EFF00214DF20C60C7
:10419000FCF759FFA6214DF20D60FCF754FF0021FA
:1041A0004DF20E60FCF74FFFE5214DF20F60FCF77A
:1041B0004AFF01214DF21060FCF745FF13214DF23B
:1041C0001160FCF740FF01214DF21260FCF73BFF4C
:1041D00054214DF21360FCF736FF01214DF21460BB
:1041E000FCF731FF82214DF21560FCF72CFF012115
:1041F0004DF21660FCF727FFCA214DF21760FCF75D
:1042000022FF02214DF21860FCF71DFF00214DF244
:104210001960FCF718FF02214DF21A60FCF713FF3A
:1042200001214DF21B60FCF70EFF02214DF21C60D4
:10423000FCF709FF34214DF21D60FCF704FF022159
:104240004DF21E60FCF7FFFE67214DF21F60FCF788
:10425000FAFE02214DF22060FCF7F5FE84214DF2BA
:104260002160FCF7F0FE02214DF22260FCF7EBFE2C
:10427000A4214DF22360FCF7E6FE02214DF22460FA
:10428000FCF7E1FEB7214DF22560FCF7DCFE0221D0
:104290004DF22660FCF7D7FECF214DF22760FCF7E8
:1042A000D2FE02214DF22860FCF7CDFEDE214DF258
:1042B0002960FCF7C8FE02214DF22A60FCF7C3FE1C
:1042C000F2214DF22B60FCF7BEFE02214DF22C6074
:1042D000FCF7B9FEFE214DF22D60FCF7B4FE032180
:1042E0004DF22E60FCF7AFFE10214DF22F60FCF76F
:1042F000AAFE03214DF23060FCF7A5FE33214DF2FA
:104300003160FCF7A0FE03214DF23260FCF79BFE0A
:104310006D214DF23360FCF796FE55214FF470404D
:10432000FCF791FEAA214FF20100FCF78CFE52210E
:104330004FF20200FCF787FE08214FF20300FCF762
:1043400082FE00214FF20400FCF77DFECC214FF4E9
:104350003140FCF778FE00214BF20110FCF773FEB0
:1043600005214FF43640FCF76EFE70214FF43740C4
:10437000FCF769FE70214BF20170FCF764FE01212D
:104380004FF43840FCF75FFE03214BF60100FCF7C9
:104390005AFE03214BF60200FCF755FE03214BF6B3
:1043A0000300FCF750FE02214FF43C40FCF74BFEAB
:1043B00000214BF60140FCF746FE00214BF602407F
:1043C000FCF741FED0214FF44940FCF73CFE0221AE
:1043D0004CF60110FCF737FE50214CF60210FCF7AA
:1043E00032FE50214CF60310FCF72DFE50214CF606
:1043F0000410FCF728FE00214FF45450FCF723FE74
:1044000055214FF46850FCF71EFE4FF48850FCF71E
:10441000FFFD782003F014FF4FF42450FCF7F8FD63
:1044200001F05EB9FE48808849F2253188427DD18D
:1044300047F6F001E520FCF706FE4FF480710120FD
:10444000FCF701FE4FF4E0610220FCF7FCFD41F2B5
:1044500030010320FCF7F7FD00210420FCF7F3FDF9
:1044600040F202210820FCF7EEFD00210920FCF7B4
:10447000EAFD00210A20FCF7E6FD00210C20FCF7F4
:10448000E2FD00210D20FCF7DEFD00210F20FCF7EE
:10449000DAFD00211020FCF7D6FD07211120FCF7E2
:1044A000D2FD00211220FCF7CEFD00211320FCF7E5
:1044B000CAFD00210720FCF7C6FD41F290611020E3
:1044C000FCF7C1FD40F227211120FCF7BCFD9D2126
:1044D0001220FCF7B8FD4FF4C8511320FCF7B3FDD0
:1044E00025212920FCF7AFFD0D212B20FCF7ABFD8A
:1044F00007213020FCF7A7FD40F203313120FCF703
:10450000A2FD03213220FCF79EFD40F2062135205A
:10451000FCF799FD08213620FCF795FD40F2064195
:104520003720FCF790FD4FF4417100E058E038204F
:10453000FCF789FD07213920FCF785FD40F2026177
:104540003C20FCF780FD08213D20FCF77CFD00218C
:104550005020FCF778FDEF215120FCF774FD00217D
:104560005220FCF770FD40F23F115320FCF76BFD29
:104570004FF427416020FCF766FD01216120FCF724
:1045800062FD00216A20FCF75EFD00218020FCF71F
:104590005AFD00218120FCF756FD00218220FCF706
:1045A00052FD00218320FCF74EFD00218420FCF702
:1045B0004AFD00218520FCF746FD10219020FCF7E4
:1045C00042FD4FF4C0619220FCF73DFD40F23311F3
:1045D0000720FCF738FD22210020FCF734FD1FE7FF
:1045E0008F48808849F2283188427DD141F28F017D
:1045F000EC20FCF728FD41F23421EF20FCF723FDED
:104600004FF480710120FCF71EFD4FF4E0610220A1
:10461000FCF719FD41F230010320FCF714FD0021E5
:104620000420FCF710FD40F202210820FCF70BFDEE
:1046300000210920FCF707FD00210A20FCF703FDFB
:1046400001210C20FCF7FFFC00210D20FCF7FBFCF6
:1046500000210F20FCF7F7FC00211020FCF7F3FCF1
:1046600007211120FCF7EFFC00211220FCF7EBFCE6
:1046700000211320FCF7E7FC01210720FCF7E3FCF5
:10468000322003F007FE41F290411020FCF7DBFCE2
:1046900040F227211120FCF7D6FC322003F0FAFD6E
:1046A0008A211220FCF7CFFC322003F0F3FD4FF4F7
:1046B000D0511320FCF7C7FC06212920FCF7C3FCCE
:1046C0000D212B20FCF7BFFC322003F0E3FD00217D
:1046D0002020FCF7B8FC00212120FCF7B4FC32209C
:1046E00003F0D8FD002100E075E03020FCF7ABFCC2
:1046F00040F204613120FCF7A6FC40F20531322083
:10470000FCF7A1FC00213520FCF79DFC40F6094197
:104710003620FCF798FC4FF401713720FCF793FC2E
:1047200040F201313820FCF78EFC40F2077139204D
:10473000FCF789FC00213C20FCF785FC40F60A21AF
:104740003D20FCF780FC322003F0A4FD0021502026
:10475000FCF779FCEF215120FCF775FC0021522079
:10476000FCF771FC40F23F115320FCF76CFC4FF456
:1047700027416020FCF767FC01216120FCF763FC06
:1047800000216A20FCF75FFC00218020FCF75BFC25
:1047900000218120FCF757FC00218220FCF753FC0C
:1047A00000218320FCF74FFC00218420FCF74BFC08
:1047B00000218520FCF747FC10219020FCF743FCEA
:1047C0004FF4C0619220FCF73EFC40F23311072009
:1047D000FCF739FC24E61248808849F220318842EF
:1047E0007ED100210846FCF72EFC4FF48071012099
:1047F000FCF729FC4FF4E0610220FCF724FC41F2B5
:1048000030010320FCF71FFC00210420FCF71BFCF7
:1048100040F202210820FCF716FC0021092001E0EB
:104820001C110020FCF70FFC00210A20FCF70BFCF8
:1048300001210C20FCF707FC00210D20FCF703FCF4
:1048400000210F20FCF7FFFB322003F023FD40F294
:1048500001110720FCF7F7FB322003F01BFD4FF49A
:1048600086511020FCF7EFFB07211120FCF7EBFB32
:104870004FF488711220FCF7E6FB4FF430611320EF
:10488000FCF7E1FB00212920FCF7DDFB44F21001DD
:104890002B20FCF7D8FB00215020FCF7D4FBEF21A4
:1048A0005120FCF7D0FB00215220FCF7CCFB40F25A
:1048B0003F115320FCF7C7FB4FF41C516020FCF75D
:1048C000C2FB01216120FCF7BEFB00216A20FCF73E
:1048D000BAFB00218020FCF7B6FB0021812000E01C
:1048E00030E0FCF7B0FB00218220FCF7ACFB00219C
:1048F0008320FCF7A8FB00218420FCF7A4FB002107
:104900008520FCF7A0FB10219020FCF79CFB0021E8
:104910009220FCF798FB01219320FCF794FB4FF4C5
:1049200088719520FCF78FFB00219720FCF78BFB0B
:1049300000219820FCF787FB40F273110720FCF759
:1049400082FB6DE5FE48808849F2313188427DD195
:1049500041F21401E720FCF776FB4FF4807101204F
:10496000FCF771FB4FF400710220FCF76CFB41F285
:1049700038010320FCF767FB40F202210820FCF716
:1049800062FB00210920FCF75EFB00210A20FCF7F6
:104990005AFB00210C20FCF756FB00210D20FCF7F0
:1049A00052FB00210F20FCF74EFB00211020FCF7EA
:1049B0004AFB07211120FCF746FB00211220FCF7DF
:1049C00042FB00211320FCF73EFBC82003F062FCF1
:1049D00041F290611020FCF736FB40F227211120B4
:1049E000FCF731FB322003F055FC0C211220FCF7C0
:1049F0002AFB322003F04EFC4FF400611320FCF739
:104A000022FB11212920FCF71EFB0B212B20FCF798
:104A10001AFB322003F03EFC00212020FCF713FBA0
:104A200040F23F112120FCF70EFB00213020FCF763
:104A30000AFB4FF483713120FCF705FB0021322083
:104A4000FCF701FB4FF40171352000E064E0FCF756
:104A5000FAFA41F20A613620FCF7F5FA40F20771E2
:104A60003720FCF7F0FA4FF483713820FCF7EBFAAB
:104A700040F207713920FCF7E6FA40F202413C208F
:104A8000FCF7E1FA40F60F413D20FCF7DCFA00218B
:104A90005020FCF7D8FAEF215120FCF7D4FA00217E
:104AA0005220FCF7D0FA40F23F115320FCF7CBFA2A
:104AB0004FF41C516020FCF7C6FA01216120FCF77D
:104AC000C2FA00216A20FCF7BEFA00218020FCF720
:104AD000BAFA00218120FCF7B6FA00218220FCF707
:104AE000B2FA00218320FCF7AEFA00218420FCF703
:104AF000AAFA00218520FCF7A6FA10219020FCF7E5
:104B0000A2FA4FF4C0619220FCF79DFA40F23311F3
:104B10000720FCF798FA83E48948808845F2084129
:104B200088427DD14FF480710120FCF78CFA4FF45C
:104B3000E0610220FCF787FA41F230010320FCF724
:104B400082FA00210420FCF77EFA40F207210820B7
:104B5000FCF779FA00210920FCF775FA00210A20F8
:104B6000FCF771FA00210C20FCF76DFA00210D20F2
:104B7000FCF769FA00210F20FCF765FA142003F016
:104B800089FB41F2B0611020FCF75DFA0121112090
:104B9000FCF759FA01211720FCF755FA4FF49C71E4
:104BA0001220FCF750FA4FF400611320FCF74BFA87
:104BB00009212920FCF747FA09212A20FCF743FAAA
:104BC0000021A420FCF73FFA00215020FCF73BFA1B
:104BD000EF215120FCF737FA00215220FCF733FA7D
:104BE00040F23F115320FCF72EFA4FF41C51602085
:104BF000FCF729FA01216120FCF725FA00216A203F
:104C0000FCF721FA00218020FCF71DFA0021812009
:104C1000FCF719FA00218220FCF715FA002100E0C8
:104C200024E08320FCF70FFA00218420FCF70BFA24
:104C300000218520FCF707FA13219020FCF703FAE6
:104C400000219220FCF7FFF903219320FCF7FBF9E8
:104C50004FF488719520FCF7F6F940F273110720A4
:104C6000FCF7F1F9322003F015FBB8E434488088F2
:104C700041F2055188427DD100210720FCF7E3F97C
:104C8000322003F007FB4FF48E711220FCF7DBF9A2
:104C90000121A420FCF7D7F90F210820FCF7D3F954
:104CA00008210A20FCF7CFF908210D20FCF7CBF9E9
:104CB00040F207713020FCF7C6F907213120FCF7DC
:104CC000C2F940F203613220FCF7BDF94FF4E06114
:104CD0003320FCF7B8F940F202213420FCF7B3F995
:104CE00002213520FCF7AFF941F60F713620FCF7B1
:104CF000AAF940F207713720FCF7A5F90021382006
:104D0000FCF7A1F900213920FCF79DF940F2077169
:104D10003A20FCF798F900213B20FCF794F9072191
:104D20003C20FCF790F900213D20FCF78CF9322063
:104D300003F0B0FA01210720FCF785F9012101E019
:104D40001C1100201720FCF77EF9322003F0A2FA94
:104D50004FF4BD511020FCF776F940F217211120D5
:104D6000FCF771F94FF48F711220FCF76CF94FF4D6
:104D7000706100E098E01320FCF765F900212A201B
:104D8000FCF761F90A212920FCF75DF94FF49F71C6
:104D90001220FCF758F900215020FCF754F9EF21BC
:104DA0005120FCF750F900215220FCF74CF940F259
:104DB0003F115320FCF747F94FF41C516020FCF7DA
:104DC00042F901216120FCF73EF900216A20FCF73D
:104DD0003AF900218020FCF736F900218120FCF708
:104DE00032F900218220FCF72EF900218320FCF704
:104DF0002AF900218420FCF726F900218520FCF700
:104E000022F913219020FCF71EF94FF440719220F3
:104E1000FCF719F905219320FCF715F900219520DD
:104E2000FCF711F900219720FCF70DF900219820DB
:104E3000FCF709F94FF480710120FCF704F94FF4F5
:104E4000E0610220FCF7FFF841F238010320FCF793
:104E5000FAF800210420FCF7F6F800210C20FCF7FA
:104E6000F2F800210F20FCF7EEF800212020FCF7DB
:104E7000EAF800212120FCF7E6F821210720FCF7C1
:104E8000E2F8142003F006FA61210720FCF7DBF8B2
:104E9000142003F0FFF940F273110720FCF7D3F858
:104EA000142003F0F7F995E4FE4880884BF2055191
:104EB00088427CD100210846FCF7C5F8002108464D
:104EC000FCF7C1F800210846FCF7BDF800210846B0
:104ED000FCF7B9F80121A420FCF7B5F8142003F081
:104EE000D9F94FF41C516020FCF7ADF840F20221D3
:104EF0000820FCF7A8F84FF405713020FCF7A3F860
:104F000043F215713120FCF79EF840F20461322023
:104F1000FCF799F840F616613320FCF794F842F25A
:104F200011213420FCF78FF84FF4A8513520FCF7FD
:104F30008AF848F207513620FCF785F841F207411C
:104F40003720FCF780F841F203413820FCF77BF86A
:104F500020213920FCF777F81A219020FCF773F80C
:104F600000211020FCF76FF807211120FCF76BF8E7
:104F700000211220FCF767F800211320FCF763F8EA
:104F8000142003F087F94FF4E6611020FCF75BF87A
:104F900040F237111120FCF756F8142003F07AF98B
:104FA0004FF4DC711220FCF74EF8142000E085E08D
:104FB00003F070F94FF470611320FCF744F880217E
:104FC0002A20FCF740F848212920FCF73CF814205F
:104FD00003F060F94FF480710120FCF734F84FF4CE
:104FE000E0610220FCF72FF841F238010320FCF7C2
:104FF0002AF840F202210820FCF725F800210A20B7
:10500000FCF721F800210C20FCF71DF800210D20F1
:10501000FCF719F830210E20FCF715F8002150207C
:10502000FCF711F8EF215120FCF70DF80021522078
:10503000FCF709F840F23F115320FCF704F84FF455
:105040001C516020FBF7FFFF01216120FBF7FBFFF4
:1050500000216A20FBF7F7FF11219020FBF7F3FFF7
:105060004FF4C0619220FBF7EEFF40F20241932023
:10507000FBF7E9FF02219420FBF7E5FF142003F082
:1050800009F901210720FBF7DEFF142003F002F9E4
:1050900061210720FBF7D7FF40F273110720FBF7D0
:1050A000D2FF00212020FBF7CEFF00212120FBF7BB
:1050B000CAFF22210020FBF7C6FF11E37948808850
:1050C0004CF2055188427CD100210846FBF7BBFF1A
:1050D00000210846FBF7B7FF142003F0DBF800219E
:1050E0000846FBF7B0FF00210846FBF7ACFF0021A4
:1050F0000846FBF7A8FF00210846FBF7A4FF0121A3
:10510000A420FBF7A0FF142003F0C4F84FF41C51B7
:105110006020FBF798FF40F606010820FBF793FF9D
:1051200040F203713020FBF78EFF01213120FBF7A5
:105130008AFF04213220FBF786FF4FF48171332070
:10514000FBF781FF4FF440713420FBF77CFF40F206
:1051500003113520FBF777FF1F213620FBF773FF84
:1051600040F203713720FBF76EFF01213820FBF777
:105170006AFF04213920FBF766FF15219020FBF719
:1051800062FF4FF482611020FBF75DFF40F2472180
:105190001120FBF758FF4FF4DE711220FBF753FF8D
:1051A0004FF460611320FBF74EFF782003F072F894
:1051B0004FF480710120FBF746FF4FF4007102208D
:1051C00000E052E0FBF73FFF41F230010320FBF724
:1051D0003AFF08210A20FBF736FF00210C20FBF7DD
:1051E00032FF20210E20FBF72EFF00210F20FBF7BE
:1051F0002AFF00212020FBF726FF00212120FBF7BA
:1052000022FF3D212A20FBF71EFF142003F042F865
:105210002D212920FBF717FF00215020FBF713FF5A
:105220004DF2EF015120FBF70EFF00215220FBF75A
:105230000AFF40F23F115320FBF705FF00216120D8
:10524000FBF701FF00216A20FBF7FDFE4FF44071E0
:105250009220FBF7F8FE05219320FBF7F4FE4FF4B4
:1052600080710720FBF7EFFE3AE20E48808844F297
:10527000315188427ED101210020FBF7E4FE0A2053
:1052800003F008F841F228611020FBF7DCFE0E2144
:105290001220FBF7D8FE40F639211320FBF7D3FE8E
:1052A0000A2001E01C11002002F0F4FF402111202F
:1052B000FBF7C9FE50211520FBF7C5FE0A2002F0BE
:1052C000E9FF1E211220FBF7BEFE0A2002F0E2FFDA
:1052D0004FF4B1511020FBF7B6FE42F639211320EE
:1052E000FBF7B1FE0A2002F0D5FF4FF480710120D8
:1052F000FBF7A9FE4FF440710220FBF7A4FE41F238
:1053000038010320FBF79FFE40F202210820FBF743
:105310009AFE08210A20FBF796FE00213020FBF7B9
:1053200092FE40F202413120FBF78DFE4FF4837173
:105330003220FBF788FE40F203513320FBF783FE57
:105340004FF482713420FBF77EFE40F201313520AC
:10535000FBF779FE40F207713620FBF774FE40F24E
:1053600005313720FBF76FFE4FF402713820FBF751
:105370006AFE00E03EE040F60B713920FBF763FE69
:1053800002214120FBF75FFE4FF41C516020FBF728
:105390005AFE01216120FBF756FE4FF40471902064
:1053A000FBF751FE4FF485719220FBF74CFE042170
:1053B0009320FBF748FE4FF48071A020FBF743FEDB
:1053C00001210720FBF73FFE21210720FBF73BFED1
:1053D00023210720FBF737FE33210720FBF733FE9D
:1053E00040F233110720FBF72EFE0021A020FBF72F
:1053F0002AFE75E1F748808844F2355188427CD115
:1054000030211520FBF71FFE10219A20FBF71BFE11
:1054100020211120FBF717FE43F228411020FBF753
:1054200012FE02211220FBF70EFE41F2380113207A
:10543000FBF709FE282002F02DFF12210846FBF79A
:1054400002FE282002F026FF43F220411020FBF745
:10545000FAFD43F238011320FBF7F5FD462002F078
:1054600019FF00213020FBF7EEFD40F20241312010
:10547000FBF7E9FD40F207313220FBF7E4FD4FF482
:1054800041713320FBF7DFFD04213420FBF7DBFD06
:1054900040F201413520FBF7D6FD40F2077136207E
:1054A000FBF7D1FD40F205313720FBF7CCFD4FF47F
:1054B000C2613820FBF7C7FD4FF4C2613920FBF70A
:1054C000C2FD4FF480710120FBF7BDFD4FF4407128
:1054D0000220FBF7B8FD41F230010320FBF7B3FDDA
:1054E00040F608010820FBF7AEFD08210A20FBF773
:1054F000AAFD4FF41C51602000E033E0FBF7A3FD50
:1055000001216120FBF79FFD4FF49F719020FBF775
:105510009AFD4FF480719220FBF795FD4FF4807156
:105520009320FBF790FD4FF44051A020FBF78BFD3B
:105530001021A320FBF787FD01210720FBF783FD46
:1055400021210720FBF77FFD23210720FBF77BFDAF
:1055500033210720FBF777FD40F233110720FBF7DB
:1055600072FDBDE09B48808841F663118842F8D106
:10557000E220FBF74DFD1D20FBF753FD0220FBF75A
:1055800050FD0420FBF74DFD642002F059FEE020A1
:10559000FBF73EFD0120FBF744FD0A2002F07AFEF6
:1055A000E020FBF735FD0320FBF73BFD0C2002F06C
:1055B00071FE0120FBF72CFD0A2002F06BFEE620B5
:1055C000FBF726FD2F20FBF72CFDFF20FBF729FD25
:1055D000FF20FBF726FDB020FBF71AFD2020FBF78C
:1055E00020FD0020FBF71DFD0320FBF71AFD40F214
:1055F0001F30FBF716FD0120FBF713FD40F2DF1013
:10560000FBF70FFD0020FBF70CFDB420FBF700FDBE
:105610000420FBF706FD40F21F40FBF702FD0020CF
:10562000FBF7FFFC2E20FBF7FCFC0020FBF7F9FC4E
:105630000020FBF7F6FC0020FBF7F3FC0020FBF753
:10564000F0FCB620FBF7E4FC0220FBF7EAFC4FF489
:105650000370FBF7E6FC0020FBF7E3FC1720FBF7E9
:10566000E0FC1520FBF7DDFC0020FBF7DAFC002056
:10567000FBF7D7FCF020FBF7CBFC0320FBF7D1FCBA
:105680002920FBF7C5FCD020FBF7C2FC0020FBF76C
:10569000C8FCBE20FBF7BCFC0520FBF7C2FCFE20CB
:1056A000FBF7BFFC0120FBF7BCFC0020FBF7B9FCBB
:1056B0000020FBF7B6FC0020FBF7B3FCB820FBF79B
:1056C000A7FC0320FBF7ADFC0120FBF7AAFCBA20E6
:1056D000FBF79EFC0120FBF7A4FC6420FCF70BF910
:1056E0000020FCF734F901203B4908604FF6FF70B9
:1056F000FCF71CFB21B000BD2DE9FC4F05460E4612
:1057000017469846DDF82C9000200190314880889B
:1057100046F60401884229D12E488079012825D1F6
:10572000AB4635462B480088C01B401E86B2474614
:1057300028480088A0EB0B00401E1FFA80F80020CC
:10574000244988712A2048812B20888143463A4683
:1057500031462846CDF80090FFF7CEFF01201D49C5
:1057600088712B2048812A2088811DE0781B401CED
:1057700080B20190344615E021462846FBF792FCA2
:10578000FBF773FC4FF0000A07E04FF0D840A0F899
:1057900080900AF101001FFA80FA01988245F4DB3B
:1057A000601C84B24445E7DDBDE8FC8F2DE9F84F6D
:1057B00007460D4690469946DDF828B0A8EB07004D
:1057C000401C1FFA80FAA9EB0500401C80B2009033
:1057D000002418E01C110020BC824042281981B22C
:1057E0003846FBF75FFCFBF740FC002607E004FBB4
:1057F0000A603BF81000F8490880701C86B25645D4
:10580000F5DB601C84B200988442E7DBBDE8F88FCA
:105810002DE9FF4F84B081468A4600200390029014
:105820000698A0EB09050798A0EB0A06CDF80490AE
:10583000CDF800A0002D01DD012705E00DB90027FE
:1058400002E04FF0FF376D42002E02DD4FF00108FD
:1058500006E016B94FF0000802E04FF0FF3876423C
:10586000B54201DD2C4600E034464FF0000B21E04C
:10587000009A91B2019A90B2FBF76DFF0398284409
:1058800003900298304402900398A04205DD0398EB
:10589000001B03900198384401900298A04205DD56
:1058A0000298001B02900098404400900BF1010008
:1058B0001FFA80FB601C8345DADD08B0BDE8F08F7D
:1058C000F0B504460D4616461F462B46324629467D
:1058D0002046FFF79DFF3B46224629462046FFF71C
:1058E00097FF3B46324639462046FFF791FF3B463D
:1058F000324629463046FFF78BFFF0BD2DE9F043D5
:1059000006460F469046002445460320A0EB480972
:105910003CE07A1B91B2321990B2FBF71CFF3A1BA4
:1059200091B2721990B2FBF716FF3A1991B272193F
:1059300090B2FBF710FF7A1991B2321990B2FBF7CF
:105940000AFF7A1991B2321B90B2FBF704FF3A19A1
:1059500091B2721B90B2FBF7FEFE7A1B91B2321B22
:1059600090B2FBF7F8FE3A1B91B2721B90B2FBF7B4
:10597000F2FE641CB9F1000F03DAA000801D81441F
:1059800004E0601B80000A3081446D1EAC42C0DD23
:10599000BDE8F0832DE9F84F80460E4617461C46B9
:1059A000B3462046E31704EB5373DB1021464FEA5E
:1059B000E47C04EB5C7C4FEAEC0CA4EBCC0CBCF17B
:1059C000000F02D04FF0010C01E04FF0000C6344D7
:1059D000224604EBD27C4FEA6C0C03FB0CF3DBB2E7
:1059E0000093A7F12000C7B2002556E00C2C07D188
:1059F00007EB4700794901EB800010F8059013E0B0
:105A0000102C05D1764800EB071010F805900BE03C
:105A1000182C07D107EBC700724901EB800010F882
:105A2000059001E0BDE8F88F4FF0000A2FE009F083
:105A3000800030B16C48028831464046FBF799FE41
:105A400007E00A9828B96948028831464046FBF7C2
:105A500090FE4FEA49604FEA1069701C86B26448B4
:105A60004088B04200DCDDE7A6EB0B00A0420AD183
:105A70005E4608F101001FFA80F85D480088404545
:105A800000DCCFE706E00AF1010000F0FF0ABAF1FE
:105A9000080FCCDB00BF681CC5B200988542A5DBAF
:105AA00000BFBFE710B50246012000E050430B1EC7
:105AB000A1F10104E1B2F9D110BD2DE9FF4F81B090
:105AC000074691461E460E9D4FF0000A002439E01D
:105AD000301B401EC1B20A20FFF7E4FFB9FBF0F013
:105AE0000A21B0FBF1F201FB1208BAF1000F16D146
:105AF000701EA04213DDB8F1000F0ED10020AB469E
:105B000005EBDB71491001FB0471009088B22B4654
:105B100020220299FFF73EFF12E04FF0010A002019
:105B2000AB4605EBDB71491001FB0471009088B2B4
:105B300008F13001CAB22B460299FFF72BFF00BFD4
:105B4000601CC4B2B442C3DB05B0BDE8F08F2DE9E0
:105B5000FF4F82B0064692461F46DDE90F480020FF
:105B6000019000255CE0781B401EC1B20A20FFF7BF
:105B700099FFBAFBF0F00A21B0FBF1F201FB120928
:105B8000019840BB781EA84236DDB9F1000F31D133
:105B900008F0800078B108F00100A34604EBDB7147
:105BA000491001FB0561009088B223463022039919
:105BB000FFF7F0FE0EE008F00100A34604EBDB71F6
:105BC000491001FB0561009088B223462022039909
:105BD000FFF7E0FE22E00FE08000006C98E600088E
:105BE0000CEB0008FCF00008340000203600002018
:105BF0001C1100200120019008F00100A34604EBD5
:105C0000DB71491001FB0561009088B209F1300198
:105C1000CAB223460399FFF7BDFE00BF681CC5B298
:105C2000BD42A0DB06B0BDE8F08F2DE9F847044681
:105C30000D4690469946DDE9096704F0FF0A08EB36
:105C400004001FFA80F809EB05001FFA80F916E03E
:105C5000444502DB5446A81985B24D4500DB14E0EB
:105C6000002000903A78334629462046FFF792FEFE
:105C7000304606EBD07104EB61018CB27F1C3878A2
:105C80007E2802DC38782028E2DA00BFBDE8F887F9
:105C90001CB50121112003F067FA1C2000900020A0
:105CA0008DF8040003208DF8050001208DF8070011
:105CB0006946354802F0D6FC0120009002208DF89C
:105CC00007006946314802F0CDFC1CBD10B5044602
:105CD00014B101202E4908702D480078002837D0D3
:105CE0001021294802F020FD78B10821264802F051
:105CF0001BFD50B10421244802F016FD28B10121FA
:105D0000224802F011FD012822D10A2002F0C2FA35
:105D100000201F49087010211B4802F005FD08B93A
:105D2000012010BD0821184802F0FEFC08B902202D
:105D3000F7E70421144802F0F7FC08B90320F0E764
:105D40000121124802F0F0FC01281BD10420E8E7F1
:105D500010210D4802F0E8FC012813D108210A485F
:105D600002F0E2FC01280DD10421074802F0DCFC1E
:105D7000012807D10121054802F0D6FC10B9012005
:105D8000034908700020CCE70010024000000240E8
:105D9000380000201CB50121202003F0E5F94FF464
:105DA0008070009001208DF8040000208DF806001E
:105DB00003208DF8050002208DF80700694604488D
:105DC00002F050FC4FF48071014802F0C9FC1CBD88
:105DD000001402401CB50121022003F0C5F94FF464
:105DE0004070009001208DF8040000208DF806001E
:105DF00003208DF8050001208DF8070069468948C9
:105E000002F030FC0120884908608849C1F8A402EA
:105E10001CBD10B58348006820F44020814908600B
:105E20000846006840F48020086001207E49091D72
:105E300008607E49C1F8A002042002F001FA0020A7
:105E40007949091D0860042002F0FAF90020774919
:105E5000C1F8A00210BD10B57248006820F44020BF
:105E6000704908600846006840F4802008600020FF
:105E70006D4908606D49C1F8A402042002F0E0F900
:105E80000120694908606949C1F8A402042002F0B0
:105E9000D7F910BD10B500246248006820F44020F6
:105EA0006049086008460068086001205E49091DD5
:105EB000086002F0C5F901205C49C1F8A00202F0B7
:105EC000BFF907E0601CC4B2FA2C03DDFFF7C3FF83
:105ED000012010BD54487C3800680028F2D1524996
:105EE000086000BFF5E710B500204F4908604D4835
:105EF000006820F440204B4908600846006840F4E0
:105F00008020086000204949C1F8A402022002F064
:105F100097F9012044490860022002F091F900201D
:105F20004249C1F8A00210BD10B500203E490860EA
:105F30003C48006820F440203A4908600846006860
:105F400040F48020086001203849C1F8A4020220F2
:105F500002F076F9012034490860022002F070F95D
:105F600000203249C1F8A00210BD70B504462D488A
:105F7000006820F440202B4908600846006840F47F
:105F800080200860002028490860002517E0E0090B
:105F90002549091D08606006040E022002F050F930
:105FA00001202249C1F8A002022002F049F9002094
:105FB0001D490860022002F043F9681CC5B2082D93
:105FC000E5DB70BD70B5054600241648006820F476
:105FD000402014490860084600680860002616E062
:105FE000002011490860022002F02AF901200F491F
:105FF000C1F8A0026006040E0B487C38006808B1A6
:10600000601CC4B2012002F01BF9701CC6B2082E3D
:10601000E6DB15B9FFF788FF01E0FFF764FF2046D4
:1060200070BD000000040240A08240420080404257
:1060300010B5FFF7CFFE10BD70B504460026FFF780
:10604000E8FE2546E11704EB11610912A02202EBDC
:106050004101C8B2FFF789FFFFF71CFFE11704EB0E
:1060600011610912A4EB0121C8B2FFF77EFFFFF70F
:1060700011FFFFF7CEFEA120FFF777FFFFF70AFF22
:106080000020FFF79FFF0646FFF7E5FE304670BD94
:1060900070B504460E46FFF7BCFE2546E11704EB3B
:1060A00011610912A02202EB4101C8B2FFF75DFFA6
:1060B000FFF7F0FEE11704EB11610912A4EB0121D7
:1060C000C8B2FFF752FFFFF7E5FE3046FFF74DFF7E
:1060D000FFF7E0FEFFF7BFFE0A2002F0DBF870BD1D
:1060E0002DE9F04105460E461746002409E0E2007E
:1060F00026FA02F2D1B22A1990B2FFF7C9FF601C4A
:10610000C4B2BC42F3DBBDE8F0812DE9F0410746A3
:106110000C460026002509E036023919491B491EA4
:1061200088B2FFF789FF0644681CC5B2A542F3DBBD
:106130003046BDE8F08110B5FF20FFF77DFF044633
:10614000552C01D1002010BD5521FF20FFF7A0FFE5
:10615000FF20FFF771FF0446552C01D10020F2E724
:106160000120F0E770B506460C46154608E03046BB
:10617000721C96B2FFF760FF04F8010B681E85B22F
:10618000002DF4D170BD70B505460C46164606E0EC
:1061900021782846FFF77CFF681C85B2641C301EFE
:1061A000A6F101018EB2F3D170BD000010B502203E
:1061B00002F046F810BD1CB50121222002F0D4FFE8
:1061C000012000908DF804008DF806008DF807007E
:1061D0006946624802F046FA4FF4006000900120E0
:1061E0008DF8040069465E4802F03CFA1CBD10B50B
:1061F00001205C4908605C49C1F88002FFF7D6FFC6
:10620000002058490860FFF7D1FF00205649C1F827
:106210008002FFF7CBFF10BD10B500205149086088
:10622000FFF7C4FF01205049C1F88002FFF7BEFF0D
:1062300001204C490860FFF7B9FF10BD70B500247C
:106240000025012047490860FFF7B0FF01204649BB
:10625000C1F88002FFF7AAFF09E0601CC4B2FA2C63
:1062600003DDFFF7D9FF012506E0FFF79FFF3D485B
:10627000803800680028F0D100BF00203B4908604A
:10628000FFF794FF284670BD10B50020354908601F
:10629000FFF78CFF01203449C1F88002FFF786FF29
:1062A000002032490860FFF781FF01203049C1F822
:1062B000AC02FFF77BFF10BD10B501202949086033
:1062C000FFF774FF01202849C1F88002FFF76EFF35
:1062D000002026490860FFF769FF10BD70B504462D
:1062E000002511E0E0091F490860FFF75FFF01206A
:1062F0001D49C1F88002FFF759FF00201B490860C3
:106300006006040E681CC5B2082DEBDB01201549A0
:10631000086070BD70B505460024002613E06006D5
:10632000040E012011490860FFF740FF1048D0F823
:106330002C0208B1601CC4B200200C490860FFF7B1
:1063400035FF701CC6B2082EE9DB15B9FFF7B4FFA4
:1063500001E0FFF799FF204670BD000000040240F5
:1063600000140240AC82424200804042808240429F
:10637000008042422DE9F04104460E4617464FF098
:106380000008FFF734FF2820FFF7A8FFFFF756FFAC
:106390002012FFF7A3FFFFF751FFE0B2FFF79EFFC8
:1063A000FFF74CFF00250BE0705DFFF797FFFFF74D
:1063B00045FF8046B8F1000F00D003E0681CC5B26D
:1063C000BD42F1DB00BFFFF727FF4046BDE8F0818B
:1063D00038B50546002400208DF800008DF80150E6
:1063E00000BF09E09DF80000DB49095D0844C0B228
:1063F0008DF80000601CC4B2B82CF3D39DF80000E7
:10640000C043401CC0B28DF80000B822D24948F207
:106410004700FFF7AFFF0222694648F2FF00FFF78F
:10642000A9FF002038BD2DE9F04105460F4616466C
:10643000FFF7DDFE2820FFF751FFFFF7FFFE2812D0
:10644000FFF74CFFFFF7FAFEE8B2FFF747FFFFF751
:10645000F5FEFFF7CCFE2920FFF740FFFFF7EEFE29
:1064600000240BE0711EA14201D0012100E00021B7
:106470000846FFF74FFF3855601CC4B2B442F1DB49
:10648000FFF7CAFEBDE8F0811FB50121062002F02A
:106490006BFE0220009000208DF804008DF80600AD
:1064A00003208DF8050001208DF807006946AB48F0
:1064B00002F0D8F84FF40050009001208DF804004D
:1064C0006946A74802F0CEF8FFF775FE0020A549FF
:1064D00008600A2001F0DEFE0120A349C1F8B402E1
:1064E0000A2001F0D7FE0220009001208DF8040060
:1064F00000208DF807006946984802F0B3F8642040
:1065000001F0C8FE042202A948F24010FFF78BFFF9
:1065100000208DF80C0002A994A007F029F996A19B
:1065200002A807F099FA48BB02208DF80800012262
:1065300002A948F24000FFF71DFF012202A948F21C
:106540004700FFF770FF9DF80800602807DA9DF804
:1065500008108BA007F00CF90120FFF739FF0A2083
:1065600001F098FE00208DF80800012202A948F2EF
:106570004000FFF7FFFE002004B010BD0020FBE745
:1065800071B583B00024002682480078401C814900
:106590000870084600780A2190FBF1F201FB120016
:1065A00018B17C4800780A287EDA012203A948F253
:1065B0004E10FFF738FF00200190012201A948F298
:1065C0004E10FFF7D7FE9DF80C0000F00F000028DA
:1065D0006AD09DF80C0000F00F000628E4DA9DF860
:1065E0000C0000F00F01FF208840C0B201906A4803
:1065F00090F820509DF80400C043C0B240F0C000A5
:10660000654981F82000084681898182C18AC18359
:10661000002444E0604890F820000121A140084097
:1066200020B35E4931F81400042202A9FFF7FBFEF3
:10663000594890F8300000F00100C0B19DF8080002
:106640009DF8091000EB012081B25348163020F864
:1066500014109DF80A009DF80B1000EB0120C0F506
:10666000487081B24C480C3020F8141015E09DF8A9
:1066700008009DF8091000EB012081B246480C305B
:1066800020F814109DF80A009DF80B1000EB012073
:1066900081B24148163020F81410601CC4B2052C99
:1066A000B8DB01263C4800E02BE080893C490988A2
:1066B000884205DC3848C08A3949498888421DDD4E
:1066C0009DF80C0000F00F0001280ADD3248C08957
:1066D000314988810846008BC88200202D49087006
:1066E0000FE02D48808A2C4988810846C08BC882DB
:1066F00080200390084680F8205002E000202549C1
:1067000008709DF80C0000F08F00802819D12248F5
:1067100090F8200000F0800038B11F4890F8200069
:1067200020F080001C4981F820004FF6FF701A49C4
:106730008881C882084690F8200000F0E00081F8C7
:10674000200014480078F02802DD0A201149087062
:10675000304604B070BD000058FE0008000402403E
:1067600000080240B402414200004142435450201C
:1067700049443A25730D0A003931343700000000CE
:1067800044656661756C74205665723A25640D0A1D
:1067900000000000390000203C00002010FF00082D
:1067A0001C1100202DE9F04104460E4617464FF01B
:1067B0000008FFF71CFDB220FFF790FDFFF73EFD3C
:1067C0002012FFF78BFDFFF739FDE0B2FFF786FDE2
:1067D000FFF734FD00250BE0705DFFF77FFDFFF74D
:1067E0002DFD8046B8F1000F00D003E0681CC5B253
:1067F000BD42F1DB00BFFFF70FFD4046BDE8F08171
:106800002DE9F04105460F461646FFF7F0FCB22091
:10681000FFF764FDFFF712FD2812FFF75FFDFFF79A
:106820000DFDE8B2FFF75AFDFFF708FDFFF7DFFCAB
:10683000B320FFF753FDFFF701FD00240BE0711EAD
:10684000A14201D0012100E000210846FFF762FDCE
:106850003855601CC4B2B442F1DBFFF7DDFCBDE883
:10686000F08138B50446002000900CB180200090E3
:10687000012269464FF45060FFF794FF38BD0EB512
:10688000002002900121062002F06EFC0220009000
:1068900000208DF804008DF8060003208DF8050017
:1068A00001208DF807006946904801F0DBFE4FF4A7
:1068B0000050009001208DF8040069468C4801F0DA
:1068C000D1FEFFF778FC00208A490860642001F0BF
:1068D000E1FC01208849C1F8B402642001F0DAFC2F
:1068E0000120FFF7BEFF012202A94FF45060FFF71D
:1068F00087FF9DF8081081A006F03AFF9DF8080078
:10690000802801D100200EBD0120FCE731B52DED1E
:10691000068B82B0002400257B480078401C7A4911
:106920000870084600780A2190FBF1F201FB120082
:1069300018B1754800780A287EDA012208A90020DB
:10694000FFF75EFF9DF8200000F01F00002873D0C5
:106950009DF8200000F01F0040F0C0006B4981F856
:106960002000002486E0694890F820000121A14021
:10697000084000287CD0664931F81400042201A99F
:10698000FFF73EFF614890F8300000F00100D0B3FF
:106990009DF807109DF8062001EB022007F0A9FAE8
:1069A00041EC190B9FED5B0B53EC102B07F008FB30
:1069B00041EC180B07F070FA81B25448163020F8F9
:1069C00014109DF805109DF8042001EB022007F03B
:1069D00090FA41EC1A0B9FED510B53EC102B07F082
:1069E000EFFA41EC190B9FED4F0B53EC102B07F016
:1069F0001BFC41EC180B07F04FFA81B243480C30F6
:106A000020F8141034E0FFE79DF807109DF80620E9
:106A100001EB022007F06DFA41EC190B9FED3D0BE5
:106A200053EC102B07F0CCFA41EC180B07F034FABA
:106A300081B236480C3000E02BE020F814109DF8AD
:106A400005109DF8042001EB022007F052FA41ECFA
:106A5000190B9FED320B53EC102B07F0B1FA41EC00
:106A6000180B07F019FA81B22848163020F81410D4
:106A7000601CC4B2052CFFF676AF0125234880893F
:106A800020B92248C08A08B90020089000201E4979
:106A900008709DF8200000F01F00D0B91B4890F846
:106AA000200000F0800040B1184890F8200020F04D
:106AB0008000164981F820000BE04FF6FF70134963
:106AC0008881C882084690F8200000F0E00081F834
:106AD00020000D480078F02802DD0A200A490870DD
:106AE000284602B0BDEC068B38BD00000004024011
:106AF00000080240B4024142000041424354502089
:106B000049443A25780D0A003A0000203C00002054
:106B10001AFF00087B14AE47E17AD43FD881734650
:106B200094F6D23F00000000000089402DE9F041BA
:106B300005460E4617464FF00008FFF758FB702039
:106B4000FFF7CCFBFFF77AFBE8B2FFF7C7FBFFF7D5
:106B500075FB00240BE0305DFFF7C0FBFFF76EFB19
:106B60008046B8F1000F00D003E0601CC4B2BC4204
:106B7000F1DB00BFFFF750FB4046BDE8F0812DE997
:106B8000F04106460F461546FFF731FB7020FFF730
:106B9000A5FBFFF753FBF0B2FFF7A0FBFFF74EFB9F
:106BA000FFF725FB7120FFF799FBFFF747FB002458
:106BB0000BE0691EA14201D0012100E0002108463E
:106BC000FFF7A8FB3855601CC4B2AC42F1DBFFF7FD
:106BD00023FBBDE8F0810EB50121062002F0C4FAC6
:106BE0000220009000208DF804008DF8060003209C
:106BF0008DF8050001208DF8070069468E4801F0E8
:106C000031FD4FF40050009001208DF804006946DA
:106C10008A4801F027FDFFF7CEFA00208849086076
:106C2000142001F037FB01208649C1F8B40232205C
:106C300001F030FB00208DF80800012202A9FFF7C7
:106C400075FF012202A9A420FFF770FF16208DF81E
:106C50000800012202A98020FFF768FF0C208DF8B0
:106C60000800012202A98820FFF760FF022202A982
:106C7000A120FFF784FF9DF8080030280ED19DF871
:106C8000090003280AD19DF809009DF8082000EBAF
:106C900002216DA006F06CFD00200EBD0120FCE776
:106CA00071B581B0002400266A480078401C69490B
:106CB0000870084600780A2190FBF1F201FB1200EF
:106CC00018B1644800780A2869DA012201A9022073
:106CD000FFF755FF9DF8040000F00F0000285ED07C
:106CE0009DF8040000F00F0006287BDA9DF80400F0
:106CF00000F00F01FF208840C5B2E843C0B240F069
:106D0000C000554981F82000032001F0C3FA002497
:106D10005AE0514890F820000121A1400840E8B312
:106D20004E4931F8140004226946FFF728FF4A480B
:106D300090F8300000F00100C0B19DF801009DF80E
:106D4000001001F00F0100EB01204349163121F83A
:106D500014009DF803009DF8021001F00F0100EBF4
:106D600001213D480C3020F814101DE09DF8010071
:106D70009DF8001001F00F0100EB0120C0F5F0704C
:106D800081B235480C3020F814109DF803009DF8AE
:106D9000021001F00F0100EB012101E012E021E0FF
:106DA0002D48163020F814109DF8000000F0F00077
:106DB000802807D000212848163020F814100A38FF
:106DC00020F81410601CC4B2052CA2DB0126224856
:106DD000808920B92048C08A08B90020019000208D
:106DE0001C4908709DF8040000F01F00D0B91A4833
:106DF00090F8200000F0800040B1174890F8200083
:106E000020F08000144981F820000BE04FF6FF705D
:106E100011498881C882084690F8200000F0E000FF
:106E200081F820000B480078F02802DD0A2009498B
:106E3000087030467CBD000000040240000802409B
:106E4000B4024142000041424354502049443A2593
:106E5000780D0A003B0000203C00002024FF0008C1
:106E600070B50446002500BF17E004F0800018B19B
:106E70000120FE49086002E00020FC49086060062D
:106E8000040E0020FA490860012001F0D9F9012020
:106E9000F849C1F88002681CC5B2082DE5DB70BD59
:106EA00070B50646002500240020F1490860F2492B
:106EB000C1F8AC02F14908603046FFF7D1FF062067
:106EC00001F0BEF90020EB49C1F88002012001F079
:106ED000B7F90120E649086001F0B2F90020E54960
:106EE000C1F8800200BF15E04FF6FF7000EA4404CD
:106EF0000020DF490860012001F0A2F90120DD49EE
:106F0000C1F88002DA487838006808B1601C84B2A1
:106F1000681CC5B2102DE7DB24110120D749086099
:106F2000204670BD2DE9FE4380460027002406E080
:106F30004046FFF7B5FF2DF81400601C84B2052C05
:106F4000F6DB002416E0601C85B20FE03DF814006B
:106F50003DF81510884207DD3DF814603DF8150036
:106F60002DF814002DF81560681C85B2052DEDDB99
:106F7000601C84B2042CE6DB0027012405E03DF808
:106F80001400384487B2601C84B2042CF7DB032061
:106F900097FBF0F086B23046BDE8FE832DE9F04164
:106FA00004460D46B6480078FFF7BCFF0646B548D4
:106FB0000078FFF7B7FF074626802F800120BDE845
:106FC000F0817FB504460D4602A903A8FFF7E6FF4E
:106FD000064616B9002004B070BD694601A8FFF747
:106FE000DDFF06460EB90020F5E7BDF80400BDF848
:106FF0000C10884206DCBDF80C10BDF804003230DD
:1070000081420CDBBDF80C00BDF80410884236DC70
:10701000BDF80410BDF80C00323081422FDABDF803
:107020000000BDF80810884206DCBDF80810BDF865
:107030000000323081420CDBBDF80800BDF80010C2
:1070400088421CDCBDF80010BDF8080032308142D7
:1070500015DABDF80C10BDF80420881800EBD071CB
:10706000C1F34F012180BDF80810BDF80020881839
:1070700000EBD071C1F34F0129800120ABE7002064
:10708000A9E770B504460D4616467F48068004F110
:107090000D018AB2193988B22B462946FEF7B8FB92
:1070A00005F10D0083B2193881B222462046FEF761
:1070B000AFFB6A1C91B2621C90B2FAF74CFB6A1CDF
:1070C00091B2621E90B2FAF746FB6A1E91B2621C40
:1070D00090B2FAF740FB6A1E91B2621E90B2FAF7C4
:1070E0003AFB062229462046FEF708FC70BD70B523
:1070F00004460D4616466448068029462046FAF79F
:107100002AFB611C88B22946FAF725FB681C81B26C
:107110002046FAF720FB6A1C91B2621C90B2FAF783
:107120001AFB70BD10B5044651487C380068002831
:107130004ED12CB15549A1F10A00FFF742FF35E0CD
:107140005249A1F10A00FFF73CFF78B34F481638C7
:10715000B0F92C0000EE100AB8EEC00A4B48163801
:1071600090ED091A808900EE900AF8EE600A01EEAF
:10717000200ABCEEC00A10EE100A44491639888174
:107180000846B0F92E0000EE100AB8EEC00A084614
:1071900090ED0A1AC08A00EE900AF8EE600A01EE3D
:1071A000200ABCEEC00A10EE100AC8823748163812
:1071B00090F8200000F0800038BBC0203349163919
:1071C00081F82000084681898182C18AC1831CE040
:1071D0002E48163890F8200000F0800050B12B485F
:1071E000163890F8200020F080002849163981F8E0
:1071F00020000AE00021254816388182C1834FF61D
:10720000FF70224916398881C8822048163890F8C4
:10721000200000F0800010BD10B51C48163890ED1D
:10722000090ADFED1B0A20EE200ABDEEC00A10EEAF
:10723000104A042221462820FEF752FF1348163830
:1072400090ED0A0ADFED120A20EE200ABDEEC00A18
:1072500010EE104A042221462C20FEF741FF0B4875
:107260001638B0F92C100222302013E0AC824242D2
:10727000808240420080404200804242B40241424B
:107280007000002071000020340000205200002017
:1072900020BCBE4CFEF724FFFE48B0F92E1002229F
:1072A0003220FEF71DFFFB4890F830103420FEF727
:1072B000EFFE0A2421463520FEF7EAFE10BD10B588
:1072C0003520FEF7B9FE04460A2C46D104212820B9
:1072D000FEF71BFF044600EE104AB8EEC00A5FED51
:1072E000140A80EE201AEB4880ED091A04212C20A4
:1072F000FEF70BFF044600EE104AB8EEC00A5FED41
:107300001C0A80EE201AE34880ED0A1A0221302080
:10731000FEF7FBFE00B2DF49888502213220FEF72E
:10732000F4FE00B2DB49C8853420FEF785FED9495A
:1073300081F83000084690F8300030B19020D649EE
:107340000870D020D549087005E0D020D2490870D7
:107350009020D2490870012010BD0020FCE72DE9E3
:10736000FC5F04460D4617461E46DDE90EABDDE91F
:107370000C894FF47840CA490880CAA01021CDE991
:107380000010C94843880288A0212820FEF74DFC40
:10739000C6A01021CDE90010C34843880288A0216F
:1073A0007820FEF742FCC2A01021CDE90010BE48B3
:1073B00043880288B4212820FEF737FCBDA01021A5
:1073C000CDE90010B84843880288B4217820FEF740
:1073D0002CFCB9A01021CDE90010B34843880288E5
:1073E000C8212820FEF721FCB4A01021CDE900100F
:1073F000AD4843880288C8217820FEF716FCB0A06B
:107400001021CDE90010A84843880288DC212820FB
:10741000FEF70BFCABA01021CDE90010A248438879
:107420000288DC217820FEF700FCA7A01021CDE91E
:1074300000109D4843880288F0212820FEF7F5FBC4
:10744000102004232246A02100904020FEF735FBA7
:10745000102004232A46A02100909020FEF72DFB47
:10746000102004233A46B42100904020FEF725FB6B
:10747000102004233246B42100909020FEF71DFB1B
:10748000102004234246C82100904020FEF715FB3F
:10749000102004234A46C82100909020FEF70DFBDF
:1074A000102004235246DC2100904020FEF705FB0B
:1074B000102004235A46DC2100909020FEF7FDFAAC
:1074C000102003230090F0216020109AFEF7F5FAB7
:1074D000BDE8FC9F00B597B0002012900B90129071
:1074E0001F216F4801804FF6FF71794801800846DF
:1074F000FAF71CFC4FF47841694801804FF6FF70A1
:10750000FAF714FC002066490880724800681021D0
:107510006423A022CDE9001028210846FEF785FB50
:107520004FF4784214210846FFF7ABFD002059497B
:1075300081F820009FED680A084680ED090A53E2B1
:10754000544840680A9001200A998847514890F8A9
:10755000200000F0C00040286FD100200B904D4863
:1075600090F8200020F040004A4981F820000846A9
:10757000818913AA129822F820104648C18A1298CD
:1075800002EB800041801298401CC0B21290129809
:10759000012806D0022815D0032829D0042810D1AC
:1075A00041E04FF6FF7214210846FFF76AFD3E489E
:1075B0000088143880B24FF4784214210A90FFF703
:1075C00060FDEBE338480088143880B24FF6FF7254
:1075D00014210A90FFF755FD33484088143880B2D3
:1075E0004FF4784201460A901420FFF74AFDD5E394
:1075F0002D484088143880B24FF6FF7201460A9039
:107600001420FFF73EFD28484088143880B20A90C5
:1076100025480088143880B24FF4784209900A99BE
:10762000FFF72FFDBAE3BDF84C10BDF85000081A63
:107630000A90002802DB0A9802E0B0E30A98404270
:107640000F90BDF84E1013A8C088081A0A900028A1
:1076500001DB0A9801E00A9840420E900F984043DF
:107660000F900E9840430E90DDE90E1008440590EF
:1076700006F056FCCDE906019DED060B06F014FB65
:107680008DED080B9DED080B51EC100B06F004FC82
:1076900080B223E03C000020700000207100002038
:1076A0003400002078313A001C11002079313A0072
:1076B00078323A0079323A0078333A0079333A0036
:1076C00078343A0079343A006661632069733A008D
:1076D0003600002030FF0008000000001190BDF8C7
:1076E0005400BDF85810401A0A90002801DB0A988F
:1076F00001E00A9840420F9013A84189C089081AF6
:107700000A90002801DB0A9801E00A9840420E9096
:107710000F9840430F900E9840430E90DDE90E10F5
:107720000844059006F0FCFBCDE906019DED060B33
:1077300006F0BAFA8DED080B9DED080B51EC100B1D
:1077400006F0AAFB80B210909DED110AF8EE400AF7
:107750009DED100AB8EE401A80EE810A8DED0A0AFE
:107760000A9806F023FFCDE90C019FEDFE0B53ECC8
:10777000102B9DED0C0B51EC100B06F0E5FB0ED31E
:107780009FEDFA0B53EC102B9DED0C0B51EC100BF5
:1077900006F014FD03D3119808B11098F0BB002037
:1077A0001290F4484088143880B20A90F14800885A
:1077B000143880B24FF6FF7209900A99FFF761FC06
:1077C0004FF4784214210846FFF75BFC9FEDEA0B6B
:1077D00053EC102B9DED0C0B51EC100B06F0F0FB55
:1077E000CDE908019DED080B51EC100B06F054FBA0
:1077F00080B213A90A90C989BDF8582013AB5B89E0
:10780000CDE90132CDE90310BDF85400009013A872
:10781000C0880990BDF85000089000E00AE0BDF86B
:107820004E000790BDF84C00069007A90EC9FFF75F
:1078300096FDC3E2BDF84C10BDF85400081A0A903A
:10784000002801DB0A9801E00A9840420F90BDF839
:107850004E1013A84089081A0A90002801DB0A98E4
:1078600001E00A9840420E900F9840430F900E9806
:1078700040430E90DDE90E100844059006F050FBE1
:10788000CDE906019DED060B06F00EFA8DED080B15
:107890009DED080B51EC100B06F0FEFA80B2119032
:1078A000BDF85010BDF85800081A0A90002801DBF6
:1078B0000A9801E00A9840420F9013A8C188C08935
:1078C000081A0A90002801DB0A9801E00A98404251
:1078D0000E900F9840430F900E9840430E90DDE9B4
:1078E0000E100844059006F01BFBCDE906019DED46
:1078F000060B06F0D9F98DED080B9DED080B51EC48
:10790000100B06F0C9FA80B210909DED110AF8EE46
:10791000400A9DED100AB8EE401A80EE810A8DED06
:107920000A0A0A9806F042FECDE90C019FED8D0B84
:1079300053EC102B9DED0C0B51EC100B06F004FBDF
:107940000AD39FED8A0B53EC102B9DED0C0B51ECE1
:10795000100B06F033FC48D2002012908548408876
:10796000143880B20A9083480088143880B24FF6E9
:10797000FF7209900A99FFF784FB4FF478421421B3
:107980000846FFF77EFB9FED7C0B53EC102B9DED23
:107990000C0B51EC100B06F013FBCDE908019DED2B
:1079A000080B51EC100B06F077FA80B213A90A907D
:1079B000C989BDF8582013AB5B89CDE90132CDE907
:1079C0000310BDF85400009013A8C0880990BDF8BA
:1079D00050000890BDF84E000790BDF84C0006908E
:1079E00007A90EC9FFF7BBFCE8E1BDF85000BDF8E0
:1079F0005410401A0A90002801DB0A9801E00A9806
:107A000040420F9013A8C1884089081A0A900028A4
:107A100001DB0A9801E00A9840420E900F9840431B
:107A20000F900E9840430E90DDE90E10084405902B
:107A300006F076FACDE906019DED060B06F034F965
:107A40008DED080B9DED080B51EC100B06F024FAA0
:107A500080B21190BDF84C00BDF85810401A0A9041
:107A6000002801DB0A9801E00A9840420F90BDF817
:107A70004E1013A8C089081A0A90002801DB0A9842
:107A800001E00A9840420E900F9840430F900E98E4
:107A900040430E90DDE90E100844059006F040FAD0
:107AA000CDE906019DED060B06F0FEF88DED080B05
:107AB0009DED080B51EC100B06F0EEF980B2109022
:107AC0009DED110AF8EE400A9DED100AB8EE401A3D
:107AD00080EE810A8DED0A0A0A9806F067FDCDE96D
:107AE0000C019FED200B53EC102B9DED0C0B51EC7A
:107AF000100B06F029FA0AD39FED1C0B53EC102B48
:107B00009DED0C0B51EC100B06F058FB58D20020E9
:107B1000129018484088143880B20A90154800889E
:107B2000143880B24FF6FF7209900A99FFF7A9FA4C
:107B30004FF4784214210846FFF7A3FA9FED0E0B8D
:107B400053EC102B9DED0C0B51EC100B06F038FA9A
:107B5000CDE908019DED080B51EC100B06F09CF9E6
:107B600080B20DE0666666666666EE3FCDCCCCCC34
:107B7000CCCCF03F1C110020000000000000594058
:107B800001460A9013A8C289BDF8580013AB5B895F
:107B9000CDE90130CDE90321BDF85400009013A8D0
:107BA000C0880990BDF850000890BDF84E000790BD
:107BB000BDF84C00069007A90EC9FFF7D0FBFDE009
:107BC000BDF85000BDF84C10401A00EE100AF8EE57
:107BD000C00AC5480088283800EE100AB8EEC00A6E
:107BE00080EE201AC14880ED091ABDF85000BDF89A
:107BF0004C10084400EE100AF8EEC00ABA4800889B
:107C000000EE100AB8EE400AB84890ED091A01EEED
:107C1000600AF0EE000A80EE201ABDEEC10A10EEF6
:107C2000100A01B2B148818513A84089BDF84E10F1
:107C3000401A00EE100AF8EEC00AAB484088283817
:107C400000EE100AB8EEC00A80EE201AA74880EDB8
:107C50000A1A13A84089BDF84E10084400EE100A15
:107C6000F8EEC00AA048408800EE100AB8EE400ABC
:107C70009E4890ED0A1A01EE600AF0EE000A80EECE
:107C8000201ABDEEC10A10EE100A00B29749C8854D
:107C9000084690ED090ABDEEC00A8DED090A099863
:107CA000002801DB099801E00998404202280FDC16
:107CB0008E4890ED0A0ABDEEC00A8DED0A0A0A98B8
:107CC000002801DB0A9801E00A984042022842DDC0
:107CD0000020129084484088143880B20A9082486C
:107CE0000088143880B24FF6FF7209900A99FFF7A6
:107CF000C8F94FF4784214210846FFF7C2F97CA076
:107D00001021CDE90010784840880A907648008814
:107D1000099002461A2128200A9BFDF786FF734826
:107D200090F8300008B9012000E000206F4981F888
:107D30003000084690F8300030B19020714908704A
:107D4000D0217148017005E0D0216E48017090206B
:107D50006D49087032E01F216C4801804FF6FF70BA
:107D6000F9F7E4FF6AA01021CDE900105E484088D1
:107D70000A905D480088099002466E2123200A9BE4
:107D8000FDF753FF4FF47A7000F084FAFFF744FADE
:107D90004FF6FF70F9F7CAFF17B000BD00BF0A2009
:107DA00000F078FA0B98401C80B20B900B98B0F55D
:107DB0007A7F02DDFFF783FA02E000BFFFF7C0BB66
:107DC00000BF00BFE8E71CB54748808845F2105166
:107DD000884220D1FEF758FB18B953484349486000
:107DE00004E0FEF74CFD5148404948603F4890F898
:107DF000300040F080003D4981F83000084690F89E
:107E000030003949897901F001010843374981F887
:107E1000300000201CBD3448808841F66311884240
:107E200018D1FEF7D8FE424830494860084690F81D
:107E3000300040F0800081F83000084690F83000B3
:107E40002949897901F001010843284981F8300066
:107E50000020DFE70121262001F086F906200090AE
:107E600000208DF804008DF8060003208DF8050031
:107E700001208DF8070069462E4800F0F3FB012031
:107E800000908DF8040069462A4800F0EBFB4FF49F
:107E90000050009001208DF804006946264800F04B
:107EA000E1FB4FF40060009001208DF8040069466A
:107EB000224800F0D7FB0D491631A1F10A00FFF767
:107EC0006DF8FEF7B5F8FFF7FAF908B10020A1E761
:107ED0004FF6FF70F9F72AFFFFF7FCFAFFF79CF95E
:107EE000FFF7EDF9012095E71C1100203C00002070
:107EF0005450204E65656420726561646A757374C0
:107F000021000000700000207100002034000020DB
:107F1000546F7563682053637265656E2041646AAF
:107F2000757374204F4B2100816500080D690008AE
:107F3000A16C000800040240000802400014024046
:107F40001CB52020009001208DF8040003208DF83E
:107F5000050000208DF8060002208DF80700694614
:107F60008E4800F07FFB20218C4800F0F9FB0520B3
:107F700000F090F903214FF0804002F0E9F9002170
:107F80004FF0804001F064FD2020009002208DF829
:107F9000040003208DF8050000208DF806008DF800
:107FA000070069467D4800F05DFB1CBD10B5FFF77A
:107FB000C7FF0CE04FF0804001F04EFD10F5FA7F56
:107FC00005D34FF0804001F047FD80B210BD022183
:107FD000480702F0A0F90028ECD04FF0804002F0F2
:107FE00043F980B2F2E730B589B005460C4601216D
:107FF000084601F002F90121084601F0B5F8012216
:108000000521664800F0B9FB2020079002208DF87A
:10801000200003208DF8210000208DF822008DF82B
:10802000230007A95D4800F01DFB0595ADF8104041
:108030000020ADF81800ADF8120004A94FF0804000
:1080400001F0BDFC0020ADF80400ADF806000120F1
:10805000ADF808000020ADF80A00ADF80C0001A949
:108060004FF0804002F082F80121880701F030FDD6
:1080700009B030BDF0B585B00746781E81B24FF02B
:10808000FF30FFF7B0FF002408E0FFF78FFF2DF867
:1080900014000A2000F0FEF8601CC4B20A2CF4DBC5
:1080A000002416E0601CC5B20FE03DF814003DF856
:1080B0001510884207DD3DF814603DF815002DF8D5
:1080C00014002DF81560681CC5B20A2DEDDB601C8C
:1080D000C4B2092CE6DB0026022405E03DF81400BA
:1080E000304486B2601CC4B2082CF7DB062096FB35
:1080F000F0F02B490880084601882AA005F038FBDB
:1081000027480088B0F1004F02D3012005B0F0BD30
:108110000020FBE770B506460024002505E0FFF7C8
:1081200045FF0446AC4200DD2546301EA6F10101A4
:10813000CEB2F4D1284670BD2DE9F04105460026A7
:1081400003271DB1062700201C4908703846FFF799
:10815000E1FF0446124800886430844212DD104872
:10816000008800EB80004000A0420BDD134800783F
:1081700028B90B4800886430844200DD01260320C2
:108180000E4908700D48007820B10C480078401E58
:108190000A4908703046BDE8F08100000000024046
:1081A00072000020747061645F64656661756C7450
:1081B0005F76616C3A25640D0A00000074000020AF
:1081C00010B502F04BFC10BD10B502F08CFC10BDD8
:1081D00010B50446204604F07FFD10BD10B53E48A2
:1081E0000078012805D102F0E6FB02F02AFD02F03A
:1081F000FDFB10BD70B504466FF0040000F08EF971
:10820000E11704EB5171C1F3C701344A1170E11752
:1082100004EB5171CD1041F28830454305203049BF
:1082200008804FF0E020006940F002004FF0E021AC
:10823000086108464561006940F00100086170BDB1
:108240002DE9F047074600264FF0E020D0F81490C3
:108250002248007807FB00F8FFF7B2FF4FF0E0205C
:10826000856911E04FF0E0208469AC420CD0AC424B
:1082700002D2281B064403E0A9EB0400284406446C
:108280002546464500D300E0ECE700BFFFF79CFF22
:10829000BDE8F08770B504460F480078A0B11148DA
:1082A000007888B90E480088844206DB0C480088B4
:1082B00094FBF0F52846FFF78BFF0948008894FBF4
:1082C000F0F100FB114084B24FF47A7104FB01F02D
:1082D000FFF7B6FF70BD0000DE0000207600002032
:1082E00078000020D100002000BF704700BF4E4A38
:1082F000128802F04002002AF9D0C2B24A4B9A809A
:10830000704710B588B004460121084600F02CFFE4
:108310000121102000F082FF07220921434800F0CC
:108320002CFA07220A21414800F027FA4FF4C060D6
:10833000069002208DF81C008DF81D0000208DF89D
:108340001E0001208DF81F0006A9384800F08AF9A8
:1083500002940020ADF80C00ADF80E00ADF810004E
:10836000ADF814000C20ADF8120002A92E4801F05F
:10837000B6F801212C4801F03AF9012240F22551CA
:10838000294801F0EAF925208DF8040003208DF832
:1083900005008DF8060001208DF8070001A800F007
:1083A00070F808B010BD10B502F005FB40F2255181
:1083B0001D4801F00DFA10B31B4801F047F9C4B293
:1083C0001B48008800F40040C8B91948008800F430
:1083D000804060B10A2C03D000201549088020E0BD
:1083E0001348008840F400401149088019E00D2C22
:1083F00006D10F48008840F480400D49088010E005
:108400000B480088C0F30D000A490C540848008846
:10841000401C0749088008460088C72801DD002065
:10842000088002F0E3FA10BD001001400000024095
:10843000800000202A110020094880470948004791
:10844000FEE7FEE7FEE7FEE7FEE7FEE7FEE7FEE704
:10845000FEE7FEE704480549054A064B7047000061
:108460009D0E000889010008A0CA0120A0D00120AB
:10847000A0CC0120A0CC012032490143324A116036
:10848000704770B5002100230F22C4781CB32E4C16
:10849000246804F4E064C4F5E064C4F30721C1F186
:1084A0000404E3B20A4144789C40E1B28478144069
:1084B00021430C07210E254C05786155047804F002
:1084C0001F050124AC4005786D11AD0005F1E025D4
:1084D000C5F8004109E0047804F01F050124AC4010
:1084E0001B4D0678761145F8264070BD194A0A40A2
:1084F0000243154B1B1F1A60704739B1124A121DF7
:1085000012680243104B1B1D1A6006E00E4A121D32
:10851000126882430C4B1B1D1A607047042808D157
:108520004FF0E021096941F004014FF0E0221161B0
:1085300007E04FF0E021096921F004014FF0E0224B
:10854000116170470000FA050CED00E000E400E066
:1085500080E100E080FFFF1F10B504469848844288
:1085600008D10121084600F06AFE0021012000F038
:1085700066FE76E09348844208D10121022000F093
:108580005EFE0021022000F05AFE6AE08E4884421E
:1085900008D10121042000F052FE0021042000F047
:1085A0004EFE5EE08948844208D10121082000F097
:1085B00046FE0021082000F042FE52E0844884423A
:1085C00008D10121102000F03AFE0021102000F017
:1085D00036FE46E07F48844208D10121202000F089
:1085E0002EFE0021202000F02AFE3AE07A48844244
:1085F00008D10121402000F022FE0021402000F09F
:108600001EFE2EE07548844208D10121802000F032
:1086100016FE0021802000F012FE22E07048844205
:1086200008D10121801500F00AFE0021A01500F0FC
:1086300006FE16E06B48844208D10121401500F087
:10864000FEFD0021601500F0FAFD0AE06648844254
:1086500007D10121001500F0F2FD0021201500F0E6
:10866000EEFD10BDF0B50A4600210023002400BF36
:108670003DE0012505FA01F3156805EA03049C4273
:1086800034D105684F000326BE40B5430560157917
:108690004E00B5400668354305601579012D02D0BE
:1086A0001579022D16D185684F000326BE40B543CB
:1086B000856055794E00B5408668354385604568CC
:1086C00001268E40B5434560456896798E40B6B226
:1086D00035434560C5684F000326BE40B543C560BD
:1086E000D5794E00B540C6683543C560491C102990
:1086F000BFD3F0BD4FF6FF710160002101714171E0
:108700008171C171704708B54FF480320092009AB0
:108710000A430092009AC261C161009AC261C269B3
:108720000092C269009208BD0246002013690B4006
:108730000BB1012000E0002070470146086980B2BB
:1087400070470246002053690B400BB1012000E046
:10875000002070470146486980B270470183704726
:10876000418370470AB1018300E041837047416152
:10877000704742694A4042617047F0B500230024C7
:108780004D07ED0E02FA05F3CE1000F1200555F865
:1087900026504E07F70E0F26BE40B543CF1000F10E
:1087A000200646F82750CE1000F1200555F8265037
:1087B00045EA0304CE1000F1200545F82640F0BD3F
:1087C000000002400004024000080240000C024089
:1087D000001002400014024000180240001C024039
:1087E00000200240002402400028024030B943F239
:1087F000DB028100A1F1C0410A6005E043F2D20230
:108800008100A1F1C0410A606FF07042411C8900F3
:10881000A1F1C0410A608100A1F1C041C1F8042169
:108820007047D0E901121143C26811430269114334
:108830004269114382691143C2691143026A1143BB
:10884000426A1143826A1143C26A1143026B1143A7
:1088500002689200A2F1C0421160816808290BD120
:1088600001688900A1F1C041096841F04002016836
:108870008900A1F1C0410A60416B0968426B5268EE
:1088800041EA0211426B926841EA0221426B9289ED
:1088900041EA0241426B128A41EA0251426B127D67
:1088A00041EA0261426B926911430268521C9200D4
:1088B000A2F1C0421160C16AB1F5804F1BD1816B3A
:1088C0000968826B526841EA0211826B926841EA40
:1088D0000221826B128A41EA0251826B127D41EAC7
:1088E0000261826B9269114302689200A2F1C04258
:1088F000C2F8041107E06FF0704201688900A1F12D
:10890000C041C1F80421704700210160022141608B
:1089100000218160C160016141618161C1610162C9
:108920004FF480514162490081620021C1620163BC
:10893000F84941638163704751B18200A2F1C0429E
:10894000126842F001038200A2F1C042136009E004
:108950008200A2F1C0421268EF4B1A408300A3F1DB
:10896000C0431A60704710280AD118214FF02042E6
:108970001166402151664FF0FC319166D16610E0DE
:108980001821E64A116040214FF02042C2F88410BD
:108990004FF0FC31E14A083211604FF02042C2F83A
:1089A0008C10704730B5002100220023446844F049
:1089B000080485682C43C5682C4305692C43456928
:1089C00044EA4524856944EA4531C4692468C56997
:1089D0006D6844EA0524C5692D8944EA0544C569E2
:1089E0002D7B44EA0562046A2468056A6D6844EADE
:1089F0000524056A2D8944EA0544056A2D7B44EA6D
:108A000005630468102C05D14FF020442166A2664E
:108A1000E36608E0C14C21604FF02044C4F8882090
:108A2000BE4C0C34236030BD102101600021416038
:108A30008160C160016141618161FC21C269116095
:108A4000C2695160C2699160C269D160026A1160F5
:108A5000026A5160026A9160026AD160704799B1FE
:108A6000102808D14FF02042126E42F004024FF05D
:108A700020431A661DE0A94A126842F004024FF032
:108A80002043C3F8802014E0102809D14FF0204281
:108A9000126EA14BDB1E1A404FF020431A6608E00D
:108AA0009E4A12689C4BDB1E1A404FF02043C3F8CD
:108AB0008020704799B1102808D14FF02042126EE3
:108AC00042F040024FF020431A661DE0934A1268BC
:108AD00042F040024FF02043C3F8802014E01028F9
:108AE00009D14FF02042126E8B4B3F3B1A404FF0A2
:108AF00020431A6608E0894A1268874B3F3B1A40B8
:108B00004FF02043C3F88020704701460020102911
:108B100003D14FF02042506F02E0804A14321068B7
:108B2000704718207D492031086000200906C1F8EF
:108B3000A4004FF0FC30794928310860091D086015
:108B4000091D08607047016841F01001426841EA60
:108B50004221826841EA4231704A20321160C16884
:108B60000968C268526841EA0221C268128941EA72
:108B70000241C268127B41EA0261684A28321160F0
:108B8000016909680269526841EA02210269128991
:108B900041EA02410269127B41EA02615F4A2C32DA
:108BA0001160416909684269526841EA02214269DB
:108BB000128941EA02414269127B41EA02614FF0A7
:108BC0002042C2F8B010704700210160416081600E
:108BD000FC21C2681160C2685160C2689160C268BD
:108BE000D160026911600269516002699160026995
:108BF000D160426911604269516042699160426985
:108C0000D160704748B145492031096841F00401FD
:108C10004FF02042C2F8A01009E040492031096815
:108C20003D4AD21E11404FF02042C2F8A0107047BA
:108C300010B5F2B1102807D14FF020435B6E0B4303
:108C40004FF02044636632E0B0F5807F08D1334BAB
:108C50001B1D1B680B434FF02044C4F8843026E0F2
:108C60002E4B24331B680B434FF02044C4F8A43030
:108C70001DE0102807D14FF020435B6E8B434FF06F
:108C80002044636613E0B0F5807F08D1234B1B1DA1
:108C90001B688B434FF02044C4F8843007E01F4B1F
:108CA00024331B688B434FF02044C4F8A43010BD1C
:108CB00010B5024600200023102A03D14FF02044B3
:108CC000636E09E0B2F5807F03D1144C241D236844
:108CD00002E0124C2434236803EA01040CB10120A1
:108CE00000E0002010BD102807D14FF02042526E46
:108CF0008A434FF020435A6619E0B0F5807F0FD1C8
:108D0000064A121D12688A434FF02043C3F884209C
:108D10000DE0000034FF0008FEFF0F00800000A0FF
:108D2000234A12688A434FF02043C3F8A4207047B7
:108D300070B502460020002300240025102A03D12C
:108D40004FF02046736E08E0B2F5807F03D1184ED5
:108D5000203E336801E0164E336803EA010403EA5B
:108D6000D10514B10DB1012000E0002070BD102824
:108D700008D14FF02042526E22EAD1024FF0204338
:108D80005A6614E0B0F5807F09D1094A203A12688A
:108D900022EAD1024FF02043C3F8842007E0044ABE
:108DA000126822EAD1024FF02043C3F8A420704792
:108DB000A40000A0F948006840F00100F7490860ED
:108DC0000020F64908310860F4480068F44908407A
:108DD000F2490860F348091D0860F348EF498431FF
:108DE0000860F0481038091D0860EC48006820F45D
:108DF0008020EA4908600020E8490C310860E74912
:108E00008C31086070470021E44A921C11701146B1
:108E10000870704710B501460022002300204A1157
:108E2000012A02D1DD4C236808E0022A03D1DB4C81
:108E30007034236802E0D94C7434236801F01F02B7
:108E4000012494401C400CB1012000E0002010BD22
:108E500038B5002000900024002500BF3120FFF726
:108E6000D9FF05460098401C00900098B0F5A04F2F
:108E700001D0002DF2D03120FFF7CCFF08B1012442
:108E800000E00024204638BD01460020C34A106897
:108E900020F0F80040EAC10010607047C349086044
:108EA00070470021BD4A703211701170012802D044
:108EB00004280AD104E00121B84A7032117005E09B
:108EC0000521B64A7032117000E000BF00BF704744
:108ED000B7490860704770B5049C41EA82150126C5
:108EE000C6EB530645EA0645054345EA0465AB4E25
:108EF000361D356070BDAD4908667047820142EA93
:108F00000172A64B84331A607047A849886670477F
:108F100010B5830143EA016343EA02739F4C88342E
:108F2000236010BDA14908677047A049C864704715
:108F300002460020994B0833186820F0EC6042EAA2
:108F400001031843954B0833186070470246002010
:108F5000924B0833186820F0784042EA0103184326
:108F60008E4B083318607047014600208B4A083248
:108F7000106820F0030008431060704787480830ED
:108F8000006800F00C00704701460020834A083258
:108F9000106820F0F0000843106070470146002080
:108FA0007E4A0832106820F4E05008431060704791
:108FB00001460020794A0832106820F4604040EAF7
:108FC000C10010607047F0B5002100220024022586
:108FD00000260223714F08373F6807F00C0121B1CA
:108FE000042905D0082937D105E0724F076036E023
:108FF000714F076033E0694F3F1D3F68C7F38056EC
:10900000664F3F1D3F6807F03F036EB16A4FB7FBE5
:10901000F3F7DFF888C10CF1040CDCF800C0CCF3E6
:10902000881C07FB0CF40CE0624FB7FBF3F7DFF88A
:109030006CC10CF1040CDCF800C0CCF3881C07FBFD
:109040000CF4564F3F1D3F68C7F301477F1C7D005E
:10905000B4FBF5F7076002E0564F076000BF00BFA2
:109060004E4F08373F6807F0F0010909534F7A5C0B
:109070000768D7404760494F08373F6807F4E05119
:10908000890A4E4F7A5C4768D7408760434F08375C
:109090003F6807F46041490B484F7A5C4768D74006
:1090A000C760F0BD002100F44072B2F5407F0AD1E4
:1090B0003A4A0832116821F4F811414A024011433A
:1090C000364A08321160354A70321268C0F30B0319
:1090D0001A43324B70331A6070473549443908607F
:1090E0007047334940390860704736490860704717
:1090F00001460020294A8C32106820F01F004A1EC9
:109100001043264A8C321060704701460020234AE3
:109110008C32106820F4F8504A1E40EA02201F4AA0
:109120008C3210607047014600201C4A8C32106857
:1091300020F4401008431060704701460020174A91
:109140008C32106820F440000843106070470146DC
:109150000020124A8C32106820F44030084310601E
:10916000704719490860704739B10C4A30321268AB
:1091700002430A4B30331A6006E0084A3032126864
:109180008243064B30331A607047F9B1034A3432D8
:1091900012680243014B34331A601CE0003802406D
:1091A000FFFFF6EA103000240030002000004742A4
:1091B000800E47420024F40000127A008200002052
:1091C000FFFCFF0F5C014742E01147428F4A1268E3
:1091D00082438E4B1A60704739B18C4A121D126857
:1091E00002438A4B1B1D1A6006E0884A121D126852
:1091F0008243864B1B1D1A60704739B1834A0C327B
:1092000012680243814B0C331A6006E07F4A0C322D
:10921000126882437D4B0C331A60704739B17B4A28
:10922000103212680243794B10331A6006E0774A15
:10923000103212688243754B10331A60704739B18F
:10924000724A243A12680243704B243B1A6006E0CB
:109250006E4A243A126882436C4B243B1A60704772
:1092600039B16A4A203A12680243684B203B1A60BF
:1092700006E0664A203A12688243644B203B1A603B
:10928000704739B1614A1C3A126802435F4B1C3B7C
:109290001A6006E05D4A1C3A126882435B4B1C3B35
:1092A0001A60704739B1594A143A12680243574B51
:1092B000143B1A6006E0554A143A12688243534B35
:1092C000143B1A60704739B1504A103A1268024391
:1092D0004E4B103B1A6006E04C4A103A126882432B
:1092E0004A4B103B1A60704739B1484A1C32126829
:1092F0000243464B1C331A6006E0444A1C32126893
:109300008243424B1C331A60704739B13F4A2032C6
:10931000126802433D4B20331A6006E03B4A20327C
:1093200012688243394B20331A60704739B1374A8B
:10933000243212680243354B24331A6006E0334A64
:10934000243212688243314B24331A60704739B19A
:109350002E4A2C32126802432C4B2C331A6006E042
:109360002A4A2C3212688243284B2C331A607047E9
:1093700039B1264A303212680243244B30331A6026
:1093800006E0224A303212688243204B30331A60A2
:109390007047012808D11D493C31096841F0080196
:1093A0001A4A3C32116007E018493C31096821F043
:1093B0000801164A3C321160704739B1134A273A06
:1093C00012780243114B273B1A7006E00F4A273AE6
:1093D000127882430D4B273B1A7070470B48403080
:1093E000006840F0807009494031086070470146CC
:1093F0000020064A283A12680A400AB1012000E01B
:1094000000207047014926390870704734380240FF
:1094100010B50446FA48844208D101211020FFF714
:1094200052FF00211020FFF74EFF57E0F54884421D
:1094300009D101214804FFF735FF00214FF4003026
:10944000FFF730FF4AE0F048844209D10121880447
:10945000FFF728FF00214FF48020FFF723FF3DE0B6
:10946000EA48844209D10121C804FFF71BFF00210B
:109470004FF40020FFF716FF30E0E548844209D1A1
:1094800001210805FFF70EFF00214FF48010FFF7C0
:1094900009FF23E0DF48844208D101212020FFF7A3
:1094A00012FF00212020FFF70EFF17E0DA48844268
:1094B00009D101218807FFF7F5FE00214FF0804018
:1094C000FFF7F0FE0AE0D548844207D101214005AC
:1094D000FFF7E8FE00216005FFF7E4FE10BD2DE96F
:1094E000FF4705460E460024A14600BFA046B089AE
:1094F00000B100BF2C8A24F44054F08804432C822D
:10950000AC8941F20C608443B08831890843718989
:1095100008430443AC81AC8A24F44074B08904430A
:10952000AC826846FFF74FFDB548854202D0B94886
:10953000854202D1DDF80C9001E0DDF80890A889A1
:1095400000F4004040B109EBC90000EB091031689C
:109550004900B0FBF1F707E009EBC90000EB091087
:1095600031688900B0FBF1F76420B7FBF0F004012B
:109570002009642101FB1078A88900F4004040B163
:10958000322000EBC800B0FBF1F000F0070004430C
:1095900008E0322000EB08106421B0FBF1F000F08D
:1095A0000F0004432C81BDE8FF874FF41651016082
:1095B00000218180C18001810C21418100218181B4
:1095C000704710B502460020108A20F470600B88A6
:1095D0004C8823438C882343CC8823431843108230
:1095E00010BD0021018041808180C180704721B180
:1095F000828942F40052828104E082894DF6FF7331
:109600001A4082817047028B02F47F420283028BF0
:109610000A430283704721B1828942F40042828169
:1096200003E08289C2F30E028281704721B1828AEF
:1096300042F40062828204E0828A4FF2FF731A4091
:1096400082827047C1F30802828070470146888891
:10965000C0F308007047028A4FF6F0731A40028286
:10966000028A0A430282704721B1828942F00202D3
:10967000828104E082894FF6FD731A40828170472F
:1096800082894FF2FF731A40828182890A43828164
:109690007047028A4FF6DF731A400282028A0A4339
:1096A0000282704721B1028A42F48042028204E0C1
:1096B000028A4BF6FF731A4002827047818941F09B
:1096C00001018181704721B1828A42F008028282C1
:1096D00004E0828A4FF6F7731A4082827047028B49
:1096E000D2B20283028B42EA01220283704721B187
:1096F000828A42F02002828204E0828A4FF6DF737F
:109700001A408282704721B1828A42F0100282821E
:1097100004E0828A4FF6EF731A4082827047828A91
:109720004FF6FB731A408282828A0A438282704714
:1097300021B1828A42F00202828204E0828A4FF6DC
:10974000FD731A40828270471AB1838A0B43838269
:1097500002E0838A8B4383827047F0B5034600247E
:1097600000260025002040F66A17B94200D100BF4C
:109770001846C1F3421401F01F06012707FA06F547
:10978000012C01D10C3004E0022C01D1103000E09A
:1097900014301AB107682F43076002E00768AF432F
:1097A0000760F0BD02460020B1F5007F00D100BF88
:1097B00013880B400BB1012000E00020704701F43A
:1097C0000072B2F5007F00D100BFCA43028070472B
:1097D00070B50246002400230025002040F66A16DA
:1097E000B14200D100BFC1F3421501F01F030126B1
:1097F00006FA03F3012D13D19689334017E00000D8
:10980000001001400044004000480040004C00406F
:10981000005000400014014000780040007C0040EF
:10982000022D02D1168A334001E0968A33400C1291
:10983000012606FA04F41688344013B10CB1012055
:1098400000E0002070BD10B50022002340F66A142D
:10985000A14200D100BF0A1201249440A3B2DC430C
:10986000048010BD10B50446FE48844208D1012191
:109870000846FFF728FD00210120FFF724FD9DE0A9
:10988000B4F1804F08D101210846FFF70BFD0021FC
:109890000120FFF707FD91E0F348844208D1012140
:1098A0000220FFF7FFFC00210220FFF7FBFC85E010
:1098B000EE48844208D101210420FFF7F3FC002187
:1098C0000420FFF7EFFC79E0E948844208D1012148
:1098D0000820FFF7E7FC00210820FFF7E3FC6DE01C
:1098E000E448844208D101211020FFF7DBFC00216D
:1098F0001020FFF7D7FC61E0DF48844208D1012146
:109900002020FFF7CFFC00212020FFF7CBFC55E003
:10991000DA48844208D101210220FFF7D4FC00215B
:109920000220FFF7D0FC49E0D548844209D101214B
:109930000804FFF7C8FC00214FF48030FFF7C3FC98
:109940003CE0D048844209D101214804FFF7BBFC28
:1099500000214FF40030FFF7B6FC2FE0CA488442E4
:1099600009D101218804FFF7AEFC00214FF48020CB
:10997000FFF7A9FC22E0C548844208D1012140201C
:10998000FFF790FC00214020FFF78CFC16E0C04858
:10999000844208D101218020FFF784FC002180202F
:1099A000FFF780FC0AE0BB48844207D10121801503
:1099B000FFF778FC0021A015FFF774FC10BD002212
:1099C0000288A84B98420ED0AC4B98420BD0B0F115
:1099D000804F08D0A44B984205D0A44B984202D0A7
:1099E000A34B984204D14FF68F731A404B881A4309
:1099F000A04B984207D0A04B984204D04FF6FF43AB
:109A00001A400B891A4302804B68C3620B88038596
:109A1000944B984202D0994B984201D18B7A03869D
:109A20000123838270474FF0FF31416000210180A4
:109A300001814180817270470185828270470A46A8
:109A4000002101884FF68F73194011430180704740
:109A500041627047C16270470146486A70470146DB
:109A6000088D704721B1028842F00202028004E0B2
:109A700002884FF6FD731A400280704721B10288B8
:109A800042F00402028004E002884FF6FB731A40A1
:109A90000280704721B1028842F08002028004E017
:109AA00002884FF67F731A400280704702884FF693
:109AB000F7731A40028002880A43028070470288C6
:109AC0004FF6FF431A40028002880A430280704723
:109AD00021B1028842F00102028004E002884FF6C0
:109AE000FE731A400280704770B5002400220023E4
:109AF000058C4FF6FE7635400584028C8388048BF6
:109B00004FF68F752C40B51E2C400D882C43751ECA
:109B10002A408D892A434D882A43524DA84202D0BB
:109B2000564DA84213D14FF6F7752A40CD892A43E6
:109B30004FF6FB752A408D882A434FF6FF652B4070
:109B40004FF6FF552B400D8A2B434D8A2B438380C4
:109B500004838D684563028470BD70B500240022C3
:109B60000023058C4FF6EF7635400584028C838800
:109B7000048B48F6FF752C404FF6FF452C400D88AE
:109B80004FF6FF7606EA05252C434FF6DF752A408F
:109B90008D8906EA05152A434D8806EA05152A43EC
:109BA000304DA84202D0354DA8421DD14FF67F75E9
:109BB0002A40CD894FF6FF7606EA05152A434FF66F
:109BC000BF752A408D8806EA05152A434FF6FF35F2
:109BD0002B404FF2FF752B400D8A06EA85052B437B
:109BE0004D8A06EA85052B43838004838D6885634F
:109BF000028470BD70B5002400220023058C4FF64E
:109C0000FF6635400584028C8388848B4FF68F7500
:109C10002C404FF6FC752C400D882C434FF6FF5519
:109C20002A408D894FF6FF7606EA05252A434D889E
:109C300006EA05252A430B4DA84202D00F4DA84243
:109C400038D14FF2FF752A40CD894FF6FF7606EAEC
:109C500005252A434FF6FF352A408D8806EA05255B
:109C60002A4319E0000001400004004000080040C1
:109C7000000C0040001000400014004000040140AF
:109C800000400140004401400048014000180040ED
:109C9000001C0040002000404EF6FF752B404DF6A2
:109CA000FF752B400D8A06EA05152B434D8A06EAFF
:109CB00005152B43838084838D68C563028470BD42
:109CC00070B5002200230024058C4EF6FF76354047
:109CD0000584038C8488828B48F6FF752A404FF6F2
:109CE000FF452A400D884FF6FF7606EA05252A43F0
:109CF0004DF6FF752B408D8906EA05352B434D88BF
:109D000006EA05352B43FE4DA84202D0FD4DA84280
:109D100008D14BF6FF752C400D8A4FF6FF7606EA08
:109D200085152C43848082838D680564038470BD0F
:109D3000002101804180818081608181C181018217
:109D40004182704770B50346002000241846183041
:109D500001258D40ACB21D8CA5431D8409B1082995
:109D60000AD100EB610005684FF68F76354005603B
:109D70000568154305600FE00D1FC5F34E05284427
:109D8000056848F6FF763540056005684FF6FF76B2
:109D900006EA02263543056070BD41637047816362
:109DA0007047C1637047016470470A460021018B08
:109DB0004FF68F7319401143018370470A46002103
:109DC000018B48F6FF7319404FF6FF7303EA022335
:109DD0001943018370470A460021818B4FF68F7328
:109DE00019401143818370470A460021818B48F650
:109DF000FF7319404FF6FF7303EA0223194381836F
:109E000070470A460021018B4FF6F7731940114342
:109E1000018370470A460021018B4FF2FF731940FE
:109E20004FF6FF7303EA02231943018370470A4682
:109E30000021818B4FF6F7731940114381837047DE
:109E40000A460021818B4FF2FF7319404FF6FF73D2
:109E500003EA02231943818370470A460021018BDC
:109E60004FF6FB7319401143018370470A460021E6
:109E7000018B4FF6FF3319404FF6FF7303EA0223BD
:109E80001943018370470A460021818B4FF6FB730B
:109E900019401143818370470A460021818B4FF698
:109EA000FF3319404FF6FF7303EA022319438183FE
:109EB00070470A460021018B4FF67F73194011430A
:109EC000018370470A460021018BC1F30E014FF652
:109ED000FF7303EA02231943018370470A460021F6
:109EE000818B4FF67F7319401143818370470A4677
:109EF0000021818BC1F30E014FF6FF7303EA0223A9
:109F00001943818370470A460021018C4FF6FD7387
:109F100019401143018470470A460021018C4FF615
:109F2000F77319401143018470470A460021018CE0
:109F30004FF6DF7319404FF6FF7303EA021319431C
:109F4000018470470A460021018C4FF67F73194047
:109F50004FF6FF7303EA02131943018470470A4660
:109F60000021018C4FF6FF5319404FF6FF7303EAAF
:109F700002231943018470470A460021018C4FF2E5
:109F8000FF7319404FF6FF7303EA0223194301845C
:109F900070470A460021018C4DF6FF7319404FF6B9
:109FA000FF7303EA023319430184704730B500237D
:109FB00001248C40A3B2048C9C430484048C02FAD8
:109FC00001F5ADB22C43048430BD30B50023042428
:109FD0008C40A3B2048C9C430484048C02FA01F5E7
:109FE000ADB22C43048430BD828B4FF2FF331A4054
:109FF0008283828B4FF6FF7303EA01231A43828325
:10A000007047F0B50C461546002100220026078C4B
:10A010004EF6FF7C07EA0C070784818B028C4FF613
:10A02000FF7707EA043640F6FF4739404FF6FF77DF
:10A0300007EA052739434FF6FF7707EA0337394325
:10A0400045F6FF773A4046F480573A4381830284CD
:10A05000F0BD828B4FF6F3731A408283828B0A43E2
:10A0600082837047F0B50C46154600210022002679
:10A07000078C4FF6FF6C07EA0C070784818B028C74
:10A080004FF6FF7707EA04264FF60C7739404FF674
:10A09000FF7707EA03172F4339434FF2FF573A4040
:10A0A00046F480773A4381830284F0BD028B4FF2FD
:10A0B000FF331A400283028B4FF6FF7303EA01233A
:10A0C0001A4302837047F0B50C4615460021002262
:10A0D0000026078C4FF6EF7C07EA0C070784018BFC
:10A0E000028C4FF6FF7707EA041640F6FF47394027
:10A0F0004FF6FF7707EA033739434FF6FF7703E060
:10A10000000001400004014007EA052739434FF6EB
:10A110005F773A4046F010073A4301830284F0BD6E
:10A12000028B4FF6F3731A400283028B0A430283B9
:10A130007047F0B50C46154600210022068C4FF6FC
:10A14000FE773E400684018B028C4FF60C76314040
:10A150007E1C06EA03162E4331434FF6F576324055
:10A1600044F00106324301830284F0BD70B5054618
:10A170000C46208850B92389A28861882846FFF7B9
:10A18000D8FFE1882846FFF7CBFF25E02088042888
:10A190000AD12389A28861882846FFF794FFE188C5
:10A1A0002846FFF783FF17E0208808280AD1238973
:10A1B000A28861882846FFF755FFE1882846FFF707
:10A1C00048FF09E02389A28861882846FFF719FF24
:10A1D000E1882846FFF708FF70BD0021018041801B
:10A1E000012181800021C180018170472DE9F0416A
:10A1F00005460C4600260127608808B9022600E0C3
:10A200000026A088012801D1022700E0012720882C
:10A21000A0B92389A28861882846FFF78AFFE188D0
:10A220002846FFF77DFF23893A4631462846FFF747
:10A230004AFFE1882846FFF739FF13E02389A28807
:10A2400061882846FFF73FFFE1882846FFF72EFF89
:10A2500023893A4631462846FFF76BFFE1882846B6
:10A26000FFF75EFFBDE8F0810146486B704701468D
:10A27000886B70470146C86B70470146086C704791
:10A280000A884B881A438B881A43CB881A430B8958
:10A290001A434B891A438B891A43A0F8442070470C
:10A2A0000021018041808180C180018141818181C3
:10A2B000704731B1B0F8442042F40042A0F8442085
:10A2C00005E0B0F84420C2F30E02A0F84420704725
:10A2D00021B1828842F00402828004E082884FF635
:10A2E000FB731A408280704721B1828842F00102DC
:10A2F000828004E082884FF6FE731A4082807047A5
:10A300001AB183890B43838102E083898B43838164
:10A3100070478182704702460020138A0B400BB1C0
:10A32000012000E000207047CA430282704730B528
:10A330000246002000230024158A05EA01039589BE
:10A3400005EA010413B10CB1012000E0002030BD8A
:10A35000CA430282704741EA0203A0F848307047BE
:10A360001AB183890B43838102E083898B43838104
:10A37000704721B1828842F00802828004E082881E
:10A380004FF6F7731A408280704701894FF6F872D2
:10A390001140018170470A46002101894FF68F73F1
:10A3A000194011430181704730B504460D462946D6
:10A3B0002046FFF7F0FF208940F00700208130BDE4
:10A3C0002DE9F04104460D4616461F46602D06D184
:10A3D0003B46012231462046FFF775FE05E03B462D
:10A3E000012231462046FFF7A4FE29462046FFF70A
:10A3F000D2FF208940F007002081BDE8F08130B510
:10A400000C4600210189C9B24FF6FF7505EA032504
:10A41000154325432943018130BD2DE9F04105460F
:10A420000E4617469846002443463A46314628468B
:10A43000FFF7E5FF2C894FF6F870044044F007045D
:10A440004FF68F70044044F070042C81BDE8F08119
:10A45000F0B504460D4616461F463B463246294691
:10A460002046FFF7CCFF208940F480402081F0BDDA
:10A4700082884FF68F731A40828082880A438280D6
:10A48000704702894FF6F8731A40028102890A4325
:10A490000281704702894FF67F731A400281028958
:10A4A0000A4302817047F0B50C4615461E4600214E
:10A4B000002200230189028B038C4FF6F877394084
:10A4C00021434FF6FC473A4040F201173A434FF61A
:10A4D000DD773B404FF6FF7707EA06172F433B43F4
:10A4E000018102830384F0BD21B1828842F08002A1
:10A4F000828004E082884FF67F731A408280704722
:10A50000A0F850107047000070B503460C4603E0F9
:10A5100014F8015B03F8015B151EA2F10102F7D1EB
:10A5200070BD30B5034601E003F8011B141EA2F113
:10A530000102F9D130BD10B504467A4951F8241012
:10A540004A00794951F824000021FFF7EAFF7749D2
:10A5500051F8242074490C3951F824000021FFF7E8
:10A56000E0FF012170480C30015510BD10B50146C7
:10A570000023002207E06C4850F8210030F8120058
:10A5800000B15B1C521C674850F821009042F2D881
:10A5900064205843634C54F82140B0FBF4F0C0B23F
:10A5A00010BD2DE9F04704460F460025A9465E4838
:10A5B0000C30005D20B95C4814380168204688479B
:10A5C0001FB94FF0FF30BDE8F087594850F824001C
:10A5D000B7FBF0F6564850F82400B7FBF0F100FB4B
:10A5E000117000B1761C4F4850F82400451E20E041
:10A5F0004D4850F8240030F8150010B909F1010950
:10A6000001E04FF00009B14512D14FF0000808E019
:10A61000454850F8240005EB080220F8126008F1C4
:10A620000108B045F4D3424850F824006843CAE713
:10A630006D1E002DDCDA4FF0FF30C4E72DE9F0414C
:10A6400004460E4638480C30005D38B93648143898
:10A650000168204688470120BDE8F081334850F862
:10A660002400B04217D9324850F82400B6FBF0F16C
:10A670002D4850F8240030F81120002507E0002371
:10A68000294850F824004F1920F817306D1C9542C6
:10A69000F5DB0020E0E70220DEE770B505460C465A
:10A6A00004B970BD20480C3850F82500261A3146F0
:10A6B0002846FFF7C3FF00BFF3E770B504460E4618
:10A6C00031462046FFF76DFF0546681C08B900209B
:10A6D00070BD15480C3850F824002844F8E72DE9DF
:10A6E000F04104460F46164631462046FFF759FF13
:10A6F0000546681C10B90020BDE8F0810A490C39F4
:10A7000051F82410481932463946FFF7FDFE394604
:10A710002046FFF7C2FF04480C3850F824002844B4
:10A72000EAE7000050FF0008A800002068FF0008CA
:10A730005CFF00087CB5002514E06946284602F05D
:10A74000C1F9064666B9F84850F8254044B1012CD5
:10A7500006D0D4E9020100EB810060640198A06496
:10A76000681CC5B23F2DE8D97CBD002400BF02E0C3
:10A77000282002F0B1FAED4800780028F8D0EC4823
:10A7800000686421B0FBF1F0E94908600846006800
:10A7900028B90020E7490870FF2002F0D5F900BF72
:10A7A00002F08CFE0446E4480068E449086000209A
:10A7B000E1490860204602F085FEE0480068DC4977
:10A7C0000968B0FBF1F0C0F16400DA49087002F0EA
:10A7D000E1FEFFF7AFFF142002F07EFAE0E700B5DC
:10A7E00087B0032000218022D54BCDE90132CDE98D
:10A7F00003104FF6FE703E23D24A0090AFF2950050
:10A8000001F079FF06AAD0A13E2002F0DDF807B0E2
:10A8100000BD002400BF00BF02F050FE0446C64841
:10A820000068401CC4490860204602F04BFE02F05C
:10A83000B0FEF1E700B587B0032000218022C64BAF
:10A84000CDE90132CDE903104FF6FF703F23C34A33
:10A850000090AFF2410001F04EFF06AAC0A13F20D8
:10A8600002F0B2F807B000BD04E0002200F8012BAE
:10A870004A1E91B20029F8D1704770B5C821BC4872
:10A88000FFF7F2FF00230FE0581C85B203EB8300B3
:10A89000B74901EB800405EB850001EB8006002041
:10A8A00020706660581C83B2092BEDD303EB830044
:10A8B000AF4901EB80040020207060600846AD497C
:10A8C000086070BD70B54FF47C71AB48FFF7CCFFEA
:10A8D0004FF480719448FFF7C7FF002413E0601C19
:10A8E000C5B2C4EBC40000EB4000A34901EB8003F8
:10A8F000C5EBC50000EB400001EB80065E619FA048
:10A90000D864601CC4B20B2CE9D3C4EBC40000EBC8
:10A910004000994901EB80030020586197A0D8645A
:10A9200000209749086094489649086070BD00214E
:10A93000954A1170002004E00021944A1154411CF2
:10A94000C8B20828F8D30021914A1170914A1170B9
:10A95000914A1160914A1160704700209049086047
:10A9600090490870904908709049087090490870A3
:10A970009049086070490860704908606C49086037
:10A980006A490870704710B502F0FCFDFFF7E5FF5B
:10A99000FFF7CDFFFFF796FFFFF76FFF00F0ECFE2C
:10A9A00001F0C9FBFFF746FFFFF719FF02F01AFDA0
:10A9B00002F0ECFD10BD7E480078012808D17948EE
:10A9C0000078FF2804D277480078401C7549087049
:10A9D000704779496C4A1278885C6C49095C764A00
:10A9E000515C01EBC0016B4A1170704710B5002437
:10A9F0006F480078012830D102F060FD04466948B4
:10AA0000007820B167480078401E664908706548A4
:10AA10000078F8B964480078E0B9FFF7DAFF4248F7
:10AA20005C49097850F821005B4908605948007872
:10AA30005749097888420DD057480068806B401C00
:10AA40005549096888635B480068401C594908609B
:10AA500002F054FD204602F035FD10BD10B5002473
:10AA600053480078012811D102F028FD04464D48D2
:10AA7000007840B94C480078FF2804D24A48007852
:10AA8000401C49490870204602F01CFD10BD10B55D
:10AA9000002402F013FD044642480078F8B9424809
:10AAA0000078E0B9FFF795FF1F483A49097850F858
:10AAB00021003949086037480078354909788842CB
:10AAC0000DD035480068806B401C334909688863A5
:10AAD00038480068401C3749086002F008FD2046ED
:10AAE00002F0F0FC10BD10B50024314800780128B8
:10AAF0006FD102F0E3FC04462B48007880B12A486D
:10AB00000078401E284908700846007848B9254852
:10AB1000007838B9204602F0D5FCFFF7B8FF58E0BE
:10AB200054E04FE04AE0000018C00120D0000020AF
:10AB3000C8000020C4000020E0000020CC0000205D
:10AB400018BC012014BE012075432F4F532D4949D5
:10AB5000205374617400000018BE012014C001204D
:10AB600075432F4F532D49492049646C65000000FF
:10AB700000BB0120BC00002018C101203F000000E4
:10AB8000F0000020E8000020D5000020D6000020C2
:10AB9000D3000020D4000020EC000020E4000020BE
:10ABA000FC000020D1000020D2000020DF000020A7
:10ABB000DE000020B800002074FF0008204602F0EC
:10ABC00081FC06E0204602F07DFC02E0204602F017
:10ABD00079FC10BD10B5EB48007890B9FFF7F9FE8D
:10ABE000E9480078E9490870E948E749097850F8E8
:10ABF0002100E849086008460068E749086002F05B
:10AC000064FC10BD10B50024022002F065F802F0CB
:10AC100055FC04460020E1490860204602F052FC41
:10AC2000142002F059F802F049FC0446DB480068A1
:10AC3000DB4908600120DB490870204602F042FC35
:10AC400010BD70B5002602F07DFD02F037FC06460F
:10AC5000D5480068401CD4490860304602F032FCF8
:10AC6000C8480078012853D1D048007820B1012885
:10AC700004D0022809D103E001250BE0002509E0FA
:10AC800001250120C949087004E001250020C749B9
:10AC9000087000BF00BF05B970BDC548046833E047
:10ACA00002F00CFC0646E06A50B3E06A401EE06227
:10ACB000E06A28BB94F8300000F0370040B114F887
:10ACC000300F00F0C800207001206070303C02E0BE
:10ACD000002084F8310094F8300000F0080078B9C2
:10ACE0003434A078B34909780843B2490870207811
:10ACF000B149085C6178084314F83419AE4A5054DD
:10AD00006469304602F0DEFB94F832003F28C7D178
:10AD100000BFC1E740F223107047704710B590F8AC
:10AD2000342001F10B039B5C90F83540A34301F103
:10AD30000B04A35423469B5C23B98B7A90F83640CE
:10AD4000A3438B7210BD2DE9F04F05460F46904688
:10AD50009946A87A99490E5C05F10B00805D11F8BF
:10AD600000B00BEBC60000F0FF0A894850F82A40FB
:10AD700000202034E0602760207C20EA0800207456
:10AD800084F81190207C203C00F0080068B994F809
:10AD90003600884909780843864908708648805DEE
:10ADA00094F8351008438449885529462046FFF712
:10ADB000B5FF5046BDE8F08F10B5774A1268D061F4
:10ADC000754A126892F8343000F10B02D25C724B73
:10ADD0001B6893F835301A436F4B1B6893F8344067
:10ADE00000F10B031A55827A6B4B1B6893F83630CF
:10ADF0001A438272684A126892F834106E4A525CA2
:10AE0000654B1B6893F835309A436B4B5A541A467E
:10AE1000525C42B9604A126892F83630654A12783C
:10AE20009A43644B1A7010BD014600228A720020BA
:10AE300005E0002301F10B021354421CD0B2082894
:10AE4000F7D3704705E011F8013B00F8013B531EB2
:10AE50009AB2002AF7D170470146002002E0491C4F
:10AE6000421CD0B20A78002AF9D170472DE9F84F78
:10AE700005460F4690469946DDE90AAB0020009052
:10AE800002F01CFB00904E480468002C75D018346A
:10AE900054F8040C4A490860009802F013FB44F887
:10AEA000187CA576002020766076606144F814BC9A
:10AEB00044F80CAC44F8108C0C9824F8080C24F8D6
:10AEC000069C0020E077E810207705F00700E07688
:10AED000217F01208840A077E17E012088406077B3
:10AEE00000206060E060A0602062A0626062E062BA
:10AEF0002063AFF278306063183C002606E0002142
:10AF000004F1500040F82610701CC6B2002EF6D096
:10AF1000204602F016FC204602F039FB02F0CEFA81
:10AF200000901B4840F825402148006860610020DF
:10AF3000A0611F48006810B11D48006884611C486A
:10AF400004603434A0781B49097808431949087013
:10AF500020781949085C6178084314F83419164AB6
:10AF6000505418480078401C16490870009802F0A8
:10AF7000A9FA0020BDE8F88FFFE7009802F0A2FAD6
:10AF80004220F7E7DE000020D4000020D30000209C
:10AF900018C00120EC000020E4000020E0000020A8
:10AFA000C8000020D0000020FC000020F400002099
:10AFB000F0000020D5000020D600002074FF00081B
:10AFC000E8000020DF0000202DE9F05F04460F4676
:10AFD00091461E464FF0000B2078052804D0012032
:10AFE00030700020BDE8F09F09F0800ABAF1000F30
:10AFF00004D029F080094FF0010801E04FF000086B
:10B000000020307002F05AFA8346B9F1000F2CD0BC
:10B01000B9F1010F3BD0B9F1020F03D0B9F1030F21
:10B0200046D111E0208900EA0705BD4206D1B8F1FA
:10B03000010F05D12089A843208101E070203070E4
:10B04000584602F03FFA3AE0208900EA070535B198
:10B05000B8F1010F05D12089A843208101E07020BB
:10B060003070584602F02EFA29E0208927EA0005C0
:10B07000BD4206D1B8F1010F05D1208928432081B6
:10B0800001E070203070584602F01CFA17E0208969
:10B0900027EA000535B1B8F1010F05D12089284311
:10B0A000208101E070203070584602F00BFA06E073
:10B0B000584602F007FA00256F20307000BF00BF2D
:10B0C00028468FE72DE9F04106460D460027FA484D
:10B0D000007820B1102028700020BDE8F08102F037
:10B0E000EDF90746F548046884B100684068F34903
:10B0F000086005202070268100206060F0A0E060DC
:10B10000384602F0DFF90020287004E0384602F0EB
:10B11000D9F9722028702046DFE730B501464A6829
:10B1200008682AB9CC68606028B10025456002E053
:10B13000106000B142608B6800255D6230BDF0B5E3
:10B1400006460F46B4680020283460602780207AC5
:10B1500000F0DF00207200206072207A283C88B95D
:10B160003434A078D74909780843D6490870207844
:10B17000D549085C6178084314F83419D24A505410
:10B18000012500E000253046FFF7C7FF2846F0BD47
:10B190002DE9F0470446894615464FF0000AC64897
:10B1A000007820B10F2028702046BDE8F087207875
:10B1B000052803D0012028702046F6E702F07EF92A
:10B1C0008246606808B1012700E00027B9F1000F4E
:10B1D00003D0B9F1010F3CD119E08FB9B8A0E060FC
:10B1E00000202070B5480068606000202081B348CE
:10B1F0000460504602F066F900202870002605E041
:10B20000504602F05FF949202870264628E0D4F81D
:10B21000048005E000214046FFF791FFD8F8008048
:10B22000B8F1000FF6D1A6A0E06000202070A3487E
:10B230000068606000202081A0480460504602F051
:10B2400041F9012F01D1FFF722FC002028700026D0
:10B2500006E0504602F036F907202870264600BF67
:10B2600000BF3046A1E72DE9F04105460E461446E1
:10B2700000279148007820B1112020700020BDE8FF
:10B28000F08102F01BF907462878052806D03846D9
:10B2900002F018F9012020700020F0E7E868306023
:10B2A0003068FFF7D9FD8046384602F00BF90020E0
:10B2B00020704046E3E72DE9F04105460E4614466E
:10B2C00000277D48007818B112202070BDE8F08179
:10B2D00002F0F4F807462878052805D0384602F031
:10B2E000F1F801202070F1E7EE60384602F0EAF84C
:10B2F0000020207000BFE9E7F0B51446059E734FAB
:10B300003F6897F8307047F02007DFF8C0C1DCF8DD
:10B3100000C08CF830700027DFF8B0C1DCF800C046
:10B320008CF83170694F3F68FE62684F3F68796200
:10B330000C828B74654F3F688F6047680F600027F1
:10B340004F60C860456805B1696041605F4F3F6804
:10B3500097F834205C4FBF5CDFF870C1DCF800C0A8
:10B360009CF835C027EA0C07DFF85CC10CF80270C6
:10B370006746BF5C5FB9554F3F6897F836C0514F7D
:10B380003F7827EA0C07DFF83CC18CF80070F0BD6D
:10B390002DE9F04F89B005460F4691469A46129E18
:10B3A000002002904448007828B10220307000202C
:10B3B00009B0BDE8F08F4648007818B10D20307014
:10B3C0000020F5E72878052803D001203070002000
:10B3D000EEE709F0800BBBF1000F04D009F07F0904
:10B3E0004FF0010801E04FF0000802F067F802900A
:10B3F000B9F1000F4AD0B9F1010F78D0B9F1020FBD
:10B4000003D0B9F1030F71D120E0288900EA0704C5
:10B41000BC420FD1B8F1010F02D12889A043288185
:10B420002A4800680485029802F04CF80020307029
:10B430002046BDE74B463A4604A92846CDF800A071
:10B44000FFF75AFF029802F03DF878E0288900EAF9
:10B4500007047CB1B8F1010F02D12889A0432881EB
:10B460001A4800680485029802F02CF80020307019
:10B4700020469DE74B463A4604A92846CDF800A051
:10B48000FFF73AFF029802F01DF858E0288927EAF2
:10B490000004BC421ED1B8F1010F02D1288920431B
:10B4A00028810A4800680485029802F00BF8002001
:10B4B000307020467CE71AE0D1000020C000002058
:10B4C0003F000000D5000020D6000020E40000204E
:10B4D000D20000204B463A4604A92846CDF800A0E9
:10B4E000FFF70AFF029801F0EDFF28E01FE028892E
:10B4F00027EA00047CB1B8F1010F02D1288920436A
:10B500002881B14800680485029801F0DBFF002023
:10B51000307020464CE74B463A4604A92846CDF801
:10B5200000A0FFF7E9FE029801F0CCFF07E00298C7
:10B5300001F0C8FF00246F203070204638E700BFBC
:10B54000FFF7A5FA01F0BAFF02909F48006890F853
:10B55000310020B39C48006890F83100039000202F
:10B560009949096881F8310004A8FFF7D6FD002049
:10B570009549096881F83000029801F0A3FF002482
:10B580000398012805D0022802D10E20307003E074
:10B5900000BF0A20307000BF00BF204608E78A487D
:10B5A0000068048DB8F1010F1ED1B9F1000F0ED063
:10B5B000B9F1010F0CD0B9F1020F03D0B9F1030FAB
:10B5C0000AD100E000BF2889A04328810BE000BF1A
:10B5D00028892043288106E0029801F073FF6F203C
:10B5E00030700020E4E600BF029801F06BFF0020FD
:10B5F00030702046DCE670B5002501F05FFF05469F
:10B6000071480068048D284601F05CFF204670BD3B
:10B610002DE9FC5F0446894692461E4600200090B4
:10B620002078052804D0012030700020BDE8FC9F60
:10B6300001F044FF0090BAF1000F03D0BAF1010FFE
:10B640000AD104E0208920EA090020810BE020894A
:10B6500040EA0900208106E0009801F033FF7120E4
:10B6600030700020E2E700BF4FF0000B656855E046
:10B67000A87C40B3012838D0022802D0032844D146
:10B6800011E02089298A00EA0107288AB84209D1F5
:10B6900039462846FFF753FD8046B8F1010F01D126
:10B6A0004FF0010B38E02089298A00EA01074FB1E9
:10B6B00039462846FFF743FD8046B8F1010F01D116
:10B6C0004FF0010B28E0288A218920EA0107288A07
:10B6D000B84209D139462846FFF731FD8046B8F116
:10B6E000010F01D14FF0010B16E0288A218920EAD1
:10B6F00001074FB139462846FFF721FD8046B8F1D2
:10B70000010F01D14FF0010B06E0009801F0DAFEC5
:10B710006F203070002089E700BF2D68002DA7D171
:10B72000009801F0CFFEBBF1010F01D1FFF7AFF997
:10B7300001F0C4FE009020890190009801F0C2FE43
:10B7400000203070019871E72DE9F04104460D4664
:10B7500000272078052804D0012028700020BDE8AB
:10B76000F08101F0ABFE07462689384601F0AAFEBB
:10B77000002028703046F2E72DE9F04150211348AF
:10B78000FFF772F800250EE0681C86B20F4800EB48
:10B79000051400EB0617002020706760AFF2E02070
:10B7A000E060681C85B2042DEED3084800EB051458
:10B7B000002020706060AFF2F820E0600348044988
:10B7C0000860BDE8F0810000E4000020C8BB012053
:10B7D000C000002070B5044600262078012801D062
:10B7E000002070BD01F06AFE0646656800206060BA
:10B7F000304601F067FE2846F3E770B5054600269F
:10B80000E348007808B1002070BD01F057FE0646FD
:10B81000E0480468006820B1DE4800684068DD49FF
:10B820000860304601F04EFE3CB10120207000203F
:10B83000208165602046FFF7F7FA2046E4E72DE90E
:10B84000F0470446884615464FF000092078012845
:10B8500004D0012028702046BDE8F087CC4800784D
:10B8600018B10F2028702046F6E701F027FE814628
:10B87000A07A08B1012700E00027B8F1000F03D03B
:10B88000B8F1010F35D117E07FB900202070C14811
:10B890000068606000202081BE480460484601F0D6
:10B8A00011FE00202870002605E0484601F00AFE3F
:10B8B00049202870264623E005E00023022219468D
:10B8C0002046FFF740FAA07A0028F6D12070B14850
:10B8D0000068606000202081AE480460484601F0A6
:10B8E000F1FD012F01D1FFF7D2F8002028700026CA
:10B8F00006E0484601F0E6FD07202870264600BF16
:10B9000000BF3046A8E72DE9F04105460F46144632
:10B910004FF000082878012804D001202070002072
:10B92000BDE8F0819A48007818B10220207000200C
:10B93000F6E79948007818B10D2020700020EFE755
:10B9400001F0BCFD80466E6846B10020686040464C
:10B9500001F0B8FD002020703046E1E78F48006814
:10B9600090F8300040F002008C49096881F83000FE
:10B9700000208A49096881F8310088480068C76258
:10B980002846FFF719FA404601F09CFDFFF77FF8C3
:10B9900001F094FD80468148006890F8310020B1A4
:10B9A00001280DD002280AD105E07C480068066A0B
:10B9B000002020700DE000260E20207009E000BF5E
:10B9C000294676480068FFF7A9F900260A2020706A
:10B9D00000BF00BF00207149096881F830006F493D
:10B9E000096881F831006D490968C8616B490968C7
:10B9F0000862404601F066FD304691E72DE9F041CE
:10BA000004460F4615464FF000082078012804D060
:10BA1000012028700020BDE8F08101F04FFD804634
:10BA2000A07A20B300267FB1012F0CD107E00223BA
:10BA30001A4600212046FFF786F9701CC6B2A07A8C
:10BA40000028F4D109E000BF02231A460021204655
:10BA5000FFF779F9701CC6B200BF00BF404601F085
:10BA600031FDFFF714F80E2028703046D3E740462A
:10BA700001F028FD0020287000BFCCE770B5044617
:10BA80000D4600262078012801D0012070BD01F06C
:10BA900015FD0646A07A60B1002302222946204601
:10BAA000FFF751F9304601F00DFDFEF7F0FF0020E1
:10BAB000ECE7606820B1304601F004FD1420E5E7B2
:10BAC0006560304601F0FEFC0020DFE72DE9F04123
:10BAD00004460E46154600272078012802D0012092
:10BAE000BDE8F08101F0EAFC0746A07AE8B105F074
:10BAF000010050B105E00023022231462046FFF745
:10BB000022F9A07A0028F6D105E00023022231466E
:10BB10002046FFF718F9384601F0D4FC05F0040080
:10BB200008B9FEF7B4FF0020DAE7606820B13846B4
:10BB300001F0C8FC1420D3E76660384601F0C2FC6F
:10BB40000020CDE72DE9F04704460D464FF00009EF
:10BB50002078012802D00120BDE8F08701F0AEFC7A
:10BB60008146A07A287304F10B0705F1040800262A
:10BB700005E017F8010B08F8010B701CC6B2082E7F
:10BB8000F7D360682860484601F09CFC0020E3E79A
:10BB9000D1000020BC000020D2000020E4000020E2
:10BBA0002DE9F04106460D464FF000083078022896
:10BBB00004D0012028700020BDE8F08101F07EFC57
:10BBC00080467468E08A78B12169081D20610F6899
:10BBD000E08A401EE082A1682069884201D1606845
:10BBE00020610020287002E01F20287000274046B6
:10BBF00001F068FC3846DFE72DE9F04106460F46C4
:10BC00004FF00008F748007810B10020BDE8F0813F
:10BC100001F054FC8046F4480568006820B1F24801
:10BC200000684068F0490860404601F04BFC3DB3B5
:10BC300001F044FC8046ED480468C4B10068006827
:10BC4000EA490860404601F03DFC666006EB87006B
:10BC5000A060E6602661A7820020E08202202870B2
:10BC6000002028816C602846FFF7DEF808E0DE48F7
:10BC700000686860DC480560404601F023FC002550
:10BC80002846C3E72DE9F0470446894615464FF09C
:10BC9000000A2078022804D0012028702046BDE840
:10BCA000F087D048007818B10F2028702046F6E7BA
:10BCB00001F004FC8246A07A10B14FF0010801E0C7
:10BCC0004FF00008B9F1000F03D0B9F1010F45D1D1
:10BCD0001FE0B8F1000F15D16668C44800683060F5
:10BCE000C248066000202070BF48006860600020E5
:10BCF0002081BD480460504601F0E4FB002028701C
:10BD0000002705E0504601F0DDFB4920287027465A
:10BD10002BE005E00023042219462046FFF713F824
:10BD2000A07A0028F6D16668B04800683060AF4855
:10BD3000066000202070AC48006860600020208110
:10BD4000A9480460504601F0BDFBB8F1010F01D1D4
:10BD5000FEF79DFE00202870002706E0504601F007
:10BD6000B1FB07202870274600BF00BF384696E782
:10BD700070B50546002601F0A1FB06466C686068B8
:10BD8000E060606820610020E082304601F09AFBAC
:10BD9000002070BD2DE9F0470746884615464FF054
:10BDA00000093878022804D0012028700020BDE85E
:10BDB000F0878C48007818B1022028700020F6E740
:10BDC0008B48007818B10D2028700020EFE701F0B3
:10BDD00075FB81467C68E08A98B12169081D206165
:10BDE0000E68E08A401EE082A1682069884201D185
:10BDF00060682061484601F065FB002028703046ED
:10BE0000D5E77C48006890F8300040F0040079499C
:10BE1000096881F8300000207649096881F831000E
:10BE200074480068C0F82C803846FEF7C5FF4846C5
:10BE300001F048FBFEF72BFE01F040FB81466D4808
:10BE4000006890F8310020B101280DD002280AD1F5
:10BE500005E068480068066A002028700DE00026AA
:10BE60000E20287009E000BF394662480068FEF7DE
:10BE700055FF00260A20287000BF00BF00205D4942
:10BE8000096881F830005B49096881F83100594937
:10BE90000968C861574909680862484601F012FB01
:10BEA000304684E72DE9F04104460F4615464FF031
:10BEB00000082078022804D0012028700020BDE866
:10BEC000F08101F0FBFA8046A07A20B300267FB112
:10BED000012F0CD107E00223042200212046FEF7A7
:10BEE00032FF701CC6B2A07A0028F4D109E000BF6E
:10BEF0000223042200212046FEF725FF701CC6B253
:10BF000000BF00BF404601F0DDFAFEF7C0FD0E2085
:10BF100028703046D3E7404601F0D4FA002028705C
:10BF200000BFCCE72DE9F04105460E4600272878F2
:10BF3000022802D00120BDE8F08101F0BFFA0746D7
:10BF4000A87A60B10023042231462846FEF7FBFEA2
:10BF5000384601F0B7FAFEF79AFD0020EBE76C686F
:10BF6000E08AA18A884204DB384601F0ABFA1E2041
:10BF7000E1E7E168081DE0600E60E08A401CE082B5
:10BF8000D4E90210884201D16068E060384601F0CF
:10BF900099FA0020CFE72DE9F04105460E4600272B
:10BFA0002878022802D00120BDE8F08101F086FA4D
:10BFB0000746A87A60B10023042231462846FEF7DE
:10BFC000C2FE384601F07EFAFEF761FD0020EBE785
:10BFD0006C68E08AA18A88420EDB384601F072FA6A
:10BFE0001E20E1E7D1000020BC000020F800002066
:10BFF000D2000020E400002061682069884201D15D
:10C00000A06820612069001F206120690660E08A25
:10C01000401CE082384601F055FA0020C4E72DE9C3
:10C02000F04105460F4616464FF0000828780228D2
:10C0300002D00120BDE8F08101F040FA8046A87AE4
:10C04000E8B106F0010050B105E0002304223946B2
:10C050002846FEF778FEA87A0028F6D105E00023EE
:10C06000042239462846FEF76EFE404601F02AFAC1
:10C0700006F0040008B9FEF70AFD0020DAE76C6854
:10C08000E08AA18A884204DB404601F01BFA1E20A8
:10C09000D0E706F0020058B161682069884201D1FA
:10C0A000A06820612069001F20612069076009E005
:10C0B000E168081DE0600F60D4E90210884201D1F8
:10C0C0006068E060E08A401CE082404601F0FAF9D6
:10C0D0000020AFE72DE9F04705460C464FF0000A77
:10C0E0002878022802D00120BDE8F08701F0E6F9A7
:10C0F0008246A87A207405F10B0804F1080900278C
:10C1000005E018F8010B09F8010B781CC7B2082FDD
:10C11000F7D36E68F08A18B130690068206001E0DA
:10C1200000202060F08AA080B08AE080504601F0B4
:10C13000C9F90020D8E72DE9F04178211048FEF731
:10C1400093FB00240DE0601C86B204EB44000C4914
:10C1500001EBC00506EB460001EBC0072F60601C39
:10C1600084B2042CEFD304EB4400054901EBC00575
:10C1700000202860084603490860BDE8F0810000FF
:10C1800008C50120F800002070B50446002620787C
:10C19000032801D0002070BD01F090F906462589E2
:10C1A00015B12089401E2081304601F08BF92846C8
:10C1B000F1E770B505460026D248007808B10020A6
:10C1C00070BD01F07BF90646CF480468006820B1D5
:10C1D000CD4800684068CC490860304601F072F9EB
:10C1E0003CB1032020702581002060602046FEF7CE
:10C1F0001BFE2046E4E72DE9F04704468846154635
:10C200004FF000092078032804D001202870204630
:10C21000BDE8F087BB48007818B10F202870204691
:10C22000F6E701F04BF98146A07A08B1012700E05A
:10C230000027B8F1000F03D0B8F1010F35D117E096
:10C240007FB900202070B048006860600020208125
:10C25000AD480460484601F035F9002028700026FA
:10C2600005E0484601F02EF949202870264623E0D3
:10C2700005E00023012219462046FEF764FDA07A5E
:10C280000028F6D12070A04800686060002020815E
:10C290009D480460484601F015F9012F01D1FEF7D1
:10C2A000F6FB00202870002606E0484601F00AF957
:10C2B00007202870264600BF00BF3046A8E72DE9BA
:10C2C000F04105460E46144600272878032803D07F
:10C2D00001202070BDE8F0818A48007810B102206A
:10C2E0002070F7E78948007810B10D202070F1E741
:10C2F00001F0E4F80746288940B12889401E2881CA
:10C30000384601F0DFF800202070E3E7804800683D
:10C3100090F8300040F001007D49096881F8300054
:10C3200000207B49096881F8310079480068C662BD
:10C330002846FEF741FD384601F0C4F8FEF7A7FB9A
:10C3400001F0BCF807467248006890F8310020B14F
:10C35000012809D0022806D102E0002020700BE05D
:10C360000E20207008E000BF294669480068FEF7EB
:10C37000D5FC0A20207000BF00BF00206449096876
:10C3800081F830006249096881F831006049096824
:10C39000C861384601F096F800BF9BE72DE9F041EF
:10C3A00004460F4615464FF000082078032804D0B5
:10C3B000012028700020BDE8F08101F07FF8804660
:10C3C000A07A20B300267FB1012F0CD107E0022311
:10C3D000012200212046FEF7B6FC701CC6B2A07AEE
:10C3E0000028F4D109E000BF0223012200212046E9
:10C3F000FEF7A9FC701CC6B200BF00BF404601F0AA
:10C4000061F8FEF744FB0E2028703046D3E7404623
:10C4100001F058F80020287000BFCCE770B5044642
:10C4200000252078032801D0012070BD01F046F8D6
:10C430000546A07A60B10023012219462046FEF786
:10C4400082FC284601F03EF8FEF721FB0020ECE7D5
:10C4500020894FF6FF71884207D22089401C208135
:10C46000284601F02FF80020DFE7284601F02AF8DF
:10C470003320DAE72DE9F04704460D464FF0000976
:10C480002078032802D00120BDE8F08701F016F8DB
:10C490008146A07AA87204F10B0705F10208002674
:10C4A00005E017F8010B08F8010B701CC6B2082E46
:10C4B000F7D320892880484601F004F80020E3E7FC
:10C4C0002DE9F04104460E46154600272078032842
:10C4D00003D001202870BDE8F08100F0EFFF07468F
:10C4E00000202870208908B1268105E0A07A08B9CB
:10C4F000268101E049202870384600F0E3FF00BFA4
:10C50000E9E70000D1000020BC000020D20000209C
:10C51000E40000202DE9FF5F81468846002000905E
:10C5200000F0CCFF0090F94850F8280030B1009896
:10C5300000F0C8FF282004B0BDE8F09FB9F1FF0F5C
:10C5400003D1F348006890F83290F04850F8294041
:10C5500024B9009800F0B6FF2920ECE7012C04D1A3
:10C56000009800F0AFFF4320E5E74FEAE80708F046
:10C57000070003900120B84000F0FF0A0121039852
:10C58000814001F0FF0B0020E04941F829000846F6
:10C5900040F8284014F8346FA07802906078343C5A
:10C5A0000190DC48815D01980140D1B1D948805D9E
:10C5B00001998843D74988550846805D28B9D648EF
:10C5C000007802998843D4490870D348007840EA3B
:10C5D0000A00D1490870CF48C05D40EA0B00CD4940
:10C5E000C855E569D5B105F10B00805D0199884317
:10C5F00005F10B0188550846805D18B9A87A0299A3
:10C600008843A872A87A40EA0A00A87205F10B00D4
:10C61000C05D40EA0B0005F10B01C85584F832807B
:10C6200084F83470039884F8330084F836A084F8D2
:10C6300035B0009800F046FFB8480078012801D1D5
:10C64000FEF725FA002076E72DE9FE4F06460F4655
:10C6500090461C464FF0000900F030FF8146B0487C
:10C66000007828B1484600F02DFF3C20BDE8FE8F41
:10C67000A64850F8240060BB0120A44941F82400DA
:10C68000484600F01FFF002342463946304600F07E
:10C6900082FF8246002000900190034602465146E8
:10C6A00002902046FEF7E2FB054635B99B4800782C
:10C6B00001280CD1FEF7EBF909E000F0FFFE8146FE
:10C6C0000020924941F82400484600F0FBFE28462D
:10C6D000CCE7484600F0F6FE2820C7E702F0010349
:10C6E00043B102F002032BB102E0491E002308C04F
:10C6F0000029FAD170472DE9F04F85B081468A466E
:10C7000093461C46DDE90F78129D0020039000F04F
:10C71000D5FE03908248007830B1039800F0D2FE35
:10C720003C2005B0BDE8F08F784850F8240088BB65
:10C730000120764941F82400039800F0C3FE2A4600
:10C7400041463846FFF7CAFF2B465A4651464846EF
:10C7500000F021FF04901198CDE9008002953A463F
:10C7600020460E9B0499FEF781FB064636B96B48BE
:10C77000007801280CD1FEF78AF909E000F09EFE4E
:10C7800003900020614941F82400039800F09AFECC
:10C790003046C6E7FFE7039800F094FE2820C0E784
:10C7A0002DE9F041054600275D48007810B1402092
:10C7B000BDE8F0813F2D01D13E20F9E700F07EFE7B
:10C7C0000746FF2D03D15248006890F832504F4879
:10C7D00050F8254024B9384600F074FE4320E7E7BE
:10C7E000012C04D1384600F06DFE3D20E0E714F83E
:10C7F000340F4849085C617888432178454A505491
:10C8000014F834091146085C30B994F836104248DF
:10C810000078884340490870E06918B12046E16912
:10C82000FEF77CFA666A16B13046FEF776FC002009
:10C83000E06284F8300084F831003A480078FF283C
:10C8400004D238480078401C36490870384600F059
:10C8500039FEFEF762FA00F031FE074631480078F3
:10C8600020B130480078401E2E490870204600F064
:10C870008FFE2D480078401E2B4908700020234968
:10C8800041F82500A06930B9002061698861274915
:10C890006069086005E0D4E905014861D4E9051044
:10C8A00088612348006860612148046021A0E06439
:10C8B000384600F007FE19480078012801D1FEF73C
:10C8C000E6F8002074E72DE9F041044600273F2CEC
:10C8D00002D13E20BDE8F081FF2C0BD100F0EEFD2F
:10C8E00007460B48006890F83760384600F0EAFDCC
:10C8F0003046EFE700F0E2FD0746044850F82450C8
:10C90000D5B9384600F0DEFD4320E3E718C001202A
:10C91000E4000020D6000020D5000020DE0000202A
:10C92000D1000020D2000020DF000020F000002015
:10C93000E80000203F000000012D04D1384600F03F
:10C94000C1FD3D20C6E73F2085F83700384600F09E
:10C95000B9FD0020BEE72DE9F04706460F46144614
:10C960004FF00008D648007820B111202070002038
:10C97000BDE8F08700F0A2FD8046FF2E03D1D1482C
:10C98000006890F83260D04850F8265035B94046DB
:10C9900000F098FD432020700020E9E7012D06D12A
:10C9A000404600F08FFD432020700020E0E7E86C57
:10C9B00038603868FEF750FA8146404600F082FD44
:10C9C000002020704846D3E72DE9F04106460F4687
:10C9D00014464FF00008BA48007818B112202070B1
:10C9E000BDE8F08100F06AFD8046FF2E03D1B54816
:10C9F000006890F83260B44850F826502DB940468F
:10CA000000F060FD43202070EAE7012D05D140468B
:10CA100000F058FD43202070E2E7EF64404600F04C
:10CA200051FD0020207000BFDAE770B505460026F2
:10CA300000F044FD0646A44850F8254024B930468D
:10CA400000F040FD462070BD012C04D1304600F0BE
:10CA500039FD4320F7E794F8300000F0080060B398
:10CA600014F8300F00F0F700207014F83009F8B90E
:10CA7000E06AC8B93434A0789449097808439349E6
:10CA8000087020789249085C6178084314F83419DA
:10CA90008F4A5054304600F015FD8E48007801282A
:10CAA00009D1FDF7F4FF06E0304600F00BFD02E08F
:10CAB000304600F007FD0020C5E7304600F002FDDB
:10CAC0004420C0E72DE9F04707460D464FF0000A25
:10CAD00000202860686000F0F1FC8246FF2F03D13F
:10CAE0007848006890F83270774850F827402CB9A1
:10CAF000504600F0E7FC4320BDE8F087012C04D14C
:10CB0000504600F0DFFC4320F6E7207C00F00100F7
:10CB100020B9504600F0D6FC4520EDE70026D4F8B9
:10CB20000C90D4F80880504600F0CCFC00E0761C55
:10CB300058F8041B0029FAD0B0002860A9EB0600C1
:10CB4000800068600020D7E72DE9F04105464FF0EE
:10CB5000000800F0B3FC8046FF2D05D1594800685D
:10CB600090F83250012608E05648006890F83200EC
:10CB7000A84201D1012600E00026534850F8254084
:10CB80002CB9404600F09EFC4820BDE8F081012C05
:10CB900004D1404600F096FC4320F6E794F8347048
:10CBA0004B48C05D94F8351088434949C85508463C
:10CBB000C05D30B994F83610444800788843434942
:10CBC000087094F8300040F0080084F830004046C7
:10CBD00000F078FC012E01D1FDF759FF0020D4E7C9
:10CBE0002DE9F04105460E46002700F067FC074698
:10CBF000FF2D03D13348006890F83250324850F886
:10CC000025402CB9384600F05DFC2920BDE8F081B4
:10CC1000012C04D1384600F055FC4320F6E754229D
:10CC200021463046FEF70EF9384600F04BFC002056
:10CC3000ECE72DE9F04704460E4617464FF0000991
:10CC400000F03CFC8146FF2C02D11E48056802E042
:10CC50001D4850F8245005F1500050F826804846F1
:10CC600000F030FC002038704046BDE8F0872DE928
:10CC7000F04704460E46174698464FF0000900F06C
:10CC80001DFC8146FF2C02D10E48056802E00E48CB
:10CC900050F8245005F1500040F82670484600F046
:10CCA00011FC002088F80000BDE8F08710B50548A9
:10CCB000006800F056FDFF20FFF772FD10BD000078
:10CCC000D1000020E400002018C00120D500002081
:10CCD000D6000020DE00002070B50546002663481F
:10CCE000007800B170BD6248007800B1FAE71DB36A
:10CCF00000F0E4FB06465F48006890F834405E4868
:10CD0000005D5C49096891F8351088435A49085517
:10CD10000846005D40B95748006890F836105748FB
:10CD2000007888435549087052480068C56230460B
:10CD300000F0C8FBFDF7ABFE00BFD3E72DE9F041E3
:10CD400004460D4616461F464848007810B1552047
:10CD5000BDE8F0814648007808B13220F8E7B81CF9
:10CD6000C82148434FF47A71B0FBF1F14FF4616090
:10CD70006043C5EB051200EB8200304400EBC002BB
:10CD800002EB001001EBC0084046FFF7A5FF0020B2
:10CD9000DEE770B5054600263F2D01D32A2070BD81
:10CDA00000F08CFB0646364850F8254024B9304642
:10CDB00000F088FB4320F2E7012C04D1304600F05C
:10CDC00081FB4320EBE7E06A20B9304600F07AFBB4
:10CDD0005020E4E70020E06294F8300000F03700D3
:10CDE00040B114F8300F20F037002070012060703F
:10CDF000303C02E0002084F8310094F8300000F06C
:10CE00000800A8B93434A0781C49097808431B49A4
:10CE1000087020781849085C6178084314F83419C0
:10CE2000154A5054304600F04DFBFDF730FE02E04D
:10CE3000304600F047FB0020B1E770B5002500F058
:10CE40003DFB05460F480468284600F03BFB2046A2
:10CE500070BD70B50446002500F030FB054609485A
:10CE60000460284600F02EFB70BD0000D1000020B9
:10CE7000D2000020E4000020D6000020D5000020D1
:10CE800018C00120FC000020FC48006808B9002000
:10CE90007047FA480168F94AC86810600020C86005
:10CEA0000861F7480088401CF54A1080F548008862
:10CEB000401EF44A10800846EAE72DE9F05F064676
:10CEC0000F4690469946DDE90AAB0C9DEE48007886
:10CED00020B18B2028700020BDE8F09FFDF7BEFD3B
:10CEE000FFF7D2FF04462CB9FDF7FDFD8620287020
:10CEF0000020F1E7012084F82500A661E76184F8AD
:10CF00002480C4F80490C4F808A0C4F820B0FDF749
:10CF1000EAFD002028702046DEE7002180F8251079
:10CF200080F82410C161416141608160D7A1016234
:10CF300000210161D1490968C160D0490860D04928
:10CF40000988491ECE4A1180CE490988491CCD4A1C
:10CF50001180704730B5057D05F00704CC4D05EB19
:10CF6000C4031D68854205D1C168196039B1002527
:10CF70000D6104E00169C268CA6002B11161012556
:10CF800080F825500025C56005619D886D1E9D8037
:10CF900030BD70B505460C462878642803D089203A
:10CFA0002070002070BDB848007818B18B20207028
:10CFB0000020F7E7FDF752FD95F82500D8B10128CC
:10CFC0000FD002280ED003281BD12846FFF7C2FF3E
:10CFD0002846FFF7A2FFFDF786FD00202070012004
:10CFE000E0E700BF2846FFF798FFFDF77CFD002033
:10CFF00020700120D6E7FDF776FD87202070002005
:10D00000D0E7FDF770FD8D2020700020CAE72DE9E4
:10D01000F04105460E4614462878642804D089203D
:10D0200020700020BDE8F0819748007818B11120E9
:10D0300020700020F6E7FDF711FD95F8250098B166
:10D04000012804D0022803D0032813D100BF00BF59
:10D05000286A30603068FDF7FFFE0746FDF743FDA4
:10D06000002020703846DDE7FDF73DFD8720207069
:10D070000020D7E7FDF737FD8D2020700020D1E795
:10D0800070B504460D462078642803D089202870A6
:10D09000002070BD7C48007818B18B2028700020DB
:10D0A000F7E7FDF7DBFC94F8250070B301280DD0FD
:10D0B000022825D003282FD1764960690968461ACD
:10D0C000FDF711FD002028703046E2E794F82400B7
:10D0D00001280CD0022809D1A06908B9E66900E04E
:10D0E000A669FDF700FD0020287006E000BFA669D4
:10D0F000FDF7F9FC0020287000BF00BF3046C8E7EC
:10D10000FDF7F1FC00202870C3E7FFE7FDF7EBFC1B
:10D11000872028700020BCE7FDF7E5FC8D202870F3
:10D120000020B6E770B505460C462878642803D081
:10D1300089202070002070BD5348007818B18B20E2
:10D1400020700020F7E7FDF789FC95F8256036B1DF
:10D15000012E05D0022E04D0032E06D102E000BF1E
:10D1600000BF00BF0020207002E08D20207000BFB3
:10D1700000BFFDF7B8FC3046DDE770B50B46032570
:10D1800080F82550012B05D1424EC56936683544DB
:10D1900045610CE085692DB93E4EC5693668354458
:10D1A000456104E03B4E8569366835444561057D3F
:10D1B00005F00704364D05EBC4010D682DB9086074
:10D1C0000025C56001258D8006E00A680860C26000
:10D1D00010618D886D1C8D800025056170BD70B556
:10D1E00005460C462878642803D08920207000204A
:10D1F00070BD2548007818B18B2020700020F7E71B
:10D20000FDF72CFC95F82500E8B1012810D0022884
:10D210000FD003281DD12846FFF79CFE0021284689
:10D22000FFF7ABFFFDF75FFC002020700120DFE778
:10D2300000BF00212846FFF7A0FFFDF754FC0020A7
:10D2400020700120D4E7FDF74EFC872020700020DD
:10D25000CEE7FDF748FC8D2020700020C8E72DE9BF
:10D26000F04105460F4690461C462878642813D0A6
:10D27000892020700020BDE8F0810000100100200E
:10D280000201002000010020D10000203F0000002A
:10D2900000CA0120040100207848007818B18B20D2
:10D2A00020700020E7E7FDF7D9FB95F8250000285E
:10D2B00032D001282AD0022827D0032832D128468C
:10D2C000FFF748FE00202070B7B1032F02D0042FD3
:10D2D00013D108E06E681EB12846A968B04701E086
:10D2E0008F2020700CE06E681EB141462846B04782
:10D2F00001E08F20207003E002E08420207000BF56
:10D3000000BFFDF7F0FB0120B5E700BFFDF7EBFB29
:10D310008E2020700120AEE7FDF7E5FB872020700E
:10D320000020A8E7FDF7DFFB8D2020700020A2E79A
:10D3300010B553480068FFF771F80446204610BD49
:10D3400008B500BF00BF6A4600214D480068FEF7DF
:10D35000B6FFFDF783FB4B480068401C4949086055
:10D360000846007800F00708474800EBC8073C680B
:10D370001AE0E668434960690968884213D120468B
:10D38000FFF7E8FD94F82400022804D1012120468B
:10D39000FFF7F3FE02E0022084F82500656815B16E
:10D3A0002046A168A8473446002CE2D1FDF79BFB3C
:10D3B000C9E700B587B0032000218022334BCDE9B7
:10D3C0000132CDE903104FF6FD700B46304A009054
:10D3D0003048FFF790F906AA2FA10020FFF7F4FAD2
:10D3E00007B000BD2DE9F0414FF420712E48FDF744
:10D3F0003BFA40212448FDF737FA002515E0681C68
:10D4000086B205EB8500284901EBC00406EB8600D7
:10D4100001EBC00764202070002084F82500E7603D
:10D42000AFF298102062681C85B20F2DE7D305EB90
:10D4300085001D4901EBC00464202070002084F8A1
:10D440002500E060AFF2BC10206200200D490860AA
:10D4500016490880102016490880134815490860AD
:10D460000120FEF7A6FE144908600020FEF7A1FE89
:10D4700003490860FFF79DFFBDE8F081D10000205F
:10D480000C0100200401002000CA012000C8012076
:10D49000FCC9012041D3000875432F4F532D494942
:10D4A00020546D720000000080C5012002010020A0
:10D4B000000100201001002008010020EFF310807F
:10D4C00072B6704780F310887047264C4FF6FF7590
:10D4D00025604FF0000484F30988234C4FF00105C8
:10D4E0002570224C4FF08055256062B6FEE730B4BF
:10D4F0001E4C4FF08055256030BC704730B41B4C3B
:10D500004FF08055256030BC704700BF72B6EFF316
:10D51000098050B11EF0100F08BF20ED108A20388E
:10D5200080E8F00F12490968086000B5114880478B
:10D530005DF804EB104811490A7802700C48104954
:10D540000A680260106890E8F00F20301EF0100F9B
:10D5500008BFB0EC108A80F309884EF0040E62B662
:10D56000704700BF22ED00E0DE00002004ED00E087
:10D57000E400002041D70008D3000020D4000020A0
:10D58000EC00002000207749088070477047704702
:10D5900070477047704770B5044610460026051F57
:10D5A00028462E604FF48056051F28462E6015260B
:10D5B000051F28462E601426051F28462E601326B8
:10D5C000051F28462E601226051F28462E601126AC
:10D5D000051F28462E601026051F28462E600926A6
:10D5E000051F28462E600826051F28462E600726A0
:10D5F000051F28462E600626051F28462E60052694
:10D60000051F28462E600426051F28462E60032687
:10D61000051F28462E600226051F28462E6001267B
:10D62000051F28462E600026051F28462E604FF055
:10D6300080750560051F28462C604B4E051F284647
:10D640002E604FF01236051F28462E604FF003362D
:10D65000051F28462E604FF00236051F28462E6013
:10D660007610051F28462E60051F284629603126A2
:10D67000051F28462E603026051F28462E602926C5
:10D68000051F28462E602826051F28462E602726BF
:10D69000051F28462E602626051F28462E602526B3
:10D6A000051F28462E602426051F28462E602326A7
:10D6B000051F28462E602226051F28462E6021269B
:10D6C000051F28462E602026051F28462E60192695
:10D6D000051F28462E601826051F28462E6017268F
:10D6E000051F28462E601626051F28462E604FF07F
:10D6F0001136051F28462E604FF01036051F2846AC
:10D700002E604FF00936051F28462E604FF0083670
:10D71000051F28462E604FF00736051F28462E604D
:10D720004FF00636051F28462E604FF00536051FC0
:10D7300028462E604FF00436051F28462E6070BD27
:10D740007047704710B507480088401C054908809D
:10D7500008460088022803D300200880FFF7E8FD70
:10D7600010BD704718010020ADCC000870470000C4
:10D770000FB4044910B503AA029800F049FA10BC8E
:10D780005DF814FB7C0000200FB41CB5074B06AA03
:10D790007B4469460090059800F00BFA002069462A
:10D7A00000F01AFA1CBC5DF814FB000045040000F0
:10D7B00070B5044685690068C10601D5302600E0D1
:10D7C0002026C00707D070BDD4E90121304690471C
:10D7D000206A401C20626D1EF6D570BD70B50446EF
:10D7E00085690078C00707D170BDD4E901212020E8
:10D7F0009047206A401C20626D1EF6D570BD70B542
:10D800000C460546012A05D02878800600D5EA692D
:10D81000002302E0012305E05B1C934202D2E05C9E
:10D820000028F9D1A869E618C01AA861286A184426
:10D8300028622846FFF7BCFF04E0D5E9012114F86F
:10D84000010B9047B442F8D32846FFF7C7FF70BDDD
:10D850002DE9F0410646002410687529314616A5C9
:10D8600010D0AFF30080002802DA404213A507E091
:10D8700031688A0701D512A502E0490704D511A530
:10D88000012401E0AFF3008000210A2206F1240701
:10D8900009E0B0FBF2FCB0FBF2F302FB1C003030FD
:10D8A00078541846491C0028F3D123462A463046AE
:10D8B000BDE8F04100F01FB9000000002D0000009D
:10D8C0002B0000002000000070B504460D462146E4
:10D8D0001068AFF300802188090502D50F4A7A4409
:10D8E00002E00E4A7A440E32002104F1240305E0DE
:10D8F00000F00F060009965D5E54491C0028F7D120
:10D9000020780023000704D5702D02D009B102232E
:10D9100011322046BDE8704000F0EDB892270000BB
:10D920002DE9F05F894604464FF0000ADFF824B184
:10D93000FB44C0F820A02046E168884700287DD03D
:10D94000252806D0D4E901219047206A401C206296
:10D95000F1E700255F462046E16888472028064613
:10D9600007DB312E05D2B81910F8200C08B1054399
:10D97000F1E7A80701D525F00405C4F81CA000278D
:10D98000C4F818A02A2E09D0304600F0CAF938B3DE
:10D9900004EB8708303EC8F8186019E059F8041BFA
:10D9A000204604EB87029161E1688847012F064613
:10D9B00018D1E069002820DA25F020051DE0D8F80C
:10D9C000180000EB800006EB40003038C8F8180063
:10D9D0002046E1688847064600F0A3F90028EED10A
:10D9E000012F0AD02E2E08D12046E16888477F1CDF
:10D9F0000646022F45F02005C4DBA069002803DAA3
:10DA0000404245F00105A061E80701D025F010056E
:10DA1000A6B1A6F14100192802D8203645F40065C8
:10DA20004A463146204625604D46F2F7E7FB60B195
:10DA3000012807D0ED1D25F0070000E007E000F108
:10DA4000080978E705F1040975E730467AE7206AA6
:10DA5000BDE8F09F682700004FF0013C50F8042B10
:10DA600051F8043B9A4221D1A2EB0C03934313EAF1
:10DA7000CC1317D150F8042B51F8043B9A4215D11E
:10DA8000A2EB0C03934313EACC130BD150F8042BF5
:10DA900051F8043B9A4209D1A2EB0C03934313EAD9
:10DAA000CC13DBD04FF00000704700BFD01A01BA92
:10DAB000B1FA81F101F0180122FA01F0CB40C1F175
:10DAC0002001DBB2C0B2C01A2CFA01F3D11A914383
:10DAD00011EAC311E6D1704770477047704770472D
:10DAE00010B500F0A7F8006810BD10B5044600F0AE
:10DAF000A1F8046010BD2DE9F0470D469946924605
:10DB0000044600F124080168880604D5E06921F084
:10DB10001001216000E00120A84201DD471B00E068
:10DB20000027A1697A1902EB0900081AA061207880
:10DB3000C00602D42046FFF73BFE002608E0D4E9E9
:10DB400001211AF806009047206A401C761C2062CA
:10DB50004E45F4DB2078C0060AD52046FFF728FEA4
:10DB600006E0D4E9012130209047206A401C206261
:10DB7000381EA7F10107F4DC07E0D4E9012118F809
:10DB800005009047206A401C2062281EA5F101056F
:10DB9000F3DC2046FFF722FE2078000602D50220A3
:10DBA000BDE8F0870120FBE701694A1C02610878A3
:10DBB000704700B58FB0CDE90131002105910549CD
:10DBC0007944CDE9031011466846FFF7A9FE0FB06E
:10DBD00000BD0000E5FFFFFF0A6802F8010B0A60C4
:10DBE000704710B5436913B1AFF3008001E0FFF750
:10DBF00006FE012010BD127800F124010A700022F7
:10DC00004A700122EDE711684FF0FF32E9E70000AA
:10DC1000074B70B50D467B44FFF7CBFF0446284603
:10DC200000F00CF810B14FF0FF3070BD204670BD11
:10DC3000D3A6FFFF0048704740CA0120007B00F0D8
:10DC4000800070470048704740CA01207546FFF7C2
:10DC5000F9FFAE4605006946534620F007008546A9
:10DC600018B020B5FAF7F6FBBDE820404FF00006EB
:10DC70004FF000074FF000084FF0000B21F00701B4
:10DC8000AC46ACE8C009ACE8C009ACE8C009ACE8F7
:10DC9000C0098D46704710B50446AFF3008020469A
:10DCA000BDE81040F2F7C4BA00B52DED048BB0EE1C
:10DCB000409AF0EE609A83B051EC190B00F0C0FA74
:10DCC00041EC180B18EE100A18EE901A8DED008B2F
:10DCD000002818BF0120084320F00040C0F17F60F9
:10DCE00000F1E040C00F14D019EE101A19EE900A9E
:10DCF0008DED009B002918BF0121084320F0004052
:10DD0000C0F17F6000F1E040C00F04BF0120FFF7C9
:10DD1000ECFEB0EE480A03B0F0EE680ABDEC048BEE
:10DD200000BD30380A2801D201207047002070471A
:10DD300010B591EA030F48BF83F0004300F154830C
:10DD4000841A71EB030C05D2121943EB0C03001B70
:10DD500061EB0C01DFF824E14FEA1154A4EB135CF2
:10DD60001EEA430F18BF9EEA445F73D023EA0E03F6
:10DD7000DCF1200E21EA045143F4801332D322FA5D
:10DD80000CFE10EB0E0023FA0CFE41EB0E01CCF161
:10DD9000200E03FA0EFE10EB0E0051F10001B1F55A
:10DDA000801FCCF1200E32D201EB045112FA0EF298
:10DDB000BDE8104058BF7047401C38BF5FEA4202C0
:10DDC00018BF7047002814BF20F0010041F1000186
:10DDD0004FEA410313F5001F38BF7047A1F1C0415E
:10DDE00000F0E6B9012A43EB0302ACF1200CDCF1B0
:10DDF0001F0E32BF4FF0000E23FA0CF310EB03009E
:10DE000041EB0451B4EB115FD0D0A1EB045101F50B
:10DE1000801149085FEA300001EB04510ED350F144
:10DE2000000038BF12FA0EFE08D1BDE81040C9E765
:10DE3000401C38BF5FEA4202CAD1C3E7BDE81040C8
:10DE40004FEA410313F5001F38BF7047A1F1C041ED
:10DE500000F0AEB99EEA445F08D011EA5E0FBDE85B
:10DE6000104004BF01F0004100207047BDE81040A1
:10DE700070B500F04FF900BF64FBBE3E0000E0FF4C
:10DE8000491058BFC1F140415B1058BFC3F1404336
:10DE90008B42EFF3008070474FEA1153A3F5806384
:10DEA000D3F11E03A8BFD3F1200C08DB4FF00042D2
:10DEB00042EAC12252EA505232FA03F07047094254
:10DEC0000BD4102BC4BF0020704703F5787CBCF145
:10DED000FF3F05D04FF0FF3070474FF00000704714
:10DEE00070B500F017F900BF4992248000207047F8
:10DEF000F0E710F0004248BF4042B0FA80F310FA59
:10DF000003F10AD0C3F11D0303F580634FEA4150CA
:10DF100002EB035202EBD12170474FF00000704733
:10DF2000B0FA80F310FA03F10AD0C3F11D0303F530
:10DF300080634FEA41504FEA035202EBD121704710
:10DF40004FF000007047000051EA030C17D41CF595
:10DF5000801F58BFBCF5801F00F10680994218BF92
:10DF6000704708BF9042704707D711F5801F58BF10
:10DF700013F5801F19D499427047894270471CF5E8
:10DF8000801F08D5BCF5801FF7D58B4218BF70479E
:10DF900008BF824270474FF4001C1CEB410F38BF92
:10DFA0001CEB430F01D28B42704770B500F0B2F802
:10DFB000922449004FF000514FF08053FFF760BFAB
:10DFC000DFF848C170B51CEA111E1EBF1CEA13150C
:10DFD0009EEA0C0F95EA0C0F00F06F8081EA0304B3
:10DFE00023EA4C134EEAD47E21EA4C1141F480110D
:10DFF00043F48013AE44A1FB024CA0FB0365AEF1D9
:10E000007F7E361955EB0C05A1FB034C4CF1000348
:10E01000A0FB021C16EB0C06654153F100030942FC
:10E0200018BF46F0010613F4007F0BD14FEA03310D
:10E030004FEA0530340341EA155140EA16506FF0BB
:10E0400003020AE04FEAC3214FEAC520F40241EA85
:10E05000555140EA56506FF0020202EB2E4201EB9E
:10E06000025585EACE710AD05FEA440C18BF24F04D
:10E07000004450F1000041F1000120EAD47040F268
:10E08000FE7C624500D270BDA84214BF4FF08044B0
:10E090004FF04044002E08BF0024BEF1806FA8BF9F
:10E0A000A1F1C041BDE8704080F282804FF00000D5
:10E0B00001F1C04101F0004170479EEA0C0F0CEAEB
:10E0C000131518BF95EA0C0F06D04FF0000081EA37
:10E0D000030E0EF0004170BD00F01CF88900013EF7
:10E0E00000F007B800F009B84FEA430C5FEA5C5C47
:10E0F00008D081EA030100F05BB84FEA410C5FEA07
:10E100005C5CF6D14FF00000014970470000FF074A
:10E110000000F87F0EF1020E2EF0030E5EF8046B85
:10E12000364205D4012A43EB030515F5001F12D82A
:10E13000012841EB010C1CF5001F0CD80ED14FEA51
:10E14000D17C15F5001F0CEB4C0C0CF1020C08BF38
:10E150004CEBD37C04E04FF0080C01E04FEAD37C99
:10E160000CEB4C0526FA05F606F00706B6F1040C92
:10E1700006D20EEB860CBDE870404CF0010C6047F7
:10E18000DFE80CF0090B02024FF000414FF00000F5
:10E19000A1F5002170BD19461046012851EB01047C
:10E1A00018BFD4F5001484BF002001F0004170BDF9
:10E1B0000808A0F500114FEA3101704753EA010C3D
:10E1C00017D41CF5801F58BFBCF5801F00F10680D6
:10E1D0008B4218BF704708BF8242704707D713F5BC
:10E1E000801F58BF11F5801F19D48B4270479B4286
:10E1F00070471CF5801F08D5BCF5801FF7D59942E4
:10E2000018BF704708BF904270474FF4001C1CEBCA
:10E21000430F38BF1CEB410F01D2994270470FB436
:10E220000CBC03BCFFF7C1BE91EA030F10B581F02F
:10E2300000413FF585AD83F0004300F0D5B8000004
:10E240002DE9F04101F5801CBCF5001FC0F2A9804A
:10E250004FEA115C21EA0C510CF1FD0C41F48011E4
:10E260005FEA5C0C0CF5C07C01D34000494130A44E
:10E27000890241EA905187028E0E0A0CA45D04FBCC
:10E2800004F602FB06F6C6F14046A4FB0662F60D54
:10E2900046EA422606FB06F4A4FB01235242C3F1E0
:10E2A000404338BF5B1EA6FB02420024E6FB03246A
:10E2B000D20B42EA4446A6FB0623A1FB02E2A3FBE3
:10E2C00007E4E3FB61426442C2F1404E38BFAEF165
:10E2D000010EA6FB04234FF00002E6FB0E32A2FB68
:10E2E00003463400E2FB6264A1FB06E6A4FB07E8F8
:10E2F000E4FB61687642C8F1405838BFA8F10108D4
:10E30000A2FB06E4A3FB08E5E2FB6854A1FB05E6DB
:10E31000A7FB04E8E1FB648618F1200556F100062E
:10E32000A809A8F11B08B10908F03F08B8F10A0FC5
:10E3300040EA86601CD901EB0C51BDE8F08100BFBA
:10E34000FCF5EEE8E2DDD8D3CFCBC7C3C0BDB9B68C
:10E35000B4B1AEACA9A7A5A3A19F9D9B9A98969591
:10E360009392908F8D8C8B89888786858483828118
:10E37000A0FB006800FB01F208EB4208B8EB87281D
:10E3800007D5341858EB0104D5D5401C51F10001D4
:10E39000D1E7341A78EB0104CDD4401E71F10001AD
:10E3A000C9E75FEA4C0C5FEA9C5C0DD105D34FF0E6
:10E3B000000001F00041BDE8F081BDE8F04170B51A
:10E3C000FFF7A8FE6DDBFFBEBDE8F0414FF0000097
:10E3D000004970470000F87F10B591EA030F48BF6D
:10E3E00083F000433FF5ACAC841A71EB030C07D209
:10E3F00012198CF0004C43EB0C03001B61EB0C0179
:10E40000DFF8A4E14FEA1154A4EB135C1EEA430FBA
:10E4100018BF9EEA445F00F0B08023EA6E035242C8
:10E4200021EA0451C3EB6E0338BF5B1EDCF1200E02
:10E4300025D322FA0CFE10EB0E0043FA0CFE41EB42
:10E440000E01CCF1200E03FA0EFE10EB0E0051F17E
:10E450000001CCF1200E29D412FA0EF201EB045186
:10E46000BDE8104058BF7047401C1CBFB2F1004FC0
:10E47000704700280CBF491C20F00100704712EBC8
:10E48000020E43EB030218BF4FF0010E4EEA4202A8
:10E49000ACF1200CDCF11E0E54D943FA0CFE10EB4B
:10E4A0000E0051F1FF31CCF11E0ED5D50EF1010E4B
:10E4B00012FA0EFE404141EB010101EB445C5FEAC0
:10E4C0005C5C10D910EBDE7001EB045138BFBEF17B
:10E4D000004FBDE8104018BF704700280CBF491C12
:10E4E00020F00100704730D24FEAD42C11F5001112
:10E4F00024F400641BD0B1FA81F20B3AA41AA41ED2
:10E50000D2F12003914030FA03F31943904001EB1C
:10E51000CC71002C01EB0451BDE81040A8BF70473E
:10E5200001F1C0414FF0000001F000417047B0FA26
:10E5300080F310FA03F100D110BDE41A173C48052E
:10E54000C90AE4E701EB045110BD491001EB045185
:10E55000BDE810404FEA300002E04FF00001704784
:10E560004A0008BF0042F8D0B2F5001F28BF70472C
:10E5700001F000414FF0000070479EEA445F07D071
:10E5800011EA5E0FBDE8104004BF00210020704773
:10E59000BDE8104070B5FFF7BDFD00BF40DFF63E9F
:10E5A00083F00041104670470000E0FF43004FEA4F
:10E5B000D30C4FEA3C0C43401FBF40070CF16051A5
:10E5C00013F0FE4F70471CF0006F03D100200CF0D9
:10E5D000004170470CF0004343EA507010B540EA28
:10E5E000CC0000F00EF800BF000000924FEA0001DE
:10E5F000FFF7DEBD4FF000414FF00000A1F5002114
:10E6000070470EF1020E2EF0030E5EF8044B24420A
:10E6100004D44FEA4102B2F17F4F11D84FEA4003D0
:10E62000B3F17F4F0CD80ED14FEAD07CB2F17F4FBF
:10E630000CEB4C0C0CF1020C08BF4CEBD17C04E051
:10E640004FF0080C01E04FEAD17C0CEB4C0324FAAC
:10E6500003F404F00704B4F1040C06D20EEB840CAE
:10E66000BDE810404CF0010C6047DFE80CF00708F3
:10E6700002024FF00040A0F5800010BD08464200A5
:10E6800018BFD2F1807288BF00F0004010BD4FF07B
:10E690004070E1EE100A704700000000000000002A
:10E6A00000000000000000003F40000000000000EB
:10E6B00000003000400030004000000009000BC0A6
:10E6C0003D000BC03D00090018C024407FE02240FF
:10E6D00031800000180024C01B000D8032400180F2
:10E6E00003801C4027401C80074000401000600051
:10E6F00000000000000000000000000000001F807B
:10E70000204040200000402020401F8000000000EA
:10E71000090006001F800600090000000400040034
:10E720003F800400040000000010006000000000B2
:10E7300000000000040004000400040004000000C5
:10E74000000000400000000000000000002001C0A8
:10E7500006003800400000001F802040204020407C
:10E760001F800000000010403FC00040000000007B
:10E7700018C0214022402440184000001080204052
:10E78000244024401B80000002000D0011003FC007
:10E79000014000003C8024402440244023800000AD
:10E7A0001F802440244034400380000030002000BB
:10E7B00027C03800200000001B8024402440244053
:10E7C0001B8000001C0022C0224022401F8000004D
:10E7D00000000000084000000000000000000000F1
:10E7E0000460000000000000000004000A001100A6
:10E7F00020804040090009000900090009000000CC
:10E8000000004040208011000A0004001800200091
:10E8100023402400180000001F802040274029408A
:10E820001F400000004007C039000F0001C0004039
:10E8300020403FC0244024401B8000001F80204017
:10E84000204020403080000020403FC02040204039
:10E850001F80000020403FC024402E4030C00000F8
:10E8600020403FC024402E00300000000F001080E8
:10E87000204022403380020020403FC004000400BA
:10E880003FC02040204020403FC0204020400000AA
:10E890000060202020203FC02000200020403FC0FA
:10E8A00024400B0030C0204020403FC020400040AA
:10E8B000004000C03FC03C0003C03C003FC000001F
:10E8C00020403FC00C4023003FC020001F8020405C
:10E8D000204020401F80000020403FC024402400F2
:10E8E000180000001F802140214020E01FA00000F0
:10E8F00020403FC02440260019C0004018C02440DA
:10E900002440224031800000300020403FC02040A1
:10E910003000000020003F80004000403F80200089
:10E9200020003E0001C0070038002000380007C06A
:10E930003C0007C038000000204039C0060039C044
:10E94000204000002000384007C038402000000070
:10E95000304021C02640384020C0000000000000A8
:10E960007FE0402040200000000070000C00038089
:10E97000004000000000402040207FE00000000038
:10E9800000002000400020000000000000100010E7
:10E9900000100010001000100000000040000000F7
:10E9A00000000000000002800540054003C0004058
:10E9B00020003FC0044004400380000000000380AA
:10E9C000044004400640000000000380044024404E
:10E9D0003FC00040000003800540054003400000A8
:10E9E000000004401FC0244024402000000002E03A
:10E9F000055005500650042020403FC0044004004C
:10EA000003C000400000044027C000400000000098
:10EA100000100010041027E00000000020403FC05C
:10EA20000140070004C00440204020403FC0004097
:10EA30000040000007C0040007C0040003C000003D
:10EA4000044007C00440040003C0004000000380ED
:10EA50000440044003800000041007F00450044008
:10EA600003800000000003800440045007F0001001
:10EA7000044007C0024004000400000000000640FB
:10EA80000540054004C00000000004001F80044051
:10EA900000400000040007800040044007C0004020
:10EAA0000400070004C0018006000400060001C045
:10EAB000070001C006000000044006C0010006C0B7
:10EAC000044000000410071004E001800600040068
:10EAD0000000044005C006400440000000000000A3
:10EAE00004007BE040200000000000000000FFF078
:10EAF00000000000000040207BE004000000000057
:10EB00004000800040002000200040000000000085
:10EB100000000000000000000000000000000000F5
:10EB200000001FCC000C00000000000000000800E6
:10EB3000300060000800300060000000022003FC8C
:10EB40001E20022003FC1E200220000000000E18E0
:10EB500011043FFF10840C78000000000F001084A7
:10EB60000F3800C0077818840078000000780F8400
:10EB700010C411240E9800E4008400080800680006
:10EB80007000000000000000000000000000000015
:10EB9000000007E0181820044002000000004002B6
:10EBA0002004181807E000000000000002400240A6
:10EBB00001800FF0018002400240000000800080D0
:10EBC00000800FF800800080008000000001000D30
:10EBD000000E0000000000000000000000000080A7
:10EBE0000080008000800080008000800000000C19
:10EBF000000C000000000000000000000000000603
:10EC0000001800600180060018002000000007F0D6
:10EC1000080810041004080807F0000000000804A9
:10EC200008041FFC000400040000000000000E0C9B
:10EC300010141024104411840E0C000000000C1855
:10EC400010041104110412880C700000000000E090
:10EC50000320042408241FFC0024000000001F9847
:10EC6000108411041104108810700000000007F0D7
:10EC700008881104110418880070000000001C00AE
:10EC8000100010FC13001C001000000000000E38E3
:10EC900011441084108411440E3800000000070055
:10ECA000088C10441044088807F0000000000000A1
:10ECB0000000030C030C0000000000000000000036
:10ECC00000010106000000000000000000000080BC
:10ECD0000140022004100808100400000220022055
:10ECE0000220022002200220022000000000100466
:10ECF00008080410022001400080000000000E00FF
:10ED00001200100C106C10800F00000003E00C18B3
:10ED100013E4142417C4082807D000000004003CA2
:10ED200003C41C40074000E4001C000410041FFC46
:10ED30001104110411040E880070000003E00C1887
:10ED400010041004100410081C10000010041FFC14
:10ED5000100410041004080807F0000010041FFC41
:10ED60001104110417C410040818000010041FFC3B
:10ED70001104110017C010000800000003E00C1877
:10ED80001004100410441C780040000010041FFC04
:10ED900010840080008010841FFC10040000100408
:10EDA00010041FFC10041004000000000003000108
:10EDB000100110011FFE10001000000010041FFCC5
:10EDC000110403801464181C1004000010041FFCBC
:10EDD0001004000400040004000C000010041FFCD8
:10EDE0001F0000FC1F001FFC1004000010041FFC8B
:10EDF0000C04030000E010181FFC100007F00808C6
:10EE0000100410041004080807F0000010041FFC90
:10EE100010841080108010800F00000007F0081888
:10EE200010241024101C080A07F2000010041FFC14
:10EE30001104110011C011300E0C000400000E1C52
:10EE400011041084108410441C38000018001000B5
:10EE500010041FFC100410001800000010001FF820
:10EE600010040004000410041FF8100010001E001D
:10EE700011E0001C007013801C0010001FC0103C2B
:10EE800000E01F0000E0103C1FC000001004180C40
:10EE9000163401C001C01634180C100410001C00F8
:10EEA000130400FC13041C00100000000804101CD4
:10EEB0001064108413041C041018000000000000EB
:10EEC00000007FFE400240024002000000003000CF
:10EED0000C0003800060001C0003000000004002E2
:10EEE000400240027FFE0000000000000000000021
:10EEF0002000400040004000200000000001000110
:10EF000000010001000100010001000100004000BB
:10EF100040002000000000000000000000000098F9
:10EF2000012401440144014400FC000410001FFCC2
:10EF300000880104010400880070000000000070D7
:10EF40000088010401040104008800000000007032
:10EF500000880104010411081FFC0004000000F8EF
:10EF6000014401440144014400C8000000000104C0
:10EF700001040FFC1104110411001800000000D658
:10EF800001290129012901C90106000010041FFC03
:10EF9000008401000100010400FC000400000104E1
:10EFA000190419FC00040004000000000000000324
:10EFB00000010101190119FE0000000010041FFCEE
:10EFC0000024004001B4010C010400000000100402
:10EFD00010041FFC0004000400000000010401FCF8
:10EFE0000104010001FC0104010000FC010401FC1A
:10EFF000008401000100010400FC0004000000F88E
:10F00000010401040104010400F80000010101FFF2
:10F0100000850104010400880070000000000070F9
:10F02000008801040104010501FF0001010401043D
:10F0300001FC00840104010001800000000000CCFC
:10F040000124012401240124019800000000010092
:10F05000010007F80104010400000000010001F8AC
:10F06000000400040004010801FC00040100018008
:10F070000170000C001001600180010001F0010C22
:10F08000003001C00030010C01F00100000001045B
:10F09000018C00740170018C0104000001010181E8
:10F0A0000171000E00180160018001000000018460
:10F0B000010C013401440184010C00000000000037
:10F0C0000000000001003EFC400240020000000081
:10F0D00000000000FFFF00000000000000004002F0
:10F0E00040023EFC01000000000000000000600043
:10F0F0008000800040004000200020000000000050
:10F1000000000000000000000000000000000000FF
:10F1100000000000000000000000000000000000EF
:10F120000000000000000000000000000000000FD0
:10F1300080380FFE380F803800000000000000000B
:10F1400000000000000000000000010000060000B8
:10F150000C00003800003100000600000C000038F0
:10F160000000300000000000000000006180006727
:10F17000F807F98000618000618000618000618093
:10F180000067F807F98000618000000000000000BF
:10F19000000001C0E003E0F00630080418081FFF7B
:10F1A000FE040E080787F00381E000000000000065
:10F1B00001F000060C00040408060C7001F9C00000
:10F1C0000E00003BE000EC18070808040C180003D0
:10F1D000E00000000001E00007F003F818041C083C
:10F1E00004170807E1D003C0E00023B0003C08008A
:10F1F00020080000100000000000000100003100A5
:10F20000003200001C0000000000000000000000B0
:10F2100000000000000000000000000000000000EE
:10F220000000000000000000000000007F0001FF5F
:10F23000C00780F00C00181000042000020000003D
:10F240000000002000021000040C00180780F001EC
:10F25000FFC0007F00000000000000000000000070
:10F260000000000000000000420000660000660090
:10F27000003C0000180003FFC0001800003C000024
:10F280006600006600004200000000000800000860
:10F290000000080000080000080001FFC00008008E
:10F2A000000800000800000800000800000000003E
:10F2B000000100003100003200001C0000000000CE
:10F2C000000000000000000000000000000000003E
:10F2D000000000000800000800000800000800000E
:10F2E00008000008000008000008000008000008EE
:10F2F000000000000000000000000000380000389E
:10F3000000003800000000000000000000000000C5
:10F3100000000000000000000000000000060000E7
:10F320001C000070000180000E0000380000C000CA
:10F330000700001C0000300000000000000000007A
:10F340007F8001FFE00380700600180400080400BD
:10F350000806001803807001FFE0007F80000000B5
:10F36000000000000000010008010008010008037F
:10F37000FFF807FFF8000008000008000008000080
:10F380000000000000000001C03802C058040098CE
:10F39000040118040218040418061C1803F81801C4
:10F3A000E0F800000000000000000001C0E003C021
:10F3B000F004000804080804080806180803F418F4
:10F3C00001E7F00001E00000000000000000000084
:10F3D0000300000D0000110000610000810803011E
:10F3E0000807FFF80FFFF8000108000108000000FF
:10F3F0000000000000E007FCD00608080610080620
:10F400001008061008061838060FF00607C000009E
:10F4100000000000000000003F8001FFE003843096
:10F420000208180410080410080410080718100334
:10F430000FF00007C000000000000000000003C043
:10F44000000700000600000600F80607F80618008E
:10F4500006E00007000006000000000000000001B8
:10F46000E1E003F7F0063410041808041808040C4F
:10F4700008040C0806161803F3F001C1E0000000B0
:10F4800000000000F80003FC300306380402080402
:10F4900002080402080404100308F001FFC0007F02
:10F4A000000000000000000000000000000000005C
:10F4B0000000000070380070380070380000000054
:10F4C000000000000000000000000000000000003C
:10F4D0000000000000000000301A00301C00000096
:10F4E000000000000000000000000000000000001C
:10F4F000000000080000140000220000410000800D
:10F5000080010040020020040010080008000000F4
:10F510000000000021000021000021000021000067
:10F520002100002100002100002100002100002115
:10F5300000000000000000000000080008040010A7
:10F5400002002001004000808000410000220000F5
:10F55000140000080000000000000003C00004C008
:10F5600000040000080038080F38080838081000A8
:10F570000C300007E00003C00000000000000000A5
:10F580003F8000FFE0038070020F1006708804C007
:10F5900088048308047F8802C09003012000FE4095
:10F5A0000000080000180001F8003E0801C2000732
:10F5B000020007E20000FE00001FC80001F8000082
:10F5C0003800000804000807FFF807FFF8040808DF
:10F5D00004080804080804080806180803F41801B9
:10F5E000E7F00001E0000000000000003F8001FFA4
:10F5F000E0038070020018040008040008040008FA
:10F600000400100600200780C00000000400080766
:10F61000FFF807FFF80400080400080400080400CD
:10F620001802001003807001FFE0007F80000000DE
:10F6300004000807FFF807FFF80408080408080496
:10F640000808040808043E08040008060018010021
:10F650006000000004000807FFF807FFF80408082E
:10F66000040800040800040800043E000600000628
:10F670000000018000000000000000003F8001FF4A
:10F68000E003807006001804000804020804020861
:10F690000203F00783F000020000020004000807E4
:10F6A000FFF807FFF8040808000800000800000839
:10F6B0000000080004080807FFF807FFF804000826
:10F6C000000000000000040008040008040008070F
:10F6D000FFF807FFF8040008040008040008000011
:10F6E000000000000000000000060000070000010C
:10F6F00004000104000104000307FFFE07FFFC04EF
:10F70000000004000004000004000807FFF807FFE1
:10F71000F8040C08001800003E0004C7800503C868
:10F720000600F80400380400180000080400080768
:10F73000FFF807FFF80400080000080000080000B8
:10F740000800000800000800001800006000000029
:10F7500004000807FFF807800807FC00007FC000CE
:10F7600003F80007C000780007800807FFF807FFCC
:10F77000F804000804000807FFF807000803C000A9
:10F7800000E000003800001E000007000001C00477
:10F7900000F007FFF8040000000000007F8001FF78
:10F7A000E003807006001804000804000806001832
:10F7B00003003001FFE0007F800000000400080724
:10F7C000FFF807FFF804040804040004040004041C
:10F7D00000040400060C0003F80001F00000000023
:10F7E000000000007F8001FFE003807006008804B5
:10F7F00000880400C806003C03003E01FFE6007FCD
:10F800008400000004000807FFF807FFF804080858
:10F81000040800040C00040F00040BC00610F003E1
:10F82000F03801E00800000800000001E0F803F0F3
:10F8300030063010041808041808040C08040C08DA
:10F840000206180207F00781E000000001800006B0
:10F85000000004000004000004000807FFF807FF90
:10F86000F804000804000004000006000001800005
:10F8700004000007FFE007FFF00400180000080084
:10F88000000800000800000800000804001007FF3E
:10F89000E004000004000006000007E00007FE008E
:10F8A000041FE00001F80000380001E0043E0007FA
:10F8B000C00006000004000004000007E00007FF8D
:10F8C000C0041FF80007C007F80007FF80043FF8D6
:10F8D0000007C004F8000700000400000000000456
:10F8E000000806001807C07805F1C8003E00001F98
:10F8F000800463E80780F806001804000800000090
:10F9000004000006000007800007E008047C0800EF
:10F910001FF80007F800180804E0080700000600B8
:10F92000000400000000000100080600380400F890
:10F930000403E8040F08047C0805F00807C0080762
:10F94000001804006000000000000000000000003B
:10F95000000000000000003FFFFE20000220000227
:10F960002000022000022000020000000000000031
:10F97000000008000007000000C00000380000067A
:10F98000000001C000003000000E00000100000077
:10F9900000000000000020000220000220000220E1
:10F9A00000022000023FFFFE0000000000000000F7
:10F9B000000000000000000000000000000800003F
:10F9C000100000300000200000300000100000088F
:10F9D0000000000000000000000001000001000025
:10F9E0000100000100000100000100000100000111
:10F9F0000000010000010000010000010000000003
:10FA00000000000000200000200000100000100096
:10FA100000000000000000000000000000000000E6
:10FA20000000000000F00019F8001B180022080078
:10FA30002608002408002410003FF8001FF80000EA
:10FA40000800001800000004000007FFF80FFFF096
:10FA500000181800100800200800200800301800C6
:10FA60001FF0000FC00000000000000007C0001FD2
:10FA7000F0001830002008002008002008003C0892
:10FA8000001C1000006000000000000000000000EA
:10FA900007C0001FF00038180020080020080020D0
:10FAA0000804101007FFF80FFFF00000100000001E
:10FAB0000000000000000007C0001FF0001230002E
:10FAC0002218002208002208003208001E10000E32
:10FAD0002000000000000000200000200800200896
:10FAE00001FFF803FFF80620080420080420080797
:10FAF000200003000000000000000000000E000EC7
:10FB00006E001FF30031B10020B10020B10031912F
:10FB1000001F13002E1E00200E0030000000000405
:10FB2000000807FFF80FFFF8001008002000002071
:10FB300000002008003FF8001FF800000800000047
:10FB40000000000000000020080020080020080637
:10FB50003FF8063FF8000008000008000008000019
:10FB6000000000000000000000000000030000038F
:10FB7000002001002001002003063FFE063FFC009C
:10FB8000000000000000000000000004000807FF63
:10FB9000F80FFFF8000188000300002FC00038F8BC
:10FBA00000203800200800000800000000000000CD
:10FBB000000004000804000804000807FFF80FFF15
:10FBC000F800000800000800000800000000000025
:10FBD000002008003FF8003FF80010080020000057
:10FBE0003FF8003FF8001008002000003FF8003FF9
:10FBF000F8000008000000002008003FF8003FF86F
:10FC0000001008001000002000002008003FF8004D
:10FC10001FF80000080000000000000007C0000FEF
:10FC2000F0001830003008002008002008003008DC
:10FC3000001830000FF00007C000000000000000B6
:10FC40002001003FFF003FFF0010110020090020AD
:10FC500008002008003038001FF0000FC00000002E
:10FC60000000000007C0001FF00038180020080046
:10FC70002008002009001011001FFF003FFF0000B6
:10FC800001000000002008002008002008003FF8C4
:10FC9000003FF800080800100800200800200000BD
:10FCA0003000003000000000000000000000000CE8
:10FCB00078001E180033080023080021080021885E
:10FCC0000021980030F000386000000000000000C3
:10FCD000200000200000200000FFF003FFF80020BB
:10FCE000080020080020080000300000000000008C
:10FCF000000000002000003FF0007FF80000180026
:10FD00000008000008002010003FF8007FF000000D
:10FD100010000000000000002000003000003C0047
:10FD2000003F800023F00000780000700023800076
:10FD30003C00003000002000002000003C00003F9C
:10FD4000E00023F80000E0002700003E00003FE054
:10FD50000021F80001E0003E00002000000000004B
:10FD60002008002008003838003E68002780000383
:10FD7000C8002CF8003838002018002008000000C7
:10FD8000000000002000003003003C01003F830021
:10FD900023EC000070002380003C000020000020C5
:10FDA00000000000000000000000003808002038BB
:10FDB0000020F80023E8002F88003E0800380800E3
:10FDC000201800007000000000000000000000008B
:10FDD000000000000000000008000014001FF7FCF5
:10FDE00030000620000200000000000000000000BB
:10FDF0000000000000000000000000000000FFFF05
:10FE0000FF000000000000000000000000000000F3
:10FE10000000000000002000023000061FF7FC0078
:10FE200014000008000000000000000000000000B6
:10FE3000000000000000001800006000004000000A
:10FE40004000002000001000000800000400000432
:10FE500000000C000010000060E0012003053500E8
:10FE600002081E08503C0F050000FF6750000018F4
:10FE70001A1E1489280A302EBB0A03000002331D03
:10FE8000000000000000003200002A1C5A94C50245
:10FE900007000000B51F00902800773200623F0085
:10FEA000525000520000000000000000000000005E
:10FEB00000000000000000000000000F0F0306100B
:10FEC00042F80F14000000001A18161412100E0C3D
:10FED0000A08000000000000000000000000000010
:10FEE00000000000000029282422201F1E1D0E0CE7
:10FEF0000A080605040200FF0000000000000000E0
:10FF0000000000FFFFFFFFFFFFFFFFFFFFFFFFFFFE
:10FF10005081588160816881708100010005001066
:10FF200000140018030009000F0015001B0000005A
:10FF3000B00001080F0000000F000000FF000000EB
:10FF40000F0000000F0000000F0000000000000084
:10FF5000800C0000007800008007000020000000F6
:10FF600020000000200000000090010000000F00B1
:10FF700000F0000000000100020001000300010089
:10FF80000200010004000100020001000300010062
:10FF90000200010005000100020001000300010051
:10FFA0000200010004000100020001000300010042
:10FFB0000200010006000100020001000300010030
:10FFC0000200010004000100020001000300010022
:10FFD0000200010005000100020001000300010011
:10FFE0000200010004000100020001000300010002
:10FFF00002000100070001000200010003000100EF
:020000040801F1
:1000000002000100040001000200010003000100E1
:1000100002000100050001000200010003000100D0
:1000200002000100040001000200010003000100C1
:1000300002000100060001000200010003000100AF
:1000400002000100040001000200010003000100A1
:100050000200010005000100020001000300010090
:100060000200010004000100020001000300010081
:1000700002000100303132333435363738394142ED
:1000800043444546403058003031323334353637FA
:1000900038396162636465664030780004000008A6
:1000A000000000000000000200010000100000003D
:1000B000506C656173652075736520746865207385
:1000C00074796C757320636C69636B207468652048
:1000D00063726F7373206F6E207468652073637230
:1000E00065656E2E5468652063726F73732077693F
:1000F0006C6C20616C77617973206D6F766520750B
:100100006E74696C207468652073637265656E2017
:1001100061646A7573746D656E7420697320636FB2
:100120006D706C657465642E000000004C01010860
:10013000000000201C010000C40100086802010842
:100140001C01002084CF0100E00100080000000035
:10015000000000000000000000000000000000009F
:10016000000000000000000000000000007A030A08
:100170000000000000000000010203040607080957
:100180000000FFFF01000000C77D00082571000886
:10019000D57400080000000000000000000000000E
:1001A000000000000000000000000000000000004F
:1001B000000000000000000000000000D0900000DF
:1001C000000000000000000000000000000000002F
:1001D00000000102030401020304060708090000ED
:1001E00037A500086DA50008001200200000006877
:1001F0000000001000A2012000000F6800F00010B5
:1002000000000000000000000000000000000000EE
:1002100000000000000000000000000000000000DE
:1002200000000000000000000000000000000000CE
:1002300000000000000000000000000000000000BE
:1002400000000000000000000000000000000000AE
:10025000000000000000000000000000000000009E
:08026000000000000000000096
:040000050800018965
:00000001FF
