:020000040800F2
:10000000781B0020757C0008650800086708000858
:100010006B0800086F080008730800080000000063
:100020000000000000000000000000007708000849
:10003000790800080000000041B80008197A00089B
:100040008F7C00088F7C00088F7C00088F7C000864
:100050008F7C00088F7C00088F7C00088F7C000854
:100060008F7C00088F7C00088F7C00088F7C000844
:100070008F7C00088F7C00088F7C00088F7C000834
:100080008F7C00088F7C00088F7C00088F7C000824
:100090008F7C00088F7C00088F7C00088F7C000814
:1000A0008F7C00088F7C00088F7C00088F7C000804
:1000B0008F7C00088F7C00088F7C00088F7C0008F4
:1000C0008F7C00088F7C00088F7C00088F7C0008E4
:1000D0008F7C0008E37B00088F7C00088F7C000881
:1000E0008F7C00088F7C00088F7C00088F7C0008C4
:1000F0008F7C00088F7C00088F7C00088F7C0008B4
:100100008F7C00088F7C00088F7C00088F7C0008A3
:100110008F7C00088F7C00088F7C00088F7C000893
:100120008F7C00088F7C00088F7C00088F7C000883
:100130008F7C00088F7C00088F7C00088F7C000873
:100140008F7C00088F7C00088F7C00088F7C000863
:100150008F7C00088F7C00088F7C00088F7C000853
:100160008F7C00088F7C00088F7C00088F7C000843
:100170008F7C00088F7C00088F7C00088F7C000833
:100180008F7C00088F7C000800F002F800F047F830
:100190000AA090E8000C82448344AAF10107DA45E2
:1001A00001D100F03CF8AFF2090EBAE80F0013F0ED
:1001B000010F18BFFB1A43F001031847ECE00000E1
:1001C0000CE10000103A24BF78C878C1FAD8520771
:1001D00024BF30C830C144BF04680C6070470000C1
:1001E0000023002400250026103A28BF78C1FBD840
:1001F000520728BF30C148BF0B60704764290BF01D
:10020000A98478290BF0E28473290BF0C5850020BE
:1002100070471FB50CF015FB1FBD10B510BD0BF0DE
:10022000F5FD1146FFF7F5FF00F0D8FA0BF013FECD
:1002300003B4FFF7F2FF03BC07F074FC1CB54FF6E4
:10024000FF7001F0D1FA4FF47840FE490880FEA01B
:1002500010210B46C822CDE900100A211E2005F00E
:1002600042FAFDA010210B46C822CDE900101E2144
:10027000084605F038FAFCA010210B46C822CDE94B
:10028000001032211E2005F02EFAFBA010210B4693
:10029000C822CDE900104B211E2005F024FAFCA055
:1002A00010210B46C822CDE900105F211E2005F069
:1002B0001AFAFDA010210B46C822CDE90010D22168
:1002C000502005F010FAFB480288782319460020D8
:1002D00004F0FCFFF748028846231946002004F08A
:1002E000F5FF462396220021104604F0EFFF1F2061
:1002F000D4490880F0A010210B46C822CDE9001097
:100300001E21A02005F0EFF9EEA010210B46C82217
:10031000CDE900103221A02005F0E5F91CBD0CE06C
:10032000002005F031FA044624B12146E748006870
:100330000AF058F80A2007F0CBFBF1E70EB50025CC
:10034000002600246AE002AA0A21E048006809F0B9
:100350008EFF0546012D06D0022D0DD0032D11D0A4
:10036000042D2BD119E0DA48006808B9012000E01B
:100370000020D749086021E00126D64800680AF02D
:1003800001FD1BE04FF6FF700090CA4843880288C9
:100390007921002004F00EFF10E007200BF088F810
:1003A000CD4890F8300000F0800008B906F0F0FD6C
:1003B00007200AF0EEFFFFF741FF00BF00BF1EB9A4
:1003C000C4480068008998B11F209E490880802099
:1003D0001021CDE90010BF480068028903233221B3
:1003E000C02005F012F9BB480068008900B900265A
:1003F000322C0ED100241F209249088000201021A9
:100400000323CDE90010B54802781E21C02005F075
:10041000FCF8601CC4B20A2007F05AFB93E708B549
:1004200014E06A460021AB4800680AF0FCFB01209A
:10043000A749083908603C2007F04AFB0020A8497A
:10044000C1F8A0024FF46B7007F042FBE9E711E03E
:10045000601CC4B20A2007F03BFB082C03D101202A
:100460009B49091F0860642C04D10024002098498E
:10047000091F0860ECE7F8B505460E4614461F460E
:1004800004B9F8BD2819401E82B2334631462846C9
:10049000009704F08FFE00BFF3E72DE9F05F0746F9
:1004A000884616469A4640F2C32070434FF47A714C
:1004B000B0FBF1F000F1010906FB06F000EB560B72
:1004C000344671040A0CB91B88B253464146FFF703
:1004D000D2FF012535E005FB05F004FB040058457B
:1004E0001AD94C4517D96B1E5B041A0C08EB040390
:1004F00099B27B1B5B1C98B25346FFF7BCFF6B1E87
:100500005B041A0CA8EB040399B27B1B5B1C98B22A
:100510005346FFF7B0FF641E63041A0C08EB050393
:1005200099B23B1B98B25346FFF7A5FF63041A0C20
:10053000A8EB050399B23B1B98B25346FFF79BFF0C
:100540006D1C4D45C7D9BDE8F09F2DE9FF4F85B023
:1005500080468946129F002003900290B84507DB31
:100560000798B84204DBB94502DB0898B84202DAC2
:1005700009B0BDE8F08F0798A0EB08040898A0EB3D
:100580000905CDF80480CDF80090002C02DD4FF075
:10059000010A06E014B94FF0000A02E04FF0FF3AFA
:1005A0006442002D02DD4FF0010B06E015B94FF05B
:1005B000000B02E04FF0FF3B6D42AC4201DD2646EE
:1005C00000E02E460020049023E0009A91B2019AA8
:1005D00090B23A46139BFFF760FF039820440390C4
:1005E0000298284402900398B04205DD0398801BCE
:1005F00003900198504401900298B04205DD0298A2
:10060000801B02900098584400900498401C80B2CF
:100610000490711C04988842D7DD00BFA8E70EB58E
:100620009EE02D484168002088472B4890F8200024
:1006300000F0800020B1284880891E49098851E0D7
:1006400087E000001C0000204578706C6F726572B6
:100650002053544D3332000055434F5349492054E1
:10066000455354320000000041544F4D40414C4925
:10067000454E54454B0000004B4559303A445331E8
:10068000204B45595F55503A41444A555354000058
:100690004B4559313A4245455020204B4559323A55
:1006A000434C454152000000546F7563682041720D
:1006B00065610000C00900204350553A20202025E4
:1006C0000000000053454D3A30303000000000205B
:1006D000A882424204000020240000208400002060
:1006E0000080424288423BDA5448C08A54494988D3
:1006F000884235DA5148C08A782831DDBDF80800D3
:100700004FF6FF71884207D14C488089ADF8080048
:100710004A48C08AADF80A000BF06AF804464FF464
:1007200078400221454DCDE90010EB8AAA89BDF839
:100730000A10BDF80800FFF708FF20460BF05CF830
:1007400028468089ADF808002846C08AADF80A001E
:1007500006E04FF6FF70ADF808000A2007F0B8F980
:100760005FE770B50446002500BF002009F0F9FCE2
:100770003449086000200AF0D0F93349086008F0D5
:10078000F5FE0BF035F805460723304A0021AFF29D
:1007900071100AF00DFC06232D4A0021AFF25130F2
:1007A0000AF006FC05232B4A0021AFF28D300AF037
:1007B000FFFB0423284A0021AFF27F400AF0F8FB38
:1007C0000323264A0021AFF2A9400AF0F1FB0A20D8
:1007D0000AF06EFE28460BF00FF870BD10B54FF40E
:1007E000A06007F067FAA82007F022F94FF4E13083
:1007F00007F0A5F900F04AF905F02AF804F0A6FF81
:1008000001F024F80D4908688047FFF717FD08F04C
:1008100070FD0A23124A0021AFF2B9000AF0C8FBAA
:1008200008F08CFE002010BD02468A4202DD501AFC
:1008300080B27047881A80B2FBE7000024000020D5
:10084000C00900200000002004000020BC0300209C
:10085000BC040020BC060020BC080020BC0900200D
:10086000BC010020704700BFFEE700BFFEE700BFED
:10087000FEE700BFFEE77047704700000CB50020A0
:10088000019000907648006840F480307449086018
:1008900000BF7348006800F4003000900198401CCD
:1008A0000190009818B90198B0F5A04FF1D16C48AB
:1008B000006800F4003010B10120009001E0002039
:1008C00000900098012846D165484030006840F00B
:1008D00080506349403108606248006840F44040FD
:1008E000604908605E48083000685D49083108606A
:1008F0000846006840F4004008600846006840F47C
:10090000A05008605848091F0860081F006840F0A0
:100910008070091F086000BF5148006800F0007037
:100920000028F9D040F20570504908604C48083062
:10093000006820F003004A49083108600846006852
:1009400040F00200086000BF45480830006800F031
:100950000C000828F8D10CBD10B54548006840F4DB
:100960007000434908603E48006840F001003C497F
:10097000086000203A4908310860394800683D495C
:100980000840374908603C48091D0860081F006896
:1009900020F48020091F0860002031490C310860D4
:1009A000FFF76CFF4FF0006031498039086010BDDF
:1009B00070B500200022022300240221284D0835B2
:1009C0002D6805F00C0020B1042806D0082834D189
:1009D00007E02A4D2A4E356033E02A4D284E356017
:1009E0002FE01F4D2D1D2D68C5F380541C4D2D1D6E
:1009F0002D6805F03F0154B1224DB5FBF1F5184EBD
:100A0000361D3668C6F3881605FB06F209E01B4D55
:100A1000B5FBF1F5124E361D3668C6F3881605FB98
:100A200006F20F4D2D1D2D68C5F301456D1C6B00A1
:100A3000B2FBF3F5124E356003E0104D104E3560F9
:100A400000BF00BF064D08352D68C5F303150E4ED7
:100A5000705D0B4D2D68C540094E356070BD0000BE
:100A6000003802400070004008544007003C02403B
:100A700088ED00E0FFFFF6FE103000240024F400B3
:100A80000800002000127A000C0000201CB5012193
:100A9000202007F087FF4FF4C060009001208DF800
:100AA000040000208DF8060003208DF805000120C9
:100AB0008DF807006946044807F0F2F94FF4C06169
:100AC000014807F069FA1CBD0014024001B5BDF8E9
:100AD00000000090BDF80000F849088008BD01B58D
:100AE000BDF800000090BDF80000F449891C0880A2
:100AF00008BD08B5F148801C00880090BDF80000D2
:100B000008BDEE4A10804FF0D842A2F8801070471E
:100B100010B504462046FFF7D9FF052006F0AEFFCA
:100B2000FFF7E7FF10BDE6480089E44908807047F9
:100B3000E249891C0880704730B5014601F01F0466
:100B4000C1F34513CA0AE50205EB43151544A8B2E3
:100B500030BD00BF011EA0F10102D0B2FAD1704732
:100B600030B504460D46D648808849F24131884266
:100B700005D0D348808845F21031884214D1D0493D
:100B80004889FFF7A3FF2012FFF7A9FFE0B2FFF7A4
:100B9000A6FFCB498889FFF799FF2812FFF79FFF2F
:100BA000E8B2FFF79CFFABE0C548808846F6040139
:100BB00088421DD1C2488079012804D1C0480088EC
:100BC000401E001B84B2BE494889FFF77FFF2012F8
:100BD000FFF785FFE0B2FFF782FFB9498889FFF789
:100BE00075FF2812FFF77BFFE8B2FFF778FF87E079
:100BF000B348808841F66311884247D1B048807974
:100C0000A8B9AF480088401E001B84B2AC4948898F
:100C1000FFF75CFF0020FFF762FF0020FFF75FFF98
:100C20002012FFF75CFFE0B2FFF759FF16E0A4497E
:100C30004889FFF74BFF2012FFF751FFE0B2FFF7A3
:100C40004EFF9F490988491EC1F30F20FFF747FF58
:100C50009B490978491EC8B2FFF741FF9849888926
:100C6000FFF734FF2812FFF73AFFE8B2FFF737FF2C
:100C700093494988491EC1F30F20FFF730FF90497F
:100C80008978491EC8B2FFF72AFF39E08C4880886E
:100C900045F21051884220D189494889FFF716FF53
:100CA0002012FFF71CFF86494989491C88B2FFF7CB
:100CB0000DFFE0B2FFF713FF81498889FFF706FFB8
:100CC0002812FFF70CFF7E498989491C88B2FFF77B
:100CD000FDFEE8B2FFF703FF12E0794880790128B2
:100CE00004D177480088401E001B84B274494889AB
:100CF0002146FFF706FF724988892946FFF701FF61
:100D000030BD2DE9F04105460E4600240027A046DF
:100D10006B480088A84203DD69484088B04202DC85
:100D20000020BDE8F08131462846FFF719FF6448EE
:100D3000808849F24131884211D06148808846F666
:100D4000040188420BD05E48808845F21031884209
:100D500005D05B48808841F66311884203D12E207C
:100D6000FFF7B4FE0DE05648808845F210518842E6
:100D700004D14FF43850FFF7A9FE02E02220FFF71C
:100D8000A5FE4F48808849F22031884202D10220D6
:100D9000FFF7DFFEFFF7ADFE04464948808841F6C5
:100DA0006311884201D12046BBE70220FFF7D1FE44
:100DB000FFF79FFE04464248808849F2413188424D
:100DC0000BD03F48808845F21031884205D03C481E
:100DD000808845F2105188420AD10220FFF7B9FEFF
:100DE000FFF787FE8046E7B24FF6FF7000EA07275D
:100DF0003348808849F22531884216D030488088AF
:100E000044F23551884210D02D488088091F88420D
:100E10000BD02B4880884BF20551884205D02848DA
:100E200080884CF20551884201D1204679E7244858
:100E3000808849F2413188420BD02148808845F2B0
:100E40001031884205D01E48808845F210518842F2
:100E500007D1E012C002B91240EA411040EAE8208E
:100E60005FE72046FFF768FE5BE700B5144880881F
:100E700049F24131884211D01148808846F6040178
:100E800088420BD00E48808845F21031884205D048
:100E90000B48808841F66311884203D12920FFF76F
:100EA00015FE14E00648808845F21051884209D1A9
:100EB0004FF42450FFF70AFE09E000007E00006CAA
:100EC000C009002040F273110720FFF71AFE00BD91
:100ED00000B5FD48808849F24131884211D0FA4876
:100EE000808846F6040188420BD0F748808845F296
:100EF0001031884205D0F448808841F66311884259
:100F000003D12820FFF7E2FD0EE0EF48808845F28C
:100F10001051884204D14FF42050FFF7D7FD03E071
:100F200000210720FFF7EDFD00BDF0B505460024C8
:100F30000027E548807901280BD1E348808846F6F0
:100F40000401884205D0E048808841F66311884258
:100F500008D1DD488079F0B9DB48808841F663111B
:100F6000884218D1082D15D2DFE805F00406080ADA
:100F70000C0E101206250DE007250BE0042509E0F4
:100F8000052507E0012505E0002503E0032501E034
:100F9000022500BF00BFCC48808849F24131884219
:100FA00017D0C948808846F60401884211D0C64847
:100FB000808845F2103188420BD0C348808845F2C2
:100FC0001051884205D0C048808841F6631188429C
:100FD0007ED1082D1CD2DFE805F00406090C0F12A3
:100FE000151800BF14E044F0800411E044F0400400
:100FF0000EE044F0C0040BE044F0200408E044F0AC
:10100000600405E044F0A00402E044F0E00400BF06
:1010100000BFAD48808845F21051884202D14FF49C
:10102000585700E03627A848808845F2103188429A
:101030000DD0A548808845F21051884207D0A248BB
:10104000808841F66311884201D044F008049E482C
:10105000808846F60401884201D144F0020421460A
:101060003846FFF74EFD9848808841F66311884264
:101070001DD004F0200068B1934800889249498847
:10108000884214DA9048068840888F4908800846CC
:1010900046800CE08C4800888B494988884206DDF0
:1010A00089480688408888490880084646808648DE
:1010B000808845F21051884254D183494889FFF70E
:1010C00005FD0020FFF70BFD7F494989491C00E021
:1010D00077E088B2FFF7FAFC0020FFF700FD7A49BD
:1010E0004989891C88B2FFF7F1FC77490988491EB4
:1010F000C1F30F20FFF7F3FC73494989C91C88B27B
:10110000FFF7E4FC70490978491EC8B2FFF7E7FC15
:101110006D498889FFF7DAFC0020FFF7E0FC6A4997
:101120008989491C88B2FFF7D1FC0020FFF7D7FC62
:1011300065498989891C88B2FFF7C8FC62494988DA
:10114000491EC1F30F20FFF7CAFC5F498989C91CFA
:1011500088B2FFF7BBFC5C498978491EC8B2FFF72B
:10116000BEFC55E058494889FFF7B0FC0020FFF766
:10117000B6FC0020FFF7B3FC53490988491EC1F3B0
:101180000F20FFF7ACFC50490978491EC8B2FFF7A1
:10119000A6FC4D498889FFF799FC0020FFF79FFCCA
:1011A0000020FFF79CFC48494988491EC1F30F20E5
:1011B000FFF795FC44498978491EC8B2FFF78FFCB8
:1011C00026E0082D1CD2DFE805F004070A0D0F12F7
:1011D000151844F0300413E044F0100410E044F01B
:1011E00020040DE000BF0BE044F0380408E044F0B8
:1011F000280405E044F0180402E044F0080400BFAD
:1012000000BF032744F4805421463846FFF779FC99
:10121000F0BD30B504460D4629462046FFF7A0FC38
:10122000FFF781FC294800882949088030BD70B546
:1012300004460D4616462448808849F241318842CA
:1012400005D02148808845F21031884214D11E49CA
:101250004889FFF73BFC2012FFF741FCE0B2FFF7A3
:101260003EFC19498889FFF731FC2812FFF737FC4B
:10127000E8B2FFF734FC93E01348808845F2105140
:10128000884227D110494889FFF720FC2012FFF738
:1012900026FC0D494989491C88B2FFF717FCE0B2CA
:1012A000FFF71DFC08498889FFF710FC2812FFF79B
:1012B00016FC05498989491C88B2FFF707FCE8B28A
:1012C000FFF70DFC6CE00000C00900201C000020AE
:1012D0008000006CFE48808841F66311884228D166
:1012E000FB48807920B9FA480088401E001B84B270
:1012F000F7494889FFF7EAFB2012FFF7F0FBE0B25D
:10130000FFF7EDFB2012FFF7EAFBE0B2FFF7E7FB88
:10131000EF498889FFF7DAFB2812FFF7E0FBE8B214
:10132000FFF7DDFB2812FFF7DAFBE8B2FFF7D7FB88
:1013300036E0E748808846F6040188421DD1E4483B
:101340008079012804D1E2480088401E001B84B245
:10135000DF494889FFF7BAFB2012FFF7C0FBE0B274
:10136000FFF7BDFBDA498889FFF7B0FB2812FFF7CA
:10137000B6FBE8B2FFF7B3FB12E0D548807901284D
:1013800004D1D3480088401E001B84B2D04948894C
:101390002146FFF7B6FBCE4988892946FFF7B1FB06
:1013A000CB480089CB4908804FF0D840A0F8806036
:1013B00070BD70B52DED048B0446BE20FFF786FB93
:1013C0000520FFF78CFB20460AF084FE41EC190B48
:1013D0009FEDC10B53EC102B0AF0CCFE41EC180B27
:1013E0000AF034FE85B22846FFF779FB0120FFF7AB
:1013F00076FBFF20FFF773FB0020FFF770FB002058
:10140000FFF76DFBBDEC048B70BD10B50446002CDE
:1014100066D1AF498871F02008804FF4A0704880F1
:101420000846808849F2413188420BD0A84880881C
:1014300046F60401884205D0A548808845F210315F
:1014400088421AD12C20A24908812A2048812B20C9
:1014500088810846808846F60401884205D09C4869
:10146000808845F21031884206D14FF4A070984927
:1014700008804FF4F0704880A1E09548808845F2DC
:101480001051884210D14FF43050914908814FF4E7
:10149000285048814FF42C5088814FF4F070088018
:1014A0004FF4487048808AE08948808841F663118B
:1014B00088420DD12C20864908812B2048812A2082
:1014C00088814FF4F07008804FF44870488076E0CF
:1014D00022207F49088120204881212088816EE0D8
:1014E00001207B4988714FF4A0700880F02048806B
:1014F0000846808849F24131884205D07448808886
:1015000045F21031884207D12C20714908812A20E8
:1015100048812B2088813FE06D48808846F6040191
:10152000884207D12C206A4908812B2048812A2033
:10153000888131E06648808845F21051884210D198
:101540004FF43050624908814FF4285048814FF4DD
:101550002C5088814FF4487008804FF4F070488018
:101560001AE05B48808841F6631188420DD12C2037
:10157000574908812A2048812B2088814FF44870E0
:1015800008804FF4F070488006E02220504908811E
:1015900021204881202088814D48808846F604011A
:1015A000884205D04A48808845F21031884206D1E9
:1015B0004FF4F070464908804FF4A0704880002036
:1015C000FFF7B3FC10BD2DE9F04F86B004460D4681
:1015D0009046994604EB0800401E86B205EB0900D0
:1015E000401E87B23A48808849F24131884215D07E
:1015F0003748808845F2103188420FD034488088BF
:1016000046F60401884209D031488079012826D164
:101610002F48808841F66311884220D12C4948899F
:10162000FFF754FA2012FFF75AFAE0B2FFF757FA21
:101630003012FFF754FAF0B2FFF751FA24498889C3
:10164000FFF744FA2812FFF74AFAE8B2FFF747FA21
:101650003812FFF744FAF8B2FFF741FAC1E01C482C
:10166000808841F6631188423DD119480088A0EB7B
:101670000800001B84B205EB0900401E1FFA80F928
:1016800013494889FFF722FA2012FFF728FAE0B23F
:10169000FFF725FA04EB0801491EC1F30F20FFF7FD
:1016A0001EFA04EB0801491EC8B2FFF718FA0849F0
:1016B0008889FFF70BFA2812FFF711FAE8B2FFF753
:1016C0000EFA4FEA2920FFF70AFA09F0FF0007E0B7
:1016D000C00900207E00006C66666666666604408F
:1016E000FFF7FDF97DE0FE48808845F21051884201
:1016F00044D1FB494889FFF7E9F92012FFF7EFF9D8
:10170000F7494989491C88B2FFF7E0F9E0B2FFF7D1
:10171000E6F9F3494989891C88B2FFF7D7F93012F5
:10172000FFF7DDF9EE494989C91C88B2FFF7CEF908
:10173000F0B2FFF7D4F9EA498889FFF7C7F9281210
:10174000FFF7CDF9E6498989491C88B2FFF7BEF950
:10175000E8B2FFF7C4F9E2498989891C88B2FFF72A
:10176000B5F93812FFF7BBF9DD498989C91C88B280
:10177000FFF7ACF9F8B2FFF7B2F932E0D848807958
:1017800001280ED1AA46BB46D5480088801B401EC2
:1017900080B20190D2480088001B401E80B20090A9
:1017A00003E0A246B34601950097502005905120D2
:1017B0000490522003905320029051460598FFF761
:1017C000A0F959460498FFF79CF901990398FFF78F
:1017D00098F900990298FFF794F929462046FFF7F7
:1017E000BFF906B0BDE8F08F70B504460026BC48CE
:1017F000058840884543BA48808846F604018842F7
:1018000016D1B7488079012812D10020B4498871D7
:101810002A2048812B20888100210846FFF7A0F963
:101820000120AF4988712B2048812A20888103E05C
:1018300000210846FFF794F9FFF775F9002602E04A
:10184000A8480480761CAE42FAD370BD00B5A1B0A2
:101850000020209001217A2007F0A4F801210846F9
:1018600007F0D8F84FF400401E9001208DF87C005E
:1018700000208DF87E0002208DF87D0001208DF87B
:101880007F001EA9984806F00BFB4CF233701E90A7
:1018900002208DF87C0000208DF87E0003208DF85A
:1018A0007D0001208DF87F001EA9904806F0F8FA0F
:1018B0004FF680701E9002208DF87C0000208DF87D
:1018C0007E0003208DF87D0001208DF87F001EA989
:1018D000874806F0E5FA4FF480501E9002208DF8FC
:1018E0007C0000208DF87E0003208DF87D00012013
:1018F0008DF87F001EA97F4806F0D2FA4FF4805081
:101900001E9002208DF87C0000208DF87E000320C0
:101910008DF87D0001208DF87F001EA9764806F025
:10192000BFFA0C220021714806F045FB0C22012170
:101930006E4806F040FB0C2204216C4806F03BFB8D
:101940000C220521694806F036FB0C220821674865
:1019500006F031FB0C220921644806F02CFB0C2216
:101960000A21624806F027FB0C220E215F4806F090
:1019700022FB0C220F215D4806F01DFB0C220721E3
:101980005B4806F018FB0C220821594806F013FBAF
:101990000C220921564806F00EFB0C220A2154485D
:1019A00006F009FB0C220B21514806F004FB0C2227
:1019B00011464F4806F0FFFA0C220D214C4806F064
:1019C000FAFA0C220E214A4806F0F5FA0C220F21F1
:1019D000474806F0F0FA0C221146464806F0EBFAAA
:1019E0000C221146444806F0E6FA0F200890002029
:1019F00009903C200A9000200B900C900D900E90C6
:101A000009200190002002900820039000200490FB
:101A100005900690079006200F90002010901190DE
:101A2000102012900020139015901490169017908B
:101A30004FF480501890002019904FF480401A9075
:101A400000201B9008A81C9001A81D900FA806F06C
:101A500006FB0121062006F08DFB322006F038F847
:101A600001210020FFF74DF8322006F031F8002068
:101A7000FFF74EF81A49888008468088FF280ADB5D
:101A8000084680884FF6FF71884204D01448808849
:101A9000B0F5134F7ED1D320FFF718F8FFF729F8E0
:101AA0000F498880FFF725F80D498880FFF721F856
:101AB0000B498880084680884FF6FF7101EA0020B4
:101AC00007498880FFF715F80549898808430449C4
:101AD00088800846808849F2413188425AD00DE01A
:101AE000C00900208000006C00040240000C02408D
:101AF000001002400014024000180240BF20FEF710
:101B0000E5FFFEF7F6FFFE498880FEF7F2FFFC498D
:101B10008880FEF7EEFFFA498880FEF7EAFFF84971
:101B20008880084680884FF6FF7101EA0020F4495A
:101B30008880FEF7DEFFF24989880843F0498880F3
:101B40000846808846F6040188427AD0D420FEF701
:101B5000BDFFFEF7CEFFEA498880FEF7CAFFE849DD
:101B60008880FEF7C6FFE6498880084680884FF6E1
:101B7000FF7101EA0020E2498880FEF7BAFFE049E0
:101B800089880843DE4988800846808845F21031FC
:101B9000884200E055E054D04FF45A40FEF796FFDB
:101BA000FEF7A7FFD64988804FF45B40FEF78EFF13
:101BB000FEF79FFFD2498880084680884FF6FF7164
:101BC00001EA0020CE4988804FF45C40FEF77EFF9A
:101BD000FEF78FFFCA4989880843C94988800846AB
:101BE0008088B0F5004F02D145F210508880C4487B
:101BF000808845F21051884223D0A120FEF766FF6D
:101C0000FEF777FFBE498880FEF773FFBC498880E6
:101C1000084680884FF6FF7101EA0020B8498880A5
:101C2000FEF767FFB64989880843B54988800846AA
:101C3000808845F26171884203D141F66310B04952
:101C40008880AF48808849F24131884211D0AC4841
:101C5000808845F2103188420BD0A948808845F22F
:101C60001051884205D0A648808841F66311884209
:101C70001DD1A448006820F00F004FF02041C1F8AA
:101C80001C010846D0F81C0120F47060C1F81C014A
:101C90000846D0F81C0140F00300C1F81C010846BA
:101CA000D0F81C0140F40070C1F81C0128E09448F1
:101CB000808846F60401884205D0914880884CF21D
:101CC000055188421CD18F48006820F00F004FF06A
:101CD0002041C1F81C010846D0F81C0120F47060B6
:101CE000C1F81C010846D0F81C0140F00A00C1F8F8
:101CF0001C010846D0F81C0140F44060C1F81C01EA
:101D00007F48818880A009F0BBFE7D48808849F229
:101D1000413188427ED1CF20FEF7D8FE0020FEF769
:101D2000DEFEC120FEF7DBFE3020FEF7D8FEED2000
:101D3000FEF7CCFE6420FEF7D2FE0320FEF7CFFEB6
:101D40001220FEF7CCFE8120FEF7C9FEE820FEF748
:101D5000BDFE8520FEF7C3FE1020FEF7C0FE7A20F0
:101D6000FEF7BDFECB20FEF7B1FE3920FEF7B7FE31
:101D70002C20FEF7B4FE0020FEF7B1FE3420FEF763
:101D8000AEFE0220FEF7ABFEF720FEF79FFE2020FE
:101D9000FEF7A5FEEA20FEF799FE0020FEF79FFE63
:101DA0000020FEF79CFEC020FEF790FE1B20FEF7F1
:101DB00096FEC120FEF78AFE0120FEF790FEC520A8
:101DC000FEF784FE3020FEF78AFE3020FEF787FE05
:101DD000C720FEF77BFEB720FEF781FE3620FEF718
:101DE00075FE4820FEF77BFE3A20FEF76FFE552079
:101DF000FEF775FEB120FEF769FE0020FEF76FFECC
:101E00001A20FEF76CFEB620FEF760FE0A20FEF7F1
:101E100066FE00E0A5E0A220FEF761FEF220FEF7DC
:101E200055FE0020FEF75BFE2620FEF74FFE012048
:101E3000FEF755FEE020FEF749FE0F20FEF74FFEAD
:101E40002A20FEF74CFE2820FEF749FE0820FEF768
:101E500046FE0E20FEF743FE0820FEF740FE54200B
:101E6000FEF73DFEA920FEF73AFE4320FEF737FEBF
:101E70000A20FEF734FE0F20FEF731FE0020FEF7A9
:101E80002EFE0020FEF72BFE0020FEF728FE00208D
:101E9000FEF725FEE120FEF719FE0020FEF71FFEEB
:101EA0001520FEF71CFE1720FEF719FE0720FEF78F
:101EB00016FE1120FEF713FE0620FEF710FE2B2063
:101EC000FEF70DFE5620FEF70AFE3C20FEF707FE49
:101ED0000520FEF704FE1020FEF701FE0F20FEF79E
:101EE000FEFD3F20FEF7FBFD3F20FEF7F8FD0F2033
:101EF000FEF7F5FD2B20FEF7E9FD00200CE00000C9
:101F0000C00900201C0100A0204C43442049443A51
:101F100025780D0A00000000FEF7E1FD0020FEF725
:101F2000DEFD0120FEF7DBFD3F20FEF7D8FD2A2075
:101F3000FEF7CCFD0020FEF7D2FD0020FEF7CFFD1E
:101F40000020FEF7CCFDEF20FEF7C9FD1120FEF7C3
:101F5000BDFD782005F0BCFD2920FEF7B7FD03F09C
:101F60001DB9FE48808846F6040188427ED11120C2
:101F7000FEF7ACFD142005F0ABFDD020FEF7A6FD6A
:101F80000720FEF7ACFD4220FEF7A9FD1D20FEF75D
:101F9000A6FDD120FEF79AFD0020FEF7A0FD1A2035
:101FA000FEF79DFD0920FEF79AFDD220FEF78EFD7B
:101FB0000120FEF794FD2220FEF791FDC020FEF7E0
:101FC00085FD1020FEF78BFD3B20FEF788FD0020ED
:101FD000FEF785FD0220FEF782FD1120FEF77FFD52
:101FE000C520FEF773FD0320FEF779FDC820FEF73C
:101FF0006DFD0020FEF773FD2520FEF770FD21200A
:10200000FEF76DFD0520FEF76AFD0020FEF767FD77
:102010000A20FEF764FD6520FEF761FD2520FEF72E
:102020005EFD7720FEF75BFD5020FEF758FD0F2088
:10203000FEF755FD0020FEF752FDF820FEF746FDA5
:102040000120FEF74CFDFE20FEF740FD0020FEF7CC
:1020500046FD0220FEF743FD2020FEF737FD362027
:10206000FEF734FD0820FEF73AFD00E02AE03A20B2
:10207000FEF72CFD5520FEF732FD2B20FEF726FD46
:102080000020FEF72CFD0020FEF729FD0120FEF7C1
:1020900026FD3F20FEF723FD2A20FEF717FD002036
:1020A000FEF71DFD0020FEF71AFD0120FEF717FDCB
:1020B000DF20FEF714FD782005F00AFD2920FEF749
:1020C00005FD4CE7A548808845F21031884240F074
:1020D0007C87ED20FEF7FAFC0120FEF700FDFE20D4
:1020E000FEF7FDFCEE20FEF7F1FCDE20FEF7F7FC2C
:1020F0002120FEF7F4FCF120FEF7E8FC0120FEF7BA
:10210000EEFCDF20FEF7E2FC1020FEF7E8FCC42026
:10211000FEF7DCFC8F20FEF7E2FCC620FEF7D6FCC3
:102120000020FEF7DCFCE220FEF7D9FCE220FEF7FF
:10213000D6FCE220FEF7D3FCBF20FEF7C7FCAA20A6
:10214000FEF7CDFCB020FEF7C1FC0D20FEF7C7FC6A
:102150000020FEF7C4FC0D20FEF7C1FC0020FEF7B6
:10216000BEFC1120FEF7BBFC0020FEF7B8FC1920D6
:10217000FEF7B5FC0020FEF7B2FC2120FEF7AFFC15
:102180000020FEF7ACFC2D20FEF7A9FC0020FEF796
:10219000A6FC3D20FEF7A3FC0020FEF7A0FC5D207E
:1021A000FEF79DFC0020FEF79AFC5D20FEF797FCF1
:1021B0000020FEF794FCB120FEF788FC8020FEF79B
:1021C0008EFC0020FEF78BFC8B20FEF788FC0020A5
:1021D000FEF785FC9620FEF782FC0020FEF77FFCD0
:1021E000B220FEF773FC0020FEF779FC0020FEF71A
:1021F00076FC0220FEF773FC0020FEF770FC032043
:10220000FEF76DFC0020FEF76AFCB320FEF75EFCD3
:102210000020FEF764FC0020FEF761FC0020FEF7C2
:102220005EFC0020FEF75BFC0020FEF758FC00205F
:10223000FEF755FC0020FEF752FC0020FEF74FFC95
:102240000020FEF74CFC0020FEF749FC0020FEF7C2
:1022500046FC0020FEF743FC0020FEF740FC002077
:10226000FEF73DFC0020FEF73AFC0020FEF737FCAD
:102270000020FEF734FC0020FEF731FC0020FEF7C2
:102280002EFC0020FEF72BFC0020FEF728FC00208F
:10229000FEF725FC0020FEF722FC0020FEF71FFCC5
:1022A000B420FEF713FC8B20FEF719FC0020FEF78C
:1022B00016FC9620FEF713FC0020FEF710FCA12070
:1022C000FEF70DFC0020FEF70AFCB520FEF7FEFB32
:1022D0000220FEF704FC0020FEF701FC0320FEF7BD
:1022E000FEFB0020FEF7FBFB0420FEF7F8FB0020BE
:1022F000FEF7F5FBB620FEF7E9FB0020FEF7EFFB4B
:102300000020FEF7ECFBB720FEF7E0FB0020FEF715
:10231000E6FB0020FEF7E3FB3F20FEF7E0FB00209A
:10232000FEF7DDFB5E20FEF7DAFB0020FEF7D7FBB1
:102330006420FEF7D4FB0020FEF7D1FB8C20FEF7D3
:10234000CEFB0020FEF7CBFBAC20FEF7C8FB002045
:10235000FEF7C5FBDC20FEF7C2FB01E0C009002050
:102360000020FEF7BCFB7020FEF7B9FB0020FEF753
:10237000B6FB9020FEF7B3FB0020FEF7B0FBEB208E
:10238000FEF7ADFB0020FEF7AAFBDC20FEF7A7FB63
:102390000020FEF7A4FBB820FEF798FB0020FEF714
:1023A0009EFB0020FEF79BFB0020FEF798FB002021
:1023B000FEF795FB0020FEF792FB0020FEF78FFB57
:1023C0000020FEF78CFB0020FEF789FBBA20FEF709
:1023D0007DFB2420FEF783FB0020FEF780FB00201E
:1023E000FEF77DFB0020FEF77AFBC120FEF76EFBB7
:1023F0002020FEF774FB0020FEF771FB5420FEF74F
:102400006EFB0020FEF76BFBFF20FEF768FB002051
:10241000FEF765FBC220FEF759FB0A20FEF75FFBC3
:102420000020FEF75CFB0420FEF759FB0020FEF7BE
:1024300056FBC320FEF74AFB3C20FEF750FB002072
:10244000FEF74DFB3A20FEF74AFB0020FEF747FB64
:102450003920FEF744FB0020FEF741FB3720FEF752
:102460003EFB0020FEF73BFB3C20FEF738FB002044
:10247000FEF735FB3620FEF732FB0020FEF72FFB80
:102480003220FEF72CFB0020FEF729FB2F20FEF761
:1024900026FB0020FEF723FB2C20FEF720FB00206C
:1024A000FEF71DFB2920FEF71AFB0020FEF717FBA5
:1024B0002620FEF714FB0020FEF711FB2420FEF778
:1024C0000EFB0020FEF70BFB2420FEF708FB00208C
:1024D000FEF705FB2320FEF702FB0020FEF7FFFAC4
:1024E0003C20FEF7FCFA0020FEF7F9FA3620FEF752
:1024F000F6FA0020FEF7F3FA3220FEF7F0FA002099
:10250000FEF7EDFA2F20FEF7EAFA0020FEF7E7FAD1
:102510002C20FEF7E4FA0020FEF7E1FA2920FEF76E
:10252000DEFA0020FEF7DBFA2620FEF7D8FA0020BC
:10253000FEF7D5FA2420FEF7D2FA0020FEF7CFFAF4
:102540002420FEF7CCFA0020FEF7C9FA2320FEF77C
:10255000C6FA0020FEF7C3FAC420FEF7B7FA6220DD
:10256000FEF7BDFA0020FEF7BAFA0520FEF7B7FA2B
:102570000020FEF7B4FA8420FEF7B1FA0020FEF73F
:10258000AEFAF020FEF7ABFA0020FEF7A8FA18200A
:10259000FEF7A5FA0020FEF7A2FAA420FEF79FFAA4
:1025A0000020FEF79CFA1820FEF799FA0020FEF7AB
:1025B00096FA5020FEF793FA0020FEF790FA0C20CE
:1025C000FEF78DFA0020FEF78AFA1720FEF787FA49
:1025D0000020FEF784FA9520FEF781FA0020FEF72E
:1025E0007EFAF320FEF77BFA0020FEF778FAE62069
:1025F000FEF775FA0020FEF772FAC520FEF766FABC
:102600003220FEF76CFA0020FEF769FA4420FEF74C
:1026100066FA0020FEF763FA6520FEF760FA0020F4
:10262000FEF75DFA7620FEF75AFA0020FEF757FA19
:102630008820FEF754FA0020FEF751FAC620FEF774
:1026400045FA2020FEF74BFA0020FEF748FA172043
:10265000FEF745FA0020FEF742FA0120FEF73FFAA6
:102660000020FEF73CFAC720FEF730FA0020FEF704
:1026700036FA0020FEF733FA0020FEF730FA002089
:10268000FEF72DFAC820FEF721FA0020FEF727FA00
:102690000020FEF724FA0020FEF721FA0020FEF7C2
:1026A0001EFAC920FEF712FA0020FEF718FA0020E1
:1026B000FEF715FA0020FEF712FA0020FEF70FFAD7
:1026C0000020FEF70CFA0020FEF709FA0020FEF7C2
:1026D00006FA0020FEF703FA0020FEF700FA0020B9
:1026E000FEF7FDF90020FEF7FAF90020FEF7F7F9F2
:1026F0000020FEF7F4F90020FEF7F1F90020FEF7C4
:10270000EEF90020FEF7EBF9E020FEF7DFF91620E6
:10271000FEF7E5F90020FEF7E2F91C20FEF7DFF9ED
:102720000020FEF7DCF92120FEF7D9F90020FEF7A2
:10273000D6F93620FEF7D3F90020FEF7D0F946206F
:10274000FEF7CDF90020FEF7CAF95220FEF7C7F9CF
:102750000020FEF7C4F96420FEF7C1F90020FEF75F
:10276000BEF97A20FEF7BBF90020FEF7B8F98B20FE
:10277000FEF7B5F90020FEF7B2F99920FEF7AFF9A0
:102780000020FEF7ACF9A820FEF7A9F90020FEF71B
:10279000A6F9B920FEF7A3F90020FEF7A0F9C4209E
:1027A000FEF79DF90020FEF79AF9CA20FEF797F987
:1027B0000020FEF794F9D220FEF791F90020FEF7F1
:1027C0008EF9D920FEF78BF90020FEF788F9E0207A
:1027D000FEF785F90020FEF782F9F320FEF77FF976
:1027E0000020FEF77CF9E120FEF770F91620FEF7D5
:1027F00076F90020FEF773F91C20FEF770F900202F
:10280000FEF76DF92220FEF76AF90020FEF767F95E
:102810003620FEF764F90020FEF761F94520FEF747
:102820005EF90020FEF75BF95220FEF758F9002010
:10283000FEF755F96420FEF752F90020FEF74FF934
:102840007A20FEF74CF90020FEF749F98B20FEF7BD
:1028500046F90020FEF743F99920FEF740F90020E1
:10286000FEF73DF9A820FEF73AF90020FEF737F908
:10287000B920FEF734F90020FEF731F9C420FEF745
:102880002EF90020FEF72BF9CA20FEF728F90020C8
:10289000FEF725F9D220FEF722F90020FEF71FF9F6
:1028A000D820FEF71CF90020FEF719F9E020FEF70A
:1028B00016F90020FEF713F9F320FEF710F90020B7
:1028C000FEF70DF9E220FEF701F90520FEF707F902
:1028D0000020FEF704F90B20FEF701F90020FEF7B7
:1028E000FEF81B20FEF7FBF80020FEF7F8F8342076
:1028F000FEF7F5F80020FEF7F2F84420FEF7EFF8B7
:102900000020FEF7ECF84F20FEF7E9F80020FEF774
:10291000E6F86120FEF7E3F80020FEF7E0F8792002
:10292000FEF7DDF80020FEF7DAF88820FEF7D7F88A
:102930000020FEF7D4F89720FEF7D1F80020FEF72C
:10294000CEF8A620FEF7CBF80020FEF7C8F8B72097
:10295000FEF7C5F80020FEF7C2F8C220FEF7BFF868
:102960000020FEF7BCF8C720FEF7B9F80020FEF7FC
:10297000B6F8D120FEF7B3F80020FEF7B0F8D62065
:10298000FEF7ADF80020FEF7AAF8DD20FEF7A7F865
:102990000020FEF7A4F8F320FEF7A1F80020FEF7D0
:1029A0009EF8E320FEF792F80520FEF798F8002045
:1029B000FEF795F80A20FEF792F80020FEF78FF850
:1029C0001C20FEF78CF80020FEF789F83320FEF774
:1029D00086F80020FEF783F84420FEF780F80020F8
:1029E000FEF77DF85020FEF77AF80020FEF777F822
:1029F0006220FEF774F80020FEF771F87820FEF7E9
:102A00006EF80020FEF76BF88820FEF768F80020CB
:102A1000FEF765F89720FEF762F80020FEF75FF8F2
:102A2000A620FEF75CF80020FEF759F8B720FEF765
:102A300056F80020FEF753F8C220FEF750F80020A9
:102A4000FEF74DF8C720FEF74AF80020FEF747F8DA
:102A5000D120FEF744F80020FEF741F8D520FEF71C
:102A60003EF80020FEF73BF8DD20FEF738F80020A6
:102A7000FEF735F8F320FEF732F80020FEF72FF8C6
:102A8000E420FEF723F80120FEF729F80020FEF7E6
:102A900026F80120FEF723F80020FEF720F8022098
:102AA000FEF71DF80020FEF71AF82A20FEF717F8A7
:102AB0000020FEF714F83C20FEF711F80020FEF786
:102AC0000EF84B20FEF70BF80020FEF708F85D200B
:102AD000FEF705F80020FEF702F87420FDF7FFFF6F
:102AE0000020FDF7FCFF8420FDF7F9FF0020FDF733
:102AF000F6FF9320FDF7F3FF0020FDF7F0FFA22083
:102B0000FDF7EDFF0020FDF7EAFFB320FDF7E7FF3B
:102B10000020FDF7E4FFBE20FDF7E1FF0020FDF7F8
:102B2000DEFFC420FDF7DBFF0020FDF7D8FFCD203E
:102B3000FDF7D5FF0020FDF7D2FFD320FDF7CFFF33
:102B40000020FDF7CCFFDD20FDF7C9FF0020FDF7D9
:102B5000C6FFF320FDF7C3FF0020FDF7C0FFE5200F
:102B6000FDF7B4FF0020FDF7BAFF0020FDF7B7FF27
:102B70000020FDF7B4FF0020FDF7B1FF0220FDF7B4
:102B8000AEFF0020FDF7ABFF2920FDF7A8FF0020D6
:102B9000FDF7A5FF3C20FDF7A2FF0020FDF79FFFFA
:102BA0004B20FDF79CFF0020FDF799FF5D20FDF70E
:102BB00096FF0020FDF793FF7420FDF790FF0020A3
:102BC000FDF78DFF8420FDF78AFF0020FDF787FFCA
:102BD0009320FDF784FF0020FDF781FFA220FDF781
:102BE0007EFF0020FDF77BFFB320FDF778FF00207C
:102BF000FDF775FFBE20FDF772FF0020FDF76FFFA8
:102C0000C420FDF76CFF0020FDF769FFCD20FDF724
:102C100066FF0020FDF763FFD320FDF760FF002073
:102C2000FDF75DFFDC20FDF75AFF0020FDF757FFA1
:102C3000F320FDF754FF0020FDF751FFE620FDF7DC
:102C400045FF1120FDF74BFF0020FDF748FF342022
:102C5000FDF745FF0020FDF742FF5620FDF73FFF3F
:102C60000020FDF73CFF7620FDF739FF0020FDF73F
:102C700036FF7720FDF733FF0020FDF730FF662099
:102C8000FDF72DFF0020FDF72AFF8820FDF727FF25
:102C90000020FDF724FF9920FDF721FF0020FDF71C
:102CA0001EFFBB20FDF71BFF0020FDF718FF99203A
:102CB000FDF715FF0020FDF712FF6620FDF70FFF5F
:102CC0000020FDF70CFF5520FDF709FF0020FDF760
:102CD00006FF5520FDF703FF0020FDF700FF45200C
:102CE000FDF7FDFE0020FDF7FAFE4320FDF7F7FE9D
:102CF0000020FDF7F4FE4420FDF7F1FE0020FDF773
:102D0000EEFEE720FDF7E2FE3220FDF7E8FE0020B0
:102D1000FDF7E5FE5520FDF7E2FE0020FDF7DFFEA2
:102D20007620FDF7DCFE0020FDF7D9FE6620FDF7DA
:102D3000D6FE0020FDF7D3FE6720FDF7D0FE002071
:102D4000FDF7CDFE6720FDF7CAFE0020FDF7C7FEA8
:102D50008720FDF7C4FE0020FDF7C1FE9920FDF796
:102D6000BEFE0020FDF7BBFEBB20FDF7B8FE002035
:102D7000FDF7B5FE9920FDF7B2FE0020FDF7AFFE8E
:102D80007720FDF7ACFE0020FDF7A9FE4420FDF7FB
:102D9000A6FE0020FDF7A3FE5620FDF7A0FE0020B2
:102DA000FDF79DFE2320FDF79AFE0020FDF797FE1C
:102DB0003320FDF794FE0020FDF791FE4520FDF73E
:102DC0008EFE0020FDF78BFEE820FDF77FFE002041
:102DD000FDF785FE0020FDF782FE9920FDF77FFEBE
:102DE0000020FDF77CFE8720FDF779FE0020FDF72F
:102DF00076FE8820FDF773FE0020FDF770FE772039
:102E0000FDF76DFE0020FDF76AFE6620FDF767FE08
:102E10000020FDF764FE8820FDF761FE0020FDF72D
:102E20005EFEAA20FDF75BFE0020FDF758FEBB20EA
:102E3000FDF755FE0020FDF752FE9920FDF74FFEED
:102E40000020FDF74CFE6620FDF749FE0020FDF74F
:102E500046FE5520FDF743FE0020FDF740FE5520BD
:102E6000FDF73DFE0020FDF73AFE4420FDF737FE5A
:102E70000020FDF734FE4420FDF731FE0020FDF771
:102E80002EFE5520FDF72BFE0020FDF728FEE92041
:102E9000FDF71CFEAA20FDF722FE0020FDF71FFE15
:102EA0000020FDF71CFE0020FDF719FE0020FDF7B5
:102EB0000DFEAA20FDF713FECF20FDF707FE002030
:102EC000FDF70DFE0020FDF70AFE0020FDF707FECE
:102ED0000020FDF704FE0020FDF701FE0020FDF7B5
:102EE000FEFD0020FDF7FBFD0020FDF7F8FD0020B2
:102EF000FDF7F5FD0020FDF7F2FD0020FDF7EFFDE9
:102F00000020FDF7ECFD0020FDF7E9FD0020FDF7B6
:102F1000E6FD0020FDF7E3FD0020FDF7E0FD0020C9
:102F2000FDF7DDFDF020FDF7D1FD0020FDF7D7FD19
:102F30005020FDF7D4FD0020FDF7D1FD0020FDF766
:102F4000CEFD0020FDF7CBFDF320FDF7BFFD0020F7
:102F5000FDF7C5FDF920FDF7B9FD0620FDF7BFFD22
:102F60001020FDF7BCFD2920FDF7B9FD0020FDF77D
:102F7000B6FD3A20FDF7AAFD5520FDF7B0FD112062
:102F8000FDF7A4FD642004F0A3FD2920FDF79EFDBC
:102F90003520FDF79BFD0020FDF7A1FD5120FDF739
:102FA00095FDFF20FDF79BFD5320FDF78FFD2C20A5
:102FB000FDF795FD5520FDF789FD8220FDF78FFD7A
:102FC0002C20FDF783FD02F0E9B8FE48808845F229
:102FD000105188427ED155214FF47040FDF791FD8C
:102FE000AA214FF20100FDF78CFD52214FF20200A1
:102FF000FDF787FD08214FF20300FDF782FD012157
:103000004FF20400FDF77DFD0D214FF43040FDF738
:1030100078FD0D214BF20100FDF773FD0D214BF200
:103020000200FDF76EFD34214FF43640FDF769FDD7
:1030300034214BF20160FDF764FD34214BF2026054
:10304000FDF75FFD0D214FF43140FDF75AFD0D21D5
:103050004BF20110FDF755FD0D214BF20210FDF76B
:1030600050FD34214FF43740FDF74BFD34214BF236
:103070000170FDF746FD34214BF20270FDF741FD72
:1030800000214FF43240FDF73CFD00214BF20120BE
:10309000FDF737FD00214BF20220FDF732FD242120
:1030A0004FF43840FDF72DFD24214BF60100FDF7CC
:1030B00028FD24214BF60200FDF723FD01214FF4EA
:1030C0003F40FDF71EFD0F214FF43340FDF719FD82
:1030D0000F2100E0FEE34BF20130FDF712FD0F215E
:1030E0004BF20230FDF70DFD34214FF43940FDF76E
:1030F00008FD34214BF60110FDF703FD34214BF69A
:103100000210FDF7FEFC08214FF43540FDF7F9FCF5
:1031100008214BF20150FDF7F4FC08214BF202505C
:10312000FDF7EFFC03214FF44240FDF7EAFC2421B8
:103130004FF43A40FDF7E5FC24214BF60120FDF762
:10314000E0FC24214BF60220FDF7DBFC00214FF4CC
:103150003C40FDF7D6FC78214BF60140FDF7D1FC51
:1031600000214BF60240FDF7CCFC00214FF43D401E
:10317000FDF7C7FC78214BF60150FDF7C2FC00219A
:103180004BF60250FDF7BDFC00214FF43E40FDF729
:10319000B8FC64214BF60160FDF7B3FC00214FF44D
:1031A0005140FDF7AEFC33214DF20110FDF7A9FCB3
:1031B00000214DF20210FDF7A4FC34214DF2031062
:1031C000FDF79FFC00214DF20410FDF79AFC3A2117
:1031D0004DF20510FDF795FC00214DF20610FDF7AC
:1031E00090FC4A214DF20710FDF78BFC00214DF2B7
:1031F0000810FDF786FC5C214DF20910FDF781FCFB
:1032000000214DF20A10FDF77CFC81214DF20B10DC
:10321000FDF777FC00214DF20C10FDF772FCA621A2
:103220004DF20D10FDF76DFC00214DF20E10FDF773
:1032300068FCE5214DF20F10FDF763FC01214DF212
:103240001010FDF75EFC13214DF21110FDF759FC33
:1032500001214DF21210FDF754FC54214DF21310D0
:10326000FDF74FFC01214DF21410FDF74AFC8221BD
:103270004DF21510FDF745FC01214DF21610FDF73A
:1032800040FCCA214DF21710FDF73BFC02214DF224
:103290001810FDF736FC00214DF21910FDF731FC36
:1032A00002214DF21A10FDF72CFC01214DF21B10EA
:1032B000FDF727FC02214DF21C10FDF722FC342102
:1032C0004DF21D10FDF71DFC02214DF21E10FDF701
:1032D00018FC67214DF21F10FDF713FC02214DF27F
:1032E0002010FDF70EFC84214DF22110FDF709FCA2
:1032F00002214DF22210FDF704FCA4214DF223100F
:10330000FDF7FFFB02214DF22410FDF7FAFBB72178
:103310004DF22510FDF7F5FB02214DF22610FDF7C9
:10332000F0FBCF214DF22710FDF7EBFB02214DF210
:103330002810FDF7E6FBDE214DF22910FDF7E1FB39
:1033400002214DF22A10FDF7DCFBF2214DF22B1089
:10335000FDF7D7FB02214DF22C10FDF7D2FBFE2129
:103360004DF22D10FDF7CDFB03214DF22E10FDF790
:10337000C8FB10214DF22F10FDF7C3FB03214DF2C6
:103380003010FDF7BEFB33214DF23110FDF7B9FBD4
:1033900003214DF23210FDF7B4FB6D214DF23310D5
:1033A000FDF7AFFB00214FF45240FDF7AAFB33219C
:1033B0004DF20120FDF7A5FB00214DF20220FDF7A3
:1033C000A0FB01E0C009002034214DF20320FDF7ED
:1033D00098FB00214DF20420FDF793FB3A214DF2BA
:1033E0000520FDF78EFB00214DF20620FDF789FB3D
:1033F0004A214DF20720FDF784FB00214DF2082001
:10340000FDF77FFB5C214DF20920FDF77AFB0021DF
:103410004DF20A20FDF775FB81214DF20B20FDF7DF
:1034200070FB00214DF20C20FDF76BFBA6214DF245
:103430000D20FDF766FB00214DF20E20FDF761FB2C
:10344000E5214DF20F20FDF75CFB01214DF210202C
:10345000FDF757FB13214DF21120FDF752FB01211F
:103460004DF21220FDF74DFB54214DF21320FDF7D4
:1034700048FB01214DF21420FDF743FB82214DF260
:103480001520FDF73EFB01214DF21620FDF739FB1B
:10349000CA214DF21720FDF734FB02214DF218200E
:1034A000FDF72FFB00214DF21920FDF72AFB022129
:1034B0004DF21A20FDF725FB01214DF21B20FDF7EF
:1034C00020FB02214DF21C20FDF71BFB34214DF2A5
:1034D0001D20FDF716FB02214DF21E20FDF711FB0A
:1034E00067214DF21F20FDF70CFB02214DF2202039
:1034F000FDF707FB84214DF22120FDF702FB02219D
:103500004DF22220FDF7FDFAA4214DF22320FDF714
:10351000F8FA02214DF22420FDF7F3FAB7214DF21B
:103520002520FDF7EEFA02214DF22620FDF7E9FAFB
:10353000CF214DF22720FDF7E4FA02214DF2282099
:10354000FDF7DFFADE214DF22920FDF7DAFA02213C
:103550004DF22A20FDF7D5FAF2214DF22B20FDF78E
:10356000D0FA02214DF22C20FDF7CBFAFE214DF2CC
:103570002D20FDF7C6FA03214DF22E20FDF7C1FAEA
:1035800010214DF22F20FDF7BCFA03214DF230201F
:10359000FDF7B7FA33214DF23120FDF7B2FA0321DE
:1035A0004DF23220FDF7ADFA6D214DF23320FDF7DB
:1035B000A8FA00214FF45340FDF7A3FA33214DF24E
:1035C0000130FDF79EFA00214DF20230FDF799FA25
:1035D00034214DF20330FDF794FA00214DF204300E
:1035E000FDF78FFA3A214DF20530FDF78AFA0021F6
:1035F0004DF20630FDF785FA4A214DF20730FDF70E
:1036000080FA00214DF20830FDF77BFA5C214DF283
:103610000930FDF776FA00214DF20A30FDF771FA14
:1036200081214DF20B30FDF76CFA00214DF20C3088
:10363000FDF767FAA6214DF20D30FDF762FA002181
:103640004DF20E30FDF75DFAE5214DF20F30FDF73A
:1036500058FA01214DF21030FDF753FA13214DF2C3
:103660001130FDF74EFA01214DF21230FDF749FA03
:1036700054214DF21330FDF744FA01214DF214307C
:10368000FDF73FFA82214DF21530FDF73AFA01219C
:103690004DF21630FDF735FACA214DF21730FDF71D
:1036A00030FA02214DF21830FDF72BFA00214DF2CD
:1036B0001930FDF726FA02214DF21A30FDF721FAF2
:1036C00001214DF21B30FDF71CFA02214DF21C3096
:1036D000FDF717FA34214DF21D30FDF712FA0221E1
:1036E0004DF21E30FDF70DFA67214DF21F30FDF748
:1036F00008FA02214DF22030FDF703FA84214DF241
:103700002130FDF7FEF902214DF22230FDF7F9F9E3
:10371000A4214DF22330FDF7F4F902214DF22430BB
:10372000FDF7EFF9B7214DF22530FDF7EAF9022157
:103730004DF22630FDF7E5F9CF214DF22730FDF7A8
:10374000E0F902214DF22830FDF7DBF9DE214DF2E0
:103750002930FDF7D6F902214DF22A30FDF7D1F9D3
:10376000F2214DF22B30FDF7CCF902214DF22C3035
:10377000FDF7C7F9FE214DF22D30FDF7C2F9032107
:103780004DF22E30FDF7BDF910214DF22F30FDF72F
:10379000B8F903214DF23030FDF7B3F933214DF282
:1037A0003130FDF7AEF903214DF23230FDF7A9F9C2
:1037B0006D214DF23330FDF7A4F900214FF4544050
:1037C000FDF79FF933214DF20140FDF79AF90021F1
:1037D0004DF20240FDF795F934214DF20340FDF71B
:1037E00090F900214DF20440FDF78BF93A214DF29A
:1037F0000540FDF786F900214DF20640FDF781F9FD
:103800004A214DF20740FDF77CF900214DF20840B6
:10381000FDF777F95C214DF20940FDF772F90021BF
:103820004DF20A40FDF76DF981214DF20B40FDF795
:1038300068F900214DF20C40FDF763F9A6214DF225
:103840000D40FDF75EF900214DF20E40FDF759F9EC
:10385000E5214DF20F40FDF754F901214DF21040E2
:10386000FDF74FF913214DF21140FDF74AF90121FF
:103870004DF21240FDF745F954214DF21340FDF78A
:1038800040F901214DF21440FDF73BF982214DF240
:103890001540FDF736F901214DF21640FDF731F9DB
:1038A000CA214DF21740FDF72CF902214DF21840C4
:1038B000FDF727F900214DF21940FDF722F9022109
:1038C0004DF21A40FDF71DF901214DF21B40FDF7A5
:1038D00018F900E004E302214DF21C40FDF711F954
:1038E00034214DF21D40FDF70CF902214DF21E402E
:1038F000FDF707F967214DF21F40FDF702F902219C
:103900004DF22040FDF7FDF884214DF22140FDF7F6
:10391000F8F802214DF22240FDF7F3F8A4214DF210
:103920002340FDF7EEF802214DF22440FDF7E9F8BF
:10393000B7214DF22540FDF7E4F802214DF2264073
:10394000FDF7DFF8CF214DF22740FDF7DAF802212D
:103950004DF22840FDF7D5F8DE214DF22940FDF764
:10396000D0F802214DF22A40FDF7CBF8F2214DF2BA
:103970002B40FDF7C6F802214DF22C40FDF7C1F8AF
:10398000FE214DF22D40FDF7BCF803214DF22E40F3
:10399000FDF7B7F810214DF22F40FDF7B2F80321E3
:1039A0004DF23040FDF7ADF833214DF23140FDF7D7
:1039B000A8F803214DF23240FDF7A3F86D214DF236
:1039C0003340FDF79EF800214FF45540FDF799F87C
:1039D00033214DF20150FDF794F800214DF20250D1
:1039E000FDF78FF834214DF20350FDF78AF80021DE
:1039F0004DF20450FDF785F83A214DF20550FDF7E0
:103A000080F800214DF20650FDF77BF84A214DF277
:103A10000750FDF776F800214DF20850FDF771F8D8
:103A20005C214DF20950FDF76CF800214DF20A506F
:103A3000FDF767F881214DF20B50FDF762F8002188
:103A40004DF20C50FDF75DF8A6214DF20D50FDF73B
:103A500058F800214DF20E50FDF753F8E5214DF2D4
:103A60000F50FDF74EF801214DF21050FDF749F8C7
:103A700013214DF21150FDF744F801214DF212507F
:103A8000FDF73FF854214DF21350FDF73AF80121AC
:103A90004DF21450FDF735F882214DF21550FDF727
:103AA00030F801214DF21650FDF72BF8CA214DF2E6
:103AB0001750FDF726F802214DF21850FDF721F8B6
:103AC00000214DF21950FDF71CF802214DF21A5059
:103AD000FDF717F801214DF21B50FDF712F80221F6
:103AE0004DF21C50FDF70DF834214DF21D50FDF73D
:103AF00008F802214DF21E50FDF703F867214DF240
:103B00001F50FCF7FEFF02214DF22050FCF7F9FF99
:103B100084214DF22150FCF7F4FF02214DF2225096
:103B2000FCF7EFFFA4214DF22350FCF7EAFF02213E
:103B30004DF22450FCF7E5FFB7214DF22550FCF77C
:103B4000E0FF02214DF22650FCF7DBFFCF214DF2C2
:103B50002750FCF7D6FF02214DF22850FCF7D1FF89
:103B6000DE214DF22950FCF7CCFF02214DF22A5004
:103B7000FCF7C7FFF2214DF22B50FCF7C2FF0221E8
:103B80004DF22C50FCF7BDFFFE214DF22D50FCF7FD
:103B9000B8FF03214DF22E50FCF7B3FF10214DF278
:103BA0002F50FCF7AEFF03214DF23050FCF7A9FF78
:103BB00033214DF23150FCF7A4FF03214DF2325076
:103BC000FCF79FFF6D214DF23350FCF79AFF002167
:103BD0004FF45640FCF795FF33214DF20160FCF79E
:103BE00090FF00214DF20260FCF78BFF34214DF273
:103BF0000360FCF786FF00214DF20460FCF781FFB3
:103C00003A214DF20560FCF77CFF00214DF2066081
:103C1000FCF777FF4A214DF20760FCF772FF0021A5
:103C20004DF20860FCF76DFF5C214DF20960FCF776
:103C300068FF00214DF20A60FCF763FF81214DF21D
:103C40000B60FCF75EFF00214DF20C60FCF759FFA2
:103C5000A6214DF20D60FCF754FF00214DF20E60DD
:103C6000FCF74FFFE5214DF20F60FCF74AFF012101
:103C70004DF21060FCF745FF13214DF21160FCF787
:103C800040FF01214DF21260FCF73BFF54214DF241
:103C90001360FCF736FF01214DF21460FCF731FF91
:103CA00082214DF21560FCF72CFF01214DF21660C8
:103CB000FCF727FFCA214DF21760FCF722FF022113
:103CC0004DF21860FCF71DFF00214DF21960FCF762
:103CD00018FF02214DF21A60FCF713FF01214DF28B
:103CE0001B60FCF70EFF02214DF21C60FCF709FF80
:103CF00034214DF21D60FCF704FF02214DF21E60DD
:103D0000FCF7FFFE67214DF21F60FCF7FAFE02216F
:103D10004DF22060FCF7F5FE84214DF22160FCF7A6
:103D2000F0FE02214DF22260FCF7EBFEA4214DF2E1
:103D30002360FCF7E6FE02214DF22460FCF7E1FE71
:103D4000B7214DF22560FCF7DCFE02214DF2266022
:103D5000FCF7D7FECF214DF22760FCF7D2FE0221FF
:103D60004DF22860FCF7CDFEDE214DF22960FCF714
:103D7000C8FE02214DF22A60FCF7C3FEF2214DF28B
:103D80002B60FCF7BEFE02214DF22C60FCF7B9FE61
:103D9000FE214DF22D60FCF7B4FE03214DF22E60A2
:103DA000FCF7AFFE10214DF22F60FCF7AAFE0321B5
:103DB0004DF23060FCF7A5FE33214DF23160FCF787
:103DC000A0FE03214DF23260FCF79BFE6D214DF207
:103DD0003360FCF796FE55214FF47040FCF791FEDE
:103DE000AA214FF20100FCF78CFE52214FF2020093
:103DF000FCF787FE08214FF20300FCF782FE00214A
:103E00004FF20400FCF77DFECC214FF43140FCF76B
:103E100078FE00214BF20110FCF773FE05214FF4F0
:103E20003640FCF76EFE70214FF43740FCF769FE18
:103E300070214BF20170FCF764FE01214FF4384011
:103E4000FCF75FFE03214BF60100FCF75AFE03214D
:103E50004BF60200FCF755FE03214BF60300FCF77E
:103E600050FE02214FF43C40FCF74BFE00214BF684
:103E70000140FCF746FE00214BF60240FCF741FEF4
:103E8000D0214FF44940FCF73CFE02214CF60110D2
:103E9000FCF737FE50214CF60210FCF732FE5021A1
:103EA0004CF60310FCF72DFE50214CF60410FCF7E5
:103EB00028FE00214FF45450FCF723FE55214FF407
:103EC0006850FCF71EFE4FF48850FCF7FFFD782089
:103ED00003F0D4FD4FF42450FCF7F8FD01F05EB977
:103EE000FE48808849F2253188427DD147F6F001AD
:103EF000E520FCF706FE4FF480710120FCF701FE7F
:103F00004FF4E0610220FCF7FCFD41F23001032098
:103F1000FCF7F7FD00210420FCF7F3FD40F202213D
:103F20000820FCF7EEFD00210920FCF7EAFD002146
:103F30000A20FCF7E6FD00210C20FCF7E2FD002141
:103F40000D20FCF7DEFD00210F20FCF7DAFD00213B
:103F50001020FCF7D6FD07211120FCF7D2FD00212F
:103F60001220FCF7CEFD00211320FCF7CAFD002132
:103F70000720FCF7C6FD41F290611020FCF7C1FD5F
:103F800040F227211120FCF7BCFD9D211220FCF7F7
:103F9000B8FD4FF4C8511320FCF7B3FD25212920AB
:103FA000FCF7AFFD0D212B20FCF7ABFD07213020E6
:103FB000FCF7A7FD40F203313120FCF7A2FD0321FD
:103FC0003220FCF79EFD40F206213520FCF799FDDA
:103FD00008213620FCF795FD40F206413720FCF71A
:103FE00090FD4FF4417100E058E03820FCF789FD66
:103FF00007213920FCF785FD40F202613C20FCF7E7
:1040000080FD08213D20FCF77CFD00215020FCF7BD
:1040100078FDEF215120FCF774FD00215220FCF7C0
:1040200070FD40F23F115320FCF76BFD4FF4274128
:104030006020FCF766FD01216120FCF762FD002194
:104040006A20FCF75EFD00218020FCF75AFD00216C
:104050008120FCF756FD00218220FCF752FD002153
:104060008320FCF74EFD00218420FCF74AFD00214F
:104070008520FCF746FD10219020FCF742FD4FF40F
:10408000C0619220FCF73DFD40F233110720FCF7A0
:1040900038FD22210020FCF734FD1FE78F4880887F
:1040A00049F2283188427DD141F28F01EC20FCF7A2
:1040B00028FD41F23421EF20FCF723FD4FF48071FD
:1040C0000120FCF71EFD4FF4E0610220FCF719FD12
:1040D00041F230010320FCF714FD00210420FCF71D
:1040E00010FD40F202210820FCF70BFD0021092001
:1040F000FCF707FD00210A20FCF703FD01210C203D
:10410000FCF7FFFC00210D20FCF7FBFC00210F2039
:10411000FCF7F7FC00211020FCF7F3FC072111202D
:10412000FCF7EFFC00211220FCF7EBFC0021132030
:10413000FCF7E7FC01210720FCF7E3FC322003F049
:10414000C7FC41F290411020FCF7DBFC40F2272134
:104150001120FCF7D6FC322003F0BAFC8A21122091
:10416000FCF7CFFC322003F0B3FC4FF4D051132006
:10417000FCF7C7FC06212920FCF7C3FC0D212B20EE
:10418000FCF7BFFC322003F0A3FC00212020FCF749
:10419000B8FC00212120FCF7B4FC322003F098FC8D
:1041A000002100E075E03020FCF7ABFC40F2046138
:1041B0003120FCF7A6FC40F205313220FCF7A1FCCF
:1041C00000213520FCF79DFC40F609413620FCF724
:1041D00098FC4FF401713720FCF793FC40F2013159
:1041E0003820FCF78EFC40F207713920FCF789FC7F
:1041F00000213C20FCF785FC40F60A213D20FCF71D
:1042000080FC322003F064FC00215020FCF779FC94
:10421000EF215120FCF775FC00215220FCF771FCC6
:1042200040F23F115320FCF76CFC4FF42741602013
:10423000FCF767FC01216120FCF763FC00216A2088
:10424000FCF75FFC00218020FCF75BFC0021812053
:10425000FCF757FC00218220FCF753FC002183204F
:10426000FCF74FFC00218420FCF74BFC002185204B
:10427000FCF747FC10219020FCF743FC4FF4C06191
:104280009220FCF73EFC40F233110720FCF739FC8A
:1042900024E61248808849F2203188427ED10021EC
:1042A0000846FCF72EFC4FF480710120FCF729FC36
:1042B0004FF4E0610220FCF724FC41F230010320BE
:1042C000FCF71FFC00210420FCF71BFC40F202213C
:1042D0000820FCF716FC0021092001E0C00900209D
:1042E000FCF70FFC00210A20FCF70BFC01210C203D
:1042F000FCF707FC00210D20FCF703FC00210F2038
:10430000FCF7FFFB322003F0E3FB40F20111072032
:10431000FCF7F7FB322003F0DBFB4FF48651102053
:10432000FCF7EFFB07211120FCF7EBFB4FF4887142
:104330001220FCF7E6FB4FF430611320FCF7E1FBA1
:1043400000212920FCF7DDFB44F210012B20FCF7B3
:10435000D8FB00215020FCF7D4FBEF215120FCF7C3
:10436000D0FB00215220FCF7CCFB40F23F11532040
:10437000FCF7C7FB4FF41C516020FCF7C2FB012186
:104380006120FCF7BEFB00216A20FCF7BAFB00218C
:104390008020FCF7B6FB0021812000E030E0FCF734
:1043A000B0FB00218220FCF7ACFB00218320FCF74E
:1043B000A8FB00218420FCF7A4FB00218520FCF74A
:1043C000A0FB10219020FCF79CFB00219220FCF721
:1043D00098FB01219320FCF794FB4FF48871952002
:1043E000FCF78FFB00219720FCF78BFB0021982026
:1043F000FCF787FB40F273110720FCF782FB6DE5A9
:10440000FE48808849F2313188427DD141F2140161
:10441000E720FCF776FB4FF480710120FCF771FB7D
:104420004FF400710220FCF76CFB41F238010320CD
:10443000FCF767FB40F202210820FCF762FB002139
:104440000920FCF75EFB00210A20FCF75AFB002143
:104450000C20FCF756FB00210D20FCF752FB00213D
:104460000F20FCF74EFB00211020FCF74AFB072130
:104470001120FCF746FB00211220FCF742FB002133
:104480001320FCF73EFBC82003F022FB41F29061B1
:104490001020FCF736FB40F227211120FCF731FBFE
:1044A000322003F015FB0C211220FCF72AFB3220EE
:1044B00003F00EFB4FF400611320FCF722FB1121E7
:1044C0002920FCF71EFB0B212B20FCF71AFB3220C6
:1044D00003F0FEFA00212020FCF713FB40F23F110D
:1044E0002120FCF70EFB00213020FCF70AFB4FF4E3
:1044F00083713120FCF705FB00213220FCF701FB22
:104500004FF40171352000E064E0FCF7FAFA41F263
:104510000A613620FCF7F5FA40F207713720FCF704
:10452000F0FA4FF483713820FCF7EBFA40F2077190
:104530003920FCF7E6FA40F202413C20FCF7E1FAB0
:1045400040F60F413D20FCF7DCFA00215020FCF73B
:10455000D8FAEF215120FCF7D4FA00215220FCF7C1
:10456000D0FA40F23F115320FCF7CBFA4FF41C5124
:104570006020FCF7C6FA01216120FCF7C2FA002195
:104580006A20FCF7BEFA00218020FCF7BAFA00216D
:104590008120FCF7B6FA00218220FCF7B2FA002154
:1045A0008320FCF7AEFA00218420FCF7AAFA002150
:1045B0008520FCF7A6FA10219020FCF7A2FA4FF410
:1045C000C0619220FCF79DFA40F233110720FCF7FE
:1045D00098FA83E48948808845F2084188427DD171
:1045E0004FF480710120FCF78CFA4FF4E061022057
:1045F000FCF787FA41F230010320FCF782FA002130
:104600000420FCF77EFA40F207210820FCF779FA33
:1046100000210920FCF775FA00210A20FCF771FA45
:1046200000210C20FCF76DFA00210D20FCF769FA3F
:1046300000210F20FCF765FA142003F049FA41F23B
:10464000B0611020FCF75DFA01211120FCF759FA46
:1046500001211720FCF755FA4FF49C711220FCF74A
:1046600050FA4FF400611320FCF74BFA092129207E
:10467000FCF747FA09212A20FCF743FA0021A4207D
:10468000FCF73FFA00215020FCF73BFAEF215120C4
:10469000FCF737FA00215220FCF733FA40F23F11C1
:1046A0005320FCF72EFA4FF41C516020FCF729FA36
:1046B00001216120FCF725FA00216A20FCF721FA8C
:1046C00000218020FCF71DFA00218120FCF719FA57
:1046D00000218220FCF715FA002100E024E083206D
:1046E000FCF70FFA00218420FCF70BFA002185204B
:1046F000FCF707FA13219020FCF703FA002192201F
:10470000FCF7FFF903219320FCF7FBF94FF48871C4
:104710009520FCF7F6F940F273110720FCF7F1F948
:10472000322003F0D5F9B8E43448808841F20551CD
:1047300088427DD100210720FCF7E3F9322003F005
:10474000C7F94FF48E711220FCF7DBF90121A42088
:10475000FCF7D7F90F210820FCF7D3F908210A202C
:10476000FCF7CFF908210D20FCF7CBF940F20771D7
:104770003020FCF7C6F907213120FCF7C2F940F2DE
:1047800003613220FCF7BDF94FF4E0613320FCF700
:10479000B8F940F202213420FCF7B3F902213520A8
:1047A000FCF7AFF941F60F713620FCF7AAF940F299
:1047B00007713720FCF7A5F900213820FCF7A1F993
:1047C00000213920FCF79DF940F207713A20FCF7EF
:1047D00098F900213B20FCF794F907213C20FCF7D5
:1047E00090F900213D20FCF78CF9322003F070F99C
:1047F00001210720FCF785F9012101E0C009002013
:104800001720FCF77EF9322003F062F94FF4BD5116
:104810001020FCF776F940F217211120FCF771F90E
:104820004FF48F711220FCF76CF94FF4706100E0C7
:1048300098E01320FCF765F900212A20FCF761F9C4
:104840000A212920FCF75DF94FF49F711220FCF733
:1048500058F900215020FCF754F9EF215120FCF7C2
:1048600050F900215220FCF74CF940F23F1153203F
:10487000FCF747F94FF41C516020FCF742F9012185
:104880006120FCF73EF900216A20FCF73AF900218B
:104890008020FCF736F900218120FCF732F9002155
:1048A0008220FCF72EF900218320FCF72AF9002151
:1048B0008420FCF726F900218520FCF722F913213A
:1048C0009020FCF71EF94FF440719220FCF719F983
:1048D00005219320FCF715F900219520FCF711F92B
:1048E00000219720FCF70DF900219820FCF709F929
:1048F0004FF480710120FCF704F94FF4E0610220CD
:10490000FCF7FFF841F238010320FCF7FAF8002128
:104910000420FCF7F6F800210C20FCF7F2F8002147
:104920000F20FCF7EEF800212020FCF7EAF8002128
:104930002120FCF7E6F821210720FCF7E2F81420FB
:1049400003F0C6F861210720FCF7DBF8142003F020
:10495000BFF840F273110720FCF7D3F8142003F0DE
:10496000B7F895E4FE4880884BF2055188427CD127
:1049700000210846FCF7C5F800210846FCF7C1F8FD
:1049800000210846FCF7BDF800210846FCF7B9F8FD
:104990000121A420FCF7B5F8142003F099F84FF496
:1049A0001C516020FCF7ADF840F202210820FCF712
:1049B000A8F84FF405713020FCF7A3F843F2157105
:1049C0003120FCF79EF840F204613220FCF799F8A0
:1049D00040F616613320FCF794F842F2112134209E
:1049E000FCF78FF84FF4A8513520FCF78AF848F20D
:1049F00007513620FCF785F841F207413720FCF7D4
:104A000080F841F203413820FCF77BF8202139205F
:104A1000FCF777F81A219020FCF773F8002110209A
:104A2000FCF76FF807211120FCF76BF8002112202A
:104A3000FCF767F800211320FCF763F8142003F05B
:104A400047F84FF4E6611020FCF75BF840F23711AD
:104A50001120FCF756F8142003F03AF84FF4DC71FB
:104A60001220FCF74EF8142000E085E003F030F847
:104A70004FF470611320FCF744F880212A20FCF7E2
:104A800040F848212920FCF73CF8142003F020F8D6
:104A90004FF480710120FCF734F84FF4E0610220FC
:104AA000FCF72FF841F238010320FCF72AF840F216
:104AB00002210820FCF725F800210A20FCF721F844
:104AC00000210C20FCF71DF800210D20FCF719F83F
:104AD00030210E20FCF715F800215020FCF711F8CA
:104AE000EF215120FCF70DF800215220FCF709F8C6
:104AF00040F23F115320FCF704F84FF41C516020A2
:104B0000FBF7FFFF01216120FBF7FBFF00216A207B
:104B1000FBF7F7FF11219020FBF7F3FF4FF4C06183
:104B20009220FBF7EEFF40F202419320FBF7E9FFF2
:104B300002219420FBF7E5FF142002F0C9FF0121B8
:104B40000720FBF7DEFF142002F0C2FF61210720DF
:104B5000FBF7D7FF40F273110720FBF7D2FF0021CC
:104B60002020FBF7CEFF00212120FBF7CAFF2221E6
:104B70000020FBF7C6FF11E3794880884CF205510D
:104B800088427CD100210846FBF7BBFF0021084684
:104B9000FBF7B7FF142002F09BFF00210846FBF74C
:104BA000B0FF00210846FBF7ACFF00210846FBF7E9
:104BB000A8FF00210846FBF7A4FF0121A420FBF772
:104BC000A0FF142002F084FF4FF41C516020FBF77B
:104BD00098FF40F606010820FBF793FF40F20371AF
:104BE0003020FBF78EFF01213120FBF78AFF0421E3
:104BF0003220FBF786FF4FF481713320FBF781FFF2
:104C00004FF440713420FBF77CFF40F20311352054
:104C1000FBF777FF1F213620FBF773FF40F203718C
:104C20003720FBF76EFF01213820FBF76AFF0421D4
:104C30003920FBF766FF15219020FBF762FF4FF448
:104C400082611020FBF75DFF40F247211120FBF746
:104C500058FF4FF4DE711220FBF753FF4FF46061F1
:104C60001320FBF74EFF782002F032FF4FF48071E3
:104C70000120FBF746FF4FF40071022000E052E0F4
:104C8000FBF73FFF41F230010320FBF73AFF082119
:104C90000A20FBF736FF00210C20FBF732FF202112
:104CA0000E20FBF72EFF00210F20FBF72AFF00212B
:104CB0002020FBF726FF00212120FBF722FF3D21CA
:104CC0002A20FBF71EFF142002F002FF2D212920CD
:104CD000FBF717FF00215020FBF713FF4DF2EF0108
:104CE0005120FBF70EFF00215220FBF70AFF40F294
:104CF0003F115320FBF705FF00216120FBF701FF67
:104D000000216A20FBF7FDFE4FF440719220FBF773
:104D1000F8FE05219320FBF7F4FE4FF48071072085
:104D2000FBF7EFFE3AE20E48808844F231518842A8
:104D30007ED101210020FBF7E4FE0A2002F0C8FE2C
:104D400041F228611020FBF7DCFE0E211220FBF758
:104D5000D8FE40F639211320FBF7D3FE0A2001E0EC
:104D6000C009002002F0B4FE40211120FBF7C9FE6B
:104D700050211520FBF7C5FE0A2002F0A9FE1E21D6
:104D80001220FBF7BEFE0A2002F0A2FE4FF4B15142
:104D90001020FBF7B6FE42F639211320FBF7B1FED7
:104DA0000A2002F095FE4FF480710120FBF7A9FE66
:104DB0004FF440710220FBF7A4FE41F238010320BA
:104DC000FBF79FFE40F202210820FBF79AFE082124
:104DD0000A20FBF796FE00213020FBF792FE40F2FE
:104DE00002413120FBF78DFE4FF483713220FBF737
:104DF00088FE40F203513320FBF783FE4FF48271AB
:104E00003420FBF77EFE40F201313520FBF779FEBE
:104E100040F207713620FBF774FE40F2053137206F
:104E2000FBF76FFE4FF402713820FBF76AFE00E0DB
:104E30003EE040F60B713920FBF763FE0221412072
:104E4000FBF75FFE4FF41C516020FBF75AFE012177
:104E50006120FBF756FE4FF404719020FBF751FEE2
:104E60004FF485719220FBF74CFE04219320FBF751
:104E700048FE4FF48071A020FBF743FE012107207C
:104E8000FBF73FFE21210720FBF73BFE23210720F4
:104E9000FBF737FE33210720FBF733FE40F23311D7
:104EA0000720FBF72EFE0021A020FBF72AFE75E16C
:104EB000F748808844F2355188427CD13021152052
:104EC000FBF71FFE10219A20FBF71BFE202111206B
:104ED000FBF717FE43F228411020FBF712FE0221D8
:104EE0001220FBF70EFE41F238011320FBF709FEFA
:104EF000282002F0EDFD12210846FBF702FE2820D3
:104F000002F0E6FD43F220411020FBF7FAFD43F2E8
:104F100038011320FBF7F5FD462002F0D9FD0021F2
:104F20003020FBF7EEFD40F202413120FBF7E9FDB6
:104F300040F207313220FBF7E4FD4FF4417133209A
:104F4000FBF7DFFD04213420FBF7DBFD40F20141DC
:104F50003520FBF7D6FD40F207713620FBF7D1FD77
:104F600040F205313720FBF7CCFD4FF4C261382009
:104F7000FBF7C7FD4FF4C2613920FBF7C2FD4FF4C8
:104F800080710120FBF7BDFD4FF440710220FBF75B
:104F9000B8FD41F230010320FBF7B3FD40F60801F4
:104FA0000820FBF7AEFD08210A20FBF7AAFD4FF40D
:104FB0001C51602000E033E0FBF7A3FD01216120DC
:104FC000FBF79FFD4FF49F719020FBF79AFD4FF484
:104FD00080719220FBF795FD4FF480719320FBF7D1
:104FE00090FD4FF44051A020FBF78BFD1021A32032
:104FF000FBF787FD01210720FBF783FD2121072017
:10500000FBF77FFD23210720FBF77BFD33210720E2
:10501000FBF777FD40F233110720FBF772FDBDE08F
:105020009B48808841F663118842F8D1E220FBF763
:105030004DFD1D20FBF753FD0220FBF750FD042022
:10504000FBF74DFD642002F019FDE020FBF73EFD6B
:105050000120FBF744FD0A2002F03AFDE020FBF7B7
:1050600035FD0320FBF73BFD0C2002F031FD012054
:10507000FBF72CFD0A2002F02BFDE620FBF726FDB6
:105080002F20FBF72CFDFF20FBF729FDFF20FBF76E
:1050900026FDB020FBF71AFD2020FBF720FD0020A5
:1050A000FBF71DFD0320FBF71AFD40F21F30FBF755
:1050B00016FD0120FBF713FD40F2DF10FBF70FFD9B
:1050C0000020FBF70CFDB420FBF700FD0420FBF7EC
:1050D00006FD40F21F40FBF702FD0020FBF7FFFC3E
:1050E0002E20FBF7FCFC0020FBF7F9FC0020FBF76F
:1050F000F6FC0020FBF7F3FC0020FBF7F0FCB620E9
:10510000FBF7E4FC0220FBF7EAFC4FF40370FBF72B
:10511000E6FC0020FBF7E3FC1720FBF7E0FC152082
:10512000FBF7DDFC0020FBF7DAFC0020FBF7D7FCE7
:10513000F020FBF7CBFC0320FBF7D1FC2920FBF789
:10514000C5FCD020FBF7C2FC0020FBF7C8FCBE204A
:10515000FBF7BCFC0520FBF7C2FCFE20FBF7BFFC05
:105160000120FBF7BCFC0020FBF7B9FC0020FBF79B
:10517000B6FC0020FBF7B3FCB820FBF7A7FC03202C
:10518000FBF7ADFC0120FBF7AAFCBA20FBF79EFC65
:105190000120FBF7A4FC6420FCF70BF90020FCF7CE
:1051A00034F901203B4908604FF6FF70FCF71CFB07
:1051B00021B000BD2DE9FC4F05460E461746984626
:1051C000DDF82C90002001903148808846F60401DB
:1051D000884229D12E488079012825D1AB46354611
:1051E0002B480088C01B401E86B2474628480088CE
:1051F000A0EB0B00401E1FFA80F8002024498871A4
:105200002A2048812B20888143463A463146284649
:10521000CDF80090FFF7CEFF01201D4988712B20AB
:1052200048812A2088811DE0781B401C80B20190B3
:10523000344615E021462846FBF792FCFBF773FC49
:105240004FF0000A07E04FF0D840A0F880900AF134
:1052500001001FFA80FA01988245F4DB601C84B2D9
:105260004445E7DDBDE8FC8F2DE9F84F07460D46C4
:1052700090469946DDF828B0A8EB0700401C1FFABD
:1052800080FAA9EB0500401C80B20090002418E0D1
:10529000C0090020BC824042281981B23846FBF781
:1052A0005FFCFBF740FC002607E004FB0A603BF8CC
:1052B0001000F8490880701C86B25645F5DB601C6A
:1052C00084B200988442E7DBBDE8F88F2DE9FF4FF8
:1052D00084B081468A460020039002900698A0EB95
:1052E00009050798A0EB0A06CDF80490CDF800A0B8
:1052F000002D01DD012705E00DB9002702E04FF088
:10530000FF376D42002E02DD4FF0010806E016B9AE
:105310004FF0000802E04FF0FF387642B54201DD61
:105320002C4600E034464FF0000B21E0009A91B289
:10533000019A90B2FBF76DFF0398284403900298FE
:10534000304402900398A04205DD0398001B0390AF
:105350000198384401900298A04205DD0298001B94
:1053600002900098404400900BF101001FFA80FB6E
:10537000601C8345DADD08B0BDE8F08FF0B5044667
:105380000D4616461F462B46324629462046FFF755
:105390009DFF3B46224629462046FFF797FF3B46A6
:1053A000324639462046FFF791FF3B4632462946B2
:1053B0003046FFF78BFFF0BD2DE9F04306460F4660
:1053C0009046002445460320A0EB48093CE07A1BA8
:1053D00091B2321990B2FBF71CFF3A1B91B27219CD
:1053E00090B2FBF716FF3A1991B2721990B2FBF71F
:1053F00010FF7A1991B2321990B2FBF70AFF7A19AD
:1054000091B2321B90B2FBF704FF3A1991B2721BB2
:1054100090B2FBF7FEFE7A1B91B2321B90B2FBF703
:10542000F8FE3A1B91B2721B90B2FBF7F2FE641CBD
:10543000B9F1000F03DAA000801D814404E0601B75
:1054400080000A3081446D1EAC42C0DDBDE8F083AF
:105450002DE9F84F80460E4617461C46B3462046B7
:10546000E31704EB5373DB1021464FEAE47C04EBB3
:105470005C7C4FEAEC0CA4EBCC0CBCF1000F02D02E
:105480004FF0010C01E04FF0000C6344224604EBA6
:10549000D27C4FEA6C0C03FB0CF3DBB20093A7F158
:1054A0002000C7B2002556E00C2C07D107EB4700BF
:1054B000794901EB800010F8059013E0102C05D11C
:1054C000764800EB071010F805900BE0182C07D178
:1054D00007EBC700724901EB800010F8059001E06E
:1054E000BDE8F88F4FF0000A2FE009F0800030B1DE
:1054F0006C48028831464046FBF799FE07E00A985F
:1055000028B96948028831464046FBF790FE4FEAC9
:1055100049604FEA1069701C86B264484088B04206
:1055200000DCDDE7A6EB0B00A0420AD15E4608F1E5
:1055300001001FFA80F85D480088404500DCCFE795
:1055400006E00AF1010000F0FF0ABAF1080FCCDB17
:1055500000BF681CC5B200988542A5DB00BFBFE74D
:1055600010B50246012000E050430B1EA1F10104DA
:10557000E1B2F9D110BD2DE9FF4F81B00746914648
:105580001E460E9D4FF0000A002439E0301B401EDD
:10559000C1B20A20FFF7E4FFB9FBF0F00A21B0FB2B
:1055A000F1F201FB1208BAF1000F16D1701EA042F1
:1055B00013DDB8F1000F0ED10020AB4605EBDB7117
:1055C000491001FB0471009088B22B4620220299F9
:1055D000FFF73EFF12E04FF0010A0020AB4605EB5B
:1055E000DB71491001FB0471009088B208F13001B1
:1055F000CAB22B460299FFF72BFF00BF601CC4B252
:10560000B442C3DB05B0BDE8F08F2DE9FF4F82B097
:10561000064692461F46DDE90F480020019000250E
:105620005CE0781B401EC1B20A20FFF799FFBAFB6D
:10563000F0F00A21B0FBF1F201FB1209019840BB26
:10564000781EA84236DDB9F1000F31D108F0800094
:1056500078B108F00100A34604EBDB71491001FBAF
:105660000561009088B2234630220399FFF7F0FECF
:105670000EE008F00100A34604EBDB71491001FBCA
:105680000561009088B2234620220399FFF7E0FECF
:1056900022E00FE08000006C4CC80008C0CC00087D
:1056A000B0D200081C0000201E000020C00900200D
:1056B0000120019008F00100A34604EBDB714910C2
:1056C00001FB0561009088B209F13001CAB223469E
:1056D0000399FFF7BDFE00BF681CC5B2BD42A0DB49
:1056E00006B0BDE8F08F2DE9F84704460D46904618
:1056F0009946DDE9096704F0FF0A08EB04001FFA88
:1057000080F809EB05001FFA80F916E0444502DB3A
:105710005446A81985B24D4500DB14E000200090E6
:105720003A78334629462046FFF792FE304606EB8C
:10573000D07104EB61018CB27F1C38787E2802DCCA
:1057400038782028E2DA00BFBDE8F8871CB50121CF
:10575000112003F027F91C20009000208DF8040090
:1057600003208DF8050001208DF8070069463548B3
:1057700002F096FB0120009002208DF80700694698
:10578000314802F08DFB1CBD10B5044614B1012058
:105790002E4908702D480078002837D0102129485C
:1057A00002F0E0FB78B10821264802F0DBFB50B1A3
:1057B0000421244802F0D6FB28B10121224802F03E
:1057C000D1FB012822D10A2002F082F900201F49D2
:1057D000087010211B4802F0C5FB08B9012010BD5C
:1057E0000821184802F0BEFB08B90220F7E704219F
:1057F000144802F0B7FB08B90320F0E70121124872
:1058000002F0B0FB01281BD10420E8E710210D486D
:1058100002F0A8FB012813D108210A4802F0A2FBDC
:1058200001280DD10421074802F09CFB012807D173
:105830000121054802F096FB10B9012003490870C8
:105840000020CCE7001002400000024020000020B1
:105850001CB50121202003F0A5F84FF480700090C2
:1058600001208DF8040000208DF8060003208DF83B
:10587000050002208DF807006946044802F010FB7D
:105880004FF48071014802F089FB1CBD00140240F6
:105890001CB50121022003F085F84FF44070009000
:1058A00001208DF8040000208DF8060003208DF8FB
:1058B000050001208DF807006946894802F0F0FADA
:1058C0000120884908608849C1F8A4021CBD10B5B0
:1058D0008348006820F44020814908600846006839
:1058E00040F48020086001207E49091D08607E493F
:1058F000C1F8A002042002F0C1F800207949091D76
:105900000860042002F0BAF800207749C1F8A0022C
:1059100010BD10B57248006820F44020704908603E
:105920000846006840F48020086000206D49086047
:105930006D49C1F8A402042002F0A0F801206949D1
:1059400008606949C1F8A402042002F097F810BD6C
:1059500010B500246248006820F4402060490860C7
:1059600008460068086001205E49091D086002F0D1
:1059700085F801205C49C1F8A00202F07FF807E039
:10598000601CC4B2FA2C03DDFFF7C3FF012010BD79
:1059900054487C3800680028F2D15249086000BFA2
:1059A000F5E710B500204F4908604D48006820F425
:1059B00040204B4908600846006840F48020086099
:1059C00000204949C1F8A402022002F057F8012042
:1059D00044490860022002F051F800204249C1F811
:1059E000A00210BD10B500203E4908603C48006888
:1059F00020F440203A4908600846006840F48020BE
:105A0000086001203849C1F8A402022002F036F8EB
:105A1000012034490860022002F030F800203249A9
:105A2000C1F8A00210BD70B504462D48006820F4EE
:105A300040202B4908600846006840F48020086038
:105A4000002028490860002517E0E0092549091DC4
:105A500008606006040E022002F010F801202249BE
:105A6000C1F8A002022002F009F800201D490860D8
:105A7000022002F003F8681CC5B2082DE5DB70BDFA
:105A800070B5054600241648006820F440201449EB
:105A90000860084600680860002616E000201149EA
:105AA0000860022001F0EAFF01200F49C1F8A002BE
:105AB0006006040E0B487C38006808B1601CC4B254
:105AC000012001F0DBFF701CC6B2082EE6DB15B921
:105AD000FFF788FF01E0FFF764FF204670BD00007C
:105AE00000040240A08240420080404210B5FFF70F
:105AF000CFFE10BD70B504460026FFF7E8FE254630
:105B0000E11704EB11610912A02202EB4101C8B2B6
:105B1000FFF789FFFFF71CFFE11704EB1161091282
:105B2000A4EB0121C8B2FFF77EFFFFF711FFFFF7DB
:105B3000CEFEA120FFF777FFFFF70AFF0020FFF757
:105B40009FFF0646FFF7E5FE304670BD70B5044680
:105B50000E46FFF7BCFE2546E11704EB1161091262
:105B6000A02202EB4101C8B2FFF75DFFFFF7F0FE94
:105B7000E11704EB11610912A4EB0121C8B2FFF790
:105B800052FFFFF7E5FE3046FFF74DFFFFF7E0FE5F
:105B9000FFF7BFFE0A2001F09BFF70BD2DE9F04129
:105BA00005460E461746002409E0E20026FA02F2F6
:105BB000D1B22A1990B2FFF7C9FF601CC4B2BC422F
:105BC000F3DBBDE8F0812DE9F04107460C460026E5
:105BD000002509E036023919491B491E88B2FFF732
:105BE00089FF0644681CC5B2A542F3DB3046BDE818
:105BF000F08110B5FF20FFF77DFF0446552C01D141
:105C0000002010BD5521FF20FFF7A0FFFF20FFF768
:105C100071FF0446552C01D10020F2E70120F0E786
:105C200070B506460C46154608E03046721C96B222
:105C3000FFF760FF04F8010B681E85B2002DF4D158
:105C400070BD70B505460C46164606E0217828461C
:105C5000FFF77CFF681C85B2641C301EA6F10101B1
:105C60008EB2F3D170BD000010B5022001F006FF26
:105C700010BD1CB50121222002F094FE01200090ED
:105C80008DF804008DF806008DF80700694662481B
:105C900002F006F94FF40060009001208DF8040036
:105CA00069465E4802F0FCF81CBD10B501205C4955
:105CB00008605C49C1F88002FFF7D6FF0020584910
:105CC0000860FFF7D1FF00205649C1F88002FFF7B6
:105CD000CBFF10BD10B5002051490860FFF7C4FF8D
:105CE00001205049C1F88002FFF7BEFF01204C4956
:105CF0000860FFF7B9FF10BD70B500240025012032
:105D000047490860FFF7B0FF01204649C1F880020B
:105D1000FFF7AAFF09E0601CC4B2FA2C03DDFFF70D
:105D2000D9FF012506E0FFF79FFF3D488038006856
:105D30000028F0D100BF00203B490860FFF794FF26
:105D4000284670BD10B5002035490860FFF78CFF6C
:105D500001203449C1F88002FFF786FF0020324954
:105D60000860FFF781FF01203049C1F8AC02FFF75E
:105D70007BFF10BD10B5012029490860FFF774FFB3
:105D800001202849C1F88002FFF76EFF0020264954
:105D90000860FFF769FF10BD70B50446002511E0EB
:105DA000E0091F490860FFF75FFF01201D49C1F8A6
:105DB0008002FFF759FF00201B4908606006040EAF
:105DC000681CC5B2082DEBDB01201549086070BDC9
:105DD00070B505460024002613E06006040E01207D
:105DE00011490860FFF740FF1048D0F82C0208B1B5
:105DF000601CC4B200200C490860FFF735FF701C1E
:105E0000C6B2082EE9DB15B9FFF7B4FF01E0FFF7D2
:105E100099FF204670BD00000004024000140240BB
:105E2000AC82424200804042808240420080424236
:105E30002DE9F04104460E4617464FF00008FFF7E3
:105E400034FF2820FFF7A8FFFFF756FF2012FFF7C7
:105E5000A3FFFFF751FFE0B2FFF79EFFFFF74CFFF4
:105E600000250BE0705DFFF797FFFFF745FF8046C9
:105E7000B8F1000F00D003E0681CC5B2BD42F1DBF1
:105E800000BFFFF727FF4046BDE8F08138B5054663
:105E9000002400208DF800008DF8015000BF09E0BB
:105EA0009DF80000DB49095D0844C0B28DF8000090
:105EB000601CC4B2B82CF3D39DF80000C043401C52
:105EC000C0B28DF80000B822D24948F24700FFF76F
:105ED000AFFF0222694648F2FF00FFF7A9FF00204A
:105EE00038BD2DE9F04105460F461646FFF7DDFEA9
:105EF0002820FFF751FFFFF7FFFE2812FFF74CFFA6
:105F0000FFF7FAFEE8B2FFF747FFFFF7F5FEFFF7EE
:105F1000CCFE2920FFF740FFFFF7EEFE00240BE048
:105F2000711EA14201D0012100E000210846FFF7C7
:105F30004FFF3855601CC4B2B442F1DBFFF7CAFE14
:105F4000BDE8F0811FB50121062002F02BFD0220E3
:105F5000009000208DF804008DF8060003208DF8D5
:105F6000050001208DF807006946AB4801F098FF55
:105F70004FF40050009001208DF804006946A748B6
:105F800001F08EFFFFF775FE0020A54908600A208A
:105F900001F09EFD0120A349C1F8B4020A2001F0DE
:105FA00097FD0220009001208DF8040000208DF85C
:105FB00007006946984801F073FF642001F088FDEE
:105FC000042202A948F24010FFF78BFF00208DF851
:105FD0000C0002A994A005F053FD96A102A805F0BB
:105FE00021FE48BB02208DF80800012202A948F2D8
:105FF0004000FFF71DFF012202A948F24700FFF70A
:1060000070FF9DF80800602807DA9DF808108BA043
:1060100005F036FD0120FFF739FF0A2001F058FD99
:1060200000208DF80800012202A948F24000FFF785
:10603000FFFE002004B010BD0020FBE771B583B067
:106040000024002682480078401C814908700846D8
:1060500000780A2190FBF1F201FB120018B17C4894
:1060600000780A287EDA012203A948F24E10FFF7D1
:1060700038FF00200190012201A948F24E10FFF7DD
:10608000D7FE9DF80C0000F00F0000286AD09DF8A4
:106090000C0000F00F000628E4DA9DF80C0000F078
:1060A0000F01FF208840C0B201906A4890F820504C
:1060B0009DF80400C043C0B240F0C000654981F8BB
:1060C0002000084681898182C18AC183002444E07E
:1060D000604890F820000121A140084020B35E49AB
:1060E00031F81400042202A9FFF7FBFE594890F88A
:1060F000300000F00100C0B19DF808009DF80910C3
:1061000000EB012081B25348163020F814109DF89E
:106110000A009DF80B1000EB0120C0F5487081B219
:106120004C480C3020F8141015E09DF808009DF83C
:10613000091000EB012081B246480C3020F8141001
:106140009DF80A009DF80B1000EB012081B2414838
:10615000163020F81410601CC4B2052CB8DB0126E0
:106160003C4800E02BE080893C490988884205DCF6
:106170003848C08A3949498888421DDD9DF80C009D
:1061800000F00F0001280ADD3248C08931498881BA
:106190000846008BC88200202D4908700FE02D486A
:1061A000808A2C4988810846C08BC8828020039051
:1061B000084680F8205002E00020254908709DF82C
:1061C0000C0000F08F00802819D1224890F82000A0
:1061D00000F0800038B11F4890F8200020F08000C7
:1061E0001C4981F820004FF6FF701A498881C88247
:1061F000084690F8200000F0E00081F820001448E4
:106200000078F02802DD0A2011490870304604B0F9
:1062100070BD00000CE000080004024000080240CD
:10622000B4024142000041424354502049443A25BF
:10623000730D0A003931343700000000446566618F
:10624000756C74205665723A25640D0A00000000D2
:106250002100002024000020C4E00008C009002024
:106260002DE9F04104460E4617464FF00008FFF7AF
:106270001CFDB220FFF790FDFFF73EFD2012FFF757
:106280008BFDFFF739FDE0B2FFF786FDFFF734FD28
:1062900000250BE0705DFFF77FFDFFF72DFD8046C9
:1062A000B8F1000F00D003E0681CC5B2BD42F1DBBD
:1062B00000BFFFF70FFD4046BDE8F0812DE9F0413A
:1062C00005460F461646FFF7F0FCB220FFF764FDC7
:1062D000FFF712FD2812FFF75FFDFFF70DFDE8B293
:1062E000FFF75AFDFFF708FDFFF7DFFCB320FFF7CC
:1062F00053FDFFF701FD00240BE0711EA14201D008
:10630000012100E000210846FFF762FD3855601CBE
:10631000C4B2B442F1DBFFF7DDFCBDE8F08138B573
:106320000446002000900CB18020009001226946B4
:106330004FF45060FFF794FF38BD0EB50020029077
:106340000121062002F02EFB0220009000208DF893
:1063500004008DF8060003208DF8050001208DF85B
:1063600007006946904801F09BFD4FF400500090F3
:1063700001208DF8040069468C4801F091FDFFF77B
:1063800078FC00208A490860642001F0A1FB01200C
:106390008849C1F8B402642001F09AFB0120FFF79C
:1063A000BEFF012202A94FF45060FFF787FF9DF85E
:1063B000081081A005F064FB9DF80800802801D139
:1063C00000200EBD0120FCE731B52DED068B82B01B
:1063D000002400257B480078401C7A490870084654
:1063E00000780A2190FBF1F201FB120018B1754808
:1063F00000780A287EDA012208A90020FFF75EFF54
:106400009DF8200000F01F00002873D09DF82000A8
:1064100000F01F0040F0C0006B4981F8200000240C
:1064200086E0694890F820000121A140084000283A
:106430007CD0664931F81400042201A9FFF73EFF21
:10644000614890F8300000F00100D0B39DF80710CB
:106450009DF8062001EB022005F025FE41EC190B0A
:106460009FED5B0B53EC102B05F084FE41EC180BF9
:1064700005F0ECFD81B25448163020F814109DF858
:1064800005109DF8042001EB022005F00CFE41EC04
:106490001A0B9FED510B53EC102B05F06BFE41ECEA
:1064A000190B9FED4F0B53EC102B05F097FF41ECB0
:1064B000180B05F0CBFD81B243480C3020F81410C6
:1064C00034E0FFE79DF807109DF8062001EB02205D
:1064D00005F0E9FD41EC190B9FED3D0B53EC102B42
:1064E00005F048FE41EC180B05F0B0FD81B23648CE
:1064F0000C3000E02BE020F814109DF805109DF8FA
:10650000042001EB022005F0CEFD41EC190B9FEDBC
:10651000320B53EC102B05F02DFE41EC180B05F05F
:1065200095FD81B22848163020F81410601CC4B2C2
:10653000052CFFF676AF01252348808920B9224833
:10654000C08A08B90020089000201E4908709DF8F4
:10655000200000F01F00D0B91B4890F8200000F088
:10656000800040B1184890F8200020F080001649C3
:1065700081F820000BE04FF6FF7013498881C88234
:10658000084690F8200000F0E00081F820000D4857
:106590000078F02802DD0A200A490870284602B077
:1065A000BDEC068B38BD000000040240000802402C
:1065B000B4024142000041424354502049443A252C
:1065C000780D0A002200002024000020CEE0000800
:1065D0007B14AE47E17AD43FD881734694F6D23F1C
:1065E00000000000000089402DE9F04105460E46FC
:1065F00017464FF00008FFF758FB7020FFF7CCFB61
:10660000FFF77AFBE8B2FFF7C7FBFFF775FB002443
:106610000BE0305DFFF7C0FBFFF76EFB8046B8F183
:10662000000F00D003E0601CC4B2BC42F1DB00BF2D
:10663000FFF750FB4046BDE8F0812DE9F0410646EA
:106640000F461546FFF731FB7020FFF7A5FBFFF75C
:1066500053FBF0B2FFF7A0FBFFF74EFBFFF725FB64
:106660007120FFF799FBFFF747FB00240BE0691E41
:10667000A14201D0012100E000210846FFF7A8FB5C
:106680003855601CC4B2AC42F1DBFFF723FBBDE818
:10669000F0810EB50121062002F084F9022000905D
:1066A00000208DF804008DF8060003208DF8050009
:1066B00001208DF8070069468E4801F0F1FB4FF488
:1066C0000050009001208DF8040069468A4801F0CE
:1066D000E7FBFFF7CEFA002088490860142001F09C
:1066E000F7F901208649C1F8B402322001F0F0F92F
:1066F00000208DF80800012202A9FFF775FF012292
:1067000002A9A420FFF770FF16208DF808000122CF
:1067100002A98020FFF768FF0C208DF808000122F5
:1067200002A98820FFF760FF022202A9A120FFF73B
:1067300084FF9DF8080030280ED19DF80900032839
:106740000AD19DF809009DF8082000EB02216DA0F8
:1067500005F096F900200EBD0120FCE771B581B06F
:10676000002400266A480078401C694908700846E1
:1067700000780A2190FBF1F201FB120018B1644885
:1067800000780A2869DA012201A90220FFF755FFE3
:106790009DF8040000F00F0000285ED09DF8040072
:1067A00000F00F0006287BDA9DF8040000F00F01CE
:1067B000FF208840C5B2E843C0B240F0C000554950
:1067C00081F82000042001F083F900245AE05148A8
:1067D00090F820000121A1400840E8B34E4931F86B
:1067E000140004226946FFF728FF4A4890F8300059
:1067F00000F00100C0B19DF801009DF8001001F00B
:106800000F0100EB01204349163121F814009DF8D7
:1068100003009DF8021001F00F0100EB01213D483B
:106820000C3020F814101DE09DF801009DF80010B8
:1068300001F00F0100EB0120C0F5F07081B2354886
:106840000C3020F814109DF803009DF8021001F0A0
:106850000F0100EB012101E012E021E02D4816308C
:1068600020F814109DF8000000F0F000802807D0F8
:1068700000212848163020F814100A3820F8141087
:10688000601CC4B2052CA2DB01262248808920B9F5
:106890002048C08A08B90020019000201C490870D7
:1068A0009DF8040000F01F00D0B91A4890F82000AD
:1068B00000F0800040B1174890F8200020F08000E0
:1068C000144981F820000BE04FF6FF7011498881D0
:1068D000C882084690F8200000F0E00081F820000F
:1068E0000B480078F02802DD0A200949087030467C
:1068F0007CBD00000004024000080240B402414296
:10690000000041424354502049443A25780D0A0082
:106910002300002024000020D8E0000870B50446C1
:10692000002500BF17E004F0800018B10120FE49E7
:10693000086002E00020FC4908606006040E0020A8
:10694000FA490860012001F099F80120F849C1F8DE
:106950008002681CC5B2082DE5DB70BD70B5064627
:10696000002500240020F1490860F249C1F8AC027A
:10697000F14908603046FFF7D1FF062001F07EF8AC
:106980000020EB49C1F88002012001F077F80120D6
:10699000E649086001F072F80020E549C1F880027C
:1069A00000BF15E04FF6FF7000EA44040020DF4905
:1069B0000860012001F062F80120DD49C1F8800281
:1069C000DA487838006808B1601C84B2681CC5B227
:1069D000102DE7DB24110120D7490860204670BD47
:1069E0002DE9FE4380460027002406E04046FFF7DD
:1069F000B5FF2DF81400601C84B2052CF6DB0024D2
:106A000016E0601C85B20FE03DF814003DF815104B
:106A1000884207DD3DF814603DF815002DF814009C
:106A20002DF81560681C85B2052DEDDB601C84B265
:106A3000042CE6DB0027012405E03DF8140038446F
:106A400087B2601C84B2042CF7DB032097FBF0F0C4
:106A500086B23046BDE8FE832DE9F04104460D467E
:106A6000B6480078FFF7BCFF0646B5480078FFF748
:106A7000B7FF074626802F800120BDE8F0817FB553
:106A800004460D4602A903A8FFF7E6FF064616B91D
:106A9000002004B070BD694601A8FFF7DDFF06467F
:106AA0000EB90020F5E7BDF80400BDF80C108842CF
:106AB00006DCBDF80C10BDF80400323081420CDB5E
:106AC000BDF80C00BDF80410884236DCBDF8041097
:106AD000BDF80C00323081422FDABDF80000BDF85D
:106AE0000810884206DCBDF80810BDF800003230FE
:106AF00081420CDBBDF80800BDF8001088421CDCA8
:106B0000BDF80010BDF808003230814215DABDF83A
:106B10000C10BDF80420881800EBD071C1F34F01B0
:106B20002180BDF80810BDF80020881800EBD07156
:106B3000C1F34F0129800120ABE70020A9E770B520
:106B400004460D4616467F48068004F10D018AB2C0
:106B5000193988B22B462946FEF7B8FB05F10D001E
:106B600083B2193881B222462046FEF7AFFB6A1C79
:106B700091B2621C90B2FAF74CFB6A1C91B2621E91
:106B800090B2FAF746FB6A1E91B2621C90B2FAF715
:106B900040FB6A1E91B2621E90B2FAF73AFB0622DF
:106BA00029462046FEF708FC70BD70B504460D4628
:106BB00016466448068029462046FAF72AFB611CDF
:106BC00088B22946FAF725FB681C81B22046FAF7FD
:106BD00020FB6A1C91B2621C90B2FAF71AFB70BDDE
:106BE00010B5044651487C38006800284ED12CB1BD
:106BF0005549A1F10A00FFF742FF35E05249A1F1E2
:106C00000A00FFF73CFF78B34F481638B0F92C0064
:106C100000EE100AB8EEC00A4B48163890ED091A7B
:106C2000808900EE900AF8EE600A01EE200ABCEEC0
:106C3000C00A10EE100A4449163988810846B0F996
:106C40002E0000EE100AB8EEC00A084690ED0A1AAF
:106C5000C08A00EE900AF8EE600A01EE200ABCEE4F
:106C6000C00A10EE100AC8823748163890F8200083
:106C700000F0800038BBC0203349163981F820006D
:106C8000084681898182C18AC1831CE02E4816385A
:106C900090F8200000F0800050B12B48163890F892
:106CA000200020F080002849163981F820000AE0F1
:106CB0000021254816388182C1834FF6FF70224992
:106CC00016398881C8822048163890F8200000F0D4
:106CD000800010BD10B51C48163890ED090ADFED94
:106CE0001B0A20EE200ABDEEC00A10EE104A042254
:106CF00021462820FEF752FF1348163890ED0A0A65
:106D0000DFED120A20EE200ABDEEC00A10EE104A96
:106D1000042221462C20FEF741FF0B481638B0F91B
:106D20002C100222302013E0AC824242808240428A
:106D30000080404200804242B4024142580000209C
:106D4000590000201C0000203A00002020BCBE4C4E
:106D5000FEF724FFFE48B0F92E1002223220FEF783
:106D60001DFFFB4890F830103420FEF7EFFE0A2498
:106D700021463520FEF7EAFE10BD10B53520FEF79E
:106D8000B9FE04460A2C46D104212820FEF71BFF39
:106D9000044600EE104AB8EEC00A5FED140A80EE19
:106DA000201AEB4880ED091A04212C20FEF70BFF76
:106DB000044600EE104AB8EEC00A5FED1C0A80EEF1
:106DC000201AE34880ED0A1A02213020FEF7FBFE6C
:106DD00000B2DF49888502213220FEF7F4FE00B2BE
:106DE000DB49C8853420FEF785FED94981F830009B
:106DF000084690F8300030B19020D6490870D02075
:106E0000D549087005E0D020D24908709020D249B9
:106E10000870012010BD0020FCE72DE9FC5F04464E
:106E20000D4617461E46DDE90EABDDE90C894FF431
:106E30007840CA490880CAA01021CDE90010C9488D
:106E400043880288A0212820FEF74DFCC6A010210F
:106E5000CDE90010C34843880288A0217820FEF7BE
:106E600042FCC2A01021CDE90010BE484388028830
:106E7000B4212820FEF737FCBDA01021CDE9001079
:106E8000B84843880288B4217820FEF72CFCB9A0CA
:106E90001021CDE90010B34843880288C82128207A
:106EA000FEF721FCB4A01021CDE90010AD484388C5
:106EB0000288C8217820FEF716FCB0A01021CDE989
:106EC0000010A84843880288DC212820FEF70BFC2C
:106ED000ABA01021CDE90010A24843880288DC2134
:106EE0007820FEF700FCA7A01021CDE900109D48F6
:106EF00043880288F0212820FEF7F5FB10200423A8
:106F00002246A02100904020FEF735FB10200423EC
:106F10002A46A02100909020FEF72DFB102004238C
:106F20003A46B42100904020FEF725FB10200423B0
:106F30003246B42100909020FEF71DFB1020042360
:106F40004246C82100904020FEF715FB1020042384
:106F50004A46C82100909020FEF70DFB1020042324
:106F60005246DC2100904020FEF705FB1020042350
:106F70005A46DC2100909020FEF7FDFA10200323F2
:106F80000090F0216020109AFEF7F5FABDE8FC9F12
:106F900000B597B0002012900B9012901F216F48FF
:106FA00001804FF6FF71794801800846FAF71CFC12
:106FB0004FF47841694801804FF6FF70FAF714FCEE
:106FC0000020664908807248006810216423A022CE
:106FD000CDE9001028210846FEF785FB4FF47842E2
:106FE00014210846FFF7ABFD0020594981F8200025
:106FF0009FED680A084680ED090A53E2544840684C
:107000000A9001200A998847514890F8200000F022
:10701000C00040286FD100200B904D4890F8200010
:1070200020F040004A4981F820000846818913AACF
:10703000129822F820104648C18A129802EB80006C
:1070400041801298401CC0B212901298012806D0BC
:10705000022815D0032829D0042810D141E04FF68A
:10706000FF7214210846FFF76AFD3E480088143875
:1070700080B24FF4784214210A90FFF760FDEBE3F1
:1070800038480088143880B24FF6FF7214210A90F5
:10709000FFF755FD33484088143880B24FF47842EA
:1070A00001460A901420FFF74AFDD5E32D48408899
:1070B000143880B24FF6FF7201460A901420FFF791
:1070C0003EFD28484088143880B20A902548008840
:1070D000143880B24FF4784209900A99FFF72FFDD7
:1070E000BAE3BDF84C10BDF85000081A0A90002809
:1070F00002DB0A9802E0B0E30A9840420F90BDF824
:107100004E1013A8C088081A0A90002801DB0A98BC
:1071100001E00A9840420E900F9840430F900E985D
:1071200040430E90DDE90E100844059004F0D2FFB4
:10713000CDE906019DED060B04F096FE8DED080BE2
:107140009DED080B51EC100B04F080FF80B223E0A2
:107150002400002058000020590000201C000020BE
:1071600078313A00C009002079313A0078323A008B
:1071700079323A0078333A0079333A0078343A0079
:1071800079343A006661632069733A001E0000207A
:10719000E4E00008000000001190BDF85400BDF8C4
:1071A0005810401A0A90002801DB0A9801E00A985A
:1071B00040420F9013A84189C089081A0A900028FC
:1071C00001DB0A9801E00A9840420E900F98404374
:1071D0000F900E9840430E90DDE90E100844059084
:1071E00004F078FFCDE906019DED060B04F03CFEAE
:1071F0008DED080B9DED080B51EC100B04F026FFF4
:1072000080B210909DED110AF8EE400A9DED100A33
:10721000B8EE401A80EE810A8DED0A0A0A9805F050
:107220009FFACDE90C019FEDFE0B53EC102B9DED69
:107230000C0B51EC100B04F061FF0ED39FEDFA0B19
:1072400053EC102B9DED0C0B51EC100B05F090F84E
:1072500003D3119808B11098F0BB00201290F448A5
:107260004088143880B20A90F1480088143880B2FF
:107270004FF6FF7209900A99FFF761FC4FF47842CC
:1072800014210846FFF75BFC9FEDEA0B53EC102B33
:107290009DED0C0B51EC100B04F06CFFCDE90801D7
:1072A0009DED080B51EC100B04F0D0FE80B213A939
:1072B0000A90C989BDF8582013AB5B89CDE901322A
:1072C000CDE90310BDF85400009013A8C0880990C0
:1072D000BDF85000089000E00AE0BDF84E000790AD
:1072E000BDF84C00069007A90EC9FFF796FDC3E252
:1072F000BDF84C10BDF85400081A0A90002801DBB4
:107300000A9801E00A9840420F90BDF84E1013A869
:107310004089081A0A90002801DB0A9801E00A98BF
:1073200040420E900F9840430F900E9840430E90AD
:10733000DDE90E100844059004F0CCFECDE906010D
:107340009DED060B04F090FD8DED080B9DED080BF7
:1073500051EC100B04F07AFE80B21190BDF8501081
:10736000BDF85800081A0A90002801DB0A9801E0CD
:107370000A9840420F9013A8C188C089081A0A9041
:10738000002801DB0A9801E00A9840420E900F980D
:1073900040430F900E9840430E90DDE90E100844D4
:1073A000059004F097FECDE906019DED060B04F073
:1073B0005BFD8DED080B9DED080B51EC100B04F0FF
:1073C00045FE80B210909DED110AF8EE400A9DED49
:1073D000100AB8EE401A80EE810A8DED0A0A0A986A
:1073E00005F0BEF9CDE90C019FED8D0B53EC102B90
:1073F0009DED0C0B51EC100B04F080FE0AD39FEDB9
:107400008A0B53EC102B9DED0C0B51EC100B04F080
:10741000AFFF48D20020129085484088143880B2CF
:107420000A9083480088143880B24FF6FF720990A2
:107430000A99FFF784FB4FF4784214210846FFF7BE
:107440007EFB9FED7C0B53EC102B9DED0C0B51EC58
:10745000100B04F08FFECDE908019DED080B51ECF7
:10746000100B04F0F3FD80B213A90A90C989BDF88E
:10747000582013AB5B89CDE90132CDE90310BDF88B
:107480005400009013A8C0880990BDF850000890DF
:10749000BDF84E000790BDF84C00069007A90EC934
:1074A000FFF7BBFCE8E1BDF85000BDF85410401AEE
:1074B0000A90002801DB0A9801E00A9840420F90E8
:1074C00013A8C1884089081A0A90002801DB0A988D
:1074D00001E00A9840420E900F9840430F900E989A
:1074E00040430E90DDE90E100844059004F0F2FDD3
:1074F000CDE906019DED060B04F0B6FC8DED080B01
:107500009DED080B51EC100B04F0A0FD80B2119022
:10751000BDF84C00BDF85810401A0A90002801DB55
:107520000A9801E00A9840420F90BDF84E1013A847
:10753000C089081A0A90002801DB0A9801E00A981D
:1075400040420E900F9840430F900E9840430E908B
:10755000DDE90E100844059004F0BCFDCDE90601FC
:107560009DED060B04F080FC8DED080B9DED080BE6
:1075700051EC100B04F06AFD80B210909DED110AE1
:10758000F8EE400A9DED100AB8EE401A80EE810A2E
:107590008DED0A0A0A9805F0E3F8CDE90C019FED9C
:1075A000200B53EC102B9DED0C0B51EC100B04F049
:1075B000A5FD0AD39FED1C0B53EC102B9DED0C0B7E
:1075C00051EC100B04F0D4FE58D200201290184851
:1075D0004088143880B20A9015480088143880B268
:1075E0004FF6FF7209900A99FFF7A9FA4FF4784213
:1075F00014210846FFF7A3FA9FED0E0B53EC102B56
:107600009DED0C0B51EC100B04F0B4FDCDE908011D
:107610009DED080B51EC100B04F018FD80B20DE04D
:10762000666666666666EE3FCDCCCCCCCCCCF03FD1
:10763000C0090020000000000000594001460A90E7
:1076400013A8C289BDF8580013AB5B89CDE901309E
:10765000CDE90321BDF85400009013A8C08809901B
:10766000BDF850000890BDF84E000790BDF84C00E2
:10767000069007A90EC9FFF7D0FBFDE0BDF850004A
:10768000BDF84C10401A00EE100AF8EEC00AC548CA
:107690000088283800EE100AB8EEC00A80EE201AE2
:1076A000C14880ED091ABDF85000BDF84C100844DF
:1076B00000EE100AF8EEC00ABA48008800EE100A80
:1076C000B8EE400AB84890ED091A01EE600AF0EEF3
:1076D000000A80EE201ABDEEC10A10EE100A01B2B7
:1076E000B148818513A84089BDF84E10401A00EEBC
:1076F000100AF8EEC00AAB484088283800EE100A9D
:10770000B8EEC00A80EE201AA74880ED0A1A13A826
:107710004089BDF84E10084400EE100AF8EEC00A89
:10772000A048408800EE100AB8EE400A9E4890ED4E
:107730000A1A01EE600AF0EE000A80EE201ABDEE91
:10774000C10A10EE100A00B29749C885084690EDAC
:10775000090ABDEEC00A8DED090A0998002801DB6F
:10776000099801E00998404202280FDC8E4890ED0C
:107770000A0ABDEEC00A8DED0A0A0A98002801DB4C
:107780000A9801E00A984042022842DD0020129047
:1077900084484088143880B20A908248008814389F
:1077A00080B24FF6FF7209900A99FFF7C8F94FF4BB
:1077B000784214210846FFF7C2F97CA01021CDE9D8
:1077C0000010784840880A90764800880990024660
:1077D0001A2128200A9BFDF786FF734890F8300095
:1077E00008B9012000E000206F4981F83000084608
:1077F00090F8300030B1902071490870D021714864
:10780000017005E0D0216E48017090206D4908702C
:1078100032E01F216C4801804FF6FF70F9F7E4FF5A
:107820006AA01021CDE900105E4840880A905D48AA
:107830000088099002466E2123200A9BFDF753FF22
:107840004FF47A7000F044F9FFF744FA4FF6FF70F6
:10785000F9F7CAFF17B000BD00BF0A2000F038F9E1
:107860000B98401C80B20B900B98B0F57A7F02DD2C
:10787000FFF783FA02E000BFFFF7C0BB00BF00BF05
:10788000E8E71CB54748808845F21051884220D16E
:10789000FEF758FB18B953484349486004E0FEF727
:1078A0004CFD5148404948603F4890F8300040F056
:1078B00080003D4981F83000084690F83000394991
:1078C000897901F001010843374981F8300000202F
:1078D0001CBD3448808841F66311884218D1FEF7F8
:1078E000D8FE424830494860084690F8300040F0E1
:1078F000800081F83000084690F8300029498979E5
:1079000001F001010843284981F830000020DFE739
:107910000121262001F046F80620009000208DF875
:1079200004008DF8060003208DF8050001208DF875
:10793000070069462E4800F0B3FA012000908DF848
:10794000040069462A4800F0ABFA4FF4005000905A
:1079500001208DF804006946264800F0A1FA4FF492
:107960000060009001208DF804006946224800F074
:1079700097FA0D491631A1F10A00FFF76DF8FEF7ED
:10798000B5F8FFF7FAF908B10020A1E74FF6FF704C
:10799000F9F72AFFFFF7FCFAFFF79CF9FFF7EDF97B
:1079A000012095E7C0090020240000205450204EFB
:1079B00065656420726561646A75737421000000F6
:1079C00058000020590000201C000020546F7563EF
:1079D000682053637265656E2041646A7573742014
:1079E0004F4B21003D600008C96300085D67000837
:1079F00000040240000802400014024010B501F0EB
:107A0000E1FC10BD10B501F022FD10BD10B504461B
:107A1000204603F015FE10BD10B53E480078012841
:107A200005D101F07CFC01F0C0FD01F093FC10BD1C
:107A300070B504466FF0040000F08EF9E11704EB16
:107A40005171C1F3C701344A1170E11704EB517150
:107A5000CD1041F2883045430520304908804FF071
:107A6000E020006940F002004FF0E0210861084684
:107A70004561006940F00100086170BD2DE9F047E3
:107A8000074600264FF0E020D0F8149022480078F6
:107A900007FB00F8FFF7B2FF4FF0E020856911E027
:107AA0004FF0E0208469AC420CD0AC4202D2281BDB
:107AB000064403E0A9EB0400284406442546464555
:107AC00000D300E0ECE700BFFFF79CFFBDE8F087C4
:107AD00070B504460F480078A0B11148007888B905
:107AE0000E480088844206DB0C48008894FBF0F5C1
:107AF0002846FFF78BFF0948008894FBF0F100FB54
:107B0000114084B24FF47A7104FB01F0FFF7B6FF25
:107B100070BD00009E0000205A0000205C00002084
:107B20009100002000BF704700BF4E4A128802F04B
:107B30004002002AF9D0C2B24A4B9A80704710B571
:107B400088B004460121084600F02CFF01211020D6
:107B500000F082FF07220921434800F02CFA072297
:107B60000A21414800F027FA4FF4C0600690022035
:107B70008DF81C008DF81D0000208DF81E000120DE
:107B80008DF81F0006A9384800F08AF902940020F9
:107B9000ADF80C00ADF80E00ADF81000ADF8140013
:107BA0000C20ADF8120002A92E4801F0B6F8012110
:107BB0002C4801F03AF9012240F22551294801F000
:107BC000EAF925208DF8040003208DF805008DF8D2
:107BD000060001208DF8070001A800F070F808B039
:107BE00010BD10B501F09BFB40F225511D4801F07E
:107BF0000DFA10B31B4801F047F9C4B21B480088C6
:107C000000F40040C8B91948008800F4804060B111
:107C10000A2C03D000201549088020E01348008872
:107C200040F400401149088019E00D2C06D10F489E
:107C3000008840F480400D49088010E00B4800881F
:107C4000C0F30D000A490C5408480088401C07493D
:107C5000088008460088C72801DD0020088001F060
:107C600079FB10BD001001400000024064000020BC
:107C7000CE0900200948804709480047FEE7FEE793
:107C8000FEE7FEE7FEE7FEE7FEE7FEE7FEE7FEE7CC
:107C900004480549054A064B704700005909000889
:107CA0008901000878150020781B00207817002033
:107CB0007817002032490143324A1160704770B58D
:107CC000002100230F22C4781CB32E4C246804F436
:107CD000E064C4F5E064C4F30721C1F10404E3B235
:107CE0000A4144789C40E1B28478144021430C0757
:107CF000210E254C05786155047804F01F050124F8
:107D0000AC4005786D11AD0005F1E025C5F80041E6
:107D100009E0047804F01F050124AC401B4D0678EF
:107D2000761145F8264070BD194A0A400243154BAA
:107D30001B1F1A60704739B1124A121D12680243A4
:107D4000104B1B1D1A6006E00E4A121D126882437A
:107D50000C4B1B1D1A607047042808D14FF0E0211E
:107D6000096941F004014FF0E022116107E04FF092
:107D7000E021096921F004014FF0E0221161704710
:107D80000000FA050CED00E000E400E080E100E016
:107D900080FFFF1F10B504469848844208D1012196
:107DA000084600F06AFE0021012000F066FE76E041
:107DB0009348844208D10121022000F05EFE002198
:107DC000022000F05AFE6AE08E48844208D1012168
:107DD000042000F052FE0021042000F04EFE5EE080
:107DE0008948844208D10121082000F046FE002184
:107DF000082000F042FE52E08448844208D101216C
:107E0000102000F03AFE0021102000F036FE46E07F
:107E10007F48844208D10121202000F02EFE00215D
:107E2000202000F02AFE3AE07A48844208D101215D
:107E3000402000F022FE0021402000F01EFE2EE037
:107E40007548844208D10121802000F016FE0021EF
:107E5000802000F012FE22E07048844208D1012107
:107E6000801500F00AFE0021A01500F006FE16E0C5
:107E70006B48844208D10121401500F0FEFD00212D
:107E8000601500F0FAFD0AE06648844207D101213E
:107E9000001500F0F2FD0021201500F0EEFD10BDF0
:107EA000F0B50A4600210023002400BF3DE0012573
:107EB00005FA01F3156805EA03049C4234D105680C
:107EC0004F000326BE40B543056015794E00B5400E
:107ED0000668354305601579012D02D01579022D0C
:107EE00016D185684F000326BE40B543856055799D
:107EF0004E00B540866835438560456801268E4052
:107F0000B5434560456896798E40B6B235434560C5
:107F1000C5684F000326BE40B543C560D5794E0005
:107F2000B540C6683543C560491C1029BFD3F0BDB4
:107F30004FF6FF7101600021017141718171C171C2
:107F4000704708B54FF480320092009A0A430092BD
:107F5000009AC261C161009AC261C2690092C2699D
:107F6000009208BD0246002013690B400BB10120AE
:107F700000E0002070470146086980B27047024661
:107F8000002053690B400BB1012000E00020704736
:107F90000146486980B2704701837047418370474A
:107FA0000AB1018300E04183704741617047426933
:107FB0004A4042617047F0B5002300244D07ED0EA2
:107FC00002FA05F3CE1000F1200555F826504E07B1
:107FD000F70E0F26BE40B543CF1000F1200646F83D
:107FE0002750CE1000F1200555F8265045EA03042D
:107FF000CE1000F1200545F82640F0BD00000240FB
:108000000004024000080240000C02400010024040
:108010000014024000180240001C024000200240F0
:10802000002402400028024030B943F2DB02810004
:10803000A1F1C0410A6005E043F2D2028100A1F142
:10804000C0410A606FF07042411C8900A1F1C0413B
:108050000A608100A1F1C041C1F804217047D0E954
:1080600001121143C268114302691143426911436D
:1080700082691143C2691143026A1143426A114382
:10808000826A1143C26A1143026B11430268920073
:10809000A2F1C0421160816808290BD101688900F2
:1080A000A1F1C041096841F0400201688900A1F1D5
:1080B000C0410A60416B0968426B526841EA021193
:1080C000426B926841EA0221426B928941EA024185
:1080D000426B128A41EA0251426B127D41EA02610F
:1080E000426B926911430268521C9200A2F1C04295
:1080F0001160C16AB1F5804F1BD1816B0968826B39
:10810000526841EA0211826B926841EA0221826B55
:10811000128A41EA0251826B127D41EA0261826B4E
:108120009269114302689200A2F1C042C2F80411A0
:1081300007E06FF0704201688900A1F1C041C1F809
:10814000042170470021016002214160002181600B
:10815000C160016141618161C16101624FF480517F
:108160004162490081620021C1620163F8494163B3
:108170008163704751B18200A2F1C042126842F09F
:1081800001038200A2F1C042136009E08200A2F163
:10819000C0421268EF4B1A408300A3F1C0431A603B
:1081A000704710280AD118214FF020421166402153
:1081B00051664FF0FC319166D16610E01821E64A15
:1081C000116040214FF02042C2F884104FF0FC3182
:1081D000E14A083211604FF02042C2F88C1070471B
:1081E00030B5002100220023446844F0080485686B
:1081F0002C43C5682C4305692C43456944EA452452
:10820000856944EA4531C4692468C5696D6844EAF2
:108210000524C5692D8944EA0544C5692D7B44EAD6
:108220000562046A2468056A6D6844EA0524056AE3
:108230002D8944EA0544056A2D7B44EA05630468F8
:10824000102C05D14FF020442166A266E36608E0B9
:10825000C14C21604FF02044C4F88820BE4C0C343F
:10826000236030BD10210160002141608160C16048
:10827000016141618161FC21C2691160C269516083
:10828000C2699160C269D160026A1160026A51607C
:10829000026A9160026AD160704799B1102808D1D2
:1082A0004FF02042126E42F004024FF020431A6653
:1082B0001DE0A94A126842F004024FF02043C3F8BF
:1082C000802014E0102809D14FF02042126EA14BFB
:1082D000DB1E1A404FF020431A6608E09E4A1268DF
:1082E0009C4BDB1E1A404FF02043C3F880207047A0
:1082F00099B1102808D14FF02042126E42F040028E
:108300004FF020431A661DE0934A126842F0400283
:108310004FF02043C3F8802014E0102809D14FF01B
:108320002042126E8B4B3F3B1A404FF020431A669F
:1083300008E0894A1268874B3F3B1A404FF02043C0
:10834000C3F88020704701460020102903D14FF068
:108350002042506F02E0804A1432106870471820A3
:108360007D492031086000200906C1F8A4004FF0C3
:10837000FC30794928310860091D0860091D086032
:108380007047016841F01001426841EA4221826869
:1083900041EA4231704A20321160C1680968C268FE
:1083A000526841EA0221C268128941EA0241C26868
:1083B000127B41EA0261684A28321160016909684A
:1083C0000269526841EA02210269128941EA0241C6
:1083D0000269127B41EA02615F4A2C3211604169F5
:1083E00009684269526841EA02214269128941EAF8
:1083F00002414269127B41EA02614FF02042C2F819
:10840000B01070470021016041608160FC21C268AA
:108410001160C2685160C2689160C268D16002692F
:10842000116002695160026991600269D16042691C
:10843000116042695160426991604269D160704740
:1084400048B145492031096841F004014FF020420C
:10845000C2F8A01009E04049203109683D4AD21E07
:1084600011404FF02042C2F8A010704710B5F2B191
:10847000102807D14FF020435B6E0B434FF0204490
:10848000636632E0B0F5807F08D1334B1B1D1B685B
:108490000B434FF02044C4F8843026E02E4B2433A5
:1084A0001B680B434FF02044C4F8A4301DE0102893
:1084B00007D14FF020435B6E8B434FF0204463663F
:1084C00013E0B0F5807F08D1234B1B1D1B688B4345
:1084D0004FF02044C4F8843007E01F4B24331B685E
:1084E0008B434FF02044C4F8A43010BD10B50246B1
:1084F00000200023102A03D14FF02044636E09E0CE
:10850000B2F5807F03D1144C241D236802E0124C85
:108510002434236803EA01040CB1012000E00020A8
:1085200010BD102807D14FF02042526E8A434FF001
:1085300020435A6619E0B0F5807F0FD1064A121D1C
:1085400012688A434FF02043C3F884200DE00000F6
:10855000E8E00008FEFF0F00800000A0234A126838
:108560008A434FF02043C3F8A420704770B50246F9
:108570000020002300240025102A03D14FF02046BC
:10858000736E08E0B2F5807F03D1184E203E336849
:1085900001E0164E336803EA010403EAD10514B181
:1085A0000DB1012000E0002070BD102808D14FF06F
:1085B0002042526E22EAD1024FF020435A6614E064
:1085C000B0F5807F09D1094A203A126822EAD10227
:1085D0004FF02043C3F8842007E0044A126822EADF
:1085E000D1024FF02043C3F8A4207047A40000A09C
:1085F000F948006840F00100F74908600020F6499A
:1086000008310860F4480068F4490840F2490860FD
:10861000F348091D0860F348EF4984310860F048C9
:108620001038091D0860EC48006820F48020EA49F1
:1086300008600020E8490C310860E7498C31086087
:1086400070470021E44A921C11701146087070476F
:1086500010B501460022002300204A11012A02D150
:10866000DD4C236808E0022A03D1DB4C7034236818
:1086700002E0D94C7434236801F01F0201249440B5
:108680001C400CB1012000E0002010BD38B50020D6
:1086900000900024002500BF3120FFF7D9FF0546D8
:1086A0000098401C00900098B0F5A04F01D0002D1C
:1086B000F2D03120FFF7CCFF08B1012400E0002404
:1086C000204638BD01460020C34A106820F0F8005B
:1086D00040EAC10010607047C3490860704700213C
:1086E000BD4A703211701170012802D004280AD1DD
:1086F00004E00121B84A7032117005E00521B64A44
:108700007032117000E000BF00BF7047B7490860C9
:10871000704770B5049C41EA82150126C6EB5306EA
:1087200045EA0645054345EA0465AB4E361D35600E
:1087300070BDAD4908667047820142EA0172A64BDE
:1087400084331A607047A8498866704710B5830162
:1087500043EA016343EA02739F4C8834236010BDEF
:10876000A14908677047A049C864704702460020C5
:10877000994B0833186820F0EC6042EA0103184373
:10878000954B08331860704702460020924B08331F
:10879000186820F0784042EA010318438E4B0833F2
:1087A00018607047014600208B4A0832106820F09C
:1087B000030008431060704787480830006800F0E5
:1087C0000C00704701460020834A0832106820F0F0
:1087D000F000084310607047014600207E4A0832CE
:1087E000106820F4E05008431060704701460020F4
:1087F000794A0832106820F4604040EAC1001060F5
:108800007047F0B500210022002402250026022333
:10881000714F08373F6807F00C0121B1042905D0DA
:10882000082937D105E0724F076036E0714F0760C5
:1088300033E0694F3F1D3F68C7F38056664F3F1DC9
:108840003F6807F03F036EB16A4FB7FBF3F7DFF8FD
:1088500088C10CF1040CDCF800C0CCF3881C07FBC9
:108860000CF40CE0624FB7FBF3F7DFF86CC10CF1CE
:10887000040CDCF800C0CCF3881C07FB0CF4564F4A
:108880003F1D3F68C7F301477F1C7D00B4FBF5F730
:10889000076002E0564F076000BF00BF4E4F083729
:1088A0003F6807F0F0010909534F7A5C0768D74029
:1088B0004760494F08373F6807F4E051890A4E4F37
:1088C0007A5C4768D7408760434F08373F6807F4B2
:1088D0006041490B484F7A5C4768D740C760F0BD9C
:1088E000002100F44072B2F5407F0AD13A4A0832C2
:1088F000116821F4F811414A02401143364A083206
:108900001160354A70321268C0F30B031A43324BC0
:1089100070331A60704735494439086070473349ED
:1089200040390860704736490860704701460020AA
:10893000294A8C32106820F01F004A1E1043264A34
:108940008C321060704701460020234A8C32106838
:1089500020F4F8504A1E40EA02201F4A8C32106070
:108960007047014600201C4A8C32106820F44010E9
:1089700008431060704701460020174A8C32106887
:1089800020F4400008431060704701460020124A5E
:108990008C32106820F44030084310607047194949
:1089A0000860704739B10C4A3032126802430A4BF2
:1089B00030331A6006E0084A303212688243064BB0
:1089C00030331A607047F9B1034A343212680243F7
:1089D000014B34331A601CE000380240FFFFF6EA16
:1089E000103000240030002000004742800E474233
:1089F0000024F40000127A0066000020FFFCFF0F44
:108A00005C014742E01147428F4A126882438E4B15
:108A10001A60704739B18C4A121D126802438A4BA2
:108A20001B1D1A6006E0884A121D12688243864B9D
:108A30001B1D1A60704739B1834A0C321268024319
:108A4000814B0C331A6006E07F4A0C321268824375
:108A50007D4B0C331A60704739B17B4A1032126873
:108A60000243794B10331A6006E0774A10321268DD
:108A70008243754B10331A60704739B1724A243AF9
:108A800012680243704B243B1A6006E06E4A243A97
:108A9000126882436C4B243B1A60704739B16A4AB2
:108AA000203A12680243684B203B1A6006E0664A8F
:108AB000203A12688243644B203B1A60704739B1F8
:108AC000614A1C3A126802435F4B1C3B1A6006E085
:108AD0005D4A1C3A126882435B4B1C3B1A6070472C
:108AE00039B1594A143A12680243574B143B1A6081
:108AF00006E0554A143A12688243534B143B1A60FD
:108B0000704739B1504A103A126802434E4B103B3D
:108B10001A6006E04C4A103A126882434A4B103BF6
:108B20001A60704739B1484A1C3212680243464BFA
:108B30001C331A6006E0444A1C3212688243424BDE
:108B40001C331A60704739B13F4A20321268024321
:108B50003D4B20331A6006E03B4A203212688243C4
:108B6000394B20331A60704739B1374A24321268C2
:108B70000243354B24331A6006E0334A243212682C
:108B80008243314B24331A60704739B12E4A2C325C
:108B9000126802432C4B2C331A6006E02A4A2C320E
:108BA00012688243284B2C331A60704739B1264A29
:108BB000303212680243244B30331A6006E0224AF6
:108BC000303212688243204B30331A6070470128DC
:108BD00008D11D493C31096841F008011A4A3C326C
:108BE000116007E018493C31096821F00801164A74
:108BF0003C321160704739B1134A273A1278024368
:108C0000114B273B1A7006E00F4A273A127882432D
:108C10000D4B273B1A7070470B484030006840F0FE
:108C20008070094940310860704701460020064ABB
:108C3000283A12680A400AB1012000E0002070477B
:108C400001492639087070473438024010B504468F
:108C5000FA48844208D101211020FFF752FF002179
:108C60001020FFF74EFF57E0F548844209D101215B
:108C70004804FFF735FF00214FF40030FFF730FFC5
:108C80004AE0F048844209D101218804FFF728FF17
:108C900000214FF48020FFF723FF3DE0EA488442A3
:108CA00009D10121C804FFF71BFF00214FF4002068
:108CB000FFF716FF30E0E548844209D1012108059D
:108CC000FFF70EFF00214FF48010FFF709FF23E0AC
:108CD000DF48844208D101212020FFF712FF002144
:108CE0002020FFF70EFF17E0DA48844209D1012166
:108CF0008807FFF7F5FE00214FF08040FFF7F0FEF8
:108D00000AE0D548844207D101214005FFF7E8FE7B
:108D100000216005FFF7E4FE10BD2DE9FF47054681
:108D20000E460024A14600BFA046B08900B100BF96
:108D30002C8A24F44054F08804432C82AC8941F2FC
:108D40000C608443B0883189084371890843044327
:108D5000AC81AC8A24F44074B0890443AC82684688
:108D6000FFF74FFDB548854202D0B948854202D190
:108D7000DDF80C9001E0DDF80890A88900F40040CF
:108D800040B109EBC90000EB091031684900B0FBA4
:108D9000F1F707E009EBC90000EB09103168890021
:108DA000B0FBF1F76420B7FBF0F004012009642167
:108DB00001FB1078A88900F4004040B1322000EB9C
:108DC000C800B0FBF1F000F00700044308E03220D7
:108DD00000EB08106421B0FBF1F000F00F00044339
:108DE0002C81BDE8FF874FF416510160002181807E
:108DF000C18001810C21418100218181704710B522
:108E000002460020108A20F470600B884C882343AF
:108E10008C882343CC8823431843108210BD002143
:108E2000018041808180C180704721B1828942F4F4
:108E30000052828104E082894DF6FF731A408281DC
:108E40007047028B02F47F420283028B0A43028343
:108E5000704721B1828942F40042828103E0828915
:108E6000C2F30E028281704721B1828A42F400620D
:108E7000828204E0828A4FF2FF731A408282704736
:108E8000C1F308028280704701468888C0F3080059
:108E90007047028A4FF6F0731A400282028A0A4330
:108EA0000282704721B1828942F00202828104E08D
:108EB00082894FF6FD731A408281704782894FF292
:108EC000FF731A40828182890A4382817047028A35
:108ED0004FF6DF731A400282028A0A430282704709
:108EE00021B1028A42F48042028204E0028A4BF6F7
:108EF000FF731A4002827047818941F0010181812C
:108F0000704721B1828A42F00802828204E0828A9C
:108F10004FF6F7731A4082827047028BD2B20283F7
:108F2000028B42EA01220283704721B1828A42F019
:108F30002002828204E0828A4FF6DF731A40828226
:108F4000704721B1828A42F01002828204E0828A54
:108F50004FF6EF731A4082827047828A4FF6FB7396
:108F60001A408282828A0A438282704721B1828AB1
:108F700042F00202828204E0828A4FF6FD731A40B8
:108F8000828270471AB1838A0B43838202E0838A0C
:108F90008B4383827047F0B50346002400260025EA
:108FA000002040F66A17B94200D100BF1846C1F34D
:108FB000421401F01F06012707FA06F5012C01D122
:108FC0000C3004E0022C01D1103000E014301AB152
:108FD00007682F43076002E00768AF430760F0BDF2
:108FE00002460020B1F5007F00D100BF13880B407E
:108FF0000BB1012000E00020704701F40072B2F5CF
:10900000007F00D100BFCA430280704770B502469E
:10901000002400230025002040F66A16B14200D14A
:1090200000BFC1F3421501F01F03012606FA03F346
:10903000012D13D19689334017E000000010014044
:109040000044004000480040004C004000500040F8
:109050000014014000780040007C0040022D02D145
:10906000168A334001E0968A33400C12012606FA34
:1090700004F41688344013B10CB1012000E0002044
:1090800070BD10B50022002340F66A14A14200D141
:1090900000BF0A1201249440A3B2DC43048010BD37
:1090A0007CB5002514E06946284602F0BFF9064663
:1090B00066B9F74850F8254044B1012C06D0D4E9F0
:1090C000020100EB810060640198A064681CC5B2D5
:1090D0003F2DE8D97CBD002400BF02E0282002F02B
:1090E000AFFAEC4800780028F8D0EB48006864211B
:1090F000B0FBF1F0E84908600846006828B9002094
:10910000E6490870FF2002F0D3F900BF02F070FBBF
:109110000446E3480068E34908600020E04908602D
:10912000204602F069FBDF480068DB490968B0FBB4
:10913000F1F0C0F16400D949087002F0C2FBFFF7FA
:10914000AFFF142002F07CFAE0E700B587B00320FF
:1091500000218022D44BCDE90132CDE903104FF636
:10916000FE703E23D14A0090AFF2950001F077FFE8
:1091700006AACFA13E2002F0DBF807B000BD002414
:1091800000BF00BF02F034FB0446C5480068401C25
:10919000C3490860204602F02FFB02F091FBF1E783
:1091A00000B587B0032000218022C54BCDE90132F4
:1091B000CDE903104FF6FF703F23C24A0090AFF293
:1091C000410001F04CFF06AABFA13F2002F0B0F819
:1091D00007B000BD04E0002200F8012B4A1E91B246
:1091E0000029F8D1704770B5C821BB48FFF7F2FFDE
:1091F00000230FE0581C85B203EB8300B64901EB56
:10920000800405EB850001EB80060020207066607D
:10921000581C83B2092BEDD303EB8300AE4901EB5D
:1092200080040020207060600846AC49086070BD72
:1092300070B54FF47C71AA48FFF7CCFF4FF48071F2
:109240009348FFF7C7FF002413E0601CC5B2C4EBCE
:10925000C40000EB4000A24901EB8003C5EBC50050
:1092600000EB400001EB80065E619EA0D864601CAC
:10927000C4B20B2CE9D3C4EBC40000EB4000984906
:1092800001EB80030020586196A0D8640020964925
:10929000086093489549086070BD0021944A117098
:1092A000002004E00021934A1154411CC8B2082850
:1092B000F8D30021904A1170904A1170904A1160C1
:1092C000904A1160704700208F4908608F490870EC
:1092D0008F4908708F4908708F4908708F4908605E
:1092E0006F4908606F4908606B49086069490870F8
:1092F000704710B502F0E0FAFFF7E5FFFFF7CDFF8A
:10930000FFF796FFFFF76FFF00F0EAFE01F0C7FBE3
:10931000FFF746FFFFF719FF02F0CFFA10BD7E48B6
:109320000078012808D179480078FF2804D27748CE
:109330000078401C75490870704779496C4A12786A
:10934000885C6C49095C764A515C01EBC0016B4A50
:109350001170704710B500246F480078012830D193
:1093600002F046FA04466948007820B16748007860
:10937000401E6649087065480078F8B9644800786E
:10938000E0B9FFF7DAFF42485C49097850F821005C
:109390005B490860594800785749097888420DD0E0
:1093A00057480068806B401C5549096888635B48D2
:1093B0000068401C5949086002F03AFA204602F061
:1093C0001BFA10BD10B5002453480078012811D1B4
:1093D00002F00EFA04464D48007840B94C48007837
:1093E000FF2804D24A480078401C494908702046AA
:1093F00002F002FA10BD10B5002402F0F9F904469B
:1094000042480078F8B942480078E0B9FFF795FF84
:109410001F483A49097850F821003949086037480F
:1094200000783549097888420DD035480068806B4E
:10943000401C33490968886338480068401C374934
:10944000086002F0EEF9204602F0D6F910BD10B522
:1094500000243148007801286FD102F0C9F9044690
:109460002B48007880B12A480078401E28490870AF
:109470000846007848B92548007838B9204602F0F7
:10948000BBF9FFF7B8FF58E054E04FE04AE00000B6
:10949000B00F0020900000208800002084000020F1
:1094A000A00000208C000020B00B0020AC0D00209C
:1094B00075432F4F532D49492053746174000000A8
:1094C000B00D0020AC0F002075432F4F532D49499C
:1094D0002049646C65000000980A00207C00002090
:1094E000B01000203F000000B0000020A8000020C5
:1094F000950000209600002093000020940000209A
:10950000AC000020A4000020BC000020910000203E
:10951000920000209F0000209E0000207800002084
:1095200004E10008204602F067F906E0204602F058
:1095300063F902E0204602F05FF910BD10B5EB4878
:10954000007890B9FFF7F9FEE9480078E94908701A
:10955000E948E749097850F82100E84908600846D9
:109560000068E749086002F04AF910BD10B5002410
:10957000022002F065F802F03BF904460020E149C0
:109580000860204602F038F9142002F059F802F081
:109590002FF90446DB480068DB4908600120DB49FD
:1095A0000870204602F028F910BD70B5002602F0C0
:1095B00060FA02F01DF90646D5480068401CD449FF
:1095C0000860304602F018F9C8480078012853D1E5
:1095D000D048007820B1012804D0022809D103E046
:1095E00001250BE0002509E001250120C94908708B
:1095F00004E001250020C749087000BF00BF05B97D
:1096000070BDC548046833E002F0F2F80646E06A2F
:1096100050B3E06A401EE062E06A28BB94F8300074
:1096200000F0370040B114F8300F00F0C80020708F
:1096300001206070303C02E0002084F8310094F892
:10964000300000F0080078B93434A078B3490978C4
:109650000843B24908702078B149085C6178084332
:1096600014F83419AE4A50546469304602F0C4F814
:1096700094F832003F28C7D100BFC1E740F2231061
:109680007047704710B590F8342001F10B039B5CD4
:1096900090F83540A34301F10B04A35423469B5C8F
:1096A00023B98B7A90F83640A3438B7210BD2DE915
:1096B000F04F05460F4690469946A87A99490E5CA8
:1096C00005F10B00805D11F800B00BEBC60000F057
:1096D000FF0A894850F82A4000202034E0602760C3
:1096E000207C20EA0800207484F81190207C203C23
:1096F00000F0080068B994F83600884909780843F2
:10970000864908708648805D94F83510084384497E
:10971000885529462046FFF7B5FF5046BDE8F08F33
:1097200010B5774A1268D061754A126892F83430E1
:1097300000F10B02D25C724B1B6893F835301A4370
:109740006F4B1B6893F8344000F10B031A55827A73
:109750006B4B1B6893F836301A438272684A126862
:1097600092F834106E4A525C654B1B6893F83530A2
:109770009A436B4B5A541A46525C42B9604A12687B
:1097800092F83630654A12789A43644B1A7010BDCD
:10979000014600228A72002005E0002301F10B023D
:1097A0001354421CD0B20828F7D3704705E011F8D3
:1097B000013B00F8013B531E9AB2002AF7D17047D3
:1097C0000146002002E0491C421CD0B20A78002A5F
:1097D000F9D170472DE9F84F05460F469046994656
:1097E000DDE90AAB0020009002F002F800904E483C
:1097F0000468002C75D0183454F8040C4A490860E9
:10980000009801F0F9FF44F8187CA5760020207636
:109810006076606144F814BC44F80CAC44F8108CD9
:109820000C9824F8080C24F8069C0020E077E81037
:10983000207705F00700E076217F01208840A0779F
:10984000E17E01208840607700206060E060A060D9
:109850002062A0626062E0622063AFF278306063F1
:10986000183C002606E0002104F1500040F82610C4
:10987000701CC6B2002EF6D0204602F0F9F8204641
:1098800002F01CF801F0B4FF00901B4840F825409E
:109890002148006860610020A0611F48006810B185
:1098A0001D48006884611C4804603434A0781B495A
:1098B000097808431949087020781949085C6178CB
:1098C000084314F83419164A505418480078401CBC
:1098D00016490870009801F08FFF0020BDE8F88F4E
:1098E000FFE7009801F088FF4220F7E79E00002084
:1098F0009400002093000020B00F0020AC00002056
:10990000A4000020A000002088000020900000207B
:10991000BC000020B4000020B00000209500002012
:109920009600002004E10008A80000209F0000200D
:109930002DE9F05F04460F4691461E464FF0000B9E
:109940002078052804D0012030700020BDE8F09F69
:1099500009F0800ABAF1000F04D029F080094FF015
:10996000010801E04FF000080020307001F040FFD6
:109970008346B9F1000F2CD0B9F1010F3BD0B9F1FA
:10998000020F03D0B9F1030F46D111E0208900EA9C
:109990000705BD4206D1B8F1010F05D12089A843C2
:1099A000208101E070203070584601F025FF3AE038
:1099B000208900EA070535B1B8F1010F05D12089EA
:1099C000A843208101E070203070584601F014FF58
:1099D00029E0208927EA0005BD4206D1B8F1010F30
:1099E00005D120892843208101E07020307058463D
:1099F00001F002FF17E0208927EA000535B1B8F130
:109A0000010F05D120892843208101E070203070AA
:109A1000584601F0F1FE06E0584601F0EDFE002543
:109A20006F20307000BF00BF28468FE72DE9F0415E
:109A300006460D460027FA48007820B1102028700D
:109A40000020BDE8F08101F0D3FE0746F548046828
:109A500084B100684068F3490860052020702681C1
:109A600000206060F0A0E060384601F0C5FE0020F4
:109A7000287004E0384601F0BFFE722028702046AE
:109A8000DFE730B501464A6808682AB9CC686060EB
:109A900028B10025456002E0106000B142608B688B
:109AA00000255D6230BDF0B506460F46B468002063
:109AB000283460602780207A00F0DF0020720020C8
:109AC0006072207A283C88B93434A078D749097864
:109AD0000843D64908702078D549085C6178084366
:109AE00014F83419D24A5054012500E000253046BC
:109AF000FFF7C7FF2846F0BD2DE9F0470446894629
:109B000015464FF0000AC648007820B10F20287093
:109B10002046BDE8F0872078052803D00120287072
:109B20002046F6E701F064FE8246606808B101272E
:109B300000E00027B9F1000F03D0B9F1010F3CD1CB
:109B400019E08FB9B8A0E06000202070B548006827
:109B5000606000202081B3480460504601F04CFE54
:109B600000202870002605E0504601F045FE4920FF
:109B70002870264628E0D4F8048005E000214046FD
:109B8000FFF791FFD8F80080B8F1000FF6D1A6A03A
:109B9000E06000202070A348006860600020208101
:109BA000A0480460504601F027FE012F01D1FFF7C5
:109BB00022FC00202870002606E0504601F01CFE22
:109BC00007202870264600BF00BF3046A1E72DE9D8
:109BD000F04105460E46144600279148007820B112
:109BE000112020700020BDE8F08101F001FE074641
:109BF0002878052806D0384601F0FEFD01202070A7
:109C00000020F0E7E86830603068FFF7D9FD804653
:109C1000384601F0F1FD002020704046E3E72DE9D1
:109C2000F04105460E46144600277D48007818B1DD
:109C300012202070BDE8F08101F0DAFD0746287897
:109C4000052805D0384601F0D7FD01202070F1E746
:109C5000EE60384601F0D0FD0020207000BFE9E73B
:109C6000F0B51446059E734F3F6897F8307047F083
:109C70002007DFF8C0C1DCF800C08CF83070002786
:109C8000DFF8B0C1DCF800C08CF83170694F3F6874
:109C9000FE62684F3F6879620C828B74654F3F6843
:109CA0008F6047680F6000274F60C860456805B146
:109CB000696041605F4F3F6897F834205C4FBF5C3C
:109CC000DFF870C1DCF800C09CF835C027EA0C074B
:109CD000DFF85CC10CF802706746BF5C5FB9554F96
:109CE0003F6897F836C0514F3F7827EA0C07DFF8F6
:109CF0003CC18CF80070F0BD2DE9F04F89B00546ED
:109D00000F4691469A46129E0020029044480078E1
:109D100028B102203070002009B0BDE8F08F46481D
:109D2000007818B10D2030700020F5E7287805285C
:109D300003D0012030700020EEE709F0800BBBF16A
:109D4000000F04D009F07F094FF0010801E04FF047
:109D5000000801F04DFD0290B9F1000F4AD0B9F1B1
:109D6000010F78D0B9F1020F03D0B9F1030F71D10F
:109D700020E0288900EA0704BC420FD1B8F1010FA6
:109D800002D12889A04328812A48006804850298C6
:109D900001F032FD002030702046BDE74B463A46C8
:109DA00004A92846CDF800A0FFF75AFF029801F059
:109DB00023FD78E0288900EA07047CB1B8F1010F9F
:109DC00002D12889A04328811A4800680485029896
:109DD00001F012FD0020307020469DE74B463A46C8
:109DE00004A92846CDF800A0FFF73AFF029801F039
:109DF00003FD58E0288927EA0004BC421ED1B8F1CF
:109E0000010F02D12889204328810A48006804856F
:109E1000029801F0F1FC0020307020467CE71AE047
:109E200091000020800000203F00000095000020ED
:109E300096000020A4000020920000204B463A46E5
:109E400004A92846CDF800A0FFF70AFF029801F008
:109E5000D3FC28E01FE0288927EA00047CB1B8F190
:109E6000010F02D1288920432881B1480068048568
:109E7000029801F0C1FC0020307020464CE74B46B0
:109E80003A4604A92846CDF800A0FFF7E9FE02985B
:109E900001F0B2FC07E0029801F0AEFC00246F2054
:109EA0003070204638E700BFFFF7A5FA01F0A0FCAC
:109EB00002909F48006890F8310020B39C480068E9
:109EC00090F83100039000209949096881F8310029
:109ED00004A8FFF7D6FD00209549096881F83000F5
:109EE000029801F089FC00240398012805D002287B
:109EF00002D10E20307003E000BF0A20307000BF96
:109F000000BF204608E78A480068048DB8F1010FB9
:109F10001ED1B9F1000F0ED0B9F1010F0CD0B9F17B
:109F2000020F03D0B9F1030F0AD100E000BF288966
:109F3000A04328810BE000BF28892043288106E048
:109F4000029801F059FC6F2030700020E4E600BF59
:109F5000029801F051FC002030702046DCE670B51C
:109F6000002501F045FC054671480068048D28462F
:109F700001F042FC204670BD2DE9FC5F0446894695
:109F800092461E46002000902078052804D001202B
:109F900030700020BDE8FC9F01F02AFC0090BAF16F
:109FA000000F03D0BAF1010F0AD104E0208920EAA2
:109FB000090020810BE0208940EA0900208106E0A9
:109FC000009801F019FC712030700020E2E700BF1A
:109FD0004FF0000B656855E0A87C40B3012838D0ED
:109FE000022802D0032844D111E02089298A00EAFE
:109FF0000107288AB84209D139462846FFF753FDA0
:10A000008046B8F1010F01D14FF0010B38E02089F3
:10A01000298A00EA01074FB139462846FFF743FD78
:10A020008046B8F1010F01D14FF0010B28E0288ADA
:10A03000218920EA0107288AB84209D139462846F1
:10A04000FFF731FD8046B8F1010F01D14FF0010B50
:10A0500016E0288A218920EA01074FB139462846AF
:10A06000FFF721FD8046B8F1010F01D14FF0010B40
:10A0700006E0009801F0C0FB6F203070002089E7F7
:10A0800000BF2D68002DA7D1009801F0B5FBBBF1F2
:10A09000010F01D1FFF7AFF901F0AAFB0090208971
:10A0A0000190009801F0A8FB00203070019871E742
:10A0B0002DE9F04104460D4600272078052804D0FC
:10A0C000012028700020BDE8F08101F091FB0746D7
:10A0D0002689384601F090FB002028703046F2E7D0
:10A0E0002DE9F04150211348FFF774F800250EE0E8
:10A0F000681C86B20F4800EB051400EB0617002021
:10A1000020706760AFF2E020E060681C85B2042D2B
:10A11000EED3084800EB0514002020706060AFF219
:10A12000F820E060034804490860BDE8F0810000C1
:10A13000A4000020600B00208000002070B50446C1
:10A1400000262078012801D0002070BD01F050FBCE
:10A150000646656800206060304601F04DFB2846E9
:10A16000F3E770B505460026E348007808B1002003
:10A1700070BD01F03DFB0646E0480468006820B170
:10A18000DE4800684068DD490860304601F034FB75
:10A190003CB1012020700020208165602046FFF73F
:10A1A000F7FA2046E4E72DE9F047044688461546CD
:10A1B0004FF000092078012804D0012028702046A3
:10A1C000BDE8F087CC48007818B10F2028702046F1
:10A1D000F6E701F00DFB8146A07A08B1012700E007
:10A1E0000027B8F1000F03D0B8F1010F35D117E007
:10A1F0007FB900202070C148006860600020208185
:10A20000BE480460484601F0F7FA00202870002696
:10A2100005E0484601F0F0FA49202870264623E080
:10A2200005E00023022219462046FFF740FAA07AF3
:10A230000028F6D12070B1480068606000202081BD
:10A24000AE480460484601F0D7FA012F01D1FFF76C
:10A25000D2F800202870002606E0484601F0CCFA2B
:10A2600007202870264600BF00BF3046A8E72DE92A
:10A27000F04105460F4614464FF0000828780128A3
:10A2800004D0012020700020BDE8F0819A480078B9
:10A2900018B1022020700020F6E79948007818B124
:10A2A0000D2020700020EFE701F0A2FA80466E68D2
:10A2B00046B100206860404601F09EFA0020207000
:10A2C0003046E1E78F48006890F8300040F0020027
:10A2D0008C49096881F8300000208A49096881F8B2
:10A2E000310088480068C7622846FFF719FA4046DF
:10A2F00001F082FAFFF77FF801F07AFA8046814890
:10A30000006890F8310020B101280DD002280AD150
:10A3100005E07C480068066A002020700DE00026F9
:10A320000E20207009E000BF294676480068FFF73C
:10A33000A9F900260A20207000BF00BF0020714943
:10A34000096881F830006F49096881F831006D496A
:10A350000968C8616B4909680862404601F04CFA17
:10A36000304691E72DE9F04104460F4615464FF07F
:10A3700000082078012804D0012028700020BDE8C2
:10A38000F08101F035FA8046A07A20B300267FB133
:10A39000012F0CD107E002231A4600212046FFF7C7
:10A3A00086F9701CC6B2A07A0028F4D109E000BF7B
:10A3B00002231A4600212046FFF779F9701CC6B225
:10A3C00000BF00BF404601F017FAFFF714F80E2057
:10A3D00028703046D3E7404601F00EFA002028707E
:10A3E00000BFCCE770B504460D4600262078012852
:10A3F00001D0012070BD01F0FBF90646A07A60B1E2
:10A400000023022229462046FFF751F9304601F089
:10A41000F3F9FEF7F0FF0020ECE7606820B130466A
:10A4200001F0EAF91420E5E76560304601F0E4F94F
:10A430000020DFE72DE9F04104460E4615460027CF
:10A440002078012802D00120BDE8F08101F0D0F988
:10A450000746A07AE8B105F0010050B105E00023FD
:10A46000022231462046FFF722F9A07A0028F6D1D1
:10A4700005E00023022231462046FFF718F938464E
:10A4800001F0BAF905F0040008B9FEF7B4FF0020A6
:10A49000DAE7606820B1384601F0AEF91420D3E75E
:10A4A0006660384601F0A8F90020CDE72DE9F047B5
:10A4B00004460D464FF000092078012802D0012003
:10A4C000BDE8F08701F094F98146A07A287304F181
:10A4D0000B0705F10408002605E017F8010B08F842
:10A4E000010B701CC6B2082EF7D36068286048467E
:10A4F00001F082F90020E3E7910000207C000020B9
:10A5000092000020A40000202DE9F04106460D46EF
:10A510004FF000083078022804D001202870002075
:10A52000BDE8F08101F064F980467468E08A78B192
:10A530002169081D20610F68E08A401EE082A16841
:10A540002069884201D1606820610020287002E003
:10A550001F2028700027404601F04EF93846DFE7FB
:10A560002DE9F04106460F464FF00008F748007805
:10A5700010B10020BDE8F08101F03AF98046F448BE
:10A580000568006820B1F24800684068F04908603A
:10A59000404601F031F93DB301F02AF98046ED481B
:10A5A0000468C4B100680068EA490860404601F0E8
:10A5B00023F9666006EB8700A060E6602661A7824B
:10A5C0000020E08202202870002028816C6028464C
:10A5D000FFF7DEF808E0DE4800686860DC480560E8
:10A5E000404601F009F900252846C3E72DE9F04768
:10A5F0000446894615464FF0000A2078022804D008
:10A60000012028702046BDE8F087D048007818B1B6
:10A610000F2028702046F6E701F0EAF88246A07A7B
:10A6200010B14FF0010801E04FF00008B9F1000F40
:10A6300003D0B9F1010F45D11FE0B8F1000F15D1DA
:10A640006668C44800683060C24806600020207018
:10A65000BF480068606000202081BD48046050460B
:10A6600001F0CAF800202870002705E0504601F0EC
:10A67000C3F84920287027462BE005E00023042278
:10A6800019462046FFF713F8A07A0028F6D166682D
:10A69000B04800683060AF48066000202070AC48C9
:10A6A0000068606000202081A9480460504601F0E5
:10A6B000A3F8B8F1010F01D1FEF79DFE002028702C
:10A6C000002706E0504601F097F80720287027463B
:10A6D00000BF00BF384696E770B50546002601F07A
:10A6E00087F806466C686068E0606068206100205A
:10A6F000E082304601F080F8002070BD2DE9F0477F
:10A700000746884615464FF000093878022804D0DD
:10A71000012028700020BDE8F0878C48007818B12F
:10A72000022028700020F6E78B48007818B10D2031
:10A7300028700020EFE701F05BF881467C68E08A32
:10A7400098B12169081D20610E68E08A401EE082F0
:10A75000A1682069884201D160682061484601F003
:10A760004BF8002028703046D5E77C48006890F808
:10A77000300040F004007949096881F83000002079
:10A780007649096881F8310074480068C0F82C8067
:10A790003846FEF7C5FF484601F02EF8FEF72BFEBF
:10A7A00001F026F881466D48006890F8310020B12C
:10A7B00001280DD002280AD105E068480068066A21
:10A7C000002028700DE000260E20287009E000BF50
:10A7D000394662480068FEF755FF00260A202870B7
:10A7E00000BF00BF00205D49096881F830005B4967
:10A7F000096881F8310059490968C86157490968F1
:10A800000862484600F0F8FF304684E72DE9F04141
:10A8100004460F4615464FF000082078022804D061
:10A82000012028700020BDE8F08100F0E1FF8046A3
:10A83000A07A20B300267FB1012F0CD107E00223BC
:10A84000042200212046FEF732FF701CC6B2A07A17
:10A850000028F4D109E000BF022304220021204691
:10A86000FEF725FF701CC6B200BF00BF404600F0D7
:10A87000C3FFFEF7C0FD0E2028703046D3E74046E8
:10A8800000F0BAFF0020287000BFCCE72DE9F041AE
:10A8900005460E4600272878022802D00120BDE890
:10A8A000F08100F0A5FF0746A87A60B100230422DA
:10A8B00031462846FEF7FBFE384600F09DFFFEF7C6
:10A8C0009AFD0020EBE76C68E08AA18A884204DBED
:10A8D000384600F091FF1E20E1E7E168081DE060C6
:10A8E0000E60E08A401CE082D4E90210884201D167
:10A8F0006068E060384600F07FFF0020CFE72DE978
:10A90000F04105460E4600272878022802D0012093
:10A91000BDE8F08100F06CFF0746A87A60B1002323
:10A92000042231462846FEF7C2FE384600F064FF96
:10A93000FEF761FD0020EBE76C68E08AA18A88429F
:10A940000EDB384600F058FF1E20E1E791000020A2
:10A950007C000020B800002092000020A40000200D
:10A9600061682069884201D1A06820612069001FC8
:10A97000206120690660E08A401CE082384600F0D1
:10A980003BFF0020C4E72DE9F04105460F4616467F
:10A990004FF000082878022802D00120BDE8F0819D
:10A9A00000F026FF8046A87AE8B106F0010050B119
:10A9B00005E00023042239462846FEF778FEA87AEF
:10A9C0000028F6D105E00023042239462846FEF788
:10A9D0006EFE404600F010FF06F0040008B9FEF7D6
:10A9E0000AFD0020DAE76C68E08AA18A884204DB6D
:10A9F000404600F001FF1E20D0E706F0020058B1EB
:10AA000061682069884201D1A06820612069001F27
:10AA100020612069076009E0E168081DE0600F60BF
:10AA2000D4E90210884201D16068E060E08A401CED
:10AA3000E082404600F0E0FE0020AFE72DE9F0475D
:10AA400005460C464FF0000A2878022802D0012063
:10AA5000BDE8F08700F0CCFE8246A87A207405F1AC
:10AA60000B0804F10809002705E018F8010B09F8A4
:10AA7000010B781CC7B2082FF7D36E68F08A18B1A3
:10AA800030690068206001E000202060F08AA0802A
:10AA9000B08AE080504600F0AFFE0020D8E72DE9F4
:10AAA000F04178211048FEF795FB00240DE0601C72
:10AAB00086B204EB44000C4901EBC00506EB4600EE
:10AAC00001EBC0072F60601C84B2042CEFD304EBB1
:10AAD0004400054901EBC0050020286008460349F1
:10AAE0000860BDE8F0810000A0140020B80000203C
:10AAF00070B5044600262078032801D0002070BDE0
:10AB000000F076FE0646258915B12089401E208179
:10AB1000304600F071FE2846F1E770B50546002684
:10AB2000D248007808B1002070BD00F061FE0646F2
:10AB3000CF480468006820B1CD4800684068CC491F
:10AB40000860304600F058FE3CB10320207025819B
:10AB5000002060602046FEF71BFE2046E4E72DE95A
:10AB6000F0470446884615464FF000092078032830
:10AB700004D0012028702046BDE8F087BB4800784B
:10AB800018B10F2028702046F6E700F031FE81460C
:10AB9000A07A08B1012700E00027B8F1000F03D028
:10ABA000B8F1010F35D117E07FB900202070B0480F
:10ABB0000068606000202081AD480460484600F0D5
:10ABC0001BFE00202870002605E0484600F014FE19
:10ABD00049202870264623E005E00023012219467B
:10ABE0002046FEF764FDA07A0028F6D12070A04828
:10ABF00000686060002020819D480460484600F0A5
:10AC0000FBFD012F01D1FEF7F6FB00202870002686
:10AC100006E0484600F0F0FD07202870264600BFF9
:10AC200000BF3046A8E72DE9F04105460E46144620
:10AC300000272878032803D001202070BDE8F08188
:10AC40008A48007810B102202070F7E78948007820
:10AC500010B10D202070F1E700F0CAFD07462889E9
:10AC600040B12889401E2881384600F0C5FD0020EB
:10AC70002070E3E78048006890F8300040F0010061
:10AC80007D49096881F8300000207B49096881F816
:10AC9000310079480068C6622846FEF741FD384613
:10ACA00000F0AAFDFEF7A7FB00F0A2FD07467248E0
:10ACB000006890F8310020B1012809D0022806D19F
:10ACC00002E0002020700BE00E20207008E000BFA2
:10ACD000294669480068FEF7D5FC0A20207000BFAD
:10ACE00000BF00206449096881F8300062490968A2
:10ACF00081F8310060490968C861384600F07CFD80
:10AD000000BF9BE72DE9F04104460F4615464FF082
:10AD100000082078032804D0012028700020BDE816
:10AD2000F08100F065FD8046A07A20B300267FB157
:10AD3000012F0CD107E00223012200212046FEF75B
:10AD4000B6FC701CC6B2A07A0028F4D109E000BF9E
:10AD50000223012200212046FEF7A9FC701CC6B286
:10AD600000BF00BF404600F047FDFEF744FB0E2049
:10AD700028703046D3E7404600F03EFD00202870A2
:10AD800000BFCCE770B5044600252078032801D029
:10AD9000012070BD00F02CFD0546A07A60B10023B3
:10ADA000012219462046FEF782FC284600F024FDC9
:10ADB000FEF721FB0020ECE720894FF6FF71884267
:10ADC00007D22089401C2081284600F015FD002074
:10ADD000DFE7284600F010FD3320DAE72DE9F047E1
:10ADE00004460D464FF000092078032802D00120C8
:10ADF000BDE8F08700F0FCFC8146A07AA87204F15F
:10AE00000B0705F10208002605E017F8010B08F80A
:10AE1000010B701CC6B2082EF7D320892880484643
:10AE200000F0EAFC0020E3E72DE9F04104460E467D
:10AE3000154600272078032803D001202870BDE89C
:10AE4000F08100F0D5FC074600202870208908B169
:10AE5000268105E0A07A08B9268101E04920287002
:10AE6000384600F0C9FC00BFE9E70000910000206F
:10AE70007C00002092000020A40000202DE9FF5F4C
:10AE8000814688460020009000F0B2FC0090F9480E
:10AE900050F8280030B1009800F0AEFC282004B033
:10AEA000BDE8F09FB9F1FF0F03D1F348006890F8B7
:10AEB0003290F04850F8294024B9009800F09CFCEA
:10AEC0002920ECE7012C04D1009800F095FC4320E8
:10AED000E5E74FEAE80708F0070003900120B840D3
:10AEE00000F0FF0A01210398814001F0FF0B0020D0
:10AEF000E04941F82900084640F8284014F8346F2A
:10AF0000A07802906078343C0190DC48815D019823
:10AF10000140D1B1D948805D01998843D74988550E
:10AF20000846805D28B9D648007802998843D449FC
:10AF30000870D348007840EA0A00D1490870CF4829
:10AF4000C05D40EA0B00CD49C855E569D5B105F1B2
:10AF50000B00805D0199884305F10B018855084677
:10AF6000805D18B9A87A02998843A872A87A40EA45
:10AF70000A00A87205F10B00C05D40EA0B0005F164
:10AF80000B01C85584F8328084F83470039884F833
:10AF9000330084F836A084F835B0009800F02CFC1B
:10AFA000B8480078012801D1FEF725FA002076E79D
:10AFB0002DE9FE4F06460F4690461C464FF000090D
:10AFC00000F016FC8146B048007828B1484600F0F1
:10AFD00013FC3C20BDE8FE8FA64850F8240060BB5F
:10AFE0000120A44941F82400484600F005FC002354
:10AFF00042463946304600F065FC8246002000900B
:10B00000019003460246514602902046FEF7E2FBBD
:10B01000054635B99B48007801280CD1FEF7EBF9BD
:10B0200009E000F0E5FB81460020924941F8240048
:10B03000484600F0E1FB2846CCE7484600F0DCFB40
:10B040002820C7E702F0010343B102F002032BB14D
:10B0500002E0491E002308C00029FAD170472DE9FB
:10B06000F04F85B081468A4693461C46DDE90F784D
:10B07000129D0020039000F0BBFB039082480078F3
:10B0800030B1039800F0B8FB3C2005B0BDE8F08F6C
:10B09000784850F8240088BB0120764941F8240004
:10B0A000039800F0A9FB2A4641463846FFF7CAFF3D
:10B0B0002B465A465146484600F004FC049011982D
:10B0C000CDE9008002953A4620460E9B0499FEF792
:10B0D00081FB064636B96B48007801280CD1FEF793
:10B0E0008AF909E000F084FB03900020614941F8EF
:10B0F0002400039800F080FB3046C6E7FFE7039882
:10B1000000F07AFB2820C0E72DE9F0410546002732
:10B110005D48007810B14020BDE8F0813F2D01D19D
:10B120003E20F9E700F064FB0746FF2D03D15248AB
:10B13000006890F832504F4850F8254024B93846FE
:10B1400000F05AFB4320E7E7012C04D1384600F019
:10B1500053FB3D20E0E714F8340F4849085C617860
:10B1600088432178454A505414F834091146085C44
:10B1700030B994F836104248007888434049087046
:10B18000E06918B12046E169FEF77CFA666A16B1FB
:10B190003046FEF776FC0020E06284F8300084F848
:10B1A00031003A480078FF2804D238480078401C23
:10B1B00036490870384600F01FFBFEF762FA00F0CF
:10B1C00017FB07463148007820B130480078401E10
:10B1D0002E490870204600F072FB2D480078401E72
:10B1E0002B4908700020234941F82500A06930B997
:10B1F00000206169886127496069086005E0D4E939
:10B2000005014861D4E90510886123480068606140
:10B210002148046021A0E064384600F0EDFA1948A6
:10B220000078012801D1FEF7E6F8002074E72DE947
:10B23000F041044600273F2C02D13E20BDE8F081BA
:10B24000FF2C0BD100F0D4FA07460B48006890F8A9
:10B250003760384600F0D0FA3046EFE700F0C8FA21
:10B260000746044850F82450D5B9384600F0C4FACF
:10B270004320E3E7B00F0020A40000209600002048
:10B28000950000209E0000209100002092000020E8
:10B290009F000020B0000020A80000203F00000018
:10B2A000012D04D1384600F0A7FA3D20C6E73F2023
:10B2B00085F83700384600F09FFA0020BEE72DE9F8
:10B2C000F04706460F4614464FF00008D64800786F
:10B2D00020B1112020700020BDE8F08700F088FA2E
:10B2E0008046FF2E03D1D148006890F83260D048E4
:10B2F00050F8265035B9404600F07EFA43202070C1
:10B300000020E9E7012D06D1404600F075FA432000
:10B3100020700020E0E7E86C38603868FEF750FAEB
:10B320008146404600F068FA002020704846D3E786
:10B330002DE9F04106460F4614464FF00008BA4882
:10B34000007818B112202070BDE8F08100F050FAAA
:10B350008046FF2E03D1B548006890F83260B448AB
:10B3600050F826502DB9404600F046FA4320207090
:10B37000EAE7012D05D1404600F03EFA4320207057
:10B38000E2E7EF64404600F037FA0020207000BF8B
:10B39000DAE770B50546002600F02AFA0646A4480A
:10B3A00050F8254024B9304600F026FA462070BDFA
:10B3B000012C04D1304600F01FFA4320F7E794F83F
:10B3C000300000F0080060B314F8300F00F0F70010
:10B3D000207014F83009F8B9E06AC8B93434A0789C
:10B3E0009449097808439349087020789249085C89
:10B3F0006178084314F834198F4A5054304600F0ED
:10B40000FBF98E480078012809D1FDF7F4FF06E02A
:10B41000304600F0F1F902E0304600F0EDF900208E
:10B42000C5E7304600F0E8F94420C0E72DE9F047D1
:10B4300007460D464FF0000A00202860686000F0C3
:10B44000D7F98246FF2F03D17848006890F8327010
:10B45000774850F827402CB9504600F0CDF94320EA
:10B46000BDE8F087012C04D1504600F0C5F9432017
:10B47000F6E7207C00F0010020B9504600F0BCF94E
:10B480004520EDE70026D4F80C90D4F8088050460B
:10B4900000F0B2F900E0761C58F8041B0029FAD03D
:10B4A000B0002860A9EB0600800068600020D7E7A4
:10B4B0002DE9F04105464FF0000800F099F980466B
:10B4C000FF2D05D15948006890F83250012608E058
:10B4D0005648006890F83200A84201D1012600E0E9
:10B4E0000026534850F825402CB9404600F084F916
:10B4F0004820BDE8F081012C04D1404600F07CF9E1
:10B500004320F6E794F834704B48C05D94F835104A
:10B5100088434949C8550846C05D30B994F836108B
:10B520004448007888434349087094F8300040F05C
:10B53000080084F83000404600F05EF9012E01D189
:10B54000FDF759FF0020D4E72DE9F04105460E46EE
:10B55000002700F04DF90746FF2D03D1334800685E
:10B5600090F83250324850F825402CB9384600F057
:10B5700043F92920BDE8F081012C04D1384600F0C0
:10B580003BF94320F6E7542221463046FEF70EF9F8
:10B59000384600F031F90020ECE72DE9F047044689
:10B5A0000E4617464FF0000900F022F98146FF2CA5
:10B5B00002D11E48056802E01D4850F8245005F1EC
:10B5C000500050F82680484600F016F900203870E8
:10B5D0004046BDE8F0872DE9F04704460E46174681
:10B5E00098464FF0000900F003F98146FF2C02D184
:10B5F0000E48056802E00E4850F8245005F150004E
:10B6000040F82670484600F0F7F8002088F800005F
:10B61000BDE8F08710B50548006800F02BFAFF2060
:10B62000FFF772FD10BD000091000020A400002073
:10B63000B00F002095000020960000209E00002002
:10B6400070B5054600266348007800B170BD6248B9
:10B65000007800B1FAE71DB300F0CAF806465F486B
:10B66000006890F834405E48005D5C49096891F8D4
:10B67000351088435A4908550846005D40B9574877
:10B68000006890F83610574800788843554908708C
:10B6900052480068C562304600F0AEF8FDF7ABFED8
:10B6A00000BFD3E72DE9F04104460D4616461F467C
:10B6B0004848007810B15520BDE8F0814648007830
:10B6C00008B13220F8E7B81CC82148434FF47A711A
:10B6D000B0FBF1F14FF461606043C5EB051200EB84
:10B6E0008200304400EBC00202EB001001EBC00806
:10B6F0004046FFF7A5FF0020DEE770B505460026AF
:10B700003F2D01D32A2070BD00F072F8064636485E
:10B7100050F8254024B9304600F06EF84320F2E797
:10B72000012C04D1304600F067F84320EBE7E06AD3
:10B7300020B9304600F060F85020E4E70020E062D5
:10B7400094F8300000F0370040B114F8300F20F0CA
:10B750003700207001206070303C02E0002084F847
:10B76000310094F8300000F00800A8B93434A07813
:10B770001C49097808431B49087020781849085C5F
:10B780006178084314F83419154A5054304600F0D3
:10B7900033F8FDF730FE02E0304600F02DF80020CF
:10B7A000B1E770B5002500F023F805460F4804689E
:10B7B000284600F021F8204670BD70B504460025EB
:10B7C00000F016F8054609480460284600F014F811
:10B7D00070BD00009100002092000020A400002015
:10B7E0009600002095000020B00F0020BC00002033
:10B7F000EFF3108072B6704780F310887047264CC4
:10B800004FF6FF7525604FF0000484F30988234C40
:10B810004FF001052570224C4FF08055256062B62F
:10B82000FEE730B41E4C4FF08055256030BC7047A9
:10B8300030B41B4C4FF08055256030BC704700BFC2
:10B8400072B6EFF3098050B11EF0100F08BF20ED63
:10B85000108A203880E8F00F12490968086000B5A6
:10B86000114880475DF804EB104811490A780270CE
:10B870000C4810490A680260106890E8F00F203008
:10B880001EF0100F08BFB0EC108A80F309884EF04C
:10B89000040E62B6704700BF22ED00E09E0000205B
:10B8A00004ED00E0A40000206FBA0008930000201F
:10B8B00094000020AC00002070477047704770472C
:10B8C0007047704770B5044610460026051F28468D
:10B8D0002E604FF48056051F28462E601526051F42
:10B8E00028462E601426051F28462E601326051FA5
:10B8F00028462E601226051F28462E601126051F99
:10B9000028462E601026051F28462E600926051F92
:10B9100028462E600826051F28462E600726051F8C
:10B9200028462E600626051F28462E600526051F80
:10B9300028462E600426051F28462E600326051F74
:10B9400028462E600226051F28462E600126051F68
:10B9500028462E600026051F28462E604FF0807571
:10B960000560051F28462C60434E051F28462E60A3
:10B970004FF01236051F28462E604FF00336051F84
:10B9800028462E604FF00236051F28462E6076109E
:10B99000051F28462E60051F284629603126051FF1
:10B9A00028462E603026051F28462E602926051FB2
:10B9B00028462E602826051F28462E602726051FAC
:10B9C00028462E602626051F28462E602526051FA0
:10B9D00028462E602426051F28462E602326051F94
:10B9E00028462E602226051F28462E602126051F88
:10B9F00028462E602026051F28462E601926051F82
:10BA000028462E601826051F28462E601726051F7B
:10BA100028462E601626051F28462E604FF0113648
:10BA2000051F28462E604FF01036051F28462E6051
:10BA30004FF00936051F28462E604FF00836051FC7
:10BA400028462E604FF00736051F28462E604FF01F
:10BA50000636051F28462E604FF00536051F28467E
:10BA60002E604FF00436051F28462E6070BD7047CB
:10BA7000704770477047000015B600087047000017
:10BA80000FB4044910B503AA029800F089F910BC5C
:10BA90005DF814FB600000202DE9F0410E460446DD
:10BAA000002020622046E168884730B3252805D071
:10BAB000D4E901219047206A401CF2E7E168204662
:10BAC00000278847050018D0A5F14100192802D8A1
:10BAD00020354FF400673246294620462760F4F7A8
:10BAE0008DFB40B1012804D0F61D26F0070608366C
:10BAF000D8E7361DD6E72846DAE7206ABDE8F081A8
:10BB000070B50C460546012A05D02878800600D578
:10BB1000EA69002302E0012305E05B1C934202D2A4
:10BB2000E05C0028F9D1A869E618C01AA861286A63
:10BB3000184428622846AFF3008004E0D5E90121CB
:10BB400014F8010B9047B442F8D32846AFF30080B5
:10BB500070BD00002DE9F0410646002410687529EB
:10BB6000314616A510D0AFF30080002802DA40421B
:10BB700013A507E031688A0701D512A502E049073D
:10BB800004D511A5012401E0AFF3008000210A22B1
:10BB900006F1240709E0B0FBF2FCB0FBF2F302FB74
:10BBA0001C00303078541846491C0028F3D1234635
:10BBB0002A463046BDE8F04100F083B8000000009E
:10BBC0002D0000002B0000002000000070B504468E
:10BBD0000D4621461068AFF300802188090502D583
:10BBE0000F4A7A4402E00E4A7A440E32002104F1F0
:10BBF000240305E000F00F060009965D5E54491C21
:10BC00000028F7D120780023000704D5702D02D03A
:10BC100009B1022311322046BDE8704000F051B84E
:10BC20001E2600004FF0013C50F8042B51F8043B55
:10BC30009A4221D1A2EB0C03934313EACC1317D100
:10BC400050F8042B51F8043B9A4215D1A2EB0C0397
:10BC5000934313EACC130BD150F8042B51F8043B57
:10BC60009A4209D1A2EB0C03934313EACC13DBD025
:10BC70004FF00000704700BFD01A01BAB1FA81F14D
:10BC800001F0180122FA01F0CB40C1F12001DBB232
:10BC9000C0B2C01A2CFA01F3D11A914311EAC311B0
:10BCA000E6D17047704770477047704710B500F095
:10BCB00089F8006810BD10B5044600F083F80460F0
:10BCC00010BD2DE9F0470D4699469246044600F115
:10BCD00024080168880604D5E06921F0100121607C
:10BCE00000E00120A84201DD471B00E00027A16918
:10BCF0007A1902EB0900081AA0612078C00602D464
:10BD00002046AFF30080002608E0D4E901211AF8AC
:10BD100006009047206A401C761C20624E45F4DBEA
:10BD20002078C0060AD52046AFF3008006E0D4E9AB
:10BD3000012130209047206A401C2062381EA7F164
:10BD40000107F4DC07E0D4E9012118F80500904769
:10BD5000206A401C2062281EA5F10105F3DC204664
:10BD6000AFF300802078000602D50220BDE8F087FE
:10BD70000120FBE710B5436913B1AFF3008001E088
:10BD8000FFF7BEFE012010BD127800F124010A70F9
:10BD900000224A700122EDE711684FF0FF32E9E717
:10BDA000074B70B50D467B4400F015F80446284655
:10BDB00000F024F810B14FF0FF3070BD204670BD88
:10BDC0007FBDFFFF004870471815002001694A1C1D
:10BDD00002610878704700B58FB0CDE901310021CC
:10BDE000059105497944CDE9031011466846FFF7EE
:10BDF00053FE0FB000BD0000E5FFFFFF007B00F029
:10BE00008000704700487047181500207546FFF7FE
:10BE1000F9FFAE4605006946534620F00700854607
:10BE200018B020B5FBF734FFBDE820404FF0000606
:10BE30004FF000074FF000084FF0000B21F0070112
:10BE4000AC46ACE8C009ACE8C009ACE8C009ACE855
:10BE5000C0098D46704710B50446AFF300802046F8
:10BE6000BDE81040F4F7E4B900B52DED048BB0EE59
:10BE7000409AF0EE609A83B051EC190B00F0BAFAD8
:10BE800041EC180B18EE100A18EE901A8DED008B8D
:10BE9000002818BF0120084320F00040C0F17F6057
:10BEA00000F1E040C00F14D019EE101A19EE900AFC
:10BEB0008DED009B002918BF0121084320F00040B0
:10BEC000C0F17F6000F1E040C00F04BF0120FFF728
:10BED000F2FEB0EE480A03B0F0EE680ABDEC048B47
:10BEE00000BD000010B591EA030F48BF83F0004386
:10BEF00000F15483841A71EB030C05D2121943EB41
:10BF00000C03001B61EB0C01DFF824E14FEA115434
:10BF1000A4EB135C1EEA430F18BF9EEA445F73D084
:10BF200023EA0E03DCF1200E21EA045143F48013CE
:10BF300032D322FA0CFE10EB0E0023FA0CFE41EB7A
:10BF40000E01CCF1200E03FA0EFE10EB0E0051F1A3
:10BF50000001B1F5801FCCF1200E32D201EB04516B
:10BF600012FA0EF2BDE8104058BF7047401C38BFAF
:10BF70005FEA420218BF7047002814BF20F001009A
:10BF800041F100014FEA410313F5001F38BF70472C
:10BF9000A1F1C04100F0E6B9012A43EB0302ACF184
:10BFA000200CDCF11F0E32BF4FF0000E23FA0CF311
:10BFB00010EB030041EB0451B4EB115FD0D0A1EBC7
:10BFC000045101F5801149085FEA300001EB04518A
:10BFD0000ED350F1000038BF12FA0EFE08D1BDE8B2
:10BFE0001040C9E7401C38BF5FEA4202CAD1C3E72C
:10BFF000BDE810404FEA410313F5001F38BF7047FA
:10C00000A1F1C04100F0AEB99EEA445F08D011EA48
:10C010005E0FBDE8104004BF01F0004100207047F2
:10C02000BDE8104070B500F04FF900BF64FBBE3EA4
:10C030000000E0FF491058BFC1F140415B1058BFFC
:10C04000C3F140438B42EFF3008070474FEA115336
:10C05000A3F58063D3F11E03A8BFD3F1200C08DB46
:10C060004FF0004242EAC12252EA505232FA03F043
:10C07000704709420BD4102BC4BF0020704703F552
:10C08000787CBCF1FF3F05D04FF0FF3070474FF098
:10C090000000704770B500F017F900BF4992248086
:10C0A00000207047F0E710F0004248BF4042B0FA6D
:10C0B00080F310FA03F10AD0C3F11D0303F5806386
:10C0C0004FEA415002EB035202EBD12170474FF08F
:10C0D00000007047B0FA80F310FA03F10AD0C3F100
:10C0E0001D0303F580634FEA41504FEA035202EB10
:10C0F000D12170474FF000007047000051EA030C57
:10C1000017D41CF5801F58BFBCF5801F00F10680B6
:10C11000994218BF704708BF9042704707D711F582
:10C12000801F58BF13F5801F19D499427047894268
:10C1300070471CF5801F08D5BCF5801FF7D58B42D2
:10C1400018BF704708BF824270474FF4001C1CEBB9
:10C15000410F38BF1CEB430F01D28B42704770B5C3
:10C1600000F0B2F8922449004FF000514FF0805394
:10C17000FFF760BFDFF848C170B51CEA111E1EBF93
:10C180001CEA13159EEA0C0F95EA0C0F00F06F8065
:10C1900081EA030423EA4C134EEAD47E21EA4C11CF
:10C1A00041F4801143F48013AE44A1FB024CA0FB88
:10C1B0000365AEF17F7E361955EB0C05A1FB034CF0
:10C1C0004CF10003A0FB021C16EB0C06654153F179
:10C1D0000003094218BF46F0010613F4007F0BD19B
:10C1E0004FEA03314FEA0530340341EA155140EA82
:10C1F00016506FF003020AE04FEAC3214FEAC52050
:10C20000F40241EA555140EA56506FF0020202EB47
:10C210002E4201EB025585EACE710AD05FEA440C4A
:10C2200018BF24F0004450F1000041F1000120EA61
:10C23000D47040F2FE7C624500D270BDA84214BFAB
:10C240004FF080444FF04044002E08BF0024BEF160
:10C25000806FA8BFA1F1C041BDE8704080F282802C
:10C260004FF0000001F1C04101F0004170479EEA2B
:10C270000C0F0CEA131518BF95EA0C0F06D04FF0FF
:10C28000000081EA030E0EF0004170BD00F01CF8C2
:10C290008900013E00F007B800F009B84FEA430CEE
:10C2A0005FEA5C5C08D081EA030100F05BB84FEA0A
:10C2B000410C5FEA5C5CF6D14FF000000149704729
:10C2C0000000FF070000F87F0EF1020E2EF0030EB3
:10C2D0005EF8046B364205D4012A43EB030515F5DD
:10C2E000001F12D8012841EB010C1CF5001F0CD8CF
:10C2F0000ED14FEAD17C15F5001F0CEB4C0C0CF164
:10C30000020C08BF4CEBD37C04E04FF0080C01E0BA
:10C310004FEAD37C0CEB4C0526FA05F606F007062F
:10C32000B6F1040C06D20EEB860CBDE870404CF062
:10C33000010C6047DFE80CF0090B02024FF00041EE
:10C340004FF00000A1F5002170BD194610460128EC
:10C3500051EB010418BFD4F5001484BF002001F094
:10C36000004170BD0808A0F500114FEA3101704787
:10C3700053EA010C17D41CF5801F58BFBCF5801F71
:10C3800000F106808B4218BF704708BF8242704799
:10C3900007D713F5801F58BF11F5801F19D48B42A2
:10C3A00070479B4270471CF5801F08D5BCF5801F65
:10C3B000F7D5994218BF704708BF904270474FF4B5
:10C3C000001C1CEB430F38BF1CEB410F01D29942FC
:10C3D00070470FB40CBC03BCFFF7C1BE91EA030F5A
:10C3E00010B581F000413FF585AD83F0004300F0CA
:10C3F000D5B800002DE9F04101F5801CBCF5001F07
:10C40000C0F2A9804FEA115C21EA0C510CF1FD0C3D
:10C4100041F480115FEA5C0C0CF5C07C01D3400054
:10C42000494130A4890241EA905187028E0E0A0CDC
:10C43000A45D04FB04F602FB06F6C6F14046A4FB2D
:10C440000662F60D46EA422606FB06F4A4FB01232B
:10C450005242C3F1404338BF5B1EA6FB0242002498
:10C46000E6FB0324D20B42EA4446A6FB0623A1FBCB
:10C4700002E2A3FB07E4E3FB61426442C2F1404EE7
:10C4800038BFAEF1010EA6FB04234FF00002E6FB1D
:10C490000E32A2FB03463400E2FB6264A1FB06E617
:10C4A000A4FB07E8E4FB61687642C8F1405838BF56
:10C4B000A8F10108A2FB06E4A3FB08E5E2FB68542F
:10C4C000A1FB05E6A7FB04E8E1FB648618F1200563
:10C4D00056F10006A809A8F11B08B10908F03F08A9
:10C4E000B8F10A0F40EA86601CD901EB0C51BDE897
:10C4F000F08100BFFCF5EEE8E2DDD8D3CFCBC7C3B7
:10C50000C0BDB9B6B4B1AEACA9A7A5A3A19F9D9B70
:10C510009A9896959392908F8D8C8B898887868533
:10C5200084838281A0FB006800FB01F208EB4208D3
:10C53000B8EB872807D5341858EB0104D5D5401C33
:10C5400051F10001D1E7341A78EB0104CDD4401E3B
:10C5500071F10001C9E75FEA4C0C5FEA9C5C0DD108
:10C5600005D34FF0000001F00041BDE8F081BDE8C7
:10C57000F04170B5FFF7A8FE6DDBFFBEBDE8F041EE
:10C580004FF00000004970470000F87F10B591EAB5
:10C59000030F48BF83F000433FF5ACAC841A71EB46
:10C5A000030C07D212198CF0004C43EB0C03001B58
:10C5B00061EB0C01DFF8A4E14FEA1154A4EB135C2A
:10C5C0001EEA430F18BF9EEA445F00F0B08023EAE2
:10C5D0006E03524221EA0451C3EB6E0338BF5B1E67
:10C5E000DCF1200E25D322FA0CFE10EB0E0043FAEC
:10C5F0000CFE41EB0E01CCF1200E03FA0EFE10EB07
:10C600000E0051F10001CCF1200E29D412FA0EF2E5
:10C6100001EB0451BDE8104058BF7047401C1CBFDF
:10C62000B2F1004F704700280CBF491C20F00100F8
:10C63000704712EB020E43EB030218BF4FF0010EDE
:10C640004EEA4202ACF1200CDCF11E0E54D943FA42
:10C650000CFE10EB0E0051F1FF31CCF11E0ED5D5C2
:10C660000EF1010E12FA0EFE404141EB010101EB09
:10C67000445C5FEA5C5C10D910EBDE7001EB0451A6
:10C6800038BFBEF1004FBDE8104018BF704700280A
:10C690000CBF491C20F00100704730D24FEAD42C67
:10C6A00011F5001124F400641BD0B1FA81F20B3AA9
:10C6B000A41AA41ED2F12003914030FA03F31943C7
:10C6C000904001EBCC71002C01EB0451BDE810400F
:10C6D000A8BF704701F1C0414FF0000001F00041D8
:10C6E0007047B0FA80F310FA03F100D110BDE41ADC
:10C6F000173C4805C90AE4E701EB045110BD491095
:10C7000001EB0451BDE810404FEA300002E04FF069
:10C71000000170474A0008BF0042F8D0B2F5001F80
:10C7200028BF704701F000414FF0000070479EEABB
:10C73000445F07D011EA5E0FBDE8104004BF00213E
:10C7400000207047BDE8104070B5FFF7BDFD00BF89
:10C7500040DFF63E83F00041104670470000E0FFE6
:10C7600043004FEAD30C4FEA3C0C43401FBF400745
:10C770000CF1605113F0FE4F70471CF0006F03D1B5
:10C7800000200CF0004170470CF0004343EA507069
:10C7900010B540EACC0000F00EF800BF0000009297
:10C7A0004FEA0001FFF7DEBD4FF000414FF00000FF
:10C7B000A1F5002170470EF1020E2EF0030E5EF877
:10C7C000044B244204D44FEA4102B2F17F4F11D806
:10C7D0004FEA4003B3F17F4F0CD80ED14FEAD07C23
:10C7E000B2F17F4F0CEB4C0C0CF1020C08BF4CEB80
:10C7F000D17C04E04FF0080C01E04FEAD17C0CEB57
:10C800004C0324FA03F404F00704B4F1040C06D238
:10C810000EEB840CBDE810404CF0010C6047DFE8E3
:10C820000CF0070802024FF00040A0F5800010BD98
:10C830000846420018BFD2F1807288BF00F0004065
:10C8400010BD4FF04070E1EE100A7047000000008C
:10C850000000000000000000000000003F40000059
:10C8600000000000000030004000300040000000E8
:10C8700009000BC03D000BC03D00090018C024405A
:10C880007FE0224031800000180024C01B000D8092
:10C890003240018003801C4027401C80074000403C
:10C8A0001000600000000000000000000000000018
:10C8B00000001F80204040200000402020401F80BA
:10C8C00000000000090006001F80060009000000AB
:10C8D000040004003F800400040000000010006019
:10C8E0000000000000000000040004000400040038
:10C8F00004000000000000400000000000000000F4
:10C90000002001C006003800400000001F802040C9
:10C91000204020401F800000000010403FC0004029
:10C920000000000018C021402240244018400000B0
:10C9300010802040244024401B80000002000D0095
:10C9400011003FC0014000003C80244024402440AE
:10C95000238000001F8024402440344003800000D6
:10C960003000200027C03800200000001B80244039
:10C97000244024401B8000001C0022C02240224092
:10C980001F800000000000000840000000000000C0
:10C99000000000000460000000000000000004002F
:10C9A0000A00110020804040090009000900090028
:10C9B0000900000000004040208011000A0004002F
:10C9C0001800200023402400180000001F80204091
:10C9D000274029401F400000004007C039000F00D9
:10C9E00001C0004020403FC0244024401B80000084
:10C9F0001F802040204020403080000020403FC069
:10CA0000204020401F80000020403FC024402E4096
:10CA100030C0000020403FC024402E003000000005
:10CA20000F001080204022403380020020403FC091
:10CA3000040004003FC02040204020403FC0204070
:10CA4000204000000060202020203FC02000200067
:10CA500020403FC024400B0030C0204020403FC059
:10CA600020400040004000C03FC03C0003C03C00EC
:10CA70003FC0000020403FC00C4023003FC02000CA
:10CA80001F802040204020401F80000020403FC0E9
:10CA900024402400180000001F802140214020E095
:10CAA0001FA0000020403FC02440260019C00040C5
:10CAB00018C0244024402240318000003000204033
:10CAC0003FC020403000000020003F800040004078
:10CAD0003F80200020003E0001C0070038002000F9
:10CAE000380007C03C0007C038000000204039C0B3
:10CAF000060039C0204000002000384007C0384000
:10CB000020000000304021C02640384020C00000F6
:10CB1000000000007FE04020402000000000700086
:10CB20000C000380004000000000402040207FE017
:10CB30000000000000002000400020000000000075
:10CB40000010001000100010001000100000000085
:10CB50004000000000000000000002800540054089
:10CB600003C0004020003FC0044004400380000098
:10CB700000000380044004400640000000000380E1
:10CB8000044024403FC000400000038005400540B1
:10CB900003400000000004401FC024402440200047
:10CBA000000002E0055005500650042020403FC020
:10CBB0000440040003C000400000044027C00040BF
:10CBC0000000000000100010041027E0000000002A
:10CBD00020403FC00140070004C0044020402040E6
:10CBE0003FC000400040000007C0040007C0040030
:10CBF00003C00000044007C00440040003C000401C
:10CC0000000003800440044003800000041007F08B
:10CC100004500440038000000000038004400450DE
:10CC200007F00010044007C00240040004000000A8
:10CC3000000006400540054004C00000000004005C
:10CC40001F800440004000000400078000400440B2
:10CC500007C000400400070004C001800600040073
:10CC6000060001C0070001C006000000044006C025
:10CC7000010006C0044000000410071004E0018019
:10CC8000060004000000044005C006400440000007
:10CC90000000000004007BE04020000000000000D5
:10CCA0000000FFF000000000000040207BE00400D6
:10CCB00000000000400080004000200020004000F4
:10CCC0000000000000000000000000000000000064
:10CCD0000000000000001FCC000C0000000000005D
:10CCE0000000080030006000080030006000000014
:10CCF000022003FC1E20022003FC1E200220000054
:10CD000000000E1811043FFF10840C780000000092
:10CD10000F0010840F3800C00778188400780000D6
:10CD200000780F8410C411240E9800E400840008D9
:10CD30000800680070000000000000000000000013
:10CD400000000000000007E0181820044002000066
:10CD5000000040022004181807E000000000000056
:10CD60000240024001800FF00180024002400000BA
:10CD70000080008000800FF80080008000800000AC
:10CD80000001000D000E0000000000000000000087
:10CD90000000008000800080008000800080008013
:10CDA0000000000C000C000000000000000000006B
:10CDB0000000000600180060018006001800200036
:10CDC000000007F0080810041004080807F000002D
:10CDD0000000080408041FFC000400040000000018
:10CDE00000000E0C10141024104411840E0C0000CE
:10CDF00000000C1810041104110412880C700000BB
:10CE0000000000E00320042408241FFC002400008C
:10CE100000001F9810841104110410881070000085
:10CE2000000007F008881104110418880070000041
:10CE300000001C00100010FC13001C00100000007B
:10CE400000000E3811441084108411440E38000084
:10CE500000000700088C10441044088807F0000008
:10CE6000000000000000030C030C000000000000A4
:10CE700000000000000101060000000000000000AA
:10CE80000000008001400220041008081004000087
:10CE900002200220022002200220022002200000A4
:10CEA0000000100408080410022001400080000067
:10CEB00000000E001200100C106C10800F0000001B
:10CEC00003E00C1813E4142417C4082807D000004A
:10CED0000004003C03C41C40074000E4001C0004A4
:10CEE00010041FFC1104110411040E8800700000CE
:10CEF00003E00C1810041004100410081C100000AB
:10CF000010041FFC100410041004080807F00000AF
:10CF100010041FFC1104110417C4100408180000A9
:10CF200010041FFC1104110017C0100008000000BD
:10CF300003E00C181004100410441C78004000009A
:10CF400010041FFC10840080008010841FFC10045B
:10CF50000000100410041FFC100410040000000066
:10CF600000030001100110011FFE1000100000005E
:10CF700010041FFC110403801464181C100400002A
:10CF800010041FFC1004000400040004000C000046
:10CF900010041FFC1F0000FC1F001FFC10040000F9
:10CFA00010041FFC0C04030000E010181FFC10000C
:10CFB00007F00808100410041004080807F0000027
:10CFC00010041FFC10841080108010800F000000DF
:10CFD00007F0081810241024101C080A07F200009B
:10CFE00010041FFC1104110011C011300E0C0004BC
:10CFF00000000E1C11041084108410441C38000022
:10D000001800100010041FFC10041000180000008D
:10D0100010001FF810040004000410041FF8100092
:10D0200010001E0011E0001C007013801C00100096
:10D030001FC0103C00E01F0000E0103C1FC00000BB
:10D040001004180C163401C001C01634180C10045A
:10D0500010001C00130400FC13041C00100000004E
:10D060000804101C1064108413041C041018000021
:10D070000000000000007FFE40024002400200006D
:10D08000000030000C0003800060001C0003000062
:10D0900000004002400240027FFE0000000000004D
:10D0A0000000000020004000400040002000000080
:10D0B0000001000100010001000100010001000168
:10D0C00000004000400020000000000000000000C0
:10D0D00000000098012401440144014400FC0004C4
:10D0E00010001FFC0088010401040088007000008B
:10D0F00000000070008801040104010400880000A1
:10D100000000007000880104010411081FFC0004E5
:10D11000000000F8014401440144014400C800003B
:10D120000000010401040FFC110411041100180097
:10D13000000000D601290129012901C901060000CA
:10D1400010041FFC008401000100010400FC000425
:10D1500000000104190419FC000400040000000090
:10D160000000000300010101190119FE0000000088
:10D1700010041FFC0024004001B4010C0104000055
:10D180000000100410041FFC000400040000000054
:10D19000010401FC0104010001FC0104010000FC88
:10D1A000010401FC008401000100010400FC0004F2
:10D1B000000000F8010401040104010400F800006B
:10D1C000010101FF008501040104008800700000D6
:10D1D00000000070008801040104010501FF000146
:10D1E0000104010401FC008401040100018000002D
:10D1F000000000CC01240124012401240198000036
:10D2000000000100010007F8010401040000000013
:10D21000010001F8000400040004010801FC0004FE
:10D22000010001800170000C00100160018001000C
:10D2300001F0010C003001C00030010C01F00100D0
:10D2400000000104018C00740170018C01040000D5
:10D25000010101810171000E0018016001800100CF
:10D2600000000184010C013401440184010C000020
:10D27000000000000000000001003EFC40024002EF
:10D280000000000000000000FFFF000000000000A0
:10D290000000400240023EFC0100000000000000CF
:10D2A000000060008000800040004000200020005E
:10D2B000000000000000000000000000000000006E
:10D2C000000000000000000000000000000000005E
:10D2D000000000000000000000000000000000004E
:10D2E0000000000F80380FFE380F8038000000006B
:10D2F000000000000000000000000000000001002D
:10D30000000600000C00003800003100000600009C
:10D310000C00003800003000000000000000000099
:10D3200061800067F807F98000618000618000611A
:10D33000800061800067F807F980006180000000CC
:10D3400000000000000001C0E003E0F00630080427
:10D3500018081FFFFE040E080787F00381E0000095
:10D360000000000001F000060C00040408060C7028
:10D3700001F9C0000E00003BE000EC1807080804AB
:10D380000C180003E00000000001E00007F003F8C3
:10D3900018041C0804170807E1D003C0E00023B0FC
:10D3A000003C080020080000100000000000000100
:10D3B00000003100003200001C00000000000000EE
:10D3C000000000000000000000000000000000005D
:10D3D000000000000000000000000000000000004D
:10D3E0007F0001FFC00780F00C001810000420002F
:10D3F000020000000000002000021000040C0018D1
:10D400000780F001FFC0007F000000000000000066
:10D410000000000000000000000000004200006664
:10D4200000006600003C0000180003FFC000180068
:10D43000003C0000660000660000420000000000A2
:10D44000080000080000080000080000080001FFB4
:10D45000C0000800000800000800000800000800E4
:10D4600000000000000100003100003200001C003C
:10D4700000000000000000000000000000000000AC
:10D480000000000000000000080000080000080084
:10D490000008000008000008000008000008000064
:10D4A000080000080000000000000000000000006C
:10D4B00038000038000038000000000000000000C4
:10D4C000000000000000000000000000000000005C
:10D4D000000600001C000070000180000E000038F3
:10D4E0000000C0000700001C000030000000000029
:10D4F000000000007F8001FFE00380700600180438
:10D50000000804000806001803807001FFE0007F97
:10D510008000000000000000000001000801000879
:10D5200001000803FFF807FFF800000800000800EA
:10D53000000800000000000000000001C03802C028
:10D5400058040098040118040218040418061C1852
:10D5500003F81801E0F800000000000000000001DE
:10D56000C0E003C0F0040008040808040808061816
:10D570000803F41801E7F00001E0000000000000DB
:10D58000000000000300000D000011000061000019
:10D59000810803010807FFF80FFFF80001080001E8
:10D5A000080000000000000000E007FCD0060808AA
:10D5B000061008061008061008061838060FF006B0
:10D5C00007C0000000000000000000003F8001FFD5
:10D5D000E00384300208180410080410080410083E
:10D5E000071810030FF00007C00000000000000043
:10D5F000000003C0000700000600000600F8060750
:10D60000F806180006E00007000006000000000011
:10D6100000000001E1E003F7F006341004180804EC
:10D620001808040C08040C0806161803F3F001C1CE
:10D63000E000000000000000F80003FC30030638A2
:10D640000402080402080402080404100308F0019C
:10D65000FFC0007F0000000000000000000000008C
:10D6600000000000000000007038007038007038C2
:10D6700000000000000000000000000000000000AA
:10D68000000000000000000000000000301A003020
:10D690001C0000000000000000000000000000006E
:10D6A000000000000000000800001400002200003C
:10D6B00041000080800100400200200400100800AA
:10D6C00008000000000000002100002100002100EF
:10D6D00000210000210000210000210000210000A5
:10D6E00021000021000000000000000000000800F0
:10D6F000080400100200200100400080800041006A
:10D7000000220000140000080000000000000003D8
:10D71000C00004C000040000080038080F380808E2
:10D72000380810000C300007E00003C000000000C3
:10D73000000000003F8000FFE0038070020F100631
:10D74000708804C088048308047F8802C0900301A5
:10D750002000FE400000080000180001F8003E080C
:10D7600001C20007020007E20000FE00001FC8001F
:10D7700001F800003800000804000807FFF807FF60
:10D78000F80408080408080408080408080618082B
:10D7900003F41801E7F00001E000000000000000C1
:10D7A0003F8001FFE00380700200180400080400BD
:10D7B000080400080400100600200780C0000000D4
:10D7C00004000807FFF807FFF80400080400080435
:10D7D000000804001802001003807001FFE0007FC1
:10D7E0008000000004000807FFF807FFF80408089D
:10D7F000040808040808040808043E080400080691
:10D80000001801006000000004000807FFF807FF8F
:10D81000F8040808040800040800040800043E0096
:10D82000060000060000018000000000000000006B
:10D830003F8001FFE0038070060018040008040226
:10D84000080402080203F00783F00002000002004F
:10D8500004000807FFF807FFF804080800080000A4
:10D86000080000080000080004080807FFF807FF88
:10D87000F80400080000000000000400080400088C
:10D8800004000807FFF807FFF80400080400080474
:10D89000000800000000000000000000000600007A
:10D8A0000700000104000104000104000307FFFE5B
:10D8B00007FFFC0400000400000400000400080747
:10D8C000FFF807FFF8040C08001800003E0004C72A
:10D8D000800503C80600F80400380400180000089A
:10D8E00004000807FFF807FFF8040008000008001C
:10D8F00000080000080000080000080000180000F0
:10D900006000000004000807FFF807800807FC001B
:10D91000007FC00003F80007C000780007800807F8
:10D92000FFF807FFF804000804000807FFF80700E5
:10D930000803C00000E000003800001E00000700DF
:10D940000001C00400F007FFF80400000000000020
:10D950007F8001FFE00380700600180400080400C7
:10D960000806001803003001FFE0007F800000007F
:10D9700004000807FFF807FFF80404080404000483
:10D980000400040400040400060C0003F80001F085
:10D9900000000000000000007F8001FFE0038070B5
:10D9A0000600880400880400C806003C03003E010D
:10D9B000FFE6007F8400000004000807FFF807FF6F
:10D9C000F8040808040800040C00040F00040BC04D
:10D9D0000610F003F03801E0080000080000000124
:10D9E000E0F803F030063010041808041808040C9E
:10D9F00008040C080206180207F00781E000000086
:10DA00000180000600000400000400000400080774
:10DA1000FFF807FFF80400080400000400000600F7
:10DA20000001800004000007FFE007FFF004001879
:10DA300000000800000800000800000800000804BA
:10DA4000001007FFE004000004000006000007E0EB
:10DA50000007FE00041FE00001F80000380001E0AC
:10DA6000043E0007C0000600000400000400000798
:10DA7000E00007FFC0041FF80007C007F80007FF19
:10DA800080043FF80007C004F8000700000400000D
:10DA900000000004000806001807C07805F1C8005F
:10DAA0003E00001F800463E80780F80600180400A9
:10DAB0000800000004000006000007800007E008DE
:10DAC000047C08001FF80007F800180804E00807A5
:10DAD000000006000004000000000001000806002D
:10DAE000380400F80403E8040F08047C0805F00873
:10DAF00007C00807001804006000000000000000D4
:10DB000000000000000000000000003FFFFE2000B9
:10DB1000022000022000022000022000020000007B
:10DB200000000000000008000007000000C0000026
:10DB300038000006000001C000003000000E0000A8
:10DB40000100000000000000000020000220000290
:10DB50002000022000022000023FFFFE0000000023
:10DB600000000000000000000000000000000000B5
:10DB7000000800001000003000002000003000000D
:10DB8000100000080000000000000000000001007C
:10DB90000001000001000001000001000001000080
:10DBA000010000010000010000010000010000016F
:10DBB0000000000000000000002000002000001015
:10DBC0000000100000000000000000000000000045
:10DBD000000000000000000000F00019F8001B1811
:10DBE000002208002608002408002410003FF80046
:10DBF0001FF800000800001800000004000007FFE4
:10DC0000F80FFFF000181800100800200800200886
:10DC1000003018001FF0000FC000000000000000DE
:10DC200007C0001FF0001830002008002008002066
:10DC300008003C08001C100000600000000000000C
:10DC40000000000007C0001FF00038180020080086
:10DC5000200800200804101007FFF80FFFF0000054
:10DC6000100000000000000000000007C0001FF0CE
:10DC7000001230002218002208002208003208009A
:10DC80001E10000E200000000000000020000020F8
:10DC90000800200801FFF803FFF806200804200808
:10DCA000042008072000030000000000000000001E
:10DCB000000E000E6E001FF30031B10020B10020F5
:10DCC000B1003191001F13002E1E00200E00300005
:10DCD00000000004000807FFF80FFFF8001008001C
:10DCE0002000002000002008003FF8001FF800007E
:10DCF00008000000000000000000002008002008CC
:10DD0000002008063FF8063FF80000080000080061
:10DD100000080000000000000000000000000000FB
:10DD200003000003002001002001002003063FFE45
:10DD3000063FFC000000000000000000000000049E
:10DD4000000807FFF80FFFF8000188000300002F0C
:10DD5000C00038F80020380020080000080000004B
:10DD60000000000000000400080400080400080788
:10DD7000FFF80FFFF800000800000800000800008E
:10DD800000000000002008003FF8003FF8001008E5
:10DD9000002000003FF8003FF800100800200000BD
:10DDA0003FF8003FF8000008000000002008003F96
:10DDB000F8003FF8001008001000002000002008C4
:10DDC000003FF8001FF800000800000000000000FD
:10DDD00007C0000FF00018300030080020080020B5
:10DDE00008003008001830000FF00007C0000000E5
:10DDF000000000002001003FFF003FFF0010110065
:10DE00002009002008002008003038001FF0000F13
:10DE1000C00000000000000007C0001FF00038181C
:10DE2000002008002008002009001011001FFF003A
:10DE30003FFF000001000000002008002008002033
:10DE400008003FF8003FF80008080010080020080C
:10DE50000020000030000030000000000000000042
:10DE60000000000C78001E18003308002308002171
:10DE7000080021880021980030F000386000000080
:10DE800000000000200000200000200000FFF00340
:10DE9000FFF80020080020080020080000300000E3
:10DEA00000000000000000002000003FF0007FF8AC
:10DEB000000018000008000008002010003FF800D3
:10DEC0007FF0000010000000000000002000003083
:10DED00000003C00003F800023F00000780000704C
:10DEE000002380003C0000300000200000200000E3
:10DEF0003C00003FE00023F80000E0002700003E67
:10DF000000003FE00021F80001E0003E000020009A
:10DF1000000000002008002008003838003E68009B
:10DF200027800003C8002CF8003838002018002093
:10DF300008000000000000002000003003003C0149
:10DF4000003F830023EC000070002380003C0000B1
:10DF50002000002000000000000000000000003849
:10DF6000080020380020F80023E8002F88003E0831
:10DF700000380800201800007000000000000000B9
:10DF80000000000000000000000000000800001475
:10DF9000001FF7FC30000620000200000000000017
:10DFA0000000000000000000000000000000000071
:10DFB0000000FFFFFF000000000000000000000064
:10DFC00000000000000000000000200002300006F9
:10DFD0001FF7FC0014000008000000000000000013
:10DFE00000000000000000000000001800006000B9
:10DFF0000040000040000020000010000008000069
:10E000000400000400000C000010000060E001208B
:10E010000305350002081E08503C0F050000FF678D
:10E02000500000181A1E1489280A302EBB0A03005B
:10E030000002331D000000000000003200002A1C16
:10E040005A94C50207000000B51F009028007732DF
:10E0500000623F005250005200000000000000002B
:10E060000000000000000000000000000000000FA1
:10E070000F03061042F80F14000000001A181614BF
:10E0800012100E0C0A080000000000000000000042
:10E090000000000000000000000029282422201FAA
:10E0A0001E1D0E0C0A080605040200FF00000000F9
:10E0B00000000000000000FFFFFFFFFFFFFFFFFF69
:10E0C000FFFFFFFF508158816081688170810001EE
:10E0D0000005001000140018030009000F001500CF
:10E0E0001B0000002CE200080F0000000F000000E1
:10E0F000FF0000000F0000000F0000000F000000F4
:10E100000000000000000100020001000300010007
:10E1100002000100040001000200010003000100F0
:10E1200002000100050001000200010003000100DF
:10E1300002000100040001000200010003000100D0
:10E1400002000100060001000200010003000100BE
:10E1500002000100040001000200010003000100B0
:10E16000020001000500010002000100030001009F
:10E170000200010004000100020001000300010090
:10E18000020001000700010002000100030001007D
:10E190000200010004000100020001000300010070
:10E1A000020001000500010002000100030001005F
:10E1B0000200010004000100020001000300010050
:10E1C000020001000600010002000100030001003E
:10E1D0000200010004000100020001000300010030
:10E1E000020001000500010002000100030001001F
:10E1F0000200010004000100020001000300010010
:10E20000020001003031323334353637383941427B
:10E210004344454640305800303132333435363788
:10E22000383961626364656640307800506C6561BE
:10E2300073652075736520746865207374796C75D7
:10E240007320636C69636B207468652063726F73FD
:10E2500073206F6E207468652073637265656E2E1F
:10E260005468652063726F73732077696C6C2061EA
:10E270006C77617973206D6F766520756E74696C4B
:10E28000207468652073637265656E2061646A75C9
:10E2900073746D656E7420697320636F6D706C6547
:10E2A0007465642E00000000C8E200080000002031
:10E2B000C0000000C401000888E30008C00000207E
:10E2C000B81A0000E0010008000000000000000093
:10E2D000007A030A000000000000000001020304AD
:10E2E000060708090000FFFF01000000837800080E
:10E2F000E16B0008916F00080000000000000000C2
:10E30000000000000000000000000000000000000D
:10E3100000000000000000000000000000000000FD
:10E32000D09000000000000000000000000000008D
:10E3300000000102030401020304060708090000AB
:10E3400000000000000000000000000000000000CD
:10E3500000000000000000000000000000000000BD
:10E3600000000000000000000000000000000000AD
:10E37000000000000000000000000000000000009D
:08E38000000000000000000095
:040000050800018965
:00000001FF
