:020000040800F2
:10000000B05E0020E1870008150300081703000810
:100010002103000825030008290300080000000050
:100020000000000000000000000000002D03000898
:100030002F0300080000000031030008330300080C
:10004000FB870008FB870008FB870008FB87000888
:10005000FB870008FB870008FB870008FB87000878
:10006000FB870008FB870008FB870008FB87000868
:10007000FB870008FB870008FB870008FB87000858
:10008000050B0008FB870008FB870008FB870008BA
:10009000FB870008FB870008FB870008FB87000838
:1000A000FB870008FB870008FB870008FB87000828
:1000B000FB870008FB870008FB870008FB87000818
:1000C000FB870008FB870008FB870008FB87000808
:1000D000FB87000857870008FB870008FB8700089C
:1000E000FB870008FB870008FB870008FB870008E8
:1000F000FB870008FB870008FB870008FB870008D8
:10010000FB870008D5830008FB870008FB870008F1
:10011000FB870008FB870008FB870008FB870008B7
:10012000AB060008FB870008FB870008FB87000878
:10013000FB870008FB870008FB870008FB87000897
:10014000FB870008FB870008FB870008FB87000887
:10015000FB870008FB870008FB870008FB87000877
:10016000FB870008FB870008FB870008FB87000867
:10017000FB870008FB870008FB870008FB87000857
:10018000FB870008FB870008DFF810D00EF01CF892
:1001900000480047B1010008AFF30080B05E0020C6
:1001A00030BF72B6704762B6704780F308887047F8
:1001B0004FF4A06008F026FBA82008F0EBF94FF4FC
:1001C000E13008F076FA00F08BFD04F0DBF822490C
:1001D0000868804701F015FA00200BF05DF910B1B6
:1001E0001EA00EF003F8012222A123480CF0FBF917
:1001F0000446002C1ED0214620A00DF0F7FF4FF43E
:1002000080532E4A2E491BA00DF06DF905461DB1F5
:100210002CA00DF0EBFF0CE02EA00DF0E7FF01226B
:1002200014A100200CF0DFF9012212A112480CF0F9
:10023000DAF903E021462EA00DF0D8FF344800F093
:100240000EFB00F0F5FC05E000F069FA00F015FB8C
:1002500000F0F6FCF8E7000050000020B3F5CABC3F
:10026000BBAF5344BFA8CAA7B0DCA3ACCAD6B6AFD5
:10027000B5C40000303A0000E8020020CEC4BCFE45
:10028000CFB5CDB3B9D2D4D8B4EDCEF3A3ACBDD3F2
:10029000CFC2C0B4BDF8D0D0B8F1CABDBBAFBCB0FE
:1002A000D6D8B9D2D4D8B2D9D7F7A3ACB1EAD6BE92
:1002B000666C6167312C25640A0000001825002057
:1002C000000000205344BFA8B8F1CABDBBAFCAA705
:1002D000B0DC00005344BFA8B8F1CABDBBAFB3C97E
:1002E000B9A6A3ACD6D8B9D2D4D8C6F4B6AF00005C
:1002F000CEC4BCFECFB5CDB3B9D2D4D8B3C9B9A69C
:10030000A3ACB1EAD6BE666C6167312C25640A00E5
:1003100018050020704707A00DF068FF00BFFEE73A
:1003200000BFFEE700BFFEE700BFFEE77047704773
:1003300070477047B3CCD0F2BDF8C8EB4861726427
:100340004661756C740000000CB5002001900090AF
:100350007648006840F480307449086000BF7348F4
:10036000006800F4003000900198401C0190009853
:1003700018B90198B0F5A04FF1D16C48006800F4AD
:10038000003010B10120009001E0002000900098A2
:10039000012846D165484030006840F080506349EC
:1003A000403108606248006840F44040604908609D
:1003B0005E48083000685D490831086008460068FA
:1003C00040F4004008600846006840F4A05008600F
:1003D0005848091F0860081F006840F08070091F16
:1003E000086000BF5148006800F000700028F9D094
:1003F00040F20570504908604C480830006820F011
:1004000003004A49083108600846006840F00200CD
:10041000086000BF45480830006800F00C0008285C
:10042000F8D10CBD10B54548006840F47000434950
:1004300008603E48006840F001003C490860002028
:100440003A4908310860394800683D490840374951
:1004500008603C48091D0860081F006820F48020DF
:10046000091F0860002031490C310860FFF76CFF5C
:100470004FF0006031498039086010BD70B5002030
:100480000022022300240221284D08352D6805F0A2
:100490000C0020B1042806D0082834D107E02A4DEA
:1004A0002A4E356033E02A4D284E35602FE01F4D2F
:1004B0002D1D2D68C5F380541C4D2D1D2D6805F094
:1004C0003F0154B1224DB5FBF1F5184E361D36688B
:1004D000C6F3881605FB06F209E01B4DB5FBF1F5E6
:1004E000124E361D3668C6F3881605FB06F20F4D10
:1004F0002D1D2D68C5F301456D1C6B00B2FBF3F596
:10050000124E356003E0104D104E356000BF00BF45
:10051000064D08352D68C5F303150E4E705D0B4D65
:100520002D68C540094E356070BD0000003802409E
:100530000070004008544007003C024088ED00E095
:10054000FFFFF6FE103000240024F400100000200D
:1005500000127A001400002010B50121042008F0D8
:10056000C9FF0121880508F0C5FF0121080209F033
:100570001BF80121880309F017F80121022009F076
:1005800013F810BD1CB503208DF804000420009062
:1005900000208DF8070003208DF805006946FC480F
:1005A00008F026FA1CBD00B58BB00AF073F90020E4
:1005B000039001904FF4803002904FF4A0600490BB
:1005C00001A80AF0A1F900208DF8190009904FF058
:1005D0006060089001208DF82800002005908DF8BB
:1005E00018004FF08050079005A9EA480AF05DF91D
:1005F000072301220C21E7480AF0DDF90121E54833
:100600000AF084FA0121E3480AF075FA0121E14871
:100610000AF091F90BB000BD10B590B004464FF44C
:100620000060059000200190049004200C900120AF
:100630000D900394C0050E9080120990C010079091
:1006400080100A90D3484C30029000200F904FF455
:1006500000600890002006904FF440300B9001A9F4
:10066000CD480AF0EBFB01221021CB480AF0ADFC8B
:1006700038208DF8000001208DF8030002208DF84D
:1006800001008DF80200684608F0C1F80022C34955
:10069000C1480AF034FC0121BF480AF03CFC0121AA
:1006A000BD480AF005FC10B010BD10B5BC49BA48F1
:1006B0000AF0A8FC012826D1BA48007838B9BA480F
:1006C0000068401CB84908600120B8490870B64865
:1006D0000068B749884208D1B64908600021B64889
:1006E00009F0BCFB0020B5490870B548007818B97E
:1006F0000120B349087002E00020B1490870A84900
:10070000A5480AF0A9FC10BD01460120002203E023
:1007100000EB80035800521C8A42F9DB7047F8B5A1
:10072000A2480078012879D19F4800686421484395
:10073000C002A449B0FBF1F4102005232246002199
:100740000090084603F036FD002010232E220146BB
:100750000090302003F095FC002421E0C4F1060154
:10076000C8B2FFF7D1FF9049096864225143C9021A
:10077000B1FBF0F200FB1216C4F10501C8B2FFF79D
:10078000C3FFB6FBF0F51020E11D4FF6FF7200909D
:1007900002EAC10001232A46002103F00BFD641C7C
:1007A000062CDBDB00208149087085480078012891
:1007B0000FD18548C46821460CF063FA00200090F0
:1007C0006B464FF4805281497F480CF00AF9054688
:1007D00000BF7B48007878B97B48C46821460CF09C
:1007E00050FA002000906B464FF480526B497648D7
:1007F0000CF0F7F8054600BF6B48006818B90021F7
:100800006D4809F02BFB684800686949884205D1AA
:100810000020654908606C480CF022FAF8BD0EB55E
:10082000654809F078FF4FF40070ADF8080000202B
:10083000ADF8020063200190A720ADF80000002071
:100840008DF80A0069465C4809F07FFA20215A4871
:1008500009F0D4FF0021584809F000FB0EBD10B587
:100860000446FFF779FEFFF78DFE2046FFF7D4FE22
:10087000FFF799FEFFF7D3FF10BD1CB5002003F072
:100880009FFD4849087008460078012816D14B485A
:10089000007801287AD14E48007838B900214648BE
:1008A00009F0DCFA01204A4908706FE00121424852
:1008B00009F0D4FA00204649087067E0394800780A
:1008C00002282FD13D48007801285FD100213A4805
:1008D00009F0C4FA002038492431086000212E486C
:1008E0000AF0E6FA4FF400602B49091D0860012167
:1008F00029480AF0DDFA0020304908702A480068CB
:100900002C4908600020284908602F480CF0A8F9FD
:10091000102005230090274894210268002003F04E
:1009200049FC33E01F48007803282FD12348007882
:1009300060BB132227A124480BF082FE044601204D
:100940001E49087027480078012817D126A01021D9
:100950000B461822CDE900101E21002003F0D3FC25
:10096000002119480CF08DF920A010210B46182207
:10097000CDE900101E21002003F0C5FC012019491B
:10098000087001210C4809F069FA00BF1CBD000085
:1009900000080240002001401064024018150020A9
:1009A000208000102E000020240000202C000020B9
:1009B000A086010028000020000401402D00002036
:1009C0003100002040420F00C00000201805002028
:1009D0002F000020303A766F696365352E74787485
:1009E0000000000030000020505245004F4B4C00EA
:1009F00000B587B00121480708F0C5FD0121084670
:100A000008F078FD00200590022006902C2003902D
:100A10000020049003A90AF04EFB03208DF8080083
:100A200000208DF80A001020019000208DF80B00A6
:100A300003208DF8090001A9994807F0D9FF012189
:100A400000200AF055FB012100200AF0D9FB00210B
:100A500008460AF09BFB07B000BD00B591B001212C
:100A6000480508F047FD00218E480AF021FA02A847
:100A70000AF00DFA4FF0606002908B4803908B48AB
:100A800004904020059040010690002007904FF40C
:100A9000806008904000099080000A9040110B90FF
:100AA00040020C9004200D9001200E90C0050F9084
:100AB00002A97C480AF0C2F910208DF80400012038
:100AC0008DF8070002208DF805008DF8060001A8BA
:100AD00007F09DFE764973480AF063FA012210215F
:100AE00070480AF072FA002272496E480AF007FA5A
:100AF00001216C480AF00FFA01216A480AF0D8F97E
:100B000011B000BD38B56C4966480AF07BFA01287F
:100B100067D16A480068401C6849086068480068F6
:100B2000401E096888422AD36648007898B9012097
:100B30006449087061480068010363480CF0A1F83B
:100B4000002000906B464FF480525A495E480BF0EB
:100B50006EFE044613E000205A49087057480068AA
:100B6000010359480CF08DF8002000906B464FF4BB
:100B700080524E4954480BF05AFE044600BF1020E4
:100B8000022300904D484FF496710268002003F054
:100B900011FB4A4800684A49096888421DD3002071
:100BA00046490860102005230090454864210268EA
:100BB000002003F0FFFA002042490870FFF74DFFC4
:100BC000002042490870424908600021404824380A
:100BD00009F044F93C480CF043F8374931480AF031
:100BE0003BFA38BD0EB50121042008F0CCFC384892
:100BF000243809F090FD0020ADF80800ADF802009F
:100C0000632001905320ADF8000000208DF80A0009
:100C100069462F48243809F098F820212C482438B8
:100C200009F0ECFD00212A48243809F017F90EBD1F
:100C300010B5FFF712FFFFF7DBFEFFF7D3FF10BD84
:100C400038B524480078012828D12048007828BBEE
:100C500021480078012821D10122AFF288211A48C9
:100C60000BF0EEFC044621461CA00DF0BFFA00205C
:100C70000090002114480CF004F86B464FF48052A9
:100C80000A4911480BF0D3FD054602200F490870B0
:100C900001210F48243809F0E1F800BF38BD0000F9
:100CA00000000240886002400874004018350020AF
:100CB0000008002018450020008800203400002093
:100CC0002800002039000020C00000202D00002056
:100CD000240800402E0000203000002025640A0077
:100CE0001CB50121202008F005FC4FF4C0600090E5
:100CF00001208DF8040000208DF8060003208DF8F7
:100D0000050001208DF807006946044807F070FED1
:100D10004FF4C061014807F0E7FE1CBD001402401B
:100D200001B5BDF800000090BDF80000FE49088044
:100D300008BD01B5BDF800000090BDF80000FA49FB
:100D4000891C088008BD08B5F748801C0088009001
:100D5000BDF8000008BDF44A10804FF0D842A2F858
:100D60008010704710B504462046FFF7D9FF0520D4
:100D700007F02AFCFFF7E7FF10BDEC480089EA49BD
:100D800008807047E849891C0880704730B50146E3
:100D900001F01F04C1F34513CA0AE50205EB431530
:100DA0001544A8B230BD00BF011EA0F10102D0B2AF
:100DB000FAD1704710B502460C46DC48808841F6EF
:100DC0006311884247D1D9488079A8B9D7480088AB
:100DD000401E801A82B2D5494889FFF7A1FF002042
:100DE000FFF7A7FF0020FFF7A4FF1012FFF7A1FFF6
:100DF000D0B2FFF79EFF16E0CC494889FFF790FF7D
:100E00001012FFF796FFD0B2FFF793FFC74909888A
:100E1000491EC1F30F20FFF78CFFC4490978491E12
:100E2000C8B2FFF786FFC1498889FFF779FF201212
:100E3000FFF77FFFE0B2FFF77CFFBC494988491EFE
:100E4000C1F30F20FFF775FFB8498978491EC8B272
:100E5000FFF76FFF3AE0B548808845F210518842AD
:100E600020D1B2494889FFF75BFF1012FFF761FFFD
:100E7000AE494989491C88B2FFF752FFD0B2FFF74B
:100E800058FFAA498889FFF74BFF2012FFF751FF4F
:100E9000A6498989491C88B2FFF742FFE0B2FFF7F3
:100EA00048FF13E0A1494889FFF73AFF1012FFF706
:100EB00040FFD0B2FFF73DFF9C498889FFF730FF24
:100EC0002012FFF736FFE0B2FFF733FF10BD2DE928
:100ED000F04105460E4600240027A04693480088AE
:100EE000A84203DD91484088B04202DC0020BDE802
:100EF000F08131462846FFF75DFF8C48808845F237
:100F00001051884204D14FF43850FFF709FF02E036
:100F10002E20FFF705FFFFF716FF04468348808861
:100F200041F66311884201D12046E0E7FFF70BFF4D
:100F30000446FFF708FF8046E7B24FF6FF7000EA6D
:100F40000727E012C002B91240EA411040EAE82047
:100F5000CDE700B57548808845F21051884204D12C
:100F60004FF42450FFF7DCFE02E02920FFF7D8FE03
:100F700000BD00B56D48808845F21051884204D10B
:100F80004FF42050FFF7CCFE02E02820FFF7C8FE08
:100F900000BDF0B50546002400276448807901288B
:100FA00005D16248808841F66311884208D15F48C4
:100FB0008079F0B95D48808841F66311884218D184
:100FC000082D15D2DFE805F00406080A0C0E1012F1
:100FD00006250DE007250BE0042509E0052507E0BF
:100FE000012505E0002503E0032501E0022500BFFF
:100FF00000BF082D1CD2DFE805F00406090C0F1213
:10100000151800BF14E044F0800411E044F04004DF
:101010000EE044F0C0040BE044F0200408E044F08B
:10102000600405E044F0A00402E044F0E00400BFE6
:1010300000BF3E48808845F21051884202D14FF4EB
:10104000585700E036273948808849F241318842B4
:1010500005D03648808847F28971884201D144F032
:10106000080421463846FFF776FE3048808841F66E
:10107000631188421DD004F0200068B12B4800881D
:101080002A494988884214DA28480688408827492E
:101090000880084646800CE0244800882349498897
:1010A000884206DD21480688408820490880084695
:1010B00046801E48808845F21051884257D11B490E
:1010C0004889FFF72DFE0020FFF733FE17494989B5
:1010D000491C88B2FFF724FE0020FFF72AFE1349BF
:1010E0004989891C88B2FFF71BFE10490988491EEF
:1010F000C1F30F20FFF71DFE0C494989C91C88B2B6
:10110000FFF70EFE09490978491EC8B2FFF711FE24
:1011100006498889FFF704FE0020FFF70AFE03490D
:101120008989491C88B203E07E00006C18550020B4
:10113000FFF7F6FD0020FFF7FCFDFE498989891CB9
:1011400088B2FFF7EDFDFB494988491EC1F30F2026
:10115000FFF7EFFDF7498989C91C88B2FFF7E0FD69
:10116000F4498978491EC8B2FFF7E3FD2DE0F14943
:101170004889FFF7D5FD0020FFF7DBFD0020FFF7D2
:10118000D8FDEC490988491EC1F30F20FFF7D1FDB6
:10119000E8490978491EC8B2FFF7CBFDE5498889BF
:1011A000FFF7BEFD0020FFF7C4FD0020FFF7C1FDE3
:1011B000E0494988491EC1F30F20FFF7BAFDDD4918
:1011C0008978491EC8B2FFF7B4FDF0BD30B50446BA
:1011D0000D4629462046FFF7EDFDFFF7CEFDD64828
:1011E0000088D649088030BD30B504460D46D14848
:1011F000808845F21051884220D1CE494889FFF7B6
:101200008FFD2012FFF795FDCA494989491C88B214
:10121000FFF786FDE0B2FFF78CFDC6498889FFF72E
:101220007FFD2812FFF785FDC2498989491C88B2D4
:10123000FFF776FDE8B2FFF77CFD42E0BD4880880D
:1012400041F66311884228D1BA48807920B9B9485B
:101250000088401E001B84B2B6494889FFF760FD34
:101260002012FFF766FDE0B2FFF763FD2012FFF7E3
:1012700060FDE0B2FFF75DFDAE498889FFF750FDE4
:101280002812FFF756FDE8B2FFF753FD2812FFF7CB
:1012900050FDE8B2FFF74DFD13E0A6494889FFF77E
:1012A0003FFD2012FFF745FDE0B2FFF742FDA149E7
:1012B0008889FFF735FD2812FFF73BFDE8B2FFF7FD
:1012C00038FD9C4800899D49891E08804FF0D84010
:1012D000A0F8802030BD70B52DED048B0446BE20F3
:1012E000FFF71EFD0520FFF724FD20460CF0F2FD60
:1012F00041EC190B9FED920B53EC102B0CF067FD9A
:1013000041EC180B0CF0F3FD85B22846FFF711FDF8
:101310000120FFF70EFDFF20FFF70BFD0020FFF778
:1013200008FD0020FFF705FDBDEC048B70BD10B576
:10133000044680488471002C45D1F0207D49088006
:101340004FF4A07048800846808845F210518842CA
:1013500010D14FF43050774908814FF4285048811C
:101360004FF42C5088814FF4F07008804FF448708F
:1013700048801AE06F48808841F6631188420DD199
:101380002C206C4908812B2048812A2088814FF429
:10139000F07008804FF44870488006E02C206549C2
:1013A00008812A2048812B2088816248808845F264
:1013B000103188424CD14FF4A0705E4908804FF440
:1013C000F070488044E04FF4A0705A490880F02043
:1013D00048800846808845F21051884210D14FF469
:1013E0003050544908814FF4285048814FF42C5014
:1013F00088814FF4487008804FF4F07048801AE0FC
:101400004C48808841F6631188420DD12C2049490F
:1014100008812A2048812B2088814FF44870088059
:101420004FF4F070488006E02C20424908812A20C1
:1014300048812B2088813F48808845F210318842BE
:1014400006D14FF4F0703B4908804FF4A0704880FB
:101450000020FFF79EFD10BD2DE9F04104460D462A
:101460001E46A018401E87B2A819401E1FFA80F819
:101470003048808841F66311884231D12D48807907
:1014800001282DD02B480088801A001B84B2A8198F
:10149000401E86B227494889FFF742FC2012FFF719
:1014A00048FCE0B2FFF745FCA118491EC1F30F202C
:1014B000FFF73FFCA118491EC8B2FFF73AFC1D49CF
:1014C0008889FFF72DFC2812FFF733FCE8B2FFF7FD
:1014D00030FC3012FFF72DFCF0B2FFF72AFC79E068
:1014E0001448808845F21051884251D111494889E9
:1014F000FFF716FC2012FFF71CFC0E494989491C16
:1015000088B2FFF70DFCE0B2FFF713FC09494989E7
:10151000891C88B2FFF704FC3812FFF70AFC054962
:101520004989C91C88B2FFF7FBFBF8B2FFF701FC41
:10153000004909E018550020400000208000006CA0
:1015400066666666666604408889FFF7E9FB2812CE
:10155000FFF7EFFBFD498989491C88B2FFF7E0FBE3
:10156000E8B2FFF7E6FBF9498989891C88B2FFF7E1
:10157000D7FB4FEA2820FFF7DCFBF4498989C91C17
:1015800088B2FFF7CDFB08F0FF00FFF7D2FB21E0A8
:10159000EE494889FFF7C4FB2012FFF7CAFBE0B20F
:1015A000FFF7C7FB3812FFF7C4FBF8B2FFF7C1FB28
:1015B000E6498889FFF7B4FB2812FFF7BAFBE8B2C7
:1015C000FFF7B7FB4FEA2820FFF7B3FB08F0FF0057
:1015D000FFF7AFFBBDE8F08170B504460026DB489D
:1015E00005884088454300210846FFF7E3FBFFF7E5
:1015F000C4FB00BF02E0D6480480761CAE42FAD39A
:1016000070BD00B5A1B00020209001217A2007F024
:1016100071FF0121084607F0A5FF4FF400401E901E
:1016200001208DF87C0000208DF87E0002208DF8CE
:101630007D0001208DF87F001EA9C64807F0D8F96B
:101640004CF233701E9002208DF87C0000208DF843
:101650007E0003208DF87D0001208DF87F001EA9FB
:10166000BD4807F0C5F94FF680701E9002208DF836
:101670007C0000208DF87E0003208DF87D00012085
:101680008DF87F001EA9B54807F0B2F94FF48050DD
:101690001E9002208DF87C0000208DF87E00032033
:1016A0008DF87D0001208DF87F001EA9AC4807F061
:1016B0009FF94FF480501E9002208DF87C0000208E
:1016C0008DF87E0003208DF87D0001208DF87F00CD
:1016D0001EA9A44807F08CF90C2200219E4807F0AF
:1016E00012FA0C2201219C4807F00DFA0C22042169
:1016F000994807F008FA0C220521974807F003FAE9
:101700000C220821944807F0FEF90C220921924886
:1017100007F0F9F90C220A218F4807F0F4F90C229E
:101720000E218D4807F0EFF90C220F218A4807F0AF
:10173000EAF90C220721894807F0E5F90C22082173
:10174000864807F0E0F90C220921844807F0DBF90C
:101750000C220A21814807F0D6F90C220B217F4880
:1017600007F0D1F90C2211467C4807F0CCF90C2285
:101770000D217A4807F0C7F90C220E21774807F0AF
:10178000C2F90C220F21754807F0BDF90C22114651
:10179000734807F0B8F90C221146724807F0B3F904
:1017A0000F200890002009903C200A9000200B9008
:1017B0000C900D900E9009200190002002900820BE
:1017C00003900020049005900690079006200F904B
:1017D000002010901190102012900020139015906E
:1017E0001490169017904FF4805018900020199084
:1017F0004FF480401A9000201B9008A81C9001A86C
:101800001D900FA807F0D3F90121062007F05AFA1E
:10181000322006F021FFD320FFF782FAFFF793FA78
:101820004A498880FFF78FFA48498880FFF78BFA8A
:1018300046498880084680884FF6FF7101EA0020FB
:1018400042498880FFF77FFA4049898808433F4929
:1018500088800846808849F24131884275D004204A
:10186000FFF75EFAFFF76FFA38498880FFF76BFAE7
:1018700036498880FFF767FA3449888008468088AF
:101880004FF6FF7101EA002030498880FFF75BFACC
:101890002E49898808432D4988800846808848F267
:1018A0005251884203D147F28970284988802748DD
:1018B000808847F289718842D0D0D420FFF730FA6F
:1018C000FFF741FA21498880FFF73DFA1F498880D8
:1018D000FFF739FA1D498880084680884FF6FF7166
:1018E00001EA002019498880FFF72DFA17498988F5
:1018F0000843164988800846808845F2103188429E
:1019000079D055214FF47040FFF725FAAA214FF204
:101910000100FFF720FA52214FF20200FFF71BFAF5
:1019200008214FF20300FFF716FA01214FF20400DD
:10193000FFF711FA4FF44540FFF7F2F9FFF703FA0A
:1019400002498880084680880EE054E0185500203F
:101950008000006C00040240000C024000100240B5
:1019600000140240001802404FF6FF7101EA002007
:10197000FE4988804CF20150FFF7D2F9FFF7E3F9F6
:10198000FA4989880843F9498880052006F064FEF1
:10199000F6488088B0F5004F03D145F21050F34966
:1019A0008880F248808845F21051884223D0A120D7
:1019B000FFF7B6F9FFF7C7F9EC498880FFF7C3F9DD
:1019C000EA498880084680884FF6FF7101EA0020C6
:1019D000E6498880FFF7B7F9E44989880843E34975
:1019E00088800846808845F26171884203D141F6BB
:1019F0006310DE498880DD48808849F241318842A1
:101A000017D0DA48808847F28971884211D0D748C8
:101A1000808845F2103188420BD0D448808845F246
:101A20001051884205D0D148808841F66311884220
:101A30002CD1CF48006820F00F004FF02041C1F8B2
:101A40001C010846D0F81C0120F47060C1F81C018C
:101A50000846D0F81C0140F00300C1F81C01C3483F
:101A6000808847F28971884208D1C148006840F4F3
:101A700040704FF02041C1F81C0107E0BC480068ED
:101A800040F400704FF02041C1F81C01B748818834
:101A9000B8A00CF0ABFBB548808849F241318842D0
:101AA0007ED1CF20FFF73CF90020FFF742F9C1209B
:101AB000FFF73FF93020FFF73CF9ED20FFF730F951
:101AC0006420FFF736F90320FFF733F91220FFF700
:101AD00030F98120FFF72DF9E820FFF721F9852063
:101AE000FFF727F91020FFF724F97A20FFF721F9F3
:101AF000CB20FFF715F93920FFF71BF92C20FFF752
:101B000018F90020FFF715F93420FFF712F9022029
:101B1000FFF70FF9F720FFF703F92020FFF709F986
:101B2000EA20FFF7FDF80020FFF703F90020FFF798
:101B300000F9C020FFF7F4F81B20FFF7FAF8C120E6
:101B4000FFF7EEF80120FFF7F4F8C520FFF7E8F8FB
:101B50003020FFF7EEF83020FFF7EBF8C720FFF753
:101B6000DFF8B720FFF7E5F83620FFF7D9F848206F
:101B7000FFF7DFF83A20FFF7D3F85520FFF7D9F841
:101B8000B120FFF7CDF80020FFF7D3F81A20FFF7B8
:101B9000D0F8B620FFF7C4F80A20FFF7CAF800E033
:101BA00097E0A220FFF7C5F8F220FFF7B9F8002070
:101BB000FFF7BFF82620FFF7B3F80120FFF7B9F8C9
:101BC000E020FFF7ADF80F20FFF7B3F82A20FFF76A
:101BD000B0F82820FFF7ADF80820FFF7AAF80E208C
:101BE000FFF7A7F80820FFF7A4F85420FFF7A1F8A3
:101BF000A920FFF79EF84320FFF79BF80A20FFF784
:101C000098F80F20FFF795F80020FFF792F80020D2
:101C1000FFF78FF80020FFF78CF80020FFF789F816
:101C2000E120FFF77DF80020FFF783F81520FFF78C
:101C300080F81720FFF77DF80720FFF77AF81120CA
:101C4000FFF777F80620FFF774F82B20FFF771F8FD
:101C50005620FFF76EF83C20FFF76BF80520FFF7E2
:101C600068F81020FFF765F80F20FFF762F83F20B3
:101C7000FFF75FF83F20FFF75CF80F20FFF759F8F8
:101C80002B20FFF74DF80020FFF753F80020FFF757
:101C900050F80120FFF74DF83F20FFF74AF82A20BF
:101CA000FFF73EF80020FFF744F80020FFF741F867
:101CB0000020FFF73EF8EF20FFF73BF81120FFF779
:101CC0002FF8782006F0C8FC2920FFF729F802F049
:101CD000B3B82648808847F2897188427DD11120A7
:101CE000FFF71EF8782006F0B7FC3620FFF718F84B
:101CF0000020FFF71EF83A20FFF712F80520FFF743
:101D000018F8B220FFF70CF80C20FFF712F80C209F
:101D1000FFF70FF80020FFF70CF83320FFF709F862
:101D20003320FFF706F8B720FEF7FAFF3520FFF75C
:101D300000F8BB20FEF7F4FF3220FEF7FAFFC020C8
:101D4000FEF7EEFF0C20FEF7F4FFC220FEF7E8FFDF
:101D50000120FEF7EEFFC320FEF7E2FF1020FEF7A2
:101D6000E8FFC420FEF7DCFF20200BE01855002020
:101D70001C0100A0204C43442049443A25780D0A18
:101D800000000000FEF7D5FFC620FEF7C9FF0F20B8
:101D9000FEF7CFFFD020FEF7C3FFA420FEF7C9FF58
:101DA000A120FEF7C6FFE020FEF7BAFFD020FEF725
:101DB000C0FF0020FEF7BDFF0220FEF7BAFF07209C
:101DC000FEF7B7FF0A20FEF7B4FF2820FEF7B1FFA9
:101DD0003220FEF7AEFF442000E062E0FEF7A9FFEC
:101DE0004220FEF7A6FF0620FEF7A3FF0E20FEF717
:101DF000A0FF1220FEF79DFF1420FEF79AFF172088
:101E0000FEF797FFE120FEF78BFFD020FEF791FF52
:101E10000020FEF78EFF0220FEF78BFF0720FEF763
:101E200088FF0A20FEF785FF2820FEF782FF312079
:101E3000FEF77FFF5420FEF77CFF4720FEF779FF77
:101E40000E20FEF776FF1C20FEF773FF1720FEF72B
:101E500070FF1B20FEF76DFF1E20FEF76AFF2A2091
:101E6000FEF75EFF0020FEF764FF0020FEF761FF33
:101E70000020FEF75EFFEF20FEF75BFF2B20FEF752
:101E80004FFF0020FEF755FF0020FEF752FF012014
:101E9000FEF74FFF3F20FEF74CFF2920FEF740FFE3
:101EA00015E7FE48808845F21031884240F07C8773
:101EB000ED20FEF735FF0120FEF73BFFFE20FEF789
:101EC00038FFEE20FEF72CFFDE20FEF732FF212048
:101ED000FEF72FFFF120FEF723FF0120FEF729FF79
:101EE000DF20FEF71DFF1020FEF723FFC420FEF7C2
:101EF00017FF8F20FEF71DFFC620FEF711FF002001
:101F0000FEF717FFE220FEF714FFE220FEF711FFB5
:101F1000E220FEF70EFFBF20FEF702FFAA20FEF729
:101F200008FFB020FEF7FCFE0D20FEF702FF0020A8
:101F3000FEF7FFFE0D20FEF7FCFE0020FEF7F9FE87
:101F40001120FEF7F6FE0020FEF7F3FE1920FEF743
:101F5000F0FE0020FEF7EDFE2120FEF7EAFE002055
:101F6000FEF7E7FE2D20FEF7E4FE0020FEF7E1FE7F
:101F70003D20FEF7DEFE0020FEF7DBFE5D20FEF7D3
:101F8000D8FE0020FEF7D5FE5D20FEF7D2FE002031
:101F9000FEF7CFFEB120FEF7C3FE8020FEF7C9FE9C
:101FA0000020FEF7C6FE8B20FEF7C3FE0020FEF7E2
:101FB000C0FE9620FEF7BDFE0020FEF7BAFEB2205E
:101FC000FEF7AEFE0020FEF7B4FE0020FEF7B1FEE5
:101FD0000220FEF7AEFE0020FEF7ABFE0320FEF768
:101FE000A8FE0020FEF7A5FEB320FEF799FE002014
:101FF000FEF79FFE0020FEF79CFE0020FEF799FEF4
:102000000020FEF796FE0020FEF793FE0020FEF76C
:1020100090FE0020FEF78DFE0020FEF78AFE0020D5
:10202000FEF787FE0020FEF784FE0020FEF781FE0B
:102030000020FEF77EFE0020FEF77BFE0020FEF76C
:1020400078FE0020FEF775FE0020FEF772FE0020ED
:10205000FEF76FFE0020FEF76CFE0020FEF769FE23
:102060000020FEF766FE0020FEF763FE0020FEF76C
:1020700060FE0020FEF75DFE0020FEF75AFEB42051
:10208000FEF74EFE8B20FEF754FE0020FEF751FEB9
:102090009620FEF74EFE0020FEF74BFEA120FEF735
:1020A00048FE0020FEF745FEB520FEF739FE02206F
:1020B000FEF73FFE0020FEF73CFE0320FEF739FE50
:1020C0000020FEF736FE0420FEF733FE0020FEF768
:1020D00030FEB620FEF724FE0020FEF72AFE002088
:1020E000FEF727FEB720FEF71BFE0020FEF721FEBD
:1020F0000020FEF71EFE3F20FEF71BFE0020FEF72D
:1021000018FE5E20FEF715FE0020FEF712FE64208A
:10211000FEF70FFE0020FEF70CFE8C20FEF709FEF6
:102120000020FEF706FEAC20FEF703FE0020FEF7BF
:1021300000FEDC20FEF7FDFD0020FEF7FAFD70201A
:10214000FEF7F7FD0020FEF7F4FD9020FEF7F1FD0D
:102150000020FEF7EEFDEB20FEF7EBFD0020FEF782
:10216000E8FDDC20FEF7E5FD0020FEF7E2FDB820EB
:10217000FEF7D6FD0020FEF7DCFD0020FEF7D9FDBE
:102180000020FEF7D6FD0020FEF7D3FD0020FEF76D
:10219000D0FD0020FEF7CDFD0020FEF7CAFD002097
:1021A000FEF7C7FDBA20FEF7BBFD2420FEF7C1FDF8
:1021B0000020FEF7BEFD0020FEF7BBFD0020FEF76D
:1021C000B8FDC120FEF7ACFD2020FEF7B2FD0020D7
:1021D000FEF7AFFD5420FEF7ACFD0020FEF7A9FD91
:1021E000FF20FEF7A6FD0020FEF7A3FDC220FEF7AC
:1021F00097FD0A20FEF79DFD0020FEF79AFD0420C2
:10220000FEF797FD0020FEF794FDC320FEF788FD42
:102210003C20FEF78EFD0020FEF78BFD3A20FEF7F6
:1022200088FD0020FEF785FD3920FEF782FD0020A5
:10223000FEF77FFD3720FEF77CFD0020FEF779FDDD
:102240003C20FEF776FD0020FEF773FD3620FEF7FA
:1022500070FD0020FEF76DFD3220FEF76AFD0020C4
:10226000FEF767FD2F20FEF764FD0020FEF761FDFD
:102270002C20FEF75EFD0020FEF75BFD2920FEF717
:1022800058FD0020FEF755FD2620FEF752FD0020E8
:10229000FEF74FFD2420FEF74CFD01E0185500200D
:1022A0000020FEF746FD2420FEF743FD0020FEF748
:1022B00040FD2320FEF73DFD0020FEF73AFD3C20C7
:1022C000FEF737FD0020FEF734FD3620FEF731FD26
:1022D0000020FEF72EFD3220FEF72BFD0020FEF73A
:1022E00028FD2F20FEF725FD0020FEF722FD2C20E3
:1022F000FEF71FFD0020FEF71CFD2920FEF719FD4B
:102300000020FEF716FD2620FEF713FD0020FEF745
:1023100010FD2420FEF70DFD0020FEF70AFD24200D
:10232000FEF707FD0020FEF704FD2320FEF701FD68
:102330000020FEF7FEFCC420FEF7F2FC6220FEF750
:10234000F8FC0020FEF7F5FC0520FEF7F2FC00206B
:10235000FEF7EFFC8420FEF7ECFC0020FEF7E9FC22
:10236000F020FEF7E6FC0020FEF7E3FC1820FEF765
:10237000E0FC0020FEF7DDFCA420FEF7DAFC0020E4
:10238000FEF7D7FC1820FEF7D4FC0020FEF7D1FCA6
:102390005020FEF7CEFC0020FEF7CBFC0C20FEF711
:1023A000C8FC0020FEF7C5FC1720FEF7C2FC002089
:1023B000FEF7BFFC9520FEF7BCFC0020FEF7B9FC41
:1023C000F320FEF7B6FC0020FEF7B3FCE620FEF794
:1023D000B0FC0020FEF7ADFCC520FEF7A1FC3220CA
:1023E000FEF7A7FC0020FEF7A4FC4420FEF7A1FCAA
:1023F0000020FEF79EFC6520FEF79BFC0020FEF708
:1024000098FC7620FEF795FC0020FEF792FC8820D1
:10241000FEF78FFC0020FEF78CFCC620FEF780FC48
:102420002020FEF786FC0020FEF783FC1720FEF735
:1024300080FC0020FEF77DFC0120FEF77AFC0020E6
:10244000FEF777FCC720FEF76BFC0020FEF771FC5F
:102450000020FEF76EFC0020FEF76BFC0020FEF76C
:1024600068FCC820FEF75CFC0020FEF762FC002040
:10247000FEF75FFC0020FEF75CFC0020FEF759FC35
:10248000C920FEF74DFC0020FEF753FC0020FEF7AC
:1024900050FC0020FEF74DFC0020FEF74AFC002017
:1024A000FEF747FC0020FEF744FC0020FEF741FC4D
:1024B0000020FEF73EFC0020FEF73BFC0020FEF76C
:1024C00038FC0020FEF735FC0020FEF732FC00202F
:1024D000FEF72FFC0020FEF72CFC0020FEF729FC65
:1024E0000020FEF726FCE020FEF71AFC1620FEF77F
:1024F00020FC0020FEF71DFC1C20FEF71AFC00202B
:10250000FEF717FC2120FEF714FC0020FEF711FC5B
:102510003620FEF70EFC0020FEF70BFC4620FEF7EF
:1025200008FC0020FEF705FC5220FEF702FC00200C
:10253000FEF7FFFB6420FEF7FCFB0020FEF7F9FB33
:102540007A20FEF7F6FB0020FEF7F3FB8B20FEF768
:10255000F0FB0020FEF7EDFB9920FEF7EAFB0020E0
:10256000FEF7E7FBA820FEF7E4FB0020FEF7E1FB07
:10257000B920FEF7DEFB0020FEF7DBFBC420FEF7F0
:10258000D8FB0020FEF7D5FBCA20FEF7D2FB0020C7
:10259000FEF7CFFBD220FEF7CCFB0020FEF7C9FBF5
:1025A000D920FEF7C6FB0020FEF7C3FBE020FEF7B4
:1025B000C0FB0020FEF7BDFBF320FEF7BAFB0020B6
:1025C000FEF7B7FBE120FEF7ABFB1620FEF7B1FBF1
:1025D0000020FEF7AEFB1C20FEF7ABFB0020FEF751
:1025E000A8FB2220FEF7A5FB0020FEF7A2FB362069
:1025F000FEF79FFB0020FEF79CFB4520FEF799FBB2
:102600000020FEF796FB5220FEF793FB0020FEF71A
:1026100090FB6420FEF78DFB0020FEF78AFB7A20FA
:10262000FEF787FB0020FEF784FB8B20FEF781FB83
:102630000020FEF77EFB9920FEF77BFB0020FEF7D3
:1026400078FBA820FEF775FB0020FEF772FBB9208F
:10265000FEF76FFB0020FEF76CFBC420FEF769FB62
:102660000020FEF766FBCA20FEF763FB0020FEF7A2
:1026700060FBD220FEF75DFB0020FEF75AFBD8205E
:10268000FEF757FB0020FEF754FBE020FEF751FB5E
:102690000020FEF74EFBF320FEF74BFB0020FEF779
:1026A00048FBE220FEF73CFB0520FEF742FB002042
:1026B000FEF73FFB0B20FEF73CFB0020FEF739FB4B
:1026C0001B20FEF736FB0020FEF733FB3420FEF71D
:1026D00030FB0020FEF72DFB4420FEF72AFB0020F4
:1026E000FEF727FB4F20FEF724FB0020FEF721FB1F
:1026F0006120FEF71EFB0020FEF71BFB7920FEF792
:1027000018FB0020FEF715FB8820FEF712FB0020C7
:10271000FEF70FFB9720FEF70CFB0020FEF709FBEE
:10272000A620FEF706FB0020FEF703FBB720FEF70E
:1027300000FB0020FEF7FDFAC220FEF7FAFA0020A7
:10274000FEF7F7FAC720FEF7F4FA0020FEF7F1FAD9
:10275000D120FEF7EEFA0020FEF7EBFAD620FEF7C6
:10276000E8FA0020FEF7E5FADD20FEF7E2FA0020A5
:10277000FEF7DFFAF320FEF7DCFA0020FEF7D9FAC5
:10278000E320FEF7CDFA0520FEF7D3FA0020FEF78E
:10279000D0FA0A20FEF7CDFA0020FEF7CAFA1C2074
:1027A000FEF7C7FA0020FEF7C4FA3320FEF7C1FA9D
:1027B0000020FEF7BEFA4420FEF7BBFA0020FEF729
:1027C000B8FA5020FEF7B5FA0020FEF7B2FA622000
:1027D000FEF7AFFA0020FEF7ACFA7820FEF7A9FA70
:1027E0000020FEF7A6FA8820FEF7A3FA0020FEF7E5
:1027F000A0FA9720FEF79DFA0020FEF79AFAA6208D
:10280000FEF797FA0020FEF794FAB720FEF791FA48
:102810000020FEF78EFAC220FEF78BFA0020FEF7AA
:1028200088FAC720FEF785FA0020FEF782FAD12049
:10283000FEF77FFA0020FEF77CFAD520FEF779FA42
:102840000020FEF776FADD20FEF773FA0020FEF78F
:1028500070FAF320FEF76DFA0020FEF76AFAE42022
:10286000FEF75EFA0120FEF764FA0020FEF761FA37
:102870000120FEF75EFA0020FEF75BFA0220FEF769
:1028800058FA0020FEF755FA2A20FEF752FA0020E7
:10289000FEF74FFA3C20FEF74CFA0020FEF749FA0B
:1028A0004B20FEF746FA0020FEF743FA5D20FEF7C4
:1028B00040FA0020FEF73DFA7420FEF73AFA0020B5
:1028C000FEF737FA8420FEF734FA0020FEF731FADB
:1028D0009320FEF72EFA0020FEF72BFAA220FEF737
:1028E00028FA0020FEF725FAB320FEF722FA00208E
:1028F000FEF71FFABE20FEF71CFA0020FEF719FAB9
:10290000C420FEF716FA0020FEF713FACD20FEF7DA
:1029100010FA0020FEF70DFAD320FEF70AFA002085
:10292000FEF707FADD20FEF704FA0020FEF701FAB1
:10293000F320FEF7FEF90020FEF7FBF9E520FEF795
:10294000EFF90020FEF7F5F90020FEF7F2F900207C
:10295000FEF7EFF90020FEF7ECF90220FEF7E9F9A7
:102960000020FEF7E6F92920FEF7E3F90020FEF744
:10297000E0F93C20FEF7DDF90020FEF7DAF94B2004
:10298000FEF7D7F90020FEF7D4F95D20FEF7D1F964
:102990000020FEF7CEF97420FEF7CBF90020FEF7F9
:1029A000C8F98420FEF7C5F90020FEF7C2F993208C
:1029B000FEF7BFF90020FEF7BCF9A220FEF7B9F937
:1029C0000020FEF7B6F9B320FEF7B3F90020FEF7BA
:1029D000B0F9BE20FEF7ADF90020FEF7AAF9C42039
:1029E000FEF7A7F90020FEF7A4F9CD20FEF7A1F924
:1029F0000020FEF79EF9D320FEF79BF90020FEF79A
:102A000098F9DC20FEF795F90020FEF792F9F32003
:102A1000FEF78FF90020FEF78CF9E620FEF780F92B
:102A20001120FEF786F90020FEF783F93420FEF727
:102A300080F90020FEF77DF95620FEF77AF9002094
:102A4000FEF777F97620FEF774F90020FEF771F9AA
:102A50007720FEF76EF90020FEF76BF96620FEF78F
:102A600068F90020FEF765F98820FEF762F900207A
:102A7000FEF75FF99920FEF75CF90020FEF759F99F
:102A8000BB20FEF756F90020FEF753F99920FEF718
:102A900050F90020FEF74DF96620FEF74AF90020B4
:102AA000FEF747F95520FEF744F90020FEF741F9FB
:102AB0005520FEF73EF90020FEF73BF94520FEF7D2
:102AC00038F90020FEF735F94320FEF732F90020EF
:102AD000FEF72FF94420FEF72CF90020FEF729F924
:102AE000E720FEF71DF93220FEF723F90020FEF75C
:102AF00020F95520FEF71DF90020FEF71AF976207F
:102B0000FEF717F90020FEF714F96620FEF711F919
:102B10000020FEF70EF96720FEF70BF90020FEF704
:102B200008F96720FEF705F90020FEF702F9872073
:102B3000FEF7FFF80020FEF7FCF89920FEF7F9F801
:102B40000020FEF7F6F8BB20FEF7F3F80020FEF7B2
:102B5000F0F89920FEF7EDF80020FEF7EAF877206C
:102B6000FEF7E7F80020FEF7E4F84420FEF7E1F86E
:102B70000020FEF7DEF85620FEF7DBF80020FEF717
:102B8000D8F82320FEF7D5F80020FEF7D2F833203E
:102B9000FEF7CFF80020FEF7CCF84520FEF7C9F885
:102BA0000020FEF7C6F8E820FEF7BAF80020FEF78E
:102BB000C0F80020FEF7BDF89920FEF7BAF8002013
:102BC000FEF7B7F88720FEF7B4F80020FEF7B1F85B
:102BD0008820FEF7AEF80020FEF7ABF87720FEF76E
:102BE000A8F80020FEF7A5F86620FEF7A2F800205E
:102BF000FEF79FF88820FEF79CF80020FEF799F872
:102C0000AA20FEF796F80020FEF793F8BB20FEF707
:102C100090F80020FEF78DF89920FEF78AF8002042
:102C2000FEF787F86620FEF784F80020FEF781F8AB
:102C30005520FEF77EF80020FEF77BF85520FEF7C2
:102C400078F80020FEF775F84420FEF772F80020AF
:102C5000FEF76FF84420FEF76CF80020FEF769F8E5
:102C60005520FEF766F80020FEF763F8E920FEF72E
:102C700057F8AA20FEF75DF80020FEF75AF800206A
:102C8000FEF757F80020FEF754F80020FEF748F84A
:102C9000AA20FEF74EF8CF20FEF742F80020FEF7FC
:102CA00048F80020FEF745F80020FEF742F8002023
:102CB000FEF73FF80020FEF73CF80020FEF739F859
:102CC0000020FEF736F80020FEF733F80020FEF76C
:102CD00030F80020FEF72DF80020FEF72AF800203B
:102CE000FEF727F80020FEF724F80020FEF721F871
:102CF0000020FEF71EF80020FEF71BF80020FEF76C
:102D000018F8F020FEF70CF80020FEF712F850201B
:102D1000FEF70FF80020FEF70CF80020FEF709F888
:102D20000020FEF706F8F320FDF7FAFF0020FEF77B
:102D300000F8F920FDF7F4FF0620FDF7FAFF102058
:102D4000FDF7F7FF2920FDF7F4FF0020FDF7F1FF65
:102D50003A20FDF7E5FF5520FDF7EBFF1120FDF7C9
:102D6000DFFF642005F078FC2920FDF7D9FF35202E
:102D7000FDF7D6FF0020FDF7DCFF5120FDF7D0FF67
:102D8000FF20FDF7D6FF5320FDF7CAFF2C20FDF7EB
:102D9000D0FF5520FDF7C4FF8220FDF7CAFF2C208D
:102DA000FDF7BEFF01F048B8FE48808845F210519B
:102DB00088427DD155214FF47040FDF7CCFFAA2108
:102DC0004FF20100FDF7C7FF52214FF20200FDF75D
:102DD000C2FF08214FF20300FDF7BDFF01214FF2B2
:102DE0000400FDF7B8FF0D214FF43040FDF7B3FFAD
:102DF0000D214BF20100FDF7AEFF0D214BF2020059
:102E0000FDF7A9FF34214FF43640FDF7A4FF34212C
:102E10004BF20160FDF79FFF34214BF20260FDF79A
:102E20009AFF0D214FF43140FDF795FF0D214BF234
:102E30000110FDF790FF0D214BF20210FDF78BFF03
:102E400034214FF43740FDF786FF34214BF20170F7
:102E5000FDF781FF34214BF20270FDF77CFF00216A
:102E60004FF43240FDF777FF00214BF20120FDF7D0
:102E700072FF00214BF20220FDF76DFF24214FF479
:102E80003840FDF768FF24214BF60100FDF763FF92
:102E900024214BF60200FDF75EFF01214FF43F4075
:102EA000FDF759FF0F214FF43340FDF754FF00E0C9
:102EB000FDE30F214BF20130FDF74DFF0F214BF2E7
:102EC0000230FDF748FF34214FF43940FDF743FF4E
:102ED00034214BF60110FDF73EFF34214BF6021072
:102EE000FDF739FF08214FF43540FDF734FF082185
:102EF0004BF20150FDF72FFF08214BF20250FDF776
:102F00002AFF03214FF44240FDF725FF24214FF40F
:102F10003A40FDF720FF24214BF60120FDF71BFF6F
:102F200024214BF60220FDF716FF00214FF43C4010
:102F3000FDF711FF78214BF60140FDF70CFF002152
:102F40004BF60240FDF707FF00214FF43D40FDF72F
:102F500002FF78214BF60150FDF7FDFE00214BF6F4
:102F60000250FDF7F8FE00214FF43E40FDF7F3FE5E
:102F700064214BF60160FDF7EEFE00214FF4514055
:102F8000FDF7E9FE33214DF20110FDF7E4FE0021CB
:102F90004DF20210FDF7DFFE34214DF20310FDF774
:102FA000DAFE00214DF20410FDF7D5FE3A214DF274
:102FB0000510FDF7D0FE00214DF20610FDF7CBFE07
:102FC0004A214DF20710FDF7C6FE00214DF2081010
:102FD000FDF7C1FE5C214DF20910FDF7BCFE00219A
:102FE0004DF20A10FDF7B7FE81214DF20B10FDF7EF
:102FF000B2FE00214DF20C10FDF7ADFEA6214DF200
:103000000D10FDF7A8FE00214DF20E10FDF7A3FEF6
:10301000E5214DF20F10FDF79EFE01214DF210103B
:10302000FDF799FE13214DF21110FDF794FE0121D9
:103030004DF21210FDF78FFE54214DF21310FDF7E3
:103040008AFE01214DF21410FDF785FE82214DF21A
:103050001510FDF780FE01214DF21610FDF77BFEE5
:10306000CA214DF21710FDF776FE02214DF218101D
:10307000FDF771FE00214DF21910FDF76CFE0221E3
:103080004DF21A10FDF767FE01214DF21B10FDF7FE
:1030900062FE02214DF21C10FDF75DFE34214DF25F
:1030A0001D10FDF758FE02214DF21E10FDF753FED4
:1030B00067214DF21F10FDF74EFE02214DF2201048
:1030C000FDF749FE84214DF22110FDF744FE022157
:1030D0004DF22210FDF73FFEA4214DF22310FDF723
:1030E0003AFE02214DF22410FDF735FEB7214DF2D4
:1030F0002510FDF730FE02214DF22610FDF72BFEC4
:10310000CF214DF22710FDF726FE02214DF22810A7
:10311000FDF721FEDE214DF22910FDF71CFE0221F4
:103120004DF22A10FDF717FEF2214DF22B10FDF79C
:1031300012FE02214DF22C10FDF70DFEFE214DF284
:103140002D10FDF708FE03214DF22E10FDF703FEB2
:1031500010214DF22F10FDF7FEFD03214DF230102E
:10316000FDF7F9FD33214DF23110FDF7F4FD032198
:103170004DF23210FDF7EFFD6D214DF23310FDF7EA
:10318000EAFD00214FF45240FDF7E5FD33214DF2F9
:103190000120FDF7E0FD00214DF20220FDF7DBFDEF
:1031A000342101E0185500204DF20320FDF7D3FD36
:1031B00000214DF20420FDF7CEFD3A214DF205200D
:1031C000FDF7C9FD00214DF20620FDF7C4FD4A219F
:1031D0004DF20720FDF7BFFD00214DF20820FDF75D
:1031E000BAFD5C214DF20920FDF7B5FD00214DF23D
:1031F0000A20FDF7B0FD81214DF20B20FDF7ABFD5C
:1032000000214DF20C20FDF7A6FDA6214DF20D2068
:10321000FDF7A1FD00214DF20E20FDF79CFDE521FB
:103220004DF20F20FDF797FD01214DF21020FDF723
:1032300092FD13214DF21120FDF78DFD01214DF27C
:103240001220FDF788FD54214DF21320FDF783FD78
:1032500001214DF21420FDF77EFD82214DF2152053
:10326000FDF779FD01214DF21620FDF774FDCA210D
:103270004DF21720FDF76FFD02214DF21820FDF7EA
:103280006AFD00214DF21920FDF765FD02214DF286
:103290001A20FDF760FD01214DF21B20FDF75BFDBB
:1032A00002214DF21C20FDF756FD34214DF21D2068
:1032B000FDF751FD02214DF21E20FDF74CFD672167
:1032C0004DF21F20FDF747FD02214DF22020FDF7B2
:1032D00042FD84214DF22120FDF73DFD02214DF2FA
:1032E0002220FDF738FDA4214DF22320FDF733FD08
:1032F00002214DF22420FDF72EFDB7214DF22520AD
:10330000FDF729FD02214DF22620FDF724FDCF21F6
:103310004DF22720FDF71FFD02214DF22820FDF779
:103320001AFDDE214DF22920FDF715FD02214DF297
:103330002A20FDF710FDF2214DF22B20FDF70BFDA9
:1033400002214DF22C20FDF706FDFE214DF22D202D
:10335000FDF701FD03214DF22E20FDF7FCFC1021AD
:103360004DF22F20FDF7F7FC03214DF23020FDF741
:10337000F2FC33214DF23120FDF7EDFC03214DF23B
:103380003220FDF7E8FC6D214DF23320FDF7E3FC20
:1033900000214FF45340FDF7DEFC33214DF20130A4
:1033A000FDF7D9FC00214DF20230FDF7D4FC3421A9
:1033B0004DF20330FDF7CFFC00214DF20430FDF754
:1033C000CAFC3A214DF20530FDF7C5FC00214DF253
:1033D0000630FDF7C0FC4A214DF20730FDF7BBFC7B
:1033E00000214DF20830FDF7B6FC5C214DF20930AA
:1033F000FDF7B1FC00214DF20A30FDF7ACFC812154
:103400004DF20B30FDF7A7FC00214DF20C30FDF71B
:10341000A2FCA6214DF20D30FDF79DFC00214DF2DE
:103420000E30FDF798FCE5214DF20F30FDF793FCCF
:1034300001214DF21030FDF78EFC13214DF21130B9
:10344000FDF789FC01214DF21230FDF784FC542177
:103450004DF21330FDF77FFC01214DF21430FDF7E2
:103460007AFC82214DF21530FDF775FC01214DF2F9
:103470001630FDF770FCCA214DF21730FDF76BFCDA
:1034800002214DF21830FDF766FC00214DF2193093
:10349000FDF761FC02214DF21A30FDF75CFC0121C1
:1034A0004DF21B30FDF757FC02214DF21C30FDF7A9
:1034B00052FC34214DF21D30FDF74DFC02214DF23E
:1034C0001E30FDF748FC67214DF21F30FDF743FC2D
:1034D00002214DF22030FDF73EFC84214DF22130D7
:1034E000FDF739FC02214DF22230FDF734FCA42116
:1034F0004DF22330FDF72FFC02214DF22430FDF771
:103500002AFCB7214DF22530FDF725FC02214DF2B2
:103510002630FDF720FCCF214DF22730FDF71BFCB4
:1035200002214DF22830FDF716FCDE214DF2293044
:10353000FDF711FC02214DF22A30FDF70CFCF221BF
:103540004DF22B30FDF707FC02214DF22C30FDF738
:1035500002FCFE214DF22D30FDF7FDFB03214DF263
:103560002E30FDF7F8FB10214DF22F30FDF7F3FB65
:1035700003214DF23030FDF7EEFB33214DF23130B7
:10358000FDF7E9FB03214DF23230FDF7E4FB6D213D
:103590004DF23330FDF7DFFB00214FF45440FDF7CF
:1035A000DAFB33214DF20140FDF7D5FB00214DF24E
:1035B0000240FDF7D0FB34214DF20340FDF7CBFB79
:1035C00000214DF20440FDF7C6FB3A214DF20540C3
:1035D000FDF7C1FB00214DF20640FDF7BCFB4A217F
:1035E0004DF20740FDF7B7FB00214DF20840FDF713
:1035F000B2FB5C214DF20940FDF7ADFB00214DF21D
:103600000A40FDF7A8FB81214DF20B40FDF7A3FB1B
:1036100000214DF20C40FDF79EFBA6214DF20D401E
:10362000FDF799FB00214DF20E40FDF794FBE521DB
:103630004DF20F40FDF78FFB01214DF21040FDF7D9
:103640008AFB13214DF21140FDF785FB01214DF25C
:103650001240FDF780FB54214DF21340FDF77BFB38
:1036600001214DF21440FDF776FB82214DF2154009
:10367000FDF771FB01214DF21640FDF76CFBCA21ED
:103680004DF21740FDF767FB02214DF21840FDF7A0
:1036900062FB00214DF21940FDF75DFB02214DF266
:1036A0001A40FDF758FB01214DF21B4000E005E3F5
:1036B000FDF751FB02214DF21C40FDF74CFB34217C
:1036C0004DF21D40FDF747FB02214DF21E40FDF774
:1036D00042FB67214DF21F40FDF73DFB02214DF2F9
:1036E0002040FDF738FB84214DF22140FDF733FBEC
:1036F00002214DF22240FDF72EFBA4214DF2234082
:10370000FDF729FB02214DF22440FDF724FBB721F0
:103710004DF22540FDF71FFB02214DF22640FDF73B
:103720001AFBCF214DF22740FDF715FB02214DF288
:103730002840FDF710FBDE214DF22940FDF70BFB81
:1037400002214DF22A40FDF706FBF2214DF22B40FB
:10375000FDF701FB02214DF22C40FDF7FCFAFE21A2
:103760004DF22D40FDF7F7FA03214DF22E40FDF703
:10377000F2FA10214DF22F40FDF7EDFA03214DF240
:103780003040FDF7E8FA33214DF23140FDF7E3FA1E
:1037900003214DF23240FDF7DEFA6D214DF2334048
:1037A000FDF7D9FA00214FF45540FDF7D4FA332143
:1037B0004DF20150FDF7CFFA00214DF20250FDF716
:1037C000CAFA34214DF20350FDF7C5FA00214DF23B
:1037D0000450FDF7C0FA3A214DF20550FDF7BBFA4F
:1037E00000214DF20650FDF7B6FA4A214DF207507E
:1037F000FDF7B1FA00214DF20850FDF7ACFA5C215B
:103800004DF20950FDF7A7FA00214DF20A50FDF7DD
:10381000A2FA81214DF20B50FDF79DFA00214DF2E5
:103820000C50FDF798FAA6214DF20D50FDF793FAD2
:1038300000214DF20E50FDF78EFAE5214DF20F50AA
:10384000FDF789FA01214DF21050FDF784FA13219A
:103850004DF21150FDF77FFA01214DF21250FDF7A4
:103860007AFA54214DF21350FDF775FA01214DF209
:103870001450FDF770FA82214DF21550FDF76BFAE6
:1038800001214DF21650FDF766FACA214DF217508C
:10389000FDF761FA02214DF21850FDF75CFA0021A4
:1038A0004DF21950FDF757FA02214DF21A50FDF76B
:1038B00052FA01214DF21B50FDF74DFA02214DF253
:1038C0001C50FDF748FA34214DF21D50FDF743FA24
:1038D00002214DF21E50FDF73EFA67214DF21F50B6
:1038E000FDF739FA02214DF22050FDF734FA842118
:1038F0004DF22150FDF72FFA02214DF22250FDF733
:103900002AFAA4214DF22350FDF725FA02214DF2A7
:103910002450FDF720FAB7214DF22550FDF71BFA90
:1039200002214DF22650FDF716FACF214DF2275015
:10393000FDF711FA02214DF22850FDF70CFADE21B5
:103940004DF22950FDF707FA02214DF22A50FDF7FA
:1039500002FAF2214DF22B50FDF7FDF902214DF252
:103960002C50FDF7F8F9FE214DF22D50FDF7F3F93B
:1039700003214DF22E50FDF7EEF910214DF22F509C
:10398000FDF7E9F903214DF23050FDF7E4F9332159
:103990004DF23150FDF7DFF903214DF23250FDF7C2
:1039A000DAF96D214DF23350FDF7D5F900214FF4CE
:1039B0005640FDF7D0F933214DF20160FDF7CBF908
:1039C00000214DF20260FDF7C6F934214DF203608B
:1039D000FDF7C1F900214DF20460FDF7BCF93A2171
:1039E0004DF20560FDF7B7F900214DF20660FDF7D5
:1039F000B2F94A214DF20760FDF7ADF900214DF211
:103A00000860FDF7A8F95C214DF20960FDF7A3F904
:103A100000214DF20A60FDF79EF981214DF20B6005
:103A2000FDF799F900214DF20C60FDF794F9A621FC
:103A30004DF20D60FDF78FF900214DF20E60FDF79C
:103A40008AF9E5214DF20F60FDF785F901214DF26C
:103A50001060FDF780F913214DF21160FDF77BF93D
:103A600001214DF21260FDF776F954214DF21360F9
:103A7000FDF771F901214DF21460FDF76CF9822117
:103A80004DF21560FDF767F901214DF21660FDF763
:103A900062F9CA214DF21760FDF75DF902214DF27E
:103AA0001860FDF758F900214DF21960FDF753F940
:103AB00002214DF21A60FDF74EF901214DF21B6013
:103AC000FDF749F902214DF21C60FDF744F934215C
:103AD0004DF21D60FDF73FF902214DF21E60FDF72A
:103AE0003AF967214DF21F60FDF735F902214DF2D9
:103AF0002060FDF730F984214DF22160FDF72BF9AC
:103B000002214DF22260FDF726F9A4214DF2236037
:103B1000FDF721F902214DF22460FDF71CF9B721D0
:103B20004DF22560FDF717F902214DF22660FDF7F1
:103B300012F9CF214DF22760FDF70DF902214DF268
:103B40002860FDF708F9DE214DF22960FDF703F941
:103B500002214DF22A60FDF7FEF8F2214DF22B60B2
:103B6000FDF7F9F802214DF22C60FDF7F4F8FE2183
:103B70004DF22D60FDF7EFF803214DF22E60FDF7B9
:103B8000EAF810214DF22F60FDF7E5F803214DF220
:103B90003060FDF7E0F833214DF23160FDF7DBF8DE
:103BA00003214DF23260FDF7D6F86D214DF23360FE
:103BB000FDF7D1F855214FF47040FDF7CCF8AA215C
:103BC0004FF20100FDF7C7F852214FF20200FDF756
:103BD000C2F808214FF20300FDF7BDF800214FF2B3
:103BE0000400FDF7B8F8CC214FF43140FDF7B3F8ED
:103BF00000214BF20110FDF7AEF805214FF43640DD
:103C0000FDF7A9F870214FF43740FDF7A4F87021B3
:103C10004BF20170FDF79FF801214FF43840FDF79A
:103C20009AF803214BF60100FDF795F803214BF6B6
:103C30000200FDF790F803214BF60300FDF78BF827
:103C400002214FF43C40FDF786F800214BF601407D
:103C5000FDF781F800214BF60240FDF77CF8D021FA
:103C60004FF44940FDF777F802214CF60110FDF7BB
:103C700072F850214CF60210FDF76DF850214CF609
:103C80000310FDF768F850214CF60410FDF763F8B7
:103C900000214FF45450FDF75EF855214FF4685061
:103CA000FDF759F84FF48850FDF73AF8782004F002
:103CB0008BFC4FF42450FDF733F8BDE0FE488088BC
:103CC00041F663118842F8D1E220FDF729F81D2062
:103CD000FDF72FF80220FDF72CF80420FDF729F856
:103CE000642004F071FCE020FDF71AF80120FDF7D4
:103CF00020F80A2004F0B0FCE020FDF711F80320C2
:103D0000FDF717F80C2004F0A7FC0120FDF708F8D8
:103D10000A2004F0A1FCE620FDF702F82F20FDF7B1
:103D200008F8FF20FDF705F8FF20FDF702F8B020A6
:103D3000FCF7F6FF2020FCF7FCFF0020FCF7F9FF62
:103D40000320FCF7F6FF40F21F30FCF7F2FF0120E2
:103D5000FCF7EFFF40F2DF10FCF7EBFF0020FCF771
:103D6000E8FFB420FCF7DCFF0420FCF7E2FF40F2A0
:103D70001F40FCF7DEFF0020FCF7DBFF2E20FCF7E6
:103D8000D8FF0020FCF7D5FF0020FCF7D2FF002071
:103D9000FCF7CFFF0020FCF7CCFFB620FCF7C0FFFC
:103DA0000220FCF7C6FF4FF40370FCF7C2FF0020AF
:103DB000FCF7BFFF1720FCF7BCFF1520FCF7B9FF8D
:103DC0000020FCF7B6FF0020FCF7B3FFF020FCF763
:103DD000A7FF0320FCF7ADFF2920FCF7A1FFD020AF
:103DE000FCF79EFF0020FCF7A4FFBE20FCF798FF25
:103DF0000520FCF79EFFFE20FCF79BFF0120FCF74F
:103E000098FF0020FCF795FF0020FCF792FF0020B0
:103E1000FCF78FFFB820FCF783FF0320FCF789FF36
:103E20000120FCF786FFBA20FCF77AFF0120FCF79F
:103E300080FF6420FDF74FFA0020FDF778FA01209B
:103E40009E4908604FF6FF70FDF7C6FB21B000BD2C
:103E50002DE9F04F05460E4617469846DDF824A09A
:103E60004FF0000B781B401C1FFA80FB344614E017
:103E700021462846FCF79EFFFCF77FFF4FF0000924
:103E800007E04FF0D840A0F880A009F101001FFA28
:103E900080F9D945F5DB601C84B24445E8DDBDE816
:103EA000F08F2DE9F84F07460D4690469946DDF80C
:103EB00028B0A8EB0700401C1FFA80FAA9EB050008
:103EC000401C80B20090002414E0281981B23846CA
:103ED000FCF770FFFCF751FF002607E004FB0A60C7
:103EE0003BF8100076490880701C86B25645F5DB19
:103EF000601C84B200988442E7DBBDE8F88F2DE9AE
:103F0000FF4F84B081468A460020039002900698B5
:103F1000A0EB09050798A0EB0A06CDF80490CDF8B0
:103F200000A0002D01DD012705E00DB9002702E00A
:103F30004FF0FF376D42002E02DD4FF0010806E022
:103F400016B94FF0000802E04FF0FF387642B54254
:103F500001DD2C4600E034464FF0000B21E0009AD2
:103F600091B2019A90B2FDF731F903982844039079
:103F70000298304402900398A04205DD0398001B8C
:103F800003900198384401900298A04205DD029800
:103F9000001B02900098404400900BF101001FFAB2
:103FA00080FB601C8345DADD08B0BDE8F08FF0B51A
:103FB00004460D4616461F462B46324629462046E5
:103FC000FFF79DFF3B46224629462046FFF797FF15
:103FD0003B46324639462046FFF791FF3B46324684
:103FE00029463046FFF78BFFF0BD2DE9F04306462A
:103FF0000F469046002445460320A0EB48093CE0CC
:104000007A1B91B2321990B2FDF7E0F83A1B91B2E7
:10401000721990B2FDF7DAF83A1991B2721990B2AA
:10402000FDF7D4F87A1991B2321990B2FDF7CEF8B3
:104030007A1991B2321B90B2FDF7C8F83A1991B2D1
:10404000721B90B2FDF7C2F87A1B91B2321B90B28C
:10405000FDF7BCF83A1B91B2721B90B2FDF7B6F8AF
:10406000641CB9F1000F03DAA000801D814404E054
:10407000601B80000A3081446D1EAC42C0DDBDE88B
:10408000F0832DE9F84F80460E4617461C46B3468E
:104090002046E31704EB5373DB1021464FEAE47C20
:1040A00004EB5C7C4FEAEC0CA4EBCC0CBCF1000FF5
:1040B00008D04FF0010C07E018550020BC824042A8
:1040C0008000006C4FF0000C6344224604EBD27C6D
:1040D0004FEA6C0C03FB0CF3DBB20093A7F120005A
:1040E000C7B2002556E00C2C07D107EB47009F49CB
:1040F00001EB800010F8059013E0102C05D19C48CE
:1041000000EB071010F805900BE0182C07D107EB17
:10411000C700984901EB800010F8059001E0BDE868
:10412000F88F4FF0000A2FE009F0800030B192487C
:10413000028831464046FDF757F807E00A9828B94B
:104140008E48028831464046FDF74EF84FEA4960F6
:104150004FEA1069701C86B289484088B04200DC82
:10416000DDE7A6EB0B00A0420AD15E4608F1010094
:104170001FFA80F882480088404500DCCFE706E05F
:104180000AF1010000F0FF0ABAF1080FCCDB00BF12
:10419000681CC5B200988542A5DB00BFBFE710B51B
:1041A0000246012000E050430B1EA1F10104E1B2E0
:1041B000F9D110BD2DE9FF4F81B0074691461E464B
:1041C0000E9D4FF0000A002439E0301B401EC1B2A2
:1041D0000A20FFF7E4FFB9FBF0F00A21B0FBF1F28F
:1041E00001FB1208BAF1000F16D1701EA04213DDB8
:1041F000B8F1000F0ED10020AB4605EBDB71491082
:1042000001FB0471009088B22B4620220299FFF72F
:1042100038FF12E04FF0010A0020AB4605EBDB71DE
:10422000491001FB0471009088B208F13001CAB254
:104230002B460299FFF725FF00BF601CC4B2B442B1
:10424000C3DB05B0BDE8F08F2DE9FF4F82B0064615
:1042500092461F46DDE90F480020019000254DE001
:10426000781B401EC1B20A20FFF799FFBAFBF0F09D
:104270000A21B0FBF1F201FB1209019850BB781E34
:10428000A84227DDB9F1000F22D108F0800078B1F3
:1042900008F00100A34604EBDB71491001FB056146
:1042A000009088B2234630220399FFF7EAFE0EE021
:1042B00008F00100A34604EBDB71491001FB056126
:1042C000009088B2234620220399FFF7DAFE13E01C
:1042D0000120019008F00100A34604EBDB714910B6
:1042E00001FB0561009088B209F13001CAB2234692
:1042F0000399FFF7C6FE00BF681CC5B2BD42AFDB25
:1043000006B0BDE8F08F2DE9F84704460D4690460B
:104310009946DDE9096704F0FF0A08EB04001FFA7B
:1043200080F809EB05001FFA80F916E0444502DB2E
:104330005446A81985B24D4500DB14E000200090DA
:104340003A78334629462046FFF79BFE304606EB77
:10435000D07104EB61018CB27F1C38787E2802DCBE
:1043600038782028E2DA00BFBDE8F88770E5000859
:10437000E4E90008D4EF00084000002042000020DB
:10438000185500201CB50121112005F0B3F81C20A0
:10439000009000208DF8040003208DF80500012016
:1043A0008DF807006946354804F022FB0120009093
:1043B00002208DF807006946314804F019FB1CBD46
:1043C00010B5044614B101202E4908702D4800781C
:1043D000002837D01021294804F06CFB78B108215F
:1043E000264804F067FB50B10421244804F062FB26
:1043F00028B10121224804F05DFB012822D10A20C6
:1044000004F02AF900201F49087010211B4804F00D
:1044100051FB08B9012010BD0821184804F04AFBDF
:1044200008B90220F7E70421144804F043FB08B957
:104430000320F0E70121124804F03CFB01281BD1C6
:104440000420E8E710210D4804F034FB012813D1C3
:1044500008210A4804F02EFB01280DD10421074849
:1044600004F028FB012807D10121054804F022FBB4
:1044700010B90120034908700020CCE70010024069
:1044800000000240440000201CB50121022005F07C
:1044900031F84FF44070009001208DF804000020A6
:1044A0008DF8060003208DF8050001208DF8070027
:1044B0006946894804F09CFA0120884908608849C7
:1044C000C1F8A4021CBD10B58348006820F4402048
:1044D000814908600846006840F480200860012097
:1044E0007E49091D08607E49C1F8A002042004F03D
:1044F0006BF800207949091D0860042004F064F875
:1045000000207749C1F8A00210BD10B572480068BC
:1045100020F44020704908600846006840F480207C
:10452000086000206D4908606D49C1F8A4020420AC
:1045300004F04AF80120694908606949C1F8A402F9
:10454000042004F041F810BD10B500246248006852
:1045500020F4402060490860084600680860012097
:104560005E49091D086004F02FF801205C49C1F87C
:10457000A00204F029F807E0601CC4B2FA2C03DDA5
:10458000FFF7C3FF012010BD54487C3800680028A5
:10459000F2D15249086000BFF5E710B500204F493D
:1045A00008604D48006820F440204B4908600846E8
:1045B000006840F48020086000204949C1F8A40246
:1045C000022004F001F8012044490860022003F0B1
:1045D000FBFF00204249C1F8A00210BD10B5002029
:1045E0003E4908603C48006820F440203A49086091
:1045F0000846006840F48020086001203849C1F86E
:10460000A402022003F0E0FF0120344908600220E8
:1046100003F0DAFF00203249C1F8A00210BD70B5E6
:1046200004462D48006820F440202B4908600846C5
:10463000006840F4802008600020284908600025B8
:1046400017E0E0092549091D08606006040E0220F4
:1046500003F0BAFF01202249C1F8A002022003F0B2
:10466000B3FF00201D490860022003F0ADFF681C65
:10467000C5B2082DE5DB70BD70B5054600241648AF
:10468000006820F44020144908600846006808606B
:10469000002616E0002011490860022003F094FF74
:1046A00001200F49C1F8A0026006040E0B487C38B7
:1046B000006808B1601CC4B2012003F085FF701CC3
:1046C000C6B2082EE6DB15B9FFF788FF01E0FFF759
:1046D00064FF204670BD000000040240A0824042FA
:1046E0000080404210B5FFF7CFFE10BD70B5044604
:1046F0000026FFF7E8FE2546E11704EB11610912D9
:10470000A02202EB4101C8B2FFF789FFFFF71CFFAF
:10471000E11704EB11610912A4EB0121C8B2FFF704
:104720007EFFFFF711FFFFF7CEFEA120FFF777FF17
:10473000FFF70AFF0020FFF79FFF0646FFF7E5FEA1
:10474000304670BD70B504460E46FFF7BCFE2546E8
:10475000E11704EB11610912A02202EB4101C8B27A
:10476000FFF75DFFFFF7F0FEE11704EB116109129F
:10477000A4EB0121C8B2FFF752FFFFF7E5FE304678
:10478000FFF74DFFFFF7E0FEFFF7BFFE0A2003F043
:1047900063FF70BD2DE9F04105460E461746002423
:1047A00009E0E20026FA02F2D1B22A1990B2FFF72C
:1047B000C9FF601CC4B2BC42F3DBBDE8F0812DE947
:1047C000F04107460C460026002509E0360239195B
:1047D000491B491E88B2FFF789FF0644681CC5B211
:1047E000A542F3DB3046BDE8F08110B5FF20FFF7AE
:1047F0007DFF0446552C01D1002010BD5521FF201E
:10480000FFF7A0FFFF20FFF771FF0446552C01D1F1
:104810000020F2E70120F0E770B506460C46154689
:1048200008E03046721C96B2FFF760FF04F8010BF7
:10483000681E85B2002DF4D170BD70B505460C46DA
:10484000164606E021782846FFF77CFF681C85B2F3
:10485000641C301EA6F101018EB2F3D170BD0000C0
:1048600010B5022003F0B0FE10BD1CB501212220BE
:1048700004F040FE012000908DF804008DF8060041
:104880008DF807006946624804F0B2F84FF4006002
:10489000009001208DF8040069465E4804F0A8F8F5
:1048A0001CBD10B501205C4908605C49C1F880025C
:1048B000FFF7D6FF002058490860FFF7D1FF00201E
:1048C0005649C1F88002FFF7CBFF10BD10B500209C
:1048D00051490860FFF7C4FF01205049C1F8800228
:1048E000FFF7BEFF01204C490860FFF7B9FF10BD7C
:1048F00070B500240025012047490860FFF7B0FF8C
:1049000001204649C1F88002FFF7AAFF09E0601CB8
:10491000C4B2FA2C03DDFFF7D9FF012506E0FFF74B
:104920009FFF3D48803800680028F0D100BF00207C
:104930003B490860FFF794FF284670BD10B5002082
:1049400035490860FFF78CFF01203449C1F8800227
:10495000FFF786FF002032490860FFF781FF012042
:104960003049C1F8AC02FFF77BFF10BD10B5012044
:1049700029490860FFF774FF01202849C1F8800227
:10498000FFF76EFF002026490860FFF769FF10BDA2
:1049900070B50446002511E0E0091F490860FFF7E3
:1049A0005FFF01201D49C1F88002FFF759FF002079
:1049B0001B4908606006040E681CC5B2082DEBDBBD
:1049C00001201549086070BD70B505460024002619
:1049D00013E06006040E012011490860FFF740FF54
:1049E0001048D0F82C0208B1601CC4B200200C4959
:1049F0000860FFF735FF701CC6B2082EE9DB15B959
:104A0000FFF7B4FF01E0FFF799FF204670BD0000FB
:104A10000004024000140240AC8242420080404246
:104A200080824042008042422DE9F04104460E4619
:104A300017464FF00008FFF734FF2820FFF7A8FFC4
:104A4000FFF756FF2012FFF7A3FFFFF751FFE0B279
:104A5000FFF79EFFFFF74CFF00250BE0705DFFF7AF
:104A600097FFFFF745FF8046B8F1000F00D003E045
:104A7000681CC5B2BD42F1DB00BFFFF727FF40460F
:104A8000BDE8F08138B50546002400208DF800000F
:104A90008DF8015000BF09E09DF80000DB49095D79
:104AA0000844C0B28DF80000601CC4B2B82CF3D327
:104AB0009DF80000C043401CC0B28DF80000B82231
:104AC000D24948F24700FFF7AFFF0222694648F299
:104AD000FF00FFF7A9FF002038BD2DE9F041054692
:104AE0000F461646FFF7DDFE2820FFF751FFFFF7C0
:104AF000FFFE2812FFF74CFFFFF7FAFEE8B2FFF7C0
:104B000047FFFFF7F5FEFFF7CCFE2920FFF740FF38
:104B1000FFF7EEFE00240BE0711EA14201D001213F
:104B200000E000210846FFF74FFF3855601CC4B273
:104B3000B442F1DBFFF7CAFEBDE8F0811FB50121E9
:104B4000062004F0D7FC0220009000208DF804001D
:104B50008DF8060003208DF8050001208DF8070070
:104B60006946AB4803F044FF4FF400500090012029
:104B70008DF804006946A74803F03AFFFFF775FE79
:104B80000020A54908600A2003F066FD0120A34922
:104B9000C1F8B4020A2003F05FFD0220009001205A
:104BA0008DF8040000208DF807006946984803F04E
:104BB0001FFF642003F050FD042202A948F24010B8
:104BC000FFF78BFF00208DF80C0002A994A009F0DC
:104BD0000DFB96A102A809F038F848BB02208DF819
:104BE0000800012202A948F24000FFF71DFF012240
:104BF00002A948F24700FFF770FF9DF808006028FF
:104C000007DA9DF808108BA009F0F0FA0120FFF7F1
:104C100039FF0A2003F020FD00208DF80800012252
:104C200002A948F24000FFF7FFFE002004B010BDCB
:104C30000020FBE771B583B000240026824800788D
:104C4000401C81490870084600780A2190FBF1F267
:104C500001FB120018B17C4800780A287EDA012294
:104C600003A948F24E10FFF738FF002001900122FF
:104C700001A948F24E10FFF7D7FE9DF80C0000F096
:104C80000F0000286AD09DF80C0000F00F000628E5
:104C9000E4DA9DF80C0000F00F01FF208840C0B25C
:104CA00001906A4890F820509DF80400C043C0B2BB
:104CB00040F0C000654981F8200008468189818262
:104CC000C18AC183002444E0604890F8200001219B
:104CD000A140084020B35E4931F81400042202A923
:104CE000FFF7FBFE594890F8300000F00100C0B11A
:104CF0009DF808009DF8091000EB012081B253488F
:104D0000163020F814109DF80A009DF80B1000EBE7
:104D10000120C0F5487081B24C480C3020F81410C6
:104D200015E09DF808009DF8091000EB012081B204
:104D300046480C3020F814109DF80A009DF80B101E
:104D400000EB012081B24148163020F81410601C9D
:104D5000C4B2052CB8DB01263C4800E02BE080897A
:104D60003C490988884205DC3848C08A3949498865
:104D700088421DDD9DF80C0000F00F0001280ADDBF
:104D80003248C089314988810846008BC88200209A
:104D90002D4908700FE02D48808A2C4988810846EB
:104DA000C08BC88280200390084680F8205002E023
:104DB0000020254908709DF80C0000F08F00802825
:104DC00019D1224890F8200000F0800038B11F4827
:104DD00090F8200020F080001C4981F820004FF658
:104DE000FF701A498881C882084690F8200000F0B8
:104DF000E00081F8200014480078F02802DD0A2045
:104E000011490870304604B070BD000030FD000844
:104E10000004024000080240B40241420000414246
:104E20004354502049443A25730D0A003931343730
:104E30000000000044656661756C74205665723A26
:104E400025640D0A000000004500002050000020ED
:104E5000E8FD0008185500202DE9F04104460E46F3
:104E600017464FF00008FFF71CFDB220FFF790FD3A
:104E7000FFF73EFD2012FFF78BFDFFF739FDE0B293
:104E8000FFF786FDFFF734FD00250BE0705DFFF7AF
:104E90007FFDFFF72DFD8046B8F1000F00D003E045
:104EA000681CC5B2BD42F1DB00BFFFF70FFD4046F5
:104EB000BDE8F0812DE9F04105460F461646FFF7A3
:104EC000F0FCB220FFF764FDFFF712FD2812FFF798
:104ED0005FFDFFF70DFDE8B2FFF75AFDFFF708FD94
:104EE000FFF7DFFCB320FFF753FDFFF701FD0024C0
:104EF0000BE0711EA14201D0012100E00021084613
:104F0000FFF762FD3855601CC4B2B442F1DBFFF715
:104F1000DDFCBDE8F08138B50446002000900CB1FE
:104F200080200090012269464FF45060FFF794FF03
:104F300038BD0EB5002002900121062004F0DAFAF7
:104F40000220009000208DF804008DF80600032058
:104F50008DF8050001208DF807006946904803F0A0
:104F600047FD4FF40050009001208DF80400694681
:104F70008C4803F03DFDFFF778FC00208A4908606B
:104F8000642003F069FB01208849C1F8B402642061
:104F900003F062FB0120FFF7BEFF012202A94FF4DC
:104FA0005060FFF787FF9DF8081081A009F01EF9F7
:104FB0009DF80800802801D100200EBD0120FCE7EB
:104FC00031B52DED068B82B0002400257B4800789A
:104FD000401C7A490870084600780A2190FBF1F2DB
:104FE00001FB120018B1754800780A287EDA012208
:104FF00008A90020FFF75EFF9DF8200000F01F00C9
:10500000002873D09DF8200000F01F0040F0C00081
:105010006B4981F82000002486E0694890F8200060
:105020000121A140084000287CD0664931F81400D5
:10503000042201A9FFF73EFF614890F8300000F01C
:105040000100D0B39DF807109DF8062001EB022067
:1050500008F02FFF41EC190B9FED5B0B53EC102B6D
:1050600008F0B5FE41EC180B08F041FF81B254483E
:10507000163020F814109DF805109DF8042001EB5F
:10508000022008F016FF41EC1A0B9FED510B53EC78
:10509000102B08F09CFE41EC190B9FED4F0B53ECCD
:1050A000102B08F091FE41EC180B08F020FF81B2A4
:1050B00043480C3020F8141034E0FFE79DF8071047
:1050C0009DF8062001EB022008F0F3FE41EC190BDD
:1050D0009FED3D0B53EC102B08F079FE41EC180BC3
:1050E00008F005FF81B236480C3000E02BE020F8D4
:1050F00014109DF805109DF8042001EB022008F023
:10510000D8FE41EC190B9FED320B53EC102B08F03D
:105110005EFE41EC180B08F0EAFE81B2284816301A
:1051200020F81410601CC4B2052CFFF676AF0125E0
:105130002348808920B92248C08A08B900200890F5
:1051400000201E4908709DF8200000F01F00D0B913
:105150001B4890F8200000F0800040B1184890F8FB
:10516000200020F08000164981F820000BE04FF667
:10517000FF7013498881C882084690F8200000F02B
:10518000E00081F820000D480078F02802DD0A20B8
:105190000A490870284602B0BDEC068B38BD0000F5
:1051A0000004024000080240B402414200004142B3
:1051B0004354502049443A25780D0A004600002007
:1051C00050000020F2FD00087B14AE47E17AD43F86
:1051D000D881734694F6D23F000000000000894059
:1051E0002DE9F04105460E4617464FF00008FFF73F
:1051F00058FB7020FFF7CCFBFFF77AFBE8B2FFF714
:10520000C7FBFFF775FB00240BE0305DFFF7C0FB29
:10521000FFF76EFB8046B8F1000F00D003E0601C82
:10522000C4B2BC42F1DB00BFFFF750FB4046BDE813
:10523000F0812DE9F04106460F461546FFF731FB98
:105240007020FFF7A5FBFFF753FBF0B2FFF7A0FBC1
:10525000FFF74EFBFFF725FB7120FFF799FBFFF7E8
:1052600047FB00240BE0691EA14201D0012100E0B0
:1052700000210846FFF7A8FB3855601CC4B2AC42B9
:10528000F1DBFFF723FBBDE8F0811FB5012106200C
:1052900004F030F90220009000208DF804008DF811
:1052A000060003208DF8050001208DF807006946EF
:1052B000F84803F09DFB4FF40050009001208DF85A
:1052C00004006946F44803F093FBFFF7CEFA002090
:1052D000F2490860142003F0BFF90120F049C1F839
:1052E000B402322003F0B8F900208DF80800012242
:1052F00002A9FFF775FF012202A9A420FFF770FFA2
:1053000016208DF80800012202A98020FFF768FF0F
:105310000C208DF80800012202A98820FFF760FF09
:10532000022202A9A120FFF784FF9DF8080030287F
:105330000DD19DF80900032809D19DF809009DF8B9
:10534000082000EB0221D7A008F050FF2AE0042239
:1053500002A948F24010FFF7C0FB00208DF80C00B6
:1053600002A9D3A008F042FFD448029901600220AC
:105370008DF80800012202A948F24000FFF754FB13
:10538000012202A948F24700FFF7A7FB0A2003F019
:1053900063F900208DF80800012202A948F24000BC
:1053A000FFF742FB002004B010BD71B583B00020B0
:1053B00001900026C2480078401CC1490870084688
:1053C00000780A2190FBF1F201FB120018B1BC48F1
:1053D00000780A287DDABBA1B84808F036FCD8B9B5
:1053E000012203A948F24E10FFF777FB9DF80C004D
:1053F00000F08000A8B19DF80C0000F00F00B24949
:10540000097888420DDC00200190012201A948F2B0
:105410004E10FFF709FB04E0012203A90220FFF769
:1054200008FF9DF80C0000F00F00002851D09DF8F7
:105430000C0000F00F00A4490978884249DC9DF86F
:105440000C0000F00F01FF208840C4B29F4890F884
:105450002050E043C0B240F0C0009C4981F82000D9
:105460000846828998480078401E0C3121F81020A7
:105470009648C28A94480078401E0A3121F81020CC
:10548000042003F0E9F800200190ABE08F4890F889
:1054900020009DF8042001219140084000282FD0D1
:1054A00088A1864808F0D1FBE8BB89499DF8042013
:1054B00031F81200042202A9FFF70FFB834890F88D
:1054C000300000F00100E0B19DF808009DF80910DF
:1054D00000E0C5E000EB012081B27C480C309DF873
:1054E000042020F812109DF80A009DF80B1000EB24
:1054F000012081B2754816309DF8042020F8121062
:105500006BE09DF808009DF8091000EB012081B2C6
:105510006E4816309DF8042020F812109DF80A00FD
:105520009DF80B1000E00CE000EB012069490988B0
:10553000081A81B265480C309DF8042020F812103A
:105540004BE065499DF8042031F81200042202A9BD
:10555000FFF76FFE5D4890F8300000F00100E0B109
:105560009DF809009DF8081001F00F0100EB0120E3
:10557000564916319DF8042021F812009DF80B00C1
:105580009DF80A1001F00F0100EB01204F490C318A
:105590009DF8042021F812001FE09DF809009DF8F5
:1055A000081001F00F0100EB01204A490988081A90
:1055B00081B246480C309DF8042020F812109DF866
:1055C0000B009DF80A1001F00F0100EB01203F498C
:1055D00016319DF8042021F812009DF80400401CAB
:1055E000C0B201909DF80400374909788842FFF65F
:1055F0004DAF01263548808936490988884205DC47
:105600003248C08A33494988884226DD9DF80C001B
:1056100000F00F0001280ADD2C48C0892B49888141
:105620000846008BC88200202549087018E02648EB
:105630000078401E25490C3131F810000C39888162
:1056400021480078401E163131F810001639C88202
:105650008020039081F8205002E000201849087053
:1056600018A1164808F0F1FAC0BB9DF80C0000F034
:105670008F00802861D1154890F8200000F080004C
:1056800068B3124890F8200020F080000F4981F89C
:10569000200052E00004024000080240B4024142EF
:1056A000000041424354502049443A25780D0A00F5
:1056B0004354502049443A25730D0A004700002006
:1056C0004D000020393131004C00002050000020F6
:1056D00006FE000818550020FCFD00080DE0FFE75D
:1056E0004FF6FF701A498881C882084690F820005A
:1056F00000F0E00081F820001FE09DF80C0000F0B1
:105700001F00D0B9124890F8200000F0800040B18E
:105710000F4890F8200020F080000D4981F820000B
:105720000BE04FF6FF700A498881C882084690F85E
:10573000200000F0E00081F8200006480078F02802
:1057400002DD0A2003490870304604B070BD000035
:10575000500000204D00002070B50446002500BF19
:1057600017E004F0800018B10120FE49086002E053
:105770000020FC4908606006040E0020FA49086019
:10578000012002F021FF0120F849C1F88002681CC5
:10579000C5B2082DE5DB70BD70B5064600250024B6
:1057A0000020F1490860F249C1F8AC02F1490860F3
:1057B0003046FFF7D1FF062002F006FF0020EB493C
:1057C000C1F88002012002F0FFFE0120E6490860D6
:1057D00002F0FAFE0020E549C1F8800200BF15E0A2
:1057E0004FF6FF7000EA44040020DF490860012002
:1057F00002F0EAFE0120DD49C1F88002DA4878387B
:10580000006808B1601C84B2681CC5B2102DE7DBCB
:1058100024110120D7490860204670BD2DE9FE43C0
:1058200080460027002406E04046FFF7B5FF2DF82C
:105830001400601C84B2052CF6DB002416E0601C0A
:1058400085B20FE03DF814003DF81510884207DDE1
:105850003DF814603DF815002DF814002DF8156082
:10586000681C85B2052DEDDB601C84B2042CE6DBE0
:105870000027012405E03DF81400384487B2601C7D
:1058800084B2042CF7DB032097FBF0F086B230469D
:10589000BDE8FE832DE9F04104460D46B648007888
:1058A000FFF7BCFF0646B5480078FFF7B7FF07468D
:1058B00026802F800120BDE8F0817FB504460D468B
:1058C00002A903A8FFF7E6FF064616B9002004B0B8
:1058D00070BD694601A8FFF7DDFF06460EB900203E
:1058E000F5E7BDF80400BDF80C10884206DCBDF8F1
:1058F0000C10BDF80400323081420CDBBDF80C0006
:10590000BDF80410884236DCBDF80410BDF80C0068
:10591000323081422FDABDF80000BDF8081088420D
:1059200006DCBDF80810BDF80000323081420CDB07
:10593000BDF80800BDF8001088421CDCBDF800105E
:10594000BDF808003230814215DABDF80C10BDF800
:105950000420881800EBD071C1F34F012180BDF8FD
:105960000810BDF80020881800EBD071C1F34F017A
:1059700029800120ABE70020A9E770B504460D4659
:1059800016467F48068004F10D018AB2193988B2A3
:105990002B462946FEF7B3FA05F10D0083B21938FC
:1059A00081B222462046FEF7AAFA6A1C91B2621C16
:1059B00090B2FBF70BFC6A1C91B2621E90B2FBF72F
:1059C00005FC6A1E91B2621C90B2FBF7FFFB6A1ED7
:1059D00091B2621E90B2FBF7F9FB062229462046DF
:1059E000FEF703FB70BD70B504460D4616466448CD
:1059F000068029462046FBF7E9FB611C88B2294650
:105A0000FBF7E4FB681C81B22046FBF7DFFB6A1C56
:105A100091B2621C90B2FBF7D9FB70BD10B5044681
:105A200051487C38006800284ED12CB15549A1F16D
:105A30000A00FFF742FF35E05249A1F10A00FFF7E3
:105A40003CFF78B34F481638B0F92C0000EE100A2E
:105A5000B8EEC00A4B48163890ED091A808900EE5E
:105A6000900AF8EE600A01EE200ABCEEC00A10EEC1
:105A7000100A4449163988810846B0F92E0000EE14
:105A8000100AB8EEC00A084690ED0A1AC08A00EE65
:105A9000900AF8EE600A01EE200ABCEEC00A10EE91
:105AA000100AC8823748163890F8200000F08000AD
:105AB00038BBC0203349163981F820000846818957
:105AC0008182C18AC1831CE02E48163890F82000DC
:105AD00000F0800050B12B48163890F8200020F0DC
:105AE00080002849163981F820000AE00021254865
:105AF00016388182C1834FF6FF702249163988819A
:105B0000C8822048163890F8200000F0800010BDB0
:105B100010B51C48163890ED090ADFED1B0A20EE7F
:105B2000200ABDEEC00A10EE104A042221462820A9
:105B3000FEF730FE1348163890ED0A0ADFED120A20
:105B400020EE200ABDEEC00A10EE104A04222146C3
:105B50002C20FEF71FFE0B481638B0F92C1002223D
:105B6000302013E0AC8242428082404200804042BA
:105B700000804242B402414284000020850000209F
:105B8000400000206600002020BCBE4CFEF702FE54
:105B9000FE48B0F92E1002223220FEF7FBFDFB4832
:105BA00090F830103420FEF7CDFD0A242146352030
:105BB000FEF7C8FD10BD10B53520FEF797FD044671
:105BC0000A2C46D104212820FEF7F9FD044600EEF8
:105BD000104AB8EEC00A5FED140A80EE201AEB48B6
:105BE00080ED091A04212C20FEF7E9FD044600EEA1
:105BF000104AB8EEC00A5FED1C0A80EE201AE34896
:105C000080ED0A1A02213020FEF7D9FD00B2DF49EB
:105C1000888502213220FEF7D2FD00B2DB49C8851B
:105C20003420FEF763FDD94981F83000084690F82A
:105C3000300030B19020D6490870D020D549087086
:105C400005E0D020D24908709020D2490870012088
:105C500010BD0020FCE72DE9FC5F04460D46174609
:105C60001E46DDE90EABDDE90C894FF47840CA49E8
:105C70000880CAA01021CDE90010C94843880288D5
:105C8000A0212820FEF73FFBC6A01021CDE900107F
:105C9000C34843880288A0217820FEF734FBC2A0C5
:105CA0001021CDE90010BE4843880288B421282085
:105CB000FEF729FBBDA01021CDE90010B8484388AC
:105CC0000288B4217820FEF71EFBB9A01021CDE98F
:105CD0000010B34843880288C8212820FEF713FB30
:105CE000B4A01021CDE90010AD4843880288C82136
:105CF0007820FEF708FBB0A01021CDE90010A848DD
:105D000043880288DC212820FEF7FDFAABA0102191
:105D1000CDE90010A24843880288DC217820FEF7F4
:105D2000F2FAA7A01021CDE900109D48438802880F
:105D3000F0212820FEF7E7FA102004232246A021B4
:105D400000904020FEF736FA102004232A46A021B6
:105D500000909020FEF72EFA102004233A46B4213A
:105D600000904020FEF726FA102004233246B4218A
:105D700000909020FEF71EFA102004234246C8210E
:105D800000904020FEF716FA102004234A46C8214E
:105D900000909020FEF70EFA102004235246DC21DA
:105DA00000904020FEF706FA102004235A46DC211A
:105DB00000909020FEF7FEF9102003230090F021C0
:105DC0006020109AFEF7F6F9BDE8FC9F00B597B089
:105DD000002012900B9012901F216F4801804FF607
:105DE000FF71794801800846FBF7F6FB4FF47841D4
:105DF000694801804FF6FF70FBF7EEFB0020664913
:105E000008807248006810216423A022CDE90010A8
:105E100028210846FEF777FA4FF478421421084605
:105E2000FFF7ABFD0020594981F820009FED680A7B
:105E3000084680ED090A53E2544840680A90012060
:105E40000A998847514890F8200000F0C000402887
:105E50006FD100200B904D4890F8200020F04000BA
:105E60004A4981F820000846818913AA129822F82D
:105E700020104648C18A129802EB80004180129897
:105E8000401CC0B212901298012806D0022815D0EA
:105E9000032829D0042810D141E04FF6FF721421C5
:105EA0000846FFF76AFD3E480088143880B24FF478
:105EB000784214210A90FFF760FDEBE33848008830
:105EC000143880B24FF6FF7214210A90FFF755FD87
:105ED00033484088143880B24FF4784201460A9023
:105EE0001420FFF74AFDD5E32D484088143880B2CE
:105EF0004FF6FF7201460A901420FFF73EFD284836
:105F00004088143880B20A9025480088143880B23E
:105F10004FF4784209900A99FFF72FFDBAE3BDF8D4
:105F20004C10BDF85000081A0A90002802DB0A98AD
:105F300002E0B0E30A9840420F90BDF84E1013A85B
:105F4000C088081A0A90002801DB0A9801E00A9824
:105F500040420E900F9840430F900E9840430E9091
:105F6000DDE90E100844059007F0B4FFCDE9060105
:105F70009DED060B08F04AF98DED080B9DED080B21
:105F800051EC100B07F0B3FF80B223E0500000206B
:105F900084000020850000204000002078313A0075
:105FA0001855002079313A0078323A0079323A00B7
:105FB00078333A0079333A0078343A0079343A0049
:105FC0006661632069733A004200002010FE0008F9
:105FD000000000001190BDF85400BDF85810401AA0
:105FE0000A90002801DB0A9801E00A9840420F90CD
:105FF00013A84189C089081A0A90002801DB0A9871
:1060000001E00A9840420E900F9840430F900E987E
:1060100040430E90DDE90E100844059007F05AFF4A
:10602000CDE906019DED060B08F0F0F88DED080BAB
:106030009DED080B51EC100B07F059FF80B210904A
:106040009DED110AF8EE400A9DED100AB8EE401AD7
:1060500080EE810A8DED0A0A0A9807F061FFCDE90A
:106060000C019FEDFE0B53EC102B9DED0C0B51EC36
:10607000100B07F069FF0ED39FEDFA0B53EC102BBA
:106080009DED0C0B51EC100B07F076FF03D311982C
:1060900008B11098F0BB00201290F44840881438E2
:1060A00080B20A90F1480088143880B24FF6FF722F
:1060B00009900A99FFF761FC4FF4784214210846D1
:1060C000FFF75BFC9FEDEA0B53EC102B9DED0C0BE7
:1060D00051EC100B07F07BFECDE908019DED080B9C
:1060E00051EC100B07F003FF80B213A90A90C98985
:1060F000BDF8582013AB5B89CDE90132CDE903101F
:10610000BDF85400009013A8C0880990BDF8500055
:10611000089000E00AE0BDF84E000790BDF84C0082
:10612000069007A90EC9FFF796FDC3E2BDF84C1013
:10613000BDF85400081A0A90002801DB0A9801E013
:106140000A9840420F90BDF84E1013A84089081AD3
:106150000A90002801DB0A9801E00A9840420E905C
:106160000F9840430F900E9840430E90DDE90E10BB
:106170000844059007F0AEFECDE906019DED060B43
:1061800008F044F88DED080B9DED080B51EC100B59
:1061900007F0ADFE80B21190BDF85010BDF8580068
:1061A000081A0A90002801DB0A9801E00A98404288
:1061B0000F9013A8C188C089081A0A90002801DB33
:1061C0000A9801E00A9840420E900F9840430F90C1
:1061D0000E9840430E90DDE90E100844059007F03C
:1061E00079FECDE906019DED060B08F00FF88DED67
:1061F000080B9DED080B51EC100B07F078FE80B2F8
:1062000010909DED110AF8EE400A9DED100AB8EECF
:10621000401A80EE810A8DED0A0A0A9807F080FE86
:10622000CDE90C019FED8D0B53EC102B9DED0C0B6C
:1062300051EC100B07F088FE0AD39FED8A0B53EC4C
:10624000102B9DED0C0B51EC100B07F095FE48D276
:106250000020129085484088143880B20A90834804
:106260000088143880B24FF6FF7209900A99FFF740
:1062700084FB4FF4784214210846FFF77EFB9FED24
:106280007C0B53EC102B9DED0C0B51EC100B07F01D
:106290009EFDCDE908019DED080B51EC100B07F0B8
:1062A00026FE80B213A90A90C989BDF8582013AB05
:1062B0005B89CDE90132CDE90310BDF854000090AF
:1062C00013A8C0880990BDF850000890BDF84E0092
:1062D0000790BDF84C00069007A90EC9FFF7BBFC5C
:1062E000E8E1BDF85000BDF85410401A0A900028AB
:1062F00001DB0A9801E00A9840420F9013A8C18878
:106300004089081A0A90002801DB0A9801E00A98DF
:1063100040420E900F9840430F900E9840430E90CD
:10632000DDE90E100844059007F0D4FDCDE9060123
:106330009DED060B07F06AFF8DED080B9DED080B38
:1063400051EC100B07F0D3FD80B21190BDF84C005A
:10635000BDF85810401A0A90002801DB0A9801E0A5
:106360000A9840420F90BDF84E1013A8C089081A31
:106370000A90002801DB0A9801E00A9840420E903A
:106380000F9840430F900E9840430E90DDE90E1099
:106390000844059007F09EFDCDE906019DED060B32
:1063A00007F034FF8DED080B9DED080B51EC100B41
:1063B00007F09DFD80B210909DED110AF8EE400AA5
:1063C0009DED100AB8EE401A80EE810A8DED0A0AA2
:1063D0000A9807F0A5FDCDE90C019FED200B53ECC9
:1063E000102B9DED0C0B51EC100B07F0ADFD0AD3FB
:1063F0009FED1C0B53EC102B9DED0C0B51EC100B77
:1064000007F0BAFD58D2002012901848408814387E
:1064100080B20A9015480088143880B24FF6FF7297
:1064200009900A99FFF7A9FA4FF478421421084617
:10643000FFF7A3FA9FED0E0B53EC102B9DED0C0B09
:1064400051EC100B07F0C3FCCDE908019DED080BE2
:1064500051EC100B07F04BFD80B20DE066666666EE
:106460006666EE3FCDCCCCCCCCCCF03F18550020AE
:10647000000000000000594001460A9013A8C2899C
:10648000BDF8580013AB5B89CDE90130CDE903219C
:10649000BDF85400009013A8C0880990BDF85000C2
:1064A0000890BDF84E000790BDF84C00069007A973
:1064B0000EC9FFF7D0FBFDE0BDF85000BDF84C1051
:1064C000401A00EE100AF8EEC00AC54800882838C5
:1064D00000EE100AB8EEC00A80EE201AC14880ED26
:1064E000091ABDF85000BDF84C10084400EE100A1F
:1064F000F8EEC00ABA48008800EE100AB8EE400A6A
:10650000B84890ED091A01EE600AF0EE000A80EE3C
:10651000201ABDEEC10A10EE100A01B2B148818501
:1065200013A84089BDF84E10401A00EE100AF8EE8C
:10653000C00AAB484088283800EE100AB8EEC00AFE
:1065400080EE201AA74880ED0A1A13A84089BDF8EA
:106550004E10084400EE100AF8EEC00AA048408829
:1065600000EE100AB8EE400A9E4890ED0A1A01EEBD
:10657000600AF0EE000A80EE201ABDEEC10A10EEAD
:10658000100A00B29749C885084690ED090ABDEE89
:10659000C00A8DED090A0998002801DB099801E07D
:1065A0000998404202280FDC8E4890ED0A0ABDEEA1
:1065B000C00A8DED0A0A0A98002801DB0A9801E05A
:1065C0000A984042022842DD002012908448408808
:1065D000143880B20A9082480088143880B24FF68E
:1065E000FF7209900A99FFF7C8F94FF47842142115
:1065F0000846FFF7C2F97CA01021CDE900107848C9
:1066000040880A9076480088099002461A2128207E
:106610000A9BFDF778FE734890F8300008B9012016
:1066200000E000206F4981F83000084690F8300003
:1066300030B1902071490870D0217148017005E097
:10664000D0216E48017090206D49087032E01F2102
:106650006C4801804FF6FF70FAF7BEFF6AA0102168
:10666000CDE900105E4840880A905D480088099096
:1066700002466E2123200A9BFDF745FE4FF47A70F7
:1066800001F0EAFFFFF744FA4FF6FF70FAF7A4FFB4
:1066900017B000BD00BF0A2001F0DEFF0B98401CC0
:1066A00080B20B900B98B0F57A7F02DDFFF783FA8A
:1066B00002E000BFFFF7C0BB00BF00BFE8E71CB5AA
:1066C0004748808845F21051884220D1FEF736FABB
:1066D00018B953484349486004E0FEF72AFC514882
:1066E000404948603F4890F8300040F080003D4904
:1066F00081F83000084690F830003949897901F076
:1067000001010843374981F8300000201CBD34489E
:10671000808841F66311884218D1FEF7B6FD4248E1
:1067200030494860084690F8300040F0800081F819
:106730003000084690F830002949897901F00101BC
:106740000843284981F830000020DFE70121262096
:1067500002F0D0FE0620009000208DF804008DF895
:10676000060003208DF8050001208DF8070069461A
:106770002E4802F03DF9012000908DF80400694692
:106780002A4802F035F94FF40050009001208DF8AE
:1067900004006946264802F02BF94FF4006000908F
:1067A00001208DF804006946224802F021F90D49C4
:1067B0001631A1F10A00FFF76DF8FDF793FFFFF71F
:1067C000FAF908B10020A1E74FF6FF70FAF704FFCD
:1067D000FFF7FCFAFFF79CF9FFF7EDF9012095E7C9
:1067E00018550020500000205450204E656564204C
:1067F000726561646A757374210000008400002072
:106800008500002040000020546F756368205363AA
:106810007265656E2041646A757374204F4B210068
:10682000354C0008C14F0008AB530008000402407B
:1068300000080240001402400020FE490860091DC3
:106840000860091D0860091D0860FA4924310860C4
:10685000091D0860091D0860F748F64938310860CD
:106860000020091D0860704701460020012900D062
:1068700011B9F24B197000E0262070470146ED4A2D
:10688000121D106820F0FF0008431060704770B5BB
:10689000044606E0E7483430056805F0450000B1DD
:1068A00000E0F7E700BF042004F0CAFD20B1042097
:1068B00004F0D1FD032070BD012004F0C1FD20B122
:1068C000012004F0C8FD0120F5E7DA481030006827
:1068D000A04201D01020EEE740F2FF5004F0BBFDD3
:1068E000D4481430006808210840C0B2E3E72DE91D
:1068F000FC4107460D460026002400200090019030
:106900000820CF490860102048604020886000209F
:10691000C8604FF480600861084604F0FEFC102057
:10692000FFF7B5FF044614B12046BDE8FC81C54819
:1069300000880004C2490860372048604020886011
:106940000020C8604FF480600861084604F0E5FC50
:106950003720FFF79CFF04460CB12046E5E74FF0D7
:10696000FF30B94908600820486030208860022064
:10697000C8600020086101204861084604F0F9FC65
:106980000020AF4908603320486040208860002024
:10699000C8604FF480600861084604F0BEFC3320F4
:1069A000FFF775FF04460CB12046BEE70DE04FF43B
:1069B000001004F045FD40B19E48803000684DF85D
:1069C0002600761C022E00D307E09A483430006877
:1069D00040F22A6108400028E9D000BF082004F0F6
:1069E0002FFD20B1082004F036FD04209DE7022091
:1069F00004F026FD20B1022004F02DFD022094E7D2
:106A0000202004F01DFD20B1202004F024FD0620EC
:106A10008BE74FF4007004F013FD28B14FF40070C1
:106A200004F019FD072080E740F2FF5004F013FD49
:106A300000980006009901F47F4140EA0120009986
:106A400001F47F0140EA1120009940EA116068607A
:106A500001980006019901F47F4140EA0120019963
:106A600001F47F0140EA1120019940EA1160286099
:106A700020465AE77CB5054600240020009001908E
:106A800000260DB1022600E000266A481430006896
:106A900000F0007008B10E207CBD6A49098888B2F8
:106AA0006946FFF724FF04460CB12046F4E701983D
:106AB00000F4802060B363480088000460490860E7
:106AC00037204860402088600020C8604FF4806014
:106AD0000861084604F021FC3720FFF7D8FE044681
:106AE0000CB12046D8E75648066006205449486055
:106AF000402088600020C8604FF48060086108462C
:106B000004F00BFC0620FFF7C2FE04462046C3E754
:106B10002520C1E770B5044600254C4800780328BD
:106B200002D12725284670BD4848007838B147482B
:106B30000078012803D045480078022819D1B4F51F
:106B4000805F02D127252846EDE7E0B2FFF792FFEC
:106B5000054675B93748001D006820F4C050354916
:106B6000091D086008460068204308600846006860
:106B700008602846D7E710B504463148046007206E
:106B80002F494860402088600020C8604FF4806032
:106B90000861084604F0C1FB0720FFF778FE10BD2E
:106BA000F0B5014600200022284B1B7881F85630B2
:106BB000244B1B88A1F85430254B1B681A0E9309EF
:106BC0000B70C2F383034B7002F003038B70204BF6
:106BD0001B68C3F30742CA701D4B1B88C3F307220F
:106BE0000A711B4B1A784A715B681A0E1301CB802D
:106BF000174B5B68C3F30742CB8843EA1213CB8081
:106C000002F00F030B72124B9B88C3F30722D309C8
:106C10004B72C2F380138B72C2F34013CB72C2F378
:106C200000130B7300234B73084B1B78C3B1074B46
:106C30001B780FE0002C0140FF07C00090000020EF
:106C4000405500208C000020545500208800002072
:106C50006C550020012B03D0FE4B1B78032B4FD12A
:106C600093071B0D0B61FC4B1A790B6943EA8203F6
:106C70000B61F94B9B681A0E0B6943EA92130B6187
:106C8000C2F3C2030B7502F007034B75F24B9B680E
:106C9000C3F3074253098B75C2F38203CB75930785
:106CA0005B0F0B76EC4B1B89C3F307220B7E43EA89
:106CB000D2130B760B695B1C0024C1E912340B7EE6
:106CC0009B1C012606FA03F3DE17D1E91245A4FB4B
:106CD000037C05FB03C304FB0633C1E912730C7A82
:106CE0000123A3400B650024D1E912560B6DA5FBCF
:106CF000037C06FB03C305FB0433C1E912732CE0DC
:106D0000D44B1B78022B28D1D34B1A7993069B0ABC
:106D10000B61D14B9B681A0E0B6943EA02230B618E
:106D2000CD4B9B68C3F307420B6913430B61CA4BFE
:106D30001B89C3F307220B695B1C4FF40074A3FB90
:106D4000043566000027A3FB064C05FB06C503FBC4
:106D50000753C1E9124373100B65C2F3801301F8A6
:106D6000193F93065B0E4B70BB4B1A7A4B7843EA84
:106D7000D2134B7002F07F038B70B74BDB681A0E97
:106D8000D309CB70C2F341130B71C2F382034B7171
:106D900093071B0F8B71B04BDB68C3F307428B79F2
:106DA00043EA92138B71C2F34013CB7100230B7231
:106DB00002F001034B72A84B9B89C3F30722D3094E
:106DC0008B72C2F38013CB72C2F340130B73C2F306
:106DD00000134B73C2F381038B7302F00303CB7375
:106DE0009D4B1A7B53080B7401234B749B4B1B6800
:106DF0001A0ECA741939994B1B68C3F3074214025F
:106E0000CC85964B1B88C3F30722CB8D1343CB85D0
:106E1000924B1A7814060C635B681A0E0B6B43EAEC
:106E200002440C638D4B5B68C3F307420B6B43EA70
:106E300002240C63894B9B88C3F307220B6B13431B
:106E40000B63864B1A7934235A54844B9B681A0E71
:106E500035235A54814B9B68C3F3074214068C6355
:106E60007E4B1B89C3F307228B6B43EA02448C637E
:106E70007A4B1A7A8B6B43EA02248C63774BDB687C
:106E80001A0E8B6B13438B63744BDB68C3F307429F
:106E90003C235B5C43EA12143C235C5413071C0D37
:106EA000CC876E4B9B89C3F30722CB8F1343CB87D1
:106EB0006A4B1A7B540840235C54012441235C54E0
:106EC000F0BD70B500264FF4803505E064480468D5
:106ED00004F0450000B103E0281EA5F10105F5D13D
:106EE00000BF15B104F0040028B10326042004F00B
:106EF000B2FA304670BD012004F0A2FA18B10126A2
:106F0000012004F0A8FA40F2FF5004F0A4FA304641
:106F1000F0E72DE9F04105460E464FF0000805E088
:106F20004F48076807F0450000B100E0F8E700BFF0
:106F3000042004F085FA28B1042004F08CFA032020
:106F4000BDE8F081012004F07BFA20B1012004F0BB
:106F500082FA0120F4E7424824380068A84201D0B0
:106F60001020EDE740F2FF5004F075FA3C4820385D
:106F7000046804F4604018B9200C30804046DFE714
:106F800004F4005008B11320DAE704F4804008B19B
:106F90001020D5E704F4004008B10F20D0E74046A8
:106FA000CEE738B500240120009004F0B0F910B904
:106FB0002524204638BD27480078042825D0002005
:106FC0002849086002204860C02088600020C8600E
:106FD0004FF480600861084604F09FF9FFF771FFE5
:106FE00004460CB12046E5E71D48203800681B49DF
:106FF00008601B481C380068486019481838006849
:107000008860174814380068C8601248007858B182
:1070100010480078012807D00E480078062803D0D1
:107020000C480078022821D100200E490860032076
:107030004860402088600020C8604FF4806008618C
:10704000084604F06AF969460320FFF762FF044628
:1070500064B109E0880000206C5500207C550020B8
:10706000342C0140405500202046A3E7FE4800781C
:10707000032816D1BDF800000004FC490860032075
:107080004860402088600020C8604FF4806008613C
:10709000084604F042F9FFF714FF04460CB12046FD
:1070A00088E7F148007804282AD0BDF80000F049AC
:1070B0000860BDF800000004EC4908600920486041
:1070C000C02088600020C8604FF4806008610846D6
:1070D00004F023F9FFF7F5FE04460CB1204669E7FA
:1070E000E4480068E4490860E248001D0068486020
:1070F000E048083000688860DE480C300068C860EE
:10710000002057E710B506E0DA482030046804F0A4
:10711000450000B100E0F7E700BF042004F090F95B
:1071200020B1042004F097F9032010BD40F2FF5075
:1071300004F091F90020F8E770B500264FF480358F
:1071400006E0CC482030046804F0450000B103E0BC
:10715000281EA5F10105F4D100BF15B104F004000B
:1071600028B10326042004F076F9304670BD04F0FF
:10717000400018B10026402004F06DF93046F5E7D4
:1071800070B500254FF4803404E0802004F058F9F5
:1071900000B103E0201EA4F10104F6D100BF0CB938
:1071A000032070BD40F2FF5004F055F92846F8E77F
:1071B0002DE9F0470027002400260025A046A1461F
:1071C0007620AE4908750020086048608860C86075
:1071D0000861084604F077F8032004F094F8A54805
:1071E0001038006840F48070A2491039086000BF70
:1071F00012E000209D49086048608860C8604FF434
:1072000080600861084604F088F8FFF7B9FF04467B
:1072100004B903E0781CC7B24A2FEADB00BF14B1FF
:107220002046BDE8F0874FF4D570904908600820EB
:107230004860402088600020C8604FF4806008618A
:10724000084604F06AF8FFF777FF044624B90120E6
:10725000854908704FF08049002084490860372034
:107260004860402088600020C8604FF4806008615A
:10727000084604F052F83720FFF709FB0446002CBB
:107280004BD134E000207949086037204860402025
:1072900088600020C8604FF480600861084604F0F0
:1072A0003CF83720FFF7F3FA04460CB12046B8E764
:1072B000734849EA00006D49086029204860402071
:1072C00088600020C8604FF480600861084604F0C0
:1072D00024F8FFF717FF04460CB12046A1E76548E4
:1072E0000668012080EAD67080F001086D1CB8F1B4
:1072F000000F03D14FF6FF708542C3D34FF6FF70E6
:10730000854202D31B2420468BE706F08040061EF0
:1073100032D00220544908702EE01CE059485349ED
:10732000086001204860402088600020C8604FF459
:1073300080600861084603F0F0FFFFF7E3FE0446B3
:107340000CB120466DE74B480668012080EAD670F4
:1073500080F001086D1CB8F1000F03D14FF6FF70EB
:107360008542DBD34FF6FF70854202D31B242046B3
:1073700057E703203C490870204652E73EB50024F9
:1073800000250121404802F0B5F80121C80202F0B1
:107390000BF90121C80202F05CF94FF4F85001909A
:1073A00002208DF808008DF8090000208DF80A00F1
:1073B00001208DF80B0001A9344801F019FB0420CD
:1073C000019001A9324801F013FB0C2208212F483B
:1073D00001F099FB0C2209212C4801F094FB0C22AE
:1073E0000A212A4801F08FFB0C220B21274801F0CB
:1073F0008AFB0C221146254801F085FB0C22022154
:10740000234801F080FB00214FF4006002F021F9D5
:10741000FFF712FA31208DF8000000208DF80100EE
:107420008DF8020001208DF80300684601F0EFF9A5
:10743000FFF7BEFE044614B9FFF7B3FD04461CB9BE
:107440001448FFF7ADFB044634B91249B1F85410A3
:107450000804FFF790FB044624B94FF40060FFF7DF
:1074600059FB0446E4B117E0880000204055002095
:107470008C000020142C01406C5500202855002061
:10748000000010800080FF800C00400000080240D7
:10749000000C024090550020FE480078032812D1CD
:1074A000FD4890F8560020B1FB4890F8560001289E
:1074B00001D1022500E000252846FFF7DFF9002072
:1074C000FFF7D2F9044620463EBD10B5002003F078
:1074D0001AFF002010BD70B590B004460E46154648
:1074E00000BFEE4803F031FD0028FAD1EB4803F06D
:1074F00003FC4FF000600190E9480290039404956A
:107500000020059006904FF480600790800008905E
:107510008000099000200A904FF440300B90042026
:107520000C9003200D904FF400000E9080100F90EF
:1075300001A9DA4803F082FC2021D84803F0CEFCF0
:107540000121D64803F0B4FC10B070BD0146002004
:1075500002E04910421CD0B20129FAD170472DE94E
:10756000F84F8146174698460A9C4FF0000AD346CA
:107570004D464FF0FF36B9F1000F02D12620BDE88D
:10758000F88F0020C64954390860C24800780228A4
:1075900005D10402780A40EAC8574FEA682800205B
:1075A000C04988604860401E086001204861002092
:1075B000C8600861084603F0DCFEB9486C38006812
:1075C00000F0007008B10E20D9E7002C21DDB4F5E1
:1075D000006F1EDC601E2040D8B92046FFF7B6FFC2
:1075E0000090B14804601020AF4948604020886096
:1075F0000020C8604FF480600861084603F08DFEEB
:107600001020FFF744F98246BAF1000F03D050462C
:10761000B5E72620B3E700980001A2498860084634
:1076200044604FF0FF300860012048610220C860CC
:1076300000200861084603F09CFE9B48076011206B
:1076400099494860402088600020C8604FF48060FD
:107650000861084603F061FE1120FFF718F9824621
:10766000BAF1000F01D0504689E790480078002811
:107670005AD1F8F796FD17E04FF4004003F0E0FE12
:1076800070B14FF0000B05E08548006845F82B000D
:107690000BF1010BBBF1080FF6D32035844E03E04C
:1076A0000EB904206BE7761E7D484C38006840F226
:1076B0002A6108400028DFD0082003F0C1FE20B175
:1076C000082003F0C8FE042059E7022003F0B8FEAA
:1076D00020B1022003F0BFFE022050E7202003F07B
:1076E000AFFE20B1202003F0B6FE062047E74FF49E
:1076F000007003F0A5FE28B14FF4007003F0ABFE5C
:1077000007203CE703E06648006828602D1D4FF421
:10771000001003F095FE0028F5D1F8F744FD40F283
:10772000FF5003F098FE39E060480078012835D119
:107730000020604908706049087060490870584826
:107740004438006840F22A310843554944390860FA
:1077500053485438006840F00800514954390860D3
:10776000002221464846FFF7B6FE00E0761E4B4851
:107770005838006800F0006038B95048007820B9E7
:107780004C48007808B9002EF0D10EB90420F6E676
:107790004848007810B1474890F800A05046EEE6FF
:1077A0002DE9FF5F17469846DDE90E464FF00009C8
:1077B000CA464FF0FF35424900980860002038491A
:1077C0005439086033480078022805D10402780A49
:1077D00040EAC8574FEA682800203249886048606C
:1077E000401E0860012048610020C860086108460A
:1077F00003F0BFFD2A486C38006800F0007018B133
:107800000E2004B0BDE8F09F002C21DDB4F5006F20
:107810001EDC601E2040D8B92046FFF797FE834645
:1078200021480460102020494860402088600020E2
:10783000C8604FF480600861084603F06EFD1020B8
:10784000FFF725F88146B9F1000F03D04846D8E785
:107850002620D6E7012E6ED906FB04F0B0F1007F9A
:1078600001D32620CDE74FEA0B100E49886006FBB6
:1078700004F048604FF0FF300860012048610220AA
:10788000C86000200861084603F073FD06480760E1
:10789000122017E088000020905500205864024014
:1078A000802C0140545500204055002090000020BD
:1078B000FFFF7F0092000020910000209300002035
:1078C00094000020F9494860402088600020C8608A
:1078D0004FF480600861084603F01FFD1220FEF798
:1078E000D6FF8146B9F1000F01D0484689E7F0483C
:1078F000007800287ED1F8F754FC1EE04FF40040D9
:1079000003F09EFDA0B14FF0000A07E0E9480068CF
:10791000E949096841F82A000AF1010ABAF1080F99
:10792000F4D3E54800682030E3490860E34D04E003
:1079300015B9042065E7AEE06D1EDE484C380068DE
:1079400040F22A3108400028D8D0082003F078FD02
:1079500020B1082003F07FFD042052E7022003F04D
:107960006FFD20B1022003F076FD022049E72020C0
:1079700003F066FD20B1202003F06DFD062040E7F6
:107980004FF4007003F05CFD28B14FF4007003F079
:1079900062FD072035E709E0C6480068C649096866
:1079A0000860C5480068001DC34908604FF4001016
:1079B00003F046FD0028EFD14FF4807003F040FD46
:1079C00020B3BF48007838B1BD480078012803D003
:1079D000BB480078022819D10020B44908600C2067
:1079E0004860402088600020C8604FF480600861D3
:1079F000084600E011E003F090FC0C20FEF747FF82
:107A00008146B9F1000F01D04846FAE6F8F7CBFB02
:107A100040F2FF5003F01FFD3DE0A548007801282B
:107A200039D10020A74908700120A749087000201B
:107A3000A64908709F484438006840F22A3108433C
:107A40009C49443908609B485438006840F008005D
:107A500098495439086006FB04F100220098FFF7AA
:107A60003AFD00E06D1E9A48006800F0006008B919
:107A7000002DF7D10DB90420C3E600BF934800786C
:107A800018B9904800780028F8D08E48007810B1D6
:107A90008C4890F800904846B3E61CB50446002098
:107AA000019000908B4800880004804908600D20F8
:107AB0004860402088600020C8604FF48060086102
:107AC000084603F02AFC7B484C380068009003E02D
:107AD00078484C3800680090009800F04500002875
:107AE000F6D0012003F0ACFC20B1012003F0B3FC80
:107AF00001201CBD042003F0A3FC20B1042003F0EE
:107B0000AAFC0320F5E76B48703800680D2801D007
:107B10001020EEE740F2FF5003F09DFC65486C3802
:107B2000006801900198C0F3432020700020E0E736
:107B30002DE9FF5F86B017469846149D0026002069
:107B4000059004900024814603908246029001959E
:107B5000DDF818B0DDF818B0BBF1000F03D1262016
:107B60000AB0BDE8F09F00205249543908605A49D4
:107B700088604860401E0860012048610020C8609D
:107B80000861084603F0F5FB4A486C38006800F0CD
:107B9000007008B10E20E3E749480078022805D1BB
:107BA0000502780A40EAC8574FEA6828002D1FDD11
:107BB000B5F5006F1CDC681E2840C8B92846FFF7E1
:107BC000C5FC0590394805601020384948604020C0
:107BD00088600020C8604FF480600861084603F0A8
:107BE0009CFB1020FEF753FE06461EB13046B7E759
:107BF0002620B5E73748008800042C4908600D208E
:107C00004860402088600020C8604FF480600861B0
:107C1000084603F082FB0D20FEF739FE06460EB142
:107C200030469DE723486C38006803904FF0FF34DE
:107C30001CE0641E2748008800041C4908600D20D1
:107C40004860402088600020C8604FF48060086170
:107C5000084603F062FB0D20FEF719FE06460EB142
:107C600030467DE713486C3800680390039800F4B1
:107C7000807008B9002CDCD10CB9292070E70B48C2
:107C80000760182009494860402088600020C860CB
:107C90004FF480600861084603F03FFB1820FEF7B0
:107CA000F6FD0646D6B130465AE7000040550020A2
:107CB00090000020802C014094000020FFFF7F00F6
:107CC00088000020920000209100002093000020F6
:107CD000006402408C000020545500200020F84928
:107CE000087005980001F7498860084645604FF024
:107CF000FF300860012048610020C8600861084624
:107D000003F037FB4FF0FF34EF48007800287CD1B8
:107D1000F8F747FA43E04FF4804003F091FBC8B313
:107D20000198A0EB0900202821D20198A0EB0900BE
:107D300000F0030020B90198A0EB0900800804E0DE
:107D40000198A0EB09008008401C02904FF0000A47
:107D500009E0DE49DBF8000008600AF1010A0BF1D6
:107D6000040B09F1040902988245F2D30FE04FF0A9
:107D7000000A05E05BF82A00D44908600AF1010A0C
:107D8000BAF1080FF6D30BF1200B09F120096FF0BF
:107D9000404404E0FFE70CB90420E1E6641ECB4850
:107DA0004C38006840F21A6108400028B3D008201F
:107DB00003F046FB20B1082003F04DFB0420CFE682
:107DC000022003F03DFB20B1022003F044FB02201F
:107DD000C6E6102003F034FB20B1102003F03BFB7B
:107DE0000520BDE64FF4007003F02AFB30B14FF4DC
:107DF000007003F030FB0720B2E606E0F8F7D3F995
:107E000040F2FF5003F027FB43E0AF480078012821
:107E10003FD10020AE490870A9490870AD490870EB
:107E2000AA484438006840F21A310843A749443947
:107E30000860402229460698FFF74DFBA3485438B6
:107E4000006840F00800A1495439086000E0641E51
:107E5000A148006800F0006008B9002CF7D11CB9F7
:107E6000FFF78CFA04207BE64FF0FF3400E0641E3D
:107E70009848007820B99648007808B9002CF6D1C7
:107E80000CB904206CE69248007810B19048007854
:107E900066E640F2FF5003F0DEFA04A8FFF7FDFDAE
:107EA000064603E004A8FFF7F8FD06463EB99DF834
:107EB00010000728F6D09DF810000628F2D03046B2
:107EC0004EE62DE9FF5F84B0DDE912470026002071
:107ED00003900290002580468146019007FB04FB39
:107EE000DDF810A0DDF810A0BAF1000F03D12620B4
:107EF00008B0BDE8F09F002074495439086071490A
:107F000088604860401E0860012048610020C86009
:107F10000861084603F02DFA6C486C38006800F0E0
:107F2000007008B10E20E3E76C480078022808D101
:107F30000402DDE90601400A40EAC1504912CDE9D8
:107F40000601002C1FDDB4F5006F1CDC601E204014
:107F5000C8B92046FFF7FAFA039061480460102080
:107F60005F494860402088600020C8604FF480600E
:107F70000861084603F0D1F91020FEF788FC064698
:107F80001EB13046B4E72620B2E7012F6FD907FBB8
:107F900004F0B0F1007F01D32620A9E74F48007814
:107FA00038B14E480078012803D04C4800780228A8
:107FB0002DD14C48008800044949086037204860AA
:107FC000402088600020C8604FF480600861084647
:107FD00003F0A3F93720FEF75AFC06460EB13046EF
:107FE00086E73F48076017203D4948604020886089
:107FF0000020C8604FF480600861084603F08DF9E6
:108000001720FEF744FC06460EB1304670E73449AF
:108010000698086019204860402088600020C860E9
:108020004FF480600861084603F077F91920FEF7E5
:108030002EFC06460EB130465AE70398000121494E
:10804000886007FB04F048604FF0FF3008600120B3
:1080500048610020C8600861084603F08AF91A48A0
:108060000078002872D1451EF8F79BF854E0F8E03C
:108070004FF4804003F0E4F9B0B3ABEB08002028E4
:1080800033D2ABEB080000F0030018B9ABEB0800EB
:10809000800803E0ABEB08008008401C01904FF023
:1080A000000909E00949DAF80000086009F101094E
:1080B0000AF1040A08F1040801988145F2D324E08A
:1080C000910000205455002090000020802C014099
:1080D00092000020930000200064024088000020ED
:1080E000405500208C00002012E04FF0000905E010
:1080F0005AF82900F749086009F10109B9F1080F98
:10810000F6D30AF1200A08F120086FF0404503E099
:108110000DB90420ECE66D1EEE484C38006840F2C4
:108120001A3108400028A3D0082003F089F920B1B3
:10813000082003F090F90420DAE6022003F080F929
:1081400028B1022003F087F90220D1E640E0102098
:1081500003F076F920B1102003F07DF90520C7E681
:108160004FF4007003F06CF928B14FF4007003F085
:1081700072F90720BCE64FF4807003F061F900B398
:10818000D548007838B1D4480078012803D0D248C7
:108190000078022815D10020D04908600C204860E2
:1081A000402088600020C8604FF480600861084665
:1081B00003F0B3F80C20FEF76AFB06460EB130461A
:1081C00096E6F7F7F0FF40F2FF5003F044F948E07D
:1081D000C3480078012844D10020C249087001201A
:1081E000C14908700020C1490870BA484438006885
:1081F00040F21A310843B7494439086007FB04F1DB
:1082000040220498FFF767F9B2485438006840F0FC
:108210000800B049543908604FF0FF3500E06D1E8A
:10822000B348006800F0006008B9002DF7D11DB90F
:10823000FFF7A4F804205BE64FF0FF3500E06D1E69
:10824000AA48007820B9A748007808B9002DF6D1CF
:108250000DB904204CE6A348007810B1A14800787D
:1082600046E640F2FF5003F0F6F802A8FFF715FCCF
:10827000064603E002A8FFF710FC06463EB99DF84B
:1082800008000728F6D09DF808000628F2D03046EE
:108290002EE610B54FF4807003F0D2F888B3924800
:1082A0000078012814D100208C4908600C20486017
:1082B000402088600020C8604FF480600861084654
:1082C00003F02BF80C20FEF7E2FA8649087002E072
:1082D0000020844908707F484838006840F4807066
:1082E0007C4948390860081D00684CF23A318843DF
:1082F00078494439086001207C4908707948007841
:1083000010BDFFE7022003F09BF878B1022003F0D4
:10831000A2F87048443800684CF23A3188436D49FD
:108320004439086002206F490870E9E7082003F02B
:1083300087F878B1082003F08EF866484438006862
:108340004CF23A3188436349443908600420654956
:108350000870D5E7202003F073F878B1202003F0EF
:108360007AF85C48443800684CF23A3188435949FD
:108370004439086006205B490870C1E7102003F00B
:108380005FF878B1102003F066F85248443800686E
:108390004CF23A3188434F4944390860052051492D
:1083A0000870ADE74FF4007003F04AF880B14FF465
:1083B000007003F050F84748443800684CF23A31F6
:1083C000884344494439086007204649087097E7C4
:1083D000002095E710B5FFF75CFF10BD70B50446AF
:1083E000002514B92625284670BD4248008800049F
:1083F0003A4908600D204860402088600020C8602D
:108400004FF480600861084602F087FF0D20FEF7F8
:108410003EFA05460DB12846E6E72E486C3800685E
:1084200020602846E0E708B5002000906846FFF786
:10843000D5FF08B1FF2008BD0098C0F34320FAE73C
:108440002DE9FE4F83460C469146002002900026FF
:1084500025462C46700240EAD5566D020BF003000B
:10846000F0B14FF0000A18E04FF4007000904FEAAE
:108470004A20471946EBE0733A461F48FFF76FF86A
:1084800002904FF400721C49584605F0B0FB0BF502
:10849000007B0AF1010000F0FF0ACA45E4DB16E0A8
:1084A000B9F1010F09D14FF400702A46334600900C
:1084B0005846FFF754F8029009E04FF400702A463E
:1084C0003346CDE900095846FFF76AF90290029851
:1084D000BDE8FE8F802C0140880000204055002020
:1084E00090000020920000209100002093000020C6
:1084F000006402408C000020E85500202DE9FE4F6A
:1085000081460C46924600200290002625462C46C5
:10851000700240EAD5566D0209F00300F0B14FF049
:10852000000B18E04FF400724946194805F05FFB54
:108530004FF4007000904FEA4B20471946EBE07370
:108540003A461348FFF7F4FA029009F500790BF167
:10855000010000F0FF0BD345E4DB16E0BAF1010F98
:1085600009D14FF400702A46334600904846FFF781
:10857000DFFA029009E04FF400702A463346CDE955
:10858000000A4846FFF79DFC02900298BDE8FE8F66
:10859000E855002010B504466FF0040000F084F99F
:1085A000E11704EB5171C1F3C701394A117010464C
:1085B000007800EB4001C1EBC0104FF6FF7101EAFB
:1085C000C0003449088010BD0146314A12784A4340
:1085D0004FF0E0235A6100229A611A46126942F074
:1085E00001021A6100BF4FF0E022106900F00102A1
:1085F0001AB100F48032002AF5D04FF0E02212695F
:1086000022F001024FF0E0231A6100229A617047C4
:108610000146204A12884A434FF0E0235A61002263
:108620009A611A46126942F001021A6100BF4FF0C6
:10863000E022106900F001021AB100F48032002A31
:10864000F5D04FF0E022126922F001024FF0E02352
:108650001A6100229A61704770B504464FF40770A2
:1086600094FBF0F0C6B24FF4077094FBF0F100FBFE
:10867000114085B205E04FF40770FFF7C9FF701E87
:10868000C6B2002EF7D115B12846FFF7C1FF70BD65
:10869000980000209A00002000BF704700BF4C4A9D
:1086A000128802F04002002AF9D0C2B2484B9A80E8
:1086B000704710B588B004460121084600F01AFF43
:1086C0000121102000F070FF07220921414800F02D
:1086D0001AFA07220A213F4800F015FA4FF4C06049
:1086E000069002208DF81C008DF81D0000208DF8EA
:1086F0001E0001208DF81F0006A9364800F078F909
:1087000002940020ADF80C00ADF80E00ADF810009A
:10871000ADF814000C20ADF8120002A92C4801F0AD
:10872000A4F801212A4801F028F9012240F225513C
:10873000274801F0D8F925208DF8040003208DF892
:1087400005008DF8060001208DF8070001A800F053
:108750005EF808B010BD10B540F225511C4801F07C
:10876000FDF910B31A4801F037F9C4B21A4800886D
:1087700000F40040C8B91848008800F4804060B197
:108780000A2C03D000201449088020E012480088F9
:1087900040F400401049088019E00D2C06D10E4825
:1087A000008840F480400C49088010E00A480088A6
:1087B000C0F30D0009490C5407480088401C0649C5
:1087C000088008460088C72801DD0020088010BD09
:1087D0000010014000000240A0000020E8570020E7
:1087E0000648804706480047FEE7FEE7FEE7FEE74B
:1087F000FEE7FEE7FEE7FEE7FEE7FEE725040008EA
:108800008901000832490143324A1160704770B54E
:10881000002100230F22C4781CB32E4C246804F4DA
:10882000E064C4F5E064C4F30721C1F10404E3B2D9
:108830000A4144789C40E1B28478144021430C07FB
:10884000210E254C05786155047804F01F0501249C
:10885000AC4005786D11AD0005F1E025C5F800418B
:1088600009E0047804F01F050124AC401B4D067894
:10887000761145F8264070BD194A0A400243154B4F
:108880001B1F1A60704739B1124A121D1268024349
:10889000104B1B1D1A6006E00E4A121D126882431F
:1088A0000C4B1B1D1A607047042808D14FF0E021C3
:1088B000096941F004014FF0E022116107E04FF037
:1088C000E021096921F004014FF0E02211617047B5
:1088D0000000FA050CED00E000E400E080E100E0BB
:1088E00080FFFF1F10B504469848844208D101213B
:1088F000084600F06AFE0021012000F066FE76E0E6
:108900009348844208D10121022000F05EFE00213C
:10891000022000F05AFE6AE08E48844208D101210C
:10892000042000F052FE0021042000F04EFE5EE024
:108930008948844208D10121082000F046FE002128
:10894000082000F042FE52E08448844208D1012110
:10895000102000F03AFE0021102000F036FE46E024
:108960007F48844208D10121202000F02EFE002102
:10897000202000F02AFE3AE07A48844208D1012102
:10898000402000F022FE0021402000F01EFE2EE0DC
:108990007548844208D10121802000F016FE002194
:1089A000802000F012FE22E07048844208D10121AC
:1089B000801500F00AFE0021A01500F006FE16E06A
:1089C0006B48844208D10121401500F0FEFD0021D2
:1089D000601500F0FAFD0AE06648844207D10121E3
:1089E000001500F0F2FD0021201500F0EEFD10BD95
:1089F000F0B50A4600210023002400BF3DE0012518
:108A000005FA01F3156805EA03049C4234D10568B0
:108A10004F000326BE40B543056015794E00B540B2
:108A20000668354305601579012D02D01579022DB0
:108A300016D185684F000326BE40B5438560557941
:108A40004E00B540866835438560456801268E40F6
:108A5000B5434560456896798E40B6B2354345606A
:108A6000C5684F000326BE40B543C560D5794E00AA
:108A7000B540C6683543C560491C1029BFD3F0BD59
:108A80004FF6FF7101600021017141718171C17167
:108A9000704708B54FF480320092009A0A43009262
:108AA000009AC261C161009AC261C2690092C26942
:108AB000009208BD0246002013690B400BB1012053
:108AC00000E0002070470146086980B27047024606
:108AD000002053690B400BB1012000E000207047DB
:108AE0000146486980B270470183704741837047EF
:108AF0000AB1018300E041837047416170474269D8
:108B00004A4042617047F0B5002300244D07ED0E46
:108B100002FA05F3CE1000F1200555F826504E0755
:108B2000F70E0F26BE40B543CF1000F1200646F8E1
:108B30002750CE1000F1200555F8265045EA0304D1
:108B4000CE1000F1200545F82640F0BD000002409F
:108B50000004024000080240000C024000100240E5
:108B60000014024000180240001C02400020024095
:108B7000002402400028024030B943F2DB028100A9
:108B8000A1F1C0410A6005E043F2D2028100A1F1E7
:108B9000C0410A606FF07042411C8900A1F1C041E0
:108BA0000A608100A1F1C041C1F804217047D0E9F9
:108BB00001121143C2681143026911434269114312
:108BC00082691143C2691143026A1143426A114327
:108BD000826A1143C26A1143026B11430268920018
:108BE000A2F1C0421160816808290BD10168890097
:108BF000A1F1C041096841F0400201688900A1F17A
:108C0000C0410A60416B0968426B526841EA021137
:108C1000426B926841EA0221426B928941EA024129
:108C2000426B128A41EA0251426B127D41EA0261B3
:108C3000426B926911430268521C9200A2F1C04239
:108C40001160C16AB1F5804F1BD1816B0968826BDD
:108C5000526841EA0211826B926841EA0221826BFA
:108C6000128A41EA0251826B127D41EA0261826BF3
:108C70009269114302689200A2F1C042C2F8041145
:108C800007E06FF0704201688900A1F1C041C1F8AE
:108C900004217047002101600221416000218160B0
:108CA000C160016141618161C16101624FF4805124
:108CB0004162490081620021C1620163F849416358
:108CC0008163704751B18200A2F1C042126842F044
:108CD00001038200A2F1C042136009E08200A2F108
:108CE000C0421268EF4B1A408300A3F1C0431A60E0
:108CF000704710280AD118214FF0204211664021F8
:108D000051664FF0FC319166D16610E01821E64AB9
:108D1000116040214FF02042C2F884104FF0FC3126
:108D2000E14A083211604FF02042C2F88C107047BF
:108D300030B5002100220023446844F0080485680F
:108D40002C43C5682C4305692C43456944EA4524F6
:108D5000856944EA4531C4692468C5696D6844EA97
:108D60000524C5692D8944EA0544C5692D7B44EA7B
:108D70000562046A2468056A6D6844EA0524056A88
:108D80002D8944EA0544056A2D7B44EA056304689D
:108D9000102C05D14FF020442166A266E36608E05E
:108DA000C14C21604FF02044C4F88820BE4C0C34E4
:108DB000236030BD10210160002141608160C160ED
:108DC000016141618161FC21C2691160C269516028
:108DD000C2699160C269D160026A1160026A516021
:108DE000026A9160026AD160704799B1102808D177
:108DF0004FF02042126E42F004024FF020431A66F8
:108E00001DE0A94A126842F004024FF02043C3F863
:108E1000802014E0102809D14FF02042126EA14B9F
:108E2000DB1E1A404FF020431A6608E09E4A126883
:108E30009C4BDB1E1A404FF02043C3F88020704744
:108E400099B1102808D14FF02042126E42F0400232
:108E50004FF020431A661DE0934A126842F0400228
:108E60004FF02043C3F8802014E0102809D14FF0C0
:108E70002042126E8B4B3F3B1A404FF020431A6644
:108E800008E0894A1268874B3F3B1A404FF0204365
:108E9000C3F88020704701460020102903D14FF00D
:108EA0002042506F02E0804A143210687047182048
:108EB0007D492031086000200906C1F8A4004FF068
:108EC000FC30794928310860091D0860091D0860D7
:108ED0007047016841F01001426841EA422182680E
:108EE00041EA4231704A20321160C1680968C268A3
:108EF000526841EA0221C268128941EA0241C2680D
:108F0000127B41EA0261684A2832116001690968EE
:108F10000269526841EA02210269128941EA02416A
:108F20000269127B41EA02615F4A2C321160416999
:108F300009684269526841EA02214269128941EA9C
:108F400002414269127B41EA02614FF02042C2F8BD
:108F5000B01070470021016041608160FC21C2684F
:108F60001160C2685160C2689160C268D1600269D4
:108F7000116002695160026991600269D1604269C1
:108F8000116042695160426991604269D1607047E5
:108F900048B145492031096841F004014FF02042B1
:108FA000C2F8A01009E04049203109683D4AD21EAC
:108FB00011404FF02042C2F8A010704710B5F2B136
:108FC000102807D14FF020435B6E0B434FF0204435
:108FD000636632E0B0F5807F08D1334B1B1D1B6800
:108FE0000B434FF02044C4F8843026E02E4B24334A
:108FF0001B680B434FF02044C4F8A4301DE0102838
:1090000007D14FF020435B6E8B434FF020446366E3
:1090100013E0B0F5807F08D1234B1B1D1B688B43E9
:109020004FF02044C4F8843007E01F4B24331B6802
:109030008B434FF02044C4F8A43010BD10B5024655
:1090400000200023102A03D14FF02044636E09E072
:10905000B2F5807F03D1144C241D236802E0124C2A
:109060002434236803EA01040CB1012000E000204D
:1090700010BD102807D14FF02042526E8A434FF0A6
:1090800020435A6619E0B0F5807F0FD1064A121DC1
:1090900012688A434FF02043C3F884200DE000009B
:1090A00014FE0008FEFF0F00800000A0234A126893
:1090B0008A434FF02043C3F8A420704770B502469E
:1090C0000020002300240025102A03D14FF0204661
:1090D000736E08E0B2F5807F03D1184E203E3368EE
:1090E00001E0164E336803EA010403EAD10514B126
:1090F0000DB1012000E0002070BD102808D14FF014
:109100002042526E22EAD1024FF020435A6614E008
:10911000B0F5807F09D1094A203A126822EAD102CB
:109120004FF02043C3F8842007E0044A126822EA83
:10913000D1024FF02043C3F8A4207047A40000A040
:10914000F948006840F00100F74908600020F6493E
:1091500008310860F4480068F4490840F2490860A2
:10916000F348091D0860F348EF4984310860F0486E
:109170001038091D0860EC48006820F48020EA4996
:1091800008600020E8490C310860E7498C3108602C
:1091900070470021E44A921C117011460870704714
:1091A00010B501460022002300204A11012A02D1F5
:1091B000DD4C236808E0022A03D1DB4C70342368BD
:1091C00002E0D94C7434236801F01F02012494405A
:1091D0001C400CB1012000E0002010BD38B500207B
:1091E00000900024002500BF3120FFF7D9FF05467D
:1091F0000098401C00900098B0F5A04F01D0002DC1
:10920000F2D03120FFF7CCFF08B1012400E00024A8
:10921000204638BD01460020C34A106820F0F800FF
:1092200040EAC10010607047C349086070470021E0
:10923000BD4A703211701170012802D004280AD181
:1092400004E00121B84A7032117005E00521B64AE8
:109250007032117000E000BF00BF7047B74908606E
:10926000704770B5049C41EA82150126C6EB53068F
:1092700045EA0645054345EA0465AB4E361D3560B3
:1092800070BDAD4908667047820142EA0172A64B83
:1092900084331A607047A8498866704710B5830107
:1092A00043EA016343EA02739F4C8834236010BD94
:1092B000A14908677047A049C8647047024600206A
:1092C000994B0833186820F0EC6042EA0103184318
:1092D000954B08331860704702460020924B0833C4
:1092E000186820F0784042EA010318438E4B083397
:1092F00018607047014600208B4A0832106820F041
:10930000030008431060704787480830006800F089
:109310000C00704701460020834A0832106820F094
:10932000F000084310607047014600207E4A083272
:10933000106820F4E0500843106070470146002098
:10934000794A0832106820F4604040EAC100106099
:109350007047F0B5002100220024022500260223D8
:10936000714F08373F6807F00C0121B1042905D07F
:10937000082937D105E0724F076036E0714F07606A
:1093800033E0694F3F1D3F68C7F38056664F3F1D6E
:109390003F6807F03F036EB16A4FB7FBF3F7DFF8A2
:1093A00088C10CF1040CDCF800C0CCF3881C07FB6E
:1093B0000CF40CE0624FB7FBF3F7DFF86CC10CF173
:1093C000040CDCF800C0CCF3881C07FB0CF4564FEF
:1093D0003F1D3F68C7F301477F1C7D00B4FBF5F7D5
:1093E000076002E0564F076000BF00BF4E4F0837CE
:1093F0003F6807F0F0010909534F7A5C0768D740CE
:109400004760494F08373F6807F4E051890A4E4FDB
:109410007A5C4768D7408760434F08373F6807F456
:109420006041490B484F7A5C4768D740C760F0BD40
:10943000002100F44072B2F5407F0AD13A4A083266
:10944000116821F4F811414A02401143364A0832AA
:109450001160354A70321268C0F30B031A43324B65
:1094600070331A6070473549443908607047334992
:10947000403908607047364908607047014600204F
:10948000294A8C32106820F01F004A1E1043264AD9
:109490008C321060704701460020234A8C321068DD
:1094A00020F4F8504A1E40EA02201F4A8C32106015
:1094B0007047014600201C4A8C32106820F440108E
:1094C00008431060704701460020174A8C3210682C
:1094D00020F4400008431060704701460020124A03
:1094E0008C32106820F440300843106070471949EE
:1094F0000860704739B10C4A3032126802430A4B97
:1095000030331A6006E0084A303212688243064B54
:1095100030331A607047F9B1034A3432126802439B
:10952000014B34331A601CE000380240FFFFF6EABA
:10953000103000240030002000004742800E4742D7
:109540000024F40000127A00A2000020FFFCFF0FAC
:109550005C014742E01147428F4A126882438E4BBA
:109560001A60704739B18C4A121D126802438A4B47
:109570001B1D1A6006E0884A121D12688243864B42
:109580001B1D1A60704739B1834A0C3212680243BE
:10959000814B0C331A6006E07F4A0C32126882431A
:1095A0007D4B0C331A60704739B17B4A1032126818
:1095B0000243794B10331A6006E0774A1032126882
:1095C0008243754B10331A60704739B1724A243A9E
:1095D00012680243704B243B1A6006E06E4A243A3C
:1095E000126882436C4B243B1A60704739B16A4A57
:1095F000203A12680243684B203B1A6006E0664A34
:10960000203A12688243644B203B1A60704739B19C
:10961000614A1C3A126802435F4B1C3B1A6006E029
:109620005D4A1C3A126882435B4B1C3B1A607047D0
:1096300039B1594A143A12680243574B143B1A6025
:1096400006E0554A143A12688243534B143B1A60A1
:10965000704739B1504A103A126802434E4B103BE2
:109660001A6006E04C4A103A126882434A4B103B9B
:109670001A60704739B1484A1C3212680243464B9F
:109680001C331A6006E0444A1C3212688243424B83
:109690001C331A60704739B13F4A203212680243C6
:1096A0003D4B20331A6006E03B4A20321268824369
:1096B000394B20331A60704739B1374A2432126867
:1096C0000243354B24331A6006E0334A24321268D1
:1096D0008243314B24331A60704739B12E4A2C3201
:1096E000126802432C4B2C331A6006E02A4A2C32B3
:1096F00012688243284B2C331A60704739B1264ACE
:10970000303212680243244B30331A6006E0224A9A
:10971000303212688243204B30331A607047012880
:1097200008D11D493C31096841F008011A4A3C3210
:10973000116007E018493C31096821F00801164A18
:109740003C321160704739B1134A273A127802430C
:10975000114B273B1A7006E00F4A273A12788243D2
:109760000D4B273B1A7070470B484030006840F0A3
:109770008070094940310860704701460020064A60
:10978000283A12680A400AB1012000E00020704720
:1097900001492639087070473438024010B5044634
:1097A000FA48844208D101211020FFF752FF00211E
:1097B0001020FFF74EFF57E0F548844209D1012100
:1097C0004804FFF735FF00214FF40030FFF730FF6A
:1097D0004AE0F048844209D101218804FFF728FFBC
:1097E00000214FF48020FFF723FF3DE0EA48844248
:1097F00009D10121C804FFF71BFF00214FF400200D
:10980000FFF716FF30E0E548844209D10121080541
:10981000FFF70EFF00214FF48010FFF709FF23E050
:10982000DF48844208D101212020FFF712FF0021E8
:109830002020FFF70EFF17E0DA48844209D101210A
:109840008807FFF7F5FE00214FF08040FFF7F0FE9C
:109850000AE0D548844207D101214005FFF7E8FE20
:1098600000216005FFF7E4FE10BD2DE9FF47054626
:109870000E460024A14600BFA046B08900B100BF3B
:109880002C8A24F44054F08804432C82AC8941F2A1
:109890000C608443B08831890843718908430443CC
:1098A000AC81AC8A24F44074B0890443AC8268462D
:1098B000FFF74FFDB548854202D0B948854202D135
:1098C000DDF80C9001E0DDF80890A88900F4004074
:1098D00040B109EBC90000EB091031684900B0FB49
:1098E000F1F707E009EBC90000EB091031688900C6
:1098F000B0FBF1F76420B7FBF0F00401200964210C
:1099000001FB1078A88900F4004040B1322000EB40
:10991000C800B0FBF1F000F00700044308E032207B
:1099200000EB08106421B0FBF1F000F00F000443DD
:109930002C81BDE8FF874FF4165101600021818022
:10994000C18001810C21418100218181704710B5C6
:1099500002460020108A20F470600B884C88234354
:109960008C882343CC8823431843108210BD0021E8
:10997000018041808180C180704721B1828942F499
:109980000052828104E082894DF6FF731A40828181
:109990007047028B02F47F420283028B0A430283E8
:1099A000704721B1828942F40042828103E08289BA
:1099B000C2F30E028281704721B1828A42F40062B2
:1099C000828204E0828A4FF2FF731A4082827047DB
:1099D000C1F308028280704701468888C0F30800FE
:1099E0007047028A4FF6F0731A400282028A0A43D5
:1099F0000282704721B1828942F00202828104E032
:109A000082894FF6FD731A408281704782894FF236
:109A1000FF731A40828182890A4382817047028AD9
:109A20004FF6DF731A400282028A0A4302827047AD
:109A300021B1028A42F48042028204E0028A4BF69B
:109A4000FF731A4002827047818941F001018181D0
:109A5000704721B1828A42F00802828204E0828A41
:109A60004FF6F7731A4082827047028BD2B202839C
:109A7000028B42EA01220283704721B1828A42F0BE
:109A80002002828204E0828A4FF6DF731A408282CB
:109A9000704721B1828A42F01002828204E0828AF9
:109AA0004FF6EF731A4082827047828A4FF6FB733B
:109AB0001A408282828A0A438282704721B1828A56
:109AC00042F00202828204E0828A4FF6FD731A405D
:109AD000828270471AB1838A0B43838202E0838AB1
:109AE0008B4383827047F0B503460024002600258F
:109AF000002040F66A17B94200D100BF1846C1F3F2
:109B0000421401F01F06012707FA06F5012C01D1C6
:109B10000C3004E0022C01D1103000E014301AB1F6
:109B200007682F43076002E00768AF430760F0BD96
:109B300002460020B1F5007F00D100BF13880B4022
:109B40000BB1012000E00020704701F40072B2F573
:109B5000007F00D100BFCA430280704770B5024643
:109B6000002400230025002040F66A16B14200D1EF
:109B700000BFC1F3421501F01F03012606FA03F3EB
:109B8000012D13D19689334017E0000000100140E9
:109B90000044004000480040004C0040005000409D
:109BA0000014014000780040007C0040022D02D1EA
:109BB000168A334001E0968A33400C12012606FAD9
:109BC00004F41688344013B10CB1012000E00020E9
:109BD00070BD10B50022002340F66A14A14200D1E6
:109BE00000BF0A1201249440A3B2DC43048010BDDC
:109BF00010B50446FE48844208D101210846FFF70B
:109C000028FD00210120FFF724FD9DE0B4F1804FE5
:109C100008D101210846FFF70BFD00210120FFF7C5
:109C200007FD91E0F348844208D101210220FFF7AB
:109C3000FFFC00210220FFF7FBFC85E0EE48844298
:109C400008D101210420FFF7F3FC00210420FFF7D5
:109C5000EFFC79E0E948844208D101210820FFF7B0
:109C6000E7FC00210820FFF7E3FC6DE0E4488442B4
:109C700008D101211020FFF7DBFC00211020FFF7A5
:109C8000D7FC61E0DF48844208D101212020FFF7A2
:109C9000CFFC00212020FFF7CBFC55E0DA488442BE
:109CA00008D101210220FFF7D4FC00210220FFF798
:109CB000D0FC49E0D548844209D101210804FFF7CE
:109CC000C8FC00214FF48030FFF7C3FC3CE0D048D3
:109CD000844209D101214804FFF7BBFC00214FF465
:109CE0000030FFF7B6FC2FE0CA48844209D10121B9
:109CF0008804FFF7AEFC00214FF48020FFF7A9FC99
:109D000022E0C548844208D101214020FFF790FCA1
:109D100000214020FFF78CFC16E0C048844208D1A7
:109D200001218020FFF784FC00218020FFF780FCC8
:109D30000AE0BB48844207D101218015FFF778FC77
:109D40000021A015FFF774FC10BD00220288A84B6B
:109D500098420ED0AC4B98420BD0B0F1804F08D057
:109D6000A44B984205D0A44B984202D0A34B9842F2
:109D700004D14FF68F731A404B881A43A04B984278
:109D800007D0A04B984204D04FF6FF431A400B89EE
:109D90001A4302804B68C3620B880385944B984238
:109DA00002D0994B984201D18B7A0386012383829A
:109DB00070474FF0FF3141600021018001814180F7
:109DC000817270470185828270470A4600210188AE
:109DD0004FF68F73194011430180704741627047FD
:109DE000C16270470146486A70470146088D704756
:109DF00021B1028842F00202028004E002884FF69C
:109E0000FD731A400280704721B1028842F00402BB
:109E1000028004E002884FF6FB731A40028070470C
:109E200021B1028842F08002028004E002884FF6ED
:109E30007F731A400280704702884FF6F7731A400A
:109E4000028002880A430280704702884FF6FF436F
:109E50001A40028002880A430280704721B10288BA
:109E600042F00102028004E002884FF6FE731A40BD
:109E70000280704770B5002400220023058C4FF645
:109E8000FE7635400584028C8388048B4FF68F75EF
:109E90002C40B51E2C400D882C43751E2A408D8900
:109EA0002A434D882A43524DA84202D0564DA8421B
:109EB00013D14FF6F7752A40CD892A434FF6FB752B
:109EC0002A408D882A434FF6FF652B404FF6FF55F9
:109ED0002B400D8A2B434D8A2B43838004838D684E
:109EE0004563028470BD70B5002400220023058CF8
:109EF0004FF6EF7635400584028C8388048B48F654
:109F0000FF752C404FF6FF452C400D884FF6FF762D
:109F100006EA05252C434FF6DF752A408D8906EAAF
:109F200005152A434D8806EA05152A43304DA842F7
:109F300002D0354DA8421DD14FF67F752A40CD89FC
:109F40004FF6FF7606EA05152A434FF6BF752A40FD
:109F50008D8806EA05152A434FF6FF352B404FF250
:109F6000FF752B400D8A06EA85052B434D8A06EACC
:109F700085052B43838004838D688563028470BDCF
:109F800070B5002400220023058C4FF6FF66354093
:109F90000584028C8388848B4FF68F752C404FF696
:109FA000FC752C400D882C434FF6FF552A408D89B7
:109FB0004FF6FF7606EA05252A434D8806EA052571
:109FC0002A430B4DA84202D00F4DA84238D14FF280
:109FD000FF752A40CD894FF6FF7606EA05252A430C
:109FE0004FF6FF352A408D8806EA05252A4319E0F9
:109FF000000001400004004000080040000C004048
:10A0000000100040001400400004014000400140E6
:10A01000004401400048014000180040001C00407E
:10A02000002000404EF6FF752B404DF6FF752B408B
:10A030000D8A06EA05152B434D8A06EA05152B43C2
:10A04000838084838D68C563028470BD70B50022EF
:10A0500000230024058C4EF6FF7635400584038CE2
:10A060008488828B48F6FF752A404FF6FF452A40C8
:10A070000D884FF6FF7606EA05252A434DF6FF7553
:10A080002B408D8906EA05352B434D8806EA0535B8
:10A090002B43FE4DA84202D0FD4DA84208D14BF6FD
:10A0A000FF752C400D8A4FF6FF7606EA85152C4386
:10A0B000848082838D680564038470BD00210180E3
:10A0C0004180818081608181C181018241827047AC
:10A0D00070B50346002000241846183001258D4035
:10A0E000ACB21D8CA5431D8409B108290AD100EB2F
:10A0F000610005684FF68F763540056005681543A9
:10A1000005600FE00D1FC5F34E052844056848F6AD
:10A11000FF763540056005684FF6FF7606EA0226B1
:10A120003543056070BD4163704781637047C1630B
:10A130007047016470470A460021018B4FF68F7308
:10A1400019401143018370470A460021018B48F6EC
:10A15000FF7319404FF6FF7303EA0223194301838B
:10A1600070470A460021818B4FF68F7319401143C7
:10A17000818370470A460021818B48F6FF7319409E
:10A180004FF6FF7303EA02231943818370470A469F
:10A190000021018B4FF6F77319401143018370477B
:10A1A0000A460021018B4FF2FF7319404FF6FF73EF
:10A1B00003EA02231943018370470A460021818B79
:10A1C0004FF6F77319401143818370470A46002107
:10A1D000818B4FF2FF7319404FF6FF7303EA02239E
:10A1E0001943818370470A460021018B4FF6FB73A8
:10A1F00019401143018370470A460021018B4FF635
:10A20000FF3319404FF6FF7303EA0223194301831A
:10A2100070470A460021818B4FF6FB7319401143AA
:10A22000818370470A460021818B4FF6FF33194026
:10A230004FF6FF7303EA02231943818370470A46EE
:10A240000021018B4FF67F73194011430183704742
:10A250000A460021018BC1F30E014FF6FF7303EA9A
:10A2600002231943018370470A460021818B4FF670
:10A270007F7319401143818370470A460021818B07
:10A28000C1F30E014FF6FF7303EA022319438183E2
:10A2900070470A460021018C4FF6FD7319401143A7
:10A2A000018470470A460021018C4FF6F77319406C
:10A2B0001143018470470A460021018C4FF6DF7379
:10A2C00019404FF6FF7303EA0213194301847047E4
:10A2D0000A460021018C4FF67F7319404FF6FF7339
:10A2E00003EA02131943018470470A460021018CD6
:10A2F0004FF6FF5319404FF6FF7303EA0223194349
:10A30000018470470A460021018C4FF2FF73194007
:10A310004FF6FF7303EA02231943018470470A468C
:10A320000021018C4DF6FF7319404FF6FF7303EACD
:10A33000023319430184704730B5002301248C4057
:10A34000A3B2048C9C430484048C02FA01F5ADB2E0
:10A350002C43048430BD30B5002304248C40A3B2C8
:10A36000048C9C430484048C02FA01F5ADB22C43A6
:10A37000048430BD828B4FF2FF331A408283828B7C
:10A380004FF6FF7303EA01231A4382837047F0B547
:10A390000C461546002100220026078C4EF6FF7C55
:10A3A00007EA0C070784818B028C4FF6FF7707EAD8
:10A3B000043640F6FF4739404FF6FF7707EA052796
:10A3C00039434FF6FF7707EA0337394345F6FF77FE
:10A3D0003A4046F480573A4381830284F0BD828B31
:10A3E0004FF6F3731A408283828B0A43828370474D
:10A3F000F0B50C461546002100220026078C4FF6CA
:10A40000FF6C07EA0C070784818B028C4FF6FF77FD
:10A4100007EA04264FF60C7739404FF6FF7707EA34
:10A4200003172F4339434FF2FF573A4046F48077E2
:10A430003A4381830284F0BD028B4FF2FF331A400E
:10A440000283028B4FF6FF7303EA01231A43028350
:10A450007047F0B50C461546002100220026078CF7
:10A460004FF6EF7C07EA0C070784018B028C4FF64E
:10A47000FF7707EA041640F6FF4739404FF6FF77AB
:10A4800007EA033739434FF6FF7703E00000014046
:10A490000004014007EA052739434FF65F773A4049
:10A4A00046F010073A4301830284F0BD028B4FF659
:10A4B000F3731A400283028B0A4302837047F0B59C
:10A4C0000C46154600210022068C4FF6FE773E40D2
:10A4D0000684018B028C4FF60C7631407E1C06EA16
:10A4E00003162E4331434FF6F576324044F0010611
:10A4F000324301830284F0BD70B505460C462088C6
:10A5000050B92389A28861882846FFF7D8FFE188DF
:10A510002846FFF7CBFF25E0208804280AD12389AD
:10A52000A28861882846FFF794FFE1882846FFF754
:10A5300083FF17E0208808280AD12389A288618830
:10A540002846FFF755FFE1882846FFF748FF09E056
:10A550002389A28861882846FFF719FFE1882846E9
:10A56000FFF708FF70BD002101804180012181803B
:10A570000021C180018170472DE9F04105460C465C
:10A5800000260127608808B9022600E00026A0887E
:10A59000012801D1022700E001272088A0B92389E2
:10A5A000A28861882846FFF78AFFE1882846FFF7DE
:10A5B0007DFF23893A4631462846FFF74AFFE18866
:10A5C0002846FFF739FF13E02389A28861882846CF
:10A5D000FFF73FFFE1882846FFF72EFF23893A4621
:10A5E00031462846FFF76BFFE1882846FFF75EFFFC
:10A5F000BDE8F0810146486B70470146886B7047A3
:10A600000146C86B70470146086C70470A884B8842
:10A610001A438B881A43CB881A430B891A434B89F8
:10A620001A438B891A43A0F8442070470021018007
:10A6300041808180C180018141818181704731B138
:10A64000B0F8442042F40042A0F8442005E0B0F8FD
:10A650004420C2F30E02A0F84420704721B1828842
:10A6600042F00402828004E082884FF6FB731A40B5
:10A670008280704721B1828842F00102828004E02A
:10A6800082884FF6FE731A40828070471AB1838920
:10A690000B43838102E083898B43838170478182EE
:10A6A000704702460020138A0B400BB1012000E0E6
:10A6B00000207047CA430282704730B5024600202E
:10A6C00000230024158A05EA0103958905EA01049F
:10A6D00013B10CB1012000E0002030BDCA4302825A
:10A6E000704741EA0203A0F8483070471AB18389E5
:10A6F0000B43838102E083898B438381704721B1BF
:10A70000828842F00802828004E082884FF6F77364
:10A710001A408280704701894FF6F872114001811A
:10A7200070470A46002101894FF68F731940114383
:10A730000181704730B504460D4629462046FFF793
:10A74000F0FF208940F00700208130BD2DE9F04165
:10A7500004460D4616461F46602D06D13B46012293
:10A7600031462046FFF775FE05E03B4601223146A3
:10A770002046FFF7A4FE29462046FFF7D2FF208996
:10A7800040F007002081BDE8F08130B50C46002183
:10A790000189C9B24FF6FF7505EA03251543254324
:10A7A0002943018130BD2DE9F04105460E4617468B
:10A7B0009846002443463A4631462846FFF7E5FFCF
:10A7C0002C894FF6F870044044F007044FF68F7060
:10A7D000044044F070042C81BDE8F081F0B50446DB
:10A7E0000D4616461F463B46324629462046FFF791
:10A7F000CCFF208940F480402081F0BD82884FF654
:10A800008F731A40828082880A438280704702894F
:10A810004FF6F8731A40028102890A430281704799
:10A8200002894FF67F731A40028102890A4302812E
:10A830007047F0B50C4615461E4600210022002345
:10A840000189028B038C4FF6F877394021434FF68C
:10A85000FC473A4040F201173A434FF6DD773B4060
:10A860004FF6FF7707EA06172F433B430181028328
:10A870000384F0BD21B1828842F08002828004E02E
:10A8800082884FF67F731A4082807047A0F850107C
:10A890007047000010B501210802FEF7DAFE002122
:10A8A0004FF48070FEF7D5FE10BD30B50246002093
:10A8B00000235068F84C20400D790C6844EA0524C8
:10A8C000204350609068F54C2040D1E903542C435C
:10A8D0008D682C434D7944EA450420439060D06A4A
:10A8E00020F470000C7D641EE4B2234340EA035060
:10A8F000D06230BD00210160017141718160C16091
:10A9000001610121017570470021E54A1168E54A9E
:10A910001140D0E900231A4383681A43C3681A43DD
:10A920001143E14AC2F804137047002101604160FD
:10A930008160C160704721B1826842F0010282608B
:10A9400003E0826822F00102826070470A4600211B
:10A950004168D64B194011434160704741628262A1
:10A9600070470A460021416821F01F0111434160F0
:10A97000704738B1CA49096841F40001CA4AC2F8AF
:10A98000041306E0C649096821F40001C64AC2F86A
:10A990000413704738B1C249096841F48001C24AC2
:10A9A000C2F8041306E0BE49096821F48001BE4ADA
:10A9B000C2F804137047F0B504460D46002000218C
:10A9C000092D11DDE068A5F10A0606EB460707260A
:10A9D00006FA07F18843A5F10A0606EB460603FAD4
:10A9E00006F10843E0600CE0206905EB4507072607
:10A9F00006FA07F1884305EB450603FA06F108431A
:10AA00002061072A0FDA606B561E06EB86071F26A9
:10AA100006FA07F18843561E06EB860605FA06F18C
:10AA20000843606322E00D2A0FDA206BD61F06EB85
:10AA300086071F2606FA07F18843D61F06EB86060F
:10AA400005FA06F10843206310E0E06AA2F10D0662
:10AA500006EB86071F2606FA07F18843A2F10D06CA
:10AA600006EB860605FA06F10843E062F0BD816850
:10AA700041F0804181607047014600208A6802F001
:10AA800080420AB1012000E00020704721B18268B5
:10AA900042F48062826003E0826822F48062826015
:10AAA000704721B1826842F00202826003E082684E
:10AAB00022F002028260704710B50A46002100238E
:10AAC000416821F46041531E41EA4331416010BDA9
:10AAD00021B1426842F40062426003E0426822F41D
:10AAE0000062426070470146C86C80B270476C4893
:10AAF000001D0068704721B1826842F48072826054
:10AB000003E0826822F480728260704721B182681B
:10AB100042F40072826003E0826822F40072826074
:10AB2000704738B15E49096841F400515E4AC2F885
:10AB3000041306E05A49096821F400515A4AC2F840
:10AB400004137047F0B50446154600200022002685
:10AB5000092911DDE068A1F10A0707EB470C072777
:10AB600007FA0CF29043A1F10A0707EB470703FA33
:10AB700007F21043E0600CE0206901EB410C07276D
:10AB800007FA0CF2904301EB410703FA07F2104376
:10AB90002061A06BC0F30156EF1C06F1010CA7EB7E
:10ABA0000C0707EB870C1F2707FA0CF29043EF1CEA
:10ABB00006F1010CA7EB0C0707EB870701FA07F278
:10ABC0001043A063F0BD10B50A4600210023816B3D
:10ABD00021F44011531E41EA0351816310BD08B5B1
:10ABE000002300930090009B0B440093009B1A608D
:10ABF00008BD0A460021816821F47021114381605B
:10AC000070470A460021816821F440111143816098
:10AC10007047816841F480018160704701460020DF
:10AC20008A6802F480020AB1012000E00020704727
:10AC300021B1426842F48062426003E0426822F43B
:10AC400080624260704721B1426842F480524260A3
:10AC500003E0426822F480524260704708B5024621
:10AC600000200090009201F12800009B1844009001
:10AC70000098006880B208BD10B50B460021D9B21B
:10AC8000012404FA01F11AB144680C43446002E063
:10AC900044688C43446010BDFFFEFFFCFDF7FFC01D
:10ACA00004230140E030FCFF00200140FFFD3FFF96
:10ACB0000246002013680B400BB1012000E0002089
:10ACC0007047CA430260704770B5024600200023F7
:10ACD00000240B12556801268E4005EA060415680B
:10ACE0001D4015B10CB1012000E0002070BD002214
:10ACF0000A12D34303607047016821F0010101602B
:10AD00000021016041608160C160016121214161D8
:10AD1000DB49884204D13D21D94A103A91608CE048
:10AD2000D7491831884205D14FF47461D44A103A9A
:10AD3000916082E0D2493031884205D14FF47411DC
:10AD4000CF4A103A916078E0CD494831884205D128
:10AD50004FF07461CA4A103A91606EE0C8496031A0
:10AD6000884204D1C749C64A103AD16065E0C44957
:10AD70007831884204D1C449C14A103AD1605CE0BC
:10AD8000BF499031884204D1C049BD4A103AD160D0
:10AD900053E0BB49A831884205D14FF03D51B84A34
:10ADA000103AD16049E0BA49884204D13D21B84AFD
:10ADB000083A116041E0B6491831884205D14FF494
:10ADC0007461B34A083A116037E0B14930318842C2
:10ADD00005D14FF47411AE4A083A11602DE0AC4928
:10ADE0004831884205D14FF07461A94A083A116090
:10ADF00023E0A7496031884204D1A249A44A121F26
:10AE000011601AE0A2497831884204D19E49A04AD3
:10AE1000121F116011E09E499031884204D19B4974
:10AE20009B4A121F116008E09949A831884204D159
:10AE30004FF03D51964A121F1160704710B5002225
:10AE40000268944B1A40CC680B6823434C69234337
:10AE50008C692343CC6923430C6A23434C6A234304
:10AE60008C6A23434C6B23438C6B23431A4302604D
:10AE7000426922F00702D1E90B3423431A434261AD
:10AE80000B6943604B6883608B68C36010BD002111
:10AE9000016041608160C160016141618161C161A6
:10AEA000016241628162C1620163416381637047F3
:10AEB00021B1026842F00102026003E0026822F060
:10AEC00001020260704721B1026842F40042026050
:10AED00003E0026822F400420260704721B1026878
:10AEE00042F02002026003E0026822F020020260C9
:10AEF0007047416070470146486880B2704722B190
:10AF0000036843F40023036003E0036823F4002391
:10AF100003600161704721B1026842F4802202603F
:10AF200003E0026822F48022026070470AB10161E6
:10AF300000E0C1607047014600200A6802F4002268
:10AF40000AB1012000E000207047014600200A6895
:10AF500002F001020AB1012000E000207047014622
:10AF600000204A6902F03800704730B503460A46AF
:10AF700000200024464DAB4202D24149103901E085
:10AF80004349103902F000550DB14C6800E00C68DF
:10AF9000414D2C4004EA02050DB1012000E00020E3
:10AFA00030BD02463A4B9A4202D23548103801E091
:10AFB0003748103801F000531BB1374B0B40C360CA
:10AFC00002E0354B0B408360704710B501F0800301
:10AFD0004BB122B1436943F08003436103E043690D
:10AFE00023F08003436180290BD02AB1036801F06C
:10AFF0001E042343036004E0036801F01E04A3431E
:10B00000036010BD70B50246002000240025204ECC
:10B01000B24202D21A4B103B01E01D4B103B1F4EB7
:10B020000E4036B11E2606EAD124166806EA04054B
:10B0300002E0566906F0800501F000560EB15C682A
:10B0400000E01C68144E344004EA010616B10DB14C
:10B05000012000E0002070BD02460D4B9A4202D252
:10B060000748103801E00A48103801F000531BB1BE
:10B07000094B0B40C36002E0074B0B4083607047F5
:10B08000106002403D000020400F002000003D20E5
:10B09000106402403F801CF07D0F7D0F3C0F3C0F81
:10B0A00010B501214807FEF7C3FA00214FF0005008
:10B0B000FEF7BEFA10BD30B5002200237B4C22689B
:10B0C00040F6FE748440A243D1E900452C438D68CC
:10B0D0002C43CD6844EA050303FA00F42243734C81
:10B0E000226030BD0021016041608160C160704715
:10B0F00039B16E4A1268012383401A436B4B1A60C0
:10B1000006E06A4A1268012383409A43674B1A603B
:10B11000704710B551B1654A121D12680409012328
:10B12000A3401A43614B1B1D1A6009E05F4A121DC0
:10B13000126804090123A3409A435C4B1B1D1A604B
:10B1400010BD40B15949091D096841F00301574A32
:10B15000121D116007E05549091D096821F003011E
:10B16000524A121D1160704710B53AB14F4B1B681F
:10B1700001FA00F423434D4C236006E04B4B1B685F
:10B1800001FA00F4A343494C236010BD08B5002226
:10B190000092464A009200F10802009B1A44009275
:10B1A000009A116008BD08B5002200923F4A009243
:10B1B00000F11402009B1A440092009A116008BD2D
:10B1C00030B500240023082802D142EA012401E01E
:10B1D00042EA0144354B00F120052B441C6030BD90
:10B1E00008B5014600200090304800902C2000EB6C
:10B1F0009100009A104400900098006880B208BD49
:10B2000041B12A4A12684FF4805383401A43274BB6
:10B210001A6007E0254A12684FF4805383409A432E
:10B22000224B1A60704710B53AB1204B1B6801FAE7
:10B2300000F423431D4C236006E01C4B1B6801FAFD
:10B2400000F4A343194C236010BD10B50246002042
:10B25000164B34331B6801FA02F423400BB1012072
:10B2600000E0002010BD01FA00F2104B34331A60E8
:10B27000704730B50246002000230C4C246801FAC8
:10B2800002F504EA0503094C3434246801FA02F596
:10B290002C4014B10BB1012000E0002030BD01FAB8
:10B2A00000F2024B34331A60704700000074004013
:10B2B00010B50121C802FEF7CCF900214FF400605F
:10B2C000FEF7C7F910BD00216C4A116847F6FF620E
:10B2D0009143027D83681A4343681A43C3681A4343
:10B2E00003681A4303691A431143644A11607047A3
:10B2F00000210175016041608160C160016170479A
:10B300005F49086070475D49091F086070475B48E6
:10B31000001F006800F0030070470021574B1B1D01
:10B3200002681A601A1D11686FF30A01D0E901233F
:10B330001A43C3681A4303691A4311434F4A083238
:10B34000116070470021016041608160C16001614E
:10B3500070474A480C300068C0B2704708B50146D3
:10B360000020009045481030084400900098006884
:10B3700008BD0021414B203302681A601B1D426842
:10B380001A601A1D116821F0F701D0E902231A434F
:10B3900003691A4343691A431143384A283211603A
:10B3A00070474FF0FF310160002141608160C16052
:10B3B00001614161704731482C30006870472F4867
:10B3C0007C30006870472D497C31086070472B48FD
:10B3D0004430006870472B49086070472949091DAF
:10B3E00008607047274908310860704725490C31CB
:10B3F000086070472449086070472349091D0860A8
:10B40000704701218143204A0832116070471E496C
:10B410000C31086070471B4914390860704739B116
:10B42000164A383212680243144B38331A6006E069
:10B43000124A383212688243104B38331A60704710
:10B44000014600200D4A303212680A400AB101203C
:10B4500000E0002070470949343108607047014618
:10B460000020064A303212680A400AB1012000E08A
:10B47000002070470149343108607047042C0140B6
:10B48000A0802542A0852542AC812542014609B90C
:10B49000002070470120FCE770B505461DB9FBF799
:10B4A0006DFF044600BF00BF0CB1012070BD00203D
:10B4B000FCE72DE9F04105460E4617461C464FF0C5
:10B4C000000814B90420BDE8F08195B9E2B239460C
:10B4D0003046FCF7B5FF804607E0FBF74FFFE2B2CE
:10B4E00039463046FCF7ACFF8046B8F1000FF4D186
:10B4F00002E04FF0010800BF00BFB8F1000F01D11A
:10B500000020E0E70120DEE72DE9F04105460E4688
:10B5100017461C464FF0000814B90420BDE8F0811E
:10B5200095B9E2B239463046FCF7E8FF804607E0BD
:10B53000FBF724FFE2B239463046FCF7DFFF8046D6
:10B54000B8F1000FF4D102E04FF0010800BF00BFD6
:10B55000B8F1000F01D10020E0E70120DEE72DE97E
:10B56000F04706468946154646BBB9F1000F09D09B
:10B57000B9F1010F13D0B9F1020F05D0B9F1030FE2
:10B5800019D106E0002418E04FF400702860002470
:10B5900013E00D48B0F85000288000240DE00A4860
:10B5A0004FF400720023D0E91271384602F0EEFA2F
:10B5B0002860002401E0042400BF00E001242046AC
:10B5C000BDE8F0870020704790550020014648787C
:10B5D0000A7842EA002070470146C8788A7842EA31
:10B5E00000204A7842EA00200A7842EA00207047A8
:10B5F00000F8011B091200F8011B704700F8011B3D
:10B60000090A00F8011B090A00F8011B090A00F8E1
:10B61000011B70470146F848007888420FDCF64865
:10B620004078884201DB01207047F34880788842E7
:10B6300005DCF148C078884201DB0120F4E70020F6
:10B64000F2E70146EC480079884219DCEA48407983
:10B65000884201DB01207047E7488079884205DC99
:10B66000E548C079884201DB0120F4E7E248007A2E
:10B67000884205DCE048407A884201DB0120EAE7A5
:10B680000020E8E770B5044600252079E8B160782D
:10B69000012304F13001E26AFFF736FFA0B9002070
:10B6A0002071216AE06A401AA16988420DD2E078CF
:10B6B00002280AD1A369E16ACA186078012304F15B
:10B6C0003001FFF721FF00E00125284670BD70B56D
:10B6D00004460D460026E06AA84210D02046FFF737
:10B6E000D1FF06465EB9607801232A4604F1300195
:10B6F000FFF7DFFE10B14FF0FF350126E56230465F
:10B7000070BD70B504462046FFF7BCFF0546002D0E
:10B7100037D1607901282DD100206071207803286D
:10B7200028D14FF4007104F1300002F079FAB349E6
:10B7300004F13000FFF762FFB14904F50570FFF72F
:10B740005DFF04F506702169FFF758FF04F50770E7
:10B75000E168FFF753FFAB4904F22220FFF74EFFE9
:10B76000E169491C0A46E1626078012304F1300175
:10B77000FFF7CAFE607800221146FFF7F0FE00B125
:10B780000125284670BD0246891E5069801E8842E8
:10B7900001D8002070475389906A03FB0100F9E744
:10B7A0002DE9F04781460C46D9F80050022C02D30F
:10B7B0006869A04202D84FF001085EE04FF0FF3800
:10B7C0002878012804D002282CD0032851D13CE04D
:10B7D000264606EB5606286A00EB56212846FFF758
:10B7E00076FF00B148E03046761CC0F3080105F151
:10B7F0003000475C286A00EB56212846FFF767FFB8
:10B8000000B139E0C6F3080105F13000405C47EAB9
:10B81000002704F0010008B1380901E0C7F30B006C
:10B82000804629E0286A00EB14212846FFF74FFFE5
:10B8300000B121E040F2FF1101EA440205F13001BC
:10B840005018FFF7C3FE804616E0286A00EBD411BB
:10B850002846FFF73CFF00B10EE040F2FF1101EA7D
:10B86000840205F130015018FFF7B6FE20F0704851
:10B8700002E04FF0010800BF00BF4046BDE8F0877E
:10B880002DE9F04704460D4616464FF00209022DF9
:10B8900074D36069A84271D92078012804D00228A5
:10B8A00049D003280DD15EE02F4607EB5707206AE9
:10B8B00000EB57212046FFF70AFF8146B9F1000F40
:10B8C00000D075E038467F1CC0F3080104F1300059
:10B8D00001EB000805F0010028B1F1B298F8000072
:10B8E00061F31F1000E0304688F80000012020714D
:10B8F000206A00EB57212046FFF7E9FE8146B9F1A7
:10B90000000F00D054E0C7F3080104F1300001EB50
:10B91000000805F0010010B1C6F3071006E098F822
:10B92000000000F0F000C6F30321084388F800008F
:10B93000012020713CE0206A00EB15212046FFF732
:10B94000C6FE8146B9F1000F00D031E0B1B240F23D
:10B95000FF1202EA450304F130029818FFF748FE8F
:10B960000120207124E0206A00EBD5112046FFF76A
:10B97000AEFE8146B9F1000F01D019E019E040F2A6
:10B98000FF1101EA850204F130015018FFF724FE8F
:10B9900066F31B00064640F2FF1101EA850204F13E
:10B9A000300150183146FFF729FE0120207100BFF9
:10B9B00000BF4846BDE8F0872DE9F04781460E46B6
:10B9C00017464FF00008D9F80040022E02D36069F4
:10B9D000B04202D80220BDE8F087AFB100BF4FF0FF
:10B9E000FF3239462046FFF74BFF8046B8F1000F83
:10B9F0000AD04046EFE7000030FE00085252614195
:10BA000072724161000055AA00BF31464846FFF7F7
:10BA1000C7FE054605B922E0012D01D10220DAE773
:10BA2000681C08B90120D6E7002231462046FFF7FE
:10BA300027FF8046B8F1000F01D04046CBE7D4E99C
:10BA40000410801E814206D22069401C206160796A
:10BA500040F0010060712E466069B042D5D800BF49
:10BA60000020B8E72DE9F04782468846DAF8004022
:10BA7000B8F1000F06D1E76817B16069B84215D870
:10BA8000012713E041465046FFF78AFE0546022D86
:10BA900002D20120BDE8F087681C08B92846F9E702
:10BAA0006069A84201D92846F4E74746206908B9E9
:10BAB0000020EFE70026474518D17E1C6069B042A0
:10BAC00000D8022631465046FFF76AFE0546012D92
:10BAD00001D0681C08B92846DCE73DB1E568022DB5
:10BAE00003D36069A84200D92F460026E6B93E4636
:10BAF00000BF761C6069B04204D80226BE4201D95C
:10BB00000020C7E731465046FFF74AFE054605B913
:10BB100009E0012D01D0681C08B92846BAE7BE42E9
:10BB2000E7D10020B6E700BF4FF0FF323146204694
:10BB3000FFF7A6FE8146B9F1000F08D1B8F1000F5A
:10BB400005D0324641462046FFF79AFE8146B9F1BC
:10BB5000000F0FD1E6602069A0B1D4E90410801E67
:10BB600081420FD82069401E2061607940F00100B9
:10BB7000607107E0B9F1010F02D14FF0FF3000E032
:10BB800001200646304685E72DE9F0470446894600
:10BB90002046FFF777FD10B10120BDE8F087494648
:10BBA0002046FFF7F0FD0646E6624FF4007104F10F
:10BBB000300002F035F804F130080127002500E0DC
:10BBC0003D446089A84207D9721960783B464146D6
:10BBD000FFF79AFC0028F3D06089A84201D0012029
:10BBE000DBE70020D9E72DE9F04104460D46266841
:10BBF000B5F5001F02D205F01F0010B10220BDE80C
:10BC0000F0812561A7681FB93078032800DB776AC7
:10BC100047B93089B0EB551F01D80220EFE7706AB1
:10BC2000A0611CE070894FEA402811E039462046A7
:10BC3000FFF7B6FD0746781C08B90120DFE7022FA1
:10BC400002D37069B84201D80220D8E7A5EB0805F5
:10BC50004545EBD239463046FFF795FDA061676157
:10BC6000A06908B90220CAE7A06900EB5520A061CD
:10BC7000C5F3080106F130000844E0610020BEE78A
:10BC80002DE9F041044688462768206900F1200626
:10BC9000B6F5001F01D30020A061A06910B90420EF
:10BCA000BDE8F081C6F30800002845D1A069401C1A
:10BCB000A061606938B93889B0EB561F3CD80020C4
:10BCC000A0610420ECE77889401E00EA562098BB6A
:10BCD00020466169FFF764FD0546012D01D8022069
:10BCE000DEE7681C08B90120DAE77869A8421DD8A8
:10BCF000B8F1000F03D10020A0610420D0E7204656
:10BD00006169FFF7AFFE05460DB90720C8E7012DB1
:10BD100001D10220C4E7681C08B90120C0E7294608
:10BD20003846FFF731FF08B10120B9E765612946C0
:10BD30003846FFF728FDA0612661C6F3080107F128
:10BD400030000844E0610020AAE72DE9F0410446F4
:10BD50000E46D4F8008000212046FFF744FF054638
:10BD6000EDB9002700BF4046A169FFF7B0FC0546CA
:10BD700005B113E0E0690078E52802D0E0690078B9
:10BD800020B9781C0746B04201D107E00027012105
:10BD90002046FFF775FF0546002DE4D000BF042DB7
:10BDA00000D107252846BDE8F08170B505460C4650
:10BDB00004F11A00FFF70AFC06462878032805D18B
:10BDC00004F11400FFF702FC46EA0046304670BD5D
:10BDD00070B506460C461546A9B204F11A00FFF7E5
:10BDE00007FC3078032804D1290C04F11400FFF774
:10BDF000FFFB70BD2DE9F047044688460425D4F8C2
:10BE0000009027E04846A169FFF761FC054605B1AF
:10BE100023E0E06906780EB904251EE0E069C07AE7
:10BE200000F03F07A771E52E0DD02E2E0BD00F2F5F
:10BE300009D027F02000082801D1012000E00020CF
:10BE4000404500D109E000212046FFF719FF0546D3
:10BE500005B102E0A0690028D4D100BF0DB10020D7
:10BE6000A0612846BDE8F0872DE9F0410446276827
:10BE700000212046FFF7B7FE054615B12846BDE86C
:10BE8000F08100BF3846A169FFF721FC054605B1E6
:10BE90001DE0E06906780EB9042518E0E069C07A73
:10BEA00000F03F00A071E069C07A00F0080038B9E6
:10BEB0000B2204F12001E06901F0D5FE00B906E093
:10BEC00000212046FFF7DCFE0546002DDAD000BF3A
:10BED0002846D4E770B50446266801212046FFF7BE
:10BEE00034FF0546ADB93046A169FFF7F0FB0546C2
:10BEF0007DB92021E06901F093FEE069216A0160CB
:10BF0000616A4160218D018194F82A1081720120BB
:10BF10003071284670BD70B5044626683046A16968
:10BF2000FFF7D5FB054625B9E520E169087001203A
:10BF30003071284670BD2DE9F04105460C460020C1
:10BF40006072A86908B9BDE8F081002637461CE098
:10BF50003046761CEA6912F80080B8F1200F00D153
:10BF600013E0B8F1050F01D14FF0E508092E05D116
:10BF70002E2238467F1C04F109010A5438467F1CE2
:10BF800004F1090101F8008000BF0B2EE0D300216D
:10BF900004F10900C155E869C07A00F03F00207241
:10BFA000E96901F11C00FFF717FB2060E96901F165
:10BFB0001600FFF70BFBE080E96901F11800FFF7BD
:10BFC00005FBA08000BFBEE72DE9F35F8946D9F8E5
:10BFD0000080009800F1200520220B21284601F066
:10BFE00018FE0020074606464FF0080B00BF3046FB
:10BFF000761C18F80040202C00DC4AE02F2C01D0E1
:10C000005C2C0AD100E0761C18F806002F28FAD024
:10C0100018F806005C28F6D03BE02E2C01D05F45D6
:10C020000BD3BBF10B0F01D02E2C02D00620BDE8A4
:10C03000FC9F08274FF00B0BD9E72046FFF7EAFAE1
:10C04000A8B13046761C18F800A05046FFF7F9FA60
:10C0500018B1ABF10100B84201D80620E7E7384635
:10C060007F1C2C5438467F1C05F800A010E02146A8
:10C07000F8A001F0E0FD08B10620D8E7612C04DB50
:10C080007A2C02DCA4F12000C4B238467F1C2C5468
:10C09000ADE700BF08EB0600C9F800000FB90620A5
:10C0A000C5E72878E52801D105202870202C03DD7C
:10C0B00018F80600202801DC042000E00020E872C7
:10C0C0000020B4E72DE9F3410446276802E0019817
:10C0D000401C0190019800782F28F8D00198007832
:10C0E0005C28F4D00020A06001980078202808D2B5
:10C0F00080212B20015500212046FFF774FD0546C5
:10C100002CE000BF01A92046FFF75EFF054605B100
:10C1100023E02046FFF7A8FE05462B20065D3DB133
:10C12000042D04D100BF06F0040000B9052514E079
:10C1300006F0040000B110E0A07900F0100008B98A
:10C1400005250AE0208AC0F3080207F13000111823
:10C150003846FFF72AFEA060D4E700BF2846BDE8B6
:10C16000FC8130B5044620680146024611B94FF003
:10C17000FF3030BD00BF12F8013B212B01D33A2B19
:10C18000F9D13A2B14D101250878302808DB08783A
:10C19000392805DC881C904202D10878A0F13005CE
:10C1A000012D02DB4FF0FF30E3E722602846E0E795
:10C1B0000020DEE72DE9F04104468846002020718A
:10C1C000401EE06241462046FFF781FA10B104208C
:10C1D000BDE8F08104F22E20FFF7F8F9074694F845
:10C1E0003050EB2D03D0E92D01D0E82D43D14AF694
:10C1F0005520874208D108229AA104F1820001F05B
:10C2000032FD08B90020E3E704F13B00FFF7DEF957
:10C2100006463D20055D701E304060BBB6F5007FD0
:10C2200029DBB6F5007F26DC2DB3681E284010BB45
:10C2300004F13E00FFF7CAF9E8B14020005D401E5E
:10C24000012818D804F14100FFF7C0F998B104F1B2
:10C250004300FFF7BBF9802806DA04F15000FFF72E
:10C26000BBF9B0F5803F06D304F14600FFF7AEF905
:10C2700008B10020ACE74AF65520874201D10220E0
:10C28000A6E70320A4E72DE9FF4107460D4600215C
:10C290003846FFF78FFF0646022E06D0032E00D247
:10C2A0001DB9304604B0BDE8F08100BF00240AE0AB
:10C2B00007F5F77101EB041101F10800FFF78CF9A4
:10C2C0004DF82400641C042CF2D30DB1681E00E06C
:10C2D0000020044600BF5DF8240028B15DF824105A
:10C2E0003846FFF767FF00E0032006462DB9022E0F
:10C2F00003D3601C04460428EDD33046D2E72DE971
:10C30000F74F84B00021059801600498FFF729FFDA
:10C3100003900398002803DA0B2007B0BDE8F08FE4
:10C320005349039851F820400CB90C20F5E70598C3
:10C330000460069800F0FE000690207878B16078DE
:10C34000FFF7A4F8074607F0010040B9069820B1AE
:10C3500007F0040008B10A20DFE70020DDE7002035
:10C3600020706078FFF798F8074607F0010008B1E1
:10C370000320D2E7069820B107F0040008B10A2094
:10C38000CBE700212046FFF77EFF0546042D01D1B3
:10C390000120C2E7022D01D30D20BEE7D4F82C9076
:10C3A00004F13B00FFF712F9B0F5007F01D00D203A
:10C3B000B3E704F14600FFF709F9064626B904F190
:10C3C0005400FFF709F90646A6614020005DE070C1
:10C3D000E078012804D0E078022801D00D209CE705
:10C3E000E07846433D20005D6081608918B1608936
:10C3F000411E084008B10D208FE704F14100FFF70E
:10C40000E5F82081207A00F00F0008B10D2084E7C4
:10C4100004F14300FFF7DAF88246BAF1000F04D1C5
:10C4200004F15000FFF7D8F8824604F13E00FFF710
:10C43000CDF88346BBF1000F01D10D206DE70BEB6A
:10C440000600218900EB111002900298824511D25A
:10C450000D2062E72A2B2C3A3B3C3D3E5B5D7C2263
:10C460003F7F00004641543332202020000000006E
:10C47000B40000200298AAEB00006189B0FBF1F83B
:10C48000B8F1000F01D10D2047E70025F74880459E
:10C4900000D803254FF6F570804500D8022540F6F8
:10C4A000F570804500D801250DB90D2035E708F15C
:10C4B00002006061C4F81C9009EB0B002062029836
:10C4C0004844A062032D13D104F15A00FFF77EF80F
:10C4D00008B10D2021E7208908B10D201DE704F1E6
:10C4E0005C00FFF779F8606260698000019014E0F9
:10C4F000208908B90D2010E7206A30446062022DBF
:10C5000002D16069400007E0207D00F00100616910
:10C5100001EB410100EB51000190A169019800F28B
:10C52000FF10B1EB502F01D20D20F6E64FF0FF3097
:10C530002061E06080206071032D2CD104F1600047
:10C54000FFF744F8012826D109F101012046FFF741
:10C55000BEF800BB0020607104F13000FFF73CF82A
:10C56000C349884217D104F50570FFF735F8C14972
:10C57000884210D104F22220FFF72EF8BE498842EB
:10C5800009D104F50670FFF727F8206104F507705C
:10C59000FFF722F8E0602570B8480088401C80B2A0
:10C5A000B6490880E0800020B7E670B504460D4625
:10C5B00009268CB1206878B12068007860B1A08825
:10C5C0002168C988884207D121684878FEF75EFF54
:10C5D00000F0010000B900260EB9206800E000203C
:10C5E0002860304670BDF7B582B0164603980190BA
:10C5F00001A8FFF7B6FD0446002C02DA0B2005B0B7
:10C60000F0BD9F4850F8245025B100209C4941F8C6
:10C6100024002870029840B102994C7000200299C1
:10C6200008709749029841F824000EB90020E6E707
:10C63000002202A903A8FFF762FE07463846DEE79C
:10C640002DE9F74F8EB0044616461CB9092011B0EB
:10C65000BDE8F08F06F03F06324602A90FA8FFF7AB
:10C660004EFE0546002D70D10298039003A80F9945
:10C67000FFF728FD05462DB99DF8370000F0800032
:10C6800000B1062506F01C00002856D045B1042D47
:10C6900003D103A8FFF71EFC054646F008060AE092
:10C6A0009DF8120000F0110008B1072503E006F024
:10C6B000040000B10825002D51D106F00800002823
:10C6C0004DD0FEF77FFF01900A9901F10E0001990C
:10C6D000FEF794FF0A9901F116000199FEF78EFF0B
:10C6E0000A990298FFF761FB814620200A99C872D7
:10C6F00000220A990298FFF76BFB0A9901F11C00CE
:10C700000021FEF77BFF012002990871B9F1000FAB
:10C7100025D00298D0F82CA00022494603A8FFF7A4
:10C720004BF90546DDB951460298FEF7D0FF0546A4
:10C73000A9F101000299C86011E085B99DF81200C5
:10C7400000F0100010B1042509E05DE006F00200E1
:10C7500028B19DF8120000F0010000B107254DB985
:10C7600006F0080008B146F040060298C06A206250
:10C770000A986062002D55D10A990298FFF715FBBF
:10C78000A0600A9901F11C00FEF726FFE060029804
:10C7900020600298C088A080267400206074E06148
:10C7A00060614FF4007104F1280001F039FA06F0DD
:10C7B000200048B3E06838B3E068606102984089BF
:10C7C0004FEA402BA768D4F80C800CE0394620468D
:10C7D000FEF7E6FF0746012F00D80225781C00B9B6
:10C7E0000125A8EB0B080DB9D845EFD8A7615DB9B5
:10C7F000C8F3080040B139460298FEF7C4FF8246EC
:10C80000BAF1000F01D102250CE00AEB5820E061DB
:10C81000E26902994878012304F12801FEF749FEF4
:10C8200000B101250DB10020206028460FE72DE959
:10C83000FF4F85B0044615469A46DDF818B0002033
:10C84000CAF8000003A92046FFF7AFFE0490049841
:10C8500010B9607C049018B1049809B0BDE8F08F5D
:10C86000207C00F0010068B90720F6E7F5FFFF0F14
:10C870005252614172724161000055AAB800002015
:10C88000B40000206169E068401A01900198854277
:10C8900000D9019DA0E0A08AC0F3080000287ED145
:10C8A00003984089401E616900EA5129B9F1000FDF
:10C8B00017D1606910B9A068029004E02046A16910
:10C8C000FEF76EFF02900298022802D202206074E6
:10C8D000C3E70298401C10B901206074BDE70298BC
:10C8E000A061A1690398FEF74EFF064616B9022023
:10C8F0006074B2E74E444FEA5528B8F1000F29D0D2
:10C9000009EB080003994989884203D903984089B3
:10C91000A0EB090803994878434632465946FEF78A
:10C92000C8FD10B10120607497E7207C00F0800002
:10C9300068B1E069801B404509D2E169891B0BEBB6
:10C9400041204FF4007204F1280101F050F94FEA40
:10C95000482737E0E069B04220D0207C00F080001A
:10C9600078B1E26903994878012304F12801FEF7C0
:10C97000CBFD10B1012060746FE7207C00F07F00D8
:10C980002074039948780123324604F12801FEF708
:10C9900090FD18B1012060745FE700E0E661A08AB5
:10C9A000C0F30800C0F50077AF4200D92F46A08A37
:10C9B000C0F3080204F1280011183A46584601F065
:10C9C00016F900BFED1BDAF800003844CAF8000081
:10C9D000BB44606938446061002D7FF45CAF002087
:10C9E0003BE72DE9FF4F83B0044615469B4604986C
:10C9F00000900020CBF8000001A92046FFF7D5FDEC
:10CA00000290029810B9607C029018B1029807B0A9
:10CA1000BDE8F08F207C00F0020008B90720F6E79F
:10CA200000BF606928446169884202D26069C0F130
:10CA3000FF35BBE0A08AC0F30800002875D101983B
:10CA40004089401E616900EA512ABAF1000F1ED1E7
:10CA5000606938B9A76857B900212046FFF702F886
:10CA6000074604E02046A169FEF7FCFF074607B928
:10CA70009FE0012F02D102206074C8E7781C10B932
:10CA800001206074C3E7A761A06800B9A760207C9B
:10CA900000F0800078B1E26901994878012304F13F
:10CAA0002801FEF731FD10B101206074AFE7207C52
:10CAB00000F07F002074A1690198FEF764FE06462D
:10CAC00016B902206074A2E756444FEA5529B9F11D
:10CAD000000F2BD00AEB090001994989884203D93C
:10CAE00001984089A0EB0A09019948784B463246E3
:10CAF0000099FEF709FD10B10120607487E7E06935
:10CB0000801B48450ED2E069801B009A02EB402151
:10CB10004FF4007204F1280001F069F8207C00F065
:10CB20007F0020744FEA49282BE013E0E069B0420F
:10CB30000FD0E168606988420BD2019948780123DF
:10CB4000324604F12801FEF7B4FC10B101206074F4
:10CB50005DE7E661A08AC0F30800C0F50078A8454B
:10CB600000D9A846A18AC1F3080204F1280150188F
:10CB70004246009901F03BF8207C40F08000207490
:10CB800000BFA5EB0805DBF800004044CBF800002F
:10CB9000009840440090606940446061E1686069C9
:10CBA000884201D9606900E0E068E060002D7FF410
:10CBB00041AF00BF207C40F040002074002026E7F9
:10CBC000F8B5044669462046FFF7EFFC0646002EFE
:10CBD00044D1207C00F0400000283FD0207C00F0B1
:10CBE000800070B1E26900994878012304F12801BE
:10CBF000FEF78AFC08B10120F8BD207C00F07F0020
:10CC00002074FEF7DFFC0746216A0098FEF75FFDFF
:10CC100006461EBB656AE87A40F02000E8722946A5
:10CC2000A2682068FFF7D4F805F11C00E168FEF760
:10CC3000E5FC394605F11600FEF7E0FC002105F1A0
:10CC40001200FEF7D5FC0120009908710098FEF74C
:10CC500058FD0646207C00F0BF0020743046CBE72C
:10CC600038B505462846FFF7ABFF04463CB9694690
:10CC70002846FFF79AFC04460CB90020286020469D
:10CC800038BD2DE9F84F04460E4669462046FFF7A9
:10CC90008CFC8246BAF1000F01D194F811A0BAF1D0
:10CCA000000F02D05046BDE8F88FE068B04204D2D1
:10CCB000207C00F0020000B9E668D4F814904FF030
:10CCC0000008C4F81480002E68D0009840894702FC
:10CCD000B9F1000F11D0701EB0FBF7F1A9F10100FE
:10CCE000B0FBF7F0814208D3A9F10100791E884317
:10CCF00060616069361AA56912E0A5687DB90021F6
:10CD00002046FEF7AFFE0546012D02D102206074D9
:10CD1000C9E7681C10B901206074C4E7A560A5616B
:10CD2000002D3BD024E0F61B606938446061207C14
:10CD300000F0020040B100BF29462046FEF792FEF7
:10CD4000054635B9002615E029462046FEF728FDA0
:10CD50000546681C10B901206074A4E7012D03D9B1
:10CD600000984069A84202D8022060749BE7A56140
:10CD7000BE42D8D800BF606930446061C6F3080085
:10CD800060B129460098FEF7FEFC8046B8F1000F1E
:10CD900002D10220607486E708EB5628E1686069DA
:10CDA000884205D96069E060207C40F04000207432
:10CDB000A08AC0F3080020B3E069404521D0207C60
:10CDC00000F0800078B1E26900994878012304F10D
:10CDD0002801FEF799FB10B10120607463E7207C05
:10CDE00000F07F002074009948780123424604F146
:10CDF0002801FEF75EFB10B10120607453E7C4F810
:10CE00001C8050464FE733B581B004460CB9092069
:10CE10003EBD0022694602A8FFF771FA05461DBB18
:10CE20000098206020460299FFF74CF90546C5B9E5
:10CE30002B20005D00F0800050B9A07900F01000B8
:10CE400028B1E1690098FEF7B0FFA06000E0052579
:10CE50003DB90098C088A08000212046FEF7C3FE9F
:10CE60000546042D00D105250DB10020206028467F
:10CE7000CEE738B5044669462046FFF796FB0546DF
:10CE80000DB900202060284638BDF8B506460D468D
:10CE900069463046FFF789FB0446DCB92DB900210D
:10CEA0003046FEF7A0FE044614E000213046FEF7AF
:10CEB000A1FF0446042C00D100245CB92946304669
:10CEC000FFF739F800213046FEF7DAFE0446042C5D
:10CED00000D100242046F8BD33B58BB00D460022AA
:10CEE00069460BA8FFF70BFA04468CB968460B9904
:10CEF000FFF7E8F804465CB99DF82B0000F08000CD
:10CF000008B1062404E01DB129466846FFF713F86E
:10CF100020460DB030BD2DE9F74F86B089469246C8
:10CF2000002205A906A8FFF7EAF98046B8F1000F2C
:10CF30006BD10598CAF800000598D0E90410801E4E
:10CF4000814204D805980069C9F800005DE0002519
:10CF50000598007801281BD102260598019000BF92
:10CF6000314601A8FEF71CFC0746781C10B94FF0AB
:10CF700001080CE0012F02D14FF0020807E007B9C9
:10CF80006D1C701C0646059949698842E8D32FE05C
:10CF9000059846690598D0F820B0002400BF54B920
:10CFA00059460BF1010B0598FEF791FB8046B8F14D
:10CFB000000F00D01BE005980078022808D10599E1
:10CFC00030310819FEF702FB00B96D1CA41C09E002
:10CFD000059930310819FEF7FFFA20F0704000B9CA
:10CFE0006D1C241DC4F30804701E061ED7D100BF9B
:10CFF000B8F1000F09D1C9F80050059805610598EE
:10D00000407940F0010005994871404609B0BDE8FB
:10D01000F08FF8B5044669462046FFF7C6FA054684
:10D0200015B9607C051E01D02846F8BD207C00F0B3
:10D03000020008B90720F8E7E168606988423FD23A
:10D04000606940B900222046A168FEF7B5FC05469C
:10D050000020A06016E02046A169FEF7A1FB06466D
:10D060000025701C00B90125012E00D102254DB903
:10D0700000984069B04205D931462046A269FEF7C2
:10D080009BFC05466069E060207C40F04000207415
:10D0900095B9207C00F0800070B1E2690099487871
:10D0A000012304F12801FEF72FFA08B1012503E05E
:10D0B000207C00F07F00207415B165742846B4E729
:10D0C0002846B2E731B598B00025022217A918A862
:10D0D000FFF715F90446002C46D117980C900CA8C0
:10D0E0001899FEF7EFFF044600BF002C3CD19DF8D5
:10D0F0005B0000F0800008B1062405E09DF83600D2
:10D1000000F0010000B10724E4B913991798FEF765
:10D110004CFE05469DF8360000F0100090B11798BF
:10D1200001900395002101A8FEF75DFD04464CB96E
:10D13000002101A8FEF75EFE044604B90724042C72
:10D1400000D1002484B90CA8FEF7E5FE044634B9EA
:10D150002DB1002229460CA8FEF72EFC04461CB96E
:10D160001798FEF7CEFA0446204619B030BDF1B547
:10D1700090B002220FA910A8FFF7C1F80446002CB6
:10D1800074D10F98049004A81099FEF79BFF0446F1
:10D1900004B9082400BF042C68D10F980090002126
:10D1A0006846FEF75FFC0546002405B90724012DFB
:10D1B00000D10224681C00B90124FEF703FA0746D7
:10D1C000BCBB29460F98FEF7DFFC04468CBB20222F
:10D1D0000B210F98303000F01CFD2E200F9981F8A4
:10D1E000300010210F9880F83B1039460F984630D8
:10D1F000FEF704FA2A460F9930310F98FEF7E8FD42
:10D2000020220F9930310F98503000F0F0FC2E2181
:10D210000F9880F85110069E32460F9950310F98A2
:10D22000FEF7D6FD01200F99087104A8FEF752FE03
:10D230000446B4B90B9901F116003946FEF7DEF940
:10D240002A460B990F98FEF7C3FD10200B99C87260
:10D2500001200F9908711CB90F98FEF752FA044685
:10D2600004E0002229466846FEF7A6FB204611B0DE
:10D27000F0BDF3B59FB020A8FEF773FF02221EA9F0
:10D280001FA8FFF73CF80446002C7CD11E98139091
:10D2900013A81F99FEF716FF04462CB99DF87700D6
:10D2A00000F0A00000B10624002C6CD120226846BA
:10D2B0001A9900F09CFC2C2213A908A800F097FCF6
:10D2C00008A82099FEF7FEFE04465CB915990A9855
:10D2D000884205D117990C98884201D1042000E0BA
:10D2E00008200446042C44D108A8FEF7F3FD0446A8
:10D2F000002C3ED10F9D13220DF10D0105F10D0003
:10D3000000F075FC9DF80B00E872E87A00F0100060
:10D3100018B9E87A40F02000E87201201E990871DF
:10D32000E87A00F0100020B30A991598884220D0BE
:10D3300029461E98FEF739FD074639461E98FEF726
:10D3400022FA06460EB9022413E031461E98FEF773
:10D35000BEF904461E9800F1500554B968782E288D
:10D3600007D129460A9A1E98FEF732FD01201E9920
:10D37000087144B913A8FEF7CEFD04461CB91E98E7
:10D38000FEF7BFF90446204621B0F0BD2DE9FF4F5E
:10D3900085B09A4603AA01210598FEF7E0F818B176
:10D3A000012009B0BDE8F08FDDF80C904FF03F0888
:10D3B000082701E07806070E37B1B9FBF7F0B0FB9C
:10D3C000F8F0B0F5806FF5D807B9FF274FF400717A
:10D3D000504600F025FC0AF5DF764FF0000B44467E
:10D3E00069E0069850F82B50642D07D801D14846C3
:10D3F00003E06420B9FBF0F0684305466019484536
:10D4000001D8601901D3A9EB040505B959E02146FB
:10D4100006F10800FEF7F2F8294606F10C00FEF7C7
:10D42000EDF807983071B4FBF8F0B0FBF7F004901A
:10D43000B4FBF8F0B0FBF7F107FB1100C0B20290AB
:10D44000B4FBF8F008FB1040401CC0B201900298F9
:10D450007070C021049801EA900001990843B070EF
:10D460000498F0706019401EB0FBF8F0B0FBF7F0C4
:10D4700004906019401EB0FBF8F0B0FBF7F107FB19
:10D480001100C0B202906019401EB0FBF8F108FB19
:10D490001100401CC0B2019002987071C021049824
:10D4A00001EA900001990843B0710498F0711036B8
:10D4B0000BF1010B2C44BBF1040F02D20CB14C4513
:10D4C0008FD300BF4AF655210AF5FF70FEF790F89A
:10D4D0000123002251460598FEF716F808B10120F5
:10D4E0005FE700205DE72DE9FF4F99B00E4619A8D0
:10D4F000FEF737FE03900398002803DA0B201DB0D7
:10D50000BDE8F08FFE49039851F8200028B10021B2
:10D51000FB4A039852F8200001700398C0B216909D
:10D52000002015901698FDF7B7FF0290029800F0C2
:10D53000010008B10320E2E7029800F0040008B1FE
:10D540000A20DCE706B9EF4E70681390139820B9F3
:10D5500013AA03211698FEF702F8139840B1139806
:10D56000B0F5004F04D81398401E1399084008B135
:10D57000012013904FF40078307800F00F001890DD
:10D580007078012804DB7078022801DC707800E0F4
:10D5900001200690B16889B1B168B1F5004F0DD88E
:10D5A00040464FEAE87108EBD1614911B268B2FB1D
:10D5B000F1F301FB132109B9B16801E04FF40071E7
:10D5C0000591F068B0F1807F05D8F068411E0840F1
:10D5D00008B9F06800E0002007900798B0FBF8F069
:10D5E00007901C98B0FBF8F01490149808B911201B
:10D5F00085E71B9C0CB9112081E74FF0000BCDF89B
:10D6000040B000BF10AA01211698FDF7A8FF08B18D
:10D61000012074E7189800F0080040B910983F28DE
:10D6200005D94FF03F0B1098A0EB0B00109010980D
:10D63000802801D20E2062E700BF00BF0798802833
:10D6400001D980200790189800F0020028B118989E
:10D6500000F0010008B9032707E0189800F0010066
:10D6600008B913204BE7022700BF00BFFDF7AAFF50
:10D6700010990844119000BF079D032F2DD1A5B923
:10D6800010984FEA504A00200490012503E00498C6
:10D69000401C04906D009C49049831F8100020B1A2
:10D6A000049831F810005045F1D91098B0FBF5F905
:10D6B000082000EB89004044401EB0FBF8F00990C0
:10D6C00020200A90002008904FF6F570814502D97D
:10D6D0008E48814536D90E2011E7A5B910984FEA3A
:10D6E000103A00200490012503E00498401C0490A7
:10D6F0006D008749049831F8100020B1049831F882
:10D7000010005045F1D91098B0FBF5F940F6F570CE
:10D71000814503D9042000EB490A06E0012709EB03
:10D720004900401C032101EB500A0AEB0800401E8F
:10D73000B0FBF8F0099001200A9005984001B0FB79
:10D74000F8F008900A9858440F90069A09990F9893
:10D7500001FB0201089808440E9013990E980844A2
:10D76000401E491E20EA01010E98A1EB000A032F7A
:10D7700006D10A9850440A900F9850440F9013E035
:10D780000698BAFBF0F100FB11A038B1AAF1010A2A
:10D790000A98401C0A900F98401C0F900698BAFBFC
:10D7A000F0F10998084409900E9800EB0510A0EBE1
:10D7B0000B001099884201D90E20A0E610990A9812
:10D7C0000A1A0699099800FB11210898081AB0FB5B
:10D7D000F5F9032F0BD14FF6F570814507D807985F
:10D7E00018B96808079000B135E00E2087E6022FCF
:10D7F00028D14FF6F570814517D9079830B94020E8
:10D80000B0EB450F02D36800079024E0189800F0B1
:10D81000020008B103271EE0079820B968000790AE
:10D82000802800D817E00E2069E640F6F5708145A3
:10D8300008D8079820B968000790802800D80AE027
:10D840000E205CE6012F05D140F6F570814501D927
:10D850000E2054E600E00FE700BF4146204600F0EE
:10D86000DFF92CA001682160416861600189218194
:10D87000807AA072414604F10B00FDF7B9FE657392
:10D880000A9881B204F10E00FDF7B2FE06982074EA
:10D89000032F01D1002000E0059881B204F11100AE
:10D8A000FDF7A6FE1098B0F5803F06D2109881B221
:10D8B00004F11300FDF79CFE04E004F12000109930
:10D8C000FDF79CFEF82060753F2104F11800FDF77C
:10D8D0008FFEFF2104F11A00FDF78AFE594604F17C
:10D8E0001C00FDF78BFE032F36D104F14300119984
:10D8F000FDF784FE04F124000999FDF77FFE0FE097
:10D90000B400002058FE000848FE0008F5FFFF0F95
:10D910003AFE0008EBFE904D53444F53352E300035
:10D92000022104F12C00FDF769FE012104F1300011
:10D93000FDF75EFE062104F13200FDF759FE80205E
:10D9400084F84000292084F84200132282A104F1C7
:10D95000470000F04CF916E004F127001199FDF79B
:10D960004DFE099881B204F11600FDF741FE8020BA
:10D9700084F82400292084F8260013227BA104F1D6
:10D980002B0000F034F94AF6552104F5FF70FDF73D
:10D990002FFE01235A4621461698FDF7B5FD08B122
:10D9A0000120ACE5032F32D101230BF10602214601
:10D9B0001698FDF7A9FD4146204600F031F970495F
:10D9C0002046FDF71BFE6F4904F5F270FDF716FEC9
:10D9D000A9F1010104F5F470FDF710FE022104F530
:10D9E000F670FDF70BFE4AF6552104F5FF70FDF7C2
:10D9F000FFFD01230BF1070221461698FDF784FD78
:10DA000001230BF1010221461698FDF77DFD1498C4
:10DA100000FB08F1204600F003F90F980D9000205C
:10DA2000049040E0032F0FD16FF007012046FDF76F
:10DA3000E5FD391F201DFDF7E1FD6FF0704104F198
:10DA40000800FDF7DBFD09E0012F01D14E4801E0A0
:10DA50006FF0070001462046FDF7D0FD09981290AF
:10DA600000BF14991298884201D9149800E01298C6
:10DA70008246534621460D9A1698FDF745FD08B19A
:10DA800001203CE54146204600F0CAF80D9850447C
:10DA90000D901298A0EB0A00129012980028E0D185
:10DAA0000498401C0490069904988842BAD3032F26
:10DAB00001D1284600E00898129000BF14991298EE
:10DAC000884201D9149800E01298824653462146B4
:10DAD0000D9A1698FDF718FD08B101200FE50D9875
:10DAE00050440D901298A0EB0A0012901298002852
:10DAF000E4D100BF032F02D10C2017900DE0109845
:10DB0000B0F5803F02D30620179006E0022F02D125
:10DB10000420179001E00120179000BF189800F032
:10DB2000080070B910980B9000200C9023460BA9A8
:10DB3000DDE91602FFF72AFC0190019808B101986F
:10DB4000DDE4002211461698FDF709FD08B1012019
:10DB5000D5E40020D3E400004E4F204E414D452037
:10DB60002020204641543332202020004E4F204EAA
:10DB7000414D4520202020464154202020202000D7
:10DB80005252614172724161F8FFFF002DE9F0418C
:10DB90000024061B254671F1000605DA0124002742
:10DBA000D0EB070067EB0101161E73F1000605DAE2
:10DBB0000027D2EB0702012567EB030300F0F4F91D
:10DBC00086460E4617469C46AC4204D00025D0EB54
:10DBD000050E65EB010624B10020D2EB000760EBD7
:10DBE000030C704631463A466346BDE8F08140EA90
:10DBF00001039B0703D009E008C9121F08C0042ACB
:10DC0000FAD203E011F8013B00F8013B521EF9D2B1
:10DC10007047D2B201E000F8012B491EFBD27047D9
:10DC20000022F6E710B513460A4604461946FFF7E8
:10DC3000F0FF204610BDCAB2401E10F8011F8A42F4
:10DC400002D00029F9D10020704710B5002200E071
:10DC5000521C835C8C5CA34201D1002BF8D1D8B25A
:10DC6000E1B2401A10BD30B504460020034600E082
:10DC70005B1C934203D2E05CCD5C401BF8D030BD0E
:10DC80002DE9FE4F804681EA0300C00F0C4600904C
:10DC900021F0004123F00045B8EB0200A94105D274
:10DCA0004046214690461C460B46024623F0004063
:10DCB000104347D0270DC7F30A00C3F30A5102905F
:10DCC000401A019040286BDAC3F3130040F4801B24
:10DCD0000098924620B10023D2EB030A63EB0B0BB2
:10DCE00001985946C0F14002504600F08EF90646B0
:10DCF0000D4650465946019A00F0A6F910EB08006F
:10DD00006141002487EA115284EAE7731A4340D044
:10DD1000009A62B3019A012A4FEA075215DC001BF0
:10DD200061EB02014FF0004202EA0752CDE90042E6
:10DD3000001C41F5801132462B4600F0A6F903B0D5
:10DD4000BDE8F08F40462146F9E7001B61EB020178
:10DD5000001C41F5801300185B412018A2F5001744
:10DD600047EB030140EAD570B6196D4111E06D082B
:10DD70004FEA360645EAC0754FEA0752001B61EBD1
:10DD80000201001C41F5801149084FEA30000019DA
:10DD9000514132462B4603B0BDE8F04F00F066B962
:10DDA0000098012240000023D0EB020263EBE073F5
:10DDB000009821464FEAE074B8EB000061EB0401E3
:10DDC000E9E783F000435BE781F0004158E72DE984
:10DDD000FE4F81EA030404F0004421F00041009466
:10DDE0004FF0000B23F0004350EA01045ED052EAEA
:10DDF00003045BD0C3F30A54C1F30A552C44A4F2C4
:10DE0000F3340194A0FB0254C1F3130141F48011D7
:10DE1000C3F3130343F4801301FB024400FB034EDE
:10DE2000840A970A44EA815447EA8357A4FB0768A7
:10DE300002958D0A05FB07854FEA932C04FB0C54D1
:10DE40002705029D4FEA065847EA1637B5EB080545
:10DE50006EEB070C870E920E47EA811742EA831297
:10DE6000A7FB0201B6EB0B0164EB00042B0D43EAA8
:10DE70000C335E1844EB1C50DA465146E7FB0201B6
:10DE8000C5F313044FEA0B3343EA14534FEA043249
:10DE9000019C43EA0603A4F10C040294009CCDE922
:10DEA00000B400F0F2F803B0BDE8F08F00200146A6
:10DEB000F9E70EB5C10F80EAE0700844CA070021F7
:10DEC00040F233438DE80E000A460B4600F0DDF8C1
:10DED00003B000BD0EB540F2334102910021CDE9FF
:10DEE00000110A460B4600F0D0F803B000BDC1F3A4
:10DEF0000A5210B5C1F3130140F2FF3341F480110F
:10DF00009A4201DA002010BD40F233439A42A2F255
:10DF1000334203DC524200F087F810BD904010BD40
:10DF200000F0004230F000400AD0C10D01F56071F0
:10DF3000C0F3160042EA0151C2084007114370477E
:10DF4000002001467047000030B5041E71F1000446
:10DF500004DB4FF00044404264EB0101141E73F1F6
:10DF6000000405DB1C464FF00043524263EB040300
:10DF70008B4208BF824230BD30B5041E71F10004EF
:10DF800004DB4FF00044404264EB0101141E73F1C6
:10DF9000000405DB1C464FF00043524263EB0403D0
:10DFA000994208BF904230BD2DE9F05F0546002040
:10DFB00092469B4688460646814640241BE02846FA
:10DFC00041464746224600F02FF853465A46C01AAB
:10DFD000914110D311461846224600F016F82D1A2A
:10DFE00067EB01084F4622460120002100F00DF8A2
:10DFF00017EB00094E41201EA4F10104DFDC484666
:10E0000031462A464346BDE8F09F202A04DB203AE9
:10E0100000FA02F1002070479140C2F1200320FA7B
:10E0200003F3194390407047202A04DB203A21FA79
:10E0300002F00021704721FA02F3D040C2F1200221
:10E040009140084319467047202A06DBCB17203A37
:10E0500041FA02F043EAE07306E041FA02F3D040ED
:10E06000C2F12002914008431946704710B5141EB2
:10E0700073F1000408DA401C41F1000192185B4181
:10E080001A4301D120F0010010BD2DE9F04D924658
:10E090009B4611B1B1FA81F202E0B0FA80F220326F
:10E0A0009046FFF7B2FF04460F4640EA0A0041EAF5
:10E0B0000B0153465A46084313D0114653EA010058
:10E0C00019D0C8F140025046FFF7AEFF05460E4694
:10E0D000504659464246FFF798FF084305D00120B5
:10E0E00004E020463946BDE8F08D0020054346EAAD
:10E0F000E0762C4337430A986305E40AA0EB080056
:10E100000022FD0A44EA47540A3002D500200146A5
:10E11000E9E7010510196941DDE908450019694180
:10E12000BDE8F04DA2E72DE9F04D00231A461B1A79
:10E130008A4103DB00200146BDE8F08DC1F30A529D
:10E14000C1F3130141F480154FF0000BD10702D148
:10E1500000186D41521E0027044640F2FF11384658
:10E1600001EB620A3E468046024600204FF48011D1
:10E17000FFF75AFFC2197141BB1846EB0100B4EB1F
:10E18000030C75EB000C04D3E41A65EB000517468D
:10E190000E46241908F101006D4180463428E3DD64
:10E1A000F91946EB0600091BA84103D24FF0FF32D4
:10E1B000134601E0002213461BEB070046EB0A5111
:10E1C000BDE8F04DFFF752BF064C074D06E0E06892
:10E1D00040F0010394E8070098471034AC42F6D3AE
:10E1E000F1F7D6FFE4FE000804FF00080FB4054B6A
:10E1F00010B503A9044A029800F05AF810BC5DF863
:10E2000014FB00009D8600089C00002000B52DED49
:10E21000048BB0EE409AF0EE609A83B051EC190B8B
:10E22000FFF781FF41EC180B18EE100A18EE901A58
:10E230008DED008B002818BF0120084320F000401E
:10E24000C0F17F6000F1E040C00F14D019EE101A49
:10E2500019EE900A8DED009B002918BF012108439B
:10E2600020F00040C0F17F6000F1E040C00F04BF2B
:10E27000012000F017F8B0EE480A03B0F0EE680A8B
:10E28000BDEC048B00BD02E008C8121F08C1002AC3
:10E29000FAD170477047002001E001C1121F002A27
:10E2A000FBD170470149086070470000BC000020A6
:10E2B0002DE9FF4F8DB09B460F460446002606E031
:10E2C00025280BD05A460F999047641C761C20785D
:10E2D0000028F5D111B03046BDE8F08F0025A846E2
:10E2E0000122984900E0054314F8013F203B02FA5F
:10E2F00003F00842F7D120782E2817D114F8010F27
:10E3000045F004052A280ED06FF02F022078A0F1E6
:10E31000300109290AD808EB880102EB410100EB22
:10E320000108641CF2E757F8048B641C20786C2801
:10E330000DD004DC4C2812D06A2811D104E07428D6
:10E340000DD07A280CD10AE045F4001507E0617879
:10E3500045F48015814202D1641C05F58015641CCA
:10E360002078692844D008DC0028B3D0582867D02A
:10E3700063280FD0642808D13AE0702865D073284C
:10E3800012D075285AD078285AD05A460F999047FB
:10E39000761CD5E017F8040B8DF8000000208DF8EE
:10E3A0000100E946012003E057F8049B4FF0FF30DD
:10E3B00069074FF0000501D40AE06D1C45450DDAF0
:10E3C0008542FADB19F805100029F6D106E06D1C2C
:10E3D0008542FCDB19F805100029F8D12E4404E031
:10E3E00019F8010B5A460F9990476D1EF8D2A7E015
:10E3F0000A200021CDE90801C5F3025002280CD003
:10E4000001CFC117021E71F100020CDA0023D0EB1C
:10E41000030063EB01012D2208E0FF1D27F0070731
:10E42000F7E80201EEE72A0504D52B228DF8282013
:10E4300001223CE0EA073AD02022F7E70A2000E078
:10E4400010200021CDE9080107E01020002145F04F
:10E450000405CDE908014FF00808C5F30250022871
:10E4600010D001CF00214FF0000A2A0720D52278D2
:10E47000702A0DD0DDE908C38CF0100C5CEA030CA7
:10E480000CD015E0FF1D27F00707F7E80201EAE7C7
:10E4900040228DF828204FF0010A0CE050EA0103D9
:10E4A00006D030238DF828308DF82920022292469C
:10E4B0002278582A04D024A20DF120090B9209E0F9
:10E4C00026A2F9E7DDE90823FFF76EFD0B9B9B5CB5
:10E4D00009F8013D50EA0102F4D1ADEB090020300A
:10E4E0000890680701D44FF001080899884503DDBA
:10E4F0000898A8EB000000E000208046002506E018
:10E500000AA85A46405D0F9990476D1C761C5545E8
:10E51000F6DB04E030205A460F999047761CB8F19C
:10E520000001A8F10108F5DC05E019F8010B5A46D5
:10E530000F999047761C0899481E08900029F4DC32
:10E54000641CC4E6092801003031323334353637D3
:10E55000383961626364656600000000303132332F
:10E5600034353637383941424344454600000000CF
:10E57000000000000000000000000000000000009B
:10E580003F4000000000000000003000400030006C
:10E590004000000009000BC03D000BC03D00090019
:10E5A00018C024407FE0224031800000180024C0C1
:10E5B0001B000D803240018003801C4027401C80DE
:10E5C0000740004010006000000000000000000054
:10E5D0000000000000001F8020404020000040207C
:10E5E00020401F8000000000090006001F80060078
:10E5F00009000000040004003F8004000400000043
:10E600000010006000000000000000000400040092
:10E6100004000400040000000000004000000000AE
:10E6200000000000002001C006003800400000008B
:10E630001F802040204020401F800000000010402C
:10E640003FC000400000000018C02140224024408C
:10E650001840000010802040244024401B8000000F
:10E6600002000D0011003FC0014000003C8024402A
:10E6700024402440238000001F8024402440344054
:10E68000038000003000200027C038002000000078
:10E690001B802440244024401B8000001C0022C01A
:10E6A000224022401F8000000000000008400000BF
:10E6B00000000000000000000460000000000000F6
:10E6C000000004000A0011002080404009000900F9
:10E6D00009000900090000000000404020801100EE
:10E6E0000A00040018002000234024001800000045
:10E6F0001F802040274029401F400000004007C0E5
:10E7000039000F0001C0004020403FC02440244099
:10E710001B8000001F8020402040204030800000EF
:10E7200020403FC0204020401F80000020403FC0CC
:10E7300024402E4030C0000020403FC024402E0026
:10E74000300000000F001080204022403380020083
:10E7500020403FC0040004003FC020402040204033
:10E760003FC02040204000000060202020203FC00B
:10E770002000200020403FC024400B0030C020403B
:10E7800020403FC020400040004000C03FC03C004F
:10E7900003C03C003FC0000020403FC00C402300AD
:10E7A0003FC020001F802040204020401F800000EC
:10E7B00020403FC024402400180000001F8021405A
:10E7C000214020E01FA0000020403FC02440260040
:10E7D00019C0004018C0244024402240318000006D
:10E7E000300020403FC020403000000020003F802B
:10E7F000004000403F80200020003E0001C0070094
:10E8000038002000380007C03C0007C03800000076
:10E81000204039C0060039C02040000020003840A8
:10E8200007C0384020000000304021C0264038405A
:10E8300020C00000000000007FE0402040200000D9
:10E84000000070000C000380004000000000402029
:10E8500040207FE000000000000020004000200079
:10E860000000000000100010001000100010001048
:10E8700000000000400000000000000000000280D6
:10E880000540054003C0004020003FC00440044054
:10E8900003800000000003800440044006400000A4
:10E8A00000000380044024403FC00040000003807B
:10E8B0000540054003400000000004401FC0244004
:10E8C00024402000000002E00550055006500420BE
:10E8D00020403FC00440040003C00040000004404A
:10E8E00027C000400000000000100010041027E0C6
:10E8F0000000000020403FC00140070004C0044069
:10E90000204020403FC000400040000007C00400FD
:10E9100007C0040003C00000044007C00440040016
:10E9200003C0004000000380044004400380000056
:10E93000041007F00450044003800000000003802E
:10E940000440045007F00010044007C002400400D7
:10E9500004000000000006400540054004C000001F
:10E96000000004001F8004400040000004000780F5
:10E970000040044007C000400400070004C00180BC
:10E9800006000400060001C0070001C006000000E8
:10E99000044006C0010006C0044000000410071037
:10E9A00004E00180060004000000044005C00640A9
:10E9B000044000000000000004007BE04020000054
:10E9C000000000000000FFF00000000000004020F8
:10E9D0007BE00400000000004000800040002000B8
:10E9E00020004000000000000000000000000000C7
:10E9F000000000000000000000001FCC000C000020
:10EA00000000000000000800300060000800300036
:10EA100060000000022003FC1E20022003FC1E20D8
:10EA20000220000000000E1811043FFF10840C7833
:10EA3000000000000F0010840F3800C00778188411
:10EA40000078000000780F8410C411240E9800E4B0
:10EA5000008400080800680070000000000000004A
:10EA60000000000000000000000007E0181820046B
:10EA700040020000000040022004181807E00000D7
:10EA8000000000000240024001800FF001800240BF
:10EA9000024000000080008000800FF800800080AD
:10EAA000008000000001000D000E000000000000CA
:10EAB00000000000000000800080008000800080D6
:10EAC000008000800000000C000C0000000000002E
:10EAD0000000000000000006001800600180060031
:10EAE00018002000000007F00808100410040808AF
:10EAF00007F000000000080408041FFC00040004E4
:10EB00000000000000000E0C1014102410441184AA
:10EB10000E0C000000000C181004110411041288DF
:10EB20000C700000000000E00320042408241FFCF7
:10EB30000024000000001F981084110411041088A4
:10EB400010700000000007F00888110411041888F4
:10EB50000070000000001C00100010FC13001C00DE
:10EB60001000000000000E3811441084108411447D
:10EB70000E38000000000700088C1044104408887C
:10EB800007F00000000000000000030C030C000070
:10EB9000000000000000000000010106000000006D
:10EBA000000000000000008001400220041008085E
:10EBB0001004000002200220022002200220022075
:10EBC0000220000000001004080804100220014088
:10EBD0000080000000000E001200100C106C10806D
:10EBE0000F00000003E00C1813E4142417C40828D5
:10EBF00007D000000004003C03C41C40074000E4B0
:10EC0000001C000410041FFC1104110411040E88E0
:10EC10000070000003E00C18100410041004100829
:10EC20001C10000010041FFC10041004100408083D
:10EC300007F0000010041FFC1104110417C4100495
:10EC40000818000010041FFC1104110017C0100068
:10EC50000800000003E00C181004100410441C7895
:10EC60000040000010041FFC10840080008010840D
:10EC70001FFC10040000100410041FFC10041004FA
:10EC80000000000000030001100110011FFE100031
:10EC90001000000010041FFC110403801464181CF1
:10ECA0001004000010041FFC100400040004000401
:10ECB000000C000010041FFC1F0000FC1F001FFCC4
:10ECC0001004000010041FFC0C04030000E01018E6
:10ECD0001FFC100007F008081004100410040808B6
:10ECE00007F0000010041FFC1084108010801080BA
:10ECF0000F00000007F0081810241024101C080A48
:10ED000007F2000010041FFC1104110011C01130A3
:10ED10000E0C000400000E1C11041084108410441A
:10ED20001C3800001800100010041FFC1004100014
:10ED30001800000010001FF8100400040004100464
:10ED40001FF8100010001E0011E0001C007013805E
:10ED50001C0010001FC0103C00E01F0000E0103C31
:10ED60001FC000001004180C163401C001C0163476
:10ED7000180C100410001C00130400FC13041C00E9
:10ED8000100000000804101C1064108413041C04FC
:10ED9000101800000000000000007FFE400240024A
:10EDA00040020000000030000C0003800060001CE6
:10EDB0000003000000004002400240027FFE00000D
:10EDC0000000000000000000200040004000400063
:10EDD000200000000001000100010001000100010D
:10EDE0000001000100004000400020000000000081
:10EDF0000000000000000098012401440144014487
:10EE000000FC000410001FFC0088010401040088BD
:10EE1000007000000000007000880104010401047B
:10EE2000008800000000007000880104010411083F
:10EE30001FFC0004000000F80144014401440144A7
:10EE400000C800000000010401040FFC11041104BB
:10EE500011001800000000D601290129012901C96B
:10EE60000106000010041FFC0084010001000104E1
:10EE700000FC000400000104190419FC0004000453
:10EE8000000000000000000300010101190119FE4B
:10EE90000000000010041FFC0024004001B4010C1D
:10EEA000010400000000100410041FFC0004000412
:10EEB00000000000010401FC0104010001FC010448
:10EEC000010000FC010401FC0084010001000104B8
:10EED00000FC0004000000F8010401040104010426
:10EEE00000F80000010101FF008501040104008811
:10EEF000007000000000007000880104010401059A
:10EF000001FF00010104010401FC0084010401006F
:10EF100001800000000000CC012401240124012410
:10EF20000198000000000100010007F8010401043D
:10EF300000000000010001F80004000400040108C2
:10EF400001FC0004010001800170000C0010016050
:10EF50000180010001F0010C003001C00030010C03
:10EF600001F0010000000104018C00740170018CAB
:10EF700001040000010101810171000E001801600F
:10EF80000180010000000184010C0134014401846E
:10EF9000010C0000000000000000000001003EFC29
:10EFA000400240020000000000000000FFFF0000DF
:10EFB000000000000000400240023EFC0100000092
:10EFC0000000000000006000800080004000400061
:10EFD00020002000000000000000000000000000F1
:10EFE0000000000000000000000000000000000021
:10EFF0000000000000000000000000000000000011
:10F00000000000000000000F80380FFE380F80382D
:10F0100000000000000000000000000000000000F0
:10F0200000000100000600000C0000380000310064
:10F03000000600000C000038000030000000000056
:10F040000000000061800067F807F980006180001F
:10F0500061800061800061800067F807F9800061CD
:10F060008000000000000000000001C0E003E0F0AC
:10F070000630080418081FFFFE040E080787F00377
:10F0800081E000000000000001F000060C00040414
:10F0900008060C7001F9C0000E00003BE000EC18FF
:10F0A000070808040C180003E00000000001E0005D
:10F0B00007F003F818041C0804170807E1D003C080
:10F0C000E00023B0003C0800200800001000000011
:10F0D0000000000100003100003200001C000000B0
:10F0E0000000000000000000000000000000000020
:10F0F0000000000000000000000000000000000010
:10F10000000000007F0001FFC00780F00C00181015
:10F110000004200002000000000000200002100097
:10F12000040C00180780F001FFC0007F0000000001
:10F1300000000000000000000000000000000000CF
:10F140004200006600006600003C0000180003FF5B
:10F15000C0001800003C000066000066000042008D
:10F16000000000000800000800000800000800007F
:10F17000080001FFC00008000008000008000008A7
:10F180000000080000000000000100003100003213
:10F1900000001C0000000000000000000000000053
:10F1A000000000000000000000000000080000084F
:10F1B0000000080000080000080000080000080027
:10F1C0000008000008000008000000000000000027
:10F1D0000000000038000038000038000000000087
:10F1E000000000000000000000000000000000001F
:10F1F00000000000000600001C00007000018000FC
:10F200000E0000380000C0000700001C00003000A5
:10F2100000000000000000007F8001FFE00380701C
:10F220000600180400080400080600180380700196
:10F23000FFE0007F800000000000000000000100EF
:10F240000801000801000803FFF807FFF8000008A4
:10F25000000008000008000000000000000000019D
:10F26000C03802C0580400980401180402180404AD
:10F2700018061C1803F81801E0F800000000000050
:10F2800000000001C0E003C0F00400080408080406
:10F29000080806180803F41801E7F00001E0000070
:10F2A00000000000000000000300000D000011003D
:10F2B00000610000810803010807FFF80FFFF80054
:10F2C00001080001080000000000000000E007FC49
:10F2D000D006080806100806100806100806183898
:10F2E000060FF00607C0000000000000000000004C
:10F2F0003F8001FFE0038430020818041008041066
:10F3000008041008071810030FF00007C0000000E1
:10F3100000000000000003C0000700000600000617
:10F3200000F80607F806180006E0000700000600CF
:10F330000000000000000001E1E003F7F0063410D7
:10F34000041808041808040C08040C08061618030E
:10F35000F3F001C1E000000000000000F80003FC31
:10F3600030030638040208040208040208040410EA
:10F370000308F001FFC0007F000000000000000053
:10F380000000000000000000000000007038007065
:10F39000380070380000000000000000000000008D
:10F3A000000000000000000000000000000000005D
:10F3B000301A00301C0000000000000000000000B7
:10F3C0000000000000000000000000080000140021
:10F3D0000022000041000080800100400200200463
:10F3E00000100800080000000000000021000021BB
:10F3F0000000210000210000210000210000210068
:10F400000021000021000021000000000000000099
:10F4100000000800080400100200200100400080E5
:10F4200080004100002200001400000800000000DD
:10F4300000000003C00004C00004000008003808F9
:10F440000F380808380810000C300007E00003C02F
:10F4500000000000000000003F8000FFE00380701B
:10F46000020F1006708804C088048308047F880295
:10F47000C09003012000FE400000080000180001B9
:10F48000F8003E0801C20007020007E20000FE008B
:10F49000001FC80001F80000380000080400080739
:10F4A000FFF807FFF804080804080804080804081F
:10F4B0000806180803F41801E7F00001E000000056
:10F4C000000000003F8001FFE0038070020018048C
:10F4D000000804000804000804001006002007804B
:10F4E000C000000004000807FFF807FFF804000848
:10F4F00004000804000804001802001003807001D2
:10F50000FFE0007F8000000004000807FFF807FF0D
:10F51000F8040808040808040808040808043E0859
:10F52000040008060018010060000000040008073D
:10F53000FFF807FFF804080804080004080004089E
:10F5400000043E00060000060000018000000000EC
:10F55000000000003F8001FFE003807006001804F7
:10F5600000080402080402080203F00783F0000206
:10F570000000020004000807FFF807FFF80408086D
:10F580000008000008000008000008000408080740
:10F59000FFF807FFF8040008000000000000040066
:10F5A0000804000804000807FFF807FFF804000833
:10F5B0000400080400080000000000000000000033
:10F5C000000600000700000104000104000104001F
:10F5D0000307FFFE07FFFC04000004000004000016
:10F5E00004000807FFF807FFF8040C0800180000E3
:10F5F0003E0004C7800503C80600F8040038040074
:10F600001800000804000807FFF807FFF8040008C6
:10F6100000000800000800000800000800000800C2
:10F62000001800006000000004000807FFF80780D1
:10F630000807FC00007FC00003F80007C000780046
:10F6400007800807FFF807FFF80400080400080710
:10F65000FFF807000803C00000E000003800001EAB
:10F66000000007000001C00400F007FFF8040000DC
:10F67000000000007F8001FFE00380700600180496
:10F68000000804000806001803003001FFE0007FB6
:10F690008000000004000807FFF807FFF8040408D2
:10F6A000040400040400040400040400060C000325
:10F6B000F80001F000000000000000007F8001FF62
:10F6C000E00380700600880400880400C806003C3F
:10F6D00003003E01FFE6007F8400000004000807ED
:10F6E000FFF807FFF8040808040800040C00040FE2
:10F6F00000040BC00610F003F03801E00800000819
:10F7000000000001E0F803F030063010041808048F
:10F710001808040C08040C080206180207F00781F8
:10F72000E00000000180000600000400000400006A
:10F7300004000807FFF807FFF804000804000004AD
:10F74000000006000001800004000007FFE007FF42
:10F75000F00400180000080000080000080000087D
:10F7600000000804001007FFE00400000400000689
:10F77000000007E00007FE00041FE00001F80000A1
:10F78000380001E0043E0007C0000600000400004D
:10F7900004000007E00007FFC0041FF80007C007CF
:10F7A000F80007FF80043FF80007C004F8000700D6
:10F7B0000004000000000004000806001807C078DC
:10F7C00005F1C8003E00001F800463E80780F806CA
:10F7D0000018040008000000040000060000078074
:10F7E0000007E008047C08001FF80007F80018086C
:10F7F00004E008070000060000040000000000010B
:10F8000000080600380400F80403E8040F08047C2C
:10F810000805F00807C00807001804006000000091
:10F820000000000000000000000000000000003F99
:10F83000FFFE200002200002200002200002200023
:10F8400002000000000000000000080000070000A7
:10F8500000C0000038000006000001C000003000B9
:10F86000000E000001000000000000000000200069
:10F87000022000022000022000022000023FFFFEC2
:10F880000000000000000000000000000000000078
:10F890000000000000080000100000300000200000
:10F8A0000030000010000008000000000000000010
:10F8B0000000010000010000010000010000010043
:10F8C0000001000001000001000001000001000033
:10F8D0000100000100000000000000000020000006
:10F8E00020000010000010000000000000000000D8
:10F8F00000000000000000000000000000F00019FF
:10F90000F8001B1800220800260800240800241014
:10F91000003FF8001FF80000080000180000000475
:10F92000000007FFF80FFFF0001818001008002073
:10F9300008002008003018001FF0000FC000000071
:10F940000000000007C0001FF00018300020080071
:10F950002008002008003C08001C10000060000087
:10F96000000000000000000007C0001FF000381871
:10F9700000200800200800200804101007FFF80FDE
:10F98000FFF0000010000000000000000000000771
:10F99000C0001FF0001230002218002208002208C8
:10F9A000003208001E10000E2000000000000000C1
:10F9B000200000200800200801FFF803FFF80620BF
:10F9C00008042008042008072000030000000000AD
:10F9D00000000000000E000E6E001FF30031B100A9
:10F9E00020B10020B1003191001F13002E1E002015
:10F9F0000E00300000000004000807FFF80FFFF8B9
:10FA0000001008002000002000002008003FF8003F
:10FA10001FF80000080000000000000000000020A7
:10FA200008002008002008063FF8063FF8000008FC
:10FA300000000800000800000000000000000000B6
:10FA4000000000000300000300200100200100204E
:10FA500003063FFE063FFC0000000000000000001F
:10FA600000000004000807FFF80FFFF800018800FD
:10FA70000300002FC00038F80020380020080000E4
:10FA80000800000000000000000004000804000856
:10FA900004000807FFF80FFFF80000080000080046
:10FAA0000008000000000000002008003FF8003FB0
:10FAB000F8001008002000003FF8003FF800100890
:10FAC000002000003FF8003FF800000800000000A0
:10FAD0002008003FF8003FF8001008001000002048
:10FAE00000002008003FF8001FF800000800000098
:10FAF0000000000007C0000FF000183000300800C0
:10FB00002008002008003008001830000FF000071F
:10FB1000C0000000000000002001003FFF003FFF88
:10FB200000101100200900200800200800303800D3
:10FB30001FF0000FC00000000000000007C0001F01
:10FB4000F0003818002008002008002009001011DB
:10FB5000001FFF003FFF0000010000000020080020
:10FB60002008002008003FF8003FF80008080010B7
:10FB700008002008002000003000003000000000D5
:10FB8000000000000000000C78001E180033080080
:10FB900023080021080021880021980030F0003857
:10FBA0006000000000000000200000200000200095
:10FBB00000FFF003FFF800200800200800200800E4
:10FBC0000030000000000000000000002000003FA6
:10FBD000F0007FF800001800000800000800201066
:10FBE000003FF8007FF0000010000000000000005F
:10FBF0002000003000003C00003F800023F00000A7
:10FC000078000070002380003C00003000002000DD
:10FC1000002000003C00003FE00023F80000E0006E
:10FC20002700003E00003FE00021F80001E0003E18
:10FC300000002000000000002008002008003838E4
:10FC4000003E680027800003C8002CF80038380008
:10FC500020180020080000000000000020000030F4
:10FC600003003C01003F830023EC00007000238070
:10FC7000003C000020000020000000000000000008
:10FC800000000038080020380020F80023E8002F8A
:10FC900088003E08003808002018000070000000AE
:10FCA0000000000000000000000000000000000054
:10FCB00008000014001FF7FC3000062000020000BE
:10FCC0000000000000000000000000000000000034
:10FCD000000000000000FFFFFF0000000000000027
:10FCE00000000000000000000000000000002000F4
:10FCF000023000061FF7FC0014000008000000009E
:10FD000000000000000000000000000000000018DB
:10FD100000006000004000004000002000001000D3
:10FD2000000800000400000400000C0000100000A7
:10FD300060E001200305350002081E08503C0F0555
:10FD40000000FF67500000181A1E1489280A302E80
:10FD5000BB0A03000002331D000000000000003257
:10FD600000002A1C5A94C50207000000B51F00902D
:10FD70002800773200623F0052500052000000001D
:10FD80000000000000000000000000000000000073
:10FD90000000000F0F03061042F80F1400000000CF
:10FDA0001A18161412100E0C0A08000000000000A9
:10FDB00000000000000000000000000000002928F2
:10FDC0002422201F1E1D0E0C0A080605040200FF37
:10FDD0000000000000000000000000FFFFFFFFFF28
:10FDE000FFFFFFFFFFFFFFFF5081588160816881A7
:10FDF00070810001000500100014001803000900C4
:10FE00000F0015001B00508158816081688170814E
:10FE100068FE00080F0000000F000000FF00000057
:10FE20000F0000000F0000000F00000000000000A5
:10FE3000819FE0FC407E80FC000001000400100077
:10FE40004000000100020000010002000400080060
:10FE5000100020000000000007000000000000006B
:10FE60000000000000000000506C656173652075A3
:10FE7000736520746865207374796C757320636C86
:10FE800069636B207468652063726F7373206F6E93
:10FE9000207468652073637265656E2E54686520F2
:10FEA00063726F73732077696C6C20616C77617912
:10FEB00073206D6F766520756E74696C207468654B
:10FEC0002073637265656E2061646A7573746D6515
:10FED0006E7420697320636F6D706C657465642E39
:10FEE0000000000004FF000800000020C000000027
:10FEF00086E20008C4FF0008C0000020F05D00009A
:10FF000096E200080201000000000000000000006E
:10FF100000000000007A030A00000000000000005A
:10FF200001020304060708090000000000000000A9
:10FF300000000000000000000000000000000000C1
:10FF4000000000000000FFFF0100000000000000B2
:10FF500005000000BF6600081D5A0008CD5D0008BE
:10FF60000000000000000000000000000000000091
:10FF70000000000000000000000000000000000081
:10FF80000000000000000000D09000000000000011
:10FF90000000000001000000000000000000000060
:10FFA0000000000000000000000001020304010244
:10FFB000030406070809000000000000000000001C
:04FFC000000000003D
:040000050800018965
:00000001FF
