:020000040800F2
:1000000080F90120BD520008750A0008770A00082F
:100010007B0A00087F0A0008830A0008000000002D
:10002000000000000000000000000000870A000837
:10003000890A0008000000008B0A00088D0A0008E9
:10004000D7520008D7520008D7520008D7520008EC
:10005000D7520008D7520008D7520008D7520008DC
:10006000D7520008D7520008D7520008D7520008CC
:10007000D7520008D7520008D7520008D7520008BC
:10008000D7520008D7520008D7520008D7520008AC
:10009000D7520008D7520008D7520008D75200089C
:1000A000D7520008D7520008D7520008D75200088C
:1000B000D752000811500008357F0008D7520008B9
:1000C000D7520008D7520008D7520008D75200086C
:1000D000D752000833520008D7520008D752000800
:1000E000D7520008D7520008D7520008D75200084C
:1000F000D7520008D7520008D7520008D75200083C
:10010000D7520008D7520008D7520008D75200082B
:10011000D7520008D7520008D7520008D75200081B
:10012000D7520008D7520008D7520008D75200080B
:10013000D7520008D7520008D7520008D7520008FB
:10014000D7520008D7520008D7520008D7520008EB
:10015000D7520008D7520008D7520008D7520008DB
:10016000D7520008D7520008D7520008D7520008CB
:10017000D7520008D752000849440008D752000857
:10018000D7520008D752000800F002F800F06DF8CE
:100190000AA090E8000C82448344AAF10107DA45E2
:1001A00001D100F062F8AFF2090EBAE80F0013F0C7
:1001B000010F18BFFB1A43F00103184700AF0000FE
:1001C00020AF00000A444FF0000C10F8013B13F080
:1001D000070408BF10F8014B1D1108BF10F8015BA0
:1001E000641E05D010F8016B641E01F8016BF9D193
:1001F00013F0080F1EBF10F8014BAD1C0C1B09D1EA
:100200006D1E58BF01F801CBFAD505E014F8016B5B
:1002100001F8016B6D1EF9D59142D6D370470000ED
:100220000023002400250026103A28BF78C1FBD8FF
:10023000520728BF30C148BF0B607047642908F0DF
:100240005F84752908F05C84782908F09584632917
:1002500008F00786732908F00C86002070471FB548
:1002600008F09AFF1FBD10B510BD08F01DFE114625
:10027000FFF7F5FF00F00AFB08F03BFE03B4FFF7C1
:10028000F2FF03BC04F076FF10B5FD48007858B3C8
:10029000FC48007898B90021FB4805F06FFE00BFCC
:1002A000F94805F0B8FE0028FAD1F74805F089FEB4
:1002B000C0F5F840F54908600120F2490870F1489E
:1002C0000078022819D14FF4F840EF49091D086061
:1002D0000146ED4805F073FE0121EB4805F04EFEA6
:1002E0000020E849087008E00021084600F042FDBF
:1002F00000F023FD0120E649087010BD86B00026FD
:1003000002274FF0020803244FF6FF7001F044F972
:100310004FF47840DF490880DFA010210B46C82247
:10032000CDE9001032211E2003F0CDFFDFA0102107
:100330000B46C822CDE9001046211E2003F0C3FF62
:10034000DFA010210B46C822CDE9001064211E2039
:1003500003F0B9FFDEA010210B46C822CDE9001042
:1003600078211E2003F0AFFFDDA010210B46C8222C
:10037000CDE900108C211E2003F0A5FFDCA0102188
:100380000B46C822CDE90010A0211E2003F09BFFE0
:10039000DA4850F82420DAA102A808F04DFB02A8A0
:1003A00010210B46C822CDE90010B4211E2003F015
:1003B0008AFF04F007FA04F093F87B021A014FF465
:1003C000F841D34804F059F8D24A02EB840251882C
:1003D000D04A32F8240004F0A9FB04F00CF9B1E093
:1003E000A84800780128FAD1DFF824A3CAA0102178
:1003F0000B46D222CDE9001011461E2003F063FF08
:100400004FF0000913E000BF4021C94806F0A6FBE9
:100410000028F9D01AF80910C54806F0EFFA0020B4
:1004200003F0AEFF054605B106E009F10109974862
:100430000068B9EB800FE6D300BF002D75D0BDA0DA
:1004400010210B46D222CDE9001011461E2003F0E8
:100450003AFF012D06D0022D18D0032D25D0042DF2
:1004600049D132E008F1010000F0FF08B8F1040FB3
:1004700001DD4FF00008404604F062FA4FFA88F0C0
:10048000821EB2A102A808F0D7FA34E0781CC7B2E5
:10049000042F00DD0027384604F016FA78B2821ED9
:1004A000ADA102A808F0C8FA25E0701CC6B2062E5D
:1004B00000DD0026304604F07DFAAB4850F82620D7
:1004C000AAA102A808F0B8FA15E0601CC4B2082C72
:1004D00000DD00248F4A02EB840251888D4A32F8F5
:1004E000240004F023FB854850F8242084A102A8AE
:1004F00008F0A2FA00BF00BF4FF6FF70CE23EF2234
:10050000B42100901E2003F083FC02A810210B46AA
:10051000D222CDE90010B4211E2003F0D4FE4FF406
:10052000487004F007FE0AE0FFE791A010210B4697
:10053000D222CDE9001011461E2003F0C4FE022095
:10054000504908704CE786B00025022602274FF07C
:1005500001084FF6FF7001F01FF84FF478404D4945
:1005600008804DA010210B46C822CDE90010322191
:100570001E2003F0A8FE84A010210B46C822CDE95E
:10058000001046211E2003F09EFE4DA010210B46B8
:10059000C822CDE9001064211E2003F094FE4CA077
:1005A00010210B46C822CDE9001082211E2003F045
:1005B0008AFE4BA010210B46C822CDE900109621DF
:1005C0001E2003F080FE75A010210B46C822CDE945
:1005D0000010AA211E2003F076FE04F014F903F0A7
:1005E0007FFF002332030121724803F046FF724A65
:1005F0005188108804F09AFA03F0FDFF45E10020CD
:1006000003F0BEFE0446002C38D004F003F8012CA1
:1006100006D0022C13D0032C20D0042C0ED1CDE018
:10062000781CC7B2042F00DD0027384604F088F993
:1006300078B2821E45A102A808F0FEF90BE1701CF9
:10064000C6B2042E00DD0026304604F03DF970B23B
:10065000821E41A102A808F0EFF9FCE0681CC5B2B7
:10066000062D00DD0025284604F0A4F93E4850F888
:1006700025203EA102A808F0DFF9ECE0FCE0000034
:10068000010000200800002028640240040000202F
:100690000000002060000020414C49454E54454B6D
:1006A0002053544D33324634000000004F5632364A
:1006B0003430204A504547204D6F646500000000EB
:1006C0004B4559303A436F6E747261737400000089
:1006D0004B4559313A53617475726174696F6E009C
:1006E0004B4559323A4566666563747300000000F5
:1006F0004B45595F55503A53697A650028000020F0
:100700004A5045472053697A653A25730000000036
:100710003C020020A291000853656E64696E672058
:100720004A50454720646174612E2E2E000000005F
:1007300000440040517569742053656E64696E67AA
:10074000206461746120202000000000436F6E74FB
:10075000726173743A2564005361747572617469CF
:100760006F6E3A25640000000C0000202573000025
:1007700053656E64206461746120636F6D706C6595
:1007800074652121000000004F563236343020526B
:100790004742353635204D6F646500004B45595F43
:1007A00055503A46756C6C53697A652F5363616C8A
:1007B000650000008000006C3CF20120B8F1000FE1
:1007C00001D1012000E000208046B8F1000F2FD1B8
:1007D0008448808845F21051884203D10221D320F9
:1007E00004F05CFBDFF8FCC1BCF802C0CCF59669F4
:1007F00009EBD97CCCF34F01DFF8E8C1BCF800C0AD
:10080000CCF5C86A0AEBDA7CCCF34F00DFF8D4C130
:10081000BCF80230BCF8002004F0CCF9714A5188D1
:10082000108804F083F970A102A808F005F911E01E
:100830004FF496634FF4C8620021084604F0BAF9F9
:10084000684A5188108804F071F9AFF2A00102A83B
:1008500008F0F2F800BF00BF02A810210B46D22218
:10086000CDE9001032211E2003F02DFD4FF4487019
:1008700004F060FC03F0BFFE5F48007828B10A2056
:1008800004F058FC00205C490870B8E61CB54FF431
:10089000A06004F033FDA82004F0EAFB4FF4E1303F
:1008A00004F075FC4FF4E1312A2004F043FB00F022
:1008B000F7F900F086FE03F045FD42F2CF0142F267
:1008C0000F7004F079FB4D484168542088474FF47D
:1008D00078404B4908804BA010210B46C822CDE937
:1008E000001032211E2003F0EEFC4BA010210B461D
:1008F000C822CDE9001046211E2003F0E4FC49A0E7
:1009000010210B46C822CDE900105A211E2003F009
:10091000DAFC48A010210B46C822CDE900106E2158
:100920001E2003F0D0FC18E045A010210B46F02259
:10093000CDE9001082211E2003F0C5FCC82004F080
:10094000F9FB4FF6FF70AA23EF22822100901E20B0
:1009500003F05EFAC82004F0EDFB03F0C1FE0028AE
:10096000E2D13AA010210B46C822CDE90010822125
:100970001E2003F0A8FC2CE0002003F001FD04463B
:10098000012C03D100203449087023E0022C03D14C
:100990000120314908701DE0681CC5B2642D09D1E1
:1009A0002EA010210B46E622CDE9001096211E2034
:1009B00003F089FCC82D09D14FF6FF70A623D2227F
:1009C000962100901E2003F023FA0025052004F054
:1009D000B1FBD1E700BF2048007808B1FFF78EFCDB
:1009E000FFF7B1FD3CF2012046756C6C2053697A2B
:1009F0006520313A3100000000000020480100204D
:100A0000600000204578706C6F7265722053544D01
:100A100033324634000000004F5632363430205412
:100A20004553540041544F4D40414C49454E544567
:100A30004B000000323031342F352F3134000000AC
:100A40004F56323634302045525200004F5632361F
:100A50003430204F4B000000010000204B4559303E
:100A60003A52474235363520204B4559313A4A50A3
:100A700045470000704700BFFEE700BFFEE700BF2C
:100A8000FEE700BFFEE77047704770477047000001
:100A90000CB50020019000907648006840F480304A
:100AA0007449086000BF7348006800F4003000908B
:100AB0000198401C0190009818B90198B0F5A04F1A
:100AC000F1D16C48006800F4003010B101200090B2
:100AD00001E0002000900098012846D16548403090
:100AE000006840F080506349403108606248006807
:100AF00040F44040604908605E48083000685D4945
:100B0000083108600846006840F400400860084664
:100B1000006840F4A05008605848091F0860081F8A
:100B2000006840F08070091F086000BF51480068ED
:100B300000F000700028F9D040F2057050490860BC
:100B40004C480830006820F003004A49083108602A
:100B50000846006840F00200086000BF45480830C1
:100B6000006800F00C000828F8D10CBD10B545480D
:100B7000006840F47000434908603E48006840F057
:100B800001003C49086000203A49083108603948B2
:100B900000683D490840374908603C48091D086025
:100BA000081F006820F48020091F086000203149D8
:100BB0000C310860FFF76CFF4FF00060314980395D
:100BC000086010BD70B5002000220223002402211D
:100BD000284D08352D6805F00C0020B1042806D0FA
:100BE000082834D107E02A4D2A4E356033E02A4DDB
:100BF000284E35602FE01F4D2D1D2D68C5F3805404
:100C00001C4D2D1D2D6805F03F0154B1224DB5FB43
:100C1000F1F5184E361D3668C6F3881605FB06F248
:100C200009E01B4DB5FBF1F5124E361D3668C6F3D3
:100C3000881605FB06F20F4D2D1D2D68C5F30145E5
:100C40006D1C6B00B2FBF3F5124E356003E0104DE6
:100C5000104E356000BF00BF064D08352D68C5F346
:100C600003150E4E705D0B4D2D68C540094E356065
:100C700070BD00000038024000700040085440077A
:100C8000003C024088ED00E0FFFFF6FE103000243B
:100C90000024F4004C00002000127A0050000020D4
:100CA0001CB50121202005F03BFC4FF4C0600090F2
:100CB00001208DF8040000208DF8060003208DF837
:100CC000050001208DF807006946044804F0D2FCB5
:100CD0004FF4C061014804F049FD1CBD00140240FE
:100CE00001B5BDF800000090BDF80000FE49088085
:100CF00008BD01B5BDF800000090BDF80000FA493C
:100D0000891C088008BD08B5F748801C0088009041
:100D1000BDF8000008BDF44A10804FF0D842A2F898
:100D20008010704710B504462046FFF7D9FF052014
:100D300004F0B8F9FFF7E7FF10BDEC480089EA4975
:100D400008807047E849891C0880704730B5014623
:100D500001F01F04C1F34513CA0AE50205EB431570
:100D60001544A8B230BD00BF011EA0F10102D0B2EF
:100D7000FAD1704710B502460C46DC48808841F62F
:100D80006311884247D1D9488079A8B9D7480088EB
:100D9000401E801A82B2D5494889FFF7A1FF002082
:100DA000FFF7A7FF0020FFF7A4FF1012FFF7A1FF36
:100DB000D0B2FFF79EFF16E0CC494889FFF790FFBD
:100DC0001012FFF796FFD0B2FFF793FFC7490988CB
:100DD000491EC1F30F20FFF78CFFC4490978491E53
:100DE000C8B2FFF786FFC1498889FFF779FF201253
:100DF000FFF77FFFE0B2FFF77CFFBC494988491E3F
:100E0000C1F30F20FFF775FFB8498978491EC8B2B2
:100E1000FFF76FFF3AE0B548808845F210518842ED
:100E200020D1B2494889FFF75BFF1012FFF761FF3D
:100E3000AE494989491C88B2FFF752FFD0B2FFF78B
:100E400058FFAA498889FFF74BFF2012FFF751FF8F
:100E5000A6498989491C88B2FFF742FFE0B2FFF733
:100E600048FF13E0A1494889FFF73AFF1012FFF746
:100E700040FFD0B2FFF73DFF9C498889FFF730FF64
:100E80002012FFF736FFE0B2FFF733FF10BD2DE968
:100E9000F04105460E4600240027A04693480088EE
:100EA000A84203DD91484088B04202DC0020BDE842
:100EB000F08131462846FFF75DFF8C48808845F277
:100EC0001051884204D14FF43850FFF709FF02E077
:100ED0002E20FFF705FFFFF716FF044683488088A2
:100EE00041F66311884201D12046E0E7FFF70BFF8E
:100EF0000446FFF708FF8046E7B24FF6FF7000EAAE
:100F00000727E012C002B91240EA411040EAE82087
:100F1000CDE700B57548808845F21051884204D16C
:100F20004FF42450FFF7DCFE02E02920FFF7D8FE43
:100F300000BD00B56D48808845F21051884204D14B
:100F40004FF42050FFF7CCFE02E02820FFF7C8FE48
:100F500000BDF0B5054600240027644880790128CB
:100F600005D16248808841F66311884208D15F4804
:100F70008079F0B95D48808841F66311884218D1C4
:100F8000082D15D2DFE805F00406080A0C0E101231
:100F900006250DE007250BE0042509E0052507E0FF
:100FA000012505E0002503E0032501E0022500BF3F
:100FB00000BF082D1CD2DFE805F00406090C0F1253
:100FC000151800BF14E044F0800411E044F0400420
:100FD0000EE044F0C0040BE044F0200408E044F0CC
:100FE000600405E044F0A00402E044F0E00400BF27
:100FF00000BF3E48808845F21051884202D14FF42C
:10100000585700E036273948808849F241318842F4
:1010100005D03648808847F28971884201D144F072
:10102000080421463846FFF776FE3048808841F6AE
:10103000631188421DD004F0200068B12B4800885D
:101040002A494988884214DA28480688408827496E
:101050000880084646800CE02448008823494988D7
:10106000884206DD214806884088204908800846D5
:1010700046801E48808845F21051884257D11B494E
:101080004889FFF72DFE0020FFF733FE17494989F5
:10109000491C88B2FFF724FE0020FFF72AFE1349FF
:1010A0004989891C88B2FFF71BFE10490988491E2F
:1010B000C1F30F20FFF71DFE0C494989C91C88B2F6
:1010C000FFF70EFE09490978491EC8B2FFF711FE65
:1010D00006498889FFF704FE0020FFF70AFE03494E
:1010E0008989491C88B203E07E00006C3CF2012033
:1010F000FFF7F6FD0020FFF7FCFDFE498989891CFA
:1011000088B2FFF7EDFDFB494988491EC1F30F2066
:10111000FFF7EFFDF7498989C91C88B2FFF7E0FDA9
:10112000F4498978491EC8B2FFF7E3FD2DE0F14983
:101130004889FFF7D5FD0020FFF7DBFD0020FFF712
:10114000D8FDEC490988491EC1F30F20FFF7D1FDF6
:10115000E8490978491EC8B2FFF7CBFDE5498889FF
:10116000FFF7BEFD0020FFF7C4FD0020FFF7C1FD23
:10117000E0494988491EC1F30F20FFF7BAFDDD4958
:101180008978491EC8B2FFF7B4FDF0BD30B50446FA
:101190000D4629462046FFF7EDFDFFF7CEFDD64868
:1011A0000088D649088030BD30B504460D46D14888
:1011B000808845F21051884220D1CE494889FFF7F6
:1011C0008FFD2012FFF795FDCA494989491C88B255
:1011D000FFF786FDE0B2FFF78CFDC6498889FFF76F
:1011E0007FFD2812FFF785FDC2498989491C88B215
:1011F000FFF776FDE8B2FFF77CFD42E0BD4880884E
:1012000041F66311884228D1BA48807920B9B9489B
:101210000088401E001B84B2B6494889FFF760FD74
:101220002012FFF766FDE0B2FFF763FD2012FFF723
:1012300060FDE0B2FFF75DFDAE498889FFF750FD24
:101240002812FFF756FDE8B2FFF753FD2812FFF70B
:1012500050FDE8B2FFF74DFD13E0A6494889FFF7BE
:101260003FFD2012FFF745FDE0B2FFF742FDA14927
:101270008889FFF735FD2812FFF73BFDE8B2FFF73D
:1012800038FD9C4800899D49891E08804FF0D84050
:10129000A0F8802030BD70B52DED048B0446BE2033
:1012A000FFF71EFD0520FFF724FD204607F063FE33
:1012B00041EC190B9FED920B53EC102B07F06EFED7
:1012C00041EC180B07F02AFE85B22846FFF711FD06
:1012D0000120FFF70EFDFF20FFF70BFD0020FFF7B9
:1012E00008FD0020FFF705FDBDEC048B70BD10B5B7
:1012F000044680488471002C45D1F0207D49088047
:101300004FF4A07048800846808845F2105188420A
:1013100010D14FF43050774908814FF4285048815C
:101320004FF42C5088814FF4F07008804FF44870CF
:1013300048801AE06F48808841F6631188420DD1D9
:101340002C206C4908812B2048812A2088814FF469
:10135000F07008804FF44870488006E02C20654902
:1013600008812A2048812B2088816248808845F2A4
:10137000103188424CD14FF4A0705E4908804FF480
:10138000F070488044E04FF4A0705A490880F02083
:1013900048800846808845F21051884210D14FF4A9
:1013A0003050544908814FF4285048814FF42C5054
:1013B00088814FF4487008804FF4F07048801AE03C
:1013C0004C48808841F6631188420DD12C20494950
:1013D00008812A2048812B2088814FF4487008809A
:1013E0004FF4F070488006E02C20424908812A2002
:1013F00048812B2088813F48808845F210318842FF
:1014000006D14FF4F0703B4908804FF4A07048803B
:101410000020FFF79EFD10BD2DE9F04104460D466A
:101420001E46A018401E87B2A819401E1FFA80F859
:101430003048808841F66311884231D12D48807947
:1014400001282DD02B480088801A001B84B2A819CF
:10145000401E86B227494889FFF742FC2012FFF759
:1014600048FCE0B2FFF745FCA118491EC1F30F206C
:10147000FFF73FFCA118491EC8B2FFF73AFC1D490F
:101480008889FFF72DFC2812FFF733FCE8B2FFF73D
:1014900030FC3012FFF72DFCF0B2FFF72AFC79E0A8
:1014A0001448808845F21051884251D11149488929
:1014B000FFF716FC2012FFF71CFC0E494989491C56
:1014C00088B2FFF70DFCE0B2FFF713FC0949498928
:1014D000891C88B2FFF704FC3812FFF70AFC0549A3
:1014E0004989C91C88B2FFF7FBFBF8B2FFF701FC82
:1014F000004909E03CF20120600000208000006CFF
:1015000066666666666604408889FFF7E9FB28120E
:10151000FFF7EFFBFD498989491C88B2FFF7E0FB23
:10152000E8B2FFF7E6FBF9498989891C88B2FFF721
:10153000D7FB4FEA2820FFF7DCFBF4498989C91C57
:1015400088B2FFF7CDFB08F0FF00FFF7D2FB21E0E8
:10155000EE494889FFF7C4FB2012FFF7CAFBE0B24F
:10156000FFF7C7FB3812FFF7C4FBF8B2FFF7C1FB68
:10157000E6498889FFF7B4FB2812FFF7BAFBE8B207
:10158000FFF7B7FB4FEA2820FFF7B3FB08F0FF0097
:10159000FFF7AFFBBDE8F08170B504460026DB48DD
:1015A00005884088454300210846FFF7E3FBFFF725
:1015B000C4FB00BF02E0D6480480761CAE42FAD3DA
:1015C00070BD00B5A1B00020209001217A2004F068
:1015D000A7FF0121084604F0DBFF4FF400401E90F6
:1015E00001208DF87C0000208DF87E0002208DF80F
:1015F0007D0001208DF87F001EA9C64804F03AF84E
:101600004CF233701E9002208DF87C0000208DF883
:101610007E0003208DF87D0001208DF87F001EA93B
:10162000BD4804F027F84FF680701E9002208DF818
:101630007C0000208DF87E0003208DF87D000120C5
:101640008DF87F001EA9B54804F014F84FF48050BF
:101650001E9002208DF87C0000208DF87E00032073
:101660008DF87D0001208DF87F001EA9AC4804F0A4
:1016700001F84FF480501E9002208DF87C0000206D
:101680008DF87E0003208DF87D0001208DF87F000D
:101690001EA9A44803F0EEFF0C2200219E4804F08E
:1016A00074F80C2201219C4804F06FF80C220421EC
:1016B000994804F06AF80C220521974804F065F86F
:1016C0000C220821944804F060F80C220921924869
:1016D00004F05BF80C220A218F4804F056F80C2223
:1016E0000E218D4804F051F80C220F218A4804F095
:1016F0004CF80C220721894804F047F80C220821F5
:10170000864804F042F80C220921844804F03DF890
:101710000C220A21814804F038F80C220B217F4862
:1017200004F033F80C2211467C4804F02EF80C2209
:101730000D217A4804F029F80C220E21774804F094
:1017400024F80C220F21754804F01FF80C221146D2
:10175000734804F01AF80C221146724804F015F888
:101760000F200890002009903C200A9000200B9048
:101770000C900D900E9009200190002002900820FE
:1017800003900020049005900690079006200F908B
:1017900000201090119010201290002013901590AE
:1017A0001490169017904FF48050189000201990C4
:1017B0004FF480401A9000201B9008A81C9001A8AC
:1017C0001D900FA804F035F80121062004F0BCF8A4
:1017D000322003F0AFFCD320FFF782FAFFF793FA31
:1017E0004A498880FFF78FFA48498880FFF78BFACB
:1017F00046498880084680884FF6FF7101EA00203C
:1018000042498880FFF77FFA4049898808433F4969
:1018100088800846808849F24131884275D004208A
:10182000FFF75EFAFFF76FFA38498880FFF76BFA27
:1018300036498880FFF767FA3449888008468088EF
:101840004FF6FF7101EA002030498880FFF75BFA0C
:101850002E49898808432D4988800846808848F2A7
:101860005251884203D147F289702849888027481D
:10187000808847F289718842D0D0D420FFF730FAAF
:10188000FFF741FA21498880FFF73DFA1F49888018
:10189000FFF739FA1D498880084680884FF6FF71A6
:1018A00001EA002019498880FFF72DFA1749898835
:1018B0000843164988800846808845F210318842DE
:1018C00079D055214FF47040FFF725FAAA214FF245
:1018D0000100FFF720FA52214FF20200FFF71BFA36
:1018E00008214FF20300FFF716FA01214FF204001E
:1018F000FFF711FA4FF44540FFF7F2F9FFF703FA4B
:1019000002498880084680880EE054E03CF20120BD
:101910008000006C00040240000C024000100240F5
:1019200000140240001802404FF6FF7101EA002047
:10193000FE4988804CF20150FFF7D2F9FFF7E3F936
:10194000FA4989880843F9498880052003F0F2FBA9
:10195000F6488088B0F5004F03D145F21050F349A6
:101960008880F248808845F21051884223D0A12017
:10197000FFF7B6F9FFF7C7F9EC498880FFF7C3F91D
:10198000EA498880084680884FF6FF7101EA002006
:10199000E6498880FFF7B7F9E44989880843E349B5
:1019A00088800846808845F26171884203D141F6FB
:1019B0006310DE498880DD48808849F241318842E1
:1019C00017D0DA48808847F28971884211D0D74809
:1019D000808845F2103188420BD0D448808845F287
:1019E0001051884205D0D148808841F66311884261
:1019F0002CD1CF48006820F00F004FF02041C1F8F3
:101A00001C010846D0F81C0120F47060C1F81C01CC
:101A10000846D0F81C0140F00300C1F81C01C3487F
:101A2000808847F28971884208D1C148006840F433
:101A300040704FF02041C1F81C0107E0BC4800682D
:101A400040F400704FF02041C1F81C01B748818874
:101A5000B8A006F0E5FFB548808849F241318842D8
:101A60007ED1CF20FFF73CF90020FFF742F9C120DB
:101A7000FFF73FF93020FFF73CF9ED20FFF730F991
:101A80006420FFF736F90320FFF733F91220FFF740
:101A900030F98120FFF72DF9E820FFF721F98520A3
:101AA000FFF727F91020FFF724F97A20FFF721F933
:101AB000CB20FFF715F93920FFF71BF92C20FFF792
:101AC00018F90020FFF715F93420FFF712F902206A
:101AD000FFF70FF9F720FFF703F92020FFF709F9C7
:101AE000EA20FFF7FDF80020FFF703F90020FFF7D9
:101AF00000F9C020FFF7F4F81B20FFF7FAF8C12027
:101B0000FFF7EEF80120FFF7F4F8C520FFF7E8F83B
:101B10003020FFF7EEF83020FFF7EBF8C720FFF793
:101B2000DFF8B720FFF7E5F83620FFF7D9F84820AF
:101B3000FFF7DFF83A20FFF7D3F85520FFF7D9F881
:101B4000B120FFF7CDF80020FFF7D3F81A20FFF7F8
:101B5000D0F8B620FFF7C4F80A20FFF7CAF800E073
:101B600097E0A220FFF7C5F8F220FFF7B9F80020B0
:101B7000FFF7BFF82620FFF7B3F80120FFF7B9F809
:101B8000E020FFF7ADF80F20FFF7B3F82A20FFF7AA
:101B9000B0F82820FFF7ADF80820FFF7AAF80E20CC
:101BA000FFF7A7F80820FFF7A4F85420FFF7A1F8E3
:101BB000A920FFF79EF84320FFF79BF80A20FFF7C4
:101BC00098F80F20FFF795F80020FFF792F8002013
:101BD000FFF78FF80020FFF78CF80020FFF789F857
:101BE000E120FFF77DF80020FFF783F81520FFF7CD
:101BF00080F81720FFF77DF80720FFF77AF811200B
:101C0000FFF777F80620FFF774F82B20FFF771F83D
:101C10005620FFF76EF83C20FFF76BF80520FFF722
:101C200068F81020FFF765F80F20FFF762F83F20F3
:101C3000FFF75FF83F20FFF75CF80F20FFF759F838
:101C40002B20FFF74DF80020FFF753F80020FFF797
:101C500050F80120FFF74DF83F20FFF74AF82A20FF
:101C6000FFF73EF80020FFF744F80020FFF741F8A7
:101C70000020FFF73EF8EF20FFF73BF81120FFF7B9
:101C80002FF8782003F056FA2920FFF729F802F000
:101C9000B3B82648808847F2897188427DD11120E7
:101CA000FFF71EF8782003F045FA3620FFF718F802
:101CB0000020FFF71EF83A20FFF712F80520FFF783
:101CC00018F8B220FFF70CF80C20FFF712F80C20E0
:101CD000FFF70FF80020FFF70CF83320FFF709F8A3
:101CE0003320FFF706F8B720FEF7FAFF3520FFF79D
:101CF00000F8BB20FEF7F4FF3220FEF7FAFFC02009
:101D0000FEF7EEFF0C20FEF7F4FFC220FEF7E8FF1F
:101D10000120FEF7EEFFC320FEF7E2FF1020FEF7E2
:101D2000E8FFC420FEF7DCFF20200BE03CF201209E
:101D30001C0100A0204C43442049443A25780D0A58
:101D400000000000FEF7D5FFC620FEF7C9FF0F20F8
:101D5000FEF7CFFFD020FEF7C3FFA420FEF7C9FF98
:101D6000A120FEF7C6FFE020FEF7BAFFD020FEF765
:101D7000C0FF0020FEF7BDFF0220FEF7BAFF0720DC
:101D8000FEF7B7FF0A20FEF7B4FF2820FEF7B1FFE9
:101D90003220FEF7AEFF442000E062E0FEF7A9FF2C
:101DA0004220FEF7A6FF0620FEF7A3FF0E20FEF757
:101DB000A0FF1220FEF79DFF1420FEF79AFF1720C8
:101DC000FEF797FFE120FEF78BFFD020FEF791FF93
:101DD0000020FEF78EFF0220FEF78BFF0720FEF7A4
:101DE00088FF0A20FEF785FF2820FEF782FF3120BA
:101DF000FEF77FFF5420FEF77CFF4720FEF779FFB8
:101E00000E20FEF776FF1C20FEF773FF1720FEF76B
:101E100070FF1B20FEF76DFF1E20FEF76AFF2A20D1
:101E2000FEF75EFF0020FEF764FF0020FEF761FF73
:101E30000020FEF75EFFEF20FEF75BFF2B20FEF792
:101E40004FFF0020FEF755FF0020FEF752FF012054
:101E5000FEF74FFF3F20FEF74CFF2920FEF740FF23
:101E600015E7FE48808845F21031884240F07C87B3
:101E7000ED20FEF735FF0120FEF73BFFFE20FEF7C9
:101E800038FFEE20FEF72CFFDE20FEF732FF212088
:101E9000FEF72FFFF120FEF723FF0120FEF729FFB9
:101EA000DF20FEF71DFF1020FEF723FFC420FEF702
:101EB00017FF8F20FEF71DFFC620FEF711FF002041
:101EC000FEF717FFE220FEF714FFE220FEF711FFF6
:101ED000E220FEF70EFFBF20FEF702FFAA20FEF76A
:101EE00008FFB020FEF7FCFE0D20FEF702FF0020E9
:101EF000FEF7FFFE0D20FEF7FCFE0020FEF7F9FEC8
:101F00001120FEF7F6FE0020FEF7F3FE1920FEF783
:101F1000F0FE0020FEF7EDFE2120FEF7EAFE002095
:101F2000FEF7E7FE2D20FEF7E4FE0020FEF7E1FEBF
:101F30003D20FEF7DEFE0020FEF7DBFE5D20FEF713
:101F4000D8FE0020FEF7D5FE5D20FEF7D2FE002071
:101F5000FEF7CFFEB120FEF7C3FE8020FEF7C9FEDC
:101F60000020FEF7C6FE8B20FEF7C3FE0020FEF722
:101F7000C0FE9620FEF7BDFE0020FEF7BAFEB2209E
:101F8000FEF7AEFE0020FEF7B4FE0020FEF7B1FE25
:101F90000220FEF7AEFE0020FEF7ABFE0320FEF7A8
:101FA000A8FE0020FEF7A5FEB320FEF799FE002054
:101FB000FEF79FFE0020FEF79CFE0020FEF799FE34
:101FC0000020FEF796FE0020FEF793FE0020FEF7AD
:101FD00090FE0020FEF78DFE0020FEF78AFE002016
:101FE000FEF787FE0020FEF784FE0020FEF781FE4C
:101FF0000020FEF77EFE0020FEF77BFE0020FEF7AD
:1020000078FE0020FEF775FE0020FEF772FE00202D
:10201000FEF76FFE0020FEF76CFE0020FEF769FE63
:102020000020FEF766FE0020FEF763FE0020FEF7AC
:1020300060FE0020FEF75DFE0020FEF75AFEB42091
:10204000FEF74EFE8B20FEF754FE0020FEF751FEF9
:102050009620FEF74EFE0020FEF74BFEA120FEF775
:1020600048FE0020FEF745FEB520FEF739FE0220AF
:10207000FEF73FFE0020FEF73CFE0320FEF739FE90
:102080000020FEF736FE0420FEF733FE0020FEF7A8
:1020900030FEB620FEF724FE0020FEF72AFE0020C8
:1020A000FEF727FEB720FEF71BFE0020FEF721FEFD
:1020B0000020FEF71EFE3F20FEF71BFE0020FEF76D
:1020C00018FE5E20FEF715FE0020FEF712FE6420CB
:1020D000FEF70FFE0020FEF70CFE8C20FEF709FE37
:1020E0000020FEF706FEAC20FEF703FE0020FEF700
:1020F00000FEDC20FEF7FDFD0020FEF7FAFD70205B
:10210000FEF7F7FD0020FEF7F4FD9020FEF7F1FD4D
:102110000020FEF7EEFDEB20FEF7EBFD0020FEF7C2
:10212000E8FDDC20FEF7E5FD0020FEF7E2FDB8202B
:10213000FEF7D6FD0020FEF7DCFD0020FEF7D9FDFE
:102140000020FEF7D6FD0020FEF7D3FD0020FEF7AD
:10215000D0FD0020FEF7CDFD0020FEF7CAFD0020D7
:10216000FEF7C7FDBA20FEF7BBFD2420FEF7C1FD38
:102170000020FEF7BEFD0020FEF7BBFD0020FEF7AD
:10218000B8FDC120FEF7ACFD2020FEF7B2FD002017
:10219000FEF7AFFD5420FEF7ACFD0020FEF7A9FDD1
:1021A000FF20FEF7A6FD0020FEF7A3FDC220FEF7EC
:1021B00097FD0A20FEF79DFD0020FEF79AFD042002
:1021C000FEF797FD0020FEF794FDC320FEF788FD83
:1021D0003C20FEF78EFD0020FEF78BFD3A20FEF737
:1021E00088FD0020FEF785FD3920FEF782FD0020E6
:1021F000FEF77FFD3720FEF77CFD0020FEF779FD1E
:102200003C20FEF776FD0020FEF773FD3620FEF73A
:1022100070FD0020FEF76DFD3220FEF76AFD002004
:10222000FEF767FD2F20FEF764FD0020FEF761FD3D
:102230002C20FEF75EFD0020FEF75BFD2920FEF757
:1022400058FD0020FEF755FD2620FEF752FD002028
:10225000FEF74FFD2420FEF74CFD01E03CF201208B
:102260000020FEF746FD2420FEF743FD0020FEF788
:1022700040FD2320FEF73DFD0020FEF73AFD3C2007
:10228000FEF737FD0020FEF734FD3620FEF731FD66
:102290000020FEF72EFD3220FEF72BFD0020FEF77A
:1022A00028FD2F20FEF725FD0020FEF722FD2C2023
:1022B000FEF71FFD0020FEF71CFD2920FEF719FD8B
:1022C0000020FEF716FD2620FEF713FD0020FEF786
:1022D00010FD2420FEF70DFD0020FEF70AFD24204E
:1022E000FEF707FD0020FEF704FD2320FEF701FDA9
:1022F0000020FEF7FEFCC420FEF7F2FC6220FEF791
:10230000F8FC0020FEF7F5FC0520FEF7F2FC0020AB
:10231000FEF7EFFC8420FEF7ECFC0020FEF7E9FC62
:10232000F020FEF7E6FC0020FEF7E3FC1820FEF7A5
:10233000E0FC0020FEF7DDFCA420FEF7DAFC002024
:10234000FEF7D7FC1820FEF7D4FC0020FEF7D1FCE6
:102350005020FEF7CEFC0020FEF7CBFC0C20FEF751
:10236000C8FC0020FEF7C5FC1720FEF7C2FC0020C9
:10237000FEF7BFFC9520FEF7BCFC0020FEF7B9FC81
:10238000F320FEF7B6FC0020FEF7B3FCE620FEF7D4
:10239000B0FC0020FEF7ADFCC520FEF7A1FC32200A
:1023A000FEF7A7FC0020FEF7A4FC4420FEF7A1FCEA
:1023B0000020FEF79EFC6520FEF79BFC0020FEF748
:1023C00098FC7620FEF795FC0020FEF792FC882012
:1023D000FEF78FFC0020FEF78CFCC620FEF780FC89
:1023E0002020FEF786FC0020FEF783FC1720FEF776
:1023F00080FC0020FEF77DFC0120FEF77AFC002027
:10240000FEF777FCC720FEF76BFC0020FEF771FC9F
:102410000020FEF76EFC0020FEF76BFC0020FEF7AC
:1024200068FCC820FEF75CFC0020FEF762FC002080
:10243000FEF75FFC0020FEF75CFC0020FEF759FC75
:10244000C920FEF74DFC0020FEF753FC0020FEF7EC
:1024500050FC0020FEF74DFC0020FEF74AFC002057
:10246000FEF747FC0020FEF744FC0020FEF741FC8D
:102470000020FEF73EFC0020FEF73BFC0020FEF7AC
:1024800038FC0020FEF735FC0020FEF732FC00206F
:10249000FEF72FFC0020FEF72CFC0020FEF729FCA5
:1024A0000020FEF726FCE020FEF71AFC1620FEF7BF
:1024B00020FC0020FEF71DFC1C20FEF71AFC00206B
:1024C000FEF717FC2120FEF714FC0020FEF711FC9C
:1024D0003620FEF70EFC0020FEF70BFC4620FEF730
:1024E00008FC0020FEF705FC5220FEF702FC00204D
:1024F000FEF7FFFB6420FEF7FCFB0020FEF7F9FB74
:102500007A20FEF7F6FB0020FEF7F3FB8B20FEF7A8
:10251000F0FB0020FEF7EDFB9920FEF7EAFB002020
:10252000FEF7E7FBA820FEF7E4FB0020FEF7E1FB47
:10253000B920FEF7DEFB0020FEF7DBFBC420FEF730
:10254000D8FB0020FEF7D5FBCA20FEF7D2FB002007
:10255000FEF7CFFBD220FEF7CCFB0020FEF7C9FB35
:10256000D920FEF7C6FB0020FEF7C3FBE020FEF7F4
:10257000C0FB0020FEF7BDFBF320FEF7BAFB0020F6
:10258000FEF7B7FBE120FEF7ABFB1620FEF7B1FB31
:102590000020FEF7AEFB1C20FEF7ABFB0020FEF791
:1025A000A8FB2220FEF7A5FB0020FEF7A2FB3620A9
:1025B000FEF79FFB0020FEF79CFB4520FEF799FBF2
:1025C0000020FEF796FB5220FEF793FB0020FEF75B
:1025D00090FB6420FEF78DFB0020FEF78AFB7A203B
:1025E000FEF787FB0020FEF784FB8B20FEF781FBC4
:1025F0000020FEF77EFB9920FEF77BFB0020FEF714
:1026000078FBA820FEF775FB0020FEF772FBB920CF
:10261000FEF76FFB0020FEF76CFBC420FEF769FBA2
:102620000020FEF766FBCA20FEF763FB0020FEF7E2
:1026300060FBD220FEF75DFB0020FEF75AFBD8209E
:10264000FEF757FB0020FEF754FBE020FEF751FB9E
:102650000020FEF74EFBF320FEF74BFB0020FEF7B9
:1026600048FBE220FEF73CFB0520FEF742FB002082
:10267000FEF73FFB0B20FEF73CFB0020FEF739FB8B
:102680001B20FEF736FB0020FEF733FB3420FEF75D
:1026900030FB0020FEF72DFB4420FEF72AFB002034
:1026A000FEF727FB4F20FEF724FB0020FEF721FB5F
:1026B0006120FEF71EFB0020FEF71BFB7920FEF7D2
:1026C00018FB0020FEF715FB8820FEF712FB002008
:1026D000FEF70FFB9720FEF70CFB0020FEF709FB2F
:1026E000A620FEF706FB0020FEF703FBB720FEF74F
:1026F00000FB0020FEF7FDFAC220FEF7FAFA0020E8
:10270000FEF7F7FAC720FEF7F4FA0020FEF7F1FA19
:10271000D120FEF7EEFA0020FEF7EBFAD620FEF706
:10272000E8FA0020FEF7E5FADD20FEF7E2FA0020E5
:10273000FEF7DFFAF320FEF7DCFA0020FEF7D9FA05
:10274000E320FEF7CDFA0520FEF7D3FA0020FEF7CE
:10275000D0FA0A20FEF7CDFA0020FEF7CAFA1C20B4
:10276000FEF7C7FA0020FEF7C4FA3320FEF7C1FADD
:102770000020FEF7BEFA4420FEF7BBFA0020FEF769
:10278000B8FA5020FEF7B5FA0020FEF7B2FA622040
:10279000FEF7AFFA0020FEF7ACFA7820FEF7A9FAB0
:1027A0000020FEF7A6FA8820FEF7A3FA0020FEF725
:1027B000A0FA9720FEF79DFA0020FEF79AFAA620CD
:1027C000FEF797FA0020FEF794FAB720FEF791FA89
:1027D0000020FEF78EFAC220FEF78BFA0020FEF7EB
:1027E00088FAC720FEF785FA0020FEF782FAD1208A
:1027F000FEF77FFA0020FEF77CFAD520FEF779FA83
:102800000020FEF776FADD20FEF773FA0020FEF7CF
:1028100070FAF320FEF76DFA0020FEF76AFAE42062
:10282000FEF75EFA0120FEF764FA0020FEF761FA77
:102830000120FEF75EFA0020FEF75BFA0220FEF7A9
:1028400058FA0020FEF755FA2A20FEF752FA002027
:10285000FEF74FFA3C20FEF74CFA0020FEF749FA4B
:102860004B20FEF746FA0020FEF743FA5D20FEF704
:1028700040FA0020FEF73DFA7420FEF73AFA0020F5
:10288000FEF737FA8420FEF734FA0020FEF731FA1B
:102890009320FEF72EFA0020FEF72BFAA220FEF777
:1028A00028FA0020FEF725FAB320FEF722FA0020CE
:1028B000FEF71FFABE20FEF71CFA0020FEF719FAF9
:1028C000C420FEF716FA0020FEF713FACD20FEF71B
:1028D00010FA0020FEF70DFAD320FEF70AFA0020C6
:1028E000FEF707FADD20FEF704FA0020FEF701FAF2
:1028F000F320FEF7FEF90020FEF7FBF9E520FEF7D6
:10290000EFF90020FEF7F5F90020FEF7F2F90020BC
:10291000FEF7EFF90020FEF7ECF90220FEF7E9F9E7
:102920000020FEF7E6F92920FEF7E3F90020FEF784
:10293000E0F93C20FEF7DDF90020FEF7DAF94B2044
:10294000FEF7D7F90020FEF7D4F95D20FEF7D1F9A4
:102950000020FEF7CEF97420FEF7CBF90020FEF739
:10296000C8F98420FEF7C5F90020FEF7C2F99320CC
:10297000FEF7BFF90020FEF7BCF9A220FEF7B9F977
:102980000020FEF7B6F9B320FEF7B3F90020FEF7FA
:10299000B0F9BE20FEF7ADF90020FEF7AAF9C42079
:1029A000FEF7A7F90020FEF7A4F9CD20FEF7A1F964
:1029B0000020FEF79EF9D320FEF79BF90020FEF7DA
:1029C00098F9DC20FEF795F90020FEF792F9F32044
:1029D000FEF78FF90020FEF78CF9E620FEF780F96C
:1029E0001120FEF786F90020FEF783F93420FEF768
:1029F00080F90020FEF77DF95620FEF77AF90020D5
:102A0000FEF777F97620FEF774F90020FEF771F9EA
:102A10007720FEF76EF90020FEF76BF96620FEF7CF
:102A200068F90020FEF765F98820FEF762F90020BA
:102A3000FEF75FF99920FEF75CF90020FEF759F9DF
:102A4000BB20FEF756F90020FEF753F99920FEF758
:102A500050F90020FEF74DF96620FEF74AF90020F4
:102A6000FEF747F95520FEF744F90020FEF741F93B
:102A70005520FEF73EF90020FEF73BF94520FEF712
:102A800038F90020FEF735F94320FEF732F900202F
:102A9000FEF72FF94420FEF72CF90020FEF729F964
:102AA000E720FEF71DF93220FEF723F90020FEF79C
:102AB00020F95520FEF71DF90020FEF71AF97620BF
:102AC000FEF717F90020FEF714F96620FEF711F95A
:102AD0000020FEF70EF96720FEF70BF90020FEF745
:102AE00008F96720FEF705F90020FEF702F98720B4
:102AF000FEF7FFF80020FEF7FCF89920FEF7F9F842
:102B00000020FEF7F6F8BB20FEF7F3F80020FEF7F2
:102B1000F0F89920FEF7EDF80020FEF7EAF87720AC
:102B2000FEF7E7F80020FEF7E4F84420FEF7E1F8AE
:102B30000020FEF7DEF85620FEF7DBF80020FEF757
:102B4000D8F82320FEF7D5F80020FEF7D2F833207E
:102B5000FEF7CFF80020FEF7CCF84520FEF7C9F8C5
:102B60000020FEF7C6F8E820FEF7BAF80020FEF7CE
:102B7000C0F80020FEF7BDF89920FEF7BAF8002053
:102B8000FEF7B7F88720FEF7B4F80020FEF7B1F89B
:102B90008820FEF7AEF80020FEF7ABF87720FEF7AE
:102BA000A8F80020FEF7A5F86620FEF7A2F800209E
:102BB000FEF79FF88820FEF79CF80020FEF799F8B2
:102BC000AA20FEF796F80020FEF793F8BB20FEF748
:102BD00090F80020FEF78DF89920FEF78AF8002083
:102BE000FEF787F86620FEF784F80020FEF781F8EC
:102BF0005520FEF77EF80020FEF77BF85520FEF703
:102C000078F80020FEF775F84420FEF772F80020EF
:102C1000FEF76FF84420FEF76CF80020FEF769F825
:102C20005520FEF766F80020FEF763F8E920FEF76E
:102C300057F8AA20FEF75DF80020FEF75AF80020AA
:102C4000FEF757F80020FEF754F80020FEF748F88A
:102C5000AA20FEF74EF8CF20FEF742F80020FEF73C
:102C600048F80020FEF745F80020FEF742F8002063
:102C7000FEF73FF80020FEF73CF80020FEF739F899
:102C80000020FEF736F80020FEF733F80020FEF7AC
:102C900030F80020FEF72DF80020FEF72AF800207B
:102CA000FEF727F80020FEF724F80020FEF721F8B1
:102CB0000020FEF71EF80020FEF71BF80020FEF7AC
:102CC00018F8F020FEF70CF80020FEF712F850205C
:102CD000FEF70FF80020FEF70CF80020FEF709F8C9
:102CE0000020FEF706F8F320FDF7FAFF0020FEF7BC
:102CF00000F8F920FDF7F4FF0620FDF7FAFF102099
:102D0000FDF7F7FF2920FDF7F4FF0020FDF7F1FFA5
:102D10003A20FDF7E5FF5520FDF7EBFF1120FDF709
:102D2000DFFF642002F006FA2920FDF7D9FF3520E5
:102D3000FDF7D6FF0020FDF7DCFF5120FDF7D0FFA7
:102D4000FF20FDF7D6FF5320FDF7CAFF2C20FDF72B
:102D5000D0FF5520FDF7C4FF8220FDF7CAFF2C20CD
:102D6000FDF7BEFF01F048B8FE48808845F21051DB
:102D700088427DD155214FF47040FDF7CCFFAA2148
:102D80004FF20100FDF7C7FF52214FF20200FDF79D
:102D9000C2FF08214FF20300FDF7BDFF01214FF2F2
:102DA0000400FDF7B8FF0D214FF43040FDF7B3FFED
:102DB0000D214BF20100FDF7AEFF0D214BF2020099
:102DC000FDF7A9FF34214FF43640FDF7A4FF34216D
:102DD0004BF20160FDF79FFF34214BF20260FDF7DB
:102DE0009AFF0D214FF43140FDF795FF0D214BF275
:102DF0000110FDF790FF0D214BF20210FDF78BFF44
:102E000034214FF43740FDF786FF34214BF2017037
:102E1000FDF781FF34214BF20270FDF77CFF0021AA
:102E20004FF43240FDF777FF00214BF20120FDF710
:102E300072FF00214BF20220FDF76DFF24214FF4B9
:102E40003840FDF768FF24214BF60100FDF763FFD2
:102E500024214BF60200FDF75EFF01214FF43F40B5
:102E6000FDF759FF0F214FF43340FDF754FF00E009
:102E7000FDE30F214BF20130FDF74DFF0F214BF227
:102E80000230FDF748FF34214FF43940FDF743FF8E
:102E900034214BF60110FDF73EFF34214BF60210B2
:102EA000FDF739FF08214FF43540FDF734FF0821C5
:102EB0004BF20150FDF72FFF08214BF20250FDF7B6
:102EC0002AFF03214FF44240FDF725FF24214FF450
:102ED0003A40FDF720FF24214BF60120FDF71BFFB0
:102EE00024214BF60220FDF716FF00214FF43C4051
:102EF000FDF711FF78214BF60140FDF70CFF002193
:102F00004BF60240FDF707FF00214FF43D40FDF76F
:102F100002FF78214BF60150FDF7FDFE00214BF634
:102F20000250FDF7F8FE00214FF43E40FDF7F3FE9E
:102F300064214BF60160FDF7EEFE00214FF4514095
:102F4000FDF7E9FE33214DF20110FDF7E4FE00210B
:102F50004DF20210FDF7DFFE34214DF20310FDF7B4
:102F6000DAFE00214DF20410FDF7D5FE3A214DF2B4
:102F70000510FDF7D0FE00214DF20610FDF7CBFE47
:102F80004A214DF20710FDF7C6FE00214DF2081050
:102F9000FDF7C1FE5C214DF20910FDF7BCFE0021DA
:102FA0004DF20A10FDF7B7FE81214DF20B10FDF72F
:102FB000B2FE00214DF20C10FDF7ADFEA6214DF240
:102FC0000D10FDF7A8FE00214DF20E10FDF7A3FE37
:102FD000E5214DF20F10FDF79EFE01214DF210107C
:102FE000FDF799FE13214DF21110FDF794FE01211A
:102FF0004DF21210FDF78FFE54214DF21310FDF724
:103000008AFE01214DF21410FDF785FE82214DF25A
:103010001510FDF780FE01214DF21610FDF77BFE25
:10302000CA214DF21710FDF776FE02214DF218105D
:10303000FDF771FE00214DF21910FDF76CFE022123
:103040004DF21A10FDF767FE01214DF21B10FDF73E
:1030500062FE02214DF21C10FDF75DFE34214DF29F
:103060001D10FDF758FE02214DF21E10FDF753FE14
:1030700067214DF21F10FDF74EFE02214DF2201088
:10308000FDF749FE84214DF22110FDF744FE022197
:103090004DF22210FDF73FFEA4214DF22310FDF763
:1030A0003AFE02214DF22410FDF735FEB7214DF214
:1030B0002510FDF730FE02214DF22610FDF72BFE04
:1030C000CF214DF22710FDF726FE02214DF22810E8
:1030D000FDF721FEDE214DF22910FDF71CFE022135
:1030E0004DF22A10FDF717FEF2214DF22B10FDF7DD
:1030F00012FE02214DF22C10FDF70DFEFE214DF2C5
:103100002D10FDF708FE03214DF22E10FDF703FEF2
:1031100010214DF22F10FDF7FEFD03214DF230106E
:10312000FDF7F9FD33214DF23110FDF7F4FD0321D8
:103130004DF23210FDF7EFFD6D214DF23310FDF72A
:10314000EAFD00214FF45240FDF7E5FD33214DF239
:103150000120FDF7E0FD00214DF20220FDF7DBFD2F
:10316000342101E03CF201204DF20320FDF7D3FDB4
:1031700000214DF20420FDF7CEFD3A214DF205204D
:10318000FDF7C9FD00214DF20620FDF7C4FD4A21DF
:103190004DF20720FDF7BFFD00214DF20820FDF79D
:1031A000BAFD5C214DF20920FDF7B5FD00214DF27D
:1031B0000A20FDF7B0FD81214DF20B20FDF7ABFD9C
:1031C00000214DF20C20FDF7A6FDA6214DF20D20A9
:1031D000FDF7A1FD00214DF20E20FDF79CFDE5213C
:1031E0004DF20F20FDF797FD01214DF21020FDF764
:1031F00092FD13214DF21120FDF78DFD01214DF2BD
:103200001220FDF788FD54214DF21320FDF783FDB8
:1032100001214DF21420FDF77EFD82214DF2152093
:10322000FDF779FD01214DF21620FDF774FDCA214D
:103230004DF21720FDF76FFD02214DF21820FDF72A
:103240006AFD00214DF21920FDF765FD02214DF2C6
:103250001A20FDF760FD01214DF21B20FDF75BFDFB
:1032600002214DF21C20FDF756FD34214DF21D20A8
:10327000FDF751FD02214DF21E20FDF74CFD6721A7
:103280004DF21F20FDF747FD02214DF22020FDF7F2
:1032900042FD84214DF22120FDF73DFD02214DF23A
:1032A0002220FDF738FDA4214DF22320FDF733FD48
:1032B00002214DF22420FDF72EFDB7214DF22520ED
:1032C000FDF729FD02214DF22620FDF724FDCF2137
:1032D0004DF22720FDF71FFD02214DF22820FDF7BA
:1032E0001AFDDE214DF22920FDF715FD02214DF2D8
:1032F0002A20FDF710FDF2214DF22B20FDF70BFDEA
:1033000002214DF22C20FDF706FDFE214DF22D206D
:10331000FDF701FD03214DF22E20FDF7FCFC1021ED
:103320004DF22F20FDF7F7FC03214DF23020FDF781
:10333000F2FC33214DF23120FDF7EDFC03214DF27B
:103340003220FDF7E8FC6D214DF23320FDF7E3FC60
:1033500000214FF45340FDF7DEFC33214DF20130E4
:10336000FDF7D9FC00214DF20230FDF7D4FC3421E9
:103370004DF20330FDF7CFFC00214DF20430FDF794
:10338000CAFC3A214DF20530FDF7C5FC00214DF293
:103390000630FDF7C0FC4A214DF20730FDF7BBFCBB
:1033A00000214DF20830FDF7B6FC5C214DF20930EA
:1033B000FDF7B1FC00214DF20A30FDF7ACFC812194
:1033C0004DF20B30FDF7A7FC00214DF20C30FDF75C
:1033D000A2FCA6214DF20D30FDF79DFC00214DF21F
:1033E0000E30FDF798FCE5214DF20F30FDF793FC10
:1033F00001214DF21030FDF78EFC13214DF21130FA
:10340000FDF789FC01214DF21230FDF784FC5421B7
:103410004DF21330FDF77FFC01214DF21430FDF722
:103420007AFC82214DF21530FDF775FC01214DF239
:103430001630FDF770FCCA214DF21730FDF76BFC1A
:1034400002214DF21830FDF766FC00214DF21930D3
:10345000FDF761FC02214DF21A30FDF75CFC012101
:103460004DF21B30FDF757FC02214DF21C30FDF7E9
:1034700052FC34214DF21D30FDF74DFC02214DF27E
:103480001E30FDF748FC67214DF21F30FDF743FC6D
:1034900002214DF22030FDF73EFC84214DF2213017
:1034A000FDF739FC02214DF22230FDF734FCA42156
:1034B0004DF22330FDF72FFC02214DF22430FDF7B1
:1034C0002AFCB7214DF22530FDF725FC02214DF2F3
:1034D0002630FDF720FCCF214DF22730FDF71BFCF5
:1034E00002214DF22830FDF716FCDE214DF2293085
:1034F000FDF711FC02214DF22A30FDF70CFCF22100
:103500004DF22B30FDF707FC02214DF22C30FDF778
:1035100002FCFE214DF22D30FDF7FDFB03214DF2A3
:103520002E30FDF7F8FB10214DF22F30FDF7F3FBA5
:1035300003214DF23030FDF7EEFB33214DF23130F7
:10354000FDF7E9FB03214DF23230FDF7E4FB6D217D
:103550004DF23330FDF7DFFB00214FF45440FDF70F
:10356000DAFB33214DF20140FDF7D5FB00214DF28E
:103570000240FDF7D0FB34214DF20340FDF7CBFBB9
:1035800000214DF20440FDF7C6FB3A214DF2054003
:10359000FDF7C1FB00214DF20640FDF7BCFB4A21BF
:1035A0004DF20740FDF7B7FB00214DF20840FDF753
:1035B000B2FB5C214DF20940FDF7ADFB00214DF25D
:1035C0000A40FDF7A8FB81214DF20B40FDF7A3FB5C
:1035D00000214DF20C40FDF79EFBA6214DF20D405F
:1035E000FDF799FB00214DF20E40FDF794FBE5211C
:1035F0004DF20F40FDF78FFB01214DF21040FDF71A
:103600008AFB13214DF21140FDF785FB01214DF29C
:103610001240FDF780FB54214DF21340FDF77BFB78
:1036200001214DF21440FDF776FB82214DF2154049
:10363000FDF771FB01214DF21640FDF76CFBCA212D
:103640004DF21740FDF767FB02214DF21840FDF7E0
:1036500062FB00214DF21940FDF75DFB02214DF2A6
:103660001A40FDF758FB01214DF21B4000E005E335
:10367000FDF751FB02214DF21C40FDF74CFB3421BC
:103680004DF21D40FDF747FB02214DF21E40FDF7B4
:1036900042FB67214DF21F40FDF73DFB02214DF239
:1036A0002040FDF738FB84214DF22140FDF733FB2C
:1036B00002214DF22240FDF72EFBA4214DF22340C2
:1036C000FDF729FB02214DF22440FDF724FBB72131
:1036D0004DF22540FDF71FFB02214DF22640FDF77C
:1036E0001AFBCF214DF22740FDF715FB02214DF2C9
:1036F0002840FDF710FBDE214DF22940FDF70BFBC2
:1037000002214DF22A40FDF706FBF2214DF22B403B
:10371000FDF701FB02214DF22C40FDF7FCFAFE21E2
:103720004DF22D40FDF7F7FA03214DF22E40FDF743
:10373000F2FA10214DF22F40FDF7EDFA03214DF280
:103740003040FDF7E8FA33214DF23140FDF7E3FA5E
:1037500003214DF23240FDF7DEFA6D214DF2334088
:10376000FDF7D9FA00214FF45540FDF7D4FA332183
:103770004DF20150FDF7CFFA00214DF20250FDF756
:10378000CAFA34214DF20350FDF7C5FA00214DF27B
:103790000450FDF7C0FA3A214DF20550FDF7BBFA8F
:1037A00000214DF20650FDF7B6FA4A214DF20750BE
:1037B000FDF7B1FA00214DF20850FDF7ACFA5C219B
:1037C0004DF20950FDF7A7FA00214DF20A50FDF71E
:1037D000A2FA81214DF20B50FDF79DFA00214DF226
:1037E0000C50FDF798FAA6214DF20D50FDF793FA13
:1037F00000214DF20E50FDF78EFAE5214DF20F50EB
:10380000FDF789FA01214DF21050FDF784FA1321DA
:103810004DF21150FDF77FFA01214DF21250FDF7E4
:103820007AFA54214DF21350FDF775FA01214DF249
:103830001450FDF770FA82214DF21550FDF76BFA26
:1038400001214DF21650FDF766FACA214DF21750CC
:10385000FDF761FA02214DF21850FDF75CFA0021E4
:103860004DF21950FDF757FA02214DF21A50FDF7AB
:1038700052FA01214DF21B50FDF74DFA02214DF293
:103880001C50FDF748FA34214DF21D50FDF743FA64
:1038900002214DF21E50FDF73EFA67214DF21F50F6
:1038A000FDF739FA02214DF22050FDF734FA842158
:1038B0004DF22150FDF72FFA02214DF22250FDF773
:1038C0002AFAA4214DF22350FDF725FA02214DF2E8
:1038D0002450FDF720FAB7214DF22550FDF71BFAD1
:1038E00002214DF22650FDF716FACF214DF2275056
:1038F000FDF711FA02214DF22850FDF70CFADE21F6
:103900004DF22950FDF707FA02214DF22A50FDF73A
:1039100002FAF2214DF22B50FDF7FDF902214DF292
:103920002C50FDF7F8F9FE214DF22D50FDF7F3F97B
:1039300003214DF22E50FDF7EEF910214DF22F50DC
:10394000FDF7E9F903214DF23050FDF7E4F9332199
:103950004DF23150FDF7DFF903214DF23250FDF702
:10396000DAF96D214DF23350FDF7D5F900214FF40E
:103970005640FDF7D0F933214DF20160FDF7CBF948
:1039800000214DF20260FDF7C6F934214DF20360CB
:10399000FDF7C1F900214DF20460FDF7BCF93A21B1
:1039A0004DF20560FDF7B7F900214DF20660FDF715
:1039B000B2F94A214DF20760FDF7ADF900214DF251
:1039C0000860FDF7A8F95C214DF20960FDF7A3F945
:1039D00000214DF20A60FDF79EF981214DF20B6046
:1039E000FDF799F900214DF20C60FDF794F9A6213D
:1039F0004DF20D60FDF78FF900214DF20E60FDF7DD
:103A00008AF9E5214DF20F60FDF785F901214DF2AC
:103A10001060FDF780F913214DF21160FDF77BF97D
:103A200001214DF21260FDF776F954214DF2136039
:103A3000FDF771F901214DF21460FDF76CF9822157
:103A40004DF21560FDF767F901214DF21660FDF7A3
:103A500062F9CA214DF21760FDF75DF902214DF2BE
:103A60001860FDF758F900214DF21960FDF753F980
:103A700002214DF21A60FDF74EF901214DF21B6053
:103A8000FDF749F902214DF21C60FDF744F934219C
:103A90004DF21D60FDF73FF902214DF21E60FDF76A
:103AA0003AF967214DF21F60FDF735F902214DF219
:103AB0002060FDF730F984214DF22160FDF72BF9EC
:103AC00002214DF22260FDF726F9A4214DF2236078
:103AD000FDF721F902214DF22460FDF71CF9B72111
:103AE0004DF22560FDF717F902214DF22660FDF732
:103AF00012F9CF214DF22760FDF70DF902214DF2A9
:103B00002860FDF708F9DE214DF22960FDF703F981
:103B100002214DF22A60FDF7FEF8F2214DF22B60F2
:103B2000FDF7F9F802214DF22C60FDF7F4F8FE21C3
:103B30004DF22D60FDF7EFF803214DF22E60FDF7F9
:103B4000EAF810214DF22F60FDF7E5F803214DF260
:103B50003060FDF7E0F833214DF23160FDF7DBF81E
:103B600003214DF23260FDF7D6F86D214DF233603E
:103B7000FDF7D1F855214FF47040FDF7CCF8AA219C
:103B80004FF20100FDF7C7F852214FF20200FDF796
:103B9000C2F808214FF20300FDF7BDF800214FF2F3
:103BA0000400FDF7B8F8CC214FF43140FDF7B3F82D
:103BB00000214BF20110FDF7AEF805214FF436401D
:103BC000FDF7A9F870214FF43740FDF7A4F87021F4
:103BD0004BF20170FDF79FF801214FF43840FDF7DB
:103BE0009AF803214BF60100FDF795F803214BF6F7
:103BF0000200FDF790F803214BF60300FDF78BF868
:103C000002214FF43C40FDF786F800214BF60140BD
:103C1000FDF781F800214BF60240FDF77CF8D0213A
:103C20004FF44940FDF777F802214CF60110FDF7FB
:103C300072F850214CF60210FDF76DF850214CF649
:103C40000310FDF768F850214CF60410FDF763F8F7
:103C500000214FF45450FDF75EF855214FF46850A1
:103C6000FDF759F84FF48850FDF73AF8782001F045
:103C700019FA4FF42450FDF733F8BDE0FE48808870
:103C800041F663118842F8D1E220FDF729F81D20A2
:103C9000FDF72FF80220FDF72CF80420FDF729F896
:103CA000642001F0FFF9E020FDF71AF80120FDF78C
:103CB00020F80A2001F03EFAE020FDF711F8032079
:103CC000FDF717F80C2001F035FA0120FDF708F890
:103CD0000A2001F02FFAE620FDF702F82F20FDF769
:103CE00008F8FF20FDF705F8FF20FDF702F8B020E7
:103CF000FCF7F6FF2020FCF7FCFF0020FCF7F9FFA3
:103D00000320FCF7F6FF40F21F30FCF7F2FF012022
:103D1000FCF7EFFF40F2DF10FCF7EBFF0020FCF7B1
:103D2000E8FFB420FCF7DCFF0420FCF7E2FF40F2E0
:103D30001F40FCF7DEFF0020FCF7DBFF2E20FCF726
:103D4000D8FF0020FCF7D5FF0020FCF7D2FF0020B1
:103D5000FCF7CFFF0020FCF7CCFFB620FCF7C0FF3C
:103D60000220FCF7C6FF4FF40370FCF7C2FF0020EF
:103D7000FCF7BFFF1720FCF7BCFF1520FCF7B9FFCD
:103D80000020FCF7B6FF0020FCF7B3FFF020FCF7A3
:103D9000A7FF0320FCF7ADFF2920FCF7A1FFD020EF
:103DA000FCF79EFF0020FCF7A4FFBE20FCF798FF65
:103DB0000520FCF79EFFFE20FCF79BFF0120FCF78F
:103DC00098FF0020FCF795FF0020FCF792FF0020F1
:103DD000FCF78FFFB820FCF783FF0320FCF789FF77
:103DE0000120FCF786FFBA20FCF77AFF0120FCF7E0
:103DF00080FF6420FDF74FFA0020FDF778FA0120DC
:103E00009E4908604FF6FF70FDF7C6FB21B000BD6C
:103E10002DE9F04F05460E4617469846DDF824A0DA
:103E20004FF0000B781B401C1FFA80FB344614E057
:103E300021462846FCF79EFFFCF77FFF4FF0000964
:103E400007E04FF0D840A0F880A009F101001FFA68
:103E500080F9D945F5DB601C84B24445E8DDBDE856
:103E6000F08F2DE9F84F07460D4690469946DDF84C
:103E700028B0A8EB0700401C1FFA80FAA9EB050048
:103E8000401C80B20090002414E0281981B238460A
:103E9000FCF770FFFCF751FF002607E004FB0A6007
:103EA0003BF8100076490880701C86B25645F5DB59
:103EB000601C84B200988442E7DBBDE8F88F2DE9EE
:103EC000FF4F84B081468A460020039002900698F6
:103ED000A0EB09050798A0EB0A06CDF80490CDF8F1
:103EE00000A0002D01DD012705E00DB9002702E04B
:103EF0004FF0FF376D42002E02DD4FF0010806E063
:103F000016B94FF0000802E04FF0FF387642B54294
:103F100001DD2C4600E034464FF0000B21E0009A12
:103F200091B2019A90B2FDF731F9039828440390B9
:103F30000298304402900398A04205DD0398001BCC
:103F400003900198384401900298A04205DD029840
:103F5000001B02900098404400900BF101001FFAF2
:103F600080FB601C8345DADD08B0BDE8F08FF0B55A
:103F700004460D4616461F462B4632462946204625
:103F8000FFF79DFF3B46224629462046FFF797FF55
:103F90003B46324639462046FFF791FF3B463246C4
:103FA00029463046FFF78BFFF0BD2DE9F04306466A
:103FB0000F469046002445460320A0EB48093CE00C
:103FC0007A1B91B2321990B2FDF7E0F83A1B91B228
:103FD000721990B2FDF7DAF83A1991B2721990B2EB
:103FE000FDF7D4F87A1991B2321990B2FDF7CEF8F4
:103FF0007A1991B2321B90B2FDF7C8F83A1991B212
:10400000721B90B2FDF7C2F87A1B91B2321B90B2CC
:10401000FDF7BCF83A1B91B2721B90B2FDF7B6F8EF
:10402000641CB9F1000F03DAA000801D814404E094
:10403000601B80000A3081446D1EAC42C0DDBDE8CB
:10404000F0832DE9F84F80460E4617461C46B346CE
:104050002046E31704EB5373DB1021464FEAE47C60
:1040600004EB5C7C4FEAEC0CA4EBCC0CBCF1000F35
:1040700008D04FF0010C07E03CF20120BC82404226
:104080008000006C4FF0000C6344224604EBD27CAD
:104090004FEA6C0C03FB0CF3DBB20093A7F120009A
:1040A000C7B2002556E00C2C07D107EB47009F490B
:1040B00001EB800010F8059013E0102C05D19C480E
:1040C00000EB071010F805900BE0182C07D107EB58
:1040D000C700984901EB800010F8059001E0BDE8A9
:1040E000F88F4FF0000A2FE009F0800030B19248BD
:1040F000028831464046FDF757F807E00A9828B98C
:104100008E48028831464046FDF74EF84FEA496036
:104110004FEA1069701C86B289484088B04200DCC2
:10412000DDE7A6EB0B00A0420AD15E4608F10100D4
:104130001FFA80F882480088404500DCCFE706E09F
:104140000AF1010000F0FF0ABAF1080FCCDB00BF52
:10415000681CC5B200988542A5DB00BFBFE710B55B
:104160000246012000E050430B1EA1F10104E1B220
:10417000F9D110BD2DE9FF4F81B0074691461E468B
:104180000E9D4FF0000A002439E0301B401EC1B2E2
:104190000A20FFF7E4FFB9FBF0F00A21B0FBF1F2CF
:1041A00001FB1208BAF1000F16D1701EA04213DDF8
:1041B000B8F1000F0ED10020AB4605EBDB714910C2
:1041C00001FB0471009088B22B4620220299FFF770
:1041D00038FF12E04FF0010A0020AB4605EBDB711F
:1041E000491001FB0471009088B208F13001CAB295
:1041F0002B460299FFF725FF00BF601CC4B2B442F2
:10420000C3DB05B0BDE8F08F2DE9FF4F82B0064655
:1042100092461F46DDE90F480020019000254DE041
:10422000781B401EC1B20A20FFF799FFBAFBF0F0DD
:104230000A21B0FBF1F201FB1209019850BB781E74
:10424000A84227DDB9F1000F22D108F0800078B133
:1042500008F00100A34604EBDB71491001FB056186
:10426000009088B2234630220399FFF7EAFE0EE061
:1042700008F00100A34604EBDB71491001FB056166
:10428000009088B2234620220399FFF7DAFE13E05C
:104290000120019008F00100A34604EBDB714910F6
:1042A00001FB0561009088B209F13001CAB22346D2
:1042B0000399FFF7C6FE00BF681CC5B2BD42AFDB65
:1042C00006B0BDE8F08F2DE9F84704460D4690464C
:1042D0009946DDE9096704F0FF0A08EB04001FFABC
:1042E00080F809EB05001FFA80F916E0444502DB6F
:1042F0005446A81985B24D4500DB14E0002000901B
:104300003A78334629462046FFF79BFE304606EBB7
:10431000D07104EB61018CB27F1C38787E2802DCFE
:1043200038782028E2DA00BFBDE8F887C691000897
:104330003A9600082A9C00086000002062000020D5
:104340003CF201201CB50121112002F0E9F81C20EB
:10435000009000208DF8040003208DF80500012056
:104360008DF807006946354801F084F90120009076
:1043700002208DF807006946314801F07BF91CBD29
:1043800010B5044614B101202E4908702D4800785C
:10439000002837D01021294801F0CEF978B1082142
:1043A000264801F0C9F950B10421244801F0C4F9AC
:1043B00028B10121224801F0BFF9012822D10A20A9
:1043C00000F0B8FE00201F49087010211B4801F0C2
:1043D000B3F908B9012010BD0821184801F0ACF963
:1043E00008B90220F7E70421144801F0A5F908B93B
:1043F0000320F0E70121124801F09EF901281BD1AA
:104400000420E8E710210D4801F096F9012813D1A6
:1044100008210A4801F090F901280DD1042107482C
:1044200001F08AF9012807D10121054801F084F93A
:1044300010B90120034908700020CCE700100240A9
:10444000000002406400002010B5012001F07BF85C
:10445000012811D1FBF718FF012001F080F89748DF
:10446000006808B9012000E00020944908609448E1
:104470000078401C9249087010BDF0B58FB004461A
:104480000D4616461F460121880502F049F88D4861
:1044900001F098FC00BF8B4801F0BDFD0028FAD167
:1044A0004FF0007000908848019002940020039023
:1044B0000495059006974FF48050079008960011D8
:1044C000099040020A9004200B9003200C900020D9
:1044D0000D900E9069467B4801F016FD0FB0F0BDBF
:1044E0000EB50121172002F01BF80121084602F049
:1044F00028F85020019002208DF8080000208DF847
:104500000A0003208DF8090001208DF80B0001A995
:104510006E4801F0AFF8C020019001A96C4801F08D
:10452000A9F84FF43C60019001A96A4801F0A2F893
:104530006020019001A9684801F09CF80D22042137
:10454000624801F022F90D220621604801F01DF9B0
:104550000D2207215E4801F018F90D2206215D4861
:1045600001F013F90D2207215A4801F00EF90D222E
:104570000821584801F009F90D220921554801F098
:1045800004F90D220B21534801F0FFF80D220621FA
:104590004F4801F0FAF80D2205214F4801F0F5F8D7
:1045A0000D2206214C4801F0F0F800F017FF002022
:1045B0004A4908804881888108812020888000201D
:1045C0004880C880084600F015FF0121084600F029
:1045D00091FF012000F06DFF4E208DF800000020BB
:1045E0008DF801008DF8020001208DF80300684667
:1045F00000F089FE0EBD10B500210846FCF7BAFB9D
:10460000FCF79BFB01212F4801F0B8FC012000F0D2
:104610005FFF10BD10B5002000F05AFF00BF2A4810
:104620002838006800F001000028F8D10021254852
:1046300001F0A4FC10BD2DE9F04106460F461446DA
:104640001D46FFF7E7FF4FF6FF70FCF7A5FF2B466F
:10465000224639463046FCF7DFFE2946204600F068
:1046600065FA00210846FCF785FBFCF766FB012193
:10467000144801F083FC012000F02AFFBDE8F0811E
:1046800070B504460E46154600F0A8FE00201349FA
:10469000088048818881B0010881600188800020FD
:1046A0004880E801C880084600F0A4FE012000F020
:1046B0000FFF012000F0FDFE70BD0000A882424205
:1046C00065000020286402402800055000000240D8
:1046D0000004024000080240001002404AF201209B
:1046E0007CB500250121402001F01AFF4FF4024063
:1046F000009001208DF8040000208DF806000220B3
:104700008DF8050001208DF807006946F94800F092
:10471000B1FF0020F84908600A2000F00BFD0020DE
:10472000F649C1F8BC020A2000F004FD0120F2495C
:104730001831086000F0C4FA0121FF2000F0AEFB40
:104740008021122000F0AAFB322000F0F3FC1C2094
:1047500000F0C3FB04464FF6FF7000EA04241D205E
:1047600000F0BBFB044347F6A270844205D021460B
:10477000E3A004F055F901207CBD0A2000F0ADFB58
:1047800004464FF6FF7000EA04240B2000F0A5FB5E
:10479000044342F24260844203D02146DBA004F08D
:1047A0003FF900250AE0DC4A02EB45025178DA4A7B
:1047B00012F8150000F072FB681C85B2B22DF2D31E
:1047C0000020D9E710B5002400BF0AE0D34A02EB6D
:1047D00044025178D14A12F8140000F05FFB601CCB
:1047E00084B2082CF2D300240AE0CD4A02EB440242
:1047F0005178CB4A12F8140000F050FB601C84B2D0
:10480000072CF2D310BD10B5002400BF0AE0C54A42
:1048100002EB44025178C34A12F8140000F03EFB48
:10482000601C84B20E2CF2D310BD70B50546BE4894
:1048300000EBC506002409E0012202EB4402B15C52
:1048400016F8140000F02AFB601CC4B2042CF3DB41
:1048500070BD2DE9F04104465E254126542734B150
:10486000022C0ED0032C10D0042C16D111E0002104
:10487000FF2000F013FB1021C72000F00FFBBDE864
:10488000F081652541264F2707E0522541266627FE
:1048900003E042253F26712700BF00BF0021FF2013
:1048A00000F0FCFA4021C72000F0F8FA2946CC209D
:1048B00000F0F4FA3146CD2000F0F0FA3946CE206F
:1048C00000F0ECFA00BFDAE770B50446A01C08213E
:1048D00041EA0010C5B20021FF2000F0DFFA0021FC
:1048E0007C2000F0DBFA02217D2000F0D7FA0321C2
:1048F0007C2000F0D3FA29467D2000F0CFFA29462B
:104900007D2000F0CBFA70BD10B504460021FF20D9
:1049100000F0C4FA00217C2000F0C0FA04217D20C0
:1049200000F0BCFA09217C2000F0B8FA2007010E43
:104930007D2000F0B3FA00217D2000F0AFFA10BD19
:1049400070B504462025202634B1012C07D0032C55
:1049500008D0042C0CD108E01825342608E01C25CA
:104960002A2605E02425162602E028250C2600BF6D
:1049700000BF0021FF2000F091FA00217C2000F010
:104980008DFA04217D2000F089FA07217C2000F0B7
:1049900085FA20217D2000F081FA29467D2000F053
:1049A0007DFA31467D2000F079FA06217D2000F065
:1049B00075FA70BD2DE9F041044600258026802758
:1049C000072C19D2DFE804F0180406080C101400B4
:1049D000402511E018250FE018254026C0270BE0E0
:1049E00018254026402707E01825A026402703E089
:1049F00018254026A62700BF00BF0021FF2000F099
:104A00004DFA00217C2000F049FA29467D2000F073
:104A100045FA05217C2000F041FA31467D2000F066
:104A20003DFA39467D2000F039FABDE8F08170B5D5
:104A300005460121FF2000F031FA122000F04DFA66
:104A4000044624F002040DB144F002042146122071
:104A500000F024FA70BD2DE9F04705460E461746D2
:104A60009846384607EBD07105EB61011FFA81F9D2
:104A7000404608EBD07106EB61011FFA81FA012173
:104A8000FF2000F00BFA032000F027FA044604F0A0
:104A9000F0040AF00301304661F39F00044321460D
:104AA000032000F0FBF9C6F38701192000F0F6F9A6
:104AB000CAF387011A2000F0F1F9322000F00DFA54
:104AC000044604F0C00409F00701284661F3DF0042
:104AD00004432146322000F0E1F9C5F3C701172055
:104AE00000F0DCF9C9F3C701182000F0D7F9BDE8E0
:104AF000F087000000180240A40243420000434235
:104B00004D49443A25640D0A000000004849443AE2
:104B100025640D0A0000000086A9000876AC000894
:104B20004CAC00085AAC000886AC00082DE9F041F6
:104B300004460D46E11704EB91718910A4EB810145
:104B400011B10120BDE8F081E91705EB91718910E1
:104B5000A5EB810109B10220F4E72046E11704EB3F
:104B60009171C1F38F072846E91705EB9171C1F3E5
:104B70008F060021FF2000F091F90421E02000F0D1
:104B80008DF9F9B25A2000F089F9F1B25B2000F0FA
:104B900085F9C7F30128042000EAA61040EA0808B6
:104BA00041465C2000F07AF90021E02000F076F91F
:104BB0000020C7E72DE9F0478046894614461D4688
:104BC000E11704EB91718910A4EB810111B101206F
:104BD000BDE8F087E91705EB91718910A5EB81011C
:104BE00009B10220F4E72046E11704EB9171C1F30B
:104BF0008F062846E91705EB9171C1F38F0A002152
:104C0000FF2000F04BF90421E02000F047F9F1B259
:104C1000512000F043F90AF0FF01522000F03EF964
:104C200008F0FF01532000F039F909F0FF0154208A
:104C300000F034F9802000EA6A07702000EA2910A9
:104C40000743082000EA66100743C8F30220074321
:104C50003946552000F022F9802000EAA6015720AD
:104C600000F01CF90021E02000F018F90020AFE767
:104C700070B504460D460021FF2000F00FF9042115
:104C8000E02000F00BF9C4F3C701C02000F006F9E2
:104C9000C5F3C701C12000F001F96007860E05F0D9
:104CA00007000643802000EA2410064331468C208A
:104CB00000F0F4F80021E02000F0F0F8002070BDD2
:104CC0001CB50121082001F02BFCC0200090012020
:104CD0008DF8040000208DF8060002208DF80500F4
:104CE00001208DF8070069468F4800F0C3FCC02101
:104CF0008D4800F03BFD8C48006820F440408A4914
:104D000008600846006840F4804008601CBD10B58B
:104D10000120864908608649C1F89802322000F0D7
:104D2000C1F9002081490860322000F0BBF9002061
:104D30007F49C1F8980210BD10B500207B4908607A
:104D4000322000F0AFF901207949C1F898023220F1
:104D500000F0A8F9012075490860322000F0A2F99E
:104D600010BD10B5322000F09DF901206F49086098
:104D70006F49C1F89802322000F094F900206B4985
:104D8000091F0860322000F08DF900206849C1F841
:104D90009C02322000F086F910BD70B50446002652
:104DA0001BE004F0800018B101206049086002E0B7
:104DB00000205E4908606006040E322000F072F99F
:104DC00001205A49091F0860322000F06BF90020C9
:104DD0005749C1F89802701CC6B2082EE1DB524850
:104DE000006820F4404050490860084600680860A8
:104DF000322000F057F901204C49091F0860322089
:104E000000F050F94A48D0F81C0208B1012500E032
:104E1000002500204549091F08604348006820F428
:104E20004040414908600846006840F480400860FE
:104E3000284670BD70B500243B48006820F440400F
:104E400039490860084600680860082517E03220E4
:104E500000F028F901203549091F08606006040E9A
:104E60003348D0F81C0208B1601CC4B2322000F0F4
:104E700019F900202D49091F0860681EC5B2002DD0
:104E8000E5DC2948006820F44040274908600846CE
:104E9000006840F480400860204670BD70B505464B
:104EA0000C460026FFF733FF6020FFF776FF00B1C6
:104EB0000126642000F0F6F82846FFF76EFF00B1E7
:104EC0000126642000F0EEF82046FFF766FF00B1EF
:104ED0000126FFF731FF304670BD70B5044600254E
:104EE000FFF715FF6020FFF758FF642000F0DAF8A5
:104EF0002046FFF752FF642000F0D4F8FFF71CFFB4
:104F0000642000F0CFF8FFF702FF6120FFF745FFB4
:104F1000642000F0C7F8FFF78DFF0546FFF721FF7B
:104F2000FFF70AFF284670BD000C02409C824142F8
:104F30000080414230B587B005460C460121084645
:104F400001F0EEFA0121480401F033FB0C2005903A
:104F500002208DF818008DF8190000208DF81A0035
:104F600001208DF81B0005A9114800F083FB0722E2
:104F700002210F4800F009FC072203210C4800F031
:104F800004FC01940020ADF80800ADF80A00ADF86B
:104F90000C00ADF810000820ADF80E0001A905487E
:104FA00001F079FC0121034801F0FDFC07B030BDA0
:104FB00000000240004400407FB504460D46012138
:104FC000022001F0F6FAADF804500020ADF806001A
:104FD0000294ADF80C0001A91A4801F0CCFE0122A0
:104FE0001146184802F068FB0121164801F04CFFF9
:104FF0001D208DF8000001208DF8010003208DF8A0
:10500000020001208DF80300684600F07CF97FBDA6
:1050100010B501210B4802F066FB01280CD10A48AB
:1050200001780AA003F0FCFC0B4801880BA003F0F8
:10503000F7FC0020044908700121024802F064FBDB
:1050400010BD000000040040650000206672616D24
:10505000653A25640D0A0000040000206A70656747
:105060005F646174615F6C656E3A25640D0A0000CF
:1050700010B504466FF0040000F092F9E11704EB5C
:105080005171C1F3C701394A11701046007800EB25
:105090004001C1EBC0104FF6FF7101EAC000344976
:1050A000088010BD0146314A12784A434FF0E02390
:1050B0005A6100229A611A46126942F001021A618D
:1050C00000BF4FF0E022106900F001021AB100F4B5
:1050D0008032002AF5D04FF0E022126922F001025E
:1050E0004FF0E0231A6100229A6170470146204A7E
:1050F00012884A434FF0E0235A6100229A611A460F
:10510000126942F001021A6100BF4FF0E0221069FB
:1051100000F001021AB100F48032002AF5D04FF0FD
:10512000E022126922F001024FF0E0231A6100220E
:105130009A61704770B504464FF4077094FBF0F025
:10514000C6B24FF4077094FBF0F100FB114085B23A
:1051500005E04FF40770FFF7C9FF701EC6B2002EBE
:10516000F7D115B12846FFF7C1FF70BD66000020DA
:105170006800002000BF704700BF4C4A128802F050
:105180004002002AF9D0C2B2484B9A80704710B54D
:1051900088B004460121084601F0C2F9012110201F
:1051A00001F018FA07220921414800F0EEFA07221F
:1051B0000A213F4800F0E9FA4FF4C060069002204F
:1051C0008DF81C008DF81D0000208DF81E000120B8
:1051D0008DF81F0006A9364800F04CFA0294002012
:1051E000ADF80C00ADF80E00ADF81000ADF81400ED
:1051F0000C20ADF8120002A92C4801F04CFB012153
:105200002A4801F0D0FB012240F22551274801F045
:1052100080FC25208DF8040003208DF805008DF812
:10522000060001208DF8070001A800F06CF808B016
:1052300010BD10B540F225511C4801F0A5FC10B37B
:105240001A4801F0DFFBC4B21A48008800F400409D
:10525000C8B91848008800F4804060B10A2C03D017
:1052600000201449088020E01248008840F40040E3
:105270001049088019E00D2C06D10E48008840F432
:1052800080400C49088010E00A480088C0F30D00F7
:1052900009490C5407480088401C06490880084604
:1052A0000088C72801DD0020088010BD00100140E3
:1052B000000002407000002058F201200948804799
:1052C00009480047FEE7FEE7FEE7FEE7FEE7FEE7E8
:1052D000FEE7FEE7FEE7FEE704480549054A064B00
:1052E000704700006D0B00088901000880F3012061
:1052F00080F9012080F5012080F501203249014329
:10530000324A1160704770B5002100230F22C47823
:105310001CB32E4C246804F4E064C4F5E064C4F3C8
:105320000721C1F10404E3B20A4144789C40E1B290
:105330008478144021430C07210E254C05786155D3
:10534000047804F01F050124AC4005786D11AD0010
:1053500005F1E025C5F8004109E0047804F01F05D7
:105360000124AC401B4D0678761145F8264070BDEF
:10537000194A0A400243154B1B1F1A60704739B186
:10538000124A121D12680243104B1B1D1A6006E0E0
:105390000E4A121D126882430C4B1B1D1A60704787
:1053A000042808D14FF0E021096941F004014FF0D1
:1053B000E022116107E04FF0E021096921F00401CA
:1053C0004FF0E022116170470000FA050CED00E09B
:1053D00000E400E080E100E080FFFF1F0020614961
:1053E0000860C8601F20486100208861C8610862A9
:1053F0004862704700215B4A126844F201039A43F5
:10540000584B1A601A46116840F6F27291430288AE
:1054100043881A4383881A43C3881A4303891A436B
:1054200043891A4383891A4311434E4A11607047D6
:105430000021018041808180C18001814181818181
:1054400070474188028841EA0241464A1162C18898
:10545000828841EA0241434A5162704730B1414972
:10546000096841F004013F4A116005E03D490968BF
:1054700021F004013B4A116070470178427841EA0B
:105480000221827841EA0241C27841EA0261354A4A
:105490009161704730B13349096841F00801314AE0
:1054A000116005E02F49096821F008012D4A1160BB
:1054B000704730B12B49096841F48041294A116095
:1054C00005E02849096821F48041264A11607047A7
:1054D00030B12449096841F00101224A116005E018
:1054E0002049096821F001011E4A116070471D48DA
:1054F000806A704729B11B4AD2680243194BDA60AF
:1055000006E0184AD268C3439BB21A40154BDA60D2
:10551000704710B50146002000230A1312B9114C40
:10552000A36806E0022A02D10E4C636801E00D4C2C
:10553000236903EA01040CB1012000E0002010BD42
:10554000084948617047014600200022054B1B694D
:1055500003EA01020AB1012000E00020704701497E
:10556000486170470000055010B5044698488442D1
:1055700008D10121084601F03EF80021012001F088
:105580003AF876E09348844208D10121022001F0E4
:1055900032F80021022001F02EF86AE08E488442A1
:1055A00008D10121042001F026F80021042001F097
:1055B00022F85EE08948844208D10121082001F0E8
:1055C0001AF80021082001F016F852E084488442BD
:1055D00008D10121102001F00EF80021102001F067
:1055E0000AF846E07F48844208D10121202001F0DA
:1055F00002F80021202000F0FEFF3AE07A488442C1
:1056000008D10121402000F0F6FF0021402000F0E9
:10561000F2FF2EE07548844208D10121802000F07D
:10562000EAFF0021802000F0E6FF22E0704884427B
:1056300008D10121801500F0DEFF0021A01500F047
:10564000DAFF16E06B48844208D10121401500F0D2
:10565000D2FF0021601500F0CEFF0AE066488442C8
:1056600007D10121001500F0C6FF0021201500F030
:10567000C2FF10BDF0B50A4600210023002400BF80
:105680003DE0012505FA01F3156805EA03049C4293
:1056900034D105684F000326BE40B5430560157937
:1056A0004E00B5400668354305601579012D02D0DE
:1056B0001579022D16D185684F000326BE40B543EB
:1056C000856055794E00B5408668354385604568EC
:1056D00001268E40B5434560456896798E40B6B246
:1056E00035434560C5684F000326BE40B543C560DD
:1056F000D5794E00B540C6683543C560491C1029B0
:10570000BFD3F0BD4FF6FF710160002101714171FF
:105710008171C171704708B54FF480320092009AD0
:105720000A430092009AC261C161009AC261C269D3
:105730000092C269009208BD0246002013690B4026
:105740000BB1012000E0002070470146086980B2DB
:1057500070470246002053690B400BB1012000E066
:10576000002070470146486980B270470183704746
:10577000418370470AB1018300E041837047416172
:10578000704742694A4042617047F0B500230024E7
:105790004D07ED0E02FA05F3CE1000F1200555F885
:1057A00026504E07F70E0F26BE40B543CF1000F12E
:1057B000200646F82750CE1000F1200555F8265057
:1057C00045EA0304CE1000F1200545F82640F0BD5F
:1057D000000002400004024000080240000C0240A9
:1057E000001002400014024000180240001C024059
:1057F00000200240002402400028024030B943F259
:10580000DB028100A1F1C0410A6005E043F2D2024F
:105810008100A1F1C0410A606FF07042411C890013
:10582000A1F1C0410A608100A1F1C041C1F8042189
:105830007047D0E901121143C26811430269114354
:105840004269114382691143C2691143026A1143DB
:10585000426A1143826A1143C26A1143026B1143C7
:1058600002689200A2F1C0421160816808290BD140
:1058700001688900A1F1C041096841F04002016856
:105880008900A1F1C0410A60416B0968426B52680E
:1058900041EA0211426B926841EA0221426B92890D
:1058A00041EA0241426B128A41EA0251426B127D87
:1058B00041EA0261426B926911430268521C9200F4
:1058C000A2F1C0421160C16AB1F5804F1BD1816B5A
:1058D0000968826B526841EA0211826B926841EA60
:1058E0000221826B128A41EA0251826B127D41EAE7
:1058F0000261826B9269114302689200A2F1C04278
:10590000C2F8041107E06FF0704201688900A1F14C
:10591000C041C1F8042170470021016002214160AB
:1059200000218160C160016141618161C1610162E9
:105930004FF480514162490081620021C1620163DC
:10594000F84941638163704751B18200A2F1C042BE
:10595000126842F001038200A2F1C042136009E024
:105960008200A2F1C0421268EF4B1A408300A3F1FB
:10597000C0431A60704710280AD118214FF0204206
:105980001166402151664FF0FC319166D16610E0FE
:105990001821E64A116040214FF02042C2F88410DD
:1059A0004FF0FC31E14A083211604FF02042C2F85A
:1059B0008C10704730B5002100220023446844F069
:1059C000080485682C43C5682C4305692C43456948
:1059D00044EA4524856944EA4531C4692468C569B7
:1059E0006D6844EA0524C5692D8944EA0544C56902
:1059F0002D7B44EA0562046A2468056A6D6844EAFE
:105A00000524056A2D8944EA0544056A2D7B44EA8C
:105A100005630468102C05D14FF020442166A2666E
:105A2000E36608E0C14C21604FF02044C4F88820B0
:105A3000BE4C0C34236030BD102101600021416058
:105A40008160C160016141618161FC21C2691160B5
:105A5000C2695160C2699160C269D160026A116015
:105A6000026A5160026A9160026AD160704799B11E
:105A7000102808D14FF02042126E42F004024FF07D
:105A800020431A661DE0A94A126842F004024FF052
:105A90002043C3F8802014E0102809D14FF02042A1
:105AA000126EA14BDB1E1A404FF020431A6608E02D
:105AB0009E4A12689C4BDB1E1A404FF02043C3F8ED
:105AC0008020704799B1102808D14FF02042126E03
:105AD00042F040024FF020431A661DE0934A1268DC
:105AE00042F040024FF02043C3F8802014E0102819
:105AF00009D14FF02042126E8B4B3F3B1A404FF0C2
:105B000020431A6608E0894A1268874B3F3B1A40D7
:105B10004FF02043C3F88020704701460020102931
:105B200003D14FF02042506F02E0804A14321068D7
:105B3000704718207D492031086000200906C1F80F
:105B4000A4004FF0FC30794928310860091D086035
:105B5000091D08607047016841F01001426841EA80
:105B60004221826841EA4231704A20321160C168A4
:105B70000968C268526841EA0221C268128941EA92
:105B80000241C268127B41EA0261684A2832116010
:105B9000016909680269526841EA022102691289B1
:105BA00041EA02410269127B41EA02615F4A2C32FA
:105BB0001160416909684269526841EA02214269FB
:105BC000128941EA02414269127B41EA02614FF0C7
:105BD0002042C2F8B010704700210160416081602E
:105BE000FC21C2681160C2685160C2689160C268DD
:105BF000D1600269116002695160026991600269B5
:105C0000D1604269116042695160426991604269A4
:105C1000D160704748B145492031096841F004011D
:105C20004FF02042C2F8A01009E040492031096835
:105C30003D4AD21E11404FF02042C2F8A0107047DA
:105C400010B5F2B1102807D14FF020435B6E0B4323
:105C50004FF02044636632E0B0F5807F08D1334BCB
:105C60001B1D1B680B434FF02044C4F8843026E012
:105C70002E4B24331B680B434FF02044C4F8A43050
:105C80001DE0102807D14FF020435B6E8B434FF08F
:105C90002044636613E0B0F5807F08D1234B1B1DC1
:105CA0001B688B434FF02044C4F8843007E01F4B3F
:105CB00024331B688B434FF02044C4F8A43010BD3C
:105CC00010B5024600200023102A03D14FF02044D3
:105CD000636E09E0B2F5807F03D1144C241D236864
:105CE00002E0124C2434236803EA01040CB10120C1
:105CF00000E0002010BD102807D14FF02042526E66
:105D00008A434FF020435A6619E0B0F5807F0FD1E7
:105D1000064A121D12688A434FF02043C3F88420BC
:105D20000DE00000B0AC0008FEFF0F00800000A0F6
:105D3000234A12688A434FF02043C3F8A4207047D7
:105D400070B502460020002300240025102A03D14C
:105D50004FF02046736E08E0B2F5807F03D1184EF5
:105D6000203E336801E0164E336803EA010403EA7B
:105D7000D10514B10DB1012000E0002070BD102844
:105D800008D14FF02042526E22EAD1024FF0204358
:105D90005A6614E0B0F5807F09D1094A203A1268AA
:105DA00022EAD1024FF02043C3F8842007E0044ADE
:105DB000126822EAD1024FF02043C3F8A4207047B2
:105DC000A40000A0016821F0010101600021016030
:105DD00041608160C160016121214161DB498842EC
:105DE00004D13D21D94A103A91608CE0D74918314D
:105DF000884205D14FF47461D44A103A916082E030
:105E0000D2493031884205D14FF47411CF4A103A4B
:105E1000916078E0CD494831884205D14FF07461F6
:105E2000CA4A103A91606EE0C8496031884204D194
:105E3000C749C64A103AD16065E0C4497831884202
:105E400004D1C449C14A103AD1605CE0BF499031E5
:105E5000884204D1C049BD4A103AD16053E0BB49E1
:105E6000A831884205D14FF03D51B84A103AD1606F
:105E700049E0BA49884204D13D21B84A083A116044
:105E800041E0B6491831884205D14FF47461B34AF4
:105E9000083A116037E0B1493031884205D14FF4FA
:105EA0007411AE4A083A11602DE0AC49483188427D
:105EB00005D14FF07461A94A083A116023E0A7495F
:105EC0006031884204D1A249A44A121F11601AE02D
:105ED000A2497831884204D19E49A04A121F11601C
:105EE00011E09E499031884204D19B499B4A121F80
:105EF000116008E09949A831884204D14FF03D5122
:105F0000964A121F1160704710B500220268944B28
:105F10001A40CC680B6823434C6923438C692343A4
:105F2000CC6923430C6A23434C6A23438C6A234382
:105F30004C6B23438C6B23431A430260426922F06B
:105F40000702D1E90B3423431A4342610B694360D2
:105F50004B6883608B68C36010BD002101604160A5
:105F60008160C160016141618161C1610162416221
:105F70008162C162016341638163704721B102683C
:105F800042F00102026003E0026822F001020260B6
:105F9000704721B1026842F40042026003E00268E7
:105FA00022F400420260704721B1026842F02002F0
:105FB000026003E0026822F0200202607047416044
:105FC00070470146486880B2704722B1036843F4C5
:105FD0000023036003E0036823F4002303600161EE
:105FE000704721B1026842F48022026003E0026837
:105FF00022F48022026070470AB1016100E0C160B2
:106000007047014600200A6802F400220AB101200C
:1060100000E000207047014600200A6802F00102FB
:106020000AB1012000E000207047014600204A69C3
:1060300002F03800704730B503460A4600200024BD
:10604000464DAB4202D24149103901E04349103973
:1060500002F000550DB14C6800E00C68414D2C4039
:1060600004EA02050DB1012000E0002030BD024627
:106070003A4B9A4202D23548103801E0374810387E
:1060800001F000531BB1374B0B40C36002E0354BAE
:106090000B408360704710B501F080034BB122B113
:1060A000436943F08003436103E0436923F08003C5
:1060B000436180290BD02AB1036801F01E042343F9
:1060C000036004E0036801F01E04A343036010BDF5
:1060D00070B50246002000240025204EB24202D2B4
:1060E0001A4B103B01E01D4B103B1F4E0E4036B1CA
:1060F0001E2606EAD124166806EA040502E056695F
:1061000006F0800501F000560EB15C6800E01C68E6
:10611000144E344004EA010616B10DB1012000E02E
:10612000002070BD02460D4B9A4202D2074810383B
:1061300001E00A48103801F000531BB1094B0B4035
:10614000C36002E0074B0B40836070471060024061
:106150003D000020400F002000003D201064024060
:106160003F801CF07D0F7D0F3C0F3C0FF94800680D
:1061700040F00100F74908600020F6490831086046
:10618000F4480068F4490840F2490860F348091DE2
:106190000860F348EF4984310860F0481038091D61
:1061A0000860EC48006820F48020EA49086000207C
:1061B000E8490C310860E7498C31086070470021DC
:1061C000E44A921C117011460870704710B50146E0
:1061D0000022002300204A11012A02D1DD4C23684D
:1061E00008E0022A03D1DB4C7034236802E0D94C6A
:1061F0007434236801F01F02012494401C400CB148
:10620000012000E0002010BD38B5002000900024DF
:10621000002500BF3120FFF7D9FF05460098401C3C
:1062200000900098B0F5A04F01D0002DF2D03120A1
:10623000FFF7CCFF08B1012400E00024204638BD60
:1062400001460020C34A106820F0F80040EAC1006F
:1062500010607047C349086070470021BD4A703222
:1062600011701170012802D004280AD104E0012124
:10627000B84A7032117005E00521B64A70321170CB
:1062800000E000BF00BF7047B7490860704770B5B5
:10629000049C41EA82150126C6EB530645EA0645F1
:1062A000054345EA0465AB4E361D356070BDAD490A
:1062B00008667047820142EA0172A64B84331A6075
:1062C0007047A8498866704710B5830143EA0163A7
:1062D00043EA02739F4C8834236010BDA1490867CC
:1062E0007047A049C864704702460020994B0833A4
:1062F000186820F0EC6042EA01031843954B08331C
:106300001860704702460020924B0833186820F04E
:10631000784042EA010318438E4B083318607047F7
:10632000014600208B4A0832106820F00300084321
:106330001060704787480830006800F00C00704714
:1063400001460020834A0832106820F0F00008431C
:1063500010607047014600207E4A0832106820F421
:10636000E05008431060704701460020794A083227
:10637000106820F4604040EAC10010607047F0B53A
:10638000002100220024022500260223714F083735
:106390003F6807F00C0121B1042905D0082937D145
:1063A00005E0724F076036E0714F076033E0694FD8
:1063B0003F1D3F68C7F38056664F3F1D3F6807F09B
:1063C0003F036EB16A4FB7FBF3F7DFF888C10CF1FA
:1063D000040CDCF800C0CCF3881C07FB0CF40CE0C8
:1063E000624FB7FBF3F7DFF86CC10CF1040CDCF87B
:1063F00000C0CCF3881C07FB0CF4564F3F1D3F68D0
:10640000C7F301477F1C7D00B4FBF5F7076002E08E
:10641000564F076000BF00BF4E4F08373F6807F078
:10642000F0010909534F7A5C0768D7404760494F2C
:1064300008373F6807F4E051890A4E4F7A5C476895
:10644000D7408760434F08373F6807F46041490BE6
:10645000484F7A5C4768D740C760F0BD002100F420
:106460004072B2F5407F0AD13A4A0832116821F4ED
:10647000F811414A02401143364A08321160354A48
:1064800070321268C0F30B031A43324B70331A6038
:1064900070473549443908607047334940390860CE
:1064A000704736490860704701460020294A8C32FF
:1064B000106820F01F004A1E1043264A8C321060DC
:1064C000704701460020234A8C32106820F4F850AF
:1064D0004A1E40EA02201F4A8C3210607047014673
:1064E00000201C4A8C32106820F4401008431060D1
:1064F000704701460020174A8C32106820F4400093
:1065000008431060704701460020124A8C32106820
:1065100020F4403008431060704719490860704704
:1065200039B10C4A3032126802430A4B30331A60D8
:1065300006E0084A303212688243064B30331A6054
:106540007047F9B1034A343212680243014B3433C5
:106550001A601CE000380240FFFFF6EA1030002409
:106560000030002000004742800E47420024F40023
:1065700000127A0072000020FFFCFF0F5C0147420E
:10658000E01147428F4A126882438E4B1A6070476F
:1065900039B18C4A121D126802438A4B1B1D1A60C6
:1065A00006E0884A121D12688243864B1B1D1A6042
:1065B000704739B1834A0C3212680243814B0C3365
:1065C0001A6006E07F4A0C32126882437D4B0C331E
:1065D0001A60704739B17B4A103212680243794B16
:1065E00010331A6006E0774A103212688243754B06
:1065F00010331A60704739B1724A243A1268024364
:10660000704B243B1A6006E06E4A243A12688243BB
:106610006C4B243B1A60704739B16A4A203A1268C1
:106620000243684B203B1A6006E0664A203A126833
:106630008243644B203B1A60704739B1614A1C3A6F
:10664000126802435F4B1C3B1A6006E05D4A1C3A2D
:10665000126882435B4B1C3B1A60704739B1594A40
:10666000143A12680243574B143B1A6006E0554A2D
:10667000143A12688243534B143B1A60704739B185
:10668000504A103A126802434E4B103B1A6006E023
:106690004C4A103A126882434A4B103B1A607047CA
:1066A00039B1484A1C3212680243464B1C331A6007
:1066B00006E0444A1C3212688243424B1C331A6083
:1066C000704739B13F4A2032126802433D4B2033B4
:1066D0001A6006E03B4A203212688243394B20336D
:1066E0001A60704739B1374A243212680243354B79
:1066F00024331A6006E0334A243212688243314B55
:1067000024331A60704739B12E4A2C321268024382
:106710002C4B2C331A6006E02A4A2C321268824332
:10672000284B2C331A60704739B1264A3032126830
:106730000243244B30331A6006E0224A303212689A
:106740008243204B30331A607047012808D11D491D
:106750003C31096841F008011A4A3C32116007E0F7
:1067600018493C31096821F00801164A3C32116091
:10677000704739B1134A273A12780243114B273B2D
:106780001A7006E00F4A273A127882430D4B273BD6
:106790001A7070470B484030006840F0807009491B
:1067A00040310860704701460020064A283A1268C6
:1067B0000A400AB1012000E0002070470149263953
:1067C000087070473438024010B50446FA488442D5
:1067D00008D101211020FFF752FF00211020FFF700
:1067E0004EFF57E0F548844209D101214804FFF7E4
:1067F00035FF00214FF40030FFF730FF4AE0F0484A
:10680000844209D101218804FFF728FF00214FF4B9
:106810008020FFF723FF3DE0EA48844209D10121AF
:10682000C804FFF71BFF00214FF40020FFF716FFFD
:1068300030E0E548844209D101210805FFF70EFF49
:1068400000214FF48010FFF709FF23E0DF48844266
:1068500008D101212020FFF712FF00212020FFF79F
:106860000EFF17E0DA48844209D101218807FFF7BB
:10687000F5FE00214FF08040FFF7F0FE0AE0D5481A
:10688000844207D101214005FFF7E8FE00216005A1
:10689000FFF7E4FE10BD2DE9FF4705460E46002434
:1068A000A14600BFA046B08900B100BF2C8A24F4E5
:1068B0004054F08804432C82AC8941F20C6084433C
:1068C000B08831890843718908430443AC81AC8A9C
:1068D00024F44074B0890443AC826846FFF74FFD4E
:1068E000B548854202D0B948854202D1DDF80C9006
:1068F00001E0DDF80890A88900F4004040B109EB00
:10690000C90000EB091031684900B0FBF1F707E05E
:1069100009EBC90000EB091031688900B0FBF1F701
:106920006420B7FBF0F004012009642101FB10781A
:10693000A88900F4004040B1322000EBC800B0FB51
:10694000F1F000F00700044308E0322000EB0810EB
:106950006421B0FBF1F000F00F0004432C81BDE88E
:10696000FF874FF41651016000218180C1800181B1
:106970000C21418100218181704710B50246002021
:10698000108A20F470600B884C8823438C88234342
:10699000CC8823431843108210BD00210180418020
:1069A0008180C180704721B1828942F40052828186
:1069B00004E082894DF6FF731A4082817047028B92
:1069C00002F47F420283028B0A430283704721B1A3
:1069D000828942F40042828103E08289C2F30E027E
:1069E0008281704721B1828A42F40062828204E08F
:1069F000828A4FF2FF731A4082827047C1F3080205
:106A00008280704701468888C0F308007047028A78
:106A10004FF6F0731A400282028A0A4302827047DC
:106A200021B1828942F00202828104E082894FF61C
:106A3000FD731A408281704782894FF2FF731A40BA
:106A4000828182890A4382817047028A4FF6DF730E
:106A50001A400282028A0A430282704721B1028AE6
:106A600042F48042028204E0028A4BF6FF731A402D
:106A700002827047818941F001018181704721B113
:106A8000828A42F00802828204E0828A4FF6F7731B
:106A90001A4082827047028BD2B20283028B42EA92
:106AA00001220283704721B1828A42F02002828251
:106AB00004E0828A4FF6DF731A408282704721B168
:106AC000828A42F01002828204E0828A4FF6EF73DB
:106AD0001A4082827047828A4FF6FB731A40828284
:106AE000828A0A438282704721B1828A42F002027E
:106AF000828204E0828A4FF6FD731A4082827047D8
:106B00001AB1838A0B43838202E0838A8B43838298
:106B10007047F0B50346002400260025002040F60B
:106B20006A17B94200D100BF1846C1F3421401F000
:106B30001F06012707FA06F5012C01D10C3004E0ED
:106B4000022C01D1103000E014301AB107682F4335
:106B5000076002E00768AF430760F0BD024600200F
:106B6000B1F5007F00D100BF13880B400BB10120AD
:106B700000E00020704701F40072B2F5007F00D100
:106B800000BFCA430280704770B50246002400234C
:106B90000025002040F66A16B14200D100BFC1F3C3
:106BA000421501F01F03012606FA03F3012D13D14C
:106BB0009689334017E00000001001400044004077
:106BC00000480040004C00400050004000140140CC
:106BD00000780040007C0040022D02D1168A33402C
:106BE00001E0968A33400C12012606FA04F4168856
:106BF000344013B10CB1012000E0002070BD10B58D
:106C00000022002340F66A14A14200D100BF0A12FC
:106C100001249440A3B2DC43048010BD10B50446A7
:106C2000FE48844208D101210846FFF728FD0021D3
:106C30000120FFF724FD9DE0B4F1804F08D1012130
:106C40000846FFF70BFD00210120FFF707FD91E04B
:106C5000F348844208D101210220FFF7FFFC002104
:106C60000220FFF7FBFC85E0EE48844208D10121B9
:106C70000420FFF7F3FC00210420FFF7EFFC79E08C
:106C8000E948844208D101210820FFF7E7FC0021F0
:106C90000820FFF7E3FC6DE0E448844208D10121BD
:106CA0001020FFF7DBFC00211020FFF7D7FC61E08C
:106CB000DF48844208D101212020FFF7CFFC0021CA
:106CC0002020FFF7CBFC55E0DA48844208D10121AF
:106CD0000220FFF7D4FC00210220FFF7D0FC49E09E
:106CE000D548844209D101210804FFF7C8FC0021DE
:106CF0004FF48030FFF7C3FC3CE0D048844209D118
:106D000001214804FFF7BBFC00214FF40030FFF7DE
:106D1000B6FC2FE0CA48844209D101218804FFF75C
:106D2000AEFC00214FF48020FFF7A9FC22E0C5480B
:106D3000844208D101214020FFF790FC002140202F
:106D4000FFF78CFC16E0C048844208D10121802066
:106D5000FFF784FC00218020FFF780FC0AE0BB489D
:106D6000844207D101218015FFF778FC0021A0158E
:106D7000FFF774FC10BD00220288A84B98420ED089
:106D8000AC4B98420BD0B0F1804F08D0A44B984246
:106D900005D0A44B984202D0A34B984204D14FF6A1
:106DA0008F731A404B881A43A04B984207D0A04BD0
:106DB000984204D04FF6FF431A400B891A430280D1
:106DC0004B68C3620B880385944B984202D0994B61
:106DD000984201D18B7A03860123838270474FF05A
:106DE000FF31416000210180018141808172704743
:106DF0000185828270470A46002101884FF68F7311
:106E0000194011430180704741627047C162704769
:106E10000146486A70470146088D704721B10288D3
:106E200042F00202028004E002884FF6FD731A402D
:106E30000280704721B1028842F00402028004E01F
:106E400002884FF6FB731A400280704721B1028816
:106E500042F08002028004E002884FF67F731A40FD
:106E60000280704702884FF6F7731A40028002884A
:106E70000A430280704702884FF6FF431A4002809F
:106E800002880A430280704721B1028842F0010261
:106E9000028004E002884FF6FE731A4002807047B9
:106EA00070B5002400220023058C4FF6FE76354095
:106EB0000584028C8388048B4FF68F752C40B51E99
:106EC0002C400D882C43751E2A408D892A434D88FD
:106ED0002A43524DA84202D0564DA84213D14FF634
:106EE000F7752A40CD892A434FF6FB752A408D88D5
:106EF0002A434FF6FF652B404FF6FF552B400D8A76
:106F00002B434D8A2B43838004838D684563028421
:106F100070BD70B5002400220023058C4FF6EF767B
:106F200035400584028C8388048B48F6FF752C401D
:106F30004FF6FF452C400D884FF6FF7606EA0525F3
:106F40002C434FF6DF752A408D8906EA05152A4342
:106F50004D8806EA05152A43304DA84202D0354D2A
:106F6000A8421DD14FF67F752A40CD894FF6FF7696
:106F700006EA05152A434FF6BF752A408D8806EAB2
:106F800005152A434FF6FF352B404FF2FF752B4076
:106F90000D8A06EA85052B434D8A06EA85052B43B3
:106FA000838004838D688563028470BD70B500247E
:106FB00000220023058C4FF6FF6635400584028CC5
:106FC0008388848B4FF68F752C404FF6FC752C40D0
:106FD0000D882C434FF6FF552A408D894FF6FF76DA
:106FE00006EA05252A434D8806EA05252A430B4D66
:106FF000A84202D00F4DA84238D14FF2FF752A4067
:10700000CD894FF6FF7606EA05252A434FF6FF3570
:107010002A408D8806EA05252A4319E00000014030
:107020000004004000080040000C00400010004038
:1070300000140040000401400040014000440140B1
:107040000048014000180040001C004000200040A3
:107050004EF6FF752B404DF6FF752B400D8A06EA64
:1070600005152B434D8A06EA05152B43838084833F
:107070008D68C563028470BD70B5002200230024B2
:10708000058C4EF6FF7635400584038C8488828B10
:1070900048F6FF752A404FF6FF452A400D884FF607
:1070A000FF7606EA05252A434DF6FF752B408D89AC
:1070B00006EA05352B434D8806EA05352B43FE4D80
:1070C000A84202D0FD4DA84208D14BF6FF752C40D6
:1070D0000D8A4FF6FF7606EA85152C43848082835D
:1070E0008D680564038470BD00210180418081802A
:1070F00081608181C18101824182704770B5034600
:10710000002000241846183001258D40ACB21D8C9B
:10711000A5431D8409B108290AD100EB6100056867
:107120004FF68F76354005600568154305600FE022
:107130000D1FC5F34E052844056848F6FF76354017
:10714000056005684FF6FF7606EA022635430560BE
:1071500070BD4163704781637047C16370470164CC
:1071600070470A460021018B4FF68F731940114377
:10717000018370470A460021018B48F6FF731940CE
:107180004FF6FF7303EA02231943018370470A464F
:107190000021818B4FF68F73194011438183704713
:1071A0000A460021818B48F6FF7319404FF6FF73A2
:1071B00003EA02231943818370470A460021018BA9
:1071C0004FF6F77319401143018370470A460021B7
:1071D000018B4FF2FF7319404FF6FF7303EA02234E
:1071E0001943018370470A460021818B4FF6F773DC
:1071F00019401143818370470A460021818B4FF269
:10720000FF7319404FF6FF7303EA0223194381838A
:1072100070470A460021018B4FF6FB73194011435A
:10722000018370470A460021018B4FF6FF33194056
:107230004FF6FF7303EA02231943018370470A469E
:107240000021818B4FF6FB731940114381837047F6
:107250000A460021818B4FF6FF3319404FF6FF732A
:1072600003EA02231943818370470A460021018BF8
:107270004FF67F7319401143018370470A4600217E
:10728000018BC1F30E014FF6FF7303EA022319438A
:10729000018370470A460021818B4FF67F731940A6
:1072A0001143818370470A460021818BC1F30E018F
:1072B0004FF6FF7303EA02231943818370470A469E
:1072C0000021018C4FF6FD73194011430184704772
:1072D0000A460021018C4FF6F773194011430184CF
:1072E00070470A460021018C4FF6DF7319404FF6B4
:1072F000FF7303EA02131943018470470A46002111
:10730000018C4FF67F7319404FF6FF7303EA0213A7
:107310001943018470470A460021018C4FF6FF5340
:1073200019404FF6FF7303EA0223194301847047A3
:107330000A460021018C4FF2FF7319404FF6FF738C
:1073400003EA02231943018470470A460021018C95
:107350004DF6FF7319404FF6FF7303EA02331943EA
:107360000184704730B5002301248C40A3B2048C03
:107370009C430484048C02FA01F5ADB22C430484CE
:1073800030BD30B5002304248C40A3B2048C9C4350
:107390000484048C02FA01F5ADB22C43048430BDA0
:1073A000828B4FF2FF331A408283828B4FF6FF733A
:1073B00003EA01231A4382837047F0B50C46154651
:1073C000002100220026078C4EF6FF7C07EA0C07FE
:1073D0000784818B028C4FF6FF7707EA043640F66C
:1073E000FF4739404FF6FF7707EA052739434FF645
:1073F000FF7707EA0337394345F6FF773A4046F40B
:1074000080573A4381830284F0BD828B4FF6F37339
:107410001A408283828B0A4382837047F0B50C4600
:107420001546002100220026078C4FF6FF6C07EA64
:107430000C070784818B028C4FF6FF7707EA04263E
:107440004FF60C7739404FF6FF7707EA03172F43C3
:1074500039434FF2FF573A4046F480773A438183ED
:107460000284F0BD028B4FF2FF331A400283028B7D
:107470004FF6FF7303EA01231A4302837047F0B506
:107480000C461546002100220026078C4FF6EF7CA3
:1074900007EA0C070784018B028C4FF6FF7707EA97
:1074A000041640F6FF4739404FF6FF7707EA0337E7
:1074B00039434FF6FF7703E000000140000401402C
:1074C00007EA052739434FF65F773A4046F0100741
:1074D0003A4301830284F0BD028B4FF6F3731A40E6
:1074E0000283028B0A4302837047F0B50C461546AF
:1074F00000210022068C4FF6FE773E400684018B69
:10750000028C4FF60C7631407E1C06EA03162E43A1
:1075100031434FF6F576324044F0010632430183A1
:107520000284F0BD70B505460C46208850B9238909
:10753000A28861882846FFF7D8FFE1882846FFF730
:10754000CBFF25E0208804280AD12389A2886188FE
:107550002846FFF794FFE1882846FFF783FF17E0EE
:10756000208808280AD12389A28861882846FFF745
:1075700055FFE1882846FFF748FF09E02389A288E4
:1075800061882846FFF719FFE1882846FFF708FFC2
:1075900070BD002101804180012181800021C180D6
:1075A000018170472DE9F04105460C460026012770
:1075B000608808B9022600E00026A088012801D1D1
:1075C000022700E001272088A0B92389A2886188CA
:1075D0002846FFF78AFFE1882846FFF77DFF2389C9
:1075E0003A4631462846FFF74AFFE1882846FFF72A
:1075F00039FF13E02389A28861882846FFF73FFFFF
:10760000E1882846FFF72EFF23893A46314628466F
:10761000FFF76BFFE1882846FFF75EFFBDE8F081CA
:107620000146486B70470146886B70470146C86B3E
:1076300070470146086C70470A884B881A438B884C
:107640001A43CB881A430B891A434B891A438B89F7
:107650001A43A0F8442070470021018041808180B6
:10766000C180018141818181704731B1B0F84420EE
:1076700042F40042A0F8442005E0B0F84420C2F3F0
:107680000E02A0F84420704721B1828842F0040223
:10769000828004E082884FF6FB731A408280704734
:1076A00021B1828842F00102828004E082884FF694
:1076B000FE731A40828070471AB183890B4383811D
:1076C00002E083898B438381704781827047024641
:1076D0000020138A0B400BB1012000E0002070470E
:1076E000CA430282704730B50246002000230024BE
:1076F000158A05EA0103958905EA010413B10CB165
:10770000012000E0002030BDCA430282704741EAF8
:107710000203A0F8483070471AB183890B43838174
:1077200002E083898B438381704721B1828842F0D4
:107730000802828004E082884FF6F7731A40828044
:10774000704701894FF6F8721140018170470A466F
:10775000002101894FF68F73194011430181704751
:1077600030B504460D4629462046FFF7F0FF208934
:1077700040F00700208130BD2DE9F04104460D4660
:1077800016461F46602D06D13B4601223146204653
:10779000FFF775FE05E03B46012231462046FFF724
:1077A000A4FE29462046FFF7D2FF208940F00700BB
:1077B0002081BDE8F08130B50C4600210189C9B2B5
:1077C0004FF6FF7505EA032515432543294301813B
:1077D00030BD2DE9F04105460E4617469846002477
:1077E00043463A4631462846FFF7E5FF2C894FF6D7
:1077F000F870044044F007044FF68F70044044F0E2
:1078000070042C81BDE8F081F0B504460D461646A3
:107810001F463B46324629462046FFF7CCFF2089CB
:1078200040F480402081F0BD82884FF68F731A406B
:10783000828082880A438280704702894FF6F873FB
:107840001A40028102890A430281704702894FF679
:107850007F731A40028102890A4302817047F0B5A2
:107860000C4615461E460021002200230189028B8A
:10787000038C4FF6F877394021434FF6FC473A40E6
:1078800040F201173A434FF6DD773B404FF6FF7762
:1078900007EA06172F433B43018102830384F0BDAF
:1078A00021B1828842F08002828004E082884FF613
:1078B0007F731A4082807047A0F850107047000014
:1078C00010B58CB004461E230BAA03A9204600F075
:1078D000A9FE0090009810B101200CB010BD9DF8D9
:1078E0002C00044400200B900EE040489DF82C2012
:1078F00050F8221003A800F0FDFD00B908E09DF843
:107900002C00401CC0B20B909DF82C000728ECD333
:1079100000BF9DF82C00072863D2DFE800F00405C3
:107920003C5E6564630000BF31A001F079F831A0CE
:1079300001F076F83FA001F073F84EA001F070F866
:107940005CA001F06DF86BA001F06AF879A001F07D
:1079500067F886A001F064F88BA001F061F890A0B0
:1079600001F05EF894A001F05BF899A001F058F8DE
:107970009EA001F055F8A4A001F052F8B0A001F0CB
:107980004FF8BDA001F04CF8C8A001F049F8D4A010
:1079900001F046F89AE216A001F042F8E0A001F0EA
:1079A0003FF800200B900EE0ED4800689DF82C2079
:1079B00000EBC2004168EBA001F032F89DF82C000A
:1079C000401CC0B20B90E648007D9DF82C10884208
:1079D000EADC07A001F024F878E205A001F020F825
:1079E000C4E171E245E219E2ECE10000840000200C
:1079F0000D0A00002D2D2D2D2D2D2D2D2D2D2D2D54
:107A00002D2D2D2D2D2D2D2D2D2D2D2D55534D4124
:107A100052542056332E312D2D2D2D2D2D2D2D2D23
:107A20002D2D2D2D2D2D2D2D2D2D2D2D2D2D2D2093
:107A30000D0A00002020202055534D415254CAC742
:107A4000D3C9414C49454E54454BBFAAB7A2B5C412
:107A5000D2BBB8F6C1E9C7C9B5C4B4AEBFDAB5F791
:107A6000CAD4BBA5BDBBD7E9BCFE2CCDA8B9FD20AF
:107A70000D0A0000CBFC2CC4E3BFC9D2D4CDA8B9F9
:107A8000FDB4AEBFDAD6FACAD6B5F7D3C3B3CCD0FD
:107A9000F2C0EFC3E6B5C4C8CEBACEBAAFCAFD2CA9
:107AA000B2A2D6B4D0D02ED2F2B4CB2CC4E3BFC98C
:107AB0000D0A0000D2D4CBE6D2E2B8FCB8C4BAAF0B
:107AC000CAFDB5C4CAE4C8EBB2CECAFD28D6A7B376
:107AD000D6CAFDD7D62831302F3136BDF8D6C629C3
:107AE000A1A2D7D6B7FBB4AEA1A2BAAFCAFDC8EB6C
:107AF0000D0A0000BFDAB5D8D6B7B5C8D7F7CEAAF9
:107B0000B2CECAFD292CB5A5B8F6BAAFCAFDD7EEDC
:107B1000B6E0D6A7B3D63130B8F6CAE4C8EBB2CED9
:107B2000CAFD2CB2A2D6A7B3D6BAAFCAFDB7B5204C
:107B30000D0A0000BBD8D6B5CFD4CABE2ED0C2D451
:107B4000F6B2CECAFDCFD4CABEBDF8D6C6C9E8D6F5
:107B5000C3B9A6C4DC2CD0C2D4F6BDF8D6C6D7AA09
:107B6000BBBBB9A6C4DC2E0D0A000000BCBCCAF524
:107B7000D6A7B3D63A7777772E6F70656E65647641
:107B80002E636F6D0D0A000055534D415254D3D0F2
:107B900037B8F6CFB5CDB3C3FCC1EE3A0D0A00003D
:107BA0003F3A202020202020BBF1C8A1B0EFD6FA18
:107BB000D0C5CFA20D0A000068656C703A20202065
:107BC000BBF1C8A1B0EFD6FAD0C5CFA20D0A000014
:107BD0006C6973743A202020BFC9D3C3B5C4BAAF4F
:107BE000CAFDC1D0B1ED0D0A0A00000069643A2057
:107BF00020202020BFC9D3C3BAAFCAFDB5C44944B1
:107C0000C1D0B1ED0D0A0A006865783A2020202025
:107C1000B2CECAFD3136BDF8D6C6CFD4CABE2CBA54
:107C2000F3B8FABFD5B8F12BCAFDD7D6BCB4D6B4D9
:107C3000D0D0BDF8D6C6D7AABBBB0D0A0A0000003B
:107C40006465633A20202020B2CECAFD3130BDF8F1
:107C5000D6C6CFD4CABE2CBAF3B8FABFD5B8F12B6A
:107C6000CAFDD7D6BCB4D6B4D0D0BDF8D6C6D7AA34
:107C7000BBBB0D0A0A00000072756E74696D653A2F
:107C8000312CBFAAC6F4BAAFCAFDD4CBD0D0BCC683
:107C9000CAB13B302CB9D8B1D5BAAFCAFDD4CBD01C
:107CA000D0BCC6CAB13B0D0A0A000000C7EBB0B495
:107CB000D5D5B3CCD0F2B1E0D0B4B8F1CABDCAE4E6
:107CC000C8EBBAAFCAFDC3FBBCB0B2CECAFDB2A20C
:107CD000D2D4BBD8B3B5BCFCBDE1CAF82E0D0A00A6
:107CE0002D2D2D2D2D2D2D2D2D2D2D2D2D2D2D2DC4
:107CF0002D2D2D2D2D2D2D2D2D2D414C49454E5405
:107D0000454B2D2D2D2D2D2D2D2D2D2D2D2D2D2D6D
:107D10002D2D2D2D2D2D2D2D2D2D2D200D0A00003D
:107D20002D2D2D2D2D2D2D2D2D2D2D2D2D2D2D2D83
:107D30002D2D2D2D2D2D2D2D2DBAAFCAFDC7E5B51D
:107D4000A52D2D2D2D2D2D2D2D2D2D2D2D2D2D2DEB
:107D50002D2D2D2D2D2D2D2D2D2D2D2D200D0A00D0
:107D60004801002025730D0A00000000EEA000F07D
:107D700057FE00200B901AE0FB4909689DF82C2063
:107D800001EBC20101AB02AA486803A900F070FC34
:107D9000F54800689DF82C1050F8312003A9F3A095
:107DA00000F03EFE9DF82C00401CC0B20B90EE4847
:107DB000007D9DF82C108842DEDCAFF2CC3000F064
:107DC0002FFE83E0AFF2D83000F02AFE0BAA03A901
:107DD000204600F029FD9DF82C00C8B9694603A88B
:107DE00000F0BBFB0B909DF82C0020B9E4A000999B
:107DF00000F016FE0EE09DF82C00042801D00220B1
:107E00006BE5E2A000F00CFE0120D749C87501E047
:107E1000022062E5DCA000F003FE57E0DAA000F0EB
:107E2000FFFD0BAA03A9204600F0FEFC9DF82C00E4
:107E3000C8B9694603A800F090FB0B909DF82C0090
:107E400020B9D7A0009900F0EBFD0EE09DF82C00C2
:107E5000042801D0022040E5D4A000F0E1FD00207C
:107E6000C149C87501E0022037E5C7A000F0D8FD80
:107E70002CE0C5A000F0D4FD0BAA03A9204600F019
:107E8000D3FC9DF82C00C8B9694603A800F065FB37
:107E90000B909DF82C0078B9B349009881F8EC005C
:107EA000084690F8EC0018B1C5A000F0B9FD07E055
:107EB000CAA000F0B5FD03E002200EE502200CE5AB
:107EC000B1A000F0ADFD01E0012006E500BF0020FB
:107ED00003E510B50121C848FFF702FC4FF6FF711A
:107EE000C548FEF793FF0021C348FEF78DFF002031
:107EF0009D49C1F8F00010BD10B50121BE48FFF743
:107F0000E6FB012808D19848D0F8F0004FF6FF7141
:107F100008449549C1F8F000B748FEF779FF924947
:107F2000D1F8F01008449049C1F8F0000846D0F8A4
:107F3000F00010BD10B50121AF48FFF7D4FB0128B8
:107F40000AD18949086980470021AB48FEF75CFFE8
:107F50006421A948FEF75AFF0121A748FFF7D4FB87
:107F600010BD7FB504460D4601210420FEF721FB1C
:107F7000ADF800500020ADF802000194ADF8080003
:107F800069469D48FEF7F7FE012211469A48FFF721
:107F900093FB01219848FEF777FF1E208DF80C0017
:107FA00003208DF80D008DF80E0001208DF80F00D4
:107FB00003A8FDF7A8F97FBD10B5044604EBC40083
:107FC00000EB04100122C2EB800081B24FF47A7002
:107FD000FFF7C7FF01206449C87510BD30B595B0E3
:107FE000054613AB12AA09A9284600F041FB044636
:107FF00014B1204615B030BD0020149026E05A4937
:1080000009689DF8502001EBC20113AB11AA486822
:1080100001A900F02DFB04460CB12046EAE709A9AE
:1080200001A800F067FA60B99DF844009DF8481077
:10803000884201DD0220DDE79DF850004A4988753D
:108040000AE09DF85000401CC0B214904648007DE4
:108050009DF850108842D2DC00BF4348007D9DF857
:108060005010884201D10420C4E714A9284600F02A
:108070004CFC04460CB12046BCE79DF850003A4940
:1080800048750020B6E72DE9F0419AB03648847D66
:10809000007DA04202DC1AB0BDE8F08132490968D7
:1080A00001EBC40106AB07AA486808A900F0E0FA92
:1080B00008A952A000F0B4FC0026B9E02A48008BC1
:1080C0000121B1400840D8B122214EA000F0A8FC07
:1080D000304600F00DFC24492431471839464AA0A7
:1080E00000F09EFC222147A000F09AFC304600F0F0
:1080F000FFFB1D492431084410A941F826008DE0FA
:10810000304600F0F5FB18492431085810A941F811
:1081100026001548C07D30B910A850F826103BA0A5
:1081200000F07EFC7AE073E02D2D2D2D2D2D2D2DD0
:108130002D2D2D2D2D2D2D2D2D2D2D2D2D2D2D2D6F
:108140002DBAAFCAFD204944202D2D2D2D2D2D2DCA
:108150002D2D2D2D2D2D2D2D2D2D2D2D2D2D2D2D4F
:108160002D2D2D2D200D0A0048010020257320699A
:10817000642069733A0D0A3058253038580D0A00CA
:108180004845583A305825580D0A00003136BDF898
:10819000D6C6B2CECAFDCFD4CABE210D0A00000099
:1081A0004445433A256C750D0A0000003130BDF896
:1081B000D6C6B2CECAFDCFD4CABE210D0A00000079
:1081C00052756E2054696D652043616C63756C61F6
:1081D00074696F6E204F4E0D0A00000052756E20BC
:1081E00054696D652043616C63756C6174696F6E71
:1081F000204F46460D0A0000000800400D0A257376
:10820000280000002563000025730000256C750020
:1082100010A850F8261095A000F002FC9DF81C0054
:10822000401EB04202D093A000F0FAFB701CC6B210
:108230009DF81C008642FFF641AF8FA000F0F0FBD6
:10824000FFF747FE8D48407D0B280DD2DFE800F098
:10825000060D151E27323F4E5F7287008749096859
:1082600051F834008047054690E0844A126852F87D
:10827000341010988847054688E0804B1B6853F8F7
:108280003420DDE91001904705467FE07B4F3F68D1
:1082900057F8343010A807C89847054676E0DFF84D
:1082A000DCC1DCF800C05CF8347010A80FC8B84717
:1082B00005466BE01498DFF8C4C10090DCF800C0FC
:1082C0005CF8347010A80FC8B84705465EE0DDE9D9
:1082D0001401DFF8A8C1CDE90001DCF800C05CF8AA
:1082E000347010A80FC8B84705464FE0DDE91412F6
:1082F0001698DFF888C1CDE900120290DCF800C0C2
:108300005CF8347010A80FC8B84705463EE0DDE9B8
:108310001423DDE91610DFF864C1CDE90023CDE9AF
:108320000210DCF800C05CF8347010A80FC8B84721
:1083300005462BE0DDE91523DDE91710CDE9012322
:10834000CDE903101498DFF834C10090DCF800C0C8
:108350005CF8347010A80FC8B847054616E0DDE990
:108360001623DDE91810CDE90223CDE90410DDE97B
:108370001401DFF808C1CDE90001DCF800C05CF8A9
:10838000347010A80FC8B847054600BF00BFFFF7FC
:10839000B3FD9DF8180001280CD13848C07D20B9E4
:1083A000294637A000F03CFB07E0294636A000F044
:1083B00037FB02E033A000F033FB304890F8EC00CC
:1083C00088B12E48D0F8F0000A21B0FBF1F201FB91
:1083D00012072A48D0F8F000B0FBF1F83A464146BF
:1083E0002CA000F01DFB00BF55E670B53148008899
:1083F00000F40040002833D02E48057800202E4994
:1084000048551E4881682C48884704461CB91B49BA
:10841000C868804721E02848FFF752FA0546012D39
:1084200000D02C46CCB1012C06D0022C08D0032C55
:108430000AD0042C10D10BE020A000F0F1FA0BE0E0
:1084400021A000F0EDFA07E022A000F0E9FA03E035
:1084500023A000F0E5FA00BF00BF00201549088006
:1084600070BD014608687047016070473058255854
:10847000000000002C00000029000000480100203E
:108480003D256C753B0D0A003D305825583B0D0AC3
:108490000000000046756E6374696F6E2052756E41
:1084A0002054696D653A25642E2531646D730D0A7B
:1084B000000000007000002058F20120BAAFCAFD91
:1084C000B4EDCEF3210D0A00B2CECAFDB4EDCEF369
:1084D000210D0A00B2CECAFDCCABB6E0210D0A00D8
:1084E000CEB4D5D2B5BDC6A5C5E4B5C4BAAFCAFD34
:1084F000210D0A0002460AE010780B78984201D05C
:1085000001207047107800B902E0521C491CF3E7C3
:1085100000BF0020F5E706E002780A70027802B991
:1085200002E0401C491CF7E700BF704701460020ED
:1085300005E00A7802B903E0421CD0B2491CF8E712
:1085400000BF704710B50246012000E050430B1EEB
:10855000A1F10104E1B2F9D110BD2DE9F0430746C4
:108560000E4600254FF00A083C46002030601FE010
:108570002078392802DC207830280ADA207846284A
:1085800002DC2078412804DA2078582809D1012D0E
:1085900007D12078412801DB4FF01008681CC5B2D4
:1085A00005E0207800B904E00120BDE8F083641CF8
:1085B000DEE700BF3C46B8F1100F0FD1032D01DA02
:1085C0000220F2E72078302806D16078582803D1BD
:1085D000A41CA81EC5B204E00320E6E70DB90420E0
:1085E000E3E71BE00DB1681EC5B22078392806DC30
:1085F0002078302803DB2078A0F1300902E02078D1
:10860000A0F1370929464046FFF79CFF316809FB76
:1086100000103060641C207800B900E0E2E700BF81
:108620000020C2E710B50446002010700BE020784F
:108630000870641C491C1078401C10701078984217
:1086400001DB012010BD2078202802D020780028EE
:10865000EDD10020087000BFF4E70146491C00E09E
:10866000491C0878202801D10029F9D108787047E1
:108670002DE9FF4F85B080468946002700200490F1
:108680000390012002904FF0000B002544461DE0AE
:108690002078202816D005F07F00052812DA0DB9C1
:1086A00045F0800505F07F00042803D120782A28B2
:1086B00000D00EE0207805F07F010DF80100681C65
:1086C000C5B202E0852D00D103E0641C20780028AB
:1086D000DED100BF8DB1002005F07F010DF8010053
:1086E000CBA16846FFF706FF18B900210898017072
:1086F00002E001210898017000254FF0000A44466D
:1087000014E0641C0AF1010000F0FF0A2078202820
:1087100002D020782A2809D12046FFF79EFF06467E
:10872000282E03D02A2E01D0CDF810A0207828289A
:1087300002D020780028E4D14446049810B104986F
:10874000401C04444FF0000A002654E0207810B981
:108750004FF0010A50E02078282803D116B9781C80
:10876000C7B213E02078292808D13EB917B1781E86
:10877000C7B201E04FF0010A47B93DE02078222856
:1087800004D10EB9012000E00020064647B9207848
:1087900020282FD0207889F8000009F1010929E06C
:1087A00020782C2804D101200290681CC5B214E066
:1087B0002078202811D0207828280ED04DB9BBF180
:1087C000050F06DA20780DF80B000BF1010000F020
:1087D000FF0B0298401CC0B20290012F0AD10298F0
:1087E000022807D10298401CC0B202900398401C96
:1087F000C0B20390641CA9E700BF0398012809D107
:1088000000200DF80B0082A16846FFF773FE08B93F
:1088100000200390079903980870002089F8000051
:10882000504609B0BDE8F08FF0B50346154600206C
:1088300000220026002455E01F782C2F01D104B916
:1088400001221F78292F01D01F780FB904B94AE0FF
:10885000002E34D11F78302F02DB1F78392F11DD25
:108860001F78612F02DB1F78662F0BDD1F78412FE9
:1088700002DB1F78462F05DD1F78582F02D01F78A6
:10888000782F0CD102B12EE01F78612F03DB1F7807
:10889000203F0F7001E01F780F70491C1FE01F7808
:1088A000222F04D102B11EE00126012417E01F7817
:1088B000202F14D01F782C2F11D0FF2613E01F7803
:1088C000222F00D1002402B10DE044B11F785C2FAB
:1088D00002D15B1C471CF8B21F780F70491C471C63
:1088E000F8B25B1CA8E700BF00270F702E70F0BD28
:1088F00002460020002105E0474B5B5C0344D8B2F0
:108900004B1CD9B29142F7DB70472DE9F043B5B06B
:1089100005460F460024002604E000213E4881550C
:10892000701CC6B20A2EF8DB06E06D1C287818B958
:10893000012035B0BDE8F08328782828F5D16D1CDA
:1089400061E034AA69462846FFF76EFF06463544C3
:108950009DF8D00020B1012827D0FF284CD149E054
:108960009DF8000000B333A96846FFF7F6FD064600
:108970000EB10220DDE72046FFF7BAFF26490A3193
:10898000339A0A50A1F12400008B0121A1408843B1
:1089900021491A39088304211F480155601CC4B2BB
:1089A0000A2C01DD0320C4E726E06846FFF7BEFD80
:1089B000401C00F0FF082046FFF79AFF16490A31D5
:1089C00000EB010949466846FFF7A5FD12481A3831
:1089D000018B0120A040014388B20F491A39088356
:1089E0000D4800F80480601CC4B20A2C01DD03208D
:1089F0009FE701E002209CE700BF2878292801D0EA
:108A0000287800B900E09CE700BF3C70002090E7A8
:108A1000766F69640000000062010020704700006A
:108A20000FB4044910B503AA029800F027FA10BC4D
:108A30005DF814FB6C0000200FB41CB5074B06AAB0
:108A40007B4469460090059800F0E9F900206946EA
:108A500000F0F8F91CBC5DF814FB000001040000F4
:108A600070B5044685690068C10601D5302600E06E
:108A70002026C00707D070BDD4E9012130469047B9
:108A8000206A401C20626D1EF6D570BD70B504468C
:108A900085690078C00707D170BDD4E90121202085
:108AA0009047206A401C20626D1EF6D570BD70B5DF
:108AB0000C460546012A05D02878800600D5EA69CB
:108AC000002302E0012305E05B1C934202D2E05C3C
:108AD0000028F9D1A869E618C01AA861286A1844C4
:108AE00028622846FFF7BCFF04E0D5E9012114F80D
:108AF000010B9047B442F8D32846FFF7C7FF70BD7B
:108B00002DE9F0410646002410687529314616A566
:108B100010D0AFF30080002802DA404213A507E02E
:108B200031688A0701D512A502E0490704D511A5CD
:108B3000012401E0AFF3008000210A2206F124079E
:108B400009E0B0FBF2FCB0FBF2F302FB1C0030309A
:108B500078541846491C0028F3D123462A4630464B
:108B6000BDE8F04100F0FCB8000000002D0000005E
:108B70002B0000002000000070B504460D46214681
:108B80001068AFF300802188090502D50F4A7A44A6
:108B900002E00E4A7A440E32002104F1240305E07B
:108BA00000F00F060009965D5E54491C0028F7D1BD
:108BB00020780023000704D5702D02D009B10223CC
:108BC00011322046BDE8704000F0CAB83A210000DA
:108BD0002DE9F05F894604464FF0000ADFF874B1D2
:108BE000FB44C0F820A02046E1688847002874D0E4
:108BF000252806D0D4E901219047206A401C206234
:108C0000F1E700265F462046E168884720280546B0
:108C100007DB312D05D2781910F8200C08B1064376
:108C2000F1E7B00701D526F00406C4F81CA0002720
:108C3000C4F818A02A2D09D0284600F067F938B3E7
:108C400004EB8708303DC8F8185019E059F8041BA8
:108C5000204604EB87029161E1688847012F0546B1
:108C600018D1E069002820DA26F020061DE0D8F8A7
:108C7000180000EB800005EB40003038C8F8180001
:108C80002046E1688847054600F040F90028EED10B
:108C9000012F0AD02E2D08D12046E16888477F1C7D
:108CA0000546022F46F02006C4DBA069002803DA3F
:108CB000404246F00106A061F00701D026F0100600
:108CC0006C2D0BD0682D09D04C2D39D06A2D35D0A4
:108CD000742D35D07A2D33D016E038E0E1682F4678
:108CE00020468847B842054609D16C2F26D04FF45C
:108CF0008060E168064320468847054604E06C2F03
:108D00001AD04FF4807006430DB3A5F14100192825
:108D100002D8203546F400664A4629462046266099
:108D20004E46F7F78BFA80B101280BD0F61D26F0DE
:108D3000070000F1080956E74020E4E78020D8E763
:108D40000020D6E706F104094DE7284652E7206ADD
:108D5000BDE8F09F102100007047704770477047D2
:108D60002DE9F0470D4699469246044600F1240845
:108D70000168880604D5E06921F01001216000E057
:108D80000120A84201DD471B00E00027A1697A19F4
:108D900002EB0900081AA0612078C00602D4204620
:108DA000FFF75EFE002608E0D4E901211AF806006C
:108DB0009047206A401C761C20624E45F4DB2078E8
:108DC000C0060AD52046FFF74BFE06E0D4E9012194
:108DD00030209047206A401C2062381EA7F101070E
:108DE000F4DC07E0D4E9012118F805009047206A77
:108DF000401C2062281EA5F10105F3DC2046FFF788
:108E000045FE2078000602D50220BDE8F08701204B
:108E1000FBE7000001694A1C02610878704700B551
:108E20008FB0CDE901310021059105497944CDE9A3
:108E3000031011466846FFF7CBFE0FB000BD0000DF
:108E4000E5FFFFFF0A6802F8010B0A60704710B5E2
:108E5000436913B1AFF3008001E0FFF728FE012062
:108E600010BD127800F124010A7000224A7001221C
:108E7000EDE711684FF0FF32E9E70000074B70B5EE
:108E80000D467B44FFF7CBFF0446284600F008F868
:108E900010B14FF0FF3070BD204670BDF3C2FFFF30
:108EA000007B00F080007047754600F02BF8AE465E
:108EB00005006946534620F00700854618B020B5E6
:108EC000FCF70AFABDE820404FF000064FF000071B
:108ED0004FF000084FF0000B21F00701AC46ACE862
:108EE000C009ACE8C009ACE8C009ACE8C0098D46CF
:108EF000704710B50446AFF300802046BDE810402F
:108F0000F7F7BCB90048704720F3012030380A2831
:108F100001D2012070470020704700004FEA115332
:108F2000A3F58063D3F11E03A8BFD3F1200C08DBA7
:108F30004FF0004242EAC12252EA505232FA03F0A4
:108F4000704709420BD4102BC4BF0020704703F5B3
:108F5000787CBCF1FF3F05D04FF0FF3070474FF0F9
:108F60000000704770B500F0C3F800BF499224803C
:108F700000207047F0E7B0FA80F310FA03F10AD04E
:108F8000C3F11D0303F580634FEA41504FEA0352DA
:108F900002EBD12170474FF000007047DFF848C165
:108FA00070B51CEA111E1EBF1CEA13159EEA0C0FB9
:108FB00095EA0C0F00F06F8081EA030423EA4C135A
:108FC0004EEAD47E21EA4C1141F4801143F480131F
:108FD000AE44A1FB024CA0FB0365AEF17F7E3619C7
:108FE00055EB0C05A1FB034C4CF10003A0FB021C4C
:108FF00016EB0C06654153F10003094218BF46F019
:10900000010613F4007F0BD14FEA03314FEA05301C
:10901000340341EA155140EA16506FF003020AE0AA
:109020004FEAC3214FEAC520F40241EA555140EA14
:1090300056506FF0020202EB2E4201EB025585EA18
:10904000CE710AD05FEA440C18BF24F0004450F1FE
:10905000000041F1000120EAD47040F2FE7C62453C
:1090600000D270BDA84214BF4FF080444FF040447E
:10907000002E08BF0024BEF1806FA8BFA1F1C0413F
:10908000BDE8704080F282804FF0000001F1C041E5
:1090900001F0004170479EEA0C0F0CEA131518BF4F
:1090A00095EA0C0F06D04FF0000081EA030E0EF097
:1090B000004170BD00F01CF88900013E00F007B8C7
:1090C00000F009B84FEA430C5FEA5C5C08D081EA23
:1090D000030100F05BB84FEA410C5FEA5C5CF6D13B
:1090E0004FF00000014970470000FF070000F87FC3
:1090F0000EF1020E2EF0030E5EF8046B364205D41C
:10910000012A43EB030515F5001F12D8012841EB96
:10911000010C1CF5001F0CD80ED14FEAD17C15F5BF
:10912000001F0CEB4C0C0CF1020C08BF4CEBD37C79
:1091300004E04FF0080C01E04FEAD37C0CEB4C0547
:1091400026FA05F606F00706B6F1040C06D20EEB79
:10915000860CBDE870404CF0010C6047DFE80CF075
:10916000090B02024FF000414FF00000A1F5002171
:1091700070BD19461046012851EB010418BFD4F503
:10918000001484BF002001F0004170BD0808A0F564
:1091900000114FEA310170474FF04070E1EE100AC4
:1091A0007047B0009000A0007800600120014001ED
:1091B000F0008002E00120035802000400030005D3
:1091C00000044006B00400000000000000000000A1
:1091D0000000000000003F40000000000000000010
:1091E0003000400030004000000009000BC03D008E
:1091F0000BC03D00090018C024407FE022403180B0
:109200000000180024C01B000D8032400180038044
:109210001C4027401C8007400040100060000000F8
:109220000000000000000000000000001F8020403F
:1092300040200000402020401F8000000000090066
:1092400006001F80060009000000040004003F80A3
:109250000400040000000010006000000000000096
:1092600000000400040004000400040000000000EA
:1092700000400000000000000000002001C00600C7
:109280003800400000001F802040204020401F8008
:109290000000000010403FC000400000000018C067
:1092A00021402240244018400000108020402440EB
:1092B00024401B80000002000D0011003FC001404F
:1092C00000003C80244024402440238000001F8074
:1092D000244024403440038000003000200027C098
:1092E0003800200000001B802440244024401B80C4
:1092F00000001C0022C0224022401F80000000000D
:1093000000000840000000000000000000000460B1
:10931000000000000000000004000A00110020808E
:109320004040090009000900090009000000000090
:109330004040208011000A00040018002000234053
:109340002400180000001F802040274029401F40B3
:109350000000004007C039000F0001C0004020405D
:109360003FC0244024401B8000001F80204020403C
:1093700020403080000020403FC0204020401F801F
:10938000000020403FC024402E4030C0000020405C
:109390003FC024402E00300000000F00108020400D
:1093A00022403380020020403FC0040004003FC040
:1093B0002040204020403FC020402040000000606E
:1093C000202020203FC02000200020403FC024401B
:1093D0000B0030C0204020403FC0204000400040F3
:1093E00000C03FC03C0003C03C003FC00000204024
:1093F0003FC00C4023003FC020001F802040204081
:1094000020401F80000020403FC02440240018005E
:1094100000001F802140214020E01FA000002040CC
:109420003FC02440260019C0004018C024402440FA
:10943000224031800000300020403FC020403000FA
:10944000000020003F80004000403F8020002000BE
:109450003E0001C0070038002000380007C03C0073
:1094600007C038000000204039C0060039C0204045
:1094700000002000384007C0384020000000304085
:1094800021C02640384020C00000000000007FE0DE
:10949000402040200000000070000C0003800040CD
:1094A00000000000402040207FE00000000000009D
:1094B00020004000200000000000001000100010FC
:1094C000001000100010000000004000000000002C
:1094D0000000000002800540054003C0004020005D
:1094E0003FC00440044003800000000003800440AB
:1094F00004400640000000000380044024403FC0B8
:1095000000400000038005400540034000000000CB
:1095100004401FC0244024402000000002E0055009
:1095200005500650042020403FC00440040003C002
:1095300000400000044027C0004000000000001070
:109540000010041027E00000000020403FC0014050
:10955000070004C00440204020403FC000400040BD
:10956000000007C0040007C0040003C0000004405E
:1095700007C00440040003C0004000000380044012
:10958000044003800000041007F0045004400380EE
:109590000000000003800440045007F00010044065
:1095A00007C002400400040000000000064005401F
:1095B000054004C00000000004001F80044000407B
:1095C0000000040007800040044007C00040040081
:1095D000070004C0018006000400060001C0070067
:1095E00001C006000000044006C0010006C004409F
:1095F00000000410071004E00180060004000000D1
:10960000044005C0064004400000000000000400C3
:109610007BE040200000000000000000FFF00000A0
:109620000000000040207BE004000000000040003B
:1096300080004000200020004000000000000000EA
:10964000000000000000000000000000000000001A
:109650001FCC000C000000000000000008003000DB
:1096600060000800300060000000022003FC1E20A3
:10967000022003FC1E200220000000000E1811042E
:109680003FFF10840C78000000000F0010840F389A
:1096900000C0077818840078000000780F8410C498
:1096A00011240E9800E4008400080800680070008F
:1096B00000000000000000000000000000000000AA
:1096C00007E01818200440020000000040022004B7
:1096D000181807E00000000000000240024001806E
:1096E0000FF00180024002400000008000800080F6
:1096F0000FF800800080008000000001000D000EC7
:109700000000000000000000000000000080008059
:10971000008000800080008000800000000C000CB1
:10972000000000000000000000000000000600181B
:1097300000600180060018002000000007F0080803
:1097400010041004080807F00000000008040804D2
:109750001FFC000400040000000000000E0C1014A8
:109760001024104411840E0C000000000C1810048A
:109770001104110412880C700000000000E00320A6
:10978000042408241FFC0024000000001F981084FB
:1097900011041104108810700000000007F0088800
:1097A0001104110418880070000000001C00100053
:1097B00010FC13001C001000000000000E381144C3
:1097C0001084108411440E38000000000700088C3B
:1097D00010441044088807F000000000000000005A
:1097E000030C030C0000000000000000000000015A
:1097F00001060000000000000000000000800140A1
:109800000220041008081004000002200220022098
:10981000022002200220022000000000100408089C
:109820000410022001400080000000000E00120021
:10983000100C106C10800F00000003E00C1813E4F3
:10984000142417C4082807D000000004003C03C4F7
:109850001C40074000E4001C000410041FFC11041D
:10986000110411040E880070000003E00C181004AD
:109870001004100410081C10000010041FFC100439
:1098800010041004080807F0000010041FFC110465
:10989000110417C410040818000010041FFC110460
:1098A000110017C010000800000003E00C1810049D
:1098B000100410441C780040000010041FFC1084A9
:1098C0000080008010841FFC1004000010041004AD
:1098D0001FFC100410040000000000030001100130
:1098E00010011FFE10001000000010041FFC1104E6
:1098F00003801464181C1004000010041FFC1004E2
:10990000000400040004000C000010041FFC1F00F1
:1099100000FC1F001FFC1004000010041FFC0C04BE
:10992000030000E010181FFC100007F008081004E6
:1099300010041004080807F0000010041FFC108435
:109940001080108010800F00000007F0081810240D
:109950001024101C080A07F2000010041FFC110458
:10996000110011C011300E0C000400000E1C110477
:109970001084108410441C380000180010001004DB
:109980001FFC100410001800000010001FF8100445
:109990000004000410041FF8100010001E0011E065
:1099A000001C007013801C0010001FC0103C00E061
:1099B0001F0000E0103C1FC000001004180C1634FB
:1099C00001C001C01634180C100410001C00130450
:1099D00000FC13041C00100000000804101C10649C
:1099E000108413041C041018000000000000000084
:1099F0007FFE4002400240020000000030000C00E8
:109A000003800060001C00030000000040024002D0
:109A100040027FFE00000000000000000000200067
:109A20004000400040002000000000010001000153
:109A300000010001000100010001000040004000A1
:109A40002000000000000000000000000098012439
:109A500001440144014400FC000410001FFC008884
:109A600001040104008800700000000000700088FC
:109A70000104010401040088000000000070008857
:109A80000104010411081FFC0004000000F8014457
:109A900001440144014400C8000000000104010425
:109AA0000FFC1104110411001800000000D6012958
:109AB0000129012901C90106000010041FFC0084CE
:109AC00001000100010400FC00040000010419046D
:109AD00019FC000400040000000000000003000165
:109AE0000101190119FE0000000010041FFC0024F0
:109AF000004001B4010C0104000000001004100437
:109B00001FFC0004000400000000010401FC01042B
:109B1000010001FC0104010000FC010401FC0084BF
:109B200001000100010400FC0004000000F8010431
:109B300001040104010400F80000010101FF008597
:109B4000010401040088007000000000007000881B
:109B500001040104010501FF00010104010401FCED
:109B600000840104010001800000000000CC0124F9
:109B700001240124012401980000000001000100DB
:109B800007F80104010400000000010001F80004CE
:109B900000040004010801FC0004010001800170C0
:109BA000000C001001600180010001F0010C003088
:109BB00001C00030010C01F0010000000104018C23
:109BC00000740170018C0104000001010181017128
:109BD000000E001801600180010000000184010CEA
:109BE000013401440184010C000000000000000069
:109BF000000001003EFC40024002000000000000A6
:109C00000000FFFF000000000000000040024002D2
:109C10003EFC010000000000000000006000800029
:109C200080004000400020002000000000000000F4
:109C30000000000000000000000000000000000024
:109C40000000000000000000000000000000000014
:109C5000000000000000000000000000000F80383D
:109C60000FFE380F803800000000000000000000E8
:109C700000000000000000000100000600000C00D1
:109C8000003800003100000600000C000038000021
:109C90003000000000000000000061800067F8074D
:109CA000F980006180006180006180006180006750
:109CB000F807F9800061800000000000000000004B
:109CC00001C0E003E0F00630080418081FFFFE049E
:109CD0000E080787F00381E000000000000001F09B
:109CE00000060C00040408060C7001F9C0000E0008
:109CF000003BE000EC18070808040C180003E00023
:109D000000000001E00007F003F818041C08041725
:109D10000807E1D003C0E00023B0003C08002008A1
:109D200000001000000000000001000031000032BF
:109D300000001C0000000000000000000000000007
:109D40000000000000000000000000000000000013
:109D5000000000000000000000007F0001FFC007BD
:109D600080F00C0018100004200002000000000029
:109D7000002000021000040C00180780F001FFC052
:109D8000007F000000000000000000000000000054
:109D90000000000000004200006600006600003C79
:109DA0000000180003FFC0001800003C000066001F
:109DB00000660000420000000000080000080000EB
:109DC000080000080000080001FFC00008000008AB
:109DD000000008000008000008000000000000016A
:109DE00000003100003200001C00000000000000F4
:109DF0000000000000000000000000000000000063
:109E0000000008000008000008000008000008002A
:109E1000000800000800000800000800000800001A
:109E200000000000000000000000380000380000C2
:109E300038000000000000000000000000000000EA
:109E400000000000000000000000000600001C00F0
:109E50000070000180000E0000380000C000070004
:109E6000001C0000300000000000000000007F80A7
:109E700001FFE003807006001804000804000806D3
:109E8000001803807001FFE0007F800000000000E8
:109E90000000000001000801000801000803FFF8AD
:109EA00007FFF8000008000008000008000000009C
:109EB000000000000001C03802C0580400980401EE
:109EC00018040218040418061C1803F81801E0F816
:109ED00000000000000000000001C0E003C0F0042A
:109EE000000804080804080806180803F41801E725
:109EF000F00001E00000000000000000000003008E
:109F0000000D000011000061000081080301080736
:109F1000FFF80FFFF8000108000108000000000032
:109F2000000000E007FCD00608080610080610082C
:109F3000061008061838060FF00607C000000000DB
:109F40000000000000003F8001FFE00384300208B1
:109F500018041008041008041008071810030FF064
:109F60000007C000000000000000000003C0000760
:109F700000000600000600F80607F806180006E0D4
:109F80000007000006000000000000000001E1E002
:109F900003F7F0063410041808041808040C080429
:109FA0000C0806161803F3F001C1E00000000000E1
:109FB0000000F80003FC300306380402080402081D
:109FC0000402080404100308F001FFC0007F000031
:109FD0000000000000000000000000000000000081
:109FE0000000703800703800703800000000000079
:109FF0000000000000000000000000000000000061
:10A00000000000000000301A00301C0000000000BA
:10A010000000000000000000000000000000000040
:10A0200000080000140000220000410000808001B0
:10A03000004002002004001008000800000000009A
:10A04000000021000021000021000021000021006B
:10A05000002100002100002100002100002100005B
:10A0600000000000000000000800080400100200CA
:10A070002001004000808000410000220000140008
:10A0800000080000000000000003C00004C000043D
:10A090000000080038080F380808380810000C3095
:10A0A0000007E00003C000000000000000003F8047
:10A0B00000FFE0038070020F1006708804C088045F
:10A0C0008308047F8802C09003012000FE40000046
:10A0D000080000180001F8003E0801C20007020055
:10A0E00007E20000FE00001FC80001F80000380071
:10A0F000000804000807FFF807FFF8040808040830
:10A100000804080804080806180803F41801E7F012
:10A110000001E0000000000000003F8001FFE003BC
:10A1200080700200180400080400080400080400FD
:10A13000100600200780C000000004000807FFF898
:10A1400007FFF804000804000804000804001802CF
:10A15000001003807001FFE0007F80000000040019
:10A160000807FFF807FFF8040808040808040808AF
:10A17000040808043E0804000806001801006000F6
:10A18000000004000807FFF807FFF80408080408A7
:10A1900000040800040800043E0006000006000059
:10A1A000018000000000000000003F8001FFE0038C
:10A1B0008070060018040008040208040208020364
:10A1C000F00783F000020000020004000807FFF817
:10A1D00007FFF80408080008000008000008000055
:10A1E000080004080807FFF807FFF804000800004B
:10A1F0000000000004000804000804000807FFF83D
:10A2000007FFF8040008040008040008000000002C
:10A21000000000000000000600000700000104002C
:10A220000104000104000307FFFE07FFFC04000017
:10A2300004000004000004000807FFF807FFF8040A
:10A240000C08001800003E0004C7800503C8060083
:10A25000F804003804001800000804000807FFF89C
:10A2600007FFF804000800000800000800000800CC
:10A270000008000008000018000060000000040052
:10A280000807FFF807800807FC00007FC00003F8FC
:10A290000007C000780007800807FFF807FFF804F0
:10A2A000000804000807FFF807000803C00000E0EA
:10A2B00000003800001E000007000001C00400F08C
:10A2C00007FFF8040000000000007F8001FFE003AA
:10A2D0008070060018040008040008060018030037
:10A2E0003001FFE0007F8000000004000807FFF855
:10A2F00007FFF80404080404000404000404000434
:10A300000400060C0003F80001F00000000000004B
:10A3100000007F8001FFE003807006008804008851
:10A320000400C806003C03003E01FFE6007F8400F5
:10A33000000004000807FFF807FFF80408080408F5
:10A3400000040C00040F00040BC00610F003F038EA
:10A3500001E00800000800000001E0F803F030060A
:10A360003010041808041808040C08040C0802062D
:10A37000180207F00781E0000000018000060000DD
:10A3800004000004000004000807FFF807FFF804B9
:10A390000008040000040000060000018000040022
:10A3A0000007FFE007FFF0040018000008000008A5
:10A3B00000000800000800000804001007FFE00487
:10A3C000000004000006000007E00007FE00041F74
:10A3D000E00001F80000380001E0043E0007C00082
:10A3E00006000004000004000007E00007FFC004AE
:10A3F0001FF80007C007F80007FF80043FF80007B8
:10A40000C004F80007000004000000000004000879
:10A4100006001807C07805F1C8003E00001F800440
:10A4200063E80780F8060018040008000000040034
:10A430000006000007800007E008047C08001FF801
:10A440000007F800180804E00807000006000004F0
:10A4500000000000000100080600380400F80403B2
:10A46000E8040F08047C0805F00807C00807001876
:10A470000400600000000000000000000000000078
:10A4800000000000003FFFFE20000220000220002C
:10A490000220000220000200000000000000000076
:10A4A00008000007000000C000003800000600009F
:10A4B00001C000003000000E00000100000000009C
:10A4C0000000000020000220000220000220000204
:10A4D0002000023FFFFE000000000000000000001E
:10A4E0000000000000000000000000080000100054
:10A4F00000300000200000300000100000080000C4
:10A500000000000000000000010000010000010048
:10A510000001000001000001000001000001000036
:10A520000100000100000100000100000000000027
:10A5300000000020000020000010000010000000BB
:10A54000000000000000000000000000000000000B
:10A55000000000F00019F8001B180022080026086F
:10A56000002408002410003FF8001FF80000080035
:10A57000001800000004000007FFF80FFFF00018AB
:10A5800018001008002008002008003018001FF0F4
:10A59000000FC00000000000000007C0001FF00016
:10A5A0001830002008002008002008003C08001C8B
:10A5B000100000600000000000000000000007C064
:10A5C000001FF000381800200800200800200804B0
:10A5D000101007FFF80FFFF000001000000000004F
:10A5E000000000000007C0001FF000123000221819
:10A5F000002208002208003208001E10000E200071
:10A60000000000000000200000200800200801FFDA
:10A61000F803FFF80620080420080420080720009B
:10A6200003000000000000000000000E000E6E009D
:10A630001FF30031B10020B10020B1003191001FA3
:10A6400013002E1E00200E00300000000004000841
:10A6500007FFF80FFFF8001008002000002000009E
:10A660002008003FF8001FF800000800000000006C
:10A6700000000000002008002008002008063FF825
:10A68000063FF80000080000080000080000000075
:10A690000000000000000000000003000003002094
:10A6A00001002001002003063FFE063FFC000000E1
:10A6B00000000000000000000004000807FFF80F81
:10A6C000FFF8000188000300002FC00038F80020C8
:10A6D0003800200800000800000000000000000012
:10A6E00004000804000804000807FFF80FFFF80042
:10A6F0000008000008000008000000000000002022
:10A7000008003FF8003FF8001008002000003FF864
:10A71000003FF8001008002000003FF8003FF8005C
:10A720000008000000002008003FF8003FF800107B
:10A7300008001000002000002008003FF8001FF86B
:10A740000000080000000000000007C0000FF0003B
:10A7500018300030080020080020080030080018D9
:10A7600030000FF00007C0000000000000002001D2
:10A77000003FFF003FFF00101100200900200800EB
:10A780002008003038001FF0000FC000000000005B
:10A79000000007C0001FF000381800200800200843
:10A7A000002009001011001FFF003FFF0000010002
:10A7B0000000002008002008002008003FF8003FAB
:10A7C000F8000808001008002008002000003000F1
:10A7D000003000000000000000000000000C7800C5
:10A7E0001E180033080023080021080021880021DA
:10A7F000980030F0003860000000000000002000E9
:10A8000000200000200000FFF003FFF800200800F7
:10A8100020080020080000300000000000000000B8
:10A8200000002000003FF0007FF800001800000842
:10A83000000008002010003FF8007FF0000010002A
:10A840000000000000002000003000003C00003F3D
:10A85000800023F0000078000070002380003C009E
:10A86000003000002000002000003C00003FE0001D
:10A8700023F80000E0002700003E00003FE0002138
:10A88000F80001E0003E0000200000000000200869
:10A89000002008003838003E680027800003C80008
:10A8A0002CF80038380020180020080000000000B4
:10A8B00000002000003003003C01003F830023EC37
:10A8C000000070002380003C0000200000200000F9
:10A8D00000000000000000000038080020380020C0
:10A8E000F80023E8002F88003E08003808002018F0
:10A8F00000007000000000000000000000000000E8
:10A9000000000000000008000014001FF7FC3000E9
:10A91000062000020000000000000000000000000F
:10A92000000000000000000000000000FFFFFF002A
:10A930000000000000000000000000000000000017
:10A94000000000002000023000061FF7FC00140089
:10A9500000080000000000000000000000000000EF
:10A9600000000000001800006000004000004000EF
:10A970000020000010000008000004000004000097
:10A980000C0000100000FF002CFF2EDFFF013C3206
:10A990001100090204D813E514482C0C33783A331B
:10A9A0003BFB3E0043111610399235DA221A37C3A9
:10A9B000230034C0361A068807C00D870E414C00AC
:10A9C00048005B0042034A812199244025382682B1
:10A9D0005C00630046000C3C617062807C05208056
:10A9E00028306C006D806E007002719473C13D342C
:10A9F0005A5712001711187519011A973236030F9A
:10AA000037404FCA50A85A236D006D38FF00E57FCC
:10AA1000F9C04124E01476FF33A0422043184C00D3
:10AA200087D5883FD703D910D382C808C9807C0056
:10AA30007D007C037D487D487C087D207D107D0E57
:10AA40009000910E911A9131915A91699175917E70
:10AA50009188918F919691A391AF91C491D791E8EC
:10AA600091209200930693E393059305930093043A
:10AA7000930093009300930093009300930096003B
:10AA8000970897199702970C97249730972897263D
:10AA900097029798978097009700C3EFA400A800AB
:10AAA000C511C651BF80C710B666B8A5B764B97CDA
:10AAB000B3AFB497B5FFB0C5B194B20FC45CC0C812
:10AAC000C1968C00863D50005190522C530054008A
:10AAD00055885A905B2C5C05D305C3ED7F00DA09DD
:10AAE000E51FE167E000DD7F0500FF002CFF2EDFA2
:10AAF000FF013C321100090204D813E514482C0C64
:10AB000033783A333BFB3E0043111610399235DA65
:10AB1000221A37C3230034C0361A068807C00D87AF
:10AB20000E414C0048005B0042034A8121992440B9
:10AB3000253826825C00630046220C3C61706280EE
:10AB40007C05208028306C006D806E00700271944E
:10AB500073C13D345A5712401711184319001A4B4C
:10AB6000320937C04FCA50A85A236D003D38FF0044
:10AB7000E57FF9C04124E01476FF33A0422043185A
:10AB80004C0087D5883FD703D910D382C808C98025
:10AB90007C007D007C037D487D487C087D207D1005
:10ABA0007D0E9000910E911A9131915A9169917593
:10ABB000917E9188918F919691A391AF91C491D7F5
:10ABC00091E891209200930693E3930593059300F7
:10ABD00093049300930093009300930093009300D9
:10ABE0009600970897199702970C97249730972803
:10ABF000972697029798978097009700C3EDA40037
:10AC0000A800C511C651BF80C710B666B8A5B76405
:10AC1000B97CB3AFB497B5FFB0C5B194B20FC45C03
:10AC2000C064C14B8C00863D500051C85296530001
:10AC3000540055005AC85B965C00D302C3ED7F00F8
:10AC4000DA09E51FE167E000DD7F0500FF01E014A0
:10AC5000E177E51FD703DA10E000FF00DA09D70338
:10AC6000DF0233A03C00E167FF01E000E100E50006
:10AC7000D700DA00E000FF00DA10D703DF003380EE
:10AC80003C40E1770000FF01242025182660FF01E9
:10AC90002434251C2600FF01243E25382681FF018F
:10ACA000244825402681FF01245825502692000083
:10ACB0000F0000000F000000FF0000000F00000068
:10ACC0000F0000000F0000000000000030313233A0
:10ACD00034353637383941424344454640305800D0
:10ACE0003031323334353637383961626364656602
:10ACF000403078000400000800000000000000025E
:10AD000000010000100000005151564741000000B2
:10AD100051564741000000005356474100000000D3
:10AD200056474100535847410000000055584741DD
:10AD30000000000058474100514349460000000010
:10AD40004349460042265700416E7469717565009B
:10AD50004E6567617469766500000000526564693C
:10AD600073680000477265656E69736800000000D3
:10AD7000426C7569736800004E6F726D616C000003
:10AD80003F000000646563006964000072756E74C2
:10AD9000696D650068656C70000000006C69737413
:10ADA0000000000068657800753820534343425F17
:10ADB00057525F526567287538207265672C753861
:10ADC0002064617461290000766F69642044434DFA
:10ADD000495F43525F5365742875382070636C6B0C
:10ADE0002C7538206873796E632C753820767379EA
:10ADF0006E632900766F6964204F56323634305FB7
:10AE00005247423536355F4D6F646528766F696409
:10AE100029000000766F6964204F56323634305F67
:10AE20004A5045475F4D6F646528766F6964290015
:10AE30004F56323634305F4C696768745F4D6F64CB
:10AE400065287538206D6F646529000075382053BA
:10AE50004343425F52445F526567287538207265EC
:10AE600067290000766F69642077726974655F6195
:10AE70006464722875333220616464722C753332D5
:10AE80002076616C29000000766F6964204F56328D
:10AE90003634305F4175746F5F4578706F737572CB
:10AEA00065287538206C6576656C2900753332200D
:10AEB000726561645F616464722875333220616415
:10AEC00064722900766F69642064656C61795F6DD6
:10AED0007328753136206E6D73290000766F6964B2
:10AEE0002064656C61795F757328753332206E75E7
:10AEF00073290000766F6964204F56323634305F14
:10AF0000436F6C6F725F53617475726174696F6EB9
:10AF1000287538207361742900000000766F696419
:10AF2000204F56323634305F5370656369616C5F11
:10AF300045666665637473287538206566742900F4
:10AF40007538204F56323634305F496D616765532E
:10AF5000697A655F53657428753136207769647442
:10AF6000682C7531362068656967687429000000AF
:10AF70007538204F56323634305F4F757453697AC6
:10AF8000655F536574287531362077696474682C61
:10AF90007531362068656967687429007538204FF7
:10AFA00056323634305F496D61676557696E5F535D
:10AFB000657428753136206F6666782C75313620B9
:10AFC0006F6666792C7531362077696474682C75E4
:10AFD000313620686569676874290000766F696496
:10AFE000204F56323634305F57696E646F775F5347
:10AFF0006574287531362073782C75313620737955
:10B000002C7531362077696474682C753136206868
:10B010006569676874290000766F69642044434D50
:10B02000495F5365745F57696E646F772875313671
:10B030002073782C7531362073792C753136207752
:10B04000696474682C75313620686569676874298D
:10B0500000000000766F6964204F56323634305F4E
:10B060004272696768746E657373287538206272FE
:10B070006967687429000000766F6964204F563252
:10B080003634305F436F6E74726173742875382084
:10B09000636F6E747261737429000000766F696467
:10B0A000204F56323634305F436F6C6F725F4261AF
:10B0B000722875382073772900000000DCB0000882
:10B0C000000000203C020000C4010008DCB10008C0
:10B0D0003C02002044F7010020020008C11378ADB3
:10B0E0001B0850041A44041A5C041A64041A7004FD
:10B0F0001A48041A38041A08041A40041A10041AC8
:10B1000020041A18041A34041A24041A2C04118472
:10B110007A030A200901020304060708090411FF43
:10B12000FF01291E89221A803C1A94041A9C041AD1
:10B1300088041AA4041A84041A8C0413638414085F
:10B14000ACAE1B0869081A64081335511B08C40803
:10B1500013A5501B08DC08139D4E1B08A8281ADBFA
:10B16000081A4C101381461B08C8101A3708131808
:10B17000B01C082B485419181A53081A30081AC959
:10B18000081AF4081309491B0854201A41081A78B0
:10B19000081AB508131CAF1C082F4A8819101A5733
:10B1A000081ADC10132D4B1B0870081AB5081A9CDE
:10B1B0000813714C1B08400813C5471B0814482A84
:10B1C0000750197022A01420B97F1B08DD041387D3
:0CB1D000801408EB831B0815E901DC006B
:040000050800018965
:00000001FF
