:020000040800F2
:1000000050C70120319E00088D0800088F080008A5
:1000100093080008970800089B08000800000000EB
:100020000000000000000000000000009F08000821
:10003000A108000800000000A3080008A5080008A7
:100040004B9E00084B9E00084B9E00084B9E0008EC
:100050004B9E00084B9E00084B9E00084B9E0008DC
:100060004B9E00084B9E00084B9E00084B9E0008CC
:100070004B9E00084B9E00084B9E00084B9E0008BC
:100080004B9E00084B9E00084B9E00084B9E0008AC
:100090004B9E00084B9E00084B9E00084B9E00089C
:1000A0004B9E00084B9E00084B9E00084B9E00088C
:1000B0004B9E00084B9E00084B9E00084B9E00087C
:1000C0004B9E00084B9E00084B9E00084B9E00086C
:1000D0004B9E0008A79D00084B9E00084B9E000801
:1000E0004B9E00084B9E00084B9E00084B9E00084C
:1000F0004B9E00084B9E00084B9E00084B9E00083C
:100100004B9E0008917C00084B9E00084B9E000807
:100110004B9E00084B9E00084B9E00084B9E00081B
:100120004B9E00084B9E00084B9E00084B9E00080B
:100130004B9E00084B9E00084B9E00084B9E0008FB
:100140004B9E00084B9E00084B9E00084B9E0008EB
:100150004B9E00084B9E00084B9E00084B9E0008DB
:100160004B9E00084B9E00084B9E00084B9E0008CB
:100170004B9E00084B9E00084B9E00084B9E0008BB
:100180004B9E00084B9E000800F002F800F047F874
:100190000AA090E8000C82448344AAF10107DA45E2
:1001A00001D100F03CF8AFF2090EBAE80F0013F0ED
:1001B000010F18BFFB1A43F00103184790D201004A
:1001C000B0D20100103A24BF78C878C1FAD85207DB
:1001D00024BF30C830C144BF04680C6070470000C1
:1001E0000023002400250026103A28BF78C1FBD840
:1001F000520728BF30C148BF0B607047642911F017
:10020000C183782911F0FA83732911F0E885002061
:1002100070471FB512F02FFF1FBD10B510BD11F0B4
:100220004BFE1146FFF7F5FF00F0EDF811F069FE07
:1002300003B4FFF7F2FF03BC09F056FD30BF72B6FE
:10024000704762B6704780F308887047F8B5054676
:100250000E4614461F4604B9F8BD2819401E82B246
:10026000334631462846009704F0BAFF00BFF3E753
:100270002DE9F05F0746884616469A4640F2C320AD
:1002800070434FF47A71B0FBF1F000F1010906FB05
:1002900006F000EB560B344671040A0CB91B88B209
:1002A00053464146FFF7D2FF012535E005FB05F037
:1002B00004FB040058451AD94C4517D96B1E5B0442
:1002C0001A0C08EB040399B27B1B5B1C98B25346D3
:1002D000FFF7BCFF6B1E5B041A0CA8EB040399B27A
:1002E0007B1B5B1C98B25346FFF7B0FF641E630490
:1002F0001A0C08EB050399B23B1B98B25346FFF763
:10030000A5FF63041A0CA8EB050399B23B1B98B236
:100310005346FFF79BFF6D1C4D45C7D9BDE8F09FC5
:1003200002468A4202DD501A80B27047881A80B2B3
:10033000FBE72DE9FF4F85B080468946129F0020DC
:1003400003900290B84507DB0798B84204DBB94533
:1003500002DB0898B84202DA09B0BDE8F08F0798CE
:10036000A0EB08040898A0EB0905CDF80480CDF8AF
:100370000090002C02DD4FF0010A06E014B94FF0A6
:10038000000A02E04FF0FF3A6442002D02DD4FF018
:10039000010B06E015B94FF0000B02E04FF0FF3BF8
:1003A0006D42AC4201DD264600E02E46002004905E
:1003B00023E0009A91B2019A90B23A46139BFFF75C
:1003C00057FF039820440390029828440290039812
:1003D000B04205DD0398801B0390019850440190C2
:1003E0000298B04205DD0298801B029000985844A4
:1003F00000900498401C80B20490711C04988842BC
:10040000D7DD00BFA8E788B00027B846002404263F
:100410004FF4A06009F02CFDA82009F0E3FB4FF495
:10042000E13009F06EFC00F047FB01F025FA05F021
:10043000A3F905F0BBFCDE490868804700200BF0FB
:1004400026FC02200BF023FC0FF04AFC4FF478400E
:10045000D849088015E0D8A010210B46C822CDE964
:10046000001032213C2005F054F9C82009F01CFC92
:100470004FF6FF704223F022322100903C2004F01E
:10048000AFFE0FF04EFA0028E5D100BF4FF47840E0
:10049000C849088000201021CAA20B46CDE90021DE
:1004A0000290C8220A213C200FF047FB00201021B7
:1004B000CAA20B46CDE900210290C8221E213C2091
:1004C0000FF03BFB00201021C8A20B46CDE9002114
:1004D0000290C82232213C200FF02FFB0020102177
:1004E000C7A20B46CDE900210290C82246213C203C
:1004F0000FF023FB00201021C7A20B46CDE90021FD
:100500000290C8225A213C200FF017FBC5484088B2
:10051000401F83B2C3480088143882B2722113206E
:1005200004F042FF1F20A349088000201021BEA232
:100530000B46CDE900210290C822CF2160200FF0A8
:10054000FCFA4FF0640800BF30E1002005F032F9FA
:100550000546012D0AD1964890F8300030B908F0D0
:100560000BFE4FF6FF7001F055F98FE7022D4ED1CB
:100570004FF6FF704FF49D73DB227321009014201F
:1005800004F02EFE701CC6B2042E00DD0126012EE2
:1005900006D0022E11D0032E1CD0042E34D126E01A
:1005A00000201021A2A20B46CDE900210290C82212
:1005B000CF2150200FF0C1FA26E0002010219FA289
:1005C0000B46CDE900210290C822CF2140200FF038
:1005D000B4FA19E0002010219CA20B46CDE90021BD
:1005E0000290C822CF2140200FF0A7FA0CE0002093
:1005F00010219AA20B46CDE900210290C822CF21FA
:1006000058200FF09AFA00BF00BF4FF06408684806
:10061000416800208847664890F8200000F080007C
:1006200000287AD0012009F03FFB4FF00008604815
:1006300081897C480088163881425BDA5C48808971
:10064000162857DB5A48C18A76484088C01F814225
:10065000F3DA5748C08A7528F3DBBDF810004FF66F
:10066000FF71884207D152488089ADF81000504888
:10067000C08AADF812001F200221DFF834C1CDE995
:100680000010BCF81630BCF80C20BDF81210BDF8F4
:100690001000FFF74EFE46488089ADF81000444830
:1006A000C08AADF81200C82C75DA24B3601E6E49FA
:1006B00001EB8000B0F902003D49C98A88426AD046
:1006C000601E694901EB8000B0F900003849898952
:1006D000884260D03648808900B2634901EB8401CA
:1006E00008803348C08A00B25F4901EB840148802A
:1006F000601C84B24FE02E48808900B25A4901EB59
:10070000840108802A48C08A00B2574901EB84015D
:100710004880601C84B23EE0FFE74FF6FF70ADF802
:10072000100008F1010000F0FF080A2009F0BCFAEF
:10073000781CC7B2B8F1280F2DD1ECB121464BA0DF
:1007400011F0B6F805A83346062221460090464827
:1007500010F012FF05A948A011F0AAF800241F20EC
:100760001449088005A810210B46C822CDE90010C5
:100770005A21842004F0CDFF4FF6FF7000902948E5
:100780004088801F83B227480088153882B27321C1
:10079000142004F025FD1E2F08D100273A480068D8
:1007A00008B9012000E0002037490860CDE60000CC
:1007B0003000002014000020466F6E7420457272D5
:1007C0006F722100CCBDCBF7D5DF53544D33324689
:1007D000343037BFAAB7A2B0E5000000CAD6D0B403
:1007E000CAB6B1F0CAB5D1E900000000D5FDB5E345
:1007F000D4ADD7D340414C49454E54454B00000041
:100800004B4559303A4D4F4445204B4559323A41BA
:10081000646A757374000000CAB6B1F0BDE1B9FB3B
:100820003A000000F4030020CAD6D0B4C7F8000094
:10083000BDF6CAB6B1F0CAFDD7D60000BDF6CAB63D
:10084000B1F0B4F3D0B4D7D6C4B80000BDF6CAB680
:10085000B1F0D0A1D0B4D7D6C4B80000C8ABB2BFF5
:10086000CAB6B1F000000000D4000020D7DCB5E328
:10087000CAFD3A25640D0A00CAB6B1F0BDE1B9FB64
:100880003A25730D0A000000A4824242704700BF5F
:10089000FEE700BFFEE700BFFEE700BFFEE77047D0
:1008A00070477047704700000CB500200190009021
:1008B0007648006840F480307449086000BF73488F
:1008C000006800F4003000900198401C01900098EE
:1008D00018B90198B0F5A04FF1D16C48006800F448
:1008E000003010B10120009001E00020009000983D
:1008F000012846D165484030006840F08050634987
:10090000403108606248006840F440406049086037
:100910005E48083000685D49083108600846006894
:1009200040F4004008600846006840F4A0500860A9
:100930005848091F0860081F006840F08070091FB0
:10094000086000BF5148006800F000700028F9D02E
:1009500040F20570504908604C480830006820F0AB
:1009600003004A49083108600846006840F0020068
:10097000086000BF45480830006800F00C000828F7
:10098000F8D10CBD10B54548006840F470004349EB
:1009900008603E48006840F001003C4908600020C3
:1009A0003A4908310860394800683D4908403749EC
:1009B00008603C48091D0860081F006820F480207A
:1009C000091F0860002031490C310860FFF76CFFF7
:1009D0004FF0006031498039086010BD70B50020CB
:1009E0000022022300240221284D08352D6805F03D
:1009F0000C0020B1042806D0082834D107E02A4D85
:100A00002A4E356033E02A4D284E35602FE01F4DC9
:100A10002D1D2D68C5F380541C4D2D1D2D6805F02E
:100A20003F0154B1224DB5FBF1F5184E361D366825
:100A3000C6F3881605FB06F209E01B4DB5FBF1F580
:100A4000124E361D3668C6F3881605FB06F20F4DAA
:100A50002D1D2D68C5F301456D1C6B00B2FBF3F530
:100A6000124E356003E0104D104E356000BF00BFE0
:100A7000064D08352D68C5F303150E4E705D0B4D00
:100A80002D68C540094E356070BD00000038024039
:100A90000070004008544007003C024088ED00E030
:100AA000FFFFF6FE103000240024F40000000020B8
:100AB00000127A00040000201CB5012120200AF059
:100AC0004FF84FF4C060009001208DF80400002022
:100AD0008DF8060003208DF8050001208DF8070031
:100AE0006946044809F0BAFA4FF4C061014809F0B8
:100AF00031FB1CBD0014024001B5BDF800000090A0
:100B0000BDF80000F849088008BD01B5BDF8000037
:100B10000090BDF80000F449891C088008BD08B5A4
:100B2000F148801C00880090BDF8000008BDEE4A26
:100B300010804FF0D842A2F88010704710B50446DC
:100B40002046FFF7D9FF052009F066F8FFF7E7FF19
:100B500010BDE6480089E44908807047E249891CD5
:100B60000880704730B5014601F01F04C1F34513FA
:100B7000CA0AE50205EB43151544A8B230BD00BF13
:100B8000011EA0F10102D0B2FAD1704730B504467F
:100B90000D46D648808849F24131884205D0D34875
:100BA000808845F21031884214D1D0494889FFF736
:100BB000A3FF2012FFF7A9FFE0B2FFF7A6FFCB4982
:100BC0008889FFF799FF2812FFF79FFFE8B2FFF728
:100BD0009CFFABE0C548808846F6040188421DD1E1
:100BE000C2488079012804D1C0480088401E001BFB
:100BF00084B2BE494889FFF77FFF2012FFF785FFC7
:100C0000E0B2FFF782FFB9498889FFF775FF281224
:100C1000FFF77BFFE8B2FFF778FF87E0B3488088F3
:100C200041F66311884247D1B0488079A8B9AF48EE
:100C30000088401E001B84B2AC494889FFF75CFF66
:100C40000020FFF762FF0020FFF75FFF2012FFF791
:100C50005CFFE0B2FFF759FF16E0A4494889FFF7AF
:100C60004BFF2012FFF751FFE0B2FFF74EFF9F4905
:100C70000988491EC1F30F20FFF747FF9B490978F8
:100C8000491EC8B2FFF741FF98498889FFF734FF32
:100C90002812FFF73AFFE8B2FFF737FF9349498878
:100CA000491EC1F30F20FFF730FF90498978491E94
:100CB000C8B2FFF72AFF39E08C48808845F210510E
:100CC000884220D189494889FFF716FF2012FFF793
:100CD0001CFF86494989491C88B2FFF70DFFE0B225
:100CE000FFF713FF81498889FFF706FF2812FFF7F6
:100CF0000CFF7E498989491C88B2FFF7FDFEE8B2E6
:100D0000FFF703FF12E079488079012804D1774882
:100D10000088401E001B84B2744948892146FFF7B1
:100D200006FF724988892946FFF701FF30BD2DE98A
:100D3000F04105460E4600240027A0466B48008877
:100D4000A84203DD69484088B04202DC0020BDE8CB
:100D5000F08131462846FFF719FF6448808849F240
:100D60004131884211D06148808846F604018842AA
:100D70000BD05E48808845F21031884205D05B4830
:100D8000808841F66311884203D12E20FFF7B4FE1C
:100D90000DE05648808845F21051884204D14FF446
:100DA0003850FFF7A9FE02E02220FFF7A5FE4F48CA
:100DB000808849F22031884202D10220FFF7DFFE0D
:100DC000FFF7ADFE04464948808841F6631188422A
:100DD00001D12046BBE70220FFF7D1FEFFF79FFEBF
:100DE00004464248808849F2413188420BD03F484E
:100DF000808845F21031884205D03C48808845F211
:100E0000105188420AD10220FFF7B9FEFFF787FE92
:100E10008046E7B24FF6FF7000EA07273348808824
:100E200049F22531884216D03048808844F2355145
:100E3000884210D02D488088091F88420BD02B484B
:100E400080884BF20551884205D0284880884CF2B2
:100E50000551884201D1204679E72448808849F22B
:100E6000413188420BD02148808845F210318842B8
:100E700005D01E48808845F21051884207D1E01203
:100E8000C002B91240EA411040EAE8205FE720467C
:100E9000FFF768FE5BE700B51448808849F24131EE
:100EA000884211D01148808846F6040188420BD050
:100EB0000E48808845F21031884205D00B48808862
:100EC00041F66311884203D12920FFF715FE14E093
:100ED0000648808845F21051884209D14FF42450C9
:100EE000FFF70AFE09E000007E00006CF40300201A
:100EF00040F273110720FFF71AFE00BD00B5FD4850
:100F0000808849F24131884211D0FA48808846F6FB
:100F1000040188420BD0F748808845F2103188429E
:100F200005D0F448808841F66311884203D1282017
:100F3000FFF7E2FD0EE0EF48808845F2105188424D
:100F400004D14FF42050FFF7D7FD03E00021072024
:100F5000FFF7EDFD00BDF0B5054600240027E5488C
:100F6000807901280BD1E348808846F60401884245
:100F700005D0E048808841F66311884208D1DD48F9
:100F80008079F0B9DB48808841F66311884218D136
:100F9000082D15D2DFE805F00406080A0C0E101221
:100FA00006250DE007250BE0042509E0052507E0EF
:100FB000012505E0002503E0032501E0022500BF2F
:100FC00000BFCC48808849F24131884217D0C948D7
:100FD000808846F60401884211D0C648808845F2D0
:100FE000103188420BD0C348808845F210518842A6
:100FF00005D0C048808841F6631188427ED1082D13
:101000001CD2DFE805F00406090C0F12151800BF0A
:1010100014E044F0800411E044F040040EE044F099
:10102000C0040BE044F0200408E044F0600405E054
:1010300044F0A00402E044F0E00400BF00BFAD486B
:10104000808845F21051884202D14FF4585700E091
:101050003627A848808845F2103188420DD0A5482F
:10106000808845F21051884207D0A248808841F616
:101070006311884201D044F008049E48808846F6F7
:101080000401884201D144F0020421463846FFF7AA
:101090004EFD9848808841F6631188421DD004F0C7
:1010A000200068B19348008892494988884214DA40
:1010B0009048068840888F490880084646800CE0A2
:1010C0008C4800888B494988884206DD8948068813
:1010D000408888490880084646808648808845F2CE
:1010E0001051884254D183494889FFF705FD0020FB
:1010F000FFF70BFD7F494989491C00E077E088B282
:10110000FFF7FAFC0020FFF700FD7A494989891CA6
:1011100088B2FFF7F1FC77490988491EC1F30F2017
:10112000FFF7F3FC73494989C91C88B2FFF7E4FC57
:1011300070490978491EC8B2FFF7E7FC6D498889F4
:10114000FFF7DAFC0020FFF7E0FC6A498989491CB7
:1011500088B2FFF7D1FC0020FFF7D7FC65498989E9
:10116000891C88B2FFF7C8FC62494988491EC1F34F
:101170000F20FFF7CAFC5F498989C91C88B2FFF7B5
:10118000BBFC5C498978491EC8B2FFF7BEFC55E03C
:1011900058494889FFF7B0FC0020FFF7B6FC002053
:1011A000FFF7B3FC53490988491EC1F30F20FFF72D
:1011B000ACFC50490978491EC8B2FFF7A6FC4D495E
:1011C0008889FFF799FC0020FFF79FFC0020FFF7BC
:1011D0009CFC48494988491EC1F30F20FFF795FC44
:1011E00044498978491EC8B2FFF78FFC26E0082DD4
:1011F0001CD2DFE805F004070A0D0F12151844F0A1
:10120000300413E044F0100410E044F020040DE03A
:1012100000BF0BE044F0380408E044F0280405E087
:1012200044F0180402E044F0080400BF00BF0327A4
:1012300044F4805421463846FFF779FCF0BD30B5C0
:1012400004460D4629462046FFF7A0FCFFF781FC27
:10125000294800882949088030BD70B504460D46EC
:1012600016462448808849F24131884205D02148F9
:10127000808845F21031884214D11E494889FFF711
:101280003BFC2012FFF741FCE0B2FFF73EFC19499E
:101290008889FFF731FC2812FFF737FCE8B2FFF727
:1012A00034FC93E01348808845F21051884227D1DE
:1012B00010494889FFF720FC2012FFF726FC0D4952
:1012C0004989491C88B2FFF717FCE0B2FFF71DFC03
:1012D00008498889FFF710FC2812FFF716FC05491A
:1012E0008989491C88B2FFF707FCE8B2FFF70DFCBB
:1012F0006CE00000F4030020140000208000006C6B
:10130000FE48808841F66311884228D1FB488079E5
:1013100020B9FA480088401E001B84B2F74948896A
:10132000FFF7EAFB2012FFF7F0FBE0B2FFF7EDFB5F
:101330002012FFF7EAFBE0B2FFF7E7FBEF498889ED
:10134000FFF7DAFB2812FFF7E0FBE8B2FFF7DDFB5F
:101350002812FFF7DAFBE8B2FFF7D7FB36E0E748E1
:10136000808846F6040188421DD1E448807901282E
:1013700004D1E2480088401E001B84B2DF4948893E
:10138000FFF7BAFB2012FFF7C0FBE0B2FFF7BDFB8F
:10139000DA498889FFF7B0FB2812FFF7B6FBE8B2FD
:1013A000FFF7B3FB12E0D5488079012804D1D34878
:1013B0000088401E001B84B2D04948892146FFF7AF
:1013C000B6FBCE4988892946FFF7B1FBCB48008997
:1013D000CB4908804FF0D840A0F8806070BD70B550
:1013E0002DED048B0446BE20FFF786FB0520FFF79A
:1013F0008CFB204611F03AFA41EC190B9FEDC10B22
:1014000053EC102B11F082FA41EC180B11F0EAF9B1
:1014100085B22846FFF779FB0120FFF776FBFF2016
:10142000FFF773FB0020FFF770FB0020FFF76DFB59
:10143000BDEC048B70BD10B50446002C66D1AF49DD
:101440008871F02008804FF4A0704880084680889A
:1014500049F2413188420BD0A848808846F6040101
:10146000884205D0A548808845F2103188421AD1BB
:101470002C20A24908812A2048812B2088810846F7
:10148000808846F60401884205D09C48808845F251
:101490001031884206D14FF4A070984908804FF46B
:1014A000F0704880A1E09548808845F2105188424C
:1014B00010D14FF43050914908814FF428504881A1
:1014C0004FF42C5088814FF4F07008804FF448702E
:1014D00048808AE08948808841F6631188420DD1AE
:1014E0002C20864908812B2048812A2088814FF4AE
:1014F000F07008804FF44870488076E022207F49E1
:10150000088120204881212088816EE001207B49CC
:1015100088714FF4A0700880F020488008468088C9
:1015200049F24131884205D07448808845F2103133
:10153000884207D12C20714908812A2048812B201C
:1015400088813FE06D48808846F60401884207D1D3
:101550002C206A4908812B2048812A20888131E08B
:101560006648808845F21051884210D14FF43050BF
:10157000624908814FF4285048814FF42C508881EB
:101580004FF4487008804FF4F07048801AE05B48D0
:10159000808841F6631188420DD12C20574908817B
:1015A0002A2048812B2088814FF4487008804FF40E
:1015B000F070488006E022205049088121204881AF
:1015C000202088814D48808846F60401884205D055
:1015D0004A48808845F21031884206D14FF4F070B5
:1015E000464908804FF4A07048800020FFF7B3FC04
:1015F00010BD2DE9F04F86B004460D469046994641
:1016000004EB0800401E86B205EB0900401E87B2BD
:101610003A48808849F24131884215D0374880885D
:1016200045F2103188420FD03448808846F60401D4
:10163000884209D031488079012826D12F488088F6
:1016400041F66311884220D12C494889FFF754FAAA
:101650002012FFF75AFAE0B2FFF757FA3012FFF7FD
:1016600054FAF0B2FFF751FA24498889FFF744FA97
:101670002812FFF74AFAE8B2FFF747FA3812FFF7E5
:1016800044FAF8B2FFF741FAC1E01C48808841F6FD
:10169000631188423DD119480088A0EB0800001B67
:1016A00084B205EB0900401E1FFA80F913494889EE
:1016B000FFF722FA2012FFF728FAE0B2FFF725FA27
:1016C00004EB0801491EC1F30F20FFF71EFA04EBDB
:1016D0000801491EC8B2FFF718FA08498889FFF7C0
:1016E0000BFA2812FFF711FAE8B2FFF70EFA4FEAE9
:1016F0002920FFF70AFA09F0FF0007E0F4030020B1
:101700007E00006C6666666666660440FFF7FDF95B
:101710007DE0FE48808845F21051884244D1FB4963
:101720004889FFF7E9F92012FFF7EFF9F7494989EE
:10173000491C88B2FFF7E0F9E0B2FFF7E6F9F34998
:101740004989891C88B2FFF7D7F93012FFF7DDF914
:10175000EE494989C91C88B2FFF7CEF9F0B2FFF70C
:10176000D4F9EA498889FFF7C7F92812FFF7CDF9BC
:10177000E6498989491C88B2FFF7BEF9E8B2FFF74C
:10178000C4F9E2498989891C88B2FFF7B5F9381292
:10179000FFF7BBF9DD498989C91C88B2FFF7ACF9AD
:1017A000F8B2FFF7B2F932E0D848807901280ED1BB
:1017B000AA46BB46D5480088801B401E80B20190D7
:1017C000D2480088001B401E80B2009003E0A24671
:1017D000B346019500975020059051200490522067
:1017E00003905320029051460598FFF7A0F95946FF
:1017F0000498FFF79CF901990398FFF798F900996D
:101800000298FFF794F929462046FFF7BFF906B082
:10181000BDE8F08F70B504460026BC4805884088B6
:101820004543BA48808846F60401884216D1B74835
:101830008079012812D10020B44988712A2048817A
:101840002B20888100210846FFF7A0F90120AF492D
:1018500088712B2048812A20888103E000210846D6
:10186000FFF794F9FFF775F9002602E0A848048015
:10187000761CAE42FAD370BD00B5A1B00020209016
:1018800001217A2009F06CF90121084609F0A0F93C
:101890004FF400401E9001208DF87C0000208DF850
:1018A0007E0002208DF87D0001208DF87F001EA9AA
:1018B000984808F0D3FB4CF233701E9002208DF84C
:1018C0007C0000208DF87E0003208DF87D00012033
:1018D0008DF87F001EA9904808F0C0FB4FF680707D
:1018E0001E9002208DF87C0000208DF87E000320E1
:1018F0008DF87D0001208DF87F001EA9874808F033
:10190000ADFB4FF480501E9002208DF87C0000202B
:101910008DF87E0003208DF87D0001208DF87F007A
:101920001EA97F4808F09AFB4FF480501E900220B9
:101930008DF87C0000208DF87E0003208DF87D005E
:1019400001208DF87F001EA9764808F087FB0C2245
:101950000021714808F00DFC0C2201216E4808F0AE
:1019600008FC0C2204216C4808F003FC0C22052121
:10197000694808F0FEFB0C220821674808F0F9FBD3
:101980000C220921644808F0F4FB0C220A21624869
:1019900008F0EFFB0C220E215F4808F0EAFB0C2256
:1019A0000F215D4808F0E5FB0C2207215B4808F099
:1019B000E0FB0C220821594808F0DBFB0C2209212E
:1019C000564808F0D6FB0C220A21544808F0D1FBF7
:1019D0000C220B21514808F0CCFB0C2211464F4839
:1019E00008F0C7FB0C220D214C4808F0C2FB0C226A
:1019F0000E214A4808F0BDFB0C220F21474808F091
:101A0000B8FB0C221146464808F0B3FB0C221146E5
:101A1000444808F0AEFB0F200890002009903C20BD
:101A20000A9000200B900C900D900E9009200190D0
:101A3000002002900820039000200490059006905A
:101A4000079006200F900020109011901020129007
:101A50000020139015901490169017904FF480501A
:101A60001890002019904FF480401A9000201B908D
:101A700008A81C9001A81D900FA808F0CEFB01211A
:101A8000062008F055FC322008F00EF90121002054
:101A9000FFF74DF8322008F007F90020FFF74EF865
:101AA0001A49888008468088FF280ADB0846808813
:101AB0004FF6FF71884204D014488088B0F5134F68
:101AC0007ED1D320FFF718F8FFF729F80F49888057
:101AD000FFF725F80D498880FFF721F80B4988802A
:101AE000084680884FF6FF7101EA00200749888088
:101AF000FFF715F805498988084304498880084696
:101B0000808849F2413188425AD00DE0F403002028
:101B10008000006C00040240000C024000100240F3
:101B20000014024000180240BF20FEF7E5FFFEF758
:101B3000F6FFFE498880FEF7F2FFFC498880FEF739
:101B4000EEFFFA498880FEF7EAFFF84988800846E8
:101B500080884FF6FF7101EA0020F4498880FEF783
:101B6000DEFFF24989880843F0498880084680886A
:101B700046F6040188427AD0D420FEF7BDFFFEF776
:101B8000CEFFEA498880FEF7CAFFE8498880FEF761
:101B9000C6FFE6498880084680884FF6FF7101EA53
:101BA0000020E2498880FEF7BAFFE04989880843AF
:101BB000DE4988800846808845F21031884200E07E
:101BC00055E054D04FF45A40FEF796FFFEF7A7FFBA
:101BD000D64988804FF45B40FEF78EFFFEF79FFFEB
:101BE000D2498880084680884FF6FF7101EA0020BC
:101BF000CE4988804FF45C40FEF77EFFFEF78FFFF2
:101C0000CA4989880843C949888008468088B0F550
:101C1000004F02D145F210508880C448808845F2B8
:101C20001051884223D0A120FEF766FFFEF777FF10
:101C3000BE498880FEF773FFBC49888008468088CB
:101C40004FF6FF7101EA0020B8498880FEF767FF70
:101C5000B64989880843B54988800846808845F296
:101C60006171884203D141F66310B0498880AF4862
:101C7000808849F24131884211D0AC48808845F2D1
:101C8000103188420BD0A948808845F21051884213
:101C900005D0A648808841F6631188421DD1A4482A
:101CA000006820F00F004FF02041C1F81C010846E9
:101CB000D0F81C0120F47060C1F81C010846D0F86F
:101CC0001C0140F00300C1F81C010846D0F81C01BB
:101CD00040F40070C1F81C0128E09448808846F662
:101CE0000401884205D0914880884CF20551884211
:101CF0001CD18F48006820F00F004FF02041C1F840
:101D00001C010846D0F81C0120F47060C1F81C01C9
:101D10000846D0F81C0140F00A00C1F81C01084632
:101D2000D0F81C0140F44060C1F81C017F48818854
:101D300080A00FF0BDFD7D48808849F24131884286
:101D40007ED1CF20FEF7D8FE0020FEF7DEFEC120B8
:101D5000FEF7DBFE3020FEF7D8FEED20FEF7CCFECE
:101D60006420FEF7D2FE0320FEF7CFFE1220FEF71E
:101D7000CCFE8120FEF7C9FEE820FEF7BDFE8520DF
:101D8000FEF7C3FE1020FEF7C0FE7A20FEF7BDFE70
:101D9000CB20FEF7B1FE3920FEF7B7FE2C20FEF770
:101DA000B4FE0020FEF7B1FE3420FEF7AEFE0220A6
:101DB000FEF7ABFEF720FEF79FFE2020FEF7A5FE04
:101DC000EA20FEF799FE0020FEF79FFE0020FEF7B6
:101DD0009CFEC020FEF790FE1B20FEF796FEC12061
:101DE000FEF78AFE0120FEF790FEC520FEF784FE76
:101DF0003020FEF78AFE3020FEF787FEC720FEF770
:101E00007BFEB720FEF781FE3620FEF775FE4820E8
:101E1000FEF77BFE3A20FEF76FFE5520FEF775FEBB
:101E2000B120FEF769FE0020FEF76FFE1A20FEF7D4
:101E30006CFEB620FEF760FE0A20FEF766FE00E0AC
:101E4000A5E0A220FEF761FEF220FEF755FE00207D
:101E5000FEF75BFE2620FEF74FFE0120FEF755FE43
:101E6000E020FEF749FE0F20FEF74FFE2A20FEF786
:101E70004CFE2820FEF749FE0820FEF746FE0E2005
:101E8000FEF743FE0820FEF740FE5420FEF73DFE1D
:101E9000A920FEF73AFE4320FEF737FE0A20FEF7A0
:101EA00034FE0F20FEF731FE0020FEF72EFE00204C
:101EB000FEF72BFE0020FEF728FE0020FEF725FE91
:101EC000E120FEF719FE0020FEF71FFE1520FEF7A9
:101ED0001CFE1720FEF719FE0720FEF716FE112044
:101EE000FEF713FE0620FEF710FE2B20FEF70DFE78
:101EF0005620FEF70AFE3C20FEF707FE0520FEF7FF
:101F000004FE1020FEF701FE0F20FEF7FEFD3F202D
:101F1000FEF7FBFD3F20FEF7F8FD0F20FEF7F5FD75
:101F20002B20FEF7E9FD00200CE00000F403002068
:101F30001C0100A0204C43442049443A25780D0A56
:101F400000000000FEF7E1FD0020FEF7DEFD0120AD
:101F5000FEF7DBFD3F20FEF7D8FD2A20FEF7CCFD83
:101F60000020FEF7D2FD0020FEF7CFFD0020FEF797
:101F7000CCFDEF20FEF7C9FD1120FEF7BDFD782056
:101F800007F092FE2920FEF7B7FD03F01DB9FE48C9
:101F9000808846F6040188427ED11120FEF7ACFD10
:101FA000142007F081FED020FEF7A6FD0720FEF7E3
:101FB000ACFD4220FEF7A9FD1D20FEF7A6FDD120B5
:101FC000FEF79AFD0020FEF7A0FD1A20FEF79DFD0A
:101FD0000920FEF79AFDD220FEF78EFD0120FEF7C4
:101FE00094FD2220FEF791FDC020FEF785FD102014
:101FF000FEF78BFD3B20FEF788FD0020FEF785FDF8
:102000000220FEF782FD1120FEF77FFDC520FEF7BE
:1020100073FD0320FEF779FDC820FEF76DFD00205B
:10202000FEF773FD2520FEF770FD2120FEF76DFD04
:102030000520FEF76AFD0020FEF767FD0A20FEF787
:1020400064FD6520FEF761FD2520FEF75EFD77202B
:10205000FEF75BFD5020FEF758FD0F20FEF755FD03
:102060000020FEF752FDF820FEF746FD0120FEF7A6
:102070004CFDFE20FEF740FD0020FEF746FD02204D
:10208000FEF743FD2020FEF737FD3620FEF734FD36
:102090000820FEF73AFD00E02AE03A20FEF72CFD8A
:1020A0005520FEF732FD2B20FEF726FD0020FEF71F
:1020B0002CFD0020FEF729FD0120FEF726FD3F2024
:1020C000FEF723FD2A20FEF717FD0020FEF71DFD79
:1020D0000020FEF71AFD0120FEF717FDDF20FEF7B6
:1020E00014FD782007F0E0FD2920FEF705FD4CE700
:1020F000A548808845F21031884240F07C87ED2069
:10210000FEF7FAFC0120FEF700FDFE20FEF7FDFCC5
:10211000EE20FEF7F1FCDE20FEF7F7FC2120FEF7B3
:10212000F4FCF120FEF7E8FC0120FEF7EEFCDF20D6
:10213000FEF7E2FC1020FEF7E8FCC420FEF7DCFC12
:102140008F20FEF7E2FCC620FEF7D6FC0020FEF74B
:10215000DCFCE220FEF7D9FCE220FEF7D6FCE22010
:10216000FEF7D3FCBF20FEF7C7FCAA20FEF7CDFC8C
:10217000B020FEF7C1FC0D20FEF7C7FC0020FEF7E3
:10218000C4FC0D20FEF7C1FC0020FEF7BEFC1120B0
:10219000FEF7BBFC0020FEF7B8FC1920FEF7B5FCEB
:1021A0000020FEF7B2FC2120FEF7AFFC0020FEF776
:1021B000ACFC2D20FEF7A9FC0020FEF7A6FC3D207C
:1021C000FEF7A3FC0020FEF7A0FC5D20FEF79DFCBF
:1021D0000020FEF79AFC5D20FEF797FC0020FEF73A
:1021E00094FCB120FEF788FC8020FEF78EFC0020D6
:1021F000FEF78BFC8B20FEF788FC0020FEF785FCA9
:102200009620FEF782FC0020FEF77FFCB220FEF74E
:1022100073FC0020FEF779FC0020FEF776FC02201C
:10222000FEF773FC0020FEF770FC0320FEF76DFC48
:102230000020FEF76AFCB320FEF75EFC0020FEF7EC
:1022400064FC0020FEF761FC0020FEF75EFC00202D
:10225000FEF75BFC0020FEF758FC0020FEF755FC63
:102260000020FEF752FC0020FEF74FFC0020FEF796
:102270004CFC0020FEF749FC0020FEF746FC002045
:10228000FEF743FC0020FEF740FC0020FEF73DFC7B
:102290000020FEF73AFC0020FEF737FC0020FEF796
:1022A00034FC0020FEF731FC0020FEF72EFC00205D
:1022B000FEF72BFC0020FEF728FC0020FEF725FC93
:1022C0000020FEF722FC0020FEF71FFCB420FEF7E2
:1022D00013FC8B20FEF719FC0020FEF716FC96205D
:1022E000FEF713FC0020FEF710FCA120FEF70DFC0A
:1022F0000020FEF70AFCB520FEF7FEFB0220FEF7E9
:1023000004FC0020FEF701FC0320FEF7FEFB00208A
:10231000FEF7FBFB0420FEF7F8FB0020FEF7F5FBC1
:10232000B620FEF7E9FB0020FEF7EFFB0020FEF7EA
:10233000ECFBB720FEF7E0FB0020FEF7E6FB0020F9
:10234000FEF7E3FB3F20FEF7E0FB0020FEF7DDFB9E
:102350005E20FEF7DAFB0020FEF7D7FB6420FEF7D5
:10236000D4FB0020FEF7D1FB8C20FEF7CEFB002033
:10237000FEF7CBFBAC20FEF7C8FB0020FEF7C5FB49
:10238000DC20FEF7C2FB01E0F40300200020FEF792
:10239000BCFB7020FEF7B9FB0020FEF7B6FB9020D7
:1023A000FEF7B3FB0020FEF7B0FBEB20FEF7ADFB22
:1023B0000020FEF7AAFBDC20FEF7A7FB0020FEF7BB
:1023C000A4FBB820FEF798FB0020FEF79EFB002040
:1023D000FEF79BFB0020FEF798FB0020FEF795FB25
:1023E0000020FEF792FB0020FEF78FFB0020FEF797
:1023F0008CFB0020FEF789FBBA20FEF77DFB242032
:10240000FEF783FB0020FEF780FB0020FEF77DFB3C
:102410000020FEF77AFBC120FEF76EFB2020FEF7BE
:1024200074FB0020FEF771FB5420FEF76EFB0020CA
:10243000FEF76BFBFF20FEF768FB0020FEF765FB55
:10244000C220FEF759FB0A20FEF75FFB0020FEF7D3
:102450005CFB0420FEF759FB0020FEF756FBC3206F
:10246000FEF74AFB3C20FEF750FB0020FEF74DFB39
:102470003A20FEF74AFB0020FEF747FB3920FEF723
:1024800044FB0020FEF741FB3720FEF73EFB002017
:10249000FEF73BFB3C20FEF738FB0020FEF735FB48
:1024A0003620FEF732FB0020FEF72FFB3220FEF72E
:1024B0002CFB0020FEF729FB2F20FEF726FB002037
:1024C000FEF723FB2C20FEF720FB0020FEF71DFB70
:1024D0002920FEF71AFB0020FEF717FB2620FEF747
:1024E00014FB0020FEF711FB2420FEF70EFB00205A
:1024F000FEF70BFB2420FEF708FB0020FEF705FB90
:102500002320FEF702FB0020FEF7FFFA3C20FEF737
:10251000FCFA0020FEF7F9FA3620FEF7F6FA002062
:10252000FEF7F3FA3220FEF7F0FA0020FEF7EDFA9C
:102530002F20FEF7EAFA0020FEF7E7FA2C20FEF73C
:10254000E4FA0020FEF7E1FA2920FEF7DEFA002087
:10255000FEF7DBFA2620FEF7D8FA0020FEF7D5FAC0
:102560002420FEF7D2FA0020FEF7CFFA2420FEF74F
:10257000CCFA0020FEF7C9FA2320FEF7C6FA0020A5
:10258000FEF7C3FAC420FEF7B7FA6220FEF7BDFAE1
:102590000020FEF7BAFA0520FEF7B7FA0020FEF792
:1025A000B4FA8420FEF7B1FA0020FEF7AEFAF0206C
:1025B000FEF7ABFA0020FEF7A8FA1820FEF7A5FAFE
:1025C0000020FEF7A2FAA420FEF79FFA0020FEF7F3
:1025D0009CFA1820FEF799FA0020FEF796FA502090
:1025E000FEF793FA0020FEF790FA0C20FEF78DFA22
:1025F0000020FEF78AFA1720FEF787FA0020FEF780
:1026000084FA9520FEF781FA0020FEF77EFAF32087
:10261000FEF77BFA0020FEF778FAE620FEF775FA5F
:102620000020FEF772FAC520FEF766FA3220FEF7A8
:102630006CFA0020FEF769FA4420FEF766FA0020E3
:10264000FEF763FA6520FEF760FA0020FEF75DFAF8
:102650007620FEF75AFA0020FEF757FA8820FEF798
:1026600054FA0020FEF751FAC620FEF745FA202062
:10267000FEF74BFA0020FEF748FA1720FEF745FA5E
:102680000020FEF742FA0120FEF73FFA0020FEF795
:102690003CFAC720FEF730FA0020FEF736FA002099
:1026A000FEF733FA0020FEF730FA0020FEF72DFA8D
:1026B000C820FEF721FA0020FEF727FA0020FEF7D7
:1026C00024FA0020FEF721FA0020FEF71EFAC920A6
:1026D000FEF712FA0020FEF718FA0020FEF715FAAE
:1026E0000020FEF712FA0020FEF70FFA0020FEF796
:1026F0000CFA0020FEF709FA0020FEF706FA002087
:10270000FEF703FA0020FEF700FA0020FEF7FDF9BD
:102710000020FEF7FAF90020FEF7F7F90020FEF797
:10272000F4F90020FEF7F1F90020FEF7EEF90020A1
:10273000FEF7EBF9E020FEF7DFF91620FEF7E5F9EA
:102740000020FEF7E2F91C20FEF7DFF90020FEF77B
:10275000DCF92120FEF7D9F90020FEF7D6F9362062
:10276000FEF7D3F90020FEF7D0F94620FEF7CDF9A9
:102770000020FEF7CAF95220FEF7C7F90020FEF745
:10278000C4F96420FEF7C1F90020FEF7BEF97A20F3
:10279000FEF7BBF90020FEF7B8F98B20FEF7B5F97C
:1027A0000020FEF7B2F99920FEF7AFF90020FEF7FE
:1027B000ACF9A820FEF7A9F90020FEF7A6F9B92088
:1027C000FEF7A3F90020FEF7A0F9C420FEF79DF95B
:1027D0000020FEF79AF9CA20FEF797F90020FEF7CD
:1027E00094F9D220FEF791F90020FEF78EF9D92056
:1027F000FEF78BF90020FEF788F9E020FEF785F957
:102800000020FEF782F9F320FEF77FF90020FEF7A3
:102810007CF9E120FEF770F91620FEF776F900202A
:10282000FEF773F91C20FEF770F90020FEF76DF932
:102830002220FEF76AF90020FEF767F93620FEF73E
:1028400064F90020FEF761F94520FEF75EF90020EB
:10285000FEF75BF95220FEF758F90020FEF755F914
:102860006420FEF752F90020FEF74FF97A20FEF7B8
:102870004CF90020FEF749F98B20FEF746F90020BD
:10288000FEF743F99920FEF740F90020FEF73DF9E5
:10289000A820FEF73AF90020FEF737F9B920FEF735
:1028A00034F90020FEF731F9C420FEF72EF900209C
:1028B000FEF72BF9CA20FEF728F90020FEF725F9CC
:1028C000D220FEF722F90020FEF71FF9D820FEF7EC
:1028D0001CF90020FEF719F9E020FEF716F9002098
:1028E000FEF713F9F320FEF710F90020FEF70DF9BB
:1028F000E220FEF701F90520FEF707F90020FEF7B8
:1029000004F90B20FEF701F90020FEF7FEF81B206A
:10291000FEF7FBF80020FEF7F8F83420FEF7F5F894
:102920000020FEF7F2F84420FEF7EFF80020FEF753
:10293000ECF84F20FEF7E9F80020FEF7E6F86120FA
:10294000FEF7E3F80020FEF7E0F87920FEF7DDF867
:102950000020FEF7DAF88820FEF7D7F80020FEF70F
:10296000D4F89720FEF7D1F80020FEF7CEF8A62085
:10297000FEF7CBF80020FEF7C8F8B720FEF7C5F841
:102980000020FEF7C2F8C220FEF7BFF80020FEF7D5
:10299000BCF8C720FEF7B9F80020FEF7B6F8D12042
:1029A000FEF7B3F80020FEF7B0F8D620FEF7ADF83A
:1029B0000020FEF7AAF8DD20FEF7A7F80020FEF7BA
:1029C000A4F8F320FEF7A1F80020FEF79EF8E3201C
:1029D000FEF792F80520FEF798F80020FEF795F82C
:1029E0000A20FEF792F80020FEF78FF81C20FEF771
:1029F0008CF80020FEF789F83320FEF786F80020D7
:102A0000FEF783F84420FEF780F80020FEF77DF8FB
:102A10005020FEF77AF80020FEF777F86220FEF7E4
:102A200074F80020FEF771F87820FEF76EF80020A9
:102A3000FEF76BF88820FEF768F80020FEF765F8CF
:102A40009720FEF762F80020FEF75FF8A620FEF759
:102A50005CF80020FEF759F8B720FEF756F8002082
:102A6000FEF753F8C220FEF750F80020FEF74DF8AD
:102A7000C720FEF74AF80020FEF747F8D120FEF7FE
:102A800044F80020FEF741F8D520FEF73EF800207C
:102A9000FEF73BF8DD20FEF738F80020FEF735F8AA
:102AA000F320FEF732F80020FEF72FF8E420FEF7BF
:102AB00023F80120FEF729F80020FEF726F8012070
:102AC000FEF723F80020FEF720F80220FEF71DF89D
:102AD0000020FEF71AF82A20FEF717F80020FEF76C
:102AE00014F83C20FEF711F80020FEF70EF84B20FA
:102AF000FEF70BF80020FEF708F85D20FEF705F85A
:102B00000020FEF702F87420FDF7FFFF0020FDF71C
:102B1000FCFF8420FDF7F9FF0020FDF7F6FF93206E
:102B2000FDF7F3FF0020FDF7F0FFA220FDF7EDFF1A
:102B30000020FDF7EAFFB320FDF7E7FF0020FDF7D7
:102B4000E4FFBE20FDF7E1FF0020FDF7DEFFC4201B
:102B5000FDF7DBFF0020FDF7D8FFCD20FDF7D5FF07
:102B60000020FDF7D2FFD320FDF7CFFF0020FDF7B7
:102B7000CCFFDD20FDF7C9FF0020FDF7C6FFF320E5
:102B8000FDF7C3FF0020FDF7C0FFE520FDF7B4FF10
:102B90000020FDF7BAFF0020FDF7B7FF0020FDF78A
:102BA000B4FF0020FDF7B1FF0220FDF7AEFF0020CB
:102BB000FDF7ABFF2920FDF7A8FF0020FDF7A5FFDB
:102BC0003C20FDF7A2FF0020FDF79FFF4B20FDF703
:102BD0009CFF0020FDF799FF5D20FDF796FF002088
:102BE000FDF793FF7420FDF790FF0020FDF78DFFA8
:102BF0008420FDF78AFF0020FDF787FF9320FDF773
:102C000084FF0020FDF781FFA220FDF77EFF00205A
:102C1000FDF77BFFB320FDF778FF0020FDF775FF80
:102C2000BE20FDF772FF0020FDF76FFFC420FDF707
:102C30006CFF0020FDF769FFCD20FDF766FF002047
:102C4000FDF763FFD320FDF760FF0020FDF75DFF78
:102C5000DC20FDF75AFF0020FDF757FFF320FDF7BA
:102C600054FF0020FDF751FFE620FDF745FF11203E
:102C7000FDF74BFF0020FDF748FF3420FDF745FF2F
:102C80000020FDF742FF5620FDF73FFF0020FDF733
:102C90003CFF7620FDF739FF0020FDF736FF772057
:102CA000FDF733FF0020FDF730FF6620FDF72DFF15
:102CB0000020FDF72AFF8820FDF727FF0020FDF701
:102CC00024FF9920FDF721FF0020FDF71EFFBB2008
:102CD000FDF71BFF0020FDF718FF9920FDF715FFFA
:102CE0000020FDF712FF6620FDF70FFF0020FDF723
:102CF0000CFF5520FDF709FF0020FDF706FF5520CA
:102D0000FDF703FF0020FDF700FF4520FDF7FDFE66
:102D10000020FDF7FAFE4320FDF7F7FE0020FDF747
:102D2000F4FE4420FDF7F1FE0020FDF7EEFEE72063
:102D3000FDF7E2FE3220FDF7E8FE0020FDF7E5FE9C
:102D40005520FDF7E2FE0020FDF7DFFE7620FDF7BF
:102D5000DCFE0020FDF7D9FE6620FDF7D6FE002040
:102D6000FDF7D3FE6720FDF7D0FE0020FDF7CDFE76
:102D70006720FDF7CAFE0020FDF7C7FE8720FDF79C
:102D8000C4FE0020FDF7C1FE9920FDF7BEFE002025
:102D9000FDF7BBFEBB20FDF7B8FE0020FDF7B5FE3A
:102DA0009920FDF7B2FE0020FDF7AFFE7720FDF77A
:102DB000ACFE0020FDF7A9FE4420FDF7A6FE002092
:102DC000FDF7A3FE5620FDF7A0FE0020FDF79DFEB7
:102DD0002320FDF79AFE0020FDF797FE3320FDF734
:102DE00094FE0020FDF791FE4520FDF78EFE0020A9
:102DF000FDF78BFEE820FDF77FFE0020FDF785FE46
:102E00000020FDF782FE9920FDF77FFE0020FDF7F0
:102E10007CFE8720FDF779FE0020FDF776FE8820F6
:102E2000FDF773FE0020FDF770FE7720FDF76DFEC5
:102E30000020FDF76AFE6620FDF767FE0020FDF723
:102E400064FE8820FDF761FE0020FDF75EFEAA20EB
:102E5000FDF75BFE0020FDF758FEBB20FDF755FE99
:102E60000020FDF752FE9920FDF74FFE0020FDF7F0
:102E70004CFE6620FDF749FE0020FDF746FE55207A
:102E8000FDF743FE0020FDF740FE5520FDF73DFE17
:102E90000020FDF73AFE4420FDF737FE0020FDF745
:102EA00034FE4420FDF731FE0020FDF72EFE5520B4
:102EB000FDF72BFE0020FDF728FEE920FDF71CFEA4
:102EC000AA20FDF722FE0020FDF71FFE0020FDF7DF
:102ED0001CFE0020FDF719FE0020FDF70DFEAA20C4
:102EE000FDF713FECF20FDF707FE0020FDF70DFED6
:102EF0000020FDF70AFE0020FDF707FE0020FDF789
:102F000004FE0020FDF701FE0020FDF7FEFD00207D
:102F1000FDF7FBFD0020FDF7F8FD0020FDF7F5FDB6
:102F20000020FDF7F2FD0020FDF7EFFD0020FDF78A
:102F3000ECFD0020FDF7E9FD0020FDF7E6FD002097
:102F4000FDF7E3FD0020FDF7E0FD0020FDF7DDFDCE
:102F5000F020FDF7D1FD0020FDF7D7FD5020FDF753
:102F6000D4FD0020FDF7D1FD0020FDF7CEFD0020AF
:102F7000FDF7CBFDF320FDF7BFFD0020FDF7C5FDFC
:102F8000F920FDF7B9FD0620FDF7BFFD1020FDF784
:102F9000BCFD2920FDF7B9FD0020FDF7B6FD3A2064
:102FA000FDF7AAFD5520FDF7B0FD1120FDF7A4FDAA
:102FB000642006F079FE2920FDF79EFD3520FDF7FF
:102FC0009BFD0020FDF7A1FD5120FDF795FDFF20A1
:102FD000FDF79BFD5320FDF78FFD2C20FDF795FDA0
:102FE0005520FDF789FD8220FDF78FFD2C20FDF790
:102FF00083FD02F0E9B8FE48808845F2105188420E
:103000007ED155214FF47040FDF791FDAA214FF27A
:103010000100FDF78CFD52214FF20200FDF787FD04
:1030200008214FF20300FDF782FD01214FF2040059
:10303000FDF77DFD0D214FF43040FDF778FD0D21AA
:103040004BF20100FDF773FD0D214BF20200FDF77D
:103050006EFD34214FF43640FDF769FD34214BF20B
:103060000160FDF764FD34214BF20260FDF75FFD66
:103070000D214FF43140FDF75AFD0D214BF20110A7
:10308000FDF755FD0D214BF20210FDF750FD3421E7
:103090004FF43740FDF74BFD34214BF20170FDF743
:1030A00046FD34214BF20270FDF741FD00214FF443
:1030B0003240FDF73CFD00214BF20120FDF737FDCA
:1030C00000214BF20220FDF732FD24214FF438405D
:1030D000FDF72DFD24214BF60100FDF728FD2421ED
:1030E0004BF60200FDF723FD01214FF43F40FDF7B1
:1030F0001EFD0F214FF43340FDF719FD0F2100E0B5
:10310000FEE34BF20130FDF712FD0F214BF20230CE
:10311000FDF70DFD34214FF43940FDF708FD342152
:103120004BF60110FDF703FD34214BF60210FDF7BD
:10313000FEFC08214FF43540FDF7F9FC08214BF265
:103140000150FDF7F4FC08214BF20250FDF7EFFCB3
:1031500003214FF44240FDF7EAFC24214FF43A40AA
:10316000FDF7E5FC24214BF60120FDF7E0FC2421CE
:103170004BF60220FDF7DBFC00214FF43C40FDF74D
:10318000D6FC78214BF60140FDF7D1FC00214BF62F
:103190000240FDF7CCFC00214FF43D40FDF7C7FC99
:1031A00078214BF60150FDF7C2FC00214BF602508E
:1031B000FDF7BDFC00214FF43E40FDF7B8FC642153
:1031C0004BF60160FDF7B3FC00214FF45140FDF7D1
:1031D000AEFC33214DF20110FDF7A9FC00214DF2A8
:1031E0000210FDF7A4FC34214DF20310FDF79FFC03
:1031F00000214DF20410FDF79AFC3A214DF2051022
:10320000FDF795FC00214DF20610FDF790FC4A21D8
:103210004DF20710FDF78BFC00214DF20810FDF771
:1032200086FC5C214DF20910FDF781FC00214DF276
:103230000A10FDF77CFC81214DF20B10FDF777FCA5
:1032400000214DF20C10FDF772FCA6214DF20D107D
:10325000FDF76DFC00214DF20E10FDF768FCE52135
:103260004DF20F10FDF763FC01214DF21010FDF738
:103270005EFC13214DF21110FDF759FC01214DF2B6
:103280001210FDF754FC54214DF21310FDF74FFCC2
:1032900001214DF21410FDF74AFC82214DF2151068
:1032A000FDF745FC01214DF21610FDF740FCCA2147
:1032B0004DF21710FDF73BFC02214DF21810FDF7FF
:1032C00036FC00214DF21910FDF731FC02214DF2C0
:1032D0001A10FDF72CFC01214DF21B10FDF727FC05
:1032E00002214DF21C10FDF722FC34214DF21D107D
:1032F000FDF71DFC02214DF21E10FDF718FC6721A1
:103300004DF21F10FDF713FC02214DF22010FDF7C6
:103310000EFC84214DF22110FDF709FC02214DF233
:103320002210FDF704FCA4214DF22310FDF7FFFB52
:1033300002214DF22410FDF7FAFBB7214DF22510C2
:10334000FDF7F5FB02214DF22610FDF7F0FBCF2132
:103350004DF22710FDF7EBFB02214DF22810FDF78F
:10336000E6FBDE214DF22910FDF7E1FB02214DF2D3
:103370002A10FDF7DCFBF2214DF22B10FDF7D7FBF5
:1033800002214DF22C10FDF7D2FBFE214DF22D1043
:10339000FDF7CDFB03214DF22E10FDF7C8FB1021E8
:1033A0004DF22F10FDF7C3FB03214DF23010FDF756
:1033B000BEFB33214DF23110FDF7B9FB03214DF275
:1033C0003210FDF7B4FB6D214DF23310FDF7AFFB6A
:1033D00000214FF45240FDF7AAFB33214DF20120AA
:1033E000FDF7A5FB00214DF20220FDF7A0FB01E057
:1033F000F403002034214DF20320FDF798FB002157
:103400004DF20420FDF793FB3A214DF20520FDF724
:103410008EFB00214DF20620FDF789FB4A214DF27B
:103420000720FDF784FB00214DF20820FDF77FFB0C
:103430005C214DF20920FDF77AFB00214DF20A20B4
:10344000FDF775FB81214DF20B20FDF770FB00218C
:103450004DF20C20FDF76BFBA6214DF20D20FDF780
:1034600066FB00214DF20E20FDF761FBE5214DF2D8
:103470000F20FDF75CFB01214DF21020FDF757FBFB
:1034800013214DF21120FDF752FB01214DF21220C4
:10349000FDF74DFB54214DF21320FDF748FB0121B0
:1034A0004DF21420FDF743FB82214DF21520FDF76C
:1034B0003EFB01214DF21620FDF739FBCA214DF2EA
:1034C0001720FDF734FB02214DF21820FDF72FFBEA
:1034D00000214DF21920FDF72AFB02214DF21A209E
:1034E000FDF725FB01214DF21B20FDF720FB0221FA
:1034F0004DF21C20FDF71BFB34214DF21D20FDF782
:1035000016FB02214DF21E20FDF711FB67214DF243
:103510001F20FDF70CFB02214DF22020FDF707FBD9
:1035200084214DF22120FDF702FB02214DF22220E1
:10353000FDF7FDFAA4214DF22320FDF7F8FA022150
:103540004DF22420FDF7F3FAB7214DF22520FDF7C7
:10355000EEFA02214DF22620FDF7E9FACF214DF2D5
:103560002720FDF7E4FA02214DF22820FDF7DFFACB
:10357000DE214DF22920FDF7DAFA02214DF22A2050
:10358000FDF7D5FAF2214DF22B20FDF7D0FA0221FA
:103590004DF22C20FDF7CBFAFE214DF22D20FDF748
:1035A000C6FA03214DF22E20FDF7C1FA10214DF28B
:1035B0002F20FDF7BCFA03214DF23020FDF7B7FABA
:1035C00033214DF23120FDF7B2FA03214DF23220C2
:1035D000FDF7ADFA6D214DF23320FDF7A8FA002179
:1035E0004FF45340FDF7A3FA33214DF20130FDF7BC
:1035F0009EFA00214DF20230FDF799FA34214DF286
:103600000330FDF794FA00214DF20430FDF78FFAF4
:103610003A214DF20530FDF78AFA00214DF20630CD
:10362000FDF785FA4A214DF20730FDF780FA0021B7
:103630004DF20830FDF77BFA5C214DF20930FDF7C1
:1036400076FA00214DF20A30FDF771FA81214DF230
:103650000B30FDF76CFA00214DF20C30FDF767FAE4
:10366000A6214DF20D30FDF762FA00214DF20E3029
:10367000FDF75DFAE5214DF20F30FDF758FA012113
:103680004DF21030FDF753FA13214DF21130FDF7D2
:103690004EFA01214DF21230FDF749FA54214DF254
:1036A0001330FDF744FA01214DF21430FDF73FFAD3
:1036B00082214DF21530FDF73AFA01214DF2163014
:1036C000FDF735FACA214DF21730FDF730FA022125
:1036D0004DF21830FDF72BFA00214DF21930FDF7AD
:1036E00026FA02214DF21A30FDF721FA01214DF29E
:1036F0001B30FDF71CFA02214DF21C30FDF717FAC2
:1037000034214DF21D30FDF712FA02214DF21E3028
:10371000FDF70DFA67214DF21F30FDF708FA02217F
:103720004DF22030FDF703FA84214DF22130FDF7F0
:10373000FEF902214DF22230FDF7F9F9A4214DF2F4
:103740002330FDF7F4F902214DF22430FDF7EFF9B3
:10375000B7214DF22530FDF7EAF902214DF226306E
:10376000FDF7E5F9CF214DF22730FDF7E0F9022111
:103770004DF22830FDF7DBF9DE214DF22930FDF75F
:10378000D6F902214DF22A30FDF7D1F9F2214DF29E
:103790002B30FDF7CCF902214DF22C30FDF7C7F9A3
:1037A000FE214DF22D30FDF7C2F903214DF22E30EE
:1037B000FDF7BDF910214DF22F30FDF7B8F90321C7
:1037C0004DF23030FDF7B3F933214DF23130FDF7D2
:1037D000AEF903214DF23230FDF7A9F96D214DF21A
:1037E0003330FDF7A4F900214FF45440FDF79FF961
:1037F00033214DF20140FDF79AF900214DF20240CC
:10380000FDF795F934214DF20340FDF790F90021C1
:103810004DF20440FDF78BF93A214DF20540FDF7DA
:1038200086F900214DF20640FDF781F94A214DF25B
:103830000740FDF77CF900214DF20840FDF777F9CC
:103840005C214DF20940FDF772F900214DF20A406A
:10385000FDF76DF981214DF20B40FDF768F900216C
:103860004DF20C40FDF763F9A6214DF20D40FDF736
:103870005EF900214DF20E40FDF759F9E5214DF2B8
:103880000F40FDF754F901214DF21040FDF74FF9BB
:1038900013214DF21140FDF74AF901214DF212407A
:1038A000FDF745F954214DF21340FDF740F9012190
:1038B0004DF21440FDF73BF982214DF21540FDF722
:1038C00036F901214DF21640FDF731F9CA214DF2CA
:1038D0001740FDF72CF902214DF21840FDF727F9AA
:1038E00000214DF21940FDF722F902214DF21A4054
:1038F000FDF71DF901214DF21B40FDF718F900E01D
:1039000004E302214DF21C40FDF711F934214DF280
:103910001D40FDF70CF902214DF21E40FDF707F99D
:1039200067214DF21F40FDF702F902214DF22040C0
:10393000FDF7FDF884214DF22140FDF7F8F8022152
:103940004DF22240FDF7F3F8A4214DF22340FDF79C
:10395000EEF802214DF22440FDF7E9F8B7214DF2CF
:103960002540FDF7E4F802214DF22640FDF7DFF88F
:10397000CF214DF22740FDF7DAF802214DF2284021
:10398000FDF7D5F8DE214DF22940FDF7D0F80221F0
:103990004DF22A40FDF7CBF8F2214DF22B40FDF716
:1039A000C6F802214DF22C40FDF7C1F8FE214DF280
:1039B0002D40FDF7BCF803214DF22E40FDF7B7F87E
:1039C00010214DF22F40FDF7B2F803214DF23040A7
:1039D000FDF7ADF833214DF23140FDF7A8F8032192
:1039E0004DF23240FDF7A3F86D214DF23340FDF763
:1039F0009EF800214FF45540FDF799F833214DF220
:103A00000150FDF794F800214DF20250FDF78FF8B8
:103A100034214DF20350FDF78AF800214DF2045095
:103A2000FDF785F83A214DF20550FDF780F80021A9
:103A30004DF20650FDF77BF84A214DF20750FDF795
:103A400076F800214DF20850FDF771F85C214DF237
:103A50000950FDF76CF800214DF20A50FDF767F8A8
:103A600081214DF20B50FDF762F800214DF20C5010
:103A7000FDF75DF8A6214DF20D50FDF758F8002135
:103A80004DF20E50FDF753F8E5214DF20F50FDF7C2
:103A90004EF801214DF21050FDF749F813214DF277
:103AA0001150FDF744F801214DF21250FDF73FF897
:103AB00054214DF21350FDF73AF801214DF2145004
:103AC000FDF735F882214DF21550FDF730F8012150
:103AD0004DF21650FDF72BF8CA214DF21750FDF7A5
:103AE00026F802214DF21850FDF721F800214DF281
:103AF0001950FDF71CF802214DF21A50FDF717F886
:103B000001214DF21B50FDF712F802214DF21C501D
:103B1000FDF70DF834214DF21D50FDF708F8022194
:103B20004DF21E50FDF703F867214DF21F50FCF7D0
:103B3000FEFF02214DF22050FCF7F9FF84214DF2E7
:103B40002150FCF7F4FF02214DF22250FCF7EFFF69
:103B5000A4214DF22350FCF7EAFF02214DF224503C
:103B6000FCF7E5FFB7214DF22550FCF7E0FF0221FD
:103B70004DF22650FCF7DBFFCF214DF22750FCF72A
:103B8000D6FF02214DF22850FCF7D1FFDE214DF285
:103B90002950FCF7CCFF02214DF22A50FCF7C7FF59
:103BA000F2214DF22B50FCF7C2FF02214DF22C50B6
:103BB000FCF7BDFFFE214DF22D50FCF7B8FF0321AD
:103BC0004DF22E50FCF7B3FF10214DF22F50FCF7B1
:103BD000AEFF03214DF23050FCF7A9FF33214DF227
:103BE0003150FCF7A4FF03214DF23250FCF79FFF48
:103BF0006D214DF23350FCF79AFF00214FF45640EF
:103C0000FCF795FF33214DF20160FCF790FF002196
:103C10004DF20260FCF78BFF34214DF20360FCF79C
:103C200086FF00214DF20460FCF781FF3A214DF23E
:103C30000560FCF77CFF00214DF20660FCF777FF82
:103C40004A214DF20760FCF772FF00214DF2086037
:103C5000FCF76DFF5C214DF20960FCF768FF002165
:103C60004DF20A60FCF763FF81214DF20B60FCF717
:103C70005EFF00214DF20C60FCF759FFA6214DF2CA
:103C80000D60FCF754FF00214DF20E60FCF74FFF72
:103C9000E5214DF20F60FCF74AFF01214DF2106063
:103CA000FCF745FF13214DF21160FCF740FF0121A5
:103CB0004DF21260FCF73BFF54214DF21360FCF70C
:103CC00036FF01214DF21460FCF731FF82214DF2E5
:103CD0001560FCF72CFF01214DF21660FCF727FF61
:103CE000CA214DF21760FCF722FF02214DF2186045
:103CF000FCF71DFF00214DF21960FCF718FF0221AF
:103D00004DF21A60FCF713FF01214DF21B60FCF726
:103D10000EFF02214DF21C60FCF709FF34214DF229
:103D20001D60FCF704FF02214DF21E60FCF7FFFE50
:103D300067214DF21F60FCF7FAFE02214DF2206070
:103D4000FCF7F5FE84214DF22160FCF7F0FE022124
:103D50004DF22260FCF7EBFEA4214DF22360FCF74C
:103D6000E6FE02214DF22460FCF7E1FEB7214DF2A0
:103D70002560FCF7DCFE02214DF22660FCF7D7FE41
:103D8000CF214DF22760FCF7D2FE02214DF22860D0
:103D9000FCF7CDFEDE214DF22960FCF7C8FE0221C2
:103DA0004DF22A60FCF7C3FEF2214DF22B60FCF7C6
:103DB000BEFE02214DF22C60FCF7B9FEFE214DF251
:103DC0002D60FCF7B4FE03214DF22E60FCF7AFFE30
:103DD00010214DF22F60FCF7AAFE03214DF2306056
:103DE000FCF7A5FE33214DF23160FCF7A0FE032164
:103DF0004DF23260FCF79BFE6D214DF23360FCF713
:103E000096FE55214FF47040FCF791FEAA214FF227
:103E10000100FCF78CFE52214FF20200FCF787FEF6
:103E200008214FF20300FCF782FE00214FF204004C
:103E3000FCF77DFECC214FF43140FCF778FE0021E9
:103E40004BF20110FCF773FE05214FF43640FCF7EE
:103E50006EFE70214FF43740FCF769FE70214BF283
:103E60000170FCF764FE01214FF43840FCF75FFE5F
:103E700003214BF60100FCF75AFE03214BF602002A
:103E8000FCF755FE03214BF60300FCF750FE022120
:103E90004FF43C40FCF74BFE00214BF60140FCF791
:103EA00046FE00214BF60240FCF741FED0214FF4C4
:103EB0004940FCF73CFE02214CF60110FCF737FEAE
:103EC00050214CF60210FCF732FE50214CF6031044
:103ED000FCF72DFE50214CF60410FCF728FE0021C3
:103EE0004FF45450FCF723FE55214FF46850FCF773
:103EF0001EFE4FF48850FCF7FFFD782005F08CFE85
:103F00004FF42450FCF7F8FD01F05EB9FE488088BC
:103F100049F2253188427DD147F6F001E520FCF7D2
:103F200006FE4FF480710120FCF701FE4FF4E061C2
:103F30000220FCF7FCFD41F230010320FCF7F7FD05
:103F400000210420FCF7F3FD40F202210820FCF7D9
:103F5000EEFD00210920FCF7EAFD00210A20FCF714
:103F6000E6FD00210C20FCF7E2FD00210D20FCF70E
:103F7000DEFD00210F20FCF7DAFD00211020FCF708
:103F8000D6FD07211120FCF7D2FD00211220FCF7FD
:103F9000CEFD00211320FCF7CAFD00210720FCF70D
:103FA000C6FD41F290611020FCF7C1FD40F22721CF
:103FB0001120FCF7BCFD9D211220FCF7B8FD4FF449
:103FC000C8511320FCF7B3FD25212920FCF7AFFDD4
:103FD0000D212B20FCF7ABFD07213020FCF7A7FDBE
:103FE00040F203313120FCF7A2FD03213220FCF71F
:103FF0009EFD40F206213520FCF799FD0821362070
:10400000FCF795FD40F206413720FCF790FD4FF498
:10401000417100E058E03820FCF789FD0721392084
:10402000FCF785FD40F202613C20FCF780FD082191
:104030003D20FCF77CFD00215020FCF778FDEF21AE
:104040005120FCF774FD00215220FCF770FD40F276
:104050003F115320FCF76BFD4FF427416020FCF724
:1040600066FD01216120FCF762FD00216A20FCF75A
:104070005EFD00218020FCF75AFD00218120FCF725
:1040800056FD00218220FCF752FD00218320FCF721
:104090004EFD00218420FCF74AFD00218520FCF71D
:1040A00046FD10219020FCF742FD4FF4C0619220A4
:1040B000FCF73DFD40F233110720FCF738FD2221CB
:1040C0000020FCF734FD1FE78F48808849F2283133
:1040D00088427DD141F28F01EC20FCF728FD41F2AE
:1040E0003421EF20FCF723FD4FF480710120FCF711
:1040F0001EFD4FF4E0610220FCF719FD41F2300192
:104100000320FCF714FD00210420FCF710FD40F211
:1041100002210820FCF70BFD00210920FCF707FD18
:1041200000210A20FCF703FD01210C20FCF7FFFC15
:1041300000210D20FCF7FBFC00210F20FCF7F7FC11
:1041400000211020FCF7F3FC07211120FCF7EFFC05
:1041500000211220FCF7EBFC00211320FCF7E7FC08
:1041600001210720FCF7E3FC322005F09DFD41F220
:1041700090411020FCF7DBFC40F227211120FCF7D6
:10418000D6FC322005F090FD8A211220FCF7CFFCEE
:10419000322005F089FD4FF4D0511320FCF7C7FC05
:1041A00006212920FCF7C3FC0D212B20FCF7BFFCC6
:1041B000322005F079FD00212020FCF7B8FC002119
:1041C0002120FCF7B4FC322005F06EFD002100E058
:1041D00075E03020FCF7ABFC40F204613120FCF7C5
:1041E000A6FC40F205313220FCF7A1FC002135206D
:1041F000FCF79DFC40F609413620FCF798FC4FF493
:1042000001713720FCF793FC40F201313820FCF7B4
:104210008EFC40F207713920FCF789FC00213C201C
:10422000FCF785FC40F60A213D20FCF780FC32209B
:1042300005F03AFD00215020FCF779FCEF215120D8
:10424000FCF775FC00215220FCF771FC40F23F1195
:104250005320FCF76CFC4FF427416020FCF767FC0F
:1042600001216120FCF763FC00216A20FCF75FFC60
:1042700000218020FCF75BFC00218120FCF757FC2B
:1042800000218220FCF753FC00218320FCF74FFC27
:1042900000218420FCF74BFC00218520FCF747FC23
:1042A00010219020FCF743FC4FF4C0619220FCF7F2
:1042B0003EFC40F233110720FCF739FC24E612489B
:1042C000808849F2203188427ED100210846FCF7DF
:1042D0002EFC4FF480710120FCF729FC4FF4E061C3
:1042E0000220FCF724FC41F230010320FCF71FFC04
:1042F00000210420FCF71BFC40F202210820FCF7FF
:1043000016FC0021092001E0F4030020FCF70FFC5B
:1043100000210A20FCF70BFC01210C20FCF707FC14
:1043200000210D20FCF703FC00210F20FCF7FFFB10
:10433000322005F0B9FC40F201110720FCF7F7FB31
:10434000322005F0B1FC4FF486511020FCF7EFFB52
:1043500007211120FCF7EBFB4FF488711220FCF7CA
:10436000E6FB4FF430611320FCF7E1FB002129202C
:10437000FCF7DDFB44F210012B20FCF7D8FB0021F9
:104380005020FCF7D4FBEF215120FCF7D0FB00219B
:104390005220FCF7CCFB40F23F115320FCF7C7FB47
:1043A0004FF41C516020FCF7C2FB01216120FCF797
:1043B000BEFB00216A20FCF7BAFB00218020FCF73D
:1043C000B6FB0021812000E030E0FCF7B0FB0021CB
:1043D0008220FCF7ACFB00218320FCF7A8FB002126
:1043E0008420FCF7A4FB00218520FCF7A0FB102112
:1043F0009020FCF79CFB00219220FCF798FB012108
:104400009320FCF794FB4FF488719520FCF78FFB09
:1044100000219720FCF78BFB00219820FCF787FBFD
:1044200040F273110720FCF782FB6DE5FE4880889F
:1044300049F2313188427DD141F21401E720FCF785
:1044400076FB4FF480710120FCF771FB4FF4007193
:104450000220FCF76CFB41F238010320FCF767FBFC
:1044600040F202210820FCF762FB00210920FCF742
:104470005EFB00210A20FCF75AFB00210C20FCF710
:1044800056FB00210D20FCF752FB00210F20FCF70A
:104490004EFB00211020FCF74AFB07211120FCF7FE
:1044A00046FB00211220FCF742FB00211320FCF701
:1044B0003EFBC82005F0F8FB41F290611020FCF7AC
:1044C00036FB40F227211120FCF731FB322005F0AA
:1044D000EBFB0C211220FCF72AFB322005F0E4FB59
:1044E0004FF400611320FCF722FB11212920FCF777
:1044F0001EFB0B212B20FCF71AFB322005F0D4FB0E
:1045000000212020FCF713FB40F23F112120FCF793
:104510000EFB00213020FCF70AFB4FF483713120A1
:10452000FCF705FB00213220FCF701FB4FF4017181
:10453000352000E064E0FCF7FAFA41F20A61362027
:10454000FCF7F5FA40F207713720FCF7F0FA4FF468
:1045500083713820FCF7EBFA40F207713920FCF741
:10456000E6FA40F202413C20FCF7E1FA40F60F4146
:104570003D20FCF7DCFA00215020FCF7D8FAEF21AF
:104580005120FCF7D4FA00215220FCF7D0FA40F277
:104590003F115320FCF7CBFA4FF41C516020FCF77D
:1045A000C6FA01216120FCF7C2FA00216A20FCF75B
:1045B000BEFA00218020FCF7BAFA00218120FCF726
:1045C000B6FA00218220FCF7B2FA00218320FCF722
:1045D000AEFA00218420FCF7AAFA00218520FCF71E
:1045E000A6FA10219020FCF7A2FA4FF4C0619220A5
:1045F000FCF79DFA40F233110720FCF798FA83E4A8
:104600008948808845F2084188427DD14FF4807105
:104610000120FCF78CFA4FF4E0610220FCF787FAE6
:1046200041F230010320FCF782FA00210420FCF75C
:104630007EFA40F207210820FCF779FA00210920D0
:10464000FCF775FA00210A20FCF771FA00210C2012
:10465000FCF76DFA00210D20FCF769FA00210F200C
:10466000FCF765FA142005F01FFB41F2B061102041
:10467000FCF75DFA01211120FCF759FA01211720FE
:10468000FCF755FA4FF49C711220FCF750FA4FF4E6
:1046900000611320FCF74BFA09212920FCF747FAA7
:1046A00009212A20FCF743FA0021A420FCF73FFA55
:1046B00000215020FCF73BFAEF215120FCF737FA9C
:1046C00000215220FCF733FA40F23F115320FCF74F
:1046D0002EFA4FF41C516020FCF729FA01216120C9
:1046E000FCF725FA00216A20FCF721FA002180203E
:1046F000FCF71DFA00218120FCF719FA0021822025
:10470000FCF715FA002100E024E08320FCF70FFA03
:1047100000218420FCF70BFA00218520FCF707FA22
:1047200013219020FCF703FA00219220FCF7FFF9F7
:1047300003219320FCF7FBF94FF488719520FCF7D7
:10474000F6F940F273110720FCF7F1F9322005F079
:10475000ABFAB8E43448808841F2055188427DD1F3
:1047600000210720FCF7E3F9322005F09DFA4FF411
:104770008E711220FCF7DBF90121A420FCF7D7F998
:104780000F210820FCF7D3F908210A20FCF7CFF904
:1047900008210D20FCF7CBF940F207713020FCF71F
:1047A000C6F907213120FCF7C2F940F2036132203B
:1047B000FCF7BDF94FF4E0613320FCF7B8F940F2A3
:1047C00002213420FCF7B3F902213520FCF7AFF9C0
:1047D00041F60F713620FCF7AAF940F20771372035
:1047E000FCF7A5F900213820FCF7A1F900213920B8
:1047F000FCF79DF940F207713A20FCF798F9002187
:104800003B20FCF794F907213C20FCF790F90021AC
:104810003D20FCF78CF9322005F046FA01210720F3
:10482000FCF785F9012101E0F40300201720FCF7D3
:104830007EF9322005F038FA4FF4BD511020FCF714
:1048400076F940F217211120FCF771F94FF48F71BE
:104850001220FCF76CF94FF4706100E098E013202F
:10486000FCF765F900212A20FCF761F90A212920CB
:10487000FCF75DF94FF49F711220FCF758F9002105
:104880005020FCF754F9EF215120FCF750F900219A
:104890005220FCF74CF940F23F115320FCF747F946
:1048A0004FF41C516020FCF742F901216120FCF714
:1048B0003EF900216A20FCF73AF900218020FCF73C
:1048C00036F900218120FCF732F900218220FCF723
:1048D0002EF900218320FCF72AF900218420FCF71F
:1048E00026F900218520FCF722F913219020FCF7FE
:1048F0001EF94FF440719220FCF719F9052193201D
:10490000FCF715F900219520FCF711F900219720FB
:10491000FCF70DF900219820FCF709F94FF480719C
:104920000120FCF704F94FF4E0610220FCF7FFF8E6
:1049300041F238010320FCF7FAF800210420FCF7CB
:10494000F6F800210C20FCF7F2F800210F20FCF70C
:10495000EEF800212020FCF7EAF800212120FCF7E6
:10496000E6F821210720FCF7E2F8142005F09CF975
:1049700061210720FCF7DBF8142005F095F940F2DF
:1049800073110720FCF7D3F8142005F08DF995E496
:10499000FE4880884BF2055188427CD100210846B0
:1049A000FCF7C5F800210846FCF7C1F800210846CD
:1049B000FCF7BDF800210846FCF7B9F80121A42056
:1049C000FCF7B5F8142005F06FF94FF41C51602086
:1049D000FCF7ADF840F202210820FCF7A8F84FF4EC
:1049E00005713020FCF7A3F843F215713120FCF774
:1049F0009EF840F204613220FCF799F840F6166107
:104A00003320FCF794F842F211213420FCF78FF8A0
:104A10004FF4A8513520FCF78AF848F207513620A8
:104A2000FCF785F841F207413720FCF780F841F2A6
:104A300003413820FCF77BF820213920FCF777F878
:104A40001A219020FCF773F800211020FCF76FF872
:104A500007211120FCF76BF800211220FCF767F802
:104A600000211320FCF763F8142005F01DF94FF422
:104A7000E6611020FCF75BF840F237111120FCF7DB
:104A800056F8142005F010F94FF4DC711220FCF7F1
:104A90004EF8142000E085E005F006F94FF470614F
:104AA0001320FCF744F880212A20FCF740F8482125
:104AB0002920FCF73CF8142005F0F6F84FF480713B
:104AC0000120FCF734F84FF4E0610220FCF72FF8E6
:104AD00041F238010320FCF72AF840F202210820B5
:104AE000FCF725F800210A20FCF721F800210C2012
:104AF000FCF71DF800210D20FCF719F830210E20DD
:104B0000FCF715F800215020FCF711F8EF21512097
:104B1000FCF70DF800215220FCF709F840F23F1194
:104B20005320FCF704F84FF41C516020FBF7FFFF03
:104B300001216120FBF7FBFF00216A20FBF7F7FF53
:104B400011219020FBF7F3FF4FF4C0619220FBF797
:104B5000EEFF40F202419320FBF7E9FF022194208F
:104B6000FBF7E5FF142005F09FF801210720FBF774
:104B7000DEFF142005F098F861210720FBF7D7FF2E
:104B800040F273110720FBF7D2FF00212020FBF732
:104B9000CEFF00212120FBF7CAFF22210020FBF7D6
:104BA000C6FF11E3794880884CF2055188427CD1D8
:104BB00000210846FBF7BBFF00210846FBF7B7FFC3
:104BC000142005F071F800210846FBF7B0FF002122
:104BD0000846FBF7ACFF00210846FBF7A8FF0021C1
:104BE0000846FBF7A4FF0121A420FBF7A0FF142037
:104BF00005F05AF84FF41C516020FBF798FF40F67F
:104C000006010820FBF793FF40F203713020FBF709
:104C10008EFF01213120FBF78AFF04213220FBF7B0
:104C200086FF4FF481713320FBF781FF4FF4407111
:104C30003420FBF77CFF40F203113520FBF777FFB0
:104C40001F213620FBF773FF40F203713720FBF77B
:104C50006EFF01213820FBF76AFF04213920FBF7A2
:104C600066FF15219020FBF762FF4FF48261102050
:104C7000FBF75DFF40F247211120FBF758FF4FF48F
:104C8000DE711220FBF753FF4FF460611320FBF736
:104C90004EFF782005F008F84FF480710120FBF7F3
:104CA00046FF4FF40071022000E052E0FBF73FFFA7
:104CB00041F230010320FBF73AFF08210A20FBF7FD
:104CC00036FF00210C20FBF732FF20210E20FBF7DE
:104CD0002EFF00210F20FBF72AFF00212020FBF7E9
:104CE00026FF00212120FBF722FF3D212A20FBF790
:104CF0001EFF142004F0D8FF2D212920FBF717FFF9
:104D000000215020FBF713FF4DF2EF015120FBF77C
:104D10000EFF00215220FBF70AFF40F23F11532003
:104D2000FBF705FF00216120FBF701FF00216A204E
:104D3000FBF7FDFE4FF440719220FBF7F8FE0521D2
:104D40009320FBF7F4FE4FF480710720FBF7EFFE92
:104D50003AE20E48808844F2315188427ED10121E6
:104D60000020FBF7E4FE0A2004F09EFF41F22861D8
:104D70001020FBF7DCFE0E211220FBF7D8FE40F6D8
:104D800039211320FBF7D3FE0A2001E0F4030020B1
:104D900004F08AFF40211120FBF7C9FE50211520A5
:104DA000FBF7C5FE0A2004F07FFF1E211220FBF74F
:104DB000BEFE0A2004F078FF4FF4B1511020FBF73B
:104DC000B6FE42F639211320FBF7B1FE0A2004F0AB
:104DD0006BFF4FF480710120FBF7A9FE4FF4407187
:104DE0000220FBF7A4FE41F238010320FBF79FFEEF
:104DF00040F202210820FBF79AFE08210A20FBF767
:104E000096FE00213020FBF792FE40F20241312055
:104E1000FBF78DFE4FF483713220FBF788FE40F2E2
:104E200003513320FBF783FE4FF482713420FBF7EC
:104E30007EFE40F201313520FBF779FE40F207712A
:104E40003620FBF774FE40F205313720FBF76FFE8A
:104E50004FF402713820FBF76AFE00E03EE040F6B6
:104E60000B713920FBF763FE02214120FBF75FFE47
:104E70004FF41C516020FBF75AFE01216120FBF723
:104E800056FE4FF404719020FBF751FE4FF48571EC
:104E90009220FBF74CFE04219320FBF748FE4FF4D1
:104EA0008071A020FBF743FE01210720FBF73FFEA6
:104EB00021210720FBF73BFE23210720FBF737FECC
:104EC00033210720FBF733FE40F233110720FBF7B5
:104ED0002EFE0021A020FBF72AFE75E1F74880880E
:104EE00044F2355188427CD130211520FBF71FFE5A
:104EF00010219A20FBF71BFE20211120FBF717FE43
:104F000043F228411020FBF712FE02211220FBF78A
:104F10000EFE41F238011320FBF709FE282004F0B1
:104F2000C3FE12210846FBF702FE282004F0BCFE57
:104F300043F220411020FBF7FAFD43F23801132021
:104F4000FBF7F5FD462004F0AFFE00213020FBF713
:104F5000EEFD40F202413120FBF7E9FD40F207315E
:104F60003220FBF7E4FD4FF441713320FBF7DFFD06
:104F700004213420FBF7DBFD40F201413520FBF733
:104F8000D6FD40F207713620FBF7D1FD40F2053126
:104F90003720FBF7CCFD4FF4C2613820FBF7C7FD8B
:104FA0004FF4C2613920FBF7C2FD4FF4807101203C
:104FB000FBF7BDFD4FF440710220FBF7B8FD41F255
:104FC00030010320FBF7B3FD40F608010820FBF792
:104FD000AEFD08210A20FBF7AAFD4FF41C5160200A
:104FE00000E033E0FBF7A3FD01216120FBF79FFD0B
:104FF0004FF49F719020FBF79AFD4FF4807192203F
:10500000FBF795FD4FF480719320FBF790FD4FF473
:105010004051A020FBF78BFD1021A320FBF787FD5B
:1050200001210720FBF783FD21210720FBF77FFDEE
:1050300023210720FBF77BFD33210720FBF777FDBA
:1050400040F233110720FBF772FDBDE09B488088DA
:1050500041F663118842F8D1E220FBF74DFD1D2097
:10506000FBF753FD0220FBF750FD0420FBF74DFD3D
:10507000642004F0D1FDE020FBF73EFD0120FBF7AA
:1050800044FD0A2004F010FEE020FBF735FD03206C
:10509000FBF73BFD0C2004F007FE0120FBF72CFD85
:1050A0000A2004F001FEE620FBF726FD2F20FBF787
:1050B0002CFDFF20FBF729FDFF20FBF726FDB0208C
:1050C000FBF71AFD2020FBF720FD0020FBF71DFD5C
:1050D0000320FBF71AFD40F21F30FBF716FD0120FD
:1050E000FBF713FD40F2DF10FBF70FFD0020FBF78D
:1050F0000CFDB420FBF700FD0420FBF706FD40F299
:105100001F40FBF702FD0020FBF7FFFC2E20FBF702
:10511000FCFC0020FBF7F9FC0020FBF7F6FC00206C
:10512000FBF7F3FC0020FBF7F0FCB620FBF7E4FCF8
:105130000220FBF7EAFC4FF40370FBF7E6FC0020CB
:10514000FBF7E3FC1720FBF7E0FC1520FBF7DDFC89
:105150000020FBF7DAFC0020FBF7D7FCF020FBF780
:10516000CBFC0320FBF7D1FC2920FBF7C5FCD020AA
:10517000FBF7C2FC0020FBF7C8FCBE20FBF7BCFC21
:105180000520FBF7C2FCFE20FBF7BFFC0120FBF76C
:10519000BCFC0020FBF7B9FC0020FBF7B6FC0020AC
:1051A000FBF7B3FCB820FBF7A7FC0320FBF7ADFC33
:1051B0000120FBF7AAFCBA20FBF79EFC0120FBF7BD
:1051C000A4FC6420FCF70BF90020FCF734F9012063
:1051D0003B4908604FF6FF70FCF71CFB21B000BD97
:1051E0002DE9FC4F05460E4617469846DDF82C90F3
:1051F000002001903148808846F60401884229D178
:105200002E488079012825D1AB4635462B480088A9
:10521000C01B401E86B2474628480088A0EB0B0002
:10522000401E1FFA80F80020244988712A204881F6
:105230002B20888143463A4631462846CDF80090D7
:10524000FFF7CEFF01201D4988712B2048812A20BD
:1052500088811DE0781B401C80B20190344615E027
:1052600021462846FBF792FCFBF773FC4FF0000A3F
:1052700007E04FF0D840A0F880900AF101001FFA33
:1052800080FA01988245F4DB601C84B24445E7DD76
:10529000BDE8FC8F2DE9F84F07460D46904699462C
:1052A000DDF828B0A8EB0700401C1FFA80FAA9EB34
:1052B0000500401C80B20090002418E0F403002098
:1052C000BC824042281981B23846FBF75FFCFBF7ED
:1052D00040FC002607E004FB0A603BF81000F84998
:1052E0000880701C86B25645F5DB601C84B20098BD
:1052F0008442E7DBBDE8F88F2DE9FF4F84B081469B
:105300008A460020039002900698A0EB09050798B2
:10531000A0EB0A06CDF80490CDF800A0002D01DD29
:10532000012705E00DB9002702E04FF0FF376D427D
:10533000002E02DD4FF0010806E016B94FF000081C
:1053400002E04FF0FF387642B54201DD2C4600E026
:1053500034464FF0000B21E0009A91B2019A90B2CE
:10536000FBF76DFF039828440390029830440290A5
:105370000398A04205DD0398001B03900198384470
:1053800001900298A04205DD0298001B029000984F
:10539000404400900BF101001FFA80FB601C834524
:1053A000DADD08B0BDE8F08FF0B504460D461646CC
:1053B0001F462B46324629462046FFF79DFF3B46B7
:1053C000224629462046FFF797FF3B46324639469C
:1053D0002046FFF791FF3B46324629463046FFF70D
:1053E0008BFFF0BD2DE9F04306460F4690460024A2
:1053F00045460320A0EB48093CE07A1B91B23219E4
:1054000090B2FBF71CFF3A1B91B2721990B2FBF7F6
:1054100016FF3A1991B2721990B2FBF710FF7A1980
:1054200091B2321990B2FBF70AFF7A1991B2321B8E
:1054300090B2FBF704FF3A1991B2721B90B2FBF7DE
:10544000FEFE7A1B91B2321B90B2FBF7F8FE3A1BBC
:1054500091B2721B90B2FBF7F2FE641CB9F1000F1F
:1054600003DAA000801D814404E0601B80000A3044
:1054700081446D1EAC42C0DDBDE8F0832DE9F84FDC
:1054800080460E4617461C46B3462046E31704EBFB
:105490005373DB1021464FEAE47C04EB5C7C4FEA5B
:1054A000EC0CA4EBCC0CBCF1000F02D04FF0010CC3
:1054B00001E04FF0000C6344224604EBD27C4FEA3B
:1054C0006C0C03FB0CF3DBB20093A7F12000C7B216
:1054D000002556E00C2C07D107EB4700794901EB7A
:1054E000800010F8059013E0102C05D1764800EBF1
:1054F000071010F805900BE0182C07D107EBC70038
:10550000724901EB800010F8059001E0BDE8F88FCA
:105510004FF0000A2FE009F0800030B16C4802889B
:1055200031464046FBF799FE07E00A9828B96948DA
:10553000028831464046FBF790FE4FEA49604FEA49
:105540001069701C86B264484088B04200DCDDE718
:10555000A6EB0B00A0420AD15E4608F101001FFA3B
:1055600080F85D480088404500DCCFE706E00AF19E
:10557000010000F0FF0ABAF1080FCCDB00BF681C85
:10558000C5B200988542A5DB00BFBFE710B5024653
:10559000012000E050430B1EA1F10104E1B2F9D15A
:1055A00010BD2DE9FF4F81B0074691461E460E9D66
:1055B0004FF0000A002439E0301B401EC1B20A201F
:1055C000FFF7E4FFB9FBF0F00A21B0FBF1F201FBB9
:1055D0001208BAF1000F16D1701EA04213DDB8F107
:1055E000000F0ED10020AB4605EBDB71491001FB2B
:1055F0000471009088B22B4620220299FFF73EFFEB
:1056000012E04FF0010A0020AB4605EBDB714910B8
:1056100001FB0471009088B208F13001CAB22B4638
:105620000299FFF72BFF00BF601CC4B2B442C3DB7A
:1056300005B0BDE8F08F2DE9FF4F82B006469246D7
:105640001F46DDE90F480020019000255CE0781B33
:10565000401EC1B20A20FFF799FFBAFBF0F00A2101
:10566000B0FBF1F201FB1209019840BB781EA84281
:1056700036DDB9F1000F31D108F0800078B108F0C3
:105680000100A34604EBDB71491001FB05610090AA
:1056900088B2234630220399FFF7F0FE0EE008F0AF
:1056A0000100A34604EBDB71491001FB056100908A
:1056B00088B2234620220399FFF7E0FE22E00FE0A4
:1056C0008000006C9230010806350108F63A0108A6
:1056D0001400002016000020F40300200120019097
:1056E00008F00100A34604EBDB71491001FB0561E2
:1056F000009088B209F13001CAB223460399FFF73E
:10570000BDFE00BF681CC5B2BD42A0DB06B0BDE84F
:10571000F08F2DE9F84704460D4690469946DDE99D
:10572000096704F0FF0A08EB04001FFA80F809EB90
:1057300005001FFA80F916E0444502DB5446A8191B
:1057400085B24D4500DB14E0002000903A783346E6
:1057500029462046FFF792FE304606EBD07104EB57
:1057600061018CB27F1C38787E2802DC38782028D2
:10577000E2DA00BFBDE8F8871CB50121112005F071
:10578000EFF91C20009000208DF8040003208DF814
:10579000050001208DF807006946354804F05EFCDD
:1057A0000120009002208DF807006946314804F07E
:1057B00055FC1CBD10B5044614B101202E490870DB
:1057C0002D480078002837D01021294804F0A8FC83
:1057D00078B10821264804F0A3FC50B104212448E4
:1057E00004F09EFC28B10121224804F099FC012814
:1057F00022D10A2004F058FA00201F490870102115
:105800001B4804F08DFC08B9012010BD0821184880
:1058100004F086FC08B90220F7E70421144804F0DC
:105820007FFC08B90320F0E70121124804F078FC5E
:1058300001281BD10420E8E710210D4804F070FC7A
:10584000012813D108210A4804F06AFC01280DD16F
:105850000421074804F064FC012807D10121054810
:1058600004F05EFC10B90120034908700020CCE769
:105870000010024000000240180000201CB5012169
:10588000022005F06DF94FF44070009001208DF872
:10589000040000208DF8060003208DF8050001208B
:1058A0008DF807006946894804F0D8FB0120884933
:1058B00008608849C1F8A4021CBD10B5834800687F
:1058C00020F44020814908600846006840F48020A8
:1058D000086001207E49091D08607E49C1F8A002C8
:1058E000042004F099F900207949091D086004207A
:1058F00004F092F900207749C1F8A00210BD10B55C
:105900007248006820F4402070490860084600682A
:1059100040F48020086000206D4908606D49C1F89E
:10592000A402042004F078F901206949086069495B
:10593000C1F8A402042004F06FF910BD10B50024D2
:105940006248006820F4402060490860084600680A
:10595000086001205E49091D086004F05DF901201E
:105960005C49C1F8A00204F057F907E0601CC4B21A
:10597000FA2C03DDFFF7C3FF012010BD54487C382B
:1059800000680028F2D15249086000BFF5E710B561
:1059900000204F4908604D48006820F440204B49E2
:1059A00008600846006840F48020086000204949EB
:1059B000C1F8A402022004F02FF901204449086034
:1059C000022004F029F900204249C1F8A00210BDCC
:1059D00010B500203E4908603C48006820F4402093
:1059E0003A4908600846006840F4802008600120B9
:1059F0003849C1F8A402022004F00EF9012034490C
:105A00000860022004F008F900203249C1F8A00221
:105A100010BD70B504462D48006820F440202B4985
:105A200008600846006840F480200860002028498B
:105A30000860002517E0E0092549091D0860600697
:105A4000040E022004F0E8F801202249C1F8A00267
:105A5000022004F0E1F800201D490860022004F053
:105A6000DBF8681CC5B2082DE5DB70BD70B50546D6
:105A700000241648006820F44020144908600846B5
:105A800000680860002616E0002011490860022026
:105A900004F0C2F801200F49C1F8A0026006040E0C
:105AA0000B487C38006808B1601CC4B2012004F0C7
:105AB000B3F8701CC6B2082EE6DB15B9FFF788FFF5
:105AC00001E0FFF764FF204670BD000000040240C3
:105AD000A08240420080404210B5FFF7CFFE10BDCB
:105AE00070B504460026FFF7E8FE2546E11704EBF3
:105AF00011610912A02202EB4101C8B2FFF789FF30
:105B0000FFF71CFFE11704EB11610912A4EB01215F
:105B1000C8B2FFF77EFFFFF711FFFFF7CEFEA1200F
:105B2000FFF777FFFFF70AFF0020FFF79FFF06460A
:105B3000FFF7E5FE304670BD70B504460E46FFF730
:105B4000BCFE2546E11704EB11610912A02202EB0D
:105B50004101C8B2FFF75DFFFFF7F0FEE11704EB6C
:105B600011610912A4EB0121C8B2FFF752FFFFF740
:105B7000E5FE3046FFF74DFFFFF7E0FEFFF7BFFE03
:105B80000A2004F091F870BD2DE9F04105460E465B
:105B90001746002409E0E20026FA02F2D1B22A19DF
:105BA00090B2FFF7C9FF601CC4B2BC42F3DBBDE892
:105BB000F0812DE9F04107460C460026002509E05A
:105BC00036023919491B491E88B2FFF789FF06447E
:105BD000681CC5B2A542F3DB3046BDE8F08110B5C4
:105BE000FF20FFF77DFF0446552C01D1002010BD9A
:105BF0005521FF20FFF7A0FFFF20FFF771FF0446AC
:105C0000552C01D10020F2E70120F0E770B50646DF
:105C10000C46154608E03046721C96B2FFF760FF4E
:105C200004F8010B681E85B2002DF4D170BD70B56B
:105C300005460C46164606E021782846FFF77CFF0D
:105C4000681C85B2641C301EA6F101018EB2F3D12E
:105C500070BD000010B5044600BF0221414805F0A8
:105C6000CFFF0028F9D021463E4805F080FF00BF55
:105C700001213C4805F0C4FF0028F9D0394805F05F
:105C800073FFC0B210BD00B587B00121084604F013
:105C900067FF0121080304F0BDFF382005900220B2
:105CA0008DF8180000208DF81A0003208DF81900D7
:105CB00001208DF81B0005A92B4804F0CFF905221F
:105CC0000321294804F055FA05220421264804F04E
:105CD00050FA05221146244804F04BFA012108032A
:105CE00004F0EDFF00214FF4805004F0E8FF0020A5
:105CF000ADF800004FF48270ADF802000020ADF85E
:105D000004000220ADF806000120ADF808004002B2
:105D1000ADF80A003820ADF80C000020ADF80E00F8
:105D20000720ADF8100069460E4805F0A5FD0121D9
:105D30000C4805F09BFEFF20FFF78CFF07B000BD6D
:105D400010B50446074800884FF6C771084005495A
:105D5000088008460088204308800121014805F09A
:105D600085FE10BD003001400004024010B5002443
:105D70000020D84908609020FFF76CFF0020FFF753
:105D800069FF0020FFF766FF0020FFF763FFFF2099
:105D9000FFF760FF44EA0024FF20FFF75BFF0443A6
:105DA0000120CD49C1F8B802204610BD1CB5012123
:105DB000022004F0D5FE0121402004F0D1FE4FF472
:105DC0008040009001208DF8040000208DF806002E
:105DD00003208DF8050001208DF807006946BF48B3
:105DE00004F03CF9802000906946BD4804F036F983
:105DF0008021BB4804F0AEF90120B6490860FFF7E6
:105E000042FF0820FFF79CFFFFF7B0FFB54908806D
:105E10001CBD10B500240020AE4908600520FFF726
:105E200019FFFF20FFF716FF04460120AA49C1F819
:105E3000B802204610BD10B504460020A5490860F0
:105E40000120FFF707FF2046FFF704FF0120A249CA
:105E5000C1F8B80210BD10B500209E4908600620A8
:105E6000FFF7F8FE01209C49C1F8B80210BD10B53B
:105E70000020984908600420FFF7ECFE01209649B5
:105E8000C1F8B80210BD2DE9F04106460C46174690
:105E90000020904908600320FFF7DCFEC4F30740B0
:105EA000FFF7D8FEC4F30720FFF7D4FEE0B2FFF7F8
:105EB000D1FE002505E0FF20FFF7CCFE7055681CE1
:105EC00085B2BD42F7DB012082490860BDE8F08160
:105ED00010B500BFFFF79DFF00F001000028F9D1C9
:105EE00010BD2DE9F04106460C461746FFF7B3FFFB
:105EF0000020784908600220FFF7ACFEC4F3074099
:105F0000FFF7A8FEC4F30720FFF7A4FEE0B2FFF7F7
:105F1000A1FE002504E0705DFFF79CFE681C85B2C1
:105F2000BD42F8DB01206B490860FFF7D1FFBDE8F7
:105F3000F0812DE9F04107460E461446F0B2C0F557
:105F40008075AC4200DC254612E02A4631463846D0
:105F5000FFF7C7FFAC4200D10BE02F442E44601B7B
:105F600084B2B4F5807F02DD4FF4807500E02546F1
:105F7000EBE700BFBDE8F08110B5044621465AA00A
:105F80000BF096FC2403FFF766FFFFF7A1FF00204C
:105F9000504908602020FFF75DFEC4F30740FFF77B
:105FA00059FEC4F30720FFF755FEE0B2FFF752FE9B
:105FB00001204949C1F8B802FFF78AFF10BD2DE959
:105FC000F05F81460F461646DFF824B14FEA1738D6
:105FD000C7F30B0ACAF58054A64200DC344644E0FD
:105FE0004FEA08314FF480525846FFF74CFF002526
:105FF00008E00AEB05001BF80000FF2800D003E0D2
:10600000681C85B2A542F4DB00BFA54216DA404603
:10601000FFF7B2FF002507E019F8050005EB0A01BC
:106020000BF80100681C85B2A542F5DB4FEA083188
:106030004FF480525846FFF77CFF04E02246394671
:106040004846FFF776FFA64200D10FE008F10108AD
:106050004FF0000AA1442744301B86B2B6F5805F9A
:1060600002DD4FF4805400E03446B9E700BFBDE8DC
:10607000F09F10B5FFF7EFFEFFF72AFF002015494C
:106080000860C720FFF7E6FD01201349C1F8B802F8
:10609000FFF71EFF10BD10B500200E490860B920A3
:1060A000FFF7D8FD01200C49C1F8B802032003F026
:1060B000B3FD10BD10B5002006490860AB20FFF706
:1060C000C9FD01200449C1F8B802032003F0A4FD72
:1060D00010BD0000B88240420080404200040240EF
:1060E000001802401A00002066653A25780D0A0063
:1060F000020400200020FE490860091D0860091DF7
:106100000860091D0860FA4924310860091D08600B
:10611000091D0860F748F649383108600020091D5C
:106120000860704701460020012900D011B9F24BE8
:10613000197000E0262070470146ED4A121D1068D4
:1061400020F0FF0008431060704770B5044606E079
:10615000E7483430056805F0450000B100E0F7E796
:1061600000BF042005F042F920B1042005F049F9F0
:10617000032070BD012005F039F920B1012005F0A0
:1061800040F90120F5E7DA4810300068A04201D05C
:106190001020EEE740F2FF5005F033F9D4481430F8
:1061A000006808210840C0B2E3E72DE9FC4107463A
:1061B0000D46002600240020009001900820CF49C1
:1061C000086010204860402088600020C8604FF4BC
:1061D00080600861084605F076F81020FFF7B5FFEB
:1061E000044614B12046BDE8FC81C548008800047F
:1061F000C249086037204860402088600020C8609D
:106200004FF480600861084605F05DF83720FFF71D
:106210009CFF04460CB12046E5E74FF0FF30B9493A
:10622000086008204860302088600220C860002094
:10623000086101204861084605F071F80020AF4967
:10624000086033204860402088600020C8604FF418
:1062500080600861084605F036F83320FFF775FFC7
:1062600004460CB12046BEE70DE04FF4001005F0E7
:10627000BDF840B19E48803000684DF82600761C7D
:10628000022E00D307E09A483430006840F22A61B9
:1062900008400028E9D000BF082005F0A7F820B189
:1062A000082005F0AEF804209DE7022005F09EF8D6
:1062B00020B1022005F0A5F8022094E7202005F087
:1062C00095F820B1202005F09CF806208BE74FF4CC
:1062D000007005F08BF828B14FF4007005F091F8CC
:1062E000072080E740F2FF5005F08BF80098000689
:1062F000009901F47F4140EA0120009901F47F01F7
:1063000040EA1120009940EA116068600198000697
:10631000019901F47F4140EA0120019901F47F01D4
:1063200040EA1120019940EA1160286020465AE7AE
:106330007CB50546002400200090019000260DB198
:10634000022600E000266A481430006800F0007061
:1063500008B10E207CBD6A49098888B26946FFF7FA
:1063600024FF04460CB12046F4E7019800F4802095
:1063700060B36348008800046049086037204860C3
:10638000402088600020C8604FF4806008610846A3
:1063900004F099FF3720FFF7D8FE04460CB12046E1
:1063A000D8E7564806600620544948604020886077
:1063B0000020C8604FF480600861084604F083FF45
:1063C0000620FFF7C2FE04462046C3E72520C1E7AA
:1063D00070B5044600254C480078032802D12725D3
:1063E000284670BD4848007838B1474800780128F1
:1063F00003D045480078022819D1B4F5805F02D156
:1064000027252846EDE7E0B2FFF792FF054675B96C
:106410003748001D006820F4C0503549091D086048
:10642000084600682043086008460068086028465F
:10643000D7E710B504463148046007202F4948606B
:10644000402088600020C8604FF4806008610846E2
:1064500004F039FF0720FFF778FE10BDF0B50146C4
:1064600000200022284B1B7881F85630244B1B88D3
:10647000A1F85430254B1B681A0E93090B70C2F318
:1064800083034B7002F003038B70204B1B68C3F334
:106490000742CA701D4B1B88C3F307220A711B4BAE
:1064A0001A784A715B681A0E1301CB80174B5B6830
:1064B000C3F30742CB8843EA1213CB8002F00F03E9
:1064C0000B72124B9B88C3F30722D3094B72C2F3A2
:1064D00080138B72C2F34013CB72C2F300130B73A1
:1064E00000234B73084B1B78C3B1074B1B780FE09D
:1064F000002C0140FF07C0002400002020140020D1
:1065000020000020341400201C0000204C14002027
:10651000012B03D0FE4B1B78032B4FD193071B0D90
:106520000B61FC4B1A790B6943EA82030B61F94B4F
:106530009B681A0E0B6943EA92130B61C2F3C20304
:106540000B7502F007034B75F24B9B68C3F30742D0
:1065500053098B75C2F38203CB7593075B0F0B76E0
:10656000EC4B1B89C3F307220B7E43EAD2130B7655
:106570000B695B1C0024C1E912340B7E9B1C0126B5
:1065800006FA03F3DE17D1E91245A4FB037C05FBF1
:1065900003C304FB0633C1E912730C7A0123A34041
:1065A0000B650024D1E912560B6DA5FB037C06FB9D
:1065B00003C305FB0433C1E912732CE0D44B1B78F1
:1065C000022B28D1D34B1A7993069B0A0B61D14B2E
:1065D0009B681A0E0B6943EA02230B61CD4B9B6843
:1065E000C3F307420B6913430B61CA4B1B89C3F307
:1065F00007220B695B1C4FF40074A3FB0435660093
:106600000027A3FB064C05FB06C503FB0753C1E9A6
:10661000124373100B65C2F3801301F8193F930600
:106620005B0E4B70BB4B1A7A4B7843EAD2134B701C
:1066300002F07F038B70B74BDB681A0ED309CB7067
:10664000C2F341130B71C2F382034B7193071B0F0B
:106650008B71B04BDB68C3F307428B7943EA92132B
:106660008B71C2F34013CB7100230B7202F0010354
:106670004B72A84B9B89C3F30722D3098B72C2F3D9
:106680008013CB72C2F340130B73C2F300134B732E
:10669000C2F381038B7302F00303CB739D4B1A7B10
:1066A00053080B7401234B749B4B1B681A0ECA745E
:1066B0001939994B1B68C3F307421402CC85964BDA
:1066C0001B88C3F30722CB8D1343CB85924B1A78DB
:1066D00014060C635B681A0E0B6B43EA02440C63EE
:1066E0008D4B5B68C3F307420B6B43EA02240C63D8
:1066F000894B9B88C3F307220B6B13430B63864BB9
:106700001A7934235A54844B9B681A0E35235A54F1
:10671000814B9B68C3F3074214068C637E4B1B8935
:10672000C3F307228B6B43EA02448C637A4B1A7AD9
:106730008B6B43EA02248C63774BDB681A0E8B6BFE
:1067400013438B63744BDB68C3F307423C235B5CEE
:1067500043EA12143C235C5413071C0DCC876E4B88
:106760009B89C3F30722CB8F1343CB876A4B1A7BDA
:10677000540840235C54012441235C54F0BD70B59F
:1067800000264FF4803505E06448046804F04500B5
:1067900000B103E0281EA5F10105F5D100BF15B138
:1067A00004F0040028B10326042004F02AFE304639
:1067B00070BD012004F01AFE18B10126012004F07A
:1067C00020FE40F2FF5004F01CFE3046F0E72DE9B9
:1067D000F04105460E464FF0000805E04F480768B7
:1067E00007F0450000B100E0F8E700BF042004F026
:1067F000FDFD28B1042004F004FE0320BDE8F08173
:10680000012004F0F3FD20B1012004F0FAFD012085
:10681000F4E7424824380068A84201D01020EDE790
:1068200040F2FF5004F0EDFD3C482038046804F4C9
:10683000604018B9200C30804046DFE704F4005077
:1068400008B11320DAE704F4804008B11020D5E73E
:1068500004F4004008B10F20D0E74046CEE738B539
:1068600000240120009004F028FD10B925242046C2
:1068700038BD27480078042825D000202849086022
:1068800002204860C02088600020C8604FF480600B
:106890000861084604F017FDFFF771FF04460CB1CC
:1068A0002046E5E71D48203800681B4908601B4862
:1068B0001C38006848601948183800688860174814
:1068C00014380068C8601248007858B11048007841
:1068D000012807D00E480078062803D00C4800781D
:1068E000022821D100200E49086003204860402082
:1068F00088600020C8604FF480600861084604F09A
:10690000E2FC69460320FFF762FF044664B109E038
:106910001C0000204C1400205C140020342C01408A
:10692000201400202046A3E7FE480078032816D153
:10693000BDF800000004FC490860032048604020C6
:1069400088600020C8604FF480600861084604F049
:10695000BAFCFFF714FF04460CB1204688E7F14863
:10696000007804282AD0BDF80000F0490860BDF87E
:1069700000000004EC49086009204860C0208860DD
:106980000020C8604FF480600861084604F09BFC5A
:10699000FFF7F5FE04460CB1204669E7E4480068BD
:1069A000E4490860E248001D00684860E04808309B
:1069B00000688860DE480C300068C860002057E737
:1069C00010B506E0DA482030046804F0450000B154
:1069D00000E0F7E700BF042004F008FD20B1042028
:1069E00004F00FFD032010BD40F2FF5004F009FD3C
:1069F0000020F8E770B500264FF4803506E0CC485B
:106A00002030046804F0450000B103E0281EA5F121
:106A10000105F4D100BF15B104F0040028B103262C
:106A2000042004F0EEFC304670BD04F0400018B1C4
:106A30000026402004F0E5FC3046F5E770B500255F
:106A40004FF4803404E0802004F0D0FC00B103E077
:106A5000201EA4F10104F6D100BF0CB9032070BDC3
:106A600040F2FF5004F0CDFC2846F8E72DE9F0474E
:106A70000027002400260025A046A1467620AE4926
:106A800008750020086048608860C8600861084692
:106A900004F0EFFB032004F00CFCA548103800685C
:106AA00040F48070A2491039086000BF12E0002055
:106AB0009D49086048608860C8604FF48060086144
:106AC000084604F000FCFFF7B9FF044604B903E0F0
:106AD000781CC7B24A2FEADB00BF14B12046BDE8DC
:106AE000F0874FF4D5709049086008204860402036
:106AF00088600020C8604FF480600861084604F098
:106B0000E2FBFFF777FF044624B9012085490870AE
:106B10004FF08049002084490860372048604020B9
:106B200088600020C8604FF480600861084604F067
:106B3000CAFB3720FFF709FB0446002C4BD134E099
:106B40000020794908603720486040208860002094
:106B5000C8604FF480600861084604F0B4FB372039
:106B6000FFF7F3FA04460CB12046B8E7734849EA48
:106B700000006D490860292048604020886000209E
:106B8000C8604FF480600861084604F09CFBFFF782
:106B900017FF04460CB12046A1E7654806680120AE
:106BA00080EAD67080F001086D1CB8F1000F03D1A7
:106BB0004FF6FF708542C3D34FF6FF70854202D374
:106BC0001B2420468BE706F08040061E32D00220B0
:106BD000544908702EE01CE05948534908600120D0
:106BE0004860402088600020C8604FF480600861E1
:106BF000084604F068FBFFF7E3FE04460CB12046AC
:106C00006DE74B480668012080EAD67080F00108E5
:106C10006D1CB8F1000F03D14FF6FF708542DBD336
:106C20004FF6FF70854202D31B24204657E703200E
:106C30003C490870204652E73EB50024002501215A
:106C4000404803F08DFF0121C80203F0E3FF01215A
:106C5000C80204F034F84FF4F850019002208DF887
:106C600008008DF8090000208DF80A0001208DF839
:106C70000B0001A9344803F0F1F90420019001A9A7
:106C8000324803F0EBF90C2208212F4803F071FA87
:106C90000C2209212C4803F06CFA0C220A212A4804
:106CA00003F067FA0C220B21274803F062FA0C224A
:106CB0001146254803F05DFA0C220221234803F017
:106CC00058FA00214FF4006003F0F9FFFFF712FAC1
:106CD00031208DF8000000208DF801008DF80200B1
:106CE00001208DF80300684603F0C7F8FFF7BEFEE9
:106CF000044614B9FFF7B3FD04461CB91448FFF766
:106D0000ADFB044634B91249B1F854100804FFF73A
:106D100090FB044624B94FF40060FFF759FB04468A
:106D2000E4B117E01C000020201400202000002007
:106D3000142C01404C140020081400200000108086
:106D40000080FF800C00400000080240000C024060
:106D500070140020FE480078032812D1FD4890F8F6
:106D6000560020B1FB4890F85600012801D10225B9
:106D700000E000252846FFF7DFF90020FFF7D2F9F1
:106D8000044620463EBD10B5002004F092FA0020D3
:106D900010BD70B590B004460E46154600BFEE48D3
:106DA00004F073FC0028FAD1EB4804F045FB4FF0E7
:106DB00000600190E948029003940495002005903A
:106DC00006904FF480600790800008908000099042
:106DD00000200A904FF440300B9004200C900320C8
:106DE0000D904FF400000E9080100F9001A9DA482A
:106DF00004F0C4FB2021D84804F010FC0121D6483F
:106E000004F0F6FB10B070BD0146002002E049100E
:106E1000421CD0B20129FAD170472DE9F84F8146C2
:106E2000174698460A9C4FF0000AD3464D464FF04D
:106E3000FF36B9F1000F02D12620BDE8F88F0020FF
:106E4000C64954390860C2480078022805D10402B6
:106E5000780A40EAC8574FEA68280020C04988608D
:106E60004860401E0860012048610020C860086139
:106E7000084604F054FAB9486C38006800F0007015
:106E800008B10E20D9E7002C21DDB4F5006F1EDC1F
:106E9000601E2040D8B92046FFF7B6FF0090B148E9
:106EA00004601020AF494860402088600020C8601E
:106EB0004FF480600861084604F005FA1020FFF7DF
:106EC00044F98246BAF1000F03D05046B5E72620B8
:106ED000B3E700980001A2498860084644604FF07B
:106EE000FF300860012048610220C860002008616E
:106EF000084604F014FA9B4807601120994948603D
:106F0000402088600020C8604FF480600861084617
:106F100004F0D9F91120FFF718F98246BAF1000FF1
:106F200001D0504689E79048007800285AD1F9F7F7
:106F300086F917E04FF4004004F058FA70B14FF0B2
:106F4000000B05E08548006845F82B000BF1010BAC
:106F5000BBF1080FF6D32035844E03E00EB90420B0
:106F60006BE7761E7D484C38006840F22A61084085
:106F70000028DFD0082004F039FA20B1082004F0FE
:106F800040FA042059E7022004F030FA20B1022030
:106F900004F037FA022050E7202004F027FA20B14D
:106FA000202004F02EFA062047E74FF4007004F08A
:106FB0001DFA28B14FF4007004F023FA07203CE7D3
:106FC00003E06648006828602D1D4FF4001004F0AF
:106FD0000DFA0028F5D1F9F734F940F2FF5004F02A
:106FE00010FA39E060480078012835D10020604966
:106FF0000870604908706049087058484438006853
:1070000040F22A31084355494439086053485438FE
:10701000006840F0080051495439086000222146B8
:107020004846FFF7B6FE00E0761E4B485838006829
:1070300000F0006038B95048007820B94C4800781A
:1070400008B9002EF0D10EB90420F6E648480078C1
:1070500010B1474890F800A05046EEE62DE9FF5FDA
:1070600017469846DDE90E464FF00009CA464FF034
:10707000FF354249009808600020384954390860BB
:1070800033480078022805D10402780A40EAC8573C
:107090004FEA68280020324988604860401E086036
:1070A000012048610020C8600861084604F037F9F3
:1070B0002A486C38006800F0007018B10E2004B047
:1070C000BDE8F09F002C21DDB4F5006F1EDC601ED2
:1070D0002040D8B92046FFF797FE83462148046038
:1070E000102020494860402088600020C8604FF48C
:1070F00080600861084604F0E6F81020FFF725F8E4
:107100008146B9F1000F03D04846D8E72620D6E7DC
:10711000012E6ED906FB04F0B0F1007F01D32620CA
:10712000CDE74FEA0B100E49886006FB04F048607B
:107130004FF0FF300860012048610220C860002045
:107140000861084604F0EBF806480760122017E0D3
:107150001C0000207014002058640240802C014064
:10716000341400202014002024000020FFFF7F00A2
:1071700026000020250000202700002028000020F5
:10718000F9494860402088600020C8604FF4806062
:107190000861084604F097F81220FEF7D6FF8146F2
:1071A000B9F1000F01D0484689E7F048007800287F
:1071B0007ED1F9F744F81EE04FF4004004F016F9D0
:1071C000A0B14FF0000A07E0E9480068E949096802
:1071D00041F82A000AF1010ABAF1080FF4D3E54890
:1071E00000682030E3490860E34D04E015B904204D
:1071F00065E7AEE06D1EDE484C38006840F22A318B
:1072000008400028D8D0082004F0F0F820B1082069
:1072100004F0F7F8042052E7022004F0E7F820B168
:10722000022004F0EEF8022049E7202004F0DEF806
:1072300020B1202004F0E5F8062040E74FF400706C
:1072400004F0D4F828B14FF4007004F0DAF8072005
:1072500035E709E0C6480068C64909680860C548BE
:107260000068001DC34908604FF4001004F0BEF828
:107270000028EFD14FF4807004F0B8F820B3BF4875
:10728000007838B1BD480078012803D0BB480078A9
:10729000022819D10020B44908600C204860402021
:1072A00088600020C8604FF480600861084600E0F4
:1072B00011E004F008F80C20FEF747FF8146B9F111
:1072C000000F01D04846FAE6F8F7BBFF40F2FF5046
:1072D00004F097F83DE0A5480078012839D1002056
:1072E000A74908700120A74908700020A649087026
:1072F0009F484438006840F22A3108439C49443989
:1073000008609B485438006840F008009849543998
:10731000086006FB04F100220098FFF73AFD00E048
:107320006D1E9A48006800F0006008B9002DF7D182
:107330000DB90420C3E600BF9348007818B99048FF
:1073400000780028F8D08E48007810B18C4890F86A
:1073500000904846B3E61CB504460020019000901A
:107360008B4800880004804908600D204860402058
:1073700088600020C8604FF480600861084603F010
:10738000A2FF7B484C380068009003E078484C38F6
:1073900000680090009800F045000028F6D0012019
:1073A00004F024F820B1012004F02BF801201CBDCA
:1073B000042004F01BF820B1042004F022F803207C
:1073C000F5E76B48703800680D2801D01020EEE713
:1073D00040F2FF5004F015F865486C3800680190E1
:1073E0000198C0F3432020700020E0E72DE9FF5F03
:1073F00086B017469846149D0026002005900490FC
:10740000002481460390824602900195DDF818B071
:10741000DDF818B0BBF1000F03D126200AB0BDE89B
:10742000F09F00205249543908605A4988604860EA
:10743000401E0860012048610020C86008610846BD
:1074400003F06DFF4A486C38006800F0007008B126
:107450000E20E3E749480078022805D10502780AA2
:1074600040EAC8574FEA6828002D1FDDB5F5006FC8
:107470001CDC681E2840C8B92846FFF7C5FC0590EB
:107480003948056010203849486040208860002055
:10749000C8604FF480600861084603F014FF1020B4
:1074A000FEF753FE06461EB13046B7E72620B5E785
:1074B0003748008800042C4908600D2048604020AF
:1074C00088600020C8604FF480600861084603F0BF
:1074D000FAFE0D20FEF739FE06460EB130469DE756
:1074E00023486C38006803904FF0FF341CE0641EA2
:1074F0002748008800041C4908600D20486040208F
:1075000088600020C8604FF480600861084603F07E
:10751000DAFE0D20FEF719FE06460EB130467DE775
:1075200013486C3800680390039800F4807008B921
:10753000002CDCD10CB9292070E70B48076018201B
:1075400009494860402088600020C8604FF480608E
:107550000861084603F0B7FE1820FEF7F6FD064660
:10756000D6B130465AE70000201400202400002045
:10757000802C014028000020FFFF7F001C0000201D
:107580002600002025000020270000200064024083
:1075900020000020341400200020F84908700598CD
:1075A0000001F7498860084645604FF0FF300860E9
:1075B000012048610020C8600861084603F0AFFE62
:1075C0004FF0FF34EF48007800287CD1F8F737FE01
:1075D00043E04FF4804003F009FFC8B30198A0EBEB
:1075E0000900202821D20198A0EB090000F0030037
:1075F00020B90198A0EB0900800804E00198A0EBF5
:1076000009008008401C02904FF0000A09E0DE49A2
:10761000DBF8000008600AF1010A0BF1040B09F124
:10762000040902988245F2D30FE04FF0000A05E00A
:107630005BF82A00D44908600AF1010ABAF1080F80
:10764000F6D30BF1200B09F120096FF0404404E060
:10765000FFE70CB90420E1E6641ECB484C38006813
:1076600040F21A6108400028B3D0082003F0BEFEA3
:1076700020B1082003F0C5FE0420CFE6022003F06D
:10768000B5FE20B1022003F0BCFE0220C6E61020A9
:1076900003F0ACFE20B1102003F0B3FE0520BDE6E0
:1076A0004FF4007003F0A2FE30B14FF4007003F00D
:1076B000A8FE0720B2E606E0F8F7C3FD40F2FF504F
:1076C00003F09FFE43E0AF48007801283FD100203F
:1076D000AE490870A9490870AD490870AA484438F5
:1076E000006840F21A310843A74944390860402233
:1076F00029460698FFF74DFBA3485438006840F030
:107700000800A1495439086000E0641EA1480068DF
:1077100000F0006008B9002CF7D11CB9FFF78CFA13
:1077200004207BE64FF0FF3400E0641E98480078A8
:1077300020B99648007808B9002CF6D10CB904207D
:107740006CE69248007810B19048007866E640F206
:10775000FF5003F056FE04A8FFF7FDFD064603E0C8
:1077600004A8FFF7F8FD06463EB99DF8100007286B
:10777000F6D09DF810000628F2D030464EE62DE9EE
:10778000FF5F84B0DDE912470026002003900290DD
:10779000002580468146019007FB04FBDDF810A020
:1077A000DDF810A0BAF1000F03D1262008B0BDE823
:1077B000F09F00207449543908607149886048601E
:1077C000401E0860012048610020C860086108462A
:1077D00003F0A5FD6C486C38006800F0007008B13B
:1077E0000E20E3E76C480078022808D10402DDE9A6
:1077F0000601400A40EAC1504912CDE90601002CB9
:107800001FDDB4F5006F1CDC601E2040C8B92046A7
:10781000FFF7FAFA03906148046010205F4948605E
:10782000402088600020C8604FF4806008610846EE
:1078300003F049FD1020FEF788FC06461EB13046D5
:10784000B4E72620B2E7012F6FD907FB04F0B0F1AF
:10785000007F01D32620A9E74F48007838B14E4871
:107860000078012803D04C48007802282DD14C48DC
:10787000008800044949086037204860402088603B
:107880000020C8604FF480600861084603F01BFDCB
:107890003720FEF75AFC06460EB1304686E73F48D1
:1078A000076017203D494860402088600020C8607C
:1078B0004FF480600861084603F005FD1720FEF7CD
:1078C00044FC06460EB1304670E73449069808601D
:1078D00019204860402088600020C8604FF4806014
:1078E0000861084603F0EFFC1920FEF72EFC06465F
:1078F0000EB130465AE7039800012149886007FB22
:1079000004F048604FF0FF3008600120486100201B
:10791000C8600861084603F002FD1A480078002894
:1079200072D1451EF8F78BFC54E0F8E04FF480402C
:1079300003F05CFDB0B3ABEB0800202833D2ABEB17
:10794000080000F0030018B9ABEB0800800803E062
:10795000ABEB08008008401C01904FF0000909E0E3
:107960000949DAF80000086009F101090AF1040A7E
:1079700008F1040801988145F2D324E02500002095
:107980003414002024000020802C01402600002018
:1079900027000020006402401C000020201400206A
:1079A0002000002012E04FF0000905E05AF82900FD
:1079B000F749086009F10109B9F1080FF6D30AF196
:1079C000200A08F120086FF0404503E00DB90420BB
:1079D000ECE66D1EEE484C38006840F21A31084063
:1079E0000028A3D0082003F001FD20B1082003F0F7
:1079F00008FD0420DAE6022003F0F8FC28B102209A
:107A000003F0FFFC0220D1E640E0102003F0EEFC82
:107A100020B1102003F0F5FC0520C7E64FF40070FC
:107A200003F0E4FC28B14FF4007003F0EAFC0720F7
:107A3000BCE64FF4807003F0D9FC00B3D548007861
:107A400038B1D4480078012803D0D2480078022801
:107A500015D10020D04908600C2048604020886083
:107A60000020C8604FF480600861084603F02BFCDA
:107A70000C20FEF76AFB06460EB1304696E6F8F794
:107A8000E0FB40F2FF5003F0BCFC48E0C348007844
:107A9000012844D10020C24908700120C149087062
:107AA0000020C1490870BA484438006840F21A31D1
:107AB0000843B7494439086007FB04F140220498A1
:107AC000FFF767F9B2485438006840F00800B04941
:107AD000543908604FF0FF3500E06D1EB348006870
:107AE00000F0006008B9002DF7D11DB9FFF7A4F828
:107AF00004205BE64FF0FF3500E06D1EAA480078D9
:107B000020B9A748007808B9002DF6D10DB9042096
:107B10004CE6A348007810B1A148007846E640F250
:107B2000FF5003F06EFC02A8FFF715FC064603E0C9
:107B300002A8FFF710FC06463EB99DF8080007288A
:107B4000F6D09DF808000628F2D030462EE610B593
:107B50004FF4807003F04AFC88B392480078012803
:107B600014D100208C4908600C20486040208860B7
:107B70000020C8604FF480600861084603F0A3FB52
:107B80000C20FEF7E2FA8649087002E000208449E2
:107B900008707F484838006840F480707C49483954
:107BA0000860081D00684CF23A318843784944392E
:107BB000086001207C4908707948007810BDFFE713
:107BC000022003F013FC78B1022003F01AFC704885
:107BD000443800684CF23A3188436D4944390860B2
:107BE00002206F490870E9E7082003F0FFFB78B135
:107BF000082003F006FC6648443800684CF23A312D
:107C00008843634944390860042065490870D5E712
:107C1000202003F0EBFB78B1202003F0F2FB5C485E
:107C2000443800684CF23A31884359494439086075
:107C300006205B490870C1E7102003F0D7FB78B13C
:107C4000102003F0DEFB5248443800684CF23A3111
:107C500088434F4944390860052051490870ADE711
:107C60004FF4007003F0C2FB80B14FF4007003F0DA
:107C7000C8FB4748443800684CF23A3188434449CD
:107C80004439086007204649087097E7002095E7C7
:107C900010B5FFF75CFF10BD70B50446002514B9A0
:107CA0002625284670BD4248008800043A490860ED
:107CB0000D204860402088600020C8604FF480603C
:107CC0000861084603F0FFFA0D20FEF73EFA05466C
:107CD0000DB12846E6E72E486C380068206028463B
:107CE000E0E708B5002000906846FFF7D5FF08B12F
:107CF000FF2008BD0098C0F34320FAE72DE9FE4FAE
:107D000083460C46914600200290002625462C46CC
:107D1000700240EAD5566D020BF00300F0B14FF04F
:107D2000000A18E04FF4007000904FEA4A2047190B
:107D300046EBE0733A461F48FFF76FF802904FF4A6
:107D400000721C49584609F0D4FE0BF5007B0AF17D
:107D5000010000F0FF0ACA45E4DB16E0B9F1010FAB
:107D600009D14FF400702A46334600905846FFF779
:107D700054F8029009E04FF400702A463346CDE9EA
:107D800000095846FFF76AF902900298BDE8FE8F95
:107D9000802C01401C000020201400202400002022
:107DA000260000202500002027000020006402405B
:107DB00020000020C81400202DE9FE4F81460C460B
:107DC000924600200290002625462C46700240EA8A
:107DD000D5566D0209F00300F0B14FF0000B18E02A
:107DE0004FF400724946194809F083FE4FF40070C1
:107DF00000904FEA4B20471946EBE0733A46134890
:107E0000FFF7F4FA029009F500790BF1010000F098
:107E1000FF0BD345E4DB16E0BAF1010F09D14FF4B3
:107E200000702A46334600904846FFF7DFFA02907A
:107E300009E04FF400702A463346CDE9000A48466F
:107E4000FFF79DFC02900298BDE8FE8FC814002049
:107E500010B5022001F0E0FE10BD1CB5012122206A
:107E600002F07EFE012000908DF804008DF80600DF
:107E70008DF807006946624802F0F0F84FF40060A0
:107E8000009001208DF8040069465E4802F0E6F893
:107E90001CBD10B501205C4908605C49C1F8800236
:107EA000FFF7D6FF002058490860FFF7D1FF0020F8
:107EB0005649C1F88002FFF7CBFF10BD10B5002076
:107EC00051490860FFF7C4FF01205049C1F8800202
:107ED000FFF7BEFF01204C490860FFF7B9FF10BD56
:107EE00070B500240025012047490860FFF7B0FF66
:107EF00001204649C1F88002FFF7AAFF09E0601C93
:107F0000C4B2FA2C03DDFFF7D9FF012506E0FFF725
:107F10009FFF3D48803800680028F0D100BF002056
:107F20003B490860FFF794FF284670BD10B500205C
:107F300035490860FFF78CFF01203449C1F8800201
:107F4000FFF786FF002032490860FFF781FF01201C
:107F50003049C1F8AC02FFF77BFF10BD10B501201E
:107F600029490860FFF774FF01202849C1F8800201
:107F7000FFF76EFF002026490860FFF769FF10BD7C
:107F800070B50446002511E0E0091F490860FFF7BD
:107F90005FFF01201D49C1F88002FFF759FF002053
:107FA0001B4908606006040E681CC5B2082DEBDB97
:107FB00001201549086070BD70B5054600240026F3
:107FC00013E06006040E012011490860FFF740FF2E
:107FD0001048D0F82C0208B1601CC4B200200C4933
:107FE0000860FFF735FF701CC6B2082EE9DB15B933
:107FF000FFF7B4FF01E0FFF799FF204670BD0000D6
:108000000004024000140240AC8242420080404220
:1080100080824042008042422DE9F04104460E46F3
:1080200017464FF00008FFF734FF2820FFF7A8FF9E
:10803000FFF756FF2012FFF7A3FFFFF751FFE0B253
:10804000FFF79EFFFFF74CFF00250BE0705DFFF789
:1080500097FFFFF745FF8046B8F1000F00D003E01F
:10806000681CC5B2BD42F1DB00BFFFF727FF4046E9
:10807000BDE8F08138B50546002400208DF80000E9
:108080008DF8015000BF09E09DF80000DB49095D53
:108090000844C0B28DF80000601CC4B2B82CF3D301
:1080A0009DF80000C043401CC0B28DF80000B8220B
:1080B000D24948F24700FFF7AFFF0222694648F273
:1080C000FF00FFF7A9FF002038BD2DE9F04105466C
:1080D0000F461646FFF7DDFE2820FFF751FFFFF79A
:1080E000FFFE2812FFF74CFFFFF7FAFEE8B2FFF79A
:1080F00047FFFFF7F5FEFFF7CCFE2920FFF740FF13
:10810000FFF7EEFE00240BE0711EA14201D0012119
:1081100000E000210846FFF74FFF3855601CC4B24D
:10812000B442F1DBFFF7CAFEBDE8F0811FB50121C3
:10813000062002F015FD0220009000208DF80400BA
:108140008DF8060003208DF8050001208DF807004A
:108150006946AB4801F082FF4FF4005000900120C7
:108160008DF804006946A74801F078FFFFF775FE17
:108170000020A54908600A2001F096FD0120A349CE
:10818000C1F8B4020A2001F08FFD02200090012006
:108190008DF8040000208DF807006946984801F02A
:1081A0005DFF642001F080FD042202A948F2401026
:1081B000FFF78BFF00208DF80C0002A994A009F0B6
:1081C00077FB96A102A809F0D9FC48BB02208DF8E4
:1081D0000800012202A948F24000FFF71DFF01221A
:1081E00002A948F24700FFF770FF9DF808006028D9
:1081F00007DA9DF808108BA009F05AFB0120FFF761
:1082000039FF0A2001F050FD00208DF808000122FE
:1082100002A948F24000FFF7FFFE002004B010BDA5
:108220000020FBE771B583B0002400268248007867
:10823000401C81490870084600780A2190FBF1F241
:1082400001FB120018B17C4800780A287EDA01226E
:1082500003A948F24E10FFF738FF002001900122D9
:1082600001A948F24E10FFF7D7FE9DF80C0000F070
:108270000F0000286AD09DF80C0000F00F000628BF
:10828000E4DA9DF80C0000F00F01FF208840C0B236
:1082900001906A4890F820509DF80400C043C0B295
:1082A00040F0C000654981F820000846818981823C
:1082B000C18AC183002444E0604890F82000012175
:1082C000A140084020B35E4931F81400042202A9FD
:1082D000FFF7FBFE594890F8300000F00100C0B1F4
:1082E0009DF808009DF8091000EB012081B2534869
:1082F000163020F814109DF80A009DF80B1000EBC2
:108300000120C0F5487081B24C480C3020F81410A0
:1083100015E09DF808009DF8091000EB012081B2DE
:1083200046480C3020F814109DF80A009DF80B10F8
:1083300000EB012081B24148163020F81410601C77
:10834000C4B2052CB8DB01263C4800E02BE0808954
:108350003C490988884205DC3848C08A394949883F
:1083600088421DDD9DF80C0000F00F0001280ADD99
:108370003248C089314988810846008BC882002074
:108380002D4908700FE02D48808A2C4988810846C5
:10839000C08BC88280200390084680F8205002E0FD
:1083A0000020254908709DF80C0000F08F008028FF
:1083B00019D1224890F8200000F0800038B11F4801
:1083C00090F8200020F080001C4981F820004FF632
:1083D000FF701A498881C882084690F8200000F092
:1083E000E00081F8200014480078F02802DD0A201F
:1083F00011490870304604B070BD000052480108B1
:108400000004024000080240B40241420000414220
:108410004354502049443A25730D0A00393134370A
:108420000000000044656661756C74205665723A00
:1084300025640D0A000000002C0000203000002000
:108440000A490108F40300202DE9F04104460E46D4
:1084500017464FF00008FFF71CFDB220FFF790FD14
:10846000FFF73EFD2012FFF78BFDFFF739FDE0B26D
:10847000FFF786FDFFF734FD00250BE0705DFFF789
:108480007FFDFFF72DFD8046B8F1000F00D003E01F
:10849000681CC5B2BD42F1DB00BFFFF70FFD4046CF
:1084A000BDE8F0812DE9F04105460F461646FFF77D
:1084B000F0FCB220FFF764FDFFF712FD2812FFF772
:1084C0005FFDFFF70DFDE8B2FFF75AFDFFF708FD6E
:1084D000FFF7DFFCB320FFF753FDFFF701FD00249A
:1084E0000BE0711EA14201D0012100E000210846ED
:1084F000FFF762FD3855601CC4B2B442F1DBFFF7F0
:10850000DDFCBDE8F08138B50446002000900CB1D8
:1085100080200090012269464FF45060FFF794FFDD
:1085200038BD0EB5002002900121062002F018FB94
:108530000220009000208DF804008DF80600032032
:108540008DF8050001208DF807006946904801F07C
:1085500085FD4FF40050009001208DF8040069461D
:108560008C4801F07BFDFFF778FC00208A49086009
:10857000642001F099FB01208849C1F8B40264200D
:1085800001F092FB0120FFF7BEFF012202A94FF488
:108590005060FFF787FF9DF8081081A009F088F967
:1085A0009DF80800802801D100200EBD0120FCE7C5
:1085B00031B52DED068B82B0002400257B48007874
:1085C000401C7A490870084600780A2190FBF1F2B5
:1085D00001FB120018B1754800780A287EDA0122E2
:1085E00008A90020FFF75EFF9DF8200000F01F00A3
:1085F000002873D09DF8200000F01F0040F0C0005C
:108600006B4981F82000002486E0694890F820003A
:108610000121A140084000287CD0664931F81400AF
:10862000042201A9FFF73EFF614890F8300000F0F6
:108630000100D0B39DF807109DF8062001EB022041
:108640000AF0FDF841EC190B9FED5B0B53EC102B7E
:108650000AF05CF941EC180B0AF0C4F881B25448F6
:10866000163020F814109DF805109DF8042001EB39
:1086700002200AF0E4F841EC1A0B9FED510B53EC89
:10868000102B0AF043F941EC190B9FED4F0B53EC03
:10869000102B0AF06FFA41EC180B0AF0A3F881B224
:1086A00043480C3020F8141034E0FFE79DF8071021
:1086B0009DF8062001EB02200AF0C1F841EC190BED
:1086C0009FED3D0B53EC102B0AF020F941EC180BF9
:1086D0000AF088F881B236480C3000E02BE020F830
:1086E00014109DF805109DF8042001EB02200AF0FB
:1086F000A6F841EC190B9FED320B53EC102B0AF04E
:1087000005F941EC180B0AF06DF881B228481630D3
:1087100020F81410601CC4B2052CFFF676AF0125BA
:108720002348808920B92248C08A08B900200890CF
:1087300000201E4908709DF8200000F01F00D0B9ED
:108740001B4890F8200000F0800040B1184890F8D5
:10875000200020F08000164981F820000BE04FF641
:10876000FF7013498881C882084690F8200000F005
:10877000E00081F820000D480078F02802DD0A2092
:108780000A490870284602B0BDEC068B38BD0000CF
:108790000004024000080240B4024142000041428D
:1087A0004354502049443A25780D0A002D000020FA
:1087B00030000020144901087B14AE47E17AD43F11
:1087C000D881734694F6D23F000000000000894033
:1087D0002DE9F04105460E4617464FF00008FFF719
:1087E00058FB7020FFF7CCFBFFF77AFBE8B2FFF7EE
:1087F000C7FBFFF775FB00240BE0305DFFF7C0FB04
:10880000FFF76EFB8046B8F1000F00D003E0601C5C
:10881000C4B2BC42F1DB00BFFFF750FB4046BDE8ED
:10882000F0812DE9F04106460F461546FFF731FB72
:108830007020FFF7A5FBFFF753FBF0B2FFF7A0FB9B
:10884000FFF74EFBFFF725FB7120FFF799FBFFF7C2
:1088500047FB00240BE0691EA14201D0012100E08A
:1088600000210846FFF7A8FB3855601CC4B2AC4293
:10887000F1DBFFF723FBBDE8F0810EB501210620F7
:1088800002F06EF90220009000208DF804008DF8AF
:10889000060003208DF8050001208DF807006946C9
:1088A0008E4801F0DBFB4FF40050009001208DF862
:1088B000040069468A4801F0D1FBFFF7CEFA002098
:1088C00088490860142001F0EFF901208649C1F8B9
:1088D000B402322001F0E8F900208DF808000122EE
:1088E00002A9FFF775FF012202A9A420FFF770FF7C
:1088F00016208DF80800012202A98020FFF768FFEA
:108900000C208DF80800012202A98820FFF760FFE3
:10891000022202A9A120FFF784FF9DF80800302859
:108920000ED19DF8090003280AD19DF809009DF891
:10893000082000EB02216DA008F0BAFF00200EBD58
:108940000120FCE771B581B0002400266A48007858
:10895000401C69490870084600780A2190FBF1F232
:1089600001FB120018B1644800780A2869DA012274
:1089700001A90220FFF755FF9DF8040000F00F0049
:1089800000285ED09DF8040000F00F0006287BDA76
:108990009DF8040000F00F01FF208840C5B2E843B5
:1089A000C0B240F0C000554981F82000032001F01A
:1089B0007BF900245AE0514890F820000121A140A1
:1089C0000840E8B34E4931F8140004226946FFF725
:1089D00028FF4A4890F8300000F00100C0B19DF82F
:1089E00001009DF8001001F00F0100EB0120434948
:1089F000163121F814009DF803009DF8021001F0D3
:108A00000F0100EB01213D480C3020F814101DE04F
:108A10009DF801009DF8001001F00F0100EB01200E
:108A2000C0F5F07081B235480C3020F814109DF874
:108A300003009DF8021001F00F0100EB012101E09D
:108A400012E021E02D48163020F814109DF80000A7
:108A500000F0F000802807D000212848163020F8C8
:108A600014100A3820F81410601CC4B2052CA2DBC4
:108A700001262248808920B92048C08A08B90020F0
:108A8000019000201C4908709DF8040000F01F00B0
:108A9000D0B91A4890F8200000F0800040B1174883
:108AA00090F8200020F08000144981F820000BE0AD
:108AB0004FF6FF7011498881C882084690F820005F
:108AC00000F0E00081F820000B480078F02802DD7B
:108AD0000A200949087030467CBD000000040240AD
:108AE00000080240B4024142000041424354502079
:108AF00049443A25780D0A002E000020300000205D
:108B00001E49010870B50446002500BF17E004F0B7
:108B1000800018B10120FE49086002E00020FC49F5
:108B200008606006040E0020FA490860012001F088
:108B300073F80120F849C1F88002681CC5B2082DFD
:108B4000E5DB70BD70B50646002500240020F14924
:108B50000860F249C1F8AC02F14908603046FFF7FD
:108B6000D1FF062001F058F80020EB49C1F880023F
:108B7000012001F051F80120E649086001F04CF8AD
:108B80000020E549C1F8800200BF15E04FF6FF70F4
:108B900000EA44040020DF490860012001F03CF8AD
:108BA0000120DD49C1F88002DA487838006808B150
:108BB000601C84B2681CC5B2102DE7DB24110120B3
:108BC000D7490860204670BD2DE9FE438046002746
:108BD000002406E04046FFF7B5FF2DF81400601CA6
:108BE00084B2052CF6DB002416E0601C85B20FE091
:108BF0003DF814003DF81510884207DD3DF814607B
:108C00003DF815002DF814002DF81560681C85B28C
:108C1000052DEDDB601C84B2042CE6DB002701246B
:108C200005E03DF81400384487B2601C84B2042C7F
:108C3000F7DB032097FBF0F086B23046BDE8FE83F9
:108C40002DE9F04104460D46B6480078FFF7BCFF19
:108C50000646B5480078FFF7B7FF074626802F8005
:108C60000120BDE8F0817FB504460D4602A903A8A6
:108C7000FFF7E6FF064616B9002004B070BD69464E
:108C800001A8FFF7DDFF06460EB90020F5E7BDF8A5
:108C90000400BDF80C10884206DCBDF80C10BDF8CD
:108CA0000400323081420CDBBDF80C00BDF804102A
:108CB000884236DCBDF80410BDF80C003230814229
:108CC0002FDABDF80000BDF80810884206DCBDF8B8
:108CD0000810BDF80000323081420CDBBDF80800FE
:108CE000BDF8001088421CDCBDF80010BDF808007B
:108CF0003230814215DABDF80C10BDF80420881816
:108D000000EBD071C1F34F012180BDF80810BDF810
:108D10000020881800EBD071C1F34F012980012099
:108D2000ABE70020A9E770B504460D4616467F481C
:108D3000068004F10D018AB2193988B22B46294602
:108D4000FCF7DAFA05F10D0083B2193881B2224638
:108D50002046FCF7D1FA6A1C91B2621C90B2F8F777
:108D60006EFA6A1C91B2621E90B2F8F768FA6A1E37
:108D700091B2621C90B2F8F762FA6A1E91B2621E5A
:108D800090B2F8F75CFA062229462046FCF72AFB47
:108D900070BD70B504460D461646644806802946E7
:108DA0002046F8F74CFA611C88B22946F8F747FAD2
:108DB000681C81B22046F8F742FA6A1C91B2621C24
:108DC00090B2F8F73CFA70BD10B5044651487C38B3
:108DD000006800284ED12CB15549A1F10A00FFF7D7
:108DE00042FF35E05249A1F10A00FFF73CFF78B39A
:108DF0004F481638B0F92C0000EE100AB8EEC00A41
:108E00004B48163890ED091A808900EE900AF8EE6A
:108E1000600A01EE200ABCEEC00A10EE100A4449B6
:108E2000163988810846B0F92E0000EE100AB8EE17
:108E3000C00A084690ED0A1AC08A00EE900AF8EEC1
:108E4000600A01EE200ABCEEC00A10EE100AC882C9
:108E50003748163890F8200000F0800038BBC0205A
:108E60003349163981F82000084681898182C18AF8
:108E7000C1831CE02E48163890F8200000F08000D6
:108E800050B12B48163890F8200020F08000284977
:108E9000163981F820000AE0002125481638818221
:108EA000C1834FF6FF70224916398881C882204855
:108EB000163890F8200000F0800010BD10B51C4856
:108EC000163890ED090ADFED1B0A20EE200ABDEEF0
:108ED000C00A10EE104A042221462820FCF754FE56
:108EE0001348163890ED0A0ADFED120A20EE200A28
:108EF000BDEEC00A10EE104A042221462C20FCF7D9
:108F000043FE0B481638B0F92C100222302013E033
:108F1000AC82424280824042008040420080424215
:108F2000B4024142640000206500002014000020CB
:108F30004600002020BCBE4CFCF726FEFE48B0F9DF
:108F40002E1002223220FCF71FFEFB4890F8301052
:108F50003420FCF7F1FD0A2421463520FCF7ECFD16
:108F600010BD10B53520FCF7BBFD04460A2C46D1D8
:108F700004212820FCF71DFE044600EE104AB8EE3E
:108F8000C00A5FED140A80EE201AEB4880ED091A42
:108F900004212C20FCF70DFE044600EE104AB8EE2A
:108FA000C00A5FED1C0A80EE201AE34880ED0A1A21
:108FB00002213020FCF7FDFD00B2DF498885022147
:108FC0003220FCF7F6FD00B2DB49C8853420FCF7FF
:108FD00087FDD94981F83000084690F8300030B15B
:108FE0009020D6490870D020D549087005E0D020DF
:108FF000D24908709020D2490870012010BD00208D
:10900000FCE72DE9FC5F04460D4617461E46DDE9E8
:109010000EABDDE90C894FF47840CA490880CAA03C
:109020001021CDE90010C94843880288A0212820DA
:10903000FCF76FFBC6A01021CDE90010C3484388A0
:109040000288A0217820FCF764FBC2A01021CDE9A2
:109050000010BE4843880288B4212820FCF759FB41
:10906000BDA01021CDE90010B84843880288B42182
:109070007820FCF74EFBB9A01021CDE90010B348D1
:1090800043880288C8212820FCF743FBB4A01021A4
:10909000CDE90010AD4843880288C8217820FCF74C
:1090A00038FBB0A01021CDE90010A8484388028801
:1090B000DC212820FCF72DFBABA01021CDE900100E
:1090C000A24843880288DC217820FCF722FBA7A075
:1090D0001021CDE900109D4843880288F021282006
:1090E000FCF717FB102004232246A021009040200B
:1090F000FCF757FA102004232A46A0210090902064
:10910000FCF74FFA102004233A46B4210090402087
:10911000FCF747FA102004233246B4210090902037
:10912000FCF73FFA102004234246C821009040205B
:10913000FCF737FA102004234A46C82100909020FB
:10914000FCF72FFA102004235246DC210090402027
:10915000FCF727FA102004235A46DC2100909020C7
:10916000FCF71FFA102003230090F0216020109AD2
:10917000FCF717FABDE8FC9F00B597B000201290ED
:109180000B9012901F216F4801804FF6FF717948B4
:1091900001800846F8F73EFB4FF4784169480180AA
:1091A0004FF6FF70F8F736FB0020664908807248DA
:1091B000006810216423A022CDE900102821084670
:1091C000FCF7A7FA4FF4784214210846FFF7ABFDED
:1091D0000020594981F820009FED680A084680ED7B
:1091E000090A53E2544840680A9001200A998847C6
:1091F000514890F8200000F0C00040286FD10020B6
:109200000B904D4890F8200020F040004A4981F82A
:1092100020000846818913AA129822F82010464897
:10922000C18A129802EB800041801298401CC0B2A3
:1092300012901298012806D0022815D0032829D0B0
:10924000042810D141E04FF6FF7214210846FFF7C1
:109250006AFD3E480088143880B24FF478421421E9
:109260000A90FFF760FDEBE338480088143880B2BD
:109270004FF6FF7214210A90FFF755FD33484088DE
:10928000143880B24FF4784201460A901420FFF758
:109290004AFDD5E32D484088143880B24FF6FF725E
:1092A00001460A901420FFF73EFD284840881438F4
:1092B00080B20A9025480088143880B24FF4784272
:1092C00009900A99FFF72FFDBAE3BDF84C10BDF8DD
:1092D0005000081A0A90002802DB0A9802E0B0E366
:1092E0000A9840420F90BDF84E1013A8C088081A83
:1092F0000A90002801DB0A9801E00A9840420E908B
:109300000F9840430F900E9840430E90DDE90E10E9
:109310000844059009F0AAFACDE906019DED060B77
:1093200009F03EF98DED080B9DED080B51EC100B8B
:1093300009F058FA80B223E03000002064000020D9
:10934000650000201400002078313A00F40300206A
:1093500079313A0078323A0079323A0078333A007B
:1093600079333A0078343A0079343A006661632000
:1093700069733A0016000020284901080000000027
:109380001190BDF85400BDF85810401A0A900028FA
:1093900001DB0A9801E00A9840420F9013A8418926
:1093A000C089081A0A90002801DB0A9801E00A988F
:1093B00040420E900F9840430F900E9840430E90FD
:1093C000DDE90E100844059009F050FACDE90601D8
:1093D0009DED060B09F0E4F88DED080B9DED080BF3
:1093E00051EC100B09F0FEF980B210909DED110ABE
:1093F000F8EE400A9DED100AB8EE401A80EE810AA0
:109400008DED0A0A0A9809F077FDCDE90C019FED70
:10941000FE0B53EC102B9DED0C0B51EC100B09F0D7
:1094200039FA0ED39FEDFA0B53EC102B9DED0C0B7C
:1094300051EC100B09F068FB03D3119808B1109898
:10944000F0BB00201290F4484088143880B20A9093
:10945000F1480088143880B24FF6FF7209900A99DB
:10946000FFF761FC4FF4784214210846FFF75BFCDC
:109470009FEDEA0B53EC102B9DED0C0B51EC100BF8
:1094800009F044FACDE908019DED080B51EC100BF1
:1094900009F0A8F980B213A90A90C989BDF858202B
:1094A00013AB5B89CDE90132CDE90310BDF854005F
:1094B000009013A8C0880990BDF85000089000E003
:1094C0000AE0BDF84E000790BDF84C00069007A9D1
:1094D0000EC9FFF796FDC3E2BDF84C10BDF854006D
:1094E000081A0A90002801DB0A9801E00A98404215
:1094F0000F90BDF84E1013A84089081A0A90002852
:1095000001DB0A9801E00A9840420E900F98404310
:109510000F900E9840430E90DDE90E100844059020
:1095200009F0A4F9CDE906019DED060B09F038F824
:109530008DED080B9DED080B51EC100B09F052F965
:1095400080B21190BDF85010BDF85800081A0A906A
:10955000002801DB0A9801E00A9840420F9013A806
:10956000C188C089081A0A90002801DB0A9801E026
:109570000A9840420E900F9840430F900E98404337
:109580000E90DDE90E100844059009F06FF9CDE961
:1095900006019DED060B09F003F88DED080B9DED1E
:1095A000080B51EC100B09F01DF980B210909DEDE5
:1095B000110AF8EE400A9DED100AB8EE401A80EE4E
:1095C000810A8DED0A0A0A9809F096FCCDE90C0192
:1095D0009FED8D0B53EC102B9DED0C0B51EC100BF4
:1095E00009F058F90AD39FED8A0B53EC102B9DED2F
:1095F0000C0B51EC100B09F087FA48D200201290A6
:1096000085484088143880B20A908348008814380E
:1096100080B24FF6FF7209900A99FFF784FB4FF46E
:10962000784214210846FFF77EFB9FED7C0B53EC3C
:10963000102B9DED0C0B51EC100B09F067F9CDE9E7
:1096400008019DED080B51EC100B09F0CBF880B22E
:1096500013A90A90C989BDF8582013AB5B89CDE9DD
:109660000132CDE90310BDF85400009013A8C08862
:109670000990BDF850000890BDF84E000790BDF865
:109680004C00069007A90EC9FFF7BBFCE8E1BDF846
:109690005000BDF85410401A0A90002801DB0A98C7
:1096A00001E00A9840420F9013A8C1884089081A27
:1096B0000A90002801DB0A9801E00A9840420E90C7
:1096C0000F9840430F900E9840430E90DDE90E1026
:1096D0000844059009F0CAF8CDE906019DED060B96
:1096E00008F05EFF8DED080B9DED080B51EC100BA3
:1096F00009F078F880B21190BDF84C00BDF8581010
:10970000401A0A90002801DB0A9801E00A984042BA
:109710000F90BDF84E1013A8C089081A0A900028AF
:1097200001DB0A9801E00A9840420E900F984043EE
:109730000F900E9840430E90DDE90E1008440590FE
:1097400009F094F8CDE906019DED060B08F028FF1D
:109750008DED080B9DED080B51EC100B09F042F854
:1097600080B210909DED110AF8EE400A9DED100AAE
:10977000B8EE401A80EE810A8DED0A0A0A9809F0C7
:10978000BBFBCDE90C019FED200B53EC102B9DEDA5
:109790000C0B51EC100B09F07DF80AD39FED1C0B5C
:1097A00053EC102B9DED0C0B51EC100B09F0ACF9A8
:1097B00058D20020129018484088143880B20A907D
:1097C00015480088143880B24FF6FF7209900A9944
:1097D000FFF7A9FA4FF4784214210846FFF7A3FADD
:1097E0009FED0E0B53EC102B9DED0C0B51EC100B61
:1097F00009F08CF8CDE908019DED080B51EC100B38
:1098000008F0F0FF80B20DE0666666666666EE3FC1
:10981000CDCCCCCCCCCCF03FF40300200000000039
:109820000000594001460A9013A8C289BDF85800AB
:1098300013AB5B89CDE90130CDE90321BDF85400BC
:10984000009013A8C0880990BDF850000890BDF89A
:109850004E000790BDF84C00069007A90EC9FFF70F
:10986000D0FBFDE0BDF85000BDF84C10401A00EEF2
:10987000100AF8EEC00AC5480088283800EE100A21
:10988000B8EEC00A80EE201AC14880ED091ABDF872
:109890005000BDF84C10084400EE100AF8EEC00A63
:1098A000BA48008800EE100AB8EE400AB84890EDB9
:1098B000091A01EE600AF0EE000A80EE201ABDEEF1
:1098C000C10A10EE100A01B2B148818513A840897F
:1098D000BDF84E10401A00EE100AF8EEC00AAB4870
:1098E0004088283800EE100AB8EEC00A80EE201A30
:1098F000A74880ED0A1A13A84089BDF84E10084405
:1099000000EE100AF8EEC00AA048408800EE100AE7
:10991000B8EE400A9E4890ED0A1A01EE600AF0EE99
:10992000000A80EE201ABDEEC10A10EE100A00B245
:109930009749C885084690ED090ABDEEC00A8DED2D
:10994000090A0998002801DB099801E009984042BA
:1099500002280FDC8E4890ED0A0ABDEEC00A8DED9C
:109960000A0A0A98002801DB0A9801E00A98404296
:10997000022842DD0020129084484088143880B2CA
:109980000A9082480088143880B24FF6FF7209901E
:109990000A99FFF7C8F94FF4784214210846FFF7F7
:1099A000C2F97CA01021CDE90010784840880A90C7
:1099B00076480088099002461A2128200A9BFBF766
:1099C000A8FE734890F8300008B9012000E000209C
:1099D0006F4981F83000084690F8300030B190208F
:1099E00071490870D0217148017005E0D0216E489E
:1099F000017090206D49087032E01F216C48018091
:109A00004FF6FF70F7F706FF6AA01021CDE90010AE
:109A10005E4840880A905D480088099002466E21A1
:109A200023200A9BFBF775FE4FF47A7000F03CF997
:109A3000FFF744FA4FF6FF70F7F7ECFE17B000BDE2
:109A400000BF0A2000F030F90B98401C80B20B9048
:109A50000B98B0F57A7F02DDFFF783FA02E000BFD2
:109A6000FFF7C0BB00BF00BFE8E71CB547488088D0
:109A700045F21051884220D1FEF758FB18B95348DF
:109A80004349486004E0FEF74CFD514840494860B6
:109A90003F4890F8300040F080003D4981F83000A8
:109AA000084690F830003949897901F001010843EE
:109AB000374981F8300000201CBD3448808841F6C9
:109AC0006311884218D1FEF7D8FE424830494860F9
:109AD000084690F8300040F0800081F830000846D9
:109AE00090F830002949897901F00101084328499B
:109AF00081F830000020DFE70121262001F030F856
:109B00000620009000208DF804008DF80600032048
:109B10008DF8050001208DF8070069462E4800F0F9
:109B20009DFA012000908DF8040069462A4800F053
:109B300095FA4FF40050009001208DF8040069461A
:109B4000264800F08BFA4FF40060009001208DF859
:109B500004006946224800F081FA0D491631A1F14E
:109B60000A00FFF76DF8FBF7B7FFFFF7FAF908B146
:109B70000020A1E74FF6FF70F7F74CFEFFF7FCFA65
:109B8000FFF79CF9FFF7EDF9012095E7F4030020BA
:109B9000300000205450204E656564207265616479
:109BA0006A757374210000006400002065000020C5
:109BB00014000020546F7563682053637265656EEE
:109BC0002041646A757374204F4B21002582000880
:109BD000B1850008458900080004024000080240E1
:109BE0000014024010B504466FF0040000F092F932
:109BF000E11704EB5171C1F3C701394A11701046E6
:109C0000007800EB4001C1EBC0104FF6FF7101EA94
:109C1000C0003449088010BD0146314A12784A43D9
:109C20004FF0E0235A6100229A611A46126942F00D
:109C300001021A6100BF4FF0E022106900F001023A
:109C40001AB100F48032002AF5D04FF0E0221269F8
:109C500022F001024FF0E0231A6100229A6170475E
:109C60000146204A12884A434FF0E0235A610022FD
:109C70009A611A46126942F001021A6100BF4FF060
:109C8000E022106900F001021AB100F48032002ACB
:109C9000F5D04FF0E022126922F001024FF0E023EC
:109CA0001A6100229A61704770B504464FF407703C
:109CB00094FBF0F0C6B24FF4077094FBF0F100FB98
:109CC000114085B205E04FF40770FFF7C9FF701E21
:109CD000C6B2002EF7D115B12846FFF7C1FF70BDFF
:109CE000660000206800002000BF704700BF4C4A9B
:109CF000128802F04002002AF9D0C2B2484B9A8082
:109D0000704710B588B004460121084600F028FFCE
:109D10000121102000F07EFF07220921414800F0B8
:109D200028FA07220A213F4800F023FA4FF4C060C6
:109D3000069002208DF81C008DF81D0000208DF883
:109D40001E0001208DF81F0006A9364800F086F994
:109D500002940020ADF80C00ADF80E00ADF8100034
:109D6000ADF814000C20ADF8120002A92C4801F047
:109D7000B2F801212A4801F036F9012240F22551BA
:109D8000274801F0E6F925208DF8040003208DF81E
:109D900005008DF8060001208DF8070001A800F0ED
:109DA0006CF808B010BD10B540F225511C4801F008
:109DB0000BFA10B31A4801F045F9C4B21A480088EA
:109DC00000F40040C8B91848008800F4804060B131
:109DD0000A2C03D000201449088020E01248008893
:109DE00040F400401049088019E00D2C06D10E48BF
:109DF000008840F480400C49088010E00A48008840
:109E0000C0F30D0009490C5407480088401C06495E
:109E1000088008460088C72801DD0020088010BDA2
:109E2000001001400000024070000020C816002011
:109E30000948804709480047FEE7FEE7FEE7FEE7DE
:109E4000FEE7FEE7FEE7FEE7FEE7FEE7044805491A
:109E5000054A064B70470000850900088901000883
:109E600050C1012050C7012050C3012050C3012020
:109E700032490143324A1160704770B50021002316
:109E80000F22C4781CB32E4C246804F4E064C4F59B
:109E9000E064C4F30721C1F10404E3B20A41447849
:109EA0009C40E1B28478144021430C07210E254CDC
:109EB00005786155047804F01F050124AC4005784D
:109EC0006D11AD0005F1E025C5F8004109E0047809
:109ED00004F01F050124AC401B4D0678761145F8AF
:109EE000264070BD194A0A400243154B1B1F1A60D9
:109EF000704739B1124A121D12680243104B1B1DE4
:109F00001A6006E00E4A121D126882430C4B1B1D9C
:109F10001A607047042808D14FF0E021096941F028
:109F200004014FF0E022116107E04FF0E0210969E0
:109F300021F004014FF0E022116170470000FA05A2
:109F40000CED00E000E400E080E100E080FFFF1F96
:109F500010B504469848844208D10121084600F013
:109F60006AFE0021012000F066FE76E093488442FC
:109F700008D10121022000F05EFE0021022000F045
:109F80005AFE6AE08E48844208D10121042000F084
:109F900052FE0021042000F04EFE5EE0894884421B
:109FA00008D10121082000F046FE0021082000F021
:109FB00042FE52E08448844208D10121102000F082
:109FC0003AFE0021102000F036FE46E07F48844231
:109FD00008D10121202000F02EFE0021202000F0D9
:109FE0002AFE3AE07A48844208D10121402000F05C
:109FF00022FE0021402000F01EFE2EE07548844223
:10A0000008D10121802000F016FE0021802000F000
:10A0100012FE22E07048844208D10121801500F030
:10A020000AFE0021A01500F006FE16E06B488442EF
:10A0300008D10121401500F0FEFD0021601500F05F
:10A04000FAFD0AE06648844207D10121001500F0BC
:10A05000F2FD0021201500F0EEFD10BDF0B50A461E
:10A0600000210023002400BF3DE0012505FA01F393
:10A07000156805EA03049C4234D105684F000326A5
:10A08000BE40B543056015794E00B54006683543BE
:10A0900005601579012D02D01579022D16D185683C
:10A0A0004F000326BE40B543856055794E00B5404C
:10A0B000866835438560456801268E40B543456016
:10A0C000456896798E40B6B235434560C5684F0005
:10A0D0000326BE40B543C560D5794E00B540C6687D
:10A0E0003543C560491C1029BFD3F0BD4FF6FF7141
:10A0F00001600021017141718171C171704708B522
:10A100004FF480320092009A0A430092009AC26192
:10A11000C161009AC261C2690092C269009208BD21
:10A120000246002013690B400BB1012000E0002023
:10A1300070470146086980B27047024600205369A3
:10A140000B400BB1012000E0002070470146486938
:10A1500080B2704701837047418370470AB1018321
:10A1600000E0418370474161704742694A40426163
:10A170007047F0B5002300244D07ED0E02FA05F3F9
:10A18000CE1000F1200555F826504E07F70E0F2689
:10A19000BE40B543CF1000F1200646F82750CE1040
:10A1A00000F1200555F8265045EA0304CE1000F1D1
:10A1B000200545F82640F0BD0000024000040240A2
:10A1C00000080240000C024000100240001402404F
:10A1D00000180240001C02400020024000240240FF
:10A1E0000028024030B943F2DB028100A1F1C041F6
:10A1F0000A6005E043F2D2028100A1F1C0410A6089
:10A200006FF07042411C8900A1F1C0410A608100D9
:10A21000A1F1C041C1F804217047D0E901121143F6
:10A22000C2681143026911434269114382691143B3
:10A23000C2691143026A1143426A1143826A11439F
:10A24000C26A1143026B114302689200A2F1C0423C
:10A250001160816808290BD101688900A1F1C04112
:10A26000096841F0400201688900A1F1C0410A601B
:10A27000416B0968426B526841EA0211426B926875
:10A2800041EA0221426B928941EA0241426B128A01
:10A2900041EA0251426B127D41EA0261426B9269CE
:10A2A00011430268521C9200A2F1C0421160C16ABF
:10A2B000B1F5804F1BD1816B0968826B526841EA0E
:10A2C0000211826B926841EA0221826B128A41EA92
:10A2D0000251826B127D41EA0261826B92691143E5
:10A2E00002689200A2F1C042C2F8041107E06FF0C8
:10A2F000704201688900A1F1C041C1F80421704792
:10A30000002101600221416000218160C160016182
:10A3100041618161C16101624FF480514162490034
:10A3200081620021C1620163F84941638163704722
:10A3300051B18200A2F1C042126842F001038200D2
:10A34000A2F1C042136009E08200A2F1C04212688B
:10A35000EF4B1A408300A3F1C0431A6070471028E6
:10A360000AD118214FF020421166402151664FF06A
:10A37000FC319166D16610E01821E64A1160402157
:10A380004FF02042C2F884104FF0FC31E14A08320D
:10A3900011604FF02042C2F88C10704730B5002198
:10A3A00000220023446844F0080485682C43C568F3
:10A3B0002C4305692C43456944EA4524856944EAF0
:10A3C0004531C4692468C5696D6844EA0524C569D6
:10A3D0002D8944EA0544C5692D7B44EA0562046A77
:10A3E0002468056A6D6844EA0524056A2D8944EAF3
:10A3F0000544056A2D7B44EA05630468102C05D1E9
:10A400004FF020442166A266E36608E0C14C21605B
:10A410004FF02044C4F88820BE4C0C34236030BD7B
:10A4200010210160002141608160C16001614161D2
:10A430008161FC21C2691160C2695160C269916089
:10A44000C269D160026A1160026A5160026A916059
:10A45000026AD160704799B1102808D14FF02042AC
:10A46000126E42F004024FF020431A661DE0A94A22
:10A47000126842F004024FF02043C3F8802014E039
:10A48000102809D14FF02042126EA14BDB1E1A405A
:10A490004FF020431A6608E09E4A12689C4BDB1E70
:10A4A0001A404FF02043C3F88020704799B110281C
:10A4B00008D14FF02042126E42F040024FF020438C
:10A4C0001A661DE0934A126842F040024FF02043A2
:10A4D000C3F8802014E0102809D14FF02042126EFA
:10A4E0008B4B3F3B1A404FF020431A6608E0894AE5
:10A4F0001268874B3F3B1A404FF02043C3F880203F
:10A50000704701460020102903D14FF02042506FC0
:10A5100002E0804A14321068704718207D492031CB
:10A52000086000200906C1F8A4004FF0FC3079490A
:10A5300028310860091D0860091D0860704701681E
:10A5400041F01001426841EA4221826841EA423109
:10A55000704A20321160C1680968C268526841EAD5
:10A560000221C268128941EA0241C268127B41EAB3
:10A570000261684A283211600169096802695268FB
:10A5800041EA02210269128941EA02410269127B11
:10A5900041EA02615F4A2C321160416909684269EF
:10A5A000526841EA02214269128941EA0241426944
:10A5B000127B41EA02614FF02042C2F8B0107047AE
:10A5C0000021016041608160FC21C2681160C268A5
:10A5D0005160C2689160C268D1600269116002690D
:10A5E0005160026991600269D160426911604269FB
:10A5F0005160426991604269D160704748B14549F4
:10A600002031096841F004014FF02042C2F8A01047
:10A6100009E04049203109683D4AD21E11404FF0FF
:10A620002042C2F8A010704710B5F2B1102807D12F
:10A630004FF020435B6E0B434FF02044636632E0E3
:10A64000B0F5807F08D1334B1B1D1B680B434FF0C7
:10A650002044C4F8843026E02E4B24331B680B437F
:10A660004FF02044C4F8A4301DE0102807D14FF06B
:10A6700020435B6E8B434FF02044636613E0B0F5DC
:10A68000807F08D1234B1B1D1B688B434FF0204458
:10A69000C4F8843007E01F4B24331B688B434FF012
:10A6A0002044C4F8A43010BD10B502460020002399
:10A6B000102A03D14FF02044636E09E0B2F5807F89
:10A6C00003D1144C241D236802E0124C2434236867
:10A6D00003EA01040CB1012000E0002010BD1028A5
:10A6E00007D14FF02042526E8A434FF020435A6602
:10A6F00019E0B0F5807F0FD1064A121D12688A4317
:10A700004FF02043C3F884200DE000002C490108DD
:10A71000FEFF0F00800000A0234A12688A434FF01A
:10A720002043C3F8A420704770B5024600200023E0
:10A7300000240025102A03D14FF02046736E08E054
:10A74000B2F5807F03D1184E203E336801E0164EEB
:10A75000336803EA010403EAD10514B10DB1012005
:10A7600000E0002070BD102808D14FF02042526E4A
:10A7700022EAD1024FF020435A6614E0B0F5807F00
:10A7800009D1094A203A126822EAD1024FF0204347
:10A79000C3F8842007E0044A126822EAD1024FF08D
:10A7A0002043C3F8A4207047A40000A0F948006823
:10A7B00040F00100F74908600020F64908310860C0
:10A7C000F4480068F4490840F2490860F348091D5C
:10A7D0000860F348EF4984310860F0481038091DDB
:10A7E0000860EC48006820F48020EA4908600020F6
:10A7F000E8490C310860E7498C3108607047002156
:10A80000E44A921C117011460870704710B5014659
:10A810000022002300204A11012A02D1DD4C2368C6
:10A8200008E0022A03D1DB4C7034236802E0D94CE3
:10A830007434236801F01F02012494401C400CB1C1
:10A84000012000E0002010BD38B500200090002459
:10A85000002500BF3120FFF7D9FF05460098401CB6
:10A8600000900098B0F5A04F01D0002DF2D031201B
:10A87000FFF7CCFF08B1012400E00024204638BDDA
:10A8800001460020C34A106820F0F80040EAC100E9
:10A8900010607047C349086070470021BD4A70329C
:10A8A00011701170012802D004280AD104E001219E
:10A8B000B84A7032117005E00521B64A7032117045
:10A8C00000E000BF00BF7047B7490860704770B52F
:10A8D000049C41EA82150126C6EB530645EA06456B
:10A8E000054345EA0465AB4E361D356070BDAD4984
:10A8F00008667047820142EA0172A64B84331A60EF
:10A900007047A8498866704710B5830143EA016320
:10A9100043EA02739F4C8834236010BDA149086745
:10A920007047A049C864704702460020994B08331D
:10A93000186820F0EC6042EA01031843954B083395
:10A940001860704702460020924B0833186820F0C8
:10A95000784042EA010318438E4B08331860704771
:10A96000014600208B4A0832106820F0030008439B
:10A970001060704787480830006800F00C0070478E
:10A9800001460020834A0832106820F0F000084396
:10A9900010607047014600207E4A0832106820F49B
:10A9A000E05008431060704701460020794A0832A1
:10A9B000106820F4604040EAC10010607047F0B5B4
:10A9C000002100220024022500260223714F0837AF
:10A9D0003F6807F00C0121B1042905D0082937D1BF
:10A9E00005E0724F076036E0714F076033E0694F52
:10A9F0003F1D3F68C7F38056664F3F1D3F6807F015
:10AA00003F036EB16A4FB7FBF3F7DFF888C10CF173
:10AA1000040CDCF800C0CCF3881C07FB0CF40CE041
:10AA2000624FB7FBF3F7DFF86CC10CF1040CDCF8F4
:10AA300000C0CCF3881C07FB0CF4564F3F1D3F6849
:10AA4000C7F301477F1C7D00B4FBF5F7076002E008
:10AA5000564F076000BF00BF4E4F08373F6807F0F2
:10AA6000F0010909534F7A5C0768D7404760494FA6
:10AA700008373F6807F4E051890A4E4F7A5C47680F
:10AA8000D7408760434F08373F6807F46041490B60
:10AA9000484F7A5C4768D740C760F0BD002100F49A
:10AAA0004072B2F5407F0AD13A4A0832116821F467
:10AAB000F811414A02401143364A08321160354AC2
:10AAC00070321268C0F30B031A43324B70331A60B2
:10AAD0007047354944390860704733494039086048
:10AAE000704736490860704701460020294A8C3279
:10AAF000106820F01F004A1E1043264A8C32106056
:10AB0000704701460020234A8C32106820F4F85028
:10AB10004A1E40EA02201F4A8C32106070470146EC
:10AB200000201C4A8C32106820F44010084310604A
:10AB3000704701460020174A8C32106820F440000C
:10AB400008431060704701460020124A8C3210689A
:10AB500020F440300843106070471949086070477E
:10AB600039B10C4A3032126802430A4B30331A6052
:10AB700006E0084A303212688243064B30331A60CE
:10AB80007047F9B1034A343212680243014B34333F
:10AB90001A601CE000380240FFFFF6EA1030002483
:10ABA0000030002000004742800E47420024F4009D
:10ABB00000127A0072000020FFFCFF0F5C01474288
:10ABC000E01147428F4A126882438E4B1A607047E9
:10ABD00039B18C4A121D126802438A4B1B1D1A6040
:10ABE00006E0884A121D12688243864B1B1D1A60BC
:10ABF000704739B1834A0C3212680243814B0C33DF
:10AC00001A6006E07F4A0C32126882437D4B0C3397
:10AC10001A60704739B17B4A103212680243794B8F
:10AC200010331A6006E0774A103212688243754B7F
:10AC300010331A60704739B1724A243A12680243DD
:10AC4000704B243B1A6006E06E4A243A1268824335
:10AC50006C4B243B1A60704739B16A4A203A12683B
:10AC60000243684B203B1A6006E0664A203A1268AD
:10AC70008243644B203B1A60704739B1614A1C3AE9
:10AC8000126802435F4B1C3B1A6006E05D4A1C3AA7
:10AC9000126882435B4B1C3B1A60704739B1594ABA
:10ACA000143A12680243574B143B1A6006E0554AA7
:10ACB000143A12688243534B143B1A60704739B1FF
:10ACC000504A103A126802434E4B103B1A6006E09D
:10ACD0004C4A103A126882434A4B103B1A60704744
:10ACE00039B1484A1C3212680243464B1C331A6081
:10ACF00006E0444A1C3212688243424B1C331A60FD
:10AD0000704739B13F4A2032126802433D4B20332D
:10AD10001A6006E03B4A203212688243394B2033E6
:10AD20001A60704739B1374A243212680243354BF2
:10AD300024331A6006E0334A243212688243314BCE
:10AD400024331A60704739B12E4A2C3212680243FC
:10AD50002C4B2C331A6006E02A4A2C3212688243AC
:10AD6000284B2C331A60704739B1264A30321268AA
:10AD70000243244B30331A6006E0224A3032126814
:10AD80008243204B30331A607047012808D11D4997
:10AD90003C31096841F008011A4A3C32116007E071
:10ADA00018493C31096821F00801164A3C3211600B
:10ADB000704739B1134A273A12780243114B273BA7
:10ADC0001A7006E00F4A273A127882430D4B273B50
:10ADD0001A7070470B484030006840F08070094995
:10ADE00040310860704701460020064A283A126840
:10ADF0000A400AB1012000E00020704701492639CD
:10AE0000087070473438024010B50446FA4884424E
:10AE100008D101211020FFF752FF00211020FFF779
:10AE20004EFF57E0F548844209D101214804FFF75D
:10AE300035FF00214FF40030FFF730FF4AE0F048C3
:10AE4000844209D101218804FFF728FF00214FF433
:10AE50008020FFF723FF3DE0EA48844209D1012129
:10AE6000C804FFF71BFF00214FF40020FFF716FF77
:10AE700030E0E548844209D101210805FFF70EFFC3
:10AE800000214FF48010FFF709FF23E0DF488442E0
:10AE900008D101212020FFF712FF00212020FFF719
:10AEA0000EFF17E0DA48844209D101218807FFF735
:10AEB000F5FE00214FF08040FFF7F0FE0AE0D54894
:10AEC000844207D101214005FFF7E8FE002160051B
:10AED000FFF7E4FE10BD2DE9FF4705460E460024AE
:10AEE000A14600BFA046B08900B100BF2C8A24F45F
:10AEF0004054F08804432C82AC8941F20C608443B6
:10AF0000B08831890843718908430443AC81AC8A15
:10AF100024F44074B0890443AC826846FFF74FFDC7
:10AF2000B548854202D0B948854202D1DDF80C907F
:10AF300001E0DDF80890A88900F4004040B109EB79
:10AF4000C90000EB091031684900B0FBF1F707E0D8
:10AF500009EBC90000EB091031688900B0FBF1F77B
:10AF60006420B7FBF0F004012009642101FB107894
:10AF7000A88900F4004040B1322000EBC800B0FBCB
:10AF8000F1F000F00700044308E0322000EB081065
:10AF90006421B0FBF1F000F00F0004432C81BDE808
:10AFA000FF874FF41651016000218180C18001812B
:10AFB0000C21418100218181704710B5024600209B
:10AFC000108A20F470600B884C8823438C882343BC
:10AFD000CC8823431843108210BD0021018041809A
:10AFE0008180C180704721B1828942F40052828100
:10AFF00004E082894DF6FF731A4082817047028B0C
:10B0000002F47F420283028B0A430283704721B11C
:10B01000828942F40042828103E08289C2F30E02F7
:10B020008281704721B1828A42F40062828204E008
:10B03000828A4FF2FF731A4082827047C1F308027E
:10B040008280704701468888C0F308007047028AF2
:10B050004FF6F0731A400282028A0A430282704756
:10B0600021B1828942F00202828104E082894FF696
:10B07000FD731A408281704782894FF2FF731A4034
:10B08000828182890A4382817047028A4FF6DF7388
:10B090001A400282028A0A430282704721B1028A60
:10B0A00042F48042028204E0028A4BF6FF731A40A7
:10B0B00002827047818941F001018181704721B18D
:10B0C000828A42F00802828204E0828A4FF6F77395
:10B0D0001A4082827047028BD2B20283028B42EA0C
:10B0E00001220283704721B1828A42F020028282CB
:10B0F00004E0828A4FF6DF731A408282704721B1E2
:10B10000828A42F01002828204E0828A4FF6EF7354
:10B110001A4082827047828A4FF6FB731A408282FD
:10B12000828A0A438282704721B1828A42F00202F7
:10B13000828204E0828A4FF6FD731A408282704751
:10B140001AB1838A0B43838202E0838A8B43838212
:10B150007047F0B50346002400260025002040F685
:10B160006A17B94200D100BF1846C1F3421401F07A
:10B170001F06012707FA06F5012C01D10C3004E067
:10B18000022C01D1103000E014301AB107682F43AF
:10B19000076002E00768AF430760F0BD0246002089
:10B1A000B1F5007F00D100BF13880B400BB1012027
:10B1B00000E00020704701F40072B2F5007F00D17A
:10B1C00000BFCA430280704770B5024600240023C6
:10B1D0000025002040F66A16B14200D100BFC1F33D
:10B1E000421501F01F03012606FA03F3012D13D1C6
:10B1F0009689334017E000000010014000440040F1
:10B2000000480040004C0040005000400014014045
:10B2100000780040007C0040022D02D1168A3340A5
:10B2200001E0968A33400C12012606FA04F41688CF
:10B23000344013B10CB1012000E0002070BD10B506
:10B240000022002340F66A14A14200D100BF0A1276
:10B2500001249440A3B2DC43048010BD10B5012149
:10B26000C802FFF72CFD00214FF40060FFF727FD17
:10B2700010BD00216C4A116847F6FF629143027DC0
:10B2800083681A4343681A43C3681A4303681A431E
:10B2900003691A431143644A116070470021017524
:10B2A000016041608160C160016170475F49086071
:10B2B00070475D49091F086070475B48001F0068C0
:10B2C00000F0030070470021574B1B1D02681A60F5
:10B2D0001A1D11686FF30A01D0E901231A43C368EC
:10B2E0001A4303691A4311434F4A083211607047E9
:10B2F0000021016041608160C160016170474A487E
:10B300000C300068C0B2704708B5014600200090BC
:10B3100045481030084400900098006808BD00219E
:10B32000414B203302681A601B1D42681A601A1DC7
:10B33000116821F0F701D0E902231A4303691A4387
:10B3400043691A431143384A2832116070474FF05D
:10B35000FF310160002141608160C1600161416194
:10B36000704731482C30006870472F487C300068A7
:10B3700070472D497C31086070472B484430006885
:10B3800070472B49086070472949091D08607047BC
:10B39000274908310860704725490C31086070471B
:10B3A0002449086070472349091D0860704701213E
:10B3B0008143204A0832116070471E490C310860F1
:10B3C00070471B4914390860704739B1164A383242
:10B3D00012680243144B38331A6006E0124A3832BE
:10B3E00012688243104B38331A60704701460020C0
:10B3F0000D4A303212680A400AB1012000E00020F4
:10B400007047094934310860704701460020064AF8
:10B41000303212680A400AB1012000E00020704773
:10B420000149343108607047042C0140A080254256
:10B43000A0852542AC812542016821F0010101600F
:10B440000021016041608160C16001612121416191
:10B45000DB49884204D13D21D94A103A91608CE001
:10B46000D7491831884205D14FF47461D44A103A53
:10B47000916082E0D2493031884205D14FF4741195
:10B48000CF4A103A916078E0CD494831884205D1E1
:10B490004FF07461CA4A103A91606EE0C849603159
:10B4A000884204D1C749C64A103AD16065E0C44910
:10B4B0007831884204D1C449C14A103AD1605CE075
:10B4C000BF499031884204D1C049BD4A103AD16089
:10B4D00053E0BB49A831884205D14FF03D51B84AED
:10B4E000103AD16049E0BA49884204D13D21B84AB6
:10B4F000083A116041E0B6491831884205D14FF44D
:10B500007461B34A083A116037E0B149303188427A
:10B5100005D14FF47411AE4A083A11602DE0AC49E0
:10B520004831884205D14FF07461A94A083A116048
:10B5300023E0A7496031884204D1A249A44A121FDE
:10B5400011601AE0A2497831884204D19E49A04A8C
:10B55000121F116011E09E499031884204D19B492D
:10B560009B4A121F116008E09949A831884204D112
:10B570004FF03D51964A121F1160704710B50022DE
:10B580000268944B1A40CC680B6823434C692343F0
:10B590008C692343CC6923430C6A23434C6A2343BD
:10B5A0008C6A23434C6B23438C6B23431A43026006
:10B5B000426922F00702D1E90B3423431A43426166
:10B5C0000B6943604B6883608B68C36010BD0021CA
:10B5D000016041608160C160016141618161C1615F
:10B5E000016241628162C1620163416381637047AC
:10B5F00021B1026842F00102026003E0026822F019
:10B6000001020260704721B1026842F40042026008
:10B6100003E0026822F400420260704721B1026830
:10B6200042F02002026003E0026822F02002026081
:10B630007047416070470146486880B2704722B148
:10B64000036843F40023036003E0036823F400234A
:10B6500003600161704721B1026842F480220260F8
:10B6600003E0026822F48022026070470AB101619F
:10B6700000E0C1607047014600200A6802F4002221
:10B680000AB1012000E000207047014600200A684E
:10B6900002F001020AB1012000E0002070470146DB
:10B6A00000204A6902F03800704730B503460A4668
:10B6B00000200024464DAB4202D24149103901E03E
:10B6C0004349103902F000550DB14C6800E00C6898
:10B6D000414D2C4004EA02050DB1012000E000209C
:10B6E00030BD02463A4B9A4202D23548103801E04A
:10B6F0003748103801F000531BB1374B0B40C36083
:10B7000002E0354B0B408360704710B501F08003B9
:10B710004BB122B1436943F08003436103E04369C5
:10B7200023F08003436180290BD02AB1036801F024
:10B730001E042343036004E0036801F01E04A343D6
:10B74000036010BD70B50246002000240025204E85
:10B75000B24202D21A4B103B01E01D4B103B1F4E70
:10B760000E4036B11E2606EAD124166806EA040504
:10B7700002E0566906F0800501F000560EB15C68E3
:10B7800000E01C68144E344004EA010616B10DB105
:10B79000012000E0002070BD02460D4B9A4202D20B
:10B7A0000748103801E00A48103801F000531BB177
:10B7B000094B0B40C36002E0074B0B4083607047AE
:10B7C000106002403D000020400F002000003D209E
:10B7D000106402403F801CF07D0F7D0F3C0F3C0F3A
:10B7E00010B50446FB48844208D101218014FFF7BC
:10B7F00066FA0021A014FFF762FA3CE0F6488442A2
:10B8000008D101210014FFF749FA00212014FFF7A5
:10B8100045FA30E0F148844208D10121C013FFF716
:10B820003DFA0021E013FFF739FA24E0EC488442A6
:10B8300008D101214014FFF742FA00216014FFF7FC
:10B840003EFA18E0E748844209D101210805FFF7D4
:10B8500036FA00214FF48010FFF731FA0BE0E2488E
:10B86000844208D101214805FFF729FA00214FF44D
:10B870000010FFF724FA10BD10B50022028802F470
:10B8800041520B884C8823438C882343CC88234324
:10B890000C8923434C8923438C892343CC8923433C
:10B8A0001A430280838B4FF2FF74234083830B8AF9
:10B8B000038210BD2DE9F04F0025022300244FF034
:10B8C000010900220026002794469046B0F81CA0EB
:10B8D0004FF2400B0AEA0B0AA0F81CA04FF0020A34
:10B8E000A0F820A0858BD1F808A0BAF1020F01D1F1
:10B8F00000BF82E0B1F804A0BAF1000F02D14FF00E
:10B90000010901E04FF00209DFF8E0A2DAF800A037
:10B910000AF4000ABAF1000F09D0DFF8D0A2DAF871
:10B9200000A02AF4000ADFF8C4B2CBF800A0DFF8C8
:10B93000BCA20AF17C0ADAF800A0CAF3881CDFF87E
:10B94000ACA20AF17C0ADAF800A0CAF30278DFF8A8
:10B950009CA2AAF1040ADAF800A00AF03F07DFF877
:10B960008CA2AAF1040ADAF800A00AF4800ABAF557
:10B97000800F08D1DFF878A2BAFBF7FA0AFB0CFABD
:10B98000BAFBF8F607E0DFF86CA2BAFBF7FA0AFB9D
:10B990000CFABAFBF8F6B1F806A0BAF5007F0ED1A2
:10B9A0004FEA162A0AEB8A0A4FEA4A0AD1F808B087
:10B9B000BAFBFBFA0AF1050A1FFA8AF20FE04FEA16
:10B9C000491AB6FBFAFA0AEB8A0A4FEA4A0AD1F890
:10B9D00008B0BAFBFBFA0AF1050A1FFA8AF24FF027
:10B9E0000A0AB2FBFAF202F00104A2EB040ACAF35B
:10B9F0004F034FF6FF7A0AEA0424022B01DBFF2BE8
:10BA000001DD02230024B1F806A04AEA040A4AEA4A
:10BA1000030AA0F820A0B1F804A0B1F80CB04AEADB
:10BA20000B0AB1F802B04AEA0B0AB1F800B04AEAD0
:10BA30000B0A4AF4006A4AEA05058583BDE8F08FDF
:10BA40000021018041808180C1800181418181810B
:10BA5000C1810721018270470021018041808180DE
:10BA6000C1800221816000218181704721B102885B
:10BA700042F04002028004E002884FF6BF731A4091
:10BA80000280704721B1828B42F48062828304E09D
:10BA9000828B4FF6FF331A408283704702884FF241
:10BAA000FF731A40028002880A4302807047B1F592
:10BAB000804F04D1028842F48042028004E0028870
:10BAC0004BF6FF731A40028070474FF6FF629142B7
:10BAD00004D0028842F48072028004E002884FF6AB
:10BAE000FF631A400280704721B1828842F004024D
:10BAF000828004E082884FF6FB731A408280704790
:10BB000021B1828842F01002828004E082884FF6E0
:10BB1000EF731A408280704730B500220023848B77
:10BB20004FF240052C40848302240484828B0C88CD
:10BB3000B4F5007F01D00C8814B94FF4807308E08D
:10BB40000C88B4F5407F03D00C88B4F5807F00D119
:10BB500000238C888D892C434D882C431C4344F44E
:10BB600000642243828330BD014688897047818109
:10BB7000704721B1028842F40052028004E002883A
:10BB80004DF6FF731A4002807047018841F48051DE
:10BB90000180704702460020012901D0108B00E08F
:10BBA000908A70470146088A70471AB183880B4310
:10BBB000838002E083888B438380704730B5002404
:10BBC00000230C110125A540ABB2AAB185881D4305
:10BBD000858014E00030014000380040003C004007
:10BBE0000034014000500140005401400838024038
:10BBF00000127A000024F40085889D43858030BDC2
:10BC00000246002013890B400BB1012000E0002008
:10BC10007047CA4302817047F0B5024600200024F5
:10BC20000023002501F00F070126BE40B4B20B111E
:10BC300001269E40B3B2968806EA0305168926407F
:10BC400016B10DB1012000E00020F0BD10B50022BA
:10BC500001F00F040123A3409AB2D343038110BD26
:10BC600070B503460C4603E014F8015B03F8015B72
:10BC7000151EA2F10102F7D170BD30B5034601E0F7
:10BC800003F8011B141EA2F10102F9D130BD10B559
:10BC900004467A4951F824104A00794951F82400A1
:10BCA0000021FFF7EAFF774951F8242074490C3945
:10BCB00051F824000021FFF7E0FF012170480C300B
:10BCC000015510BD10B501460023002207E06C4865
:10BCD00050F8210030F8120000B15B1C521C67487C
:10BCE00050F821009042F2D864205843634C54F835
:10BCF0002140B0FBF4F0C0B210BD2DE9F04704467E
:10BD00000F460025A9465E480C30005D20B95C480E
:10BD100014380168204688471FB94FF0FF30BDE84E
:10BD2000F087594850F82400B7FBF0F6564850F811
:10BD30002400B7FBF0F100FB117000B1761C4F48F6
:10BD400050F82400451E20E04D4850F8240030F8FB
:10BD5000150010B909F1010901E04FF00009B145E2
:10BD600012D14FF0000808E0454850F8240005EBD8
:10BD7000080220F8126008F10108B045F4D34248E7
:10BD800050F824006843CAE76D1E002DDCDA4FF03E
:10BD9000FF30C4E72DE9F04104460E4638480C3028
:10BDA000005D38B9364814380168204688470120BC
:10BDB000BDE8F081334850F82400B04217D932482A
:10BDC00050F82400B6FBF0F12D4850F8240030F86C
:10BDD0001120002507E00023294850F824004F19BE
:10BDE00020F817306D1C9542F5DB0020E0E70220BB
:10BDF000DEE770B505460C4604B970BD20480C3826
:10BE000050F82500261A31462846FFF7C3FF00BF29
:10BE1000F3E770B504460E4631462046FFF76DFF46
:10BE20000546681C08B9002070BD15480C3850F84C
:10BE300024002844F8E72DE9F04104460F46164651
:10BE400031462046FFF759FF0546681C10B900200F
:10BE5000BDE8F0810A490C3951F8241048193246DE
:10BE60003946FFF7FDFE39462046FFF7C2FF04487A
:10BE70000C3850F824002844EAE70000484901083B
:10BE800098000020604901085449010870B5044633
:10BE9000002514B1012C0BD103E0FAF7CDFE0546C5
:10BEA00008E0F9F783FF4FF4A0406A49088001E0F9
:10BEB000012500BF00BF0DB1012070BD0020FCE7CF
:10BEC0000146002070472DE9F04107460E46154611
:10BED0001C464FF0000814B90420BDE8F08117B1EA
:10BEE000012F16D106E0E2B229463046FBF706FFE5
:10BEF000804611E009E069024FF400723046F9F71C
:10BF0000C2FF6D1C06F50076641E002CF3D1A0461E
:10BF100002E04FF0010800BF00BFB8F1000F01D1EF
:10BF20000020DAE70120D8E72DE9F04107460E4668
:10BF300015461C464FF0000814B90420BDE8F081F6
:10BF400017B1012F16D106E0E2B229463046FBF7C1
:10BF500033FF804611E009E069024FF40072304679
:10BF6000FAF72DF86D1C06F50076641E002CF3D14F
:10BF7000A04602E04FF0010800BF00BFB8F1000F7B
:10BF800001D10020DAE70120D8E72DE9F047064685
:10BF90008946154646BBB9F1000F09D0B9F1010F2A
:10BFA00013D0B9F1020F05D0B9F1030F19D106E092
:10BFB000002418E04FF400702860002413E02648A5
:10BFC000B0F85000288000240DE023484FF40072A0
:10BFD0000023D0E91271384605F045FC28600024A2
:10BFE00001E0042400BF22E0012E1FD1B9F1000FAF
:10BFF00009D0B9F1010F11D0B9F1020F05D0B9F193
:10C00000030F10D106E000240FE04FF400702880E9
:10C0100000240AE008202880002406E00D4800885B
:10C020002860002401E0042400BF00E00124204631
:10C03000BDE8F0870020704710B504462146002077
:10C04000FFF7E7FE10BD10B5044621460020FFF7BC
:10C05000D0FE10BDA80000207014002070B503466B
:10C060000C4603E014F8015B03F8015B151EA2F116
:10C070000102F7D170BD30B5034601E003F8011BA2
:10C08000141EA2F10102F9D130BDF0B503461C46E1
:10C090000D46002000BF161EA2F1010207D014F8C1
:10C0A000017B15F801CBA7EB0C06301EF3D0F0BDD9
:10C0B000024600E0521C107810B110788842F9D185
:10C0C0001078704770B504462079F8B1E56A607859
:10C0D00001232A4604F13001FFF726FF08B10120B1
:10C0E00070BD00202071206A281AA16988420DD2F3
:10C0F000E67809E0A0690544607801232A4604F146
:10C100003001FFF711FF761E022EF3D20020E7E781
:10C1100070B504460D46E06AA84210D02046FFF7ED
:10C12000D1FF08B1012070BD607801232A4604F1D7
:10C130003001FFF7C8FE08B10120F4E7E5620020F6
:10C14000F1E770B504462046FFF7BCFF0546002D19
:10C1500059D1207803284FD1607901284CD142026F
:10C16000002104F13000FFF786FF552184F82E12DC
:10C17000AA2184F82F12522084F830005221312055
:10C180000155612132200155412133200155722191
:10C1900084F8141284F81512412184F816126121D2
:10C1A00084F81712217C84F81812208A010A84F876
:10C1B00019122069010C84F81A122069010E84F802
:10C1C0001B12217B84F81C12A089010A84F81D121D
:10C1D000E068010C84F81E12E068010E84F81F125A
:10C1E000E069401CE0626078012304F13001E26AFA
:10C1F000FFF79AFE00206071607800221146FFF779
:10C20000C4FE00B10125284670BD0246891E506952
:10C21000801E884201D8002070479378906A01FB05
:10C220000300F9E72DE9F04105460C46022C02D344
:10C230006869A04202D80120BDE8F0812878012871
:10C2400004D002282CD003285AD13DE0274607EB22
:10C250005707286A00EB57212846FFF759FF00B11E
:10C2600050E0C7F3080105F1300010F801807F1C91
:10C27000286A00EB57212846FFF74AFF00B141E04A
:10C28000C7F3080105F13000405C48EA002804F0DB
:10C29000010010B14FEA1810CEE7C8F30B00CBE74E
:10C2A000286A00EB14212846FFF732FF00B129E08D
:10C2B00040F2FF1000EA440105F130000E1830781A
:10C2C000717840EA0120B7E7286A00EBD4112846CC
:10C2D000FFF71EFF00B115E040F2FF1000EA8401F5
:10C2E00005F130000E18F0780006B17840EA014000
:10C2F000717840EA01203178084320F070409BE7D4
:10C30000012099E700BF4FF0FF3095E72DE9F04796
:10C3100005460E461746022E02D36869B04202D87F
:10C320004FF002088AE02878012804D0022841D082
:10C3300003287DD154E0B14609EB5909286A00EB86
:10C3400059212846FFF7E4FE8046B8F1000F00D0DF
:10C3500071E0C9F3080105F130000C1806F0010086
:10C3600020B1F9B2207861F31F1000E03846207048
:10C3700009F1010901202871286A00EB592128469A
:10C38000FFF7C6FE8046B8F1000F00D053E0C9F3B6
:10C39000080105F130000C1806F0010010B1C7F3D8
:10C3A000071005E0207800F0F000C7F303210843F0
:10C3B000207040E0286A00EB16212846FFF7A8FE0F
:10C3C0008046B8F1000F00D035E040F2FF1000EADF
:10C3D000460105F130000C182770380A60702AE019
:10C3E000286A00EBD6112846FFF792FE8046B8F186
:10C3F000000F00D01FE040F2FF1000EA860105F1B7
:10C4000030000C18E0780006A17840EA014061781D
:10C4100040EA01202178084300F07040074327706C
:10C42000380A6070380CA070380EE07003E0FFE747
:10C430004FF0020800BF00BF012028714046BDE850
:10C44000F0872DE9F04104460E46022E02D36069C2
:10C45000B04201D8022727E0002721E031462046DC
:10C46000FFF7E0FE054605B91DE0012D01D10227C9
:10C4700019E0681C08B9012715E000223146204662
:10C48000FFF744FF074607B10DE02069401C30B1BB
:10C490002069401C2061607940F0010060712E46E7
:10C4A0006069B042DAD800BF3846BDE8F0812DE9B6
:10C4B000F04704468946B9F1000F06D1E76817B185
:10C4C0006069B84215D8012713E049462046FFF7B6
:10C4D000A9FE0646022E02D20120BDE8F087701C9C
:10C4E00008B93046F9E76069B04201D93046F4E74F
:10C4F0004F463D4600BF6D1C6069A84204D8022526
:10C50000BD4201D90020E8E729462046FFF78AFE10
:10C51000064606B909E0701C08B1012E01D130466B
:10C52000DBE7BD42E7D10020D7E700BF6FF07042E4
:10C5300029462046FFF7EAFE8046B8F1000F08D1F1
:10C54000B9F1000F05D02A4649462046FFF7DEFE26
:10C550008046B8F1000F0BD1E5602069401C78B12E
:10C560002069401E2061607940F00100607107E0A1
:10C57000B8F1010F02D14FF0FF3000E00120054675
:10C580002846AAE770B503460D46586A021D680A98
:10C590001E68B678B0FBF6F400BF02CA09B90020E5
:10C5A00070BD8C4200D202E0641A121DF5E700BF94
:10C5B00010682044F4E72DE9F04104460E46E68079
:10C5C000A568012D03D020684069A84202D8022046
:10C5D000BDE8F0812DB920680078032801D12068DA
:10C5E000456A45B920680089B04201D80220EFE7CA
:10C5F0002068476A1EE0206880784FEA001812E041
:10C6000029462068FFF70EFE0546681C08B9012080
:10C61000DEE7022D03D320684069A84201D802203A
:10C62000D6E7A6EB08064645EAD229462068FFF77A
:10C63000ECFD0746E5600FB90220C9E707EB1610CD
:10C6400020612068303006F00F0100EB411060617E
:10C650000020BDE72DE9F04104468846E088461CED
:10C66000B0B208B1206910B90420BDE8F08106F02D
:10C670000F0000286CD12069401C2061E06828B9B7
:10C6800020680089B04263D80420EEE720688078F3
:10C69000401E00EA161000285AD1E1682068FFF712
:10C6A000C1FD0546012D01D80220DEE7681C08B94E
:10C6B0000120DAE720684069A84243D8B8F1000FAA
:10C6C00001D10420D1E7E1682068FFF7F0FE0546BC
:10C6D0000DB90720C9E7012D01D10220C5E7681C6B
:10C6E00008B90120C1E72068FFF7ECFC08B1012080
:10C6F000BBE7216801F130004FF400720021FFF721
:10C70000BAFC29462068FFF780FD2168C86200272F
:10C710000EE00120216808712068FFF7D3FC08B102
:10C720000120A2E72068C06A401C2168C8627F1C03
:10C7300020688078B842ECD82068C06AC01B2168A5
:10C74000C86200BFE56029462068FFF75EFD2061F2
:10C75000E6802068303006F00F0100EB4110606188
:10C76000002082E72DE9F04104460E4600212046D4
:10C77000FFF721FF0546EDB9002700BF21692068BA
:10C78000FFF7C6FC054605B113E060690078E528AF
:10C7900002D06069007820B9781C0746B04201D108
:10C7A00007E0002701212046FFF754FF0546002D32
:10C7B000E4D000BF042D00D107252846BDE8F08154
:10C7C00010B502468C7ECB7E44EA03201378032BFF
:10C7D00005D10C7D4B7D44EA032340EA034010BDA4
:10C7E00081760B0AC3760A0C02750B0E43757047EF
:10C7F0002DE9F04705460C46207820F04000401E09
:10C8000000EB800101EBC00600274FF0010800BFDC
:10C81000FE48C05D205CFD49C95D2144497840EA7D
:10C820000129B8F1000F10D0484602F0ACFD804657
:10C83000FF2E07D23146761C35F8110002F0A3FD19
:10C84000404508D00020BDE8F0874FF6FF708145D5
:10C8500001D00020F7E7781C07460D28D8D32078B0
:10C8600000F0400038B1B8F1000F04D035F81600E0
:10C8700008B10020E7E70120E5E7F0B503460878B6
:10C8800000F03F00401E00EB800707EBC0020025D0
:10C89000012600BFDD48405D085CDC4F7F5D0F4432
:10C8A0007F7840EA07244EB1FF2A01D30020F0BD73
:10C8B00026461046521C23F8104005E04FF6FF7044
:10C8C000844201D00020F2E7681C05460D28E1D320
:10C8D000087800F0400030B1FF2A01D30020E6E7DD
:10C8E000002023F812000120E1E7F0B504461D46C0
:10C8F0004D730F27CF7200270F738F76BC4681F8D8
:10C900001BC0571E07EB870C0CEBC70600273846E9
:10C910003B4600BF4FF6FF77B84203D03746761C40
:10C9200034F81700DFF8E4C21CF803C001F80C006B
:10C930000712DFF8D8C21CF803C08C448CF80170D1
:10C9400008B94FF6FF705F1C3B460D2FE2D34FF640
:10C95000FF77B84202D034F816700FB942F04002A7
:10C960000A70F0BD2DE9FC4707468A4690461E46F0
:10C970000B2251463846FFF771FB052E18D9304679
:10C9800010E038F8021B00250AE00A4660F35F0257
:10C990001046491000F480320AB19D4A50406D1C87
:10C9A000102DF2D3B8F80020002AEAD1064600BFC5
:10C9B000072500BF06F00F0000F13009B9F1390F6B
:10C9C00003DD09F1070000F0FF0928466D1E0DF890
:10C9D00000903609002EEDD17E200DF805000024D0
:10C9E0000BE0385D812807DB385DFE2804DC681E1B
:10C9F000A04200D106E0641C641CAC4202D2385D47
:10CA00002028EED100BF00BF082D04D228466D1C9F
:10CA10001DF8001000E020212046641C3954082C29
:10CA2000F2D3BDE8FC8730B5014600200B2200BFE1
:10CA3000431003EBC01411F8015B6319D8B2531E05
:10CA40001A1EF5D130BD2DE9F047044600212046DD
:10CA5000FFF7B1FD074617B13846BDE8F0874FF044
:10CA6000FF09CA4600BF21692068FFF751FB07464E
:10CA700007B154E065692E780EB904274FE0E87AD3
:10CA800000F03F08E52E05D008F0080028B1B8F105
:10CA90000F0F02D04FF0FF093AE0B8F10F0F1CD191
:10CAA000E069A0B306F0400030B195F80DA026F083
:10CAB0004006B146E08820844E450AD1687B504547
:10CAC00007D12946E069FFF793FE10B1A9F10100F3
:10CAD00000E0FF2000F0FF091AE0B9F1000F05D1D6
:10CAE0002846FFF7A0FF504500D118E04FF0FF099E
:10CAF0004FF6FF702084A069C07A00F0010030B9C1
:10CB00000B222846A169FFF7C0FA00B907E0FFE74A
:10CB100000212046FFF79EFD0746002FA3D000BF4F
:10CB200038469AE72DE9F05F04468A464FF0FF0940
:10CB3000CB4604274EE021692068FFF7E9FA074653
:10CB400007B14AE0666935780DB9042745E0F07A07
:10CB500000F03F08E52D09D02E2D07D0B8F1080FC1
:10CB600001D1012000E00020504502D04FF0FF0924
:10CB700029E0B8F10F0F1AD105F0400030B196F856
:10CB80000DB025F04005A946E08820844D450AD126
:10CB9000707B584507D13146E069FFF76EFE10B152
:10CBA000A9F1010000E0FF2000F0FF090BE0B9F15E
:10CBB000000F04D13046FFF736FF584502D04FF63C
:10CBC000FF70208409E000212046FFF743FD07465F
:10CBD00007B102E020690028ADD100BF0FB10020ED
:10CBE00020613846BDE8F09F2DE9FE4F0446D4F899
:10CBF0001880D4F81C900C2241466846FFF72EFAA4
:10CC000000BF9DF80B0000F0010003E06C49010833
:10CC10002110010020B3002088F80B00E0610126FC
:10CC20000CE033464A4669464046FFF79BFE2046E5
:10CC3000FFF709FF054605B102E0761C642EF0D32C
:10CC400000BF642E02D10720BDE8FE8F042D01D065
:10CC50002846F9E79DF80B0088F80B00C4F81C90F3
:10CC60009DF80B0000F0020060B1002600E0761C89
:10CC700039F816000028FAD106F119000D21B0FB91
:10CC8000F1F700E0012739462046FFF76BFD054626
:10CC900045BB781E071E25D0E088C11B2046FFF744
:10CCA0008AFC0546F5B9A069FFF7BDFE824600BFC4
:10CCB00021692068FFF72CFA054605B111E0FAB2A8
:10CCC00053466169E069FFF710FE01202168087191
:10CCD00000212046FFF7BEFC054615B9781E071E49
:10CCE000E6D100BFC5B921692068FFF711FA0546F2
:10CCF00095B9202200216069FFF7BDF90B22D4E924
:10CD00000501FFF7ABF9A069C07A00F0180061696E
:10CD10000873012021680871284695E770B504461C
:10CD2000E688208C4FF6FF72904201D1304600E039
:10CD3000208C01462046FFF73EFC05460DBB00BF98
:10CD400021692068FFF7E4F9054605B115E02022C6
:10CD500000216069FFF78FF9E52061690870012003
:10CD600021680871E088B04200D306E00021204627
:10CD7000FFF770FC0546002DE2D000BF042D00D166
:10CD80000225284670BD2DE9F04707460C4604F100
:10CD900009063869002843D07869002526E029462D
:10CDA0006D1C10F80180B8F1200F00D11EE0B8F121
:10CDB000050F01D14FF0E508092D02D12E2106F80B
:10CDC000011BB8F1410F0EDBB8F15A0F0BDC017BF0
:10CDD000092D01D3102200E00822114019B108F1F9
:10CDE000200101F0FF0806F8018B00BF0B2DD6D300
:10CDF000C17A2172C17F0A06817F42EA0142417FE6
:10CE000042EA0121027F11432160027E417E42EA13
:10CE10000121A180827DC17D42EA0121E18000BF24
:10CE200000203070A06990B30025A669386958B316
:10CE3000E06948B3388C4FF6FF71884224D0D7F8A8
:10CE40001CA01BE00021484602F054FA8146B9F1CB
:10CE5000000F01D1002516E0B9F1FF0F04DD4FEA04
:10CE6000292228466D1C3254E069401EA84201D890
:10CE7000002508E028466D1C06F800903AF8021BD1
:10CE8000B1F10009DED100BF0020705500BFBDE840
:10CE9000F0872DE9F34F83B0814604980068019034
:10CEA00002E00198401C0190019800782F28F8D0EA
:10CEB000019800785C28F4D0D9F81CA000252F46F2
:10CEC00000BF38467F1C01990C5C202C03DB2F2C03
:10CED00001D05C2C00D132E0FF2D03D3062005B039
:10CEE000BDE8F08FE4B2812C13DBE0B2FE2810DC49
:10CEF00038467F1C01990E5C402E01DB7E2E05DD3D
:10CF0000802E01DBFE2E01DD0620E8E706EB042083
:10CF100084B20121204602F0EDF904460CB9062046
:10CF2000DDE7802C06DA2146F9A0FFF7C1F808B149
:10CF30000620D4E728466D1C2AF81040C1E700BF40
:10CF40000198C11904980160202C01DA042000E046
:10CF50000020804608E0681E3AF81040202C02D0DD
:10CF60002E2C00D002E06D1E002DF4D100BF0DB9B3
:10CF70000620B4E700202AF815000B222021D9F85A
:10CF80001800FFF778F8002700E07F1C3AF8170038
:10CF90002028FAD03AF817002E28F6D00FB148F022
:10CFA000030800E06D1E25B1681E3AF810002E2817
:10CFB000F8D10020064602904FF0080B00BF38461B
:10CFC0007F1C3AF8104004B963E0202C03D02E2CCB
:10CFD00004D1AF4202D048F00308F0E70298584568
:10CFE00001D2AF4214D1BBF10B0F02D148F00308BC
:10CFF0004FE0AF4201D048F00308AF4200D948E00B
:10D000002F46082002904FF00B0BB006060ED6E715
:10D01000802C09DB204602F0B6F90021009002F0D6
:10D0200069F9044648F00208FF2C11DDABF101005C
:10D030000299884204D848F00308CDF808B0BEE74A
:10D040002212D9F818300298411C02911A5419E0A2
:10D0500024B12146B1A0FFF72BF818B15F2448F0A6
:10D0600003080FE0412C04DB5A2C02DC46F00206D8
:10D0700008E0612C06DB7A2C04DC46F00106A4F102
:10D08000200084B2D9F818300298411C02911C5437
:10D0900095E700BFD9F818000078E52803D10520EE
:10D0A000D9F818100870BBF1080F01D1B006060EB0
:10D0B00006F00C000C2803D006F00300032801D171
:10D0C00048F0020808F0020058B906F003000128F1
:10D0D00001D148F0100806F00C00042801D148F0F6
:10D0E0000808D9F8180080F80B800020F7E62DE931
:10D0F000F3410446019800782F2803D00198007866
:10D100005C2802D10198401C01900020A060019889
:10D110000078202807D200212046FFF74CFA054668
:10D120000020606128E000BF01A92046FFF7B1FEA2
:10D13000054605B11FE02046FFF785FC0546A069BE
:10D14000C67A3DB1042D04D100BF06F0040000B939
:10D15000052510E006F0040000B10CE06769F87ADC
:10D1600000F0100008B9052505E039462068FFF7F2
:10D1700027FBA060D8E700BF2846BDE8FC8170B55A
:10D1800002464FF0FF301568E5B1116800E0491C18
:10D190000D78202D02D30D783A2DF8D10D783A2D47
:10D1A0000FD1146814F8015BA5F130030A2B07D2E4
:10D1B0008C4205D1022B03D218464D1C294615601E
:10D1C00070BD002000BFFBE770B504460D4600208F
:10D1D0002071401EE06229462046FEF799FF08B103
:10D1E000032070BD94F82E1294F82F0241EA00201B
:10D1F0004AF65521884201D00220F2E794F86900EE
:10D20000010694F8680041EA004194F8670041EA99
:10D21000002094F86610084320F07F40414988427E
:10D2200001D10020DDE794F88500010694F8840020
:10D2300041EA004194F8830041EA002094F882100A
:10D24000084320F07F403749884201D10020C8E7D9
:10D250000120C6E72DE9F74F88B00021089801604A
:10D260000998FFF78CFF07900798002803DA0B2036
:10D270000BB0BDE8F08F2C49079851F820400CB94D
:10D280000C20F5E708980460207878B16078FEF704
:10D2900017FE804608F0010040B90A9820B108F056
:10D2A000040008B10A20E3E70020E1E70020207035
:10D2B000079860706078FEF7E9FD804608F001008D
:10D2C00008B10320D4E70A9820B108F0040008B19F
:10D2D0000A20CDE7002739462046FFF775FF0546AF
:10D2E000012D01D09DB93BE0002623E004F5F77144
:10D2F00001EB06100179C9B1C17A0A06817A42EAC6
:10D300000142417A42EA0121027A11430FE027E00B
:10D31000222A3A3C3E3F7C7F000000002B2C3B3D04
:10D320005B5D000046415400AC00002000214DF838
:10D330002610761C042ED9D3002606B1761E00BF17
:10D340005DF8267027B139462046FFF73DFF00E023
:10D35000022005461DB1701C06460428F0D300BF0C
:10D36000032D01D1012083E70DB10D2080E73B2083
:10D37000015D94F83C0041EA0020B0F5007F01D047
:10D380000D2075E74620015D94F8470041EA002929
:10D39000B9F1000F0ED194F85700010694F8560029
:10D3A00041EA004194F8550041EA002094F85410F5
:10D3B00040EA0109C4F818904020005DE070E07870
:10D3C000012804D0E078022801D00D2050E7E07851
:10D3D00009FB00F93D20005DA070A07818B1A0788D
:10D3E000411E084008B10D2042E74120015D94F83C
:10D3F000420041EA00202081207A00F00F0008B1AD
:10D400000D2035E74320015D94F8440041EA002BEC
:10D41000BBF1000F0ED194F85300010694F85200AE
:10D4200041EA004194F8510041EA002094F850107C
:10D4300040EA010B3E20015D94F83F0041EA0020E4
:10D440000490049808B90D2012E7049848442189F3
:10D4500000EB111006900698834501D20D2007E7D6
:10D460000698ABEB0000A178B0FBF1FABAF1000F1F
:10D4700001D10D20FCE6012540F6F670824500D36F
:10D4800002254FF6F670824500D303250AF102000B
:10D490006061E76104983844206206983844A062CD
:10D4A000032D16D1208908B10D20E1E694F85F0024
:10D4B000010694F85E0041EA004194F85D0041EAFB
:10D4C000002094F85C100843606260698000059059
:10D4D00014E0208908B90D20CAE6206A4844606239
:10D4E000022D02D16069400007E0207D00F00100BC
:10D4F000616901EB410100EB51000590A1690598BC
:10D5000000F2FF10B1EB502F01D20D20B0E64FF02A
:10D51000FF302061E06080206071032D5AD194F8C3
:10D52000601094F8610041EA0020012852D1791C72
:10D530002046FEF7EDFDE8BB0020607194F82E1246
:10D5400094F82F0241EA00204AF65521884241D141
:10D550003320005D01063220005D41EA00413120A8
:10D56000005D41EA002094F830100843FC498842ED
:10D5700030D194F81702010694F8160241EA0041EE
:10D5800094F8150241EA002094F814120843F54972
:10D5900088421FD194F81B02010694F81A0241EA4E
:10D5A000004194F8190241EA002094F81812084347
:10D5B000206100E00EE094F81F02010694F81E02BC
:10D5C00041EA004194F81D0241EA002094F81C123F
:10D5D0000843E0602570E4480088401C80B2E249BE
:10D5E0000880E080002043E670B505462C464CB12B
:10D5F000206838B12068007820B12068C088A188F0
:10D60000884201D0092070BD21684878FEF758FC97
:10D6100000F0010008B10320F5E70020F3E7F7B5BB
:10D6200082B016460398019001A8FFF7A8FD0546B1
:10D63000002D02DA0B2005B0F0BDCC4850F8254093
:10D640000CB100202070029810B1002002990870DF
:10D65000C649029841F82500029808B1012E01D070
:10D660000020E8E7002203A902A8FFF7F3FD074620
:10D670003846E0E72DE9F7478DB0054616461DB957
:10D68000092010B0BDE8F0870020286006F01F06D2
:10D6900026F001020EA904A8FFF7DCFD0746002FC3
:10D6A00073D14FF40070FEF7C7FC8146B9F1000F4B
:10D6B00001D11120E5E7CDF82C9001A80A9004A82B
:10D6C0000E99FFF714FD0746099C0FB904B9062708
:10D6D00006F01C00002851D04FB1042F03D104A83C
:10D6E000FFF782FA074646F00806099C09E0E07A4F
:10D6F00000F0110008B1072703E006F0040000B1B4
:10D700000827002F39D106F00800002835D0FEF791
:10D7100091FC804684F80E804FEA1821E1734FEAAD
:10D72000184121744FEA186161740020E07220777B
:10D7300000216177A177E17721460498FFF740F84F
:10D74000824600212046FFF74BF80120049908711A
:10D75000BAF1000F11D00498D0F82C8051460498EB
:10D76000FEF76FFE074647B9AAF101000499C860A9
:10D7700041460498FEF7CCFC07460FE077B9E07A03
:10D7800000F0100010B1042708E031E006F00200BC
:10D7900020B1E07A00F0010000B1072747B906F098
:10D7A000080008B146F020060498C06AE8612C62BF
:10D7B0004846FEF748FCDFB9AE710020E87121460B
:10D7C0000498FEF7FDFF2861E07F0106A07F41EA93
:10D7D0000041607F41EA0020217F0843E86000208B
:10D7E000A860A8616862049828602868C088A8803A
:10D7F000384646E72DE9FF4F83B0044615469A4662
:10D80000DDF810B00020CAF800002046FFF7ECFE5B
:10D810000290029818B1029807B0BDE8F08FE07945
:10D8200008B1E079F8E7A07900F0010008B9072015
:10D83000F2E7D4E90210401A00900098854200D91E
:10D84000009DB3E02089C0F30800002876D120684D
:10D850008078401EA16800EA512000F0FF09B9F16C
:10D86000000F1FD1A06810B9206901900CE0606A18
:10D8700028B12046A168FEF785FE019004E06169A9
:10D880002068FEF7CFFC01900198022802D2022006
:10D89000E071C1E70198401C10B90120E071BBE7BD
:10D8A0000198606161692068FEF7AFFC064616B911
:10D8B0000220E071B0E74E444FEA5528B8F1000F5E
:10D8C00029D009EB080021688978884203D92068AB
:10D8D0008078A0EB090821684878434632465946CB
:10D8E000FEF7F1FA10B10120E07195E7A07900F0A0
:10D8F000400068B1A069801B404509D2A169891B1D
:10D900000BEB41204FF4007204F12801FEF7A6FB57
:10D910004FEA482740E0A069B04229D0A07900F042
:10D92000400080B121684878012304F12801A269F0
:10D93000FEF7FAFA18B10120E0716DE719E0A0795D
:10D9400020F04000A071216848780123324604F19C
:10D950002801FEF7B8FA58B10120E0715CE7000039
:10D960005252614172724161B4000020AC0000204B
:10D97000A6612089C0F30800C0F50077AF4200D946
:10D980002F462089C0F3080204F1280011183A46F6
:10D990005846FEF763FB00BFBB44A0683844A06054
:10D9A000DAF800003844CAF80000ED1B002D7FF4BF
:10D9B00049AF002030E72DE9FF4F83B004461546FC
:10D9C0009B46049801900020CBF800002046FFF70A
:10D9D0000BFE0290029818B1029807B0BDE8F08FD4
:10D9E000E07908B1E079F8E7A07900F0020008B921
:10D9F0000720F2E7A0682844A168884200D20025E9
:10DA0000C2E02089C0F3080000286FD12068807828
:10DA1000401EA16800EA512000F0FF0ABAF1000F91
:10DA20002CD1A06858B9D4F81080B8F1000F13D1E8
:10DA300000212068FEF73BFD804620610CE0606A13
:10DA400028B12046A168FEF79DFD804604E061698B
:10DA50002068FEF72CFD8046B8F1000F00D196E05B
:10DA6000B8F1010F02D10220E071B6E708F1010020
:10DA700010B90120E071B0E7C4F81480A07900F07B
:10DA8000400078B121684878012304F12801A26997
:10DA9000FEF74AFA10B10120E0719EE7A07920F06C
:10DAA0004000A07161692068FEF7AFFB064616B919
:10DAB0000220E07191E756444FEA5529B9F1000F71
:10DAC0002BD00AEB090021688978884203D92068A5
:10DAD0008078A0EB0A09216848784B4632460199C4
:10DAE000FEF722FA18B10120E07176E729E0A0697B
:10DAF000801B48450ED2A069801B019A02EB402191
:10DB00004FF4007204F12800FEF7A8FAA07920F083
:10DB10004000A0714FEA49272AE0A069B0420FD027
:10DB2000D4E9020188420BD22168487801233246A9
:10DB300004F12801FEF7C7F910B10120E0714CE7AC
:10DB4000A6612089C0F30800C0F50077AF4200D974
:10DB50002F462189C1F3080204F1280150183A46E2
:10DB60000199FEF77BFAA07940F04000A07100BF58
:10DB7000019838440190A0683844A060DBF80000A8
:10DB80003844CBF80000ED1B002D7FF43AAF00BF06
:10DB9000D4E90201884201D9A068E060A07940F090
:10DBA0002000A071002018E72DE9F041044620462E
:10DBB000FFF71AFD0746002F4CD1A07900F0200096
:10DBC000002847D0A07900F0400078B1216848785B
:10DBD000012304F12801A269FEF7A6F910B1012082
:10DBE000BDE8F081A07920F04000A071E1692068D3
:10DBF000FEF78EFA0746002F2CD1256AE87A40F00E
:10DC00002000E872207B2877A089010A6977E06804
:10DC1000010CA977E068010EE97728462169FEF733
:10DC2000DFFDFEF707FA0646AE75310AE975310CDD
:10DC30002976310E69760020A8740021E974A07954
:10DC400020F02000A0710120216808712068FEF7F3
:10DC500078FA07463846C3E770B505462846FFF709
:10DC6000A3FF044634B92846FFF7BEFC04460CB9AE
:10DC700000202860204670BD2DE9FE4F04460D4669
:10DC80002046FFF7B1FC0290029810B10298BDE85F
:10DC9000FE8FE07908B1E079F9E7606A002871D079
:10DCA000681C00283BD1D4F8248058F804AB4FF00E
:10DCB000020926693EB300BF00964FF0000B09F140
:10DCC000020900BF01960BF1010B31462068FEF7F7
:10DCD000A9FA0646012E02D80220E071D7E7701C8F
:10DCE00010B90120E071D2E70198401C8642E9D0CA
:10DCF000D14504D848F804BB009848F8040B2068C4
:10DD00004069B042D8D8606AC0F80090D14503D8C5
:10DD10000020C8F8000047E01120029044E0E068CD
:10DD2000A84200D2E568A560002D3DD0691E2046BE
:10DD3000FEF728FC606161692068FEF766FA074615
:10DD400017B90220E071A2E720688078401E691EA2
:10DD500000EA512007442089C0F3080020B3A069DD
:10DD6000B84221D0A07900F0400080B12168487805
:10DD7000012304F12801A269FEF7D6F818B10120A9
:10DD8000E07184E711E0A07920F04000A0712168E3
:10DD9000487801233A4604F12801FEF794F810B1BF
:10DDA0000120E07173E7A761ABE0E068A84204D20C
:10DDB000A07900F0020000B9E568D4F808904FF0AF
:10DDC0000008C4F80880002D67D0206880784702DA
:10DDD000B9F1000F11D0681EB0FBF7F1A9F10100F5
:10DDE000B0FBF7F0814208D3A9F10100791E884306
:10DDF000A060A0682D1A666912E026697EB900212C
:10DE00002068FEF754FB0646012E02D10220E07185
:10DE10003DE7701C10B90120E07138E726616661AA
:10DE2000C6B323E0A07900F0020038B13146206883
:10DE3000FEF73DFB064636B93D4619E031462068FF
:10DE4000FEF7F0F90646701C10B90120E0711EE7DC
:10DE5000012E03D920684069B04202D80220E07147
:10DE600015E76661A0683844A060ED1BBD42D9D8B3
:10DE700000BFA0682844A060C5F3080050B1314637
:10DE80002068FEF7C2F98046B8F1000F03D10220E6
:10DE9000E071FCE601E008EB55282089C0F308009A
:10DEA00020B3A069404521D0A07900F0400078B1AE
:10DEB00021684878012304F12801A269FEF734F8AB
:10DEC00010B10120E071E2E6A07920F04000A071DD
:10DED000216848780123424604F12801FDF7F3FF49
:10DEE00010B10120E071D2E6C4F81880D4E9020133
:10DEF000884205D9A068E060A07940F02000A071B8
:10DF000000BF0298C3E673B584B0044614B9092073
:10DF100006B070BD002205A903A8FFF79BF90546CE
:10DF2000002D2FD1039820604FF40070FEF784F885
:10DF300006460EB91120EBE7E661C4F818D020467A
:10DF40000599FFF7D4F805463046FEF77CF8B5B9D9
:10DF5000606958B16069C07A00F0100028B1616949
:10DF60000398FEF72DFCA06000E005253DB903985D
:10DF7000C088A08000212046FEF71DFB0546042D29
:10DF800000D105250DB1002020602846C0E770B5FE
:10DF900004462046FFF728FB05460DB90020206007
:10DFA000284670BDFEB504460F462046FFF71CFB11
:10DFB0000546002D2DD12FB900212046FEF7FBFA92
:10DFC000054626E04FF40070FEF736F806460EB917
:10DFD0001120FEBDE661C4F818D000212046FEF7EE
:10DFE000A1FD0546042D02D10020206100256DB958
:10DFF00039462046FEF7C7FE00212046FEF72AFBE1
:10E000000546042D02D10020206100253046FEF790
:10E010001AF82846DDE773B58CB00E4600220CA92D
:10E0200003A8FFF717F90546EDB94FF40070FEF7A6
:10E0300003F8044614B911200EB070BD0A94CDF84F
:10E0400024D003A80C99FFF752F8054645B9089863
:10E0500028B12EB1314603A8FEF795FE00E0062553
:10E060002046FDF7F0FF2846E6E72DE9F74F82B09E
:10E070008A46002202A90498FFF7ECF80190049860
:10E080000468019800286DD1D4E90410801E8142F3
:10E0900003D82069CAF8000064E094F800B00026B4
:10E0A000BBF1010F1CD1022700BF39462046FEF705
:10E0B000B9F8804608F1010010B9012001900EE086
:10E0C000B8F1010F02D10220019008E0B8F1000F71
:10E0D00000D1761C781C074661698842E5D33AE096
:10E0E0006769206A00904FF00009002500BFB9F170
:10E0F000000F0ED10098421C014620460092FEF708
:10E1000007F80190019800B124E004F130054FF4C4
:10E110000079BBF1020F09D12878697840EA012023
:10E1200000B9761CAD1CA9F1020910E0E8780006E0
:10E13000A97840EA0140697840EA0120297808433B
:10E1400020F0704000B9761C2D1DA9F10409781E3D
:10E15000071ECCD100BF2661607940F001006071DC
:10E16000CAF80060019805B0BDE8F08F70B50446AC
:10E170002046FFF739FA054645B9E07908B1E57957
:10E1800004E0A07900F0020000B90725002D47D176
:10E19000D4E90210884241D9A068E060A07940F03B
:10E1A0002000A071A06838B921692068FEF749F9FC
:10E1B0000546002020611DE061692068FEF732F805
:10E1C00006460025701C00B90125012E00D102254C
:10E1D00085B920684069B0420CD96FF0704261691E
:10E1E0002068FEF793F8054625B931462068FEF70A
:10E1F00028F9054695B9A07900F0400070B1216872
:10E200004878012304F12801A269FDF78DFE08B1C9
:10E21000012503E0A07920F04000A07105B1E5716F
:10E22000284670BDF1B596B0012216A90DA8FFF7DA
:10E2300011F80446002C54D14FF40070FDF7FCFE99
:10E24000074617B9112017B0F0BD149701A8139015
:10E250000DA81699FEF74BFF044600BF002C3DD1D8
:10E26000129E0EB9062404E0F07A00F0010000B11D
:10E27000072431460D98FEF7A3FA0546ECB9F07A6B
:10E2800000F01000C8B1022D01D2022415E02422B2
:10E290000DA904A8FDF7E2FE0695022104A8FEF7E9
:10E2A0008AF904464CB9002104A8FEF73BFC044659
:10E2B00004B90724042C00D100247CB90DA8FEF772
:10E2C0002DFD044654B925B129460D98FEF7B9F83D
:10E2D00004461CB90D98FDF734FF04463846FDF797
:10E2E000B2FE2046AFE72DE9F14F8CB0FDF7A2FE5C
:10E2F000064601220CA903A8FEF7ACFF0546002D37
:10E300007BD14FF40070FDF797FE8046B8F1000F07
:10E3100003D111200DB0BDE8F08FCDF82880CDF8E5
:10E3200024D003A80C99FEF7E2FE054605B908259E
:10E3300000BF042D7AD100210398FEF7B8F80746F4
:10E34000002507B90725012F00D10225781C00B947
:10E3500001251DB90398FDF7B5FE0546002D5BD1DB
:10E3600039460398FDF751FF8246039800F13004C7
:10E370004FF4007200212046FDF77DFE0B22202184
:10E380002046FDF778FE2E2020701020E072A67542
:10E39000310AE175310C2176310E6176394620461D
:10E3A000FEF71EFA2022214604F12000FDF756FE5A
:10E3B0002E2084F82100DDF814B00398007803289B
:10E3C00004D10398406A584500D1AB46594604F140
:10E3D0002000FEF705FA039890F8029018E00398E1
:10E3E000C0F82CA00AF1010A0120039908710398D2
:10E3F000FDF768FE05460DB10DE030E04FF4007208
:10E4000000212046FDF737FEA9F1010000F0FF09C9
:10E41000B9F1000FE3D100BF1DB903A8FEF7E4FB7B
:10E42000054625B139460398FEF70BF814E0089C21
:10E430001020E072A675310AE175310C2176310E9B
:10E44000617639462046FEF7CBF901200399087121
:10E450000398FDF776FE05464046FDF7F4FD284695
:10E4600058E72DE9F7418DB08846144601220DA9E1
:10E4700004A8FEF7EFFE07464FBB4FF40070FDF710
:10E48000DBFD06461EB9112010B0BDE8F0810B96E9
:10E4900001A80A9004A80D99FEF729FE0746304608
:10E4A000FDF7D1FD00BF97B9099D0DB906270EE014
:10E4B00004F0270408EA0400E97AA1430843E8725B
:10E4C0000120049908710498FDF73BFE0746384681
:10E4D000DAE7F3B58DB00D4601220DA904A8FEF7C9
:10E4E000B9FE074657BB4FF40070FDF7A5FD064681
:10E4F00016B911200FB0F0BD0B9601A80A9004A820
:10E500000D99FEF7F4FD07463046FDF79CFD00BF70
:10E51000A7B9099C0CB9062710E0A879A075E8886E
:10E520000112E17528792076A88801126176012010
:10E53000049908710498FDF704FE07463846D9E7A8
:10E540002DE9F3419CB001221CA913A8FEF782FE1D
:10E550000446002C78D113980A904FF40070FDF710
:10E560006BFD07461FB911201EB0BDE8F0811A9758
:10E5700001A8199013A81C99FEF7B9FD044600BF25
:10E58000002C75D1189808B9042471E0189800F18E
:10E590000B01152204A8FDF761FD242213A90AA886
:10E5A000FDF75CFD1DA8FEF7EAFD002805DB0AA8C3
:10E5B0001D99FEF79CFD044600E00B2404B90824D5
:10E5C000042C55D10AA8FEF70FFB0446002C4FD1AE
:10E5D0000F9D13220DF1120105F10D00FDF73EFD17
:10E5E0009DF8100040F02000E87201201399087196
:10E5F0000C991598884231D0E87A00F0100068B381
:10E6000029461398FEF7DCF8804641461398FDF73B
:10E61000FCFD06460EB9022420E031461398FDF7B2
:10E6200077FD0446139800F15005BCB968782E2890
:10E6300014D113980078032807D113990C98496ACC
:10E64000884202D1002001E015E00C9806463146D0
:10E650002846FEF7C5F801201399087144B913A89C
:10E66000FEF75CFB04461CB91398FDF76AFD0446EF
:10E670003846FDF7E8FC204676E72DE9F74189B0FA
:10E680000D469046002209A96846FEF7E3FD0446C0
:10E6900024BB1DB30020029000216846FDF78BFFCC
:10E6A0000446DCB901216846FEF73CFA044684B909
:10E6B0000B2228460599FDF7D1FC0B2700BF00204F
:10E6C000E85507B904E0781E0746285C2028F6D0F4
:10E6D00000BF042C02D100202870002444BBB8F1F4
:10E6E000000F25D0009A1046D169FDF711FD0446B0
:10E6F000F4B900980078032801D1432000E02720D6
:10E700000646009830303044C0780106009830301A
:10E710003044807841EA00410098303030444078FD
:10E7200041EA002000993031895D0843C8F80000B3
:10E7300020460CB0BDE8F0812DE9F14F8CB00122EC
:10E740000CA903A8FEF786FD8146B9F1000F03D09E
:10E7500048460DB0BDE8F08F00208DF8000000277E
:10E7600000E07F1C0C98C05D0028FAD100E07F1EFD
:10E7700027B1781E0C99085C2028F8D0002F5ED0B5
:10E780000026B04600BF3046761C0C990C5C812CEC
:10E7900020DBE0B2FE281DDCB8F10A0F18D2BE4221
:10E7A00016D20C98805D402803DB0C98805D7E2893
:10E7B00007DD0C98805D80280ADB0C98805DFE28C0
:10E7C00006DC3046761C0C99085C40EA042000E028
:10E7D000002084B20121204600F08CFD834600F029
:10E7E000D2FD8246002100F085FD04465CB1214641
:10E7F000FEA0FDF75DFC30B9FF2C01DD0A2000E032
:10E800000B20404501D80620A3E7FF2C05DD22128E
:10E81000404608F101080DF80020E2B2404608F138
:10E8200001080DF80020BE42ADD305E0202240468D
:10E8300008F101080DF80020B8F10B0FF6D3002005
:10E840000590002103A8FDF7B6FE8146B9F1000F3F
:10E850005BD1012103A8FEF765F98146B9F1000FEC
:10E8600021D19DF8000098B10B2269460898FDF768
:10E87000F5FBFDF7DFFB054608998D75290A089819
:10E88000C175290C08980176290E0898417602E096
:10E89000E520089908700120039908710398FDF795
:10E8A00050FC814631E0B9F1040F2ED14FF0000940
:10E8B0009DF8000048B3012103A8FDF753FF8146EE
:10E8C000B9F1000F21D1202200210898FDF7D3FBD8
:10E8D0000B2269460898FDF7C1FB08200899C87209
:10E8E000FDF7A8FB054608998D75290A0898C1759A
:10E8F000290C08980176290E089841760120039981
:10E9000008710398FDF71DFC8146484621E72DE973
:10E91000F74F90B0914610A8FEF731FC0F900F987A
:10E92000002803DA0B2013B0BDE8F08F11980128FE
:10E9300001DD1320F7E7A9F1010000EA090008B1A1
:10E940001320F0E7AD490F9851F820B0BBF1000F4C
:10E9500001D10C20E7E700208BF800000F98C0B22F
:10E960000C9000200B900C98FDF790FA0190019804
:10E9700000F0010008B10320D5E7019800F0040081
:10E9800008B10A20CFE700BF04AA01210C98FDF7C7
:10E99000FCFA10B90498802801D20120C3E711982D
:10E9A00008B1002000E03F2080460498A0EB08005A
:10E9B0000490B9F1000F13D14FF4FA610498B0FB41
:10E9C000F1F00A904FF0000A01E00AF1010A8C48C8
:10E9D00030F81A100A988142F7D88A4830F81A900D
:10E9E0004FEA5929B9F1000F01D14FF00109B9F1EE
:10E9F000800F01D94FF080090498B0FBF9F7012589
:10EA000040F6F670874200D302254FF6F670874233
:10EA100000D30325032D0AD1082000EB870000F264
:10EA2000FF10460A202003900020029011E0012DE3
:10EA300005D107EB4700401C4008C01C01E07800EE
:10EA4000001D064606F2FF10460A01200390202012
:10EA5000029003984044079007983044069002992A
:10EA600006980844059005984844A0EB08000499CE
:10EA7000884201D90E2056E709AA03210C98FDF718
:10EA800084FA28B9099818B10998B0F5004F01D94E
:10EA900001200990099905980844401E491E8843A1
:10EAA000099009990598081A0990032D08D1099928
:10EAB000039808440390099907980844079001E0D7
:10EAC00009980644DDE90301081A811B0298081A17
:10EAD000B0FBF9F7022D03D140F6F670874205D35B
:10EAE000032D05D14FF6F670874201D20E201AE7AA
:10EAF000032D02D10C200D9010E0012D06D10498B9
:10EB0000B0F5803F02D201200D9007E00498B0F5E7
:10EB1000803F01D2042000E006200D9000BF119834
:10EB200010B1F0200E9044E04FF4007200210BF180
:10EB30003000FDF7A0FA0BF5F77401206070A070AB
:10EB40000020E0700D982071FE2060710498404410
:10EB50003F21B0FBF1F0FF21B0FBF1F009903F2124
:10EB6000099841EA9000A0710998E0713F20207255
:10EB700000216172A172E172049820730498010A65
:10EB800061730498010CA1730498010EE17355217F
:10EB90008BF82E12AA218BF82F12012300220BF1E1
:10EBA00030010C98FDF7C0F908B10120BBE6F82050
:10EBB0000E900BF130044FF4007200212046FDF757
:10EBC0005AFA0B2210A12046FDF748FA4FF4007ABA
:10EBD00084F80BA04FEA1A21217384F80D90039852
:10EBE000A0730398010AE173012013E0222A2B2C61
:10EBF0002E3A3B3C3D3E3F5B5D7C7F00AC000020FD
:10EC00007A49010890490108EBFE904D53444F5357
:10EC1000352E30002074032D01D1002001E04FF487
:10EC20000070824684F811A04FEA1A21A17404985A
:10EC3000B0F5803F05D20498E0740498010A21756C
:10EC400010E0049884F820000498C0F307212120E4
:10EC500001550498C0F30741222001550498010E84
:10EC6000232001550E9860753F20207600216176A3
:10EC7000FF20A076E17684F81C804FEA18216177A6
:10EC80004FEA1841A1774FEA1861E177FDF7D2F911
:10EC90000990032D3ED1099884F843000998C0F3E8
:10ECA0000721442001550998C0F30741452001552B
:10ECB0000998010E4620015584F82460C6F3072107
:10ECC00025200155C6F3074126200155310E272086
:10ECD0000155022084F82C0000212D2001552E2002
:10ECE00001552F200155012084F8300031200155B5
:10ECF000062084F8320033200155802084F840003B
:10ED0000292084F842001322FEA104F14700FDF7F8
:10ED1000A5F91FE0099884F827000998C0F3072196
:10ED2000282001550998C0F3074129200155099869
:10ED3000010E2A200155A675310AE175802084F85C
:10ED40002400292084F826001322F3A104F12B00CB
:10ED5000FDF784F9552084F8FE01AA2140F2FF1046
:10ED600001550123424621460C98FDF7DDF808B114
:10ED70000120D8E5032D06D1012308F10602214622
:10ED80000C98FDF7D1F8079808904FF0000A61E061
:10ED90004FF4007200212046FDF76DF90E9809909E
:10EDA000032D14D0012D01D1E04801E06FF0FF00E8
:10EDB000099908430990099820700998000A607021
:10EDC0000998000CA0700998000EE07019E00998ED
:10EDD00060F0FF000990099820700998000A60709F
:10EDE0000998000CA0700998000EE070FF202071B7
:10EDF000FF216171A171E17120726172A1720F2115
:10EE0000E1720898411C02460123089121460C98A2
:10EE1000FDF78AF808B1012085E54FF40072002162
:10EE20002046FDF728F9012009900EE00898411CC2
:10EE300002460123089121460C98FDF775F808B1A8
:10EE4000012070E50998401C09900998B042EDD363
:10EE50000AF1010ABAF1000F9AD0032D01D14846F8
:10EE600000E00298824600BF0898411C0246012338
:10EE7000089121460C98FDF757F808B1012052E59A
:10EE8000AAF10100B0F1000AEED1032D46D15220C3
:10EE9000207060706120A0704120E070722084F8C2
:10EEA000E401722140F2E51001554121401C015559
:10EEB0006121401C0155781E84F8E801C0F3072148
:10EEC00040F2E9100155781EC0F307414FF4F57088
:10EED0000155781E010E40F2EB100155022084F816
:10EEE000EC01002140F2ED100155401C0155401C81
:10EEF0000155552084F8FE01AA2140F2FF1001556A
:10EF0000012308F1010221460C98FDF70DF80123B9
:10EF100008F1070221460C98FDF706F80022114679
:10EF20000C98FDF732F808B10120FCE40020FAE467
:10EF30002DE9FC4707468846914600243E4613E0EB
:10EF40006B46012201A94846FEF754FC00980128AF
:10EF500000D00DE09DF8045000BF06F8015B641C72
:10EF60000A2D00D104E000BFA8F10100A042E7DCB7
:10EF700000BF0020307014B13846BDE8FC87002087
:10EF8000FBE7F8B504460E4600BF6568002D00DAC1
:10EF9000F8BD28466D1C04F10C010E543D2D0CDB10
:10EFA0006B462A462068FEF706FD0098A84201D16C
:10EFB000002001E04FF0FF3005466560A068401C6E
:10EFC000A06000BFE4E730B595B004460D46029559
:10EFD000002003900490214602A8FFF7D2FF039877
:10EFE00000280DDB01AB05A9DDE90202FEF7E3FC19
:10EFF00030B901990398884202D1049815B030BD08
:10F000004FF0FF30FAE730B595B004460D46029553
:10F0100000200390049004E014F8011B02A8FFF7FD
:10F02000B0FF20780028F7D1039800280DDB01AB52
:10F0300005A9DDE90202FEF7BEFC30B9019903988B
:10F04000884202D1049815B030BD4FF0FF30FAE786
:10F050000FB42DE9F04F9BB024980190002002904E
:10F06000039026A81A9000BF259810F8014B259010
:10F0700004B924E1252C04D0214601A8FFF781FF23
:10F08000F2E7002006468146259810F8014B2590AE
:10F09000302C05D10126259810F8014B259006E06B
:10F0A0002D2C04D10226259810F8014B259009E05B
:10F0B00009EB890004EB4000A0F13009259810F815
:10F0C000014B2590302C01DB392CF1DD6C2C01D06B
:10F0D0004C2C05D146F00406259810F8014B2590DC
:10F0E00004B9ECE02546612D04DB7A2D02DCA5F1A4
:10F0F0002000C5B24F2D60D01DDC422D5AD0432DCB
:10F100004FD015E04E4F204E414D45202020204647
:10F1100041543332202020004E4F204E414D452097
:10F1200020202046415420202020200000FFFF0006
:10F13000442D4CD144E0532D04D0552D41D0582DB1
:10F1400045D141E01A9850F804BB1A904FF00008DE
:10F1500001E008F101081BF808000028F9D106F0C9
:10F16000020048B903E0202101A8FFF70AFF40464A
:10F1700008F101084845F6D304E01BF8011B01A87B
:10F18000FFF7FFFE9BF800000028F6D103E02021E6
:10F1900001A8FFF7F6FE404608F101084845F6D3FE
:10F1A00062E71A9810F8042BD1B21A9001A8FFF761
:10F1B000E8FE59E7022019900EE0082019900BE0B4
:10F1C00000BF0A20199007E01020199004E02146A2
:10F1D00001A8FFF7D6FE47E700BF06F0040028B1FC
:10F1E0001A9800681A99091D1A910CE0442D05D14E
:10F1F0001A9800681A99091D1A9104E01A98006873
:10F200001A99091D1A918246442D06D10AF0004030
:10F2100018B1CAF1000A46F00806002700BF199885
:10F22000BAFBF0F100FB11A0C5B21998BAFBF0FAD5
:10F23000092D06DD782C01D1272000E00720284485
:10F24000C5B205F13000C2B238467F1C14A90A5479
:10F25000BAF1000F01D0102FE1D306F0080020B161
:10F260002D2238467F1C14A90A54B84606F0010026
:10F2700008B1302000E02020054603E0294601A81F
:10F28000FFF77FFE06F0020020B9404608F10108B2
:10F290004845F3D300BF781E074614AA115C01A8A5
:10F2A000FFF76FFE002FF6D103E0294601A8FFF714
:10F2B00068FE404608F101084845F6D3D4E600BF91
:10F2C00000201A900298002810DB18AB04A9DDE991
:10F2D0000102FEF770FB48B918990298884205D1DF
:10F2E00003981BB0BDE8F00F5DF814FB4FF0FF3042
:10F2F000F7E700002DE9F84F044688464FF0000B71
:10F30000802C01DAA1463BE0B8F1000F05D0294876
:10F31000D0F805004FEA500B01E04FF0000B2548F4
:10F32000D0F805004FEA500A0120C0EB9A0A0027E6
:10F3300010261CE0AAEB070007EB50051D48D0F88B
:10F34000010000EB850000EB0B0104226846F6F794
:10F350009AFDBDF80000A04200D10AE0BDF800000F
:10F36000A04201DA2F4600E0AA46701E86B2002EA7
:10F37000E0D100BF16B1BDF8020000E000208146D8
:10F380004846BDE8F88F0246002100E0491C0A48C3
:10F3900030F8110020B1084830F811009042F5D142
:10F3A000054830F8110018B1044830F811007047D2
:10F3B0001046FCE7A0C00120A6490108864B0108C1
:10F3C0002DE9F0432DED028B83B0074688461446A5
:10F3D0001E46DDED0C8AFF25F8EE680A00EE106A85
:10F3E000B8EE400A80EE801AB0EE418A9FEDFE0A28
:10F3F00028EE000AB0EE408A00EE105AB8EE400A3D
:10F40000B4EE480AF1EE10FA1ED0F8A004EB44095D
:10F4100009EBD97107EB6101CDE9004088B24FF4E7
:10F42000A073F0224146F6F774F9BCEEC80A10EE5C
:10F43000100AC5B2642D00DD642503232A46414627
:10F4400038460094F6F7ADF8002003B0BDEC028B0F
:10F45000BDE8F0832DE9FF4F83B081469846DDF883
:10F4600040A000200290002783464FF40A71FCF769
:10F47000D0FC04460CB94FF0010B4FF48051002032
:10F48000FCF7C7FC06460EB94FF0010B01224146BE
:10F490002046FEF7EFF805460DB14FF0020BBBF129
:10F4A000000F78D1BAF1000F09D0BAF1010F12D0D4
:10F4B000BAF1020F21D0BAF1030F42D12FE0CC48AC
:10F4C000CC49C1F80100E068C1F805000846D0F851
:10F4D0000100029035E0C748D0F80100C549D1F8D5
:10F4E00005100844C349C1F80900E068C1F80D00DF
:10F4F0000846D0F80900029023E0BE48D0F8090081
:10F50000BC49D1F80D100844BA49C1F81100E068AF
:10F51000C1F815000846D0F81100029011E0B54876
:10F52000D0F81100B349D1F815100844B149C1F819
:10F530001900E068C1F81D000846D0F819000290D3
:10F5400000BF00BF21E001AB4FF48052314620469E
:10F55000FEF750F9054605B119E0029839184FF445
:10F5600080523046F6F72BFDBDF8040007440097A3
:10F57000E3684846DDE90412FFF722FFBDF8040006
:10F58000B0F5805F01D002E005E0002DDBD000BFC8
:10F590002046FEF761FB21460020FCF72AFC31469D
:10F5A0000020FCF726FC284607B0BDE8F08F2DE9C7
:10F5B000FF4F83B0064615460024A046FF24FF20D7
:10F5C0008C49087064210020FCF723FC82464FF42C
:10F5D00080510020FCF71DFC83464FF40A71002087
:10F5E000FCF717FC0290BBF1000F04D0BAF1000F3A
:10F5F00001D0029878B900200299FCF7FAFB514635
:10F600000020FCF7F6FB59460020FCF7F2FB052032
:10F6100007B0BDE8F08F5046069902F01BFA764815
:10F620000168504602F059FA012251460298FEF74D
:10F6300021F804460CB148F010085046069902F033
:10F6400009FA6E480168504602F047FA0122514615
:10F650000298FEF70FF804460CB148F02008504617
:10F66000069902F0F7F966480168504602F035FA4B
:10F67000012251460298FDF7FDFF04460CB148F007
:10F6800040085046069902F0E5F95E480168504688
:10F6900002F023FA012251460298FDF7EBFF0446DF
:10F6A0000CB148F0800800200299FCF7A2FBB8F1E9
:10F6B000000F6FD154A04FF4A073F022CDE9005099
:10F6C00030460499F6F725F8002730E005EB850170
:10F6D0008900CDE9007101EBD17106EB610188B2BF
:10F6E00040F217332A460499FFF76AFE07F5406097
:10F6F00001034FF480525846F6F7C5FB4FF000095E
:10F7000008E05BF82900401C00B106E009F10100A7
:10F710001FFA80F9B9F5806FF3DB00BFB9F5806F90
:10F7200003D007F54060F6F727FC781C87B240F25B
:10F7300017308742CADB59460020FCF75AFB37A036
:10F740004FF4A073F022CDE9005030460499F5F74C
:10F75000E0FF5046069902F07DF9274801685046BF
:10F7600002F0BBF9002005EB85018900CDE900011D
:10F7700001EBD17106EB610188B253462A46049928
:10F78000FFF768FE044634B151460020FCF731FB18
:10F7900001203DE7BBE026A04FF4A073F022CDE9A5
:10F7A000005030460499F5F7B4FF5046069902F030
:10F7B00051F912480168504602F08FF9012005EB1B
:10F7C00085018900CDE9000101EBD17106EB6101F2
:10F7D00088B253462A460499FFF73CFE044614B10A
:10F7E0005146002030E033E00000C8422500000010
:10F7F0002100C000A0C00120744D0108704D010817
:10F800006C4D0108684D010845726173696E67208F
:10F81000736563746F72732E2E2E200055706461B1
:10F8200074696E6720554E4947424B2E42494E003F
:10F830005570646174696E672047424B31322E42C5
:10F84000494E202000000000FCF7D3FA0220DFE63A
:10F8500044A04FF4A073F022CDE900503046049943
:10F86000F5F757FF5046069902F0F4F8434801684F
:10F87000504602F032F9022005EB85018900CDE9FE
:10F88000000101EBD17106EB610188B253462A46B3
:10F890000499FFF7DFFD04462CB151460020FCF728
:10F8A000A8FA0320B4E636A04FF4A073F022CDE905
:10F8B000005030460499F5F72CFF5046069902F0A7
:10F8C000C9F835480168504602F007F9032005EBF6
:10F8D00085018900CDE9000101EBD17106EB6101E1
:10F8E00088B253462A460499FFF7B4FD04462CB16A
:10F8F00051460020FCF77DFA042089E6AA2027491A
:10F90000087021224FF440012448F6F758FB514675
:10F910000020FCF76EFA59460020FCF76AFA4046D0
:10F9200076E610B50024F6F741FA0FE0601CC4B289
:10F9300021224FF440011948F6F7A5FA174800783C
:10F94000AA2800D104E01420FAF7AEF90A2CEDDB66
:10F9500000BF12480078AA2801D0012010BD002065
:10F96000FCE700005570646174696E672047424B84
:10F9700031362E42494E2020000000006C4D010817
:10F980005570646174696E672047424B32342E4271
:10F99000494E202000000000684D0108A0C0012051
:10F9A0002DE9F05F82460F4614462046E21704EB2D
:10F9B0005272D2102146E31704EB5373DB10A4EB11
:10F9C000C3030BB1012300E000231A44624302F099
:10F9D000FF099AF800600AF1010082460578812E3D
:10F9E00005DB402D03DBFF2D01D0FF2E0DD14FF0A5
:10F9F000000B06E0002007F8010B0BF1010000F0FE
:10FA0000FF0BCB45F6DBBDE8F09F7F2D03DAA5F1B8
:10FA10004000C5B202E0A5F14100C5B2A6F18100E7
:10FA2000C6B2BE2010FB065000FB09F80C2C04D017
:10FA3000102C0CD0182C1ED113E08A48D0F80900E5
:10FA400000EB08014A463846F6F71DFA13E08548F0
:10FA5000D0F8110000EB08014A463846F6F713FAD1
:10FA600009E08048D0F8190000EB08014A46384602
:10FA7000F6F709FA00BF00BF00BFC4E72DE9FF4F4A
:10FA800093B007460D461C46AA462046E21704EBF3
:10FA90005272D2102146E31704EB5373DB10A4EB30
:10FAA000C3030BB1012300E000231A44624302F0B8
:10FAB000FF0B0C2C06D0102C04D0182C02D017B041
:10FAC000BDE8F08F224601A91598FFF769FF0026CF
:10FAD0002FE001A810F806804FF0000923E008F09D
:10FAE000800030B16048028829463846F1F7B5FBFE
:10FAF00007E0209828B95D48028829463846F1F782
:10FB0000ACFB4FEA48604FEA1068681C85B2A5EB71
:10FB10000A00A04203D15546781C87B206E009F1DD
:10FB2000010000F0FF09B9F1080FD8DB00BF701C1D
:10FB3000C6B25E45CDDB00BFC1E72DE9FE4F0746EB
:10FB40000E4691469A46DDE90D4B0C9DB84602964D
:10FB5000002001904BE0019870BB2878802802DDDE
:10FB60000120019043E004EBD47108EB0902A2EB01
:10FB70006101B94202DA301986B247460298504410
:10FB8000001BB04200DA35E028780D2804D1301986
:10FB900086B247466D1C07E0CDF800B02A782346B0
:10FBA00031463846F5F76AFC6D1C204604EBD071EF
:10FBB00007EB61018FB21AE00020019008EB090009
:10FBC000001BB84202DA301986B247460298504408
:10FBD000001BB04200DA0DE023462A463146384683
:10FBE000CDF800B0FFF74AFFAD1C381987B228786E
:10FBF0000028B0D100BFBDE8FE8F2DE9FE430746C7
:10FC0000894615461C46DDF828800026284601F066
:10FC100045FF86B2204604EBD071491071438EB285
:10FC200046450BDD0120CDE9005402901048438881
:10FC3000028849463846FFF780FF11E0A8EB06002E
:10FC400000EBD071C1F34F0601200949CDE9005402
:10FC500002904B880A88F11988B24946FFF76DFF78
:10FC6000BDE8FE83A0C00120140000201600002083
:10FC7000F403002070B504460D4616463246294668
:10FC80002046FBF7FAFF70BD10B504462146002060
:10FC9000FCF7BFF810BD10B5044621460020FCF764
:10FCA000A8F810BD10B5FF480068FFF7F4FFFE4844
:10FCB0000068FFF7F0FFFD480068FFF7ECFFFC4825
:10FCC0000068FFF7E8FFFB480068FFF7E4FFFA4829
:10FCD0000068FFF7E0FFF9480068FFF7DCFF10BDA0
:10FCE00010B500244FF40070FFF7CEFFED49086017
:10FCF0000846006800B901244FF40070FFF7C4FF04
:10FD0000E94908600846006800B901244FF4007012
:10FD1000FFF7BAFFE54908600846006800B901240A
:10FD2000A020FFF7B1FFE24908600846006800B96B
:10FD300001244020FFF7A8FFDE490860084600685C
:10FD400000B901244020FFF79FFFDB490860084607
:10FD5000006800B901244FF4F870FFF795FFD74908
:10FD600008600846006800B901240CB1FFF79AFF4B
:10FD7000204610BD2DE9F04704460D461646701B7F
:10FD800000EBD07105EB610954F8397004EBC9013F
:10FD9000486803F0FAF8804654F8350044F8390012
:10FDA00004EBC500406804EBC9014860A94605F1B1
:10FDB000010A1DE054F83A00394603F0F5F815D869
:10FDC00054F83A0044F8390004EBCA00406804EBE8
:10FDD000C901486009F1010954F8390044F83A00B2
:10FDE00004EBC900406804EBCA0148600AF1010A4B
:10FDF000B245DFDDA9EB0500012805DDA9F101020F
:10FE000029462046FFF7B6FFA6EB0900012805DDCD
:10FE1000324609F101012046FFF7ACFF44F8397082
:10FE2000404603F0B9F804EBC9014860BDE8F0872B
:10FE30002DE9F84F04460D4616461F464FF00008C0
:10FE400028E04FF0000920E04FF0000BDA4612E006
:10FE50000B9A0AFB029255F822100A9A08FB02A29A
:10FE600054F8220003F0B8F85946009003F06FF8F8
:10FE700083460AF1010A0A988245E9DB0B9808FBE0
:10FE8000009046F820B009F101090B988145DBDBB1
:10FE900008F10108B845D4DBBDE8F88F024612B975
:10FEA00009B900207047002A02DD09B90020F9E7EE
:10FEB000002903DD8A4201DD0120F3E7002A03DD8A
:10FEC000914201D10220EDE7002A03DD8A4201DAE6
:10FED0000320E7E71AB9002901DD0420E2E7002A40
:10FEE00008DA101E01DB034600E043428B4201DAD0
:10FEF0000520D7E7002A08DA101E01DB034600E0E0
:10FF000043428B4201D10620CCE7002A0ADA101EB8
:10FF100001DB034600E043428B4203DD002901DDA3
:10FF20000720BFE719B9002A01DA0820BAE700293B
:10FF300003DA914201DD0920B4E7002A03DA914295
:10FF400001D10A20AEE7002A03DA914201DA0B2040
:10FF5000A8E71AB9002901DA0C20A3E700290ADA78
:10FF6000081E01DB034600E04342934203DD002A02
:10FF700001DD0D2096E7002908DA081E01DB0346A3
:10FF800000E04342934201D10E208BE7002908DABA
:10FF9000081E01DB034600E04342934201DA0F20D2
:10FFA00080E700207EE730B5034601B10AB90020A2
:10FFB00030BD412901D0412A01D10020F8E7491E76
:10FFC000521E03EBC20000EBE100047801F00705CC
:10FFD0000120A840044201D00120E9E70020E7E722
:10FFE0002DE9FE4F04460D4616461F46002001909F
:10FFF000781C820000213248FFF73CFE781C82000A
:020000040801F1
:1000000000213048FFF736FE4FF0000819E04FF0AE
:10001000000912E004EBC80000EBE900017809F0E8
:10002000070201209040014205D04FF07E51019817
:1000300002F08DFF019009F10109B145EADB08F1F9
:100040000108A845E3DB384602F0A6FF82460146D8
:10005000019802F091FF01900120029049E04FF0D9
:10006000000AD0463AE04FF0000912E004EBC90064
:1000700000EBE800017808F00702012090400142FF
:1000800005D04FF07E51504602F061FF824609F1E3
:100090000109A945EADB029802F07EFF0090019970
:1000A00012E00000B8000020BC000020C0000020CA
:1000B000C4000020C8000020CC000020D000002098
:1000C000C4C00120D8C0012002F086FF83465146FB
:1000D00002F06AFF00D804E008F10108701E4045F4
:1000E000C1DC00BFFD48029940F821800298401C05
:1000F0000290781C02998142B1DB0120029035E028
:100100004FF0000AD14626E04FF0000812E004EB61
:10011000C90000EBE800017808F0070201209040D8
:10012000014205D04FF07E51504602F010FF82464A
:1001300008F10108B045EADB029802F02DFF0090BB
:10014000019902F049FF8346514602F02DFF00D885
:1001500004E009F10109681E4845D5DC00BFE0490B
:10016000029841F820900298401C0290781C029955
:100170008142C5DB0020029032E0029991FBF7F149
:10018000D74A52F82120029991FBF7F1491CD44B30
:1001900053F82110501800EBD0714910D14A126861
:1001A000029B42F82310029991FBF7F207FB121110
:1001B000CA4A52F82120029991FBF7F307FB131169
:1001C000491CC64B53F82110501800EBD071491050
:1001D000C54A1268029B42F823100298401C029004
:1001E00007FB07F002998842C7DCBDE8FE8F2DE9C6
:1001F000F34F8FB0402440200A901025AA00002120
:10020000B9480068FFF736FDAA000021B54800682C
:10021000FFF730FD042321460A9A0F98FFF7E0FE0E
:10022000E2000021B1480068FFF724FD00200B9098
:1002300060E3AC4801680B9851F820000290AA488E
:1002400001680B9851F8200001900298083040286E
:1002500001DD402001E00298083008900198083044
:10026000402801DD402001E0019808300690029806
:10027000083801D5002001E002980838099001985B
:10028000083801D5002001E0019808380790099846
:100290000E9027E307980D901CE3DDE90D120F98EF
:1002A000FFF781FE8146DDE90D12491C0F98FFF72B
:1002B0007AFE022101FB0099DDE90D12891C0F98DD
:1002C000FFF771FE81440E9A921C0D990F98FFF76B
:1002D0006AFEA9EB00090E9A921C0D99491C0F9811
:1002E000FFF761FE022101FB10990E9A921C0D99F5
:1002F000891C0F98FFF757FEA9EB000007B2DDE954
:100300000D12891C0F98FFF74EFE81460E9A521C63
:100310000D99891C0F98FFF746FE022101FB0099F9
:100320000E9A921C0D99891C0F98FFF73CFE814490
:10033000DDE90D120F98FFF736FEA9EB00090E9AC2
:10034000521C0D990F98FFF72EFE022101FB109908
:100350000E9A921C0D990F98FFF725FEA9EB00004D
:100360000FFA80F8002F02DBB8F1000F00DA00BFAF
:1003700041463846FFF792FD0390039841100B98D1
:1003800001FB05060398401C40100B9900FB05106B
:10039000059002990E98401A083000EB0010019A5F
:1003A0000D99891A08440830514951F820000490E9
:1003B000039810281CD2DFE800F0081C4A629FB3A3
:1003C000F2F0EFEEEDECEBEAE9E8384602F0E4FD9E
:1003D0008246049902F000FE81464448006850F8C5
:1003E0002610484602F0B3FD4049096841F826004E
:1003F0006CE2A7EB080002F0CFFD8246049902F000
:10040000EBFD81463948006850F82610484602F056
:100410009EFD3649096841F82600404602F0BCFDC1
:100420008346344902F0D8FD8246049902F0D4FD97
:1004300081462E480268059852F82010484602F07E
:1004400086FD2A490968059A41F822003EE24046A5
:1004500002F0A2FD8346274902F0BEFD82460499C0
:1004600002F0BAFD81462148006850F8261048463F
:1004700002F06DFD1D49096841F8260026E2384664
:1004800002F08AFD83461B4902F0A6FD82460499CC
:1004900002F0A2FD81461548006850F82610484633
:1004A00002F055FD1149096841F82600A8EB070044
:1004B00002F072FD8246049902F08EFD81460B48DF
:1004C0000268059852F82010484602F040FD07499E
:1004D0000A68059942F82100F8E10000C4C0012033
:1004E000D8C00120CC000020C8000020BC000020A3
:1004F00044510108F704B53F404602F04DFD8246E5
:10050000049902F069FD8146FE48006850F8261003
:10051000484602F01CFDFB49096841F82600D5E178
:1005200007EB080002F038FD8246049902F054FD02
:100530008146F448006850F82610484602F007FD4E
:10054000F049096841F82600B7F1000901DB494686
:1005500001E0C9F10001084602F01EFDEA490090E1
:1005600002F03AFD8346049902F036FD8246E548E2
:100570000068059A50F82210504602F0E8FCE14964
:100580000968059A41F82200A0E166E14DE111E118
:10059000F5E0BFE09FE069E04DE018E0FFE740468E
:1005A00002F0FAFC8346D84902F016FD824604990F
:1005B00002F012FD8146D348006850F826104846E4
:1005C00002F0C5FCCF49096841F826007EE14046AB
:1005D00002F0E2FC8346CC4902F0FEFC824604991C
:1005E00002F0FAFC8146C748006850F826104846D9
:1005F00002F0ADFCC349096841F8260017EB080971
:1006000001D4494601E0C9F10001084602F0C4FCEA
:100610008346049902F0E0FC8246BA480068059AD5
:1006200050F82210504602F092FCB6490968059A2B
:1006300041F822004AE1B7F1000901DB494601E037
:10064000C9F10001084602F0A7FC8346049902F0B4
:10065000C3FC8246AB48006850F82610504602F0B2
:1006600076FCA849096841F826002FE1A8EB0700AD
:1006700002F092FC8246049902F0AEFC8146A14849
:10068000006850F82610484602F061FC9D49096850
:1006900041F82600B8F1000901DB494601E0C9F143
:1006A0000001084602F078FC9749009002F094FCA3
:1006B0008346049902F090FC824692480068059AAD
:1006C00050F82210504602F042FC8E490A68059903
:1006D00042F82100FAE0B8F1000901DB494601E0E7
:1006E000C9F10001084602F057FC8749009002F06A
:1006F00073FC8346049902F06FFC824681480068CF
:1007000050F82610504602F022FC7E49096841F854
:100710002600DBE0B7F1000901DB494601E0C9F141
:100720000001084602F038FC7749009002F054FCC2
:100730008346049902F050FC82467248006850F8E3
:100740002610504602F003FC6E49096841F8260065
:10075000A7EB080002F020FC8246049902F03CFC62
:10076000814668480268059852F82010484602F011
:10077000EEFB64490A68059942F82100A6E0B8F149
:10078000000901DB494601E0C9F10001084602F019
:1007900003FC8346049902F01FFC82465948006816
:1007A00050F82610504602F0D2FB5649096841F82D
:1007B00026008BE017EB080901D4494601E0C9F196
:1007C0000001084602F0E8FB8346049902F004FCAD
:1007D00082464C48006850F82610504602F0B7FB9D
:1007E0004849096841F82600B7F1000901DB49468C
:1007F00001E0C9F10001084602F0CEFB4249009039
:1008000002F0EAFB8346049902F0E6FB82463D488B
:100810000068059A50F82210504602F098FB3949BA
:100820000A68059942F8210050E0384602F0B4FB0E
:100830008346354902F0D0FB8246049902F0CCFB96
:1008400081463048006850F82610484602F07FFB89
:100850002C49096841F8260038E0B8F1000901DBAD
:10086000494601E0C9F10001084602F095FB26491E
:10087000009002F0B1FB8346049902F0ADFB824682
:100880002048006850F82610504602F060FB1D49D1
:10089000096841F8260017EB080901D4494601E030
:1008A000C9F10001084602F077FB8346049902F083
:1008B00093FB82461348006850F82610504602F019
:1008C00046FB1049096841F8260000BF00BF0D989B
:1008D000401C0D9006990D9888427FF7DEAC0E986B
:1008E000401C0E9008990E9888427FF7D3AC0B9865
:1008F000401C0B900B98A8427FF49BAC00200B90FF
:100900001FE00000BC000020F704B53F00200C9061
:1009100011E0DDE90B0101FB0506FF49096851F80B
:100920002600FE4901F0A0FEFD49096841F82600B5
:100930000C98401C0C900C980828EADB0B98401C83
:100940000B900B981028E1DB11B0BDE8F08F2DE97A
:10095000FF4F8BB004460D461E46199F002007909E
:1009600090E2079805EB80000088ADF82800079812
:1009700005EB80004088ADF82A000798401C05EB85
:1009800080000088ADF824000798401C05EB80002B
:100990004088ADF82600BDF92800BDF92410884232
:1009A00072D1BDF92A00089067E0002E41D04FF0C7
:1009B000FF383AE04FF0FF30069031E0089810EB36
:1009C00008002AD4089800EB08011898814224DA1C
:1009D000BDF92800069940181FD4BDF928100698C3
:1009E0000844B84219DABDF9281006980844059061
:1009F0000898404404EBC000059900EBE100007842
:100A000001F007020121914008430899414404EB99
:100A1000C101059A01EBE20108700698401C06909E
:100A200006980228CAD108F10108B8F1020FC1D115
:100A300016E0BDF928000590089804EBC001059860
:100A400001EBE0000078059901F0070201219140D7
:100A50000843089904EBC102059902EBE101087013
:100A6000BDF92600BDF92A10884203DD0898401C14
:100A7000089002E00898401E0890BDF926100898DA
:100A8000814292D1FBE1FFE7BDF92A00BDF92610B2
:100A9000884275D1BDF9280008906AE0002E42D046
:100AA0004FF0FF383BE04FF0FF30069032E0069900
:100AB000089840182BD40699089808441899884239
:100AC00025DABDF92A0010EB080020D4BDF92A0070
:100AD0004044B8421BDA0699089808440590BDF9CD
:100AE0002A00404404EBC001059801EBE0000078C7
:100AF000059901F00702012191400843BDF92A1030
:100B0000414404EBC102059902EBE101087006982B
:100B1000401C069006980228C9D108F10108B8F1D6
:100B2000020FC0D118E008980590BDF92A0004EB27
:100B3000C001059801EBE0000178059800F007027C
:100B4000012090400143C8B2BDF92A1004EBC10155
:100B5000059A01EBE2010870BDF92400BDF92810E7
:100B6000884203DD0898401C089002E00898401E67
:100B70000890BDF92410089881428FD17FE1FFE7EA
:100B8000BDF92410BDF92820881A02F005FA824622
:100B9000BDF92610BDF92A20881A02F0FDF9834616
:100BA000514602F0E9F9814602F0A6F9CDE90201C9
:100BB00021F00041CDE900015AA00CC8009801F0D5
:100BC00069FE13D2BDF92410BDF92820881A02F05D
:100BD000E3F98146BDF92610BDF92A20881A02F0F2
:100BE000DBF98246494602F0C7F912E0BDF926104A
:100BF000BDF92A20881A02F0CFF98146BDF92410E8
:100C0000BDF92820881A02F0C7F98246494602F049
:100C1000B3F90490BDF92420BDF92830D01ABDF9EC
:100C20002620BDF92A30D11A01D40B4600E04B42F0
:100C3000002801DB024600E0424293426BDA0020CA
:100C400008907EE0089802F0A7F90390049902F05A
:100C5000C3F9834602F099F9BDF92A1000EB0109A6
:100C6000BDF92800089900EB010A002E3CD04FF096
:100C7000FF3835E04FF0FF3006902CE019EB08000C
:100C800026D409EB08001899884221DA06981AEB55
:100C900000001DD406985044B84219DA0AF1010048
:100CA000059009EB080004EBC000059900EBE1009A
:100CB0000178059800F00702012090400143C8B276
:100CC00009EB080104EBC101059A01EBE201087090
:100CD0000698401C069006980228CFD108F101081A
:100CE000B8F1020FC6D113E0CDF814A004EBC9008F
:100CF000DDF814A000EBEA0001780AF007020120F9
:100D000090400143C8B204EBC90101EBEA0108704D
:100D1000BDF924000AE01EE0BC00002085EBD13EB6
:100D2000C0000020000000000000F03FBDF92810C6
:100D3000884203DD0898401C089002E00898401E95
:100D40000890BDF92400BDF92810401A089988427E
:100D50007FF478AF92E0BDF92420BDF92830D01A95
:100D6000BDF92620BDF92A30D11A01D40B4600E086
:100D70004B42002801DB024600E0424293427DDB09
:100D80000020089072E0BDF92A10089801EB0009D4
:100D9000089802F001F90390049902F01DF98346C6
:100DA00002F0F3F8BDF9281000EB010A002E3CD048
:100DB0004FF0FF3835E04FF0FF3006902CE019EB94
:100DC000080026D409EB08011898814221DA069818
:100DD0001AEB00001DD406985044B84219DA069860
:100DE0005044059009EB080004EBC000059900EBA6
:100DF000E1000178059800F00702012090400143CE
:100E0000C8B209EB080104EBC101059A01EBE2014C
:100E100008700698401C069006980228CFD108F169
:100E20000108B8F1020FC6D113E0CDF814A004EB0D
:100E3000C900DDF814A000EBEA0001780AF007020F
:100E4000012090400143C8B204EBC90101EBEA0163
:100E50000870BDF92600BDF92A10884203DD089804
:100E6000401C089002E00898401E0890BDF926003A
:100E7000BDF92A10411A0898814284D100BF079811
:100E8000401C07900D98411E079881427FF469AD80
:100E90000FB0BDE8F08F2DE9F04F099C15464FF0DB
:100EA000FF360F46B4464FF0000935E000EB890AE3
:100EB000BAF902A0BA4504DA00EB890ABAF902A02D
:100EC00000E0BA46574600EB890ABAF900A0AA45E5
:100ED00004DA00EB890ABAF900A000E0AA465546F8
:100EE00000EB890ABAF902A0E24504DD00EB890AA9
:100EF000BAF902A000E0E246D44600EB890ABAF94A
:100F000000A0B24504DD00EB890ABAF900A000E0B8
:100F1000B246564609F10109DDF828A0D145C5DBE6
:100F2000ACEB070A0AF1010A93FBFAFA0AF1010E87
:100F3000A6EB050A0AF1010A94FBFAFA0AF1010884
:100F40004FF000092BE000EB890ABAF902A0AAEBE6
:100F5000070A0AFB03FAACEB070B0BF1010B9AFB38
:100F6000FBFAF2440FFA8AFA00EB890BABF802A005
:100F700000EB890ABAF900A0AAEB050A0AFB04FAF9
:100F8000A6EB050B0BF1010B9AFBFBFAC2440FFA1F
:100F90008AFA00EB890BABF800A009F10109DDF832
:100FA00028A0D145CFDBBDE8F08F2DE9FF4784B005
:100FB00014461D46BDF91000BDF91410884223D116
:100FC000002619E0BDF81000296804EB81010880B3
:100FD000BDF81200304400B2296804EB810148805A
:100FE0002868401C2860BDF91600BDF9121088421F
:100FF00001DD761C00E0761EBDF91600BDF9121069
:10100000401AB042DED1E9E0BDF91200BDF9161078
:10101000884223D1002619E0BDF81200296804EBAC
:1010200081014880BDF81000304400B2296804EB0B
:10103000810108802868401C2860BDF91400BDF9B2
:101040001010884201DD761C00E0761EBDF9140008
:10105000BDF91010401AB042DED1BFE0BDF9141046
:10106000BDF91020881A01F097FF8146BDF91610CE
:10107000BDF91220881A01F08FFF8246494601F01F
:101080007BFF804601F038FFCDE9020121F00041ED
:10109000CDE90001AFF274300CC8009801F0FAFB02
:1010A00013D2BDF91410BDF91020881A01F074FF95
:1010B0008046BDF91610BDF91220881A01F06CFFA8
:1010C0008146414601F058FF12E0BDF91610BDF906
:1010D0001220881A01F060FF8046BDF91410BDF996
:1010E0001020881A01F058FF8146414601F044FF64
:1010F0000746BDF91420BDF91030D01ABDF91620ED
:10110000BDF91230D11A01D40B4600E04B42002841
:1011100001DB024600E0424293422FDC002625E03C
:10112000BDF81000304400B2296804EB810108804A
:10113000304601F031FF8146394601F04DFF8046CF
:1011400001F023FFBDF81210084400B2296804EB37
:10115000810148802868401C2860BDF91400BDF951
:101160001010884201DD761C00E0761EBDF91400E7
:10117000BDF91010401AB042D2D12EE0002625E071
:10118000BDF81200304400B2296804EB81014880A8
:10119000304601F001FF8146394601F01DFF8046CF
:1011A00001F0F3FEBDF81010084400B2296804EB0A
:1011B000810108802868401C2860BDF91600BDF92F
:1011C0001210884201DD761C00E0761EBDF9160083
:1011D000BDF91210401AB042D2D100BF08B0BDE82C
:1011E000F0872DE9F84F04460D461646701E00EBB9
:1011F000D0714FEA6109A5EB09000090CA46A8002A
:10120000FEF742FD8346AA002146584600F071FCD5
:10121000B54205DB06EBD6714910B6EB410101D1B1
:10122000BDE8F88F4F463CE0002004EB87010880C2
:1012300004EB87014880CAF100081BE004EB87003B
:10124000008807EB08010BEB81010988084400B214
:1012500004EB8701088004EB8700408807EB080156
:101260000BEB81014988084400B204EB87014880F8
:1012700008F10108D045E1DD04EB8700B0F900007A
:1012800090FBF6F000B204EB8701088004EB8700C6
:10129000B0F9020090FBF6F000B204EB8701488041
:1012A0007F1C00988742BFDB5846FEF7F4FCB7E787
:1012B0002DE9FF4F91B004460D461E9E0327802066
:1012C00010900F9040200E900D9000200B900A90EF
:1012D0008146802009900520049029462046049AE2
:1012E000FFF77FFF4FF0010A29E004EB8A01B1F913
:1012F0000010AAF1010204EB8202B2F90020881A60
:1013000001D4014600E04142089104EB8A01B1F9A1
:101310000210AAF1010204EB8202B2F90220881A3B
:1013200001D4014600E041420791DDE907108842FF
:1013300001DB089800E0079881440AF1010AAA45F8
:10134000D3DB4FEA8900FEF79FFC80464FEA890213
:1013500000214046FEF78EFC4FF0000A15E00AF12E
:10136000010004EB8001042203A800F0C2FB04EB9F
:101370008A01042202A800F0BCFB0AAB4246DDE968
:101380000201FFF712FE0AF1010A681E5045E6D17C
:101390004FEA8900B0FBF7F00390FEF775FC0C9064
:1013A0004FEA8900B0FBF7F00246002103900C9849
:1013B000FEF760FC4FF0000A13E008EB8A0000889B
:1013C000DDE90B2101EB8201088008EB8A004088EF
:1013D000DDE90B2101EB820148800B98401C0B904A
:1013E000BA44CA45E9DB4046FEF755FC0B9B0E9A12
:1013F000CDE90023DDE90C03DDE90F12FFF74BFD1A
:101400004FF400720021FD480068FEF733FCDDE96F
:101410000D23CDE900230123F848DDE90B21006805
:10142000FFF795FA0C98FEF736FCF4480999006826
:10143000FEF7DDFE2823099ACDE900230123F048B9
:10144000F0490268F0480068FEF7F2FC14980128A1
:1014500006D0022809D003280CD0042814D10EE0AD
:10146000002006900A20059012E00A200690242011
:1014700005900DE0242006903E20059008E0002015
:1014800006903E20059003E0002015B0BDE8F08FE7
:1014900000BF4FF4F8720021DC480068FEF7EAFB59
:1014A0004FF0000A40E04FF0000B30E0069A524443
:1014B00002EB8202D64B03EB421252F82B10D04AB9
:1014C000126852F82B0001F0DBFD0290069A52449C
:1014D00002EB8202CE4B03EB421252F82B10C84AA9
:1014E000126852F82B0001F0CBFD0190029901F037
:1014F00073FD0390C548006850F83A10039801F056
:1015000026FDC249096841F83A000BF1010BBBF115
:10151000280FCBD1504601F03FFDBC49096801EBD3
:10152000CA0148600AF1010ADDE90501401A504587
:10153000B9D1DDE90501401A421E0021B348006817
:10154000FEF718FC4FF0000A0EE0B049096801EB05
:10155000CA01486801F019FD06990844AD49085CC4
:1015600006F80A000AF1010A13988245EDDB002013
:1015700006F80A00307888E72DE9F84F04460D4652
:1015800016461F46DDF828804FF000094FF6FF7A17
:10159000D346012D02DCC846BDE8F88F4FF00009A4
:1015A0001CE004EB8900B0F9001009F1010004EB24
:1015B0008000B0F9000081420BD104EB8900B0F942
:1015C000021009F1010004EB8000B0F90200814231
:1015D00000D006E009F101001FFA80F9681E4845B5
:1015E000DFDC00BF681E484500D1D5E74FF0000999
:1015F00019E004EB8900B0F90000504504DA04EB6F
:10160000890000881FFA80FA04EB8900B0F9020013
:10161000584504DA04EB890040881FFA80FB09F181
:1016200001001FFA80F9A945E3DB4FF0000915E03E
:1016300004EB89000088A0EB0A0000B204EB8901EA
:10164000088004EB89004088A0EB0B0000B204EB9B
:101650008901488009F101001FFA80F9A945E7DBFB
:101660003B46324629462046CDF80080FFF720FE53
:1016700092E72DE9F84F4FF00009C3F800900124DC
:10168000EBE0A4F1010900EB8909B9F9005000EB86
:101690008409B9F900A0CDF800A0A4F1010900EB7C
:1016A0008909B9F9026000EB8409B9F90270DDF823
:1016B00000A0BAEB050901D4CA4601E0C9F1000A4D
:1016C000D446B7EB060901D4CA4601E0C9F1000AC5
:1016D000D646F44559DD4FF0000853E0DDF80090A0
:1016E000A9450ADD05EB08090FFA89F9D3F800A02E
:1016F00002EB8A0AAAF8009009E0A5EB08090FFAA4
:1017000089F9D3F800A002EB8A0AAAF80090B74240
:101710001ADDD3F800A002EB8A0ABAF900A0BAEBEE
:10172000050901D4CA4601E0C9F1000A0AFB0EFA14
:101730009AFBFCFAB2440FFA8AFAD3F800B002EB33
:101740008B0BABF802A01AE0D3F800A002EB8A0AD8
:10175000BAF900A0BAEB050901D4CA4601E0C9F103
:10176000000A0AFB0EFA9AFBFCFAA6EB0A0A0FFA29
:101770008AFAD3F800B002EB8B0BABF802A01B1D6A
:1017800008F10108E045A9DB66E04FF0000861E0E0
:10179000B7420ADD06EB08090FFA89F9D3F800A071
:1017A00002EB8A0AAAF8029009E0A6EB08090FFAF0
:1017B00089F9D3F800A002EB8A0AAAF80290DDF8B2
:1017C0000090A94528DDD3F800A002EB8A0ABAF9F7
:1017D00002A0BAEB060901D4CA4601E0C9F1000A29
:1017E0000AFB0CFA9AFBFEFAAA440FFA8AFAD3F81B
:1017F00000B002EB8B0BABF800A028E0B800002093
:10180000C4000020085B0108C0000020D0000020B8
:1018100008AB0108C8D10108D3F800A002EB8A0A7E
:10182000BAF902A0BAEB060901D4CA4601E0C9F12F
:10183000000A0AFB0CFA9AFBFEFAA5EB0A0A0FFA59
:101840008AFAD3F800B002EB8B0BABF800A01B1D9B
:1018500008F10108F0459BDB641C8C42FFF611AFD8
:10186000BDE8F88F704710B54C1084EA530404D5D6
:101870004042C1F1000138BF491E1B4204D552420B
:10188000C3F1000338BF5B1E00F0BCF914F0804FB9
:1018900004D04042C1F1000138BF491E14F0004F8E
:1018A00004D05242C3F1000338BF5B1E10BD0000DC
:1018B0000FB4044910B503AA029800F095FA10BCC1
:1018C0005DF814FB6C0000202DE9F0410E46044643
:1018D000002020622046E168884730B3252805D0E3
:1018E000D4E901219047206A401CF2E7E1682046D4
:1018F00000278847050018D0A5F14100192802D813
:1019000020354FF400673246294620462760EEF71F
:1019100075FC40B1012804D0F61D26F007060836F4
:10192000D8E7361DD6E72846DAE7206ABDE8F08119
:1019300070B50C460546012A05D02878800600D5EA
:10194000EA69002302E0012305E05B1C934202D216
:10195000E05C0028F9D1A869E618C01AA861286AD5
:10196000184428622846AFF3008004E0D5E901213D
:1019700014F8010B9047B442F8D32846AFF3008027
:1019800070BD00002DE9F04106460024106875295D
:10199000314616A510D0AFF30080002802DA40428D
:1019A00013A507E031688A0701D512A502E04907AF
:1019B00004D511A5012401E0AFF3008000210A2223
:1019C00006F1240709E0B0FBF2FCB0FBF2F302FBE6
:1019D0001C00303078541846491C0028F3D12346A7
:1019E0002A463046BDE8F04100F08EB90000000004
:1019F0002D0000002B0000002000000070B5044600
:101A00000D4621461068AFF300802188090502D5F4
:101A10000F4A7A4402E00E4A7A440E32002104F161
:101A2000240305E000F00F060009965D5E54491C92
:101A30000028F7D120780023000704D5702D02D0AC
:101A400009B1022311322046BDE8704000F05CB9B4
:101A5000F0B7000040EA0103024630B59B0710D101
:101A60004FF0013400E008C208C91D1B9D4315EA70
:101A7000C41FF8D013F0FF0102F8011B0DD01B0AA0
:101A8000F8E711F8013B002B02F8013B05D011F8F3
:101A9000013B002B02F8013BF3D130BD10B5431CD4
:101AA00002E010F8011B71B18107FAD14FF0013249
:101AB00002C88C1A8C4314EAC211F9D0C01A0A0663
:101AC00003D0C01E10BDC01A10BD0A0401D0801E74
:101AD00010BD0902FCD0401E10BD421E12F8013F8D
:101AE000002BFBD111F8013B002B02F8013BF9D18F
:101AF0007047032A40F2308010F0030C00F015808C
:101B000011F8013BBCF1020F624498BF11F801CB00
:101B100000F8013B38BF11F8013BA2F1040298BF65
:101B200000F801CB38BF00F8013B11F0030300F0CF
:101B30006D81083AC0F0088051F8043B083A51F82A
:101B400004CBA0E80810F5E7121D5CBF51F8043B78
:101B500040F8043BAFF30080D20724BF11F8013BEB
:101B600011F801CB48BF11F8012B24BF00F8013B4D
:101B700000F801CB48BF00F8012B70474FF0013C43
:101B800050F8042B51F8043B9A4221D1A2EB0C03EC
:101B9000934313EACC1317D150F8042B51F8043BAC
:101BA0009A4215D1A2EB0C03934313EACC130BD149
:101BB00050F8042B51F8043B9A4209D1A2EB0C03D4
:101BC000934313EACC13DBD04FF00000704700BF03
:101BD000D01A01BAB1FA81F101F0180122FA01F02C
:101BE000CB40C1F12001DBB2C0B2C01A2CFA01F324
:101BF000D11A914311EAC311E6D17047704770477B
:101C00007047704753EA020C00F069802DE9F04BF1
:101C10004FF00006002B1FBFB3FA83F503FA05F45B
:101C200024FA05F65E4012BF1643B2FA82F502FAB4
:101C300005F4C5F120051EBF22FA05FC44EA0C0498
:101C4000203556EA044C4FEA144418BF641C4FF088
:101C500000084FF00009904271EB030C39D30029C2
:101C600019BFB1FA81F701FA07F6B0FA80F700FA66
:101C700007F6C7F120071EBF20FA07FC46EA0C064C
:101C80002037B6FBF4FCA7EB0507103F07F01F0B4E
:101C9000CBF120060CFA0BFB2CFA06F644BFB34638
:101CA0000026202FA4BF5E464FF0000B5BEA060C17
:101CB00008BF4FF0010B19EB0B09ABFB027C48EBA3
:101CC0000608C01B06FB02CC0BFB03CC71EB0C011E
:101CD000C1E70B46024641464846BDE8F08B13B5C6
:101CE0004FF000004FF00001AFF30080BDE81C4052
:101CF000704710B500F0BCF8006810BD10B5044680
:101D000000F0B6F8046010BD2DE9F0470D46994685
:101D10009246044600F124080168880604D5E0696B
:101D200021F01001216000E00120A84201DD471BE5
:101D300000E00027A1697A1902EB0900081AA061E6
:101D40002078C00602D42046AFF30080002608E0C9
:101D5000D4E901211AF806009047206A401C761C3D
:101D600020624E45F4DB2078C0060AD52046AFF34A
:101D7000008006E0D4E9012130209047206A401C11
:101D80002062381EA7F10107F4DC07E0D4E9012145
:101D900018F805009047206A401C2062281EA5F113
:101DA0000105F3DC2046AFF300802078000602D561
:101DB0000220BDE8F0870120FBE710B5436913B1AD
:101DC000AFF3008001E0FFF7B3FD012010BD1278F2
:101DD00000F124010A7000224A700122EDE7116827
:101DE0004FF0FF32E9E70000074B70B50D467B442A
:101DF00000F047F80446284600F056F810B14FF0BE
:101E0000FF3070BD204670BDFB7EFFFF10B5203A4D
:101E1000C0F00B80B1E81850203AA0E81850B1E8A3
:101E20001850A0E81850BFF4F5AF5FEA027C24BF59
:101E3000B1E81850A0E8185044BF18C918C0BDE850
:101E400010405FEA827C24BF51F8043B40F8043B19
:101E500008BF7047D20728BF31F8023B48BF11F8CE
:101E6000012B28BF20F8023B48BF00F8012B704728
:101E700000487047ECC0012001694A1C02610878E3
:101E8000704700B58FB0CDE90131002105910549BA
:101E90007944CDE9031011466846FFF715FD0FB0F0
:101EA00000BD0000E5FFFFFF007B00F080007047F1
:101EB00000487047ECC001207546FFF7F9FFAE46B9
:101EC00005006946534620F00700854618B020B546
:101ED000F7F7BCFFBDE820404FF000064FF00007C9
:101EE0004FF000084FF0000B21F00701AC46ACE8C2
:101EF000C009ACE8C009ACE8C009ACE8C0098D462F
:101F0000704710B50446AFF300802046BDE810408E
:101F1000EEF78EB94100080218BF04200A0E18BF60
:101F200040F001004FF07F4232EA010108BF40F06B
:101F30000200012808BF05207047000010B510EE10
:101F4000100A2DED068BB7EE001A10EE901AB0EEC7
:101F5000418A0022A0F5000CDFEDFE9A4FF00073DD
:101F6000BCF1FE4F4FF07F4403EB410C80F0B48195
:101F7000BCF1804FC0F02082F74901449FEDF73A51
:101F8000B1F5005F40F2D48200F58021CB0C03F064
:101F90000F0101EE901AC3F307137F3BA0EBC35070
:101FA000B8EEE12A00EE100A1A44DFEDED2AF0EE59
:101FB000411A42EE221AF0EE613A70EE232A30EE18
:101FC000632A12EE900A00F500606FF30B0001EE39
:101FD000900A73EEE13A33EE804AC1EE223A22EEE5
:101FE000230A10EE100A00F500606FF30B0000EEFC
:101FF000100A00EE612A00EE442A62EE232A70EEF7
:10200000221A21EEA12ADFEDD73A02EE233A23EE7F
:10201000023A20EE012A22EE811A03EE211A32EE54
:10202000010A10EE100A00F500606FF30B0000EEDD
:10203000100A72EE401A31EE812A9FEDCB1A60EE43
:10204000011A9FEDCA1A20EE011A9FEDC90A02EE8D
:10205000001A31EE810A10EE100A00F500606FF3ED
:102060000B0000EE100AC34871EEC01A31EE812A4F
:10207000784400EBC10090ED003AD0ED011A100158
:1020800001EE100AF8EEC12A32EE211A31EE001AE2
:1020900031EE031A31EE221A11EE100A00F500603B
:1020A0006FF30B0009EE100A39EE621A31EE431A93
:1020B00031EE400A30EE610A32EE40AA10EE900A8C
:1020C000002100F500606FF30B0008EE900A08464F
:1020D00070EEE8AA4FF0000029EE280A00F00C018B
:1020E000F0EEC00A10EE900AB0F18B4F0DDD10EE4D
:1020F000900AB4EB400F08D310EE100A4FF08B4259
:1021000062F31E0008EE900A13E069EE2A0A38EE28
:10211000AA1A4AEE010A30EE201A11EE100A00F552
:1021200000606FF30B0008EE900A30EE680A70EE64
:10213000209A0C204FF0000038EEA90AB5EEC00A34
:10214000F1EE10FA34BFFEEE000AF6EE000A30EEB1
:10215000800ABDEEC00A10EE100A011100EE101A3E
:10216000F8EEC00A00EE100AB8EEC00A38EEC00A57
:1021700030EE290ADFED801A9FED801A00EE211A59
:10218000DFED7F1A7F4900F00F0040EE011A21EECB
:10219000800A794401EB800191ED001A7A49794473
:1021A00001EB8001D1ED001A784901EE801A7944E3
:1021B00001EB8000764990ED000A31EE001AB0EE96
:1021C000E00A10EE100A884215DA10EE100AB4EB9D
:1021D000400F10D39FED6F0A30EE800ADFED6E0ADC
:1021E00020EE200A68EE010ABDEC068BBCEEC00AA8
:1021F00020EE200A10BD10EE100A6849884243DA2A
:1022000010EE100AB4EB400F3ED3BDEEE00A68EECC
:10221000010A10EE100A00EBD0725110C90501F14D
:102220007E5100EE101AA0EB6200C00560EE200A9D
:1022300000F17E5000EE100A60EE808A18EE900ADF
:10224000B4EB400F0FD10220FFF758FD00F0FCF96E
:1022500010EE101A18EE100ABDEC068B61F31E008A
:1022600000EE100A10BD18EE900A400011D018EED2
:10227000900AFFF74FFE042808BF00F0EDF9B0EE1A
:10228000680ABDEC068B10BDF5EEC00AF1EE10FA3F
:102290000FD20220FFF732FD00F0DEF910EE101A27
:1022A00018EE100ABDEC068B61F31E0000EE100A5A
:1022B00010BD0220FFF722FD00F0C6F910EE101A43
:1022C000B0EE480A10EE100ABDEC068B61F31E005A
:1022D00000EE100A10BD00BFBCF1804F6CD300BFF0
:1022E00000F1FF43B3F1FE4F24D200BFB0EEC00AAD
:1022F00010EE100AC1F3C7537F2B0DDB972BBFF6EF
:102300003BAEC3F196034FF0010C0CFA03F3A3F1BB
:10231000010C1CEA010F08D00120FFF7EFFCBDEC17
:10232000068BBDE8104000F087B90B4218BFBFEE26
:10233000008A21E643001CBF4FF08073B3EB400FCF
:1023400034D96FF01A02DFED161A20EE210A10EED2
:10235000100A27E000000000001080C0ABAAAA3ECF
:102360000000803D7EE24C3E00B03842D49AB8BBBB
:102370003BAA3842BCB10000FC596337C9FF753A2B
:102380001872313D5AB100008EB10000FEB000005D
:102390000000FC420000FE420000004B00004043F1
:1023A0000000004D10F0004FA0D1E5E5A0F50003BE
:1023B000B3F1FE4F21D2DFE503EB4103B3F1007F20
:1023C00011D3F5EEC00AF1EE10FA05D1430018BFA3
:1023D000B4EB400F76D883E701F0004141F0FC51A7
:1023E00000EE901A7CE7B3F1807F06D210EE903AAF
:1023F000A3F5000300EE903A72E720F000426FF080
:10240000FF4C604C02EB0C03A34210D321F00043BD
:102410009C44A4450BD3B0F17E5F18BF5FEA410C2A
:1024200050D0B2F1FF4F98BFB3F1FF4F05D9BDECCB
:10243000068BBDE8104000F0FBB8B0F1FF4F0FD0A5
:10244000C1F3C7527F2A09DB972A11DAC2F196023B
:10245000012303FA02F2531E0B4205D0002208E0CA
:1024600011F0004F55D128E00A4218BF012200D1D7
:10247000022210F5000F13D028B3B0F1004F26D080
:1024800010F1814F4FD04FF0FE42B2EB400F94BF9E
:1024900001200020012202EBE171884239D10CE0D9
:1024A00011F0004F02D0012A38D032E0012A02BFD9
:1024B0009FED350ABDEC068B10BD9FED340ABDECD7
:1024C000068B10BD2FE011F0004F0CD121E0B1F1CF
:1024D000FF4F1ED011F5000F05D011F0004F15D0A1
:1024E0000AB1012A08D00220FFF708FCBDEC068BD8
:1024F000BDE8104000F092B80220FFF7FFFB00F0AB
:102500008DF8BDEC068BB1EE400A10BD0AB1012A70
:1025100004D0B0EE690ABDEC068B10BDBDEC068B95
:102520009FED1B0A10BDBDEC068BB7EE000A10BD77
:1025300030EE410AB5EE001A9FED172A00EE413A3F
:10254000B6EE001A60EE001A00EE431A61EEC11AF0
:102550009FED101A20EE011A20EE020A9FED0F2ABD
:1025600001EE820A71EE001A11EE900A00F5006089
:102570006FF30B0009EE100A31EE491A31EE00AA92
:102580009CE50000FFFF3F00000080FF0000807F0F
:102590000000008000B0B841D49A38BB3BAAB841D3
:1025A00000B52DED048BB0EE409AF0EE609A83B04A
:1025B00051EC190B00F0EAFA41EC180B18EE100A76
:1025C00018EE901A8DED008B002818BF01200843EB
:1025D00020F00040C0F17F6000F1E040C00F14D057
:1025E00019EE101A19EE900A8DED009B002918BF04
:1025F0000121084320F00040C0F17F6000F1E0407D
:10260000C00F04BF0120FFF779FBB0EE480A03B00A
:10261000F0EE680ABDEC048B00BD0000DFED030A9C
:10262000B7EE001A81EE200A70470000000000009B
:1026300030EE200A70470000DFED020A80EEA00AAB
:1026400070470000000000009FED020A20EE000A23
:1026500070470000000000709FED020A20EE000AA3
:10266000704700000000001010B500EE100A00EEE8
:10267000901AFFF763FC10EE100A10BD10B591EA36
:10268000030F48BF83F0004300F15483841A71EBB9
:10269000030C05D2121943EB0C03001B61EB0C0178
:1026A000DFF824E14FEA1154A4EB135C1EEA430F58
:1026B00018BF9EEA445F73D023EA0E03DCF1200EBC
:1026C00021EA045143F4801332D322FA0CFE10EBBA
:1026D0000E0023FA0CFE41EB0E01CCF1200E03FAA2
:1026E0000EFE10EB0E0051F10001B1F5801FCCF190
:1026F000200E32D201EB045112FA0EF2BDE8104066
:1027000058BF7047401C38BF5FEA420218BF70478D
:10271000002814BF20F0010041F100014FEA4103FD
:1027200013F5001F38BF7047A1F1C04100F0E6B9B2
:10273000012A43EB0302ACF1200CDCF11F0E32BF87
:102740004FF0000E23FA0CF310EB030041EB0451A1
:10275000B4EB115FD0D0A1EB045101F58011490811
:102760005FEA300001EB04510ED350F1000038BF96
:1027700012FA0EFE08D1BDE81040C9E7401C38BF70
:102780005FEA4202CAD1C3E7BDE810404FEA410305
:1027900013F5001F38BF7047A1F1C04100F0AEB97A
:1027A0009EEA445F08D011EA5E0FBDE8104004BF06
:1027B00001F0004100207047BDE8104070B500F006
:1027C0004FF900BF64FBBE3E0000E0FF491058BF58
:1027D000C1F140415B1058BFC3F140438B42EFF35E
:1027E000008070474FEA1153A3F58063D3F11E03B5
:1027F000A8BFD3F1200C08DB4FF0004242EAC1220F
:1028000052EA505232FA03F0704709420BD4102BAF
:10281000C4BF0020704703F5787CBCF1FF3F05D0B2
:102820004FF0FF3070474FF00000704770B500F078
:1028300017F900BF4992248000207047F0E710F09C
:10284000004248BF4042B0FA80F310FA03F10AD0C8
:10285000C3F11D0303F580634FEA415002EB0352BD
:1028600002EBD12170474FF000007047B0FA80F3BF
:1028700010FA03F10AD0C3F11D0303F580634FEA98
:1028800041504FEA035202EBD12170474FF0000054
:102890007047000051EA030C17D41CF5801F58BF85
:1028A000BCF5801F00F10680994218BF704708BF31
:1028B0009042704707D711F5801F58BF13F5801F4E
:1028C00019D499427047894270471CF5801F08D57A
:1028D000BCF5801FF7D58B4218BF704708BF8242F6
:1028E00070474FF4001C1CEB410F38BF1CEB430F2B
:1028F00001D28B42704770B500F0B2F892244900C3
:102900004FF000514FF08053FFF760BFDFF848C130
:1029100070B51CEA111E1EBF1CEA13159EEA0C0FAF
:1029200095EA0C0F00F06F8081EA030423EA4C1350
:102930004EEAD47E21EA4C1141F4801143F4801315
:10294000AE44A1FB024CA0FB0365AEF17F7E3619BD
:1029500055EB0C05A1FB034C4CF10003A0FB021C42
:1029600016EB0C06654153F10003094218BF46F00F
:10297000010613F4007F0BD14FEA03314FEA053013
:10298000340341EA155140EA16506FF003020AE0A1
:102990004FEAC3214FEAC520F40241EA555140EA0B
:1029A00056506FF0020202EB2E4201EB025585EA0F
:1029B000CE710AD05FEA440C18BF24F0004450F1F5
:1029C000000041F1000120EAD47040F2FE7C624533
:1029D00000D270BDA84214BF4FF080444FF0404475
:1029E000002E08BF0024BEF1806FA8BFA1F1C04136
:1029F000BDE8704080F282804FF0000001F1C041DC
:102A000001F0004170479EEA0C0F0CEA131518BF45
:102A100095EA0C0F06D04FF0000081EA030E0EF08D
:102A2000004170BD00F01CF88900013E00F007B8BD
:102A300000F009B84FEA430C5FEA5C5C08D081EA19
:102A4000030100F05BB84FEA410C5FEA5C5CF6D131
:102A50004FF00000014970470000FF070000F87FB9
:102A60000EF1020E2EF0030E5EF8046B364205D412
:102A7000012A43EB030515F5001F12D8012841EB8D
:102A8000010C1CF5001F0CD80ED14FEAD17C15F5B6
:102A9000001F0CEB4C0C0CF1020C08BF4CEBD37C70
:102AA00004E04FF0080C01E04FEAD37C0CEB4C053E
:102AB00026FA05F606F00706B6F1040C06D20EEB70
:102AC000860CBDE870404CF0010C6047DFE80CF06C
:102AD000090B02024FF000414FF00000A1F5002168
:102AE00070BD19461046012851EB010418BFD4F5FA
:102AF000001484BF002001F0004170BD0808A0F55B
:102B000000114FEA3101704753EA010C17D41CF54C
:102B1000801F58BFBCF5801F00F106808B4218BF94
:102B2000704708BF8242704707D713F5801F58BF10
:102B300011F5801F19D48B4270479B4270471CF5DA
:102B4000801F08D5BCF5801FF7D5994218BF704784
:102B500008BF904270474FF4001C1CEB430F38BF76
:102B60001CEB410F01D2994270470FB40CBC03BC5F
:102B7000FFF7C1BE91EA030F10B581F000413FF5A8
:102B800085AD83F0004300F0D5B800002DE9F04199
:102B900001F5801CBCF5001FC0F2A9804FEA115C52
:102BA00021EA0C510CF1FD0C41F480115FEA5C0C40
:102BB0000CF5C07C01D34000494130A4890241EAB0
:102BC000905187028E0E0A0CA45D04FB04F602FBF2
:102BD00006F6C6F14046A4FB0662F60D46EA42261A
:102BE00006FB06F4A4FB01235242C3F1404338BF65
:102BF0005B1EA6FB02420024E6FB0324D20B42EA42
:102C00004446A6FB0623A1FB02E2A3FB07E4E3FB89
:102C100061426442C2F1404E38BFAEF1010EA6FBE4
:102C200004234FF00002E6FB0E32A2FB0346340001
:102C3000E2FB6264A1FB06E6A4FB07E8E4FB616833
:102C40007642C8F1405838BFA8F10108A2FB06E45B
:102C5000A3FB08E5E2FB6854A1FB05E6A7FB04E83B
:102C6000E1FB648618F1200556F10006A809A8F1D9
:102C70001B08B10908F03F08B8F10A0F40EA866066
:102C80001CD901EB0C51BDE8F08100BFFCF5EEE86A
:102C9000E2DDD8D3CFCBC7C3C0BDB9B6B4B1AEACFB
:102CA000A9A7A5A3A19F9D9B9A9896959392908F73
:102CB0008D8C8B898887868584838281A0FB0068C0
:102CC00000FB01F208EB4208B8EB872807D534185F
:102CD00058EB0104D5D5401C51F10001D1E7341A5D
:102CE00078EB0104CDD4401E71F10001C9E75FEA21
:102CF0004C0C5FEA9C5C0DD105D34FF0000001F055
:102D00000041BDE8F081BDE8F04170B5FFF7A8FED5
:102D10006DDBFFBEBDE8F0414FF000000049704799
:102D20000000F87F10B591EA030F48BF83F000431D
:102D30003FF5ACAC841A71EB030C07D212198CF07E
:102D4000004C43EB0C03001B61EB0C01DFF8A4E12A
:102D50004FEA1154A4EB135C1EEA430F18BF9EEA1E
:102D6000445F00F0B08023EA6E03524221EA04512E
:102D7000C3EB6E0338BF5B1EDCF1200E25D322FAB5
:102D80000CFE10EB0E0043FA0CFE41EB0E01CCF1F1
:102D9000200E03FA0EFE10EB0E0051F10001CCF1F3
:102DA000200E29D412FA0EF201EB0451BDE81040B6
:102DB00058BF7047401C1CBFB2F1004F704700283D
:102DC0000CBF491C20F00100704712EB020E43EBD0
:102DD000030218BF4FF0010E4EEA4202ACF1200C84
:102DE000DCF11E0E54D943FA0CFE10EB0E0051F12B
:102DF000FF31CCF11E0ED5D50EF1010E12FA0EFEEA
:102E0000404141EB010101EB445C5FEA5C5C10D99D
:102E100010EBDE7001EB045138BFBEF1004FBDE88E
:102E2000104018BF704700280CBF491C20F001005B
:102E3000704730D24FEAD42C11F5001124F400640D
:102E40001BD0B1FA81F20B3AA41AA41ED2F12003CE
:102E5000914030FA03F31943904001EBCC71002C00
:102E600001EB0451BDE81040A8BF704701F1C0411B
:102E70004FF0000001F000417047B0FA80F310FA03
:102E800003F100D110BDE41A173C4805C90AE4E774
:102E900001EB045110BD491001EB0451BDE8104095
:102EA0004FEA300002E04FF0000170474A0008BFCF
:102EB0000042F8D0B2F5001F28BF704701F0004172
:102EC0004FF0000070479EEA445F07D011EA5E0FA2
:102ED000BDE8104004BF002100207047BDE810404D
:102EE00070B5FFF7BDFD00BF40DFF63E83F0004147
:102EF000104670470000E0FF43004FEAD30C4FEA52
:102F00003C0C43401FBF40070CF1605113F0FE4FD3
:102F100070471CF0006F03D100200CF00041704797
:102F20000CF0004343EA507010B540EACC0000F0CA
:102F30005CF800BF000000924FEA0001FFF7DEBD21
:102F40004FF000414FF00000A1F50021704700EE66
:102F5000100A00EE901A30EE200A10EE100A7047A8
:102F6000401058BFC0F14040491058BFC1F1404126
:102F70008142EFF30080704700EE100A00EE901AD5
:102F800080EE201A11EE100A704700EE100ABDEE16
:102F9000C01A11EE100A704700EE100AB8EEC00A0F
:102FA00010EE100A7047000000EE100A00EE901AB2
:102FB000B4EE600AF1EE10FA78BF7047AFF300800C
:102FC00010B500F012F800BF922449004FF00050F5
:102FD0004FF08051FFF7C4BF00EE100A00EE901AC8
:102FE00020EE200A10EE100A70470EF1020E2EF0AD
:102FF000030E5EF8044B244204D44FEA4102B2F1BE
:103000007F4F11D84FEA4003B3F17F4F0CD80ED158
:103010004FEAD07CB2F17F4F0CEB4C0C0CF1020C60
:1030200008BF4CEBD17C04E04FF0080C01E04FEA04
:10303000D17C0CEB4C0324FA03F404F00704B4F144
:10304000040C06D20EEB840CBDE810404CF0010CD1
:103050006047DFE80CF0070802024FF00040A0F5DF
:10306000800010BD0846420018BFD2F1807288BFB0
:1030700000F0004010BD4FF04070E1EE100A7047C4
:1030800000EE100A00EE901A30EE600A10EE100A00
:103090007047000000000000000000000000000079
:1030A00000003F4000000000000000003000400031
:1030B00030004000000009000BC03D000BC03D0087
:1030C000090018C024407FE0224031800000180031
:1030D00024C01B000D803240018003801C4027402B
:1030E0001C8007400040100060000000000000004D
:1030F00000000000000000001F8020404020000071
:10310000402020401F8000000000090006001F80B2
:10311000060009000000040004003F8004000400D1
:10312000000000100060000000000000000004002B
:10313000040004000400040000000000004000003F
:10314000000000000000002001C006003800400020
:1031500000001F802040204020401F800000000011
:1031600010403FC000400000000018C02140224035
:1031700024401840000010802040244024401B8040
:10318000000002000D0011003FC0014000003C8023
:10319000244024402440238000001F8024402440F9
:1031A0003440038000003000200027C03800200099
:1031B00000001B802440244024401B8000001C0091
:1031C00022C0224022401F80000000000000084072
:1031D000000000000000000000000460000000008B
:1031E0000000000004000A00110020804040090097
:1031F000090009000900090000000000404020808B
:1032000011000A00040018002000234024001800C8
:1032100000001F802040274029401F400000004040
:1032200007C039000F0001C0004020403FC02440CB
:1032300024401B8000001F80204020402040308020
:10324000000020403FC0204020401F800000204060
:103250003FC024402E4030C0000020403FC02440EA
:103260002E00300000000F001080204022403380EC
:10327000020020403FC0040004003FC02040204026
:1032800020403FC02040204000000060202020203F
:103290003FC02000200020403FC024400B0030C031
:1032A000204020403FC020400040004000C03FC0C0
:1032B0003C0003C03C003FC0000020403FC00C4029
:1032C00023003FC020001F802040204020401F805E
:1032D000000020403FC024402400180000001F8050
:1032E0002140214020E01FA0000020403FC024409A
:1032F000260019C0004018C02440244022403180DC
:103300000000300020403FC020403000000020007E
:103310003F80004000403F80200020003E0001C070
:10332000070038002000380007C03C0007C0380004
:103330000000204039C0060039C0204000002000B5
:10334000384007C0384020000000304021C02640EF
:10335000384020C00000000000007FE040204020F6
:103360000000000070000C0003800040000000001E
:10337000402040207FE000000000000020004000CE
:1033800020000000000000100010001000100010CD
:1033900000100000000040000000000000000000DD
:1033A00002800540054003C0004020003FC00440AB
:1033B00004400380000000000380044004400640F5
:1033C000000000000380044024403FC00040000093
:1033D00003800540054003400000000004401FC07A
:1033E000244024402000000002E005500550065013
:1033F000042020403FC00440040003C000400000FF
:10340000044027C00040000000000010001004101D
:1034100027E00000000020403FC00140070004C03A
:103420000440204020403FC000400040000007C052
:10343000040007C0040003C00000044007C00440AB
:10344000040003C0004000000380044004400380E7
:103450000000041007F00450044003800000000046
:1034600003800440045007F00010044007C00240ED
:10347000040004000000000006400540054004C0B0
:103480000000000004001F80044000400000040011
:1034900007800040044007C000400400070004C04B
:1034A000018006000400060001C0070001C00600FC
:1034B0000000044006C0010006C0044000000410E3
:1034C000071004E00180060004000000044005C06D
:1034D0000640044000000000000004007BE04020A3
:1034E0000000000000000000FFF0000000000000ED
:1034F00040207BE00400000000004000800040000D
:10350000200020004000000000000000000000003B
:103510000000000000000000000000001FCC000CB4
:1035200000000000000000000800300060000800FB
:10353000300060000000022003FC1E20022003FC7B
:103540001E200220000000000E1811043FFF10840E
:103550000C78000000000F0010840F3800C00778BE
:1035600018840078000000780F8410C411240E988D
:1035700000E40084000808006800700000000000FB
:1035800000000000000000000000000007E0181824
:10359000200440020000000040022004181807E048
:1035A0000000000000000240024001800FF0018096
:1035B0000240024000000080008000800FF8008080
:1035C0000080008000000001000D000E00000000DF
:1035D00000000000000000000080008000800080EB
:1035E0000080008000800000000C000C0000000043
:1035F00000000000000000000006001800600180CC
:10360000060018002000000007F00808100410044D
:10361000080807F000000000080408041FFC00046C
:1036200000040000000000000E0C101410241044D0
:1036300011840E0C000000000C1810041104110479
:1036400012880C700000000000E00320042408240D
:103650001FFC0024000000001F98108411041104B6
:10366000108810700000000007F008881104110491
:1036700018880070000000001C00100010FC1300EF
:103680001C001000000000000E381144108410844B
:1036900011440E38000000000700088C104410444C
:1036A000088807F00000000000000000030C030C75
:1036B0000000000000000000000000010106000002
:1036C0000000000000000000008001400220041003
:1036D000080810040000022002200220022002201C
:1036E000022002200000000010040808041002203C
:1036F00001400080000000000E001200100C106C51
:1037000010800F00000003E00C1813E4142417C409
:10371000082807D000000004003C03C41C400740F8
:1037200000E4001C000410041FFC11041104110427
:103730000E880070000003E00C1810041004100440
:1037400010081C10000010041FFC100410041004CA
:10375000080807F0000010041FFC1104110417C42E
:1037600010040818000010041FFC1104110017C0F9
:1037700010000800000003E00C18100410041044AE
:103780001C780040000010041FFC108400800080A2
:1037900010841FFC10040000100410041FFC10040F
:1037A00010040000000000030001100110011FFEC2
:1037B00010001000000010041FFC110403801464AA
:1037C000181C1004000010041FFC10040004000466
:1037D0000004000C000010041FFC1F0000FC1F0070
:1037E0001FFC1004000010041FFC0C04030000E088
:1037F00010181FFC100007F0080810041004100433
:10380000080807F0000010041FFC108410801080CE
:1038100010800F00000007F0081810241024101C5E
:10382000080A07F2000010041FFC1104110011C067
:1038300011300E0C000400000E1C110410841084C2
:1038400010441C3800001800100010041FFC100465
:1038500010001800000010001FF8100400040004FD
:1038600010041FF8100010001E0011E0001C007072
:1038700013801C0010001FC0103C00E01F0000E07F
:10388000103C1FC000001004180C163401C001C009
:103890001634180C100410001C00130400FC130450
:1038A0001C00100000000804101C10641084130495
:1038B0001C04101800000000000000007FFE400201
:1038C000400240020000000030000C000380006055
:1038D000001C0003000000004002400240027FFE86
:1038E0000000000000000000000020004000400038
:1038F0004000200000000001000100010001000163
:103900000001000100010000400040002000000014
:103910000000000000000000009801240144014460
:10392000014400FC000410001FFC00880104010495
:10393000008800700000000000700088010401048D
:1039400001040088000000000070008801040104E8
:1039500011081FFC0004000000F801440144014468
:10396000014400C800000000010401040FFC110420
:10397000110411001800000000D6012901290129B5
:1039800001C90106000010041FFC008401000100B1
:10399000010400FC000400000104190419FC0004E7
:1039A00000040000000000000003000101011901F3
:1039B00019FE0000000010041FFC0024004001B4A8
:1039C000010C010400000000100410041FFC00049E
:1039D000000400000000010401FC0104010001FCDE
:1039E0000104010000FC010401FC0084010001004D
:1039F000010400FC0004000000F8010401040104BB
:103A0000010400F80000010101FF00850104010428
:103A100000880070000000000070008801040104AC
:103A2000010501FF00010104010401FC00840104FF
:103A3000010001800000000000CC012401240124C9
:103A400001240198000000000100010007F80104B2
:103A5000010400000000010001F80004000400045B
:103A6000010801FC0004010001800170000C00103D
:103A700001600180010001F0010C003001C0003044
:103A8000010C01F0010000000104018C00740170C0
:103A9000018C01040000010101810171000E001878
:103AA00001600180010000000184010C0134014427
:103AB0000184010C00000000000000000000010073
:103AC0003EFC400240020000000000000000FFFF3A
:103AD0000000000000000000400240023EFC010027
:103AE0000000000000000000600080008000400036
:103AF0004000200020000000000000000000000046
:103B000000000000000000000000000000000000B5
:103B100000000000000000000000000000000000A5
:103B20000000000000000000000F80380FFE380F7A
:103B300080380000000000000000000000000000CD
:103B4000000000000100000600000C00003800002A
:103B50003100000600000C000038000030000000BA
:103B600000000000000061800067F807F980006134
:103B7000800061800061800061800067F807F98043
:103B800000618000000000000000000001C0E003B0
:103B9000E0F00630080418081FFFFE040E0807872F
:103BA000F00381E000000000000001F000060C00BE
:103BB000040408060C7001F9C0000E00003BE00090
:103BC000EC18070808040C180003E00000000001CE
:103BD000E00007F003F818041C0804170807E1D0F8
:103BE00003C0E00023B0003C0800200800001000E3
:103BF00000000000000100003100003200001C0045
:103C000000000000000000000000000000000000B4
:103C100000000000000000000000000000000000A4
:103C20000000000000007F0001FFC00780F00C00D2
:103C30001810000420000200000000000020000214
:103C40001000040C00180780F001FFC0007F000086
:103C50000000000000000000000000000000000064
:103C600000004200006600006600003C00001800F2
:103C700003FFC0001800003C000066000066000062
:103C800042000000000008000008000008000008D2
:103C90000000080001FFC000080000080000080044
:103CA00000080000080000000000000100003100D2
:103CB000003200001C0000000000000000000000B6
:103CC00000000000000000000000000000000800EC
:103CD00000080000080000080000080000080000BC
:103CE00008000008000008000008000000000000B4
:103CF000000000000000380000380000380000001C
:103D000000000000000000000000000000000000B3
:103D1000000000000000000600001C000070000110
:103D200080000E0000380000C0000700001C0000EA
:103D3000300000000000000000007F8001FFE00371
:103D400080700600180400080400080600180380AC
:103D50007001FFE0007F8000000000000000000014
:103D600001000801000801000803FFF807FFF80040
:103D7000000800000800000800000000000000002B
:103D80000001C03802C05804009804011804021849
:103D9000040418061C1803F81801E0F800000000DD
:103DA000000000000001C0E003C0F00400080408A7
:103DB0000804080806180803F41801E7F00001E0F9
:103DC000000000000000000000000300000D0000E3
:103DD000110000610000810803010807FFF80FFFD0
:103DE000F80001080001080000000000000000E0E9
:103DF00007FCD0060808061008061008061008067A
:103E00001838060FF00607C0000000000000000090
:103E100000003F8001FFE00384300208180410080E
:103E2000041008041008071810030FF00007C00062
:103E3000000000000000000003C0000700000600B2
:103E4000000600F80607F806180006E00007000064
:103E500006000000000000000001E1E003F7F006AA
:103E60003410041808041808040C08040C0806167A
:103E70001803F3F001C1E000000000000000F800AA
:103E800003FC300306380402080402080402080494
:103E900004100308F001FFC0007F000000000000D4
:103EA000000000000000000000000000000070386A
:103EB00000703800703800000000000000000000B2
:103EC00000000000000000000000000000000000F2
:103ED0000000301A00301C0000000000000000004C
:103EE00000000000000000000000000000080000CA
:103EF0001400002200004100008080010040020008
:103F0000200400100800080000000000000021004C
:103F100000210000210000210000210000210000FC
:103F2000210000210000210000210000000000000D
:103F300000000000080008040010020020010040FA
:103F400000808000410000220000140000080000F2
:103F5000000000000003C00004C0000400000800CE
:103F600038080F380808380810000C300007E00047
:103F700003C000000000000000003F8000FFE003DD
:103F80008070020F1006708804C088048308047FC4
:103F90008802C09003012000FE40000008000018C5
:103FA0000001F8003E0801C20007020007E200001D
:103FB000FE00001FC80001F80000380000080400DF
:103FC0000807FFF807FFF8040808040808040808B1
:103FD00004080806180803F41801E7F00001E000DF
:103FE0000000000000003F8001FFE003807002003D
:103FF000180400080400080400080400100600204B
:104000000780C000000004000807FFF807FFF8045D
:1040100000080400080400080400180200100380CF
:104020007001FFE0007F8000000004000807FFF837
:1040300007FFF8040808040808040808040808042E
:104040003E0804000806001801006000000004009B
:104050000807FFF807FFF804080804080004080030
:10406000040800043E000600000600000180000075
:104070000000000000003F8001FFE00380700600A8
:10408000180400080402080402080203F00783F081
:1040900000020000020004000807FFF807FFF80410
:1040A00008080008000008000008000008000408D4
:1040B0000807FFF807FFF8040008000000000000F0
:1040C00004000804000804000807FFF807FFF804CC
:1040D00000080400080400080000000000000000C0
:1040E00000000006000007000001040001040001B8
:1040F00004000307FFFE07FFFC04000004000004A7
:10410000000004000807FFF807FFF8040C08001877
:1041100000003E0004C7800503C80600F80400380C
:1041200004001800000804000807FFF807FFF8045F
:104130000008000008000008000008000008000057
:104140000800001800006000000004000807FFF8E5
:1041500007800807FC00007FC00003F80007C000CC
:10416000780007800807FFF807FFF804000804003C
:104170000807FFF807000803C00000E0000038004F
:10418000001E000007000001C00400F007FFF80453
:104190000000000000007F8001FFE0038070060047
:1041A0001804000804000806001803003001FFE0AE
:1041B000007F8000000004000807FFF807FFF804F4
:1041C0000408040400040400040400040400060CB1
:1041D0000003F80001F000000000000000007F80F4
:1041E00001FFE00380700600880400880400C80610
:1041F000003C03003E01FFE6007F84000000040055
:104200000807FFF807FFF8040808040800040C007A
:10421000040F00040BC00610F003F03801E00800A2
:10422000000800000001E0F803F030063010041828
:1042300008041808040C08040C080206180207F009
:104240000781E00000000180000600000400000477
:10425000000004000807FFF807FFF8040008040046
:104260000004000006000001800004000007FFE0D9
:1042700007FFF00400180000080000080000080014
:10428000000800000804001007FFE004000004001C
:104290000006000007E00007FE00041FE00001F830
:1042A0000000380001E0043E0007C00006000004E2
:1042B000000004000007E00007FFC0041FF800072B
:1042C000C007F80007FF80043FF80007C004F800AB
:1042D00007000004000000000004000806001807A2
:1042E000C07805F1C8003E00001F800463E8078025
:1042F000F806001804000800000004000006000092
:1043000007800007E008047C08001FF80007F80099
:10431000180804E008070000060000040000000080
:10432000000100080600380400F80403E8040F0840
:10433000047C0805F00807C00807001804006000A6
:10434000000000000000000000000000000000006D
:10435000003FFFFE20000220000220000220000299
:10436000200002000000000000000000080000071C
:10437000000000C0000038000006000001C000007E
:104380003000000E000001000000000000000000EE
:104390002000022000022000022000022000023F34
:1043A000FFFE000000000000000000000000000010
:1043B00000000000000000080000100000300000B5
:1043C0002000003000001000000800000000000085
:1043D00000000000010000010000010000010000D9
:1043E00001000001000001000001000001000001C7
:1043F000000001000001000000000000000000209B
:10440000000020000010000010000000000000006C
:10441000000000000000000000000000000000F0AC
:104420000019F8001B1800220800260800240800C4
:104430002410003FF8001FF80000080000180000DA
:104440000004000007FFF80FFFF000181800100824
:10445000002008002008003018001FF0000FC000E6
:1044600000000000000007C0001FF000183000200E
:1044700008002008002008003C08001C1000006014
:104480000000000000000000000007C0001FF00056
:10449000381800200800200800200804101007FF2A
:1044A000F80FFFF000001000000000000000000006
:1044B0000007C0001FF00012300022180022080080
:1044C0002208003208001E10000E2000000000002C
:1044D0000000200000200800200801FFF803FFF87A
:1044E000062008042008042008072000030000001C
:1044F000000000000000000E000E6E001FF30031EF
:10450000B10020B10020B1003191001F13002E1E18
:1045100000200E00300000000004000807FFF80F24
:10452000FFF8001008002000002000002008003FD5
:10453000F8001FF800000800000000000000000064
:10454000002008002008002008063FF8063FF80079
:104550000008000008000008000000000000000043
:104560000000000000000300000300200100200103
:10457000002003063FFE063FFC0000000000000094
:10458000000000000004000807FFF80FFFF800011A
:1045900088000300002FC00038F8002038002008F1
:1045A00000000800000000000000000004000804F3
:1045B000000804000807FFF80FFFF80000080000DB
:1045C00008000008000000000000002008003FF87C
:1045D000003FF8001008002000003FF8003FF800FE
:1045E0001008002000003FF8003FF800000800001D
:1045F00000002008003FF8003FF8001008001000FD
:10460000002000002008003FF8001FF8000008000C
:1046100000000000000007C0000FF000183000305C
:1046200008002008002008003008001830000FF0B3
:104630000007C0000000000000002001003FFF0054
:104640003FFF001011002009002008002008003062
:1046500038001FF0000FC00000000000000007C07D
:10466000001FF00038180020080020080020090072
:104670001011001FFF003FFF00000100000000209C
:1046800008002008002008003FF8003FF800080854
:10469000001008002008002000003000003000005A
:1046A0000000000000000000000C78001E1800331D
:1046B000080023080021080021880021980030F01C
:1046C0000038600000000000000020000020000012
:1046D000200000FFF003FFF8002008002008002061
:1046E0000800003000000000000000000000200072
:1046F000003FF0007FF800001800000800000800EC
:104700002010003FF8007FF00000100000000000C3
:1047100000002000003000003C00003F800023F03B
:10472000000078000070002380003C000030000092
:104730002000002000003C00003FE00023F80000C3
:10474000E0002700003E00003FE00021F80001E00B
:10475000003E0000200000000000200800200800AB
:104760003838003E680027800003C8002CF8003865
:104770003800201800200800000000000000200081
:10478000003003003C01003F830023EC0000700078
:104790002380003C000020000020000000000000FA
:1047A000000000000038080020380020F80023E84E
:1047B000002F88003E080038080020180000700014
:1047C00000000000000000000000000000000000E9
:1047D000000008000014001FF7FC30000620000253
:1047E00000000000000000000000000000000000C9
:1047F0000000000000000000FFFFFF0000000000BC
:1048000000000000000000000000000000000000A8
:104810002000023000061FF7FC0014000008000012
:104820000000000000000000000000000000000088
:104830000018000060000040000040000020000060
:104840001000000800000400000400000C0000102C
:10485000000060E001200305350002081E08503CFE
:104860000F050000FF67500000181A1E1489280A5F
:10487000302EBB0A03000002331D000000000000C0
:10488000003200002A1C5A94C50207000000B51F20
:1048900000902800773200623F0052500052000022
:1048A0000000000000000000000000000000000008
:1048B00000000000000F0F03061042F80F14000064
:1048C00000001A18161412100E0C0A08000000003E
:1048D00000000000000000000000000000000000D8
:1048E00029282422201F1E1D0E0C0A08060504027A
:1048F00000FF0000000000000000000000FFFFFFBC
:10490000FFFFFFFFFFFFFFFFFFFF50815881608126
:104910006881708100010005001000140018030078
:1049200009000F0015001B0070D301080F000000E4
:104930000F000000FF0000000F0000000F0000004B
:104940000F00000000000000800C00000078000054
:104950008007000020000000200000002000000070
:104960000090010000000F0000F0000001030507A7
:10497000090E10121416181C1E000004000200017B
:104980008000400020001000080004000200000029
:1049900000800040002000100008004000200010AF
:1049A000000800040002610062006300640065000A
:1049B00066006700680069006A006B006C006D00AB
:1049C0006E006F007000710072007300740075005B
:1049D00076007700780079007A00A100A200A30099
:1049E000A500AC00AF00E000E100E200E300E4005D
:1049F000E500E600E700E800E900EA00EB00EC0073
:104A0000ED00EE00EF00F000F100F200F300F40022
:104A1000F500F600F800F900FA00FB00FC00FD00CC
:104A2000FE00FF00010103010501070109010B015F
:104A30000D010F01110113011501170119011B01CE
:104A40001D011F01210123012501270129012B013E
:104A50002D012F0131013301350137013A013C01AC
:104A60003E01400142014401460148014B014D0114
:104A70004F01510153015501570159015B015D017E
:104A80005F01610163016501670169016B016D01EE
:104A90006F0171017301750177017A017C017E015B
:104AA0009201B103B203B303B403B503B603B70372
:104AB000B803B903BA03BB03BC03BD03BE03BF0302
:104AC000C003C103C303C403C503C603C703C803AC
:104AD000C903CA03300431043204330434043504F6
:104AE00036043704380439043A043B043C043D04DA
:104AF0003E043F044004410442044304440445048A
:104B000046044704480449044A044B044C044D0439
:104B10004E044F04510452045304540455045604E3
:104B20005704580459045A045B045C045E045F048F
:104B300070217121722173217421752176217721D1
:104B4000782179217A217B217C217D217E217F2181
:104B500041FF42FF43FF44FF45FF46FF47FF48FF39
:104B600049FF4AFF4BFF4CFF4DFF4EFF4FFF50FFE9
:104B700051FF52FF53FF54FF55FF56FF57FF58FF99
:104B800059FF5AFF00004100420043004400450025
:104B900046004700480049004A004B004C004D00C9
:104BA0004E004F0050005100520053005400550079
:104BB00056005700580059005A002100E0FFE1FF5D
:104BC000E5FFE2FFE3FFC000C100C200C300C40074
:104BD000C500C600C700C800C900CA00CB00CC0091
:104BE000CD00CE00CF00D000D100D200D300D40041
:104BF000D500D600D800D900DA00DB00DC00DD00EB
:104C0000DE007801000102010401060108010A0129
:104C10000C010E01100112011401160118011A01F4
:104C20001C011E01200122012401260128012A0164
:104C30002C012E01300132013401360139013B01D2
:104C40003D013F0141014301450147014A014C013A
:104C50004E01500152015401560158015A015C01A4
:104C60005E01600162016401660168016A016C0114
:104C70006E01700172017401760179017B017D0181
:104C80009101910392039303940395039603970371
:104C9000980399039A039B039C039D039E039F0320
:104CA000A003A103A303A403A503A603A703A803CA
:104CB000A903AA0310041104120413041404150414
:104CC00016041704180419041A041B041C041D04F8
:104CD0001E041F04200421042204230424042504A8
:104CE00026042704280429042A042B042C042D0458
:104CF0002E042F0401040204030404040504060422
:104D00000704080409040A040B040C040E040F042D
:104D1000602161216221632164216521662167216F
:104D2000682169216A216B216C216D216E216F211F
:104D300021FF22FF23FF24FF25FF26FF27FF28FF57
:104D400029FF2AFF2BFF2CFF2DFF2EFF2FFF30FF07
:104D500031FF32FF33FF34FF35FF36FF37FF38FFB7
:104D600039FF3AFF000000001CD4010834D40108C8
:104D700004D40108ECD30108F704B540000000009A
:104D800000002041B9C387400000803F000030414F
:104D9000F70435400000004000003041F704B53F03
:104DA0000000404000003041000080400000000052
:104DB0000000404100004040F704B53F0000504172
:104DC00000000040F7043540000050410000803FE3
:104DD000B9C3874000005041F704B540000000000F
:104DE000000060410000803FB9C3874000001041CF
:104DF000B9C387400000000000002041F70435409F
:104E00000000803F00003041F704B53F0000004043
:104E10000000304100004040000000000000404120
:104E200000000040F704B53F000050410000803F03
:104E3000F704354000005041B9C38740000000002E
:104E400000006041B9C387400000803F000070410E
:104E500000000040F7043540000010410000803F92
:104E6000F704354000001041F70435400000000011
:104E700000002041F704B53F0000803F00003041B2
:104E80000000004000000000000040410000803FA2
:104E9000F704B53F00005041F70435400000000022
:104EA00000006041F70435400000803F0000704181
:104EB000F704354000000040000070410000404011
:104EC000F704B53F0000104100000040F704B53F73
:104ED000000010410000803FF704B53F0000104182
:104EE000F704B53F00000000000020410000803FB3
:104EF0000000000000004041F704B53F0000000042
:104F000000006041F704B53F0000803F00007041A1
:104F1000F704B53F0000004000007041F704B53FC2
:104F20000000404000007041000080400000000090
:104F3000000000410000404000000000000000416F
:104F40000000004000000000000000410000803F21
:104F50000000000000000041000000000000000010
:104F6000000000000000803F000000000000000082
:104F70000000004000000000000000000000404071
:104F80000000000000000000000080400000000061
:104F900000000000F704B53F000040400000E04082
:104FA000F704B53F000000400000E040F704B53FC3
:104FB0000000803F0000E040F704B53F0000000023
:104FC0000000C0400000803F000000000000804062
:104FD000F704B53F00000000000000400000803FE3
:104FE000F704B53F0000803F00000040F704B53FE4
:104FF0000000803F00004040F704B53F0000803FC4
:10500000F7043540000000400000E040F704354060
:105010000000803F0000E040F70435400000000041
:105020000000C0400000803FF704B53F0000A040F2
:10503000000000400000000000008040F704B53F81
:105040000000803F00004040F704354000000000B1
:10505000000000400000803FF70435400000803F22
:1050600000000040F70435400000803FB9C387408E
:105070000000803F0000E040B9C38740000000000E
:105080000000C0400000803FF70435400000A04011
:1050900000000040F704B53F0000A0400000404081
:1050A0000000000000008040F704B53F0000004011
:1050B00000004040F70435400000803F00004040C1
:1050C000B9C3874000000000000000400000803F9E
:1050D000B9C387400000803FF704B54000000000DE
:1050E0000000C0400000803FB9C387400000A040DE
:1050F00000000040F70435400000A04000004040A0
:10510000F704B53F0000A040000080400000000010
:1051100000008040F704B53F0000404000004040E0
:10512000F70435400000004000004040B9C387400C
:105130000000803F00004040F704B5400000000040
:1051400000000040C313803A8CBFD13A13D1203BFA
:105150004DE7663B4B379B3B9564C33B0350E63BB7
:105160004B31FE3B6758033C4B31FE3B0350E63B63
:105170009564C33B4B379B3B4DE7663B13D1203BCC
:105180008CBFD13AC313803A8CBFD13AC8BF2B3BF6
:10519000B0AE833B6712BD3B4B31FE3B9CFE1F3CD8
:1051A00089963C3C5024503CAD19573C5024503C0F
:1051B00089963C3C9CFE1F3C4B31FE3B6712BD3B3D
:1051C000B0AE833BC8BF2B3B8CBFD13A13D1203B41
:1051D000B0AE833BDAECC93BC3F6103C8CE4423CF6
:1051E0000557753CC897903CC7959F3C97EBA43CEE
:1051F000C7959F3CC897903C0557753C8CE4423C52
:10520000C3F6103CDAECC93BB0AE833B13D1203B74
:105210004DE7663B6712BD3BC3F6103C5024503C43
:105220004FEA8B3CB621B03CEA9BCF3C9422E53C54
:10523000A6CBEC3C9422E53CEA9BCF3CB621B03CAB
:105240004FEA8B3C5024503CC3F6103C6712BD3BE8
:105250004DE7663B4B379B3B4B31FE3B8CE4423C7E
:105260004FEA8B3CF31ABC3CA6CBEC3CA48E0B3D26
:10527000F7061A3D372D1F3DF7061A3DA48E0B3D4C
:10528000A6CBEC3CF31ABC3C4FEA8B3C8CE4423C92
:105290004B31FE3B4B379B3B9564C33B9CFE1F3C15
:1052A0000557753CB621B03CA6CBEC3C600B153DD8
:1052B0004EAE2F3D7EE5413DF260483D7EE5413DED
:1052C0004EAE2F3D600B153DA6CBEC3CB621B03C5D
:1052D0000557753C9CFE1F3C9564C33B0350E63B61
:1052E00089963C3CC897903CEA9BCF3CA48E0B3DF2
:1052F0004EAE2F3DE4134F3D748C643D7D306C3DCC
:10530000748C643DE4134F3D4EAE2F3DA48E0B3D97
:10531000EA9BCF3CC897903C89963C3C0350E63BC7
:105320004B31FE3B5024503CC7959F3C9422E53CBA
:10533000F7061A3D7EE5413D748C643DEB3E7C3DB5
:10534000E256823DEB3E7C3D748C643D7EE5413D02
:10535000F7061A3D9422E53CC7959F3C5024503CEB
:105360004B31FE3B6758033CAD19573C97EBA43CCF
:10537000A6CBEC3C372D1F3DF260483D7D306C3DA7
:10538000E256823D65B2863DE256823D7D306C3DFF
:10539000F260483D372D1F3DA6CBEC3C97EBA43C7B
:1053A000AD19573C6758033C4B31FE3B5024503CF1
:1053B000C7959F3C9422E53CF7061A3D7EE5413DAA
:1053C000748C643DEB3E7C3DE256823DEB3E7C3D81
:1053D000748C643D7EE5413DF7061A3D9422E53C20
:1053E000C7959F3C5024503C4B31FE3B0350E63B5D
:1053F00089963C3CC897903CEA9BCF3CA48E0B3DE1
:105400004EAE2F3DE4134F3D748C643D7D306C3DBA
:10541000748C643DE4134F3D4EAE2F3DA48E0B3D86
:10542000EA9BCF3CC897903C89963C3C0350E63BB6
:105430009564C33B9CFE1F3C0557753CB621B03CB0
:10544000A6CBEC3C600B153D4EAE2F3D7EE5413DBD
:10545000F260483D7EE5413D4EAE2F3D600B153D6F
:10546000A6CBEC3CB621B03C0557753C9CFE1F3CDE
:105470009564C33B4B379B3B4B31FE3B8CE4423C3A
:105480004FEA8B3CF31ABC3CA6CBEC3CA48E0B3D04
:10549000F7061A3D372D1F3DF7061A3DA48E0B3D2A
:1054A000A6CBEC3CF31ABC3C4FEA8B3C8CE4423C70
:1054B0004B31FE3B4B379B3B4DE7663B6712BD3B99
:1054C000C3F6103C5024503C4FEA8B3CB621B03C14
:1054D000EA9BCF3C9422E53CA6CBEC3C9422E53CF5
:1054E000EA9BCF3CB621B03C4FEA8B3C5024503C69
:1054F000C3F6103C6712BD3B4DE7663B13D1203B22
:10550000B0AE833BDAECC93BC3F6103C8CE4423CC2
:105510000557753CC897903CC7959F3C97EBA43CBA
:10552000C7959F3CC897903C0557753C8CE4423C1E
:10553000C3F6103CDAECC93BB0AE833B13D1203B41
:105540008CBFD13AC8BF2B3BB0AE833B6712BD3B8B
:105550004B31FE3B9CFE1F3C89963C3C5024503C0A
:10556000AD19573C5024503C89963C3C9CFE1F3C56
:105570004B31FE3B6712BD3BB0AE833BC8BF2B3BFC
:105580008CBFD13AC313803A8CBFD13A13D1203BA0
:105590004DE7663B4B379B3B9564C33B0350E63B73
:1055A0004B31FE3B6758033C4B31FE3B0350E63B1F
:1055B0009564C33B4B379B3B4DE7663B13D1203B88
:1055C0008CBFD13AC313803A0000000000000000F5
:1055D00000000000000000000000000000000000CB
:1055E00000000000000000000000000000000000BB
:1055F00000000000000000000000000000000000AB
:10560000000000000000000000000000000000009A
:10561000000000000000000000000000000000008A
:10562000000000000000000000000000000000007A
:10563000000000000000000000000000000000006A
:10564000000000000000000000000000000000005A
:10565000000000000000000000000000000000004A
:10566000000000000000000000000000000000003A
:10567000000000000000000000000000000000002A
:10568000000000000000000000000000000000001A
:10569000000000000000000000000000000000000A
:1056A00000000000000000000000000000000000FA
:1056B00000000000000000000000000000000000EA
:1056C00000000000000000000000000000000000DA
:1056D00000000000000000000000000000000000CA
:1056E00000000000000000000000000000000000BA
:1056F00000000000000000000000000000000000AA
:105700000000000000000000000000000000000099
:105710000000000000000000000000000000000089
:105720000000000000000000000000000000000079
:105730000000000000000000000000000000000069
:105740000000000000000000000000000000000059
:105750000000000000000000000000000000000049
:105760000000000000000000000000000000000039
:105770000000000000000000000000000000000029
:105780000000000000000000000000000000000019
:105790000000000000000000000000000000000009
:1057A00000000000000000000000000000000000F9
:1057B00000000000000000000000000000000000E9
:1057C00000000000000000000000000000000000D9
:1057D00000000000000000000000000000000000C9
:1057E00000000000000000000000000000000000B9
:1057F00000000000000000000000000000000000A9
:105800000000000000000000000000000000000098
:105810000000000000000000000000000000000088
:105820000000000000000000000000000000000078
:105830000000000000000000000000000000000068
:105840000000000000000000000000000000000058
:105850000000000000000000000000000000000048
:105860000000000000000000000000000000000038
:105870000000000000000000000000000000000028
:105880000000000000000000000000000000000018
:105890000000000000000000000000000000000008
:1058A00000000000000000000000000000000000F8
:1058B00000000000000000000000000000000000E8
:1058C00000000000000000000000000000000000D8
:1058D00000000000000000000000000000000000C8
:1058E00000000000000000000000000000000000B8
:1058F00000000000000000000000000000000000A8
:105900000000000000000000000000000000000097
:105910000000000000000000000000000000000087
:105920000000000000000000000000000000000077
:105930000000000000000000000000000000000067
:105940000000000000000000000000000000000057
:105950000000000000000000000000000000000047
:105960000000000000000000000000000000000037
:105970000000000000000000000000000000000027
:105980000000000000000000000000000000000017
:105990000000000000000000000000000000000007
:1059A00000000000000000000000000000000000F7
:1059B00000000000000000000000000000000000E7
:1059C00000000000000000000000000000000000D7
:1059D00000000000000000000000000000000000C7
:1059E00000000000000000000000000000000000B7
:1059F00000000000000000000000000000000000A7
:105A00000000000000000000000000000000000096
:105A10000000000000000000000000000000000086
:105A20000000000000000000000000000000000076
:105A30000000000000000000000000000000000066
:105A40000000000000000000000000000000000056
:105A50000000000000000000000000000000000046
:105A60000000000000000000000000000000000036
:105A70000000000000000000000000000000000026
:105A80000000000000000000000000000000000016
:105A90000000000000000000000000000000000006
:105AA00000000000000000000000000000000000F6
:105AB00000000000000000000000000000000000E6
:105AC00000000000000000000000000000000000D6
:105AD00000000000000000000000000000000000C6
:105AE00000000000000000000000000000000000B6
:105AF00000000000000000000000000000000000A6
:105B00000000000000000000F4DF9C3D436AC4BCBC
:105B100058F64FBD056ECD3DFCF09D3C0A710BBEA5
:105B200062E9A1BDF2CDFBBD1F8857BB5EC9663BD4
:105B30003A70F2BCDC165F3D5849463DFD9D02BE01
:105B40001ECF35BE7847633C22BA3FBDAE8606BC49
:105B5000357B003EB7CCA3BD6C15D3BD2BD161BD49
:105B6000C4FFE5BC5E5D83BD3EE4733C199F343CDD
:105B70001B523C3DC0202B3C63C7B63D914F8A3D34
:105B80009D0C533D6D44173D743AA73D24A309BEB7
:105B9000B8F68FBCD88C973D2E92013E33089FBC3F
:105BA000ACE22DBD94D7CCBCACE3FBBC6421B1BD51
:105BB00050D96ABE5404C93DE77A64BDE394AEBDD2
:105BC0006F9155BE4037AEBC27581A3E816F063CD8
:105BD0003CA649BEE643C8B9E798E2BDB995333C57
:105BE00044577D3E9EF2A4BDC09DBFBCA104483D6C
:105BF0001371B93DB6CDAE3DD663D13D032587BC0B
:105C000029C6413C7090CB3D0421E93D0D4186BC45
:105C10003343D4BD45161C3EFC4AEDBC281D26BEB0
:105C2000C58654BD7B0F5ABD986F003E2B0FD73DE4
:105C30008EE7A13DDD0435BDC7C3F1BD7B7FAABDA5
:105C4000570331BE65632FBEFED6D93EE0EF243E3A
:105C500069398FBDB008BDBD04B92A3EB8FA43BE4C
:105C6000B74F2DBE679A40BD9D5BB2BC69D422BEC2
:105C70008E811B3C6DB1753D2FF6BCBD8E37263E27
:105C8000FAC00CBEC679463EBE96CBBD6CE65DBE84
:105C9000CFB3023B7CF368BD30A29F3D6C1FB53C87
:105CA000C0FE20BE351B45BDB4EC323D12429E3DC8
:105CB000C39624BC3E7DADBD514A683D3EF7C9BD8B
:105CC000F409BA3D93FF863D9EAC8ABD252E33BDB7
:105CD0005C50453DA125DE3A29932D3D5FA6843ECB
:105CE000A44F3EBDB6C6AD3D3DD8FDBC583FCBBD73
:105CF000C693D4BC2E9447BEE110C5BCCF6C95BDF5
:105D0000C3B5603CDC7E3D3C9344453E51BB713D98
:105D100001D2B2BD95E64FBD5603DE3DD59BB2BD67
:105D2000C88AAABDC888BABDD88462BDC60FBCBC2B
:105D3000F96DC1BCE7CCCD3CD6A0B63C25787CBB88
:105D400092C708BEC39CF0BDDADF06BE98B8FC3C23
:105D5000CB0FBBBD41A1833D0296C2BCB0DFADBD40
:105D600079314DBD813B553E52A2A0BD4EF935BDA6
:105D70002A2C623DBD123F3D3CCEDFBC326E0FBED1
:105D80009C11DA3D1BE7A33CD15E59BDBD40EFBD80
:105D90000EE089BC949F21BC09E9A43B02EDD3BD70
:105DA000EAD491BD47B723BD8340593CE8660FBE96
:105DB00048F61C3D05911B3E1424F4BCA0353DBCA7
:105DC0001E9D143E067D88BDD349D83CA4D5083D10
:105DD000891F8FBBA95527BE65696B3C72844FBD77
:105DE000D57DC33D84AAC3BD43C22CBD088C08BC6D
:105DF00054D919BE65111D3C30D2F0BDE84A693C4A
:105E000018C5A43D75AD853D3812903D7D600EBC32
:105E100007D7E7BDC17C3A3DD41C52BE4C53D4BD1C
:105E2000C2B39A3D99A93D3C0D131DBCEF77C2BC8E
:105E30002A7611BCFB49BC3DEF64113E5632B73D9A
:105E4000A69986BD68173CBC2A0DE9BC9EB8E2B98C
:105E5000C821A53CE2C526BD14AAC1BCB1B09F3D76
:105E60001844543E60E5A9BDF25F21BDCF5958BE2C
:105E70000D35193DA434AD3D34F12F3D809AD9BC88
:105E800072C2A2BD662AC23D6CFE813D238C39BD23
:105E9000E474673DD86CE03DAAC7F73DA59D1EBCE4
:105EA000B71717BE7B79A53D72AFC6BDD5809ABB2B
:105EB00072C6A23DFD09553DA05DD43DD3C2503D03
:105EC000133528BDBEB8B83D794A5A3DAFA6FF3C50
:105ED0006EC585BD03A9BA3CC764E13D7DF3093EAB
:105EE0004E46363D4482ACBCDC91943DFC17E9BC87
:105EF00088AD83BE32822F3E738B023DD5F2093EC0
:105F00006B50AABB6A5F1C3D507BC13DA01C23BDEA
:105F100007DDA73AEC1F3D3D9E041B3D493AF53C89
:105F20001723E7BD7F3F63BE53D5A7BD4CFF15BE0A
:105F300001F06ABB0E3E43BD06360F3D6C8873BE52
:105F4000B67F12BE7FD0253C577A8F3CC44964BDD2
:105F5000CF47CEBDC19110BE8C71003B1C643D3D4E
:105F6000C7BEB5BB9F9F13BEB0BAC33D5EE728BE98
:105F7000814C193E1CCF07BEFB2318BCA8F0D43CB3
:105F80001200CC3DE2F366BD8D43453E395E45BC13
:105F900071291D3E192C08BDCF5D4CBD0194B13C4B
:105FA0002DCF41BDECA1A73D3A2680BDBFC623BD84
:105FB0004FD7C9BC32D7403ED34282BDE24DCF3B22
:105FC000032F8ABC5B111DBDAC31EDBD12BC313E4F
:105FD000E87C72BEC90993BD5E5F28BE202D09BE54
:105FE00038D65BBD4D6A543D367506BEEE42B33DB4
:105FF000F6774C3D28DB0C3D9329D53D3CDA89BD35
:1060000082CEBCBCCBF8C7BD7C671DBD643EF03DF5
:1060100081C1833D28D9A6BC8BA8BCB90ADF93BC3B
:106020000662DD3C8CC1953D77B040BD63400BBE40
:1060300072A1373DC528C1BDAAD213BEEA7D413D3C
:1060400060AD293D1D1E02BE3FAE0D3CE2759D3D7B
:10605000DF6859BD52AF65BCE5B3DC3D4F9C0ABE5D
:1060600083284ABB808F0B3DD3D0103EADFBA4BC30
:1060700020E4043D849FF8BDA6069DBD1E652BBD92
:106080006A81043DFA6A18BC3E57993DCF6E913D36
:10609000318E5C3DC48E0BBE7950B13D5056DC3D17
:1060A0008985F1BBA0CF283D951D603DF915DB3DED
:1060B000304C09BE96872BBD5C59313D36C9723DC7
:1060C0001DBC143C3D96513D3803873D0D8CB93CB9
:1060D0002A3984BDB6C84BBC1108AEBD0B0B40BD00
:1060E000DBF3E53CEAFE593D2CFBF93D291D92BC52
:1060F0004D8508BE62517F3BF36A8BBDFBEC033ECE
:106100006F7D2DBE04D6843BFE47BFBD6CED0CBD3C
:10611000061FB5BA533B103E6E55AFBCEE9D2A3DEF
:10612000FFA40BBE1FE3083E41295EBC4BAE94BDED
:1061300021D43BBD626A2A3C215A6BBE93B55CBD3B
:10614000308F4CBD2D2D793D92F913BC62D88C3D1A
:10615000844C05BED66D723D86426E3D8D17833BE5
:10616000FB3D493ED632DC3C3789F13DA26C60BE36
:10617000A811E03CF02EEC3DB18A053D52F219BD6C
:106180008F1BDDBC1590B6BC51BA85BD3B0ECFBC94
:106190004B75B93DF08E263D33210F3CF63D30BDA9
:1061A000C011A6BB30AD073E0B83EDBDD51E283D0B
:1061B000A8F779BC103107BE7A74613D7EC2CFBBAF
:1061C00045BECABC557563BD05E126BD4079193D84
:1061D000F9667C3D9C1A9E3D18A0BE3DE0B96B3D22
:1061E000A55E10BD577BF8BD9B75943B69D3D7BDA9
:1061F0002F2E4C3DCB2319BE509D99BC4CA7B3BB51
:10620000E3C609BDB3628D3D0F4326BAF5CA0E3E03
:106210005F34B6BD259674BE4251AC3D2ECFBFBC97
:10622000B081F3BD56C6923CB5DCA63D42BE0ABE67
:1062300015272FBDA038833D6811083EFA323A3D3C
:106240005EC0A13DDFC963BD31CC83BD190D07BE62
:10625000612595BB1819CB3DF87A94BDB44183BC38
:106260008A17B03A4DD765BD8920D33D68A34FBB8F
:1062700063A088BC26EC52BDEA799FBD1713823D0E
:106280008F28DFBC457FCABDF5C4FEBDE337A6BD80
:1062900017F0D43C444F69BD10CF713C979795BC23
:1062A000416A053C6B531B3DAD20ECBDC702BD3DB3
:1062B00089E760BDA59D603D344F8C3CD6C6483D06
:1062C0001CFD9ABCE7D80C3DDAF200BEA0B7C3BCF7
:1062D0008C12623DAB86073CE382A5BD858FED3D08
:1062E000685106BD71D017BD1C1D003D0865D03A30
:1062F000320D7CBDFC12373C1C5276BD3E77813D91
:106300000C1D97BBEAC8D53C8B9BAABD7AB119BDC1
:1063100070B1A6BD43C919BCAFE827BDE285CE3D2B
:10632000E7CF0EBD2BF6D73D0C0C113D00131A3EE6
:10633000B35A3B3A304B663D2791243DACAB443DCC
:10634000B4DC71BDAE18CCBDA764FD3B0D5F233935
:10635000382952BCBFC7F33B1E7082BD82B38C3A52
:1063600025CA803C142177BCEDF4A7BDE5898F3D9B
:10637000CB873B3C6FB466BD62D3173ECA7AA0BDE3
:1063800080F5B43CF9C627BCEFC869BD417FEABBC4
:10639000E75E373CD16881BC14ABEB3D19360FBDCD
:1063A000B6EB1DBD9DFA5BBCF9FAE5BDF5C4CBBCEF
:1063B0003FCC8A3DD3B1B8BCE13953BD4EDFF1BD0E
:1063C0006FCA3E3B84193B3D0C59DDBD406767BD3C
:1063D0008D37263C1D52ACBDE499B5BD9DBDAF3C8B
:1063E00046DF8D3D6644C7BBE1A1DE3DEEB8333BE1
:1063F000780566BCBA1B873DE7BEE03C13ED8F3CD9
:10640000F228D53DAAAF663DD7A6B13CE4BD923D8A
:1064100047B05F3DB4BD0F3EF5100DBE345D983CF6
:10642000FD5F3F3DE584863DEF6C32BCAD8B20BC0B
:10643000C2DC063E4E4ABABC13CD283CD05CB3BD8C
:10644000DAA9DBBC2B33113C7C9BDE3D4396C83A7A
:106450004B4579BD9E5540BDF84AA53DC832443DE7
:10646000D97F06BDC2B0023EC1DD16BE895BB93B15
:106470006CBFABBD3919373D7D9FA33D6E98953CF0
:10648000F7BE633C21D3ACBD9247F9BB741707BE7E
:106490002BF2733DC661DA3D9C10D139D52E7ABD01
:1064A00050340FBE3FA7653D1BBCCFBD6C3E1EBC2C
:1064B00034C1C13D72F3E8BB6E9F083DC8308C3DCE
:1064C0003235EE3D3485C73D429A203D2938BD3DE9
:1064D00081BEC2BD9FEFB9BD4CE2DC3DC6071B3D8E
:1064E000B44EA2BC4A89093CB473FEBCCA94C53CF4
:1064F000FB69053EA0B03E3CCC281B3CA72F05B94C
:10650000161AAE3D3828F6BDCAE07E3B9347913D52
:10651000BC74D43C446CCF3CF960713DE9B5B13DED
:106520004AF7A83D4E471C3D200AA0BDE76AD0BCF3
:106530005F4DF43D8DB85FBCFA1493BD92599CBD7C
:1065400025A8B2BD3DE1EC3B68B86C3D3357E1BBDB
:106550004DCD20BDC202CE3D8572A33D526B633D41
:1065600067CA48BEEC4C33BD5BECE63DC65D44BD3E
:106570001865CEBC175524BD45F41BBEF99ACBBC9B
:10658000F683B5BD9C830ABDFABFA53D3062FF3DD1
:10659000E235CB3D27952E3D8FC075BD3B83103D29
:1065A00049A478BD5C761B3E62E2B2BB33FC69BC99
:1065B0008ECAD03CF54A783D4884EBBD4044933CBC
:1065C000768311BDB6312EBE492BEE3DF6011DBEC0
:1065D00048A1913D1D4F513C1523A53C1CE256BDE1
:1065E00032C815BEF9E00BBB337786BD0D765D3D35
:1065F000D0D382BDCC8148BD5128E5BD63D5ACBDAB
:10660000D5F8E6BD49B6B4BD4429BFBD769F823DED
:106610009033B23D26A4AC3D3ECED43D7D30323EDB
:10662000729B02BE7C3DBFBD5A3EB43D25D0033EA9
:106630000D9407BECAE026BC45A3A23BE74026BC9A
:1066400060C7803E7DD1F9BDFAFF07BCB89B09BD8C
:10665000359E85BC07679E3D1A7B94BD898469BDC4
:10666000FCAE1FBCA5ABEABDF21D013EAB0905BEE9
:10667000714901BD25BF213D41030A3D900004BE83
:1066800078EB953D5FF00C3EB4522DBC19C8233E0B
:1066900063F0EEBC4F184D3DD755DCBD9369F83C17
:1066A0003BADD9BCC388373CFE3946BEBD1887BD5B
:1066B000DA80DFBC0A861EBDB5F119BE7F8E6ABDC9
:1066C000DD4E733D40DF103C86DE823D9450DA3D66
:1066D0004F1F32BD76D7DEBD1CADAEBD26DA02BE81
:1066E000172DBDBC6CAC2ABD0A6FFA3D78CDC03DFC
:1066F0000B789D3BEB08913DE39698BDD5F4B5BD75
:10670000EFB9CA3D46FC03BDCF910BBEA959193C58
:106710007836C1BDEF326A3D8467BEBC275E673EF6
:1067200057715FBD129C073ECF0F8FBD8230ECBD0D
:106730002F1011BEC180443E78124DBCD454153E7A
:1067400028F91C3E4FF12E3D769BE2BB92EB8B3D30
:10675000DB5AB7BC4BADF93C6FB5033EB6B7513D04
:10676000732D3B3DBF9875BEC97E833D88FF323E89
:10677000786B12391E3EA73D9FF404BE47086BBDDF
:10678000E54DA83DC42032BC6EDB763D5178BD3C62
:1067900056F2593E692EAEBBB57354BCC002DBBC89
:1067A000B1C3F7BCA190F33DBB87AEBD719521BDD0
:1067B000EB5EFC3CD63FE3BD2646E43C395F4B3CF8
:1067C00001DE7E3B70B55D3D9A935C3D719E3E3D22
:1067D000907AB9BCFE83643DB60ACA3C44087ABDCF
:1067E000002EB1BCDCFA02BD055318BDECD386BD4A
:1067F000AEF5D03DA050FFBD06EC513CF4EEA0BD7F
:106800009A5065BDF6CE8BBCF43674BCC26A8BBDA3
:10681000B4192DBC39C099BD5038F73CF2D4BE3CF8
:10682000357FA1BD7E43C23BCA6C223D50FFAFBD48
:10683000DEDE4ABDD3086ABD8A7DB8BC295705BED5
:106840007B4DCEBC25BD56BE1DCE1A3D8DF4DDBDA3
:106850006F3BC1BC3F47DABD53CD8BBD17DCAABD32
:106860002F6B32BDBE62D23C30CE64BD984C493DE8
:106870007142C8BD1A4C24BD38ABF4BD627D9BBDCE
:1068800033D6403E6982B33C895450BDC0D89BBBCF
:1068900066091C3E9D947B3E5C5835BDB8E5173DAE
:1068A000AF744B3E52D29FBD4A4FA1BD9F17D33DFF
:1068B0007914B1BD474D5ABBC8C96CBD9815A83CE9
:1068C0002F6A853BB931D2BDA15908BE0422EFBD64
:1068D0006913F1BCADE2083ED183313E128F5FBE39
:1068E000D9040B3D360201BEBF1CB9BD166E1CBEDD
:1068F00094BC6A3EE5DF4C3DA4A2AC3DBD7910BE20
:10690000AE674B3B400709BD1936F0BC59FC853DCD
:106910002A3626BE17E6DEBD137D26BEF18DD7BD15
:106920006ED6023AB0A50F3D213DB23DAD3E153EBB
:10693000C0A19E3DBFE7293EDE5A8CBD7DA1563EDB
:10694000ABCFC93E3F1126BD5840DC3DBA26113EB3
:10695000C996C23D97F3393D913B64BDEBC1983D6B
:10696000AC88003D9CCB36BD560C813D5E787F3DAA
:106970001D15C63CDF541FBE601BE63D380D46BDED
:10698000F0B619BD9629133DD2C857BED267903EC6
:10699000C0C1AB3C44B6813E2E2A883E9EF896BDCF
:1069A000CDD0123D023455BEA10EFB3B5CBB86BE72
:1069B0001F4291BBCA19E0BB6FDF92BD6CCE83BC96
:1069C00061B7F9BD9868203E17B32BBC7BD8633EF6
:1069D000A1246C3C2E848B3D5F27E53DABA79D3DFC
:1069E0001B2CFB3C6856DBBDA2899EBD9478CF3D35
:1069F0001308483EEBC44ABE0C89C23CEFDED7BB4D
:106A0000F36F9E3D0A59F73DAABDA53C7B00623C51
:106A10005D774D3D4D76FD3D6A16843DEB3BDD3C9B
:106A2000DB2F44BCC091B93DF9451A3C6639A3BC83
:106A30001DF15CBDF9138E3DC0F602BE79EBF93C49
:106A40003ACC763D762092BD1A4CB93A7A4B713DDC
:106A5000FAF8853DD938B4BD67C0D43DC8CFC43D30
:106A6000856F913DA64109BB93C2DF3CFC538EBAB2
:106A70000DCA0F3D57540BBC08BCD23DDF4DC83D7D
:106A80005D6ED03D1CDDC73DEAE81C3C0410D8BD5E
:106A900041AEFBBBA9523DBDC7A2143DC7C094BDCA
:106AA0005EAF383CA903853DFF96FCBB8152B73BE6
:106AB00074C365BEBACB97BD669CDBBDE12890BDB3
:106AC0006E6C2E3E481ED3BD2BFF753C72822E3D50
:106AD0000CF3253DF5986CBD4E02F5BD7D2EFBBB3C
:106AE000DA19D53B70A090BD5E0AD4BC56395F3C24
:106AF0004D4BC53D8BBA0BBC0B9B31BD0EAE5EBD85
:106B0000053A953D3690DE3D33534A3E6441C03CE4
:106B1000528FAEBDC65830BD5C7FA33DA450EBBDC7
:106B20003238CF3DAFFE483D3BE5B1BC4C51163E3F
:106B30008A3D34BED2C693BC0201C6BDE819D53C1D
:106B4000A15356BEBBD1473E45A2DB3D4EDAA63D22
:106B5000D5673D3D970A703E22CCE63C24D489BDE2
:106B60006884A43DC95AA03CAE33F8BC78D522BD98
:106B7000B5B716BD5FB998BC6E9D143EAD87173E84
:106B8000EEDCEABC6C0063BEB25B1DBEFA7D2D3D3F
:106B9000B84B2DBD4CEADB3CFF788C3CA12342BDB9
:106BA0003F30043E9061B33B38BE843D730D473D9A
:106BB000F7D8C33D2D227C3D30EDB9BDAA320A3E47
:106BC000C312ACBDC1250EBE8F547CBC2D965F3D5B
:106BD0007B271BBEE35C09BD1971493EE106A2BCDF
:106BE000D00605BD0F55AC3D20CFB73DFA13D7B841
:106BF0003DD78FBEAC3C193E384421BEF852BDBDD6
:106C0000D848B63E01916C3EEBA7573E5F3F953E9C
:106C10001A910EBE3E00CE3D12A22C3EF21D24BDA6
:106C2000B0261ABEF8B5F43D8F8E0EBE0922983DEF
:106C300078B82D3E180592BE92EFAEBD2F38663E55
:106C4000D8D2D83D37E381BDA3F3D2BC5D66803D89
:106C5000993C62BDFA3EB8BD997EB63D7CFCB63C1F
:106C60004E259D3BB38E223DA436FB3B3B26093E81
:106C700004E303BD6318963E417174BD753609BEC9
:106C8000D68DDA3C9A42E7BDE9600CBDCAA7AC3D9F
:106C9000AB6B1EBD82ACD73D5243BB3D515FFF3C49
:106CA00097DC51BD73D2B8BDD94EBA3D474575BCCE
:106CB00039FB773CF73CF1BB2DC7733CE71D66BD44
:106CC000D4114CBD9CC7BB3CFB822BBC3244A83CBE
:106CD00045CB1ABD7FBEFD3D57E5163DC22E93BD87
:106CE0003E28BD3DF116333D63A207BE02EAAFBDAB
:106CF000D4CB16BDD09741BC9219013EBE8B93BC3C
:106D0000BA3BA33D08CB373C5369023E0D7902BE26
:106D1000F9C509BC3D976D3D55B02C3E710C373C13
:106D2000D057EA3D16A206BD9605543D64B3B63D64
:106D3000E53B903DC3E688BD1F3E90BD2D60C2BCC3
:106D40005FF6293ECCF8EDBD525536BDFF7221BD30
:106D500049EF9FBD708546BD58CBB03D4653373D8A
:106D6000E23E8E3CDCD047BD5215D93D83798EBDC5
:106D7000224B133E8066E03D7FC594BC0398E23D04
:106D80001E39CEBC61214BBD9E14043E735B04BE14
:106D90001033473D05748E3D0CCF27BD9142193C01
:106DA000C98E0F3D3DD105BD519801BED783B63D7B
:106DB000DBBB26BBE5D1253E8B551D3D344EADBD1D
:106DC00074EB22BEE983E43C3342CEBC9806343EE9
:106DD00090F18EBD83F8503E227D663C323BC4BDAF
:106DE00078F9ECBDF18200BEB0693C3D7A58C3BB76
:106DF000F421543BF40B20BDEDBC7D3DC752BA3CA1
:106E000090BBBBBD29873FBD9A0728BEEEB616BE14
:106E1000E99D0FBB9048FE3C134BE53D13C1D3BD2C
:106E2000434A553E919203BE7836883D84969B3CFA
:106E3000D2E4BF3BC320093D6AD26FBE83A9B93DEE
:106E4000CDB9BBBD072419BEDEF97FBD973FB73C66
:106E500050610E3E583821BC4E5C733DE6503CBD3F
:106E6000759B883DAA5FAA3CFC0AB13B951B773C09
:106E7000F2AC19BED23BF03CD763D73D10EDEDBB71
:106E800089F89CBDCD9FA2BDBE7726BD7D0765BBA1
:106E9000BF8DAB3D3D7EB0BC4FD6BEBCCAF3E9BC96
:106EA000F208273B040F063C0B0890BCE90A59BDC9
:106EB000CD231ABE1A78A6BD1BF7E1BDB4E1F4BC20
:106EC000D11AEC3C710FA1BB21C6BFBB0A55C03D16
:106ED00040CC8ABD29CDE6BCC798823C7115F1BC77
:106EE000A0CD203D9A852C3C8E1B85BCA74E113E23
:106EF000C0A147BC7A1215BE6016ACBD2538C5BD11
:106F0000352498BD8B93153DDC0755BDB0986CBDFD
:106F100075A669BDB3E5123DA031E8BD089A753D7F
:106F20005F65D8BD09AAE1BDE826A93D2F83BE3D16
:106F300046A6843DF069ACBA4ADC6BBDA00BF3BC3D
:106F40006D268E3B9B146DBD196D703B77C19ABC4D
:106F50003906E33B99C1ECBBA5BD42BDDD611BBC5D
:106F6000B8529D3D10A9CABDAECA1FBE2B3839BD4F
:106F70003654C3BD3B07B1BD6ECBD4BCA7E4A33C24
:106F80000C7313BD09671ABC7321DF3CE0ECAD3D07
:106F90003F5988BE3FA23C3B87D3D3BDA9DFEC3B22
:106FA0005A04D3BC8CB617BEEA4025BDAE941FBEB2
:106FB00034BC4A3DC869003D18FF443D4C6ED43D89
:106FC000FEC4663D70EDAF3B37CD113D97136B3D71
:106FD0006B3740BD2B443DBDBE9846BD6F4ABABC21
:106FE0004A1DEE3DABB5B53D045C993DDD9117BD45
:106FF000C01BC0BD1F59CABC6101AF3DE222333D79
:107000008699C1BB001B14BDAD80BB3DE3FA913D29
:10701000BC72AE3B24050BBC75B23FBE645C883DC0
:1070200013654C3C17BF0CBE3F668E3D0AC40EBEB6
:10703000A3F6AC3C2FE882BAA1C59C3DFCAE13BDC3
:107040003D9119BE1A52A1BDBEA8473D7C1203BE98
:10705000DD5F5ABD1F8EA73DBB746D3D68E92BBD3A
:10706000E2DA9ABC43C70EBE77ADF2BC63794ABD83
:107070003AD99A3C184605BE42870ABD18079ABC01
:107080000DA141BDE4946D3DC8CD743C2CCB51BEE7
:10709000A706893D52ADACBDA90A273E02EA7B395D
:1070A000A6E2523C37205BBB9B6B2DBE3EA4793DD4
:1070B000B1E57CBD539A153D304DA7BDFEC9113ECB
:1070C0005669D13BE84CF9BC0CC8B3BD12A2BDBC9B
:1070D0006A1983BDDCD7623C7AD6863DD92B80BD48
:1070E0009BAECC3D2D08363DD3D3ECBD2C34C8BC73
:1070F000B81B883D1737913DADC2A43D81CFA63D59
:10710000C10B11BE1EF684BC1D4EFA3D4BE84BBCB4
:1071100099DEF9BDD4C1A8BD93BE8CBDD15159BD76
:10712000B65EDA3CE2AB523E6474B43D25C58BBD1D
:107130004319933DC4D429BEC2E25CBDFACB85BDE0
:10714000E740A4BDFD9221BD7B8B94BB6238B0BCEF
:10715000D8A5703DB52C24BEEF3D17BEEF6F483E5D
:107160002E2802BDD0D2C73DDB93E33B782145BD3D
:107170007126513D0305E0BB521186BCDE38E9BDE6
:10718000714076BE8E83103DDE463BBC899F983CA5
:10719000A016053D056BECBDAD8F99BDE23012BD6B
:1071A00014A126BC317B383D0B72E13DBBD482BDBE
:1071B000330654BEC64F15BD6B6CC13DF82F27BDBD
:1071C000E29196BC5B65D13D15D6583DAD6324BCBC
:1071D000EA90203D8037F2BB241BC5BD1FF373BD71
:1071E000D2804DBC9F99F63D461EB63D89758E3DB9
:1071F000F6F9EEBDCC5E823E36FB8BBCE09A8DBDCF
:107200005E9E9E3D0BC1F53BAB9655BC763FA13CC7
:10721000E810FD3D6810743C057A023DBABF3A3D66
:10722000FD2F0F3E82288E3C9B221A3CF56EA63C19
:1072300089345EBC2813BABD091A333ED01732BD5B
:10724000D5528EBDD6B5FF3B31E9B1BC489D393D25
:107250006164D3BD9EE85FBDCDC0043CB64A72BC3C
:107260009E32B23D880509BDEF6DFCBC77E8083D54
:10727000730F5B3DFB24243DBB2C32BD745879BD9C
:107280009DF77EBD3623DE3D0C857DBDBEA3883CCB
:107290002516A2BD7AC784BD4E3DFA3C4B086FBC93
:1072A000F1792C3D7C15013D164B44BD9CAE37BA9F
:1072B000F10016BD47CBCA3D7666B7BD268AE53DCF
:1072C00045D67DBCA674023E57CBA2BDE6FFF1B801
:1072D00035A8A83B46BF2BBDB657053DEC12CA3DAD
:1072E0001BCC033C92A3A9BDCBF7493DA204923D20
:1072F0001F1E753D245B123E0934973C086F9EBDEE
:107300004F958CBC579C45BD6923F23DAC21923D05
:10731000C67C48BC754E0D3EAE9FFABC46A15D3D95
:10732000764403BDCD58F7BCEF296FBD4552BDBDB6
:10733000F109DE3CAA7A7CBDDF7D9FBC1EC6CFBDB5
:1073400073E47F3E7BB09E3DE0D63C3D01F4BA3D08
:1073500065BDFD3DC42599BDF6F15DBDD889123DE1
:10736000F5CE70BDC1066FBD10A46CBE2F5AF63DA0
:107370003E07A03D1641A93D0DD70F3A0C0933BC7D
:10738000E56ACC3D0A2D23BE8C731B3D6DBE38BC17
:1073900098F0913DD3FBF13D6691DCBD409D57BE19
:1073A000D286E83D2CABFABDECC7853D7B88943D89
:1073B000C834013E3185943D824469BEABB355BBB0
:1073C000DE8613BDCCD5B6BD69E8EABDABD15BBDE9
:1073D000402FFCBDF726D13D33F57EBDC5B4FABDC7
:1073E000ED52FC3C134D2A3D515E873D5457C3BDC1
:1073F0003F320ABE7868633EEC06D03DD729D03DC7
:10740000C33B893D5381ADBC453A15BEAB1C073E1D
:107410003B9444BEC2E4F1BD7F6D8C3D6FB29E3D96
:10742000D278BABC59F87ABD4801B23DA746A0BD92
:10743000923765BD2C2C38BCA0304EBDC08F05BC2A
:1074400097A44A3DD3ACCCBD76B924BDCAF001BEE9
:10745000A42E363EE827B6BDDCD6063E0A1DC33D47
:107460008916613D9086CABD1484823CD5F56CBDF9
:10747000AF0B3F3D6924DDBD8A63D3BC01039A3D58
:107480002888C8BD15817DBD4117A6BC5254143E45
:10749000726B93BCDFDA9CBDA3B2143EF289BEBD11
:1074A000EC170CBE3480DCBC317E8EBD492CC03D57
:1074B00092A11DBCEF40D8BCBEEF583D9BAE93BD22
:1074C000EFDB5A3C66A5243CC3FB213D1D3DC23D7C
:1074D000D1FEAD3CF186DFBD9D411ABD1A88AABB25
:1074E000635926BDC1AA22BEB946F43921C0043D64
:1074F000EDB6AFBCC243433C019C97BD3676A7BCFA
:107500009484673C1CEC3EBD2A24B3BD7E9E4BBBDD
:10751000DE8D3A3EF17B3FBDA2C81C3E1A4D89BDAF
:107520002A8AFCBC5982F23C8060363EABF6FFBD35
:10753000B46C153D2786A33DB8F5753D2DCF53BDE1
:1075400072FD0EBC6577FCBDBB121CBD8F72EDBC1D
:107550001269AC3DFBA69E3D2EDFC13912352E3C93
:107560008894203DC99FA9BD229A1E3D4A1385BD1E
:10757000092187BE39A36D3DD601A93D645DB7BB26
:1075800032E6AB3D594D6EBBC164F73C3B4F22BD6B
:1075900072A28EBD8DFD03BEAC4CF23DFB5872BD98
:1075A000B2E12FBE31757E3CE3FCA8BDCA7F523CE0
:1075B000DD15AABDC7F8DBBDD60A873D47DCDDBDBA
:1075C000CB29AB3D4367F33DD992173DF2878EBB84
:1075D000D64C0BBE32A23C3C3848FDBDE29A0E3E72
:1075E000EF1EB5BBC25057BD3E7AE3BDBD758C3DA5
:1075F000092D0B3CFE0EC13C77E49C3D138D6FBE04
:10760000564490BD7470883A613758BD64B93CBD2A
:10761000AB8AB93CFA7200BDE45C043E735F25BDE1
:1076200076BD7C3D940A86BDEC0FD93D6C6A3BBDAE
:10763000891D07BE5C73363D4E03133E1DA517BD65
:10764000AC9A0E3E53CB6E3E5A4879BB0740E1BD23
:107650005E54D13D7DB4D33DCA3159BCF7530A3D88
:10766000348DB8BDDAF8AD3DD5BB1E3EEE1D0ABE69
:10767000CB3B3B3CA79221BEA6689FBD3096033E04
:10768000DAF8B93C06F68C3D42E5A63CAFC8D6BC5C
:10769000D4C8B8BCEE76FDBD435577BB2140113D43
:1076A000135AC7BDBD70873CE4275BBD5591303E82
:1076B000C7F018BD11E6D1BD1DA312BD4F11983CF6
:1076C0006F440CBE330D54BDE5D46E3E9CB9F1BC85
:1076D00040CD98BDB91E403D9B9204BEB1F5D1BCD2
:1076E000342D19BEB0FA4EBA4267A43DF8F8A73C53
:1076F000E0E0C5BCF7BB2DBBD451673C8F1E6DBD10
:107700005421A7BD6EBEB53DD130593D52BE0E3B92
:10771000CAD4EE3D75C279BB2F5E2DBD17CBDE3DC1
:1077200028ABB23C35F2D5BCF7D412BD9048D0BDE1
:1077300065ADB43D5A9E283C8C868CBCC97409BD8D
:10774000EE4E873B8A93293DE417E9BD3C3E2E3D32
:10775000B7918B3D7AC4E83D7E8AE3BD52D504BD26
:107760005E4DAFBB9E4A953D82EAB4BD5403B13B2A
:1077700039416E3D79E05C3DC393153D519A31BD71
:1077800055B7BA3DA17DA0BD099ADF3C1CA7F23DCB
:107790008EC7CEBCE469693DFE251EBE7BC09A3D06
:1077A000787088BDF0823FBD143F27BDA8DB4DBD7A
:1077B0006E8AB7BB9DF6F4BDB08000BE512DE23D90
:1077C000B53716BD21979BBDB72CF93CDF263D3D53
:1077D0007BB0B9BD36B7CD3D9CBF7B3D8027413DD9
:1077E0008CF9963C81C9893DF3E192BD7E1D04BDB3
:1077F000562239BC3D50B83DB0E7493D539D663DEA
:107800002A6E1EBC2032FE3C485902BEE4D55CBC48
:107810007608123D0F8665BD9D2F91BD1CDDE73DAD
:1078200053006A3B5ECCE13CD5D72D3C6ABC543D4D
:10783000C2E6BC3D8E8E5F3D158404BE09FB1E3E34
:107840008836E63D532D18BD9710BD3DD427BA3C70
:10785000110FD5BCACED2F3DA7215C3D96AFD03CC0
:107860007A77EF3D710F103E051641BD2EC4CD3C19
:10787000219F34BD0DFA9E3D7A9ED9BD86D1E73D4C
:10788000B0122C3D5A6A49BD9AA4103E5900943D4D
:10789000F2200ABED87137BB6E2126BEF141C83D29
:1078A0001385D1BD4940D33C23F902BE63C4B23D28
:1078B0000A3473BD0AF2753DD6FCBC3C7F09CCBDD1
:1078C000FBF00FBE12C791BC31C3F33C485F6F3E63
:1078D0004051593DD4F6CBBD04F8243D012C7ABD6E
:1078E000B47E6D3D815069BD6FE38DBDB7541F3EC1
:1078F0003F824DBD6D39773DE4C0C73CBD86843CB9
:107900007FE066BC8BA9D43DB3764F3DE4784DBC97
:10791000DAF4903D00511D3E28918CBD225025BEC9
:10792000E8A241BDF18282BD8DF4003D06A201BDF9
:10793000B8D79EBDDD048BBD0830A83DA92D243BE2
:107940004A269DBD9BE5EBBBA0F39FBC1BA1973DC9
:10795000DC8159BC490118BC60C910BC8B1BD43CEC
:10796000B2A147BD6E3DBABC21F8023C16160D3DD2
:10797000C52437BC0B45C3BDFA9706BD5B0DEDBBF7
:10798000D8749F3B3E54803D5509F13B6D250B3D1E
:10799000AF4A9C3C5684BA3C3C12983D1A3A4E3D44
:1079A00018A2B63DBFE7F13D1FF13EBD4B72683EE8
:1079B0001D82B83D22139CBD7C3FFABD5970B1BDFC
:1079C000A9CDBABDE8BEE33A47572B3CE7C3043D17
:1079D00051168B3DD019843CC95B49BCC56624BD9A
:1079E00008B71BBE0FC9DA3D86ED043CCDD865BB98
:1079F000338EB83D10795B3D64A1793D3DA492BCC6
:107A0000E7C7FD3C87799DBD2E8FE4BBBE7A663CFF
:107A10000A7193BDDDB7FCBB01771D3D7C6088BC5E
:107A200023BCAF3D14FB653DD96A413DE401B13D46
:107A3000662B533D6D7D2ABC0890063C561C08BD44
:107A4000D9FF0ABEBCDC743D34367EBD8D768F3DD9
:107A50009F1D913C17B5703D2FA23EBD0A04EBBDA2
:107A600003CCD13DDAF9A43C279AB1BC3B4CA23CF3
:107A7000028286BDC734EEBD335A81BD77213A3DBF
:107A8000873244BD84D655BD29E51C3DB8186ABD72
:107A900038EA61BDA7E6033D4C4AE63D62AE39BC1B
:107AA0006DE3323CD037C7BDFF4E443D802F203EB2
:107AB000E984DBBDD17ABB3D48DABFBDA57427BAE6
:107AC000C2ADD2BCAE35823DD559CD3D1740DDBDEE
:107AD00095FD22BCBC0216BEBBAFDF3D1AE30F3DD5
:107AE00075DECBBD409FD8BBDAD911BEB20B1EBC30
:107AF000B1FA8E3D6F67CF3D8016CABD601323BEBD
:107B00008E6B5BBD760FDA3D2D3283BD143234BDF2
:107B1000960EF2BC24956B3CCFE617BE11C9933D7F
:107B2000DAC7583DA42E2FBDFDDEB03D9C8314BEA8
:107B30000D3F4FBD62DE9E3CF6F0A23DF411CD3DFF
:107B40007EA013BD8BCBEA3CAC930E38D2F7603DE0
:107B5000C1D471BD480AF63DA43E0C3EB0E5123DCD
:107B600056E0223E580515BCD7A0D33C30118DBD40
:107B70001C0C9DBD75989CBDD4D113BD63A160BD87
:107B80007F738A3B8177133DAF1669BD340FE03DAB
:107B9000180071BD029DF9BDB5391CBD5FD394BD00
:107BA00044DC3D3CE2C888BD3930D4BDE6F5B7BC05
:107BB0004216B7BCA583283D2B0A143DFCD168BCF6
:107BC00087DD493D6D4252BDB4C228BD2A6071BCFB
:107BD0004B4F973DC8D932BE8AB8CF3D42FAD8BC88
:107BE0004441CF3D9820473DB443E7BDCA5C70BDDA
:107BF0006D370CBB7B5E0BBDA356B8BCC88A2B3D52
:107C0000DBA472BBDC31333C53E9983D174B943D08
:107C1000149DAE3D6E3B48BDBDD6BABD39FD7EBD9F
:107C2000E036AD3CE121F0BC26752BBD7FC533BCF1
:107C300090434A3D8CBE61BC3D7D5EBB44BD563D1C
:107C4000A7169BBC03D78C3EAE974B3B8BE597BDED
:107C5000B306DF3DE6253A3DA586BF3DF371023D03
:107C6000FB33A0BB1E5BF5BD5D3AB6BD5ABA343DD1
:107C7000FD5ACB3C6FC1EDBCA04A313DF54C3F3EB7
:107C8000EAC9A6BA8112043D402C6FBD0E3987BDEA
:107C90008FE93ABBC5694FB9BBB23F3DF6AC423D37
:107CA000CD3504BD97C0023E8729B53D1BF66A3D20
:107CB00078C2C2BCAF6C93BC6CE3053AA3F1593DEA
:107CC00046ADB4BD440224BE200B41BD1CC252BD12
:107CD0007C9F4DBEC7BE173E9065E1BC06F600BE58
:107CE00016C0753CE517E43D8DC65BBE247602BE2A
:107CF0008D12463B3AEDE4BD191D58BE4BA0233D05
:107D00000335DEBB8C300DBE976401BDA40B70BD86
:107D1000BE160C3E14DDE33C338C7B3D2A7F39BD1F
:107D2000AE8E0F3D61DF97BD186C3CBE8B7B113D65
:107D3000ADBC87BD6C758A3D9609403D5186B7BD87
:107D40002D5EAEBC00B7AF3D01176EBBDD48C2BAB9
:107D5000FC54053EC97C633B06D58F3AFA323F3E60
:107D60006B2B763BB590A2BD88422FBD3D06023DF0
:107D70005E2BD1BDEB133D3ED55DE93DD530E2BD77
:107D80000508F5BD172BA43DCB6749BE9B0B333CC3
:107D900087BC4BBDFE21473CA4DAC4BD978A7F3D1A
:107DA0001A42813C708798BC1C464C3E0D3050BE38
:107DB000318CC7BDA0DBBEBD5256DB3CD2C004BE79
:107DC0005FD19CBD888A8DBDCAFC123D50CEA03DBE
:107DD000413F90BDBCB20BBEC5B3EF3DAC4B27BE1F
:107DE00047C2273D93B141BDFB8BADBD923212BD61
:107DF000B94D0D3E503C73BD7D15DABDE3B0ADBC51
:107E0000C3A4413D48D312BE0BBB66BC8B1D2ABD2B
:107E1000B3ACB93D5CA0953D3BFC99BDFCA247BD10
:107E200022F7D7BCBDEB883B3EED2EBD6D435B3DDD
:107E3000F0BE8DBC04A0F9BCCB77C13DED9E0B3DDF
:107E40009144423DB217063D156500BDC08410BD8A
:107E50005D018E3DEC037F3C726EF9BB412460BE38
:107E600038F2613DD9D395BD70FE603D39D26B3D8E
:107E7000B4A1C63D07650FBCB216AC3DE53C69BC7C
:107E8000EC15B73C5A60433D2AFCF7BB564B05BE88
:107E9000E4ACC03CFBDB2EBD5A23973D8380C33C42
:107EA000F496CA3DC1A9F0BCC57E8F3BA2467C3C7E
:107EB00009B8B1BC7F8675BC1E761A3E0EC4C23DA1
:107EC000D602C0BD14D8A23DE74D4DBADA034ABD73
:107ED000868DE23D2C79613DE4A3A53D7859783C3F
:107EE000BFD9C0BC190029BDF4F01F3E1E807D3DE6
:107EF000EE61B5BD73D433BDEDFF0ABC6EEA0A3E38
:107F000032CC81BDC0C36EBD6F80CABDD0FE343CD3
:107F10007C83F7BBA9C46FBCF320DEBC189CBC3CBF
:107F2000B4F08ABD686BCBBB4DE30CBCF4E3EC3C16
:107F3000D37C033C6FB107BD4DD36F3C66E707BCF4
:107F40000DE02FBD8F83773DE5348ABD5B7A163D0A
:107F500023E998BD59371A3DEC31933C732970BD24
:107F600055A328BDF6EEADBC604A73BD2FB2523D9D
:107F7000FDD115BCB3014D3D25CA523D77AE8CBD38
:107F8000EE533C3CE652DB3B6936FFBDB99588BDFC
:107F9000BAA111BED169E7BD72E622BE9FE21C3CC8
:107FA000B74E24BD0D5D01BD517D0FBD27A8AEBDEF
:107FB000AC6A163E0745123DD007103E1DADA3BD6D
:107FC00084D4CD3D64D8A43D907015BE294780BEB1
:107FD0006CD15DBCCF5D3B3B55CECBBDB30E843D7C
:107FE000327966BEBA5CEE3DE5411A3C9DAB0C3E73
:107FF00038686FBDC553DFBD24CFD8BC30E07CBD31
:108000003BB72ABDC6F487BD7D1ADCBDAAAB8FBCC9
:108010007B2E54BDB1138C3D80940EBDC5D1F0BCF8
:10802000A0FC5DBC1ADDA33C35912EBD57A7C5BD94
:10803000CFBDC83D17FE23BCEA36703D63BA233E70
:10804000D27F16BB1B51333D347D5BBEEA6AE13BF8
:108050005B71793DF175633D5F0CA33DC4C27BBD8F
:10806000DDD2903D930F4D3C34770E3E2A6A383C6A
:10807000F3D66B3D658FB83D016E06BD76CC34BE40
:10808000476535BDB85F1A3DD69E01BD21ECD2BC17
:10809000C6616B3D0A00733DE468823A26D2543BC8
:1080A0000F14A1BDF5D08D3BACD0F6BD082C573BCD
:1080B0009439E13DAE10B53C98EB10BDAC9682BD55
:1080C000DA8551BD2570443D6A4C3ABDF4189ABD1D
:1080D000F41A3BBC68500FBD286BA7BDB1C3D83D97
:1080E00038F64B3CDBA6B63C8C3246BD1F5F923D5A
:1080F0006155F83DAA873F3C62E21ABEE1D906BD50
:10810000E9862DBD0890D13D8982D2BCB85D03BE01
:1081100034E2B3BA88C87CBC81611CBEA22AABBB66
:108120003421BF3DA42900BDD15BF9BC9EA247BD4F
:10813000E5C425BB5737483EB8430E3EF5CC0D3D50
:10814000C50CC1BCB4B69F3DAC962EBC25169C3D5B
:10815000A15B17BD8FFD86BDBE810DBD58E149BD38
:108160007A0C0E3C76CA943DC688963DEAFA07BE64
:108170008440F2BC97AEE0BDD6A5913DEA55213EC4
:1081800004FF87BD8647AD3DF7DAE1BC7ED1D43D23
:1081900026F8ECBC5FC49BBDD4AEE3BDAE684DBD5C
:1081A000DB49093D6C9B203C25F4213E9E99B3BBE5
:1081B000BA50D73CE4DFF2BD1391AB3CA0406FBD99
:1081C00034CC2A3E239CB33D152AECBB2B0DD73B68
:1081D0009DB3FA3D8AC92A3D9B1616BC79CE02BDD5
:1081E000BA0B093E58D3943D9B62EFBBDE85F7BCCA
:1081F000A2545CBD147E64BD2249BB3C541F35BDF6
:108200003EB1563E8D3792BD257CC83D23A7673CC5
:10821000FBDBAFBA77F493BD2CF393BC2A75843D96
:10822000F4D612BEAE26653DF1B897BDF7CDF23B50
:10823000B65D633DD326F8BDA62770BD8A1AD3BCB0
:10824000FBDD23BDCBDB1E3D0F05E83DE22A80BDF3
:1082500066378FBC834C0FBE5B525DBDB3A9843DB6
:108260008C798C3D648B2A3CF6B76F3D0564013EEA
:108270005AA9263EB63897BD01AA03BE7BAE1DBEE5
:10828000B121CE3D9F56263BA8FAFA3D40F15B3D19
:108290007A21943CE68D9E3DE8E883BD818F25BD23
:1082A00093EB143E85EFE8BD96B23BBD66DFC1BDE2
:1082B0002FCF75BD4B66A73C04D39E3CA4E53A3C4A
:1082C0004CCDD4BDCA9CD8BD25A8863CBEDB5A3D4A
:1082D0007D53CD3DBE8E5F3D487608BC0B22A93B49
:1082E00029677DBCE27F90BDA672023D72B69A3DC1
:1082F0006F02C43D4E7231BD462E4FBC442F27BD88
:10830000DF0F91BDDA56153D647F34BEC081FFBDDD
:10831000606778BDA5AAA0BDD4347EBD935C193E2C
:10832000B9606BBD6A16943DE4C2213CF07DE33B2D
:108330005A461ABDE33A433DC0F5B2BD1A0191BC9D
:10834000E70E2C3CC5EC80BD7D4F25BB83BF89BDAE
:1083500081FE0CBE5582EB3C46F5D13DF8E8D83D98
:1083600056A93E3DD8F3CEB99A8A7FBD2AD7A63CFE
:10837000DB10C3BD9712D23C608A3A3C1B99AEBC5D
:10838000994942BD02FCC1BD78829A3C5201673BCB
:108390001AD2443DABF7983D5C6D893C6F6CB23CA2
:1083A000B061BABDEEBBB53DD162A93DA820B9BC54
:1083B000665CA93DA13F10BDCDFB593DF6C34C3DC8
:1083C0003D54173DFE38AEB9925F793CCB0EF53C7B
:1083D0002EDC133DB3AE863DDC4A0D3D4254A9BBB5
:1083E000A26056BDDA0CA4BD1BD1E13C8BC0803D20
:1083F000F0ADA2BCFA0FE63C9A17B0BD5B1B04BE01
:10840000DB03D8BDE57636BDCF68F73BFA7095BB88
:10841000A733B73D8E9F5ABD5D613ABDA7B2383EC6
:10842000C88FB8BD96BE26BD9BA24C3D3F55133D9F
:108430005BD30BBD533249BDB754EF3CC9A101BD5D
:10844000E079523DDC148D3CC0BD91BD131D55BD7E
:10845000CC0E2EBD99D3C83C0E02C23B80D4B13D98
:10846000B91DB6BD5539C4B98D86053D254A9ABD9D
:108470008F5BC73D38AB14BEBF718B3DCAD4DEBD28
:108480009F09063D118A87BD04982D3E71CADC3DC7
:108490000872F03D675CB8BD531360BD84E9A33D2D
:1084A0006894CE3D5B87393EA4FE3BBD4376B1BDAB
:1084B0009E03413DBF3E213D3C4278BD677C8C3DE3
:1084C000CE7EAA3DBC9556BDDE1B20BE0DF49ABCE7
:1084D000441E5CBE6D23F93D6A3E48BBC12724BEE5
:1084E00074FC493EED4F943DA3893E3D81D8BCBD0F
:1084F000857E093C063FBBBC56A050BC6CDF4E3DA0
:10850000B6D734BDBAC0E4BC3E3804BEF5E60FBCF5
:10851000D064523ECB1CD13BB2BF173DFE59F4BBD9
:10852000E0760A3EE64928BEC72E993D9575873DFF
:10853000FD12AA3DB84524BE46C6803D6F1E83BDD0
:108540007C6DEC3D9402E3BCDCC4173EA963C53DE1
:10855000AC6B193E429522BE0270DFBC1238A23DC0
:10856000A7E28B3DC1143ABED2CB803CA6AC92BDF3
:10857000E8DAE73D78F1F9BD7FCDA8BC6F38A83DBA
:10858000D78572BD78B9A4BD113F7A3D4FF665BE5F
:10859000AB7BDF3D3C8EAABBE542353EBF22433C70
:1085A000B013E83DE93880BD8FD5B53D2732333D66
:1085B0002A59B03DCEE521BE82E5E8BD2FF48D3EBF
:1085C0006F56DE3D57C8E13D35A8493C17F436BE2D
:1085D0004307F83D0235BA3D1159FFBD0AA090BDD1
:1085E000B547753DADF6843D977B1F3E09C5FFBB82
:1085F000F6D6BA3CECD38EBD2590223DAA418E3BE7
:10860000D5064ABD8B171FBD4406C5BDD03723BD57
:108610008E23F4BC5210D9BBAC2A973D2B94B03DAD
:1086200053892DBDDAE49ABD5BF6DA3C01E6993D4B
:10863000C2F33FBE06E0B6BC3BFE0C3C520E9ABDF8
:1086400035F0D33D8C519B3D574F9DBBB6BEE5BB2E
:10865000C644A03B7C14853CB81DDD3C052D21BEE5
:1086600092E644BE09B0E03C979C093EBD925E3C58
:10867000B48691BDD20590BD5A4820BD329571BBDC
:1086800092F9B03CE9D29A3D1CFAA6BD538C183E33
:108690003B9FB23D1745143D735C783C7BFBCE3D60
:1086A0002FB6793D14A6AB3DCE896C3D1703153E20
:1086B000B813953C36EBEB3C822F8FBDD3B9813D8F
:1086C00045765EBDE8F6443DC5E440BDEAE3A6BD9F
:1086D0007D7A27BE3D15053C084AA9BA3B5CA2BD80
:1086E0003B5C293EC707C33CA6AD2A3DCE33763C52
:1086F0008775D93D49D93F3C972253BDE32F32BE00
:10870000D7638E3D2612D1BDAD4E0FBDA4E7613EAD
:10871000044FA7BCC296F63A84B6923D816FD4BD91
:10872000AF0A5E3BDA80163E85660F3CA6532D3EAF
:108730003A94513DD69F90BD8202EFBC7148113EE4
:10874000E636E63D650C81BCD8093CBE2F6B02BE07
:10875000D15C533DE33D803CE93549BC3A23FABD49
:10876000D0AD7F3D8159E43C9C90A33B477D1A3DB1
:10877000172084BD7ECE68BD8132BA3C66FE7CBDCA
:108780005B508D3C83702E3D00C8D93D25046A3D69
:10879000173381BE61F37CBD2BAA09BD9CB07ABAA8
:1087A0006B5AF3BD00D24EBCAA774DBEED6C86BDB0
:1087B0002A794CBC9D1AA2BD436261BD8D17713EE2
:1087C00029ED5C3D28C88FBD6637063E121750BEA6
:1087D00029A81A3E019CF33D928D1C3E41B8F23D02
:1087E0002E10CE3D143489BD8B2C2B3E713E8CBD9A
:1087F0005AC8A5BDD5B37FBDBFD7A8BD29AC9B3C8A
:10880000C2A67D3D9FDE313EAA4DE73DA2660BBE6E
:10881000454D893D1A916F3D565D8CBCADE4EEBD72
:108820000F8010BE754B94BDA772CFBD44124A3E57
:108830000B2019BE586ACA3D06A6CE3C1DBD4E3D52
:10884000FBBB9DBD3C3A803D8187953DD220833D59
:108850000FA8A2BD025E23BE9A3562BEECD13D3E9A
:10886000EFFB6DBD1978AB3DBD3B71BD8450A93B9D
:10887000F1D6D7BCB4A6603D7E6E1CBD135058BD6A
:10888000E4D4C63BEF8EFCBD0D3B05BC5A0C133D3A
:10889000D675353D8C6B78BD7CE5DBBDAE450BBE3A
:1088A000440307BD0879963C8A495CBDDE07AEBD2E
:1088B000324573BDC2B95DBD0B297F3D462184BDE4
:1088C0000C4E2E3EEC31543D72FB1DBE38A3233DB1
:1088D000AB85F83D24B8513C8F9A813C86F40DBE9F
:1088E000D169803D90877C3C0424FF3B8D7E043E13
:1088F000CFD7DC3D5047923C9541F83C0B5952BED6
:10890000E136763DCE95A13DCD4600BD8ED0883D69
:108910008EBB0FBE0222DEBDBB8356BC2005553C7C
:108920008ABDF13D87B96ABC5F5D593CBB859A3D04
:10893000620B883C17FF153E02E5703EC506D63D2A
:108940000D43D93C29ABCEBDB4340C3E948A01BE54
:1089500092075EBD3FCD75BDFB88C6BC4199DBBDAE
:10896000006640BEA7EFB13D4677BEBD741F253CF3
:1089700000D997BD0D28A6BE51B5883D4853B9BD55
:1089800041EF1A3E723293BD1870FE3CEE6080BC1F
:108990003DEC32BE10C08A3D3DFFD73D02CD6DBCDF
:1089A0004AFEA23DD7F257BE018A9E3DDF8889BDAF
:1089B000572E123E37C7D93C5AB870BC58C7983D9D
:1089C000375A25BDBF3A07BDF40F083D59AC5C3D91
:1089D000419E79BDF56692BC870939BEEFA12BBDDA
:1089E0007F3BFF3D9D8B1D3E2BD11D3C2370DFBD8A
:1089F00043DAB2BD26755F3DBF5D913D26CC3F3E5B
:108A0000FDF397BC0C151BBDB7B7DBBDEE75273B5F
:108A1000C02981B8E8A3FC3D9E7277BC9A66933D5D
:108A2000797F03BDEDBC4D3C4E94AABC6670E63B1D
:108A3000F890F83B8BD7BABD442CF7BDFF5858BD12
:108A4000712631BE7A7DB0BDFC50033CAE834F3DF4
:108A5000B08E05BDFE20EC3D944F4DBD7B3F8FBDDC
:108A6000860117BB5A0924BD1C4529BE4FA765BC0A
:108A7000F55662BD44960BBDE3E52C3EA5AC57BD53
:108A800019119F3B6382373D2489343EDC8FE73CDC
:108A9000DBF596BCDEB42C3ED472043DDC50EC3DDC
:108AA00027178E3B0679A7BD765D9E3D73B023BC2C
:108AB000FD2F28BDC50854BE0D7B6F3D36A32E3C4F
:108AC000F078573DF563D3BDD3AA043E176A2A3C1C
:108AD00003A50ABE6ECE473DD250183E694A9E3C61
:108AE000276601BC8336643E8E8EF13C9D36D2BB38
:108AF000CB261BBC8D261F3E2CC9433EE0251EBD48
:108B00003A3762BDB670833D3FE9833B43F93A3D56
:108B10008A4BE13C2A8508BC7E10333E9D891CBEF1
:108B20003FE940BC411F0EBE73552F3EF19EA8BDCC
:108B3000CA891D3C0F6686BD060936BED6B3E63D22
:108B4000E57B8D3DDF31013E173946BD939961BD0F
:108B5000C94FA43DB10062BDE379C13CFBD277BDF2
:108B6000ACE6953DA66243BE9BB020BEF93EA73C55
:108B700018A6813DC6252D3E50CE23BE6DF991BC71
:108B80003F6D583D03A85BBEB429CF3C8C215EBD30
:108B90009D6FFC3B04FAD9BD5D3D15BEBCF4253E7E
:108BA00063A2E73D73EF47BD926FB83D8238CF3C7B
:108BB000C21D33BD36D603BDC09DAABDD78D723E42
:108BC0002AE5643D347796BDD3F67F3ED9A6123EA2
:108BD000DF832CBE3D23793D724D41BC72DDB73D34
:108BE000D35327BEDEAD4E3D509333BD076D333EAC
:108BF0005106933DA6E907BB30AD87BEE9FC32BE06
:108C00006B2248BDDE5629BB84F4B0BDBC5E15BEE8
:108C1000B82177BD539281BE8AF0AC3D70CAE1BDE8
:108C2000B6BE783DA81451BD2B346F3D2529843E36
:108C30003E2BEFBD2318523E207A9FBD3A5256BDBF
:108C400080BCD2BC3602513EDB3742BEA5E0913D2E
:108C50002C66243DEDEB0D3EA3D270BDE00462BD59
:108C6000D01126BD14954CBD4223003E337F96BCE7
:108C70008EE694BD0D88F33CB3FE41BC5DBD373E2E
:108C800078D0D0BC5AFD683DDD3BC7BDDE3E593DC6
:108C9000C263C0BDE8752ABD5154F13D5DA82C3EAC
:108CA000E599D73DD623C63CEE2C303C055C933D80
:108CB000066AC3BD9E7EEE3CAB23AF3B1A71BCBDC2
:108CC0000D7807BE09F5DABCCC37C6BAC5B38EBD80
:108CD0006D8BF3BC09CC893DDA265C3D94838BBD5A
:108CE00072926C3B879530BE9BD12A3E82E60BBECA
:108CF00052B1C4BD695900BD0683ADBD6C85DFBCF2
:108D0000CB99D03C531B603D8A55A0BDE1FA25BDEF
:108D1000DAB2843DA45F30BCA0B1AFBD40EA15BE5D
:108D2000B2FCDFBD8911BBBCFEDFC53C7517EFBCD3
:108D300010141C3D039062BC5F6661BDE4698E3D0A
:108D4000A202D53BB85FDABC7B0C2BBEAF24073D3B
:108D500035A9A53D95AE2F3B3DBA4E3D0326003EBD
:108D6000E214183DA8C7E63DC3A22DBDBE8F903DBD
:108D7000D83BCC3BDE45FE3D841ABA3D69B2E53DA9
:108D80005B67F23BCF95203D4A77ECBD4479E5BD6A
:108D9000306839BE9F9CB63CCE4E33BE9638E7BD98
:108DA000174A9D3D0FB723BEFCAC15BE4B71AB3DC2
:108DB000D76B9C3C735B0EBD8903FDBD7BEFE4BDAF
:108DC000B4F76ABB6E711DBC3A98893B0B1D553ECA
:108DD0000780A33DD823DCBC2DA8FBBCA879013DAE
:108DE0000294D03D89DDEB3C6D5E2EBDFD899DBDBD
:108DF000792A91BDFCD731BDA330F93DBB31543C3C
:108E00008C5ECE3BA1118CBCBD63033D7726DEBDDD
:108E1000EF2540BE8BF906BE3F60753C8A6151BDAF
:108E2000C5856D3D36BC8F3EEC0809BEB3174D3D80
:108E30002BB1D13D5A5EEEBD66F511BD11EE833DFD
:108E400084C951BDDEC8EC3DD141F53CEBC7163EAF
:108E5000E95291BD44D897BD0DBAEE3DB6BF23BED1
:108E60004A6FED3C1A223D3E660254BEB48A533E20
:108E7000D907DA3C3B97313A155EA4BD9E18E83D10
:108E8000E769543D5A54123EED69C23C38AFFBBD10
:108E900080FE1F3D564E643D16620A3E1536F83D73
:108EA0006C3CFA3C330955BED57B0A3E95CF653DF7
:108EB000E8C0963DFD9E8D3D2365FB3D0D4648BDBA
:108EC000F33036BEFB7F233E41770EBEEC2319BE46
:108ED0004C35963DF440123E0D9FB23D112E163E8C
:108EE000A4030EBDFAD4603DD4D5BABD5224633B71
:108EF0001E558BBDD6A719BEF83CB03BE4DE76BC50
:108F00007AF342BDB4A7CB3C5AB9073DD01347BC56
:108F1000B71DB03DF04B22BE3C3D9BBDF61730BCAB
:108F20002D1FEE3DB4B981BDECB5783D87B34F3D03
:108F300010DD3D3D22C34BBDFE7487BD71B2003EC6
:108F40005FE3033DC1D6F53C1CDF7D3BC54FE8BD6B
:108F5000A143163DC7163ABC84F3243BC902A4BC06
:108F6000E0B9A1BDE6F60C3E6ACC28BDDF87F3BDB3
:108F700017FD97BDACD384BDABCB093E248B573DC9
:108F80003F29E9BDBFB4BCBD64BC90BD9C341D3D50
:108F90000182FDBC8A166A3D348E83BED3DEDBBD02
:108FA000FDC4A1BDEA08103EB95CB53C1AF2093E09
:108FB0002797B13CDABD553D91F9B03D7A7396BC27
:108FC00075CDDD3B66F88FBC85CE5DBDC7D69E3DB9
:108FD0002E8DCF3D8C7F0C3E8F4D0E3CC74A29BD58
:108FE000AC3210BEDD34043E27F390BC50D6F93DC0
:108FF000F07098BD5C89F53D52945FBD08E31ABDE1
:10900000434D3D3DF032E3BD8433A63839270E3E53
:109010009DF249BD2058AC3DA5F0A33C313E80BD3A
:10902000E5F7FC3D1D1D4B3DD8286FBD67261B3D58
:10903000FC74783C9859A0BBB59B12BEA8536E3DFA
:10904000AB25C63DDB93913D6521363CBE70B33DFB
:1090500090C0023EB22147BC688F1C3E7A7D6F3EB5
:10906000F6FB9D3D2F4252BE5EF7043DC75C003BC0
:10907000B626013DF2F7E1BC8A9C53BC116836BDAF
:109080003B926EBE91A7DBBDAD4D8BBBC2A92ABC86
:1090900013A43DBEC45236BE63C2DEBD753A90BC59
:1090A000F0D696BDBDA3DABBD272E03D3AD4A2BDE4
:1090B0000803993DC391703D6BDE0F3E88F40CBDF3
:1090C0001763803C7A6825BD05B9523DD7AAAE3DED
:1090D00053CC91BB957115BE8E279FBD6DC5B13D1B
:1090E00013B541BE1363313E10DC023E91CD903D7D
:1090F000CCBDBABB037128BE7EC9F1BD175AF73D7E
:10910000DAE11FBD78E6CF3DEDF1423C6DD90BBEF3
:1091100071FBA43D33E3E83DE044013ED586F93DD3
:1091200062DB83BC0FB6993C6E631F3CB95B68BEC3
:1091300077859FBD17CFD5BD695D1C3DC15F5ABE08
:10914000C8CDA0BE61D1D0BA7FDAB7BD31C6BABD35
:109150006195903D26DC233D2A3947BD2BC7B7BD1D
:10916000761D783D77902E3C545595BD043BA7BDA8
:1091700014E6CD3B8DB551BDA021D2BD6C669D3DA1
:109180002984743D12E283BD516DABBCE7F399BDF8
:1091900052ED383C1D253CBDC5275BBEE62C69BBA6
:1091A000B185A13D7E25C5BC664D39BDBA21D73DEF
:1091B000AECFF13DCE33BBBC4A6DBF3D65FE8FBD2A
:1091C000B174C7BD7A6CEBBD7B4B80BD8B6B1CBE95
:1091D00045EDA6BD4D9E1ABE08F9FABDE5AB7EBDB4
:1091E000034BCE3B40081ABE8CC27A3DBBA70EBDD6
:1091F00063801CBE9D96093E3E50683DFA0E703B52
:10920000475DAFBDD422043C6737A73B46EF00BDA6
:10921000A00110BDEF963BBD57F9B73D86E11CBCE0
:109220000BAD253D9BCA00BD0FFABB3D282C043B6E
:109230007B792E3B30FD21BE412F8B3DCD57BABBF4
:10924000AFF9E7BD554FA6BC6FBAE6BC955B71BDE3
:1092500012CCC3BD972E0E3E52AA5FBDCA77E23C28
:10926000D57B673D40CF413D90ACF23D5A75053D01
:10927000A011ADBDDC28153CC2513EBDB9731CBE6A
:10928000E87699BB5CCA9B3C019403BD61241A3EFD
:1092900062E3043DD844733E4DB1223D4B1C5D3D1D
:1092A0006D92923DF298D1BDA8C881BD9D2008BCA9
:1092B0009B69AD3D8AA51ABE6D3643BE5235F03D61
:1092C000327B63BD94C9DFBD47BA863D0AC76ABE1B
:1092D000C10063BC33DD2D3DBA03233E203CBBBD42
:1092E000DCCEA63C282650BC76C326BD3CE61ABE82
:1092F000C5CFB7BDDD73FE3B7B11813DE723B83D94
:1093000029B33ABA9126F3BDB57B38BEB986B9BB4D
:1093100023194D3E49AAC43C8042143C804CC13BB9
:10932000636252BC637001BD2149603C061EC9BC2A
:10933000C632883D20CFB2BC8250223D98B82EBDA7
:10934000ED9B7B3C02CE5FBE47903ABE97053C3D0D
:1093500074F308BE246B36BDF0E1C03D3E6B88BCA3
:10936000B2AA71BD4DDC353E41EEAB3D9856EE3DA7
:109370004373153E2777CC3B5581C1BD718097BEA5
:10938000E2ABE23CC6378F3E8E0AF0BBB71AC4BCD4
:109390008B05D93D660530BEFD5526BE0ED1D23DAA
:1093A000DFADF7BD13C8063D7774313C479F2DBE36
:1093B00073BD7DBEE35CB8397C540D3E3C5C04BE9D
:1093C00021E3AB3D1A70113E6ABE9BBDD0A4E3BD44
:1093D00084E05F3E77675FBD7EB345BCC310B0BB22
:1093E0002E0E093D2A80CCBDFC428CBD41AF013E12
:1093F0001B38163E6A285C3C18E1D4BB769B07BC40
:10940000267F31BE0B5553BE188033BD2516E2BDF5
:109410005C6AEE3D5131A33B13EBBB3C79DB123C64
:109420007021643E9C24ACBC0EE9093E07FBF5BDEF
:109430007D22B23CEEFBB73DEAC77D3DAD9BA4BDAE
:109440005B1DE73CEC4F603CBC59A63C4AAE66BD98
:10945000DA970F3ECDFE833C8C5D4DBC93AAA4BD34
:10946000AD50A13C256E1ABC1367603E2D4F3EBE29
:10947000F58914BC8CF5FDBD4EA294BBACD1D13D99
:109480003A03473D7C7BF73D89A12B3EA1FE193D68
:1094900076F9C83D6A169D3D4E97A03D806181BD1D
:1094A0004F50D43D7183AF3D5E517D385B958BBD90
:1094B000C3E0933D64F76EBC4C60F93D6AD010BCCC
:1094C000BFC5483D88EFD9BD2330583D2A28C4BDCB
:1094D000111A293EBF77E63BE91C30BD3BC23B3D3C
:1094E0009871BBBD4DC9F8BD8D3F093BFF70963DDE
:1094F000B8EE023D670F743CBB9CF2BD62959A3C8E
:10950000CF7FBA3D97FB29BD0123EEBD4578D53D00
:10951000EDA5A83D3E3C703D877F5ABE17EAA8BD29
:109520000AE438BECE5CBE3D3BC423BDFD64933D22
:1095300075636F3D9E6275BD2317D7BD1E93933D26
:10954000EC78C13DBE2B073D16391E3D8B89B9BD58
:10955000B5758B3C955F7BBD9A01F3BD77B4B6BD05
:10956000CF729E3DBB784C3E481B073E3AF5D7BDB7
:10957000E75B1ABEFFC510BEF0AED9BD3826C3BD2D
:10958000CC3BF8BD040E173EF70705BDA94A6D3D5B
:10959000464C8D3D8E92F6BC3DB7893D2749DCBDDA
:1095A00063272DBDA4EA8FBC52B5553EA192C0BD24
:1095B000C7A662BBB86734BEF45A33BD9983DBBD1E
:1095C000A164473E3005643D3634EABD161181BDC5
:1095D000A0C0213C9CB0A63D5D538B3ED891933DED
:1095E000455611BC3AC9563E72F5ECBBC953AABDEB
:1095F000994D433E1A76D33B544F9D3DAC3C8F3D35
:10960000D0F1903C00582B3D90C07E3DA334A03D4E
:10961000BC0AC7BDCA1DA4BDDAEED43C05657F3DBA
:10962000945336BE9E6BBC3DC92D6FBEB761713C75
:10963000A9CB0E3A847AC2BD9329183EB2907CBD64
:10964000B900323DF2C604BD927C833C6CB1D63B7E
:10965000B714E6BD885645BE72C88ABD7CAFB13D21
:109660008BA9793B286957BD296A2ABEE66AF63C70
:10967000E06B0BBE91F09C3B5F5D98BCF614213D06
:10968000D241A93D137ADFBCA507133C95F6F1BD85
:10969000CD4DE3BC3876823D97463E3DC6D5D23CA3
:1096A0008D12AB3D3C4A023EF1C8EE3CE770CBBCAC
:1096B000BA1C0D3E1363813D7EA6723D0903423EF6
:1096C0001B7B4BBEFD438ABDC92E02BDE7974A3DB9
:1096D0002D4AB8BB6BC5CEBC72185BBD3400EA3DE9
:1096E000BD1D8DBDA057823BBBCF523C2CAEFBBDF8
:1096F0002B8286BC3E8B473E53E8BD3DA1B0E53D85
:109700007DBB6B3D94AAA0BD0D09ABBCFAF4033D33
:109710008A7B45BCB342723DCD6C303D768772BBCF
:10972000CD672ABD54F5AA3D09C017BE80D6D6BA6A
:10973000445361BEDA23BC3D8A069C3D2F73C1BDF4
:10974000F2518FBC639AAB3C7855AC3D8877693C4D
:109750008116DC3DAC07153D2FF9AEBD54519D3D42
:109760002EED013CDBDA11BA1A47163ED962B83D3C
:109770005C10103EBAD70CBD3E6C333B17D89C3DF5
:10978000B63BDB3C26BC853DF616B3BD8DCA97BD06
:10979000D71A453EDD7B993CF4C2B33D3EDCEFBDBC
:1097A0007AAC8C3D5EE00D3E0A21F1BCD099763D4D
:1097B00061F491BD9A2EDABD2266EBBD5FAA73BD3E
:1097C000720AB9BB1BD42E3D25EA96BD8E214FBD32
:1097D000D81A013CEFBEBD3D6F9CC83AAC9E4F3DD0
:1097E0004A0D083D996602BE5DE3823D4D958F3D71
:1097F000909F9C3DD781BE3DD09DAFBD5CFD973D08
:10980000FDAD413D04D516BC64D1123D57E576BD92
:1098100085D8F4BD345D1C3C80913E3DB73F78BC9B
:1098200092B1CC3D4540CA3C61A98ABC40D725BC19
:10983000599AC2BC9FF80ABD625CDBBD351C823CF4
:109840004776A53CE45724BC29DD69BDB2FD963DB1
:10985000F92D8ABBB41238BDCDFD84BD1283803C86
:10986000488AC5BC9D33DD3DAC0DA83DEB6061BDB4
:10987000A63411BD6371ABBCB431BEBCF16B703D9D
:10988000AEE0AD3D9A100FBD4882573C9CAFCC3C3A
:10989000F7E798BDA668823DF4624F3C50D025386A
:1098A0004F676B3D1AB2A43B0F2EC03DC66D143DF1
:1098B000CD65123CFFC1603D98F4BABDBEB698BDFF
:1098C0008D3E3EBD79C7CBBC7099883DD190D5BC4B
:1098D00096BB803D6BB100BD8C34A83BCD95113D4E
:1098E0008DE580BD20AF8F3C156C693C915A3E3DA3
:1098F000328FABBD89E1763D6EF83CBD92C8C4BDE8
:1099000008AC4E3D7E143A3DFA3CCBBDADC894BA8E
:109910002E319C3C86DF023DF50B89BDA588B83D04
:1099200072C36EBDC109EBBD15F46A3CD21A66BCA8
:10993000D303343CB9EF26BDA7DCDA3A5BD583BD4F
:1099400090C4C83CF44306BD3AD9DCBD5E72713D9B
:109950009C9CFABB8D05B13D63801F3D92FA14BEFD
:10996000B962023CFF6586BD9C3907BE7CC48ABDD6
:10997000A3B019BD95A9043D762D0E3C11E6513DCD
:10998000DA30243EE3813FBD9EAA6DBDE8CD243D83
:10999000F34959BCA156A13DD07FB33DB5C020BD10
:1099A000453B7B3D7A73D73CC900863B7270593D7D
:1099B000A6B4F33DB5F722BCE2CBA2BC324BAB3D23
:1099C0006E50FB3D2D40C6BD7C44AF3C9D4A693A7C
:1099D0001B2E43BD05C10BBE2656C4BC279785BDB3
:1099E0005C4C2BBD74A441BED2DD18BD99AE603D68
:1099F000BB7DF73CBF26A5BD54AE02BCCDC2A63D83
:109A00002DA509BDBA27AA3BB5E058BBBF4993BDF8
:109A1000855EEF3BDD8F84BC9B10D4BDC7DB1D3E54
:109A200066D855BEFA9992BDD03820BD6DD4BABC67
:109A3000A4B897BCB7961B3D607C4BBC5519A33CA2
:109A40005E2E62BD2D2C713D7076B13D3E5A4EBDED
:109A500091E1943DD525BFBDF28918BDDF90CB3D86
:109A6000FC8B803C19F5A5BDA6BFA23D606BBD3C3B
:109A7000E53EFEBD8CFEC1BD1A620E3EADCD993DE8
:109A80000A7C49BC6FB0E13C474897BDCEFF7CBB28
:109A9000C75BB63C2716953DE006F13B89B488BD0F
:109AA0001488E8BDDB36183D469216BD8FC2C6BD90
:109AB0004BF7453D2E23803DC43DF83C53EC20BE82
:109AC0001FA82E3DFBDFAB3D34A2723CF30161BD0C
:109AD000A90207BDFCECF73CC9476E3DF174BBBC65
:109AE000501EB0BCDC108C3D63F7C3BD8625F93D2C
:109AF00022C907BDA2FA4DBE791D0EBE2D793CBD0F
:109B000034D834BDC07247BD5189193DD86B863DEC
:109B100039C42E3EA3AC2FBEBC727A3A399983BDAC
:109B20002D74E9BC0467D43B5C778E3C0BF3273D76
:109B300090470E3CD81EF7BDAED24A3E7F19E73C97
:109B40005C7628BE1B6A47BE74D537BEFBE5B73CC2
:109B50009A8336BEC627FC3B9B696CBD970B6E3C57
:109B60001C43953B17BF423CDD71F03C307E2FBD5E
:109B7000260F55BC7C5C1EBD39A91B3DC37B94BC24
:109B8000925A00BECDFB913B2306AB3C0B259CBDFE
:109B9000A96531BDF91B58BEA74206BD78CCCB3DA7
:109BA000CBBB893C3469DE3D344FEABC5A5051BDD1
:109BB000040F12BED44ACB3D6E081C3E7E43773D57
:109BC0007A4B6FBD757FEEBCC677F83D01AEA23D06
:109BD000C33D8D3D88171FBD1B60EB3D34A7D63DAF
:109BE0001978D53BA263433D900B16BDB535223E97
:109BF000D4F8283E6DC52FBD3CB291BDA3CDF1BDBB
:109C000066F35A3DB139CCBDEDBC80BD53D7783E2B
:109C10004B68243E6E635DBE9AA7F43D53F01FBDB2
:109C20009966D73C210FB43D546303BE185793BDCA
:109C3000E889B43D8D61D33B8E6129BE4DACB3BD87
:109C40005AD542BED60E95BCA55701BECF5FED3D9D
:109C5000EE979BBD4E247B3C63D685BC543E71BDC4
:109C60003B1342BD0F88F63D798498BB66536A3D2D
:109C700005DF123D4F4B123CA4FC1CBEA93F1CBE8D
:109C8000DF63EA3B5B2FA4BA7794873D21CDF8BD13
:109C9000190F18BE8382253DA0D6EEBD679C263DD8
:109CA000A5A3CA3D8F153FBDB56B07BD60D2CABD28
:109CB00007CC44BD76BA8B3D6F2A03BD5630353E86
:109CC0005B980F3B891C88BCF02CE6BC146ADBBC9B
:109CD000714415BE7EC3853CB74D273C1D57C4BC9F
:109CE0006C58183EBDD63F3EA2C362BE7A0D8ABCF8
:109CF0005963F6BCA061FBBD47E0C9BB7D8E2B3B21
:109D0000FD0DCFBD2F1F143EA044F63CC2BE993DB1
:109D100076ED163C95D0023DEB7ED4BD5DBF0D3E89
:109D20000611013E0EE9A8BDA897DEBD65AE073E4F
:109D3000C633563D46CA0EBDAAF4FE3D01F94A3E61
:109D40004A31B43D1707A33D76A9AFBC74B61D3D9B
:109D5000C177763D1DDF2BBEE8570C3D51EC0A3E26
:109D600099DA903DD600F5BD46588C3DCB21B53CE7
:109D7000FD05093E519D0BBE997F893B13701F3D28
:109D80007932213E5C8C63BDE99931BD7C7C813D9B
:109D900083352C3DD8724A3DC814B4BD078F0ABC28
:109DA00043CFC93DAA50DA3B9A8984BDFC50823D1D
:109DB0006BD8523E587FEA3D929CBA3B42F9413DF6
:109DC000AA232CBC1FE15F3D03ABBB3DD9E4F63CAD
:109DD000593DCC3D207629BD88D64E3DAFFB38BEDF
:109DE00099CE84BDB80EA43C381C8BBD2799CABB44
:109DF0004B4009BD90FFDBBC6862113D978E093E68
:109E00002CCA863D84B004BCC755C33DF79DF53DC3
:109E10003ADFFABC2B9AE83DE106BD3CE5C650BDF1
:109E2000C622A9BD09B32EBDAA2EB2BD562FB63D7E
:109E3000B56EA43D1FC0BF3B3AEB0B3CCC9C1CBD98
:109E4000DAB18EBC43AA28BE9553F23CF91F6CBB15
:109E5000FB4E2CBD0095773DEB4E4CBD22D8A2BDEC
:109E6000C8D582BCAC6DFFBDF037C1BD0C32D63A4F
:109E7000A4963BBD8F9AD03D19B7E83CB99E32BC41
:109E80008CB393BCE489BA3CD33F4ABE0A82873D77
:109E90003A109FBD65D8723D858F0DBE3D47133D7D
:109EA000A04AFB3ABD5D90BDDD78273EDAD615BEEF
:109EB000471FB1BCB6BE9DBD6A8B653DDEC6DB3DAE
:109EC000282C143E6E0B1F3D031C17BE8F499C3B74
:109ED000620C723D49B7983DE7B4C33D00FD51BDEA
:109EE000DD9E283D2096B23CF5A263BD18E271BD0F
:109EF000E11DABBC1447663DC46B2D3E0B2C293DC8
:109F000009874F3D7FA7ABBD1B95563D6877A93CA0
:109F10001B8892BD40FF82BD76BE743D27CDD0BD6B
:109F200012509C3C00D9F53D108C93BD7A5FDBBD8F
:109F3000B7CD26BDFACCCEBDCA5B973DD76A6EBC05
:109F4000E48C89BD4114D73D8F80943DECE5F2BD92
:109F50006585563DEEF8E33C46EF2C3E8817003D04
:109F6000992D843B35A4013D9103E0BDB96601BC48
:109F70004B042A3C97F18E3D6E32AFBAB2C92E3DEA
:109F80006C5B973CF17802BDEFCCB3BD03820CBE95
:109F9000332A1A3D618A823D86EBB13D9BDFA6BD27
:109FA0008615F43CDE3C853D0E869ABC46AC193DD8
:109FB000BAE2B4BAC232583D712F8DBD45AA7DBCFC
:109FC000C7206B3BC2EADCBC8474A9BD01CD1EBEB8
:109FD000268CE83C321409BECC7B2E3DB19B2BBEB7
:109FE0007A74DD3B965DF53B9AC936BB205E083D31
:109FF000B552463C7A7FD1BCF19F3DBD10F1B6BD54
:10A00000A62315BE2DCF803D720FD23CE83D9C3B70
:10A01000AF71D73D9930D53DB339D7BC629F7E3AF9
:10A020005B583F3CF4D412BCEB09493E4E062BBDB5
:10A030009EBF57BEB170EF3C9D25AE3C5AF815BE91
:10A040002269C2BD3C589D3D9062E5BCF9A025BC8B
:10A050007531283D9DDCA13D690816BCBC8A67BDF1
:10A06000A749323D7E46ACBDD044A93DF85EEF3CE9
:10A0700027BA453DB15AAEBB337F983CAE189DBD63
:10A08000578A6EBC5D3F233DC53779BDFA4E043D0E
:10A0900001701C3B9472453AF10A113E8C62D0BBB0
:10A0A0005C7CBB3AD76C44BDE96D02BD155AE33BFD
:10A0B000C378D6BCE81659BC51AD82BD10F1163C30
:10A0C000DAE20A3EACB9DD3D9A52293DC8C7B6BDB9
:10A0D000DC78623D4D874D3D642700BCDC0727BD21
:10A0E000B9188BBDFD3071BD3C46A9BD2714C8BD54
:10A0F000F5BC6C3D2FC129BE69F21EBD077D29BD8F
:10A10000F698A7BCB6147DBDDAA1983D2255673EEE
:10A11000E46BCABC87CA99BDF788013CFEFCAABDA6
:10A120005F087B3C5599513DC91494BDEB662DBD2C
:10A130008F7E7ABA202D37BD12EF373DEF51CB3DE0
:10A140009369593D4B2BD63CD7A071BD5B02FD3BBB
:10A1500087F26FBD348BC7BC4B5AB23C2B3C413CA1
:10A1600024B6B13D6684883DE968F7BA239AE6BC17
:10A1700085022A3D1D78E03D2538BDBD11E61F3C16
:10A180003C5F9E3D89FCF43D47A6A9BC9DFDA4BA59
:10A19000F0A85BBD30DAC1BD0ECE423D9EAF26BEFB
:10A1A000967CD5BBCAA7CCBDDEF5C23D21B43ABD75
:10A1B00052EF11BE69CB99BB10A8BF3D42D1AFBDD4
:10A1C0007F036B3D37DDB23C45F1C9BCA7601A3D4A
:10A1D0003964D43B841475BDBD15EE3DB52591BDE4
:10A1E000C392C43D4F7D823DA2C1FE3CE3645D3D10
:10A1F000488E1F3D2031143D229006BEB568E6BC56
:10A2000020EE6ABC639D68BCDEFFCCBC4CFA1C3DF2
:10A210006C56AD3D14FB453D57C7963D48846B3D9C
:10A22000998B2EBD8185E6BB2145BBBDB74CECBDEE
:10A2300068338EBDE3C62BBD2455C3BDB9DE783C63
:10A24000A093D93DF4D0EABCE6DFB93CFBC696BD8D
:10A2500012CD5FBDC3D8E2BD9734ECBCCCACEA3CB8
:10A26000E8D5553DB990ABBD6FE5F73C3CEF7E3D81
:10A2700053A6843C19926E3C809ADB3C607694BD78
:10A280003546363DB2F8AB3D362DE33C73708A3D22
:10A29000B0595DBD54B0603DAD65F7BD51E8C43DFA
:10A2A000B901B6BDABE8013D4F6FDB3D0F09A7BD5E
:10A2B000ED11193D48A76FBDC8C9F93D2B0DC13C33
:10A2C000A1E1AB3D489718BB6BCD0EBDA8B2C13C18
:10A2D00007EF09BD0DA74E3DB383E1BC3507743BC5
:10A2E0008166483DA80FEEBD85843D3D8A3F77BD20
:10A2F0003794543C8A1E2A3D5711A53CFF4DF93D29
:10A30000D45EC53DC6377FBDF23C9F3D9CE53A3DDE
:10A31000E12ABE3DB021AA3A9D4B413EA3585EBE04
:10A3200035C397BDE507EF3CDE4156BDCD43AE3B9F
:10A33000CBF93F3CDEC21B3C906FACBDF28DD23CF2
:10A3400020ADC0BD2C333E3CB282603D6F9701BD55
:10A35000CB9E83BC291936BDCDA18EBD168E6BBD9B
:10A3600002500BBEA750D7BD3330D6BCE8027E3DAD
:10A370000CAD2D3C04C0413DC30E913DD20FD43DE8
:10A3800040F513BD8484F3BD039C1A3D37068F3D11
:10A390008C952EBB5CF7823C7D99BD3DAEE1F83DCE
:10A3A000E6580E3EC9370B3CDB3918BEB625493D91
:10A3B000F128B7BCA7B843BCDA7B6B3C7319F13CFE
:10A3C000C7E90DBEF25344BD74F4F3BDC8EB143DB0
:10A3D0000DBF95BDBC27B83DB45123BDD8663E3DE9
:10A3E000A0B554BED2C5A43C5F15A43DBA3478BD17
:10A3F000BF80DE3DF4D4823D6082853C0FBB8E3C45
:10A40000283CB6BD2522F9BCB19A9EBD7889D0BD45
:10A410009F3C2A3DFE200C3E3636403D0AE918BDE1
:10A420001DD196BD605D91BC44CF5BBA07B0A63D1F
:10A43000A1D9CABD595C503CD2A0CDBCFC8B8BBD10
:10A44000997ECBBD9FE717BE5E36853D2FD2D4BC2B
:10A45000F17A05BD9F1D203ECE99C0BDA92A5ABDE7
:10A4600002DD01BDABAA20BD47A83E3E42A17C3E15
:10A470003479AABD87A8FEBCB839A6BD814DA1BD5F
:10A48000DB81FF3C573856BED6D82E3DC301C03DB8
:10A49000B954FB3AE8C9DB3D5E74CEBB7FCBE2BD6D
:10A4A00091E7303DFFD52EBE289F49BDE99E883DEE
:10A4B000D26D84BD5A0E553D70F72A3C796BA4BD10
:10A4C000817DDF3D8099A83DCE170D3D8BFC3A3C48
:10A4D0007C4961BC216DDDBD7632E8BD0B44D1BC49
:10A4E000E4E1E8BD29F124BECF91DB3D782EE7BC45
:10A4F000ECEC94BCE4FF67BC4BCD4E3D539D783BE8
:10A500000E0D02BD7BD0D23B9C1D8EBB0AED563D8D
:10A510007DD71EBE269708BDF6F03DBEB25EB93DA2
:10A520006ECA0D3D78DDA6BB9387123E54FFCBBDAE
:10A53000BFEBC23DCEB1803A6F3492BB1915CD3D11
:10A540008AD6313D2BB44DBE9265803DA90AD5BC5B
:10A55000A7CB763D46A8F33D065AAEBCC9EE05BE74
:10A56000FA4C1E3D0F67493E201011BCD59295BB99
:10A57000859FB23D0592C6BC1436CCBD5B77843D49
:10A580002B37F8BB2F8BA53D8C4FB83D759616BD6C
:10A5900023F85EBD6B1E00BD9F68373D1ABE12BE1C
:10A5A000E8C2E7BCCF33553DF4FE07BE31333A3E37
:10A5B000E5EC2A3E45DD9FBC9D27E43CFCB1BFBCD9
:10A5C000DDF1AA3D86A9123DD25ADCBD63033EBE31
:10A5D0007984543DE9AC383EC4C6B4BD9499B43DC9
:10A5E000679B1D3C6F4404BE5D18963DC7808F3D40
:10A5F000510A14BE14A34D3D60FDCA3DF4BB993D04
:10A60000D29CCA3B64081B3E608CAB3BC582B4BD88
:10A61000B1A404BE87C20D3B60CCE63DEDE7AB3D87
:10A6200092AA553DA5BF533C3C5D65BDB190A53D8B
:10A630005095C1BA918F08BD4E1A07BDEF8E1DBD52
:10A640000C2EB43DF61DFD3BF8D310BD2CB0F1BD72
:10A650004816D03DB36A8E3D53797C3D3ED6673D6A
:10A6600096F7C8BD5082193D1CD6B23CBCEFE3BD85
:10A6700006B190BB47FC3E3D7E5607BD115ED13D05
:10A680009856923D4A3C053E6989F8BC5BFAC4BCC9
:10A690004D7748BDA452AF3D850FC23D2F123C3DC2
:10A6A0001D36D3BC9714BDBDAB5263BCC84C3B3DFB
:10A6B000C74AB03B53A2C83D079D3CBDD57D1CBDDC
:10A6C00093692EBBEF19AABC7C17C5BC723CA13D97
:10A6D0008CDA5E3DBEB8973CB891A5BD3069783D37
:10A6E000161B8F3CA8B497BD8A825FBED0AEE7BD73
:10A6F00098A0FB3D2A3D1E3EB0BD1D3D50BA7EBE1A
:10A7000061AEAFBDC42B85BC7791203E30A078BC34
:10A710002513F13D1DF986BD8F672EBDB0465CBD8A
:10A7200064C1C33D5EF85D3D2CA4643D28038EBC2E
:10A73000857AB8BD607A48BB5F851BBD167C04BEB8
:10A74000325C9ABC96A917BC0312663C558835BD8D
:10A750003398C6BBB910F5BC8EA80DBE634F18BCAC
:10A76000A24B1B3E7F3C7DBD41AD92BD2BD8EBBDC6
:10A77000AD5D47BDE192A83C0A8EA03C58C1CA3DE0
:10A7800037661F3DF66CECBDB0975FBDD285893D45
:10A790008AF1F03DCBDD00BDCDFB0C3E704886BD9F
:10A7A000C6EBF13C0501EF3C17E40D3EDE161E3E04
:10A7B0006DE8D1BD38C1B13CFD7F8BBDC8488E3C32
:10A7C00014DE1FBE35E427BCA14E8D3D3266DC3D54
:10A7D0001941FEBDFC20C5BBC9A2C73DB6528CBD08
:10A7E000AD57743ECF61C5BC30EC353D308CC23BBB
:10A7F0009638AE3D9253823CD64E093E7218E9BC63
:10A800001D74B3BD973DE43D77CFFB3DD320BDBC68
:10A810002480B73D8CFCC33D6423AE3CD1BABE3C22
:10A82000D6B2F03D8EB4EFBDCDE4D0BDDFC27F3AED
:10A830008AF20BBE9318A63CDC259ABC874F2ABE31
:10A84000BB0B353D42075F3CB772203EBEF2253E52
:10A85000944BE3BD5DB918BEF697CD3DF6AB223EF5
:10A8600048EF35BD083D20BC24B9183D0398A63DEE
:10A87000EFFC75BD3BE0BDBD0F81BF3C37D9EC3C63
:10A880004CF55C3DB0A8C5BD0A9869BD152F1F3CAD
:10A8900027216FBEBD3AB6BD9D7912BDED72DDBCFC
:10A8A0003B046ABD769650BD107EDD3DF990343D87
:10A8B000A2083BBDAEEBFC3DA8B751BD938045BCA3
:10A8C0006AE021BD7711543DFC1B753D31CD75BD4E
:10A8D000C6098CBD2C16083D37AEB7BCFDE8C63C9A
:10A8E0002CF1403D08E9213E0C665FBC49039EBD4A
:10A8F000637F953CF097FFBC96F289BD728173BD72
:10A900000759C33D8E1CCEBD9E170ABD6BEBBA3DE9
:10A91000A9625E3DC7B11E3DA21BEBBD2B9A513B08
:10A920003DCACEBC322AB5BD04DCDA3CF0D5003ECF
:10A93000D0BA7BBB3D040C3D4917863DFB4223BD8D
:10A94000A10A883D3C4816BD883D6F3D34D11DBDF0
:10A95000B85512BDF9BA963DAFF8C03D63660A3CE2
:10A960003E35363DA7DC9FBD07A5EE3D4505473D7D
:10A9700090CC043E85EBF13DF08B5BBD14BC033CF9
:10A980004ADC383D12794FBDABC4163EA7F8B8BDBE
:10A9900034459ABD626AB63D267EB83CE0F9B0BB4C
:10A9A00063DF213DA425E73C1F04EEBDE290CD3DD1
:10A9B000583788BD97691D3E41C023BD01EA3C3C24
:10A9C000CF4AFABDBBC9B53B0E4EA83DD583483E24
:10A9D000B4BD273C72951B3DE7B7C1BD69C4F0BC4F
:10A9E0003A9E66BCF882F0BDC032103DBB7B00BD14
:10A9F000FD9F54BD26448FBC0AB80BBD51C77D3D99
:10AA0000D571633C6E88123B58B502BE03A93E3D2A
:10AA1000D3C240BDC5AF343DB151623DBE58CC3C00
:10AA2000E24E71BC7BD71C3CD26BD83D297E8FBDDA
:10AA30008AD42E3CF9128C3DAD9F81BCACDAFC3C33
:10AA4000AD2893BDA19B52BE8FA118BEE44F4F3DD0
:10AA5000D288C23DF9C10C3E51EC643DDA8139BD6A
:10AA6000B9F42EBB7AAC64BDEAC8F13BD5809BBD7E
:10AA7000311BB5BDDC8DC53D68F8153E65C5E03DB3
:10AA800041B361BD1CFBE83DB3F6B73D185B88BC24
:10AA9000B9B16E3D346568BDB1C26FBC7A2B343E2E
:10AAA0002EDC5EBD53693A3C7854983D8280033E6B
:10AAB00027F1FD3C31B7B7BDD65117BCFF600C3D47
:10AAC000FA1D43BD960586BDF63155BC338EA6BD35
:10AAD000E5E078BD9A929DBD5B0FDC3C4F70883DF0
:10AAE0006D2D7D3D854B9E3C71ABF0BD53D3143C29
:10AAF00013292DBE29D6633CB164833DB524933D13
:10AB00008FBE1D3D225E7BBD6D5E083FD1AE09400C
:10AB1000E06E00BFA0CB5DBFDF3D023F84F03EBFD3
:10AB2000A16AE0BE5D0F3BBEE9951F3EEFFBA8BEEC
:10AB3000CB3F4C3E82017CBE25C9A8BEDAD6E4BE1E
:10AB4000EDD3533F2D5D61BF415095BE15D984BEF5
:10AB5000F0CEE83E77F20BBDE5DBF6BDAFB263BAEF
:10AB60001B5510BF742DE5BDBB91B2BD08B3A83E07
:10AB70007C13463ED7BEE03E3D5108BEB8DF3EBE28
:10AB800074A1F83DCE7C65BE78E88BBB7EC0A1BDCC
:10AB90002B8AD2BD74EB253E49536BBE220B64BC9D
:10ABA000010E2E3E512D1FBE2C2898BEC48239BEE8
:10ABB0000C2284BFEDA6583B5D1ADB3EC0C5EF3DBD
:10ABC00022665BBEC9A9933D4A97463E9631D4BDE5
:10ABD000C2763EBE4680C6BEA4B854BED07893BEF0
:10ABE000161ED73E29EDFCBE190C24BE98CB4C3B5B
:10ABF0002FEA113E79B599BD84C39DBDDB148BBD91
:10AC00007B2701BFF9EAD33CBD6E29BE72BC8B3EE7
:10AC10006BDF123EA94B363EA20A423DD0924DBD9B
:10AC20000C31483DEFFD7EBDCE4AC9BD0EEEF3BDF1
:10AC3000A39817BDF469023E7FD5E6BD10F2AABD08
:10AC4000F2A5A63D2D8362BC42CD543FF074D63EA2
:10AC5000C155E8BFCE62213F17E4303E662A91BE5F
:10AC6000F0FB8BBFEA8DA0BC217EF5BE1DBC30BEC3
:10AC700071AF4CBECD20F6BE7E96C9BE2854A9BE8B
:10AC8000E292413FAC57A5BE09A5F7BE734320BE73
:10AC90000086BE3E7D999F3ECA6F4FBD431B633CFD
:10ACA0000775DEBE72C6A3BEC922EBBCC135A03E8D
:10ACB00015BE833E4DE6FE3E30DF75BEC234A0BEFB
:10ACC00044C6363E7C89773EBA6A86BE007F173C12
:10ACD000690F75BE247F603EC9FF95BEFA3A72BE09
:10ACE0001CA6A43E15292BBE54967B3FF747263F52
:10ACF000CF4CF2BF08464C3FDE1D4D3D74F63CBFC5
:10AD0000687090BE1040FE3E1FE13C3F24EB85BEC4
:10AD1000324AF5BE36C0E2BEDD281CBF343686BEE0
:10AD2000AB7B173FC5EC3EBF40F08ABE2C11E3BDA4
:10AD30007A0CC13E3594ABBE4C2C723E94102D3F24
:10AD4000770499BE3F03A1BE1EAF36BE498B213E9C
:10AD5000642C793ECC35EB3E4031B3BC6D7A92BD6C
:10AD6000427F22BCF13E40BE63E4F83C4E97E6BC15
:10AD70008C9169BD50B7953E5D27EEBA6A9A7DBD4C
:10AD800066A8D53D430D5DBEAD79B3BE2659E0BB87
:10AD90003354BDBFA98586BFAC74A13FDE03A0BFFD
:10ADA000C768ED3E998FB23E2B1699BF8942853F09
:10ADB00082D557BE8BC226BF2A3FCCBD65A749BFEF
:10ADC000CF66113F5BB1D0BEA7C08FBE57A395BE63
:10ADD0003F15423FDAD9A5BEBA8483BE54E2823E13
:10ADE000022548BF681A9DBE037B2DBC90D7533EF9
:10ADF00037C35D3AF708CC3EB4A862BD885909BE96
:10AE00003B0F983E8B6848BE041E80BE44B3E1BD34
:10AE100065F731BEC888863E065B0EBEB519E93BB4
:10AE2000F0BB0E3E2A5665BE84A5A63DF028713FB4
:10AE3000ACABCEBF7980F9BE671FF53D665665BEE7
:10AE4000660003BEC18DD43E91306D3F496BA13D7C
:10AE50004A69EC3DD674D8BE59D2FBBDEEE8BFBE00
:10AE6000F3A3613F6FF6A3BF9EF4C8BDC70EEABC53
:10AE700050730A3F21E5E4BEB499E93E466DBC3B00
:10AE80001BE726BF7D84B7BD46E49D3E6AEAC33E0C
:10AE90009B32B03E74B2913ECD38AABE41F2FEBDA7
:10AEA000C0DEC23EA3D0903C6FBDA2BE4DF9CBBE6A
:10AEB000680D31BE70221A3EBC2B59BE6826C2BD39
:10AEC000D4C0A63E4F11E6BD345F343F3D63C53F5D
:10AED000ABB0ABBF171CF0BE821E103FC86748BEA8
:10AEE00028CE303FB96EEE3E17E4143FD1390C3E08
:10AEF00061E952BECFEE91BE522C4FBEBE4ACFBECC
:10AF000030AC903ECBD06EBF998A21BFF5AA34BE3B
:10AF1000381BC13E15EECB3CA7FD5E3D79446DBDAF
:10AF20005E5D7DBFF00A36BE51D8FA3D5BAFA63EEE
:10AF300063BC953E5865F03E94B6353E7194F63B41
:10AF40002EA69A3E8A87BF3B426C693D32B59FBDB3
:10AF50001DB22CBE46F70A3E08C682BE41CD22BEB7
:10AF60000CE3513CA4F580BEA8058F3DB71346BF46
:10AF7000B9B266BFAE8FCDBD24B7963F52F280BF47
:10AF80007E3925BF9063B0BE88DB203F62D0FBBE18
:10AF9000B82AE7BE4CE4133F3ED05ABEF8BE4DBEC1
:10AFA000649F3A3F66A647BFFCB4A8BE3CFE3EBFC6
:10AFB0007F28F23E33AF36BE9D591BBCFD7FC3BC1C
:10AFC000BD3E0CBF3D5DBABEECF15F3E1443D93EC1
:10AFD000678C3DBED364F33E45F0473EC713DDBEEC
:10AFE0006C0AFF3C2D46BFBD05E03FBE4178A9BEBF
:10AFF00004D53DBE8A005C3EDD7CA3BEAB4BBCBD30
:10B000001DCA903D72CD3BBE8775023F58BFF63ECC
:10B01000DB86EDBF64C3133F4F622BBE8D9A8BBF9F
:10B02000BACD95BEA6532C3F4D86173FABC76ABE1F
:10B03000E68F0EBE957061BFBA398BBD144351BC0B
:10B040004569563F50C226BFC0D881BECBECD1BEA9
:10B050004331253F0DF9DCBD8146BCBEF0D8BCBEF6
:10B06000178865BFFE2CC1BEFD0BACBD86C0AF3ED0
:10B07000A373973ECC0CBB3E4233D9BC668E90BEC8
:10B08000AC51C03E2F196FBE249022398A4C0ABEA3
:10B090002A6D5EBEC807253E11CD563DEBC580BE6C
:10B0A0002EDF273E028023BE2547E13E33B88B3E8C
:10B0B0009D68ADBF561CFD3D1A535D3F1343F0BF65
:10B0C000DDE9AEBEBD48CA3E87FC83BE9B22E3BE1F
:10B0D000144E2DBFCF9D65BE0D8AD6BEE6DF94BE51
:10B0E000FFEA153FCA188DBFEA5900BF8EE4533DF1
:10B0F000ADD7D2BB58FFBFBE266F023DED93693C72
:10B10000BAD137BF500DA93D27BA5B3E06EF003FCD
:10B11000355745BD7E063F3E2B5D4BBE9E067CBE31
:10B120009D9C823EC255B1BEEE1FE7BBFF6E2A3C1E
:10B13000F06DF7BCE3FCC13E40C933BEAF640ABE4C
:10B14000B334AD3E36D370BE0CE7B0BFB83CA63FBB
:10B150006BEF4CC0519FE8BE69B84F3EBA765ABFFC
:10B160007B54D73E1715CA3C48A2F43E879AF2BDDD
:10B1700075E7BB3DCE9094BD1D01A7BD5AD671BFEA
:10B18000EEEC793FBCFD163ED1D8A5BE714990BE0C
:10B19000727B883EE504A03B40CEDE3E2AE0DF3CE9
:10B1A0004D2CB8BED0A5C2BE7E739ABCEDD0173F61
:10B1B0002A2C6A3E0FBFD53E55E3DDBC649BA3BE7F
:10B1C0005C60C53EF4BF8DBE5A560E3DE827A1BC5B
:10B1D0000391943D9A05833E07572DBE5A0BF8BD47
:10B1E000C71E233E5A1E3ABE3EBB533C096E8E3FDD
:10B1F0002E7111C0C52196BEA0A81CBE1C49C9BE97
:10B2000076AF69BE75573C3F6AC7563F4E4DDDBDB0
:10B210004E9C41BF446F14BF40C849BFCFD55BBEF1
:10B22000F6B2F23E00874BBFBC68DEBE826D71BED7
:10B230001F15303F5CDDAFBE01861DBCF5F1CD3E74
:10B24000A59E21BF26C893BE17177DBE61A4983E58
:10B25000AE36F53D86E8053FF75B6ABD0CF846BEA5
:10B26000FEA9423E3CD177BE2B6423BEEBFB1DBE44
:10B27000898F71BE7D1C9A3E38F1F2BE59981CBC74
:10B28000E6C3703E1AF7BABEDCA24F3F3293E83FE6
:10B29000C0AE3FBF4CAA5DBFC6BDDE3EB2AD30BC46
:10B2A0008BC379BEE60CA03CC5027F3ED31B1FBFFB
:10B2B0009F368B3E1A9DD8BE5A719CBE426E40BED0
:10B2C000B6D68C3DF9A9EDBE20008EBEC2411CBE93
:10B2D0009BB9463E1327E4BE3BD695BC191B0A3EDC
:10B2E000D9B60FBFE52BA1BEBCD54A3D5FD6F73E10
:10B2F0001162003E6C35D13EF75CA43D6D4DB3BE8E
:10B3000087F1A43E99FC35BE6D8EA7BEECFFE93BEC
:10B310005AEDC8BDE2A5B03EDF9DF1BDC8ABDDBDB5
:10B32000DE0B3A3ED0F38ABE6ADD05BD34D8A03FBD
:10B3300015FD89BFAA525DBF45C4133E8473C7BEC5
:10B34000BB8099BFA8382E3EF539A53E922125BD78
:10B3500036B359BE51F56BBE17B8ACBE636319BEA8
:10B36000BFD5983F08676DBF8BCC0DBFD437E3BE08
:10B37000CC6E113FB681DBBD8FA9DBBDACC7F93EFA
:10B38000645D14BF9537D63DB4DEB5BCBAFA2E3F26
:10B39000CB1EA03DEE37F03E682129BE0116C6BD8A
:10B3A0007C4DAA3ED67AD6BC997036BE80FA753DE1
:10B3B00016F4E3BD3CFA723EC37931BD492AF4BCB0
:10B3C0005AD2653D48A871BE8791413E52707C3F7C
:10B3D000184026C0AE6D9DBE0A2C483E64C89ABD7A
:10B3E0006870C8BE14BF133E35084C3FCD9B0DBFDF
:10B3F0002169D1BD7FB643BFAD7ECEBEA75261BF2E
:10B4000087EB1B3F92DF42BF005E3FBF0E51A0BEE5
:10B41000C529C53E616695BE981700BD760DE2BC94
:10B42000C95582BFF39DBABE6CAAE73EBDFA0D3F77
:10B43000A3A70DBE1A64E33E994B39BD9C2C9DBD5C
:10B440006BDD313E8FA1BCBDCB7C0DBD5A96543D0A
:10B4500060B91CBE046B093EA4B83CBE9B25903D60
:10B46000E88CD33DF80C32BEC8B31BBE8B42B1BED4
:10B470007105DABF3ECE90BF80651F3F1F42ADBE53
:10B480004E7B88BF9BF0513EA642193FFDC720BFAF
:10B490000C7899BE875838BF0DB7AD3E99A91FBF2C
:10B4A000C7DBB13EDBB560BFE17F16BE980AA7BE21
:10B4B000310A4A3EB7ED2BBE569DBE3D283447BEED
:10B4C0006BF47CBFC6F0FABEB7C8F7BD706F383EEC
:10B4D00018CC8B3EE184163FDC5C8EBE3D0A94BEE8
:10B4E0007F78A9BD7AD845BE100B9DBD256A733CF7
:10B4F0007E9123BEF23FB93E3532DF3B48B76E3D09
:10B500008381643E146249BE3304CE3EB64BC13FD4
:10B510001BD8A0BF4595633E8380253FAEC838BF8A
:10B52000284FB03E43D8023E31DD2E3FCF2B23BE05
:10B53000765027BFD65315BFC772593E30A513BFEB
:10B54000C1E0933E73D582BF0D6DB0BF0877D23D89
:10B550009D2CC6BB19EC5D3BF4E185BE7A26323EDC
:10B5600015DA8FBE7A918CBEB420943DC3BB5C3E8D
:10B5700074F6A13E766ACB3E2F7181BC22D3A3BE66
:10B5800004FF583E23A294BEA9B9C9BEE4C9C1BDF7
:10B59000C3ADFCBD616FE23DD63760BE0E45243CB5
:10B5A00068FF183E29FA87BDABAECBBFCD0D743F07
:10B5B0003A92FBBF2CF6923C55D42E3F5725F1BE54
:10B5C00046805E3EF81E413EB5DB133F6F3DA1BD98
:10B5D00019D828BF61824FBE3480F3BE4D3000BF02
:10B5E00012D38A3E4E023DBF150C6BBDE3C5D2BEE1
:10B5F00001B7CC3D4A9A0F3EEF14D7BD80FB90BEF9
:10B60000705841BF7DD2433C5A4A6EBEA10C403FA8
:10B610008DADC93EC035813E645D0CBE5C8D14BEEF
:10B62000BD2A24B9791F67BD59DBC4BEC4EE133CE3
:10B630009CD20BBE2FF1713EAF1669BE5506803D00
:10B6400018B2223E1B0BABBEC46CE73E5D0AE9BEDE
:10B65000C861AEBF862B543D4959183F0D50153F68
:10B660005D8C5FBF18E35DBE3EF88F3E03AF5A3D71
:10B670009FEB06BE1A025BBFD6585DBEB4EB37BF68
:10B68000CEE4563F733B16BF77CED0BEA6EF7D3ECD
:10B690004B40833E390ED0BEFBB4D5BD360B073EC2
:10B6A000307F55BF618B153EA4D369BE3924243F3A
:10B6B00066E01B3E273AAD3E0F2EA43E8348ABBE4C
:10B6C0006656D53D6F2F4CBE56708A3C0DDE6FBE60
:10B6D000E93A3EBECD70BF3DA4A542BE6B0A75BD22
:10B6E000133C9B3E4B6485BEAE19153FE99785BE62
:10B6F00017C705BF8544A13E76991D3F0D2ED2BDCB
:10B70000EC78C6BE88292ABFBD306A3FE2B91DBEAB
:10B71000321E75BE23F345BF54F1B3BB7FA83FBFB4
:10B7200025C0543F7C9B80BFF14E8B3DBDE5E53D80
:10B730001AA71D3F949CFB3C13AABA3DC30E5B3E67
:10B74000168344BF9D4F58BE0859553DA73E783ECD
:10B75000F74B783C999A143EE3503FBE6EC58DBEC0
:10B76000179BAE3EF6D496BE09336DBEE2AA9F3E4D
:10B77000E9FEC0BD8D5C643ECF12C0BE4F813ABEB3
:10B78000990D043D426C92BEDC83B2BF483C623FDF
:10B790008D7C25C0EE12893C1E85E03E8AAAB5BD8F
:10B7A000EE4F42BD330FE53E5884C1BDDA0944BFB8
:10B7B0009F2B203E86E7D9BE7DD293BA82B904BFC3
:10B7C000351E1F3F5D6FA3BF96762A3E08426DBEB1
:10B7D0008C15083F9670A5BEAEC90ABF629CB43EE8
:10B7E0003C39F2BEDDEE25BE8A364C3E7EECB03EE4
:10B7F000A38B9A3E0F9EE03EE373A2BC76DA97BE1F
:10B800005E641A3E738916BE503DA4BDA9BD1B3BA4
:10B81000BB3FF3BD5F42153E46E799BE8E6510BD46
:10B82000ADC9FE3D604667BE17D768BEF19BF33ECB
:10B830002A03AFBF955B09BFD452A73E93C35C3FB9
:10B84000092CC6BE012B163FDBF7A4BE745C303D4D
:10B85000ACF2F6BEF2623EBF3B6537BEF8A5B2BEA3
:10B86000C585693FF99239BF19B9B9BE5E8B87BDED
:10B87000366E06BEA16AD4BD53E04BBC099FF2BD33
:10B880002DD8D0BE30854ABE30F0EC3DBCA0E43EA1
:10B8900075A7BFBC3463383F5D84D2BE61D979BE21
:10B8A000898E823EDE4985BE7D21E2BCC3D225BEA3
:10B8B0007E6803BEEF6D9B3E25DFBABE4F4244BC9F
:10B8C0002286D23DCBEF51BEB0AA10C0FBCC8F3F39
:10B8D000B96DCBBF114D3DBF17FE38BF15354FBFFA
:10B8E0006F57A83A2F8B8DBFCBECE83E117D6D3E94
:10B8F000330BE2BE8CFF67BF6A8BE6BE9F414EBD35
:10B900002765613FE8BC9EBF2A4015BF404E30BE50
:10B9100002FEDF3E1BB7C9BE1D0E40BD01B271BEA7
:10B9200005ADFFBE7C3631BEB8C805BEEB6ED23E5B
:10B93000A7A4503E0F96D63E76E04B3DD19A02BF6B
:10B94000A951BF3EBE2008BE65F321BDD47E893C0F
:10B9500074C681BE9C43B33EA9D248BE11AAD63C50
:10B960000416D53DE3DA05BE2B500CC0D9B3A73F72
:10B970002D7984BFF42E033D0A43B93E2CFC1DBF34
:10B980009E077DBF6208833D850B483FF298113DBD
:10B99000EF6C04BE1764F7BE851BA2BEC686A2BEAE
:10B9A00068A52C3F3E44FABEA40218BFB8E97FBE8A
:10B9B0007ACB843EEF16DDBE3887EBBD2CFBC4BED0
:10B9C0001472DEBEEBA5DEBD9C54203D4F256DBD3F
:10B9D000C90349BEA578083F6B75B5BDD8F836BD1B
:10B9E000DA316A3E29B123BEF8F73EBE32F0713D2E
:10B9F000D2BD58BD1449A3BD119B21BE52C0E1BDAB
:10BA00004DEC8B3E3332CDBEE02B0A3F92060B400D
:10BA1000923504BFE49B58BF43AF003F2A6F40BF3D
:10BA20006CCCCFBED52D41BEF0A91F3E4D06ADBE9C
:10BA300041671A3E31398BBE4ADF96BE66D4FDBEE1
:10BA400051D8533F5C3E62BFE4E3B5BE067B78BE8F
:10BA5000CDDEE73EDE7E903C98950CBEA81ADB3C1E
:10BA6000DF5A16BFBE4EFABD1FB5A9BD1CACA03E25
:10BA7000743D763E736CE43EC2562CBE02243FBE3B
:10BA80001D9EC03D270F70BEA9B3823C6532B0BD7C
:10BA9000AB78CABD59DFF03D591747BED9CA133C30
:10BAA000F7E64F3E0F9031BE8B7673BED6198B3EB4
:10BAB000F450BDBF575CC4BF1D52DD3E32AA49BF22
:10BAC0005B06A6BF6006123FCE94193E2E25D6BE59
:10BAD000C275EBBE5D465DBF52957B3E98C199BD78
:10BAE000638E2D3FF1316BBFE888C8BE9B0A1FBF34
:10BAF000551B773C5159E3BDC3E5813DF5A6153E85
:10BB0000C1D3F2BED97C77BEDF6D2DBD2B24E23EC2
:10BB10002420983EBA6B953E616A203EB19B74BD6D
:10BB2000694BBB3EFFFF34BE81F7A1BD9A45A43CE3
:10BB3000C82320BEA4A11B3E5A3F9FBE1BDCD0BC25
:10BB400006B8383EAD5E6FBE69A840BDF3C902407D
:10BB50004CA4BEBF8AA4573EA488313F154135BFCF
:10BB600025D8C2BE40B7DCBDFEF3903E1B4C16BFCD
:10BB7000D0DC21BEDE3A85BF72597D3D5E52DCBE0F
:10BB8000A12BB13F29CA36BF97B45EBF8128C9BD7A
:10BB90009ADEC63D0609B53D19547BBEC5C7773E42
:10BBA000C10D71BF43F8B0BEF76B983C64B2E73E7D
:10BBB0008DE94E3D1701943EE3A1A23BDCA6A6BD54
:10BBC0007506193EB4C8E6BD223307BE608660BE66
:10BBD00019F5FABD9D4EED3E80A556BE099FABBD41
:10BBE000655A5E3EDDA08CBE14258BBFC633803FF8
:10BBF000CDCB35C02B51D1BEC7E8863E0C9F1BBFB5
:10BC0000B29B23BFC1F59A3E55BD813E130B77BF52
:10BC1000A6FC82BE94C312BFA8E371BEBBC87EBEA1
:10BC20003509523FCF8BA2BEFD13E8BEBA53983BF5
:10BC30006FFBF43ED1F0C8BD25EC1BBE7386AC3D56
:10BC40004B0D19BF12DC3A3DB0BA2FBDD19CA33EBB
:10BC5000278446BE6891B53EFBC4A53DEF4209BEB0
:10BC60004693783EBCC3F0BBF48879BE465C30BDD9
:10BC7000E208A0BD8DB37E3E774211BECE01BDBCB1
:10BC8000594B3E3E82C433BEC6F7A93F0227583FF8
:10BC9000EB5794BFBB87F63ECCF047BE6ED424BFB3
:10BCA0007DDBAEBD2030ED3EC7B74E3F93A7693E6A
:10BCB000F834B73BEDE81BBF9FD2103F5B6C153DDE
:10BCC0005FAD173F4EFDDDBEAB3B63BE4B308ABE62
:10BCD0009C06FB3E3E983FBECA22A3BEE83EECBC9B
:10BCE000FEB4DABEF125E9BDC971A73DD66E143F99
:10BCF000ACED7FBC7912E63EE9E2F0BD443A6FBE9E
:10BD0000AE6B073E4ED71EBEADEFA4BD2F3B7EBC33
:10BD100036190ABEE2B6A53ECFE855BEB696223D1C
:10BD200039885C3E7B1F95BEB30644BE83F6DABFFE
:10BD3000A8728CBFA4453DBF8B1A923F42E91DBF3C
:10BD400075F36BBEE72919BF3D63973FF60D1EBF24
:10BD50002E3B33BDB65158BEFD9F68BE975D1BBFDD
:10BD600037D2163F50E606BFE00626BF0924B93D8C
:10BD7000B2530C3FC64791BE94D6FCBED2598C3DFF
:10BD8000D965D7BEA2A280BE6A661ABE4B67063FBF
:10BD9000D705AE3E51002F3F8A164ABEA6FDCB3DC9
:10BDA0004ED5073FCA0F06BE1B2088BD0183D9BDF3
:10BDB00047F404BE5C1CB63E5D9B67BEB9D2A4BD11
:10BDC000EE60643EE30C4FBEE23A42BF33DEC23F58
:10BDD000EE7E70BED6F22C3E697C0D3EE8F9E2BBE9
:10BDE000736E06BEB3D1933DAF40443EFF67C3BE02
:10BDF000798414BF0ABCDBBE4CD4E0BE99A82EBF28
:10BE00008D4D533FE7A047BFF80C3ABE337CCEBE02
:10BE10002ACE743EB3F494BE1283C1BEDA384ABE51
:10BE2000FC8375BECB9811BF83BAC03D947EF33EB0
:10BE3000B319293E0E9FA53D7C66D4BD6DAFC43CB1
:10BE40008261833E1C2C853B378C90BDFCE90ABE89
:10BE5000CED927BE77F5BE3EB64215BEEB0A93BDDE
:10BE6000ACB3E03DFCDD9CBEAAF2A3BFC04FB23E26
:10BE700085DEE53EFCA6E53D07685BBF937081BEAD
:10BE8000D51FB73D144A813E1D066DBC44C638BF60
:10BE900037662DBFA510D0BE7DBD4EBD91590BBFDD
:10BEA000618D493F725E3ABE0919E8BE4C88D5BE25
:10BEB0005429F83EC8398EBEF06289BD7D0B823EA2
:10BEC0005F5B5EBF0226B6BD0E40243E4AA8BA3E66
:10BED000B69ED93E5FDEFE3E245797BCAAF968BEE7
:10BEE0003D76743E359F5EBEC34649BE156F27BD85
:10BEF0004601B7BD98F63A3E751A76BE7FC99DBD1C
:10BF00007BC12A3EFDFC62BEDA390BC0B62FC23FB0
:10BF1000E2F760BE42BC143FA166C43F8861DCBE4C
:10BF2000978EA1BF70EC953F5BD9403FD5FB553D47
:10BF3000D2F176BDC98121BFF1F496BEDB82F6BE97
:10BF40006B042A3F832028BF7791D0BEC8204CBD08
:10BF5000EC120F3F660DE3BD75940EBDC131F13C8F
:10BF6000AC5219BF088866BE9F388E3D6996DA3E8E
:10BF7000B5685E3E9DD1EF3E6882953C2D02A0BE25
:10BF800021C9983E5C5566BEBA54EBBD323958BDE6
:10BF9000961194BD32C7AE3E7E2B43BE1B145ABDD4
:10BFA00038912F3EC4FF37BE9B1DE1BFA88A553F85
:10BFB000552FD3BFE2E70B3F389C2C3DA7CB3EBFAC
:10BFC000B7350FBFD66F46BE11FCD43EFF80BEBD55
:10BFD000E2ED123F6C29CBBE3450D4BD7874B4BEB0
:10BFE000CEDF883EB8D538BF8E9CBBBE3F36E5BE9F
:10BFF000561F94BD1246E8BD7AA960BE9D66E13E1B
:10C00000A18562BFB3482EBE1A29463B48C6D93E19
:10C010002E3E103E7ABCD13E9F317DBE406940BE6F
:10C0200088D2633E7D735CBECC62C6BDAD9B1FBE35
:10C03000F7A13CBE9F55363E4238BCBEB7B600BEE7
:10C04000C40B4D3E82649FBE84F282BF1FB23CBFD0
:10C0500028F901BFBC21B5BD76E5FEBE10CA6BBF95
:10C06000B722963E5BEF893F727AEDBD52E948BF39
:10C07000FEB7203FC0C1A8BEBFDE43BE2C4B03BFEE
:10C08000622DD63E1D337DBF77804ABF8779153D2F
:10C09000D608123F7811493ECDA5523E8DFEE1BD36
:10C0A00029EBD3BE0F95DBBDCC8B6DBDD0F1153F19
:10C0B000875B4FBAEF75DA3EBF5333BC400F22BEE9
:10C0C0007654653EB9A48BBE82668ABDD5DF9D3CA1
:10C0D0000D06C6BE531F453ED87D4CBEC28704BD6B
:10C0E0006B1E313E6C7695BE7A7C3B3F48AC823D00
:10C0F000AFD0F3BFFC57193FBB5D74BDBA1AF43D16
:10C1000069E4B1BFC69EC4BD93C679BDFFC398BDE7
:10C110005B8FC93C35A5D3BE2FF621BF958DC4BE1C
:10C120009D9BA33E0CAD46BF01FB2EBF2B66E5BE1B
:10C130009FDB233FAA9D0F3DC81811BE038F14BD7E
:10C1400010971BBFB4A420BE54EE643E6BABA73E59
:10C15000BD099C3E9D87923E70568CBC2BD53ABE45
:10C16000A517BC3EB5AEA8BEFBC492BD5DA408BE7B
:10C17000FEBCC43C1039923E92CD35BEF14EE93D35
:10C1800054B2E73D9EFD6ABED310EEBE0A30B83F02
:10C1900091D1B9BF6E63073FED7E833F0283D3BE6B
:10C1A000ACE6F4BD5780E2BEB0C758BD0CA616BFC2
:10C1B000EC50BDBEF41730BF1DAD323EE671763B8C
:10C1C00030B21D3F83E614BF47F808BF5A8ED6BD74
:10C1D000F7A0343F209B81BC3CBE153E317A863EA1
:10C1E00060783BBFD9C9C9BE50B3AFBD4719DE3E69
:10C1F0009CA0F23D0EC0F53E94F20FBE30578CBEAF
:10C200006AB7623E0F847FBC9F9B70BCADE1B6BD38
:10C21000A0D817BECCFC543DD4F198BE05631FBD19
:10C220001F7BD23D18A08FBE71E973BED7D94E3F98
:10C23000EC34BABFC45123BFCD167A3E76B1413F2C
:10C2400010A5943DB673143FFE2CE63ECFD7843E36
:10C25000BBC304BFE25CA73E34818EBE6A5B3BBEBB
:10C26000C633423F075F9EBFD58735BF28FFD1BE8B
:10C270003A4CD23E07602EBB9D8CA4BE1C38493E72
:10C280002ED565BFEE04C3BECDEB03BEB7BE123FD5
:10C29000DDA2E3BCE35BEE3E9382AABD14E56FBE74
:10C2A0005B297F3E2B7359BEEC0E06BEEF802C3E01
:10C2B000690572BDA35C323EF39AB0BD778453BE6C
:10C2C000B84BAC3E8CD001BEC1F3483FED9EEA3F77
:10C2D000459936BF61636ABF9759D33E22A8583C3F
:10C2E000E0D09DBE51CCB03C33434C3E66BB0CBF4E
:10C2F0008AE54E3ED9C1CEBE58929CBEB11F55BEF6
:10C30000D9100F3EA3EDFFBE4F5AA0BE1FB629BEE7
:10C31000F5CD7F3E26E8C6BED4EC56BD4276EE3D56
:10C3200006D125BFF4DC96BE79D624BC9886F13EB2
:10C33000BF95973D93B1E53E058763BBB465A3BE4A
:10C340002D06AF3EBE8251BE6A588ABE3F2AB3BC9C
:10C350001ED6C5BDD4419F3ED77912BEF01211BE84
:10C36000D375573E70C64ABE4C0B2DBF3ECF0B3F18
:10C37000EFADB8BFAF726B3FE294BB3F89094A3E55
:10C38000B04D083F97AEACBEAB7040BE952EECBE34
:10C39000CA4B133E8C0E5BBF91DE06BD6F3E2F3E37
:10C3A00085C74F3F10CE87BF4D4019BF01BF22BF89
:10C3B000EADA013F7BD794BEBABFA23ECF1603BED6
:10C3C0008C8823BF6D76873D216088BCBC2BC93E1D
:10C3D0003195763E82E0243FF8E9FE3B61CD4A3B51
:10C3E000F72E343E096177BE64D5A2BE7DE950BC0C
:10C3F0003B683EBD95E6C83E8969E5BD3E7BCABD4A
:10C400007238063EE4777CBEDA13103F2881DD3FA8
:10C4100003E9A2BFA947B3BE7C83A23EAA2DF5BE05
:10C42000299AD2BDAE01A73E8E5AA33DB35C2ABF66
:10C430008005F9BC6E2340BF7ED029BF5B1163BE6F
:10C440009BE6AD3E961A1DBFBA6820BE00C1233DD3
:10C450009A0FEB3EFD8202BEE3A927BE72267FBE85
:10C4600032DE53BF7509AEBEE33818BE7EACB73EB0
:10C4700092AC913D4075DA3EEA31A03C26DF2CBEFD
:10C48000BAD7CD3ED7F613BE8BF321BEF5E212BE6E
:10C4900050D437BDA4A38D3EE559BABE96D165BD33
:10C4A00023D02A3ED4ED79BEC89ACDBEF99207BEFC
:10C4B000D04C5BBF0D0659BFBF9E9D3F213CB6BE11
:10C4C0006102723FC31E643E26C36A3F9493B3BEAB
:10C4D0005D567CBE1BD4AEBFF54152BF6D58F3BD57
:10C4E000EBD3C03E0D5004BF219698BE43EE28BF4B
:10C4F0001D6F833ED9D7753EEA4E49BEBD6F883E5B
:10C50000B1A201BF50FDA33D5A45873EF276913E50
:10C51000E076AE3DFD47CB3EDCDE01BE85C9C1BE47
:10C52000E4ED923E8D7DA83C3E34153EC59616BD89
:10C5300073648CBD38E76E3E4A8E35BE927A4CBD30
:10C540003F91973E9C8542BEFCCDD23E7CFA383F5F
:10C550002192A5BF6506113FC2D2723EC8789ABF2C
:10C560002FD7B3BE73448F3E7495CA3E641598BEF0
:10C570006D53E4BE6DA109BFB5E795BEAF59BBBE13
:10C580004EE8543F579E74BFBBDA9C3D0AC742BE7B
:10C590001FB46B3E257C9D3DCD2821BE61E066BD6C
:10C5A0008A8156BF3E4855BEE4EED8BD1E03073F04
:10C5B000CE0F053E6577383F6B4F843D84042EBE19
:10C5C0005F7CF53E92085DBE982E85BEE56CABBDE6
:10C5D0009B89263E7C84A73DAC8CA6BE5B7F853DB7
:10C5E000F72C5E3ED395F9BD14CCB6BFB4DC1B3F2F
:10C5F000C1C6D7BF360CD5BEC007F33EBB59903E6F
:10C600008F8033BE3F63253E1CDF983EA2D580BE9F
:10C610003EEAFBBE631D943E02361E3E00267F3E70
:10C6200029BF2B3F39FE45BFA0CCA5BE790F4E3E9A
:10C63000AB15973EF59C3C3E11479CBD532926BB4C
:10C64000530E49BF8F6E3CBEAC2A7A3D0CB5D13D2E
:10C65000928C493EAA12A03E736E1BBD0BFA51BECE
:10C660007E99C63EDD72A2BE0050C33DFDCC4ABEDF
:10C67000DCC674BD207FBD3ECF7759BE615048BD3A
:10C68000F5FA1E3EAA45C0BE833BA7BEB530B43EF8
:10C690001C0996BF7417C63DDB82EA3E2188CDBED9
:10C6A000BE82903D0798963DBBA7693E8FEF213E25
:10C6B0008005E23EF3C408BE46FDBBBEF1D65C3C3D
:10C6C00044A2803FD02C06BF20CD0DBFB853C9BDBA
:10C6D000634E5E3E4EA4DEBE578E55BD48355DBDF1
:10C6E000E9BF3CBF8087E5BE0D6BFF3D2A089D3E3C
:10C6F0001A25BE3E8BD8C03E45C81F3E36D7B9BDB1
:10C700003288FF3B4A2FE0BCFAB2963C7061603E33
:10C710001934A7BDCC0DAA3E65B9F6BEE018493D57
:10C720005059B83EC38CFFBDC6678C3D7AA02D3FE3
:10C7300034AE2FBFD305CF3EB746A03EE05C99BED6
:10C740000A553FBC145514BEDA39A53E685B8D3BD3
:10C75000C38D36BD5D96C1BE6B3552BEFC4004BF75
:10C76000C6FD673F838A84BF5840493D539492BDBC
:10C7700087C0EFBBE200323E723AAE3B2F1D8A3ECD
:10C780008E3502BF9F99CFBE8E124D3E7E1EAB3EB0
:10C790000ED12D3E1283183FEFCB853E958E6BBE9A
:10C7A0002A25D63E6F1C65BD138240BE141657BDA8
:10C7B000EAA154BE86C9443E3D2E903D798FE83DA6
:10C7C0001597AA3E5DD8DBBE4F08AFBF84F3633F29
:10C7D00066F529C0385A1CBE24D1EB3EE8AD6E3C4C
:10C7E000A926923CD712DE3E0C5202BBF42647BF6C
:10C7F000FA2503BDC227AFBE59CFCE3BA847C0BE66
:10C80000969E483FFD4E8DBFE0750CBEFFAE703C5E
:10C8100042D2083FFD3F48BE2C0DD4BE8664D73DB2
:10C820008238EBBED214D6BDA3CE0F3E04678A3E3B
:10C83000B176523E9DF8E93EAE4C573D55C273BEAF
:10C84000254B643E499304BE620A28BE0EBD66BCF9
:10C850000055DCBD94787F3EC31C3BBEB53BACBDF0
:10C86000955E583EBE1FEDBDE74123BD81ED103FF3
:10C8700031408ABF0A6AA4BE79EF8B3E130BED3EAE
:10C880006FD6BCBE75059F3EBF77233D89D5EABDF7
:10C8900074E35FBE45CE29BFB024A0BEFE649CBE3B
:10C8A000462E323FAF2D22BFF20BA2BE20FECABDE4
:10C8B000DD5FDFBC35147DBE0F852BBD2A55A33C43
:10C8C000FCAF00BF83738DBE5DD5B63BC432F83E6E
:10C8D00092CF8B3CA05C0D3F587AEEBA71D94ABE1C
:10C8E000631A803E592E38BEDE64E93AB347BEBDB6
:10C8F00078BAEEBD4819113E999444BEBCD5F9BD35
:10C9000023A8913C35323EBE92E8C7BF6F9D833F5E
:10C9100001A1A9BF88034ABF355BCEBDE36653BF03
:10C92000FFD528BFD2DAFDBEEFD4AE3EC7B2123E6D
:10C93000A681E2BE77A362BF64FEFEBE668B98BD91
:10C940004926C03E4FF52ABF0CE5C1BDE85F7C3EDD
:10C9500062F6183F27C54A3E9AEF0BBEED17CC3D55
:10C9600052580FBFAB33A8BE657DE13E78A2263F8B
:10C9700038D1503E1C19213F150C923D3081D83BD7
:10C98000644A12BE911BDBBED02343BEDA35D6BD4E
:10C990008338EABD5A72833E93AB28BEC9116CBE80
:10C9A00083C1553E9EA939BE2EE78CBFF64D7E3F12
:10C9B00012899CBF6D6116BF39BE713E3A2BD4BE41
:10C9C000822751BF07C766BD928BDB3E65B118BE9B
:10C9D00091E295BE75284EBE4EE935BDEB790D3E10
:10C9E0008ED0A23E116757BE0F6957BE95A1D53DA7
:10C9F000944DB93E4183683DC73A173D4D5A8E3E2E
:10CA000095B356BF502017BE4706F43D48F3A03EED
:10CA10006094E03CC531B03E424089BDFC9297BD78
:10CA2000E2BCD93E8E9854BD6E212EBE98EAB63B2C
:10CA3000E6B891BE47CA923ED6631CBE79B7083E9F
:10CA40009446293E011EECBCEB5D0B3F17830B4067
:10CA5000DF390FBFF93359BFEB15013FDE8339BF13
:10CA6000382CDEBE39372FBE4816583E5CFCC2BE9D
:10CA70003BFD303E2B7E8CBE36F686BE1767DCBE95
:10CA800088094F3F67706CBFF4E189BE9C1D6CBE86
:10CA900027CBEF3E853E983CFED3EDBD9947113D37
:10CAA000EDC716BF624554BDB6BD92BD14B4A13EDC
:10CAB000DFD63F3E36E3E93EDB6DC8BD994121BE7E
:10CAC000EE07EC3DEBA285BE4DF73B3DD10EC5BD5B
:10CAD000692405BEE378443E212E67BEE47870BC2D
:10CAE0001D664E3E33184BBEF6BCB2BECA1FAC3DEF
:10CAF000D909B7BFF165AEBFAB08073FEED83CBF61
:10CB0000E14181BF8CE6D33E74473A3E93EA6EBE64
:10CB10005A8F5CBEC96560BFE2B08C3D9EE325BE06
:10CB200072CB2D3FE1DF69BFEB489FBE46C3EBBE32
:10CB3000F7F6083ED073C2BD117D0D3D3F47253E3F
:10CB4000BD88EBBE3C33B1BE3F84403D97E7D43E49
:10CB5000083EB13EFDC7A83EE98C263E5FB6A5BDA6
:10CB6000354DAE3E964F48BE15BC12BE15F300BC07
:10CB7000AABCBFBD9DF8153ECA88B3BE3BF12EBE10
:10CB8000B5BC3F3EDF4260BEEA21823D32CEBA3EB6
:10CB9000A7E7A1BF829CBA3ED773433F2252A5BFED
:10CBA000674EE9BE80CC103EA9A083BEA5BAC9BE1F
:10CBB0007380E8BE3E82A9BE96AEF5BEA8C15A3DBE
:10CBC00005360D3F339459BF6EEDBEBE1267963EDB
:10CBD0009C6AED3D0520ECBEC053CDBD910BD03C11
:10CBE0006B003CBF6EE4A1BEDBCF283E9D561A3FD2
:10CBF000BDDDC33E44A2053F88F152BEB2737CBE88
:10CC00005642903E890F583D705DEF3C34F2843DB2
:10CC1000C527E3BD88FF493D73D8EDBD08AEB2BC62
:10CC2000A2D3213D1D338DBE569EACBF001B0CBF51
:10CC3000C96B1DBF9D1772BFC858DABEA1CD0BBF0F
:10CC4000DFCA91BEB521A13E4D77703EAA38B2BD74
:10CC50007B37A13EDF9E42BF8F67E1BDC7EF4ABE73
:10CC600080EAEC3E7CF2A0BFC0862FBF5A466B3DE7
:10CC70004CB4143FE259A1BC5E4710BD9978213EE7
:10CC80008E4023BF96F6F4BEEF7DA9BDE0B7E63E29
:10CC9000516919BABC41A83E865EABBD30658CBEF9
:10CCA0001EE7B53DF5131E3EB16B23BE37A238BE5D
:10CCB000B6F4983E987C813E1B3A34BEF0EBB3BC90
:10CCC0007F27173E756694BEE2749E3F5F585B3FB8
:10CCD000B3D098BFD544B63E09C310BE3A611DBF5C
:10CCE0008D86053C42F9C83EF9E9473F6FD4423E84
:10CCF000C8774EBD60BD11BFAB76F63E5F3E9BBDB3
:10CD0000756C183FEB9BE6BEA3DD3ABE4BFE5CBEE6
:10CD100049FBC63E782561BE152168BE760FDABC98
:10CD200052B5DDBED038A5BDB0E4C53DFB3B0C3FE0
:10CD3000C9B1D43CD619DB3E091476BDE03127BE1B
:10CD4000997F2C3EA49717BE1B85B3BD66CCD0BC83
:10CD500058C369BDDC518E3EE40C9ABE3F693ABBB4
:10CD60004579FB3DE11E45BEEFCB7CBEC72CDBBE4B
:10CD7000056FA0BFBECF04BF1AC9313F4AFE9DBE9A
:10CD800096AF9B3EACFA053FE420203FBBB4CEBE3D
:10CD9000C025CC3E27A019BFA2804EBFD27D873EC2
:10CDA00004C8B63FC4F9C1BEB18EB2BE78C8CEBD0C
:10CDB000D363F03D8D8BB0BDAB0147BE26B6193EA7
:10CDC000771439BF6A77FABE93B3933B6931C93E92
:10CDD000325B353E617B7C3EF7963DBE80FC6BBE90
:10CDE00063191C3E4758E8BEEC45BEBEDDD0C3BD4E
:10CDF0008C3730BE928D6A3D28D225BEBFF53D3DB1
:10CE0000A2FF983D79D142BEDD7DA0BFF86C873F7F
:10CE10000CAC89BFFC593B3F46E2633F5885E73D78
:10CE200001FCDEBDEE1396BEFDA8B2BB276DE5BECC
:10CE30004828DBBE771534BFA139CE39BFA5E2BD86
:10CE4000D639823EF8A058BF86A794BE81FCB6BEF4
:10CE5000E771283F08F054BE03194D3DB0B6383E87
:10CE60006AF9E9BE2B1415BFBFB9CFBD7ECD2D3FEA
:10CE7000CF703CBD1E0A6D3EDC981BBE137B89BD86
:10CE80007485A53E2BA7A8BEAA0B393DA0C2CCBD78
:10CE9000DBF2F6BD45FF9B3C7ECC32BE66142A3DDC
:10CEA000EB79C13E397DDDBD69389BBFBFFBCD3E0F
:10CEB000AD259A3EE44F523D499722BFE40695BE08
:10CEC0002FC00DBDEB517D3ED317CA3DB7351FBFF7
:10CED00090E821BF8851EFBEDC45DDBDC4A8F1BE9E
:10CEE0009054453FABEDA2BE3936ECBEB6A4C6BEEB
:10CEF000EC95C73E3BFC99BE50EA63BDCC6E5F3EED
:10CF00000E7660BF3C24F6BD8D25D13DC345A33EC2
:10CF1000CC738E3E2060E53ECCEDB1BDAC614DBE24
:10CF200057CC5D3E7C2033BEA97DD4BD170CD3BD4C
:10CF3000302C12BD7C29643E85274CBE588C0DBD1B
:10CF400021D6713E0D8C1CBE8255FFBF6F80BB3F4A
:10CF50005F019EBEDFC0023F6ADEC13F5DE4C5BE29
:10CF6000B56F94BF89D1813F51A0373F684DAABBAF
:10CF7000635DC13C0B5212BFA6F398BEB35FDFBE28
:10CF800094F2253F905A37BF2459D5BEB808C3BD87
:10CF9000C1D9053F5D9F06BEDDB853BD4DE2C63D1C
:10CFA000D80625BF995787BEEA7DC33BB761043FCA
:10CFB0009901813E03CAE33EF4A1A23B6942A1BEAE
:10CFC000B259773E9A12C2BD1DF766BDE346FDBC5D
:10CFD000AE1119BE3AABA23E34646CBE5D111FBDEA
:10CFE00054B2D73D6708FCBD24B9CABF7D92433F08
:10CFF000FA0BD3BF45240D3F4641963DD09341BF28
:10D0000027620CBF83948ABE3C9CD53E5384123E5B
:10D01000426B073F927ADBBE8F5D30BEBE778DBE1E
:10D020009B899A3E730749BFF576D9BEEE0ED8BEEE
:10D03000187249BEF27965BE2E6572BE0C84C23E7E
:10D04000FF804BBF67F539BEBFFE58BD8E75CD3E24
:10D0500090C5213E2502DE3ED97316BE51FC33BE7B
:10D0600074FC9A3ED0792ABE1B3D98BDA12918BEFA
:10D0700005C4E4BD467C6F3EFC8F0CBE946003BECD
:10D080009896D73D378231BE65B01DBF4352BC3E36
:10D09000B95B41BF97603F3F8EC041BE52A635BFCE
:10D0A0001483D6BDD780553EB7B9543E1D8E9EBE63
:10D0B00029B6DDBDC89212BF8A94E1BE780906BFC9
:10D0C00074DF223F1BBBA0BF388F97BCA4C88DBEA6
:10D0D000B6E4E93C82D218BDF892C23C34D0D63DC9
:10D0E000183432BF46729FBE76D706BEC8D3863E7E
:10D0F0006A8047BEFA80073FC32F643D6B3C43BD47
:10D100009FF7983E3CC608BEAE43BFBD45FD48BD37
:10D11000FA8241BE52A3C63E36E18BBE72D895BD9F
:10D1200046D9113E3FBB203C29F2293FB226FB3DA8
:10D130008907F2BF45C30F3F41BB013DBAF142BD74
:10D1400015FF99BFD2BBBFBC0B6388BCF1EA92BD8F
:10D15000A9EC903DB60AEFBE30FD11BF5086B3BEBC
:10D16000670EE53E65C244BF83171BBF83E6E6BE7C
:10D170002E8EF63EE430973C4B6AB7BDD04A8EBD4A
:10D180009CB610BFB07657BE35CD103EE90AA73E1B
:10D19000C95D9B3E9E82B73E4F182DBD55C25BBEFA
:10D1A000E0ADA53E68FA92BE7D550BBE857EE2BC21
:10D1B0001AD3AABD63528D3EEC4C59BE72E982BBB4
:10D1C0003335493EC1634EBE3031323334353637A4
:10D1D00038394142434445464748494A4B4C4D4EF5
:10D1E0004F505152535455565758595A61626364BF
:10D1F00065666768696A6B6C6D6E6F707172737467
:10D2000075767778797A3031323334353637383944
:10D210004142434445464030580030313233343582
:10D2200036373839616263646566403078000000E3
:10D2300000000000000000000000B33FB2BE7D3AD5
:10D2400000002E40DFCF513800007E40BF51FABAB7
:10D2500000E0A44019DAC3BA00E0C840C2ED8AB9C0
:10D260000040EB40CD1F2CBA001006412AFFFABA4D
:10D2700000C01541DFCFD13700D024419A97703AD2
:10D280000050334189478E3600404141E75B9D386D
:10D2900000B04E41C00A98B900A05B41558F943A46
:10D2A00000306841DA92C0BA0040744162B3C63AB5
:10D2B0000000803F00A0853F00908B3F00C0913F61
:10D2C0000030983F00F09E3F00F0A53F0050AD3F7A
:10D2D0000000B53F0000BD3F0060C53F0020CE3FCD
:10D2E0000040D73F00C0E03F00C0EA3F0020F53FCC
:10D2F000000000007D36AC397D3C3839EBDCF43879
:10D30000320A7E39124C26399B6AED39A4EE8339F4
:10D310007F661E39F6398A392B426539A482113964
:10D320005B991F39C3EECD39DDE7C637A5A22F398A
:10D330000000803FC3AA853FC2958B3FD3C3913F76
:10D34000F037983F32F59E3FD7FEA53F3F58AD3F9F
:10D35000F304B53FA408BD3F2A67C53F8C24CE3FE8
:10D36000FD44D73FDFCCE03FC7C0EA3F7D25F53F16
:10D37000506C6561736520757365207468652073F2
:10D3800074796C757320636C69636B2074686520B5
:10D3900063726F7373206F6E20746865207363729D
:10D3A00065656E2E5468652063726F7373207769AC
:10D3B0006C6C20616C77617973206D6F7665207578
:10D3C0006E74696C207468652073637265656E2085
:10D3D00061646A7573746D656E7420697320636F20
:10D3E0006D706C657465642E000000002F535953F6
:10D3F00054454D2F464F4E542F554E4947424B2EC4
:10D4000042494E002F53595354454D2F464F4E54C9
:10D410002F47424B31322E464F4E00002F53595367
:10D4200054454D2F464F4E542F47424B32342E46D3
:10D430004F4E00002F53595354454D2F464F4E54D5
:10D440002F47424B31362E464F4E00006CD4010818
:10D4500000000020D4000000C401000840D50108ED
:10D46000D40000207CC60100E0010008007A030A15
:10D470000000000000000000010203040607080984
:10D480000000FFFF010017EF000000000000000097
:10D490000100000000000000000000006B9A00087E
:10D4A000C98D00087991000800000000000000000C
:10D4B000000000000000000000000000000000006C
:10D4C000000000000000000000000000000000005C
:10D4D000D0900000000000000000000000000000EC
:10D4E000000001020304010203040607080900000A
:10D4F0008FBC0008C5BC0008A01700200000006811
:10D5000000000010A0A7012000000F6800F000102C
:10D5100000000000005000000000000000000000BB
:10D5200000000000000000000000000000000000FB
:10D5300000000000000000000000000000000000EB
:040000050800018965
:00000001FF
