:020000040800F2
:1000000000090020997B00084D0900084F090008ED
:1000100053090008570900085B09000800000000A8
:100020000000000000000000000000005F09000860
:100030006109000800000000630900086509000864
:10004000B37B0008B37B0008B37B0008B37B0008D8
:10005000B37B0008B37B0008B37B0008B37B0008C8
:10006000B37B0008B37B0008B37B0008B37B0008B8
:10007000B37B0008B37B0008B37B0008B37B0008A8
:10008000B37B0008B37B0008B37B0008B37B000898
:10009000B37B0008B37B0008B37B0008B37B000888
:1000A000B37B0008B37B0008B37B0008B37B000878
:1000B000B37B0008B37B0008DDA20008B37B000817
:1000C000B37B0008B37B0008B37B0008B37B000858
:1000D000B37B00080F7B0008B37B0008B37B0008EC
:1000E000B37B0008B37B0008B37B0008B37B000838
:1000F000B37B0008B37B0008B37B0008B37B000828
:10010000B37B0008B37B0008B37B0008B37B000817
:10011000B37B0008B37B0008B37B0008B37B000807
:10012000B37B0008B37B0008B37B0008B37B0008F7
:10013000B37B0008B37B0008B37B0008B37B0008E7
:10014000B37B0008B37B0008B37B0008B37B0008D7
:10015000B37B0008B37B0008B37B0008B37B0008C7
:10016000B37B0008B37B0008B37B0008B37B0008B7
:10017000B37B0008B37B0008B37B0008B37B0008A7
:10018000B37B0008B37B000800F002F800F06DF8C4
:100190000AA090E8000C82448344AAF10107DA45E2
:1001A00001D100F062F8AFF2090EBAE80F0013F0C7
:1001B000010F18BFFB1A43F00103184748F0000075
:1001C00068F000000A444FF0000C10F8013B13F0F7
:1001D000070408BF10F8014B1D1108BF10F8015BA0
:1001E000641E05D010F8016B641E01F8016BF9D193
:1001F00013F0080F1EBF10F8014BAD1C0C1B09D1EA
:100200006D1E58BF01F801CBFAD505E014F8016B5B
:1002100001F8016B6D1EF9D59142D6D370470000ED
:100220000023002400250026103A28BF78C1FBD8FF
:10023000520728BF30C148BF0B60704764290AF0DD
:10024000438675290AF0408678290AF07986632961
:100250000BF0838073290BF08880002070471FB556
:100260000CF07BFC1FBD10B510BD0BF003F911465F
:10027000FFF7F5FF00F0E8F80BF021F903B4FFF702
:10028000F2FF03BC07F0E4FB10B5044600BF4021B9
:10029000FE4808F037FE0028F9D02146FB4808F058
:1002A00081FD10BDF0B589B006460F4615461C2DE0
:1002B00001DD09B0F0BD002101AAE81C115488201D
:1002C0008DF804008DF805608DF80650002405E0D7
:1002D000395DE01C01AA1154601CC4B2AC42F7DBCA
:1002E00000240AE001A9E81C085C095D0844C1B2C9
:1002F00001AAE81C1154601CC4B2E81C8442F1DB62
:10030000002405E001A9085DFFF7BEFF601CC4B230
:10031000281D8442F6DB00BFCBE72DE9FE430446EF
:100320000D4617461E46DDE90A89200A8DF80000B1
:10033000E0B28DF80100280A8DF80200E8B28DF8CD
:100340000300380A8DF80400F8B28DF80500300A71
:100350008DF80600F0B28DF807004FEA18208DF8EE
:10036000080008F0FF008DF809004FEA19208DF809
:100370000A0009F0FF008DF80B000C226946A1204D
:10038000FFF790FFBDE8FE832DE9F04F87B00446EC
:100390000D4616461F46DDE911ABDDF840904FF0E3
:1003A000000806E000200DF8080008F1010000F048
:1003B000FF08B8F11C0FF5DB200A8DF80000E0B251
:1003C0008DF80100280A8DF80200E8B28DF80300CC
:1003D000300A8DF80400F0B28DF80500380A8DF867
:1003E0000600F8B28DF807004FEA19208DF80800D2
:1003F00009F0FF008DF809004FEA1A208DF80A0075
:100400000AF0FF008DF80B004FEA1B208DF8120058
:100410000BF0FF008DF813001398000A8DF81400FC
:100420001398C0B28DF815001498000A8DF81600C4
:100430001498C0B28DF817001C226946AF20FFF750
:1004400031FF07B0BDE8F08F8EB0002701254FF4D3
:10045000A06007F0C1FBA82007F078FA8C4807F0ED
:1004600004FB00F089FB00F0A7FB01F098F804F012
:100470000EF94FF478408749088087A010210B4679
:10048000C822CDE9001032211E2003F00AFF87A008
:1004900010210B46C822CDE9001046211E2003F092
:1004A00000FF86A010210B46C822CDE900105A217A
:1004B0001E2003F0F6FE85A010210B46C822CDE9D0
:1004C00000106E211E2003F0ECFE18E082A0102127
:1004D0000B46C822CDE9001082211E2003F0E1FE68
:1004E000C82007F095FA4FF6FF709223EF22822181
:1004F00000901E2003F07AFCC82007F089FA06F06D
:1005000000FA0028E2D178A010210B46C822CDE9DC
:10051000001082211E2003F0C4FE76A010210B469D
:10052000C822CDE9001096211E2003F0BAFE1F203C
:100530005849088074A010210B46C822CDE900104C
:10054000AA211E2003F0ADFE72A010210B46C82286
:10055000CDE9001011461E2003F0A3FE71A010216A
:100560000B46C822CDE90010DC211E2003F099FEC5
:1005700070A010210B46C822CDE90010F0211E20EA
:1005800003F08FFE6FA010210B46C822CDE90010AA
:100590004FF482711E2003F084FED4E1002000F0AD
:1005A00029FB0646012E19D105B900E000200546B9
:1005B00055B155A010210B46C822CDE90010AA2143
:1005C0001E2003F06EFE09E062A010210B46C82237
:1005D000CDE90010AA211E2003F063FE0BAA0CA98E
:1005E0000DA806F0DEF900284ED104F0C7F8044645
:1005F00008AA09A90AA804F020F905AA06A907A8CB
:1006000004F0F3F87DB1BDF91400BDF91810CDE97F
:100610000010BDF91C30BDF92020BDF92410BDF932
:100620002800FFF77AFE75B39DED0B0AF2EE040A7F
:1006300020EE200ABDEEC00A10EE100A00B29DEDB9
:100640000D0ADFED470A20EE200ABDEEC00A10EECB
:10065000101A09B29DED0C0ADFED410A20EE200AC6
:10066000BDEEC00A10EE102A12B2BDF91430CDE969
:100670000132CDE90310BDF918000090BDF91C301E
:10068000BDF920206EE073E0F5E0000000100140AD
:1006900020A10700160000204578706C6F7265720B
:1006A0002053544D33324634000000004D5055362F
:1006B00030353020544553540000000041544F4D14
:1006C00040414C49454E54454B00000032303134D6
:1006D0002F352F39000000004D5055363035302071
:1006E0004572726F720000004D5055363035302023
:1006F0004F4B00004B4559303A55504C4F41442028
:100700004F4E2F4F4646000055504C4F4144204F0E
:100710004E2000002054656D703A202020202E20AD
:100720004300000050697463683A202020202E2086
:100730004300000020526F6C6C3A202020202E20B5
:100740004300000020596177203A202020202E20ED
:100750004300000055504C4F4144204F4646000096
:100760000000C842BDF92410BDF92800FFF70CFEB7
:100770000A2097FBF0F100FB117000287BD1002CC0
:1007800009DA10232D22C82100904E2003F047FCE7
:10079000604204B207E0002010232022C82100900C
:1007A0004E2003F03CFC642094FBF0F8102003235F
:1007B0004246C8210090562003F0CAFC0A2094FB50
:1007C000F0F100FB1148102001234246C82100909F
:1007D000762003F0BDFC9DED0D0AF2EE040A20EE3A
:1007E000200ABDEEC00A10EE100A04B2002C0ADA8C
:1007F000002010232D22DC2100904E2003F00FFC5E
:10080000604204B207E0002010232022DC21009087
:100810004E2003F004FC0A2094FBF0F81020032380
:100820004246DC210090562003F092FC0A2094FB03
:10083000F0F100FB1148102001234246DC2100901A
:10084000762003F085FC9DED0C0AF2EE040A20EE02
:10085000200ABDEEC00A10EE100A04B2002C0BDA1A
:10086000002010232D22F02100904E2003F0D7FB12
:10087000604204B208E064E0002010232022F0214E
:1008800000904E2003F0CBFB0A2094FBF0F81020E0
:1008900003234246F0210090562003F059FC0A2021
:1008A00094FBF0F100FB1148102001234246F02197
:1008B0000090762003F04CFC9DED0B0AF2EE040A4A
:1008C00020EE200ABDEEC00A10EE100A04B2002C81
:1008D0000BDA002010232D224FF4827100904E205D
:1008E00003F09DFB604204B208E0002010232022A8
:1008F0004FF4827100904E2003F091FB0A2094FB8C
:10090000F0F81020032342464FF4827100905620E5
:1009100003F01EFC0A2094FBF0F100FB11481020AC
:10092000012342464FF482710090762003F010FCC0
:1009300000270548006808B9012000E000200249AE
:100940000860781CC7B229E6A4824242704700BF03
:10095000FEE700BFFEE700BFFEE700BFFEE770470F
:1009600070477047704700000CB500200190009060
:100970007648006840F480307449086000BF7348CE
:10098000006800F4003000900198401C019000982D
:1009900018B90198B0F5A04FF1D16C48006800F487
:1009A000003010B10120009001E00020009000987C
:1009B000012846D165484030006840F080506349C6
:1009C000403108606248006840F440406049086077
:1009D0005E48083000685D490831086008460068D4
:1009E00040F4004008600846006840F4A0500860E9
:1009F0005848091F0860081F006840F08070091FF0
:100A0000086000BF5148006800F000700028F9D06D
:100A100040F20570504908604C480830006820F0EA
:100A200003004A49083108600846006840F00200A7
:100A3000086000BF45480830006800F00C00082836
:100A4000F8D10CBD10B54548006840F4700043492A
:100A500008603E48006840F001003C490860002002
:100A60003A4908310860394800683D49084037492B
:100A700008603C48091D0860081F006820F48020B9
:100A8000091F0860002031490C310860FFF76CFF36
:100A90004FF0006031498039086010BD70B500200A
:100AA0000022022300240221284D08352D6805F07C
:100AB0000C0020B1042806D0082834D107E02A4DC4
:100AC0002A4E356033E02A4D284E35602FE01F4D09
:100AD0002D1D2D68C5F380541C4D2D1D2D6805F06E
:100AE0003F0154B1224DB5FBF1F5184E361D366865
:100AF000C6F3881605FB06F209E01B4DB5FBF1F5C0
:100B0000124E361D3668C6F3881605FB06F20F4DE9
:100B10002D1D2D68C5F301456D1C6B00B2FBF3F56F
:100B2000124E356003E0104D104E356000BF00BF1F
:100B3000064D08352D68C5F303150E4E705D0B4D3F
:100B40002D68C540094E356070BD00000038024078
:100B50000070004008544007003C024088ED00E06F
:100B6000FFFFF6FE103000240024F40000000020F7
:100B700000127A00040000201CB50121202007F09B
:100B8000A3FE4FF4C060009001208DF80400002007
:100B90008DF8060003208DF8050001208DF8070070
:100BA0006946044807F0F2FB4FF4C061014807F0C2
:100BB00069FC1CBD001402401CB50121112007F086
:100BC00083FE1C20009000208DF8040003208DF887
:100BD000050001208DF807006946354807F0D6FB6F
:100BE0000120009002208DF807006946314807F087
:100BF000CDFB1CBD10B5044614B101202E49087070
:100C00002D480078002837D01021294807F020FC13
:100C100078B10821264807F01BFC50B10421244874
:100C200007F016FC28B10121224807F011FC012829
:100C300022D10A2006F0ECFE00201F490870102186
:100C40001B4807F005FC08B9012010BD0821184811
:100C500007F0FEFB08B90220F7E70421144807F06B
:100C6000F7FB08B90320F0E70121124807F0F0FB79
:100C700001281BD10420E8E710210D4807F0E8FB0C
:100C8000012813D108210A4807F0E2FB01280DD101
:100C90000421074807F0DCFB012807D101210548A2
:100CA00007F0D6FB10B90120034908700020CCE7FB
:100CB00000100240000002401400002001B5BDF801
:100CC00000000090BDF80000FE49088008BD01B595
:100CD000BDF800000090BDF80000FA49891C0880AA
:100CE00008BD08B5F748801C00880090BDF80000DA
:100CF00008BDF44A10804FF0D842A2F88010704727
:100D000010B504462046FFF7D9FF052006F038FE4F
:100D1000FFF7E7FF10BDEC480089EA4908807047FB
:100D2000E849891C0880704730B5014601F01F046E
:100D3000C1F34513CA0AE50205EB43151544A8B2F1
:100D400030BD00BF011EA0F10102D0B2FAD1704740
:100D500010B502460C46DC48808841F66311884293
:100D600047D1D9488079A8B9D7480088401E801A51
:100D700082B2D5494889FFF7A1FF0020FFF7A7FFFE
:100D80000020FFF7A4FF1012FFF7A1FFD0B2FFF77A
:100D90009EFF16E0CC494889FFF790FF1012FFF73D
:100DA00096FFD0B2FFF793FFC7490988491EC1F3E8
:100DB0000F20FFF78CFFC4490978491EC8B2FFF71E
:100DC00086FFC1498889FFF779FF2012FFF77FFF6F
:100DD000E0B2FFF77CFFBC494988491EC1F30F20F0
:100DE000FFF775FFB8498978491EC8B2FFF76FFF52
:100DF0003AE0B548808845F21051884220D1B24986
:100E00004889FFF75BFF1012FFF761FFAE49498980
:100E1000491C88B2FFF752FFD0B2FFF758FFAA492A
:100E20008889FFF74BFF2012FFF751FFA6498989F8
:100E3000491C88B2FFF742FFE0B2FFF748FF13E01A
:100E4000A1494889FFF73AFF1012FFF740FFD0B2DF
:100E5000FFF73DFF9C498889FFF730FF2012FFF71D
:100E600036FFE0B2FFF733FF10BD2DE9F041054634
:100E70000E4600240027A04693480088A84203DDC0
:100E800091484088B04202DC0020BDE8F081314644
:100E90002846FFF75DFF8C48808845F21051884254
:100EA00004D14FF43850FFF709FF02E02E20FFF77E
:100EB00005FFFFF716FF04468348808841F663115B
:100EC000884201D12046E0E7FFF70BFF0446FFF719
:100ED00008FF8046E7B24FF6FF7000EA0727E012EE
:100EE000C002B91240EA411040EAE820CDE700B55F
:100EF0007548808845F21051884204D14FF424503F
:100F0000FFF7DCFE02E02920FFF7D8FE00BD00B5A8
:100F10006D48808845F21051884204D14FF420502A
:100F2000FFF7CCFE02E02820FFF7C8FE00BDF0B5B9
:100F300005460024002764488079012805D16248CD
:100F4000808841F66311884208D15F488079F0B902
:100F50005D48808841F66311884218D1082D15D26A
:100F6000DFE805F00406080A0C0E101206250DE055
:100F700007250BE0042509E0052507E0012505E02C
:100F8000002503E0032501E0022500BF00BF082D76
:100F90001CD2DFE805F00406090C0F12151800BF7B
:100FA00014E044F0800411E044F040040EE044F00A
:100FB000C0040BE044F0200408E044F0600405E0C5
:100FC00044F0A00402E044F0E00400BF00BF3E484B
:100FD000808845F21051884202D14FF4585700E002
:100FE00036273948808849F24131884205D0364851
:100FF000808847F28971884201D144F00804214673
:101000003846FFF776FE3048808841F66311884203
:101010001DD004F0200068B12B4800882A49498877
:10102000884214DA284806884088274908800846FC
:1010300046800CE02448008823494988884206DD20
:1010400021480688408820490880084646801E4876
:10105000808845F21051884257D11B494889FFF7D3
:101060002DFE0020FFF733FE17494989491C88B23D
:10107000FFF724FE0020FFF72AFE13494989891C47
:1010800088B2FFF71BFE10490988491EC1F30F20E3
:10109000FFF71DFE0C494989C91C88B2FFF70EFEF7
:1010A00009490978491EC8B2FFF711FE0649888927
:1010B000FFF704FE0020FFF70AFE03498989491C57
:1010C00088B203E07E00006CB8010020FFF7F6FD57
:1010D0000020FFF7FCFDFE498989891C88B2FFF7D3
:1010E000EDFDFB494988491EC1F30F20FFF7EFFDD5
:1010F000F7498989C91C88B2FFF7E0FDF44989786E
:10110000491EC8B2FFF7E3FD2DE0F1494889FFF71A
:10111000D5FD0020FFF7DBFD0020FFF7D8FDEC49EF
:101120000988491EC1F30F20FFF7D1FDE84909786E
:10113000491EC8B2FFF7CBFDE5498889FFF7BEFD20
:101140000020FFF7C4FD0020FFF7C1FDE0494988FA
:10115000491EC1F30F20FFF7BAFDDD498978491E0A
:10116000C8B2FFF7B4FDF0BD30B504460D462946C0
:101170002046FFF7EDFDFFF7CEFDD6480088D649A3
:10118000088030BD30B504460D46D148808845F210
:101190001051884220D1CE494889FFF78FFD201297
:1011A000FFF795FDCA494989491C88B2FFF786FDBA
:1011B000E0B2FFF78CFDC6498889FFF77FFD281252
:1011C000FFF785FDC2498989491C88B2FFF776FD82
:1011D000E8B2FFF77CFD42E0BD48808841F663112C
:1011E000884228D1BA48807920B9B9480088401E81
:1011F000001B84B2B6494889FFF760FD2012FFF753
:1012000066FDE0B2FFF763FD2012FFF760FDE0B27C
:10121000FFF75DFDAE498889FFF750FD2812FFF703
:1012200056FDE8B2FFF753FD2812FFF750FDE8B274
:10123000FFF74DFD13E0A6494889FFF73FFD201257
:10124000FFF745FDE0B2FFF742FDA1498889FFF7AE
:1012500035FD2812FFF73BFDE8B2FFF738FD9C484B
:1012600000899D49891E08804FF0D840A0F8802051
:1012700030BD70B52DED048B0446BE20FFF71EFD7A
:101280000520FFF724FD20460BF022F941EC190B55
:101290009FED920B53EC102B0BF02EF941EC180B39
:1012A0000BF0D2F885B22846FFF711FD0120FFF7B9
:1012B0000EFDFF20FFF70BFD0020FFF708FD0020CB
:1012C000FFF705FDBDEC048B70BD10B504468048EA
:1012D0008471002C45D1F0207D4908804FF4A07026
:1012E00048800846808845F21051884210D14FF45A
:1012F0003050774908814FF4285048814FF42C50E2
:1013000088814FF4F07008804FF4487048801AE0EC
:101310006F48808841F6631188420DD12C206C49BA
:1013200008812B2048812A2088814FF4F0700880A2
:101330004FF44870488006E02C20654908812A2037
:1013400048812B2088816248808845F2103188428C
:101350004CD14FF4A0705E4908804FF4F070488083
:1013600044E04FF4A0705A490880F02048800846B5
:10137000808845F21051884210D14FF430505449C2
:1013800008814FF4285048814FF42C5088814FF445
:10139000487008804FF4F07048801AE04C4880880C
:1013A00041F6631188420DD12C20494908812A2039
:1013B00048812B2088814FF4487008804FF4F070EA
:1013C000488006E02C20424908812A2048812B20B1
:1013D00088813F48808845F21031884206D14FF419
:1013E000F0703B4908804FF4A07048800020FFF760
:1013F0009EFD10BD2DE9F04104460D461E46A01885
:10140000401E87B2A819401E1FFA80F83048808815
:1014100041F66311884231D12D48807901282DD0C1
:101420002B480088801A001B84B2A819401E86B27F
:1014300027494889FFF742FC2012FFF748FCE0B239
:10144000FFF745FCA118491EC1F30F20FFF73FFC31
:10145000A118491EC8B2FFF73AFC1D498889FFF759
:101460002DFC2812FFF733FCE8B2FFF730FC3012F6
:10147000FFF72DFCF0B2FFF72AFC79E014488088D2
:1014800045F21051884251D111494889FFF716FCA5
:101490002012FFF71CFC0E494989491C88B2FFF74E
:1014A0000DFCE0B2FFF713FC09494989891C88B299
:1014B000FFF704FC3812FFF70AFC05494989C91CEB
:1014C00088B2FFF7FBFBF8B2FFF701FC004909E027
:1014D000B8010020160000208000006C6666666679
:1014E000666604408889FFF7E9FB2812FFF7EFFBE7
:1014F000FD498989491C88B2FFF7E0FBE8B2FFF794
:10150000E6FBF9498989891C88B2FFF7D7FB4FEAC6
:101510002820FFF7DCFBF4498989C91C88B2FFF752
:10152000CDFB08F0FF00FFF7D2FB21E0EE49488930
:10153000FFF7C4FB2012FFF7CAFBE0B2FFF7C7FBBF
:101540003812FFF7C4FBF8B2FFF7C1FBE649888900
:10155000FFF7B4FB2812FFF7BAFBE8B2FFF7B7FBBF
:101560004FEA2820FFF7B3FB08F0FF00FFF7AFFBBF
:10157000BDE8F08170B504460026DB480588408848
:10158000454300210846FFF7E3FBFFF7C4FB00BF1C
:1015900002E0D6480480761CAE42FAD370BD00B596
:1015A000A1B00020209001217A2007F08DF90121BF
:1015B000084607F0C1F94FF400401E9001208DF855
:1015C0007C0000208DF87E0002208DF87D00012037
:1015D0008DF87F001EA9C64806F0D8FE4CF2337085
:1015E0001E9002208DF87C0000208DF87E000320E4
:1015F0008DF87D0001208DF87F001EA9BD4806F002
:10160000C5FE4FF680701E9002208DF87C000020F1
:101610008DF87E0003208DF87D0001208DF87F007D
:101620001EA9B54806F0B2FE4FF480501E9002206D
:101630008DF87C0000208DF87E0003208DF87D0061
:1016400001208DF87F001EA9AC4806F09FFE4FF4E4
:1016500080501E9002208DF87C0000208DF87E00C6
:1016600003208DF87D0001208DF87F001EA9A4487D
:1016700006F08CFE0C2200219E4806F012FF0C2280
:1016800001219C4806F00DFF0C220421994806F028
:1016900008FF0C220521974806F003FF0C220821C1
:1016A000944806F0FEFE0C220921924806F0F9FE4D
:1016B0000C220A218F4806F0F4FE0C220E218D48E0
:1016C00006F0EFFE0C220F218A4806F0EAFE0C22FB
:1016D0000721894806F0E5FE0C220821864806F01D
:1016E000E0FE0C220921844806F0DBFE0C220A21D0
:1016F000814806F0D6FE0C220B217F4806F0D1FE71
:101700000C2211467C4806F0CCFE0C220D217A48B2
:1017100006F0C7FE0C220E21774806F0C2FE0C220E
:101720000F21754806F0BDFE0C221146734806F0E5
:10173000B8FE0C221146724806F0B3FE0F20089046
:10174000002009903C200A9000200B900C900D90F6
:101750000E900920019000200290082003900020A4
:10176000049005900690079006200F90002010909E
:101770001190102012900020139015901490169044
:1017800017904FF480501890002019904FF480402B
:101790001A9000201B9008A81C9001A81D900FA86B
:1017A00006F0A5FA0121062006F02CFB322006F0F7
:1017B0002FF9D320FFF782FAFFF793FA4A4988807E
:1017C000FFF78FFA48498880FFF78BFA46498880EF
:1017D000084680884FF6FF7101EA00204249888060
:1017E000FFF77FFA4049898808433F4988800846C7
:1017F000808849F24131884275D00420FFF75EFAB3
:10180000FFF76FFA38498880FFF76BFA364988800E
:10181000FFF767FA34498880084680884FF6FF71E1
:1018200001EA002030498880FFF75BFA2E49898859
:1018300008432D4988800846808848F252518842E2
:1018400003D147F28970284988802748808847F269
:1018500089718842D0D0D420FFF730FAFFF741FADF
:1018600021498880FFF73DFA1F498880FFF739FA40
:101870001D498880084680884FF6FF7101EA0020E4
:1018800019498880FFF72DFA1749898808431649B6
:1018900088800846808845F21031884279D05521E9
:1018A0004FF47040FFF725FAAA214FF20100FFF72D
:1018B00020FA52214FF20200FFF71BFA08214FF2E3
:1018C0000300FFF716FA01214FF20400FFF711FAA7
:1018D0004FF44540FFF7F2F9FFF703FA0249888019
:1018E000084680880EE054E0B80100208000006CBB
:1018F00000040240000C02400010024000140240AC
:10190000001802404FF6FF7101EA0020FE4988806E
:101910004CF20150FFF7D2F9FFF7E3F9FA49898851
:101920000843F9498880052006F072F8F648808857
:10193000B0F5004F03D145F21050F3498880F248CA
:10194000808845F21051884223D0A120FFF7B6F9D4
:10195000FFF7C7F9EC498880FFF7C3F9EA498880A7
:10196000084680884FF6FF7101EA0020E64988802A
:10197000FFF7B7F9E44989880843E34988800846B6
:10198000808845F26171884203D141F66310DE49D7
:101990008880DD48808849F24131884217D0DA4892
:1019A000808847F28971884211D0D748808845F2F3
:1019B000103188420BD0D448808845F210518842BB
:1019C00005D0D148808841F6631188422CD1CF4898
:1019D000006820F00F004FF02041C1F81C010846BC
:1019E000D0F81C0120F47060C1F81C010846D0F842
:1019F0001C0140F00300C1F81C01C348808847F275
:101A00008971884208D1C148006840F440704FF0A5
:101A10002041C1F81C0107E0BC48006840F4007098
:101A20004FF02041C1F81C01B7488188B8A009F0E7
:101A3000EFF9B548808849F2413188427ED1CF2004
:101A4000FFF73CF90020FFF742F9C120FFF73FF90B
:101A50003020FFF73CF9ED20FFF730F96420FFF765
:101A600036F90320FFF733F91220FFF730F9812010
:101A7000FFF72DF9E820FFF721F98520FFF727F977
:101A80001020FFF724F97A20FFF721F9CB20FFF788
:101A900015F93920FFF71BF92C20FFF718F9002062
:101AA000FFF715F93420FFF712F90220FFF70FF9BD
:101AB000F720FFF703F92020FFF709F9EA20FFF7E5
:101AC000FDF80020FFF703F90020FFF700F9C02020
:101AD000FFF7F4F81B20FFF7FAF8C120FFF7EEF844
:101AE0000120FFF7F4F8C520FFF7E8F83020FFF7F2
:101AF000EEF83020FFF7EBF8C720FFF7DFF8B7204C
:101B0000FFF7E5F83620FFF7D9F84820FFF7DFF8B0
:101B10003A20FFF7D3F85520FFF7D9F8B120FFF7A7
:101B2000CDF80020FFF7D3F81A20FFF7D0F8B62041
:101B3000FFF7C4F80A20FFF7CAF800E097E0A220F8
:101B4000FFF7C5F8F220FFF7B9F80020FFF7BFF85C
:101B50002620FFF7B3F80120FFF7B9F8E020FFF7E0
:101B6000ADF80F20FFF7B3F82A20FFF7B0F82820D0
:101B7000FFF7ADF80820FFF7AAF80E20FFF7A7F847
:101B80000820FFF7A4F85420FFF7A1F8A920FFF7D9
:101B90009EF84320FFF79BF80A20FFF798F80F20E4
:101BA000FFF795F80020FFF792F80020FFF78FF875
:101BB0000020FFF78CF80020FFF789F8E120FFF7FD
:101BC0007DF80020FFF783F81520FFF780F8172035
:101BD000FFF77DF80720FFF77AF81120FFF777F875
:101BE0000620FFF774F82B20FFF771F85620FFF757
:101BF0006EF83C20FFF76BF80520FFF768F810201F
:101C0000FFF765F80F20FFF762F83F20FFF75FF856
:101C10003F20FFF75CF80F20FFF759F82B20FFF764
:101C20004DF80020FFF753F80020FFF750F801208F
:101C3000FFF74DF83F20FFF74AF82A20FFF73EF85C
:101C40000020FFF744F80020FFF741F80020FFF7DD
:101C50003EF8EF20FFF73BF81120FFF72FF8782030
:101C600005F0D6FE2920FFF729F802F0B3B8264880
:101C7000808847F2897188427DD11120FFF71EF8D4
:101C8000782005F0C5FE3620FFF718F80020FFF792
:101C90001EF83A20FFF712F80520FFF718F8B220D7
:101CA000FFF70CF80C20FFF712F80C20FFF70FF8E5
:101CB0000020FFF70CF83320FFF709F83320FFF777
:101CC00006F8B720FEF7FAFF3520FFF700F8BB2033
:101CD000FEF7F4FF3220FEF7FAFFC020FEF7EEFF1A
:101CE0000C20FEF7F4FFC220FEF7E8FF0120FEF70C
:101CF000EEFFC320FEF7E2FF1020FEF7E8FFC4204E
:101D0000FEF7DCFF20200BE0B80100201C0100A042
:101D1000204C43442049443A25780D0A0000000035
:101D2000FEF7D5FFC620FEF7C9FF0F20FEF7CFFF55
:101D3000D020FEF7C3FFA420FEF7C9FFA120FEF7C5
:101D4000C6FFE020FEF7BAFFD020FEF7C0FF00205C
:101D5000FEF7BDFF0220FEF7BAFF0720FEF7B7FF30
:101D60000A20FEF7B4FF2820FEF7B1FF3220FEF76D
:101D7000AEFF442000E062E0FEF7A9FF4220FEF73C
:101D8000A6FF0620FEF7A3FF0E20FEF7A0FF1220FD
:101D9000FEF79DFF1420FEF79AFF1720FEF797FF2E
:101DA000E120FEF78BFFD020FEF791FF0020FEF729
:101DB0008EFF0220FEF78BFF0720FEF788FF0A2028
:101DC000FEF785FF2820FEF782FF3120FEF77FFF18
:101DD0005420FEF77CFF4720FEF779FF0E20FEF728
:101DE00076FF1C20FEF773FF1720FEF770FF1B2005
:101DF000FEF76DFF1E20FEF76AFF2A20FEF75EFF4A
:101E00000020FEF764FF0020FEF761FF0020FEF7D0
:101E10005EFFEF20FEF75BFF2B20FEF74FFF002059
:101E2000FEF755FF0020FEF752FF0120FEF74FFF9F
:101E30003F20FEF74CFF2920FEF740FF15E7FE4844
:101E4000808845F21031884240F07C87ED20FEF713
:101E500035FF0120FEF73BFFFE20FEF738FFEE20A6
:101E6000FEF72CFFDE20FEF732FF2120FEF72FFFCA
:101E7000F120FEF723FF0120FEF729FFDF20FEF708
:101E80001DFF1020FEF723FFC420FEF717FF8F2051
:101E9000FEF71DFFC620FEF711FF0020FEF717FF1B
:101EA000E220FEF714FFE220FEF711FFE220FEF72A
:101EB0000EFFBF20FEF702FFAA20FEF708FFB020AA
:101EC000FEF7FCFE0D20FEF702FF0020FEF7FFFEEE
:101ED0000D20FEF7FCFE0020FEF7F9FE1120FEF7B4
:101EE000F6FE0020FEF7F3FE1920FEF7F0FE0020BC
:101EF000FEF7EDFE2120FEF7EAFE0020FEF7E7FEEA
:101F00002D20FEF7E4FE0020FEF7E1FE3D20FEF767
:101F1000DEFE0020FEF7DBFE5D20FEF7D8FE00208F
:101F2000FEF7D5FE5D20FEF7D2FE0020FEF7CFFEC5
:101F3000B120FEF7C3FE8020FEF7C9FE0020FEF7A9
:101F4000C6FE8B20FEF7C3FE0020FEF7C0FE9620E3
:101F5000FEF7BDFE0020FEF7BAFEB220FEF7AEFE91
:101F60000020FEF7B4FE0020FEF7B1FE0220FEF7CF
:101F7000AEFE0020FEF7ABFE0320FEF7A8FE002019
:101F8000FEF7A5FEB320FEF799FE0020FEF79FFEA8
:101F90000020FEF79CFE0020FEF799FE0020FEF7D1
:101FA00096FE0020FEF793FE0020FEF790FE002034
:101FB000FEF78DFE0020FEF78AFE0020FEF787FE6A
:101FC0000020FEF784FE0020FEF781FE0020FEF7D1
:101FD0007EFE0020FEF77BFE0020FEF778FE00204C
:101FE000FEF775FE0020FEF772FE0020FEF76FFE82
:101FF0000020FEF76CFE0020FEF769FE0020FEF7D1
:1020000066FE0020FEF763FE0020FEF760FE002063
:10201000FEF75DFE0020FEF75AFEB420FEF74EFEEE
:102020008B20FEF754FE0020FEF751FE9620FEF7AF
:102030004EFE0020FEF74BFEA120FEF748FE0020DA
:10204000FEF745FEB520FEF739FE0220FEF73FFE03
:102050000020FEF73CFE0320FEF739FE0020FEF7CD
:1020600036FE0420FEF733FE0020FEF730FEB620D9
:10207000FEF724FE0020FEF72AFE0020FEF727FED2
:10208000B720FEF71BFE0020FEF721FE0020FEF722
:102090001EFE3F20FEF71BFE0020FEF718FE5E200E
:1020A000FEF715FE0020FEF712FE6420FEF70FFE7D
:1020B0000020FEF70CFE8C20FEF709FE0020FEF744
:1020C00006FEAC20FEF703FE0020FEF700FEDC203B
:1020D000FEF7FDFD0020FEF7FAFD7020FEF7F7FD8C
:1020E0000020FEF7F4FD9020FEF7F1FD0020FEF742
:1020F000EEFDEB20FEF7EBFD0020FEF7E8FDDC2017
:10210000FEF7E5FD0020FEF7E2FDB820FEF7D6FD64
:102110000020FEF7DCFD0020FEF7D9FD0020FEF7D1
:10212000D6FD0020FEF7D3FD0020FEF7D0FD0020F5
:10213000FEF7CDFD0020FEF7CAFD0020FEF7C7FD2B
:10214000BA20FEF7BBFD2420FEF7C1FD0020FEF7FC
:10215000BEFD0020FEF7BBFD0020FEF7B8FDC1204C
:10216000FEF7ACFD2020FEF7B2FD0020FEF7AFFD2C
:102170005420FEF7ACFD0020FEF7A9FDFF20FEF77E
:10218000A6FD0020FEF7A3FDC220FEF797FD0A2062
:10219000FEF79DFD0020FEF79AFD0420FEF797FD57
:1021A0000020FEF794FDC320FEF788FD3C20FEF7DB
:1021B0008EFD0020FEF78BFD3A20FEF788FD002003
:1021C000FEF785FD3920FEF782FD0020FEF77FFD3A
:1021D0003720FEF77CFD0020FEF779FD3C20FEF75E
:1021E00076FD0020FEF773FD3620FEF770FD00201F
:1021F000FEF76DFD3220FEF76AFD0020FEF767FD59
:102200002F20FEF764FD0020FEF761FD2C20FEF775
:102210005EFD0020FEF75BFD2920FEF758FD002043
:10222000FEF755FD2620FEF752FD0020FEF74FFD7C
:102230002420FEF74CFD01E0B80100200020FEF74D
:1022400046FD2420FEF743FD0020FEF740FD23203D
:10225000FEF73DFD0020FEF73AFD3C20FEF737FD7E
:102260000020FEF734FD3620FEF731FD0020FEF79A
:102270002EFD3220FEF72BFD0020FEF728FD2F203B
:10228000FEF725FD0020FEF722FD2C20FEF71FFDA6
:102290000020FEF71CFD2920FEF719FD0020FEF7A7
:1022A00016FD2620FEF713FD0020FEF710FD24206A
:1022B000FEF70DFD0020FEF70AFD2420FEF707FDC6
:1022C0000020FEF704FD2320FEF701FD0020FEF7AD
:1022D000FEFCC420FEF7F2FC6220FEF7F8FC0020B2
:1022E000FEF7F5FC0520FEF7F2FC0020FEF7EFFC00
:1022F0008420FEF7ECFC0020FEF7E9FCF020FEF75E
:10230000E6FC0020FEF7E3FC1820FEF7E0FC0020CE
:10231000FEF7DDFCA420FEF7DAFC0020FEF7D7FC78
:102320001820FEF7D4FC0020FEF7D1FC5020FEF769
:10233000CEFC0020FEF7CBFC0C20FEF7C8FC0020F2
:10234000FEF7C5FC1720FEF7C2FC0020FEF7BFFC1D
:102350009520FEF7BCFC0020FEF7B9FCF320FEF749
:10236000B6FC0020FEF7B3FCE620FEF7B0FC002030
:10237000FEF7ADFCC520FEF7A1FC3220FEF7A7FC5E
:102380000020FEF7A4FC4420FEF7A1FC0020FEF78D
:102390009EFC6520FEF79BFC0020FEF798FC762053
:1023A000FEF795FC0020FEF792FC8820FEF78FFCDC
:1023B0000020FEF78CFCC620FEF780FC2020FEF7F4
:1023C00086FC0020FEF783FC1720FEF780FC00202F
:1023D000FEF77DFC0120FEF77AFC0020FEF777FC7B
:1023E000C720FEF76BFC0020FEF771FC0020FEF713
:1023F0006EFC0020FEF76BFC0020FEF768FCC82096
:10240000FEF75CFC0020FEF762FC0020FEF75FFC9C
:102410000020FEF75CFC0020FEF759FCC920FEF707
:102420004DFC0020FEF753FC0020FEF750FC00207E
:10243000FEF74DFC0020FEF74AFC0020FEF747FCAB
:102440000020FEF744FC0020FEF741FC0020FEF7D0
:102450003EFC0020FEF73BFC0020FEF738FC00208D
:10246000FEF735FC0020FEF732FC0020FEF72FFCC3
:102470000020FEF72CFC0020FEF729FC0020FEF7D0
:1024800026FCE020FEF71AFC1620FEF720FC0020B8
:10249000FEF71DFC1C20FEF71AFC0020FEF717FCBF
:1024A0002120FEF714FC0020FEF711FC3620FEF779
:1024B0000EFC0020FEF70BFC4620FEF708FC002077
:1024C000FEF705FC5220FEF702FC0020FEF7FFFBA2
:1024D0006420FEF7FCFB0020FEF7F9FB7A20FEF7F4
:1024E000F6FB0020FEF7F3FB8B20FEF7F0FB00204D
:1024F000FEF7EDFB9920FEF7EAFB0020FEF7E7FB75
:10250000A820FEF7E4FB0020FEF7E1FBB920FEF770
:10251000DEFB0020FEF7DBFBC420FEF7D8FB00202B
:10252000FEF7D5FBCA20FEF7D2FB0020FEF7CFFB5B
:10253000D220FEF7CCFB0020FEF7C9FBD920FEF726
:10254000C6FB0020FEF7C3FBE020FEF7C0FB002027
:10255000FEF7BDFBF320FEF7BAFB0020FEF7B7FB4A
:10256000E120FEF7ABFB1620FEF7B1FB0020FEF7E3
:10257000AEFB1C20FEF7ABFB0020FEF7A8FB2220E1
:10258000FEF7A5FB0020FEF7A2FB3620FEF79FFB1F
:102590000020FEF79CFB4520FEF799FB0020FEF78C
:1025A00096FB5220FEF793FB0020FEF790FB642081
:1025B000FEF78DFB0020FEF78AFB7A20FEF787FBF3
:1025C0000020FEF784FB8B20FEF781FB0020FEF746
:1025D0007EFB9920FEF77BFB0020FEF778FBA8200E
:1025E000FEF775FB0020FEF772FBB920FEF76FFBCC
:1025F0000020FEF76CFBC420FEF769FB0020FEF70D
:1026000066FBCA20FEF763FB0020FEF760FBD220CA
:10261000FEF75DFB0020FEF75AFBD820FEF757FBC4
:102620000020FEF754FBE020FEF751FB0020FEF7F0
:102630004EFBF320FEF74BFB0020FEF748FBE220A9
:10264000FEF73CFB0520FEF742FB0020FEF73FFBB8
:102650000B20FEF73CFB0020FEF739FB1B20FEF7AA
:1026600036FB0020FEF733FB3420FEF730FB002062
:10267000FEF72DFB4420FEF72AFB0020FEF727FB88
:102680004F20FEF724FB0020FEF721FB6120FEF720
:102690001EFB0020FEF71BFB7920FEF718FB002035
:1026A000FEF715FB8820FEF712FB0020FEF70FFB5C
:1026B0009720FEF70CFB0020FEF709FBA620FEF793
:1026C00006FB0020FEF703FBB720FEF700FB00200F
:1026D000FEF7FDFAC220FEF7FAFA0020FEF7F7FA3D
:1026E000C720FEF7F4FA0020FEF7F1FAD120FEF73A
:1026F000EEFA0020FEF7EBFAD620FEF7E8FA00200B
:10270000FEF7E5FADD20FEF7E2FA0020FEF7DFFA39
:10271000F320FEF7DCFA0020FEF7D9FAE320FEF7FB
:10272000CDFA0520FEF7D3FA0020FEF7D0FA0A20F2
:10273000FEF7CDFA0020FEF7CAFA1C20FEF7C7FA12
:102740000020FEF7C4FA3320FEF7C1FA0020FEF79E
:10275000BEFA4420FEF7BBFA0020FEF7B8FA50207C
:10276000FEF7B5FA0020FEF7B2FA6220FEF7AFFAE4
:102770000020FEF7ACFA7820FEF7A9FA0020FEF759
:10278000A6FA8820FEF7A3FA0020FEF7A0FA972009
:10279000FEF79DFA0020FEF79AFAA620FEF797FAB8
:1027A0000020FEF794FAB720FEF791FA0020FEF71A
:1027B0008EFAC220FEF78BFA0020FEF788FAC720B7
:1027C000FEF785FA0020FEF782FAD120FEF77FFAA5
:1027D0000020FEF77CFAD520FEF779FA0020FEF7FC
:1027E00076FADD20FEF773FA0020FEF770FAF32088
:1027F000FEF76DFA0020FEF76AFAE420FEF75EFAB3
:102800000120FEF764FA0020FEF761FA0120FEF7CE
:102810005EFA0020FEF75BFA0220FEF758FA00206D
:10282000FEF755FA2A20FEF752FA0020FEF74FFA7B
:102830003C20FEF74CFA0020FEF749FA4B20FEF749
:1028400046FA0020FEF743FA5D20FEF740FA00202A
:10285000FEF73DFA7420FEF73AFA0020FEF737FA49
:102860008420FEF734FA0020FEF731FA9320FEF7B9
:102870002EFA0020FEF72BFAA220FEF728FA0020FD
:10288000FEF725FAB320FEF722FA0020FEF71FFA22
:10289000BE20FEF71CFA0020FEF719FAC420FEF74E
:1028A00016FA0020FEF713FACD20FEF710FA0020EA
:1028B000FEF70DFAD320FEF70AFA0020FEF707FA1A
:1028C000DD20FEF704FA0020FEF701FAF320FEF700
:1028D000FEF90020FEF7FBF9E520FEF7EFF90020F6
:1028E000FEF7F5F90020FEF7F2F90020FEF7EFF908
:1028F0000020FEF7ECF90220FEF7E9F90020FEF7D0
:10290000E6F92920FEF7E3F90020FEF7E0F93C2084
:10291000FEF7DDF90020FEF7DAF94B20FEF7D7F9D4
:102920000020FEF7D4F95D20FEF7D1F90020FEF774
:10293000CEF97420FEF7CBF90020FEF7C8F9842009
:10294000FEF7C5F90020FEF7C2F99320FEF7BFF9A4
:102950000020FEF7BCF9A220FEF7B9F90020FEF72F
:10296000B6F9B320FEF7B3F90020FEF7B0F9BE20A8
:10297000FEF7ADF90020FEF7AAF9C420FEF7A7F98B
:102980000020FEF7A4F9CD20FEF7A1F90020FEF704
:102990009EF9D320FEF79BF90020FEF798F9DC2082
:1029A000FEF795F90020FEF792F9F320FEF78FF974
:1029B0000020FEF78CF9E620FEF780F91120FEF7E3
:1029C00086F90020FEF783F93420FEF780F9002015
:1029D000FEF77DF95620FEF77AF90020FEF777F929
:1029E0007620FEF774F90020FEF771F97720FEF7E4
:1029F0006EF90020FEF76BF96620FEF768F90020FB
:102A0000FEF765F98820FEF762F90020FEF75FF90E
:102A10009920FEF75CF90020FEF759F9BB20FEF77C
:102A200056F90020FEF753F99920FEF750F90020DF
:102A3000FEF74DF96620FEF74AF90020FEF747F948
:102A40005520FEF744F90020FEF741F95520FEF726
:102A50003EF90020FEF73BF94520FEF738F900204B
:102A6000FEF735F94320FEF732F90020FEF72FF983
:102A70004420FEF72CF90020FEF729F9E720FEF7A5
:102A80001DF93220FEF723F90020FEF720F955202A
:102A9000FEF71DF90020FEF71AF97620FEF717F968
:102AA0000020FEF714F96620FEF711F90020FEF76A
:102AB0000EF96720FEF70BF90020FEF708F96720F2
:102AC000FEF705F90020FEF702F98720FEF7FFF870
:102AD0000020FEF7FCF89920FEF7F9F80020FEF739
:102AE000F6F8BB20FEF7F3F80020FEF7F0F8992087
:102AF000FEF7EDF80020FEF7EAF87720FEF7E7F89A
:102B00000020FEF7E4F84420FEF7E1F80020FEF78D
:102B1000DEF85620FEF7DBF80020FEF7D8F8232079
:102B2000FEF7D5F80020FEF7D2F83320FEF7CFF8F5
:102B30000020FEF7CCF84520FEF7C9F80020FEF78C
:102B4000C6F8E820FEF7BAF80020FEF7C0F800202B
:102B5000FEF7BDF89920FEF7BAF80020FEF7B7F8A7
:102B60008720FEF7B4F80020FEF7B1F88820FEF7C2
:102B7000AEF80020FEF7ABF87720FEF7A8F80020AB
:102B8000FEF7A5F86620FEF7A2F80020FEF79FF8F2
:102B90008820FEF79CF80020FEF799F8AA20FEF79F
:102BA00096F80020FEF793F8BB20FEF790F800207F
:102BB000FEF78DF89920FEF78AF80020FEF787F8D7
:102BC0006620FEF784F80020FEF781F85520FEF716
:102BD0007EF80020FEF77BF85520FEF778F80020FD
:102BE000FEF775F84420FEF772F80020FEF76FF844
:102BF0004420FEF76CF80020FEF769F85520FEF738
:102C000066F80020FEF763F8E920FEF757F8AA20DF
:102C1000FEF75DF80020FEF75AF80020FEF757F89F
:102C20000020FEF754F80020FEF748F8AA20FEF72F
:102C30004EF8CF20FEF742F80020FEF748F80020BB
:102C4000FEF745F80020FEF742F80020FEF73FF8B7
:102C50000020FEF73CF80020FEF739F80020FEF7D0
:102C600036F80020FEF733F80020FEF730F8002099
:102C7000FEF72DF80020FEF72AF80020FEF727F8CF
:102C80000020FEF724F80020FEF721F80020FEF7D0
:102C90001EF80020FEF71BF80020FEF718F8F020C1
:102CA000FEF70CF80020FEF712F85020FEF70FF8A0
:102CB0000020FEF70CF80020FEF709F80020FEF7D0
:102CC00006F8F320FDF7FAFF0020FEF700F8F920E0
:102CD000FDF7F4FF0620FDF7FAFF1020FDF7F7FFE0
:102CE0002920FDF7F4FF0020FDF7F1FF3A20FDF762
:102CF000E5FF5520FDF7EBFF1120FDF7DFFF642016
:102D000004F086FE2920FDF7D9FF3520FDF7D6FF18
:102D10000020FDF7DCFF5120FDF7D0FFFF20FDF77D
:102D2000D6FF5320FDF7CAFF2C20FDF7D0FF55201A
:102D3000FDF7C4FF8220FDF7CAFF2C20FDF7BEFF80
:102D400001F048B8FE48808845F2105188427DD194
:102D500055214FF47040FDF7CCFFAA214FF201003E
:102D6000FDF7C7FF52214FF20200FDF7C2FF082115
:102D70004FF20300FDF7BDFF01214FF20400FDF704
:102D8000B8FF0D214FF43040FDF7B3FF0D214BF29A
:102D90000100FDF7AEFF0D214BF20200FDF7A9FF88
:102DA00034214FF43640FDF7A4FF34214BF201608B
:102DB000FDF79FFF34214BF20260FDF79AFF0D21D2
:102DC0004FF43140FDF795FF0D214BF20110FDF757
:102DD00090FF0D214BF20210FDF78BFF34214FF4D1
:102DE0003740FDF786FF34214BF20170FDF781FF7C
:102DF00034214BF20270FDF77CFF00214FF432408A
:102E0000FDF777FF00214BF20120FDF772FF002153
:102E10004BF20220FDF76DFF24214FF43840FDF7FF
:102E200068FF24214BF60100FDF763FF24214BF6D8
:102E30000200FDF75EFF01214FF43F40FDF759FF0F
:102E40000F214FF43340FDF754FF00E0FDE30F2165
:102E50004BF20130FDF74DFF0F214BF20230FDF731
:102E600048FF34214FF43940FDF743FF34214BF63E
:102E70000110FDF73EFF34214BF60210FDF739FF3C
:102E800008214FF43540FDF734FF08214BF2015083
:102E9000FDF72FFF08214BF20250FDF72AFF032117
:102EA0004FF44240FDF725FF24214FF43A40FDF74F
:102EB00020FF24214BF60120FDF71BFF24214BF6B8
:102EC0000220FDF716FF00214FF43C40FDF711FFF3
:102ED00078214BF60140FDF70CFF00214BF6024034
:102EE000FDF707FF00214FF43D40FDF702FF782179
:102EF0004BF60150FDF7FDFE00214BF60250FDF7A9
:102F0000F8FE00214FF43E40FDF7F3FE64214BF63E
:102F10000160FDF7EEFE00214FF45140FDF7E9FEA0
:102F200033214DF20110FDF7E4FE00214DF20210B5
:102F3000FDF7DFFE34214DF20310FDF7DAFE00212C
:102F40004DF20410FDF7D5FE3A214DF20510FDF7C4
:102F5000D0FE00214DF20610FDF7CBFE4A214DF2C6
:102F60000710FDF7C6FE00214DF20810FDF7C1FE67
:102F70005C214DF20910FDF7BCFE00214DF20A1054
:102F8000FDF7B7FE81214DF20B10FDF7B2FE0021D7
:102F90004DF20C10FDF7ADFEA6214DF20D10FDF720
:102FA000A8FE00214DF20E10FDF7A3FEE5214DF223
:102FB0000F10FDF79EFE01214DF21010FDF799FE56
:102FC00013214DF21110FDF794FE01214DF2121064
:102FD000FDF78FFE54214DF21310FDF78AFE0121FB
:102FE0004DF21410FDF785FE82214DF21510FDF70C
:102FF00080FE01214DF21610FDF77BFECA214DF235
:103000001710FDF776FE02214DF21810FDF771FE44
:1030100000214DF21910FDF76CFE02214DF21A103D
:10302000FDF767FE01214DF21B10FDF762FE022144
:103030004DF21C10FDF75DFE34214DF21D10FDF721
:1030400058FE02214DF21E10FDF753FE67214DF28E
:103050001F10FDF74EFE02214DF22010FDF749FE34
:1030600084214DF22110FDF744FE02214DF2221081
:10307000FDF73FFEA4214DF22310FDF73AFE022199
:103080004DF22410FDF735FEB7214DF22510FDF766
:1030900030FE02214DF22610FDF72BFECF214DF21E
:1030A0002710FDF726FE02214DF22810FDF721FE24
:1030B000DE214DF22910FDF71CFE02214DF22A10EF
:1030C000FDF717FEF2214DF22B10FDF712FE022143
:1030D0004DF22C10FDF70DFEFE214DF22D10FDF7E7
:1030E00008FE03214DF22E10FDF703FE10214DF2D4
:1030F0002F10FDF7FEFD03214DF23010FDF7F9FD15
:1031000033214DF23110FDF7F4FD03214DF2321061
:10311000FDF7EFFD6D214DF23310FDF7EAFD0021C3
:103120004FF45240FDF7E5FD33214DF20120FDF74C
:10313000E0FD00214DF20220FDF7DBFD342101E02E
:10314000B80100204DF20320FDF7D3FD00214DF220
:103150000420FDF7CEFD3A214DF20520FDF7C9FD13
:1031600000214DF20620FDF7C4FD4A214DF2072053
:10317000FDF7BFFD00214DF20820FDF7BAFD5C21EF
:103180004DF20920FDF7B5FD00214DF20A20FDF7B3
:10319000B0FD81214DF20B20FDF7ABFD00214DF27A
:1031A0000C20FDF7A6FDA6214DF20D20FDF7A1FD97
:1031B00000214DF20E20FDF79CFDE5214DF20F2080
:1031C000FDF797FD01214DF21020FDF792FD13212F
:1031D0004DF21120FDF78DFD01214DF21220FDF77A
:1031E00088FD54214DF21320FDF783FD01214DF29E
:1031F0001420FDF77EFD82214DF21520FDF779FDAB
:1032000001214DF21620FDF774FDCA214DF2172061
:10321000FDF76FFD02214DF21820FDF76AFD002138
:103220004DF21920FDF765FD02214DF21A20FDF740
:1032300060FD01214DF21B20FDF75BFD02214DF2E7
:103240001C20FDF756FD34214DF21D20FDF751FDE8
:1032500002214DF21E20FDF74CFD67214DF21F208B
:10326000FDF747FD02214DF22020FDF742FD8421AC
:103270004DF22120FDF73DFD02214DF22220FDF708
:1032800038FDA4214DF22320FDF733FD02214DF23C
:103290002420FDF72EFDB7214DF22520FDF729FD55
:1032A00002214DF22620FDF724FDCF214DF22720EB
:1032B000FDF71FFD02214DF22820FDF71AFDDE214A
:1032C0004DF22920FDF715FD02214DF22A20FDF7D0
:1032D00010FDF2214DF22B20FDF70BFD02214DF2E6
:1032E0002C20FDF706FDFE214DF22D20FDF701FDFE
:1032F00003214DF22E20FDF7FCFC10214DF22F2072
:10330000FDF7F7FC03214DF23020FDF7F2FC3321ED
:103310004DF23120FDF7EDFC03214DF23220FDF797
:10332000E8FC6D214DF23320FDF7E3FC00214FF462
:103330005340FDF7DEFC33214DF20130FDF7D9FC9F
:1033400000214DF20230FDF7D4FC34214DF2033060
:10335000FDF7CFFC00214DF20430FDF7CAFC3A2105
:103360004DF20530FDF7C5FC00214DF20630FDF7AA
:10337000C0FC4A214DF20730FDF7BBFC00214DF2A5
:103380000830FDF7B6FC5C214DF20930FDF7B1FCC9
:1033900000214DF20A30FDF7ACFC81214DF20B30DB
:1033A000FDF7A7FC00214DF20C30FDF7A2FCA62191
:1033B0004DF20D30FDF79DFC00214DF20E30FDF772
:1033C00098FCE5214DF20F30FDF793FC01214DF201
:1033D0001030FDF78EFC13214DF21130FDF789FC02
:1033E00001214DF21230FDF784FC54214DF21330CF
:1033F000FDF77FFC01214DF21430FDF77AFC8221AC
:103400004DF21530FDF775FC01214DF21630FDF738
:1034100070FCCA214DF21730FDF76BFC02214DF212
:103420001830FDF766FC00214DF21930FDF761FC04
:1034300002214DF21A30FDF75CFC01214DF21B30E8
:10344000FDF757FC02214DF21C30FDF752FC3421F0
:103450004DF21D30FDF74DFC02214DF21E30FDF7FF
:1034600048FC67214DF21F30FDF743FC02214DF26D
:103470002030FDF73EFC84214DF22130FDF739FC70
:1034800002214DF22230FDF734FCA4214DF223300D
:10349000FDF72FFC02214DF22430FDF72AFCB72165
:1034A0004DF22530FDF725FC02214DF22630FDF7C7
:1034B00020FCCF214DF22730FDF71BFC02214DF2FD
:1034C0002830FDF716FCDE214DF22930FDF711FC06
:1034D00002214DF22A30FDF70CFCF2214DF22B3087
:1034E000FDF707FC02214DF22C30FDF702FCFE2116
:1034F0004DF22D30FDF7FDFB03214DF22E30FDF78F
:10350000F8FB10214DF22F30FDF7F3FB03214DF2B4
:103510003030FDF7EEFB33214DF23130FDF7E9FBA2
:1035200003214DF23230FDF7E4FB6D214DF23330D3
:10353000FDF7DFFB00214FF45440FDF7DAFB3321A8
:103540004DF20140FDF7D5FB00214DF20240FDF7A1
:10355000D0FB34214DF20340FDF7CBFB00214DF2AF
:103560000440FDF7C6FB3A214DF20540FDF7C1FBD3
:1035700000214DF20640FDF7BCFB4A214DF2074009
:10358000FDF7B7FB00214DF20840FDF7B2FB5C21CF
:103590004DF20940FDF7ADFB00214DF20A40FDF769
:1035A000A8FB81214DF20B40FDF7A3FB00214DF25A
:1035B0000C40FDF79EFBA6214DF20D40FDF799FB57
:1035C00000214DF20E40FDF794FBE5214DF20F4036
:1035D000FDF78FFB01214DF21040FDF78AFB13210F
:1035E0004DF21140FDF785FB01214DF21240FDF730
:1035F00080FB54214DF21340FDF77BFB01214DF27E
:103600001440FDF776FB82214DF21540FDF771FB6A
:1036100001214DF21640FDF76CFBCA214DF2174017
:10362000FDF767FB02214DF21840FDF762FB002118
:103630004DF21940FDF75DFB02214DF21A40FDF7F6
:1036400058FB01214DF21B4000E005E3FDF751FB63
:1036500002214DF21C40FDF74CFB34214DF21D4080
:10366000FDF747FB02214DF21E40FDF742FB6721AB
:103670004DF21F40FDF73DFB02214DF22040FDF7CA
:1036800038FB84214DF22140FDF733FB02214DF23E
:103690002240FDF72EFBA4214DF22340FDF729FB2C
:1036A00002214DF22440FDF724FBB7214DF22540C5
:1036B000FDF71FFB02214DF22640FDF71AFBCF213B
:1036C0004DF22740FDF715FB02214DF22840FDF792
:1036D00010FBDE214DF22940FDF70BFB02214DF2DC
:1036E0002A40FDF706FBF2214DF22B40FDF701FBCE
:1036F00002214DF22C40FDF7FCFAFE214DF22D4047
:10370000FDF7F7FA03214DF22E40FDF7F2FA1021F2
:103710004DF22F40FDF7EDFA03214DF23040FDF759
:10372000E8FA33214DF23140FDF7E3FA03214DF27F
:103730003240FDF7DEFA6D214DF23340FDF7D9FA44
:1037400000214FF45540FDF7D4FA33214DF20150DA
:10375000FDF7CFFA00214DF20250FDF7CAFA3421ED
:103760004DF20350FDF7C5FA00214DF20450FDF76C
:10377000C0FA3A214DF20550FDF7BBFA00214DF297
:103780000650FDF7B6FA4A214DF20750FDF7B1FA9F
:1037900000214DF20850FDF7ACFA5C214DF20950C2
:1037A000FDF7A7FA00214DF20A50FDF7A2FA812198
:1037B0004DF20B50FDF79DFA00214DF20C50FDF734
:1037C00098FAA6214DF20D50FDF793FA00214DF223
:1037D0000E50FDF78EFAE5214DF20F50FDF789FAF4
:1037E00001214DF21050FDF784FA13214DF21150D2
:1037F000FDF77FFA01214DF21250FDF77AFA5421BC
:103800004DF21350FDF775FA01214DF21450FDF7FA
:1038100070FA82214DF21550FDF76BFA01214DF23D
:103820001650FDF766FACA214DF21750FDF761FAFE
:1038300002214DF21850FDF75CFA00214DF21950AB
:10384000FDF757FA02214DF21A50FDF752FA012105
:103850004DF21B50FDF74DFA02214DF21C50FDF7C1
:1038600048FA34214DF21D50FDF743FA02214DF282
:103870001E50FDF73EFA67214DF21F50FDF739FA51
:1038800002214DF22050FDF734FA84214DF22150EF
:10389000FDF72FFA02214DF22250FDF72AFAA4215A
:1038A0004DF22350FDF725FA02214DF22450FDF789
:1038B00020FAB7214DF22550FDF71BFA02214DF2F7
:1038C0002650FDF716FACF214DF22750FDF711FAD9
:1038D00002214DF22850FDF70CFADE214DF229505D
:1038E000FDF707FA02214DF22A50FDF702FAF22104
:1038F0004DF22B50FDF7FDF902214DF22C50FDF752
:10390000F8F9FE214DF22D50FDF7F3F903214DF2A8
:103910002E50FDF7EEF910214DF22F50FDF7E9F989
:1039200003214DF23050FDF7E4F933214DF23150CF
:10393000FDF7DFF903214DF23250FDF7DAF96D2181
:103940004DF23350FDF7D5F900214FF45640FDF705
:10395000D0F933214DF20160FDF7CBF900214DF292
:103960000260FDF7C6F934214DF20360FDF7C1F99D
:1039700000214DF20460FDF7BCF93A214DF20560DB
:10398000FDF7B7F900214DF20660FDF7B2F94A21C3
:103990004DF20760FDF7ADF900214DF20860FDF72B
:1039A000A8F95C214DF20960FDF7A3F900214DF261
:1039B0000A60FDF79EF981214DF20B60FDF799F940
:1039C00000214DF20C60FDF794F9A6214DF20D6037
:1039D000FDF78FF900214DF20E60FDF78AF9E52120
:1039E0004DF20F60FDF785F901214DF21060FDF7F2
:1039F00080F913214DF21160FDF77BF901214DF2A1
:103A00001260FDF776F954214DF21360FDF771F95C
:103A100001214DF21460FDF76CF982214DF2156021
:103A2000FDF767F901214DF21660FDF762F9CA2131
:103A30004DF21760FDF75DF902214DF21860FDF7B8
:103A400058F900214DF21960FDF753F902214DF2AA
:103A50001A60FDF74EF901214DF21B60FDF749F99F
:103A600002214DF21C60FDF744F934214DF21D6036
:103A7000FDF73FF902214DF21E60FDF73AF967218B
:103A80004DF21F60FDF735F902214DF22060FDF780
:103A900030F984214DF22160FDF72BF902214DF21E
:103AA0002260FDF726F9A4214DF22360FDF721F9EC
:103AB00002214DF22460FDF71CF9B7214DF225607B
:103AC000FDF717F902214DF22660FDF712F9CF211B
:103AD0004DF22760FDF70DF902214DF22860FDF748
:103AE00008F9DE214DF22960FDF703F902214DF2BC
:103AF0002A60FDF7FEF8F2214DF22B60FDF7F9F890
:103B000002214DF22C60FDF7F4F8FE214DF22D60FC
:103B1000FDF7EFF803214DF22E60FDF7EAF81021D2
:103B20004DF22F60FDF7E5F803214DF23060FDF70F
:103B3000E0F833214DF23160FDF7DBF803214DF25F
:103B40003260FDF7D6F86D214DF23360FDF7D1F804
:103B500055214FF47040FDF7CCF8AA214FF2010037
:103B6000FDF7C7F852214FF20200FDF7C2F8082115
:103B70004FF20300FDF7BDF800214FF20400FDF7FE
:103B8000B8F8CC214FF43140FDF7B3F800214BF2E7
:103B90000110FDF7AEF805214FF43640FDF7A9F806
:103BA00070214FF43740FDF7A4F870214BF20170FB
:103BB000FDF79FF801214FF43840FDF79AF80321F3
:103BC0004BF60100FDF795F803214BF60200FDF7D7
:103BD00090F803214BF60300FDF78BF802214FF418
:103BE0003C40FDF786F800214BF60140FDF781F8D7
:103BF00000214BF60240FDF77CF8D0214FF44940FC
:103C0000FDF777F802214CF60110FDF772F850210C
:103C10004CF60210FDF76DF850214CF60310FDF73D
:103C200068F850214CF60410FDF763F800214FF4BA
:103C30005450FDF75EF855214FF46850FDF759F8E0
:103C40004FF48850FDF73AF8782003F099FE4FF4CE
:103C50002450FDF733F8BDE0FE48808841F663113B
:103C60008842F8D1E220FDF729F81D20FDF72FF852
:103C70000220FDF72CF80420FDF729F8642003F05A
:103C80007FFEE020FDF71AF80120FDF720F80A205A
:103C900003F0BEFEE020FDF711F80320FDF717F852
:103CA0000C2003F0B5FE0120FDF708F80A2003F010
:103CB000AFFEE620FDF702F82F20FDF708F8FF2001
:103CC000FDF705F8FF20FDF702F8B020FCF7F6FF3E
:103CD0002020FCF7FCFF0020FCF7F9FF0320FCF795
:103CE000F6FF40F21F30FCF7F2FF0120FCF7EFFF78
:103CF00040F2DF10FCF7EBFF0020FCF7E8FFB420F8
:103D0000FCF7DCFF0420FCF7E2FF40F21F40FCF769
:103D1000DEFF0020FCF7DBFF2E20FCF7D8FF0020A1
:103D2000FCF7D5FF0020FCF7D2FF0020FCF7CFFF07
:103D30000020FCF7CCFFB620FCF7C0FF0220FCF708
:103D4000C6FF4FF40370FCF7C2FF0020FCF7BFFF73
:103D50001720FCF7BCFF1520FCF7B9FF0020FCF78B
:103D6000B6FF0020FCF7B3FFF020FCF7A7FF03200D
:103D7000FCF7ADFF2920FCF7A1FFD020FCF79EFF48
:103D80000020FCF7A4FFBE20FCF798FF0520FCF7FD
:103D90009EFFFE20FCF79BFF0120FCF798FF002010
:103DA000FCF795FF0020FCF792FF0020FCF78FFF47
:103DB000B820FCF783FF0320FCF789FF0120FCF704
:103DC00086FFBA20FCF77AFF0120FCF780FF642011
:103DD000FDF74FFA0020FDF778FA01209E490860B0
:103DE0004FF6FF70FDF7C6FB21B000BD2DE9F04F87
:103DF00005460E4617469846DDF824A04FF0000B06
:103E0000781B401C1FFA80FB344614E021462846EC
:103E1000FCF79EFFFCF77FFF4FF0000907E04FF033
:103E2000D840A0F880A009F101001FFA80F9D94517
:103E3000F5DB601C84B24445E8DDBDE8F08F2DE978
:103E4000F84F07460D4690469946DDF828B0A8EB96
:103E50000700401C1FFA80FAA9EB0500401C80B245
:103E60000090002414E0281981B23846FCF770FF56
:103E7000FCF751FF002607E004FB0A603BF8100046
:103E800076490880701C86B25645F5DB601C84B20A
:103E900000988442E7DBBDE8F88F2DE9FF4F84B03E
:103EA00081468A460020039002900698A0EB0905FF
:103EB0000798A0EB0A06CDF80490CDF800A0002DDD
:103EC00001DD012705E00DB9002702E04FF0FF37C3
:103ED0006D42002E02DD4FF0010806E016B94FF0EA
:103EE000000802E04FF0FF387642B54201DD2C4673
:103EF00000E034464FF0000B21E0009A91B2019AA5
:103F000090B2FDF731F903982844039002983044A9
:103F100002900398A04205DD0398001B03900198CE
:103F2000384401900298A04205DD0298001B0290DF
:103F30000098404400900BF101001FFA80FB601CC8
:103F40008345DADD08B0BDE8F08FF0B504460D46D4
:103F500016461F462B46324629462046FFF79DFF50
:103F60003B46224629462046FFF797FF3B4632460E
:103F700039462046FFF791FF3B46324629463046F8
:103F8000FFF78BFFF0BD2DE9F04306460F46904644
:103F9000002445460320A0EB48093CE07A1B91B27F
:103FA000321990B2FDF7E0F83A1B91B2721990B253
:103FB000FDF7DAF83A1991B2721990B2FDF7D4F818
:103FC0007A1991B2321990B2FDF7CEF87A1991B2FE
:103FD000321B90B2FDF7C8F83A1991B2721B90B239
:103FE000FDF7C2F87A1B91B2321B90B2FDF7BCF814
:103FF0003A1B91B2721B90B2FDF7B6F8641CB9F18E
:10400000000F03DAA000801D814404E0601B8000E3
:104010000A3081446D1EAC42C0DDBDE8F0832DE95D
:10402000F84F80460E4617461C46B3462046E31717
:1040300004EB5373DB1021464FEAE47C04EB5C7C19
:104040004FEAEC0CA4EBCC0CBCF1000F08D04FF005
:10405000010C07E0B8010020BC8240428000006CE7
:104060004FF0000C6344224604EBD27C4FEA6C0C08
:1040700003FB0CF3DBB20093A7F12000C7B20025CD
:1040800056E00C2C07D107EB47009F4901EB80005D
:1040900010F8059013E0102C05D19C4800EB071098
:1040A00010F805900BE0182C07D107EBC7009849D2
:1040B00001EB800010F8059001E0BDE8F88F4FF0AB
:1040C000000A2FE009F0800030B1924802883146A2
:1040D0004046FDF757F807E00A9828B98E4802884D
:1040E00031464046FDF74EF84FEA49604FEA106905
:1040F000701C86B289484088B04200DCDDE7A6EB40
:104100000B00A0420AD15E4608F101001FFA80F8B8
:1041100082480088404500DCCFE706E00AF1010054
:1041200000F0FF0ABAF1080FCCDB00BF681CC5B273
:1041300000988542A5DB00BFBFE710B5024601200D
:1041400000E050430B1EA1F10104E1B2F9D110BD12
:104150002DE9FF4F81B0074691461E460E9D4FF058
:10416000000A002439E0301B401EC1B20A20FFF7CC
:10417000E4FFB9FBF0F00A21B0FBF1F201FB1208F9
:10418000BAF1000F16D1701EA04213DDB8F1000F76
:104190000ED10020AB4605EBDB71491001FB047129
:1041A000009088B22B4620220299FFF738FF12E0D8
:1041B0004FF0010A0020AB4605EBDB71491001FB13
:1041C0000471009088B208F13001CAB22B460299FE
:1041D000FFF725FF00BF601CC4B2B442C3DB05B0CB
:1041E000BDE8F08F2DE9FF4F82B0064692461F468C
:1041F000DDE90F480020019000254DE0781B401EAE
:10420000C1B20A20FFF799FFBAFBF0F00A21B0FB18
:10421000F1F201FB1209019850BB781EA84227DD7C
:10422000B9F1000F22D108F0800078B108F0010048
:10423000A34604EBDB71491001FB0561009088B2D5
:10424000234630220399FFF7EAFE0EE008F0010052
:10425000A34604EBDB71491001FB0561009088B2B5
:10426000234620220399FFF7DAFE13E00120019094
:1042700008F00100A34604EBDB71491001FB056166
:10428000009088B209F13001CAB223460399FFF7C2
:10429000C6FE00BF681CC5B2BD42AFDB06B0BDE8BC
:1042A000F08F2DE9F84704460D4690469946DDE922
:1042B000096704F0FF0A08EB04001FFA80F809EB15
:1042C00005001FFA80F916E0444502DB5446A819A0
:1042D00085B24D4500DB14E0002000903A7833466B
:1042E00029462046FFF79BFE304606EBD07104EBD3
:1042F00061018CB27F1C38787E2802DC3878202857
:10430000E2DA00BFBDE8F8876ECB0008E2CF000814
:10431000D2D500081600002018000020B8010020A7
:104320001CB50121022004F0CFFA4FF44070009038
:1043300001208DF8040000208DF8060003208DF880
:10434000050001208DF807006946894804F01EF831
:104350000120884908608849C1F8A4021CBD10B535
:104360008348006820F440208149086008460068BE
:1043700040F48020086001207E49091D08607E49C4
:10438000C1F8A002042003F0FBFA00207949091DBE
:104390000860042003F0F4FA00207749C1F8A00275
:1043A00010BD10B57248006820F4402070490860C4
:1043B0000846006840F48020086000206D490860CD
:1043C0006D49C1F8A402042003F0DAFA012069491A
:1043D00008606949C1F8A402042003F0D1FA10BDB5
:1043E00010B500246248006820F44020604908604D
:1043F00008460068086001205E49091D086003F056
:10440000BFFA01205C49C1F8A00203F0B9FA07E045
:10441000601CC4B2FA2C03DDFFF7C3FF012010BDFE
:1044200054487C3800680028F2D15249086000BF27
:10443000F5E710B500204F4908604D48006820F4AA
:1044400040204B4908600846006840F4802008601E
:1044500000204949C1F8A402022003F091FA01208A
:1044600044490860022003F08BFA00204249C1F859
:10447000A00210BD10B500203E4908603C4800680D
:1044800020F440203A4908600846006840F4802043
:10449000086001203849C1F8A402022003F070FA34
:1044A000012034490860022003F06AFA00203249F2
:1044B000C1F8A00210BD70B504462D48006820F474
:1044C00040202B4908600846006840F480200860BE
:1044D000002028490860002517E0E0092549091D4A
:1044E00008606006040E022003F04AFA0120224907
:1044F000C1F8A002022003F043FA00201D49086021
:10450000022003F03DFA681CC5B2082DE5DB70BD42
:1045100070B5054600241648006820F44020144970
:104520000860084600680860002616E0002011496F
:104530000860022003F024FA01200F49C1F8A0020C
:104540006006040E0B487C38006808B1601CC4B2D9
:10455000012003F015FA701CC6B2082EE6DB15B96F
:10456000FFF788FF01E0FFF764FF204670BD000001
:1045700000040240A08240420080404270B50546DF
:104580000C46FFF7ECFED020FFF795FFFFF728FF62
:1045900018B1FFF706FF012070BD2846FFF78BFF1B
:1045A000FFF71EFF2046FFF786FFFFF719FF18B140
:1045B000FFF7F7FE0120EFE7FFF7F3FE0020EBE740
:1045C00070B504460025BC2C01DB012510E0622CEF
:1045D00001DB02250CE02A2C01DB032508E0142C6A
:1045E00001DB042504E00A2C01DB052500E006259B
:1045F00029461A20FFF7C2FF70BD70B50446B4F516
:104600007A7F01DD4FF47A74042C00DA04244FF42D
:104610007A7090FBF4F0401EC5B229461920FFF7CE
:10462000ADFF0546264604EBD671C1F34F00FFF7F8
:10463000C7FF70BD70B50446FFF791FED020FFF7AD
:104640003AFFFFF7CDFE2046FFF735FFFFF7C8FE24
:10465000FFF785FED120FFF72EFFFFF7C1FE0020F8
:10466000FFF756FF0546FFF79CFE284670BD10B5C4
:104670000446E006010E1C20FFF780FF10BD10B5B8
:104680000446E006010E1B20FFF778FF10BD10B5B1
:10469000FFF746FE80216B20FFF770FF642003F0D8
:1046A000B7F900216B20FFF769FF0320FFF7E7FF51
:1046B0000020FFF7DCFF3220FFF79FFF00213820AA
:1046C000FFF75CFF00216A20FFF758FF002123203D
:1046D000FFF754FF80213720FFF750FF7520FFF7C9
:1046E000A9FF0446682C0BD101216B20FFF746FF80
:1046F00000216C20FFF742FF3220FFF77EFF01E030
:10470000012010BD0020FCE72DE9F04106460F46D0
:1047100014461D46FFF723FE002141EA4601C8B2B8
:10472000FFF7C9FEFFF75CFE20B1FFF73AFE01205C
:10473000BDE8F0813846FFF7BEFEFFF751FEFFF7F8
:104740000EFE012101EB4601C8B2FFF7B4FEFFF7F0
:1047500047FE0DE0012C04D10020FFF7D9FE2870A0
:1047600003E00120FFF7D4FE2870601EC4B26D1C68
:10477000002CEFD1FFF715FE0020D9E710B52DED85
:10478000088B82B001AB022241216820FFF7BCFFF9
:104790009DF805009DF8041040EA012004B220466F
:1047A00007F07FFE41EC1B0B9FED500B53EC102BE1
:1047B00007F0B6FC41EC1A0B9FED4E0B53EC102B9F
:1047C00007F0FAFB41EC190B07F0C4FB08EE100AE6
:1047D0009FED4A0A28EE000ABDEEC00A10EE100A4C
:1047E00000B202B0BDEC088B10BD2DE9FC410446BF
:1047F0000D4616466B46062243216820FFF784FFCC
:104800000746BFB99DF801009DF8001040EA01205D
:1048100000B220809DF803009DF8021040EA0120BC
:1048200000B228809DF805009DF8041040EA0120A0
:1048300000B230803846BDE8FC812DE9FC410446D9
:104840000D4616466B4606223B216820FFF75CFFAB
:104850000746BFB99DF801009DF8001040EA01200D
:1048600000B220809DF803009DF8021040EA01206C
:1048700000B228809DF805009DF8041040EA012050
:1048800000B230803846BDE8FC812DE9F041054694
:104890000E4617469846FFF762FD002141EA4501A2
:1048A000C8B2FFF708FEFFF79BFD20B1FFF779FDC7
:1048B0000120BDE8F0813046FFF7FDFDFFF790FDD8
:1048C00000240CE018F80400FFF7F5FDFFF788FD61
:1048D00018B1FFF766FD0120EBE7601CC4B2BC42D3
:1048E000F0DBFFF75EFD0020E3E7000000000000C2
:1048F00000407540A4703D0AD74342400000C842C2
:1049000038B50446F74890F82400C0B114B102202D
:10491000009001E000200090F24A1268D17BF14A39
:10492000526810786B460122FFF7AFFF10B14FF0CD
:10493000FF3038BD9DF80010EA48417423E0E94893
:10494000807A10B94FF0FF30F3E724B1E548407C9E
:1049500008B10020EDE714B10120009001E0002033
:104960000090E04A1268D17BDE4A526810786B46AC
:104970000122FFF78AFF10B14FF0FF30D9E79DF811
:104980000010D84841740020D3E738B500241FE058
:10499000D4480068C07AA04204D0D2480068407D64
:1049A000A04200D112E0CF49496808786B46012245
:1049B0002146FFF7A9FE10B14FF0FF3038BD9DF83A
:1049C00000202146C8A006F023FA00BF601CC4B234
:1049D000C44840680079A042DADC0020EEE770B5F8
:1049E00004460D46BF480068C07AA04204D0BD48C6
:1049F0000068407DA04202D14FF0FF3070BDB94841
:104A000040680079A04202DC4FF0FF30F6E7B5497C
:104A1000496808782B4601222146FFF775FEEDE72D
:104A200038B50446AF4890F82300A04201D10020D9
:104A300038BD14B13020009001E000200090A9485A
:104A4000807C20B19DF8000040F002000090A54855
:104A500090F8220020B19DF8000040F08000009006
:104A6000A04A1268117D9F4A526810786B46012255
:104A7000FFF70BFF10B14FF0FF30D9E7994880F8EE
:104A800023400020D4E738B5044604F0700010B18C
:104A90000120009005E014B10020009001E04020CA
:104AA0000090904A1268917C8E4A526810786B464A
:104AB0000122FFF7EAFE20B100218A488172481ED8
:104AC00038BD9DF8000020F04001864801730020A9
:104AD000009004F0400020B99DF8000040F0040070
:104AE000009004F0200020B99DF8000040F0020082
:104AF000009004F0100020B99DF8000040F0010083
:104B0000009004F0080020B99DF8000040F0380043
:104B10000090744A1268D17C724A526810786B46D1
:104B20000122FFF7B2FE20B100216E488172481EBB
:104B3000C6E724B1082C02D00020FFF771FF6948B6
:104B4000847200210175322002F062FF0020B7E775
:104B500038B504466348807CA04201D1002038BDAE
:104B6000002C46D05F4A126811795E4A526810786C
:104B70006B460122FFF7C8FD10B14FF0FF30EEE7A2
:104B80009DF8000020F020000090564A126811792C
:104B9000544A526810786B460122FFF776FE10B136
:104BA0004FF0FF30DBE7032002F032FF02200090DD
:104BB0004C4890F8220020B19DF8000040F08000A1
:104BC0000090484890F8230020B19DF8000040F084
:104BD00030000090434A1268117D424A52681078B2
:104BE0006B460122FFF751FE002851D04FF0FF30F5
:104BF000B5E73C4A126811793A4A526810786B4618
:104C00000122FFF781FD10B14FF0FF30A7E73548D3
:104C1000807A00F0010028B19DF8000040F02000EB
:104C2000009004E09DF8000020F0200000902D4A44
:104C3000126811792B4A526810786B460122FFF7EF
:104C400024FE10B14FF0FF3089E7032002F0E0FEB0
:104C5000244890F8220010B18020009001E000204C
:104C60000090204890F8230020B19DF8000040F00B
:104C7000300000901B4A1268117D1A4A5268107861
:104C80006B460122FFF701FE10B14FF0FF3066E7DF
:104C900014488474002062E708B51248807A10B97D
:104CA0004FF0FF3008BD002000900E4A1268D17B03
:104CB0000C4A526810786B460122FFF7E6FD10B1EE
:104CC0004FF0FF30EEE7074A12685179054A526803
:104CD00010786B460122FFF7D8FD68B14FF0FF3026
:104CE000E0E700001C000020252335783A2025232A
:104CF00035780D0A00000000F84A12681179F74A69
:104D0000526810786B460122FFF7BFFD10B14FF0DB
:104D1000FF30C7E7F14890F82400002853D00C205A
:104D20000090EE4A12681179EC4A526810786B468E
:104D30000122FFF7AAFD10B14FF0FF30B2E7322099
:104D400002F066FEC0200090E448807A00F0010086
:104D500020B19DF8000040F020000090DF4A12686A
:104D60001179DE4A526810786B460122FFF78DFDFB
:104D700010B14FF0FF3095E7D848407C10B10220C9
:104D8000009001E000200090D44A1268D17BD34A01
:104D9000526810786B460122FFF777FD10B14FF093
:104DA000FF307FE700200090CC4A12685179CB4A4F
:104DB000526810786B460122FFF767FD002855D036
:104DC0004FF0FF306EE704200090C44A126811795A
:104DD000C24A526810786B460122FFF756FD10B1A7
:104DE0004FF0FF305EE7BD48807C20B9BB48807A39
:104DF00000F0010010B94020009001E06020009018
:104E0000B64A12681179B54A526810786B46012289
:104E1000FFF73BFD10B14FF0FF3043E7322002F0C7
:104E2000F7FDAE48407C10B10120009001E0002069
:104E30000090AA4A1268D17BA84A526810786B4643
:104E40000122FFF722FD10B14FF0FF302AE7A34AFD
:104E500012685179A14A52681078A04B1033012290
:104E6000FFF713FD10B14FF0FF301BE7002019E7EB
:104E700070B50446002624F00104984890F82400F8
:104E800008B1002070BD9548807A10B94FF0FF300E
:104E9000F8E79248057C807A2040904908740846DB
:104EA000007CA04202D04FF0FF3600E0002614B98B
:104EB0008A48007D18B10120FFF722FD02E00020A2
:104EC000FFF71EFD3CB1FFF7E7FE20B183480574F4
:104ED0004FF0FF30D6E73046D4E738B504467F4878
:104EE000807A10B94FF0FF3038BDBC2C02DB0120B6
:104EF000009015E0622C02DB0220009010E02A2CCA
:104F000002DB032000900BE0142C02DB0420009055
:104F100006E00A2C02DB0520009001E0062000904C
:104F20006E48C07A9DF80010884201D10020DBE76E
:104F30006A4A12689178694A526810786B46012271
:104F4000FFF7A3FC10B14FF0FF30CDE79DF8001044
:104F50006248C1720020C7E738B50446282C02DD3C
:104F60004FF0FF3038BDDCB90020FFF759FD0020BD
:104F70008DF8000007208DF80100584A1268917CD6
:104F8000564A526810786B460222FFF77EFC10B139
:104F90004FF0FF30E6E70021504801750020E1E7BF
:104FA0000120FFF73DFD20208DF80000012C06D1E7
:104FB00000208DF801000520FFF78FFF17E0052C7A
:104FC00006DC01208DF801000520FFF786FF0EE0CA
:104FD000142C06DC02208DF801000A20FFF77DFF6B
:104FE00005E003208DF801001420FFF776FF9DF8FF
:104FF0000100072101EB8010C0B28DF80100374A93
:105000001268917C354A526810786B460222FFF78D
:105010003CFC10B14FF0FF30A4E708212F4881720B
:1050200000210173012101750020FFF721FF0020FD
:1050300098E738B504462948807A10B94FF0FF3018
:1050400038BD264890F8240010B14FF0FF30F7E744
:105050002248007D50B134B1282C04DCE0B2FFF7C7
:105060007BFF0020ECE70020FFF776FF042C01DA3D
:10507000042404E0B4F57A7F01DD4FF47A744FF430
:105080007A7090FBF4F0401EC0B20090134A126890
:105090005178124A526810786B460122FFF7F5FBEF
:1050A00010B14FF0FF30CBE79DF80000401C4FF4EB
:1050B0007A7191FBF0F081B20848C1810146C9893B
:1050C0004810FFF70AFF0020BAE738B50446034846
:1050D000807A28B94FF0FF3038BD00001C00002056
:1050E000022C06D0042C07D0082C08D0102C0CD190
:1050F00008E0002000900BE00820009008E010205D
:10510000009005E01820009002E04FF0FF30E3E748
:1051100000BFF748407A9DF80010B0EBE10F01D1D5
:105120000020D9E7F24A1268D179F14A5268107822
:105130006B460122FFF7A9FB10B14FF0FF30CBE720
:105140009DF80000C110EA4841720020C4E738B55C
:105150000446E748807A10B94FF0FF3038BDFA2C8A
:1051600009D0B4F5FA7F09D0B4F57A7F09D0B4F547
:10517000FA6F0CD108E0002000900BE008200090AE
:1051800008E01020009005E01820009002E04FF0A9
:10519000FF30E3E700BFD648007A9DF80010B0EB7F
:1051A000E10F01D10020D9E7D14A12689179D04AA4
:1051B000526810786B460122FFF767FB10B14FF081
:1051C000FF30CBE79DF80000C010C94908720020ED
:1051D000C4E71CB580208DF80000C54A1268917C98
:1051E000C34A526810786B460122FFF74EFB10B19C
:1051F0004FF0FF301CBD642002F00AFC00208DF847
:105200000000BB4A1268917CB94A526810786B461C
:105210000122FFF73AFB10B14FF0FF30EAE7B44A42
:105220001268917DB24A526810786B460622FFF7E9
:105230006BFA10B14FF0FF30DCE79DF80500C007B6
:10524000400F9DF8031001F0010140EA41009DF874
:10525000011001F0010140EA010494B1012C03D1D5
:105260000121A348C17431E0022C03D10021A048E0
:10527000C1742BE021469FA005F0CAFD4FF0FF301E
:10528000B8E79B4A1268D178994A526810786B4601
:105290000122FFF739FA10B14FF0FF30AAE79DF86D
:1052A000000000F00F042CB99C4805F0B1FD4FF050
:1052B000FF309FE7042C06D199A005F0A9FD01213C
:1052C0008B48C17402E000218948C174FF218848DD
:1052D0008172FF2086490872FF2185484172C172A0
:1052E0004FF6FF71C181FF210174817401210173A7
:1052F00080F82210002180F82310417501751630C6
:10530000016041608160163880F8241080F8251013
:10531000C1844FF4FA60FFF71AFF10B14FF0FF306D
:1053200068E70220FFF7D1FE10B14FF0FF3061E7D0
:105330002A20FFF7D2FD10B14FF0FF305AE732209C
:10534000FFF777FE10B14FF0FF3053E70020FFF773
:105350008FFD10B14FF0FF304CE70020FFF7F8FB56
:1053600010B14FF0FF3045E70020FFF78CFB002025
:1053700040E770477CB504460D465D48807A00F0F2
:10538000700010B94FF0FF307CBD594A1268117B94
:10539000574A526810786B460622FFF7B5F910B1EC
:1053A0004FF0FF30F0E79DF801009DF8001040EA53
:1053B000012000B220809DF803009DF8021040EA11
:1053C000012000B260809DF805009DF8041040EABD
:1053D000012000B2A08015B12846FFF7CAFF0020C7
:1053E000D2E77CB504460D464148807A00F00800BB
:1053F00010B94FF0FF307CBD3D4A1268517B3C4AEA
:10540000526810786B460622FFF77EF910B14FF014
:10541000FF30F0E79DF801009DF8001040EA012000
:1054200000B220809DF803009DF8021040EA0120A0
:1054300000B260809DF805009DF8041040EA01204C
:1054400000B2A08015B12846FFF793FF0020D2E7F5
:10545000F8B506460C462648807A10B94FF0FF3062
:10546000F8BD234A1268917B214A526810786B4636
:105470000222FFF749F910B14FF0FF30F0E79DF835
:1054800001009DF8001040EA012005B214B1204649
:10549000FFF76FFF16484068B0F9080000EE100AE9
:1054A000F8EEC00A00EE105AB8EEC00A70EE600ABC
:1054B0000F484068C08800EE100AB8EE400A80EE3F
:1054C000801A9FED1F0A31EE000ADFED1E0A20EE62
:1054D000200ABDEEC00A86ED000A0020C0E710B524
:1054E00088B004461CB94FF0FF3008B010BD2BE067
:1054F0001C000020556E737570706F7274656420A7
:10550000736F6674776172652070726F647563740F
:10551000207265762025642E0A000000C0F0000885
:1055200048616C662073656E736974697669747915
:10553000207061727420666F756E642E0A00000020
:1055400000000C4200008047206830B9606820B934
:10555000A06810B9002008B010BDF9494968087862
:1055600006AB03221146FFF7CFF810B14FF0FF3022
:10557000F1E79DF81800082101EB201000F00F0062
:10558000ADF800009DF8190001EB201000F00F00AD
:10559000ADF802009DF81A0001EB201000F00F009A
:1055A000ADF8040020684100BDF90000403091FBD7
:1055B000F0F000B2ADF8100060684100BDF90200E3
:1055C000403091FBF0F000B2ADF81200A06841004D
:1055D000BDF90400403091FBF0F000B2ADF81400CA
:1055E000D7494968087806AB06221146FFF78CF8C0
:1055F00010B14FF0FF30AEE79DF819009DF818107C
:1056000040EA012000B2ADF808009DF81B009DF8AB
:105610001A1040EA012000B2ADF80A009DF81D0002
:105620009DF81C1040EA012000B2ADF80C00BDF856
:105630001000BDF80810084400B2ADF81000BDF825
:105640001200BDF80A10084400B2ADF81200BDF80F
:105650001400BDF80C10084400B2ADF81400BDF8F9
:105660001000000A8DF81800BDF81000C0B28DF8C7
:105670001900BDF81200000A8DF81A00BDF81200DA
:10568000C0B28DF81B00BDF81400000A8DF81C0094
:10569000BDF81400C0B28DF81D00A949496808780A
:1056A00006AB06221146FFF7F0F810B14FF0FF30BD
:1056B00051E700204FE70146A148007A30B10128A8
:1056C00007D0022809D003280FD10AE0FA20088069
:1056D0000EE04FF4FA7008800AE04FF47A70088008
:1056E00006E04FF4FA60088002E00020088000BF66
:1056F00000BF0020704701469148407A30B1012830
:1057000007D0022808D003280CD108E00220087036
:105710000BE00420087008E00820087005E0102065
:10572000087002E04FF0FF30704700BF8448C07C33
:1057300018B108784006000E08700020F4E7014612
:105740007F48C07A082817D2DFE800F01704070A5C
:105750000D101318BC20088013E06220088010E0B0
:105760002A2008800DE0142008800AE00A20088022
:1057700007E00520088004E000BF00BF002008808B
:1057800000BF00BF0020704701466D4890F824001C
:1057900010B14FF0FF3070476948C0890880002081
:1057A000F9E7014600200880401E704701464FF08F
:1057B000FF30704701466248007A30B1012809D0B5
:1057C00002280CD0032814D10EE09FED5E0A81ED73
:1057D000000A11E09FED5C0A81ED000A0CE09FEDEC
:1057E0005B0A81ED000A07E09FED590A81ED000A8E
:1057F00002E04FF0FF30704700BF0020FBE701469A
:105800004F48407A30B1012808D002280AD0032836
:1058100010D10BE04FF4804008800EE041F69C7000
:1058200008800AE04FF48050088006E04FF40060E2
:10583000088002E04FF0FF30704700BF4048C07C56
:1058400010B10888401008800020F5E701463C4868
:10585000007C08700020704701463948807A10B1FA
:105860000120087001E0002008700020704738B562
:1058700004463348807A10B94FF0FF3038BD304AC3
:105880001268117C2E4A526810786B460222FEF78D
:105890003BFF10B14FF0FF30F0E79DF801009DF89D
:1058A000001040EA012000B220800020E6E72DE948
:1058B000FE4F0746884692461D46DDF830B000266A
:1058C00000241F4890F8240010B1601EBDE8FE8F30
:1058D000002028701A48807A10B94FF0FF30F5E7A1
:1058E0001748007C10B94FF0FF30EFE71448007CF8
:1058F00000F0400008B1B01CC6B21148007C00F0B6
:10590000200008B1B01CC6B20D48007C00F01000A9
:1059100008B1B01CC6B20A48007C00F0080008B10B
:10592000B01DC6B2064A1268917A054A52681078CC
:105930006B460222FEF7E8FE60B14FF0FF30C5E78C
:105940001C00002000000343000083423333034265
:10595000333383419DF801009DF8001040EA01298E
:10596000B14501DA0020B1E7FA4840684088B9EB58
:10597000600F17DDF74A1268517CF64A52681078BA
:105980006B460122FEF7C0FE10B14FF0FF309DE7DD
:105990009DF8000000F0100020B1FFF77DF96FF0D6
:1059A000010093E75046FFF7E4FCEA4A1268D17A17
:1059B000E84A526810786B463246FEF7A5FE10B1F1
:1059C0004FF0FF3082E799FBF6F0401E8BF80000A5
:1059D00000202870B4422AD0DE48007C00F0080085
:1059E00028B3601C1DF800001DF8041040EA0120D7
:1059F00000B2A8F80000E01C1DF80010A01C1DF863
:105A0000000041EA002000B2A8F80200601D1DF865
:105A10000010201D1DF8000041EA002000B2A8F887
:105A20000400287840F008002870A01D84B2B44219
:105A300013D0C848007C00F0400070B1601C1DF815
:105A400000001DF8041040EA012000B238802878D8
:105A500040F040002870A01C84B2B44213D0BD486E
:105A6000007C00F0200070B1601C1DF800001DF8E3
:105A7000041040EA012000B27880287840F020002D
:105A80002870A01C84B2B44213D0B248007C00F04D
:105A9000100070B1601C1DF800001DF8041040EAF1
:105AA000012000B2B880287840F010002870A01CB7
:105AB00084B200200AE7F8B504460F461646A5480A
:105AC00090F8240010B94FF0FF30F8BDA148807A5B
:105AD00010B94FF0FF30F8E79E4A1268917A9D4A5C
:105AE000526810786B460222FEF70EFE10B14FF09E
:105AF000FF30EAE79DF801009DF8001040EA01251B
:105B0000A54203DA00203070401EDEE7914840686D
:105B10004088B5EB600F17DD8E4A1268517C8D4AC4
:105B2000526810786B460122FEF7EEFD10B14FF07F
:105B3000FF30CAE79DF8000000F0100020B1FFF729
:105B4000ABF86FF00100C0E7E2B2824B1B68D97A74
:105B5000804B5B6818783B46FEF7D6FD10B14FF0DE
:105B6000FF30B2E795FBF4F0401E30700020ACE748
:105B70000146784880F82210002070477CB5054621
:105B800074494968087801AB04220D21FEF7BCFD79
:105B900008B107207CBD9DF80700C0F301109DF8F7
:105BA000041001F0E00140EAE1008DF800009DF8EA
:105BB0000700C0F381009DF8051001F0E00140EA04
:105BC000E1008DF801009DF8070000F003009DF84A
:105BD000061001F0E00140EAE1008DF80200002427
:105BE00027E01DF8040030B99FED5B0A05EB840047
:105BF00080ED000A1BE09FED590A05EB840080ED63
:105C0000000A0BE005EB840090ED000ADFED540A7A
:105C100020EE200A05EB840080ED000A1DF8040048
:105C2000401EC0B20DF804000028EBD100BF601C7C
:105C3000C4B2032CD5DB0020ACE7F0B52DED028B10
:105C400083B006460F4600256846FFF797FF0024FD
:105C500047E056F8241057F82420881A002801DB62
:105C6000014600E0414200EE101AB8EEC00ADFED36
:105C70003D0A80EE208A684600EB840090ED000A21
:105C8000B5EEC00AF1EE10FA18D0684600EB8400B9
:105C9000D0ED000A88EE200AF7EE000A70EE608A66
:105CA000B0EEE80A3048D0ED090AB4EEE00AF1EEB1
:105CB00010FA15DD0120A040054311E02A4890EDBF
:105CC000070AB4EEC80AF1EE10FA06DC90ED080AF5
:105CD000B4EEC80AF1EE10FA02D20120A04005434A
:105CE000641C032CB5DB284603B0BDEC028BF0BD71
:105CF000F0B52DED048B81B006460F460025154901
:105D0000496808786B4603220D21FEF7FDFC20B19F
:105D1000072001B0BDEC048BF0BD9DF8000000F041
:105D20001F008DF800009DF8010000F01F008DF8A5
:105D300001009DF8020000F01F008DF80200002411
:105D400061E056F8241057F82420881A00280DDB4B
:105D500001460CE01C000020000000007B14AE3E59
:105D60001D5A843F0000804758E30008414200EE7E
:105D7000101AB8EEC00A5FED050A80EE208A1DF801
:105D8000040068B3FE4890ED000AB8EE400ADFED6B
:105D9000FD0A80EE801AF0EE418A05E09FEDFA0AD6
:105DA00028EE800AF0EE408A1DF80400401EC0B2C2
:105DB0000DF804000028F1D188EE280AF7EE000A59
:105DC00030EE609AB0EEC90AED48D0ED060AB4EEA6
:105DD000E00AF1EE10FA15DD0120A040054311E0C4
:105DE000E74890ED040AB4EEC80AF1EE10FA06DCBA
:105DF00090ED050AB4EEC80AF1EE10FA02D20120C5
:105E0000A0400543641C032C9BDB284681E72DE959
:105E1000F04F87B005460C46914601208DF81000E2
:105E200000208DF81100D94A1268917CD74A526837
:105E3000107804AB0222FEF728FD20B14FF0FF30AE
:105E400007B0BDE8F08FC82001F0E2FD00208DF81A
:105E50001000CE4A1268D17BCC4A5268107804AB4D
:105E60000122FEF712FD10B14FF0FF30E8E7C74AFC
:105E700012685179C54A5268107804AB0122FEF7C6
:105E800004FD10B14FF0FF30DAE7C04A1268917C90
:105E9000BE4A5268107804AB0122FEF7F6FC10B13E
:105EA0004FF0FF30CCE7B94A1268D17DB74A52684B
:105EB000107804AB0122FEF7E8FC10B14FF0FF3080
:105EC000BEE7B24A12681179B04A5268107804AB42
:105ED0000122FEF7DAFC10B14FF0FF30B0E70C20E2
:105EE0008DF81000A94A12681179A84A52681078F2
:105EF00004AB0122FEF7C9FC10B14FF0FF309FE761
:105F00000F2001F085FDA148806A407A8DF81000CD
:105F10009E4A126891789D4A5268107804AB01221B
:105F2000FEF7B3FC10B14FF0FF3089E79748806A65
:105F3000007A8DF81000954A12685178934A526899
:105F4000107804AB0122FEF7A0FC10B14FF0FF3037
:105F500076E7B9F1000F07D08C48806A807A40F06C
:105F6000E0008DF8100004E08848806A807A8DF89F
:105F70001000864A12689179844A5268107804ABFE
:105F80000122FEF782FC10B14FF0FF3058E7B9F163
:105F9000000F07D07D48806AC07A40F0E0008DF89D
:105FA000100003E07648C07A8DF81000774A126836
:105FB000D179764A5268107804AB0122FEF765FC6D
:105FC00010B14FF0FF303BE7B9F1000F02D0C8200D
:105FD00001F01EFD40208DF810006C4A1268117906
:105FE0006A4A5268107804AB0122FEF74EFC10B1E9
:105FF0004FF0FF3024E778208DF81000634A1268D4
:106000005179624A5268107804AB0122FEF73DFCD8
:1060100010B14FF0FF3013E75949888901F0F8FCBF
:1060200000208DF81000594A12685179574A526879
:10603000107804AB0122FEF728FC10B14FF0FF30BE
:10604000FEE6524A1268917A504A5268107804ABC0
:106050000222FEF759FB10B14FF0FF30F0E69DF839
:1060600011009DF8101040EA012B0C209BFBF0F072
:10607000C6B20020A86068602860A06060602060F0
:10608000824665E0414A1268D17A404A52681078E7
:1060900004AB0C22FEF738FB10B14FF0FF30CFE617
:1060A0009DF811009DF8101040EA012000B2ADF8F3
:1060B00008009DF813009DF8121040EA012000B27C
:1060C000ADF80A009DF815009DF8141040EA012073
:1060D00000B2ADF80C00BDF908102068084420603B
:1060E000BDF90A10606808446060BDF90C10A06832
:1060F0000844A0609DF817009DF8161040EA0120A2
:1061000000B2ADF800009DF819009DF8181040EAA3
:10611000012000B2ADF802009DF81B009DF81A1096
:1061200040EA012000B2ADF80400BDF90010286873
:1061300008442860BDF90210686808446860BDF929
:106140000410A8680844A8600AF1010000F0FF0AE2
:10615000B24597DB0A48D0F800C02868C117090487
:1061600041EA1041070462460023384604F02BFE42
:1061700032460023CDE9020104F025FE286007E045
:1061800058E3000800B04C4554E3853F1C00002054
:10619000F748D0F800C06868C117090441EA104107
:1061A000070462460023384604F00DFE3246002301
:1061B000CDE9020104F007FE6860ED48D0F800C0A8
:1061C000A868C117090441EA104107046246002388
:1061D000384604F0F8FD32460023CDE9020104F010
:1061E000F2FDA860E248D0F804C02068C117090495
:1061F00041EA1041070462460023384604F0E3FDFB
:1062000032460023CDE9020104F0DDFD2060D848CC
:10621000D0F804C06068C117090441EA10410704BE
:1062200062460023384604F0CEFD32460023CDE915
:10623000020104F0C8FD6060CD48D0F804C0A06839
:10624000C117090441EA1041070462460023384699
:1062500004F0B9FD32460023CDE9020104F0B3FD9C
:10626000A060A068002804DDA068A0F58030A060D0
:1062700003E0A06800F58030A0600020E0E538B5BC
:106280000446BC4890F82400A04201D1002038BD4B
:1062900024B3B84890F8250010B94FF0FF30F6E766
:1062A0000020FEF72DFB0020FEF752FCB149C88C00
:1062B000FEF7BFFE00200090AE49496808786B46A3
:1062C00001222321FEF7E1FA0121AA4880F82410D7
:1062D0000120FEF715FBFEF7DFFC13E00020FEF7C0
:1062E0000FFBA448007C0090A249496808786B46DF
:1062F00001222321FEF7C9FA00219E4880F82410CC
:10630000FEF7CAFC0020C2E72DE9F04F8DB08346AE
:106310000F4602200C90974890F8240020B10020EE
:10632000FFF7ADFF012600E0002603A8FFF7C3F941
:1063300005A8FFF7E0F901A8FFF701FA02A8FFF7A7
:1063400023FA8C4890F80AA004A8FFF77FFA0024EB
:1063500007E0002239465846FFF759FD00B902E030
:10636000641C022CF5DB00BF022C01D1002528E0C3
:10637000002407E0012206A909A8FFF748FD00B99B
:1063800002E0641C022CF5DB00BF022C01D10025C9
:1063900017E006A93846FFF750FC00F0FF0809A9EE
:1063A0005846FFF7A5FC00F0FF090025B9F1000FE2
:1063B00001D145F00105B8F1000F01D145F002050A
:1063C00000BFFF206B490872FF216A484172C17209
:1063D0004FF6FF71C181FF218172017401210173A8
:1063E000BDF80C00FEF7B3FE9DF81400FEF76DFE3D
:1063F000BDF80400FEF771FDBDF80800FEF719FEB8
:106400005046FEF740FB9DF81000FEF731FD16B137
:106410000120FFF734FF28460DB0BDE8F08FF8B536
:1064200004460D46164616B94FF0FF30F8BD5148E8
:10643000807A10B94FF0FF30F8E720128DF8000095
:10644000E0B28DF801009DF80100284449494968EF
:106450004989884202DD4FF0FF30E7E7454A12687C
:10646000117E444A526810786B460222FEF70DFAFC
:1064700010B14FF0FF30D9E7EAB23E4B1B68597DAF
:106480003C4B5B6818783346FEF7FFF910B14FF0CC
:10649000FF30CBE70020C9E7F8B504460D461646A5
:1064A00016B94FF0FF30F8BD3248807A10B94FF07E
:1064B000FF30F8E720128DF80000E0B28DF80100FF
:1064C0009DF8010028442B4949684989884202DD2A
:1064D0004FF0FF30E7E7274A1268117E254A5268DD
:1064E00010786B460222FEF7D0F910B14FF0FF3062
:1064F000D9E7EAB21F4B1B68597D1E4B5B681878C1
:106500003346FEF701F910B14FF0FF30CBE7002022
:10651000C9E72DE9F04385B005460E4690469946F9
:10652000144890F8250020B14FF0FF3005B0BDE8C9
:10653000F08316B94FF0FF30F8E7002427E0281B5E
:10654000102801DD102000E0281B87B232193946DF
:106550002046FFF764FF10B14FF0FF30E6E701AAD5
:1065600039462046FFF798FF30B14FF0FF30DDE7A6
:1065700058E300081C00002030193A4601A904F035
:10658000CFFD10B16FF00100D0E7E01984B2AC424A
:10659000D5DB4FEA28208DF8000008F0FF008DF8C9
:1065A0000100F94A1268917EF74A526810786B46EA
:1065B0000222FEF76AF910B14FF0FF30B6E7012171
:1065C000F14880F82510A0F826900020AEE701469B
:1065D000ED4890F824000870002070474FF0FF301D
:1065E000704702464FF0FF30704701464FF0FF30D2
:1065F0007047F8B505460F461446002C70D0B5F527
:10660000FF5F01DDFF2605E0202D01DA012601E014
:10661000C5F3471607B90127282C02DD4FF0FF30DC
:10662000F8BDD948407D28BBD74890F8240038B140
:106630000020FFF724FE0121D34880F8201003E05A
:106640000021D14880F82010CF481630FFF733F8EA
:10665000CD481830FFF74FF8CB481A30FFF76FF8E6
:10666000C9481C30FFF790F8C748817A81771F30FE
:10667000FFF7ECF80020FEF743F90020FEF76CFC72
:1066800000208DF80000C04A12689178BE4A526816
:1066900010786B460122FEF7F8F810B14FF0FF308A
:1066A000BEE740208DF80000B74A1268D17BB64A99
:1066B000526810786B460122FEF7E7F800B165E0FA
:1066C0008DF800608DF80170AF4A1268117AAE4AF9
:1066D000526810786B460222FEF7D7F808B155E0F1
:1066E00047E0052001F094F9A748407A072101EB23
:1066F000C000C0B28DF80000A34A1268D179A24A46
:10670000526810786B460122FEF7BFF800B13DE0F9
:1067100020208DF80000012C03D100208DF801000D
:106720000EE0052C03DC01208DF8010008E0142C9C
:1067300003DC02208DF8010002E003208DF8010047
:106740009DF80100072101EB8010C0B28DF8010017
:106750008D4A1268917C8C4A526810786B460222EE
:10676000FEF793F800B111E0012187484175002040
:1067700056E7854A1632002103E0505C00B105E07F
:10678000491C0C29F9D34FF0FF3049E7FF207E491F
:106790000872FF217C484172C1724FF6FF71C181BE
:1067A000FF2181720174012101730146887FFEF788
:1067B0006AF97549C88AFEF7CAFC7349087EFEF774
:1067C00084FC7149488BFEF788FB6F49888BFEF784
:1067D00030FC6D49C87FFEF74BFB6B4890F82000FA
:1067E00010B10120FFF74BFD0021674841750020E3
:1067F00016E710B588B002A905A8FFF785FD044685
:10680000032C41D101A8FEF7D5FF9DED050AB8EE96
:10681000C00ADDED010A20EE200ABDEEC00A8DEDB2
:10682000050A9DED060AB8EEC00ADDED010A20EE6C
:10683000200ABDEEC00A8DED060A9DED070AB8EEEE
:10684000C00ADDED010A20EE200ABDEEC00A8DED82
:10685000070A05A800F04DFA6846FEF7D0FFBDF81C
:106860000010029848430290BDF800100398484376
:106870000390BDF8001004984843049002A800F06B
:10688000CBFA002008B010BD0120FBE7014691F9CA
:106890000020002A01DD00201EE091F90020002ADE
:1068A00001DA042018E091F90120002A01DD01201D
:1068B00012E091F90120002A01DA05200CE091F99B
:1068C0000220002A01DD022006E091F90220002AC0
:1068D00001DA062000E00720704710B50446204684
:1068E000FFF7D4FF0346E01CFFF7D0FF43EAC000E8
:1068F00083B2A01DFFF7CAFF43EA801083B2184697
:1069000010BD70B50024FDF70BFDFEF762FC0028FA
:1069100045D17820FEF7B7F8C4B20CB1012070BDA4
:106920007820FEF7A5FAC4B20CB10220F7E7642084
:10693000FEF77FFBC4B20CB10320F0E700F03EF994
:10694000C4B20CB10420EAE71048FFF7C6FF0546C1
:1069500000F03EF9C4B20CB10520E0E740F273103C
:1069600000F087FDC4B20CB10620D8E7642000F027
:10697000E9FAC4B20CB10720D1E7FFF73AFF0446A9
:1069800034B10820CBE700001C00002048000020A4
:106990000120FFF774FCC4B20CB10920BFE700204E
:1069A000BDE770B52DED0C8B8EB004460D46164636
:1069B000B7EE000AF0EE409A9FED7C0AB0EE408AF6
:1069C0009FED7A0AF0EE408A9FED780AB0EE409A89
:1069D00007A808A90DAB03AACDE9001009A90BA8C7
:1069E00000F0A6FE20B101200EB0BDEC0C8B70BDF6
:1069F000BDF8200000F4807000287CD09DED030AD3
:106A0000B8EEC00ADFED6A0A80EE201AF0EE419A75
:106A10009DED040AB8EEC00ADFED650A80EE201A8B
:106A2000B0EE418A9DED050AB8EEC00ADFED600ABE
:106A300080EE201AF0EE418A9DED060AB8EEC00AFB
:106A4000DFED5B0A80EE201AB0EE419AB8EE000A44
:106A500028EE000A20EE090AF0EE000A69EEA00A0C
:106A600000EEA80A10EE101A084606F005F841ECF0
:106A70001C0BB0EE4C0AF0EE6C0A04F041FDB0EED7
:106A800040BAF0EE60BA9FED4B0B53EC102B51EC7B
:106A90001B0B05F031FD41EC1A0B05F05BFA206091
:106AA000B8EE000A28EE000A20EE080AF0EE000A0E
:106AB00068EEA00A00EEE80AF7EE000A30EE200ABF
:106AC00010EE101A084605F0D7FF41EC1C0BB0EE93
:106AD000000A28EE800A20EE090AF0EE000A69EEAC
:106AE000A00A00EE880A10EE101A084605F0C4FF4E
:106AF00041EC1D0B00E054E0B0EE4C1AF0EE6C1AC5
:106B0000B0EE4D0AF0EE6D0A05F016F8B0EE40BAA0
:106B1000F0EE60BA9FED270B53EC102B51EC1B0BE2
:106B200005F0EAFC41EC1A0B05F014FA286029EE96
:106B3000A90A08EE080A08EEE80A09EE490A10EE6A
:106B4000101A084605F098FF41EC1C0B28EE280AA5
:106B500009EE890AF0EE000A20EE200A10EE101A63
:106B6000084605F089FF41EC1D0BB0EE4C1AF0EE23
:106B70006C1AB0EE4D0AF0EE6D0A04F0DDFFB0EED7
:106B800040BAF0EE60BA9FED0B0B53EC102B51ECBA
:106B90001B0B05F0B1FC41EC1A0B05F0DBF9306082
:106BA00001E0022020E700201EE7000000000000B6
:106BB0000000804E6666666666A64C4010B5C82327
:106BC0004FF48062F74940F6F630FFF7A2FC10BDA3
:106BD00010B586B00446F4A000680390F3A00068E6
:106BE0000290F3A000680190F2A00068009004F009
:106BF000030003A9085C8DF8140003A8C4F3C101C5
:106C0000405C8DF8150003A8C4F38111405C8DF839
:106C1000160004F0030002A9085C8DF8100002A819
:106C2000C4F3C101405C8DF8110002A8C4F38111C6
:106C3000405C8DF8120005AA032140F22640FFF7C0
:106C4000EEFB18B14FF0FF3006B010BD04AA0321CF
:106C500040F22A40FFF7E3FB10B14FF0FF30F3E7BB
:106C6000019805900098049004F0040058B19DF834
:106C7000140040F001008DF814009DF8100040F061
:106C800001008DF8100004F0200058B19DF81500A7
:106C900040F001008DF815009DF8110040F0010052
:106CA0008DF8110004F4807058B19DF8160040F082
:106CB00001008DF816009DF8120040F001008DF8DB
:106CC000120005AA03214FF48860FFF7A8FB10B15A
:106CD0004FF0FF30B8E704AA032140F23140FFF73C
:106CE0009EFB10B14FF0FF30AEE7B34804810020A7
:106CF000AAE71FB50446B048007A00F0030054F834
:106D000020000190AC48007A00F0040010B1019816
:106D100040420190A848007AC0F3C10054F8200016
:106D20000290A548007A00F0200010B1029840427D
:106D30000290A148007AC0F3811054F8200003901B
:106D40009D48008900F4807010B103984042039080
:106D50009A49019880FB0101800F40EA810001906F
:106D60009649029880FB0110820042EA91700290DD
:106D70009249039880FB0110820042EA91700390CF
:106D80000198000E8DF800000198000C8DF80100AC
:106D90000198000A8DF802000198C0B28DF8030036
:106DA0006A4604214FF47470FFF739FB18B14FF0B5
:106DB000FF3004B010BD0298000E8DF8000002985C
:106DC000000C8DF801000298000A8DF8020002986C
:106DD000C0B28DF803006A4604214FF47570FFF7C6
:106DE0001EFB10B14FF0FF30E3E70398000E8DF863
:106DF00000000398000C8DF801000398000A8DF83C
:106E000002000398C0B28DF803006A4604214FF4D3
:106E10007670FFF704FBCCE770B588B0064601A892
:106E2000FEF7EDFCBDF804000021C90341EA50451E
:106E3000C4036148007A00F0030056F82000059072
:106E40005D48007A00F0040010B1059840420590BA
:106E50005948007AC0F3C10056F820000690564801
:106E6000007A00F0200010B1069840420690524887
:106E7000007AC0F3811056F8200007904E48008930
:106E800000F4807010B10798404207900598C11730
:106E9000A0FB042301FB043100FB0510810041EA43
:106EA000927005900698C117A0FB042301FB0431E2
:106EB00000FB0510810041EA927006900798C11707
:106EC000A0FB042301FB043100FB0510810041EA13
:106ED000927007900598000E8DF808000598000C38
:106EE0008DF809000598000A8DF80A000598C0B2CF
:106EF0008DF80B000698000E8DF80C000698000C1B
:106F00008DF80D000698000A8DF80E000698C0B2A4
:106F10008DF80F000798000E8DF810000798000CF0
:106F20008DF811000798000A8DF812000798C0B27A
:106F30008DF8130002AA0C214FF42570FFF76FFAA9
:106F400008B070BD30B585B004461DA207CA02ABBB
:106F500007C3C82C03DD4FF0FF3005B030BDC8209B
:106F600090FBF4F0401E85B2280A8DF80000E8B2CC
:106F70008DF801006A46022140F21620FFF74FFA11
:106F800010B14FF0FF30E8E702AA0C2140F6C12013
:106F9000FFF745FA10B14FF0FF30DEE70648848175
:106FA0000020DAE780E300084CCD6C000CC92C000F
:106FB0003656760026466600C801002009E3CA025C
:106FC000FEF2ABC4AAF1DFDFBBAFDFDF0146F94859
:106FD0008089088000207047F0B52DED028B83B0CA
:106FE00006460F4606F0070010B1B7F5C86F05DD7D
:106FF0004FF0FF3003B0BDEC028BF0BD00EE107A15
:10700000B8EE400ADFEDEC0A80EE208A01A8FEF718
:1070100072FB9DF80400022806D0042817D0082827
:1070200028D010284CD138E09FEDE40A28EE000A61
:10703000BCEEC00A10EE100A84B29FEDE10A28EE01
:10704000000ABCEEC00A10EE100A85B23BE09FEDCC
:10705000DD0A28EE000ABCEEC00A10EE100A84B267
:107060009FEDD90A28EE000ABCEEC00A10EE100A05
:1070700085B228E09FEDD50A28EE000ABCEEC00AD2
:1070800010EE100A84B29FEDD20A28EE000ABCEE80
:10709000C00A10EE100A85B215E09FEDCE0A28EE68
:1070A000000ABCEEC00A10EE100A84B29FEDCA0AB4
:1070B00028EE000ABCEEC00A10EE100A85B202E00B
:1070C0004FF0FF3096E700BF20128DF80800E0B2C5
:1070D0008DF8090028128DF80A00E8B28DF80B002F
:1070E00006F00100A0B102AA02214FF4EA70FFF7F6
:1070F00096F910B14FF0FF307CE70DF10A02022142
:107100004FF49270FFF78BF910B14FF0FF3071E739
:1071100006F00200A0B102AA02214FF4EC70FFF7C2
:107120007EF910B14FF0FF3064E70DF10A02022141
:107130004FF49470FFF773F910B14FF0FF3059E737
:1071400006F00400A0B102AA02214FF4EE70FFF78E
:1071500066F910B14FF0FF304CE70DF10A02022141
:107160004FF49670FFF75BF910B14FF0FF3041E735
:1071700000203FE738B504460020009004F00100ED
:1071800020B19DF8000040F03000009004F00200B3
:1071900020B19DF8000040F00C00009004F00400C5
:1071A00020B19DF8000040F0030000906A460121E4
:1071B0004FF4A470FFF733F938BD38B50446012CFD
:1071C00001DA012402E0042C00DD0424601EC0B2B8
:1071D00000906A46012140F24F10FFF720F938BDB8
:1071E00038B50446052094FBF0F085B228128DF8DE
:1071F0000000E8B28DF801006A4602214FF4EF70FA
:10720000FFF70DF938BD38B50446052094FBF0F0C2
:1072100085B228128DF80000E8B28DF801006A46A8
:1072200002214FF4ED70FFF7FAF838BDF8B50546C6
:107230000E464FF47A7095FBF0F000FB06F4200E3A
:107240008DF80000200C8DF80100200A8DF8020056
:10725000E0B28DF803006A4604214FF4AE70FFF7E8
:10726000DEF8F8BD38B50446052094FBF0F084B292
:1072700020128DF80000E0B28DF801006A4602216C
:107280004FF4AD70FFF7CBF838BD38B50446052094
:1072900094FBF0F084B220128DF80000E0B28DF87B
:1072A00001006A4602214FF4AC70FFF7B8F838BD10
:1072B00038B5044614B94FF0FF3038BD6A46042192
:1072C0004FF45870FFF7E8F810B14FF0FF30F4E7D3
:1072D0009DF8000000069DF8011040EA01409DF86D
:1072E000021040EA01209DF80310084320600020AE
:1072F000E3E738B50446200E8DF80000200C8DF829
:107300000100200A8DF80200E0B28DF803006A4601
:1073100004214FF45870FFF782F838BD38B50446A1
:1073200014B94FF0FF3038BD6A4604214FF4717034
:10733000FFF7B2F810B14FF0FF30F4E79DF800000E
:1073400000069DF8011040EA01409DF8021040EA55
:1073500001209DF80310084300EB800080002060AE
:107360000020E0E738B504461420B4FBF0F4200E0A
:107370008DF80000200C8DF80100200A8DF8020025
:10738000E0B28DF803006A4604214FF47170FFF7F4
:1073900046F838BD38B5044604B320208DF8000007
:1073A00028208DF8010030208DF8020038208DF85B
:1073B000030018E0C8010020000048430000804698
:1073C00000004046000000460000C0450000804527
:1073D00000004045000000450000C044A3220421F5
:1073E000684603F0C9FE6A46042140F69E20FFF776
:1073F00016F8FDF751FC38BD38B5044664B1C0201D
:107400008DF80000C2208DF80100C4208DF8020024
:10741000C6208DF8030004E08B220421684603F0A7
:10742000ABFE6A46042140F69820FEF7F8FFFDF710
:1074300033FC38BD3EB504466CB1FDA1D1E9002056
:107440008968CDE9002002916A4609214FF49760CE
:10745000FEF7E5FF3EBDF9A2D2E900109268CDE942
:10746000010200916A4609214FF49760FEF7D7FFA9
:10747000F0E73EB5044602208DF80000CA208DF8E2
:107480000100E3208DF8020009208DF803006A4610
:1074900004216820FEF7C3FFA3208DF8000004F04C
:1074A000400048B1C0208DF80100C8208DF80200CE
:1074B000C2208DF8030006E0A3208DF801008DF8AE
:1074C00002008DF8030004F4C07048B1C4208DF8A8
:1074D0000400CC208DF80500C6208DF8060006E0DB
:1074E000A3208DF804008DF805008DF80600A32078
:1074F0008DF807008DF808008DF809006A460A210A
:1075000040F6A720FEF78BFF04F0030018B12020FF
:107510008DF8000002E0D8208DF800006A460121B5
:1075200040F6B620FEF77BFF04F0200018B10120E2
:10753000FFF780FF02E00020FFF77CFF04F4C0703B
:1075400008B304F4807060B1B2208DF800008B2085
:107550008DF80100B6208DF802009B208DF8030005
:107560000BE0B0208DF8000080208DF80100B420E1
:107570008DF8020090208DF803006A46042140F641
:10758000A220FEF74CFF04F0010020B3F8208DF894
:1075900000006A4601214FF40B60FEF740FFFA211C
:1075A0000720FFF719FD0720FFF7E4FD0120FFF793
:1075B00004FE6420FFF714FE4FF4FA70FFF723FE79
:1075C000C821A148FFF732FE2820FFF74BFE0A2012
:1075D000FFF75BFE08E0D8208DF800006A46012125
:1075E0004FF40B60FEF71BFF04F0020018B1D92026
:1075F0008DF8000002E0D8208DF800006A460121D5
:1076000040F23D70FEF70BFF04F0040018B10120BA
:10761000FFF7F2FE02E00020FFF7EEFE04F010009C
:1076200018B10120FFF7B6FE02E00020FFF7B2FE1E
:1076300044F0080085494881FDF72EFB002083496E
:10764000887304F0400018B10846807B801D887361
:1076500004F4C07020B17D48807B801D7B49887315
:1076600004F0140020B17948807B1030774988738A
:1076700004F0030020B17548807B001D73498873B6
:1076800000203EBD014671484089088000207047B7
:107690002DE9F0410446E07800F0C006E07800F003
:1076A0003F05607800F0010098B1EF102846E91717
:1076B00005EB5171C910A5EBC101491C01F0FF0890
:1076C0006248006820B161484146026838469047E8
:1076D00000BF607800F0080030B15C48406818B125
:1076E000B0115A4A516888470020BDE8F08110B5B2
:1076F00086B0044656A207CA03AB07C357A207CAFF
:107700008DE80700012C09D0022C0ED103AA0B2111
:1077100040F68220FEF783FE06B010BD6A460B21BC
:1077200040F68220FEF77BFEF6E74FF0FF30F3E7EE
:107730002DE9F04F8DB00746884615469946DDE99C
:10774000166B0024002030804049887B5A4605A9EA
:10775000FEF7B1F918B1601E0DB0BDE8F08F3B48DF
:10776000807A00F01400002861D09DF81400000613
:107770009DF8151040EA01409DF8161040EA0120DE
:107780009DF81710084328609DF8180000069DF822
:10779000191040EA01409DF81A1040EA01209DF8B6
:1077A0001B10084368609DF81C0000069DF81D1022
:1077B00040EA01409DF81E1040EA01209DF81F108C
:1077C0000843A8609DF8200000069DF8211040EABB
:1077D00001409DF8221040EA01209DF82310084343
:1077E000E86004F11000C4B22868001401906868D1
:1077F00000140290A86800140390E8680014049034
:1078000001984043029901FB0100039901FB01002B
:10781000049901FB010ABAF1706F02DBBAF1885FCB
:1078200022DDFDF739FA00203080401E94E721E088
:10783000B8AAB38DB4980D355D000000B8AAAAAA05
:10784000B088C3C5C700000009E3CA02C801002010
:10785000D8B1B9F38BA391B609B4D900DAB1B9F3B1
:107860008BA391B6DAB4DA00B6F9000040F4807068
:10787000308000BF3448807A00F0400020B305A972
:10788000601C085C095D40EA012000B2A8F8000015
:1078900005A9E01C095C05AAA01C105C41EA0020B7
:1078A00000B2A8F8020005A9601D095C201D105C4B
:1078B00041EA002000B2A8F80400A01DC4B2B6F945
:1078C000000040F0080030801F48408900F4C0707C
:1078D00008B305A9601C085C095D40EA012000B2FC
:1078E000388005A9E01C095C05AAA01C105C41EACF
:1078F000002000B2788005A9601D095C201D105C85
:1079000041EA002000B2B880A01DC4B2B6F9000060
:1079100040F0700030800C48807A00F0030018B10D
:1079200005A90819FFF7B4FE4846FDF722FD00201F
:1079300012E70146044801600020704701460248F2
:107940004160002070470000C801002010B50446C7
:107950006FF0040000F092F9E11704EB5171C1F3EC
:10796000C701394A11701046007800EB4001C1EBA5
:10797000C0104FF6FF7101EAC0003449088010BD05
:107980000146314A12784A434FF0E0235A610022FF
:107990009A611A46126942F001021A6100BF4FF063
:1079A000E022106900F001021AB100F48032002ACE
:1079B000F5D04FF0E022126922F001024FF0E023EF
:1079C0001A6100229A6170470146204A12884A4390
:1079D0004FF0E0235A6100229A611A46126942F080
:1079E00001021A6100BF4FF0E022106900F00102AD
:1079F0001AB100F48032002AF5D04FF0E02212696B
:107A000022F001024FF0E0231A6100229A617047D0
:107A100070B504464FF4077094FBF0F0C6B24FF413
:107A2000077094FBF0F100FB114085B205E04FF4C4
:107A30000770FFF7C9FF701EC6B2002EF7D115B14F
:107A40002846FFF7C1FF70BD5200002054000020FF
:107A500000BF704700BF4C4A128802F04002002A63
:107A6000F9D0C2B2484B9A80704710B588B004462E
:107A70000121084600F028FF0121102000F07EFFC0
:107A800007220921414800F00CFD07220A213F4846
:107A900000F007FD4FF4C060069002208DF81C0036
:107AA0008DF81D0000208DF81E0001208DF81F00AC
:107AB00006A9364800F06AFC02940020ADF80C00DC
:107AC000ADF80E00ADF81000ADF814000C20ADF8C4
:107AD000120002A92C4801F0B2F801212A4801F055
:107AE00036F9012240F22551274801F0E6F9252018
:107AF0008DF8040003208DF805008DF806000120A4
:107B00008DF8070001A800F06CF808B010BD10B5A2
:107B100040F225511C4801F00BFA10B31A4801F04D
:107B200045F9C4B21A48008800F40040C8B91848A2
:107B3000008800F4804060B10A2C03D00020144972
:107B4000088020E01248008840F400401049088076
:107B500019E00D2C06D10E48008840F480400C49F5
:107B6000088010E00A480088C0F30D0009490C5451
:107B700007480088401C0649088008460088C72836
:107B800001DD0020088010BD00100140000002400F
:107B90005C000020D80100200948804709480047C0
:107BA000FEE7FEE7FEE7FEE7FEE7FEE7FEE7FEE7AD
:107BB000FEE7FEE704480549054A064B704700000A
:107BC000450A000889010008000300200009002080
:107BD000000500200005002032490143324A1160AF
:107BE000704770B5002100230F22C4781CB32E4CBF
:107BF000246804F4E064C4F5E064C4F30721C1F12F
:107C00000404E3B20A4144789C40E1B28478144011
:107C100021430C07210E254C05786155047804F0AA
:107C20001F050124AC4005786D11AD0005F1E0257C
:107C3000C5F8004109E0047804F01F050124AC40B8
:107C40001B4D0678761145F8264070BD194A0A404A
:107C50000243154B1B1F1A60704739B1124A121D9F
:107C600012680243104B1B1D1A6006E00E4A121DDB
:107C7000126882430C4B1B1D1A607047042808D100
:107C80004FF0E021096941F004014FF0E022116159
:107C900007E04FF0E021096921F004014FF0E022F4
:107CA000116170470000FA050CED00E000E400E00F
:107CB00080E100E080FFFF1F30B943F2DB0281006A
:107CC000A1F1C0410A6005E043F2D2028100A1F1B6
:107CD000C0410A606FF07042411C8900A1F1C041AF
:107CE0000A608100A1F1C041C1F804217047D0E9C8
:107CF00001121143C26811430269114342691143E1
:107D000082691143C2691143026A1143426A1143F5
:107D1000826A1143C26A1143026B114302689200E6
:107D2000A2F1C0421160816808290BD10168890065
:107D3000A1F1C041096841F0400201688900A1F148
:107D4000C0410A60416B0968426B526841EA021106
:107D5000426B926841EA0221426B928941EA0241F8
:107D6000426B128A41EA0251426B127D41EA026182
:107D7000426B926911430268521C9200A2F1C04208
:107D80001160C16AB1F5804F1BD1816B0968826BAC
:107D9000526841EA0211826B926841EA0221826BC9
:107DA000128A41EA0251826B127D41EA0261826BC2
:107DB0009269114302689200A2F1C042C2F8041114
:107DC00007E06FF0704201688900A1F1C041C1F87D
:107DD000042170470021016002214160002181607F
:107DE000C160016141618161C16101624FF48051F3
:107DF0004162490081620021C1620163F849416327
:107E00008163704751B18200A2F1C042126842F012
:107E100001038200A2F1C042136009E08200A2F1D6
:107E2000C0421268EF4B1A408300A3F1C0431A60AE
:107E3000704710280AD118214FF0204211664021C6
:107E400051664FF0FC319166D16610E01821E64A88
:107E5000116040214FF02042C2F884104FF0FC31F5
:107E6000E14A083211604FF02042C2F88C1070478E
:107E700030B5002100220023446844F008048568DE
:107E80002C43C5682C4305692C43456944EA4524C5
:107E9000856944EA4531C4692468C5696D6844EA66
:107EA0000524C5692D8944EA0544C5692D7B44EA4A
:107EB0000562046A2468056A6D6844EA0524056A57
:107EC0002D8944EA0544056A2D7B44EA056304686C
:107ED000102C05D14FF020442166A266E36608E02D
:107EE000C14C21604FF02044C4F88820BE4C0C34B3
:107EF000236030BD10210160002141608160C160BC
:107F0000016141618161FC21C2691160C2695160F6
:107F1000C2699160C269D160026A1160026A5160EF
:107F2000026A9160026AD160704799B1102808D145
:107F30004FF02042126E42F004024FF020431A66C6
:107F40001DE0A94A126842F004024FF02043C3F832
:107F5000802014E0102809D14FF02042126EA14B6E
:107F6000DB1E1A404FF020431A6608E09E4A126852
:107F70009C4BDB1E1A404FF02043C3F88020704713
:107F800099B1102808D14FF02042126E42F0400201
:107F90004FF020431A661DE0934A126842F04002F7
:107FA0004FF02043C3F8802014E0102809D14FF08F
:107FB0002042126E8B4B3F3B1A404FF020431A6613
:107FC00008E0894A1268874B3F3B1A404FF0204334
:107FD000C3F88020704701460020102903D14FF0DC
:107FE0002042506F02E0804A143210687047182017
:107FF0007D492031086000200906C1F8A4004FF037
:10800000FC30794928310860091D0860091D0860A5
:108010007047016841F01001426841EA42218268DC
:1080200041EA4231704A20321160C1680968C26871
:10803000526841EA0221C268128941EA0241C268DB
:10804000127B41EA0261684A2832116001690968BD
:108050000269526841EA02210269128941EA024139
:108060000269127B41EA02615F4A2C321160416968
:1080700009684269526841EA02214269128941EA6B
:1080800002414269127B41EA02614FF02042C2F88C
:10809000B01070470021016041608160FC21C2681E
:1080A0001160C2685160C2689160C268D1600269A3
:1080B000116002695160026991600269D160426990
:1080C000116042695160426991604269D1607047B4
:1080D00048B145492031096841F004014FF0204280
:1080E000C2F8A01009E04049203109683D4AD21E7B
:1080F00011404FF02042C2F8A010704710B5F2B105
:10810000102807D14FF020435B6E0B434FF0204403
:10811000636632E0B0F5807F08D1334B1B1D1B68CE
:108120000B434FF02044C4F8843026E02E4B243318
:108130001B680B434FF02044C4F8A4301DE0102806
:1081400007D14FF020435B6E8B434FF020446366B2
:1081500013E0B0F5807F08D1234B1B1D1B688B43B8
:108160004FF02044C4F8843007E01F4B24331B68D1
:108170008B434FF02044C4F8A43010BD10B5024624
:1081800000200023102A03D14FF02044636E09E041
:10819000B2F5807F03D1144C241D236802E0124CF9
:1081A0002434236803EA01040CB1012000E000201C
:1081B00010BD102807D14FF02042526E8A434FF075
:1081C00020435A6619E0B0F5807F0FD1064A121D90
:1081D00012688A434FF02043C3F884200DE000006A
:1081E00078EF0008FEFF0F00800000A0234A12680D
:1081F0008A434FF02043C3F8A420704770B502466D
:108200000020002300240025102A03D14FF020462F
:10821000736E08E0B2F5807F03D1184E203E3368BC
:1082200001E0164E336803EA010403EAD10514B1F4
:108230000DB1012000E0002070BD102808D14FF0E2
:108240002042526E22EAD1024FF020435A6614E0D7
:10825000B0F5807F09D1094A203A126822EAD1029A
:108260004FF02043C3F8842007E0044A126822EA52
:10827000D1024FF02043C3F8A4207047A40000A00F
:1082800010B504469848844208D10121084600F000
:1082900086FB0021012000F082FB76E093488442B7
:1082A00008D10121022000F07AFB0021022000F019
:1082B00076FB6AE08E48844208D10121042000F058
:1082C0006EFB0021042000F06AFB5EE089488442D6
:1082D00008D10121082000F062FB0021082000F0F5
:1082E0005EFB52E08448844208D10121102000F056
:1082F00056FB0021102000F052FB46E07F488442EC
:1083000008D10121202000F04AFB0021202000F0AC
:1083100046FB3AE07A48844208D10121402000F02F
:108320003EFB0021402000F03AFB2EE075488442DD
:1083300008D10121802000F032FB0021802000F0D4
:108340002EFB22E07048844208D10121801500F004
:1083500026FB0021A01500F022FB16E06B488442AA
:1083600008D10121401500F01AFB0021601500F032
:1083700016FB0AE06648844207D10121001500F08F
:108380000EFB0021201500F00AFB10BDF0B50A46D7
:1083900000210023002400BF3DE0012505FA01F380
:1083A000156805EA03049C4234D105684F00032692
:1083B000BE40B543056015794E00B54006683543AB
:1083C00005601579012D02D01579022D16D1856829
:1083D0004F000326BE40B543856055794E00B54039
:1083E000866835438560456801268E40B543456003
:1083F000456896798E40B6B235434560C5684F00F2
:108400000326BE40B543C560D5794E00B540C66869
:108410003543C560491C1029BFD3F0BD4FF6FF712D
:1084200001600021017141718171C171704708B50E
:108430004FF480320092009A0A430092009AC2617F
:10844000C161009AC261C2690092C269009208BD0E
:108450000246002013690B400BB1012000E0002010
:1084600070470146086980B2704702460020536990
:108470000B400BB1012000E0002070470146486925
:1084800080B2704701837047418370470AB101830E
:1084900000E0418370474161704742694A40426150
:1084A0007047F0B5002300244D07ED0E02FA05F3E6
:1084B000CE1000F1200555F826504E07F70E0F2676
:1084C000BE40B543CF1000F1200646F82750CE102D
:1084D00000F1200555F8265045EA0304CE1000F1BE
:1084E000200545F82640F0BD00000240000402408F
:1084F00000080240000C024000100240001402403C
:1085000000180240001C02400020024000240240EB
:1085100000280240F948006840F00100F74908606F
:108520000020F64908310860F4480068F449084022
:10853000F2490860F348091D0860F348EF498431A7
:108540000860F0481038091D0860EC48006820F405
:108550008020EA4908600020E8490C310860E749BA
:108560008C31086070470021E44A921C117011465A
:108570000870704710B501460022002300204A1100
:10858000012A02D1DD4C236808E0022A03D1DB4C2A
:108590007034236802E0D94C7434236801F01F0260
:1085A000012494401C400CB1012000E0002010BDCB
:1085B00038B5002000900024002500BF3120FFF7CF
:1085C000D9FF05460098401C00900098B0F5A04FD8
:1085D00001D0002DF2D03120FFF7CCFF08B10124EB
:1085E00000E00024204638BD01460020C34A106840
:1085F00020F0F80040EAC10010607047C3490860ED
:1086000070470021BD4A703211701170012802D0EC
:1086100004280AD104E00121B84A7032117005E043
:108620000521B64A7032117000E000BF00BF7047EC
:10863000B7490860704770B5049C41EA821501266D
:10864000C6EB530645EA0645054345EA0465AB4ECD
:10865000361D356070BDAD4908667047820142EA3B
:108660000172A64B84331A607047A8498866704728
:1086700010B5830143EA016343EA02739F4C8834D7
:10868000236010BDA14908677047A049C8647047BE
:1086900002460020994B0833186820F0EC6042EA4B
:1086A00001031843954B08331860704702460020B9
:1086B000924B0833186820F0784042EA01031843CF
:1086C0008E4B083318607047014600208B4A0832F1
:1086D000106820F003000843106070478748083096
:1086E000006800F00C00704701460020834A083201
:1086F000106820F0F0000843106070470146002029
:108700007E4A0832106820F4E05008431060704739
:1087100001460020794A0832106820F4604040EA9F
:10872000C10010607047F0B500210022002402252E
:1087300000260223714F08373F6807F00C0121B172
:10874000042905D0082937D105E0724F076036E0CB
:10875000714F076033E0694F3F1D3F68C7F3805694
:10876000664F3F1D3F6807F03F036EB16A4FB7FB8E
:10877000F3F7DFF888C10CF1040CDCF800C0CCF38F
:10878000881C07FB0CF40CE0624FB7FBF3F7DFF833
:108790006CC10CF1040CDCF800C0CCF3881C07FBA6
:1087A0000CF4564F3F1D3F68C7F301477F1C7D0007
:1087B000B4FBF5F7076002E0564F076000BF00BF4B
:1087C0004E4F08373F6807F0F0010909534F7A5CB4
:1087D0000768D7404760494F08373F6807F4E051C2
:1087E000890A4E4F7A5C4768D7408760434F083705
:1087F0003F6807F46041490B484F7A5C4768D740AF
:10880000C760F0BD002100F44072B2F5407F0AD18C
:108810003A4A0832116821F4F811414A02401143E2
:10882000364A08321160354A70321268C0F30B03C1
:108830001A43324B70331A60704735494439086027
:1088400070473349403908607047364908607047BF
:1088500001460020294A8C32106820F01F004A1E71
:108860001043264A8C321060704701460020234A8C
:108870008C32106820F4F8504A1E40EA02201F4A49
:108880008C3210607047014600201C4A8C32106800
:1088900020F4401008431060704701460020174A3A
:1088A0008C32106820F44000084310607047014685
:1088B0000020124A8C32106820F4403008431060C7
:1088C000704719490860704739B10C4A3032126854
:1088D00002430A4B30331A6006E0084A303212680D
:1088E0008243064B30331A607047F9B1034A343281
:1088F00012680243014B34331A601CE00038024016
:10890000FFFFF6EA1030002400300020000047424C
:10891000800E47420024F40000127A005E0000201E
:10892000FFFCFF0F5C014742E01147428F4A12688B
:1089300082438E4B1A60704739B18C4A121D1268FF
:1089400002438A4B1B1D1A6006E0884A121D1268FA
:108950008243864B1B1D1A60704739B1834A0C3223
:1089600012680243814B0C331A6006E07F4A0C32D6
:10897000126882437D4B0C331A60704739B17B4AD1
:10898000103212680243794B10331A6006E0774ABE
:10899000103212688243754B10331A60704739B138
:1089A000724A243A12680243704B243B1A6006E074
:1089B0006E4A243A126882436C4B243B1A6070471B
:1089C00039B16A4A203A12680243684B203B1A6068
:1089D00006E0664A203A12688243644B203B1A60E4
:1089E000704739B1614A1C3A126802435F4B1C3B25
:1089F0001A6006E05D4A1C3A126882435B4B1C3BDE
:108A00001A60704739B1594A143A12680243574BF9
:108A1000143B1A6006E0554A143A12688243534BDD
:108A2000143B1A60704739B1504A103A1268024339
:108A30004E4B103B1A6006E04C4A103A12688243D3
:108A40004A4B103B1A60704739B1484A1C321268D1
:108A50000243464B1C331A6006E0444A1C3212683B
:108A60008243424B1C331A60704739B13F4A20326F
:108A7000126802433D4B20331A6006E03B4A203225
:108A800012688243394B20331A60704739B1374A34
:108A9000243212680243354B24331A6006E0334A0D
:108AA000243212688243314B24331A60704739B143
:108AB0002E4A2C32126802432C4B2C331A6006E0EB
:108AC0002A4A2C3212688243284B2C331A60704792
:108AD00039B1264A303212680243244B30331A60CF
:108AE00006E0224A303212688243204B30331A604B
:108AF0007047012808D11D493C31096841F008013F
:108B00001A4A3C32116007E018493C31096821F0EB
:108B10000801164A3C321160704739B1134A273AAE
:108B200012780243114B273B1A7006E00F4A273A8E
:108B3000127882430D4B273B1A7070470B48403028
:108B4000006840F080700949403108607047014674
:108B50000020064A283A12680A400AB1012000E0C3
:108B600000207047014926390870704734380240A8
:108B700010B50446FA48844208D101211020FFF7BD
:108B800052FF00211020FFF74EFF57E0F5488442C6
:108B900009D101214804FFF735FF00214FF40030CF
:108BA000FFF730FF4AE0F048844209D101218804F0
:108BB000FFF728FF00214FF48020FFF723FF3DE05F
:108BC000EA48844209D10121C804FFF71BFF0021B4
:108BD0004FF40020FFF716FF30E0E548844209D14A
:108BE00001210805FFF70EFF00214FF48010FFF769
:108BF00009FF23E0DF48844208D101212020FFF74C
:108C000012FF00212020FFF70EFF17E0DA48844210
:108C100009D101218807FFF7F5FE00214FF08040C0
:108C2000FFF7F0FE0AE0D548844207D10121400554
:108C3000FFF7E8FE00216005FFF7E4FE10BD2DE917
:108C4000FF4705460E460024A14600BFA046B08956
:108C500000B100BF2C8A24F44054F08804432C82D5
:108C6000AC8941F20C608443B08831890843718932
:108C700008430443AC81AC8A24F44074B0890443B3
:108C8000AC826846FFF74FFDB548854202D0B9482F
:108C9000854202D1DDF80C9001E0DDF80890A8894A
:108CA00000F4004040B109EBC90000EB0910316845
:108CB0004900B0FBF1F707E009EBC90000EB091030
:108CC00031688900B0FBF1F76420B7FBF0F00401D4
:108CD0002009642101FB1078A88900F4004040B10C
:108CE000322000EBC800B0FBF1F000F007000443B5
:108CF00008E0322000EB08106421B0FBF1F000F036
:108D00000F0004432C81BDE8FF874FF4165101602A
:108D100000218180C18001810C214181002181815C
:108D2000704710B502460020108A20F470600B884E
:108D30004C8823438C882343CC88234318431082D8
:108D400010BD0021018041808180C180704721B128
:108D5000828942F40052828104E082894DF6FF73D9
:108D60001A4082817047028B02F47F420283028B99
:108D70000A430283704721B1828942F40042828112
:108D800003E08289C2F30E028281704721B1828A98
:108D900042F40062828204E0828A4FF2FF731A403A
:108DA00082827047C1F3080282807047014688883A
:108DB000C0F308007047028A4FF6F0731A4002822F
:108DC000028A0A430282704721B1828942F002027C
:108DD000828104E082894FF6FD731A4082817047D8
:108DE00082894FF2FF731A40828182890A4382810D
:108DF0007047028A4FF6DF731A400282028A0A43E2
:108E00000282704721B1028A42F48042028204E069
:108E1000028A4BF6FF731A4002827047818941F043
:108E200001018181704721B1828A42F00802828269
:108E300004E0828A4FF6F7731A4082827047028BF1
:108E4000D2B20283028B42EA01220283704721B12F
:108E5000828A42F02002828204E0828A4FF6DF7327
:108E60001A408282704721B1828A42F010028282C7
:108E700004E0828A4FF6EF731A4082827047828A3A
:108E80004FF6FB731A408282828A0A4382827047BD
:108E900021B1828A42F00202828204E0828A4FF685
:108EA000FD731A40828270471AB1838A0B43838212
:108EB00002E0838A8B4383827047F0B50346002427
:108EC00000260025002040F66A17B94200D100BFF5
:108ED0001846C1F3421401F01F06012707FA06F5F0
:108EE000012C01D10C3004E0022C01D1103000E043
:108EF00014301AB107682F43076002E00768AF43D8
:108F00000760F0BD02460020B1F5007F00D100BF30
:108F100013880B400BB1012000E00020704701F4E2
:108F20000072B2F5007F00D100BFCA4302807047D3
:108F300070B50246002400230025002040F66A1682
:108F4000B14200D100BFC1F3421501F01F03012659
:108F500006FA03F3012D13D19689334017E0000080
:108F6000001001400044004000480040004C004018
:108F7000005000400014014000780040007C004098
:108F8000022D02D1168A334001E0968A33400C123A
:108F9000012606FA04F41688344013B10CB10120FE
:108FA00000E0002070BD10B50022002340F66A14D6
:108FB000A14200D100BF0A1201249440A3B2DC43B5
:108FC000048010BD10B50446FE48844208D101213A
:108FD0000846FFF728FD00210120FFF724FD9DE052
:108FE000B4F1804F08D101210846FFF70BFD0021A5
:108FF0000120FFF707FD91E0F348844208D10121E9
:109000000220FFF7FFFC00210220FFF7FBFC85E0B8
:10901000EE48844208D101210420FFF7F3FC00212F
:109020000420FFF7EFFC79E0E948844208D10121F0
:109030000820FFF7E7FC00210820FFF7E3FC6DE0C4
:10904000E448844208D101211020FFF7DBFC002115
:109050001020FFF7D7FC61E0DF48844208D10121EE
:109060002020FFF7CFFC00212020FFF7CBFC55E0AC
:10907000DA48844208D101210220FFF7D4FC002104
:109080000220FFF7D0FC49E0D548844209D10121F4
:109090000804FFF7C8FC00214FF48030FFF7C3FC41
:1090A0003CE0D048844209D101214804FFF7BBFCD1
:1090B00000214FF40030FFF7B6FC2FE0CA4884428D
:1090C00009D101218804FFF7AEFC00214FF4802074
:1090D000FFF7A9FC22E0C548844208D101214020C5
:1090E000FFF790FC00214020FFF78CFC16E0C04801
:1090F000844208D101218020FFF784FC00218020D8
:10910000FFF780FC0AE0BB48844207D101218015AB
:10911000FFF778FC0021A015FFF774FC10BD0022BA
:109120000288A84B98420ED0AC4B98420BD0B0F1BD
:10913000804F08D0A44B984205D0A44B984202D04F
:10914000A34B984204D14FF68F731A404B881A43B1
:10915000A04B984207D0A04B984204D04FF6FF4353
:109160001A400B891A4302804B68C3620B8803853F
:10917000944B984202D0994B984201D18B7A038646
:109180000123838270474FF0FF314160002101804D
:1091900001814180817270470185828270470A4651
:1091A000002101884FF68F731940114301807047E9
:1091B00041627047C16270470146486A7047014684
:1091C000088D704721B1028842F00202028004E05B
:1091D00002884FF6FD731A400280704721B1028861
:1091E00042F00402028004E002884FF6FB731A404A
:1091F0000280704721B1028842F08002028004E0C0
:1092000002884FF67F731A400280704702884FF63B
:10921000F7731A40028002880A430280704702886E
:109220004FF6FF431A40028002880A4302807047CB
:1092300021B1028842F00102028004E002884FF668
:10924000FE731A400280704770B50024002200238C
:10925000058C4FF6FE7635400584028C8388048B9E
:109260004FF68F752C40B51E2C400D882C43751E73
:109270002A408D892A434D882A43524DA84202D064
:10928000564DA84213D14FF6F7752A40CD892A438F
:109290004FF6FB752A408D882A434FF6FF652B4019
:1092A0004FF6FF552B400D8A2B434D8A2B4383806D
:1092B00004838D684563028470BD70B5002400226C
:1092C0000023058C4FF6EF7635400584028C8388A9
:1092D000048B48F6FF752C404FF6FF452C400D8857
:1092E0004FF6FF7606EA05252C434FF6DF752A4038
:1092F0008D8906EA05152A434D8806EA05152A4395
:10930000304DA84202D0354DA8421DD14FF67F7591
:109310002A40CD894FF6FF7606EA05152A434FF617
:10932000BF752A408D8806EA05152A434FF6FF359A
:109330002B404FF2FF752B400D8A06EA85052B4323
:109340004D8A06EA85052B43838004838D688563F7
:10935000028470BD70B5002400220023058C4FF6F6
:10936000FF6635400584028C8388848B4FF68F75A9
:109370002C404FF6FC752C400D882C434FF6FF55C2
:109380002A408D894FF6FF7606EA05252A434D8847
:1093900006EA05252A430B4DA84202D00F4DA842EC
:1093A00038D14FF2FF752A40CD894FF6FF7606EA95
:1093B00005252A434FF6FF352A408D8806EA052504
:1093C0002A4319E00000014000040040000800406A
:1093D000000C004000100040001400400004014058
:1093E0000040014000440140004801400018004096
:1093F000001C0040002000404EF6FF752B404DF64B
:10940000FF752B400D8A06EA05152B434D8A06EAA7
:1094100005152B43838084838D68C563028470BDEA
:1094200070B5002200230024058C4EF6FF763540EF
:109430000584038C8488828B48F6FF752A404FF69A
:10944000FF452A400D884FF6FF7606EA05252A4398
:109450004DF6FF752B408D8906EA05352B434D8867
:1094600006EA05352B43FE4DA84202D0FD4DA84229
:1094700008D14BF6FF752C400D8A4FF6FF7606EAB1
:1094800085152C43848082838D680564038470BDB8
:10949000002101804180818081608181C1810182C0
:1094A0004182704770B503460020002418461830EA
:1094B00001258D40ACB21D8CA5431D8409B108293E
:1094C0000AD100EB610005684FF68F7635400560E4
:1094D0000568154305600FE00D1FC5F34E052844D0
:1094E000056848F6FF763540056005684FF6FF765B
:1094F00006EA02263543056070BD4163704781630B
:109500007047C1637047016470470A460021018BB0
:109510004FF68F7319401143018370470A460021AB
:10952000018B48F6FF7319404FF6FF7303EA0223DD
:109530001943018370470A460021818B4FF68F73D0
:1095400019401143818370470A460021818B48F6F8
:10955000FF7319404FF6FF7303EA02231943818317
:1095600070470A460021018B4FF6F77319401143EB
:10957000018370470A460021018B4FF2FF731940A7
:109580004FF6FF7303EA02231943018370470A462B
:109590000021818B4FF6F773194011438183704787
:1095A0000A460021818B4FF2FF7319404FF6FF737B
:1095B00003EA02231943818370470A460021018B85
:1095C0004FF6FB7319401143018370470A4600218F
:1095D000018B4FF6FF3319404FF6FF7303EA022366
:1095E0001943018370470A460021818B4FF6FB73B4
:1095F00019401143818370470A460021818B4FF641
:10960000FF3319404FF6FF7303EA022319438183A6
:1096100070470A460021018B4FF67F7319401143B2
:10962000018370470A460021018BC1F30E014FF6FA
:10963000FF7303EA02231943018370470A4600219E
:10964000818B4FF67F7319401143818370470A461F
:109650000021818BC1F30E014FF6FF7303EA022351
:109660001943818370470A460021018C4FF6FD7330
:1096700019401143018470470A460021018C4FF6BE
:10968000F77319401143018470470A460021018C89
:109690004FF6DF7319404FF6FF7303EA02131943C5
:1096A000018470470A460021018C4FF67F731940F0
:1096B0004FF6FF7303EA02131943018470470A4609
:1096C0000021018C4FF6FF5319404FF6FF7303EA58
:1096D00002231943018470470A460021018C4FF28E
:1096E000FF7319404FF6FF7303EA02231943018405
:1096F00070470A460021018C4DF6FF7319404FF662
:10970000FF7303EA023319430184704730B5002325
:1097100001248C40A3B2048C9C430484048C02FA80
:1097200001F5ADB22C43048430BD30B500230424D0
:109730008C40A3B2048C9C430484048C02FA01F58F
:10974000ADB22C43048430BD828B4FF2FF331A40FC
:109750008283828B4FF6FF7303EA01231A438283CD
:109760007047F0B50C461546002100220026078CF4
:109770004EF6FF7C07EA0C070784818B028C4FF6BC
:10978000FF7707EA043640F6FF4739404FF6FF7788
:1097900007EA052739434FF6FF7707EA03373943CE
:1097A00045F6FF773A4046F480573A438183028476
:1097B000F0BD828B4FF6F3731A408283828B0A438B
:1097C00082837047F0B50C46154600210022002622
:1097D000078C4FF6FF6C07EA0C070784818B028C1D
:1097E0004FF6FF7707EA04264FF60C7739404FF61D
:1097F000FF7707EA03172F4339434FF2FF573A40E9
:1098000046F480773A4381830284F0BD028B4FF2A5
:10981000FF331A400283028B4FF6FF7303EA0123E2
:109820001A4302837047F0B50C461546002100220A
:109830000026078C4FF6EF7C07EA0C070784018BA4
:10984000028C4FF6FF7707EA041640F6FF473940CF
:109850004FF6FF7707EA033739434FF6FF7703E008
:10986000000001400004014007EA052739434FF694
:109870005F773A4046F010073A4301830284F0BD17
:10988000028B4FF6F3731A400283028B0A43028362
:109890007047F0B50C46154600210022068C4FF6A5
:1098A000FE773E400684018B028C4FF60C763140E9
:1098B0007E1C06EA03162E4331434FF6F5763240FE
:1098C00044F00106324301830284F0BD70B50546C1
:1098D0000C46208850B92389A28861882846FFF762
:1098E000D8FFE1882846FFF7CBFF25E02088042831
:1098F0000AD12389A28861882846FFF794FFE1886E
:109900002846FFF783FF17E0208808280AD123891B
:10991000A28861882846FFF755FFE1882846FFF7AF
:1099200048FF09E02389A28861882846FFF719FFCC
:10993000E1882846FFF708FF70BD002101804180C3
:10994000012181800021C180018170472DE9F04112
:1099500005460C4600260127608808B9022600E06B
:109960000026A088012801D1022700E001272088D5
:10997000A0B92389A28861882846FFF78AFFE18879
:109980002846FFF77DFF23893A4631462846FFF7F0
:109990004AFFE1882846FFF739FF13E02389A288B0
:1099A00061882846FFF73FFFE1882846FFF72EFF32
:1099B00023893A4631462846FFF76BFFE18828465F
:1099C000FFF75EFFBDE8F0810146486B7047014636
:1099D000886B70470146C86B70470146086C70473A
:1099E0000A884B881A438B881A43CB881A430B8901
:1099F0001A434B891A438B891A43A0F844207047B5
:109A00000021018041808180C1800181418181816B
:109A1000704731B1B0F8442042F40042A0F844202D
:109A200005E0B0F84420C2F30E02A0F844207047CD
:109A300021B1828842F00402828004E082884FF6DD
:109A4000FB731A408280704721B1828842F0010284
:109A5000828004E082884FF6FE731A40828070474D
:109A60001AB183890B43838102E083898B4383810D
:109A700070478182704702460020138A0B400BB169
:109A8000012000E000207047CA430282704730B5D1
:109A90000246002000230024158A05EA0103958967
:109AA00005EA010413B10CB1012000E0002030BD33
:109AB000CA430282704741EA0203A0F84830704767
:109AC0001AB183890B43838102E083898B438381AD
:109AD000704721B1828842F00802828004E08288C7
:109AE0004FF6F7731A408280704701894FF6F8727B
:109AF0001140018170470A46002101894FF68F739A
:109B0000194011430181704730B504460D4629467E
:109B10002046FFF7F0FF208940F00700208130BD8C
:109B20002DE9F04104460D4616461F46602D06D12C
:109B30003B46012231462046FFF775FE05E03B46D5
:109B4000012231462046FFF7A4FE29462046FFF7B2
:109B5000D2FF208940F007002081BDE8F08130B5B8
:109B60000C4600210189C9B24FF6FF7505EA0325AD
:109B7000154325432943018130BD2DE9F0410546B8
:109B80000E4617469846002443463A463146284634
:109B9000FFF7E5FF2C894FF6F870044044F0070406
:109BA0004FF68F70044044F070042C81BDE8F081C2
:109BB000F0B504460D4616461F463B46324629463A
:109BC0002046FFF7CCFF208940F480402081F0BD83
:109BD00082884FF68F731A40828082880A4382807F
:109BE000704702894FF6F8731A40028102890A43CE
:109BF0000281704702894FF67F731A400281028901
:109C00000A4302817047F0B50C4615461E460021F6
:109C1000002200230189028B038C4FF6F87739402C
:109C200021434FF6FC473A4040F201173A434FF6C2
:109C3000DD773B404FF6FF7707EA06172F433B439C
:109C4000018102830384F0BD21B1828842F0800249
:109C5000828004E082884FF67F731A4082807047CA
:109C6000A0F850107047000010B58CB004461E23B9
:109C70000BAA03A9204600F0A9FE0090009810B19D
:109C800001200CB010BD9DF82C00044400200B9066
:109C90000EE040489DF82C2050F8221003A800F058
:109CA000FDFD00B908E09DF82C00401CC0B20B90EF
:109CB0009DF82C000728ECD300BF9DF82C00072846
:109CC00063D2DFE800F004053C5E6564630000BF1A
:109CD00031A001F09DF831A001F09AF83FA001F009
:109CE00097F84EA001F094F85CA001F091F86BA0F9
:109CF00001F08EF879A001F08BF886A001F088F8C9
:109D00008BA001F085F890A001F082F894A001F0FA
:109D10007FF899A001F07CF89EA001F079F8A4A04A
:109D200001F076F8B0A001F073F8BDA001F070F872
:109D3000C8A001F06DF8D4A001F06AF89AE216A06C
:109D400001F066F8E0A001F063F800200B900EE04F
:109D5000ED4800689DF82C2000EBC2004168EBA0A4
:109D600001F056F89DF82C00401CC0B20B90E6485C
:109D7000007D9DF82C108842EADC07A001F048F82D
:109D800078E205A001F044F8C4E171E245E219E28D
:109D9000ECE10000700000200D0A00002D2D2D2D9B
:109DA0002D2D2D2D2D2D2D2D2D2D2D2D2D2D2D2DE3
:109DB0002D2D2D2D55534D4152542056332E312DDE
:109DC0002D2D2D2D2D2D2D2D2D2D2D2D2D2D2D2DC3
:109DD0002D2D2D2D2D2D2D200D0A00002020202091
:109DE00055534D415254CAC7D3C9414C49454E54AD
:109DF000454BBFAAB7A2B5C4D2BBB8F6C1E9C7C923
:109E0000B5C4B4AEBFDAB5F7CAD4BBA5BDBBD7E9FC
:109E1000BCFE2CCDA8B9FD200D0A0000CBFC2CC443
:109E2000E3BFC9D2D4CDA8B9FDB4AEBFDAD6FACA61
:109E3000D6B5F7D3C3B3CCD0F2C0EFC3E6B5C4C830
:109E4000CEBACEBAAFCAFD2CB2A2D6B4D0D02ED2E2
:109E5000F2B4CB2CC4E3BFC90D0A0000D2D4CBE6C8
:109E6000D2E2B8FCB8C4BAAFCAFDB5C4CAE4C8EB04
:109E7000B2CECAFD28D6A7B3D6CAFDD7D628313070
:109E80002F3136BDF8D6C629A1A2D7D6B7FBB4AEBE
:109E9000A1A2BAAFCAFDC8EB0D0A0000BFDAB5D85F
:109EA000D6B7B5C8D7F7CEAAB2CECAFD292CB5A56C
:109EB000B8F6BAAFCAFDD7EEB6E0D6A7B3D6313002
:109EC000B8F6CAE4C8EBB2CECAFD2CB2A2D6A7B38C
:109ED000D6BAAFCAFDB7B5200D0A0000BBD8D6B5BB
:109EE000CFD4CABE2ED0C2D4F6B2CECAFDCFD4CA09
:109EF000BEBDF8D6C6C9E8D6C3B9A6C4DC2CD0C24C
:109F0000D4F6BDF8D6C6D7AABBBBB9A6C4DC2E0D05
:109F10000A000000BCBCCAF5D6A7B3D63A7777775B
:109F20002E6F70656E6564762E636F6D0D0A00008E
:109F300055534D415254D3D037B8F6CFB5CDB3C3F6
:109F4000FCC1EE3A0D0A00003F3A202020202020DC
:109F5000BBF1C8A1B0EFD6FAD0C5CFA20D0A000060
:109F600068656C703A202020BBF1C8A1B0EFD6FA2A
:109F7000D0C5CFA20D0A00006C6973743A2020206E
:109F8000BFC9D3C3B5C4BAAFCAFDC1D0B1ED0D0AC4
:109F90000A00000069643A2020202020BFC9D3C3F2
:109FA000BAAFCAFDB5C44944C1D0B1ED0D0A0A002B
:109FB0006865783A20202020B2CECAFD3136BDF83F
:109FC000D6C6CFD4CABE2CBAF3B8FABFD5B8F12BD7
:109FD000CAFDD7D6BCB4D6B4D0D0BDF8D6C6D7AAA1
:109FE000BBBB0D0A0A0000006465633A20202020F4
:109FF000B2CECAFD3130BDF8D6C6CFD4CABE2CBA57
:10A00000F3B8FABFD5B8F12BCAFDD7D6BCB4D6B4D5
:10A01000D0D0BDF8D6C6D7AABBBB0D0A0A00000037
:10A0200072756E74696D653A312CBFAAC6F4BAAF09
:10A03000CAFDD4CBD0D0BCC6CAB13B302CB9D8B144
:10A04000D5BAAFCAFDD4CBD0D0BCC6CAB13B0D0A7D
:10A050000A000000C7EBB0B4D5D5B3CCD0F2B1E064
:10A06000D0B4B8F1CABDCAE4C8EBBAAFCAFDC3FBED
:10A07000BCB0B2CECAFDB2A2D2D4BBD8B3B5BCFC80
:10A08000BDE1CAF82E0D0A002D2D2D2D2D2D2D2DC3
:10A090002D2D2D2D2D2D2D2D2D2D2D2D2D2D2D2DF0
:10A0A0002D2D414C49454E54454B2D2D2D2D2D2DFB
:10A0B0002D2D2D2D2D2D2D2D2D2D2D2D2D2D2D2DD0
:10A0C0002D2D2D200D0A00002D2D2D2D2D2D2D2D6A
:10A0D0002D2D2D2D2D2D2D2D2D2D2D2D2D2D2D2DB0
:10A0E0002DBAAFCAFDC7E5B5A52D2D2D2D2D2D2DD2
:10A0F0002D2D2D2D2D2D2D2D2D2D2D2D2D2D2D2D90
:10A100002D2D2D2D200D0A00C400002025730D0AD1
:10A1100000000000EEA000F07BFE00200B901AE093
:10A12000FB4909689DF82C2001EBC20101AB02AA92
:10A13000486803A900F070FCF54800689DF82C10F1
:10A1400050F8312003A9F3A000F062FE9DF82C0026
:10A15000401CC0B20B90EE48007D9DF82C10884248
:10A16000DEDCAFF2CC3000F053FE83E0AFF2D8304B
:10A1700000F04EFE0BAA03A9204600F029FD9DF831
:10A180002C00C8B9694603A800F0BBFB0B909DF8F2
:10A190002C0020B9E4A0009900F03AFE0EE09DF8F2
:10A1A0002C00042801D002206BE5E2A000F030FE74
:10A1B0000120D749C87501E0022062E5DCA000F06B
:10A1C00027FE57E0DAA000F023FE0BAA03A92046E1
:10A1D00000F0FEFC9DF82C00C8B9694603A800F009
:10A1E00090FB0B909DF82C0020B9D7A0009900F0AF
:10A1F0000FFE0EE09DF82C00042801D0022040E55F
:10A20000D4A000F005FE0020C149C87501E002207D
:10A2100037E5C7A000F0FCFD2CE0C5A000F0F8FD7C
:10A220000BAA03A9204600F0D3FC9DF82C00C8B966
:10A23000694603A800F065FB0B909DF82C0078B9E7
:10A24000B349009881F8EC00084690F8EC0018B18A
:10A25000C5A000F0DDFD07E0CAA000F0D9FD03E0D5
:10A2600002200EE502200CE5B1A000F0D1FD01E0D6
:10A27000012006E500BF002003E510B50121C84814
:10A28000FFF702FC4FF6FF71C548FEF793FF002170
:10A29000C348FEF78DFF00209D49C1F8F00010BDB6
:10A2A00010B50121BE48FFF7E6FB012808D1984808
:10A2B000D0F8F0004FF6FF7108449549C1F8F0005E
:10A2C000B748FEF779FF9249D1F8F0100844904959
:10A2D000C1F8F0000846D0F8F00010BD10B501211B
:10A2E000AF48FFF7D4FB01280AD1894908698047A4
:10A2F0000021AB48FEF75CFF6421A948FEF75AFF36
:10A300000121A748FFF7D4FB10BD7FB504460D46D9
:10A3100001210420FEF721FBADF800500020ADF82C
:10A3200002000194ADF8080069469D48FEF7F7FE6B
:10A33000012211469A48FFF793FB01219848FEF746
:10A3400077FF1E208DF80C0003208DF80D008DF88E
:10A350000E0001208DF80F0003A8FDF742FC7FBD21
:10A3600010B5044604EBC40000EB04100122C2EB5C
:10A37000800081B24FF47A70FFF7C7FF0120644973
:10A38000C87510BD30B595B0054613AB12AA09A922
:10A39000284600F041FB044614B1204615B030BDFC
:10A3A0000020149026E05A4909689DF8502001EBDE
:10A3B000C20113AB11AA486801A900F02DFB0446A5
:10A3C0000CB12046EAE709A901A800F067FA60B9D4
:10A3D0009DF844009DF84810884201DD0220DDE729
:10A3E0009DF850004A4988750AE09DF85000401CCD
:10A3F000C0B214904648007D9DF850108842D2DCCF
:10A4000000BF4348007D9DF85010884201D10420D0
:10A41000C4E714A9284600F04CFC04460CB12046C1
:10A42000BCE79DF850003A4948750020B6E72DE991
:10A43000F0419AB03648847D007DA04202DC1AB01B
:10A44000BDE8F0813249096801EBC40106AB07AAF7
:10A45000486808A900F0E0FA08A952A000F0D8FC6A
:10A460000026B9E02A48008B0121B1400840D8B14C
:10A4700022214EA000F0CCFC304600F00DFC244917
:10A480002431471839464AA000F0C2FC222147A0D7
:10A4900000F0BEFC304600F0FFFB1D4924310844AB
:10A4A00010A941F826008DE0304600F0F5FB184970
:10A4B0002431085810A941F826001548C07D30B94C
:10A4C00010A850F826103BA000F0A2FC7AE073E040
:10A4D0002D2D2D2D2D2D2D2D2D2D2D2D2D2D2D2DAC
:10A4E0002D2D2D2D2D2D2D2D2DBAAFCAFD204944FA
:10A4F000202D2D2D2D2D2D2D2D2D2D2D2D2D2D2D99
:10A500002D2D2D2D2D2D2D2D2D2D2D2D200D0A00F8
:10A51000C400002025732069642069733A0D0A3055
:10A5200058253038580D0A004845583A30582558B3
:10A530000D0A00003136BDF8D6C6B2CECAFDCFD462
:10A54000CABE210D0A0000004445433A256C750D32
:10A550000A0000003130BDF8D6C6B2CECAFDCFD455
:10A56000CABE210D0A00000052756E2054696D6547
:10A570002043616C63756C6174696F6E204F4E0D82
:10A580000A00000052756E2054696D652043616CAD
:10A5900063756C6174696F6E204F46460D0A00004A
:10A5A000000800400D0A2573280000002563000004
:10A5B00025730000256C750010A850F8261095A092
:10A5C00000F026FC9DF81C00401EB04202D093A073
:10A5D00000F01EFC701CC6B29DF81C008642FFF6FF
:10A5E00041AF8FA000F014FCFFF747FE8D48407D7F
:10A5F0000B280DD2DFE800F0060D151E27323F4E66
:10A600005F7287008749096851F834008047054622
:10A6100090E0844A126852F8341010988847054632
:10A6200088E0804B1B6853F83420DDE91001904727
:10A6300005467FE07B4F3F6857F8343010A807C8C5
:10A640009847054676E0DFF8DCC1DCF800C05CF82E
:10A65000347010A80FC8B84705466BE01498DFF8AF
:10A66000C4C10090DCF800C05CF8347010A80FC8BA
:10A67000B84705465EE0DDE91401DFF8A8C1CDE981
:10A680000001DCF800C05CF8347010A80FC8B847AF
:10A6900005464FE0DDE914121698DFF888C1CDE9D0
:10A6A00000120290DCF800C05CF8347010A80FC8EB
:10A6B000B84705463EE0DDE91423DDE91610DFF872
:10A6C00064C1CDE90023CDE90210DCF800C05CF8DC
:10A6D000347010A80FC8B84705462BE0DDE91523F4
:10A6E000DDE91710CDE90123CDE903101498DFF857
:10A6F00034C10090DCF800C05CF8347010A80FC8BA
:10A70000B847054616E0DDE91623DDE91810CDE966
:10A710000223CDE90410DDE91401DFF808C1CDE919
:10A720000001DCF800C05CF8347010A80FC8B8470E
:10A73000054600BF00BFFFF7B3FD9DF818000128D4
:10A740000CD13848C07D20B9294637A000F060FB05
:10A7500007E0294636A000F05BFB02E033A000F0E2
:10A7600057FB304890F8EC0088B12E48D0F8F00044
:10A770000A21B0FBF1F201FB12072A48D0F8F000E1
:10A78000B0FBF1F83A4641462CA000F041FB00BF77
:10A7900055E670B53148008800F40040002833D0F9
:10A7A0002E48057800202E4948551E4881682C48BF
:10A7B000884704461CB91B49C868804721E02848DF
:10A7C000FFF752FA0546012D00D02C46CCB1012CE2
:10A7D00006D0022C08D0032C0AD0042C10D10BE098
:10A7E00020A000F015FB0BE021A000F011FB07E01A
:10A7F00022A000F00DFB03E023A000F009FB00BF46
:10A8000000BF00201549088070BD014608687047E8
:10A810000160704730582558000000002C000000EF
:10A8200029000000C40000203D256C753B0D0A0086
:10A830003D305825583B0D0A0000000046756E63F8
:10A8400074696F6E2052756E2054696D653A256487
:10A850002E2531646D730D0A000000005C0000209D
:10A86000D8010020BAAFCAFDB4EDCEF3210D0A0025
:10A87000B2CECAFDB4EDCEF3210D0A00B2CECAFDB0
:10A88000CCABB6E0210D0A00CEB4D5D2B5BDC6A57D
:10A89000C5E4B5C4BAAFCAFD210D0A0002460AE0FC
:10A8A00010780B78984201D001207047107800B9D9
:10A8B00002E0521C491CF3E700BF0020F5E706E068
:10A8C00002780A70027802B902E0401C491CF7E7DE
:10A8D00000BF70470146002005E00A7802B903E096
:10A8E000421CD0B2491CF8E700BF704710B50246C1
:10A8F000012000E050430B1EA1F10104E1B2F9D1A7
:10A9000010BD2DE9F04307460E4600254FF00A081A
:10A910003C46002030601FE02078392802DC207897
:10A9200030280ADA2078462802DC2078412804DA28
:10A930002078582809D1012D07D12078412801DB42
:10A940004FF01008681CC5B205E0207800B904E09B
:10A950000120BDE8F083641CDEE700BF3C46B8F18F
:10A96000100F0FD1032D01DA0220F2E720783028F2
:10A9700006D16078582803D1A41CA81EC5B204E0F3
:10A980000320E6E70DB90420E3E71BE00DB1681EE4
:10A99000C5B22078392806DC2078302803DB2078FF
:10A9A000A0F1300902E02078A0F13709294640469D
:10A9B000FFF79CFF316809FB00103060641C2078B1
:10A9C00000B900E0E2E700BF0020C2E710B504468E
:10A9D000002010700BE020780870641C491C10786F
:10A9E000401C10701078984201DB012010BD2078C7
:10A9F000202802D020780028EDD10020087000BF68
:10AA0000F4E70146491C00E0491C0878202801D1E0
:10AA10000029F9D1087870472DE9FF4F85B08046AD
:10AA200089460027002004900390012002904FF0F7
:10AA3000000B002544461DE02078202816D005F0A4
:10AA40007F00052812DA0DB945F0800505F07F007A
:10AA5000042803D120782A2800D00EE0207805F0C1
:10AA60007F010DF80100681CC5B202E0852D00D100
:10AA700003E0641C20780028DED100BF8DB10020E7
:10AA800005F07F010DF80100CBA16846FFF706FF36
:10AA900018B900210898017002E00121089801709E
:10AAA00000254FF0000A444614E0641C0AF101003E
:10AAB00000F0FF0A2078202802D020782A2809D127
:10AAC0002046FFF79EFF0646282E03D02A2E01D0EF
:10AAD000CDF810A02078282802D020780028E4D1D2
:10AAE0004446049810B10498401C04444FF0000AF6
:10AAF000002654E0207810B94FF0010A50E0207889
:10AB0000282803D116B9781CC7B213E02078292869
:10AB100008D13EB917B1781EC7B201E04FF0010A63
:10AB200047B93DE02078222804D10EB9012000E089
:10AB30000020064647B9207820282FD0207889F8B1
:10AB4000000009F1010929E020782C2804D1012016
:10AB50000290681CC5B214E02078202811D020781B
:10AB600028280ED04DB9BBF1050F06DA20780DF874
:10AB70000B000BF1010000F0FF0B0298401CC0B26B
:10AB80000290012F0AD10298022807D10298401C96
:10AB9000C0B202900398401CC0B20390641CA9E7A5
:10ABA00000BF0398012809D100200DF80B0082A1F5
:10ABB0006846FFF773FE08B90020039007990398D1
:10ABC0000870002089F80000504609B0BDE8F08FF9
:10ABD000F0B503461546002000220026002455E06B
:10ABE0001F782C2F01D104B901221F78292F01D001
:10ABF0001F780FB904B94AE0002E34D11F78302FE6
:10AC000002DB1F78392F11DD1F78612F02DB1F78DF
:10AC1000662F0BDD1F78412F02DB1F78462F05DDE5
:10AC20001F78582F02D01F78782F0CD102B12EE058
:10AC30001F78612F03DB1F78203F0F7001E01F7822
:10AC40000F70491C1FE01F78222F04D102B11EE0B3
:10AC50000126012417E01F78202F14D01F782C2FF5
:10AC600011D0FF2613E01F78222F00D1002402B15B
:10AC70000DE044B11F785C2F02D15B1C471CF8B279
:10AC80001F780F70491C471CF8B25B1CA8E700BF77
:10AC900000270F702E70F0BD02460020002105E055
:10ACA000474B5B5C0344D8B24B1CD9B29142F7DBF3
:10ACB00070472DE9F043B5B005460F460024002645
:10ACC00004E000213E488155701CC6B20A2EF8DB14
:10ACD00006E06D1C287818B9012035B0BDE8F08376
:10ACE00028782828F5D16D1C61E034AA69462846E9
:10ACF000FFF76EFF064635449DF8D00020B10128CD
:10AD000027D0FF284CD149E09DF8000000B333A9BB
:10AD10006846FFF7F6FD06460EB10220DDE7204645
:10AD2000FFF7BAFF26490A31339A0A50A1F12400ED
:10AD3000008B0121A140884321491A39088304214D
:10AD40001F480155601CC4B20A2C01DD0320C4E772
:10AD500026E06846FFF7BEFD401C00F0FF082046D5
:10AD6000FFF79AFF16490A3100EB01094946684688
:10AD7000FFF7A5FD12481A38018B0120A0400143BE
:10AD800088B20F491A3908830D4800F80480601C06
:10AD9000C4B20A2C01DD03209FE701E002209CE7FA
:10ADA00000BF2878292801D0287800B900E09CE766
:10ADB00000BF3C70002090E7766F696400000000DF
:10ADC000DE000020704710B54C1084EA530404D50F
:10ADD0004042C1F1000138BF491E1B4204D5524216
:10ADE000C3F1000338BF5B1E00F0D2F914F0804FAE
:10ADF00004D04042C1F1000138BF491E14F0004F99
:10AE000004D05242C3F1000338BF5B1E10BD0000E6
:10AE10000FB4044910B503AA029800F0ABFA10BCB5
:10AE20005DF814FB5800002070B504468569006881
:10AE3000C10601D5302600E02026C00707D070BD2E
:10AE4000D4E9012130469047206A401C20626D1EE3
:10AE5000F6D570BD70B5044685690078C00707D186
:10AE600070BDD4E9012120209047206A401C206257
:10AE70006D1EF6D570BD70B50C460546012A05D08D
:10AE80002878800600D5EA69002302E0012305E066
:10AE90005B1C934202D2E05C0028F9D1A869E61855
:10AEA000C01AA861286A184428622846FFF7BCFF28
:10AEB00004E0D5E9012114F8010B9047B442F8D31E
:10AEC0002846FFF7C7FF70BD2DE9F0410646002474
:10AED00010687529314616A510D0AFF30080002800
:10AEE00002DA404213A507E031688A0701D512A5AE
:10AEF00002E0490704D511A5012401E0AFF3008069
:10AF000000210A2206F1240709E0B0FBF2FCB0FBA5
:10AF1000F2F302FB1C00303078541846491C00281C
:10AF2000F3D123462A463046BDE8F04100F0B2B9DD
:10AF3000000000002D0000002B0000002000000099
:10AF400070B504460D4621461068AFF30080218895
:10AF5000090502D50F4A7A4402E00E4A7A440E32BD
:10AF6000002104F1240305E000F00F060009965DBE
:10AF70005E54491C0028F7D120780023000704D52F
:10AF8000702D02D009B1022311322046BDE8704075
:10AF900000F080B93A4000002DE9F05F8946044690
:10AFA0004FF0000ADFF874B1FB44C0F820A020463F
:10AFB000E1688847002874D0252806D0D4E901210B
:10AFC0009047206A401C2062F1E700265F46204639
:10AFD000E16888472028054607DB312D05D278191E
:10AFE00010F8200C08B10643F1E7B00701D526F0B0
:10AFF0000406C4F81CA00027C4F818A02A2D09D004
:10B00000284600F049FF38B304EB8708303DC8F804
:10B01000185019E059F8041B204604EB870291618F
:10B02000E1688847012F054618D1E069002820DA39
:10B0300026F020061DE0D8F8180000EB800005EB94
:10B0400040003038C8F818002046E16888470546B7
:10B0500000F022FF0028EED1012F0AD02E2D08D1BA
:10B060002046E16888477F1C0546022F46F02006EF
:10B07000C4DBA069002803DA404246F00106A06163
:10B08000F00701D026F010066C2D0BD0682D09D0EA
:10B090004C2D39D06A2D35D0742D35D07A2D33D042
:10B0A00016E038E0E1682F4620468847B84205465A
:10B0B00009D16C2F26D04FF48060E168064320460A
:10B0C0008847054604E06C2F1AD04FF48070064381
:10B0D0000DB3A5F14100192802D8203546F40066C9
:10B0E0004A462946204626604E46F5F7A7F880B125
:10B0F00001280BD0F61D26F0070000F1080956E7DD
:10B100004020E4E78020D8E70020D6E706F10409D4
:10B110004DE7284652E7206ABDE8F09F1040000046
:10B1200040EA010310B59B070FD1042A0DD310C8C4
:10B1300008C9121F9C42F8D020BA19BA884201D916
:10B14000012010BD4FF0FF3010BD1AB1D30703D05E
:10B15000521C07E0002010BD10F8013B11F8014B14
:10B160001B1B07D110F8013B11F8014B1B1B01D130
:10B17000921EF1D1184610BD02F0FF0343EA0322EC
:10B1800042EA024200F00AB97047704770477047C0
:10B1900053EA020C00F069802DE9F04B4FF00006F5
:10B1A000002B1FBFB3FA83F503FA05F424FA05F662
:10B1B0005E4012BF1643B2FA82F502FA05F4C5F1F9
:10B1C00020051EBF22FA05FC44EA0C04203556EA8D
:10B1D000044C4FEA144418BF641C4FF000084FF0B1
:10B1E0000009904271EB030C39D3002919BFB1FA61
:10B1F00081F701FA07F6B0FA80F700FA07F6C7F10F
:10B2000020071EBF20FA07FC46EA0C062037B6FBD3
:10B21000F4FCA7EB0507103F07F01F0BCBF120064E
:10B220000CFA0BFB2CFA06F644BFB3460026202F7F
:10B23000A4BF5E464FF0000B5BEA060C08BF4FF060
:10B24000010B19EB0B09ABFB027C48EB0608C01B9A
:10B2500006FB02CC0BFB03CC71EB0C01C1E70B46E8
:10B26000024641464846BDE8F08B13B54FF000005A
:10B270004FF00001AFF30080BDE81C40704710B5EF
:10B2800000F0ACF8006810BD10B5044600F0A6F858
:10B29000046010BD2DE9F0470D46994692460446DC
:10B2A00000F124080168880604D5E06921F0100146
:10B2B000216000E00120A84201DD471B00E00027DB
:10B2C000A1697A1902EB0900081AA0612078C0066A
:10B2D00002D42046FFF7A8FD002608E0D4E90121AA
:10B2E0001AF806009047206A401C761C20624E45E2
:10B2F000F4DB2078C0060AD52046FFF795FD06E06E
:10B30000D4E9012130209047206A401C2062381E79
:10B31000A7F10107F4DC07E0D4E9012118F80500E2
:10B320009047206A401C2062281EA5F10105F3DC2D
:10B330002046FFF78FFD2078000602D50220BDE8E9
:10B34000F0870120FBE710B5436913B1AFF300802C
:10B3500001E0FFF790FD012010BD127800F12401FB
:10B360000A7000224A700122EDE711684FF0FF32A7
:10B37000E9E70000074B70B50D467B4400F037F855
:10B380000446284600F046F810B14FF0FF3070BD7B
:10B39000204670BDD7C6FFFF4FF000020429C0F061
:10B3A000128010F0030C00F03B80CCF1040CBCF1D7
:10B3B000020F18BF00F8012BA8BF20F8022BA1EB49
:10B3C0000C0100F02DB85FEAC17C24BF00F8012B0E
:10B3D00000F8012B48BF00F8012B70470048704768
:10B3E000A002002001694A1C02610878704700B57C
:10B3F0008FB0CDE901310021059105497944CDE9AE
:10B40000031011466846FFF7C7FD0FB000BD0000EE
:10B41000E5FFFFFF007B00F0800070474FF0000267
:10B4200000B5134694469646203922BFA0E80C503A
:10B43000A0E80C50B1F12001BFF4F7AF090728BF15
:10B44000A0E80C5048BF0CC05DF804EB890028BF91
:10B4500040F8042B08BF704748BF20F8022B11F0BA
:10B46000804F18BF00F8012B70470000004870475C
:10B47000A00200207546FFF7F9FFAE4605006946B9
:10B48000534620F00700854618B020B5FCF792FB24
:10B49000BDE820404FF000064FF000074FF00008D5
:10B4A0004FF0000B21F00701AC46ACE8C009ACE856
:10B4B000C009ACE8C009ACE8C0098D46704710B5BA
:10B4C0000446AFF300802046BDE81040F4F7D6BE36
:10B4D00003B401984100009850EAC12018BF04202D
:10B4E0004A0D18BF40F0010040F2FF72B2EB515F0D
:10B4F00008BF40F00200012808BF052002B07047D5
:10B5000070B5C1482DED020B2DED0E8B82B0119D53
:10B5100025F000449FEDBEDB9FEDBFEB84423EDB98
:10B52000A4F140511098A1F17F6108430FD0BC48AD
:10B53000844202DC28D1109830B39DED100B02B08C
:10B54000BDEC0E8B02B0BDE8704000F071BC9DED0B
:10B55000100B53EC1D2B51EC100B00F0CDFF9DEDAB
:10B56000100B41EC180B53EC1E2B51EC100B00F0A0
:10B57000C3FF53EC182B00F01FFD41EC100B02B081
:10B58000BDEC0E8B02B070BD0120FFF77DFE02B056
:10B59000BDEC0E8B02B0BDE8704000F05DBCA14870
:10B5A0009FEDA18B844256DA9DED100BB4F1795FCB
:10B5B0000ADA51EC100BFFF78BFF042808BF00F0EC
:10B5C0005BFC9DED100BDAE753EC102B51EC100BEC
:10B5D00000F092FF41EC190B95480621B0EE490AA4
:10B5E000F0EE690A784400F0A7FB53EC192B51ECFC
:10B5F000100B00F081FF41EC1A0B8E48B0EE490AA7
:10B60000F0EE690A0421784400F096FB53EC192B04
:10B6100051EC100B00F070FF53EC182B00F0CCFC39
:10B6200041EC100B51EC1A0B53EC102B00F078FD91
:10B63000CDE900019DED000B53EC102B9DED100B9F
:10B6400051EC100B00F058FF9DED101B53EC112B2B
:10B6500000F0B2FCD2E09DED100B51EC100B00F0AD
:10B660002AFC53EC182B01F045F89FED730BCDE944
:10B67000000153EC102B9DED000B51EC100B00F072
:10B680003BFF41EC190B6E480621B0EE490AF0EE83
:10B69000690A784400F050FB53EC192B51EC100B65
:10B6A00000F02AFF41EC1B0B6648B0EE490AF0EEB1
:10B6B000690A0421784400F03FFB53EC192B51EC4C
:10B6C000100B00F019FF53EC182B00F075FC41EC47
:10B6D0001C0B51EC190B00F0FAFB41EC180B5A480B
:10B6E0009FED5BABA04222DC53EC1C2B51EC1B0BFF
:10B6F00000F016FDCDE900019DED000B51EC180B9B
:10B7000053EC102B00F0F8FE53EC182B00F054FC17
:10B7100053EC1A2B00F0F0FE53EC1D2B01F0C2F895
:10B7200053EC1E2B00F0E6FF41EC100B5FE08DEDBB
:10B73000008B002000909DED000B51EC180B53EC9A
:10B74000102B00F039FC9DED000B41EC1E0B53EC6F
:10B75000102B51EC100B00F0CFFE53EC192B00F026
:10B76000C9FF53EC1E2B00F0DBFC41EC190B53EC32
:10B770001C2B51EC1B0B00F0D3FC41EC1B0B53ECCE
:10B780001A2B51EC190B00F0B7FE53EC1D2B00F0F7
:10B79000B1FF41EC190B53EC1A2B51EC180B00F0D4
:10B7A000ABFE53EC1B2B00F0A7FE53EC192B01F062
:10B7B00079F89DED000B41EC180B53EC1A2B51EC72
:10B7C000100B00F099FE9FED249B53EC192B00F019
:10B7D00091FF41EC100B51EC180B53EC102B01F0C6
:10B7E00061F853EC192B00F085FF41EC100B002D94
:10B7F0003FF7C5AE51EC100B00F0A0FB41EC100B75
:10B80000BDE60000000000000000F03F0000000066
:10B81000075C143326A6913C182D4454FB21F93FB4
:10B820000000F07F0000E03F000000000000F03F5B
:10B83000E8390000F6390000000000000000E03F99
:10B840003A390000483900003333EF3F0000000070
:10B850000000000000000040182D4454FB21E93F87
:10B8600070B59B482DED020B2DED068B079D25F045
:10B870000044A04218DC9748844202DC0AD10698B2
:10B8800040B19DED060BBDEC068B02B0BDE87040EB
:10B8900000F0CEBA002DCCBF9FED8F0B9FED900B2B
:10B8A000BDEC068B02B070BD8F48A04215DD8F48FD
:10B8B000A042D8BF4FF0FF3458DD9DED060B51EC90
:10B8C000100BFFF705FE042808BF00F0D5FA9DED28
:10B8D000060BBDEC068B02B070BD9DED060B51EC66
:10B8E000100B00F0E8FACDE9060181489FED828B4C
:10B8F000A0423CDD8248A0421FDD00249FED82ABC8
:10B900009DED060B53EC1A2B51EC100B00F054FB81
:10B910009DED060B41EC190B53EC1A2B51EC100B5F
:10B9200000F0EAFD53EC182B00F0BCFF53EC192B90
:10B9300000F0F6FBCDE9060149E09DED060B012480
:10B9400053EC182B51EC100B00F036FB9DED060B61
:10B9500041EC190B53EC182B51EC100B00F0A2FF2B
:10B9600053EC192B00F0DCFBCDE906012FE0684811
:10B97000A0421FDD02249FED689B9DED060B53EC5A
:10B98000192B51EC100B00F0B7FD53EC182B00F005
:10B9900013FB9DED060B41EC180B53EC192B51ECEE
:10B9A000100B00F07FFF53EC182B00F0B9FBCDE932
:10B9B00006010CE09DED060B032453EC102B9FEDCC
:10B9C000580B51EC100B00F0ABFBCDE906019DEDDF
:10B9D000060B53EC102B51EC100B00F08DFD41ECDD
:10B9E000180B53EC182B00F087FD41EC190B4E4857
:10B9F0000621B0EE490AF0EE690A784400F09CF99D
:10BA000053EC182B51EC100B00F076FD41EC180BA9
:10BA10004648B0EE490AF0EE690A0521784400F084
:10BA20008BF953EC192B51EC100B00F065FD41EC38
:10BA3000100B51EC180B53EC102B002C0EDA00F00D
:10BA4000BBFA9DED061B53EC112B00F055FD9DED4F
:10BA5000061B53EC112B00F04DFE35E000F0ACFA64
:10BA60009DED061B53EC112B00F046FD41EC100B35
:10BA70002F48784400EBC40090ED001B51EC100BF4
:10BA800053EC112B00F00EFF9DED061B53EC112B18
:10BA900000F008FF41EC100B2648784400EBC4008E
:10BAA00090ED001B51EC100B53EC112B00F022FE1B
:10BAB00041EC100B002DA2BFBDEC068B02B070BD97
:10BAC00051EC100B00F03AFA41EC100B01E70000CA
:10BAD000000010440000F07F182D4454FB21F93F72
:10BAE000182D4454FB21F9BF0000DC3F0000203E2C
:10BAF0000000F33F00000000000000000000F03FE5
:10BB00000000E63F000000000000000000000040D0
:10BB10000080034000000000000000000000F83F2B
:10BB2000000000000000F0BF8A3600004036000030
:10BB3000CA3500008235000070B56F4E2DED040B44
:10BB40002DED048B82B0DDF824C0DDE907235C42D3
:10BB50002CF000411C4341EAD474069D22F00040C1
:10BB6000B44205D86C422C4340EAD474B4420BD999
:10BB70009DED081B9DED060B02B0BDEC048B04B0DF
:10BB8000BDE8704000F05EB9ACF14054A4F17F64B0
:10BB90001C430BD0022404EAAC7444EAD27405437B
:10BBA0009FED578B9FED582B07D015E09DED060BB1
:10BBB00051EC100B00F077F942E0002C11BF012C82
:10BBC0009DED060B02B0BDEC048B04BF04B070BD4C
:10BBD000022C38D0032C3BD00B439FED4D1B9FED27
:10BBE0004E0B0AD0B14218D1B04209D121F08041A8
:10BBF00020F08040099107900FE0002A15DA10E04C
:10BC0000474B7B44002C08BF93ED000B0DD0012C5B
:10BC100010D0022C17D0032C1AD0B0421DD1002A0C
:10BC200003DAB0EE410AF0EE610A02B0BDEC048B1B
:10BC300004B070BD93ED000B51EC100B00F07EF9D9
:10BC400041EC100BF1E7B0EE480AF0EE680AECE7C1
:10BC5000B0EE420AF0EE620AE7E7401A00159FEDE7
:10BC6000329B3C28C8BF8DED000B17DCBCF1000FE8
:10BC7000BCBF10F13C0F8DED009B0FDB9DED080B61
:10BC800053EC102B9DED060B51EC100B00F048FA15
:10BC900000F011F900F007F9CDE90001B4B1012C71
:10BCA00010D0022C9FED220B53EC102B9DED000BBE
:10BCB00051EC100B19D000F0F5FD53EC182B00F0EF
:10BCC000F1FDBDE7019880F0004001909DED000B73
:10BCD00053EC192B51EC100B00F07AFB04BF02203F
:10BCE000FFF7D2FA9DED000B9FE700F0DBFD53EC70
:10BCF000182B00F0FFFCA3E70000F07F000000001D
:10BD0000182D4454FB210940182D4454FB2109C02F
:10BD1000182D4454FB21F9BF182D4454FB21F93F41
:10BD2000B23400000000000000000000000000002D
:10BD3000075C143326A6A13C70B504462DED028B9A
:10BD40004D1E00EBC500B0EE408AF0EE608A90ED2B
:10BD5000000B35F0060017D053EC182B51EC100BEC
:10BD600000F0CAFB41EC100B6D1E04EBC50090ED1A
:10BD7000001B51EC100B53EC112B00F01DF941ECA2
:10BD8000100B35F00600E7D1022D36D0042D1CD063
:10BD9000062D1CBFBDEC028B70BD53EC182B51EC73
:10BDA000100B00F0A9FB94ED0A1B53EC112B00F0D3
:10BDB00003F953EC182B00F09FFB94ED081B53EC98
:10BDC000112B00F0F9F841EC100B53EC182B51EC4F
:10BDD000100B00F091FB94ED061B53EC112B00F0BF
:10BDE000EBF853EC182B00F087FB94ED040B53ECAD
:10BDF000102B00F0E1F841EC100B53EC182B51EC38
:10BE0000100B00F079FB94ED021B53EC112B00F0AA
:10BE1000D3F853EC182B00F06FFB94ED001B53ECA0
:10BE2000112B00F0C9F8BDEC028B41EC100B70BD7A
:10BE300010B553EC102B51EC100B00F0BDF841EC99
:10BE4000100B10BD10B553EC112B51EC100B00F082
:10BE5000B3F841EC100B10BD9FED050B10B553EC82
:10BE6000102B51EC100B00F05BF941EC100B10BDE6
:10BE700000000000000000009FED050B10B553EC22
:10BE8000102B51EC100B00F037FB41EC100B10BDE8
:10BE9000000000000000001030380A2801D2012004
:10BEA00070470020704710B541EC100BFFF7D8FC2D
:10BEB00051EC100B10BD82B0CDE9000121F0004023
:10BEC00001909DED000B02B051EC100B704700B5D6
:10BED0002DED048B83B041EC190B00F017FC41EC05
:10BEE000180B18EE100A18EE901A8DED008B002832
:10BEF00018BF0120084320F00040C0F17F6000F12E
:10BF0000E040C00F14D019EE101A19EE900A8DED12
:10BF1000009B002918BF0121084320F00040C0F118
:10BF20007F6000F1E040C00F04BF0120FFF7ACF9D3
:10BF300051EC180B03B0BDEC048B00BD81F0004147
:10BF4000704780F00040704721F00041704720F0BA
:10BF50000040704721F00042A2F16052B2F5801F0C
:10BF600001F0004328BFD2F17F6C0BD95FEA001CBF
:10BF700043EAC20242EB507018BF704728BF20F05E
:10BF800001007047B2F5801FBCBF184670474FEAEA
:10BF9000410C1CF5001F02D2084600F0E3BD70B54D
:10BFA00000F054FB00000089FFF7F6BF4FF000409F
:10BFB000A0F580007047000010B591EA030F48BF5C
:10BFC00083F0004300F17684841A71EB030C05D2F0
:10BFD000121943EB0C03001B61EB0C01DFF824E1A9
:10BFE0004FEA1154A4EB135C1EEA430F18BF9EEAFC
:10BFF000445F73D023EA0E03DCF1200E21EA0451E2
:10C0000043F4801332D322FA0CFE10EB0E0023FA15
:10C010000CFE41EB0E01CCF1200E03FA0EFE10EBEC
:10C020000E0051F10001B1F5801FCCF1200E32D28B
:10C0300001EB045112FA0EF2BDE8104058BF7047F0
:10C04000401C38BF5FEA420218BF7047002814BF87
:10C0500020F0010041F100014FEA410313F5001FF8
:10C0600038BF7047A1F1C04100F03EBB012A43EB4D
:10C070000302ACF1200CDCF11F0E32BF4FF0000EBA
:10C0800023FA0CF310EB030041EB0451B4EB115F06
:10C09000D0D0A1EB045101F5801149085FEA3000CE
:10C0A00001EB04510ED350F1000038BF12FA0EFE1E
:10C0B00008D1BDE81040C9E7401C38BF5FEA420222
:10C0C000CAD1C3E7BDE810404FEA410313F5001F92
:10C0D00038BF7047A1F1C04100F006BB9EEA445F43
:10C0E00008D011EA5E0FBDE8104004BF01F0004126
:10C0F00000207047BDE8104070B500F0A7FA00BFFF
:10C1000064FBBE3E0000E0FF491058BFC1F1404152
:10C110005B1058BFC3F140438B42EFF30080704780
:10C120002DE9C04130B4DFF8A0C23CEA111418BFB9
:10C130003CEA131400F0EC8081EA03051CEA1114B8
:10C1400044EAD57418BF1CEA131500F0C780A4EBAD
:10C1500005044FF0004545EAC12145EAC32341EA01
:10C16000505143EA525304F17F74994204F500346C
:10C170004FEAC0204FEAC22208BF904200F09C80E4
:10C180004FEA13650FF24016765D4FEA134506FB42
:10C1900005F7C7F1807706FB07F74FEAD737A7FB0C
:10C1A00003687642C8F58038A7FB06CE38BFA8F1F1
:10C1B000010807FB08E64FF0000EA6FB028CE6FB29
:10C1C00003CEDCF1000CCEF1004E38BFAEF1010E13
:10C1D000A6FB0C584FF000074FF00005E6FB0E875A
:10C1E000A1FB08C6A0FB07CE16EB0E0645F1000525
:10C1F000E1FB076515F1E04E7EBFA4F580345FEAF0
:10C2000046066D4116F1800745F100054FEA1727F4
:10C210004FEA066647EA0567A6F1DE46B6F1805F9B
:10C220004FEA15251FD9384624F0010C05EBC471DF
:10C23000BCF1FE6F01EB0C1102D8F0BCBDE800812F
:10C2400024425CBF01F5801E9EEAC47F02D4F0BC8C
:10C25000BDE80081244238D4F0BCA1F1C041BDE862
:10C26000004100F041BA4FEAD22242EA43524FEA7B
:10C27000D323A7FB02864FEAD02040EA415007FBB8
:10C2800003661EEA0E0F4FEAD12105FB026658BF76
:10C29000A6EB0056B6EB00564FEA520E4EEAC37EAE
:10C2A00018EB0E0E56EB530EBDD518EB02085E418F
:10C2B0007F1C55F10005B6E74FF480154FF00007DD
:10C2C0004FF000064FF00008ADE7F0BC4FF0000063
:10C2D00001F1C04101F00041BDE8008111EA0C1FED
:10C2E0000CEA131500D00CE013EA0C1F00F02580B7
:10C2F0004FF00000F0BC81EA030101F00041BDE80D
:10C300000081F0BCBDE8004181EA030100F0ECB916
:10C31000F0BCBDE8004170B500F098F9097EFC3E24
:10C3200000F007B881EA03014FF0000001F000417E
:10C33000704781EA030100F0D7B9F0BCBDE80041C5
:10C340004FF0000021497047FFFDFBF9F7F5F4F2CB
:10C35000F0EEEDEBE9E8E6E4E3E1E0DEDDDBDAD8A0
:10C36000D7D5D4D3D1D0CFCDCCCBCAC8C7C6C5C4FE
:10C37000C2C1C0BFBEBDBCBBBAB9B8B7B6B5B4B315
:10C38000B2B1B0AFAEADACABAAA9A8A8A7A6A5A400
:10C39000A3A3A2A1A09F9F9E9D9C9C9B9A999998C4
:10C3A0009797969595949393929191908F8F8E8E67
:10C3B0008D8C8C8B8B8A89898888878786858584F4
:10C3C00084838382828181800000FF070000F87FE0
:10C3D00051EA030C17D41CF5801F58BFBCF5801F11
:10C3E00000F10680994218BF704708BF904270471D
:10C3F00007D711F5801F58BF13F5801F19D4994234
:10C400007047894270471CF5801F08D5BCF5801F16
:10C41000F7D58B4218BF704708BF824270474FF470
:10C42000001C1CEB410F38BF1CEB430F01D28B42A9
:10C43000704770B500F00AF9922449004FF000519E
:10C440004FF08053FFF760BE4FEA1153A3F58063AE
:10C45000D3F11E03A8BFD3F1200C08DB4FF000423C
:10C4600042EAC12252EA505232FA03F070470942BE
:10C470000BD4102BC4BF0020704703F5787CBCF1AF
:10C48000FF3F05D04FF0FF3070474FF0000070477E
:10C4900070B500F0DBF800BF49922480002070479F
:10C4A000F0E710F0004248BF4042B0FA80F310FAC3
:10C4B00003F10AD0C3F11D0303F580634FEA415035
:10C4C00002EB035202EBD12170474FF0000070479E
:10C4D000B0FA80F310FA03F10AD0C3F11D0303F59B
:10C4E00080634FEA41504FEA035202EBD12170477B
:10C4F0004FF0000070470000DFF848C170B51CEA3B
:10C50000111E1EBF1CEA13159EEA0C0F95EA0C0FB4
:10C5100000F06F8081EA030423EA4C134EEAD47ED4
:10C5200021EA4C1141F4801143F48013AE44A1FB85
:10C53000024CA0FB0365AEF17F7E361955EB0C056E
:10C54000A1FB034C4CF10003A0FB021C16EB0C06F4
:10C55000654153F10003094218BF46F0010613F488
:10C56000007F0BD14FEA03314FEA0530340341EA33
:10C57000155140EA16506FF003020AE04FEAC3215A
:10C580004FEAC520F40241EA555140EA56506FF097
:10C59000020202EB2E4201EB025585EACE710AD06F
:10C5A0005FEA440C18BF24F0004450F1000041F150
:10C5B000000120EAD47040F2FE7C624500D270BDDA
:10C5C000A84214BF4FF080444FF04044002E08BFF3
:10C5D0000024BEF1806FA8BFA1F1C041BDE870404A
:10C5E00080F282804FF0000001F1C04101F0004173
:10C5F00070479EEA0C0F0CEA131518BF95EA0C0F52
:10C6000006D04FF0000081EA030E0EF0004170BD2D
:10C6100000F01CF88900013E00F007B800F009B8EE
:10C620004FEA430C5FEA5C5C08D081EA030100F04A
:10C630005BB84FEA410C5FEA5C5CF6D14FF000005A
:10C64000014970470000FF070000F87F0EF1020E5D
:10C650002EF0030E5EF8046B364205D4012A43EB3C
:10C66000030515F5001F12D8012841EB010C1CF53C
:10C67000001F0CD80ED14FEAD17C15F5001F0CEB32
:10C680004C0C0CF1020C08BF4CEBD37C04E04FF0D7
:10C69000080C01E04FEAD37C0CEB4C0526FA05F6BA
:10C6A00006F00706B6F1040C06D20EEB860CBDE8C8
:10C6B00070404CF0010C6047DFE80CF0090B0202FF
:10C6C0004FF000414FF00000A1F5002170BD194668
:10C6D0001046012851EB010418BFD4F5001484BFA3
:10C6E000002001F0004170BD0808A0F500114FEADC
:10C6F0003101704791EA030F10B581F000413FF519
:10C7000063AC83F0004300F0D5B800002DE9F041A0
:10C7100001F5801CBCF5001FC0F2A9804FEA115C36
:10C7200021EA0C510CF1FD0C41F480115FEA5C0C24
:10C730000CF5C07C01D34000494130A4890241EA94
:10C74000905187028E0E0A0CA45D04FB04F602FBD6
:10C7500006F6C6F14046A4FB0662F60D46EA4226FE
:10C7600006FB06F4A4FB01235242C3F1404338BF49
:10C770005B1EA6FB02420024E6FB0324D20B42EA26
:10C780004446A6FB0623A1FB02E2A3FB07E4E3FB6E
:10C7900061426442C2F1404E38BFAEF1010EA6FBC9
:10C7A00004234FF00002E6FB0E32A2FB03463400E6
:10C7B000E2FB6264A1FB06E6A4FB07E8E4FB616818
:10C7C0007642C8F1405838BFA8F10108A2FB06E440
:10C7D000A3FB08E5E2FB6854A1FB05E6A7FB04E820
:10C7E000E1FB648618F1200556F10006A809A8F1BE
:10C7F0001B08B10908F03F08B8F10A0F40EA86604B
:10C800001CD901EB0C51BDE8F08100BFFCF5EEE84E
:10C81000E2DDD8D3CFCBC7C3C0BDB9B6B4B1AEACDF
:10C82000A9A7A5A3A19F9D9B9A9896959392908F57
:10C830008D8C8B898887868584838281A0FB0068A4
:10C8400000FB01F208EB4208B8EB872807D5341843
:10C8500058EB0104D5D5401C51F10001D1E7341A41
:10C8600078EB0104CDD4401E71F10001C9E75FEA05
:10C870004C0C5FEA9C5C0DD105D34FF0000001F039
:10C880000041BDE8F081BDE8F04170B5FFF7DEFE84
:10C890006DDBFFBEBDE8F0414FF00000004970477E
:10C8A0000000F87F10B591EA030F48BF83F0004302
:10C8B0003FF58AAB841A71EB030C07D212198CF086
:10C8C000004C43EB0C03001B61EB0C01DFF8A4E10F
:10C8D0004FEA1154A4EB135C1EEA430F18BF9EEA03
:10C8E000445F00F0B08023EA6E03524221EA045113
:10C8F000C3EB6E0338BF5B1EDCF1200E25D322FA9A
:10C900000CFE10EB0E0043FA0CFE41EB0E01CCF1D5
:10C91000200E03FA0EFE10EB0E0051F10001CCF1D7
:10C92000200E29D412FA0EF201EB0451BDE810409A
:10C9300058BF7047401C1CBFB2F1004F7047002821
:10C940000CBF491C20F00100704712EB020E43EBB4
:10C95000030218BF4FF0010E4EEA4202ACF1200C68
:10C96000DCF11E0E54D943FA0CFE10EB0E0051F10F
:10C97000FF31CCF11E0ED5D50EF1010E12FA0EFECE
:10C98000404141EB010101EB445C5FEA5C5C10D982
:10C9900010EBDE7001EB045138BFBEF1004FBDE873
:10C9A000104018BF704700280CBF491C20F0010040
:10C9B000704730D24FEAD42C11F5001124F40064F2
:10C9C0001BD0B1FA81F20B3AA41AA41ED2F12003B3
:10C9D000914030FA03F31943904001EBCC71002CE5
:10C9E00001EB0451BDE81040A8BF704701F1C04100
:10C9F0004FF0000001F000417047B0FA80F310FAE8
:10CA000003F100D110BDE41A173C4805C90AE4E758
:10CA100001EB045110BD491001EB0451BDE8104079
:10CA20004FEA300002E04FF0000170474A0008BFB3
:10CA30000042F8D0B2F5001F28BF704701F0004156
:10CA40004FF0000070479EEA445F07D011EA5E0F86
:10CA5000BDE8104004BF002100207047BDE8104031
:10CA600070B5FFF7F3FD00BF40DFF63E83F00041F5
:10CA7000104670470000E0FF43004FEAD30C4FEA36
:10CA80003C0C43401FBF40070CF1605113F0FE4FB8
:10CA900070471CF0006F03D100200CF0004170477C
:10CAA0000CF0004343EA507010B540EACC0000F0AF
:10CAB0000EF800BF000000924FEA0001FFF714BE1D
:10CAC0004FF000414FF00000A1F5002170470EF13A
:10CAD000020E2EF0030E5EF8044B244204D44FEAFB
:10CAE0004102B2F17F4F11D84FEA4003B3F17F4FBB
:10CAF0000CD80ED14FEAD07CB2F17F4F0CEB4C0C2E
:10CB00000CF1020C08BF4CEBD17C04E04FF0080C98
:10CB100001E04FEAD17C0CEB4C0324FA03F404F05F
:10CB20000704B4F1040C06D20EEB840CBDE81040EF
:10CB30004CF0010C6047DFE80CF0070802024FF0F0
:10CB40000040A0F5800010BD0846420018BFD2F199
:10CB5000807288BF00F0004010BD4FF04070E1EEE1
:10CB6000100A7047FF2141EAD050C005704700000D
:10CB700000000000000000000000000000003F4036
:10CB800000000000000000003000400030004000C5
:10CB9000000009000BC03D000BC03D00090018C09B
:10CBA00024407FE0224031800000180024C01B0098
:10CBB0000D803240018003801C4027401C800740CC
:10CBC00000401000600000000000000000000000B5
:10CBD000000000001F802040402000004020204036
:10CBE0001F8000000000090006001F8006000900E9
:10CBF0000000040004003F80040004000000001056
:10CC000000600000000000000000040004000400B8
:10CC100004000400000000000040000000000000CC
:10CC20000000002001C006003800400000001F8006
:10CC30002040204020401F800000000010403FC0E6
:10CC400000400000000018C021402240244018404D
:10CC5000000010802040244024401B80000002007F
:10CC60000D0011003FC0014000003C8024402440E2
:10CC70002440238000001F8024402440344003804F
:10CC800000003000200027C03800200000001B807A
:10CC90002440244024401B8000001C0022C022406D
:10CCA00022401F800000000000000840000000003B
:10CCB0000000000000000460000000000000000010
:10CCC00004000A001100208040400900090009000A
:10CCD00009000900000000004040208011000A0007
:10CCE00004001800200023402400180000001F80CA
:10CCF0002040274029401F400000004007C0390065
:10CD00000F0001C0004020403FC0244024401B8051
:10CD100000001F8020402040204030800000204044
:10CD20003FC0204020401F80000020403FC02440E2
:10CD30002E4030C0000020403FC024402E00300074
:10CD400000000F001080204022403380020020406D
:10CD50003FC0040004003FC02040204020403FC0AE
:10CD60002040204000000060202020203FC0200004
:10CD7000200020403FC024400B0030C02040204015
:10CD80003FC020400040004000C03FC03C0003C006
:10CD90003C003FC0000020403FC00C4023003FC08B
:10CDA00020001F802040204020401F8000002040A5
:10CDB0003FC024402400180000001F802140214073
:10CDC00020E01FA0000020403FC02440260019C0E2
:10CDD000004018C024402440224031800000300030
:10CDE00020403FC020403000000020003F80004035
:10CDF00000403F80200020003E0001C007003800B6
:10CE00002000380007C03C0007C038000000204068
:10CE100039C0060039C0204000002000384007C05B
:10CE2000384020000000304021C02640384020C05B
:10CE30000000000000007FE04020402000000000D3
:10CE400070000C00038000400000000040204020E3
:10CE50007FE00000000000002000400020000000F3
:10CE60000000001000100010001000100010000062
:10CE700000004000000000000000000002800540AB
:10CE8000054003C0004020003FC004400440038030
:10CE90000000000003800440044006400000000041
:10CEA0000380044024403FC0004000000380054050
:10CEB000054003400000000004401FC024402440FF
:10CEC0002000000002E005500550065004202040DC
:10CED0003FC00440040003C000400000044027C0DD
:10CEE00000400000000000100010041027E00000C7
:10CEF000000020403FC00140070004C00440204023
:10CF000020403FC000400040000007C0040007C0B0
:10CF1000040003C00000044007C00440040003C034
:10CF2000004000000380044004400380000004101F
:10CF300007F0045004400380000000000380044018
:10CF4000045007F00010044007C002400400040031
:10CF50000000000006400540054004C0000000003D
:10CF600004001F80044000400000040007800040CF
:10CF7000044007C000400400070004C00180060010
:10CF80000400060001C0070001C0060000000440C4
:10CF900006C0010006C0044000000410071004E0B1
:10CFA0000180060004000000044005C00640044063
:10CFB00000000000000004007BE0402000000000B2
:10CFC00000000000FFF000000000000040207BE0B7
:10CFD000040000000000400080004000200020000D
:10CFE0004000000000000000000000000000000001
:10CFF00000000000000000001FCC000C000000003A
:10D0000000000000080030006000080030006000F0
:10D010000000022003FC1E20022003FC1E20022030
:10D02000000000000E1811043FFF10840C7800006F
:10D0300000000F0010840F3800C0077818840078B3
:10D04000000000780F8410C411240E9800E40084BE
:10D0500000080800680070000000000000000000E8
:10D06000000000000000000007E018182004400243
:10D070000000000040022004181807E00000000033
:10D0800000000240024001800FF001800240024097
:10D0900000000080008000800FF800800080008089
:10D0A00000000001000D000E000000000000000064
:10D0B0000000000000800080008000800080008070
:10D0C00000800000000C000C0000000000000000C8
:10D0D0000000000000060018006001800600180033
:10D0E0002000000007F0080810041004080807F0EA
:10D0F00000000000080408041FFC000400040000F5
:10D10000000000000E0C10141024104411840E0CAA
:10D11000000000000C1810041104110412880C7097
:10D120000000000000E00320042408241FFC002469
:10D13000000000001F981084110411041088107062
:10D140000000000007F0088811041104188800701E
:10D15000000000001C00100010FC13001C00100058
:10D16000000000000E3811441084108411440E3861
:10D17000000000000700088C10441044088807F0E5
:10D180000000000000000000030C030C0000000081
:10D190000000000000000001010600000000000087
:10D1A0000000000000800140022004100808100464
:10D1B0000000022002200220022002200220022081
:10D1C0000000000010040808041002200140008044
:10D1D000000000000E001200100C106C10800F00F8
:10D1E000000003E00C1813E4142417C4082807D027
:10D1F00000000004003C03C41C40074000E4001C85
:10D20000000410041FFC1104110411040E880070A6
:10D21000000003E00C1810041004100410081C1087
:10D22000000010041FFC100410041004080807F08C
:10D23000000010041FFC1104110417C41004081886
:10D24000000010041FFC1104110017C0100008009A
:10D25000000003E00C181004100410441C78004077
:10D26000000010041FFC10840080008010841FFC4C
:10D2700010040000100410041FFC1004100400002F
:10D28000000000030001100110011FFE100010003B
:10D29000000010041FFC110403801464181C100407
:10D2A000000010041FFC1004000400040004000C23
:10D2B000000010041FFC1F0000FC1F001FFC1004D6
:10D2C000000010041FFC0C04030000E010181FFCF9
:10D2D000100007F00808100410041004080807F0F4
:10D2E000000010041FFC10841080108010800F00BC
:10D2F000000007F0081810241024101C080A07F278
:10D30000000010041FFC1104110011C011300E0C9C
:10D31000000400000E1C11041084108410441C38FA
:10D3200000001800100010041FFC1004100018006A
:10D33000000010001FF810040004000410041FF87F
:10D34000100010001E0011E0001C007013801C0073
:10D3500010001FC0103C00E01F0000E0103C1FC088
:10D3600000001004180C163401C001C01634180C4B
:10D37000100410001C00130400FC13041C00100017
:10D3800000000804101C1064108413041C041018FE
:10D3900000000000000000007FFE4002400240024A
:10D3A0000000000030000C0003800060001C00033F
:10D3B000000000004002400240027FFE000000002A
:10D3C000000000000000200040004000400020005D
:10D3D0000000000100010001000100010001000146
:10D3E000000100004000400020000000000000009C
:10D3F000000000000098012401440144014400FCA5
:10D40000000410001FFC0088010401040088007063
:10D41000000000000070008801040104010400887D
:10D4200000000000007000880104010411081FFCC6
:10D430000004000000F8014401440144014400C814
:10D4400000000000010401040FFC1104110411008C
:10D450001800000000D601290129012901C901068F
:10D46000000010041FFC008401000100010400FC06
:10D47000000400000104190419FC00040004000069
:10D4800000000000000300010101190119FE000065
:10D49000000010041FFC0024004001B4010C010432
:10D4A00000000000100410041FFC00040004000031
:10D4B0000000010401FC0104010001FC0104010061
:10D4C00000FC010401FC008401000100010400FCD7
:10D4D0000004000000F8010401040104010400F844
:10D4E0000000010101FF00850104010400880070B3
:10D4F000000000000070008801040104010501FF24
:10D5000000010104010401FC008401040100018008
:10D510000000000000CC0124012401240124019812
:10D52000000000000100010007F8010401040000F0
:10D530000000010001F8000400040004010801FCDF
:10D540000004010001800170000C001001600180E6
:10D55000010001F0010C003001C00030010C01F0AD
:10D56000010000000104018C00740170018C0104B1
:10D570000000010101810171000E001801600180AD
:10D58000010000000184010C013401440184010CFC
:10D590000000000000000000000001003EFC40020E
:10D5A00040020000000000000000FFFF000000003B
:10D5B00000000000400240023EFC010000000000AC
:10D5C000000000006000800080004000400020005B
:10D5D000200000000000000000000000000000002B
:10D5E000000000000000000000000000000000003B
:10D5F000000000000000000000000000000000002B
:10D6000000000000000F80380FFE380F8038000047
:10D61000000000000000000000000000000000000A
:10D620000100000600000C00003800003100000678
:10D6300000000C0000380000300000000000000076
:10D64000000061800067F807F98000618000618058
:10D650000061800061800067F807F9800061800048
:10D66000000000000000000001C0E003E0F0063010
:10D67000080418081FFFFE040E080787F00381E066
:10D6800000000000000001F000060C000404080681
:10D690000C7001F9C0000E00003BE000EC18070818
:10D6A00008040C180003E00000000001E00007F08F
:10D6B00003F818041C0804170807E1D003C0E000B1
:10D6C00023B0003C0800200800001000000000000B
:10D6D000000100003100003200001C0000000000CA
:10D6E000000000000000000000000000000000003A
:10D6F000000000000000000000000000000000002A
:10D7000000007F0001FFC00780F00C00181000042B
:10D710002000020000000000002000021000040CA5
:10D7200000180780F001FFC0007F0000000000002B
:10D7300000000000000000000000000000004200A7
:10D74000006600006600003C0000180003FFC000F7
:10D750001800003C00006600006600004200000067
:10D760000000080000080000080000080000080091
:10D7700001FFC000080000080000080000080000C9
:10D78000080000000000000100003100003200002D
:10D790001C0000000000000000000000000000006D
:10D7A0000000000000000000000008000008000069
:10D7B0000800000800000800000800000800000839
:10D7C0000000080000080000000000000000000049
:10D7D00000003800003800003800000000000000A1
:10D7E0000000000000000000000000000000000039
:10D7F0000000000600001C000070000180000E0008
:10D8000000380000C0000700001C000030000000CD
:10D810000000000000007F8001FFE0038070060030
:10D820001804000804000806001803807001FFE0D7
:10D83000007F8000000000000000000001000801DF
:10D84000000801000803FFF807FFF80000080000C7
:10D850000800000800000000000000000001C038BF
:10D8600002C05804009804011804021804041806A1
:10D870001C1803F81801E0F8000000000000000088
:10D880000001C0E003C0F004000804080804080810
:10D8900006180803F41801E7F00001E0000000009A
:10D8A0000000000000000300000D000011000061F6
:10D8B0000000810803010807FFF80FFFF8000108C6
:10D8C0000001080000000000000000E007FCD00696
:10D8D0000808061008061008061008061838060F73
:10D8E000F00607C0000000000000000000003F80BC
:10D8F00001FFE00384300208180410080410080433
:10D900001008071810030FF00007C0000000000007
:10D910000000000003C0000700000600000600F839
:10D920000607F806180006E00007000006000000E1
:10D93000000000000001E1E003F7F00634100418D5
:10D9400008041808040C08040C0806161803F3F061
:10D9500001C1E000000000000000F80003FC3003FB
:10D96000063804020804020804020804041003082C
:10D97000F001FFC0007F0000000000000000000078
:10D980000000000000000000000070380070380047
:10D9900070380000000000000000000000000000DF
:10D9A0000000000000000000000000000000301A2D
:10D9B00000301C000000000000000000000000001B
:10D9C0000000000000000000000800001400002219
:10D9D000000041000080800100400200200400108F
:10D9E00008000800000000000000210000210000E5
:10D9F0002100002100002100002100002100002161
:10DA000000002100002100000000000000000000D4
:10DA1000080008040010020020010040008080007F
:10DA20004100002200001400000800000000000077
:10DA30000003C00004C000040000080038080F38CC
:10DA40000808380810000C300007E00003C0000090
:10DA50000000000000003F8000FFE0038070020F24
:10DA60001006708804C088048308047F8802C09070
:10DA700003012000FE400000080000180001F8002B
:10DA80003E0801C20007020007E20000FE00001F7E
:10DA9000C80001F800003800000804000807FFF87B
:10DAA00007FFF80408080408080408080408080622
:10DAB000180803F41801E7F00001E000000000007E
:10DAC00000003F8001FFE00380700200180400089E
:10DAD0000400080400080400100600200780C000AD
:10DAE000000004000807FFF807FFF804000804001E
:10DAF0000804000804001802001003807001FFE011
:10DB0000007F8000000004000807FFF807FFF8040A
:10DB10000808040808040808040808043E0804006B
:10DB20000806001801006000000004000807FFF864
:10DB300007FFF804080804080004080004080004AB
:10DB40003E0006000006000001800000000000000A
:10DB500000003F8001FFE003807006001804000809
:10DB60000402080402080203F00783F00002000028
:10DB7000020004000807FFF807FFF804080800087F
:10DB80000000080000080000080004080807FFF86B
:10DB900007FFF8040008000000000000040008046B
:10DBA000000804000807FFF807FFF8040008040055
:10DBB000080400080000000000000000000000064B
:10DBC0000000070000010400010400010400030735
:10DBD000FFFE07FFFC040000040000040000040036
:10DBE0000807FFF807FFF8040C08001800003E00C3
:10DBF00004C7800503C80600F804003804001800B4
:10DC0000000804000807FFF807FFF80400080000F8
:10DC100008000008000008000008000008000018C4
:10DC200000006000000004000807FFF807800807F4
:10DC3000FC00007FC00003F80007C00078000780E8
:10DC40000807FFF807FFF804000804000807FFF8BA
:10DC500007000803C00000E000003800001E0000BC
:10DC600007000001C00400F007FFF80400000000F6
:10DC700000007F8001FFE0038070060018040008A8
:10DC800004000806001803003001FFE0007F800058
:10DC9000000004000807FFF807FFF8040408040464
:10DCA00000040400040400040400060C0003F8004F
:10DCB00001F000000000000000007F8001FFE00391
:10DCC00080700600880400880400C806003C030039
:10DCD0003E01FFE6007F8400000004000807FFF813
:10DCE00007FFF8040808040800040C00040F0004EF
:10DCF0000BC00610F003F03801E008000008000037
:10DD00000001E0F803F03006301004180804180889
:10DD1000040C08040C080206180207F00781E00052
:10DD20000000018000060000040000040000040060
:10DD30000807FFF807FFF8040008040000040000CB
:10DD400006000001800004000007FFE007FFF00468
:10DD5000001800000800000800000800000800008B
:10DD60000804001007FFE0040000040000060000A3
:10DD700007E00007FE00041FE00001F80000380083
:10DD800001E0043E0007C00006000004000004009B
:10DD90000007E00007FFC0041FF80007C007F800F5
:10DDA00007FF80043FF80007C004F80007000004E4
:10DDB000000000000004000806001807C07805F104
:10DDC000C8003E00001F800463E80780F8060018C2
:10DDD000040008000000040000060000078000079F
:10DDE000E008047C08001FF80007F800180804E0A9
:10DDF0000807000006000004000000000001000801
:10DE00000600380400F80403E8040F08047C080541
:10DE1000F00807C0080700180400600000000000B8
:10DE2000000000000000000000000000003FFFFEB6
:10DE30002000022000022000022000022000020038
:10DE4000000000000000000008000007000000C003
:10DE5000000038000006000001C000003000000E85
:10DE6000000001000000000000000000200002206F
:10DE700000022000022000022000023FFFFE0000FE
:10DE80000000000000000000000000000000000092
:10DE900000000008000010000030000020000030EA
:10DEA000000010000008000000000000000000005A
:10DEB000010000010000010000010000010000015C
:10DEC000000001000001000001000001000001004D
:10DED0000001000000000000000000200000200001
:10DEE0000010000010000000000000000000000012
:10DEF0000000000000000000000000F00019F80021
:10DF00001B18002208002608002408002410003FE7
:10DF1000F8001FF8000008000018000000040000CE
:10DF200007FFF80FFFF00018180010080020080085
:10DF30002008003018001FF0000FC0000000000093
:10DF4000000007C0001FF000183000200800200863
:10DF5000002008003C08001C1000006000000000C9
:10DF600000000000000007C0001FF000381800206B
:10DF70000800200800200804101007FFF80FFFF029
:10DF80000000100000000000000000000007C000BA
:10DF90001FF0001230002218002208002208003270
:10DFA00008001E10000E20000000000000002000ED
:10DFB00000200800200801FFF803FFF806200804ED
:10DFC00020080420080720000300000000000000D3
:10DFD0000000000E000E6E001FF30031B10020B1F2
:10DFE0000020B1003191001F13002E1E00200E00F2
:10DFF000300000000004000807FFF80FFFF80010D1
:10E0000008002000002000002008003FF8001FF852
:10E0100000000800000000000000000000200800D0
:10E020002008002008063FF8063FF800000800001E
:10E0300008000008000000000000000000000000D0
:10E04000000003000003002001002001002003065F
:10E050003FFE063FFC000000000000000000000042
:10E060000004000807FFF80FFFF800018800030014
:10E07000002FC00038F800203800200800000800F9
:10E080000000000000000000040008040008040074
:10E090000807FFF80FFFF80000080000080000085C
:10E0A000000000000000002008003FF8003FF800DA
:10E0B0001008002000003FF8003FF8001008002082
:10E0C00000003FF8003FF8000008000000002008B2
:10E0D000003FF8003FF8001008001000002000008A
:10E0E0002008003FF8001FF80000080000000000B2
:10E0F000000007C0000FF0001830003008002008B2
:10E10000002008003008001830000FF00007C000A1
:10E110000000000000002001003FFF003FFF001052
:10E1200011002009002008002008003038001FF0EE
:10E13000000FC00000000000000007C0001FF0003A
:10E140003818002008002008002009001011001FC6
:10E15000FF003FFF00000100000000200800200831
:10E16000002008003FF8003FF800080800100800F1
:10E1700020080020000030000030000000000000F7
:10E1800000000000000C78001E180033080023086F
:10E190000021080021880021980030F0003860003C
:10E1A000000000000000200000200000200000FF10
:10E1B000F003FFF8002008002008002008000030CD
:10E1C000000000000000000000002000003FF00000
:10E1D0007FF8000018000008000008002010003F31
:10E1E000F8007FF000001000000000000000200098
:10E1F000003000003C00003F800023F00000780069
:10E200000070002380003C0000300000200000204F
:10E2100000003C00003FE00023F80000E000270081
:10E22000003E00003FE00021F80001E0003E000059
:10E230002000000000002008002008003838003EC0
:10E24000680027800003C8002CF800383800201828
:10E250000020080000000000000020000030030043
:10E260003C01003F830023EC000070002380003C51
:10E27000000020000020000000000000000000005E
:10E280000038080020380020F80023E8002F88001C
:10E290003E08003808002018000070000000000050
:10E2A0000000000000000000000000000000080066
:10E2B0000014001FF7FC30000620000200000000E0
:10E2C000000000000000000000000000000000004E
:10E2D00000000000FFFFFF00000000000000000041
:10E2E00000000000000000000000000020000230DC
:10E2F00000061FF7FC0014000008000000000000EA
:10E3000000000000000000000000000000180000F5
:10E3100060000040000040000020000010000008E5
:10E3200000000400000400000C00001000000000C9
:10E3300075191A0C6A231B1C1F207274433B413849
:10E34000393A6B6C376F06246D6E700068000004FC
:10E3500076005401F7FD0001830000000008000072
:10E360000001001832000500000020410000D242E8
:10E37000295C0F3E9A99993E3333733F295C0F3ED7
:10E3800000007000000000240000000200030000F4
:10E3900000650054FFEF0000FA80000B12820001BC
:10E3A000030C30C30E8C8CE914D5400213710F8E10
:10E3B0003883F8833000F883258EF8833000F883A3
:10E3C000FFFFFFFF0FFEA9D6240004001A8279A1E7
:10E3D0000000003CFFFF00000010000038836FA227
:10E3E000003E03304000000002CAE3093E80000006
:10E3F000200000000000000040000000600000005D
:10E40000000C0000000C186E000006920A16C0DF17
:10E41000FFFF0256FD8CD377FFE1C496E0C5BEAA8C
:10E4200000000000FFFF0B2B0000165700000359EF
:10E430004000000000001DFA00026C1D00000000FA
:10E440003FFFDFEB003EB3B6000D227800002F3C0B
:10E4500000000000001942B5000039A20000B365B9
:10E46000D90E9FC91DCF4C34300000005000000071
:10E470003BB67AE80064000000C80000000000001D
:10E48000100000001000FA921000225E000D229F82
:10E490000001000000320000FF46000063D40000CD
:10E4A0001000000004D6000004CC000004CC0000E2
:10E4B000000010720000004000000000000000009A
:10E4C00000060002000500070000000000640000D4
:10E4D00000000000000000050005006400200000AE
:10E4E00000000000000000000000400000000300E9
:10E4F00000000032F8980000FF650000830F000064
:10E50000FF9BFC0000000000000000000000000075
:10E5100000000000000000000000000000000000FB
:10E5200000000000000000000000000000001000DB
:10E5300040000000000000060000B26A0002000077
:10E540000001FB830068000000D9FC007CF1FF8320
:10E550000000000000650000006403E8006400287B
:10E56000000000250000000016A0000000001000C0
:10E5700000001000002F0000000001F40000100057
:10E5800000280000FFFF4581FFFFFA720000000035
:10E5900000000000004400050005BAC6004778A24C
:10E5A0000000000100000000000006000000001450
:10E5B0000000254D002F706D000005AE000C02D04C
:10E5C000000000000000000000000000000000004B
:10E5D000001B000000000000000000000000000020
:10E5E00000640000000800000000000000000000BF
:10E5F000000000000000000000000000000000001B
:10E60000000000000000000000000000000000000A
:10E6100000000000000000000000000000000000FA
:10E6200000000000000000000000000000000000EA
:10E6300000000000000000000000000000000000DA
:10E64000001B00000000000000000000000E000E93
:10E6500000000AC70004000000000032FFFFFF9C1A
:10E6600000000B2B0000000200000001000000640D
:10E67000FFE50000000000000000000000000000B6
:10E680000000000100000000000100000000000088
:10E69000000180000001800000018000002426D3DA
:10E6A0000000000000000000000600100096003C82
:10E6B000000000000000000000000000000000005A
:10E6C0000C0A4E68CDCF770950166759C619CE820D
:10E6D000000000000000000000000000000000003A
:10E6E000000000000000000017D7840003000000B5
:10E6F0000000000000000000C7938F9D1E1B1C1926
:10E700000000000000000000000000000000000009
:10E710000000000000000000020318850000400017
:10E7200000000003000000030000000000000000E3
:10E730004000000000000000000000000000000099
:10E7400000000000000000000000000000000000C9
:10E7500000000000000000000000000000000000B9
:10E7600000000000677DDF7E72902E554CF6E68833
:10E770000000000000000000000000000000000099
:10E78000D8DCB4B8B0D8B9ABF3F8FAB3B7BB8E9E47
:10E79000AEF132F51BF1B4B8B08097F1A9DFDFDF3D
:10E7A000AADFDFDFF2AAC5CDC7A90CC92C97F1A952
:10E7B00089264666B28999A92D557DB0B08AA8965A
:10E7C000365676F1BAA3B4B280C0B8A89711B28316
:10E7D00098BAA3F0240844106418B2B9B49883F12D
:10E7E000A329557DBAB5B1A38393F0002850F5B2A3
:10E7F000B6AA839328547CF1B9A3829361BAA2DAB2
:10E80000DEDFDB819AB9AEF5606870F1DABAA2DFBB
:10E81000D9BAA2FAB9A38292DB31BAA2D9BAA2F8C4
:10E82000DF85A4D0C1BBAD83C2C5C7B8A2DFDFDF1F
:10E83000BAA0DFDFDFD8D8F1B8AAB38DB4980D3510
:10E840005DB2B6BAAF8C96198F9FA70E161EB49AFA
:10E85000B8AA872C547CBAA4B08AB691325676B244
:10E860008494A4C808CDD8B8B4B0F19982A82D5525
:10E870007D98A80E161EA22C547C92A4F02C5078E1
:10E88000F184A898C4CDFCD80DDBA8FC2DF3D9BA2F
:10E89000A6F8DABAA6DED8BAB2B68696A6D0F3C87B
:10E8A00041DAA6C8F8D8B0B4B882A892F52C54883A
:10E8B00098F135D9F418D8F1A2D0F8F9A884D9C7BD
:10E8C000DFF8F883C5DADF69DF83C1D8F40114F11A
:10E8D000A8824EA884F311D182F5D992289788F1A5
:10E8E00009F41C1CD884A8F3C0F9D1D99782F12966
:10E8F000F40DD8F3F9F9D1D982F4C203D8DEDF1AC6
:10E90000D8F1A2FAF9A88498D9C7DFF8F8F883C734
:10E91000DADF69DFF883C3D8F40114F198A8822EF6
:10E92000A884F311D182F5D992509788F109F41C8B
:10E93000D884A8F3C0F8F9D1D99782F149F40DD859
:10E94000F3F9F9D1D982F4C403D8DEDFD8F1AD8868
:10E9500098CCA809F9D98292A8F57CF1883ACF948D
:10E960004A6E98DB6931DAADF2DEF9D88795A8F204
:10E9700021D1DAA5F9F417D9F1AE8ED0C0C3AE8299
:10E98000C684C3A88595C8A588F2C0F1F4010EF12C
:10E990008E9EA8C63E56F554F18872F40115F19882
:10E9A00045856EF58E9E0488F142985A8E9E0688A3
:10E9B00069F4011CF1981E1108D0F504F11E9702AC
:10E9C00002983625DBF9D985A5F3C1DA85A5F3DFF1
:10E9D000D88595A8F309DAA5FAD88292A8F578F136
:10E9E000881A849F26889821DAF41DF3D8879F39E6
:10E9F000D1AFD9DFDFFBF9F40CF3D8FAD0F8DAF9AC
:10EA0000F9D0DFD9F9D8F40BD8F3879F39D1AFD932
:10EA1000DFDFF41DF3D8FAFCA869F9F9AFD0DADE2C
:10EA2000FAD9F88F9FA8F1CCF398DB45D9AFDFD0A6
:10EA3000F8D8F18F9FA8CAF38809DAAF8FCBF8D83E
:10EA4000F2AD978D0CD9A5DFF9BAA6F3FAF412F25C
:10EA5000D8950DD1D9BAA6F3FADAA5F2C1BAA6F3C0
:10EA6000DFD8F1BAB2B68696A6D0CAF349DAA6CBF9
:10EA7000F8D8B0B4B8D8AD84F2C0DFF18FCBC3A85A
:10EA8000B2B68696C8C1CBC3F3B0B48898A821DBD0
:10EA9000718D9D71859521D9ADF2FAD88597A828F9
:10EAA000D9F408D8F28D29DAF405D9F285A4C2F296
:10EAB000D8A88D9401D1D9F411F2D88721D8F40ABD
:10EAC000D8F28498A8C801D1D9F411D8F3A4C8BB4E
:10EAD000AFD0F2DEF8F8F8F8F8F8F8F8D8F1B8F6B0
:10EAE000B5B9B08A95A3DE3CA3D9F8D85CA3D9F810
:10EAF000D87CA3D9F8D8F8F9D1A5D9DFDAFAD8B1FA
:10EB00008530F7D9DED8F830ADDADED8F2B48C999A
:10EB1000A32D557DA083DFDFDFB591A0F629D9FBBA
:10EB2000D8A0FC29D9FAD8A0D051D9F8D8FC51D90D
:10EB3000F9D879D9FBD8A0D0FC79D9FAD8A1F9F9BC
:10EB4000F9F9F9A0DADFDFDFD8A1F8F8F8F8F8ACC6
:10EB5000DEF8ADDE8393AC2C547CF1A8DFDFDFF66A
:10EB60009D2CDAA0DFD9FADB2DF8D8A850DAA0D096
:10EB7000DED9D0F8F8F8DB55F8D8A878DAA0D0DFDD
:10EB8000D9D0FAF8F8F8F8DB7DF8D89CA88CF530E5
:10EB9000DB38D9D0DEDFA0D0DEDFD8A848DB58D9FB
:10EBA000DFD0DEA0DFD0DED8A868DB70D9DFDFA041
:10EBB000DFDFD8F1A888902C547C98A8D05C38D19D
:10EBC000DAF2AE8CDFF9D8B087A8C1C1B188A8C687
:10EBD000F9F9DA36D8A8F9DA36D8A8F9DA36D8A8A1
:10EBE000F9DA36D8A8F9DA36D8F78D9DADF818DA03
:10EBF000F2AEDFD8F7ADFA30D9A4DEF9D8F2AEDE46
:10EC0000FAF983A7D9C3C5C7F1889BA77AADF7DE08
:10EC1000DFA4F8849408A797F300AEF29819A488AB
:10EC2000C6A39488F632DFF28393DB09D9F2AADF18
:10EC3000D8D8AEF8F9D1DAF3A4DEA7F1889B7AD858
:10EC4000F38494AE19F9DAAAF1DFD8A881C0C3C55C
:10EC5000C7A39283F628ADDED9F8D8A350ADD9F872
:10EC6000D8A378ADD9F8D8F8F9D1A1DADEC3C5C7F1
:10EC7000D8A18194F818F2B089ACC3C5C7F1D8B84F
:10EC8000B4B09786A8319B069907AB9728889BF06C
:10EC90000C201440B0B4B8F0A88A9A285078B79BDA
:10ECA000A8295179247059446938644831F1BBABC3
:10ECB00088002C547CF0B38BB8A804285078F1B0AD
:10ECC00088B49726A85998BBABB38B02264666B08A
:10ECD000B8F08A9CA82951798B2951798A247059D6
:10ECE0008B2058718A4469388B3940688A6448316E
:10ECF0008B30496088F1AC002C547CF08CA804283F
:10ED00005078F1889726A85998AC8C02264666F070
:10ED1000899CA8295179247059446938644831A9DB
:10ED20008809205970AB11384069A8193148608CA6
:10ED3000A83C415C207C00F187981986A86E767EFD
:10ED4000A999882D557DD8B1B5B9A3DFDFDFAED045
:10ED5000DFAAD0DEF2ABF8F9D9B087C4AAF1DFDFC1
:10ED6000BBAFDFDFB9D8B1F1A3978E60DFB084F21B
:10ED7000C8F8F9D9DED89385F14AB183A308B583E1
:10ED80009A0810B79F10D8F1B0BAAEB08AC2B2B626
:10ED90008E9EF1FBD9F41DD8F9D90CF1D8F8F8AD55
:10EDA00061D9AEFBD8F40CF1D8F8F8AD19D9AEFBA7
:10EDB000DFD8F416F1D8F8AD8D61D9F4F4ACF59C38
:10EDC0009C8DDF2BBAB6AEFAF8F40BD8F1AED0F8C2
:10EDD000AD51DAAEFAF8F1D8B9B1B6A3839C08B94F
:10EDE000B1839AB5AAC0FD3083B79F10B58B93F25B
:10EDF0000202D1ABDADED8F1B080BAABC0C3B284C4
:10EE0000C1C3D8B1B9F38BA391B609B4D9ABDEB005
:10EE1000879CB9A3DDF1B38B8B8B8B8BB087A3A3BE
:10EE2000A3A3B28BB69BF2A3A3A3A3A3A3A3A3A361
:10EE3000A3F1B087B59AA3F39BA3A3DCBAACDFB967
:10EE4000A3A3A3A3A3A3A3A3A3A3A3A3A3A3A3A392
:10EE5000D8D8D8BBB3B7F1AAF9DAFFD9809AAA28D3
:10EE6000B48098A720B79787A86688F07951F19069
:10EE70002C870CA781976293F071716085940129AA
:10EE8000517990A5F1284C6C870C95188578A3834F
:10EE900090284C6C886CD8F3A28200F210A89219CA
:10EEA00080A2F2D926D8F188A84DD948D896A83999
:10EEB00080D93CD89580A839A68698D92CDA87A71E
:10EEC0002CD8A8899519A980D938D8A88939A980BA
:10EED000DA3CD8A82EA83990D90CD8A8953198D961
:10EEE0000CD8A809D9FFD801DAFFD89539A9DA26B4
:10EEF000FFD890A80D8999A810809821DA2ED8897A
:10EF000099A83180DA2ED8A886963180DA2ED8A832
:10EF1000873180DA2ED8A88292F34180F1D92ED899
:10EF2000A882F31980F1D92ED882ACF3C0A2802236
:10EF3000F1A62EA72EA92298A829DAACDEFFD8A226
:10EF4000F22AF1A92E8292A8F23180A696F1D90078
:10EF5000AC8C9C0C30ACDED0DEFFD88C9CACD010DE
:10EF6000ACDE8092A2F24C82A8F1CAF235F196880A
:10EF7000A6D900D8F1FF00000F0000000F0000002C
:10EF8000FF0000000F0000000F0000000F00000055
:10EF900000000000303132333435363738394142E1
:10EFA00043444546403058003031323334353637EB
:10EFB0003839616263646566403078000400000897
:10EFC000000000000000000200010000100000002E
:10EFD000555555555555C53F7D6FEB0312D6D4BFDA
:10EFE0005544880E55C1C93F3B8F68B52882A4BFE0
:10EFF00088B20175E0EF493F09F7FD0DE13D023FA1
:10F000004B2D8A1C273A03C0C88A599CE52A004028
:10F0100059018D1B6C06E6BF82922EB1C5B8B33F75
:10F020004FBB610567ACDD3F182D4454FB21E93F20
:10F030009BF681D20B73EF3F182D4454FB21F93F0F
:10F04000E2652F227F2B7A3C075C143326A6813C95
:10F05000BDCBF07A8807703C075C143326A6913C40
:10F06000C4EB98999999C9BF711623FEC671BCBFAC
:10F070006D9A74AFF2B0B3BF9AFDDE522DDEADBF14
:10F080002F6C6A2C44B4A2BF0D5555555555D53F2C
:10F09000FF8300922449C23F6E204CC5CD45B73F47
:10F0A000513DD0A0660DB13FEB0D76244B7BA93FBF
:10F0B00011DA22E33AAD903F0000000000000000AA
:10F0C00050726F64756374204944207265616420D6
:10F0D0006173203020696E646963617465732064B4
:10F0E0006576696365206973206569746865722057
:10F0F000696E636F6D70617469626C65206F7220F8
:10F10000616E204D5055333035302E0A000000001E
:10F110003F000000646563006964000072756E74EE
:10F12000696D650068656C70000000006C6973743F
:10F1300000000000686578007538204D50555F5715
:10F14000726974655F4279746528753820726567E5
:10F150002C753820646174612900000073686F7237
:10F1600074204D50555F4765745F54656D706572CE
:10F17000617475726528766F696429007538204D51
:10F1800050555F526561645F427974652875382017
:10F190007265672900000000766F696420777269E4
:10F1A00074655F61646472287533322061646472CF
:10F1B0002C7533322076616C2900000075333220C3
:10F1C000726561645F6164647228753332206164C2
:10F1D00064722900766F69642064656C61795F6D83
:10F1E0007328753136206E6D73290000766F69645F
:10F1F0002064656C61795F757328753332206E7594
:10F200007329000024F2000800000020B80100006B
:10F21000C4010008ACF20008B80100204807000053
:10F220002002000811847A030A300A01020304064E
:10F230000708090123FFFF1330E31B084C040120DA
:10F240001A582429346904E12956695A211310F106
:10F250001B0824041A2C041A18041A34041A14045F
:10F260001A1C04130BA81B08BC081A11082A9808BA
:10F27000127A1B08D4081381791B08EC08137D450A
:10F280001B0838081335462B087C1012471B085CF6
:10F2900008228C142061A31B088504132FA41408D2
:0CF2A00093A70B1208078B01CB000000A5
:040000050800018965
:00000001FF
