:020000040800F2
:10000000E8670020856C0008090300080B0300085E
:100010000F03000813030008170300080000000086
:100020000000000000000000000000001B030008AA
:100030001D030008000000001F0300082103000842
:100040009F6C00089F6C00089F6C00089F6C000864
:100050009F6C00089F6C00089F6C00089F6C000854
:100060009F6C00089F6C00089F6C00089F6C000844
:100070009F6C00089F6C00089F6C00089F6C000834
:100080009F6C00089F6C00089F6C00089F6C000824
:100090009F6C00089F6C00089F6C00089F6C000814
:1000A0009F6C00089F6C00089F6C00089F6C000804
:1000B0009F6C00089F6C00089F6C00089F6C0008F4
:1000C0009F6C00089F6C00089F6C00089F6C0008E4
:1000D0009F6C0008FB6B00089F6C00089F6C000879
:1000E0009F6C00089F6C00089F6C00089F6C0008C4
:1000F0009F6C00089F6C00089F6C00089F6C0008B4
:100100009F6C00089F6C00089F6C00089F6C0008A3
:100110009F6C00089F6C00089F6C00089F6C000893
:10012000695300089F6C00089F6C00089F6C0008D2
:100130009F6C00089F6C00089F6C00089F6C000873
:100140009F6C00089F6C00089F6C00089F6C000863
:100150009F6C00089F6C00089F6C00089F6C000853
:100160009F6C00089F6C00089F6C00089F6C000843
:100170009F6C00089F6C00089F6C00089F6C000833
:100180009F6C00089F6C000800F002F800F04CF82B
:100190000AA090E8000C82448344AAF10107DA45E2
:1001A00001D100F041F8AFF2090EBAE80F0013F0E8
:1001B000010F18BFFB1A43F001031847FCC30000EE
:1001C0001CC40000103A24BF78C878C1FAD852077E
:1001D00024BF30C830C144BF04680C6070470000C1
:1001E0000023002400250026103A28BF78C1FBD840
:1001F000520728BF30C148BF0B60704766290AF01C
:100200008C85782909F06482002070471FB50AF0B8
:100210007FFD09F047FD0400002000210AF06CFA80
:10022000E0601FBD10B510BD09F058FE1146FFF784
:10023000EDFF00F009F809F076FE03B4FFF7F2FFD6
:1002400003BC06F07BFC00001CB54FF4A06006F078
:1002500039FDA82006F0F0FB4FF4E13006F07BFCFE
:1002600001F028F800201549088005F07DFD05F013
:1002700040F813A00C210B464FF48472CDE9001016
:100280000021084604F063FF13A00C210B464FF435
:100290008472CDE90010002004F059FF14A00C2155
:1002A0000B464FF48472CDE900101821002004F0B1
:1002B0004EFF01E005F03EFEFCE7000014000020C8
:1002C00043757272656E74204672653A2020202054
:1002D000202020487A00000043757272656E7420F9
:1002E0005670783A202020202020206D56000000F3
:1002F00043757272656E742056706E3A202020200D
:100300002020206D56000000704700BFFEE700BFB0
:10031000FEE700BFFEE700BFFEE77047704770478B
:10032000704700000CB500200190009076480068EE
:1003300040F480307449086000BF7348006800F4DE
:10034000003000900198401C0190009818B9019865
:10035000B0F5A04FF1D16C48006800F4003010B146
:100360000120009001E0002000900098012846D173
:1003700065484030006840F0805063494031086073
:100380006248006840F44040604908605E480830B8
:1003900000685D49083108600846006840F4004084
:1003A00008600846006840F4A05008605848091FDB
:1003B0000860081F006840F08070091F086000BFD7
:1003C0005148006800F000700028F9D040F2057034
:1003D000504908604C480830006820F003004A4942
:1003E000083108600846006840F00200086000BF5D
:1003F00045480830006800F00C000828F8D10CBD12
:1004000010B54548006840F47000434908603E4814
:10041000006840F001003C49086000203A4908317A
:100420000860394800683D490840374908603C4841
:10043000091D0860081F006820F48020091F08605B
:10044000002031490C310860FFF76CFF4FF000606D
:1004500031498039086010BD70B5002000220223A8
:1004600000240221284D08352D6805F00C0020B12C
:10047000042806D0082834D107E02A4D2A4E3560DA
:1004800033E02A4D284E35602FE01F4D2D1D2D687D
:10049000C5F380541C4D2D1D2D6805F03F0154B14E
:1004A000224DB5FBF1F5184E361D3668C6F3881699
:1004B00005FB06F209E01B4DB5FBF1F5124E361DAA
:1004C0003668C6F3881605FB06F20F4D2D1D2D6804
:1004D000C5F301456D1C6B00B2FBF3F5124E3560A0
:1004E00003E0104D104E356000BF00BF064D0835CB
:1004F0002D68C5F303150E4E705D0B4D2D68C5407C
:10050000094E356070BD00000038024000700040A8
:1005100008544007003C024088ED00E0FFFFF6FE73
:10052000103000240024F4000000002000127A00A3
:100530000400002001B5BDF800000090BDF80000E7
:10054000F849088008BD01B5BDF800000090BDF86D
:100550000000F449891C088008BD08B5F148801CDA
:1005600000880090BDF8000008BDEE4A10804FF0F2
:10057000D842A2F88010704710B504462046FFF715
:10058000D9FF052006F072FAFFF7E7FF10BDE64835
:100590000089E44908807047E249891C0880704757
:1005A00030B5014601F01F04C1F34513CA0AE50244
:1005B00005EB43151544A8B230BD00BF011EA0F1E4
:1005C0000102D0B2FAD1704730B504460D46D64884
:1005D000808849F24131884205D0D348808845F26D
:1005E0001031884214D1D0494889FFF7A3FF201267
:1005F000FFF7A9FFE0B2FFF7A6FFCB498889FFF715
:1006000099FF2812FFF79FFFE8B2FFF79CFFABE0CE
:10061000C548808846F6040188421DD1C2488079C9
:10062000012804D1C0480088401E001B84B2BE4986
:100630004889FFF77FFF2012FFF785FFE0B2FFF741
:1006400082FFB9498889FFF775FF2812FFF77BFF02
:10065000E8B2FFF778FF87E0B348808841F663117E
:10066000884247D1B0488079A8B9AF480088401E79
:10067000001B84B2AC494889FFF75CFF0020FFF7FC
:1006800062FF0020FFF75FFF2012FFF75CFFE0B280
:10069000FFF759FF16E0A4494889FFF74BFF2012E6
:1006A000FFF751FFE0B2FFF74EFF9F490988491E4F
:1006B000C1F30F20FFF747FF9B490978491EC8B2D5
:1006C000FFF741FF98498889FFF734FF2812FFF7A9
:1006D0003AFFE8B2FFF737FF93494988491EC1F353
:1006E0000F20FFF730FF90498978491EC8B2FFF705
:1006F0002AFF39E08C48808845F21051884220D189
:1007000089494889FFF716FF2012FFF71CFF864929
:100710004989491C88B2FFF70DFFE0B2FFF713FFCC
:1007200081498889FFF706FF2812FFF70CFF7E49F1
:100730008989491C88B2FFF7FDFEE8B2FFF703FF85
:1007400012E079488079012804D177480088401E5A
:10075000001B84B2744948892146FFF706FF72499D
:1007600088892946FFF701FF30BD2DE9F041054694
:100770000E4600240027A0466B480088A84203DDEF
:1007800069484088B04202DC0020BDE8F081314673
:100790002846FFF719FF6448808849F241318842B2
:1007A00011D06148808846F6040188420BD05E482B
:1007B000808845F21031884205D05B48808841F638
:1007C0006311884203D12E20FFF7B4FE0DE0564896
:1007D000808845F21051884204D14FF43850FFF719
:1007E000A9FE02E02220FFF7A5FE4F48808849F2CB
:1007F0002031884202D10220FFF7DFFEFFF7ADFE75
:1008000004464948808841F66311884201D1204658
:10081000BBE70220FFF7D1FEFFF79FFE04464248E8
:10082000808849F2413188420BD03F48808845F2A8
:100830001031884205D03C48808845F210518842EA
:100840000AD10220FFF7B9FEFFF787FE8046E7B224
:100850004FF6FF7000EA07273348808849F22531B8
:10086000884216D03048808844F23551884210D0F2
:100870002D488088091F88420BD02B4880884BF276
:100880000551884205D0284880884CF2055188429D
:1008900001D1204679E72448808849F241318842D5
:1008A0000BD02148808845F21031884205D01E487F
:1008B000808845F21051884207D1E012C002B91277
:1008C00040EA411040EAE8205FE72046FFF768FE73
:1008D0005BE700B51448808849F24131884211D065
:1008E0001148808846F6040188420BD00E48808863
:1008F00045F21031884205D00B48808841F66311DB
:10090000884203D12920FFF715FE14E006488088AD
:1009100045F21051884209D14FF42450FFF70AFEE6
:1009200009E000007E00006CAC00002040F2731172
:100930000720FFF71AFE00BD00B5FD48808849F288
:100940004131884211D0FA48808846F60401884235
:100950000BD0F748808845F21031884205D0F44822
:10096000808841F66311884203D12820FFF7E2FD19
:100970000EE0EF48808845F21051884204D14FF4D0
:100980002050FFF7D7FD03E000210720FFF7EDFD22
:1009900000BDF0B5054600240027E5488079012810
:1009A0000BD1E348808846F60401884205D0E04830
:1009B000808841F66311884208D1DD488079F0B91A
:1009C000DB48808841F66311884218D1082D15D282
:1009D000DFE805F00406080A0C0E101206250DE0EB
:1009E00007250BE0042509E0052507E0012505E0C2
:1009F000002503E0032501E0022500BF00BFCC482D
:100A0000808849F24131884217D0C948808846F62B
:100A10000401884211D0C648808845F210318842CE
:100A20000BD0C348808845F21051884205D0C04899
:100A3000808841F6631188427ED1082D1CD2DFE800
:100A400005F00406090C0F12151800BF14E044F05D
:100A5000800411E044F040040EE044F0C0040BE0D8
:100A600044F0200408E044F0600405E044F0A004F1
:100A700002E044F0E00400BF00BFAD48808845F2CA
:100A80001051884202D14FF4585700E03627A84849
:100A9000808845F2103188420DD0A548808845F203
:100AA0001051884207D0A248808841F663118842DD
:100AB00001D044F008049E48808846F6040188422C
:100AC00001D144F0020421463846FFF74EFD984814
:100AD000808841F6631188421DD004F0200068B17F
:100AE0009348008892494988884214DA90480688D9
:100AF00040888F490880084646800CE08C48008872
:100B00008B494988884206DD89480688408888499B
:100B10000880084646808648808845F21051884201
:100B200054D183494889FFF705FD0020FFF70BFDED
:100B30007F494989491C00E077E088B2FFF7FAFC59
:100B40000020FFF700FD7A494989891C88B2FFF728
:100B5000F1FC77490988491EC1F30F20FFF7F3FC28
:100B600073494989C91C88B2FFF7E4FC70490978C8
:100B7000491EC8B2FFF7E7FC6D498889FFF7DAFC28
:100B80000020FFF7E0FC6A498989491C88B2FFF719
:100B9000D1FC0020FFF7D7FC65498989891C88B200
:100BA000FFF7C8FC62494988491EC1F30F20FFF7CF
:100BB000CAFC5F498989C91C88B2FFF7BBFC5C4944
:100BC0008978491EC8B2FFF7BEFC55E058494889EC
:100BD000FFF7B0FC0020FFF7B6FC0020FFF7B3FCE6
:100BE00053490988491EC1F30F20FFF7ACFC504957
:100BF0000978491EC8B2FFF7A6FC4D498889FFF75E
:100C000099FC0020FFF79FFC0020FFF79CFC48495F
:100C10004988491EC1F30F20FFF795FC44498978A4
:100C2000491EC8B2FFF78FFC26E0082D1CD2DFE872
:100C300005F004070A0D0F12151844F0300413E0F4
:100C400044F0100410E044F020040DE000BF0BE07D
:100C500044F0380408E044F0280405E044F01804A7
:100C600002E044F0080400BF00BF032744F48054AE
:100C700021463846FFF779FCF0BD30B504460D46F5
:100C800029462046FFF7A0FCFFF781FC2948008891
:100C90002949088030BD70B504460D4616462448E3
:100CA000808849F24131884205D02148808845F248
:100CB0001031884214D11E494889FFF73BFC2012AD
:100CC000FFF741FCE0B2FFF73EFC19498889FFF7C6
:100CD00031FC2812FFF737FCE8B2FFF734FC93E051
:100CE0001348808845F21051884227D1104948891D
:100CF000FFF720FC2012FFF726FC0D494989491C0B
:100D000088B2FFF717FCE0B2FFF71DFC084988899D
:100D1000FFF710FC2812FFF716FC05498989491CCA
:100D200088B2FFF707FCE8B2FFF70DFC6CE00000AB
:100D3000AC000020140000208000006CFE48808879
:100D400041F66311884228D1FB48807920B9FA48DE
:100D50000088401E001B84B2F7494889FFF7EAFB70
:100D60002012FFF7F0FBE0B2FFF7EDFB2012FFF7D8
:100D7000EAFBE0B2FFF7E7FBEF498889FFF7DAFB10
:100D80002812FFF7E0FBE8B2FFF7DDFB2812FFF7C0
:100D9000DAFBE8B2FFF7D7FB36E0E748808846F693
:100DA000040188421DD1E4488079012804D1E24839
:100DB0000088401E001B84B2DF494889FFF7BAFB58
:100DC0002012FFF7C0FBE0B2FFF7BDFBDA498889CC
:100DD000FFF7B0FB2812FFF7B6FBE8B2FFF7B3FB53
:100DE00012E0D5488079012804D1D3480088401EFC
:100DF000001B84B2D04948892146FFF7B6FBCE4993
:100E000088892946FFF7B1FBCB480089CB49088088
:100E10004FF0D840A0F8806070BD70B52DED048B08
:100E20000446BE20FFF786FB0520FFF78CFB20461B
:100E300009F020FE41EC190B9FEDC10B53EC102B78
:100E400009F068FE41EC180B09F0D0FD85B2284688
:100E5000FFF779FB0120FFF776FBFF20FFF773FB1D
:100E60000020FFF770FB0020FFF76DFBBDEC048B4B
:100E700070BD10B50446002C66D1AF498871F020D2
:100E800008804FF4A07048800846808849F24131BC
:100E900088420BD0A848808846F60401884205D0D5
:100EA000A548808845F2103188421AD12C20A249E9
:100EB00008812A2048812B2088810846808846F6B0
:100EC0000401884205D09C48808845F21031884250
:100ED00006D14FF4A070984908804FF4F070488014
:100EE000A1E09548808845F21051884210D14FF416
:100EF0003050914908814FF4285048814FF42C50CC
:100F000088814FF4F07008804FF4487048808AE080
:100F10008948808841F6631188420DD12C2086498A
:100F200008812B2048812A2088814FF4F0700880A6
:100F30004FF44870488076E022207F4908812020C5
:100F40004881212088816EE001207B4988714FF41F
:100F5000A0700880F02048800846808849F241311E
:100F6000884205D07448808845F21031884207D104
:100F70002C20714908812A2048812B2088813FE05C
:100F80006D48808846F60401884207D12C206A49C2
:100F900008812B2048812A20888131E0664880889A
:100FA00045F21051884210D14FF430506249088107
:100FB0004FF4285048814FF42C5088814FF44870EA
:100FC00008804FF4F07048801AE05B48808841F652
:100FD000631188420DD12C20574908812A2048816D
:100FE0002B2088814FF4487008804FF4F0704880BF
:100FF00006E0222050490881212048812020888154
:101000004D48808846F60401884205D04A488088C9
:1010100045F21031884206D14FF4F07046490880FD
:101020004FF4A07048800020FFF7B3FC10BD2DE9FD
:10103000F04F86B004460D469046994604EB0800F2
:10104000401E86B205EB0900401E87B23A488088F0
:1010500049F24131884215D03748808845F2103135
:1010600088420FD03448808846F60401884209D06F
:1010700031488079012826D12F48808841F66311B4
:10108000884220D12C494889FFF754FA2012FFF7F3
:101090005AFAE0B2FFF757FA3012FFF754FAF0B2FB
:1010A000FFF751FA24498889FFF744FA2812FFF71D
:1010B0004AFAE8B2FFF747FA3812FFF744FAF8B2F3
:1010C000FFF741FAC1E01C48808841F6631188426D
:1010D0003DD119480088A0EB0800001B84B205EB45
:1010E0000900401E1FFA80F913494889FFF722FAC8
:1010F0002012FFF728FAE0B2FFF725FA04EB080107
:10110000491EC1F30F20FFF71EFA04EB0801491E28
:10111000C8B2FFF718FA08498889FFF70BFA2812B6
:10112000FFF711FAE8B2FFF70EFA4FEA2920FFF7AE
:101130000AFA09F0FF0007E0AC0000207E00006C16
:101140006666666666660440FFF7FDF97DE0FE4868
:10115000808845F21051884244D1FB494889FFF705
:10116000E9F92012FFF7EFF9F7494989491C88B2DC
:10117000FFF7E0F9E0B2FFF7E6F9F3494989891C86
:1011800088B2FFF7D7F93012FFF7DDF9EE49498948
:10119000C91C88B2FFF7CEF9F0B2FFF7D4F9EA49DB
:1011A0008889FFF7C7F92812FFF7CDF9E649898941
:1011B000491C88B2FFF7BEF9E8B2FFF7C4F9E2496B
:1011C0008989891C88B2FFF7B5F93812FFF7BBF996
:1011D000DD498989C91C88B2FFF7ACF9F8B2FFF77D
:1011E000B2F932E0D848807901280ED1AA46BB4630
:1011F000D5480088801B401E80B20190D2480088EC
:10120000001B401E80B2009003E0A246B346019549
:1012100000975020059051200490522003905320B5
:10122000029051460598FFF7A0F959460498FFF738
:101230009CF901990398FFF798F900990298FFF734
:1012400094F929462046FFF7BFF906B0BDE8F08FB4
:1012500070B504460026BC48058840884543BA4816
:10126000808846F60401884216D1B7488079012863
:1012700012D10020B44988712A2048812B2088810E
:1012800000210846FFF7A0F90120AF4988712B2003
:1012900048812A20888103E000210846FFF794F95D
:1012A000FFF775F9002602E0A8480480761CAE42DC
:1012B000FAD370BD00B5A1B00020209001217A20A2
:1012C00006F078FB0121084606F0ACFB4FF4004025
:1012D0001E9001208DF87C0000208DF87E000220F9
:1012E0008DF87D0001208DF87F001EA9984805F03B
:1012F000DFFD4CF233701E9002208DF87C00002040
:101300008DF87E0003208DF87D0001208DF87F0090
:101310001EA9904805F0CCFD4FF680701E9002206B
:101320008DF87C0000208DF87E0003208DF87D0074
:1013300001208DF87F001EA9874805F0B9FD4FF404
:1013400080501E9002208DF87C0000208DF87E00D9
:1013500003208DF87D0001208DF87F001EA97F48B5
:1013600005F0A6FD4FF480501E9002208DF87C0001
:1013700000208DF87E0003208DF87D0001208DF87F
:101380007F001EA9764805F093FD0C2200217148CC
:1013900005F019FE0C2201216E4805F014FE0C2206
:1013A00004216C4805F00FFE0C220521694805F068
:1013B0000AFE0C220821674805F005FE0C220921CF
:1013C000644805F000FE0C220A21624805F0FBFD8E
:1013D0000C220E215F4805F0F6FD0C220F215D481E
:1013E00005F0F1FD0C2207215B4805F0ECFD0C2215
:1013F0000821594805F0E7FD0C220921564805F05F
:10140000E2FD0C220A21544805F0DDFD0C220B21DF
:10141000514805F0D8FD0C2211464F4805F0D3FD88
:101420000C220D214C4805F0CEFD0C220E214A481D
:1014300005F0C9FD0C220F21474805F0C4FD0C2220
:101440001146464805F0BFFD0C221146444805F000
:10145000BAFD0F200890002009903C200A9000203F
:101460000B900C900D900E9009200190002002909E
:101470000820039000200490059006900790062015
:101480000F900020109011901020129000201390C7
:1014900015901490169017904FF4805018900020DB
:1014A00019904FF480401A9000201B9008A81C90BF
:1014B00001A81D900FA805F0DAFD0121062005F016
:1014C00061FE322005F01AFB01210020FFF74DF8E4
:1014D000322005F013FB0020FFF74EF81A498880F0
:1014E00008468088FF280ADB084680884FF6FF718F
:1014F000884204D014488088B0F5134F7ED1D320A1
:10150000FFF718F8FFF729F80F498880FFF725F84B
:101510000D498880FFF721F80B49888008468088AC
:101520004FF6FF7101EA002007498880FFF715F8A0
:10153000054989880843044988800846808849F21B
:10154000413188425AD00DE0AC0000208000006C90
:1015500000040240000C024000100240001402404F
:1015600000180240BF20FEF7E5FFFEF7F6FFFE4938
:101570008880FEF7F2FFFC498880FEF7EEFFFA490B
:101580008880FEF7EAFFF8498880084680884FF691
:10159000FF7101EA0020F4498880FEF7DEFFF2497E
:1015A00089880843F04988800846808846F6040107
:1015B00088427AD0D420FEF7BDFFFEF7CEFFEA497D
:1015C0008880FEF7CAFFE8498880FEF7C6FFE64933
:1015D0008880084680884FF6FF7101EA0020E249C2
:1015E0008880FEF7BAFFE04989880843DE49888091
:1015F0000846808845F21031884200E055E054D01A
:101600004FF45A40FEF796FFFEF7A7FFD6498880B1
:101610004FF45B40FEF78EFFFEF79FFFD2498880B4
:10162000084680884FF6FF7101EA0020CE49888085
:101630004FF45C40FEF77EFFFEF78FFFCA498988B2
:101640000843C949888008468088B0F5004F02D118
:1016500045F210508880C448808845F21051884275
:1016600023D0A120FEF766FFFEF777FFBE498880F2
:10167000FEF773FFBC498880084680884FF6FF71EB
:1016800001EA0020B8498880FEF767FFB6498988DB
:101690000843B54988800846808845F261718842D0
:1016A00003D141F66310B0498880AF48808849F281
:1016B0004131884211D0AC48808845F210318842CF
:1016C0000BD0A948808845F21051884205D0A64821
:1016D000808841F6631188421DD1A448006820F03B
:1016E0000F004FF02041C1F81C010846D0F81C0142
:1016F00020F47060C1F81C010846D0F81C0140F0CD
:101700000300C1F81C010846D0F81C0140F4007029
:10171000C1F81C0128E09448808846F604018842FC
:1017200005D0914880884CF2055188421CD18F48E1
:10173000006820F00F004FF02041C1F81C0108465E
:10174000D0F81C0120F47060C1F81C010846D0F8E4
:101750001C0140F00A00C1F81C010846D0F81C0129
:1017600040F44060C1F81C017F48818880A007F0E8
:101770006FFF7D48808849F2413188427ED1CF2079
:10178000FEF7D8FE0020FEF7DEFEC120FEF7DBFEEE
:101790003020FEF7D8FEED20FEF7CCFE6420FEF7E9
:1017A000D2FE0320FEF7CFFE1220FEF7CCFE8120F2
:1017B000FEF7C9FEE820FEF7BDFE8520FEF7C3FE5A
:1017C0001020FEF7C0FE7A20FEF7BDFECB20FEF70C
:1017D000B1FE3920FEF7B7FE2C20FEF7B4FE002044
:1017E000FEF7B1FE3420FEF7AEFE0220FEF7ABFEA0
:1017F000F720FEF79FFE2020FEF7A5FEEA20FEF769
:1018000099FE0020FEF79FFE0020FEF79CFEC02000
:10181000FEF790FE1B20FEF796FEC120FEF78AFE23
:101820000120FEF790FEC520FEF784FE3020FEF773
:101830008AFE3020FEF787FEC720FEF77BFEB7202A
:10184000FEF781FE3620FEF775FE4820FEF77BFE90
:101850003A20FEF76FFE5520FEF775FEB120FEF729
:1018600069FE0020FEF76FFE1A20FEF76CFEB62020
:10187000FEF760FE0A20FEF766FE00E0A5E0A2206B
:10188000FEF761FEF220FEF755FE0020FEF75BFE3C
:101890002620FEF74FFE0120FEF755FEE020FEF762
:1018A00049FE0F20FEF74FFE2A20FEF74CFE2820AF
:1018B000FEF749FE0820FEF746FE0E20FEF743FE27
:1018C0000820FEF740FE5420FEF73DFEA920FEF75B
:1018D0003AFE4320FEF737FE0A20FEF734FE0F20C3
:1018E000FEF731FE0020FEF72EFE0020FEF72BFE55
:1018F0000020FEF728FE0020FEF725FEE120FEF77F
:1019000019FE0020FEF71FFE1520FEF71CFE172013
:10191000FEF719FE0720FEF716FE1120FEF713FE54
:101920000620FEF710FE2B20FEF70DFE5620FEF7D8
:101930000AFE3C20FEF707FE0520FEF704FE1020FD
:10194000FEF701FE0F20FEF7FEFD3F20FEF7FBFD38
:101950003F20FEF7F8FD0F20FEF7F5FD2B20FEF7E8
:10196000E9FD00200CE00000AC0000201C0100A0FC
:10197000204C43442049443A25780D0A00000000D9
:10198000FEF7E1FD0020FEF7DEFD0120FEF7DBFDA6
:101990003F20FEF7D8FD2A20FEF7CCFD0020FEF701
:1019A000D2FD0020FEF7CFFD0020FEF7CCFDEF209A
:1019B000FEF7C9FD1120FEF7BDFD782005F09EF869
:1019C0002920FEF7B7FD03F01DB9FE48808846F6D2
:1019D000040188427ED11120FEF7ACFD142005F0F1
:1019E0008DF8D020FEF7A6FD0720FEF7ACFD4220C3
:1019F000FEF7A9FD1D20FEF7A6FDD120FEF79AFDFA
:101A00000020FEF7A0FD1A20FEF79DFD0920FEF73D
:101A10009AFDD220FEF78EFD0120FEF794FD2220D4
:101A2000FEF791FDC020FEF785FD1020FEF78BFD2F
:101A30003B20FEF788FD0020FEF785FD0220FEF723
:101A400082FD1120FEF77FFDC520FEF773FD032008
:101A5000FEF779FDC820FEF76DFD0020FEF773FD4F
:101A60002520FEF770FD2120FEF76DFD0520FEF715
:101A70006AFD0020FEF767FD0A20FEF764FD652081
:101A8000FEF761FD2520FEF75EFD7720FEF75BFD8A
:101A90005020FEF758FD0F20FEF755FD0020FEF701
:101AA00052FDF820FEF746FD0120FEF74CFDFE201A
:101AB000FEF740FD0020FEF746FD0220FEF743FD45
:101AC0002020FEF737FD3620FEF734FD0820FEF714
:101AD0003AFD00E02AE03A20FEF72CFD5520FEF703
:101AE00032FD2B20FEF726FD0020FEF72CFD002006
:101AF000FEF729FD0120FEF726FD3F20FEF723FD1E
:101B00002A20FEF717FD0020FEF71DFD0020FEF73E
:101B10001AFD0120FEF717FDDF20FEF714FD7820E7
:101B200004F0ECFF2920FEF705FD4CE7A54880886E
:101B300045F21031884240F07C87ED20FEF7FAFC38
:101B40000120FEF700FDFE20FEF7FDFCEE20FEF773
:101B5000F1FCDE20FEF7F7FC2120FEF7F4FCF1207B
:101B6000FEF7E8FC0120FEF7EEFCDF20FEF7E2FCCA
:101B70001020FEF7E8FCC420FEF7DCFC8F20FEF707
:101B8000E2FCC620FEF7D6FC0020FEF7DCFCE220DB
:101B9000FEF7D9FCE220FEF7D6FCE220FEF7D3FCEC
:101BA000BF20FEF7C7FCAA20FEF7CDFCB020FEF751
:101BB000C1FC0D20FEF7C7FC0020FEF7C4FC0D2081
:101BC000FEF7C1FC0020FEF7BEFC1120FEF7BBFCB7
:101BD0000020FEF7B8FC1920FEF7B5FC0020FEF748
:101BE000B2FC2120FEF7AFFC0020FEF7ACFC2D205C
:101BF000FEF7A9FC0020FEF7A6FC3D20FEF7A3FCA3
:101C00000020FEF7A0FC5D20FEF79DFC0020FEF703
:101C10009AFC5D20FEF797FC0020FEF794FCB120B3
:101C2000FEF788FC8020FEF78EFC0020FEF78BFC80
:101C30008B20FEF788FC0020FEF785FC9620FEF73F
:101C400082FC0020FEF77FFCB220FEF773FC002030
:101C5000FEF779FC0020FEF776FC0220FEF773FC0D
:101C60000020FEF770FC0320FEF76DFC0020FEF75D
:101C70006AFCB320FEF75EFC0020FEF764FC002047
:101C8000FEF761FC0020FEF75EFC0020FEF75BFC27
:101C90000020FEF758FC0020FEF755FC0020FEF760
:101CA00052FC0020FEF74FFC0020FEF74CFC002009
:101CB000FEF749FC0020FEF746FC0020FEF743FC3F
:101CC0000020FEF740FC0020FEF73DFC0020FEF760
:101CD0003AFC0020FEF737FC0020FEF734FC002021
:101CE000FEF731FC0020FEF72EFC0020FEF72BFC57
:101CF0000020FEF728FC0020FEF725FC0020FEF760
:101D000022FC0020FEF71FFCB420FEF713FC8B2002
:101D1000FEF719FC0020FEF716FC9620FEF713FCD8
:101D20000020FEF710FCA120FEF70DFC0020FEF7BE
:101D30000AFCB520FEF7FEFB0220FEF704FC0020A3
:101D4000FEF701FC0320FEF7FEFB0020FEF7FBFB85
:101D50000420FEF7F8FB0020FEF7F5FBB620FEF7A7
:101D6000E9FB0020FEF7EFFB0020FEF7ECFBB720BD
:101D7000FEF7E0FB0020FEF7E6FB0020FEF7E3FBAA
:101D80003F20FEF7E0FB0020FEF7DDFB5E20FEF7C4
:101D9000DAFB0020FEF7D7FB6420FEF7D4FB00201F
:101DA000FEF7D1FB8C20FEF7CEFB0020FEF7CBFB2D
:101DB000AC20FEF7C8FB0020FEF7C5FBDC20FEF7D9
:101DC000C2FB01E0AC0000200020FEF7BCFB70204D
:101DD000FEF7B9FB0020FEF7B6FB9020FEF7B3FB41
:101DE0000020FEF7B0FBEB20FEF7ADFB0020FEF776
:101DF000AAFBDC20FEF7A7FB0020FEF7A4FBB8201F
:101E0000FEF798FB0020FEF79EFB0020FEF79BFBF1
:101E10000020FEF798FB0020FEF795FB0020FEF760
:101E200092FB0020FEF78FFB0020FEF78CFB0020CA
:101E3000FEF789FBBA20FEF77DFB2420FEF783FB2B
:101E40000020FEF780FB0020FEF77DFB0020FEF760
:101E50007AFBC120FEF76EFB2020FEF774FB00200A
:101E6000FEF771FB5420FEF76EFB0020FEF76BFBC4
:101E7000FF20FEF768FB0020FEF765FBC220FEF79F
:101E800059FB0A20FEF75FFB0020FEF75CFB0420F5
:101E9000FEF759FB0020FEF756FBC320FEF74AFB76
:101EA0003C20FEF750FB0020FEF74DFB3A20FEF7EA
:101EB0004AFB0020FEF747FB3920FEF744FB0020D9
:101EC000FEF741FB3720FEF73EFB0020FEF73BFB11
:101ED0003C20FEF738FB0020FEF735FB3620FEF7EE
:101EE00032FB0020FEF72FFB3220FEF72CFB0020F8
:101EF000FEF729FB2F20FEF726FB0020FEF723FB31
:101F00002C20FEF720FB0020FEF71DFB2920FEF70A
:101F10001AFB0020FEF717FB2620FEF714FB00201B
:101F2000FEF711FB2420FEF70EFB0020FEF70BFB53
:101F30002420FEF708FB0020FEF705FB2320FEF718
:101F400002FB0020FEF7FFFA3C20FEF7FCFA00201F
:101F5000FEF7F9FA3620FEF7F6FA0020FEF7F3FA5C
:101F60003220FEF7F0FA0020FEF7EDFA2F20FEF700
:101F7000EAFA0020FEF7E7FA2C20FEF7E4FA002048
:101F8000FEF7E1FA2920FEF7DEFA0020FEF7DBFA81
:101F90002620FEF7D8FA0020FEF7D5FA2420FEF717
:101FA000D2FA0020FEF7CFFA2420FEF7CCFA002068
:101FB000FEF7C9FA2320FEF7C6FA0020FEF7C3FA9F
:101FC000C420FEF7B7FA6220FEF7BDFA0020FEF744
:101FD000BAFA0520FEF7B7FA0020FEF7B4FA84201B
:101FE000FEF7B1FA0020FEF7AEFAF020FEF7ABFAEA
:101FF0000020FEF7A8FA1820FEF7A5FA0020FEF749
:10200000A2FAA420FEF79FFA0020FEF79CFA1820FF
:10201000FEF799FA0020FEF796FA5020FEF793FAA1
:102020000020FEF790FA0C20FEF78DFA0020FEF754
:102030008AFA1720FEF787FA0020FEF784FA952027
:10204000FEF781FA0020FEF77EFAF320FEF77BFA16
:102050000020FEF778FAE620FEF775FA0020FEF77A
:1020600072FAC520FEF766FA3220FEF76CFA0020FD
:10207000FEF769FA4420FEF766FA0020FEF763FADD
:102080006520FEF760FA0020FEF75DFA7620FEF785
:102090005AFA0020FEF757FA8820FEF754FA00207B
:1020A000FEF751FAC620FEF745FA2020FEF74BFA5C
:1020B0000020FEF748FA1720FEF745FA0020FEF749
:1020C00042FA0120FEF73FFA0020FEF73CFAC72053
:1020D000FEF730FA0020FEF736FA0020FEF733FA5A
:1020E0000020FEF730FA0020FEF72DFAC820FEF798
:1020F00021FA0020FEF727FA0020FEF724FA00203C
:10210000FEF721FA0020FEF71EFAC920FEF712FAA8
:102110000020FEF718FA0020FEF715FA0020FEF75F
:1021200012FA0020FEF70FFA0020FEF70CFA00204A
:10213000FEF709FA0020FEF706FA0020FEF703FA80
:102140000020FEF700FA0020FEF7FDF90020FEF760
:10215000FAF90020FEF7F7F90020FEF7F4F9002065
:10216000FEF7F1F90020FEF7EEF90020FEF7EBF99B
:10217000E020FEF7DFF91620FEF7E5F90020FEF774
:10218000E2F91C20FEF7DFF90020FEF7DCF9212040
:10219000FEF7D9F90020FEF7D6F93620FEF7D3F97D
:1021A0000020FEF7D0F94620FEF7CDF90020FEF71B
:1021B000CAF95220FEF7C7F90020FEF7C4F96420DF
:1021C000FEF7C1F90020FEF7BEF97A20FEF7BBF951
:1021D0000020FEF7B8F98B20FEF7B5F90020FEF7D6
:1021E000B2F99920FEF7AFF90020FEF7ACF9A8206C
:1021F000FEF7A9F90020FEF7A6F9B920FEF7A3F92A
:102200000020FEF7A0F9C420FEF79DF90020FEF79C
:102210009AF9CA20FEF797F90020FEF794F9D22028
:10222000FEF791F90020FEF78EF9D920FEF78BF921
:102230000020FEF788F9E020FEF785F90020FEF780
:1022400082F9F320FEF77FF90020FEF77CF9E12008
:10225000FEF770F91620FEF776F90020FEF773F905
:102260001C20FEF770F90020FEF76DF92220FEF722
:102270006AF90020FEF767F93620FEF764F90020BE
:10228000FEF761F94520FEF75EF90020FEF75BF9E5
:102290005220FEF758F90020FEF755F96420FEF7AA
:1022A00052F90020FEF74FF97A20FEF74CF9002092
:1022B000FEF749F98B20FEF746F90020FEF743F9B7
:1022C0009920FEF740F90020FEF73DF9A820FEF71F
:1022D0003AF90020FEF737F9B920FEF734F900206B
:1022E000FEF731F9C420FEF72EF90020FEF72BF996
:1022F000CA20FEF728F90020FEF725F9D220FEF7C4
:1023000022F90020FEF71FF9D820FEF71CF9002063
:10231000FEF719F9E020FEF716F90020FEF713F991
:10232000F320FEF710F90020FEF70DF9E220FEF78A
:1023300001F90520FEF707F90020FEF704F90B204C
:10234000FEF701F90020FEF7FEF81B20FEF7FBF870
:102350000020FEF7F8F83420FEF7F5F80020FEF72D
:10236000F2F84420FEF7EFF80020FEF7ECF84F20DB
:10237000FEF7E9F80020FEF7E6F86120FEF7E3F843
:102380000020FEF7E0F87920FEF7DDF80020FEF7E8
:10239000DAF88820FEF7D7F80020FEF7D4F8972067
:1023A000FEF7D1F80020FEF7CEF8A620FEF7CBF816
:1023B0000020FEF7C8F8B720FEF7C5F80020FEF7AA
:1023C000C2F8C220FEF7BFF80020FEF7BCF8C72015
:1023D000FEF7B9F80020FEF7B6F8D120FEF7B3F803
:1023E0000020FEF7B0F8D620FEF7ADF80020FEF78B
:1023F000AAF8DD20FEF7A7F80020FEF7A4F8F320E6
:10240000FEF7A1F80020FEF79EF8E320FEF792F811
:102410000520FEF798F80020FEF795F80A20FEF751
:1024200092F80020FEF78FF81C20FEF78CF80020B1
:10243000FEF789F83320FEF786F80020FEF783F8D0
:102440004420FEF780F80020FEF77DF85020FEF7CC
:102450007AF80020FEF777F86220FEF774F8002083
:10246000FEF771F87820FEF76EF80020FEF76BF8A3
:102470008820FEF768F80020FEF765F89720FEF741
:1024800062F80020FEF75FF8A620FEF75CF8002057
:10249000FEF759F8B720FEF756F80020FEF753F87C
:1024A000C220FEF750F80020FEF74DF8C720FEF7D7
:1024B0004AF80020FEF747F8D120FEF744F8002044
:1024C000FEF741F8D520FEF73EF80020FEF73BF876
:1024D000DD20FEF738F80020FEF735F8F320FEF790
:1024E00032F80020FEF72FF8E420FEF723F8012051
:1024F000FEF729F80020FEF726F80120FEF723F862
:102500000020FEF720F80220FEF71DF80020FEF75D
:102510001AF82A20FEF717F80020FEF714F83C20DE
:10252000FEF711F80020FEF70EF84B20FEF70BF82F
:102530000020FEF708F85D20FEF705F80020FEF702
:1025400002F87420FDF7FFFF0020FDF7FCFF842058
:10255000FDF7F9FF0020FDF7F6FF9320FDF7F3FFED
:102560000020FDF7F0FFA220FDF7EDFF0020FDF7B2
:10257000EAFFB320FDF7E7FF0020FDF7E4FFBE20F0
:10258000FDF7E1FF0020FDF7DEFFC420FDF7DBFFD4
:102590000020FDF7D8FFCD20FDF7D5FF0020FDF787
:1025A000D2FFD320FDF7CFFF0020FDF7CCFFDD20C9
:1025B000FDF7C9FF0020FDF7C6FFF320FDF7C3FFBD
:1025C0000020FDF7C0FFE520FDF7B4FF0020FDF778
:1025D000BAFF0020FDF7B7FF0020FDF7B4FF002091
:1025E000FDF7B1FF0220FDF7AEFF0020FDF7ABFFC6
:1025F0002920FDF7A8FF0020FDF7A5FF3C20FDF7EF
:10260000A2FF0020FDF79FFF4B20FDF79CFF00205D
:10261000FDF799FF5D20FDF796FF0020FDF793FF82
:102620007420FDF790FF0020FDF78DFF8420FDF75B
:102630008AFF0020FDF787FF9320FDF784FF00202D
:10264000FDF781FFA220FDF77EFF0020FDF77BFF55
:10265000B320FDF778FF0020FDF775FFBE20FDF7E2
:1026600072FF0020FDF76FFFC420FDF76CFF002014
:10267000FDF769FFCD20FDF766FF0020FDF763FF42
:10268000D320FDF760FF0020FDF75DFFDC20FDF7A4
:102690005AFF0020FDF757FFF320FDF754FF0020FD
:1026A000FDF751FFE620FDF745FF1120FDF74BFF39
:1026B0000020FDF748FF3420FDF745FF0020FDF71F
:1026C00042FF5620FDF73FFF0020FDF73CFF76203C
:1026D000FDF739FF0020FDF736FF7720FDF733FFC8
:1026E0000020FDF730FF6620FDF72DFF0020FDF7ED
:1026F0002AFF8820FDF727FF0020FDF724FF9920FF
:10270000FDF721FF0020FDF71EFFBB20FDF71BFF9B
:102710000020FDF718FF9920FDF715FF0020FDF7B9
:1027200012FF6620FDF70FFF0020FDF70CFF55207C
:10273000FDF709FF0020FDF706FF5520FDF703FF19
:102740000020FDF700FF4520FDF7FDFE0020FDF70E
:10275000FAFE4320FDF7F7FE0020FDF7F4FE4420CB
:10276000FDF7F1FE0020FDF7EEFEE720FDF7E2FEAB
:102770003220FDF7E8FE0020FDF7E5FE5520FDF7CD
:10278000E2FE0020FDF7DFFE7620FDF7DCFE0020F4
:10279000FDF7D9FE6620FDF7D6FE0020FDF7D3FE3B
:1027A0006720FDF7D0FE0020FDF7CDFE6720FDF786
:1027B000CAFE0020FDF7C7FE8720FDF7C4FE0020FB
:1027C000FDF7C1FE9920FDF7BEFE0020FDF7BBFE20
:1027D000BB20FDF7B8FE0020FDF7B5FE9920FDF700
:1027E000B2FE0020FDF7AFFE7720FDF7ACFE002023
:1027F000FDF7A9FE4420FDF7A6FE0020FDF7A3FE8D
:102800005620FDF7A0FE0020FDF79DFE2320FDF7DA
:102810009AFE0020FDF797FE3320FDF794FE00207E
:10282000FDF791FE4520FDF78EFE0020FDF78BFEA3
:10283000E820FDF77FFE0020FDF785FE0020FDF774
:1028400082FE9920FDF77FFE0020FDF77CFE8720A9
:10285000FDF779FE0020FDF776FE8820FDF773FE78
:102860000020FDF770FE7720FDF76DFE0020FDF7DC
:102870006AFE6620FDF767FE0020FDF764FE8820F3
:10288000FDF761FE0020FDF75EFEAA20FDF75BFE6E
:102890000020FDF758FEBB20FDF755FE0020FDF798
:1028A00052FE9920FDF74FFE0020FDF74CFE6620FA
:1028B000FDF749FE0020FDF746FE5520FDF743FEDB
:1028C0000020FDF740FE5520FDF73DFE0020FDF7FE
:1028D0003AFE4420FDF737FE0020FDF734FE442089
:1028E000FDF731FE0020FDF72EFE5520FDF72BFEF3
:1028F0000020FDF728FEE920FDF71CFEAA20FDF7C9
:1029000022FE0020FDF71FFE0020FDF71CFE002028
:10291000FDF719FE0020FDF70DFEAA20FDF713FEBE
:10292000CF20FDF707FE0020FDF70DFE0020FDF78C
:102930000AFE0020FDF707FE0020FDF704FE002040
:10294000FDF701FE0020FDF7FEFD0020FDF7FBFD79
:102950000020FDF7F8FD0020FDF7F5FD0020FDF754
:10296000F2FD0020FDF7EFFD0020FDF7ECFD00205B
:10297000FDF7E9FD0020FDF7E6FD0020FDF7E3FD92
:102980000020FDF7E0FD0020FDF7DDFDF020FDF764
:10299000D1FD0020FDF7D7FD5020FDF7D4FD00202C
:1029A000FDF7D1FD0020FDF7CEFD0020FDF7CBFDAA
:1029B000F320FDF7BFFD0020FDF7C5FDF920FDF771
:1029C000B9FD0620FDF7BFFD1020FDF7BCFD292055
:1029D000FDF7B9FD0020FDF7B6FD3A20FDF7AAFD91
:1029E0005520FDF7B0FD1120FDF7A4FD642004F093
:1029F00085F82920FDF79EFD3520FDF79BFD002081
:102A0000FDF7A1FD5120FDF795FDFF20FDF79BFD92
:102A10005320FDF78FFD2C20FDF795FD5520FDF788
:102A200089FD8220FDF78FFD2C20FDF783FD02F04C
:102A3000E9B8FE48808845F2105188427ED1552180
:102A40004FF47040FDF791FDAA214FF20100FDF710
:102A50008CFD52214FF20200FDF787FD08214FF255
:102A60000300FDF782FD01214FF20400FDF77DFD1B
:102A70000D214FF43040FDF778FD0D214BF20100A0
:102A8000FDF773FD0D214BF20200FDF76EFD3421C1
:102A90004FF43640FDF769FD34214BF20160FDF73C
:102AA00064FD34214BF20260FDF75FFD0D214FF410
:102AB0003140FDF75AFD0D214BF20110FDF755FD98
:102AC0000D214BF20210FDF750FD34214FF4374039
:102AD000FDF74BFD34214BF20170FDF746FD34212B
:102AE0004BF20270FDF741FD00214FF43240FDF73B
:102AF0003CFD00214BF20120FDF737FD00214BF298
:102B00000220FDF732FD24214FF43840FDF72DFD62
:102B100024214BF60100FDF728FD24214BF602008D
:102B2000FDF723FD01214FF43F40FDF71EFD0F216E
:102B30004FF43340FDF719FD0F2100E0FEE34BF2A7
:102B40000130FDF712FD0F214BF20230FDF70DFDB4
:102B500034214FF43940FDF708FD34214BF60110C4
:102B6000FDF703FD34214BF60210FDF7FEFC0821B2
:102B70004FF43540FDF7F9FC08214BF20150FDF709
:102B8000F4FC08214BF20250FDF7EFFC03214FF457
:102B90004240FDF7EAFC24214FF43A40FDF7E5FC02
:102BA00024214BF60120FDF7E0FC24214BF6022006
:102BB000FDF7DBFC00214FF43C40FDF7D6FC78210B
:102BC0004BF60140FDF7D1FC00214BF60240FDF72A
:102BD000CCFC00214FF43D40FDF7C7FC78214BF6BB
:102BE0000150FDF7C2FC00214BF60250FDF7BDFC81
:102BF00000214FF43E40FDF7B8FC64214BF6016024
:102C0000FDF7B3FC00214FF45140FDF7AEFC33213A
:102C10004DF20110FDF7A9FC00214DF20210FDF765
:102C2000A4FC34214DF20310FDF79FFC00214DF26E
:102C30000410FDF79AFC3A214DF20510FDF795FCC2
:102C400000214DF20610FDF790FC4A214DF20710CD
:102C5000FDF78BFC00214DF20810FDF786FC5C218E
:102C60004DF20910FDF781FC00214DF20A10FDF72D
:102C70007CFC81214DF20B10FDF777FC00214DF219
:102C80000C10FDF772FCA6214DF20D10FDF76DFC46
:102C900000214DF20E10FDF768FCE5214DF20F10FA
:102CA000FDF763FC01214DF21010FDF75EFC1321CE
:102CB0004DF21110FDF759FC01214DF21210FDF7F4
:102CC00054FC54214DF21310FDF74FFC01214DF23D
:102CD0001410FDF74AFC82214DF21510FDF745FC5A
:102CE00001214DF21610FDF740FCCA214DF21710DC
:102CF000FDF73BFC02214DF21810FDF736FC0021D8
:102D00004DF21910FDF731FC02214DF21A10FDF7BA
:102D10002CFC01214DF21B10FDF727FC02214DF286
:102D20001C10FDF722FC34214DF21D10FDF71DFC97
:102D300002214DF21E10FDF718FC67214DF21F1005
:102D4000FDF713FC02214DF22010FDF70EFC84214B
:102D50004DF22110FDF709FC02214DF22210FDF782
:102D600004FCA4214DF22310FDF7FFFB02214DF2DC
:102D70002410FDF7FAFBB7214DF22510FDF7F5FB06
:102D800002214DF22610FDF7F0FBCF214DF2271066
:102D9000FDF7EBFB02214DF22810FDF7E6FBDE21EB
:102DA0004DF22910FDF7E1FB02214DF22A10FDF74B
:102DB000DCFBF2214DF22B10FDF7D7FB02214DF287
:102DC0002C10FDF7D2FBFE214DF22D10FDF7CDFBAF
:102DD00003214DF22E10FDF7C8FB10214DF22F10EC
:102DE000FDF7C3FB03214DF23010FDF7BEFB33218D
:102DF0004DF23110FDF7B9FB03214DF23210FDF712
:102E0000B4FB6D214DF23310FDF7AFFB00214FF401
:102E10005240FDF7AAFB33214DF20120FDF7A5FB3F
:102E200000214DF20220FDF7A0FB01E0AC000020E4
:102E300034214DF20320FDF798FB00214DF20420D0
:102E4000FDF793FB3A214DF20520FDF78EFB0021A3
:102E50004DF20620FDF789FB4A214DF20720FDF7D0
:102E600084FB00214DF20820FDF77FFB5C214DF231
:102E70000920FDF77AFB00214DF20A20FDF775FBD2
:102E800081214DF20B20FDF770FB00214DF20C204B
:102E9000FDF76BFBA6214DF20D20FDF766FB00212F
:102EA0004DF20E20FDF761FBE5214DF20F20FDF7FD
:102EB0005CFB01214DF21020FDF757FB13214DF271
:102EC0001120FDF752FB01214DF21220FDF74DFBC1
:102ED00054214DF21320FDF748FB01214DF214203F
:102EE000FDF743FB82214DF21520FDF73EFB01214A
:102EF0004DF21620FDF739FBCA214DF21720FDF7E0
:102F000034FB02214DF21820FDF72FFB00214DF27A
:102F10001920FDF72AFB02214DF21A20FDF725FBAF
:102F200001214DF21B20FDF720FB02214DF21C2058
:102F3000FDF71BFB34214DF21D20FDF716FB02218E
:102F40004DF21E20FDF711FB67214DF21F20FDF70A
:102F50000CFB02214DF22020FDF707FB84214DF2EE
:102F60002120FDF702FB02214DF22220FDF7FDFAA0
:102F7000A4214DF22320FDF7F8FA02214DF224207E
:102F8000FDF7F3FAB7214DF22520FDF7EEFA022105
:102F90004DF22620FDF7E9FACF214DF22720FDF76B
:102FA000E4FA02214DF22820FDF7DFFADE214DF28E
:102FB0002920FDF7DAFA02214DF22A20FDF7D5FA91
:102FC000F2214DF22B20FDF7D0FA02214DF22C20F8
:102FD000FDF7CBFAFE214DF22D20FDF7C6FA0321B5
:102FE0004DF22E20FDF7C1FA10214DF22F20FDF7F2
:102FF000BCFA03214DF23020FDF7B7FA33214DF230
:103000003120FDF7B2FA03214DF23220FDF7ADFA7F
:103010006D214DF23320FDF7A8FA00214FF4534003
:10302000FDF7A3FA33214DF20130FDF79EFA00219E
:103030004DF20230FDF799FA34214DF20330FDF7DD
:1030400094FA00214DF20430FDF78FFA3A214DF247
:103050000530FDF78AFA00214DF20630FDF785FABA
:103060004A214DF20730FDF780FA00214DF2083079
:10307000FDF77BFA5C214DF20930FDF776FA00216D
:103080004DF20A30FDF771FA81214DF20B30FDF758
:103090006CFA00214DF20C30FDF767FAA6214DF2D3
:1030A0000D30FDF762FA00214DF20E30FDF75DFAAA
:1030B000E5214DF20F30FDF758FA01214DF21030A5
:1030C000FDF753FA13214DF21130FDF74EFA0121AD
:1030D0004DF21230FDF749FA54214DF21330FDF74D
:1030E00044FA01214DF21430FDF73FFA82214DF2EE
:1030F0001530FDF73AFA01214DF21630FDF735FA99
:10310000CA214DF21730FDF730FA02214DF2183086
:10311000FDF72BFA00214DF21930FDF726FA0221B6
:103120004DF21A30FDF721FA01214DF21B30FDF767
:103130001CFA02214DF21C30FDF717FA34214DF232
:103140001D30FDF712FA02214DF21E30FDF70DFA87
:1031500067214DF21F30FDF708FA02214DF22030B1
:10316000FDF703FA84214DF22130FDF7FEF902212B
:103170004DF22230FDF7F9F9A4214DF22330FDF78D
:10318000F4F902214DF22430FDF7EFF9B7214DF2A9
:103190002530FDF7EAF902214DF22630FDF7E5F979
:1031A000CF214DF22730FDF7E0F902214DF2283012
:1031B000FDF7DBF9DE214DF22930FDF7D6F90221CA
:1031C0004DF22A30FDF7D1F9F2214DF22B30FDF707
:1031D000CCF902214DF22C30FDF7C7F9FE214DF25A
:1031E0002D30FDF7C2F903214DF22E30FDF7BDF968
:1031F00010214DF22F30FDF7B8F903214DF2303098
:10320000FDF7B3F933214DF23130FDF7AEF903216B
:103210004DF23230FDF7A9F96D214DF23330FDF753
:10322000A4F900214FF45440FDF79FF933214DF2EA
:103230000140FDF79AF900214DF20240FDF795F9A2
:1032400034214DF20340FDF790F900214DF2044086
:10325000FDF78BF93A214DF20540FDF786F9002183
:103260004DF20640FDF781F94A214DF20740FDF786
:103270007CF900214DF20840FDF777F95C214DF211
:103280000940FDF772F900214DF20A40FDF76DF992
:1032900081214DF20B40FDF768F900214DF20C4001
:1032A000FDF763F9A6214DF20D40FDF75EF900210F
:1032B0004DF20E40FDF759F9E5214DF20F40FDF7B3
:1032C00054F901214DF21040FDF74FF913214DF251
:1032D0001140FDF74AF901214DF21240FDF745F981
:1032E00054214DF21340FDF740F901214DF21440F5
:1032F000FDF73BF982214DF21540FDF736F901212A
:103300004DF21640FDF731F9CA214DF21740FDF795
:103310002CF902214DF21840FDF727F900214DF25A
:103320001940FDF722F902214DF21A40FDF71DF96F
:1033300001214DF21B40FDF718F900E004E30221E2
:103340004DF21C40FDF711F934214DF21D40FDF7FF
:103350000CF902214DF21E40FDF707F967214DF2ED
:103360001F40FDF702F902214DF22040FDF7FDF864
:1033700084214DF22140FDF7F8F802214DF2224060
:10338000FDF7F3F8A4214DF22340FDF7EEF80221FA
:103390004DF22440FDF7E9F8B7214DF22540FDF745
:1033A000E4F802214DF22640FDF7DFF8CF214DF27F
:1033B0002740FDF7DAF802214DF22840FDF7D5F855
:1033C000DE214DF22940FDF7D0F802214DF22A40CE
:1033D000FDF7CBF8F2214DF22B40FDF7C6F80221A4
:1033E0004DF22C40FDF7C1F8FE214DF22D40FDF7C6
:1033F000BCF803214DF22E40FDF7B7F810214DF235
:103400002F40FDF7B2F803214DF23040FDF7ADF843
:1034100033214DF23140FDF7A8F803214DF232403F
:10342000FDF7A3F86D214DF23340FDF79EF8002122
:103430004FF45540FDF799F833214DF20150FDF757
:1034400094F800214DF20250FDF78FF834214DF22F
:103450000350FDF78AF800214DF20450FDF785F87E
:103460003A214DF20550FDF780F800214DF206504B
:10347000FDF77BF84A214DF20750FDF776F8002161
:103480004DF20850FDF771F85C214DF20950FDF73F
:103490006CF800214DF20A50FDF767F881214DF2DA
:1034A0000B50FDF762F800214DF20C50FDF75DF86E
:1034B000A6214DF20D50FDF758F800214DF20E50A7
:1034C000FDF753F8E5214DF20F50FDF74EF80121BD
:1034D0004DF21050FDF749F813214DF21150FDF750
:1034E00044F801214DF21250FDF73FF854214DF2FE
:1034F0001350FDF73AF801214DF21450FDF735F85D
:1035000082214DF21550FDF730F801214DF2165091
:10351000FDF72BF8CA214DF21750FDF726F80221CE
:103520004DF21850FDF721F800214DF21950FDF72A
:103530001CF802214DF21A50FDF717F801214DF247
:103540001B50FDF712F802214DF21C50FDF70DF84B
:1035500034214DF21D50FDF708F802214DF21E50A6
:10356000FDF703F867214DF21F50FCF7FEFF022123
:103570004DF22050FCF7F9FF84214DF22150FCF769
:10358000F4FF02214DF22250FCF7EFFFA4214DF28F
:103590002350FCF7EAFF02214DF22450FCF7E5FF2F
:1035A000B7214DF22550FCF7E0FF02214DF22650E5
:1035B000FCF7DBFFCF214DF22750FCF7D6FF0221AD
:1035C0004DF22850FCF7D1FFDE214DF22950FCF7D7
:1035D000CCFF02214DF22A50FCF7C7FFF2214DF239
:1035E0002B50FCF7C2FF02214DF22C50FCF7BDFF1F
:1035F000FE214DF22D50FCF7B8FF03214DF22E5065
:10360000FCF7B3FF10214DF22F50FCF7AEFF032162
:103610004DF23050FCF7A9FF33214DF23150FCF749
:10362000A4FF03214DF23250FCF79FFF6D214DF2B4
:103630003350FCF79AFF00214FF45640FCF795FFFA
:1036400033214DF20160FCF790FF00214DF2026042
:10365000FCF78BFF34214DF20360FCF786FF00215D
:103660004DF20460FCF781FF3A214DF20560FCF752
:103670007CFF00214DF20660FCF777FF4A214DF2F6
:103680000760FCF772FF00214DF20860FCF76DFF48
:103690005C214DF20960FCF768FF00214DF20A60E1
:1036A000FCF763FF81214DF20B60FCF75EFF002108
:1036B0004DF20C60FCF759FFA6214DF20D60FCF7AE
:1036C00054FF00214DF20E60FCF74FFFE5214DF253
:1036D0000F60FCF74AFF01214DF21060FCF745FF37
:1036E00013214DF21160FCF740FF01214DF21260F1
:1036F000FCF73BFF54214DF21360FCF736FF01212C
:103700004DF21460FCF731FF82214DF21560FCF799
:103710002CFF01214DF21660FCF727FFCA214DF264
:103720001760FCF722FF02214DF21860FCF71DFF25
:1037300000214DF21960FCF718FF02214DF21A60CA
:10374000FCF713FF01214DF21B60FCF70EFF022175
:103750004DF21C60FCF709FF34214DF21D60FCF7AF
:1037600004FF02214DF21E60FCF7FFFE67214DF2BF
:103770001F60FCF7FAFE02214DF22060FCF7F5FE17
:1037800084214DF22160FCF7F0FE02214DF222600F
:10379000FCF7EBFEA4214DF22360FCF7E6FE0221CC
:1037A0004DF22460FCF7E1FEB7214DF22560FCF7F5
:1037B000DCFE02214DF22660FCF7D7FECF214DF250
:1037C0002760FCF7D2FE02214DF22860FCF7CDFE07
:1037D000DE214DF22960FCF7C8FE02214DF22A607D
:1037E000FCF7C3FEF2214DF22B60FCF7BEFE022176
:1037F0004DF22C60FCF7B9FEFE214DF22D60FCF776
:10380000B4FE03214DF22E60FCF7AFFE10214DF205
:103810002F60FCF7AAFE03214DF23060FCF7A5FEF5
:1038200033214DF23160FCF7A0FE03214DF23260EE
:10383000FCF79BFE6D214DF23360FCF796FE55219F
:103840004FF47040FCF791FEAA214FF20100FCF703
:103850008CFE52214FF20200FCF787FE08214FF246
:103860000300FCF782FE00214FF20400FCF77DFE0E
:10387000CC214FF43140FCF778FE00214BF20110CF
:10388000FCF773FE05214FF43640FCF76EFE702105
:103890004FF43740FCF769FE70214BF20170FCF7E2
:1038A00064FE01214FF43840FCF75FFE03214BF624
:1038B0000100FCF75AFE03214BF60200FCF755FE0F
:1038C00003214BF60300FCF750FE02214FF43C406D
:1038D000FCF74BFE00214BF60140FCF746FE0021B1
:1038E0004BF60240FCF741FED0214FF44940FCF773
:1038F0003CFE02214CF60110FCF737FE50214CF63D
:103900000210FCF732FE50214CF60310FCF72DFE9E
:1039100050214CF60410FCF728FE00214FF45450BF
:10392000FCF723FE55214FF46850FCF71EFE4FF4C0
:103930008850FCF7FFFD782003F098F84FF42450EE
:10394000FCF7F8FD01F05EB9FE48808849F22531A8
:1039500088427DD147F6F001E520FCF706FE4FF4E2
:1039600080710120FCF701FE4FF4E0610220FCF7BA
:10397000FCFD41F230010320FCF7F7FD002104209B
:10398000FCF7F3FD40F202210820FCF7EEFD0021D8
:103990000920FCF7EAFD00210A20FCF7E6FD0021E2
:1039A0000C20FCF7E2FD00210D20FCF7DEFD0021DC
:1039B0000F20FCF7DAFD00211020FCF7D6FD0721CF
:1039C0001120FCF7D2FD00211220FCF7CEFD0021D2
:1039D0001320FCF7CAFD00210720FCF7C6FD41F2C9
:1039E00090611020FCF7C1FD40F227211120FCF767
:1039F000BCFD9D211220FCF7B8FD4FF4C8511320E7
:103A0000FCF7B3FD25212920FCF7AFFD0D212B206C
:103A1000FCF7ABFD07213020FCF7A7FD40F2033196
:103A20003120FCF7A2FD03213220FCF79EFD40F27D
:103A300006213520FCF799FD08213620FCF795FD7D
:103A400040F206413720FCF790FD4FF4417100E051
:103A500058E03820FCF789FD07213920FCF785FD67
:103A600040F202613C20FCF780FD08213D20FCF77C
:103A70007CFD00215020FCF778FDEF215120FCF760
:103A800074FD00215220FCF770FD40F23F115320DD
:103A9000FCF76BFD4FF427416020FCF766FD012128
:103AA0006120FCF762FD00216A20FCF75EFD002129
:103AB0008020FCF75AFD00218120FCF756FD0021F3
:103AC0008220FCF752FD00218320FCF74EFD0021EF
:103AD0008420FCF74AFD00218520FCF746FD1021DB
:103AE0009020FCF742FD4FF4C0619220FCF73DFDB1
:103AF00040F233110720FCF738FD22210020FCF7AB
:103B000034FD1FE78F48808849F2283188427DD1F3
:103B100041F28F01EC20FCF728FD41F23421EF2027
:103B2000FCF723FD4FF480710120FCF71EFD4FF4DC
:103B3000E0610220FCF719FD41F230010320FCF79F
:103B400014FD00210420FCF710FD40F202210820A2
:103B5000FCF70BFD00210920FCF707FD00210A20DE
:103B6000FCF703FD01210C20FCF7FFFC00210D20D8
:103B7000FCF7FBFC00210F20FCF7F7FC00211020D4
:103B8000FCF7F3FC07211120FCF7EFFC00211220C9
:103B9000FCF7EBFC00211320FCF7E7FC01210720D8
:103BA000FCF7E3FC322002F0A9FF41F29041102023
:103BB000FCF7DBFC40F227211120FCF7D6FC322079
:103BC00002F09CFF8A211220FCF7CFFC322002F089
:103BD00095FF4FF4D0511320FCF7C7FC0621292094
:103BE000FCF7C3FC0D212B20FCF7BFFC322002F0B8
:103BF00085FF00212020FCF7B8FC00212120FCF7E4
:103C0000B4FC322002F07AFF002100E075E03020A1
:103C1000FCF7ABFC40F204613120FCF7A6FC40F25B
:103C200005313220FCF7A1FC00213520FCF79DFC7A
:103C300040F609413620FCF798FC4FF4017137201B
:103C4000FCF793FC40F201313820FCF78EFC40F287
:103C500007713920FCF789FC00213C20FCF785FC2A
:103C600040F60A213D20FCF780FC322002F046FF9E
:103C700000215020FCF779FCEF215120FCF775FC66
:103C800000215220FCF771FC40F23F115320FCF759
:103C90006CFC4FF427416020FCF767FC0121612098
:103CA000FCF763FC00216A20FCF75FFC0021802008
:103CB000FCF75BFC00218120FCF757FC00218220EF
:103CC000FCF753FC00218320FCF74FFC00218420EB
:103CD000FCF74BFC00218520FCF747FC10219020CD
:103CE000FCF743FC4FF4C0619220FCF73EFC40F22D
:103CF00033110720FCF739FC24E61248808849F28A
:103D0000203188427ED100210846FCF72EFC4FF47A
:103D100080710120FCF729FC4FF4E0610220FCF7E0
:103D200024FC41F230010320FCF71FFC0021042099
:103D3000FCF71BFC40F202210820FCF716FC0021D6
:103D4000092001E0AC000020FCF70FFC00210A2054
:103D5000FCF70BFC01210C20FCF707FC00210D20D7
:103D6000FCF703FC00210F20FCF7FFFB322002F0E0
:103D7000C5FE40F201110720FCF7F7FB322002F0EC
:103D8000BDFE4FF486511020FCF7EFFB07211120F8
:103D9000FCF7EBFB4FF488711220FCF7E6FB4FF4C5
:103DA00030611320FCF7E1FB00212920FCF7DDFB4B
:103DB00044F210012B20FCF7D8FB00215020FCF727
:103DC000D4FBEF215120FCF7D0FB00215220FCF75F
:103DD000CCFB40F23F115320FCF7C7FB4FF41C51C2
:103DE0006020FCF7C2FB01216120FCF7BEFB002133
:103DF0006A20FCF7BAFB00218020FCF7B6FB00210B
:103E0000812000E030E0FCF7B0FB00218220FCF7CD
:103E1000ACFB00218320FCF7A8FB00218420FCF7E9
:103E2000A4FB00218520FCF7A0FB10219020FCF7CB
:103E30009CFB00219220FCF798FB01219320FCF7CA
:103E400094FB4FF488719520FCF78FFB002197209D
:103E5000FCF78BFB00219820FCF787FB40F27311E5
:103E60000720FCF782FB6DE5FE48808849F231317E
:103E700088427DD141F21401E720FCF776FB4FF434
:103E800080710120FCF771FB4FF400710220FCF7F8
:103E90006CFB41F238010320FCF767FB40F2022182
:103EA0000820FCF762FB00210920FCF75EFB0021E3
:103EB0000A20FCF75AFB00210C20FCF756FB0021DE
:103EC0000D20FCF752FB00210F20FCF74EFB0021D8
:103ED0001020FCF74AFB07211120FCF746FB0021CC
:103EE0001220FCF742FB00211320FCF73EFBC82008
:103EF00002F004FE41F290611020FCF736FB40F224
:103F000027211120FCF731FB322002F0F7FD0C21B4
:103F10001220FCF72AFB322002F0F0FD4FF4006182
:103F20001320FCF722FB11212920FCF71EFB0B219B
:103F30002B20FCF71AFB322002F0E0FD00212020AC
:103F4000FCF713FB40F23F112120FCF70EFB002190
:103F50003020FCF70AFB4FF483713120FCF705FB9E
:103F600000213220FCF701FB4FF40171352000E005
:103F700064E0FCF7FAFA41F20A613620FCF7F5FA40
:103F800040F207713720FCF7F0FA4FF483713820C4
:103F9000FCF7EBFA40F207713920FCF7E6FA40F241
:103FA00002413C20FCF7E1FA40F60F413D20FCF7CE
:103FB000DCFA00215020FCF7D8FAEF215120FCF761
:103FC000D4FA00215220FCF7D0FA40F23F115320DE
:103FD000FCF7CBFA4FF41C516020FCF7C6FA012124
:103FE0006120FCF7C2FA00216A20FCF7BEFA00212A
:103FF0008020FCF7BAFA00218120FCF7B6FA0021F4
:104000008220FCF7B2FA00218320FCF7AEFA0021EF
:104010008420FCF7AAFA00218520FCF7A6FA1021DB
:104020009020FCF7A2FA4FF4C0619220FCF79DFAB1
:1040300040F233110720FCF798FA83E4894880881E
:1040400045F2084188427DD14FF480710120FCF790
:104050008CFA4FF4E0610220FCF787FA41F230015C
:104060000320FCF782FA00210420FCF77EFA40F2DC
:1040700007210820FCF779FA00210920FCF775FADE
:1040800000210A20FCF771FA00210C20FCF76DFAE0
:1040900000210D20FCF769FA00210F20FCF765FADA
:1040A000142002F02BFD41F2B0611020FCF75DFA04
:1040B00001211120FCF759FA01211720FCF755FACC
:1040C0004FF49C711220FCF750FA4FF4006113205A
:1040D000FCF74BFA09212920FCF747FA09212A208D
:1040E000FCF743FA0021A420FCF73FFA00215020FE
:1040F000FCF73BFAEF215120FCF737FA0021522060
:10410000FCF733FA40F23F115320FCF72EFA4FF43C
:104110001C516020FCF729FA01216120FCF725FAE7
:1041200000216A20FCF721FA00218020FCF71DFA0B
:1041300000218120FCF719FA00218220FCF715FAF2
:10414000002100E024E08320FCF70FFA0021842006
:10415000FCF70BFA00218520FCF707FA13219020C9
:10416000FCF703FA00219220FCF7FFF903219320CA
:10417000FCF7FBF94FF488719520FCF7F6F940F253
:1041800073110720FCF7F1F9322002F0B7FCB8E414
:104190003448808841F2055188427DD100210720B2
:1041A000FCF7E3F9322002F0A9FC4FF48E711220E3
:1041B000FCF7DBF90121A420FCF7D7F90F21082037
:1041C000FCF7D3F908210A20FCF7CFF908210D20CC
:1041D000FCF7CBF940F207713020FCF7C6F9072154
:1041E0003120FCF7C2F940F203613220FCF7BDF93F
:1041F0004FF4E0613320FCF7B8F940F2022134209B
:10420000FCF7B3F902213520FCF7AFF941F60F7145
:104210003620FCF7AAF940F207713720FCF7A5F920
:1042200000213820FCF7A1F900213920FCF79DF985
:1042300040F207713A20FCF798F900213B20FCF787
:1042400094F907213C20FCF790F900213D20FCF770
:104250008CF9322002F052FC01210720FCF785F98D
:10426000012101E0AC0000201720FCF77EF932208C
:1042700002F044FC4FF4BD511020FCF776F940F2F7
:1042800017211120FCF771F94FF48F711220FCF700
:104290006CF94FF4706100E098E01320FCF765F9C9
:1042A00000212A20FCF761F90A212920FCF75DF999
:1042B0004FF49F711220FCF758F900215020FCF7B1
:1042C00054F9EF215120FCF750F900215220FCF75E
:1042D0004CF940F23F115320FCF747F94FF41C51C1
:1042E0006020FCF742F901216120FCF73EF9002132
:1042F0006A20FCF73AF900218020FCF736F900210A
:104300008120FCF732F900218220FCF72EF90021F0
:104310008320FCF72AF900218420FCF726F90021EC
:104320008520FCF722F913219020FCF71EF94FF4A9
:1043300040719220FCF719F905219320FCF715F93B
:1043400000219520FCF711F900219720FCF70DF9C9
:1043500000219820FCF709F94FF480710120FCF747
:1043600004F94FF4E0610220FCF7FFF841F2380154
:104370000320FCF7FAF800210420FCF7F6F80021EE
:104380000C20FCF7F2F800210F20FCF7EEF80021DA
:104390002020FCF7EAF800212120FCF7E6F8212193
:1043A0000720FCF7E2F8142002F0A8FB61210720A7
:1043B000FCF7DBF8142002F0A1FB40F27311072098
:1043C000FCF7D3F8142002F099FB95E4FE488088AE
:1043D0004BF2055188427CD100210846FCF7C5F814
:1043E00000210846FCF7C1F800210846FCF7BDF89B
:1043F00000210846FCF7B9F80121A420FCF7B5F824
:10440000142002F07BFB4FF41C516020FCF7ADF848
:1044100040F202210820FCF7A8F84FF40571302083
:10442000FCF7A3F843F215713120FCF79EF840F237
:1044300004613220FCF799F840F616613320FCF74E
:1044400094F842F211213420FCF78FF84FF4A85170
:104450003520FCF78AF848F207513620FCF785F83A
:1044600041F207413720FCF780F841F20341382040
:10447000FCF77BF820213920FCF777F81A219020EF
:10448000FCF773F800211020FCF76FF807211120CA
:10449000FCF76BF800211220FCF767F800211320CD
:1044A000FCF763F8142002F029FB4FF4E6611020BA
:1044B000FCF75BF840F237111120FCF756F8142096
:1044C00002F01CFB4FF4DC711220FCF74EF81420B4
:1044D00000E085E002F012FB4FF470611320FCF75E
:1044E00044F880212A20FCF740F848212920FCF7D5
:1044F0003CF8142002F002FB4FF480710120FCF71D
:1045000034F84FF4E0610220FCF72FF841F2380153
:104510000320FCF72AF840F202210820FCF725F8D6
:1045200000210A20FCF721F800210C20FCF71DF8DF
:1045300000210D20FCF719F830210E20FCF715F8AA
:1045400000215020FCF711F8EF215120FCF70DF865
:1045500000215220FCF709F840F23F115320FCF7EC
:1045600004F84FF41C516020FBF7FFFF012161208C
:10457000FBF7FBFF00216A20FBF7F7FF11219020DA
:10458000FBF7F3FF4FF4C0619220FBF7EEFF40F220
:1045900002419320FBF7E9FF02219420FBF7E5FF9E
:1045A000142002F0ABFA01210720FBF7DEFF1420F4
:1045B00002F0A4FA61210720FBF7D7FF40F2731144
:1045C0000720FBF7D2FF00212020FBF7CEFF0021C0
:1045D0002120FBF7CAFF22210020FBF7C6FF11E3D1
:1045E000794880884CF2055188427CD100210846E8
:1045F000FBF7BBFF00210846FBF7B7FF142002F0D2
:104600007DFA00210846FBF7B0FF00210846FBF7C2
:10461000ACFF00210846FBF7A8FF00210846FBF786
:10462000A4FF0121A420FBF7A0FF142002F066FAEA
:104630004FF41C516020FBF798FF40F6060108205C
:10464000FBF793FF40F203713020FBF78EFF01214F
:104650003120FBF78AFF04213220FBF786FF4FF45D
:1046600081713320FBF781FF4FF440713420FBF759
:104670007CFF40F203113520FBF777FF1F21362026
:10468000FBF773FF40F203713720FBF76EFF012148
:104690003820FBF76AFF04213920FBF766FF15215C
:1046A0009020FBF762FF4FF482611020FBF75DFF63
:1046B00040F247211120FBF758FF4FF4DE71122022
:1046C000FBF753FF4FF460611320FBF74EFF782098
:1046D00002F014FA4FF480710120FBF746FF4FF40B
:1046E0000071022000E052E0FBF73FFF41F2300191
:1046F0000320FBF73AFF08210A20FBF736FF0021D1
:104700000C20FBF732FF20210E20FBF72EFF0021AB
:104710000F20FBF72AFF00212020FBF726FF0021B6
:104720002120FBF722FF3D212A20FBF71EFF14204A
:1047300002F0E4F92D212920FBF717FF002150207A
:10474000FBF713FF4DF2EF015120FBF70EFF0021A5
:104750005220FBF70AFF40F23F115320FBF705FF01
:1047600000216120FBF701FF00216A20FBF7FDFE1D
:104770004FF440719220FBF7F8FE05219320FBF7E0
:10478000F4FE4FF480710720FBF7EFFE3AE20E488B
:10479000808844F2315188427ED101210020FBF70C
:1047A000E4FE0A2002F0AAF941F228611020FBF78A
:1047B000DCFE0E211220FBF7D8FE40F63921132033
:1047C000FBF7D3FE0A2001E0AC00002002F096F9CE
:1047D00040211120FBF7C9FE50211520FBF7C5FE33
:1047E0000A2002F08BF91E211220FBF7BEFE0A20E0
:1047F00002F084F94FF4B1511020FBF7B6FE42F6F7
:1048000039211320FBF7B1FE0A2002F077F94FF4AB
:1048100080710120FBF7A9FE4FF440710220FBF7E5
:10482000A4FE41F238010320FBF79FFE40F2022173
:104830000820FBF79AFE08210A20FBF796FE0021CC
:104840003020FBF792FE40F202413120FBF78DFE53
:104850004FF483713220FBF788FE40F2035133207E
:10486000FBF783FE4FF482713420FBF77EFE40F2AB
:1048700001313520FBF779FE40F207713620FBF756
:1048800074FE40F205313720FBF76FFE4FF40271E2
:104890003820FBF76AFE00E03EE040F60B7139205D
:1048A000FBF763FE02214120FBF75FFE4FF41C5132
:1048B0006020FBF75AFE01216120FBF756FE4FF402
:1048C00004719020FBF751FE4FF485719220FBF7A5
:1048D0004CFE04219320FBF748FE4FF48071A0208A
:1048E000FBF743FE01210720FBF73FFE21210720B4
:1048F000FBF73BFE23210720FBF737FE3321072080
:10490000FBF733FE40F233110720FBF72EFE0021A8
:10491000A020FBF72AFE75E1F748808844F2355164
:1049200088427CD130211520FBF71FFE10219A20F0
:10493000FBF71BFE20211120FBF717FE43F2284155
:104940001020FBF712FE02211220FBF70EFE41F2AF
:1049500038011320FBF709FE282002F0CFF81221BE
:104960000846FBF702FE282002F0C8F843F2204177
:104970001020FBF7FAFD43F238011320FBF7F5FD99
:10498000462002F0BBF800213020FBF7EEFD40F29C
:1049900002413120FBF7E9FD40F207313220FBF7FD
:1049A000E4FD4FF441713320FBF7DFFD0421342097
:1049B000FBF7DBFD40F201413520FBF7D6FD40F26D
:1049C00007713620FBF7D1FD40F205313720FBF7A8
:1049D000CCFD4FF4C2613820FBF7C7FD4FF4C26134
:1049E0003920FBF7C2FD4FF480710120FBF7BDFDBC
:1049F0004FF440710220FBF7B8FD41F23001032073
:104A0000FBF7B3FD40F608010820FBF7AEFD0821D7
:104A10000A20FBF7AAFD4FF41C51602000E033E0B0
:104A2000FBF7A3FD01216120FBF79FFD4FF49F7170
:104A30009020FBF79AFD4FF480719220FBF795FDD3
:104A40004FF480719320FBF790FD4FF44051A0206C
:104A5000FBF78BFD1021A320FBF787FD0121072029
:104A6000FBF783FD21210720FBF77FFD2321072092
:104A7000FBF77BFD33210720FBF777FD40F2331175
:104A80000720FBF772FDBDE09B48808841F663116B
:104A90008842F8D1E220FBF74DFD1D20FBF753FDC6
:104AA0000220FBF750FD0420FBF74DFD642001F0D0
:104AB000DDFFE020FBF73EFD0120FBF744FD0A206F
:104AC00002F01CF8E020FBF735FD0320FBF73BFD6F
:104AD0000C2002F013F80120FBF72CFD0A2002F055
:104AE0000DF8E620FBF726FD2F20FBF72CFDFF201D
:104AF000FBF729FDFF20FBF726FDB020FBF71AFD91
:104B00002020FBF720FD0020FBF71DFD0320FBF715
:104B10001AFD40F21F30FBF716FD0120FBF713FDD5
:104B200040F2DF10FBF70FFD0020FBF70CFDB42077
:104B3000FBF700FD0420FBF706FD40F21F40FBF7EA
:104B400002FD0020FBF7FFFC2E20FBF7FCFC002001
:104B5000FBF7F9FC0020FBF7F6FC0020FBF7F3FC69
:104B60000020FBF7F0FCB620FBF7E4FC0220FBF78B
:104B7000EAFC4FF40370FBF7E6FC0020FBF7E3FCD4
:104B80001720FBF7E0FC1520FBF7DDFC0020FBF70E
:104B9000DAFC0020FBF7D7FCF020FBF7CBFC03206E
:104BA000FBF7D1FC2920FBF7C5FCD020FBF7C2FCAA
:104BB0000020FBF7C8FCBE20FBF7BCFC0520FBF780
:104BC000C2FCFE20FBF7BFFC0120FBF7BCFC002071
:104BD000FBF7B9FC0020FBF7B6FC0020FBF7B3FCA9
:104BE000B820FBF7A7FC0320FBF7ADFC0120FBF787
:104BF000AAFCBA20FBF79EFC0120FBF7A4FC642072
:104C0000FCF70BF90020FCF734F901203B49086060
:104C10004FF6FF70FCF71CFB21B000BD2DE9FC4FE7
:104C200005460E4617469846DDF82C900020019068
:104C30003148808846F60401884229D12E4880797F
:104C4000012825D1AB4635462B480088C01B401EA5
:104C500086B2474628480088A0EB0B00401E1FFA8A
:104C600080F80020244988712A2048812B208881DF
:104C700043463A4631462846CDF80090FFF7CEFF2E
:104C800001201D4988712B2048812A2088811DE040
:104C9000781B401C80B20190344615E0214628461E
:104CA000FBF792FCFBF773FC4FF0000A07E04FF0B4
:104CB000D840A0F880900AF101001FFA80FA01980C
:104CC0008245F4DB601C84B24445E7DDBDE8FC8F1F
:104CD0002DE9F84F07460D4690469946DDF828B075
:104CE000A8EB0700401C1FFA80FAA9EB0500401C46
:104CF00080B20090002418E0AC000020BC8240424A
:104D0000281981B23846FBF75FFCFBF740FC002610
:104D100007E004FB0A603BF81000F8490880701CAB
:104D200086B25645F5DB601C84B200988442E7DB0E
:104D3000BDE8F88F2DE9FF4F84B081468A460020F8
:104D4000039002900698A0EB09050798A0EB0A06CD
:104D5000CDF80490CDF800A0002D01DD012705E07D
:104D60000DB9002702E04FF0FF376D42002E02DD43
:104D70004FF0010806E016B94FF0000802E04FF0CE
:104D8000FF387642B54201DD2C4600E034464FF054
:104D9000000B21E0009A91B2019A90B2FBF76DFFEF
:104DA0000398284403900298304402900398A0424C
:104DB00005DD0398001B0390019838440190029888
:104DC000A04205DD0298001B02900098404400902C
:104DD0000BF101001FFA80FB601C8345DADD08B08F
:104DE000BDE8F08FF0B504460D4616461F462B462B
:104DF000324629462046FFF79DFF3B46224629467C
:104E00002046FFF797FF3B46324639462046FFF7DC
:104E100091FF3B46324629463046FFF78BFFF0BDF7
:104E20002DE9F04306460F469046002445460320F0
:104E3000A0EB48093CE07A1B91B2321990B2FBF723
:104E40001CFF3A1B91B2721990B2FBF716FF3A1988
:104E500091B2721990B2FBF710FF7A1991B2321920
:104E600090B2FBF70AFF7A1991B2321B90B2FBF7AE
:104E700004FF3A1991B2721B90B2FBF7FEFE7A1B47
:104E800091B2321B90B2FBF7F8FE3A1B91B2721B43
:104E900090B2FBF7F2FE641CB9F1000F03DAA00038
:104EA000801D814404E0601B80000A3081446D1E37
:104EB000AC42C0DDBDE8F0832DE9F84F80460E46D8
:104EC00017461C46B3462046E31704EB5373DB102A
:104ED00021464FEAE47C04EB5C7C4FEAEC0CA4EB4B
:104EE000CC0CBCF1000F02D04FF0010C01E04FF0F0
:104EF000000C6344224604EBD27C4FEA6C0C03FBAB
:104F00000CF3DBB20093A7F12000C7B2002556E0F6
:104F10000C2C07D107EB4700794901EB800010F812
:104F2000059013E0102C05D1764800EB071010F81F
:104F300005900BE0182C07D107EBC700724901EB75
:104F4000800010F8059001E0BDE8F88F4FF0000AEE
:104F50002FE009F0800030B16C48028831464046AD
:104F6000FBF799FE07E00A9828B96948028831469C
:104F70004046FBF790FE4FEA49604FEA1069701C0B
:104F800086B264484088B04200DCDDE7A6EB0B0047
:104F9000A0420AD15E4608F101001FFA80F85D4880
:104FA0000088404500DCCFE706E00AF1010000F090
:104FB000FF0ABAF1080FCCDB00BF681CC5B200982D
:104FC0008542A5DB00BFBFE710B50246012000E027
:104FD00050430B1EA1F10104E1B2F9D110BD2DE93E
:104FE000FF4F81B0074691461E460E9D4FF0000AC6
:104FF000002439E0301B401EC1B20A20FFF7E4FF55
:10500000B9FBF0F00A21B0FBF1F201FB1208BAF192
:10501000000F16D1701EA04213DDB8F1000F0ED1A3
:105020000020AB4605EBDB71491001FB04710090D9
:1050300088B22B4620220299FFF73EFF12E04FF084
:10504000010A0020AB4605EBDB71491001FB04713E
:10505000009088B208F13001CAB22B460299FFF7DE
:105060002BFF00BF601CC4B2B442C3DB05B0BDE877
:10507000F08F2DE9FF4F82B0064692461F46DDE9CC
:105080000F480020019000255CE0781B401EC1B253
:105090000A20FFF799FFBAFBF0F00A21B0FBF1F20A
:1050A00001FB1209019840BB781EA84236DDB9F118
:1050B000000F31D108F0800078B108F00100A3465C
:1050C00004EBDB71491001FB0561009088B22346B7
:1050D00030220399FFF7F0FE0EE008F00100A3462E
:1050E00004EBDB71491001FB0561009088B2234697
:1050F00020220399FFF7E0FE22E00FE08000006C21
:105100001EAD000892B1000882B70008140000200C
:1051100016000020AC0000200120019008F00100E2
:10512000A34604EBDB71491001FB0561009088B2D6
:1051300009F13001CAB223460399FFF7BDFE00BF53
:10514000681CC5B2BD42A0DB06B0BDE8F08F2DE9FA
:10515000F84704460D4690469946DDE9096704F094
:10516000FF0A08EB04001FFA80F809EB05001FFA9C
:1051700080F916E0444502DB5446A81985B24D4536
:1051800000DB14E0002000903A78334629462046A0
:10519000FFF792FE304606EBD07104EB61018CB252
:1051A0007F1C38787E2802DC38782028E2DA00BFBD
:1051B000BDE8F88700B59DB00121062002F0FAFB9A
:1051C0000121880502F0F6FB02F072FF012188033D
:1051D00002F04AFC0121080202F046FC0020029085
:1051E000FE480390FE4800680490002005904FF4AC
:1051F00080500690002007904FF480600890400097
:10520000099080000A9040110B9000200C900D90A6
:1052100001200E9000200F90109002A9F14803F099
:105220001BFA01221021EF4803F0DDFA38208DF837
:10523000040005208DF8050000208DF806000120EF
:105240008DF8070001A801F042FD03208DF87000E1
:1052500000208DF8730004201B901BA9E24801F088
:1052600027FE0121080202F054FC00214FF4807057
:1052700002F04FFC002011904FF48030129000207B
:105280001390149011A802F04DFF15A802F040FFF2
:1052900000208DF858008DF859004FF040501790BD
:1052A0004FF0606018900020199001208DF8680080
:1052B00015A9CA484C3802F006FF01231A460C21F2
:1052C000C6484C3802F085FF0121C4484C3803F031
:1052D0002BF80121C1484C3803F01BF80121C148CB
:1052E00003F0F4F90121BD484C3802F032FF1DB043
:1052F00000BD0EB50121022002F0B6FB01210846D7
:1053000002F0B2FBB94804F06CF80020ADF80800D8
:10531000ADF80200012001905320ADF800000020FC
:105320008DF80A006946B14803F075FBB04804F0F7
:1053300058F84FF6FF700190A720ADF800006946BD
:10534000AB4803F068FB0021A94803F0ADFB202126
:10535000A64804F0B9F80121A44803F0E5FB0021B8
:10536000A34803F0E1FB0EBD10B5A2499D4803F030
:1053700057FA01280ED100219C4803F0D5FB0021EB
:105380009A4803F091FB01209B4908709949954880
:1053900003F070FA10BD70B52DED068B82B0964803
:1053A000007801287CD10020934908700024AFE0E8
:1053B0008B48006830F8140090490988884205DC61
:1053C0008748006830F814008C49088084480068D9
:1053D00030F814008A490988884205DB8048006853
:1053E00030F814008649088040F6FF718C4219DAC3
:1053F0007B49096831F8142079490B68611C33F83E
:105400001110501A002801DB014600E04142322908
:1054100008DA73480168601C31F8100070490968A7
:1054200021F8140040F6FF70844254DA7548008871
:1054300075490988451A002D01DB294600E06942BB
:10544000084605F000FB41EC1A0B9FED700B53EC86
:10545000102B05F073F941EC180B6148006830F827
:1054600014105F480268601C32F810000E1A002EFB
:1054700001DB314600E07142084605F0E4FA41ECF8
:10548000190B53EC182B05F009FB24D240F6FF70E2
:10549000844220DA00205F4A1060506000BF0EE0B6
:1054A000ADE121184E4A126832F81110594D28CD3D
:1054B000CB1845F10001574AC2E90031401C0228CF
:1054C000EFDB02220023534903C904F049F84449A1
:1054D000096821F814004248006830F814004E4969
:1054E0000988884205DC3E48006830F814004A49C3
:1054F00008803B48006830F8140048490988884211
:1055000005DB3748006830F8140044490880641C03
:10551000B4F5805FFFF64CAF39490988374A1288E5
:10552000881805F090FA9FED390B53EC102B05F01D
:1055300005F905F05BFA3A490860384800883149B6
:10554000088035480088304908802D48008840F69A
:10555000E441484340F6FF7190FBF1F40C20052331
:105560002246182100900020FFF739FD23480088CB
:1055700040F6E441484340F6FF7190FBF1F40C2003
:1055800005232246302100900020FFF728FD00244B
:105590009AE01349096831F81410194A1288501A10
:1055A000002801DB014600E04142B1F57A7F45DA8F
:1055B0001C480088401C1B4908801B480088401C70
:1055C0001949088008460088012804D11748008836
:1055D000401C16490880164800882BE04C200140EA
:1055E0001C0000201064024000080240000401403A
:1055F0000000014020800010180000202200002040
:1056000020000020240000202600002000000000D0
:1056100000000040580000202A0000202800002040
:105620002C00002030000020340000203A00002030
:105630003600002010B10020F8490880F8490968B8
:1056400031F81410F74A1288881A002801DB014645
:1056500000E04142B1F57A7F18DAF3480088401C37
:10566000F1490880ED480088401CEC490880084654
:105670000088012804D1ED480088401CEB490880CF
:10568000EB48008810B10020E9490880E449096826
:1056900031F8140005F0EEF941EC1A0B9FEDE50B23
:1056A00053EC102B05F036FA41EC190B9FEDE30B90
:1056B00053EC102B05F042F841EC180B53EC182B6F
:1056C000E0A003F0C5FF641CB4F5805FFFF661AF96
:1056D000DD490988481E05F0B6F941EC1A0B53EC78
:1056E0001A2B9FEDDA0B51EC100B05F027F841EC6B
:1056F000190B53EC192B9FEDD70B51EC100B05F048
:105700001DF841EC180B05F071F904460C20062336
:105710002246002100900846FFF761FC0020CA499C
:105720000880C2490880C2490880BC490880CB492A
:10573000088040F6FF70BB4908800020C8490880F7
:1057400040F6FF70C7490880C7490988C1F58051F4
:10575000B54A1288881A002801DB014600E0414260
:105760000A2908DA0C20012302226421009000207B
:10577000FFF735FC2EE0BC49098840F69802511A23
:10578000A94A1288881A002801DB014600E041423C
:10579000642908DA0C2001230322642100900020F0
:1057A000FFF71DFC16E0B0490988C1F52F619E4A3C
:1057B0001288881A002801DB014600E04142B1F559
:1057C000FA7F07DA0C2001230522642100900020D3
:1057D000FFF705FC0C200090A34800889249098837
:1057E0004218052350210020FFF7F9FB00209E49B5
:1057F00008808D49088001219C4803F095F902B08A
:10580000BDEC068B70BD70B52DED0A8B82B098484B
:10581000007801287CD10020954908700024B0E070
:105820007F48006830F814007E490988884205DC0A
:105830007B48006830F814007A490880784800688E
:1058400030F8140085490988884205DB74480068EF
:1058500030F814008149088040F6FF718C4219DA53
:105860006F49096831F814206D490B68611C33F8E1
:105870001110501A002801DB014600E04142322994
:1058800008DA67480168601C31F81000644909684B
:1058900021F8140040F6FF70844255DA75480088FC
:1058A00075490988451A002D01DB294600E0694247
:1058B000084605F0C8F841EC1A0B1FEDAC0B53EC91
:1058C000102B04F03BFF41EC180B5548006830F8F2
:1058D000141053480268601C32F810000E1A002E93
:1058E00001DB314600E07142084605F0ACF841ECBE
:1058F000190B53EC182B05F0D1F825D240F6FF70A8
:10590000844221DA00215D4A1160516000200FE0DD
:1059100026E22118424A126832F81110574BD3E997
:1059200000534D1943F10001544AC2E90051401C93
:105930000228EEDB02220023504903C903F010FEC7
:105940003749096821F814003548006830F8140018
:1059500044490988884205DC3148006830F8140061
:10596000404908802E48006830F814003C490988F6
:10597000884205DB2A48006830F81400384908805E
:10598000641CB4F5805FFFF64BAF34490988254AA3
:105990001288881805F057F81FEDE40B53EC102B14
:1059A00004F0CCFE05F022F8354908602C48008848
:1059B000304908802B4800882F49088027480088F4
:1059C00040F6E441484340F6FF7190FBF1F40C20AF
:1059D00005232246014600904B20FFF700FB1148AB
:1059E000008840F6E441484340F6FF7190FBF1F433
:1059F0000C2005232246182100904B20FFF7EFFAD8
:105A00000024B1E00649096831F81410134A1288DD
:105A1000501A002836DB014635E000003600002031
:105A20001C00002022000020320000203C0000204A
:105A3000340000206666666666660A400000000064
:105A400000FEAF4025660A003A000020000000007A
:105A500000FFBF400000000080842E412000002095
:105A6000280000202A00002030000020000401400F
:105A700018000020240000202600002058000020EC
:105A80002C0000204142B1F57A7F26DAFE480088DA
:105A9000401CFD490880FD480088401CFB490880E7
:105AA00008460088012818D1F9480088401CF849A8
:105AB0000880F8490C80F8490C80F848008830B913
:105AC000F4480088F64908800120F4490880F54828
:105AD000008810B10020F3490880F349096831F8C3
:105AE0001410F24A1288881A002801DB014600E0EF
:105AF0004142B1F57A7F18DAED480088401CEC4944
:105B00000880E8480088401CE6490880084600886C
:105B100001280AD1E7480088401CE6490880DB4894
:105B2000008810B10020D9490880DF49096831F8A0
:105B3000140004F09FFF41EC1A0B1FED420B53ECD5
:105B4000102B04F0E7FF41EC190B1FED440B53EC55
:105B5000102B04F0F3FD41EC180B53EC182BAFF2B3
:105B60001C1003F075FD641CB4F5805FFFF64AAFAE
:105B7000C7490988481E04F066FF41EC1A0BC64964
:105B80000988C74A1288881A04F05DFF41EC1C0B93
:105B90009FEDC90B53EC102B04F0BCFF41EC1B0B29
:105BA00053EC1A2B04F0CAFD41EC190B53EC192BE2
:105BB0001FED580B51EC100B04F0C0FD41EC180B1D
:105BC00004F014FFBE4908600C200523009008462D
:105BD000002102684B20FFF702FA0020AC49088040
:105BE000B4490880A9490880AE490880B5490880B1
:105BF00040F6FF70AD4908800020B349088040F6A8
:105C0000FF70B2490880AE48006846F2A811884289
:105C10004CD89D490988C1F58051A54A1288881A37
:105C2000002801DB014600E041420A290ADAA8A067
:105C30000C210B462422CDE9001030210020FFF773
:105C400086FA84E09049098840F69802511A984AE9
:105C50001288881A002801DB014600E041426429CD
:105C60000ADA9CA00C210B462422CDE90010302139
:105C70000020FFF76CFA6AE083490988C1F52F61BB
:105C80008B4A1288881A002801DB014600E0414255
:105C9000B1F5FA7F5BDA90A00C210B462422CDE906
:105CA000001030210020FFF752FA50E084480068CD
:105CB00046F2A81188424AD973490988C1F5805132
:105CC0007B4A1288881A002801DB014600E0414225
:105CD0000A290ADA7EA00C210B462422CDE9001005
:105CE00030210020FFF733FA31E067490988C1F518
:105CF0002F616F4A1288881A002801DB014600E0F4
:105D0000414264290ADA74A00C210B462422CDE911
:105D1000001030210020FFF71AFA18E05A490988CC
:105D200040F69802511A624A1288881A002801DB4C
:105D3000014600E04142C82909DA66A00C210B4661
:105D40002422CDE9001030210020FFF700FA0020C6
:105D50004D490880564908800121604802F0E4FE60
:105D600002B0BDEC0A8B70BD00B59DB001210620CC
:105D700001F020FE0121880501F01CFE02F098F9D7
:105D80000121880301F070FE0121080201F06CFE80
:105D90000020029052480390524804900020059041
:105DA0004FF400500690002007904FF48060089058
:105DB0004000099080000A9040110B9000200C9048
:105DC0000D9001200E9000200F90109002A94648DF
:105DD00002F042FC01221021434802F004FD382069
:105DE0008DF8040005208DF8050000208DF80600D0
:105DF00001208DF8070001A800F069FF03208DF84D
:105E0000700000208DF8730004201B901BA93748F8
:105E100001F04EF803208DF8700000208DF873001B
:105E200001201B901BA9324801F042F80121080211
:105E300001F06FFE00214FF4807001F06AFE002037
:105E400011904FF480301290801013900020149025
:105E500011A802F067F915A802F05AF901208DF88F
:105E6000580000208DF859004FF0405017904FF027
:105E7000606018900020199002208DF8680015A924
:105E800017484C3836E00000300000203400002075
:105E90003A0000206400002068000020620000201A
:105EA00066000020360000201C0000202200002098
:105EB000320000203C0000200000000000FFFF3FF7
:105EC0004800002020000020280000202A00002098
:105ED000526563005472690053696E00000401400A
:105EE0004C200140BA20002010640240000802400B
:105EF0000004024002F0E7F801231A460C21FE4894
:105F000002F067F9012302220821FB4802F061F93F
:105F10000121F94802F008FA0121F74802F0F9F9E5
:105F20000121F64802F0D2FB0121F34802F011F9F9
:105F30001DB000BD70B52DED0A8B82B0F048007821
:105F4000012878D10020EE49087000247AE1600031
:105F5000EC4931F81000EC490988884205DC600002
:105F6000E84931F81000E84908806000E54931F857
:105F70001000E6490988884205DB6000E14931F8F4
:105F80001000E2490880012000EB4400DD4931F8AF
:105F90001000DF490988884207DC012000EB44003B
:105FA000D84931F81000DA490880012000EB44009C
:105FB000D44931F81000D7490988884207DB01200D
:105FC00000EB4400CF4931F81000D249088040F678
:105FD000FF718C4219DA6100CA4A32F81120611C43
:105FE0004900C84B33F81110501A002801DB014654
:105FF00000E04142322908DA601C4000C14931F812
:1060000010006100BF4A22F8110040F6FF718C4277
:1060100022DA012101EB4401BA4A32F81120611C55
:10602000012303EB4101B74B33F81110501A00283C
:1060300002DB014601E0F8E3414232290CDA601C40
:10604000012101EB4000AF4931F81000012101EBC3
:106050004401AC4A22F8110040F6FF7084427CDA19
:10606000AD480088AD490988461A002E01DB31464B
:1060700000E07142084604F0E6FC41EC1A0B9FED8B
:10608000A80B53EC102B04F059FB41EC180B6000EB
:106090009C4931F81010601C40009A4A32F81000F8
:1060A0000D1A002D01DB294600E06942084604F084
:1060B000CAFC41EC190B53EC182B04F0EFFC23D273
:1060C00040F6FF7084421FDA0021974A1160516048
:1060D00000200DE0211849008A4A32F81110924B35
:1060E000D3E90053491943F100028F4B06C3401C0A
:1060F0000228EFDB022200238B4903C903F030FAA8
:106100006100804A22F8110088480088884909887F
:10611000461A002E01DB314600E07142084604F0C9
:1061200092FC41EC1A0B9FED7E0B53EC102B04F00C
:1061300005FB41EC180B012000EB4400714931F8DC
:106140001010601C012202EB40006E4A32F8100071
:106150000D1A002D02DB294601E032E069420846B3
:1061600004F071FC41EC190B53EC182B04F096FC75
:1061700027D240F6FF70844223DA00206A4A10607A
:10618000506000BF0FE02118012202EB41015D4A7F
:1061900032F81110644BD3E90053491943F100025E
:1061A000614B06C3401C0228EDDB022200235E493E
:1061B00003C903F0D5F9012101EB4401514A22F84A
:1061C000110060004F4931F810005A49098888428F
:1061D00005DC60004B4931F810005649088060002A
:1061E000484931F8100054490988884205DB6000AD
:1061F000444931F8100050490880012000EB440068
:10620000404931F810004D490988884207DC0120D7
:1062100000EB44003B4931F8100048490880012058
:1062200000EB4400374931F810004549098888429D
:1062300007DB012000EB4400324931F810004049EF
:106240000880641CB4F5805FFFF681AE3A48008890
:10625000314908803748008830490880384800882C
:10626000324908803548008831490880274800882D
:1062700040F6E441484340F6FF7190FBF1F40C20F6
:1062800005232246014600904B20FEF7A8FE1E483B
:10629000008840F6E441484340F6FF7190FBF1F47A
:1062A0000C2005232246182100904B20FEF797FE74
:1062B0001848008840F6E441484340F6FF7190FBDF
:1062C000F1F40C2005232246242100904B20FEF7F8
:1062D00086FE0F48008840F6E441484340F6FF71CF
:1062E00090FBF1F40C2005232246302100904B2036
:1062F000FEF775FE00241FE10020014010640240FB
:1063000018000020BA2000202200002020000020D9
:106310006E0000206C0000202400002026000020D9
:106320000000000000000040580000207000002025
:10633000720000202A0000202800002074000020A5
:10634000760000206100FB4A32F81110FA4A1288E8
:10635000501A002801DB014600E04142B1F57A7F86
:1063600026DAF6480088401CF4490880F448008882
:10637000401CF349088008460088012818D1F148DC
:106380000088401CEF490880EF490C80EF490C80E1
:10639000EF48008830B9EC480088EE4908800120B9
:1063A000EB490880EC48008810B10020EA490880D9
:1063B0006100E04A32F81110E84A1288881A002871
:1063C00001DB014600E04142B1F57A7F18DAE4488A
:1063D0000088401CE2490880DF480088401CDE49F4
:1063E00008800846008801280AD1DE480088401C41
:1063F000DC490880D248008810B10020D0490880CC
:10640000012101EB4401CB4A32F81110D64A12881F
:10641000501A002801DB014600E04142B1F57A7FC5
:1064200026DAD2480088401CD0490880D04800882D
:10643000401CCF49088008460088012818D1CD4863
:106440000088401CCB490880CB490C80CB490C808C
:10645000CB48008830B9C8480088CA490880012064
:10646000C7490880C848008810B10020C649088084
:10647000012101EB4401AF4A32F81110C34A1288DE
:10648000881A002801DB014600E04142B1F57A7F1D
:1064900018DABF480088401CBD490880BA48008807
:1064A000401CB94908800846008801280AD1B9482B
:1064B0000088401CB7490880AD48008810B1002012
:1064C000AB490880012101EB44019A4A32F81100DE
:1064D00004F0D0FA41EC1B0B9FEDAF0B53EC102BEB
:1064E00004F018FB41EC1A0B9FEDAD0B53EC102B95
:1064F00004F024F941EC180B61008E4A32F81100C7
:1065000004F0B8FA41EC1B0B9FEDA30B53EC102BDE
:1065100004F000FB41EC1A0B9FEDA10B53EC102B88
:1065200004F00CF941EC190B8DED008B53EC192B99
:106530009DA003F08DF8641CB4F5805FFFF602AFF8
:1065400080490988481E04F07EFA41EC1A0B7F4905
:106550000988804A1288891A480004F074FA41ECCC
:106560001C0B9FED930B53EC102B04F0D3FA41EC72
:106570001B0B53EC1A2B04F0E1F841EC190B53EC14
:10658000192B9FED8D0B51EC100B04F0D7F841EC5B
:10659000180B04F02BFA8A49086076490988481ECE
:1065A00004F051FA41EC1A0B74490988754A1288B3
:1065B000891A480004F047FA41EC1C0B9FED7C0B54
:1065C00053EC102B04F0A6FA41EC1B0B53EC1A2BE6
:1065D00004F0B4F841EC190B53EC192B9FED760B3A
:1065E00051EC100B04F0AAF841EC180B04F0FEF982
:1065F000744908800C20052300907148002102682E
:106600004B20FEF7ECFC0C20052300906D4802881F
:10661000C8214B20FEF7E3FC00204A49088051497D
:106620000880474908804C490880524908805949E8
:1066300008804F490880544908803F4908804A49EA
:10664000088040F6FF7045490880504908800020C6
:106650005D4908805D49088040F6FF705C4908800C
:106660005C4908805648006846F2A81188424FD815
:1066700032490988C1F58051394A1288881A0028A0
:1066800001DB014600E041420A290BDAAFF2C0709B
:106690000C210B462422CDE9001030210020FEF70A
:1066A00056FDDDE02549098840F69802511A2C4A2A
:1066B0001288881A002801DB014600E04142642963
:1066C0000BDAAFF2F0700C210B462422CDE900105A
:1066D00030210020FEF73BFDC2E018490988C1F5D2
:1066E0002F611F4A1288881A002801DB014600E04A
:1066F0004142B1F5FA7F0ADAAFF624000C210B46CD
:106700002422CDE9001030210020FEF720FDA7E073
:106710002B48006846F2A81188426BD907490988BE
:10672000C1F580510E4A1288881A002854DB0146B0
:1067300053E00000BA20002020000020300000209C
:10674000340000203A00002064000020680000208F
:106750006200002066000020360000202200002099
:10676000320000203C0000206C0000207800002057
:106770007A00002080000020820000208400002099
:1067800086000020880000207E0000206E0000208F
:106790007C0000208A0000206666666666660A4005
:1067A0000000000000FEAF4025662C25660A0000B0
:1067B000000000000000F83F0000000080842E412F
:1067C000480000208C0000202800002076000020D7
:1067D0002A0000207400002041420A290BDAAFF69B
:1067E00010100C210B462422CDE90010302100208E
:1067F000FEF7ADFC34E07E490988C1F52F617D4A82
:106800001288881A002801DB014600E04142642911
:106810000CDAAFF63C100C210B462422CDE9001017
:1068200030210020FEF793FC1AE0DCE07049098873
:1068300040F69802511A6F4A1288881A002801DB24
:10684000014600E04142C8290ADAAFF678100C216F
:106850000B462422CDE9001030210020FEF777FC02
:106860006548008846F2A81188424EDC63490988D1
:10687000C1F58051624A1288881A002801DB01465E
:1068800000E041420A290BDA5EA00C210B469C2253
:10689000CDE900104FF496710020FEF758FC95E00A
:1068A00056490988C1F5FA61554A1288881A0028A4
:1068B00001DB014600E0414264290BDA55A00C21BE
:1068C0000B469C22CDE900104FF496710020FEF794
:1068D0003EFC7BE049490988C1F52F61484A12888E
:1068E000881A002801DB014600E04142B1F5FA7F39
:1068F0006CDA4CA00C210B469C22CDE900104FF421
:1069000096710020FEF723FC60E03B48008846F2C9
:10691000A81188425ADD39490988C1F58051384AA1
:106920001288881A002801DB014600E041420A294A
:106930000BDA34A00C210B469C22CDE900104FF459
:1069400096710020FEF703FC34E02C490988C1F55C
:106950002F612B4A1288881A002801DB014600E0CB
:106960004142B1F5FA7F0BDA2EA00C210B469C2296
:10697000CDE900104FF496710020FEF7E8FB19E016
:106980001E49098840F69802511A1D4A1288881A31
:10699000002801DB014600E04142C8290ADA1DA0B7
:1069A0000C210B469C22CDE900104FF4967100207B
:1069B000FEF7CDFB0C200090104800881049098894
:1069C00042180523C8210020FEF709FB00200849D2
:1069D00008800A4908800749088009490880012180
:1069E000144802F0A1F802B0BDEC0A8B70BD0000A3
:1069F00030000020320000208C00002078000020B1
:106A00007C0000205265635F6368616E6E656C3266
:106A1000000000005472695F6368616E6E656C32DD
:106A20000000000053696E5F6368616E6E656C32D2
:106A3000000000000004014010B504466FF004009F
:106A400000F092F9E11704EB5171C1F3C701394A23
:106A500011701046007800EB4001C1EBC0104FF6FA
:106A6000FF7101EAC0003449088010BD0146314A77
:106A700012784A434FF0E0235A6100229A611A4685
:106A8000126942F001021A6100BF4FF0E022106962
:106A900000F001021AB100F48032002AF5D04FF064
:106AA000E022126922F001024FF0E0231A61002275
:106AB0009A6170470146204A12884A434FF0E0230A
:106AC0005A6100229A611A46126942F001021A6163
:106AD00000BF4FF0E022106900F001021AB100F48B
:106AE0008032002AF5D04FF0E022126922F0010234
:106AF0004FF0E0231A6100229A61704770B5044696
:106B00004FF4077094FBF0F0C6B24FF4077094FB9B
:106B1000F0F100FB114085B205E04FF40770FFF77C
:106B2000C9FF701EC6B2002EF7D115B12846FFF777
:106B3000C1FF70BD8E0000209000002000BF704794
:106B400000BF4C4A128802F04002002AF9D0C2B2BB
:106B5000484B9A80704710B588B00446012108461A
:106B600000F028FF0121102000F07EFF07220921FC
:106B7000414800F028FA07220A213F4800F023FA92
:106B80004FF4C060069002208DF81C008DF81D00A7
:106B900000208DF81E0001208DF81F0006A9364840
:106BA00000F086F902940020ADF80C00ADF80E005C
:106BB000ADF81000ADF814000C20ADF8120002A9D9
:106BC0002C4801F0B2F801212A4801F036F90122DF
:106BD00040F22551274801F0E6F925208DF8040000
:106BE00003208DF805008DF8060001208DF80700C0
:106BF00001A800F06CF808B010BD10B540F22551A6
:106C00001C4801F00BFA10B31A4801F045F9C4B260
:106C10001A48008800F40040C8B91848008800F4F9
:106C2000804060B10A2C03D000201449088020E085
:106C30001248008840F400401049088019E00D2CEB
:106C400006D10E48008840F480400C49088010E0CE
:106C50000A480088C0F30D0009490C540748008811
:106C6000401C0649088008460088C72801DD00202E
:106C7000088010BD00100140000002409800002074
:106C8000BA6000200948804709480047FEE7FEE750
:106C9000FEE7FEE7FEE7FEE7FEE7FEE7FEE7FEE7CC
:106CA00004480549054A064B7047000001040008E6
:106CB00089010008E8610020E8670020E8630020FF
:106CC000E863002032490143324A1160704770B5D1
:106CD000002100230F22C4781CB32E4C246804F436
:106CE000E064C4F5E064C4F30721C1F10404E3B235
:106CF0000A4144789C40E1B28478144021430C0757
:106D0000210E254C05786155047804F01F050124F7
:106D1000AC4005786D11AD0005F1E025C5F80041E6
:106D200009E0047804F01F050124AC401B4D0678EF
:106D3000761145F8264070BD194A0A400243154BAA
:106D40001B1F1A60704739B1124A121D12680243A4
:106D5000104B1B1D1A6006E00E4A121D126882437A
:106D60000C4B1B1D1A607047042808D14FF0E0211E
:106D7000096941F004014FF0E022116107E04FF092
:106D8000E021096921F004014FF0E0221161704710
:106D90000000FA050CED00E000E400E080E100E016
:106DA00080FFFF1F10B504469848844208D1012196
:106DB000084600F06AFE0021012000F066FE76E041
:106DC0009348844208D10121022000F05EFE002198
:106DD000022000F05AFE6AE08E48844208D1012168
:106DE000042000F052FE0021042000F04EFE5EE080
:106DF0008948844208D10121082000F046FE002184
:106E0000082000F042FE52E08448844208D101216B
:106E1000102000F03AFE0021102000F036FE46E07F
:106E20007F48844208D10121202000F02EFE00215D
:106E3000202000F02AFE3AE07A48844208D101215D
:106E4000402000F022FE0021402000F01EFE2EE037
:106E50007548844208D10121802000F016FE0021EF
:106E6000802000F012FE22E07048844208D1012107
:106E7000801500F00AFE0021A01500F006FE16E0C5
:106E80006B48844208D10121401500F0FEFD00212D
:106E9000601500F0FAFD0AE06648844207D101213E
:106EA000001500F0F2FD0021201500F0EEFD10BDF0
:106EB000F0B50A4600210023002400BF3DE0012573
:106EC00005FA01F3156805EA03049C4234D105680C
:106ED0004F000326BE40B543056015794E00B5400E
:106EE0000668354305601579012D02D01579022D0C
:106EF00016D185684F000326BE40B543856055799D
:106F00004E00B540866835438560456801268E4051
:106F1000B5434560456896798E40B6B235434560C5
:106F2000C5684F000326BE40B543C560D5794E0005
:106F3000B540C6683543C560491C1029BFD3F0BDB4
:106F40004FF6FF7101600021017141718171C171C2
:106F5000704708B54FF480320092009A0A430092BD
:106F6000009AC261C161009AC261C2690092C2699D
:106F7000009208BD0246002013690B400BB10120AE
:106F800000E0002070470146086980B27047024661
:106F9000002053690B400BB1012000E00020704736
:106FA0000146486980B2704701837047418370474A
:106FB0000AB1018300E04183704741617047426933
:106FC0004A4042617047F0B5002300244D07ED0EA2
:106FD00002FA05F3CE1000F1200555F826504E07B1
:106FE000F70E0F26BE40B543CF1000F1200646F83D
:106FF0002750CE1000F1200555F8265045EA03042D
:10700000CE1000F1200545F82640F0BD00000240FA
:107010000004024000080240000C02400010024040
:107020000014024000180240001C024000200240F0
:10703000002402400028024030B943F2DB02810004
:10704000A1F1C0410A6005E043F2D2028100A1F142
:10705000C0410A606FF07042411C8900A1F1C0413B
:107060000A608100A1F1C041C1F804217047D0E954
:1070700001121143C268114302691143426911436D
:1070800082691143C2691143026A1143426A114382
:10709000826A1143C26A1143026B11430268920073
:1070A000A2F1C0421160816808290BD101688900F2
:1070B000A1F1C041096841F0400201688900A1F1D5
:1070C000C0410A60416B0968426B526841EA021193
:1070D000426B926841EA0221426B928941EA024185
:1070E000426B128A41EA0251426B127D41EA02610F
:1070F000426B926911430268521C9200A2F1C04295
:107100001160C16AB1F5804F1BD1816B0968826B38
:10711000526841EA0211826B926841EA0221826B55
:10712000128A41EA0251826B127D41EA0261826B4E
:107130009269114302689200A2F1C042C2F80411A0
:1071400007E06FF0704201688900A1F1C041C1F809
:10715000042170470021016002214160002181600B
:10716000C160016141618161C16101624FF480517F
:107170004162490081620021C1620163F8494163B3
:107180008163704751B18200A2F1C042126842F09F
:1071900001038200A2F1C042136009E08200A2F163
:1071A000C0421268EF4B1A408300A3F1C0431A603B
:1071B000704710280AD118214FF020421166402153
:1071C00051664FF0FC319166D16610E01821E64A15
:1071D000116040214FF02042C2F884104FF0FC3182
:1071E000E14A083211604FF02042C2F88C1070471B
:1071F00030B5002100220023446844F0080485686B
:107200002C43C5682C4305692C43456944EA452451
:10721000856944EA4531C4692468C5696D6844EAF2
:107220000524C5692D8944EA0544C5692D7B44EAD6
:107230000562046A2468056A6D6844EA0524056AE3
:107240002D8944EA0544056A2D7B44EA05630468F8
:10725000102C05D14FF020442166A266E36608E0B9
:10726000C14C21604FF02044C4F88820BE4C0C343F
:10727000236030BD10210160002141608160C16048
:10728000016141618161FC21C2691160C269516083
:10729000C2699160C269D160026A1160026A51607C
:1072A000026A9160026AD160704799B1102808D1D2
:1072B0004FF02042126E42F004024FF020431A6653
:1072C0001DE0A94A126842F004024FF02043C3F8BF
:1072D000802014E0102809D14FF02042126EA14BFB
:1072E000DB1E1A404FF020431A6608E09E4A1268DF
:1072F0009C4BDB1E1A404FF02043C3F880207047A0
:1073000099B1102808D14FF02042126E42F040028D
:107310004FF020431A661DE0934A126842F0400283
:107320004FF02043C3F8802014E0102809D14FF01B
:107330002042126E8B4B3F3B1A404FF020431A669F
:1073400008E0894A1268874B3F3B1A404FF02043C0
:10735000C3F88020704701460020102903D14FF068
:107360002042506F02E0804A1432106870471820A3
:107370007D492031086000200906C1F8A4004FF0C3
:10738000FC30794928310860091D0860091D086032
:107390007047016841F01001426841EA4221826869
:1073A00041EA4231704A20321160C1680968C268FE
:1073B000526841EA0221C268128941EA0241C26868
:1073C000127B41EA0261684A28321160016909684A
:1073D0000269526841EA02210269128941EA0241C6
:1073E0000269127B41EA02615F4A2C3211604169F5
:1073F00009684269526841EA02214269128941EAF8
:1074000002414269127B41EA02614FF02042C2F818
:10741000B01070470021016041608160FC21C268AA
:107420001160C2685160C2689160C268D16002692F
:10743000116002695160026991600269D16042691C
:10744000116042695160426991604269D160704740
:1074500048B145492031096841F004014FF020420C
:10746000C2F8A01009E04049203109683D4AD21E07
:1074700011404FF02042C2F8A010704710B5F2B191
:10748000102807D14FF020435B6E0B434FF0204490
:10749000636632E0B0F5807F08D1334B1B1D1B685B
:1074A0000B434FF02044C4F8843026E02E4B2433A5
:1074B0001B680B434FF02044C4F8A4301DE0102893
:1074C00007D14FF020435B6E8B434FF0204463663F
:1074D00013E0B0F5807F08D1234B1B1D1B688B4345
:1074E0004FF02044C4F8843007E01F4B24331B685E
:1074F0008B434FF02044C4F8A43010BD10B50246B1
:1075000000200023102A03D14FF02044636E09E0CD
:10751000B2F5807F03D1144C241D236802E0124C85
:107520002434236803EA01040CB1012000E00020A8
:1075300010BD102807D14FF02042526E8A434FF001
:1075400020435A6619E0B0F5807F0FD1064A121D1C
:1075500012688A434FF02043C3F884200DE00000F6
:10756000E0C40008FEFF0F00800000A0234A12685C
:107570008A434FF02043C3F8A420704770B50246F9
:107580000020002300240025102A03D14FF02046BC
:10759000736E08E0B2F5807F03D1184E203E336849
:1075A00001E0164E336803EA010403EAD10514B181
:1075B0000DB1012000E0002070BD102808D14FF06F
:1075C0002042526E22EAD1024FF020435A6614E064
:1075D000B0F5807F09D1094A203A126822EAD10227
:1075E0004FF02043C3F8842007E0044A126822EADF
:1075F000D1024FF02043C3F8A4207047A40000A09C
:10760000F948006840F00100F74908600020F64999
:1076100008310860F4480068F4490840F2490860FD
:10762000F348091D0860F348EF4984310860F048C9
:107630001038091D0860EC48006820F48020EA49F1
:1076400008600020E8490C310860E7498C31086087
:1076500070470021E44A921C11701146087070476F
:1076600010B501460022002300204A11012A02D150
:10767000DD4C236808E0022A03D1DB4C7034236818
:1076800002E0D94C7434236801F01F0201249440B5
:107690001C400CB1012000E0002010BD38B50020D6
:1076A00000900024002500BF3120FFF7D9FF0546D8
:1076B0000098401C00900098B0F5A04F01D0002D1C
:1076C000F2D03120FFF7CCFF08B1012400E0002404
:1076D000204638BD01460020C34A106820F0F8005B
:1076E00040EAC10010607047C3490860704700213C
:1076F000BD4A703211701170012802D004280AD1DD
:1077000004E00121B84A7032117005E00521B64A43
:107710007032117000E000BF00BF7047B7490860C9
:10772000704770B5049C41EA82150126C6EB5306EA
:1077300045EA0645054345EA0465AB4E361D35600E
:1077400070BDAD4908667047820142EA0172A64BDE
:1077500084331A607047A8498866704710B5830162
:1077600043EA016343EA02739F4C8834236010BDEF
:10777000A14908677047A049C864704702460020C5
:10778000994B0833186820F0EC6042EA0103184373
:10779000954B08331860704702460020924B08331F
:1077A000186820F0784042EA010318438E4B0833F2
:1077B00018607047014600208B4A0832106820F09C
:1077C000030008431060704787480830006800F0E5
:1077D0000C00704701460020834A0832106820F0F0
:1077E000F000084310607047014600207E4A0832CE
:1077F000106820F4E05008431060704701460020F4
:10780000794A0832106820F4604040EAC1001060F4
:107810007047F0B500210022002402250026022333
:10782000714F08373F6807F00C0121B1042905D0DA
:10783000082937D105E0724F076036E0714F0760C5
:1078400033E0694F3F1D3F68C7F38056664F3F1DC9
:107850003F6807F03F036EB16A4FB7FBF3F7DFF8FD
:1078600088C10CF1040CDCF800C0CCF3881C07FBC9
:107870000CF40CE0624FB7FBF3F7DFF86CC10CF1CE
:10788000040CDCF800C0CCF3881C07FB0CF4564F4A
:107890003F1D3F68C7F301477F1C7D00B4FBF5F730
:1078A000076002E0564F076000BF00BF4E4F083729
:1078B0003F6807F0F0010909534F7A5C0768D74029
:1078C0004760494F08373F6807F4E051890A4E4F37
:1078D0007A5C4768D7408760434F08373F6807F4B2
:1078E0006041490B484F7A5C4768D740C760F0BD9C
:1078F000002100F44072B2F5407F0AD13A4A0832C2
:10790000116821F4F811414A02401143364A083205
:107910001160354A70321268C0F30B031A43324BC0
:1079200070331A60704735494439086070473349ED
:1079300040390860704736490860704701460020AA
:10794000294A8C32106820F01F004A1E1043264A34
:107950008C321060704701460020234A8C32106838
:1079600020F4F8504A1E40EA02201F4A8C32106070
:107970007047014600201C4A8C32106820F44010E9
:1079800008431060704701460020174A8C32106887
:1079900020F4400008431060704701460020124A5E
:1079A0008C32106820F44030084310607047194949
:1079B0000860704739B10C4A3032126802430A4BF2
:1079C00030331A6006E0084A303212688243064BB0
:1079D00030331A607047F9B1034A343212680243F7
:1079E000014B34331A601CE000380240FFFFF6EA16
:1079F000103000240030002000004742800E474233
:107A00000024F40000127A009A000020FFFCFF0F0F
:107A10005C014742E01147428F4A126882438E4B15
:107A20001A60704739B18C4A121D126802438A4BA2
:107A30001B1D1A6006E0884A121D12688243864B9D
:107A40001B1D1A60704739B1834A0C321268024319
:107A5000814B0C331A6006E07F4A0C321268824375
:107A60007D4B0C331A60704739B17B4A1032126873
:107A70000243794B10331A6006E0774A10321268DD
:107A80008243754B10331A60704739B1724A243AF9
:107A900012680243704B243B1A6006E06E4A243A97
:107AA000126882436C4B243B1A60704739B16A4AB2
:107AB000203A12680243684B203B1A6006E0664A8F
:107AC000203A12688243644B203B1A60704739B1F8
:107AD000614A1C3A126802435F4B1C3B1A6006E085
:107AE0005D4A1C3A126882435B4B1C3B1A6070472C
:107AF00039B1594A143A12680243574B143B1A6081
:107B000006E0554A143A12688243534B143B1A60FC
:107B1000704739B1504A103A126802434E4B103B3D
:107B20001A6006E04C4A103A126882434A4B103BF6
:107B30001A60704739B1484A1C3212680243464BFA
:107B40001C331A6006E0444A1C3212688243424BDE
:107B50001C331A60704739B13F4A20321268024321
:107B60003D4B20331A6006E03B4A203212688243C4
:107B7000394B20331A60704739B1374A24321268C2
:107B80000243354B24331A6006E0334A243212682C
:107B90008243314B24331A60704739B12E4A2C325C
:107BA000126802432C4B2C331A6006E02A4A2C320E
:107BB00012688243284B2C331A60704739B1264A29
:107BC000303212680243244B30331A6006E0224AF6
:107BD000303212688243204B30331A6070470128DC
:107BE00008D11D493C31096841F008011A4A3C326C
:107BF000116007E018493C31096821F00801164A74
:107C00003C321160704739B1134A273A1278024367
:107C1000114B273B1A7006E00F4A273A127882432D
:107C20000D4B273B1A7070470B484030006840F0FE
:107C30008070094940310860704701460020064ABB
:107C4000283A12680A400AB1012000E0002070477B
:107C500001492639087070473438024010B504468F
:107C6000FA48844208D101211020FFF752FF002179
:107C70001020FFF74EFF57E0F548844209D101215B
:107C80004804FFF735FF00214FF40030FFF730FFC5
:107C90004AE0F048844209D101218804FFF728FF17
:107CA00000214FF48020FFF723FF3DE0EA488442A3
:107CB00009D10121C804FFF71BFF00214FF4002068
:107CC000FFF716FF30E0E548844209D1012108059D
:107CD000FFF70EFF00214FF48010FFF709FF23E0AC
:107CE000DF48844208D101212020FFF712FF002144
:107CF0002020FFF70EFF17E0DA48844209D1012166
:107D00008807FFF7F5FE00214FF08040FFF7F0FEF7
:107D10000AE0D548844207D101214005FFF7E8FE7B
:107D200000216005FFF7E4FE10BD2DE9FF47054681
:107D30000E460024A14600BFA046B08900B100BF96
:107D40002C8A24F44054F08804432C82AC8941F2FC
:107D50000C608443B0883189084371890843044327
:107D6000AC81AC8A24F44074B0890443AC82684688
:107D7000FFF74FFDB548854202D0B948854202D190
:107D8000DDF80C9001E0DDF80890A88900F40040CF
:107D900040B109EBC90000EB091031684900B0FBA4
:107DA000F1F707E009EBC90000EB09103168890021
:107DB000B0FBF1F76420B7FBF0F004012009642167
:107DC00001FB1078A88900F4004040B1322000EB9C
:107DD000C800B0FBF1F000F00700044308E03220D7
:107DE00000EB08106421B0FBF1F000F00F00044339
:107DF0002C81BDE8FF874FF416510160002181807E
:107E0000C18001810C21418100218181704710B521
:107E100002460020108A20F470600B884C882343AF
:107E20008C882343CC8823431843108210BD002143
:107E3000018041808180C180704721B1828942F4F4
:107E40000052828104E082894DF6FF731A408281DC
:107E50007047028B02F47F420283028B0A43028343
:107E6000704721B1828942F40042828103E0828915
:107E7000C2F30E028281704721B1828A42F400620D
:107E8000828204E0828A4FF2FF731A408282704736
:107E9000C1F308028280704701468888C0F3080059
:107EA0007047028A4FF6F0731A400282028A0A4330
:107EB0000282704721B1828942F00202828104E08D
:107EC00082894FF6FD731A408281704782894FF292
:107ED000FF731A40828182890A4382817047028A35
:107EE0004FF6DF731A400282028A0A430282704709
:107EF00021B1028A42F48042028204E0028A4BF6F7
:107F0000FF731A4002827047818941F0010181812B
:107F1000704721B1828A42F00802828204E0828A9C
:107F20004FF6F7731A4082827047028BD2B20283F7
:107F3000028B42EA01220283704721B1828A42F019
:107F40002002828204E0828A4FF6DF731A40828226
:107F5000704721B1828A42F01002828204E0828A54
:107F60004FF6EF731A4082827047828A4FF6FB7396
:107F70001A408282828A0A438282704721B1828AB1
:107F800042F00202828204E0828A4FF6FD731A40B8
:107F9000828270471AB1838A0B43838202E0838A0C
:107FA0008B4383827047F0B50346002400260025EA
:107FB000002040F66A17B94200D100BF1846C1F34D
:107FC000421401F01F06012707FA06F5012C01D122
:107FD0000C3004E0022C01D1103000E014301AB152
:107FE00007682F43076002E00768AF430760F0BDF2
:107FF00002460020B1F5007F00D100BF13880B407E
:108000000BB1012000E00020704701F40072B2F5CE
:10801000007F00D100BFCA430280704770B502469E
:10802000002400230025002040F66A16B14200D14A
:1080300000BFC1F3421501F01F03012606FA03F346
:10804000012D13D19689334017E000000010014044
:108050000044004000480040004C004000500040F8
:108060000014014000780040007C0040022D02D145
:10807000168A334001E0968A33400C12012606FA34
:1080800004F41688344013B10CB1012000E0002044
:1080900070BD10B50022002340F66A14A14200D141
:1080A00000BF0A1201249440A3B2DC43048010BD37
:1080B00010B501210802FFF72CFD00214FF480705C
:1080C000FFF727FD10BD30B50246002000235068A1
:1080D000F84C20400D790C6844EA05242043506098
:1080E0009068F54C2040D1E903542C438D682C4313
:1080F0004D7944EA450420439060D06A20F4700032
:108100000C7D641EE4B2234340EA0350D06230BDCC
:1081100000210160017141718160C1600161012133
:10812000017570470021E54A1168E54A1140D0E920
:1081300000231A4383681A43C3681A431143E14A70
:10814000C2F8041370470021016041608160C16082
:10815000704721B1826842F00102826003E08268C8
:1081600022F00102826070470A4600214168D64B26
:1081700019401143416070474162826270470A466C
:108180000021416821F01F0111434160704738B15F
:10819000CA49096841F40001CA4AC2F8041306E05A
:1081A000C649096821F40001C64AC2F804137047A1
:1081B00038B1C249096841F48001C24AC2F80413C7
:1081C00006E0BE49096821F48001BE4AC2F80413E2
:1081D0007047F0B504460D4600200021092D11DD41
:1081E000E068A5F10A0606EB4607072606FA07F13E
:1081F0008843A5F10A0606EB460603FA06F1084392
:10820000E0600CE0206905EB4507072606FA07F158
:10821000884305EB450603FA06F108432061072A67
:108220000FDA606B561E06EB86071F2606FA07F16B
:108230008843561E06EB860605FA06F1084360637E
:1082400022E00D2A0FDA206BD61F06EB86071F26C9
:1082500006FA07F18843D61F06EB860605FA06F1F3
:108260000843206310E0E06AA2F10D0606EB8607E2
:108270001F2606FA07F18843A2F10D0606EB8606D3
:1082800005FA06F10843E062F0BD816841F08041E3
:1082900081607047014600208A6802F080420AB17E
:1082A000012000E00020704721B1826842F4806222
:1082B000826003E0826822F480628260704721B1AC
:1082C000826842F00202826003E0826822F00202C9
:1082D0008260704710B50A4600210023416821F4EE
:1082E0006041531E41EA4331416010BD21B14268F3
:1082F00042F40062426003E0426822F4006242609D
:1083000070470146C86C80B270476C48001D006819
:10831000704721B1826842F48072826003E0826813
:1083200022F480728260704721B1826842F4007248
:10833000826003E0826822F400728260704738B184
:108340005E49096841F400515E4AC2F8041306E030
:108350005A49096821F400515A4AC2F80413704777
:10836000F0B504461546002000220026092911DD3B
:10837000E068A1F10A0707EB470C072707FA0CF2A0
:108380009043A1F10A0707EB470703FA07F21043EE
:10839000E0600CE0206901EB410C072707FA0CF2C2
:1083A000904301EB410703FA07F210432061A06BF1
:1083B000C0F30156EF1C06F1010CA7EB0C0707EB0D
:1083C000870C1F2707FA0CF29043EF1C06F1010CF3
:1083D000A7EB0C0707EB870701FA07F21043A0632E
:1083E000F0BD10B50A4600210023816B21F4401135
:1083F000531E41EA0351816310BD08B50023009369
:108400000090009B0B440093009B1A6008BD0A4635
:108410000021816821F470211143816070470A4670
:108420000021816821F44011114381607047816807
:1084300041F4800181607047014600208A6802F49F
:1084400080020AB1012000E00020704721B142689B
:1084500042F48062426003E0426822F4806242603B
:10846000704721B1426842F48052426003E04268A2
:1084700022F480524260704708B502460020009006
:10848000009201F12800009B1844009000980068B9
:1084900080B208BD10B50B460021D9B2012404FA00
:1084A00001F11AB144680C43446002E044688C4313
:1084B000446010BDFFFEFFFCFDF7FFC00423014038
:1084C000E030FCFF00200140FFFD3FFF024600209E
:1084D00013680B400BB1012000E000207047CA4335
:1084E0000260704770B502460020002300240B1282
:1084F000556801268E4005EA060415681D4015B131
:108500000CB1012000E0002070BD00220A12D3430C
:1085100003607047016821F00101016000210160E2
:1085200041608160C160016121214161DB49884274
:1085300004D13D21D94A103A91608CE0D7491831D5
:10854000884205D14FF47461D44A103A916082E0B8
:10855000D2493031884205D14FF47411CF4A103AD4
:10856000916078E0CD494831884205D14FF074617F
:10857000CA4A103A91606EE0C8496031884204D11D
:10858000C749C64A103AD16065E0C449783188428B
:1085900004D1C449C14A103AD1605CE0BF4990316E
:1085A000884204D1C049BD4A103AD16053E0BB496A
:1085B000A831884205D14FF03D51B84A103AD160F8
:1085C00049E0BA49884204D13D21B84A083A1160CD
:1085D00041E0B6491831884205D14FF47461B34A7D
:1085E000083A116037E0B1493031884205D14FF483
:1085F0007411AE4A083A11602DE0AC494831884206
:1086000005D14FF07461A94A083A116023E0A749E7
:108610006031884204D1A249A44A121F11601AE0B5
:10862000A2497831884204D19E49A04A121F1160A4
:1086300011E09E499031884204D19B499B4A121F08
:10864000116008E09949A831884204D14FF03D51AA
:10865000964A121F1160704710B500220268944BB1
:108660001A40CC680B6823434C6923438C6923432D
:10867000CC6923430C6A23434C6A23438C6A23430B
:108680004C6B23438C6B23431A430260426922F0F4
:108690000702D1E90B3423431A4342610B6943605B
:1086A0004B6883608B68C36010BD0021016041602E
:1086B0008160C160016141618161C16101624162AA
:1086C0008162C162016341638163704721B10268C5
:1086D00042F00102026003E0026822F0010202603F
:1086E000704721B1026842F40042026003E0026870
:1086F00022F400420260704721B1026842F0200279
:10870000026003E0026822F02002026070474160CC
:1087100070470146486880B2704722B1036843F44D
:108720000023036003E0036823F400230360016176
:10873000704721B1026842F48022026003E00268BF
:1087400022F48022026070470AB1016100E0C1603A
:108750007047014600200A6802F400220AB1012095
:1087600000E000207047014600200A6802F0010284
:108770000AB1012000E000207047014600204A694C
:1087800002F03800704730B503460A460020002446
:10879000464DAB4202D24149103901E043491039FC
:1087A00002F000550DB14C6800E00C68414D2C40C2
:1087B00004EA02050DB1012000E0002030BD0246B0
:1087C0003A4B9A4202D23548103801E03748103807
:1087D00001F000531BB1374B0B40C36002E0354B37
:1087E0000B408360704710B501F080034BB122B19C
:1087F000436943F08003436103E0436923F080034E
:10880000436180290BD02AB1036801F01E04234381
:10881000036004E0036801F01E04A343036010BD7D
:1088200070B50246002000240025204EB24202D23C
:108830001A4B103B01E01D4B103B1F4E0E4036B152
:108840001E2606EAD124166806EA040502E05669E7
:1088500006F0800501F000560EB15C6800E01C686F
:10886000144E344004EA010616B10DB1012000E0B7
:10887000002070BD02460D4B9A4202D207481038C4
:1088800001E00A48103801F000531BB1094B0B40BE
:10889000C36002E0074B0B408360704710600240EA
:1088A0003D000020400F002000003D2010640240E9
:1088B0003F801CF07D0F7D0F3C0F3C0F10B5044630
:1088C000FE48844208D101210846FFF722F9002121
:1088D0000120FFF71EF99DE0B4F1804F08D101217E
:1088E0000846FFF705F900210120FFF701F991E0A3
:1088F000F348844208D101210220FFF7F9F8002152
:108900000220FFF7F5F885E0EE48844208D1012106
:108910000420FFF7EDF800210420FFF7E9F879E0E3
:10892000E948844208D101210820FFF7E1F800213D
:108930000820FFF7DDF86DE0E448844208D101210A
:108940001020FFF7D5F800211020FFF7D1F861E0E3
:10895000DF48844208D101212020FFF7C9F8002117
:108960002020FFF7C5F855E0DA48844208D10121FC
:108970000220FFF7CEF800210220FFF7CAF849E0F5
:10898000D548844209D101210804FFF7C2F800212B
:108990004FF48030FFF7BDF83CE0D048844209D165
:1089A00001214804FFF7B5F800214FF40030FFF72C
:1089B000B0F82FE0CA48844209D101218804FFF7AA
:1089C000A8F800214FF48020FFF7A3F822E0C54863
:1089D000844208D101214020FFF78AF8002140207D
:1089E000FFF786F816E0C048844208D101218020B4
:1089F000FFF77EF800218020FFF77AF80AE0BB48F5
:108A0000844207D101218015FFF772F80021A015DB
:108A1000FFF76EF810BD00220288A84B98420ED0D6
:108A2000AC4B98420BD0B0F1804F08D0A44B984289
:108A300005D0A44B984202D0A34B984204D14FF6E4
:108A40008F731A404B881A43A04B984207D0A04B13
:108A5000984204D04FF6FF431A400B891A43028014
:108A60004B68C3620B880385944B984202D0994BA4
:108A7000984201D18B7A03860123838270474FF09D
:108A8000FF31416000210180018141808172704786
:108A90000185828270470A46002101884FF68F7354
:108AA000194011430180704741627047C1627047AD
:108AB0000146486A70470146088D704721B1028817
:108AC00042F00202028004E002884FF6FD731A4071
:108AD0000280704721B1028842F00402028004E063
:108AE00002884FF6FB731A400280704721B102885A
:108AF00042F08002028004E002884FF67F731A4041
:108B00000280704702884FF6F7731A40028002888D
:108B10000A430280704702884FF6FF431A400280E2
:108B200002880A430280704721B1028842F00102A4
:108B3000028004E002884FF6FE731A4002807047FC
:108B400070B5002400220023058C4FF6FE763540D8
:108B50000584028C8388048B4FF68F752C40B51EDC
:108B60002C400D882C43751E2A408D892A434D8840
:108B70002A43524DA84202D0564DA84213D14FF677
:108B8000F7752A40CD892A434FF6FB752A408D8818
:108B90002A434FF6FF652B404FF6FF552B400D8AB9
:108BA0002B434D8A2B43838004838D684563028465
:108BB00070BD70B5002400220023058C4FF6EF76BF
:108BC00035400584028C8388048B48F6FF752C4061
:108BD0004FF6FF452C400D884FF6FF7606EA052537
:108BE0002C434FF6DF752A408D8906EA05152A4386
:108BF0004D8806EA05152A43304DA84202D0354D6E
:108C0000A8421DD14FF67F752A40CD894FF6FF76D9
:108C100006EA05152A434FF6BF752A408D8806EAF5
:108C200005152A434FF6FF352B404FF2FF752B40B9
:108C30000D8A06EA85052B434D8A06EA85052B43F6
:108C4000838004838D688563028470BD70B50024C1
:108C500000220023058C4FF6FF6635400584028C08
:108C60008388848B4FF68F752C404FF6FC752C4013
:108C70000D882C434FF6FF552A408D894FF6FF761D
:108C800006EA05252A434D8806EA05252A430B4DA9
:108C9000A84202D00F4DA84238D14FF2FF752A40AA
:108CA000CD894FF6FF7606EA05252A434FF6FF35B4
:108CB0002A408D8806EA05252A4319E00000014074
:108CC0000004004000080040000C0040001000407C
:108CD00000140040000401400040014000440140F5
:108CE0000048014000180040001C004000200040E7
:108CF0004EF6FF752B404DF6FF752B400D8A06EAA8
:108D000005152B434D8A06EA05152B438380848382
:108D10008D68C563028470BD70B5002200230024F5
:108D2000058C4EF6FF7635400584038C8488828B53
:108D300048F6FF752A404FF6FF452A400D884FF64A
:108D4000FF7606EA05252A434DF6FF752B408D89EF
:108D500006EA05352B434D8806EA05352B43FE4DC3
:108D6000A84202D0FD4DA84208D14BF6FF752C4019
:108D70000D8A4FF6FF7606EA85152C4384808283A0
:108D80008D680564038470BD00210180418081806D
:108D900081608181C18101824182704770B5034643
:108DA000002000241846183001258D40ACB21D8CDF
:108DB000A5431D8409B108290AD100EB61000568AB
:108DC0004FF68F76354005600568154305600FE066
:108DD0000D1FC5F34E052844056848F6FF7635405B
:108DE000056005684FF6FF7606EA02263543056002
:108DF00070BD4163704781637047C1637047016410
:108E000070470A460021018B4FF68F7319401143BA
:108E1000018370470A460021018B48F6FF73194011
:108E20004FF6FF7303EA02231943018370470A4692
:108E30000021818B4FF68F73194011438183704756
:108E40000A460021818B48F6FF7319404FF6FF73E5
:108E500003EA02231943818370470A460021018BEC
:108E60004FF6F77319401143018370470A460021FA
:108E7000018B4FF2FF7319404FF6FF7303EA022391
:108E80001943018370470A460021818B4FF6F7731F
:108E900019401143818370470A460021818B4FF2AC
:108EA000FF7319404FF6FF7303EA022319438183CE
:108EB00070470A460021018B4FF6FB73194011439E
:108EC000018370470A460021018B4FF6FF3319409A
:108ED0004FF6FF7303EA02231943018370470A46E2
:108EE0000021818B4FF6FB7319401143818370473A
:108EF0000A460021818B4FF6FF3319404FF6FF736E
:108F000003EA02231943818370470A460021018B3B
:108F10004FF67F7319401143018370470A460021C1
:108F2000018BC1F30E014FF6FF7303EA02231943CD
:108F3000018370470A460021818B4FF67F731940E9
:108F40001143818370470A460021818BC1F30E01D2
:108F50004FF6FF7303EA02231943818370470A46E1
:108F60000021018C4FF6FD731940114301847047B5
:108F70000A460021018C4FF6F77319401143018412
:108F800070470A460021018C4FF6DF7319404FF6F7
:108F9000FF7303EA02131943018470470A46002154
:108FA000018C4FF67F7319404FF6FF7303EA0213EB
:108FB0001943018470470A460021018C4FF6FF5384
:108FC00019404FF6FF7303EA0223194301847047E7
:108FD0000A460021018C4FF2FF7319404FF6FF73D0
:108FE00003EA02231943018470470A460021018CD9
:108FF0004DF6FF7319404FF6FF7303EA023319432E
:109000000184704730B5002301248C40A3B2048C46
:109010009C430484048C02FA01F5ADB22C43048411
:1090200030BD30B5002304248C40A3B2048C9C4393
:109030000484048C02FA01F5ADB22C43048430BDE3
:10904000828B4FF2FF331A408283828B4FF6FF737D
:1090500003EA01231A4382837047F0B50C46154694
:10906000002100220026078C4EF6FF7C07EA0C0741
:109070000784818B028C4FF6FF7707EA043640F6AF
:10908000FF4739404FF6FF7707EA052739434FF688
:10909000FF7707EA0337394345F6FF773A4046F44E
:1090A00080573A4381830284F0BD828B4FF6F3737D
:1090B0001A408283828B0A4382837047F0B50C4644
:1090C0001546002100220026078C4FF6FF6C07EAA8
:1090D0000C070784818B028C4FF6FF7707EA042682
:1090E0004FF60C7739404FF6FF7707EA03172F4307
:1090F00039434FF2FF573A4046F480773A43818331
:109100000284F0BD028B4FF2FF331A400283028BC0
:109110004FF6FF7303EA01231A4302837047F0B549
:109120000C461546002100220026078C4FF6EF7CE6
:1091300007EA0C070784018B028C4FF6FF7707EADA
:10914000041640F6FF4739404FF6FF7707EA03372A
:1091500039434FF6FF7703E000000140000401406F
:1091600007EA052739434FF65F773A4046F0100784
:109170003A4301830284F0BD028B4FF6F3731A4029
:109180000283028B0A4302837047F0B50C461546F2
:1091900000210022068C4FF6FE773E400684018BAC
:1091A000028C4FF60C7631407E1C06EA03162E43E5
:1091B00031434FF6F576324044F0010632430183E5
:1091C0000284F0BD70B505460C46208850B923894D
:1091D000A28861882846FFF7D8FFE1882846FFF774
:1091E000CBFF25E0208804280AD12389A288618842
:1091F0002846FFF794FFE1882846FFF783FF17E032
:10920000208808280AD12389A28861882846FFF788
:1092100055FFE1882846FFF748FF09E02389A28827
:1092200061882846FFF719FFE1882846FFF708FF05
:1092300070BD002101804180012181800021C18019
:10924000018170472DE9F04105460C4600260127B3
:10925000608808B9022600E00026A088012801D114
:10926000022700E001272088A0B92389A28861880D
:109270002846FFF78AFFE1882846FFF77DFF23890C
:109280003A4631462846FFF74AFFE1882846FFF76D
:1092900039FF13E02389A28861882846FFF73FFF42
:1092A000E1882846FFF72EFF23893A4631462846B3
:1092B000FFF76BFFE1882846FFF75EFFBDE8F0810E
:1092C0000146486B70470146886B70470146C86B82
:1092D00070470146086C70470A884B881A438B8890
:1092E0001A43CB881A430B891A434B891A438B893B
:1092F0001A43A0F8442070470021018041808180FA
:10930000C180018141818181704731B1B0F8442031
:1093100042F40042A0F8442005E0B0F84420C2F333
:109320000E02A0F84420704721B1828842F0040266
:10933000828004E082884FF6FB731A408280704777
:1093400021B1828842F00102828004E082884FF6D7
:10935000FE731A40828070471AB183890B43838160
:1093600002E083898B438381704781827047024684
:109370000020138A0B400BB1012000E00020704751
:10938000CA430282704730B5024600200023002401
:10939000158A05EA0103958905EA010413B10CB1A8
:1093A000012000E0002030BDCA430282704741EA3C
:1093B0000203A0F8483070471AB183890B438381B8
:1093C00002E083898B438381704721B1828842F018
:1093D0000802828004E082884FF6F7731A40828088
:1093E000704701894FF6F8721140018170470A46B3
:1093F000002101894FF68F73194011430181704795
:1094000030B504460D4629462046FFF7F0FF208977
:1094100040F00700208130BD2DE9F04104460D46A3
:1094200016461F46602D06D13B4601223146204696
:10943000FFF775FE05E03B46012231462046FFF767
:10944000A4FE29462046FFF7D2FF208940F00700FE
:109450002081BDE8F08130B50C4600210189C9B2F8
:109460004FF6FF7505EA032515432543294301817E
:1094700030BD2DE9F04105460E46174698460024BA
:1094800043463A4631462846FFF7E5FF2C894FF61A
:10949000F870044044F007044FF68F70044044F025
:1094A00070042C81BDE8F081F0B504460D461646E7
:1094B0001F463B46324629462046FFF7CCFF20890F
:1094C00040F480402081F0BD82884FF68F731A40AF
:1094D000828082880A438280704702894FF6F8733F
:1094E0001A40028102890A430281704702894FF6BD
:1094F0007F731A40028102890A4302817047F0B5E6
:109500000C4615461E460021002200230189028BCD
:10951000038C4FF6F877394021434FF6FC473A4029
:1095200040F201173A434FF6DD773B404FF6FF77A5
:1095300007EA06172F433B43018102830384F0BDF2
:1095400021B1828842F08002828004E082884FF656
:109550007F731A4082807047A0F8501070477047A0
:1095600053EA020C00F069802DE9F04B4FF0000641
:10957000002B1FBFB3FA83F503FA05F424FA05F6AE
:109580005E4012BF1643B2FA82F502FA05F4C5F145
:1095900020051EBF22FA05FC44EA0C04203556EAD9
:1095A000044C4FEA144418BF641C4FF000084FF0FD
:1095B0000009904271EB030C39D3002919BFB1FAAD
:1095C00081F701FA07F6B0FA80F700FA07F6C7F15B
:1095D00020071EBF20FA07FC46EA0C062037B6FB20
:1095E000F4FCA7EB0507103F07F01F0BCBF120069B
:1095F0000CFA0BFB2CFA06F644BFB3460026202FCC
:10960000A4BF5E464FF0000B5BEA060C08BF4FF0AC
:10961000010B19EB0B09ABFB027C48EB0608C01BE6
:1096200006FB02CC0BFB03CC71EB0C01C1E70B4634
:10963000024641464846BDE8F08B13B54FF00000A6
:109640004FF00001AFF30080BDE81C407047000000
:109650000FB4044910B503AA029800F011FB10BC26
:109660005DF814FB940000202DE9F0410E460446FD
:10967000002020622046E168884730B3252805D0C5
:10968000D4E901219047206A401CF2E7E1682046B6
:1096900000278847050018D0A5F14100192802D8F5
:1096A00020354FF400673246294620462760F6F7FA
:1096B000A5FD40B1012804D0F61D26F007060836A6
:1096C000D8E7361DD6E72846DAE7206ABDE8F081FC
:1096D00070B504460D4621461068AFF3008021881E
:1096E000090502D50F4A7A4402E00E4A7A440E3246
:1096F000002104F1240305E000F00F060009965D47
:109700005E54491C0028F7D120780023000704D5B7
:10971000702D02D009B1022311322046BDE87040FD
:1097200000F046B8122E00004FF0013C50F8042B18
:1097300051F8043B9A4221D1A2EB0C03934313EA64
:10974000CC1317D150F8042B51F8043B9A4215D191
:10975000A2EB0C03934313EACC130BD150F8042B68
:1097600051F8043B9A4209D1A2EB0C03934313EA4C
:10977000CC13DBD04FF00000704700BFD01A01BA05
:10978000B1FA81F101F0180122FA01F0CB40C1F1E8
:109790002001DBB2C0B2C01A2CFA01F3D11A9143F6
:1097A00011EAC311E6D170477047704770477047A0
:1097B0002DE9F0470D4699469246044600F12408EB
:1097C0000168880604D5E06921F01001216000E0FD
:1097D0000120A84201DD471B00E00027A1697A199A
:1097E00002EB0900081AA0612078C00602D42046C6
:1097F000AFF30080002608E0D4E901211AF8060042
:109800009047206A401C761C20624E45F4DB20788D
:10981000C0060AD52046AFF3008006E0D4E9012156
:1098200030209047206A401C2062381EA7F10107B3
:10983000F4DC07E0D4E9012118F805009047206A1C
:10984000401C2062281EA5F10105F3DC2046AFF381
:1098500000802078000602D50220BDE8F0870120B4
:10986000FBE770472DE9FF4F0C461E464FF0FF37D0
:109870008BB0D2E90001DDF860800A908A46C1F31E
:109880000A5505B93D46002108464FF00000BAF1DF
:10989000000F00F4400005DA00EB80004FF44001B7
:1098A00001EA50004FEA9059B9F1010F00DDB946C5
:1098B0000A9850EA4A000ED044F61050A5F2FF353F
:1098C00045432F14B8F1000F1ED07542291E1EDD2E
:1098D000C9F100021CE0B8F1010F4FF0000001D007
:1098E000302103E0F24305E02154401CB042FBDB91
:1098F00030460022002121540B99C1F80880C1E9AB
:1099000000200FB0BDE8F08FBD1B6D1CDEE74A469E
:1099100000DA694206A800F067FA06AB93E8070090
:1099200003AB83E8070050460A9900F005FB8DE879
:109930000700A0F500501F3800900398002D0ADDA5
:1099400042F21F014A460844002303A903906846D7
:1099500000F06EFD09E0A0F500504A461F380023D4
:1099600003A90390684600F078FD8DE80700000425
:10997000000C03D04FF0FF30410800E01046B8F172
:10998000000F03D00022009215461EE0751E05D47C
:1099900000F08CF9303262556D1EF9D5B3460122C4
:1099A000084302D000227F1C04E02078302801D137
:1099B00000227F1E002A099784D01DE0112D07DAAE
:1099C00000F074F9303262556D1C50EA0102F5D195
:1099D000084302D00098C8B10EE00021681E05E0DF
:1099E000235C625C63542254401E491C8142F7DBB5
:1099F000AB46A81B401E0990002004F80B000B98F2
:109A0000099AC0F80880C0E9002B7AE711264FF0C8
:109A1000000857E72DE9F04F88460446D21D22F092
:109A2000070191B0D1E90001CDE90A0100F04CFE37
:109A300002460B98C00F01D02D2007E02068810757
:109A400001D52B2002E0202101EAC000032A099061
:109A500001D0072A05DB03464146204600F084F981
:109A60000BE12078800601D5E06900E00620B8F11E
:109A7000650F814606D0B8F1660F18D0B8F1670FB0
:109A800070D131E00020B9F1110F009001DB1123FA
:109A900001E009F101030AAA01A90CA8FFF7E2FEFF
:109AA000DDE90C70002609F10105834647E001203D
:109AB0004B4600904FF000470AAA01A90CA8FFF7F7
:109AC000D1FEDDE90DB00C995D46002610B909F113
:109AD00001000D18B9EB050003D4C0F1FF3609F100
:109AE0000105A5EB09002BE0B9F1010F01DA4FF0F8
:109AF00001090020B9F1110F0090484601DD112342
:109B000000E003460AAA01A90CA8FFF7ABFEDDE9B5
:109B10000C704D4600268346207800070AD4AB45DA
:109B200000DA5D4601A8012D04DD411911F8011C80
:109B3000302907D04F4502DA17F1040F04DA01206B
:109B400082460FE06D1EEEE7002F02DCED1B3E4467
:109B500003E0781CA84200DD7D1CB81B00F1010A5F
:109B60004FF000472078000703D4AA4501DB4FF0EF
:109B7000FF3A0021B7F1004F0DF143088DF8431073
:109B800024D002202B23002F01DA7F422D230A212B
:109B9000021EA0F1010000DC5FB197FBF1FC97FB16
:109BA000F1F201FB1C7C17460CF1300C08F801CDDA
:109BB000EEE7A8F1010003702188090501D54521D0
:109BC00000E06521A0F1010800F8011C09980FA927
:109BD000A1EB0807FF1D00B10120411901EBEA705C
:109BE000A1693844081A401EA0612078C00602D43A
:109BF0002046AFF30080099828B1D4E901219047AD
:109C0000206A401C20622078C00622D52046AFF38F
:109C100000801EE0002E04DBB34502DD01A8805D5C
:109C200000E03020D4E901219047206A401C2062E6
:109C3000761CAAF101005FEA000A0AD100F032F8AE
:109C4000C0680168405CD4E901219047206A401C4B
:109C50002062281EA5F10105DCDC07E0D4E9012122
:109C600018F8010B9047206A401C2062381EA7F1AB
:109C70000107F3DC2046AFF30080032011B041E67A
:109C8000074B70B50D467B4400F05BF80446284650
:109C900000F01CF910B14FF0FF3070BD204670BDD0
:109CA000B7CEFFFF00487047A461002030B5B0F187
:109CB0000A024FEA900E71F100034EEA817EB0EB8A
:109CC0000E0061EB91014FEA101E4EEA017E10EB8F
:109CD0000E0041EB11114FEA102E4EEA016E10EB0F
:109CE0000E0041EB11214FEA104E4EEA014E10EBEF
:109CF0000E0041EB1141401841F100014FEAD00044
:109D000040EA41704FEAD10110EB80054FEA81042F
:109D100044EA907444EB01046D1944EB0404521BB3
:109D2000A3414FF0000348BF0A3200D530BD401CAC
:109D300041F1000130BD000001694A1C0261087850
:109D4000704700B58FB0CDE901310021059105497B
:109D50007944CDE9031011466846FFF785FC0FB042
:109D600000BD0000E5FFFFFF2DE9F0411F4604465E
:109D700003260168072A01F4006004DB08B116A578
:109D800005E016A503E008B115A500E015A521F032
:109D900010002060A069C01EA0610FB1401EA0612C
:109DA0002046AFF300804FB1D4E9012138469047F7
:109DB000206A401C2062C01C206206E0206AFAE78C
:109DC000D4E9012115F8010B9047761EF8D2204600
:109DD000AFF30080BDE8F0814E414E006E616E0031
:109DE000494E4600696E66002DE9F04781461646E9
:109DF0008AB0354878440DC88DE80D003248784463
:109E0000801C03AC0DC884E80D0041F69B3008446B
:109E1000372190FBF1F290FBF1F5A5F1800501FBF4
:109E200012041B3C02D56442012000E00020DFF850
:109E300098A080460027FA44AAF1BE0A0EE0E00787
:109E40000AD03246684607EB470101230AEB81013D
:109E500000F003FB8DE8070064107F1C002CEED19E
:109E6000194F7F44AE3F19E0E80715D007EB041007
:109E70000DF1180A90E80E008AE80E00C068F04262
:109E800001D1981908903246012306A903A800F0D1
:109E9000E4FA03AB83E807006D10641C002DE3D1E6
:109EA0004FF0010332466946B8F1000F03A802D013
:109EB00000F0BEFA01E000F0D0FAC9E90001C9F8EB
:109EC00008200AB0BDE8F087A8270000007B00F05A
:109ED0008000704700487047846100207546FFF796
:109EE000F9FFAE4605006946534620F00700854657
:109EF00018B020B5FCF7D4FEBDE820404FF00006B6
:109F00004FF000074FF000084FF0000B21F0070161
:109F1000AC46ACE8C009ACE8C009ACE8C009ACE8A4
:109F2000C0098D46704710B50446AFF30080204647
:109F3000BDE81040F6F781B95FEA400C08BF91F028
:109F4000000F4FEA8C234FEAC12243EA51514FEAF6
:109F50001C5018BF00F5F0404FEA300018BF41F028
:109F600000415FEA6C5C00F02980BCF1FF3F08BF54
:109F700040F080407047130C06BF12044FF0100CE5
:109F80004FF0000C130E04BF12020CF1080C130F5B
:109F900004BF12010CF1040C930F04BF92000CF1EA
:109FA000020CD30F04BF52000CF1010C11464FF00C
:109FB0000002A0F11F00A0EB0C00704711F0004F51
:109FC00008BF704731F000413FF4D5AF0B0C06BF1E
:109FD00009044FF0100C4FF0000C0B0E04BF0902E7
:109FE0000CF1080C0B0F04BF09010CF1040C8B0FD2
:109FF00004BF89000CF1020CCB0F04BF49000CF127
:10A00000010CCCF12003A0EB0C0022FA03F302FABE
:10A010000CF241EA030100F10100704720F07F4C8F
:10A0200080EA030023F07F47ACEB070303F57C5382
:10A0300000F0004003F1FF032DE980494FEA154B82
:10A0400009B44FEA144325EA0B4E24EA03480FF201
:10A05000042606EB132749083E785FEA320203FB29
:10A060000667C7F5000707FB06F64FEA54374FEAC5
:10A07000D64606F1020607FB066CCCF1005C4FEAFF
:10A080001C472CEA074C07FB06F40CFB06F504EB17
:10A0900015464FEA961634BF00204FF000404FEAB5
:10A0A000D13706FB07FC4FEA1C4C0CFB0BF7D21B0D
:10A0B00003FB0CF761EB07010CFB0EF7B0EB07405D
:10A0C00072EB17420CFB08F734BFA2EB0742B2EB6E
:10A0D000074261EB17414FEA0C444FEA910706FB38
:10A0E00007FC4FEA1C4C0CFB0BF7B0EBC74072EBC4
:10A0F000573203FB0CF734BFA2EBC742B2EBC742A7
:10A1000061EB57310CFB0EF7B0EBC70072EB5772E7
:10A110000CFB08F734BFA2EBC702B2EBC70261EB3E
:10A120005771039F4FEA816141EA921104EBCC041D
:10A130004FEAD1374FEA826206FB07FC42EA9012EF
:10A140004FEA80604FEA1C4C0CFB0BF7D21B03FB61
:10A150000CF761EB07010CFB0EF7B0EB074072EB5D
:10A1600017420CFB08F734BFA2EB0742B2EB0742E1
:10A1700061EB17414FEA8C554FEA910704EB9C24A1
:10A1800006FB07FC4FEA1C4C0CFB0BF7B0EBC7407F
:10A1900072EB573203FB0CF734BFA2EBC742B2EBB2
:10A1A000C74261EB57310CFB0EF7B0EBC70072EB07
:10A1B00057720CFB08F734BFA2EBC702B2EBC70221
:10A1C00061EB577115EB4C254FEA816141EA921121
:10A1D0004FEA82624FEAD13742EA901206FB07FC4F
:10A1E00044F100044FEA80604FEA1C4C0CFB0BF773
:10A1F000D21B03FB0CF761EB07010CFB0EF7B0EB76
:10A20000074072EB17420CFB08F734BFA2EB074282
:10A21000B2EB074261EB174115EB1C154FEA813198
:10A2200041EA92414FEA823242EA90424FEA80305C
:10A230004FEA0C7644F1000448EA03434EEA0B4827
:10A240004FF0000EB2EB080C71EB030724BF62461F
:10A2500039464EEB0E0E4FF0000B001852414941AB
:10A260004BEB0B0BB2EB080C71EB03077BF1000B14
:10A2700024BF624639464EEB0E0E4FF0000B00181D
:10A28000524149414BEB0B0BB2EB080C71EB03074E
:10A290007BF1000B24BF624639464EEB0E0E51EAAD
:10A2A000020718BF46F0010616EB0E7655F10002C4
:10A2B00054F1000103D5BDE88901BDE80088BDE87F
:10A2C0008901BDE80048B619524141EB0101A3F1F3
:10A2D0000103704780807F7E7D7C7B7A79787776FA
:10A2E00076757473727171706F6E6E6D6C6C6B6A73
:10A2F0006A69686867666665646463636261616011
:10A30000605F5F5E5E5D5D5C5C5B5B5A5A5959588D
:10A3100058575756565555555454535352525251F7
:10A32000515050504F4F4F4E4E4D4D4D4C4C4C4B4D
:10A330004B4B4A4A4A494949484848474747474694
:10A3400046464545454444444443434343424242D0
:10A3500042414141002B9C4630D477002BD01CB5A4
:10A360004FEA370703B44FF010004FF01001BAF175
:10A37000000F06D0BCF1000FDCBF40F0080040F039
:10A3800008014FF000000FBCBDE810400BF1010BBD
:10A39000BBF1010F08BF5FEA170722BF12F10102EC
:10A3A00011F101014FF0004143F1000300F00040C2
:10A3B00043EA00007047F9D35708D0E746EA06465B
:10A3C00013F1400F4FEA16461FDD13F1200FDFBFD8
:10A3D00016430A46002120335B42BED0C3F120075A
:10A3E00046EA064602FA07F74FEA164646EA070625
:10A3F000C3F1200722FA03F201FA07F721FA03F169
:10A400004FF0000342EA0702A7E746EA020646EADF
:10A4100006464FEA164646EA0106BCBF46EA06462D
:10A42000360C4FF000034FF000024FF0000194E7AC
:10A430002DE9804C9A46934670B491E8380007C8DD
:10A4400031EA400C48BF34EA430C03D5FFF7E6FD80
:10A45000FFF780FFF0BCBDE8008C2DE9804C9A46E8
:10A46000934670B491E8380007C810F0804F08BFD9
:10A4700013F0804F03D100F005F8FFF76BFFF0BC3D
:10A48000BDE8008C20F07F4780EA030023F07F4C7A
:10A4900007EB0C03A3F57C5300F00040A3F1FE038F
:10A4A00092F0000F00F0B38095F0000F00F077807D
:10A4B0002DE901494FEA11404FEA144621EA0048CC
:10A4C00000FB06FC24EA064708FB06F607FB08F833
:10A4D00000FB07F718EB06484CEB164C4FEA124B03
:10A4E00018EB07484FEA15464CEB174022EA0B4E93
:10A4F0000BFB06FC25EA06470EFB06F607FB0EFEE5
:10A500000BFB07F71EEB064E4CEB164C4FF000060C
:10A510001EEB074E4CEB174B18EB0B0840F10000FD
:10A5200018EB0E0B58EB000840F100008F1A4FF0AB
:10A5300000013CBFC943661B14BFB5EB040C0021EE
:10A540003CBFC943F61B4FEA17444EEA8E0E27EA7A
:10A5500004454FEA1C4704FB07622CEA074C05FB45
:10A5600007F70CFB05F604FB0CFC16EB074642EB69
:10A57000174216EB0C4642EB1C421BEB060658EB4F
:10A580000202414146EA9E0601D5BDE80189B6199D
:10A59000524141EB0101A3F10103BDE801894FEAFA
:10A5A00014454FEA114724EA054621EA074C05FB0A
:10A5B00007F406FB07F70CFB06F105FB0CFC11EB9F
:10A5C000074144EB17444FEA124711EB0C4144EBAF
:10A5D0001C4422EA074C05FB07F206FB07F70CFBBD
:10A5E00006F605FB0CFC16EB074642EB174216EB92
:10A5F0000C4642EB1C456A1854F1000148BF7047F5
:10A60000B619524141EB0101A3F10103704795F0E6
:10A61000000F37D04FEA11424FEA144721EA0246B1
:10A6200024EA074C02FB07F106FB07F70CFB06F4D4
:10A6300002FB0CFC14EB074441EB17414FEA1547B2
:10A6400014EB0C4441EB1C4125EA074C02FB07F5D7
:10A6500006FB07F70CFB06F602FB0CFC16EB0746A5
:10A6600045EB174516EB0C4645EB1C42121951F110
:10A67000000148BF7047B619524141EB0101A3F1F7
:10A68000010370474FEA14454FEA114724EA054693
:10A6900021EA074C05FB07F106FB07F70CFB06F266
:10A6A0004FF0000605FB0CFC12EB074241EB174193
:10A6B00012EB0C4251EB1C4148BF7047921841EB22
:10A6C0000101A3F10103704703B401984100009810
:10A6D00050EAC12018BF04204A0D18BF40F0010005
:10A6E00040F2FF72B2EB515F08BF40F00200012858
:10A6F00008BF052002B0704710B500290AD00878BD
:10A70000002807D005487844FFF70EF8002801D04C
:10A71000002010BD0248784410BD0000D21E000089
:10A72000CA1E0000491058BFC1F140415B1058BF1C
:10A73000C3F140438B42EFF3008070472DE9C041E5
:10A7400030B4DFF8A0C23CEA111418BF3CEA13147D
:10A7500000F0EC8081EA03051CEA111444EAD57488
:10A7600018BF1CEA131500F0C780A4EB05044FF0D6
:10A77000004545EAC12145EAC32341EA505143EA75
:10A78000525304F17F74994204F500344FEAC0201B
:10A790004FEAC22208BF904200F09C804FEA136546
:10A7A0000FF24016765D4FEA134506FB05F7C7F139
:10A7B000807706FB07F74FEAD737A7FB0368764297
:10A7C000C8F58038A7FB06CE38BFA8F1010807FB03
:10A7D00008E64FF0000EA6FB028CE6FB03CEDCF190
:10A7E000000CCEF1004E38BFAEF1010EA6FB0C58A6
:10A7F0004FF000074FF00005E6FB0E87A1FB08C6EF
:10A80000A0FB07CE16EB0E0645F10005E1FB076540
:10A8100015F1E04E7EBFA4F580345FEA46066D4137
:10A8200016F1800745F100054FEA17274FEA066643
:10A8300047EA0567A6F1DE46B6F1805F4FEA1525C7
:10A840001FD9384624F0010C05EBC471BCF1FE6F32
:10A8500001EB0C1102D8F0BCBDE8008124425CBFC2
:10A8600001F5801E9EEAC47F02D4F0BCBDE80081E1
:10A87000244238D4F0BCA1F1C041BDE8004100F051
:10A8800041BA4FEAD22242EA43524FEAD323A7FB0E
:10A8900002864FEAD02040EA415007FB03661EEAD9
:10A8A0000E0F4FEAD12105FB026658BFA6EB0056FA
:10A8B000B6EB00564FEA520E4EEAC37E18EB0E0E70
:10A8C00056EB530EBDD518EB02085E417F1C55F1C7
:10A8D0000005B6E74FF480154FF000074FF0000673
:10A8E0004FF00008ADE7F0BC4FF0000001F1C041AF
:10A8F00001F00041BDE8008111EA0C1F0CEA1315BC
:10A9000000D00CE013EA0C1F00F025804FF000008F
:10A91000F0BC81EA030101F00041BDE80081F0BC18
:10A92000BDE8004181EA030100F0ECB9F0BCBDE8EC
:10A93000004170B500F098F9097EFC3E00F007B8C0
:10A9400081EA03014FF0000001F00041704781EA05
:10A95000030100F0D7B9F0BCBDE800414FF00000A2
:10A9600021497047FFFDFBF9F7F5F4F2F0EEEDEB4E
:10A97000E9E8E6E4E3E1E0DEDDDBDAD8D7D5D4D3FD
:10A98000D1D0CFCDCCCBCAC8C7C6C5C4C2C1C0BF49
:10A99000BEBDBCBBBAB9B8B7B6B5B4B3B2B1B0AF4F
:10A9A000AEADACABAAA9A8A8A7A6A5A4A3A3A2A133
:10A9B000A09F9F9E9D9C9C9B9A99999897979695EE
:10A9C00095949393929191908F8F8E8E8D8C8C8B8A
:10A9D0008B8A898988888787868585848483838212
:10A9E000828181800000FF070000F87F4FEA115349
:10A9F000A3F58063D3F11E03A8BFD3F1200C08DBBD
:10AA00004FF0004242EAC12252EA505232FA03F0B9
:10AA1000704709420BD4102BC4BF0020704703F5C8
:10AA2000787CBCF1FF3F05D04FF0FF3070474FF00E
:10AA30000000704770B500F017F900BF49922480FC
:10AA400000207047F0E710F0004248BF4042B0FAE3
:10AA500080F310FA03F10AD0C3F11D0303F58063FC
:10AA60004FEA415002EB035202EBD12170474FF005
:10AA700000007047B0FA80F310FA03F10AD0C3F176
:10AA80001D0303F580634FEA41504FEA035202EB86
:10AA9000D12170474FF000007047000051EA030CCD
:10AAA00017D41CF5801F58BFBCF5801F00F106802D
:10AAB000994218BF704708BF9042704707D711F5F9
:10AAC000801F58BF13F5801F19D4994270478942DF
:10AAD00070471CF5801F08D5BCF5801FF7D58B4249
:10AAE00018BF704708BF824270474FF4001C1CEB30
:10AAF000410F38BF1CEB430F01D28B42704770B53A
:10AB000000F0B2F8922449004FF000514FF080530A
:10AB1000FFF708BEDFF848C170B51CEA111E1EBF62
:10AB20001CEA13159EEA0C0F95EA0C0F00F06F80DB
:10AB300081EA030423EA4C134EEAD47E21EA4C1145
:10AB400041F4801143F48013AE44A1FB024CA0FBFE
:10AB50000365AEF17F7E361955EB0C05A1FB034C66
:10AB60004CF10003A0FB021C16EB0C06654153F1EF
:10AB70000003094218BF46F0010613F4007F0BD111
:10AB80004FEA03314FEA0530340341EA155140EAF8
:10AB900016506FF003020AE04FEAC3214FEAC520C6
:10ABA000F40241EA555140EA56506FF0020202EBBE
:10ABB0002E4201EB025585EACE710AD05FEA440CC1
:10ABC00018BF24F0004450F1000041F1000120EAD8
:10ABD000D47040F2FE7C624500D270BDA84214BF22
:10ABE0004FF080444FF04044002E08BF0024BEF1D7
:10ABF000806FA8BFA1F1C041BDE8704080F28280A3
:10AC00004FF0000001F1C04101F0004170479EEAA1
:10AC10000C0F0CEA131518BF95EA0C0F06D04FF075
:10AC2000000081EA030E0EF0004170BD00F01CF838
:10AC30008900013E00F007B800F009B84FEA430C64
:10AC40005FEA5C5C08D081EA030100F05BB84FEA80
:10AC5000410C5FEA5C5CF6D14FF00000014970479F
:10AC60000000FF070000F87F0EF1020E2EF0030E29
:10AC70005EF8046B364205D4012A43EB030515F553
:10AC8000001F12D8012841EB010C1CF5001F0CD845
:10AC90000ED14FEAD17C15F5001F0CEB4C0C0CF1DA
:10ACA000020C08BF4CEBD37C04E04FF0080C01E031
:10ACB0004FEAD37C0CEB4C0526FA05F606F00706A6
:10ACC000B6F1040C06D20EEB860CBDE870404CF0D9
:10ACD000010C6047DFE80CF0090B02024FF0004165
:10ACE0004FF00000A1F5002170BD19461046012863
:10ACF00051EB010418BFD4F5001484BF002001F00B
:10AD0000004170BD0808A0F500114FEA31017047FD
:10AD10004FF04070E1EE100A7047FEF77BBE000076
:10AD200000000000000000000000000000003F40A4
:10AD30000000000000000000300040003000400033
:10AD4000000009000BC03D000BC03D00090018C009
:10AD500024407FE0224031800000180024C01B0006
:10AD60000D803240018003801C4027401C8007403A
:10AD70000040100060000000000000000000000023
:10AD8000000000001F8020404020000040202040A4
:10AD90001F8000000000090006001F800600090057
:10ADA0000000040004003F800400040000000010C4
:10ADB0000060000000000000000004000400040027
:10ADC000040004000000000000400000000000003B
:10ADD0000000002001C006003800400000001F8075
:10ADE0002040204020401F800000000010403FC055
:10ADF00000400000000018C02140224024401840BC
:10AE0000000010802040244024401B8000000200ED
:10AE10000D0011003FC0014000003C802440244050
:10AE20002440238000001F802440244034400380BD
:10AE300000003000200027C03800200000001B80E8
:10AE40002440244024401B8000001C0022C02240DB
:10AE500022401F80000000000000084000000000A9
:10AE6000000000000000046000000000000000007E
:10AE700004000A0011002080404009000900090078
:10AE800009000900000000004040208011000A0075
:10AE900004001800200023402400180000001F8038
:10AEA0002040274029401F400000004007C03900D3
:10AEB0000F0001C0004020403FC0244024401B80C0
:10AEC00000001F80204020402040308000002040B3
:10AED0003FC0204020401F80000020403FC0244051
:10AEE0002E4030C0000020403FC024402E003000E3
:10AEF00000000F00108020402240338002002040DC
:10AF00003FC0040004003FC02040204020403FC01C
:10AF10002040204000000060202020203FC0200072
:10AF2000200020403FC024400B0030C02040204083
:10AF30003FC020400040004000C03FC03C0003C074
:10AF40003C003FC0000020403FC00C4023003FC0F9
:10AF500020001F802040204020401F800000204013
:10AF60003FC024402400180000001F8021402140E1
:10AF700020E01FA0000020403FC02440260019C050
:10AF8000004018C02440244022403180000030009E
:10AF900020403FC020403000000020003F800040A3
:10AFA00000403F80200020003E0001C00700380024
:10AFB0002000380007C03C0007C0380000002040D7
:10AFC00039C0060039C0204000002000384007C0CA
:10AFD000384020000000304021C02640384020C0CA
:10AFE0000000000000007FE0402040200000000042
:10AFF00070000C0003800040000000004020402052
:10B000007FE0000000000000200040002000000061
:10B0100000000010001000100010001000100000D0
:10B020000000400000000000000000000280054019
:10B03000054003C0004020003FC00440044003809E
:10B0400000000000038004400440064000000000AF
:10B050000380044024403FC00040000003800540BE
:10B06000054003400000000004401FC0244024406D
:10B070002000000002E0055005500650042020404A
:10B080003FC00440040003C000400000044027C04B
:10B0900000400000000000100010041027E0000035
:10B0A000000020403FC00140070004C00440204091
:10B0B00020403FC000400040000007C0040007C01F
:10B0C000040003C00000044007C00440040003C0A3
:10B0D000004000000380044004400380000004108E
:10B0E00007F0045004400380000000000380044087
:10B0F000045007F00010044007C0024004000400A0
:10B100000000000006400540054004C000000000AB
:10B1100004001F800440004000000400078000403D
:10B12000044007C000400400070004C0018006007E
:10B130000400060001C0070001C006000000044032
:10B1400006C0010006C0044000000410071004E01F
:10B150000180060004000000044005C006400440D1
:10B1600000000000000004007BE040200000000020
:10B1700000000000FFF000000000000040207BE025
:10B18000040000000000400080004000200020007B
:10B19000400000000000000000000000000000006F
:10B1A00000000000000000001FCC000C00000000A8
:10B1B000000000000800300060000800300060005F
:10B1C0000000022003FC1E20022003FC1E2002209F
:10B1D000000000000E1811043FFF10840C780000DE
:10B1E00000000F0010840F3800C007781884007822
:10B1F000000000780F8410C411240E9800E400842D
:10B200000008080068007000000000000000000056
:10B21000000000000000000007E0181820044002B1
:10B220000000000040022004181807E000000000A1
:10B2300000000240024001800FF001800240024005
:10B2400000000080008000800FF8008000800080F7
:10B2500000000001000D000E0000000000000000D2
:10B2600000000000008000800080008000800080DE
:10B2700000800000000C000C000000000000000036
:10B2800000000000000600180060018006001800A1
:10B290002000000007F0080810041004080807F058
:10B2A00000000000080408041FFC00040004000063
:10B2B000000000000E0C10141024104411840E0C19
:10B2C000000000000C1810041104110412880C7006
:10B2D0000000000000E00320042408241FFC0024D8
:10B2E000000000001F9810841104110410881070D1
:10B2F0000000000007F0088811041104188800708D
:10B30000000000001C00100010FC13001C001000C6
:10B31000000000000E3811441084108411440E38CF
:10B32000000000000700088C10441044088807F053
:10B330000000000000000000030C030C00000000EF
:10B3400000000000000000010106000000000000F5
:10B3500000000000008001400220041008081004D2
:10B3600000000220022002200220022002200220EF
:10B3700000000000100408080410022001400080B2
:10B38000000000000E001200100C106C10800F0066
:10B39000000003E00C1813E4142417C4082807D095
:10B3A00000000004003C03C41C40074000E4001CF3
:10B3B000000410041FFC1104110411040E88007015
:10B3C000000003E00C1810041004100410081C10F6
:10B3D000000010041FFC100410041004080807F0FB
:10B3E000000010041FFC1104110417C410040818F5
:10B3F000000010041FFC1104110017C01000080009
:10B40000000003E00C181004100410441C780040E5
:10B41000000010041FFC10840080008010841FFCBA
:10B4200010040000100410041FFC1004100400009D
:10B43000000000030001100110011FFE10001000A9
:10B44000000010041FFC110403801464181C100475
:10B45000000010041FFC1004000400040004000C91
:10B46000000010041FFC1F0000FC1F001FFC100444
:10B47000000010041FFC0C04030000E010181FFC67
:10B48000100007F00808100410041004080807F062
:10B49000000010041FFC10841080108010800F002A
:10B4A000000007F0081810241024101C080A07F2E6
:10B4B000000010041FFC1104110011C011300E0C0B
:10B4C000000400000E1C11041084108410441C3869
:10B4D00000001800100010041FFC100410001800D9
:10B4E000000010001FF810040004000410041FF8EE
:10B4F000100010001E0011E0001C007013801C00E2
:10B5000010001FC0103C00E01F0000E0103C1FC0F6
:10B5100000001004180C163401C001C01634180CB9
:10B52000100410001C00130400FC13041C00100085
:10B5300000000804101C1064108413041C0410186C
:10B5400000000000000000007FFE400240024002B8
:10B550000000000030000C0003800060001C0003AD
:10B56000000000004002400240027FFE0000000098
:10B5700000000000000020004000400040002000CB
:10B5800000000001000100010001000100010001B4
:10B59000000100004000400020000000000000000A
:10B5A000000000000098012401440144014400FC13
:10B5B000000410001FFC00880104010400880070D2
:10B5C00000000000007000880104010401040088EC
:10B5D00000000000007000880104010411081FFC35
:10B5E0000004000000F8014401440144014400C883
:10B5F00000000000010401040FFC110411041100FB
:10B600001800000000D601290129012901C90106FD
:10B61000000010041FFC008401000100010400FC74
:10B62000000400000104190419FC000400040000D7
:10B6300000000000000300010101190119FE0000D3
:10B64000000010041FFC0024004001B4010C0104A0
:10B6500000000000100410041FFC0004000400009F
:10B660000000010401FC0104010001FC01040100CF
:10B6700000FC010401FC008401000100010400FC45
:10B680000004000000F8010401040104010400F8B2
:10B690000000010101FF0085010401040088007021
:10B6A000000000000070008801040104010501FF92
:10B6B00000010104010401FC008401040100018077
:10B6C0000000000000CC0124012401240124019881
:10B6D000000000000100010007F80104010400005F
:10B6E0000000010001F8000400040004010801FC4E
:10B6F0000004010001800170000C00100160018055
:10B70000010001F0010C003001C00030010C01F01B
:10B71000010000000104018C00740170018C01041F
:10B720000000010101810171000E0018016001801B
:10B73000010000000184010C013401440184010C6A
:10B740000000000000000000000001003EFC40027C
:10B7500040020000000000000000FFFF00000000A9
:10B7600000000000400240023EFC0100000000001A
:10B7700000000000600080008000400040002000C9
:10B780002000000000000000000000000000000099
:10B7900000000000000000000000000000000000A9
:10B7A0000000000000000000000000000000000099
:10B7B00000000000000F80380FFE380F80380000B6
:10B7C0000000000000000000000000000000000079
:10B7D0000100000600000C000038000031000006E7
:10B7E00000000C00003800003000000000000000E5
:10B7F000000061800067F807F980006180006180C7
:10B800000061800061800067F807F98000618000B6
:10B81000000000000000000001C0E003E0F006307E
:10B82000080418081FFFFE040E080787F00381E0D4
:10B8300000000000000001F000060C0004040806EF
:10B840000C7001F9C0000E00003BE000EC18070886
:10B8500008040C180003E00000000001E00007F0FD
:10B8600003F818041C0804170807E1D003C0E0001F
:10B8700023B0003C08002008000010000000000079
:10B88000000100003100003200001C000000000038
:10B8900000000000000000000000000000000000A8
:10B8A0000000000000000000000000000000000098
:10B8B00000007F0001FFC00780F00C00181000049A
:10B8C0002000020000000000002000021000040C14
:10B8D00000180780F001FFC0007F0000000000009A
:10B8E0000000000000000000000000000000420016
:10B8F000006600006600003C0000180003FFC00066
:10B900001800003C000066000066000042000000D5
:10B9100000000800000800000800000800000800FF
:10B9200001FFC00008000008000008000008000037
:10B93000080000000000000100003100003200009B
:10B940001C000000000000000000000000000000DB
:10B9500000000000000000000000080000080000D7
:10B9600008000008000008000008000008000008A7
:10B9700000000800000800000000000000000000B7
:10B98000000038000038000038000000000000000F
:10B9900000000000000000000000000000000000A7
:10B9A0000000000600001C000070000180000E0076
:10B9B00000380000C0000700001C0000300000003C
:10B9C0000000000000007F8001FFE003807006009F
:10B9D0001804000804000806001803807001FFE046
:10B9E000007F80000000000000000000010008014E
:10B9F000000801000803FFF807FFF8000008000036
:10BA00000800000800000000000000000001C0382D
:10BA100002C058040098040118040218040418060F
:10BA20001C1803F81801E0F80000000000000000F6
:10BA30000001C0E003C0F00400080408080408087E
:10BA400006180803F41801E7F00001E00000000008
:10BA50000000000000000300000D00001100006164
:10BA60000000810803010807FFF80FFFF800010834
:10BA70000001080000000000000000E007FCD00604
:10BA80000808061008061008061008061838060FE1
:10BA9000F00607C0000000000000000000003F802A
:10BAA00001FFE003843002081804100804100804A1
:10BAB0001008071810030FF00007C0000000000076
:10BAC0000000000003C0000700000600000600F8A8
:10BAD0000607F806180006E0000700000600000050
:10BAE000000000000001E1E003F7F0063410041844
:10BAF00008041808040C08040C0806161803F3F0D0
:10BB000001C1E000000000000000F80003FC300369
:10BB1000063804020804020804020804041003089A
:10BB2000F001FFC0007F00000000000000000000E6
:10BB300000000000000000000000703800703800B5
:10BB4000703800000000000000000000000000004D
:10BB50000000000000000000000000000000301A9B
:10BB600000301C0000000000000000000000000089
:10BB70000000000000000000000800001400002287
:10BB800000004100008080010040020020040010FD
:10BB90000800080000000000000021000021000053
:10BBA00021000021000021000021000021000021CF
:10BBB0000000210000210000000000000000000043
:10BBC00008000804001002002001004000808000EE
:10BBD00041000022000014000008000000000000E6
:10BBE0000003C00004C000040000080038080F383B
:10BBF0000808380810000C300007E00003C00000FF
:10BC00000000000000003F8000FFE0038070020F92
:10BC10001006708804C088048308047F8802C090DE
:10BC200003012000FE400000080000180001F80099
:10BC30003E0801C20007020007E20000FE00001FEC
:10BC4000C80001F800003800000804000807FFF8E9
:10BC500007FFF80408080408080408080408080690
:10BC6000180803F41801E7F00001E00000000000EC
:10BC700000003F8001FFE00380700200180400080C
:10BC80000400080400080400100600200780C0001B
:10BC9000000004000807FFF807FFF804000804008C
:10BCA0000804000804001802001003807001FFE07F
:10BCB000007F8000000004000807FFF807FFF80479
:10BCC0000808040808040808040808043E080400DA
:10BCD0000806001801006000000004000807FFF8D3
:10BCE00007FFF8040808040800040800040800041A
:10BCF0003E00060000060000018000000000000079
:10BD000000003F8001FFE003807006001804000877
:10BD10000402080402080203F00783F00002000096
:10BD2000020004000807FFF807FFF80408080008ED
:10BD30000000080000080000080004080807FFF8D9
:10BD400007FFF804000800000000000004000804D9
:10BD5000000804000807FFF807FFF80400080400C3
:10BD600008040008000000000000000000000006B9
:10BD700000000700000104000104000104000307A3
:10BD8000FFFE07FFFC0400000400000400000400A4
:10BD90000807FFF807FFF8040C08001800003E0031
:10BDA00004C7800503C80600F80400380400180022
:10BDB000000804000807FFF807FFF8040008000067
:10BDC0000800000800000800000800000800001833
:10BDD00000006000000004000807FFF80780080763
:10BDE000FC00007FC00003F80007C0007800078057
:10BDF0000807FFF807FFF804000804000807FFF829
:10BE000007000803C00000E000003800001E00002A
:10BE100007000001C00400F007FFF8040000000064
:10BE200000007F8001FFE003807006001804000816
:10BE300004000806001803003001FFE0007F8000C6
:10BE4000000004000807FFF807FFF80404080404D2
:10BE500000040400040400040400060C0003F800BD
:10BE600001F000000000000000007F8001FFE003FF
:10BE700080700600880400880400C806003C0300A7
:10BE80003E01FFE6007F8400000004000807FFF881
:10BE900007FFF8040808040800040C00040F00045D
:10BEA0000BC00610F003F03801E0080000080000A5
:10BEB0000001E0F803F030063010041808041808F8
:10BEC000040C08040C080206180207F00781E000C1
:10BED00000000180000600000400000400000400CF
:10BEE0000807FFF807FFF80400080400000400003A
:10BEF00006000001800004000007FFE007FFF004D7
:10BF000000180000080000080000080000080000F9
:10BF10000804001007FFE004000004000006000011
:10BF200007E00007FE00041FE00001F800003800F1
:10BF300001E0043E0007C000060000040000040009
:10BF40000007E00007FFC0041FF80007C007F80063
:10BF500007FF80043FF80007C004F8000700000452
:10BF6000000000000004000806001807C07805F172
:10BF7000C8003E00001F800463E80780F806001830
:10BF8000040008000000040000060000078000070D
:10BF9000E008047C08001FF80007F800180804E017
:10BFA000080700000600000400000000000100086F
:10BFB0000600380400F80403E8040F08047C0805B0
:10BFC000F00807C008070018040060000000000027
:10BFD000000000000000000000000000003FFFFE25
:10BFE00020000220000220000220000220000200A7
:10BFF000000000000000000008000007000000C072
:10C00000000038000006000001C000003000000EF3
:10C0100000000100000000000000000020000220DD
:10C0200000022000022000022000023FFFFE00006C
:10C030000000000000000000000000000000000000
:10C040000000000800001000003000002000003058
:10C0500000001000000800000000000000000000C8
:10C0600001000001000001000001000001000001CA
:10C0700000000100000100000100000100000100BB
:10C08000000100000000000000000020000020006F
:10C090000010000010000000000000000000000080
:10C0A0000000000000000000000000F00019F8008F
:10C0B0001B18002208002608002408002410003F56
:10C0C000F8001FF80000080000180000000400003D
:10C0D00007FFF80FFFF000181800100800200800F4
:10C0E0002008003018001FF0000FC0000000000002
:10C0F000000007C0001FF0001830002008002008D2
:10C10000002008003C08001C100000600000000037
:10C1100000000000000007C0001FF00038180020D9
:10C120000800200800200804101007FFF80FFFF097
:10C130000000100000000000000000000007C00028
:10C140001FF00012300022180022080022080032DE
:10C1500008001E10000E200000000000000020005B
:10C1600000200800200801FFF803FFF8062008045B
:10C170002008042008072000030000000000000041
:10C180000000000E000E6E001FF30031B10020B160
:10C190000020B1003191001F13002E1E00200E0060
:10C1A000300000000004000807FFF80FFFF800103F
:10C1B00008002000002000002008003FF8001FF8C1
:10C1C000000008000000000000000000002008003F
:10C1D0002008002008063FF8063FF800000800008D
:10C1E000080000080000000000000000000000003F
:10C1F00000000300000300200100200100200306CE
:10C200003FFE063FFC0000000000000000000000B0
:10C210000004000807FFF80FFFF800018800030082
:10C22000002FC00038F80020380020080000080067
:10C2300000000000000000000400080400080400E2
:10C240000807FFF80FFFF8000008000008000008CA
:10C25000000000000000002008003FF8003FF80048
:10C260001008002000003FF8003FF80010080020F0
:10C2700000003FF8003FF800000800000000200820
:10C28000003FF8003FF800100800100000200000F8
:10C290002008003FF8001FF8000008000000000020
:10C2A000000007C0000FF000183000300800200820
:10C2B000002008003008001830000FF00007C00010
:10C2C0000000000000002001003FFF003FFF0010C1
:10C2D00011002009002008002008003038001FF05D
:10C2E000000FC00000000000000007C0001FF000A9
:10C2F0003818002008002008002009001011001F35
:10C30000FF003FFF0000010000000020080020089F
:10C31000002008003FF8003FF8000808001008005F
:10C320002008002000003000003000000000000065
:10C3300000000000000C78001E18003308002308DD
:10C340000021080021880021980030F000386000AA
:10C35000000000000000200000200000200000FF7E
:10C36000F003FFF80020080020080020080000303B
:10C37000000000000000000000002000003FF0006E
:10C380007FF8000018000008000008002010003F9F
:10C39000F8007FF000001000000000000000200006
:10C3A000003000003C00003F800023F000007800D7
:10C3B0000070002380003C000030000020000020BE
:10C3C00000003C00003FE00023F80000E0002700F0
:10C3D000003E00003FE00021F80001E0003E0000C8
:10C3E0002000000000002008002008003838003E2F
:10C3F000680027800003C8002CF800383800201897
:10C4000000200800000000000000200000300300B1
:10C410003C01003F830023EC000070002380003CBF
:10C4200000002000002000000000000000000000CC
:10C430000038080020380020F80023E8002F88008A
:10C440003E080038080020180000700000000000BE
:10C4500000000000000000000000000000000800D4
:10C460000014001FF7FC300006200002000000004E
:10C4700000000000000000000000000000000000BC
:10C4800000000000FFFFFF000000000000000000AF
:10C49000000000000000000000000000200002304A
:10C4A00000061FF7FC001400000800000000000058
:10C4B0000000000000000000000000000018000064
:10C4C0006000004000004000002000001000000854
:10C4D00000000400000400000C0000100000000038
:10C4E0000F0000000F000000FF0000000F00000020
:10C4F0000F0000000F000000000000003031323358
:10C500003435363738394142434445464030580087
:10C5100030313233343536373839616263646566B9
:10C520004030780002400000000000A00000000041
:10C5300005400000000000C8000000000C400000A2
:10C540000000409C00000000194000000020BCBE1C
:10C550000000000034400000BFC91B8E0000000432
:10C56000B5400000504BCFD06607E2CF010000007D
:10C570006C4100003E8251AADFEEA73401000000AA
:10C58000D9420000DCB5A0E23A301F97FFFFFFFF61
:10C59000B4450000FD25A0C8E9A3C14FFFFFFFFF80
:10C5A000FF3F00000000008000000000FF3F00008F
:10C5B0000000008000000000F4C50008000000201A
:10C5C000AC000000C4010008A0C60008AC000020B8
:10C5D0003C670000E00100081C0000004300000070
:10C5E000F8FFFFFF0C0000000E0000000F0000002D
:10C5F0002E000000007A030A000000000000000086
:10C6000001020304060708090000FFFF0000000004
:10C61000BA0000200000FF0F0000FF0F0000FF0F16
:10C62000000000000000000000000000000000000A
:10C6300000000000000000000000000000000000FA
:10C6400000000000000000000000000000000000EA
:10C6500000000000000000000000000000000000DA
:10C6600000000000000000000000000000000000CA
:10C6700000000000000000000000000000000000BA
:10C6800000000000000000000000000000000000AA
:10C690000000010203040102030406070809000068
:040000050800018965
:00000001FF
