:020000040800F2
:1000000030C60120ED6A000871040008730400087E
:10001000770400087B0400087F040008000000004B
:100020000000000000000000000000008304000841
:100030008504000800000000870400088904000807
:10004000076B0008076B0008076B0008076B0008C8
:10005000076B0008076B0008076B0008076B0008B8
:10006000076B0008076B0008076B0008076B0008A8
:10007000076B0008076B0008076B00082D64000879
:10008000076B0008076B0008076B0008076B000888
:10009000076B0008076B0008076B0008076B000878
:1000A000076B0008076B0008076B0008076B000868
:1000B000076B0008076B0008619E0008076B0008CB
:1000C000076B0008076B0008076B0008076B000848
:1000D000076B0008636A0008076B0008076B0008DD
:1000E000076B0008076B0008076B0008076B000828
:1000F000076B0008076B0008076B0008076B000818
:10010000076B0008815E0008076B0008076B00089A
:10011000076B0008076B0008076B0008076B0008F7
:10012000076B0008076B0008076B0008076B0008E7
:10013000076B0008076B0008076B0008076B0008D7
:10014000076B0008076B0008076B0008076B0008C7
:10015000076B0008076B0008076B0008076B0008B7
:10016000076B0008076B0008076B0008076B0008A7
:10017000076B0008076B0008076B0008076B000897
:10018000076B0008076B000800F002F800F06DF83C
:100190000AA090E8000C82448344AAF10107DA45E2
:1001A00001D100F062F8AFF2090EBAE80F0013F0C7
:1001B000010F18BFFB1A43F001031847C81B0100C9
:1001C000E81B01000A444FF0000C10F8013B13F04B
:1001D000070408BF10F8014B1D1108BF10F8015BA0
:1001E000641E05D010F8016B641E01F8016BF9D193
:1001F00013F0080F1EBF10F8014BAD1C0C1B09D1EA
:100200006D1E58BF01F801CBFAD505E014F8016B5B
:1002100001F8016B6D1EF9D59142D6D370470000ED
:100220000023002400250026103A28BF78C1FBD8FF
:10023000520728BF30C148BF0B60704764290FF0D8
:10024000FB8075290FF0F88078290FF03181632940
:100250000FF0D08373290FF0D583002070471FB5AE
:100260000FF0ACFD1FBD10B510BD0FF02FFC1146F7
:10027000FFF7F5FF00F010F80FF04DFC03B4FFF7A7
:10028000F2FF03BC06F08EFB30BF72B6704762B659
:10029000704780F3088870470EB54FF4A06006F0F1
:1002A00045FCA82006F0FCFA4FF4E13006F087FB8D
:1002B00000F0F4F9494841685420884700F07FFE77
:1002C00003F03EFD03F06AFE06F000F9282108461F
:1002D00006F035FA322006F049FA002009F087F9D5
:1002E000022009F084F90DF07DFD3D4901220868E6
:1002F0003CA10BF00FFF4FF478403B49088018E019
:100300003AA010210B46C822CDE9001032211E2050
:1003100003F0D7FCC82006F025FB4FF6FF70422300
:10032000F022322100901E2003F070FAC82006F05F
:1003300019FB0EF03AF90028E2D14FF478402A492F
:100340000880002010212CA20B46CDE9002102904C
:10035000C82232213C200EF034FA002010212CA2B9
:100360000B46CDE900210290C82246213C200EF028
:1003700028FA002010212AA20B46CDE90021029084
:10038000C8225A213C200EF01CFA0020102129A27C
:100390000B46CDE900210290C8226E213C200EF0D0
:1003A00010FA0020102127A20B46CDE9002102906F
:1003B000C82282213C200EF004FA0020102127A23E
:1003C0000B46CDE900210290C82296213C200EF078
:1003D000F8F901E00EF059FEFCE70000680100208A
:1003E0002CBF0120303A000014000020466F6E74CC
:1003F000204572726F7221004578706C6F72657261
:100400002053544D33324634BFAAB7A2B0E50000A2
:10041000D2F4C0D6B2A5B7C5C6F7CAB5D1E90000B7
:10042000D5FDB5E3D4ADD7D340414C49454E5445F5
:100430004B00000032303134C4EA35D4C23234C803
:10044000D50000004B4559303A4E455854202020E5
:100450004B4559323A505245560000004B45595FC2
:1004600055503A50415553452F504C4159000000CA
:10047000704700BFFEE700BFFEE700BFFEE700BF1A
:10048000FEE7704770477047704700000CB50020CA
:10049000019000907648006840F48030744908600C
:1004A00000BF7348006800F4003000900198401CC1
:1004B0000190009818B90198B0F5A04FF1D16C489F
:1004C000006800F4003010B10120009001E000202D
:1004D00000900098012846D165484030006840F0FF
:1004E00080506349403108606248006840F44040F1
:1004F000604908605E48083000685D49083108605E
:100500000846006840F4004008600846006840F46F
:10051000A05008605848091F0860081F006840F094
:100520008070091F086000BF5148006800F000702B
:100530000028F9D040F20570504908604C48083056
:10054000006820F003004A49083108600846006846
:1005500040F00200086000BF45480830006800F025
:100560000C000828F8D10CBD10B54548006840F4CF
:100570007000434908603E48006840F001003C4973
:10058000086000203A4908310860394800683D4950
:100590000840374908603C48091D0860081F00688A
:1005A00020F48020091F0860002031490C310860C8
:1005B000FFF76CFF4FF0006031498039086010BDD3
:1005C00070B500200022022300240221284D0835A6
:1005D0002D6805F00C0020B1042806D0082834D17D
:1005E00007E02A4D2A4E356033E02A4D284E35600B
:1005F0002FE01F4D2D1D2D68C5F380541C4D2D1D62
:100600002D6805F03F0154B1224DB5FBF1F5184EB0
:10061000361D3668C6F3881605FB06F209E01B4D49
:10062000B5FBF1F5124E361D3668C6F3881605FB8C
:1006300006F20F4D2D1D2D68C5F301456D1C6B0095
:10064000B2FBF3F5124E356003E0104D104E3560ED
:1006500000BF00BF064D08352D68C5F303150E4ECB
:10066000705D0B4D2D68C540094E356070BD0000B2
:10067000003802400070004008544007003C02402F
:1006800088ED00E0FFFFF6FE103000240024F400A7
:100690000000002000127A00040000201CB5012197
:1006A000202007F0BBF84FF4C060009001208DF8C7
:1006B000040000208DF8060003208DF805000120BD
:1006C0008DF807006946044806F026FB4FF4C06128
:1006D000014806F09DFB1CBD0014024001B5BDF8A9
:1006E00000000090BDF80000FE49088008BD01B57B
:1006F000BDF800000090BDF80000FA49891C088090
:1007000008BD08B5F748801C00880090BDF80000BF
:1007100008BDF44A10804FF0D842A2F8801070470C
:1007200010B504462046FFF7D9FF052006F0D2F8A1
:10073000FFF7E7FF10BDEC480089EA4908807047E1
:10074000E849891C0880704730B5014601F01F0454
:10075000C1F34513CA0AE50205EB43151544A8B2D7
:1007600030BD00BF011EA0F10102D0B2FAD1704726
:1007700010B502460C46DC48808841F66311884279
:1007800047D1D9488079A8B9D7480088401E801A37
:1007900082B2D5494889FFF7A1FF0020FFF7A7FFE4
:1007A0000020FFF7A4FF1012FFF7A1FFD0B2FFF760
:1007B0009EFF16E0CC494889FFF790FF1012FFF723
:1007C00096FFD0B2FFF793FFC7490988491EC1F3CE
:1007D0000F20FFF78CFFC4490978491EC8B2FFF704
:1007E00086FFC1498889FFF779FF2012FFF77FFF55
:1007F000E0B2FFF77CFFBC494988491EC1F30F20D6
:10080000FFF775FFB8498978491EC8B2FFF76FFF37
:100810003AE0B548808845F21051884220D1B2496B
:100820004889FFF75BFF1012FFF761FFAE49498966
:10083000491C88B2FFF752FFD0B2FFF758FFAA4910
:100840008889FFF74BFF2012FFF751FFA6498989DE
:10085000491C88B2FFF742FFE0B2FFF748FF13E000
:10086000A1494889FFF73AFF1012FFF740FFD0B2C5
:10087000FFF73DFF9C498889FFF730FF2012FFF703
:1008800036FFE0B2FFF733FF10BD2DE9F04105461A
:100890000E4600240027A04693480088A84203DDA6
:1008A00091484088B04202DC0020BDE8F08131462A
:1008B0002846FFF75DFF8C48808845F2105188423A
:1008C00004D14FF43850FFF709FF02E02E20FFF764
:1008D00005FFFFF716FF04468348808841F6631141
:1008E000884201D12046E0E7FFF70BFF0446FFF7FF
:1008F00008FF8046E7B24FF6FF7000EA0727E012D4
:10090000C002B91240EA411040EAE820CDE700B544
:100910007548808845F21051884204D14FF4245024
:10092000FFF7DCFE02E02920FFF7D8FE00BD00B58E
:100930006D48808845F21051884204D14FF4205010
:10094000FFF7CCFE02E02820FFF7C8FE00BDF0B59F
:1009500005460024002764488079012805D16248B3
:10096000808841F66311884208D15F488079F0B9E8
:100970005D48808841F66311884218D1082D15D250
:10098000DFE805F00406080A0C0E101206250DE03B
:1009900007250BE0042509E0052507E0012505E012
:1009A000002503E0032501E0022500BF00BF082D5C
:1009B0001CD2DFE805F00406090C0F12151800BF61
:1009C00014E044F0800411E044F040040EE044F0F0
:1009D000C0040BE044F0200408E044F0600405E0AB
:1009E00044F0A00402E044F0E00400BF00BF3E4831
:1009F000808845F21051884202D14FF4585700E0E8
:100A000036273948808849F24131884205D0364836
:100A1000808847F28971884201D144F00804214658
:100A20003846FFF776FE3048808841F663118842E9
:100A30001DD004F0200068B12B4800882A4949885D
:100A4000884214DA284806884088274908800846E2
:100A500046800CE02448008823494988884206DD06
:100A600021480688408820490880084646801E485C
:100A7000808845F21051884257D11B494889FFF7B9
:100A80002DFE0020FFF733FE17494989491C88B223
:100A9000FFF724FE0020FFF72AFE13494989891C2D
:100AA00088B2FFF71BFE10490988491EC1F30F20C9
:100AB000FFF71DFE0C494989C91C88B2FFF70EFEDD
:100AC00009490978491EC8B2FFF711FE064988890D
:100AD000FFF704FE0020FFF70AFE03498989491C3D
:100AE00088B203E07E00006C78020020FFF7F6FD7C
:100AF0000020FFF7FCFDFE498989891C88B2FFF7B9
:100B0000EDFDFB494988491EC1F30F20FFF7EFFDBA
:100B1000F7498989C91C88B2FFF7E0FDF449897853
:100B2000491EC8B2FFF7E3FD2DE0F1494889FFF700
:100B3000D5FD0020FFF7DBFD0020FFF7D8FDEC49D5
:100B40000988491EC1F30F20FFF7D1FDE849097854
:100B5000491EC8B2FFF7CBFDE5498889FFF7BEFD06
:100B60000020FFF7C4FD0020FFF7C1FDE0494988E0
:100B7000491EC1F30F20FFF7BAFDDD498978491EF0
:100B8000C8B2FFF7B4FDF0BD30B504460D462946A6
:100B90002046FFF7EDFDFFF7CEFDD6480088D64989
:100BA000088030BD30B504460D46D148808845F2F6
:100BB0001051884220D1CE494889FFF78FFD20127D
:100BC000FFF795FDCA494989491C88B2FFF786FDA0
:100BD000E0B2FFF78CFDC6498889FFF77FFD281238
:100BE000FFF785FDC2498989491C88B2FFF776FD68
:100BF000E8B2FFF77CFD42E0BD48808841F6631112
:100C0000884228D1BA48807920B9B9480088401E66
:100C1000001B84B2B6494889FFF760FD2012FFF738
:100C200066FDE0B2FFF763FD2012FFF760FDE0B262
:100C3000FFF75DFDAE498889FFF750FD2812FFF7E9
:100C400056FDE8B2FFF753FD2812FFF750FDE8B25A
:100C5000FFF74DFD13E0A6494889FFF73FFD20123D
:100C6000FFF745FDE0B2FFF742FDA1498889FFF794
:100C700035FD2812FFF73BFDE8B2FFF738FD9C4831
:100C800000899D49891E08804FF0D840A0F8802037
:100C900030BD70B52DED048B0446BE20FFF71EFD60
:100CA0000520FFF724FD20460EF077FF41EC190BDD
:100CB0009FED920B53EC102B0EF082FF41EC180BC2
:100CC0000EF03EFF85B22846FFF711FD0120FFF729
:100CD0000EFDFF20FFF70BFD0020FFF708FD0020B1
:100CE000FFF705FDBDEC048B70BD10B504468048D0
:100CF0008471002C45D1F0207D4908804FF4A0700C
:100D000048800846808845F21051884210D14FF43F
:100D10003050774908814FF4285048814FF42C50C7
:100D200088814FF4F07008804FF4487048801AE0D2
:100D30006F48808841F6631188420DD12C206C49A0
:100D400008812B2048812A2088814FF4F070088088
:100D50004FF44870488006E02C20654908812A201D
:100D600048812B2088816248808845F21031884272
:100D70004CD14FF4A0705E4908804FF4F070488069
:100D800044E04FF4A0705A490880F020488008469B
:100D9000808845F21051884210D14FF430505449A8
:100DA00008814FF4285048814FF42C5088814FF42B
:100DB000487008804FF4F07048801AE04C488088F2
:100DC00041F6631188420DD12C20494908812A201F
:100DD00048812B2088814FF4487008804FF4F070D0
:100DE000488006E02C20424908812A2048812B2097
:100DF00088813F48808845F21031884206D14FF4FF
:100E0000F0703B4908804FF4A07048800020FFF745
:100E10009EFD10BD2DE9F04104460D461E46A0186A
:100E2000401E87B2A819401E1FFA80F830488088FB
:100E300041F66311884231D12D48807901282DD0A7
:100E40002B480088801A001B84B2A819401E86B265
:100E500027494889FFF742FC2012FFF748FCE0B21F
:100E6000FFF745FCA118491EC1F30F20FFF73FFC17
:100E7000A118491EC8B2FFF73AFC1D498889FFF73F
:100E80002DFC2812FFF733FCE8B2FFF730FC3012DC
:100E9000FFF72DFCF0B2FFF72AFC79E014488088B8
:100EA00045F21051884251D111494889FFF716FC8B
:100EB0002012FFF71CFC0E494989491C88B2FFF734
:100EC0000DFCE0B2FFF713FC09494989891C88B27F
:100ED000FFF704FC3812FFF70AFC05494989C91CD1
:100EE00088B2FFF7FBFBF8B2FFF701FC004909E00D
:100EF00078020020140000208000006C66666666A0
:100F0000666604408889FFF7E9FB2812FFF7EFFBCC
:100F1000FD498989491C88B2FFF7E0FBE8B2FFF779
:100F2000E6FBF9498989891C88B2FFF7D7FB4FEAAC
:100F30002820FFF7DCFBF4498989C91C88B2FFF738
:100F4000CDFB08F0FF00FFF7D2FB21E0EE49488916
:100F5000FFF7C4FB2012FFF7CAFBE0B2FFF7C7FBA5
:100F60003812FFF7C4FBF8B2FFF7C1FBE6498889E6
:100F7000FFF7B4FB2812FFF7BAFBE8B2FFF7B7FBA5
:100F80004FEA2820FFF7B3FB08F0FF00FFF7AFFBA5
:100F9000BDE8F08170B504460026DB48058840882E
:100FA000454300210846FFF7E3FBFFF7C4FB00BF02
:100FB00002E0D6480480761CAE42FAD370BD00B57C
:100FC000A1B00020209001217A2006F027FC012109
:100FD000084606F05BFC4FF400401E9001208DF89F
:100FE0007C0000208DF87E0002208DF87D0001201D
:100FF0008DF87F001EA9C64805F08EFE4CF23370B6
:101000001E9002208DF87C0000208DF87E000320C9
:101010008DF87D0001208DF87F001EA9BD4805F0E8
:101020007BFE4FF680701E9002208DF87C00002021
:101030008DF87E0003208DF87D0001208DF87F0063
:101040001EA9B54805F068FE4FF480501E9002209E
:101050008DF87C0000208DF87E0003208DF87D0047
:1010600001208DF87F001EA9AC4805F055FE4FF415
:1010700080501E9002208DF87C0000208DF87E00AC
:1010800003208DF87D0001208DF87F001EA9A44863
:1010900005F042FE0C2200219E4805F0C8FE0C22FD
:1010A00001219C4805F0C3FE0C220421994805F05B
:1010B000BEFE0C220521974805F0B9FE0C2208213E
:1010C000944805F0B4FE0C220921924805F0AFFEC9
:1010D0000C220A218F4805F0AAFE0C220E218D4811
:1010E00005F0A5FE0C220F218A4805F0A0FE0C2277
:1010F0000721894805F09BFE0C220821864805F04F
:1011000096FE0C220921844805F091FE0C220A214A
:10111000814805F08CFE0C220B217F4805F087FEEC
:101120000C2211467C4805F082FE0C220D217A48E3
:1011300005F07DFE0C220E21774805F078FE0C228A
:101140000F21754805F073FE0C221146734805F017
:101150006EFE0C221146724805F069FE0F200890C1
:10116000002009903C200A9000200B900C900D90DC
:101170000E9009200190002002900820039000208A
:10118000049005900690079006200F900020109084
:10119000119010201290002013901590149016902A
:1011A00017904FF480501890002019904FF4804011
:1011B0001A9000201B9008A81C9001A81D900FA851
:1011C00005F089FE0121062005F010FF322005F010
:1011D000C9FBD320FFF782FAFFF793FA4A498880C8
:1011E000FFF78FFA48498880FFF78BFA46498880D5
:1011F000084680884FF6FF7101EA00204249888046
:10120000FFF77FFA4049898808433F4988800846AC
:10121000808849F24131884275D00420FFF75EFA98
:10122000FFF76FFA38498880FFF76BFA36498880F4
:10123000FFF767FA34498880084680884FF6FF71C7
:1012400001EA002030498880FFF75BFA2E4989883F
:1012500008432D4988800846808848F252518842C8
:1012600003D147F28970284988802748808847F24F
:1012700089718842D0D0D420FFF730FAFFF741FAC5
:1012800021498880FFF73DFA1F498880FFF739FA26
:101290001D498880084680884FF6FF7101EA0020CA
:1012A00019498880FFF72DFA17498988084316499C
:1012B00088800846808845F21031884279D05521CF
:1012C0004FF47040FFF725FAAA214FF20100FFF713
:1012D00020FA52214FF20200FFF71BFA08214FF2C9
:1012E0000300FFF716FA01214FF20400FFF711FA8D
:1012F0004FF44540FFF7F2F9FFF703FA02498880FF
:10130000084680880EE054E0780200208000006CDF
:1013100000040240000C0240001002400014024091
:10132000001802404FF6FF7101EA0020FE49888054
:101330004CF20150FFF7D2F9FFF7E3F9FA49898837
:101340000843F9498880052005F00CFBF6488088A1
:10135000B0F5004F03D145F21050F3498880F248B0
:10136000808845F21051884223D0A120FFF7B6F9BA
:10137000FFF7C7F9EC498880FFF7C3F9EA4988808D
:10138000084680884FF6FF7101EA0020E649888010
:10139000FFF7B7F9E44989880843E349888008469C
:1013A000808845F26171884203D141F66310DE49BD
:1013B0008880DD48808849F24131884217D0DA4878
:1013C000808847F28971884211D0D748808845F2D9
:1013D000103188420BD0D448808845F210518842A1
:1013E00005D0D148808841F6631188422CD1CF487E
:1013F000006820F00F004FF02041C1F81C010846A2
:10140000D0F81C0120F47060C1F81C010846D0F827
:101410001C0140F00300C1F81C01C348808847F25A
:101420008971884208D1C148006840F440704FF08B
:101430002041C1F81C0107E0BC48006840F400707E
:101440004FF02041C1F81C01B7488188B8A00DF0C9
:1014500097FFB548808849F2413188427ED1CF203C
:10146000FFF73CF90020FFF742F9C120FFF73FF9F1
:101470003020FFF73CF9ED20FFF730F96420FFF74B
:1014800036F90320FFF733F91220FFF730F98120F6
:10149000FFF72DF9E820FFF721F98520FFF727F95D
:1014A0001020FFF724F97A20FFF721F9CB20FFF76E
:1014B00015F93920FFF71BF92C20FFF718F9002048
:1014C000FFF715F93420FFF712F90220FFF70FF9A3
:1014D000F720FFF703F92020FFF709F9EA20FFF7CB
:1014E000FDF80020FFF703F90020FFF700F9C02006
:1014F000FFF7F4F81B20FFF7FAF8C120FFF7EEF82A
:101500000120FFF7F4F8C520FFF7E8F83020FFF7D7
:10151000EEF83020FFF7EBF8C720FFF7DFF8B72031
:10152000FFF7E5F83620FFF7D9F84820FFF7DFF896
:101530003A20FFF7D3F85520FFF7D9F8B120FFF78D
:10154000CDF80020FFF7D3F81A20FFF7D0F8B62027
:10155000FFF7C4F80A20FFF7CAF800E097E0A220DE
:10156000FFF7C5F8F220FFF7B9F80020FFF7BFF842
:101570002620FFF7B3F80120FFF7B9F8E020FFF7C6
:10158000ADF80F20FFF7B3F82A20FFF7B0F82820B6
:10159000FFF7ADF80820FFF7AAF80E20FFF7A7F82D
:1015A0000820FFF7A4F85420FFF7A1F8A920FFF7BF
:1015B0009EF84320FFF79BF80A20FFF798F80F20CA
:1015C000FFF795F80020FFF792F80020FFF78FF85B
:1015D0000020FFF78CF80020FFF789F8E120FFF7E3
:1015E0007DF80020FFF783F81520FFF780F817201B
:1015F000FFF77DF80720FFF77AF81120FFF777F85B
:101600000620FFF774F82B20FFF771F85620FFF73C
:101610006EF83C20FFF76BF80520FFF768F8102004
:10162000FFF765F80F20FFF762F83F20FFF75FF83C
:101630003F20FFF75CF80F20FFF759F82B20FFF74A
:101640004DF80020FFF753F80020FFF750F8012075
:10165000FFF74DF83F20FFF74AF82A20FFF73EF842
:101660000020FFF744F80020FFF741F80020FFF7C3
:101670003EF8EF20FFF73BF81120FFF72FF8782016
:1016800005F070F92920FFF729F802F0B3B82648D1
:10169000808847F2897188427DD11120FFF71EF8BA
:1016A000782005F05FF93620FFF718F80020FFF7E3
:1016B0001EF83A20FFF712F80520FFF718F8B220BD
:1016C000FFF70CF80C20FFF712F80C20FFF70FF8CB
:1016D0000020FFF70CF83320FFF709F83320FFF75D
:1016E00006F8B720FEF7FAFF3520FFF700F8BB2019
:1016F000FEF7F4FF3220FEF7FAFFC020FEF7EEFF00
:101700000C20FEF7F4FFC220FEF7E8FF0120FEF7F1
:10171000EEFFC320FEF7E2FF1020FEF7E8FFC42033
:10172000FEF7DCFF20200BE0780200201C0100A067
:10173000204C43442049443A25780D0A000000001B
:10174000FEF7D5FFC620FEF7C9FF0F20FEF7CFFF3B
:10175000D020FEF7C3FFA420FEF7C9FFA120FEF7AB
:10176000C6FFE020FEF7BAFFD020FEF7C0FF002042
:10177000FEF7BDFF0220FEF7BAFF0720FEF7B7FF16
:101780000A20FEF7B4FF2820FEF7B1FF3220FEF753
:10179000AEFF442000E062E0FEF7A9FF4220FEF722
:1017A000A6FF0620FEF7A3FF0E20FEF7A0FF1220E3
:1017B000FEF79DFF1420FEF79AFF1720FEF797FF14
:1017C000E120FEF78BFFD020FEF791FF0020FEF70F
:1017D0008EFF0220FEF78BFF0720FEF788FF0A200E
:1017E000FEF785FF2820FEF782FF3120FEF77FFFFE
:1017F0005420FEF77CFF4720FEF779FF0E20FEF70E
:1018000076FF1C20FEF773FF1720FEF770FF1B20EA
:10181000FEF76DFF1E20FEF76AFF2A20FEF75EFF2F
:101820000020FEF764FF0020FEF761FF0020FEF7B6
:101830005EFFEF20FEF75BFF2B20FEF74FFF00203F
:10184000FEF755FF0020FEF752FF0120FEF74FFF85
:101850003F20FEF74CFF2920FEF740FF15E7FE482A
:10186000808845F21031884240F07C87ED20FEF7F9
:1018700035FF0120FEF73BFFFE20FEF738FFEE208C
:10188000FEF72CFFDE20FEF732FF2120FEF72FFFB0
:10189000F120FEF723FF0120FEF729FFDF20FEF7EE
:1018A0001DFF1020FEF723FFC420FEF717FF8F2037
:1018B000FEF71DFFC620FEF711FF0020FEF717FF01
:1018C000E220FEF714FFE220FEF711FFE220FEF710
:1018D0000EFFBF20FEF702FFAA20FEF708FFB02090
:1018E000FEF7FCFE0D20FEF702FF0020FEF7FFFED4
:1018F0000D20FEF7FCFE0020FEF7F9FE1120FEF79A
:10190000F6FE0020FEF7F3FE1920FEF7F0FE0020A1
:10191000FEF7EDFE2120FEF7EAFE0020FEF7E7FECF
:101920002D20FEF7E4FE0020FEF7E1FE3D20FEF74D
:10193000DEFE0020FEF7DBFE5D20FEF7D8FE002075
:10194000FEF7D5FE5D20FEF7D2FE0020FEF7CFFEAB
:10195000B120FEF7C3FE8020FEF7C9FE0020FEF78F
:10196000C6FE8B20FEF7C3FE0020FEF7C0FE9620C9
:10197000FEF7BDFE0020FEF7BAFEB220FEF7AEFE77
:101980000020FEF7B4FE0020FEF7B1FE0220FEF7B5
:10199000AEFE0020FEF7ABFE0320FEF7A8FE0020FF
:1019A000FEF7A5FEB320FEF799FE0020FEF79FFE8E
:1019B0000020FEF79CFE0020FEF799FE0020FEF7B7
:1019C00096FE0020FEF793FE0020FEF790FE00201A
:1019D000FEF78DFE0020FEF78AFE0020FEF787FE50
:1019E0000020FEF784FE0020FEF781FE0020FEF7B7
:1019F0007EFE0020FEF77BFE0020FEF778FE002032
:101A0000FEF775FE0020FEF772FE0020FEF76FFE67
:101A10000020FEF76CFE0020FEF769FE0020FEF7B6
:101A200066FE0020FEF763FE0020FEF760FE002049
:101A3000FEF75DFE0020FEF75AFEB420FEF74EFED4
:101A40008B20FEF754FE0020FEF751FE9620FEF795
:101A50004EFE0020FEF74BFEA120FEF748FE0020C0
:101A6000FEF745FEB520FEF739FE0220FEF73FFEE9
:101A70000020FEF73CFE0320FEF739FE0020FEF7B3
:101A800036FE0420FEF733FE0020FEF730FEB620BF
:101A9000FEF724FE0020FEF72AFE0020FEF727FEB8
:101AA000B720FEF71BFE0020FEF721FE0020FEF708
:101AB0001EFE3F20FEF71BFE0020FEF718FE5E20F4
:101AC000FEF715FE0020FEF712FE6420FEF70FFE63
:101AD0000020FEF70CFE8C20FEF709FE0020FEF72A
:101AE00006FEAC20FEF703FE0020FEF700FEDC2021
:101AF000FEF7FDFD0020FEF7FAFD7020FEF7F7FD72
:101B00000020FEF7F4FD9020FEF7F1FD0020FEF727
:101B1000EEFDEB20FEF7EBFD0020FEF7E8FDDC20FC
:101B2000FEF7E5FD0020FEF7E2FDB820FEF7D6FD4A
:101B30000020FEF7DCFD0020FEF7D9FD0020FEF7B7
:101B4000D6FD0020FEF7D3FD0020FEF7D0FD0020DB
:101B5000FEF7CDFD0020FEF7CAFD0020FEF7C7FD11
:101B6000BA20FEF7BBFD2420FEF7C1FD0020FEF7E2
:101B7000BEFD0020FEF7BBFD0020FEF7B8FDC12032
:101B8000FEF7ACFD2020FEF7B2FD0020FEF7AFFD12
:101B90005420FEF7ACFD0020FEF7A9FDFF20FEF764
:101BA000A6FD0020FEF7A3FDC220FEF797FD0A2048
:101BB000FEF79DFD0020FEF79AFD0420FEF797FD3D
:101BC0000020FEF794FDC320FEF788FD3C20FEF7C1
:101BD0008EFD0020FEF78BFD3A20FEF788FD0020E9
:101BE000FEF785FD3920FEF782FD0020FEF77FFD20
:101BF0003720FEF77CFD0020FEF779FD3C20FEF744
:101C000076FD0020FEF773FD3620FEF770FD002004
:101C1000FEF76DFD3220FEF76AFD0020FEF767FD3E
:101C20002F20FEF764FD0020FEF761FD2C20FEF75B
:101C30005EFD0020FEF75BFD2920FEF758FD002029
:101C4000FEF755FD2620FEF752FD0020FEF74FFD62
:101C50002420FEF74CFD01E0780200200020FEF772
:101C600046FD2420FEF743FD0020FEF740FD232023
:101C7000FEF73DFD0020FEF73AFD3C20FEF737FD64
:101C80000020FEF734FD3620FEF731FD0020FEF780
:101C90002EFD3220FEF72BFD0020FEF728FD2F2021
:101CA000FEF725FD0020FEF722FD2C20FEF71FFD8C
:101CB0000020FEF71CFD2920FEF719FD0020FEF78D
:101CC00016FD2620FEF713FD0020FEF710FD242050
:101CD000FEF70DFD0020FEF70AFD2420FEF707FDAC
:101CE0000020FEF704FD2320FEF701FD0020FEF793
:101CF000FEFCC420FEF7F2FC6220FEF7F8FC002098
:101D0000FEF7F5FC0520FEF7F2FC0020FEF7EFFCE5
:101D10008420FEF7ECFC0020FEF7E9FCF020FEF743
:101D2000E6FC0020FEF7E3FC1820FEF7E0FC0020B4
:101D3000FEF7DDFCA420FEF7DAFC0020FEF7D7FC5E
:101D40001820FEF7D4FC0020FEF7D1FC5020FEF74F
:101D5000CEFC0020FEF7CBFC0C20FEF7C8FC0020D8
:101D6000FEF7C5FC1720FEF7C2FC0020FEF7BFFC03
:101D70009520FEF7BCFC0020FEF7B9FCF320FEF72F
:101D8000B6FC0020FEF7B3FCE620FEF7B0FC002016
:101D9000FEF7ADFCC520FEF7A1FC3220FEF7A7FC44
:101DA0000020FEF7A4FC4420FEF7A1FC0020FEF773
:101DB0009EFC6520FEF79BFC0020FEF798FC762039
:101DC000FEF795FC0020FEF792FC8820FEF78FFCC2
:101DD0000020FEF78CFCC620FEF780FC2020FEF7DA
:101DE00086FC0020FEF783FC1720FEF780FC002015
:101DF000FEF77DFC0120FEF77AFC0020FEF777FC61
:101E0000C720FEF76BFC0020FEF771FC0020FEF7F8
:101E10006EFC0020FEF76BFC0020FEF768FCC8207B
:101E2000FEF75CFC0020FEF762FC0020FEF75FFC82
:101E30000020FEF75CFC0020FEF759FCC920FEF7ED
:101E40004DFC0020FEF753FC0020FEF750FC002064
:101E5000FEF74DFC0020FEF74AFC0020FEF747FC91
:101E60000020FEF744FC0020FEF741FC0020FEF7B6
:101E70003EFC0020FEF73BFC0020FEF738FC002073
:101E8000FEF735FC0020FEF732FC0020FEF72FFCA9
:101E90000020FEF72CFC0020FEF729FC0020FEF7B6
:101EA00026FCE020FEF71AFC1620FEF720FC00209E
:101EB000FEF71DFC1C20FEF71AFC0020FEF717FCA5
:101EC0002120FEF714FC0020FEF711FC3620FEF75F
:101ED0000EFC0020FEF70BFC4620FEF708FC00205D
:101EE000FEF705FC5220FEF702FC0020FEF7FFFB88
:101EF0006420FEF7FCFB0020FEF7F9FB7A20FEF7DA
:101F0000F6FB0020FEF7F3FB8B20FEF7F0FB002032
:101F1000FEF7EDFB9920FEF7EAFB0020FEF7E7FB5A
:101F2000A820FEF7E4FB0020FEF7E1FBB920FEF756
:101F3000DEFB0020FEF7DBFBC420FEF7D8FB002011
:101F4000FEF7D5FBCA20FEF7D2FB0020FEF7CFFB41
:101F5000D220FEF7CCFB0020FEF7C9FBD920FEF70C
:101F6000C6FB0020FEF7C3FBE020FEF7C0FB00200D
:101F7000FEF7BDFBF320FEF7BAFB0020FEF7B7FB30
:101F8000E120FEF7ABFB1620FEF7B1FB0020FEF7C9
:101F9000AEFB1C20FEF7ABFB0020FEF7A8FB2220C7
:101FA000FEF7A5FB0020FEF7A2FB3620FEF79FFB05
:101FB0000020FEF79CFB4520FEF799FB0020FEF772
:101FC00096FB5220FEF793FB0020FEF790FB642067
:101FD000FEF78DFB0020FEF78AFB7A20FEF787FBD9
:101FE0000020FEF784FB8B20FEF781FB0020FEF72C
:101FF0007EFB9920FEF77BFB0020FEF778FBA820F4
:10200000FEF775FB0020FEF772FBB920FEF76FFBB1
:102010000020FEF76CFBC420FEF769FB0020FEF7F2
:1020200066FBCA20FEF763FB0020FEF760FBD220B0
:10203000FEF75DFB0020FEF75AFBD820FEF757FBAA
:102040000020FEF754FBE020FEF751FB0020FEF7D6
:102050004EFBF320FEF74BFB0020FEF748FBE2208F
:10206000FEF73CFB0520FEF742FB0020FEF73FFB9E
:102070000B20FEF73CFB0020FEF739FB1B20FEF790
:1020800036FB0020FEF733FB3420FEF730FB002048
:10209000FEF72DFB4420FEF72AFB0020FEF727FB6E
:1020A0004F20FEF724FB0020FEF721FB6120FEF706
:1020B0001EFB0020FEF71BFB7920FEF718FB00201B
:1020C000FEF715FB8820FEF712FB0020FEF70FFB42
:1020D0009720FEF70CFB0020FEF709FBA620FEF779
:1020E00006FB0020FEF703FBB720FEF700FB0020F5
:1020F000FEF7FDFAC220FEF7FAFA0020FEF7F7FA23
:10210000C720FEF7F4FA0020FEF7F1FAD120FEF71F
:10211000EEFA0020FEF7EBFAD620FEF7E8FA0020F0
:10212000FEF7E5FADD20FEF7E2FA0020FEF7DFFA1F
:10213000F320FEF7DCFA0020FEF7D9FAE320FEF7E1
:10214000CDFA0520FEF7D3FA0020FEF7D0FA0A20D8
:10215000FEF7CDFA0020FEF7CAFA1C20FEF7C7FAF8
:102160000020FEF7C4FA3320FEF7C1FA0020FEF784
:10217000BEFA4420FEF7BBFA0020FEF7B8FA502062
:10218000FEF7B5FA0020FEF7B2FA6220FEF7AFFACA
:102190000020FEF7ACFA7820FEF7A9FA0020FEF73F
:1021A000A6FA8820FEF7A3FA0020FEF7A0FA9720EF
:1021B000FEF79DFA0020FEF79AFAA620FEF797FA9E
:1021C0000020FEF794FAB720FEF791FA0020FEF700
:1021D0008EFAC220FEF78BFA0020FEF788FAC7209D
:1021E000FEF785FA0020FEF782FAD120FEF77FFA8B
:1021F0000020FEF77CFAD520FEF779FA0020FEF7E2
:1022000076FADD20FEF773FA0020FEF770FAF3206D
:10221000FEF76DFA0020FEF76AFAE420FEF75EFA98
:102220000120FEF764FA0020FEF761FA0120FEF7B4
:102230005EFA0020FEF75BFA0220FEF758FA002053
:10224000FEF755FA2A20FEF752FA0020FEF74FFA61
:102250003C20FEF74CFA0020FEF749FA4B20FEF72F
:1022600046FA0020FEF743FA5D20FEF740FA002010
:10227000FEF73DFA7420FEF73AFA0020FEF737FA2F
:102280008420FEF734FA0020FEF731FA9320FEF79F
:102290002EFA0020FEF72BFAA220FEF728FA0020E3
:1022A000FEF725FAB320FEF722FA0020FEF71FFA08
:1022B000BE20FEF71CFA0020FEF719FAC420FEF734
:1022C00016FA0020FEF713FACD20FEF710FA0020D0
:1022D000FEF70DFAD320FEF70AFA0020FEF707FA00
:1022E000DD20FEF704FA0020FEF701FAF320FEF7E6
:1022F000FEF90020FEF7FBF9E520FEF7EFF90020DC
:10230000FEF7F5F90020FEF7F2F90020FEF7EFF9ED
:102310000020FEF7ECF90220FEF7E9F90020FEF7B5
:10232000E6F92920FEF7E3F90020FEF7E0F93C206A
:10233000FEF7DDF90020FEF7DAF94B20FEF7D7F9BA
:102340000020FEF7D4F95D20FEF7D1F90020FEF75A
:10235000CEF97420FEF7CBF90020FEF7C8F98420EF
:10236000FEF7C5F90020FEF7C2F99320FEF7BFF98A
:102370000020FEF7BCF9A220FEF7B9F90020FEF715
:10238000B6F9B320FEF7B3F90020FEF7B0F9BE208E
:10239000FEF7ADF90020FEF7AAF9C420FEF7A7F971
:1023A0000020FEF7A4F9CD20FEF7A1F90020FEF7EA
:1023B0009EF9D320FEF79BF90020FEF798F9DC2068
:1023C000FEF795F90020FEF792F9F320FEF78FF95A
:1023D0000020FEF78CF9E620FEF780F91120FEF7C9
:1023E00086F90020FEF783F93420FEF780F90020FB
:1023F000FEF77DF95620FEF77AF90020FEF777F90F
:102400007620FEF774F90020FEF771F97720FEF7C9
:102410006EF90020FEF76BF96620FEF768F90020E0
:10242000FEF765F98820FEF762F90020FEF75FF9F4
:102430009920FEF75CF90020FEF759F9BB20FEF762
:1024400056F90020FEF753F99920FEF750F90020C5
:10245000FEF74DF96620FEF74AF90020FEF747F92E
:102460005520FEF744F90020FEF741F95520FEF70C
:102470003EF90020FEF73BF94520FEF738F9002031
:10248000FEF735F94320FEF732F90020FEF72FF969
:102490004420FEF72CF90020FEF729F9E720FEF78B
:1024A0001DF93220FEF723F90020FEF720F9552010
:1024B000FEF71DF90020FEF71AF97620FEF717F94E
:1024C0000020FEF714F96620FEF711F90020FEF750
:1024D0000EF96720FEF70BF90020FEF708F96720D8
:1024E000FEF705F90020FEF702F98720FEF7FFF856
:1024F0000020FEF7FCF89920FEF7F9F80020FEF71F
:10250000F6F8BB20FEF7F3F80020FEF7F0F899206C
:10251000FEF7EDF80020FEF7EAF87720FEF7E7F87F
:102520000020FEF7E4F84420FEF7E1F80020FEF773
:10253000DEF85620FEF7DBF80020FEF7D8F823205F
:10254000FEF7D5F80020FEF7D2F83320FEF7CFF8DB
:102550000020FEF7CCF84520FEF7C9F80020FEF772
:10256000C6F8E820FEF7BAF80020FEF7C0F8002011
:10257000FEF7BDF89920FEF7BAF80020FEF7B7F88D
:102580008720FEF7B4F80020FEF7B1F88820FEF7A8
:10259000AEF80020FEF7ABF87720FEF7A8F8002091
:1025A000FEF7A5F86620FEF7A2F80020FEF79FF8D8
:1025B0008820FEF79CF80020FEF799F8AA20FEF785
:1025C00096F80020FEF793F8BB20FEF790F8002065
:1025D000FEF78DF89920FEF78AF80020FEF787F8BD
:1025E0006620FEF784F80020FEF781F85520FEF7FC
:1025F0007EF80020FEF77BF85520FEF778F80020E3
:10260000FEF775F84420FEF772F80020FEF76FF829
:102610004420FEF76CF80020FEF769F85520FEF71D
:1026200066F80020FEF763F8E920FEF757F8AA20C5
:10263000FEF75DF80020FEF75AF80020FEF757F885
:102640000020FEF754F80020FEF748F8AA20FEF715
:102650004EF8CF20FEF742F80020FEF748F80020A1
:10266000FEF745F80020FEF742F80020FEF73FF89D
:102670000020FEF73CF80020FEF739F80020FEF7B6
:1026800036F80020FEF733F80020FEF730F800207F
:10269000FEF72DF80020FEF72AF80020FEF727F8B5
:1026A0000020FEF724F80020FEF721F80020FEF7B6
:1026B0001EF80020FEF71BF80020FEF718F8F020A7
:1026C000FEF70CF80020FEF712F85020FEF70FF886
:1026D0000020FEF70CF80020FEF709F80020FEF7B6
:1026E00006F8F320FDF7FAFF0020FEF700F8F920C6
:1026F000FDF7F4FF0620FDF7FAFF1020FDF7F7FFC6
:102700002920FDF7F4FF0020FDF7F1FF3A20FDF747
:10271000E5FF5520FDF7EBFF1120FDF7DFFF6420FB
:1027200004F020F92920FDF7D9FF3520FDF7D6FF69
:102730000020FDF7DCFF5120FDF7D0FFFF20FDF763
:10274000D6FF5320FDF7CAFF2C20FDF7D0FF552000
:10275000FDF7C4FF8220FDF7CAFF2C20FDF7BEFF66
:1027600001F048B8FE48808845F2105188427DD17A
:1027700055214FF47040FDF7CCFFAA214FF2010024
:10278000FDF7C7FF52214FF20200FDF7C2FF0821FB
:102790004FF20300FDF7BDFF01214FF20400FDF7EA
:1027A000B8FF0D214FF43040FDF7B3FF0D214BF280
:1027B0000100FDF7AEFF0D214BF20200FDF7A9FF6E
:1027C00034214FF43640FDF7A4FF34214BF2016071
:1027D000FDF79FFF34214BF20260FDF79AFF0D21B8
:1027E0004FF43140FDF795FF0D214BF20110FDF73D
:1027F00090FF0D214BF20210FDF78BFF34214FF4B7
:102800003740FDF786FF34214BF20170FDF781FF61
:1028100034214BF20270FDF77CFF00214FF432406F
:10282000FDF777FF00214BF20120FDF772FF002139
:102830004BF20220FDF76DFF24214FF43840FDF7E5
:1028400068FF24214BF60100FDF763FF24214BF6BE
:102850000200FDF75EFF01214FF43F40FDF759FFF5
:102860000F214FF43340FDF754FF00E0FDE30F214B
:102870004BF20130FDF74DFF0F214BF20230FDF717
:1028800048FF34214FF43940FDF743FF34214BF624
:102890000110FDF73EFF34214BF60210FDF739FF22
:1028A00008214FF43540FDF734FF08214BF2015069
:1028B000FDF72FFF08214BF20250FDF72AFF0321FD
:1028C0004FF44240FDF725FF24214FF43A40FDF735
:1028D00020FF24214BF60120FDF71BFF24214BF69E
:1028E0000220FDF716FF00214FF43C40FDF711FFD9
:1028F00078214BF60140FDF70CFF00214BF602401A
:10290000FDF707FF00214FF43D40FDF702FF78215E
:102910004BF60150FDF7FDFE00214BF60250FDF78E
:10292000F8FE00214FF43E40FDF7F3FE64214BF624
:102930000160FDF7EEFE00214FF45140FDF7E9FE86
:1029400033214DF20110FDF7E4FE00214DF202109B
:10295000FDF7DFFE34214DF20310FDF7DAFE002112
:102960004DF20410FDF7D5FE3A214DF20510FDF7AA
:10297000D0FE00214DF20610FDF7CBFE4A214DF2AC
:102980000710FDF7C6FE00214DF20810FDF7C1FE4D
:102990005C214DF20910FDF7BCFE00214DF20A103A
:1029A000FDF7B7FE81214DF20B10FDF7B2FE0021BD
:1029B0004DF20C10FDF7ADFEA6214DF20D10FDF706
:1029C000A8FE00214DF20E10FDF7A3FEE5214DF209
:1029D0000F10FDF79EFE01214DF21010FDF799FE3C
:1029E00013214DF21110FDF794FE01214DF212104A
:1029F000FDF78FFE54214DF21310FDF78AFE0121E1
:102A00004DF21410FDF785FE82214DF21510FDF7F1
:102A100080FE01214DF21610FDF77BFECA214DF21A
:102A20001710FDF776FE02214DF21810FDF771FE2A
:102A300000214DF21910FDF76CFE02214DF21A1023
:102A4000FDF767FE01214DF21B10FDF762FE02212A
:102A50004DF21C10FDF75DFE34214DF21D10FDF707
:102A600058FE02214DF21E10FDF753FE67214DF274
:102A70001F10FDF74EFE02214DF22010FDF749FE1A
:102A800084214DF22110FDF744FE02214DF2221067
:102A9000FDF73FFEA4214DF22310FDF73AFE02217F
:102AA0004DF22410FDF735FEB7214DF22510FDF74C
:102AB00030FE02214DF22610FDF72BFECF214DF204
:102AC0002710FDF726FE02214DF22810FDF721FE0A
:102AD000DE214DF22910FDF71CFE02214DF22A10D5
:102AE000FDF717FEF2214DF22B10FDF712FE022129
:102AF0004DF22C10FDF70DFEFE214DF22D10FDF7CD
:102B000008FE03214DF22E10FDF703FE10214DF2B9
:102B10002F10FDF7FEFD03214DF23010FDF7F9FDFA
:102B200033214DF23110FDF7F4FD03214DF2321047
:102B3000FDF7EFFD6D214DF23310FDF7EAFD0021A9
:102B40004FF45240FDF7E5FD33214DF20120FDF732
:102B5000E0FD00214DF20220FDF7DBFD342101E014
:102B6000780200204DF20320FDF7D3FD00214DF245
:102B70000420FDF7CEFD3A214DF20520FDF7C9FDF9
:102B800000214DF20620FDF7C4FD4A214DF2072039
:102B9000FDF7BFFD00214DF20820FDF7BAFD5C21D5
:102BA0004DF20920FDF7B5FD00214DF20A20FDF799
:102BB000B0FD81214DF20B20FDF7ABFD00214DF260
:102BC0000C20FDF7A6FDA6214DF20D20FDF7A1FD7D
:102BD00000214DF20E20FDF79CFDE5214DF20F2066
:102BE000FDF797FD01214DF21020FDF792FD132115
:102BF0004DF21120FDF78DFD01214DF21220FDF760
:102C000088FD54214DF21320FDF783FD01214DF283
:102C10001420FDF77EFD82214DF21520FDF779FD90
:102C200001214DF21620FDF774FDCA214DF2172047
:102C3000FDF76FFD02214DF21820FDF76AFD00211E
:102C40004DF21920FDF765FD02214DF21A20FDF726
:102C500060FD01214DF21B20FDF75BFD02214DF2CD
:102C60001C20FDF756FD34214DF21D20FDF751FDCE
:102C700002214DF21E20FDF74CFD67214DF21F2071
:102C8000FDF747FD02214DF22020FDF742FD842192
:102C90004DF22120FDF73DFD02214DF22220FDF7EE
:102CA00038FDA4214DF22320FDF733FD02214DF222
:102CB0002420FDF72EFDB7214DF22520FDF729FD3B
:102CC00002214DF22620FDF724FDCF214DF22720D1
:102CD000FDF71FFD02214DF22820FDF71AFDDE2130
:102CE0004DF22920FDF715FD02214DF22A20FDF7B6
:102CF00010FDF2214DF22B20FDF70BFD02214DF2CC
:102D00002C20FDF706FDFE214DF22D20FDF701FDE3
:102D100003214DF22E20FDF7FCFC10214DF22F2057
:102D2000FDF7F7FC03214DF23020FDF7F2FC3321D3
:102D30004DF23120FDF7EDFC03214DF23220FDF77D
:102D4000E8FC6D214DF23320FDF7E3FC00214FF448
:102D50005340FDF7DEFC33214DF20130FDF7D9FC85
:102D600000214DF20230FDF7D4FC34214DF2033046
:102D7000FDF7CFFC00214DF20430FDF7CAFC3A21EB
:102D80004DF20530FDF7C5FC00214DF20630FDF790
:102D9000C0FC4A214DF20730FDF7BBFC00214DF28B
:102DA0000830FDF7B6FC5C214DF20930FDF7B1FCAF
:102DB00000214DF20A30FDF7ACFC81214DF20B30C1
:102DC000FDF7A7FC00214DF20C30FDF7A2FCA62177
:102DD0004DF20D30FDF79DFC00214DF20E30FDF758
:102DE00098FCE5214DF20F30FDF793FC01214DF2E7
:102DF0001030FDF78EFC13214DF21130FDF789FCE8
:102E000001214DF21230FDF784FC54214DF21330B4
:102E1000FDF77FFC01214DF21430FDF77AFC822191
:102E20004DF21530FDF775FC01214DF21630FDF71E
:102E300070FCCA214DF21730FDF76BFC02214DF2F8
:102E40001830FDF766FC00214DF21930FDF761FCEA
:102E500002214DF21A30FDF75CFC01214DF21B30CE
:102E6000FDF757FC02214DF21C30FDF752FC3421D6
:102E70004DF21D30FDF74DFC02214DF21E30FDF7E5
:102E800048FC67214DF21F30FDF743FC02214DF253
:102E90002030FDF73EFC84214DF22130FDF739FC56
:102EA00002214DF22230FDF734FCA4214DF22330F3
:102EB000FDF72FFC02214DF22430FDF72AFCB7214B
:102EC0004DF22530FDF725FC02214DF22630FDF7AD
:102ED00020FCCF214DF22730FDF71BFC02214DF2E3
:102EE0002830FDF716FCDE214DF22930FDF711FCEC
:102EF00002214DF22A30FDF70CFCF2214DF22B306D
:102F0000FDF707FC02214DF22C30FDF702FCFE21FB
:102F10004DF22D30FDF7FDFB03214DF22E30FDF774
:102F2000F8FB10214DF22F30FDF7F3FB03214DF29A
:102F30003030FDF7EEFB33214DF23130FDF7E9FB88
:102F400003214DF23230FDF7E4FB6D214DF23330B9
:102F5000FDF7DFFB00214FF45440FDF7DAFB33218E
:102F60004DF20140FDF7D5FB00214DF20240FDF787
:102F7000D0FB34214DF20340FDF7CBFB00214DF295
:102F80000440FDF7C6FB3A214DF20540FDF7C1FBB9
:102F900000214DF20640FDF7BCFB4A214DF20740EF
:102FA000FDF7B7FB00214DF20840FDF7B2FB5C21B5
:102FB0004DF20940FDF7ADFB00214DF20A40FDF74F
:102FC000A8FB81214DF20B40FDF7A3FB00214DF240
:102FD0000C40FDF79EFBA6214DF20D40FDF799FB3D
:102FE00000214DF20E40FDF794FBE5214DF20F401C
:102FF000FDF78FFB01214DF21040FDF78AFB1321F5
:103000004DF21140FDF785FB01214DF21240FDF715
:1030100080FB54214DF21340FDF77BFB01214DF263
:103020001440FDF776FB82214DF21540FDF771FB50
:1030300001214DF21640FDF76CFBCA214DF21740FD
:10304000FDF767FB02214DF21840FDF762FB0021FE
:103050004DF21940FDF75DFB02214DF21A40FDF7DC
:1030600058FB01214DF21B4000E005E3FDF751FB49
:1030700002214DF21C40FDF74CFB34214DF21D4066
:10308000FDF747FB02214DF21E40FDF742FB672191
:103090004DF21F40FDF73DFB02214DF22040FDF7B0
:1030A00038FB84214DF22140FDF733FB02214DF224
:1030B0002240FDF72EFBA4214DF22340FDF729FB12
:1030C00002214DF22440FDF724FBB7214DF22540AB
:1030D000FDF71FFB02214DF22640FDF71AFBCF2121
:1030E0004DF22740FDF715FB02214DF22840FDF778
:1030F00010FBDE214DF22940FDF70BFB02214DF2C2
:103100002A40FDF706FBF2214DF22B40FDF701FBB3
:1031100002214DF22C40FDF7FCFAFE214DF22D402C
:10312000FDF7F7FA03214DF22E40FDF7F2FA1021D8
:103130004DF22F40FDF7EDFA03214DF23040FDF73F
:10314000E8FA33214DF23140FDF7E3FA03214DF265
:103150003240FDF7DEFA6D214DF23340FDF7D9FA2A
:1031600000214FF45540FDF7D4FA33214DF20150C0
:10317000FDF7CFFA00214DF20250FDF7CAFA3421D3
:103180004DF20350FDF7C5FA00214DF20450FDF752
:10319000C0FA3A214DF20550FDF7BBFA00214DF27D
:1031A0000650FDF7B6FA4A214DF20750FDF7B1FA85
:1031B00000214DF20850FDF7ACFA5C214DF20950A8
:1031C000FDF7A7FA00214DF20A50FDF7A2FA81217E
:1031D0004DF20B50FDF79DFA00214DF20C50FDF71A
:1031E00098FAA6214DF20D50FDF793FA00214DF209
:1031F0000E50FDF78EFAE5214DF20F50FDF789FADA
:1032000001214DF21050FDF784FA13214DF21150B7
:10321000FDF77FFA01214DF21250FDF77AFA5421A1
:103220004DF21350FDF775FA01214DF21450FDF7E0
:1032300070FA82214DF21550FDF76BFA01214DF223
:103240001650FDF766FACA214DF21750FDF761FAE4
:1032500002214DF21850FDF75CFA00214DF2195091
:10326000FDF757FA02214DF21A50FDF752FA0121EB
:103270004DF21B50FDF74DFA02214DF21C50FDF7A7
:1032800048FA34214DF21D50FDF743FA02214DF268
:103290001E50FDF73EFA67214DF21F50FDF739FA37
:1032A00002214DF22050FDF734FA84214DF22150D5
:1032B000FDF72FFA02214DF22250FDF72AFAA42140
:1032C0004DF22350FDF725FA02214DF22450FDF76F
:1032D00020FAB7214DF22550FDF71BFA02214DF2DD
:1032E0002650FDF716FACF214DF22750FDF711FABF
:1032F00002214DF22850FDF70CFADE214DF2295043
:10330000FDF707FA02214DF22A50FDF702FAF221E9
:103310004DF22B50FDF7FDF902214DF22C50FDF737
:10332000F8F9FE214DF22D50FDF7F3F903214DF28E
:103330002E50FDF7EEF910214DF22F50FDF7E9F96F
:1033400003214DF23050FDF7E4F933214DF23150B5
:10335000FDF7DFF903214DF23250FDF7DAF96D2167
:103360004DF23350FDF7D5F900214FF45640FDF7EB
:10337000D0F933214DF20160FDF7CBF900214DF278
:103380000260FDF7C6F934214DF20360FDF7C1F983
:1033900000214DF20460FDF7BCF93A214DF20560C1
:1033A000FDF7B7F900214DF20660FDF7B2F94A21A9
:1033B0004DF20760FDF7ADF900214DF20860FDF711
:1033C000A8F95C214DF20960FDF7A3F900214DF247
:1033D0000A60FDF79EF981214DF20B60FDF799F926
:1033E00000214DF20C60FDF794F9A6214DF20D601D
:1033F000FDF78FF900214DF20E60FDF78AF9E52106
:103400004DF20F60FDF785F901214DF21060FDF7D7
:1034100080F913214DF21160FDF77BF901214DF286
:103420001260FDF776F954214DF21360FDF771F942
:1034300001214DF21460FDF76CF982214DF2156007
:10344000FDF767F901214DF21660FDF762F9CA2117
:103450004DF21760FDF75DF902214DF21860FDF79E
:1034600058F900214DF21960FDF753F902214DF290
:103470001A60FDF74EF901214DF21B60FDF749F985
:1034800002214DF21C60FDF744F934214DF21D601C
:10349000FDF73FF902214DF21E60FDF73AF9672171
:1034A0004DF21F60FDF735F902214DF22060FDF766
:1034B00030F984214DF22160FDF72BF902214DF204
:1034C0002260FDF726F9A4214DF22360FDF721F9D2
:1034D00002214DF22460FDF71CF9B7214DF2256061
:1034E000FDF717F902214DF22660FDF712F9CF2101
:1034F0004DF22760FDF70DF902214DF22860FDF72E
:1035000008F9DE214DF22960FDF703F902214DF2A1
:103510002A60FDF7FEF8F2214DF22B60FDF7F9F875
:1035200002214DF22C60FDF7F4F8FE214DF22D60E2
:10353000FDF7EFF803214DF22E60FDF7EAF81021B8
:103540004DF22F60FDF7E5F803214DF23060FDF7F5
:10355000E0F833214DF23160FDF7DBF803214DF245
:103560003260FDF7D6F86D214DF23360FDF7D1F8EA
:1035700055214FF47040FDF7CCF8AA214FF201001D
:10358000FDF7C7F852214FF20200FDF7C2F80821FB
:103590004FF20300FDF7BDF800214FF20400FDF7E4
:1035A000B8F8CC214FF43140FDF7B3F800214BF2CD
:1035B0000110FDF7AEF805214FF43640FDF7A9F8EC
:1035C00070214FF43740FDF7A4F870214BF20170E1
:1035D000FDF79FF801214FF43840FDF79AF80321D9
:1035E0004BF60100FDF795F803214BF60200FDF7BD
:1035F00090F803214BF60300FDF78BF802214FF4FE
:103600003C40FDF786F800214BF60140FDF781F8BC
:1036100000214BF60240FDF77CF8D0214FF44940E1
:10362000FDF777F802214CF60110FDF772F85021F2
:103630004CF60210FDF76DF850214CF60310FDF723
:1036400068F850214CF60410FDF763F800214FF4A0
:103650005450FDF75EF855214FF46850FDF759F8C6
:103660004FF48850FDF73AF8782003F033F94FF41F
:103670002450FDF733F8BDE0FE48808841F6631121
:103680008842F8D1E220FDF729F81D20FDF72FF838
:103690000220FDF72CF80420FDF729F8642003F040
:1036A00019F9E020FDF71AF80120FDF720F80A20AB
:1036B00003F058F9E020FDF711F80320FDF717F8A3
:1036C0000C2003F04FF90120FDF708F80A2003F061
:1036D00049F9E620FDF702F82F20FDF708F8FF2052
:1036E000FDF705F8FF20FDF702F8B020FCF7F6FF24
:1036F0002020FCF7FCFF0020FCF7F9FF0320FCF77B
:10370000F6FF40F21F30FCF7F2FF0120FCF7EFFF5D
:1037100040F2DF10FCF7EBFF0020FCF7E8FFB420DD
:10372000FCF7DCFF0420FCF7E2FF40F21F40FCF74F
:10373000DEFF0020FCF7DBFF2E20FCF7D8FF002087
:10374000FCF7D5FF0020FCF7D2FF0020FCF7CFFFED
:103750000020FCF7CCFFB620FCF7C0FF0220FCF7EE
:10376000C6FF4FF40370FCF7C2FF0020FCF7BFFF59
:103770001720FCF7BCFF1520FCF7B9FF0020FCF771
:10378000B6FF0020FCF7B3FFF020FCF7A7FF0320F3
:10379000FCF7ADFF2920FCF7A1FFD020FCF79EFF2E
:1037A0000020FCF7A4FFBE20FCF798FF0520FCF7E3
:1037B0009EFFFE20FCF79BFF0120FCF798FF0020F6
:1037C000FCF795FF0020FCF792FF0020FCF78FFF2D
:1037D000B820FCF783FF0320FCF789FF0120FCF7EA
:1037E00086FFBA20FCF77AFF0120FCF780FF6420F7
:1037F000FDF74FFA0020FDF778FA01209E49086096
:103800004FF6FF70FDF7C6FB21B000BD2DE9F04F6C
:1038100005460E4617469846DDF824A04FF0000BEB
:10382000781B401C1FFA80FB344614E021462846D2
:10383000FCF79EFFFCF77FFF4FF0000907E04FF019
:10384000D840A0F880A009F101001FFA80F9D945FD
:10385000F5DB601C84B24445E8DDBDE8F08F2DE95E
:10386000F84F07460D4690469946DDF828B0A8EB7C
:103870000700401C1FFA80FAA9EB0500401C80B22B
:103880000090002414E0281981B23846FCF770FF3C
:10389000FCF751FF002607E004FB0A603BF810002C
:1038A00076490880701C86B25645F5DB601C84B2F0
:1038B00000988442E7DBBDE8F88F2DE9FF4F84B024
:1038C00081468A460020039002900698A0EB0905E5
:1038D0000798A0EB0A06CDF80490CDF800A0002DC3
:1038E00001DD012705E00DB9002702E04FF0FF37A9
:1038F0006D42002E02DD4FF0010806E016B94FF0D0
:10390000000802E04FF0FF387642B54201DD2C4658
:1039100000E034464FF0000B21E0009A91B2019A8A
:1039200090B2FDF731F9039828440390029830448F
:1039300002900398A04205DD0398001B03900198B4
:10394000384401900298A04205DD0298001B0290C5
:103950000098404400900BF101001FFA80FB601CAE
:103960008345DADD08B0BDE8F08FF0B504460D46BA
:1039700016461F462B46324629462046FFF79DFF36
:103980003B46224629462046FFF797FF3B463246F4
:1039900039462046FFF791FF3B46324629463046DE
:1039A000FFF78BFFF0BD2DE9F04306460F4690462A
:1039B000002445460320A0EB48093CE07A1B91B265
:1039C000321990B2FDF7E0F83A1B91B2721990B239
:1039D000FDF7DAF83A1991B2721990B2FDF7D4F8FE
:1039E0007A1991B2321990B2FDF7CEF87A1991B2E4
:1039F000321B90B2FDF7C8F83A1991B2721B90B21F
:103A0000FDF7C2F87A1B91B2321B90B2FDF7BCF8F9
:103A10003A1B91B2721B90B2FDF7B6F8641CB9F173
:103A2000000F03DAA000801D814404E0601B8000C9
:103A30000A3081446D1EAC42C0DDBDE8F0832DE943
:103A4000F84F80460E4617461C46B3462046E317FD
:103A500004EB5373DB1021464FEAE47C04EB5C7CFF
:103A60004FEAEC0CA4EBCC0CBCF1000F08D04FF0EB
:103A7000010C07E078020020BC8240428000006C0C
:103A80004FF0000C6344224604EBD27C4FEA6C0CEE
:103A900003FB0CF3DBB20093A7F12000C7B20025B3
:103AA00056E00C2C07D107EB47009F4901EB800043
:103AB00010F8059013E0102C05D19C4800EB07107E
:103AC00010F805900BE0182C07D107EBC7009849B8
:103AD00001EB800010F8059001E0BDE8F88F4FF091
:103AE000000A2FE009F0800030B192480288314688
:103AF0004046FDF757F807E00A9828B98E48028833
:103B000031464046FDF74EF84FEA49604FEA1069EA
:103B1000701C86B289484088B04200DCDDE7A6EB25
:103B20000B00A0420AD15E4608F101001FFA80F89E
:103B300082480088404500DCCFE706E00AF101003A
:103B400000F0FF0ABAF1080FCCDB00BF681CC5B259
:103B500000988542A5DB00BFBFE710B502460120F3
:103B600000E050430B1EA1F10104E1B2F9D110BDF8
:103B70002DE9FF4F81B0074691461E460E9D4FF03E
:103B8000000A002439E0301B401EC1B20A20FFF7B2
:103B9000E4FFB9FBF0F00A21B0FBF1F201FB1208DF
:103BA000BAF1000F16D1701EA04213DDB8F1000F5C
:103BB0000ED10020AB4605EBDB71491001FB04710F
:103BC000009088B22B4620220299FFF738FF12E0BE
:103BD0004FF0010A0020AB4605EBDB71491001FBF9
:103BE0000471009088B208F13001CAB22B460299E4
:103BF000FFF725FF00BF601CC4B2B442C3DB05B0B1
:103C0000BDE8F08F2DE9FF4F82B0064692461F4671
:103C1000DDE90F480020019000254DE0781B401E93
:103C2000C1B20A20FFF799FFBAFBF0F00A21B0FBFE
:103C3000F1F201FB1209019850BB781EA84227DD62
:103C4000B9F1000F22D108F0800078B108F001002E
:103C5000A34604EBDB71491001FB0561009088B2BB
:103C6000234630220399FFF7EAFE0EE008F0010038
:103C7000A34604EBDB71491001FB0561009088B29B
:103C8000234620220399FFF7DAFE13E0012001907A
:103C900008F00100A34604EBDB71491001FB05614C
:103CA000009088B209F13001CAB223460399FFF7A8
:103CB000C6FE00BF681CC5B2BD42AFDB06B0BDE8A2
:103CC000F08F2DE9F84704460D4690469946DDE908
:103CD000096704F0FF0A08EB04001FFA80F809EBFB
:103CE00005001FFA80F916E0444502DB5446A81986
:103CF00085B24D4500DB14E0002000903A78334651
:103D000029462046FFF79BFE304606EBD07104EBB8
:103D100061018CB27F1C38787E2802DC387820283C
:103D2000E2DA00BFBDE8F887C6FD00083A020108E4
:103D30002A08010814000020160000207802002044
:103D40001CB50121112003F069FD1C20009000200A
:103D50008DF8040003208DF8050001208DF8070080
:103D60006946354802F0D8FF0120009002208DF806
:103D700007006946314802F0CFFF1CBD10B504466C
:103D800014B101202E4908702D480078002837D042
:103D90001021294803F022F878B10821264803F0C1
:103DA0001DF850B10421244803F018F828B101216E
:103DB000224803F013F8012822D10A2002F0D2FD94
:103DC00000201F49087010211B4803F007F808B9AC
:103DD000012010BD0821184803F000F808B902209E
:103DE000F7E70421144802F0F9FF08B90320F0E7CF
:103DF0000121124802F0F2FF01281BD10420E8E75C
:103E000010210D4802F0EAFF012813D108210A48C9
:103E100002F0E4FF01280DD10421074802F0DEFF83
:103E2000012807D10121054802F0D8FF10B901206F
:103E3000034908700020CCE7001002400000024057
:103E40001800002010B5044600BF0221414805F0CB
:103E5000C5F80028F9D021463E4805F076F800BFA5
:103E600001213C4805F0BAF80028F9D0394805F09E
:103E700069F8C0B210BD00B587B00121084603F053
:103E8000CDFC0121080303F023FD3820059002201A
:103E90008DF8180000208DF81A0003208DF8190005
:103EA00001208DF81B0005A92B4802F035FF0522E3
:103EB0000321294802F0BBFF05220421264802F015
:103EC000B6FF05221146244802F0B1FF0121080384
:103ED00003F053FD00214FF4805003F04EFD00200D
:103EE000ADF800004FF48270ADF802000020ADF88C
:103EF00004000220ADF806000120ADF808004002E1
:103F0000ADF80A003820ADF80C000020ADF80E0026
:103F10000720ADF8100069460E4804F09BFE012111
:103F20000C4804F091FFFF20FFF78CFF07B000BDA5
:103F300010B50446074800884FF6C7710840054988
:103F4000088008460088204308800121014804F0C9
:103F50007BFF10BD003001400004024010B500247A
:103F60000020D84908609020FFF76CFF0020FFF781
:103F700069FF0020FFF766FF0020FFF763FFFF20C7
:103F8000FFF760FF44EA0024FF20FFF75BFF0443D4
:103F90000120CD49C1F8B802204610BD1CB5012151
:103FA000022003F03BFC0121402003F037FC4FF4DA
:103FB0008040009001208DF8040000208DF806005C
:103FC00003208DF8050001208DF807006946BF48E1
:103FD00002F0A2FE802000906946BD4802F09CFEDF
:103FE0008021BB4802F014FF0120B6490860FFF7AA
:103FF00042FF0820FFF79CFFFFF7B0FFB54908809C
:104000001CBD10B500240020AE4908600520FFF754
:1040100019FFFF20FFF716FF04460120AA49C1F847
:10402000B802204610BD10B504460020A54908601E
:104030000120FFF707FF2046FFF704FF0120A249F8
:10404000C1F8B80210BD10B500209E4908600620D6
:10405000FFF7F8FE01209C49C1F8B80210BD10B569
:104060000020984908600420FFF7ECFE01209649E3
:10407000C1F8B80210BD2DE9F04106460C461746BE
:104080000020904908600320FFF7DCFEC4F30740DE
:10409000FFF7D8FEC4F30720FFF7D4FEE0B2FFF726
:1040A000D1FE002505E0FF20FFF7CCFE7055681C0F
:1040B00085B2BD42F7DB012082490860BDE8F0818E
:1040C00010B500BFFFF79DFF00F001000028F9D1F7
:1040D00010BD2DE9F04106460C461746FFF7B3FF29
:1040E0000020784908600220FFF7ACFEC4F30740C7
:1040F000FFF7A8FEC4F30720FFF7A4FEE0B2FFF726
:10410000A1FE002504E0705DFFF79CFE681C85B2EF
:10411000BD42F8DB01206B490860FFF7D1FFBDE825
:10412000F0812DE9F04107460E461446F0B2C0F585
:104130008075AC4200DC254612E02A4631463846FE
:10414000FFF7C7FFAC4200D10BE02F442E44601BA9
:1041500084B2B4F5807F02DD4FF4807500E025461F
:10416000EBE700BFBDE8F08110B5044621465AA038
:104170000BF006F92403FFF766FFFFF7A1FF00200D
:10418000504908602020FFF75DFEC4F30740FFF7A9
:1041900059FEC4F30720FFF755FEE0B2FFF752FEC9
:1041A00001204949C1F8B802FFF78AFF10BD2DE987
:1041B000F05F81460F461646DFF824B14FEA173804
:1041C000C7F30B0ACAF58054A64200DC344644E02B
:1041D0004FEA08314FF480525846FFF74CFF002554
:1041E00008E00AEB05001BF80000FF2800D003E000
:1041F000681C85B2A542F4DB00BFA54216DA404632
:10420000FFF7B2FF002507E019F8050005EB0A01EA
:104210000BF80100681C85B2A542F5DB4FEA0831B6
:104220004FF480525846FFF77CFF04E0224639469F
:104230004846FFF776FFA64200D10FE008F10108DB
:104240004FF0000AA1442744301B86B2B6F5805FC8
:1042500002DD4FF4805400E03446B9E700BFBDE80A
:10426000F09F10B5FFF7EFFEFFF72AFF002015497A
:104270000860C720FFF7E6FD01201349C1F8B80226
:10428000FFF71EFF10BD10B500200E490860B920D1
:10429000FFF7D8FD01200C49C1F8B802032002F055
:1042A00019FB10BD10B5002006490860AB20FFF7D0
:1042B000C9FD01200449C1F8B802032002F00AFB3D
:1042C00010BD0000B882404200804042000402401D
:1042D000001802401A00002066653A25780D0A0091
:1042E000860200200020FE490860091D0860091DA3
:1042F0000860091D0860FA4924310860091D08603A
:10430000091D0860F748F649383108600020091D8A
:104310000860704701460020012900D011B9F24B16
:10432000197000E0262070470146ED4A121D106802
:1043300020F0FF0008431060704770B5044606E0A7
:10434000E7483430056805F0450000B100E0F7E7C4
:1043500000BF042004F03AFF20B1042004F041FF24
:10436000032070BD012004F031FF20B1012004F0D2
:1043700038FF0120F5E7DA4810300068A04201D08C
:104380001020EEE740F2FF5004F02BFFD448143029
:10439000006808210840C0B2E3E72DE9FC41074668
:1043A0000D46002600240020009001900820CF49EF
:1043B000086010204860402088600020C8604FF4EA
:1043C00080600861084604F06EFE1020FFF7B5FF1C
:1043D000044614B12046BDE8FC81C54800880004AD
:1043E000C249086037204860402088600020C860CB
:1043F0004FF480600861084604F055FE3720FFF74F
:104400009CFF04460CB12046E5E74FF0FF30B94968
:10441000086008204860302088600220C8600020C2
:10442000086101204861084604F069FE0020AF4998
:10443000086033204860402088600020C8604FF446
:1044400080600861084604F02EFE3320FFF775FFF8
:1044500004460CB12046BEE70DE04FF4001004F016
:10446000B5FE40B19E48803000684DF82600761CAD
:10447000022E00D307E09A483430006840F22A61E7
:1044800008400028E9D000BF082004F09FFE20B1BA
:10449000082004F0A6FE04209DE7022004F096FE0A
:1044A00020B1022004F09DFE022094E7202004F0B9
:1044B0008DFE20B1202004F094FE06208BE74FF4FF
:1044C000007004F083FE28B14FF4007004F089FE00
:1044D000072080E740F2FF5004F083FE00980006BA
:1044E000009901F47F4140EA0120009901F47F0125
:1044F00040EA1120009940EA1160686001980006C6
:10450000019901F47F4140EA0120019901F47F0102
:1045100040EA1120019940EA1160286020465AE7DC
:104520007CB50546002400200090019000260DB1C6
:10453000022600E000266A481430006800F000708F
:1045400008B10E207CBD6A49098888B26946FFF728
:1045500024FF04460CB12046F4E7019800F48020C3
:1045600060B36348008800046049086037204860F1
:10457000402088600020C8604FF4806008610846D1
:1045800004F091FD3720FFF7D8FE04460CB1204619
:10459000D8E75648066006205449486040208860A5
:1045A0000020C8604FF480600861084604F07BFD7D
:1045B0000620FFF7C2FE04462046C3E72520C1E7D8
:1045C00070B5044600254C480078032802D1272501
:1045D000284670BD4848007838B14748007801281F
:1045E00003D045480078022819D1B4F5805F02D184
:1045F00027252846EDE7E0B2FFF792FF054675B99B
:104600003748001D006820F4C0503549091D086076
:10461000084600682043086008460068086028468D
:10462000D7E710B504463148046007202F49486099
:10463000402088600020C8604FF480600861084610
:1046400004F031FD0720FFF778FE10BDF0B50146FC
:1046500000200022284B1B7881F85630244B1B8801
:10466000A1F85430254B1B681A0E93090B70C2F346
:1046700083034B7002F003038B70204B1B68C3F362
:104680000742CA701D4B1B88C3F307220A711B4BDC
:104690001A784A715B681A0E1301CB80174B5B685E
:1046A000C3F30742CB8843EA1213CB8002F00F0317
:1046B0000B72124B9B88C3F30722D3094B72C2F3D0
:1046C00080138B72C2F34013CB72C2F300130B73CF
:1046D00000234B73084B1B78C3B1074B1B780FE0CB
:1046E000002C0140FF07C00024000020A012002081
:1046F00020000020B41200201C000020CC1200205A
:10470000012B03D0FE4B1B78032B4FD193071B0DBE
:104710000B61FC4B1A790B6943EA82030B61F94B7D
:104720009B681A0E0B6943EA92130B61C2F3C20332
:104730000B7502F007034B75F24B9B68C3F30742FE
:1047400053098B75C2F38203CB7593075B0F0B760E
:10475000EC4B1B89C3F307220B7E43EAD2130B7683
:104760000B695B1C0024C1E912340B7E9B1C0126E3
:1047700006FA03F3DE17D1E91245A4FB037C05FB1F
:1047800003C304FB0633C1E912730C7A0123A3406F
:104790000B650024D1E912560B6DA5FB037C06FBCB
:1047A00003C305FB0433C1E912732CE0D44B1B781F
:1047B000022B28D1D34B1A7993069B0A0B61D14B5C
:1047C0009B681A0E0B6943EA02230B61CD4B9B6871
:1047D000C3F307420B6913430B61CA4B1B89C3F335
:1047E00007220B695B1C4FF40074A3FB04356600C1
:1047F0000027A3FB064C05FB06C503FB0753C1E9D5
:10480000124373100B65C2F3801301F8193F93062E
:104810005B0E4B70BB4B1A7A4B7843EAD2134B704A
:1048200002F07F038B70B74BDB681A0ED309CB7095
:10483000C2F341130B71C2F382034B7193071B0F39
:104840008B71B04BDB68C3F307428B7943EA921359
:104850008B71C2F34013CB7100230B7202F0010382
:104860004B72A84B9B89C3F30722D3098B72C2F307
:104870008013CB72C2F340130B73C2F300134B735C
:10488000C2F381038B7302F00303CB739D4B1A7B3E
:1048900053080B7401234B749B4B1B681A0ECA748C
:1048A0001939994B1B68C3F307421402CC85964B08
:1048B0001B88C3F30722CB8D1343CB85924B1A7809
:1048C00014060C635B681A0E0B6B43EA02440C631C
:1048D0008D4B5B68C3F307420B6B43EA02240C6306
:1048E000894B9B88C3F307220B6B13430B63864BE7
:1048F0001A7934235A54844B9B681A0E35235A5420
:10490000814B9B68C3F3074214068C637E4B1B8963
:10491000C3F307228B6B43EA02448C637A4B1A7A07
:104920008B6B43EA02248C63774BDB681A0E8B6B2C
:1049300013438B63744BDB68C3F307423C235B5C1C
:1049400043EA12143C235C5413071C0DCC876E4BB6
:104950009B89C3F30722CB8F1343CB876A4B1A7B08
:10496000540840235C54012441235C54F0BD70B5CD
:1049700000264FF4803505E06448046804F04500E3
:1049800000B103E0281EA5F10105F5D100BF15B166
:1049900004F0040028B10326042004F022FC304671
:1049A00070BD012004F012FC18B10126012004F0B2
:1049B00018FC40F2FF5004F014FC3046F0E72DE9FB
:1049C000F04105460E464FF0000805E04F480768E5
:1049D00007F0450000B100E0F8E700BF042004F054
:1049E000F5FB28B1042004F0FCFB0320BDE8F081B6
:1049F000012004F0EBFB20B1012004F0F2FB0120C8
:104A0000F4E7424824380068A84201D01020EDE7BE
:104A100040F2FF5004F0E5FB3C482038046804F401
:104A2000604018B9200C30804046DFE704F40050A5
:104A300008B11320DAE704F4804008B11020D5E76C
:104A400004F4004008B10F20D0E74046CEE738B567
:104A500000240120009004F020FB10B925242046FA
:104A600038BD27480078042825D000202849086050
:104A700002204860C02088600020C8604FF4806039
:104A80000861084604F00FFBFFF771FF04460CB104
:104A90002046E5E71D48203800681B4908601B4890
:104AA0001C38006848601948183800688860174842
:104AB00014380068C8601248007858B1104800786F
:104AC000012807D00E480078062803D00C4800784B
:104AD000022821D100200E490860032048604020B0
:104AE00088600020C8604FF480600861084604F0C8
:104AF000DAFA69460320FFF762FF044664B109E071
:104B00001C000020CC120020DC120020342C0140BC
:104B1000A01200202046A3E7FE480078032816D103
:104B2000BDF800000004FC490860032048604020F4
:104B300088600020C8604FF480600861084604F077
:104B4000B2FAFFF714FF04460CB1204688E7F1489B
:104B5000007804282AD0BDF80000F0490860BDF8AC
:104B600000000004EC49086009204860C02088600B
:104B70000020C8604FF480600861084604F093FA92
:104B8000FFF7F5FE04460CB1204669E7E4480068EB
:104B9000E4490860E248001D00684860E0480830C9
:104BA00000688860DE480C300068C860002057E765
:104BB00010B506E0DA482030046804F0450000B182
:104BC00000E0F7E700BF042004F000FB20B1042060
:104BD00004F007FB032010BD40F2FF5004F001FB7E
:104BE0000020F8E770B500264FF4803506E0CC4889
:104BF0002030046804F0450000B103E0281EA5F150
:104C00000105F4D100BF15B104F0040028B103265A
:104C1000042004F0E6FA304670BD04F0400018B1FC
:104C20000026402004F0DDFA3046F5E770B5002597
:104C30004FF4803404E0802004F0C8FA00B103E0AF
:104C4000201EA4F10104F6D100BF0CB9032070BDF1
:104C500040F2FF5004F0C5FA2846F8E72DE9F04786
:104C60000027002400260025A046A1467620AE4954
:104C700008750020086048608860C86008610846C0
:104C800004F0E7F9032004F004FAA548103800689E
:104C900040F48070A2491039086000BF12E0002083
:104CA0009D49086048608860C8604FF48060086172
:104CB000084604F0F8F9FFF7B9FF044604B903E029
:104CC000781CC7B24A2FEADB00BF14B12046BDE80A
:104CD000F0874FF4D5709049086008204860402064
:104CE00088600020C8604FF480600861084604F0C6
:104CF000DAF9FFF777FF044624B9012085490870E7
:104D00004FF08049002084490860372048604020E7
:104D100088600020C8604FF480600861084604F095
:104D2000C2F93720FFF709FB0446002C4BD134E0D1
:104D300000207949086037204860402088600020C2
:104D4000C8604FF480600861084604F0ACF9372071
:104D5000FFF7F3FA04460CB12046B8E7734849EA76
:104D600000006D49086029204860402088600020CC
:104D7000C8604FF480600861084604F094F9FFF7BA
:104D800017FF04460CB12046A1E7654806680120DC
:104D900080EAD67080F001086D1CB8F1000F03D1D5
:104DA0004FF6FF708542C3D34FF6FF70854202D3A2
:104DB0001B2420468BE706F08040061E32D00220DE
:104DC000544908702EE01CE05948534908600120FE
:104DD0004860402088600020C8604FF4806008610F
:104DE000084604F060F9FFF7E3FE04460CB12046E4
:104DF0006DE74B480668012080EAD67080F0010814
:104E00006D1CB8F1000F03D14FF6FF708542DBD364
:104E10004FF6FF70854202D31B24204657E703203C
:104E20003C490870204652E73EB500240025012188
:104E3000404802F0F3FC0121C80202F049FD0121C3
:104E4000C80202F09AFD4FF4F850019002208DF84C
:104E500008008DF8090000208DF80A0001208DF867
:104E60000B0001A9344801F057FF0420019001A96B
:104E7000324801F051FF0C2208212F4801F0D7FFE2
:104E80000C2209212C4801F0D2FF0C220A212A48C9
:104E900001F0CDFF0C220B21274801F0C8FF0C22A6
:104EA0001146254801F0C3FF0C220221234801F0DE
:104EB000BEFF00214FF4006002F05FFDFFF712FA21
:104EC00031208DF8000000208DF801008DF80200DF
:104ED00001208DF80300684601F02DFEFFF7BEFEAD
:104EE000044614B9FFF7B3FD04461CB91448FFF794
:104EF000ADFB044634B91249B1F854100804FFF769
:104F000090FB044624B94FF40060FFF759FB0446B8
:104F1000E4B117E01C000020A012002020000020B7
:104F2000142C0140CC1200208812002000001080B8
:104F30000080FF800C00400000080240000C02408E
:104F4000F0120020FE480078032812D1FD4890F8A6
:104F5000560020B1FB4890F85600012801D10225E7
:104F600000E000252846FFF7DFF90020FFF7D2F91F
:104F7000044620463EBD10B5002004F08AF800200B
:104F800010BD70B590B004460E46154600BFEE4801
:104F900004F06BFA0028FAD1EB4804F03DF94FF029
:104FA00000600190E9480290039404950020059068
:104FB00006904FF480600790800008908000099070
:104FC00000200A904FF440300B9004200C900320F6
:104FD0000D904FF400000E9080100F9001A9DA4858
:104FE00004F0BCF92021D84804F008FA0121D64881
:104FF00004F0EEF910B070BD0146002002E0491047
:10500000421CD0B20129FAD170472DE9F84F8146F0
:10501000174698460A9C4FF0000AD3464D464FF07B
:10502000FF36B9F1000F02D12620BDE8F88F00202D
:10503000C64954390860C2480078022805D10402E4
:10504000780A40EAC8574FEA68280020C0498860BB
:105050004860401E0860012048610020C860086167
:10506000084604F04CF8B9486C38006800F000704D
:1050700008B10E20D9E7002C21DDB4F5006F1EDC4D
:10508000601E2040D8B92046FFF7B6FF0090B14817
:1050900004601020AF494860402088600020C8604C
:1050A0004FF480600861084603F0FDFF1020FFF711
:1050B00044F98246BAF1000F03D05046B5E72620E6
:1050C000B3E700980001A2498860084644604FF0A9
:1050D000FF300860012048610220C860002008619C
:1050E000084604F00CF89B48076011209949486075
:1050F000402088600020C8604FF480600861084646
:1051000003F0D1FF1120FFF718F98246BAF1000F22
:1051100001D0504689E79048007800285AD1FBF723
:10512000B4F817E04FF4004004F050F870B14FF0BD
:10513000000B05E08548006845F82B000BF1010BDA
:10514000BBF1080FF6D32035844E03E00EB90420DE
:105150006BE7761E7D484C38006840F22A610840B3
:105160000028DFD0082004F031F820B1082004F036
:1051700038F8042059E7022004F028F820B1022072
:1051800004F02FF8022050E7202004F01FF820B18F
:10519000202004F026F8062047E74FF4007004F0C2
:1051A00015F828B14FF4007004F01BF807203CE715
:1051B00003E06648006828602D1D4FF4001004F0DD
:1051C00005F80028F5D1FBF762F840F2FF5004F033
:1051D00008F839E060480078012835D1002060499E
:1051E0000870604908706049087058484438006881
:1051F00040F22A310843554944390860534854382D
:10520000006840F0080051495439086000222146E6
:105210004846FFF7B6FE00E0761E4B485838006857
:1052200000F0006038B95048007820B94C48007848
:1052300008B9002EF0D10EB90420F6E648480078EF
:1052400010B1474890F800A05046EEE62DE9FF5F08
:1052500017469846DDE90E464FF00009CA464FF062
:10526000FF354249009808600020384954390860E9
:1052700033480078022805D10402780A40EAC8576A
:105280004FEA68280020324988604860401E086064
:10529000012048610020C8600861084603F02FFF24
:1052A0002A486C38006800F0007018B10E2004B075
:1052B000BDE8F09F002C21DDB4F5006F1EDC601E00
:1052C0002040D8B92046FFF797FE83462148046066
:1052D000102020494860402088600020C8604FF4BA
:1052E00080600861084603F0DEFE1020FFF725F815
:1052F0008146B9F1000F03D04846D8E72620D6E70B
:10530000012E6ED906FB04F0B0F1007F01D32620F8
:10531000CDE74FEA0B100E49886006FB04F04860A9
:105320004FF0FF300860012048610220C860002073
:105330000861084603F0E3FE06480760122017E004
:105340001C000020F012002058640240802C014014
:10535000B4120020A012002024000020FFFF7F00D4
:105360002600002025000020270000202800002023
:10537000F9494860402088600020C8604FF4806090
:105380000861084603F08FFE1220FEF7D6FF814623
:10539000B9F1000F01D0484689E7F04800780028AD
:1053A0007ED1FAF772FF1EE04FF4004003F00EFFCB
:1053B000A0B14FF0000A07E0E9480068E949096830
:1053C00041F82A000AF1010ABAF1080FF4D3E548BE
:1053D00000682030E3490860E34D04E015B904207B
:1053E00065E7AEE06D1EDE484C38006840F22A31B9
:1053F00008400028D8D0082003F0E8FE20B108209B
:1054000003F0EFFE042052E7022003F0DFFE20B19C
:10541000022003F0E6FE022049E7202003F0D6FE3A
:1054200020B1202003F0DDFE062040E74FF400709D
:1054300003F0CCFE28B14FF4007003F0D2FE072039
:1054400035E709E0C6480068C64909680860C548EC
:105450000068001DC34908604FF4001003F0B6FE59
:105460000028EFD14FF4807003F0B0FE20B3BF48A6
:10547000007838B1BD480078012803D0BB480078D7
:10548000022819D10020B44908600C20486040204F
:1054900088600020C8604FF480600861084600E022
:1054A00011E003F000FE0C20FEF747FF8146B9F142
:1054B000000F01D04846FAE6FAF7E9FE40F2FF5045
:1054C00003F08FFE3DE0A5480078012839D1002087
:1054D000A74908700120A74908700020A649087054
:1054E0009F484438006840F22A3108439C494439B7
:1054F00008609B485438006840F0080098495439C7
:10550000086006FB04F100220098FFF73AFD00E076
:105510006D1E9A48006800F0006008B9002DF7D1B0
:105520000DB90420C3E600BF9348007818B990482D
:1055300000780028F8D08E48007810B18C4890F898
:1055400000904846B3E61CB5044600200190009048
:105550008B4800880004804908600D204860402086
:1055600088600020C8604FF480600861084603F03E
:105570009AFD7B484C380068009003E078484C382E
:1055800000680090009800F045000028F6D0012047
:1055900003F01CFE20B1012003F023FE01201CBDFE
:1055A000042003F013FE20B1042003F01AFE0320B0
:1055B000F5E76B48703800680D2801D01020EEE741
:1055C00040F2FF5003F00DFE65486C380068019012
:1055D0000198C0F3432020700020E0E72DE9FF5F31
:1055E00086B017469846149D00260020059004902A
:1055F000002481460390824602900195DDF818B0A0
:10560000DDF818B0BBF1000F03D126200AB0BDE8C9
:10561000F09F00205249543908605A498860486018
:10562000401E0860012048610020C86008610846EB
:1056300003F065FD4A486C38006800F0007008B15E
:105640000E20E3E749480078022805D10502780AD0
:1056500040EAC8574FEA6828002D1FDDB5F5006FF6
:105660001CDC681E2840C8B92846FFF7C5FC059019
:105670003948056010203849486040208860002083
:10568000C8604FF480600861084603F00CFD1020EC
:10569000FEF753FE06461EB13046B7E72620B5E7B3
:1056A0003748008800042C4908600D2048604020DD
:1056B00088600020C8604FF480600861084603F0ED
:1056C000F2FC0D20FEF739FE06460EB130469DE78E
:1056D00023486C38006803904FF0FF341CE0641ED0
:1056E0002748008800041C4908600D2048604020BD
:1056F00088600020C8604FF480600861084603F0AD
:10570000D2FC0D20FEF719FE06460EB130467DE7AD
:1057100013486C3800680390039800F4807008B94F
:10572000002CDCD10CB9292070E70B480760182049
:1057300009494860402088600020C8604FF48060BC
:105740000861084603F0AFFC1820FEF7F6FD064698
:10575000D6B130465AE70000A012002024000020F5
:10576000802C014028000020FFFF7F001C0000204B
:1057700026000020250000202700002000640240B1
:1057800020000020B41200200020F849087005987D
:105790000001F7498860084645604FF0FF30086017
:1057A000012048610020C8600861084603F0A7FC9A
:1057B0004FF0FF34EF48007800287CD1FAF765FD00
:1057C00043E04FF4804003F001FDC8B30198A0EB23
:1057D0000900202821D20198A0EB090000F0030065
:1057E00020B90198A0EB0900800804E00198A0EB23
:1057F00009008008401C02904FF0000A09E0DE49D1
:10580000DBF8000008600AF1010A0BF1040B09F152
:10581000040902988245F2D30FE04FF0000A05E038
:105820005BF82A00D44908600AF1010ABAF1080FAE
:10583000F6D30BF1200B09F120096FF0404404E08E
:10584000FFE70CB90420E1E6641ECB484C38006841
:1058500040F21A6108400028B3D0082003F0B6FCDB
:1058600020B1082003F0BDFC0420CFE6022003F0A5
:10587000ADFC20B1022003F0B4FC0220C6E61020EB
:1058800003F0A4FC20B1102003F0ABFC0520BDE622
:105890004FF4007003F09AFC30B14FF4007003F045
:1058A000A0FC0720B2E606E0FAF7F1FC40F2FF5058
:1058B00003F097FC43E0AF48007801283FD1002077
:1058C000AE490870A9490870AD490870AA48443823
:1058D000006840F21A310843A74944390860402261
:1058E00029460698FFF74DFBA3485438006840F05E
:1058F0000800A1495439086000E0641EA14800680E
:1059000000F0006008B9002CF7D11CB9FFF78CFA41
:1059100004207BE64FF0FF3400E0641E98480078D6
:1059200020B99648007808B9002CF6D10CB90420AB
:105930006CE69248007810B19048007866E640F234
:10594000FF5003F04EFC04A8FFF7FDFD064603E000
:1059500004A8FFF7F8FD06463EB99DF81000072899
:10596000F6D09DF810000628F2D030464EE62DE91C
:10597000FF5F84B0DDE9124700260020039002900B
:10598000002580468146019007FB04FBDDF810A04E
:10599000DDF810A0BAF1000F03D1262008B0BDE851
:1059A000F09F00207449543908607149886048604C
:1059B000401E0860012048610020C8600861084658
:1059C00003F09DFB6C486C38006800F0007008B173
:1059D0000E20E3E76C480078022808D10402DDE9D4
:1059E0000601400A40EAC1504912CDE90601002CE7
:1059F0001FDDB4F5006F1CDC601E2040C8B92046D6
:105A0000FFF7FAFA03906148046010205F4948608C
:105A1000402088600020C8604FF48060086108461C
:105A200003F041FB1020FEF788FC06461EB130460D
:105A3000B4E72620B2E7012F6FD907FB04F0B0F1DD
:105A4000007F01D32620A9E74F48007838B14E489F
:105A50000078012803D04C48007802282DD14C480A
:105A60000088000449490860372048604020886069
:105A70000020C8604FF480600861084603F013FB03
:105A80003720FEF75AFC06460EB1304686E73F48FF
:105A9000076017203D494860402088600020C860AA
:105AA0004FF480600861084603F0FDFA1720FEF706
:105AB00044FC06460EB1304670E73449069808604B
:105AC00019204860402088600020C8604FF4806042
:105AD0000861084603F0E7FA1920FEF72EFC064697
:105AE0000EB130465AE7039800012149886007FB50
:105AF00004F048604FF0FF3008600120486100204A
:105B0000C8600861084603F0FAFA1A4800780028CD
:105B100072D1451EFAF7B9FB54E0F8E04FF480402B
:105B200003F054FBB0B3ABEB0800202833D2ABEB4F
:105B3000080000F0030018B9ABEB0800800803E090
:105B4000ABEB08008008401C01904FF0000909E011
:105B50000949DAF80000086009F101090AF1040AAC
:105B600008F1040801988145F2D324E025000020C3
:105B7000B412002024000020802C014026000020C8
:105B800027000020006402401C000020A01200201A
:105B90002000002012E04FF0000905E05AF829002B
:105BA000F749086009F10109B9F1080FF6D30AF1C4
:105BB000200A08F120086FF0404503E00DB90420E9
:105BC000ECE66D1EEE484C38006840F21A31084091
:105BD0000028A3D0082003F0F9FA20B1082003F030
:105BE00000FB0420DAE6022003F0F0FA28B10220DC
:105BF00003F0F7FA0220D1E640E0102003F0E6FAC5
:105C000020B1102003F0EDFA0520C7E64FF4007034
:105C100003F0DCFA28B14FF4007003F0E2FA072039
:105C2000BCE64FF4807003F0D1FA00B3D548007899
:105C300038B1D4480078012803D0D248007802282F
:105C400015D10020D04908600C20486040208860B1
:105C50000020C8604FF480600861084603F023FA12
:105C60000C20FEF76AFB06460EB1304696E6FAF7C0
:105C70000EFB40F2FF5003F0B4FA48E0C34800784E
:105C8000012844D10020C24908700120C149087090
:105C90000020C1490870BA484438006840F21A31FF
:105CA0000843B7494439086007FB04F140220498CF
:105CB000FFF767F9B2485438006840F00800B0496F
:105CC000543908604FF0FF3500E06D1EB34800689E
:105CD00000F0006008B9002DF7D11DB9FFF7A4F856
:105CE00004205BE64FF0FF3500E06D1EAA48007807
:105CF00020B9A748007808B9002DF6D10DB90420C5
:105D00004CE6A348007810B1A148007846E640F27E
:105D1000FF5003F066FA02A8FFF715FC064603E001
:105D200002A8FFF710FC06463EB99DF808000728B8
:105D3000F6D09DF808000628F2D030462EE610B5C1
:105D40004FF4807003F042FA88B39248007801283B
:105D500014D100208C4908600C20486040208860E5
:105D60000020C8604FF480600861084603F09BF98A
:105D70000C20FEF7E2FA8649087002E00020844910
:105D800008707F484838006840F480707C49483982
:105D90000860081D00684CF23A318843784944395C
:105DA000086001207C4908707948007810BDFFE741
:105DB000022003F00BFA78B1022003F012FA7048C7
:105DC000443800684CF23A3188436D4944390860E0
:105DD00002206F490870E9E7082003F0F7F978B16D
:105DE000082003F0FEF96648443800684CF23A3166
:105DF0008843634944390860042065490870D5E741
:105E0000202003F0E3F978B1202003F0EAF95C48A0
:105E1000443800684CF23A318843594944390860A3
:105E200006205B490870C1E7102003F0CFF978B174
:105E3000102003F0D6F95248443800684CF23A3149
:105E400088434F4944390860052051490870ADE73F
:105E50004FF4007003F0BAF980B14FF4007003F012
:105E6000C0F94748443800684CF23A318843444905
:105E70004439086007204649087097E7002095E7F5
:105E800010B5FFF75CFF10BD70B50446002514B9CE
:105E90002625284670BD4248008800043A4908601B
:105EA0000D204860402088600020C8604FF480606A
:105EB0000861084603F0F7F80D20FEF73EFA0546A4
:105EC0000DB12846E6E72E486C3800682060284669
:105ED000E0E708B5002000906846FFF7D5FF08B15D
:105EE000FF2008BD0098C0F34320FAE72DE9FE4FDC
:105EF00083460C46914600200290002625462C46FB
:105F0000700240EAD5566D020BF00300F0B14FF07D
:105F1000000A18E04FF4007000904FEA4A20471939
:105F200046EBE0733A461F48FFF76FF802904FF4D4
:105F300000721C49584609F0FAFB0BF5007B0AF188
:105F4000010000F0FF0ACA45E4DB16E0B9F1010FD9
:105F500009D14FF400702A46334600905846FFF7A7
:105F600054F8029009E04FF400702A463346CDE918
:105F700000095846FFF76AF902900298BDE8FE8FC3
:105F8000802C01401C000020A012002024000020D2
:105F90002600002025000020270000200064024089
:105FA00020000020481300202DE9FE4F81460C46BA
:105FB000924600200290002625462C46700240EAB8
:105FC000D5566D0209F00300F0B14FF0000B18E058
:105FD0004FF400724946194809F0A9FB4FF40070CC
:105FE00000904FEA4B20471946EBE0733A461348BE
:105FF000FFF7F4FA029009F500790BF1010000F0C7
:10600000FF0BD345E4DB16E0BAF1010F09D14FF4E1
:1060100000702A46334600904846FFF7DFFA0290A8
:1060200009E04FF400702A463346CDE9000A48469D
:10603000FFF79DFC02900298BDE8FE8F48130020F8
:106040001CB50121022001F0E9FB4FF440700090E3
:1060500001208DF8040000208DF8060003208DF843
:10606000050001208DF807006946894800F054FEBC
:106070000120884908608849C1F8A4021CBD10B5F8
:106080008348006820F44020814908600846006881
:1060900040F48020086001207E49091D08607E4987
:1060A000C1F8A002042000F015FC00207949091D68
:1060B0000860042000F00EFC00207749C1F8A0021F
:1060C00010BD10B57248006820F440207049086087
:1060D0000846006840F48020086000206D49086090
:1060E0006D49C1F8A402042000F0F4FB01206949C5
:1060F00008606949C1F8A402042000F0EBFB10BD60
:1061000010B500246248006820F44020604908600F
:1061100008460068086001205E49091D086000F01B
:10612000D9FB01205C49C1F8A00200F0D3FB07E0D5
:10613000601CC4B2FA2C03DDFFF7C3FF012010BDC1
:1061400054487C3800680028F2D15249086000BFEA
:10615000F5E710B500204F4908604D48006820F46D
:1061600040204B4908600846006840F480200860E1
:1061700000204949C1F8A402022000F0ABFB012035
:1061800044490860022000F0A5FB00204249C1F804
:10619000A00210BD10B500203E4908603C480068D0
:1061A00020F440203A4908600846006840F4802006
:1061B000086001203849C1F8A402022000F08AFBDF
:1061C000012034490860022000F084FB002032499D
:1061D000C1F8A00210BD70B504462D48006820F437
:1061E00040202B4908600846006840F48020086081
:1061F000002028490860002517E0E0092549091D0D
:1062000008606006040E022000F064FB01202249B1
:10621000C1F8A002022000F05DFB00201D490860CB
:10622000022000F057FB681CC5B2082DE5DB70BDED
:1062300070B5054600241648006820F44020144933
:106240000860084600680860002616E00020114932
:106250000860022000F03EFB01200F49C1F8A002B7
:106260006006040E0B487C38006808B1601CC4B29C
:10627000012000F02FFB701CC6B2082EE6DB15B91A
:10628000FFF788FF01E0FFF764FF204670BD0000C4
:1062900000040240A0824042008040422DE9FF41BC
:1062A00004460F4615461E460121880301F0FFFAF9
:1062B0000121880301F050FB00214FF4804001F0E0
:1062C0004BFBADF80070ADF80240ADF80460002063
:1062D000ADF8060002200290ADF80C506946614806
:1062E00002F0D6FC012202215E4802F04CFE0121A0
:1062F0005C4802F0B5FDBDE8FF8170B5054600249D
:1063000000260A20B5FBF0F500BF09E004EB84008D
:10631000554931F81000A84200D103E0601CC4B216
:106320000B2CF3D300BF002001F049F90B2C01D155
:10633000012070BD04EB84024B4B03EB42029188B9
:1063400004EB840203EB4202508801F031F9474824
:10635000006840F080604549086000BF434800681D
:1063600000F000600028F9D004EB84003E4901EB06
:106370004000C68804EB840001EB4000008946EA37
:10638000002646F40076374920310E800020D0E701
:1063900070B590B004460E4615460121480501F03F
:1063A0003DFA334802F038FF00BF314803F05DF892
:1063B0000028FAD100902B480C3001900294402024
:1063C00003900495002005904FF4806006904000F3
:1063D0000790800008904011099040020A90002028
:1063E0000B900C900D900E906946214802F0B6FF7C
:1063F000002231461E4803F012F801211C4803F028
:106400001AF8012210211A4803F06FF80F208DF8B6
:106410003C0000208DF83D008DF83E0001208DF8F5
:106420003F000FA800F087FB10B070BD10B51149F8
:106430000F4803F077F8012806D10E490C4803F005
:106440009BF80D480068804710BD10B50121084831
:1064500002F0BEFF10BD10B50021054802F0B8FFE4
:1064600010BD0000003800408615010800380240C9
:1064700070600240208000202C00002070B505468E
:106480000C46FFF7FCFD3420FFF7A5FEFFF738FEB2
:1064900008B1012070BDC4F3002141EA4501C8B232
:1064A000FFF799FEFFF72CFE08B10220F2E7E0B2F9
:1064B000FFF791FEFFF724FE08B10320EAE7FFF79C
:1064C00000FEF44820F815400020E3E71CB5012148
:1064D000062001F0A3F94FF44050009002208DF8FF
:1064E000040000208DF8060003208DF8050001202F
:1064F0008DF807006946E84800F00EFC4C2000903B
:1065000002208DF8040000208DF8060003208DF88D
:10651000050001208DF807006946E04800F0FCFB0B
:1065200005220C21DC4800F082FC05220D21DA480E
:1065300000F07DFC05220321D84800F078FC0522FC
:106540000621D64800F073FC06220221D34800F051
:106550006EFCFFF775FD00210846FFF78FFF04462C
:106560000CB101201CBD1B210120FFF787FF4FF458
:10657000D8710220FFF782FF6C210320FFF77EFF16
:1065800000210620FFF77AFF10212B20FFF776FF6E
:106590004FF480712F20FFF771FF4FF4807130208E
:1065A000FFF76CFF02213120FFF768FF08210A2066
:1065B000FFF764FF08210E20FFF760FF0020D1E7FE
:1065C0000146B44830F81100704770B505460E46D4
:1065D0000320FFF7F5FF044615B144F0030401E082
:1065E00024F0030421460320FFF748FF0220FFF7B1
:1065F000E7FF044616B144F0030401E024F003046D
:1066000021460220FFF73AFF70BD70B5044604F042
:1066100007042F20FFF7D4FF054625F0070545EABC
:1066200004012F20FFF72AFF3020FFF7C9FF05469E
:1066300025F0070545EA04013020FFF71FFF70BD74
:1066400070B5044604F007042F20FFF7B9FF054694
:1066500025F0700545EA04112F20FFF70FFF3020C9
:10666000FFF7AEFF054625F0700545EA041130201E
:10667000FFF704FF70BD2DE9F04105460E461746B1
:106680000220FFF79DFF044615B144F00C0401E021
:1066900024F00C0421460220FFF7F0FE2C20FFF727
:1066A0008FFF044615B144F0330401E024F03304B5
:1066B00021462C20FFF7E2FE1EB10520FFF7C0FFA8
:1066C00002E00020FFF7BCFF1FB10720FFF79DFF8E
:1066D00002E00020FFF799FFBDE8F08170B50646A3
:1066E0000D4600240EB144F001041DB144F0020433
:1066F00044F0140421463220FFF7C0FE2146332027
:10670000FFF7BCFE70BD10B5044604F03F042146FF
:106710002D20FFF7B3FE44F480712E20FFF7AEFE6C
:1067200010BD70B504460D4604F0030405F00305E2
:10673000E00040EA45110420FFF7A0FE70BD70B5EF
:1067400004460D4604F03F0405F03F050CB944F043
:1067500040040DB945F0400521463420FFF78EFE78
:1067600045F480713520FFF789FE70BD10B50446F1
:1067700004F03F040CB944F0400421463620FFF7F2
:106780007DFE44F480713720FFF778FE10BD10B510
:10679000044604F00F0421462920FFF76FFE10BDC8
:1067A00070B505461220FFF70BFF044615B144F4FF
:1067B000807401E024F4807421461220FFF75EFE0D
:1067C00070BD70B506460C4606F00306182C00DDB9
:1067D0001824C4F11800C4B21220FFF7F1FE0546D8
:1067E00005F4807545EA4615254329461220FFF732
:1067F00045FE70BD70B505460C46002605F0030544
:10680000182C00DD1824C4F11800C4B246EA45165D
:10681000264331461320FFF731FE70BD70B50546A3
:106820000C46002605F00305182C00DD1824C4F1E1
:106830001800C4B246EA4516264331461420FFF735
:106840001DFE70BD70B505460C46002605F003051B
:10685000182C00DD1824C4F11800C4B246EA45160D
:10686000264331461520FFF709FE70BD70B5054679
:106870000C46002605F00305182C00DD1824C4F191
:106880001800C4B246EA4516264331461620FFF7E3
:10689000F5FD70BD300000200004024000080240F9
:1068A00010B504466FF0040000F092F9E11704EB14
:1068B0005171C1F3C701394A11701046007800EBDD
:1068C0004001C1EBC0104FF6FF7101EAC00034492E
:1068D000088010BD0146314A12784A434FF0E02348
:1068E0005A6100229A611A46126942F001021A6145
:1068F00000BF4FF0E022106900F001021AB100F46D
:106900008032002AF5D04FF0E022126922F0010215
:106910004FF0E0231A6100229A6170470146204A35
:1069200012884A434FF0E0235A6100229A611A46C6
:10693000126942F001021A6100BF4FF0E0221069B3
:1069400000F001021AB100F48032002AF5D04FF0B5
:10695000E022126922F001024FF0E0231A610022C6
:106960009A61704770B504464FF4077094FBF0F0DD
:10697000C6B24FF4077094FBF0F100FB114085B2F2
:1069800005E04FF40770FFF7C9FF701EC6B2002E76
:10699000F7D115B12846FFF7C1FF70BDA400002054
:1069A000A600002000BF704700BF4C4A128802F0CA
:1069B0004002002AF9D0C2B2484B9A80704710B505
:1069C00088B004460121084600F028FF012110206C
:1069D00000F07EFF07220921414800F028FA072233
:1069E0000A213F4800F023FA4FF4C06006900220CD
:1069F0008DF81C008DF81D0000208DF81E00012070
:106A00008DF81F0006A9364800F086F90294002090
:106A1000ADF80C00ADF80E00ADF81000ADF81400A4
:106A20000C20ADF8120002A92C4801F0B2F80121A7
:106A30002A4801F036F9012240F22551274801F099
:106A4000E6F925208DF8040003208DF805008DF867
:106A5000060001208DF8070001A800F06CF808B0CE
:106A600010BD10B540F225511C4801F00BFA10B3CF
:106A70001A4801F045F9C4B21A48008800F40040F1
:106A8000C8B91848008800F4804060B10A2C03D0CF
:106A900000201449088020E01248008840F400409B
:106AA0001049088019E00D2C06D10E48008840F4EA
:106AB00080400C49088010E00A480088C0F30D00AF
:106AC00009490C5407480088401C064908800846BC
:106AD0000088C72801DD0020088010BD001001409B
:106AE00000000240AC000020481500200948804703
:106AF00009480047FEE7FEE7FEE7FEE7FEE7FEE7A0
:106B0000FEE7FEE7FEE7FEE704480549054A064BB7
:106B100070470000690500088901000830C00120A5
:106B200030C6012030C2012030C201203249014369
:106B3000324A1160704770B5002100230F22C478DB
:106B40001CB32E4C246804F4E064C4F5E064C4F380
:106B50000721C1F10404E3B20A4144789C40E1B248
:106B60008478144021430C07210E254C057861558B
:106B7000047804F01F050124AC4005786D11AD00C8
:106B800005F1E025C5F8004109E0047804F01F058F
:106B90000124AC401B4D0678761145F8264070BDA7
:106BA000194A0A400243154B1B1F1A60704739B13E
:106BB000124A121D12680243104B1B1D1A6006E098
:106BC0000E4A121D126882430C4B1B1D1A6070473F
:106BD000042808D14FF0E021096941F004014FF089
:106BE000E022116107E04FF0E021096921F0040182
:106BF0004FF0E022116170470000FA050CED00E053
:106C000000E400E080E100E080FFFF1F10B50446D3
:106C10009848844208D10121084600F06AFE00210C
:106C2000012000F066FE76E09348844208D10121FD
:106C3000022000F05EFE0021022000F05AFE6AE011
:106C40008E48844208D10121042000F052FE002128
:106C5000042000F04EFE5EE08948844208D1012104
:106C6000082000F046FE0021082000F042FE52E01D
:106C70008448844208D10121102000F03AFE00210E
:106C8000102000F036FE46E07F48844208D1012102
:106C9000202000F02EFE0021202000F02AFE3AE005
:106CA0007A48844208D10121402000F022FE0021D0
:106CB000402000F01EFE2EE07548844208D10121DC
:106CC000802000F016FE0021802000F012FE22E05D
:106CD0007048844208D10121801500F00AFE00218D
:106CE000A01500F006FE16E06B48844208D1012191
:106CF000401500F0FEFD0021601500F0FAFD0AE0ED
:106D00006648844207D10121001500F0F2FD002100
:106D1000201500F0EEFD10BDF0B50A46002100235D
:106D2000002400BF3DE0012505FA01F3156805EADE
:106D300003049C4234D105684F000326BE40B5438E
:106D4000056015794E00B540066835430560157934
:106D5000012D02D01579022D16D185684F0003262A
:106D6000BE40B543856055794E00B54086683543D1
:106D70008560456801268E40B54345604568967933
:106D80008E40B6B235434560C5684F000326BE400D
:106D9000B543C560D5794E00B540C6683543C5607A
:106DA000491C1029BFD3F0BD4FF6FF7101600021CF
:106DB000017141718171C171704708B54FF4803222
:106DC0000092009A0A430092009AC261C161009A3F
:106DD000C261C2690092C269009208BD02460020E9
:106DE00013690B400BB1012000E000207047014601
:106DF000086980B270470246002053690B400BB10E
:106E0000012000E0002070470146486980B27047C9
:106E100001837047418370470AB1018300E04183D9
:106E200070474161704742694A4042617047F0B51E
:106E3000002300244D07ED0E02FA05F3CE1000F1F9
:106E4000200555F826504E07F70E0F26BE40B543D5
:106E5000CF1000F1200646F82750CE1000F1200593
:106E600055F8265045EA0304CE1000F1200545F8F8
:106E70002640F0BD0000024000040240000802402D
:106E8000000C0240001002400014024000180240B2
:106E9000001C024000200240002402400028024062
:106EA00030B943F2DB028100A1F1C0410A6005E084
:106EB00043F2D2028100A1F1C0410A606FF070423A
:106EC000411C8900A1F1C0410A608100A1F1C041CB
:106ED000C1F804217047D0E901121143C26811437F
:106EE000026911434269114382691143C269114326
:106EF000026A1143426A1143826A1143C26A114312
:106F0000026B114302689200A2F1C04211608168D5
:106F100008290BD101688900A1F1C041096841F03D
:106F2000400201688900A1F1C0410A60416B096813
:106F3000426B526841EA0211426B926841EA0221B7
:106F4000426B928941EA0241426B128A41EA025144
:106F5000426B127D41EA0261426B92691143026801
:106F6000521C9200A2F1C0421160C16AB1F5804F7B
:106F70001BD1816B0968826B526841EA0211826BF6
:106F8000926841EA0221826B128A41EA0251826BC5
:106F9000127D41EA0261826B92691143026892009C
:106FA000A2F1C042C2F8041107E06FF0704201681C
:106FB0008900A1F1C041C1F804217047002101609E
:106FC0000221416000218160C160016141618161F4
:106FD000C16101624FF48051416249008162002128
:106FE000C1620163F84941638163704751B1820016
:106FF000A2F1C042126842F001038200A2F1C04235
:10700000136009E08200A2F1C0421268EF4B1A40FF
:107010008300A3F1C0431A60704710280AD11821D9
:107020004FF020421166402151664FF0FC319166CD
:10703000D16610E01821E64A116040214FF020424D
:10704000C2F884104FF0FC31E14A083211604FF071
:107050002042C2F88C10704730B500210022002376
:10706000446844F0080485682C43C5682C430569CE
:107070002C43456944EA4524856944EA4531C4699D
:107080002468C5696D6844EA0524C5692D8944EA08
:107090000544C5692D7B44EA0562046A2468056AD3
:1070A0006D6844EA0524056A2D8944EA0544056AA9
:1070B0002D7B44EA05630468102C05D14FF0204471
:1070C0002166A266E36608E0C14C21604FF02044CF
:1070D000C4F88820BE4C0C34236030BD1021016000
:1070E000002141608160C160016141618161FC21D9
:1070F000C2691160C2695160C2699160C269D160A0
:10710000026A1160026A5160026A9160026AD1608B
:10711000704799B1102808D14FF02042126E42F00A
:1071200004024FF020431A661DE0A94A126842F09B
:1071300004024FF02043C3F8802014E0102809D146
:107140004FF02042126EA14BDB1E1A404FF020433D
:107150001A6608E09E4A12689C4BDB1E1A404FF0EC
:107160002043C3F88020704799B1102808D14FF010
:107170002042126E42F040024FF020431A661DE09A
:10718000934A126842F040024FF02043C3F8802037
:1071900014E0102809D14FF02042126E8B4B3F3B78
:1071A0001A404FF020431A6608E0894A1268874B5C
:1071B0003F3B1A404FF02043C3F880207047014600
:1071C0000020102903D14FF02042506F02E0804A86
:1071D00014321068704718207D4920310860002063
:1071E0000906C1F8A4004FF0FC3079492831086045
:1071F000091D0860091D08607047016841F0100111
:10720000426841EA4221826841EA4231704A2032B2
:107210001160C1680968C268526841EA0221C26807
:10722000128941EA0241C268127B41EA0261684A5E
:1072300028321160016909680269526841EA022135
:107240000269128941EA02410269127B41EA026144
:107250005F4A2C321160416909684269526841EA0B
:1072600002214269128941EA02414269127B41EAE4
:1072700002614FF02042C2F8B01070470021016057
:1072800041608160FC21C2681160C2685160C268BF
:107290009160C268D160026911600269516002693F
:1072A00091600269D160426911604269516042692E
:1072B00091604269D160704748B145492031096801
:1072C00041F004014FF02042C2F8A01009E040490B
:1072D000203109683D4AD21E11404FF02042C2F8C9
:1072E000A010704710B5F2B1102807D14FF020431D
:1072F0005B6E0B434FF02044636632E0B0F5807F55
:1073000008D1334B1B1D1B680B434FF02044C4F8BE
:10731000843026E02E4B24331B680B434FF020446F
:10732000C4F8A4301DE0102807D14FF020435B6E55
:107330008B434FF02044636613E0B0F5807F08D1A3
:10734000234B1B1D1B688B434FF02044C4F8843033
:1073500007E01F4B24331B688B434FF02044C4F8D5
:10736000A43010BD10B5024600200023102A03D11E
:107370004FF02044636E09E0B2F5807F03D1144CD6
:10738000241D236802E0124C2434236803EA01041C
:107390000CB1012000E0002010BD102807D14FF0F3
:1073A0002042526E8A434FF020435A6619E0B0F5EE
:1073B000807F0FD1064A121D12688A434FF0204386
:1073C000C3F884200DE00000F4150108FEFF0F0053
:1073D000800000A0234A12688A434FF02043C3F87C
:1073E000A420704770B50246002000230024002529
:1073F000102A03D14FF02046736E08E0B2F5807F6B
:1074000003D1184E203E336801E0164E336803EA7C
:10741000010403EAD10514B10DB1012000E0002000
:1074200070BD102808D14FF02042526E22EAD102DE
:107430004FF020435A6614E0B0F5807F09D1094A25
:10744000203A126822EAD1024FF02043C3F8842088
:1074500007E0044A126822EAD1024FF02043C3F841
:10746000A4207047A40000A0F948006840F0010083
:10747000F74908600020F64908310860F4480068C0
:10748000F4490840F2490860F348091D0860F348D0
:10749000EF4984310860F0481038091D0860EC4855
:1074A000006820F48020EA4908600020E8490C3197
:1074B0000860E7498C31086070470021E44A921C5B
:1074C000117011460870704710B501460022002364
:1074D00000204A11012A02D1DD4C236808E0022A6B
:1074E00003D1DB4C7034236802E0D94C7434236838
:1074F00001F01F02012494401C400CB1012000E067
:10750000002010BD38B5002000900024002500BFE9
:107510003120FFF7D9FF05460098401C00900098E5
:10752000B0F5A04F01D0002DF2D03120FFF7CCFFF5
:1075300008B1012400E00024204638BD01460020A7
:10754000C34A106820F0F80040EAC100106070479C
:10755000C349086070470021BD4A70321170117034
:10756000012802D004280AD104E00121B84A70326F
:10757000117005E00521B64A7032117000E000BFBD
:1075800000BF7047B7490860704770B5049C41EA76
:1075900082150126C6EB530645EA0645054345EA32
:1075A0000465AB4E361D356070BDAD490866704749
:1075B000820142EA0172A64B84331A607047A849DF
:1075C0008866704710B5830143EA016343EA02739A
:1075D0009F4C8834236010BDA14908677047A049BB
:1075E000C864704702460020994B0833186820F0A1
:1075F000EC6042EA01031843954B0833186070476A
:1076000002460020924B0833186820F0784042EA86
:10761000010318438E4B0833186070470146002061
:107620008B4A0832106820F003000843106070474E
:1076300087480830006800F00C00704701460020C1
:10764000834A0832106820F0F00008431060704749
:10765000014600207E4A0832106820F4E0500843BA
:107660001060704701460020794A0832106820F403
:10767000604040EAC10010607047F0B50021002270
:107680000024022500260223714F08373F6807F0C7
:107690000C0121B1042905D0082937D105E0724F2A
:1076A000076036E0714F076033E0694F3F1D3F6868
:1076B000C7F38056664F3F1D3F6807F03F036EB12A
:1076C0006A4FB7FBF3F7DFF888C10CF1040CDCF864
:1076D00000C0CCF3881C07FB0CF40CE0624FB7FB36
:1076E000F3F7DFF86CC10CF1040CDCF800C0CCF34C
:1076F000881C07FB0CF4564F3F1D3F68C7F301473A
:107700007F1C7D00B4FBF5F7076002E0564F076071
:1077100000BF00BF4E4F08373F6807F0F00109096E
:10772000534F7A5C0768D7404760494F08373F6836
:1077300007F4E051890A4E4F7A5C4768D74087606A
:10774000434F08373F6807F46041490B484F7A5C64
:107750004768D740C760F0BD002100F44072B2F521
:10776000407F0AD13A4A0832116821F4F811414A9F
:1077700002401143364A08321160354A70321268AD
:10778000C0F30B031A43324B70331A60704735490C
:1077900044390860704733494039086070473649BA
:1077A0000860704701460020294A8C32106820F09A
:1077B0001F004A1E1043264A8C3210607047014653
:1077C0000020234A8C32106820F4F8504A1E40EA08
:1077D00002201F4A8C3210607047014600201C4A6C
:1077E0008C32106820F44010084310607047014646
:1077F0000020174A8C32106820F4400008431060C3
:10780000704701460020124A8C32106820F4403044
:1078100008431060704719490860704739B10C4A35
:107820003032126802430A4B30331A6006E0084ACD
:10783000303212688243064B30331A607047F9B118
:10784000034A343212680243014B34331A601CE09D
:1078500000380240FFFFF6EA10300024003000201C
:1078600000004742800E47420024F40000127A00D4
:10787000AE000020FFFCFF0F5C014742E0114742D1
:107880008F4A126882438E4B1A60704739B18C4A16
:10789000121D126802438A4B1B1D1A6006E0884ABB
:1078A000121D12688243864B1B1D1A60704739B146
:1078B000834A0C3212680243814B0C331A6006E093
:1078C0007F4A0C32126882437D4B0C331A6070473A
:1078D00039B17B4A103212680243794B10331A6077
:1078E00006E0774A103212688243754B10331A60F3
:1078F000704739B1724A243A12680243704B243BF4
:107900001A6006E06E4A243A126882436C4B243BAC
:107910001A60704739B16A4A203A12680243684BCC
:10792000203B1A6006E0664A203A12688243644BA4
:10793000203B1A60704739B1614A1C3A1268024311
:107940005F4B1C3B1A6006E05D4A1C3A126882439A
:107950005B4B1C3B1A60704739B1594A143A1268A4
:107960000243574B143B1A6006E0554A143A12681A
:107970008243534B143B1A60704739B1504A103A56
:10798000126802434E4B103B1A6006E04C4A103A14
:10799000126882434A4B103B1A60704739B1484A1B
:1079A0001C3212680243464B1C331A6006E0444AFC
:1079B0001C3212688243424B1C331A60704739B143
:1079C0003F4A2032126802433D4B20331A6006E0E2
:1079D0003B4A203212688243394B20331A60704789
:1079E00039B1374A243212680243354B24331A60C6
:1079F00006E0334A243212688243314B24331A6042
:107A0000704739B12E4A2C32126802432C4B2C336A
:107A10001A6006E02A4A2C3212688243284B2C3323
:107A20001A60704739B1264A303212680243244B3B
:107A300030331A6006E0224A303212688243204B0B
:107A400030331A607047012808D11D493C3109685C
:107A500041F008011A4A3C32116007E018493C31F4
:107A6000096821F00801164A3C321160704739B1AB
:107A7000134A273A12780243114B273B1A7006E04B
:107A80000F4A273A127882430D4B273B1A707047F2
:107A90000B484030006840F0807009494031086070
:107AA000704701460020064A283A12680A400AB187
:107AB000012000E000207047014926390870704716
:107AC0003438024010B50446FA48844208D10121F6
:107AD0001020FFF752FF00211020FFF74EFF57E064
:107AE000F548844209D101214804FFF735FF002100
:107AF0004FF40030FFF730FF4AE0F048844209D1EC
:107B000001218804FFF728FF00214FF48020FFF7B0
:107B100023FF3DE0EA48844209D10121C804FFF770
:107B20001BFF00214FF40020FFF716FF30E0E5486F
:107B3000844209D101210805FFF70EFF00214FF40F
:107B40008010FFF709FF23E0DF48844208D10121BC
:107B50002020FFF712FF00212020FFF70EFF17E083
:107B6000DA48844209D101218807FFF7F5FE002198
:107B70004FF08040FFF7F0FE0AE0D548844207D17D
:107B800001214005FFF7E8FE00216005FFF7E4FE54
:107B900010BD2DE9FF4705460E460024A14600BF53
:107BA000A046B08900B100BF2C8A24F44054F0886C
:107BB00004432C82AC8941F20C608443B088318943
:107BC0000843718908430443AC81AC8A24F44074AF
:107BD000B0890443AC826846FFF74FFDB548854243
:107BE00002D0B948854202D1DDF80C9001E0DDF801
:107BF0000890A88900F4004040B109EBC90000EBEF
:107C0000091031684900B0FBF1F707E009EBC90042
:107C100000EB091031688900B0FBF1F76420B7FB75
:107C2000F0F004012009642101FB1078A88900F418
:107C3000004040B1322000EBC800B0FBF1F000F092
:107C40000700044308E0322000EB08106421B0FB79
:107C5000F1F000F00F0004432C81BDE8FF874FF4E2
:107C60001651016000218180C18001810C21418178
:107C700000218181704710B502460020108A20F44F
:107C800070600B884C8823438C882343CC88234323
:107C90001843108210BD0021018041808180C18085
:107CA000704721B1828942F40052828104E08289C6
:107CB0004DF6FF731A4082817047028B02F47F42B7
:107CC0000283028B0A430283704721B1828942F406
:107CD0000042828103E08289C2F30E0282817047F2
:107CE00021B1828A42F40062828204E0828A4FF2E9
:107CF000FF731A4082827047C1F308028280704786
:107D000001468888C0F308007047028A4FF6F07376
:107D10001A400282028A0A430282704721B1828994
:107D200042F00202828104E082894FF6FD731A401C
:107D30008281704782894FF2FF731A408281828963
:107D40000A4382817047028A4FF6DF731A4002822B
:107D5000028A0A430282704721B1028A42F48042B9
:107D6000028204E0028A4BF6FF731A4002827047D7
:107D7000818941F001018181704721B1828A42F0FD
:107D80000802828204E0828A4FF6F7731A408282E8
:107D90007047028BD2B20283028B42EA0122028335
:107DA000704721B1828A42F02002828204E0828AF6
:107DB0004FF6DF731A408282704721B1828A42F007
:107DC0001002828204E0828A4FF6EF731A408282A8
:107DD0007047828A4FF6FB731A408282828A0A4376
:107DE0008282704721B1828A42F00202828204E0DC
:107DF000828A4FF6FD731A40828270471AB1838AD5
:107E00000B43838202E0838A8B4383827047F0B501
:107E10000346002400260025002040F66A17B942D8
:107E200000D100BF1846C1F3421401F01F0601271C
:107E300007FA06F5012C01D10C3004E0022C01D127
:107E4000103000E014301AB107682F43076002E0D9
:107E50000768AF430760F0BD02460020B1F5007F20
:107E600000D100BF13880B400BB1012000E00020BF
:107E7000704701F40072B2F5007F00D100BFCA4321
:107E80000280704770B502460024002300250020C0
:107E900040F66A16B14200D100BFC1F3421501F0AD
:107EA0001F03012606FA03F3012D13D196893340EF
:107EB00017E000000010014000440040004800406E
:107EC000004C004000500040001401400078004089
:107ED000007C0040022D02D1168A334001E0968AD0
:107EE00033400C12012606FA04F41688344013B10C
:107EF0000CB1012000E0002070BD10B5002200236D
:107F000040F66A14A14200D100BF0A120124944035
:107F1000A3B2DC43048010BD10B50446FE48844281
:107F200008D101210846FFF728FD00210120FFF7B5
:107F300024FD9DE0B4F1804F08D101210846FFF7F0
:107F40000BFD00210120FFF707FD91E0F34884427B
:107F500008D101210220FFF7FFFC00210220FFF7DA
:107F6000FBFC85E0EE48844208D101210420FFF7A4
:107F7000F3FC00210420FFF7EFFC79E0E94884429C
:107F800008D101210820FFF7E7FC00210820FFF7B6
:107F9000E3FC6DE0E448844208D101211020FFF7A2
:107FA000DBFC00211020FFF7D7FC61E0DF488442B2
:107FB00008D101212020FFF7CFFC00212020FFF76E
:107FC000CBFC55E0DA48844208D101210220FFF7BA
:107FD000D4FC00210220FFF7D0FC49E0D5488442C0
:107FE00009D101210804FFF7C8FC00214FF48030BB
:107FF000FFF7C3FC3CE0D048844209D1012148048A
:10800000FFF7BBFC00214FF40030FFF7B6FC2FE078
:10801000CA48844209D101218804FFF7AEFC00213F
:108020004FF48020FFF7A9FC22E0C548844208D124
:1080300001214020FFF790FC00214020FFF78CFC3D
:1080400016E0C048844208D101218020FFF784FC5B
:1080500000218020FFF780FC0AE0BB48844207D162
:1080600001218015FFF778FC0021A015FFF774FCB3
:1080700010BD00220288A84B98420ED0AC4B98420B
:108080000BD0B0F1804F08D0A44B984205D0A44B40
:10809000984202D0A34B984204D14FF68F731A40F6
:1080A0004B881A43A04B984207D0A04B984204D06B
:1080B0004FF6FF431A400B891A4302804B68C36294
:1080C0000B880385944B984202D0994B984201D17A
:1080D0008B7A03860123838270474FF0FF31416022
:1080E0000021018001814180817270470185828277
:1080F00070470A46002101884FF68F7319401143DB
:108100000180704741627047C16270470146486A0A
:1081100070470146088D704721B1028842F0020283
:10812000028004E002884FF6FD731A400280704717
:1081300021B1028842F00402028004E002884FF676
:10814000FB731A400280704721B1028842F080021E
:10815000028004E002884FF67F731A400280704765
:1081600002884FF6F7731A40028002880A430280A1
:10817000704702884FF6FF431A40028002880A4384
:108180000280704721B1028842F00102028004E0BF
:1081900002884FF6FE731A400280704770B50024C3
:1081A00000220023058C4FF6FE7635400584028CB4
:1081B0008388048B4FF68F752C40B51E2C400D889C
:1081C0002C43751E2A408D892A434D882A43524DDF
:1081D000A84202D0564DA84213D14FF6F7752A4057
:1081E000CD892A434FF6FB752A408D882A434FF6E6
:1081F000FF652B404FF6FF552B400D8A2B434D8AD0
:108200002B43838004838D684563028470BD70B501
:10821000002400220023058C4FF6EF7635400584BC
:10822000028C8388048B48F6FF752C404FF6FF457F
:108230002C400D884FF6FF7606EA05252C434FF6B5
:10824000DF752A408D8906EA05152A434D8806EA1E
:1082500005152A43304DA84202D0354DA8421DD104
:108260004FF67F752A40CD894FF6FF7606EA051551
:108270002A434FF6BF752A408D8806EA05152A4322
:108280004FF6FF352B404FF2FF752B400D8A06EA63
:1082900085052B434D8A06EA85052B43838004839D
:1082A0008D688563028470BD70B5002400220023B0
:1082B000058C4FF6FF6635400584028C8388848BDD
:1082C0004FF68F752C404FF6FC752C400D882C43D3
:1082D0004FF6FF552A408D894FF6FF7606EA0525B1
:1082E0002A434D8806EA05252A430B4DA84202D0B1
:1082F0000F4DA84238D14FF2FF752A40CD894FF675
:10830000FF7606EA05252A434FF6FF352A408D8879
:1083100006EA05252A4319E0000001400004004058
:1083200000080040000C0040001000400014004015
:108330000004014000400140004401400048014069
:1083400000180040001C0040002000404EF6FF7561
:108350002B404DF6FF752B400D8A06EA05152B4381
:108360004D8A06EA05152B43838084838D68C56397
:10837000028470BD70B5002200230024058C4EF6E7
:10838000FF7635400584038C8488828B48F6FF7520
:108390002A404FF6FF452A400D884FF6FF7606EA41
:1083A00005252A434DF6FF752B408D8906EA0535D4
:1083B0002B434D8806EA05352B43FE4DA84202D0DB
:1083C000FD4DA84208D14BF6FF752C400D8A4FF6A3
:1083D000FF7606EA85152C43848082838D680564C8
:1083E000038470BD00210180418081808160818192
:1083F000C18101824182704770B50346002000248C
:108400001846183001258D40ACB21D8CA5431D8443
:1084100009B108290AD100EB610005684FF68F7693
:10842000354005600568154305600FE00D1FC5F375
:108430004E052844056848F6FF7635400560056816
:108440004FF6FF7606EA02263543056070BD4163AC
:10845000704781637047C1637047016470470A4683
:108460000021018B4FF68F73194011430183704730
:108470000A460021018B48F6FF7319404FF6FF733F
:1084800003EA02231943018370470A460021818BC6
:108490004FF68F7319401143818370470A460021BC
:1084A000818B48F6FF7319404FF6FF7303EA0223EE
:1084B0001943818370470A460021018B4FF6F773F9
:1084C00019401143018370470A460021018B4FF286
:1084D000FF7319404FF6FF7303EA02231943018328
:1084E00070470A460021818B4FF6F77319401143FC
:1084F000818370470A460021818B4FF2FF73194038
:108500004FF6FF7303EA02231943818370470A463B
:108510000021018B4FF6FB73194011430183704713
:108520000A460021018B4FF6FF3319404FF6FF73C7
:1085300003EA02231943018370470A460021818B15
:108540004FF6FB7319401143818370470A4600219F
:10855000818B4FF6FF3319404FF6FF7303EA022376
:108560001943818370470A460021018B4FF67F73C0
:1085700019401143018370470A460021018BC1F362
:108580000E014FF6FF7303EA02231943018370477C
:108590000A460021818B4FF67F7319401143818376
:1085A00070470A460021818BC1F30E014FF6FF731D
:1085B00003EA02231943818370470A460021018C94
:1085C0004FF6FD7319401143018470470A4600219C
:1085D000018C4FF6F77319401143018470470A4626
:1085E0000021018C4FF6DF7319404FF6FF7303EA49
:1085F00002131943018470470A460021018C4FF68B
:108600007F7319404FF6FF7303EA02131943018485
:1086100070470A460021018C4FF6FF5319404FF670
:10862000FF7303EA02231943018470470A460021BD
:10863000018C4FF2FF7319404FF6FF7303EA0223D8
:108640001943018470470A460021018C4DF6FF73DF
:1086500019404FF6FF7303EA023319430184704750
:1086600030B5002301248C40A3B2048C9C430484C5
:10867000048C02FA01F5ADB22C43048430BD30B550
:10868000002304248C40A3B2048C9C430484048CF7
:1086900002FA01F5ADB22C43048430BD828B4FF257
:1086A000FF331A408283828B4FF6FF7303EA012364
:1086B0001A4382837047F0B50C461546002100220C
:1086C0000026078C4EF6FF7C07EA0C070784818B97
:1086D000028C4FF6FF7707EA043640F6FF47394031
:1086E0004FF6FF7707EA052739434FF6FF7707EA8A
:1086F0000337394345F6FF773A4046F480573A430B
:1087000081830284F0BD828B4FF6F3731A4082831B
:10871000828B0A4382837047F0B50C4615460021D0
:1087200000220026078C4FF6FF6C07EA0C0707842F
:10873000818B028C4FF6FF7707EA04264FF60C7701
:1087400039404FF6FF7707EA03172F4339434FF2BB
:10875000FF573A4046F480773A4381830284F0BD64
:10876000028B4FF2FF331A400283028B4FF6FF73E6
:1087700003EA01231A4302837047F0B50C461546FD
:10878000002100220026078C4FF6EF7C07EA0C0739
:108790000784018B028C4FF6FF7707EA041640F638
:1087A000FF4739404FF6FF7707EA033739434FF663
:1087B000FF7703E0000001400004014007EA0527BD
:1087C00039434FF65F773A4046F010073A4301834A
:1087D0000284F0BD028B4FF6F3731A400283028BC2
:1087E0000A4302837047F0B50C461546002100226B
:1087F000068C4FF6FE773E400684018B028C4FF6C6
:108800000C7631407E1C06EA03162E4331434FF6A8
:10881000F576324044F00106324301830284F0BD14
:1088200070B505460C46208850B92389A288618816
:108830002846FFF7D8FFE1882846FFF7CBFF25E061
:10884000208804280AD12389A28861882846FFF756
:1088500094FFE1882846FFF783FF17E02088082867
:108860000AD12389A28861882846FFF755FFE1884D
:108870002846FFF748FF09E02389A2886188284637
:10888000FFF719FFE1882846FFF708FF70BD0021B8
:1088900001804180012181800021C18001817047D8
:1088A0002DE9F04105460C4600260127608808B9ED
:1088B000022600E00026A088012801D1022700E05E
:1088C00001272088A0B92389A28861882846FFF75C
:1088D0008AFFE1882846FFF77DFF23893A46314623
:1088E0002846FFF74AFFE1882846FFF739FF13E0E3
:1088F0002389A28861882846FFF73FFFE188284640
:10890000FFF72EFF23893A4631462846FFF76BFFD3
:10891000E1882846FFF75EFFBDE8F0810146486B1D
:1089200070470146886B70470146C86B7047014627
:10893000086C70470A884B881A438B881A43CB8887
:108940001A430B891A434B891A438B891A43A0F89F
:10895000442070470021018041808180C1800181D5
:1089600041818181704731B1B0F8442042F4004226
:10897000A0F8442005E0B0F84420C2F30E02A0F8AD
:108980004420704721B1828842F00402828004E0D2
:1089900082884FF6FB731A408280704721B182882B
:1089A00042F00102828004E082884FF6FE731A4092
:1089B000828070471AB183890B43838102E08389E7
:1089C0008B43838170478182704702460020138A5F
:1089D0000B400BB1012000E000207047CA43028227
:1089E000704730B50246002000230024158A05EAAE
:1089F0000103958905EA010413B10CB1012000E0DF
:108A0000002030BDCA430282704741EA0203A0F849
:108A1000483070471AB183890B43838102E0838910
:108A20008B438381704721B1828842F008028280A3
:108A300004E082884FF6F7731A40828070470189FC
:108A40004FF6F8721140018170470A4600210189F2
:108A50004FF68F73194011430181704730B50446BA
:108A60000D4629462046FFF7F0FF208940F0070019
:108A7000208130BD2DE9F04104460D4616461F46C3
:108A8000602D06D13B46012231462046FFF775FE98
:108A900005E03B46012231462046FFF7A4FE294669
:108AA0002046FFF7D2FF208940F007002081BDE873
:108AB000F08130B50C4600210189C9B24FF6FF752F
:108AC00005EA0325154325432943018130BD2DE9DE
:108AD000F04105460E4617469846002443463A465E
:108AE00031462846FFF7E5FF2C894FF6F870044021
:108AF00044F007044FF68F70044044F070042C815A
:108B0000BDE8F081F0B504460D4616461F463B46CB
:108B1000324629462046FFF7CCFF208940F48040AA
:108B20002081F0BD82884FF68F731A408280828840
:108B30000A438280704702894FF6F8731A40028117
:108B400002890A430281704702894FF67F731A40F7
:108B5000028102890A4302817047F0B50C4615462E
:108B60001E460021002200230189028B038C4FF650
:108B7000F877394021434FF6FC473A4040F201175D
:108B80003A434FF6DD773B404FF6FF7707EA06178B
:108B90002F433B43018102830384F0BD21B18288CE
:108BA00042F08002828004E082884FF67F731A4090
:108BB00082807047A0F850107047000010B504463E
:108BC000FB48844208D101218014FEF7D6FE002123
:108BD000A014FEF7D2FE3CE0F648844208D1012101
:108BE0000014FEF7B9FE00212014FEF7B5FE30E0B8
:108BF000F148844208D10121C013FEF7ADFE0021E7
:108C0000E013FEF7A9FE24E0EC48844208D10121DC
:108C10004014FEF7B2FE00216014FEF7AEFE18E02D
:108C2000E748844209D101210805FEF7A6FE00218C
:108C30004FF48010FEF7A1FE0BE0E248844208D119
:108C400001214805FEF799FE00214FF40010FEF7C0
:108C500094FE10BD10B50022028802F441520B8828
:108C60004C8823438C882343CC8823430C8923439B
:108C70004C8923438C892343CC8923431A430280A4
:108C8000838B4FF2FF74234083830B8A038210BDD2
:108C90002DE9F04F0025022300244FF001090022A6
:108CA0000026002794469046B0F81CA04FF2400BD7
:108CB0000AEA0B0AA0F81CA04FF0020AA0F820A0B4
:108CC000858BD1F808A0BAF1020F01D100BF82E074
:108CD000B1F804A0BAF1000F02D14FF0010901E090
:108CE0004FF00209DFF8E0A2DAF800A00AF4000A67
:108CF000BAF1000F09D0DFF8D0A2DAF800A02AF408
:108D0000000ADFF8C4B2CBF800A0DFF8BCA20AF179
:108D10007C0ADAF800A0CAF3881CDFF8ACA20AF1DA
:108D20007C0ADAF800A0CAF30278DFF89CA2AAF164
:108D3000040ADAF800A00AF03F07DFF88CA2AAF1D3
:108D4000040ADAF800A00AF4800ABAF5800F08D104
:108D5000DFF878A2BAFBF7FA0AFB0CFABAFBF8F6CE
:108D600007E0DFF86CA2BAFBF7FA0AFB0CFABAFBD1
:108D7000F8F6B1F806A0BAF5007F0ED14FEA162A30
:108D80000AEB8A0A4FEA4A0AD1F808B0BAFBFBFAA2
:108D90000AF1050A1FFA8AF20FE04FEA491AB6FBF8
:108DA000FAFA0AEB8A0A4FEA4A0AD1F808B0BAFB83
:108DB000FBFA0AF1050A1FFA8AF24FF00A0AB2FB1F
:108DC000FAF202F00104A2EB040ACAF34F034FF6D1
:108DD000FF7A0AEA0424022B01DBFF2B01DD0223C8
:108DE0000024B1F806A04AEA040A4AEA030AA0F8F5
:108DF00020A0B1F804A0B1F80CB04AEA0B0AB1F80F
:108E000002B04AEA0B0AB1F800B04AEA0B0A4AF487
:108E1000006A4AEA05058583BDE8F08F00210180DC
:108E200041808180C180018141818181C18107218F
:108E3000018270470021018041808180C180022130
:108E4000816000218181704721B1028842F0400297
:108E5000028004E002884FF6BF731A400280704718
:108E600021B1828B42F48062828304E0828B4FF6D0
:108E7000FF331A408283704702884FF2FF731A4013
:108E8000028002880A4302807047B1F5804F04D106
:108E9000028842F48042028004E002884BF6FF73AD
:108EA0001A40028070474FF6FF62914204D0028858
:108EB00042F48072028004E002884FF6FF631A4099
:108EC0000280704721B1828842F00402828004E06F
:108ED00082884FF6FB731A408280704721B18288E6
:108EE00042F01002828004E082884FF6EF731A404D
:108EF0008280704730B500220023848B4FF24005FA
:108F00002C40848302240484828B0C88B4F5007F77
:108F100001D00C8814B94FF4807308E00C88B4F5C4
:108F2000407F03D00C88B4F5807F00D100238C886B
:108F30008D892C434D882C431C4344F40064224308
:108F4000828330BD0146888970478181704721B195
:108F5000028842F40052028004E002884DF6FF735A
:108F60001A4002807047018841F4805101807047A7
:108F700002460020012901D0108B00E0908A704742
:108F80000146088A70471AB183880B43838002E048
:108F900083888B438380704730B5002400230C11F5
:108FA0000125A540ABB2AAB185881D43858014E098
:108FB0000030014000380040003C004000340140D7
:108FC00000500140005401400838024000127A006D
:108FD0000024F40085889D43858030BD0246002032
:108FE00013890B400BB1012000E000207047CA43F9
:108FF00002817047F0B502460020002400230025BE
:1090000001F00F070126BE40B4B20B1101269E40AD
:10901000B3B2968806EA03051689264016B10DB14B
:10902000012000E00020F0BD10B5002201F00F0487
:109030000123A3409AB2D343038110BD10B501218F
:10904000C802FEF79AFC00214FF40060FEF795FC81
:1090500010BD00216C4A116847F6FF629143027D02
:1090600083681A4343681A43C3681A4303681A4360
:1090700003691A431143644A116070470021017566
:10908000016041608160C160016170475F490860B3
:1090900070475D49091F086070475B48001F006802
:1090A00000F0030070470021574B1B1D02681A6037
:1090B0001A1D11686FF30A01D0E901231A43C3682E
:1090C0001A4303691A4311434F4A0832116070472B
:1090D0000021016041608160C160016170474A48C0
:1090E0000C300068C0B2704708B5014600200090FF
:1090F00045481030084400900098006808BD0021E1
:10910000414B203302681A601B1D42681A601A1D09
:10911000116821F0F701D0E902231A4303691A43C9
:1091200043691A431143384A2832116070474FF09F
:10913000FF310160002141608160C16001614161D6
:10914000704731482C30006870472F487C300068E9
:1091500070472D497C31086070472B4844300068C7
:1091600070472B49086070472949091D08607047FE
:10917000274908310860704725490C31086070475D
:109180002449086070472349091D08607047012180
:109190008143204A0832116070471E490C31086033
:1091A00070471B4914390860704739B1164A383284
:1091B00012680243144B38331A6006E0124A383200
:1091C00012688243104B38331A6070470146002002
:1091D0000D4A303212680A400AB1012000E0002036
:1091E0007047094934310860704701460020064A3B
:1091F000303212680A400AB1012000E000207047B6
:109200000149343108607047042C0140A080254298
:10921000A0852542AC812542016821F00101016051
:109220000021016041608160C160016121214161D3
:10923000DB49884204D13D21D94A103A91608CE043
:10924000D7491831884205D14FF47461D44A103A95
:10925000916082E0D2493031884205D14FF47411D7
:10926000CF4A103A916078E0CD494831884205D123
:109270004FF07461CA4A103A91606EE0C84960319B
:10928000884204D1C749C64A103AD16065E0C44952
:109290007831884204D1C449C14A103AD1605CE0B7
:1092A000BF499031884204D1C049BD4A103AD160CB
:1092B00053E0BB49A831884205D14FF03D51B84A2F
:1092C000103AD16049E0BA49884204D13D21B84AF8
:1092D000083A116041E0B6491831884205D14FF48F
:1092E0007461B34A083A116037E0B14930318842BD
:1092F00005D14FF47411AE4A083A11602DE0AC4923
:109300004831884205D14FF07461A94A083A11608A
:1093100023E0A7496031884204D1A249A44A121F20
:1093200011601AE0A2497831884204D19E49A04ACE
:10933000121F116011E09E499031884204D19B496F
:109340009B4A121F116008E09949A831884204D154
:109350004FF03D51964A121F1160704710B5002220
:109360000268944B1A40CC680B6823434C69234332
:109370008C692343CC6923430C6A23434C6A2343FF
:109380008C6A23434C6B23438C6B23431A43026048
:10939000426922F00702D1E90B3423431A434261A8
:1093A0000B6943604B6883608B68C36010BD00210C
:1093B000016041608160C160016141618161C161A1
:1093C000016241628162C1620163416381637047EE
:1093D00021B1026842F00102026003E0026822F05B
:1093E00001020260704721B1026842F4004202604B
:1093F00003E0026822F400420260704721B1026873
:1094000042F02002026003E0026822F020020260C3
:109410007047416070470146486880B2704722B18A
:10942000036843F40023036003E0036823F400238C
:1094300003600161704721B1026842F4802202603A
:1094400003E0026822F48022026070470AB10161E1
:1094500000E0C1607047014600200A6802F4002263
:109460000AB1012000E000207047014600200A6890
:1094700002F001020AB1012000E00020704701461D
:1094800000204A6902F03800704730B503460A46AA
:1094900000200024464DAB4202D24149103901E080
:1094A0004349103902F000550DB14C6800E00C68DA
:1094B000414D2C4004EA02050DB1012000E00020DE
:1094C00030BD02463A4B9A4202D23548103801E08C
:1094D0003748103801F000531BB1374B0B40C360C5
:1094E00002E0354B0B408360704710B501F08003FC
:1094F0004BB122B1436943F08003436103E0436908
:1095000023F08003436180290BD02AB1036801F066
:109510001E042343036004E0036801F01E04A34318
:10952000036010BD70B50246002000240025204EC7
:10953000B24202D21A4B103B01E01D4B103B1F4EB2
:109540000E4036B11E2606EAD124166806EA040546
:1095500002E0566906F0800501F000560EB15C6825
:1095600000E01C68144E344004EA010616B10DB147
:10957000012000E0002070BD02460D4B9A4202D24D
:109580000748103801E00A48103801F000531BB1B9
:10959000094B0B40C36002E0074B0B4083607047F0
:1095A000106002403D000020400F002000003D20E0
:1095B000106402403F801CF07D0F7D0F3C0F3C0F7C
:1095C00070B503460C4603E014F8015B03F8015B39
:1095D000151EA2F10102F7D170BD30B5034601E0BE
:1095E00003F8011B141EA2F10102F9D130BD10B520
:1095F00004467A4951F824104A00794951F8240068
:109600000021FFF7EAFF774951F8242074490C390B
:1096100051F824000021FFF7E0FF012170480C30D1
:10962000015510BD10B501460023002207E06C482B
:1096300050F8210030F8120000B15B1C521C674842
:1096400050F821009042F2D864205843634C54F8FB
:109650002140B0FBF4F0C0B210BD2DE9F047044644
:109660000F460025A9465E480C30005D20B95C48D5
:1096700014380168204688471FB94FF0FF30BDE815
:10968000F087594850F82400B7FBF0F6564850F8D8
:109690002400B7FBF0F100FB117000B1761C4F48BD
:1096A00050F82400451E20E04D4850F8240030F8C2
:1096B000150010B909F1010901E04FF00009B145A9
:1096C00012D14FF0000808E0454850F8240005EB9F
:1096D000080220F8126008F10108B045F4D34248AE
:1096E00050F824006843CAE76D1E002DDCDA4FF005
:1096F000FF30C4E72DE9F04104460E4638480C30EF
:10970000005D38B936481438016820468847012082
:10971000BDE8F081334850F82400B04217D93248F0
:1097200050F82400B6FBF0F12D4850F8240030F832
:109730001120002507E00023294850F824004F1984
:1097400020F817306D1C9542F5DB0020E0E7022081
:10975000DEE770B505460C4604B970BD20480C38EC
:1097600050F82500261A31462846FFF7C3FF00BFF0
:10977000F3E770B504460E4631462046FFF76DFF0D
:109780000546681C08B9002070BD15480C3850F813
:1097900024002844F8E72DE9F04104460F46164618
:1097A00031462046FFF759FF0546681C10B90020D6
:1097B000BDE8F0810A490C3951F8241048193246A5
:1097C0003946FFF7FDFE39462046FFF7C2FF044841
:1097D0000C3850F824002844EAE70000101601086D
:1097E000D4000020281601081C16010810B58CB002
:1097F00004461E230BAA03A9204600F0A9FE0090F0
:10980000009810B101200CB010BD9DF82C0004444C
:1098100000200B900EE040489DF82C2050F82210BC
:1098200003A800F0FDFD00B908E09DF82C00401CE5
:10983000C0B20B909DF82C000728ECD300BF9DF818
:109840002C00072863D2DFE800F004053C5E656465
:10985000630000BF31A005F093FD31A005F090FD3D
:109860003FA005F08DFD4EA005F08AFD5CA005F03F
:1098700087FD6BA005F084FD79A005F081FD86A031
:1098800005F07EFD8BA005F07BFD90A005F078FD36
:1098900094A005F075FD99A005F072FD9EA005F05D
:1098A0006FFDA4A005F06CFDB0A005F069FDBDA0A2
:1098B00005F066FDC8A005F063FDD4A005F060FDCD
:1098C0009AE216A005F05CFDE0A005F059FD00202D
:1098D0000B900EE0ED4800689DF82C2000EBC200D4
:1098E0004168EBA005F04CFD9DF82C00401CC0B277
:1098F0000B90E648007D9DF82C108842EADC07A01A
:1099000005F03EFD78E205A005F03AFDC4E171E204
:1099100045E219E2ECE10000E40000200D0A00003D
:109920002D2D2D2D2D2D2D2D2D2D2D2D2D2D2D2D67
:109930002D2D2D2D2D2D2D2D55534D41525420566D
:10994000332E312D2D2D2D2D2D2D2D2D2D2D2D2D3C
:109950002D2D2D2D2D2D2D2D2D2D2D200D0A0000E1
:109960002020202055534D415254CAC7D3C9414CE1
:1099700049454E54454BBFAAB7A2B5C4D2BBB8F6B1
:10998000C1E9C7C9B5C4B4AEBFDAB5F7CAD4BBA57F
:10999000BDBBD7E9BCFE2CCDA8B9FD200D0A000047
:1099A000CBFC2CC4E3BFC9D2D4CDA8B9FDB4AEBFA3
:1099B000DAD6FACAD6B5F7D3C3B3CCD0F2C0EFC368
:1099C000E6B5C4C8CEBACEBAAFCAFD2CB2A2D6B4E0
:1099D000D0D02ED2F2B4CB2CC4E3BFC90D0A000004
:1099E000D2D4CBE6D2E2B8FCB8C4BAAFCAFDB5C493
:1099F000CAE4C8EBB2CECAFD28D6A7B3D6CAFDD7F3
:109A0000D62831302F3136BDF8D6C629A1A2D7D6F7
:109A1000B7FBB4AEA1A2BAAFCAFDC8EB0D0A0000F5
:109A2000BFDAB5D8D6B7B5C8D7F7CEAAB2CECAFD79
:109A3000292CB5A5B8F6BAAFCAFDD7EEB6E0D6A7C1
:109A4000B3D63130B8F6CAE4C8EBB2CECAFD2CB2F8
:109A5000A2D6A7B3D6BAAFCAFDB7B5200D0A00008B
:109A6000BBD8D6B5CFD4CABE2ED0C2D4F6B2CECAD9
:109A7000FDCFD4CABEBDF8D6C6C9E8D6C3B9A6C400
:109A8000DC2CD0C2D4F6BDF8D6C6D7AABBBBB9A6CB
:109A9000C4DC2E0D0A000000BCBCCAF5D6A7B3D6A4
:109AA0003A7777772E6F70656E6564762E636F6D8B
:109AB0000D0A000055534D415254D3D037B8F6CF5C
:109AC000B5CDB3C3FCC1EE3A0D0A00003F3A2020E9
:109AD00020202020BBF1C8A1B0EFD6FAD0C5CFA27C
:109AE0000D0A000068656C703A202020BBF1C8A107
:109AF000B0EFD6FAD0C5CFA20D0A00006C6973741E
:109B00003A202020BFC9D3C3B5C4BAAFCAFDC1D063
:109B1000B1ED0D0A0A00000069643A2020202020DF
:109B2000BFC9D3C3BAAFCAFDB5C44944C1D0B1EDB2
:109B30000D0A0A006865783A20202020B2CECAFDBE
:109B40003136BDF8D6C6CFD4CABE2CBAF3B8FABFE8
:109B5000D5B8F12BCAFDD7D6BCB4D6B4D0D0BDF899
:109B6000D6C6D7AABBBB0D0A0A0000006465633ADB
:109B700020202020B2CECAFD3130BDF8D6C6CFD4C9
:109B8000CABE2CBAF3B8FABFD5B8F12BCAFDD7D6E6
:109B9000BCB4D6B4D0D0BDF8D6C6D7AABBBB0D0ACC
:109BA0000A00000072756E74696D653A312CBFAAA7
:109BB000C6F4BAAFCAFDD4CBD0D0BCC6CAB13B3014
:109BC0002CB9D8B1D5BAAFCAFDD4CBD0D0BCC6CA97
:109BD000B13B0D0A0A000000C7EBB0B4D5D5B3CC39
:109BE000D0F2B1E0D0B4B8F1CABDCAE4C8EBBAAFA4
:109BF000CAFDC3FBBCB0B2CECAFDB2A2D2D4BBD8A0
:109C0000B3B5BCFCBDE1CAF82E0D0A002D2D2D2DDB
:109C10002D2D2D2D2D2D2D2D2D2D2D2D2D2D2D2D74
:109C20002D2D2D2D2D2D414C49454E54454B2D2D7F
:109C30002D2D2D2D2D2D2D2D2D2D2D2D2D2D2D2D54
:109C40002D2D2D2D2D2D2D200D0A00002D2D2D2DEE
:109C50002D2D2D2D2D2D2D2D2D2D2D2D2D2D2D2D34
:109C60002D2D2D2D2DBAAFCAFDC7E5B5A52D2D2D56
:109C70002D2D2D2D2D2D2D2D2D2D2D2D2D2D2D2D14
:109C80002D2D2D2D2D2D2D2D200D0A0068010020AC
:109C900025730D0A00000000EEA005F071FB002006
:109CA0000B901AE0FB4909689DF82C2001EBC201DA
:109CB00001AB02AA486803A900F070FCF5480068EF
:109CC0009DF82C1050F8312003A9F3A005F058FBA3
:109CD0009DF82C00401CC0B20B90EE48007D9DF812
:109CE0002C108842DEDCAFF2CC3005F049FB83E07B
:109CF000AFF2D83005F044FB0BAA03A9204600F0D0
:109D000029FD9DF82C00C8B9694603A800F0BBFBEB
:109D10000B909DF82C0020B9E4A0009905F030FBD1
:109D20000EE09DF82C00042801D002206BE5E2A093
:109D300005F026FB0120D749C87501E0022062E545
:109D4000DCA005F01DFB57E0DAA005F019FB0BAA1B
:109D500003A9204600F0FEFC9DF82C00C8B9694616
:109D600003A800F090FB0B909DF82C0020B9D7A021
:109D7000009905F005FB0EE09DF82C00042801D0A9
:109D8000022040E5D4A005F0FBFA0020C149C875C7
:109D900001E0022037E5C7A005F0F2FA2CE0C5A0EB
:109DA00005F0EEFA0BAA03A9204600F0D3FC9DF8BB
:109DB0002C00C8B9694603A800F065FB0B909DF81C
:109DC0002C0078B9B349009881F8EC00084690F867
:109DD000EC0018B1C5A005F0D3FA07E0CAA005F061
:109DE000CFFA03E002200EE502200CE5B1A005F059
:109DF000C7FA01E0012006E500BF002003E510B529
:109E00000121C848FEF7EAFD4FF6FF71C548FEF78D
:109E10007BF90021C348FEF775F900209D49C1F880
:109E2000F00010BD10B50121BE48FEF7CEFD01289F
:109E300008D19848D0F8F0004FF6FF7108449549D2
:109E4000C1F8F000B748FEF761F99249D1F8F01077
:109E500008449049C1F8F0000846D0F8F00010BD61
:109E600010B50121AF48FEF7BCFD01280AD1894990
:109E7000086980470021AB48FEF744F96421A948EE
:109E8000FEF742F90121A748FEF7BCFD10BD7FB5E2
:109E900004460D4601210420FDF709FDADF80050F0
:109EA0000020ADF802000194ADF8080069469D4815
:109EB000FEF7DFF8012211469A48FEF77BFD0121EB
:109EC0009848FEF75FF91E208DF80C0003208DF8EE
:109ED0000D008DF80E0001208DF80F0003A8FCF78F
:109EE0002AFE7FBD10B5044604EBC40000EB04104D
:109EF0000122C2EB800081B24FF47A70FFF7C7FFF6
:109F000001206449C87510BD30B595B0054613AB46
:109F100012AA09A9284600F041FB044614B12046C4
:109F200015B030BD0020149026E05A4909689DF80C
:109F3000502001EBC20113AB11AA486801A900F03F
:109F40002DFB04460CB12046EAE709A901A800F060
:109F500067FA60B99DF844009DF84810884201DD19
:109F60000220DDE79DF850004A4988750AE09DF817
:109F70005000401CC0B214904648007D9DF850101F
:109F80008842D2DC00BF4348007D9DF850108842D3
:109F900001D10420C4E714A9284600F04CFC044673
:109FA0000CB12046BCE79DF850003A4948750020A6
:109FB000B6E72DE9F0419AB03648847D007DA04295
:109FC00002DC1AB0BDE8F0813249096801EBC40136
:109FD00006AB07AA486808A900F0E0FA08A952A051
:109FE00005F0CEF90026B9E02A48008B0121B140E6
:109FF0000840D8B122214EA005F0C2F9304600F049
:10A000000DFC24492431471839464AA005F0B8F917
:10A01000222147A005F0B4F9304600F0FFFB1D49AE
:10A020002431084410A941F826008DE0304600F0A4
:10A03000F5FB18492431085810A941F826001548A5
:10A04000C07D30B910A850F826103BA005F098F953
:10A050007AE073E02D2D2D2D2D2D2D2D2D2D2D2D37
:10A060002D2D2D2D2D2D2D2D2D2D2D2D2DBAAFCA74
:10A07000FD204944202D2D2D2D2D2D2D2D2D2D2D27
:10A080002D2D2D2D2D2D2D2D2D2D2D2D2D2D2D2D00
:10A09000200D0A006801002025732069642069737F
:10A0A0003A0D0A3058253038580D0A004845583ABC
:10A0B000305825580D0A00003136BDF8D6C6B2CE4C
:10A0C000CAFDCFD4CABE210D0A0000004445433A60
:10A0D000256C750D0A0000003130BDF8D6C6B2CE31
:10A0E000CAFDCFD4CABE210D0A00000052756E20F1
:10A0F00054696D652043616C63756C6174696F6E42
:10A10000204F4E0D0A00000052756E2054696D6597
:10A110002043616C63756C6174696F6E204F4646B5
:10A120000D0A0000000800400D0A257328000000F9
:10A130002563000025730000256C750010A850F8F9
:10A14000261095A005F01CF99DF81C00401EB04299
:10A1500002D093A005F014F9701CC6B29DF81C0043
:10A160008642FFF641AF8FA005F00AF9FFF747FEE0
:10A170008D48407D0B280DD2DFE800F0060D151E3E
:10A1800027323F4E5F7287008749096851F83400D3
:10A190008047054690E0844A126852F834101098BF
:10A1A0008847054688E0804B1B6853F83420DDE97A
:10A1B0001001904705467FE07B4F3F6857F83430E9
:10A1C00010A807C89847054676E0DFF8DCC1DCF840
:10A1D00000C05CF8347010A80FC8B84705466BE0A3
:10A1E0001498DFF8C4C10090DCF800C05CF834704B
:10A1F00010A80FC8B84705465EE0DDE91401DFF896
:10A20000A8C1CDE90001DCF800C05CF8347010A8EA
:10A210000FC8B84705464FE0DDE914121698DFF87D
:10A2200088C1CDE900120290DCF800C05CF83470FF
:10A2300010A80FC8B84705463EE0DDE91423DDE964
:10A240001610DFF864C1CDE90023CDE90210DCF877
:10A2500000C05CF8347010A80FC8B84705462BE062
:10A26000DDE91523DDE91710CDE90123CDE9031060
:10A270001498DFF834C10090DCF800C05CF834704A
:10A2800010A80FC8B847054616E0DDE91623DDE93A
:10A290001810CDE90223CDE90410DDE91401DFF83F
:10A2A00008C1CDE90001DCF800C05CF8347010A8EA
:10A2B0000FC8B847054600BF00BFFFF7B3FD9DF8C4
:10A2C000180001280CD13848C07D20B9294637A094
:10A2D00005F056F807E0294636A005F051F802E0EF
:10A2E00033A005F04DF8304890F8EC0088B12E48C6
:10A2F000D0F8F0000A21B0FBF1F201FB12072A4866
:10A30000D0F8F000B0FBF1F83A4641462CA005F039
:10A3100037F800BF55E670B53148008800F40040BA
:10A32000002833D02E48057800202E4948551E4875
:10A3300081682C48884704461CB91B49C868804777
:10A3400021E02848FFF752FA0546012D00D02C469F
:10A35000CCB1012C06D0022C08D0032C0AD0042C3E
:10A3600010D10BE020A005F00BF80BE021A005F0C8
:10A3700007F807E022A005F003F803E023A004F0AB
:10A38000FFFF00BF00BF00201549088070BD0146D7
:10A390000868704701607047305825580000000079
:10A3A0002C00000029000000680100203D256C758C
:10A3B0003B0D0A003D305825583B0D0A00000000B7
:10A3C00046756E6374696F6E2052756E2054696DA8
:10A3D000653A25642E2531646D730D0A0000000076
:10A3E000AC00002048150020BAAFCAFDB4EDCEF392
:10A3F000210D0A00B2CECAFDB4EDCEF3210D0A0044
:10A40000B2CECAFDCCABB6E0210D0A00CEB4D5D297
:10A41000B5BDC6A5C5E4B5C4BAAFCAFD210D0A00D5
:10A4200002460AE010780B78984201D0012070476C
:10A43000107800B902E0521C491CF3E700BF00206D
:10A44000F5E706E002780A70027802B902E0401CE3
:10A45000491CF7E700BF70470146002005E00A7875
:10A4600002B903E0421CD0B2491CF8E700BF7047B4
:10A4700010B50246012000E050430B1EA1F101047B
:10A48000E1B2F9D110BD2DE9F04307460E46002593
:10A490004FF00A083C46002030601FE02078392841
:10A4A00002DC207830280ADA2078462802DC20787E
:10A4B000412804DA2078582809D1012D07D12078C5
:10A4C000412801DB4FF01008681CC5B205E0207878
:10A4D00000B904E00120BDE8F083641CDEE700BFA2
:10A4E0003C46B8F1100F0FD1032D01DA0220F2E73C
:10A4F0002078302806D16078582803D1A41CA81EE3
:10A50000C5B204E00320E6E70DB90420E3E71BE051
:10A510000DB1681EC5B22078392806DC20783028B5
:10A5200003DB2078A0F1300902E02078A0F13709A0
:10A5300029464046FFF79CFF316809FB0010306058
:10A54000641C207800B900E0E2E700BF0020C2E709
:10A5500010B50446002010700BE020780870641CD1
:10A56000491C1078401C10701078984201DB0120C3
:10A5700010BD2078202802D020780028EDD10020BE
:10A58000087000BFF4E70146491C00E0491C087848
:10A59000202801D10029F9D1087870472DE9FF4F13
:10A5A00085B0804689460027002004900390012052
:10A5B00002904FF0000B002544461DE02078202833
:10A5C00016D005F07F00052812DA0DB945F0800598
:10A5D00005F07F00042803D120782A2800D00EE05F
:10A5E000207805F07F010DF80100681CC5B202E07B
:10A5F000852D00D103E0641C20780028DED100BF47
:10A600008DB1002005F07F010DF80100CBA1684657
:10A61000FFF706FF18B900210898017002E0012138
:10A620000898017000254FF0000A444614E0641CAD
:10A630000AF1010000F0FF0A2078202802D02078DB
:10A640002A2809D12046FFF79EFF0646282E03D070
:10A650002A2E01D0CDF810A02078282802D020780A
:10A660000028E4D14446049810B10498401C0444E6
:10A670004FF0000A002654E0207810B94FF0010A8C
:10A6800050E02078282803D116B9781CC7B213E00F
:10A690002078292808D13EB917B1781EC7B201E049
:10A6A0004FF0010A47B93DE02078222804D10EB9C5
:10A6B000012000E00020064647B9207820282FD04E
:10A6C000207889F8000009F1010929E020782C2878
:10A6D00004D101200290681CC5B214E02078202823
:10A6E00011D0207828280ED04DB9BBF1050F06DA1D
:10A6F00020780DF80B000BF1010000F0FF0B029821
:10A70000401CC0B20290012F0AD10298022807D142
:10A710000298401CC0B202900398401CC0B2039043
:10A72000641CA9E700BF0398012809D100200DF897
:10A730000B0082A16846FFF773FE08B90020039062
:10A74000079903980870002089F80000504609B066
:10A75000BDE8F08FF0B50346154600200022002624
:10A76000002455E01F782C2F01D104B901221F7855
:10A77000292F01D01F780FB904B94AE0002E34D137
:10A780001F78302F02DB1F78392F11DD1F78612FE2
:10A7900002DB1F78662F0BDD1F78412F02DB1F784D
:10A7A000462F05DD1F78582F02D01F78782F0CD147
:10A7B00002B12EE01F78612F03DB1F78203F0F705E
:10A7C00001E01F780F70491C1FE01F78222F04D171
:10A7D00002B11EE00126012417E01F78202F14D0BB
:10A7E0001F782C2F11D0FF2613E01F78222F00D1C5
:10A7F000002402B10DE044B11F785C2F02D15B1C34
:10A80000471CF8B21F780F70491C471CF8B25B1C3C
:10A81000A8E700BF00270F702E70F0BD0246002091
:10A82000002105E0474B5B5C0344D8B24B1CD9B216
:10A830009142F7DB70472DE9F043B5B005460F466E
:10A840000024002604E000213E488155701CC6B259
:10A850000A2EF8DB06E06D1C287818B9012035B007
:10A86000BDE8F08328782828F5D16D1C61E034AA72
:10A8700069462846FFF76EFF064635449DF8D0002E
:10A8800020B1012827D0FF284CD149E09DF80000D5
:10A8900000B333A96846FFF7F6FD06460EB1022065
:10A8A000DDE72046FFF7BAFF26490A31339A0A50FE
:10A8B000A1F12400008B0121A140884321491A39CC
:10A8C000088304211F480155601CC4B20A2C01DD15
:10A8D0000320C4E726E06846FFF7BEFD401C00F0F9
:10A8E000FF082046FFF79AFF16490A3100EB0109DD
:10A8F00049466846FFF7A5FD12481A38018B01202A
:10A90000A040014388B20F491A3908830D4800F866
:10A910000480601CC4B20A2C01DD03209FE701E023
:10A9200002209CE700BF2878292801D0287800B9A8
:10A9300000E09CE700BF3C70002090E7766F696400
:10A94000000000008201002070B50446002514B10B
:10A95000012C0BD103E0FAF767FA054608E0F9F796
:10A960001DFB4FF4C0407649088001E0012500BF7F
:10A9700000BF0DB1012070BD0020FCE701460020A2
:10A9800070472DE9F04107460E4615461C464FF02C
:10A99000000814B90420BDE8F08117B1012F22D1BD
:10A9A00012E0E2B229463046FBF7A0FA804607E003
:10A9B000FAF73AFAE2B229463046FBF797FA8046B0
:10A9C000B8F1000FF4D111E009E069024FF4007210
:10A9D0003046F9F750FB6D1C06F50076641E002C1E
:10A9E000F3D1A04602E04FF0010800BF00BFB8F16C
:10A9F000000F01D10020CEE70120CCE72DE9F04186
:10AA000007460E4615461C464FF0000814B90420B0
:10AA1000BDE8F08117B1012F22D112E0E2B2294640
:10AA20003046FBF7C1FA804607E0FAF7FDF9E2B2DB
:10AA300029463046FBF7B8FA8046B8F1000FF4D14A
:10AA400011E009E069024FF400723046F9F7AFFBFC
:10AA50006D1C06F50076641E002CF3D1A04602E0C2
:10AA60004FF0010800BF00BFB8F1000F01D1002076
:10AA7000CEE70120CCE72DE9F0470646894615468A
:10AA800046BBB9F1000F09D0B9F1010F13D0B9F1EC
:10AA9000020F05D0B9F1030F19D106E0002418E028
:10AAA0004FF400702860002413E02648B0F85000EE
:10AAB000288000240DE023484FF400720023D0E9E1
:10AAC0001271384604F037FC2860002401E00424A9
:10AAD00000BF22E0012E1FD1B9F1000F09D0B9F15A
:10AAE000010F11D0B9F1020F05D0B9F1030F10D148
:10AAF00006E000240FE04FF40070288000240AE0F4
:10AB000008202880002406E00D48008828600024E2
:10AB100001E0042400BF00E001242046BDE8F087E6
:10AB20000020704710B5044621460020FEF721FEA4
:10AB300010BD10B5044621460020FEF70AFE10BDE8
:10AB40005C020020F012002070B503460C4603E0C2
:10AB500014F8015B03F8015B151EA2F10102F7D1A5
:10AB600070BD30B5034601E003F8011B141EA2F1CD
:10AB70000102F9D130BDF0B503461C460D46002058
:10AB800000BF161EA2F1010207D014F8017B15F8D0
:10AB900001CBA7EB0C06301EF3D0F0BD024600E05F
:10ABA000521C107810B110788842F9D11078704793
:10ABB00070B504462079F8B1E56A607801232A4629
:10ABC00004F13001FFF71AFF08B1012070BD002029
:10ABD0002071206A281AA16988420DD2E67809E01E
:10ABE000A0690544607801232A4604F13001FFF78B
:10ABF00005FF761E022EF3D20020E7E770B504466B
:10AC00000D46E06AA84210D02046FFF7D1FF08B1F8
:10AC1000012070BD607801232A4604F13001FFF75E
:10AC2000B0FE08B10120F4E7E5620020F1E770B55D
:10AC300004462046FFF7BCFF0546002D59D1207879
:10AC400003284FD1607901284CD14202002104F140
:10AC50003000FFF786FF552184F82E12AA2184F8D0
:10AC60002F12522084F830005221312001556121E9
:10AC700032200155412133200155722184F81412EC
:10AC800084F81512412184F81612612184F81712F4
:10AC9000217C84F81812208A010A84F8191220698C
:10ACA000010C84F81A122069010E84F81B12217B12
:10ACB00084F81C12A089010A84F81D12E068010CB6
:10ACC00084F81E12E068010E84F81F12E069401C2F
:10ACD000E0626078012304F13001E26AFFF78EFE42
:10ACE00000206071607800221146FFF7C4FE00B1B9
:10ACF0000125284670BD0246891E5069801E884283
:10AD000001D8002070479378906A01FB0300F9E7AF
:10AD10002DE9F04105460C46022C02D36869A04299
:10AD200002D80120BDE8F0812878012804D002284B
:10AD30002CD003285AD13DE0274607EB5707286A55
:10AD400000EB57212846FFF759FF00B150E0C7F349
:10AD5000080105F1300010F801807F1C286A00EB23
:10AD600057212846FFF74AFF00B141E0C7F3080129
:10AD700005F13000405C48EA002804F0010010B101
:10AD80004FEA1810CEE7C8F30B00CBE7286A00EBB8
:10AD900014212846FFF732FF00B129E040F2FF10EE
:10ADA00000EA440105F130000E183078717840EA6D
:10ADB0000120B7E7286A00EBD4112846FFF71EFFF1
:10ADC00000B115E040F2FF1000EA840105F1300007
:10ADD0000E18F0780006B17840EA0140717840EA38
:10ADE00001203178084320F070409BE7012099E76B
:10ADF00000BF4FF0FF3095E72DE9F04705460E46BE
:10AE00001746022E02D36869B04202D84FF00208FA
:10AE10008AE02878012804D0022841D003287DD177
:10AE200054E0B14609EB5909286A00EB592128463C
:10AE3000FFF7E4FE8046B8F1000F00D071E0C9F3DF
:10AE4000080105F130000C1806F0010020B1F9B23C
:10AE5000207861F31F1000E03846207009F10109E5
:10AE600001202871286A00EB59212846FFF7C6FE09
:10AE70008046B8F1000F00D053E0C9F3080105F196
:10AE800030000C1806F0010010B1C7F3071005E000
:10AE9000207800F0F000C7F303210843207040E061
:10AEA000286A00EB16212846FFF7A8FE8046B8F175
:10AEB000000F00D035E040F2FF1000EA460105F136
:10AEC00030000C182770380A60702AE0286A00EBFE
:10AED000D6112846FFF792FE8046B8F1000F00D049
:10AEE0001FE040F2FF1000EA860105F130000C1867
:10AEF000E0780006A17840EA0140617840EA01204C
:10AF00002178084300F0704007432770380A6070CA
:10AF1000380CA070380EE07003E0FFE74FF0020835
:10AF200000BF00BF012028714046BDE8F0872DE931
:10AF3000F04104460E46022E02D36069B04201D8A9
:10AF4000022727E0002721E031462046FFF7E0FEF8
:10AF5000054605B91DE0012D01D1022719E0681C45
:10AF600008B9012715E0002231462046FFF744FFCB
:10AF7000074607B10DE02069401C30B12069401C34
:10AF80002061607940F0010060712E466069B04236
:10AF9000DAD800BF3846BDE8F0812DE9F047044615
:10AFA0008946B9F1000F06D1E76817B16069B84268
:10AFB00015D8012713E049462046FFF7A9FE0646AB
:10AFC000022E02D20120BDE8F087701C08B930467D
:10AFD000F9E76069B04201D93046F4E74F463D4693
:10AFE00000BF6D1C6069A84204D80225BD4201D98A
:10AFF0000020E8E729462046FFF78AFE064606B904
:10B0000009E0701C08B1012E01D13046DBE7BD42DA
:10B01000E7D10020D7E700BF6FF0704229462046F5
:10B02000FFF7EAFE8046B8F1000F08D1B9F1000F32
:10B0300005D02A4649462046FFF7DEFE8046B8F195
:10B04000000F0BD1E5602069401C78B12069401EDB
:10B050002061607940F00100607107E0B8F1010FF4
:10B0600002D14FF0FF3000E0012005462846AAE754
:10B0700070B503460D46586A021D680A1E68B67808
:10B08000B0FBF6F400BF02CA09B9002070BD8C42C3
:10B0900000D202E0641A121DF5E700BF10682044D8
:10B0A000F4E72DE9F04104460E46E680A568012D3F
:10B0B00003D020684069A84202D80220BDE8F08190
:10B0C0002DB920680078032801D12068456A45B968
:10B0D00020680089B04201D80220EFE72068476A63
:10B0E0001EE0206880784FEA001812E029462068A8
:10B0F000FFF70EFE0546681C08B90120DEE7022DA9
:10B1000003D320684069A84201D80220D6E7A6EB05
:10B1100008064645EAD229462068FFF7ECFD0746B7
:10B12000E5600FB90220C9E707EB1610206120681F
:10B13000303006F00F0100EB411060610020BDE7E8
:10B140002DE9F04104468846E088461CB0B208B1BB
:10B15000206910B90420BDE8F08106F00F00002836
:10B160006CD12069401C2061E06828B92068008902
:10B17000B04263D80420EEE720688078401E00EAE1
:10B18000161000285AD1E1682068FFF7C1FD054676
:10B19000012D01D80220DEE7681C08B90120DAE79A
:10B1A00020684069A84243D8B8F1000F01D10420BB
:10B1B000D1E7E1682068FFF7F0FE05460DB90720EA
:10B1C000C9E7012D01D10220C5E7681C08B901209B
:10B1D000C1E72068FFF7ECFC08B10120BBE721685C
:10B1E00001F130004FF400720021FFF7BAFC29464C
:10B1F0002068FFF780FD2168C86200270EE001206B
:10B20000216808712068FFF7D3FC08B10120A2E78C
:10B210002068C06A401C2168C8627F1C2068807852
:10B22000B842ECD82068C06AC01B2168C86200BF61
:10B23000E56029462068FFF75EFD2061E680206812
:10B24000303006F00F0100EB41106061002082E712
:10B250002DE9F04104460E4600212046FFF721FF6C
:10B260000546EDB9002700BF21692068FFF7C6FC3D
:10B27000054605B113E060690078E52802D06069F1
:10B28000007820B9781C0746B04201D107E00027BA
:10B2900001212046FFF754FF0546002DE4D000BFF2
:10B2A000042D00D107252846BDE8F08110B50246DF
:10B2B0008C7ECB7E44EA03201378032B05D10C7DD2
:10B2C0004B7D44EA032340EA034010BD81760B0A1C
:10B2D000C3760A0C02750B0E437570472DE9F047D3
:10B2E00005460C46207820F04000401E00EB80010F
:10B2F00001EBC00600274FF0010800BFF848C05D11
:10B30000205CF749C95D2144497840EA0129B8F138
:10B31000000F10D0484602F07AFE8046FF2E07D27A
:10B320003146761C35F8110002F071FE404508D018
:10B330000020BDE8F0874FF6FF70814501D0002066
:10B34000F7E7781C07460D28D8D3207800F0400096
:10B3500038B1B8F1000F04D035F8160008B100205C
:10B36000E7E70120E5E7F0B50346087800F03F0085
:10B37000401E00EB800707EBC0020025012600BF3E
:10B38000D748405D085CD64F7F5D0F447F7840EA28
:10B3900007244EB1FF2A01D30020F0BD26461046F7
:10B3A000521C23F8104005E04FF6FF70844201D094
:10B3B0000020F2E7681C05460D28E1D3087800F06C
:10B3C000400030B1FF2A01D30020E6E7002023F837
:10B3D00012000120E1E7F0B504461D464D730F272A
:10B3E000CF7200270F738F76BC4681F81BC0571EA3
:10B3F00007EB870C0CEBC706002738463B4600BF1F
:10B400004FF6FF77B84203D03746761C34F8170062
:10B41000DFF8CCC21CF803C001F80C000712DFF8FB
:10B42000C0C21CF803C08C448CF8017008B94FF6F8
:10B43000FF705F1C3B460D2FE2D34FF6FF77B842FB
:10B4400002D034F816700FB942F040020A70F0BD15
:10B450002DE9FC4707468A4690461E460B22514678
:10B460003846FFF771FB052E18D9304610E038F842
:10B47000021B00250AE00A4660F35F0210464910ED
:10B4800000F480320AB1974A50406D1C102DF2D35F
:10B49000B8F80020002AEAD1064600BF072500BF01
:10B4A00006F00F0000F13009B9F1390F03DD09F1A1
:10B4B000070000F0FF0928466D1E0DF800903609C0
:10B4C000002EEDD17E200DF8050000240BE0385D44
:10B4D000812807DB385DFE2804DC681EA04200D10D
:10B4E00006E0641C641CAC4202D2385D2028EED118
:10B4F00000BF00BF082D04D228466D1C1DF80010A7
:10B5000000E020212046641C3954082CF2D3BDE809
:10B51000FC8730B5014600200B2200BF431003EB2F
:10B52000C01411F8015B6319D8B2531E1A1EF5D16D
:10B5300030BD2DE9F047044600212046FFF7B1FD5C
:10B54000074617B13846BDE8F0874FF0FF09CA46F5
:10B550004FF6FF70208400BF21692068FFF74EFB83
:10B56000074607B157E065692E780EB9042752E007
:10B57000E87A00F03F08E52E05D008F0080040B159
:10B58000B8F10F0F05D04FF0FF094FF6FF70208480
:10B590003AE0B8F10F0F1CD1E06978B306F0400033
:10B5A00030B195F80DA026F04006B146E088208421
:10B5B0004E450AD1687B504507D12946E069FFF71F
:10B5C0008DFE10B1A9F1010000E0FF2000F0FF099D
:10B5D0001AE0B9F1000F05D12846FFF79AFF504550
:10B5E00000D118E0A069C07A00F0010038B90B2240
:10B5F0002846A169FFF7BFFA08B90CE004E04FF054
:10B60000FF094FF6FF70208400212046FFF798FDC8
:10B610000746002FA0D000BF384694E72DE9F05F21
:10B6200004468A464FF0FF09CB4604274EE02169C5
:10B630002068FFF7E3FA074607B14AE06669357804
:10B640000DB9042745E0F07A00F03F08E52D09D058
:10B650002E2D07D0B8F1080F01D1012000E0002005
:10B66000504502D04FF0FF0929E0B8F10F0F1AD171
:10B6700005F0400030B196F80DB025F04005A94620
:10B68000E08820844D450AD1707B584507D131466A
:10B69000E069FFF768FE10B1A9F1010000E0FF20AA
:10B6A00000F0FF090BE0B9F1000F04D13046FFF7BD
:10B6B00030FF584502D04FF6FF70208409E000218A
:10B6C0002046FFF73DFD074607B102E0206900284C
:10B6D000ADD100BF0FB1002020613846BDE8F09F1A
:10B6E00034160108211001002DE9FE4F0446D4F85C
:10B6F0001880D4F81C900C2241466846FFF724FAC3
:10B7000000BF9DF80B0000F0010020B3002088F876
:10B710000B00E06101260CE033464A46694640468C
:10B72000FFF796FE2046FFF704FF054605B102E04D
:10B73000761C642EF0D300BF642E02D10720BDE832
:10B74000FE8F042D01D02846F9E79DF80B0088F8FC
:10B750000B00C4F81C909DF80B0000F0020060B1D3
:10B76000002600E0761C39F816000028FAD106F110
:10B7700019000D21B0FBF1F700E001273946204602
:10B78000FFF766FD054645BB781E071E25D0E088FD
:10B79000C11B2046FFF785FC0546F5B9A069FFF7F8
:10B7A000B8FE824600BF21692068FFF727FA0546E8
:10B7B00005B111E0FAB253466169E069FFF70BFE8B
:10B7C00001202168087100212046FFF7B9FC0546D9
:10B7D00015B9781E071EE6D100BFC5B921692068DA
:10B7E000FFF70CFA054695B9202200216069FFF7A2
:10B7F000B8F90B22D4E90501FFF7A6F9A069C07AD0
:10B8000000F018006169087301202168087128465A
:10B8100095E770B50446E688208C4FF6FF7290429B
:10B8200001D1304600E0208C01462046FFF739FC6C
:10B8300005460DBB00BF21692068FFF7DFF905460B
:10B8400005B115E0202200216069FFF78AF9E520A3
:10B8500061690870012021680871E088B04200D356
:10B8600006E000212046FFF76BFC0546002DE2D0E4
:10B8700000BF042D00D10225284670BD2DE9F047F8
:10B8800007460C4604F109063869002843D0786958
:10B89000002526E029466D1C10F80180B8F1200F24
:10B8A00000D11EE0B8F1050F01D14FF0E508092DD8
:10B8B00002D12E2106F8011BB8F1410F0EDBB8F1C1
:10B8C0005A0F0BDC017B092D01D3102200E0082266
:10B8D000114019B108F1200101F0FF0806F8018BB1
:10B8E00000BF0B2DD6D3C17A2172C17F0A06817F9A
:10B8F00042EA0142417F42EA0121027F1143216075
:10B90000027E417E42EA0121A180827DC17D42EA20
:10B910000121E18000BF00203070A06990B30025B4
:10B92000A669386958B3E06948B3388C4FF6FF719F
:10B93000884224D0D7F81CA01BE00021484602F022
:10B940001DFB8146B9F1000F01D1002516E0B9F1C8
:10B95000FF0F04DD4FEA292228466D1C3254E069AE
:10B96000401EA84201D8002508E028466D1C06F8B4
:10B9700000903AF8021BB1F10009DED100BF0020AF
:10B98000705500BFBDE8F0872DE9F34F83B08146C5
:10B9900004980068019002E00198401C0190019811
:10B9A00000782F28F8D0019800785C28F4D0D9F8D6
:10B9B0001CA000252F4600BF38467F1C01990C5C57
:10B9C000202C03DB2F2C01D05C2C00D132E0FF2D8A
:10B9D00003D3062005B0BDE8F08FE4B2812C13DB61
:10B9E000E0B2FE2810DC38467F1C01990E5C402E28
:10B9F00001DB7E2E05DD802E01DBFE2E01DD062023
:10BA0000E8E706EB042084B20121204602F0B6FAF2
:10BA100004460CB90620DDE7802C06DA2146F9A0A1
:10BA2000FFF7BCF808B10620D4E728466D1C2AF8B9
:10BA30001040C1E700BF0198C11904980160202C93
:10BA400001DA042000E00020804608E0681E3AF891
:10BA50001040202C02D02E2C00D002E06D1E002DB4
:10BA6000F4D100BF0DB90620B4E700202AF8150074
:10BA70000B222021D9F81800FFF773F8002700E007
:10BA80007F1C3AF817002028FAD03AF817002E2821
:10BA9000F6D00FB148F0030800E06D1E25B1681E16
:10BAA0003AF810002E28F8D10020064602904FF0F8
:10BAB000080B00BF38467F1C3AF8104004B963E019
:10BAC000202C03D02E2C04D1AF4202D048F0030822
:10BAD000F0E70298584501D2AF4214D1BBF10B0FE9
:10BAE00002D148F003084FE0AF4201D048F003080C
:10BAF000AF4200D948E02F46082002904FF00B0BD0
:10BB0000B006060ED6E7802C09DB204602F07FFA4D
:10BB10000021009002F032FA044648F00208FF2C9F
:10BB200011DDABF101000299884204D848F0030806
:10BB3000CDF808B0BEE72212D9F818300298411C9F
:10BB400002911A5419E024B12146B1A0FFF726F85A
:10BB500018B15F2448F003080FE0412C04DB5A2C95
:10BB600002DC46F0020608E0612C06DB7A2C04DCDD
:10BB700046F00106A4F1200084B2D9F818300298EA
:10BB8000411C02911C5495E700BFD9F818000078B9
:10BB9000E52803D10520D9F818100870BBF1080F6B
:10BBA00001D1B006060E06F00C000C2803D006F0FA
:10BBB0000300032801D148F0020808F0020058B938
:10BBC00006F00300012801D148F0100806F00C002F
:10BBD000042801D148F00808D9F8180080F80B8033
:10BBE0000020F7E62DE9F3410446019800782F285C
:10BBF00003D0019800785C2802D10198401C019084
:10BC00000020A06001980078202807D2002120465B
:10BC1000FFF747FA05460020606128E000BF01A950
:10BC20002046FFF7B1FE054605B11FE02046FFF7AD
:10BC300080FC0546A069C67A3DB1042D04D100BF41
:10BC400006F0040000B9052510E006F0040000B17C
:10BC50000CE06769F87A00F0100008B9052505E0E6
:10BC600039462068FFF722FBA060D8E700BF2846CE
:10BC7000BDE8FC8170B502464FF0FF301568E5B1B4
:10BC8000116800E0491C0D78202D02D30D783A2D63
:10BC9000F8D10D783A2D0FD1146814F8015BA5F195
:10BCA00030030A2B07D28C4205D1032B03D218464E
:10BCB0004D1C2946156070BD002000BFFBE770B524
:10BCC00004460D4600202071401EE06229462046B1
:10BCD000FEF794FF08B1032070BD94F82E1294F87B
:10BCE0002F0241EA00204AF65521884201D0022065
:10BCF000F2E794F86900010694F8680041EA00410F
:10BD000094F8670041EA002094F86610084320F098
:10BD10007F404149884201D10020DDE794F8850049
:10BD2000010694F8840041EA004194F8830041EA56
:10BD3000002094F88210084320F07F403649884262
:10BD400001D10020C8E70120C6E72DE9F74F88B0F0
:10BD50000021089801600998FFF78CFF0790079869
:10BD6000002803DA0B200BB0BDE8F08F2B490798B1
:10BD700051F820400CB90C20F5E7089804602078B1
:10BD800078B16078FEF7FAFD804608F0010040B90E
:10BD90000A9820B108F0040008B10A20E3E7002067
:10BDA000E1E700202070079860706078FEF7CCFD16
:10BDB000804608F0010008B10320D4E70A9820B1BA
:10BDC00008F0040008B10A20CDE7002739462046D4
:10BDD000FFF775FF0546012D01D09DBB3BE0002616
:10BDE00022E004F5F77101EB06100179C1B1C17AC7
:10BDF0000A06817A42EA0142417A42EA0121027A44
:10BE000011430EE0222A3A3C3E3F7C7F00000000B6
:10BE10002B2C3B3D5B5D00004641540020BF0120C0
:10BE200000214DF82610761C042EDAD3002606B128
:10BE3000761E00BF5DF826702FB139462046FFF709
:10BE40003EFF01E007E0022005461DB1701C0646DA
:10BE50000428EFD300BF032D01D1012083E70DB1EA
:10BE60000D2080E73B20015D94F83C0041EA002072
:10BE7000B0F5007F01D00D2075E74620015D94F8F4
:10BE8000470041EA0029B9F1000F0ED194F857009C
:10BE9000010694F8560041EA004194F8550041EA41
:10BEA000002094F8541040EA0109C4F8189040208A
:10BEB000005DE070E078012804D0E078022801D02D
:10BEC0000D2050E7E07809FB00F93D20005DA070EF
:10BED000A07818B1A078411E084008B10D2042E7B3
:10BEE0004120015D94F8420041EA00202081207A3F
:10BEF00000F00F0008B10D2035E74320015D94F8F4
:10BF0000440041EA002BBBF1000F0ED194F853001E
:10BF1000010694F8520041EA004194F8510041EAC8
:10BF2000002094F8501040EA010B3E20015D94F887
:10BF30003F0041EA00200490049808B90D2012E760
:10BF400004984844218900EB111006900698834517
:10BF500001D20D2007E70698ABEB0000A178B0FBFB
:10BF6000F1FABAF1000F01D10D20FCE6012540F6EF
:10BF7000F670824500D302254FF6F670824500D355
:10BF800003250AF102006061E761049838442062E9
:10BF900006983844A062032D16D1208908B10D20DF
:10BFA000E1E694F85F00010694F85E0041EA004182
:10BFB00094F85D0041EA002094F85C100843606248
:10BFC00060698000059014E0208908B90D20CAE658
:10BFD000206A48446062022D02D16069400007E097
:10BFE000207D00F00100616901EB410100EB51008F
:10BFF0000590A169059800F2FF10B1EB502F01D216
:10C000000D20B0E64FF0FF302061E06080206071CD
:10C01000032D5AD194F8601094F8610041EA002091
:10C02000012852D1791C2046FEF7E8FDE8BB00202C
:10C03000607194F82E1294F82F0241EA00204AF61B
:10C040005521884241D13320005D01063220005D38
:10C0500041EA00413120005D41EA002094F83010AF
:10C060000843FC49884230D194F81702010694F83D
:10C07000160241EA004194F8150241EA002094F8C2
:10C0800014120843F44988421FD194F81B02010698
:10C0900094F81A0241EA004194F8190241EA00209A
:10C0A00094F818120843206100E00EE094F81F0293
:10C0B000010694F81E0241EA004194F81D0241EA8B
:10C0C000002094F81C120843E0602570E3480088C3
:10C0D000401C80B2E1490880E080002043E670B552
:10C0E00005462C464CB1206838B12068007820B154
:10C0F0002068C088A188884201D0092070BD2168CD
:10C100004878FEF73BFC00F0010008B10320F5E79A
:10C110000020F3E7F7B582B016460398019001A816
:10C12000FFF7A8FD0546002D02DA0B2005B0F0BD93
:10C13000CB4850F825400CB100202070029810B177
:10C14000002002990870C649029841F8250002981B
:10C1500008B1012E01D00020E8E7002203A902A8BF
:10C16000FFF7F3FD07463846E0E72DE9F7478DB0C6
:10C17000054616461DB9092010B0BDE8F08700201D
:10C18000286006F01F0626F001020EA904A8FFF79A
:10C19000DCFD0746002F73D14FF40070FEF7C2FCA0
:10C1A0008146B9F1000F01D11120E5E7CDF82C90BF
:10C1B00001A80A9004A80E99FFF714FD0746099CF0
:10C1C0000FB904B9062706F01C00002851D04FB162
:10C1D000042F03D104A8FFF787FA074646F00806A4
:10C1E000099C09E0E07A00F0110008B1072703E09C
:10C1F00006F0040000B10827002F39D106F008002E
:10C20000002835D0FEF78CFC804684F80E804FEA7B
:10C210001821E1734FEA184121744FEA18616174E3
:10C220000020E072207700216177A177E177214635
:10C230000498FFF73BF8824600212046FFF746F8B6
:10C24000012004990871BAF1000F11D00498D0F8B8
:10C250002C8051460498FEF76AFE074647B9AAF1BA
:10C2600001000499C86041460498FEF7C7FC0746E0
:10C270000FE077B9E07A00F0100010B1042708E071
:10C2800031E006F0020020B1E07A00F0010000B1D8
:10C29000072747B906F0080008B146F020060498C1
:10C2A000C06AE8612C624846FEF743FCDFB9AE7114
:10C2B0000020E87121460498FEF7F8FF2861E07F2E
:10C2C0000106A07F41EA0041607F41EA0020217F12
:10C2D0000843E8600020A860A861686204982860AC
:10C2E0002868C088A880384646E72DE9FF4F83B00C
:10C2F000044615469A46DDF810B00020CAF8000042
:10C300002046FFF7ECFE0290029818B1029807B0A1
:10C31000BDE8F08FE07908B1E079F8E7A07900F0A6
:10C32000010008B90720F2E7D4E90210401A009092
:10C330000098854200D9009DB2E02089C0F3080032
:10C34000002876D120688078401EA16800EA51203C
:10C3500000F0FF09B9F1000F1FD1A06810B92069E2
:10C3600001900CE0606A28B12046A168FEF780FECB
:10C37000019004E061692068FEF7CAFC0190019811
:10C38000022802D20220E071C1E70198401C10B9D6
:10C390000120E071BBE70198606161692068FEF7E8
:10C3A000AAFC064616B90220E071B0E74E444FEAF7
:10C3B0005528B8F1000F29D009EB080021688978C9
:10C3C000884203D920688078A0EB09082168487862
:10C3D000434632465946FEF7D4FA10B10120E071C7
:10C3E00095E7A07900F0400068B1A069801B404546
:10C3F00009D2A169891B0BEB41204FF4007204F1B3
:10C400002801FEF7A1FB4FEA48273FE0A069B042B0
:10C4100028D0A07900F0400080B12168487801233D
:10C4200004F12801A269FEF7E9FA18B10120E071D0
:10C430006DE718E0A07920F04000A07121684878ED
:10C440000123324604F12801FEF79BFA50B1012086
:10C45000E0715CE752526141727241615E020020FC
:10C4600020BF0120A6612089C0F30800C0F5007735
:10C47000AF4200D92F462089C0F3080204F12800FA
:10C4800011183A465846FEF75FFB00BFBB44A06850
:10C490003844A060DAF800003844CAF80000ED1B08
:10C4A000002D7FF44AAF002031E72DE9FF4F83B024
:10C4B000044615469B46049801900020CBF80000E6
:10C4C0002046FFF70CFE0290029818B1029807B0C0
:10C4D000BDE8F08FE07908B1E079F8E7A07900F0E5
:10C4E000020008B90720F2E7A0682844A168884242
:10C4F00000D20025BEE02089C0F3080000287DD1CD
:10C5000020688078401EA16800EA512000F0FF0AF0
:10C51000BAF1000F26D1A06838B9276997B9002170
:10C520002068FEF73AFD07460CE0606A28B1204615
:10C53000A168FEF79DFD074604E061692068FEF7EB
:10C540002CFD074607B998E0012F02D10220E071C7
:10C55000BDE7781C10B90120E071B8E76761206978
:10C5600000B92761A07900F0400078B121684878CF
:10C57000012304F12801A269FEF740FA10B101205D
:10C58000E071A4E7A07920F04000A0716169206803
:10C59000FEF7B1FB064616B90220E07197E7564454
:10C5A0004FEA5529B9F1000F2CD00AEB0900216898
:10C5B0008978884203D920688078A0EB0A0921682D
:10C5C00048784B4632460199FEF718FA10B101201F
:10C5D000E0717CE7A069801B48450ED2A069801BF2
:10C5E000019A02EB40214FF4007204F12800FEF79B
:10C5F000ABFAA07920F04000A07100E016E04FEA0D
:10C6000049282AE0A069B0420FD0D4E9020188424B
:10C610000BD2216848780123324604F12801FEF745
:10C62000B0F910B10120E07151E7A6612089C0F393
:10C630000800C0F50078A84500D9A8462189C1F3B3
:10C64000080204F12801501842460199FEF77CFACD
:10C65000A07940F04000A07100BF019840440190D3
:10C66000A0684044A060DBF800004044CBF8000024
:10C67000A5EB0805002D7FF43EAF00BFD4E9020111
:10C68000884201D9A068E060A07940F02000A07144
:10C6900000201CE72DE9F04104462046FFF71FFD6E
:10C6A0000746002F4CD1A07900F02000002847D089
:10C6B000A07900F0400078B121684878012304F1A6
:10C6C0002801A269FEF79AF910B10120BDE8F081B6
:10C6D000A07920F04000A071E1692068FEF78EFA91
:10C6E0000746002F2CD1256AE87A40F02000E87236
:10C6F000207B2877A089010A6977E068010CA97777
:10C70000E068010EE97728462169FEF7DFFDFEF7B4
:10C7100007FA0646AE75310AE975310C2976310EF5
:10C7200069760020A8740021E974A07920F0200027
:10C73000A0710120216808712068FEF778FA074689
:10C740003846C3E770B505462846FFF7A3FF044601
:10C7500044B92846FFF7C3FC04460CB90020286002
:10C76000204670BD2046FCE72DE9FE4F04460D46ED
:10C770002046FFF7B4FC0290029810B10298BDE881
:10C78000FE8FE07908B1E079F9E7606A002871D09E
:10C79000681C00283BD1D4F8248058F804AB4FF033
:10C7A000020926693EB300BF00964FF0000B09F165
:10C7B000020900BF01960BF1010B31462068FEF71C
:10C7C000A7FA0646012E02D80220E071D7E7701CB6
:10C7D00010B90120E071D2E70198401C8642E9D0EF
:10C7E000D14504D848F804BB009848F8040B2068E9
:10C7F0004069B042D8D8606AC0F80090D14503D8EB
:10C800000020C8F8000047E01120029044E0E068F2
:10C81000A84200D2E568A560002D3DD0691E2046E3
:10C82000FEF726FC606161692068FEF764FA07463E
:10C8300017B90220E071A2E720688078401E691EC7
:10C8400000EA512007442089C0F3080020B3A06902
:10C85000B84221D0A07900F0400080B1216848782A
:10C86000012304F12801A269FEF7C8F818B10120DC
:10C87000E07184E711E0A07920F04000A071216808
:10C88000487801233A4604F12801FEF77AF810B1FE
:10C890000120E07173E7A761ABE0E068A84204D231
:10C8A000A07900F0020000B9E568D4F808904FF0D4
:10C8B0000008C4F80880002D67D0206880784702FF
:10C8C000B9F1000F11D0681EB0FBF7F1A9F101001A
:10C8D000B0FBF7F0814208D3A9F10100791E88432B
:10C8E000A060A0682D1A666912E026697EB9002151
:10C8F0002068FEF752FB0646012E02D10220E071AD
:10C900003DE7701C10B90120E07138E726616661CF
:10C91000C6B323E0A07900F0020038B131462068A8
:10C92000FEF73BFB064636B93D4619E03146206826
:10C93000FEF7EEF90646701C10B90120E0711EE703
:10C94000012E03D920684069B04202D80220E0716C
:10C9500015E76661A0683844A060ED1BBD42D9D8D8
:10C9600000BFA0682844A060C5F3080050B131465C
:10C970002068FEF7C0F98046B8F1000F03D102200D
:10C98000E071FCE601E008EB55282089C0F30800BF
:10C9900020B3A069404521D0A07900F0400078B1D3
:10C9A00021684878012304F12801A269FEF726F8DE
:10C9B00010B10120E071E2E6A07920F04000A07102
:10C9C000216848780123424604F12801FDF7D9FF88
:10C9D00010B10120E071D2E6C4F81880D4E9020158
:10C9E000884205D9A068E060A07940F02000A071DD
:10C9F00000BF0298C3E673B584B0044614B9092099
:10CA000006B070BD002205A903A8FFF79EF90546F0
:10CA1000002D2FD1039820604FF40070FEF782F8AC
:10CA200006460EB91120EBE7E661C4F818D020469F
:10CA30000599FFF7D7F805463046FEF77AF8B5B9FD
:10CA4000606958B16069C07A00F0100028B161696E
:10CA50000398FEF72BFCA06000E005253DB9039884
:10CA6000C088A08000212046FEF71BFB0546042D50
:10CA700000D105250DB1002020602846C0E770B523
:10CA800004462046FFF72BFB05460DB90020206029
:10CA9000284670BDFEB504460F462046FFF71FFB33
:10CAA0000546002D2DD12FB900212046FEF7F9FAB9
:10CAB000054626E04FF40070FEF734F806460EB93E
:10CAC0001120FEBDE661C4F818D000212046FEF713
:10CAD000A5FD0546042D02D10020206100256DB979
:10CAE00039462046FEF7CAFE00212046FEF728FB05
:10CAF0000546042D02D10020206100253046FEF7B6
:10CB000018F82846DDE773B58CB00E4600220CA954
:10CB100003A8FFF71AF90546EDB94FF40070FEF7C8
:10CB200001F8044614B911200EB070BD0A94CDF876
:10CB300024D003A80C99FFF755F8054645B9089885
:10CB400028B12EB1314603A8FEF798FE00E0062575
:10CB50002046FDF7EEFF2846E6E72DE9F74F82B0C5
:10CB60008A46002202A90498FFF7EFF80190049882
:10CB70000468019800286DD1D4E90410801E814218
:10CB800003D82069CAF8000064E094F800B00026D9
:10CB9000BBF1010F1CD1022700BF39462046FEF72A
:10CBA000B7F8804608F1010010B9012001900EE0AD
:10CBB000B8F1010F02D10220019008E0B8F1000F96
:10CBC00000D1761C781C074661698842E5D33AE0BB
:10CBD0006769206A00904FF00009002500BFB9F195
:10CBE000000F0ED10098421C014620460092FEF72D
:10CBF00005F80190019800B124E004F130054FF4EC
:10CC00000079BBF1020F09D12878697840EA012048
:10CC100000B9761CAD1CA9F1020910E0E878000605
:10CC2000A97840EA0140697840EA01202978084360
:10CC300020F0704000B9761C2D1DA9F10409781E62
:10CC4000071ECCD100BF2661607940F00100607101
:10CC5000CAF80060019805B0BDE8F08F70B50446D1
:10CC60002046FFF73CFA054645B9E07908B1E57979
:10CC700004E0A07900F0020000B90725002D47D19B
:10CC8000D4E90210884241D9A068E060A07940F060
:10CC90002000A071A06838B921692068FEF747F923
:10CCA0000546002020611DE061692068FEF730F82C
:10CCB00006460025701C00B90125012E00D1022571
:10CCC00085B920684069B0420CD96FF07042616943
:10CCD0002068FEF791F8054625B931462068FEF731
:10CCE00026F9054695B9A07900F0400070B1216899
:10CCF0004878012304F12801A269FDF77FFE08B1FD
:10CD0000012503E0A07920F04000A07105B1E57194
:10CD1000284670BDF1B596B0012216A90DA8FFF7FF
:10CD200014F80446002C54D14FF40070FDF7FAFEBD
:10CD3000074617B9112017B0F0BD149701A813903A
:10CD40000DA81699FEF74EFF044600BF002C3DD1FA
:10CD5000129E0EB9062404E0F07A00F0010000B142
:10CD6000072431460D98FEF7A1FA0546ECB9F07A92
:10CD700000F01000C8B1022D01D2022415E02422D7
:10CD80000DA904A8FDF7E0FE0695022104A8FEF710
:10CD900088F904464CB9002104A8FEF73FFC04467C
:10CDA00004B90724042C00D100247CB90DA8FEF797
:10CDB00030FD044654B925B129460D98FEF7B7F861
:10CDC00004461CB90D98FDF732FF04463846FDF7BE
:10CDD000B0FE2046AFE72DE9F14F8CB0FDF7A0FE85
:10CDE000064601220CA903A8FEF7AFFF0546002D59
:10CDF0007BD14FF40070FDF795FE8046B8F1000F2F
:10CE000003D111200DB0BDE8F08FCDF82880CDF80A
:10CE100024D003A80C99FEF7E5FE054605B90825C0
:10CE200000BF042D7AD100210398FEF7B6F807461B
:10CE3000002507B90725012F00D10225781C00B96C
:10CE400001251DB90398FDF7B3FE0546002D5BD102
:10CE500039460398FDF74FFF8246039800F13004EE
:10CE60004FF4007200212046FDF77BFE0B222021AB
:10CE70002046FDF776FE2E2020701020E072A67569
:10CE8000310AE175310C2176310E61763946204642
:10CE9000FEF71CFA2022214604F12000FDF754FE83
:10CEA0002E2084F82100DDF814B0039800780328C0
:10CEB00004D10398406A584500D1AB46594604F165
:10CEC0002000FEF703FA039890F8029018E0039808
:10CED000C0F82CA00AF1010A0120039908710398F7
:10CEE000FDF766FE05460DB10DE030E04FF400722F
:10CEF00000212046FDF735FEA9F1010000F0FF09F1
:10CF0000B9F1000FE3D100BF1DB903A8FEF7ECFB98
:10CF1000054625B139460398FEF709F814E0089C48
:10CF20001020E072A675310AE175310C2176310EC0
:10CF3000617639462046FEF7C9F901200399087148
:10CF40000398FDF774FE05464046FDF7F2FD2846BE
:10CF500058E72DE9F7418DB08846144601220DA906
:10CF600004A8FEF7F2FE07464FBB4FF40070FDF732
:10CF7000D9FD06461EB9112010B0BDE8F0810B9610
:10CF800001A80A9004A80D99FEF72CFE074630462A
:10CF9000FDF7CFFD00BF97B9099D0DB906270EE03B
:10CFA00004F0270408EA0400E97AA1430843E87280
:10CFB0000120049908710498FDF739FE07463846A8
:10CFC000DAE7F3B58DB00D4601220DA904A8FEF7EE
:10CFD000BCFE074657BB4FF40070FDF7A3FD0646A5
:10CFE00016B911200FB0F0BD0B9601A80A9004A845
:10CFF0000D99FEF7F7FD07463046FDF79AFD00BF95
:10D00000A7B9099C0CB9062710E0A879A075E88893
:10D010000112E17528792076A88801126176012035
:10D02000049908710498FDF702FE07463846D9E7CF
:10D030002DE9F3419CB001221CA913A8FEF785FE3F
:10D040000446002C78D113980A904FF40070FDF735
:10D0500069FD07461FB911201EB0BDE8F0811A977F
:10D0600001A8199013A81C99FEF7BCFD044600BF47
:10D07000002C75D1189808B9042471E0189800F1B3
:10D080000B01152204A8FDF75FFD242213A90AA8AD
:10D09000FDF75AFD1DA8FEF7EDFD002805DB0AA8E7
:10D0A0001D99FEF79FFD044600E00B2404B90824F7
:10D0B000042C55D10AA8FEF717FB0446002C4FD1CB
:10D0C0000F9D13220DF1120105F10D00FDF73CFD3E
:10D0D0009DF8100040F02000E872012013990871BB
:10D0E0000C991598884231D0E87A00F0100068B3A6
:10D0F00029461398FEF7DAF8804641461398FDF763
:10D10000FAFD06460EB9022420E031461398FDF7D9
:10D1100075FD0446139800F15005BCB968782E28B7
:10D1200014D113980078032807D113990C98496AF1
:10D13000884202D1002001E015E00C9806463146F5
:10D140002846FEF7C3F801201399087144B913A8C3
:10D15000FEF75FFB04461CB91398FDF768FD044613
:10D160003846FDF7E6FC204676E72DE9F74189B021
:10D170000D469046002209A96846FEF7E6FD0446E2
:10D1800024BB1DB30020029000216846FDF789FFF3
:10D190000446DCB901216846FEF740FA044684B92A
:10D1A0000B2228460599FDF7CFFC0B2700BF002076
:10D1B000E85507B904E0781E0746285C2028F6D019
:10D1C00000BF042C02D100202870002444BBB8F119
:10D1D000000F25D0009A1046D169FDF70FFD0446D7
:10D1E000F4B900980078032801D1432000E02720FB
:10D1F0000646009830303044C07801060098303040
:10D200003044807841EA0041009830303044407822
:10D2100041EA002000993031895D0843C8F80000D8
:10D2200020460CB0BDE8F0812DE9F14F8CB0012211
:10D230000CA903A8FEF789FD8146B9F1000F03D0C0
:10D2400048460DB0BDE8F08F00208DF800000027A3
:10D2500000E07F1C0C98C05D0028FAD100E07F1E22
:10D2600027B1781E0C99085C2028F8D0002F5ED0DA
:10D270000026B04600BF3046761C0C990C5C812C11
:10D2800020DBE0B2FE281DDCB8F10A0F18D2BE4246
:10D2900016D20C98805D402803DB0C98805D7E28B8
:10D2A00007DD0C98805D80280ADB0C98805DFE28E5
:10D2B00006DC3046761C0C99085C40EA042000E04D
:10D2C000002084B20121204600F058FE834600F081
:10D2D0009EFE8246002100F051FE04465CB12146CC
:10D2E000FEA0FDF75BFC30B9FF2C01DD0A2000E059
:10D2F0000B20404501D80620A3E7FF2C05DD2212B4
:10D30000404608F101080DF80020E2B2404608F15D
:10D3100001080DF80020BE42ADD305E020224046B2
:10D3200008F101080DF80020B8F10B0FF6D300202A
:10D330000590002103A8FDF7B4FE8146B9F1000F66
:10D340005BD1012103A8FEF769F98146B9F1000F0D
:10D3500021D19DF8000098B10B2269460898FDF78D
:10D36000F3FBFDF7DDFB054608998D75290A089842
:10D37000C175290C08980176290E0898417602E0BB
:10D38000E520089908700120039908710398FDF7BA
:10D390004EFC814631E0B9F1040F2ED14FF0000967
:10D3A0009DF8000048B3012103A8FDF751FF814615
:10D3B000B9F1000F21D1202200210898FDF7D1FBFF
:10D3C0000B2269460898FDF7BFFB08200899C87230
:10D3D000FDF7A6FB054608998D75290A0898C175C1
:10D3E000290C08980176290E0898417601200399A6
:10D3F00008710398FDF71BFC8146484621E72DE99B
:10D40000F74F90B0914610A8FEF734FC0F900F989C
:10D41000002803DA0B2013B0BDE8F08F1198012823
:10D4200001DD1320F7E7A9F1010000EA090008B1C6
:10D430001320F0E7AD490F9851F820B0BBF1000F71
:10D4400001D10C20E7E700208BF800000F98C0B254
:10D450000C9000200B900C98FDF776FA0190019843
:10D4600000F0010008B10320D5E7019800F00400A6
:10D4700008B10A20CFE700BF04AA01210C98FDF7EC
:10D48000FAFA10B90498802801D20120C3E7119854
:10D4900008B1002000E03F2080460498A0EB08007F
:10D4A0000490B9F1000F13D14FF4FA610498B0FB66
:10D4B000F1F00A904FF0000A01E00AF1010A8C48ED
:10D4C00030F81A100A988142F7D88A4830F81A9032
:10D4D0004FEA5929B9F1000F01D14FF00109B9F113
:10D4E000800F01D94FF080090498B0FBF9F70125AE
:10D4F00040F6F670874200D302254FF6F670874259
:10D5000000D30325032D0AD1082000EB870000F289
:10D51000FF10460A202003900020029011E0012D08
:10D5200005D107EB4700401C4008C01C01E0780013
:10D53000001D064606F2FF10460A01200390202037
:10D54000029003984044079007983044069002994F
:10D5500006980844059005984844A0EB08000499F3
:10D56000884201D90E2056E709AA03210C98FDF73D
:10D5700082FA28B9099818B10998B0F5004F01D975
:10D5800001200990099905980844401E491E8843C6
:10D59000099009990598081A0990032D08D109994D
:10D5A000039808440390099907980844079001E0FC
:10D5B00009980644DDE90301081A811B0298081A3C
:10D5C000B0FBF9F7022D03D140F6F670874205D380
:10D5D000032D05D14FF6F670874201D20E201AE7CF
:10D5E000032D02D10C200D9010E0012D06D10498DE
:10D5F000B0F5803F02D201200D9007E00498B0F50D
:10D60000803F01D2042000E006200D9000BF119859
:10D6100010B1F0200E9044E04FF4007200210BF1A5
:10D620003000FDF79EFA0BF5F77401206070A070D2
:10D630000020E0700D982071FE2060710498404435
:10D640003F21B0FBF1F0FF21B0FBF1F009903F2149
:10D65000099841EA9000A0710998E0713F2020727A
:10D6600000216172A172E172049820730498010A8A
:10D6700061730498010CA1730498010EE1735521A4
:10D680008BF82E12AA218BF82F12012300220BF106
:10D6900030010C98FDF7B2F908B10120BBE6F82083
:10D6A0000E900BF130044FF4007200212046FDF77C
:10D6B00058FA0B2210A12046FDF746FA4FF4007AE3
:10D6C00084F80BA04FEA1A21217384F80D90039877
:10D6D000A0730398010AE173012013E0222A2B2C86
:10D6E0002E3A3B3C3D3E3F5B5D7C7F0020BF0120EE
:10D6F0004216010858160108EBFE904D53444F5353
:10D70000352E30002074032D01D1002001E04FF4AC
:10D710000070824684F811A04FEA1A21A17404987F
:10D72000B0F5803F05D20498E0740498010A217591
:10D7300010E0049884F820000498C0F30721212009
:10D7400001550498C0F30741222001550498010EA9
:10D75000232001550E9860753F20207600216176C8
:10D76000FF20A076E17684F81C804FEA18216177CB
:10D770004FEA1841A1774FEA1861E177FDF7D0F938
:10D780000990032D3ED1099884F843000998C0F30D
:10D790000721442001550998C0F307414520015550
:10D7A0000998010E4620015584F82460C6F307212C
:10D7B00025200155C6F3074126200155310E2720AB
:10D7C0000155022084F82C0000212D2001552E2027
:10D7D00001552F200155012084F8300031200155DA
:10D7E000062084F8320033200155802084F8400060
:10D7F000292084F842001322FEA104F14700FDF71E
:10D80000A3F91FE0099884F827000998C0F30721BD
:10D81000282001550998C0F307412920015509988E
:10D82000010E2A200155A675310AE175802084F881
:10D830002400292084F826001322F3A104F12B00F0
:10D84000FDF782F9552084F8FE01AA2140F2FF106D
:10D8500001550123424621460C98FDF7CFF808B147
:10D860000120D8E5032D06D1012308F10602214647
:10D870000C98FDF7C3F8079808904FF0000A61E094
:10D880004FF4007200212046FDF76BF90E980990C5
:10D89000032D14D0012D01D1E04801E06FF0FF000D
:10D8A000099908430990099820700998000A607046
:10D8B0000998000CA0700998000EE07019E0099812
:10D8C00060F0FF000990099820700998000A6070C4
:10D8D0000998000CA0700998000EE070FF202071DC
:10D8E000FF216171A171E17120726172A1720F213A
:10D8F000E1720898411C02460123089121460C98C8
:10D90000FDF77CF808B1012085E54FF40072002195
:10D910002046FDF726F9012009900EE00898411CE9
:10D9200002460123089121460C98FDF767F808B1DB
:10D93000012070E50998401C09900998B042EDD388
:10D940000AF1010ABAF1000F9AD0032D01D148461D
:10D9500000E00298824600BF0898411C024601235D
:10D96000089121460C98FDF749F808B1012052E5CD
:10D97000AAF10100B0F1000AEED1032D46D15220E8
:10D98000207060706120A0704120E070722084F8E7
:10D99000E401722140F2E51001554121401C01557E
:10D9A0006121401C0155781E84F8E801C0F307216D
:10D9B00040F2E9100155781EC0F307414FF4F570AD
:10D9C0000155781E010E40F2EB100155022084F83B
:10D9D000EC01002140F2ED100155401C0155401CA6
:10D9E0000155552084F8FE01AA2140F2FF1001558F
:10D9F000012308F1010221460C98FCF7FFFF0123E7
:10DA000008F1070221460C98FCF7F8FF00221146A6
:10DA10000C98FDF730F808B10120FCE40020FAE48E
:10DA20002DE9FC4707468846914600243E4613E010
:10DA30006B46012201A94846FEF757FC00980128D1
:10DA400000D00DE09DF8045000BF06F8015B641C97
:10DA50000A2D00D104E000BFA8F10100A042E7DCDC
:10DA600000BF0020307014B13846BDE8FC870020AC
:10DA7000FBE7F8B504460E4600BF6568002D00DAE6
:10DA8000F8BD28466D1C04F10C010E543D2D0CDB35
:10DA90006B462A462068FEF708FD0098A84201D18F
:10DAA000002001E04FF0FF3005466560A068401C93
:10DAB000A06000BFE4E730B595B004460D4602957E
:10DAC000002003900490214602A8FFF7D2FF03989C
:10DAD00000280DDB01AB05A9DDE90202FEF7E5FC3C
:10DAE00030B901990398884202D1049815B030BD2D
:10DAF0004FF0FF30FAE730B595B004460D46029579
:10DB000000200390049004E014F8011B02A8FFF722
:10DB1000B0FF20780028F7D1039800280DDB01AB77
:10DB200005A9DDE90202FEF7C0FC30B901990398AE
:10DB3000884202D1049815B030BD4FF0FF30FAE7AB
:10DB40000FB42DE9F04F9BB0249801900020029073
:10DB5000039026A81A9000BF259810F8014B259035
:10DB600004B924E1252C04D0214601A8FFF781FF48
:10DB7000F2E7002006468146259810F8014B2590D3
:10DB8000302C05D10126259810F8014B259006E090
:10DB90002D2C04D10226259810F8014B259009E080
:10DBA00009EB890004EB4000A0F13009259810F83A
:10DBB000014B2590302C01DB392CF1DD6C2C01D090
:10DBC0004C2C05D146F00406259810F8014B259001
:10DBD00004B9ECE02546612D04DB7A2D02DCA5F1C9
:10DBE0002000C5B24F2D60D01DDC422D5AD0432DF0
:10DBF0004FD015E04E4F204E414D4520202020466D
:10DC000041543332202020004E4F204E414D4520BC
:10DC100020202046415420202020200000FFFF002B
:10DC2000442D4CD144E0532D04D0552D41D0582DD6
:10DC300045D141E01A9850F804BB1A904FF0000803
:10DC400001E008F101081BF808000028F9D106F0EE
:10DC5000020048B903E0202101A8FFF70AFF40466F
:10DC600008F101084845F6D304E01BF8011B01A8A0
:10DC7000FFF7FFFE9BF800000028F6D103E020210B
:10DC800001A8FFF7F6FE404608F101084845F6D323
:10DC900062E71A9810F8042BD1B21A9001A8FFF786
:10DCA000E8FE59E7022019900EE0082019900BE0D9
:10DCB00000BF0A20199007E01020199004E02146C7
:10DCC00001A8FFF7D6FE47E700BF06F0040028B121
:10DCD0001A9800681A99091D1A910CE0442D05D173
:10DCE0001A9800681A99091D1A9104E01A98006898
:10DCF0001A99091D1A918246442D06D10AF0004056
:10DD000018B1CAF1000A46F00806002700BF1998AA
:10DD1000BAFBF0F100FB11A0C5B21998BAFBF0FAFA
:10DD2000092D06DD782C01D1272000E007202844AA
:10DD3000C5B205F13000C2B238467F1C14A90A549E
:10DD4000BAF1000F01D0102FE1D306F0080020B186
:10DD50002D2238467F1C14A90A54B84606F001004B
:10DD600008B1302000E02020054603E0294601A844
:10DD7000FFF77FFE06F0020020B9404608F10108D7
:10DD80004845F3D300BF781E074614AA115C01A8CA
:10DD9000FFF76FFE002FF6D103E0294601A8FFF739
:10DDA00068FE404608F101084845F6D3D4E600BFB6
:10DDB00000201A900298002810DB18AB04A9DDE9B6
:10DDC0000102FEF772FB48B918990298884205D102
:10DDD00003981BB0BDE8F00F5DF814FB4FF0FF3067
:10DDE000F7E7000010B500240EE04FF40C7100209E
:10DDF000FBF7BFFC5C4941F82400084650F82400BA
:10DE000000B903E0601CC4B2032CEEDB00BF4FF48A
:10DE10000A710020FBF7ADFC544908604FF40A7109
:10DE20000020FBF7A6FC524908604FF40071002067
:10DE3000FBF79FFC4F490860032C0AD14B48006850
:10DE400038B14B48006820B10846006808B100208E
:10DE500010BD0120FCE70146412901DA0846704760
:10DE6000612903DBA1F12000C0B2F8E70846F6E71C
:10DE70002DE9FC4105460027002405E0601CC4B2E2
:10DE8000287800B902E06D1CFA2CF7DB00BFFA2CF1
:10DE900002D1FF20BDE8FC81002408E06D1E287837
:10DEA0002E2802D16D1C2F4603E0601CC4B2052C45
:10DEB000F4DB00BF3946684601F0EAFB002407E0C6
:10DEC0001DF80400FFF7C7FF0DF80400601CC4B282
:10DED000042CF5DB00241DE0002616E0264800EBAC
:10DEE000041050F82600007800B910E0224901EB38
:10DEF000041151F82600694601F05EFC18B946EAA3
:10DF00000410C0B2C6E7701CC6B2042EE6DB00BF28
:10DF1000601CC4B2072CDFDBFF20BBE72DE9FC4708
:10DF200007460C461546002000908046814601AA0F
:10DF300069463846FEF711FE06468EB901984069DB
:10DF4000801E0199897800FB01F901988078009979
:10DF500000FB01F84FEA590020604FEA58002860A2
:10DF60003046BDE8FC8700002CBF01206002002085
:10DF70006402002070020020701601082DE9F84F9D
:10DF8000044688464FF0000B802C01DAA1463BE0A6
:10DF9000B8F1000F05D02948D0F805004FEA500B22
:10DFA00001E04FF0000B2548D0F805004FEA500A79
:10DFB0000120C0EB9A0A002710261CE0AAEB0700FC
:10DFC00007EB50051D48D0F8010000EB850000EB81
:10DFD0000B0104226846F6F74EF8BDF80000A04297
:10DFE00000D10AE0BDF80000A04201DA2F4600E0AF
:10DFF000AA46701E86B2002EE0D100BF16B1BDF851
:10E00000020000E0002081464846BDE8F88F024645
:10E01000002100E0491C0A4830F8110020B10848EE
:10E0200030F811009042F5D1054830F8110018B1D0
:10E03000044830F8110070471046FCE77CBF01200F
:10E04000E0160108C01801082DE9F0432DED028B00
:10E0500083B00746884614461E46DDED0C8AFF2530
:10E06000F8EE680A00EE106AB8EE400A80EE801AF8
:10E07000B0EE418A9FEDFE0A28EE000AB0EE408A1B
:10E0800000EE105AB8EE400AB4EE480AF1EE10FA6B
:10E090001ED0F8A004EB440909EBD97107EB61012C
:10E0A000CDE9004088B24FF4A073F0224146F5F765
:10E0B00008FEBCEEC80A10EE100AC5B2642D00DDE1
:10E0C000642503232A46414638460094F5F750FD5F
:10E0D000002003B0BDEC028BBDE8F0832DE9FF4FBB
:10E0E00083B081469846DDF840A0002002900027CA
:10E0F00083464FF40A71FBF73CFB04460CB94FF022
:10E10000010B4FF480510020FBF733FB06460EB99C
:10E110004FF0010B012241462046FEF726F8054646
:10E120000DB14FF0020BBBF1000F78D1BAF1000F27
:10E1300009D0BAF1010F12D0BAF1020F21D0BAF111
:10E14000030F42D12FE0CC48CC49C1F80100E06870
:10E15000C1F805000846D0F80100029035E0C74834
:10E16000D0F80100C549D1F805100844C349C1F8E9
:10E170000900E068C1F80D000846D0F809000290D7
:10E1800023E0BE48D0F80900BC49D1F80D1008447E
:10E19000BA49C1F81100E068C1F815000846D0F886
:10E1A0001100029011E0B548D0F81100B349D1F840
:10E1B00015100844B149C1F81900E068C1F81D0004
:10E1C0000846D0F81900029000BF00BF21E001AB63
:10E1D0004FF4805231462046FEF787F8054605B1D8
:10E1E00019E0029839184FF480523046F5F7DFFFF6
:10E1F000BDF8040007440097E3684846DDE90412CF
:10E20000FFF722FFBDF80400B0F5805F01D002E007
:10E2100005E0002DDBD000BF2046FEF793FA214633
:10E220000020FBF796FA31460020FBF792FA2846C9
:10E2300007B0BDE8F08F2DE9FF4F83B006461546C5
:10E240000024A046FF24FF208C4908706421002090
:10E25000FBF78FFA82464FF480510020FBF789FAD2
:10E2600083464FF40A710020FBF783FA0290BBF15A
:10E27000000F04D0BAF1000F01D0029878B9002045
:10E280000299FBF766FA51460020FBF762FA5946FD
:10E290000020FBF75EFA052007B0BDE8F08F50467E
:10E2A000069901F0F5F976480168504601F033FA15
:10E2B000012251460298FDF758FF04460CB148F080
:10E2C00010085046069901F0E3F96E48016850467F
:10E2D00001F021FA012251460298FDF746FF04465B
:10E2E0000CB148F020085046069901F0D1F9664873
:10E2F0000168504601F00FFA012251460298FDF7DD
:10E3000034FF04460CB148F040085046069901F02D
:10E31000BFF95E480168504601F0FDF901225146FF
:10E320000298FDF722FF04460CB148F08008002057
:10E330000299FBF70EFAB8F1000F6FD154A04FF419
:10E34000A073F022CDE9005030460499F5F7B9FCEE
:10E35000002730E005EB85018900CDE9007101EB74
:10E36000D17106EB610188B240F217332A46049955
:10E37000FFF76AFE07F5406001034FF480525846EC
:10E38000F5F779FE4FF0000908E05BF82900401C22
:10E3900000B106E009F101001FFA80F9B9F5806FBC
:10E3A000F3DB00BFB9F5806F03D007F54060F5F7E8
:10E3B000DBFE781C87B240F217308742CADB594631
:10E3C0000020FBF7C6F937A04FF4A073F022CDE987
:10E3D000005030460499F5F774FC5046069901F058
:10E3E00057F927480168504601F095F9002005EBE0
:10E3F00085018900CDE9000101EBD17106EB6101D6
:10E4000088B253462A460499FFF768FE044634B1A1
:10E4100051460020FBF79DF901203DE7BBE026A017
:10E420004FF4A073F022CDE9005030460499F5F77F
:10E4300048FC5046069901F02BF9124801685046F5
:10E4400001F069F9012005EB85018900CDE90001A2
:10E4500001EBD17106EB610188B253462A4604995B
:10E46000FFF73CFE044614B15146002030E033E093
:10E470000000C842250000002100C0007CBF012030
:10E48000AC1A0108A81A0108A41A0108A01A010868
:10E4900045726173696E6720736563746F72732E62
:10E4A0002E2E20005570646174696E6720554E49A8
:10E4B00047424B2E42494E005570646174696E6745
:10E4C0002047424B31322E42494E202000000000AE
:10E4D000FBF73FF90220DFE644A04FF4A073F022DF
:10E4E000CDE9005030460499F5F7EBFB504606990C
:10E4F00001F0CEF843480168504601F00CF90220C3
:10E5000005EB85018900CDE9000101EBD17106EB36
:10E51000610188B253462A460499FFF7DFFD04469D
:10E520002CB151460020FBF714F90320B4E636A0C5
:10E530004FF4A073F022CDE9005030460499F5F76E
:10E54000C0FB5046069901F0A3F8354801685046D3
:10E5500001F0E1F8032005EB85018900CDE9000118
:10E5600001EBD17106EB610188B253462A4604994A
:10E57000FFF7B4FD04462CB151460020FBF7E9F843
:10E58000042089E6AA202749087021224FF440017F
:10E590002448F5F70CFE51460020FBF7DAF85946FF
:10E5A0000020FBF7D6F8404676E610B50024F5F7D4
:10E5B000F5FC0FE0601CC4B221224FF44001194861
:10E5C000F5F759FD17480078AA2800D104E0142077
:10E5D000F8F7C8F90A2CEDDB00BF12480078AA282A
:10E5E00001D0012010BD0020FCE7000055706461DF
:10E5F00074696E672047424B31362E42494E2020C7
:10E6000000000000A41A01085570646174696E6707
:10E610002047424B32342E42494E20200000000059
:10E62000A01A01087CBF01202DE9F05F82460F4649
:10E6300014462046E21704EB5272D2102146E3172B
:10E6400004EB5373DB10A4EBC3030BB1012300E015
:10E6500000231A44624302F0FF099AF800600AF1AD
:10E66000010082460578812E05DB402D03DBFF2D5E
:10E6700001D0FF2E0DD14FF0000B06E0002007F86F
:10E68000010B0BF1010000F0FF0BCB45F6DBBDE801
:10E69000F09F7F2D03DAA5F14000C5B202E0A5F19D
:10E6A0004100C5B2A6F18100C6B2BE2010FB0650E3
:10E6B00000FB09F80C2C04D0102C0CD0182C1ED107
:10E6C00013E08A48D0F8090000EB08014A463846B2
:10E6D000F5F7D1FC13E08548D0F8110000EB0801F4
:10E6E0004A463846F5F7C7FC09E08048D0F81900DB
:10E6F00000EB08014A463846F5F7BDFC00BF00BFF5
:10E7000000BFC4E72DE9FF4F93B007460D461C46F6
:10E71000AA462046E21704EB5272D2102146E317B4
:10E7200004EB5373DB10A4EBC3030BB1012300E034
:10E7300000231A44624302F0FF0B0C2C06D0102C6D
:10E7400004D0182C02D017B0BDE8F08F224601A9E2
:10E750001598FFF769FF00262FE001A810F8068042
:10E760004FF0000923E008F0800030B160480288D3
:10E7700029463846F2F716FA07E0209828B95D488E
:10E78000028829463846F2F70DFA4FEA48604FEA08
:10E790001068681C85B2A5EB0A00A04203D155465B
:10E7A000781C87B206E009F1010000F0FF09B9F119
:10E7B000080FD8DB00BF701CC6B25E45CDDB00BFC2
:10E7C000C1E72DE9FE4F07460E4691469A46DDE920
:10E7D0000D4B0C9DB8460296002001904BE001982D
:10E7E00070BB2878802802DD0120019043E004EB13
:10E7F000D47108EB0902A2EB6101B94202DA3019C7
:10E8000086B2474602985044001BB04200DA35E019
:10E8100028780D2804D1301986B247466D1C07E0D0
:10E82000CDF800B02A78234631463846F5F707F987
:10E830006D1C204604EBD07107EB61018FB21AE02A
:10E840000020019008EB0900001BB84202DA3019E1
:10E8500086B2474602985044001BB04200DA0DE0F1
:10E8600023462A4631463846CDF800B0FFF74AFF26
:10E87000AD1C381987B228780028B0D100BFBDE898
:10E88000FE8F2DE9FE430746894615461C46DDF8F6
:10E8900028800026284600F01FFF86B2204604EBA1
:10E8A000D071491071438EB246450BDD0120CDE990
:10E8B0000054029010484388028849463846FFF7C2
:10E8C00080FF11E0A8EB060000EBD071C1F34F060A
:10E8D00001200949CDE9005402904B880A88F119BA
:10E8E00088B24946FFF76DFFBDE8FE837CBF01207B
:10E8F0001400002016000020780200202DE9FC5FA3
:10E9000082460C460020019000904FF40A71FAF7FD
:10E9100030FF80464FF400710020FAF72AFF0646C8
:10E92000B8F1000F79D0002E77D001225146404631
:10E93000FDF71BFC0090009800286CD101AB4FF450
:10E94000007231464046FDF7D0FCB3465E46DBF828
:10E950000800FE4988425BD106F10C05696806F1A2
:10E9600014000F183868FA49884203D03868F9490A
:10E97000884205D168681C3079680844E06102E08B
:10E9800068681430E061E06900EB0609D9F800001E
:10E99000F149884239D12889208068896080E868F7
:10E9A000C4F816002869C000C4F81200A88AA08024
:10E9B000E88A6083D9F80400C4F80600E0690830EA
:10E9C000E0612188E5A000F0DBFC6188E9A000F0AF
:10E9D000D7FCD4F81610EDA000F0D2FCD4F8121039
:10E9E000F0A000F0CDFCA188F3A000F0C9FC618B81
:10E9F000F7A000F0C5FCD4F80610F9A000F0C0FCA8
:10EA0000E169FCA000F0BCFC07E00320009004E0FA
:10EA10000220009001E0012000904046FDF792FEA8
:10EA200041460020FAF795FE31460020FAF791FEA4
:10EA30000020BDE8FC9F2DE9F84306460D469046B0
:10EA40004FF00009B8F1180F2BD12846E91705EB54
:10EA50009171891001EB41011FFA81F9EB4A91682C
:10EA6000D0686B464A46FDF740FCE84887680024BA
:10EA70000EE07A782046611C8CB23254B87830555A
:10EA8000A01C84B23A782046611C8CB23254FF1C20
:10EA9000AC42EEDB009880000321B0FBF1F0009067
:10EAA00014E0DA49C8686B462A463146FDF71DFC7A
:10EAB0000098A8420AD2009884B203E000203055A2
:10EAC000601C84B20098281AA042F7D80098BDE8CC
:10EAD000F883CF49096F01F4002199B10021CD4A93
:10EAE0001170CA49097C01F00101F1B9002005E06B
:10EAF0000021C64A12681154411C88B2B0F5005F6B
:10EB0000F6DB12E00121C34A1170C049097C01F013
:10EB1000010151B9002005E00021BC4A526811549E
:10EB2000411C88B2B0F5005FF6DB0121BA4A1170D2
:10EB300070472DE9F05F81460C4654F8060FE168F6
:10EB4000C908B0FBF1F06060D9F80800D4F81610DD
:10EB5000451A0026D4F800C0606800212A46A0FBB0
:10EB6000027B01FB05B100FB06116246002338461B
:10EB700000F0E1FBA060A41FBDE8F09F2DE9F0418B
:10EB8000064600274FF40A710020FAF7F2FD9F496C
:10EB9000C8604FF400510020FAF7EBFD9B49086074
:10EBA0004FF400510020FAF7E4FD984948604FF413
:10EBB00000510020FAF7DDFD944988600846C068DE
:10EBC000002873D0084600680028FAD0084640683C
:10EBD0000028F6D0084680680028F2D08F493046D9
:10EBE000FFF78CFE0546002D78D18C48408B10280D
:10EBF0000AD100210220F7F794FD012300225902D7
:10EC00001046F7F74BFB0EE08448408B18280AD1DA
:10EC100002210846F7F785FD032300224FF4007117
:10EC20001046F7F73BFB7D49D1F81600F7F765FB77
:10EC3000764A516810684FF48052F7F7A9FBAFF29B
:10EC40006D107749086000F030F97049C8680122FA
:10EC50003146FDF78AFA0546002D75D16F4AD16914
:10EC60006A4AD068FDF780FD6C498A7E674908686A
:10EC70004FF40051FFF7DFFE804668498A7E634902
:10EC800048684FF40051FFF7D6FE804600F006F9C1
:10EC9000DCE000BF604800780028FBD000205E491F
:10ECA0000870B8F5005F02D00125D2E0D9E05948DC
:10ECB000007848B159498A7E544948684FF4005158
:10ECC000FFF7B9FE804608E054498A7E4F4908683C
:10ECD0004FF40051FFF7AFFE8046B5E0BFE00020E3
:10ECE000F5F74CF80446042C11D14848007C00F09C
:10ECF000010030B14548007C20F001004349087410
:10ED000005E04248007C40F0010040490874032CB3
:10ED100001D0012C01D1254697E03C49C8683F4904
:10ED2000FFF707FF3D4BD3F81220D3F80E10D3F8AE
:10ED30000A0000F01BF9781CC7B2142F7AD1002703
:10ED40003848006808B970E087E070E057415645E0
:10ED5000666163744C495354646174617761767879
:10ED60002D3E617564696F666F726D61743A2564DA
:10ED70000D0A0000776176782D3E6E6368616E6ED5
:10ED8000656C733A25640D0A00000000776176789F
:10ED90002D3E73616D706C65726174653A25640D0A
:10EDA0000A000000776176782D3E626974726174A2
:10EDB000653A25640D0A0000776176782D3E626C15
:10EDC0006F636B616C69676E3A25640D0A00000021
:10EDD000776176782D3E6270733A25640D0A0000E3
:10EDE000776176782D3E6461746173697A653A253E
:10EDF000640D0A00776176782D3E646174617374E6
:10EE00006172743A25640D0A00000000BDBF012044
:10EE10000060024075020020740200209DBF0120A6
:10EE20002C000020A482424204E0012000E00020E7
:10EE3000184908601848007C00F0010018B90A2041
:10EE4000F7F790FD00E000E049E700BF002D3FF438
:10EE500020AF00BF00F029F804E0FF2502E0FF2505
:10EE600000E0FF250C4881680020FAF772FC0A4890
:10EE700001680020FAF76DFC074841680020FAF7A6
:10EE800068FC0548C1680020FAF763FC2846BDE825
:10EE9000F0810000A4824242BDBF012010B50320D2
:10EEA000F9490874F7F7D1FA10BD10B50020F649FA
:10EEB0000874F7F7D0FA10BDF0B591B005460026FA
:10EEC000294608A8FDF797FD044640F2FF10079079
:10EED00000200799FAF74DFC069004BB0698F0B1A4
:10EEE0001BE0694608A8FDF7D5FD044614B99DF856
:10EEF000090000B912E00698007808B1069801E010
:10EF00000DF1090007463846FEF7B2FF044604F04B
:10EF1000F000402801D1701C86B2E2E700BF00205B
:10EF20000699FAF716FC304611B0F0BD7CB50446E0
:10EF30000D468020102103232246CDE90010E62152
:10EF40003C20F4F75FFE002010232F22E6210090E2
:10EF50005420F4F774FD8020102103232A46CDE9C4
:10EF60000010E6215C20F4F74DFE7CBD2DE9FC414C
:10EF700004460D461646C5480088A8426DD0C349D0
:10EF80000D80084600883C2190FBF1F7802010217D
:10EF900002233A46CDE90010D2213C20F4F732FE9C
:10EFA000002010233A22D22100904C20F4F747FD94
:10EFB000B64800883C2190FBF1F201FB120780204B
:10EFC000102102233A46CDE90010D2215420F4F753
:10EFD00019FE002010232F22D22100906420F4F784
:10EFE0002EFD3C20B4FBF0F78020102102233A468E
:10EFF000CDE90010D2216C20F4F704FE002010238C
:10F000003A22D22100907C20F4F719FD3C20B4FB79
:10F01000F0F100FB11478020102102233A46CDE990
:10F020000010D2218420F4F7EDFD4FF47A70B6FB86
:10F03000F0F78020102104233A46CDE90010D221B8
:10F04000AA20F4F7DFFD92A010210B46C822CDE9DB
:10F050000010D221CA20F4F734FEBDE8FC8170B55F
:10F0600004462046FEF704FF0546402D04D1204605
:10F07000FFF784FD054605E0214687A000F080F9F2
:10F08000012500BF00BF284670BD2DE9F04F95B0A7
:10F0900000210120F7F799FA002211461046F7F7F0
:10F0A000EAFA00210120F7F719FB1AE000201021ED
:10F0B0007DA20B46CDE900210290F022BE213C202A
:10F0C000FFF77FFBC820F7F74DFC4FF6FF70CE230C
:10F0D000F022BE2100903C20F4F798FBC820F7F7FF
:10F0E00041FC76A10CA8FDF786FC0028DED173A0B8
:10F0F000FFF7E2FE06461AE00020102172A20B463E
:10F10000CDE900210290F022BE213C20FFF759FBFF
:10F11000C820F7F727FC4FF6FF709223F022BE219C
:10F1200000903C20F4F772FBC820F7F71BFC002E80
:10F13000E2D040F2FF100B9000200B99FAF719FB78
:10F140000A9000200B99FAF714FB8046710000200A
:10F15000FAF70FFB07461AE0002010215EA20B46CB
:10F16000CDE900210290F022BE213C20FFF729FBCF
:10F17000C820F7F7F7FB4FF6FF709223F022BE216D
:10F1800000903C20F4F742FBC820F7F7EBFB0A980D
:10F190000028E1D0B8F1000FDED0002FDCD047A16D
:10F1A0000CA8FDF728FC05461DBB00241FE0BDF898
:10F1B00036B004A90CA8FDF76DFC054615B99DF8FD
:10F1C000190000B914E00A98007808B10A9801E023
:10F1D0000DF1190082465046FEF74AFE054605F03D
:10F1E000F000402803D127F814B0601C84B2DEE799
:10F1F00000BF002431A10CA8FDF7FDFB054686E009
:10F2000037F814100CA8FBF74CFF04A90CA8FDF765
:10F2100041FC054615B99DF8190000B97AE00A9835
:10F22000007808B10A9801E00DF1190082462EA17C
:10F23000404600F02DFA5146404600F06CFA4FF679
:10F24000FF70CE23F022BE2100903C20F4F7DEFABE
:10F25000002010210B46B422CDE900A10290BE216E
:10F260003C20FFF7AEFA611C88B23146FFF75EFE24
:10F270004046FFF7F4FE8146B9F1030F3DD114B1CA
:10F28000601E84B243E035E0BDBF0120760200205D
:10F290004B6270730000000063616E277420706C15
:10F2A00061793A25730D0A004D55534943CEC4BCCC
:10F2B000FEBCD0B4EDCEF32100000000303A2F4D5B
:10F2C0005553494300000000C3BBD3D0D2F4C0D68D
:10F2D000CEC4BCFE21000000C4DAB4E6B7D6C5E453
:10F2E000CAA7B0DC21000000303A2F4D55534943E6
:10F2F0002F000000701E84B209E0B9F1010F05D1A2
:10F30000601C84B2B44202DB002400E002E0002D65
:10F310003FF476AF00BF00200A99FAF71AFA414687
:10F320000020FAF716FA39460020FAF712FA15B05B
:10F33000BDE8F08F704710B54C1084EA530404D533
:10F340004042C1F1000138BF491E1B4204D5524260
:10F35000C3F1000338BF5B1E00F072FA14F0804F57
:10F3600004D04042C1F1000138BF491E14F0004FE3
:10F3700004D05242C3F1000338BF5B1E10BD000031
:10F380000FB4044910B503AA029800F03FFB10BC6B
:10F390005DF814FBA800002070B50446856900687C
:10F3A000C10601D5302600E02026C00707D070BD79
:10F3B000D4E9012130469047206A401C20626D1E2E
:10F3C000F6D570BD70B5044685690078C00707D1D1
:10F3D00070BDD4E9012120209047206A401C2062A2
:10F3E0006D1EF6D570BD70B50C460546012A05D0D8
:10F3F0002878800600D5EA69002302E0012305E0B1
:10F400005B1C934202D2E05C0028F9D1A869E6189F
:10F41000C01AA861286A184428622846FFF7BCFF72
:10F4200004E0D5E9012114F8010B9047B442F8D368
:10F430002846FFF7C7FF70BD2DE9F04106460024BE
:10F4400010687529314616A510D0AFF3008000284A
:10F4500002DA404213A507E031688A0701D512A5F8
:10F4600002E0490704D511A5012401E0AFF30080B3
:10F4700000210A2206F1240709E0B0FBF2FCB0FBF0
:10F48000F2F302FB1C00303078541846491C002867
:10F49000F3D123462A463046BDE8F04100F047BA92
:10F4A000000000002D0000002B00000020000000E4
:10F4B00070B504460D4621461068AFF300802188E0
:10F4C000090502D50F4A7A4402E00E4A7A440E3208
:10F4D000002104F1240305E000F00F060009965D09
:10F4E0005E54491C0028F7D120780023000704D57A
:10F4F000702D02D009B1022311322046BDE87040C0
:10F5000000F015BAE62500002DE9F05F89460446B3
:10F510004FF0000ADFF874B1FB44C0F820A0204689
:10F52000E1688847002874D0252806D0D4E9012155
:10F530009047206A401C2062F1E700265F46204683
:10F54000E16888472028054607DB312D05D2781968
:10F5500010F8200C08B10643F1E7B00701D526F0FA
:10F560000406C4F81CA00027C4F818A02A2D09D04E
:10F57000284600F0DDFA38B304EB8708303DC8F8C0
:10F58000185019E059F8041B204604EB87029161DA
:10F59000E1688847012F054618D1E069002820DA84
:10F5A00026F020061DE0D8F8180000EB800005EBDF
:10F5B00040003038C8F818002046E1688847054602
:10F5C00000F0B6FA0028EED1012F0AD02E2D08D176
:10F5D0002046E16888477F1C0546022F46F020063A
:10F5E000C4DBA069002803DA404246F00106A061AE
:10F5F000F00701D026F010066C2D0BD0682D09D035
:10F600004C2D39D06A2D35D0742D35D07A2D33D08C
:10F6100016E038E0E1682F4620468847B8420546A4
:10F6200009D16C2F26D04FF48060E1680643204654
:10F630008847054604E06C2F1AD04FF480700643CB
:10F640000DB3A5F14100192802D8203546F4006613
:10F650004A462946204626604E46F0F7EFFD80B127
:10F6600001280BD0F61D26F0070000F1080956E727
:10F670004020E4E78020D8E70020D6E706F104091F
:10F680004DE7284652E7206ABDE8F09FBC25000000
:10F6900040EA0103024630B59B0710D14FF0013418
:10F6A00000E008C208C91D1B9D4315EAC41FF8D01D
:10F6B00013F0FF0102F8011B0DD01B0AF8E711F847
:10F6C000013B002B02F8013B05D011F8013B002B58
:10F6D00002F8013BF3D130BD10B5431C02E010F835
:10F6E000011B71B18107FAD14FF0013202C88C1AA7
:10F6F0008C4314EAC211F9D0C01A0A0603D0C01E06
:10F7000010BDC01A10BD0A0401D0801E10BD090230
:10F71000FCD0401E10BD421E12F8013F002BFBD151
:10F7200011F8013B002B02F8013BF9D17047032A85
:10F7300040F2308010F0030C00F0158011F8013B0E
:10F74000BCF1020F624498BF11F801CB00F8013BF5
:10F7500038BF11F8013BA2F1040298BF00F801CBB9
:10F7600038BF00F8013B11F0030300F06181083A53
:10F77000C0F0088051F8043B083A51F804CBA0E8E7
:10F780000810F5E7121D5CBF51F8043B40F8043B3C
:10F79000AFF30080D20724BF11F8013B11F801CB71
:10F7A00048BF11F8012B24BF00F8013B00F801CB42
:10F7B00048BF00F8012B70474FF0013C50F8042B74
:10F7C00051F8043B9A4221D1A2EB0C03934313EA74
:10F7D000CC1317D150F8042B51F8043B9A4215D1A1
:10F7E000A2EB0C03934313EACC130BD150F8042B78
:10F7F00051F8043B9A4209D1A2EB0C03934313EA5C
:10F80000CC13DBD04FF00000704700BFD01A01BA14
:10F81000B1FA81F101F0180122FA01F0CB40C1F1F7
:10F820002001DBB2C0B2C01A2CFA01F3D11A914305
:10F8300011EAC311E6D170477047704770477047AF
:10F8400053EA020C00F069802DE9F04B4FF00006FE
:10F85000002B1FBFB3FA83F503FA05F424FA05F66B
:10F860005E4012BF1643B2FA82F502FA05F4C5F102
:10F8700020051EBF22FA05FC44EA0C04203556EA96
:10F88000044C4FEA144418BF641C4FF000084FF0BA
:10F890000009904271EB030C39D3002919BFB1FA6A
:10F8A00081F701FA07F6B0FA80F700FA07F6C7F118
:10F8B00020071EBF20FA07FC46EA0C062037B6FBDD
:10F8C000F4FCA7EB0507103F07F01F0BCBF1200658
:10F8D0000CFA0BFB2CFA06F644BFB3460026202F89
:10F8E000A4BF5E464FF0000B5BEA060C08BF4FF06A
:10F8F000010B19EB0B09ABFB027C48EB0608C01BA4
:10F9000006FB02CC0BFB03CC71EB0C01C1E70B46F1
:10F91000024641464846BDE8F08B13B54FF0000063
:10F920004FF00001AFF30080BDE81C4070472DE9A7
:10F93000F0470D4699469246044600F124080168B6
:10F94000880604D5E06921F01001216000E0012063
:10F95000A84201DD471B00E00027A1697A1902EBEC
:10F960000900081AA0612078C00602D42046FFF7DB
:10F9700013FD002608E0D4E901211AF8060090479B
:10F98000206A401C761C20624E45F4DB2078C006BD
:10F990000AD52046FFF700FD06E0D4E9012130201A
:10F9A0009047206A401C2062381EA7F10107F4DC52
:10F9B00007E0D4E9012118F805009047206A401CAF
:10F9C0002062281EA5F10105F3DC2046FFF7FAFCB2
:10F9D0002078000602D50220BDE8F0870120FBE771
:10F9E00010B5436913B1AFF3008001E0FFF7FBFCF2
:10F9F000012010BD127800F124010A7000224A7023
:10FA00000122EDE711684FF0FF32E9E7074B70B5CF
:10FA10000D467B4400F043F80446284600F052F8B7
:10FA200010B14FF0FF3070BD204670BD936FFFFFE7
:10FA300010B5203AC0F00B80B1E81850203AA0E889
:10FA40001850B1E81850A0E81850BFF4F5AF5FEABD
:10FA5000027C24BFB1E81850A0E8185044BF18C970
:10FA600018C0BDE810405FEA827C24BF51F8043B17
:10FA700040F8043B08BF7047D20728BF31F8023B6B
:10FA800048BF11F8012B28BF20F8023B48BF00F8FF
:10FA9000012B704701694A1C02610878704700B564
:10FAA0008FB0CDE901310021059105497944CDE9B7
:10FAB000031011466846FFF727FD0FB000BD000098
:10FAC000E5FFFFFF007B00F080007047754600F007
:10FAD0002BF8AE4605006946534620F007008546E0
:10FAE00018B020B5F7F710F8BDE820404FF0000639
:10FAF0004FF000074FF000084FF0000B21F0070116
:10FB0000AC46ACE8C009ACE8C009ACE8C009ACE858
:10FB1000C0098D46704710B50446AFF300802046FB
:10FB2000BDE81040F0F7AABB00487047D0BF0120E5
:10FB300030380A2801D201207047002070470000A9
:10FB40004FEA1153A3F58063D3F11E03A8BFD3F18D
:10FB5000200C08DB4FF0004242EAC12252EA505228
:10FB600032FA03F0704709420BD4102BC4BF0020B7
:10FB7000704703F5787CBCF1FF3F05D04FF0FF30B4
:10FB800070474FF00000704770B500F0C3F800BF39
:10FB90004992248000207047F0E7B0FA80F310FA11
:10FBA00003F10AD0C3F11D0303F580634FEA41500E
:10FBB0004FEA035202EBD12170474FF0000070472B
:10FBC000DFF848C170B51CEA111E1EBF1CEA1315F0
:10FBD0009EEA0C0F95EA0C0F00F06F8081EA030497
:10FBE00023EA4C134EEAD47E21EA4C1141F48011F1
:10FBF00043F48013AE44A1FB024CA0FB0365AEF1BD
:10FC00007F7E361955EB0C05A1FB034C4CF100032C
:10FC1000A0FB021C16EB0C06654153F100030942E0
:10FC200018BF46F0010613F4007F0BD14FEA0331F1
:10FC30004FEA0530340341EA155140EA16506FF09F
:10FC400003020AE04FEAC3214FEAC520F40241EA69
:10FC5000555140EA56506FF0020202EB2E4201EB82
:10FC6000025585EACE710AD05FEA440C18BF24F031
:10FC7000004450F1000041F1000120EAD47040F24C
:10FC8000FE7C624500D270BDA84214BF4FF0804494
:10FC90004FF04044002E08BF0024BEF1806FA8BF83
:10FCA000A1F1C041BDE8704080F282804FF00000B9
:10FCB00001F1C04101F0004170479EEA0C0F0CEACF
:10FCC000131518BF95EA0C0F06D04FF0000081EA1B
:10FCD000030E0EF0004170BD00F01CF88900013EDB
:10FCE00000F007B800F009B84FEA430C5FEA5C5C2B
:10FCF00008D081EA030100F05BB84FEA410C5FEAEB
:10FD00005C5CF6D14FF00000014970470000FF072E
:10FD10000000F87F0EF1020E2EF0030E5EF8046B69
:10FD2000364205D4012A43EB030515F5001F12D80E
:10FD3000012841EB010C1CF5001F0CD80ED14FEA35
:10FD4000D17C15F5001F0CEB4C0C0CF1020C08BF1C
:10FD50004CEBD37C04E04FF0080C01E04FEAD37C7D
:10FD60000CEB4C0526FA05F606F00706B6F1040C76
:10FD700006D20EEB860CBDE870404CF0010C6047DB
:10FD8000DFE80CF0090B02024FF000414FF00000D9
:10FD9000A1F5002170BD19461046012851EB010460
:10FDA00018BFD4F5001484BF002001F0004170BDDD
:10FDB0000808A0F500114FEA310170474FF040707C
:10FDC000E1EE100A70470000000000000000000093
:10FDD0000000000000003F400000000000000000A4
:10FDE0003000400030004000000009000BC03D0022
:10FDF0000BC03D00090018C024407FE02240318044
:10FE00000000180024C01B000D80324001800380D8
:10FE10001C4027401C80074000401000600000008C
:10FE20000000000000000000000000001F802040D3
:10FE300040200000402020401F80000000000900FA
:10FE400006001F80060009000000040004003F8037
:10FE5000040004000000001000600000000000002A
:10FE6000000004000400040004000400000000007E
:10FE700000400000000000000000002001C006005B
:10FE80003800400000001F802040204020401F809C
:10FE90000000000010403FC000400000000018C0FB
:10FEA000214022402440184000001080204024407F
:10FEB00024401B80000002000D0011003FC00140E3
:10FEC00000003C80244024402440238000001F8008
:10FED000244024403440038000003000200027C02C
:10FEE0003800200000001B802440244024401B8058
:10FEF00000001C0022C0224022401F8000000000A1
:10FF00000000084000000000000000000000046045
:10FF1000000000000000000004000A001100208022
:10FF20004040090009000900090009000000000024
:10FF30004040208011000A000400180020002340E7
:10FF40002400180000001F802040274029401F4047
:10FF50000000004007C039000F0001C000402040F1
:10FF60003FC0244024401B8000001F8020402040D0
:10FF700020403080000020403FC0204020401F80B3
:10FF8000000020403FC024402E4030C000002040F0
:10FF90003FC024402E00300000000F0010802040A1
:10FFA00022403380020020403FC0040004003FC0D4
:10FFB0002040204020403FC0204020400000006002
:10FFC000202020203FC02000200020403FC02440AF
:10FFD0000B0030C0204020403FC020400040004087
:10FFE00000C03FC03C0003C03C003FC000002040B8
:10FFF0003FC00C4023003FC020001F802040204015
:020000040801F1
:1000000020401F80000020403FC0244024001800F2
:1000100000001F802140214020E01FA00000204060
:100020003FC02440260019C0004018C0244024408E
:10003000224031800000300020403FC0204030008E
:10004000000020003F80004000403F802000200052
:100050003E0001C0070038002000380007C03C0007
:1000600007C038000000204039C0060039C02040D9
:1000700000002000384007C0384020000000304019
:1000800021C02640384020C00000000000007FE072
:10009000402040200000000070000C000380004061
:1000A00000000000402040207FE000000000000031
:1000B0002000400020000000000000100010001090
:1000C00000100010001000000000400000000000C0
:1000D0000000000002800540054003C000402000F1
:1000E0003FC004400440038000000000038004403F
:1000F00004400640000000000380044024403FC04C
:10010000004000000380054005400340000000005F
:1001100004401FC0244024402000000002E005509D
:1001200005500650042020403FC00440040003C096
:1001300000400000044027C0004000000000001004
:100140000010041027E00000000020403FC00140E4
:10015000070004C00440204020403FC00040004051
:10016000000007C0040007C0040003C000000440F2
:1001700007C00440040003C00040000003800440A6
:10018000044003800000041007F004500440038082
:100190000000000003800440045007F000100440F9
:1001A00007C00240040004000000000006400540B3
:1001B000054004C00000000004001F80044000400F
:1001C0000000040007800040044007C00040040015
:1001D000070004C0018006000400060001C00700FB
:1001E00001C006000000044006C0010006C0044033
:1001F00000000410071004E0018006000400000065
:10020000044005C006400440000000000000040057
:100210007BE040200000000000000000FFF0000034
:100220000000000040207BE00400000000004000CF
:10023000800040002000200040000000000000007E
:1002400000000000000000000000000000000000AE
:100250001FCC000C0000000000000000080030006F
:1002600060000800300060000000022003FC1E2037
:10027000022003FC1E200220000000000E181104C2
:100280003FFF10840C78000000000F0010840F382E
:1002900000C0077818840078000000780F8410C42C
:1002A00011240E9800E40084000808006800700023
:1002B000000000000000000000000000000000003E
:1002C00007E018182004400200000000400220044B
:1002D000181807E000000000000002400240018002
:1002E0000FF001800240024000000080008000808A
:1002F0000FF800800080008000000001000D000E5B
:1003000000000000000000000000000000800080ED
:10031000008000800080008000800000000C000C45
:1003200000000000000000000000000000060018AF
:1003300000600180060018002000000007F0080897
:1003400010041004080807F0000000000804080466
:100350001FFC000400040000000000000E0C10143C
:100360001024104411840E0C000000000C1810041E
:100370001104110412880C700000000000E003203A
:10038000042408241FFC0024000000001F9810848F
:1003900011041104108810700000000007F0088894
:1003A0001104110418880070000000001C001000E7
:1003B00010FC13001C001000000000000E38114457
:1003C0001084108411440E38000000000700088CCF
:1003D00010441044088807F00000000000000000EE
:1003E000030C030C000000000000000000000001EE
:1003F0000106000000000000000000000080014035
:10040000022004100808100400000220022002202C
:100410000220022002200220000000001004080830
:100420000410022001400080000000000E001200B5
:10043000100C106C10800F00000003E00C1813E487
:10044000142417C4082807D000000004003C03C48B
:100450001C40074000E4001C000410041FFC1104B1
:10046000110411040E880070000003E00C18100441
:100470001004100410081C10000010041FFC1004CD
:1004800010041004080807F0000010041FFC1104F9
:10049000110417C410040818000010041FFC1104F4
:1004A000110017C010000800000003E00C18100431
:1004B000100410441C780040000010041FFC10843D
:1004C0000080008010841FFC100400001004100441
:1004D0001FFC1004100400000000000300011001C4
:1004E00010011FFE10001000000010041FFC11047A
:1004F00003801464181C1004000010041FFC100476
:10050000000400040004000C000010041FFC1F0085
:1005100000FC1F001FFC1004000010041FFC0C0452
:10052000030000E010181FFC100007F0080810047A
:1005300010041004080807F0000010041FFC1084C9
:100540001080108010800F00000007F008181024A1
:100550001024101C080A07F2000010041FFC1104EC
:10056000110011C011300E0C000400000E1C11040B
:100570001084108410441C3800001800100010046F
:100580001FFC100410001800000010001FF81004D9
:100590000004000410041FF8100010001E0011E0F9
:1005A000001C007013801C0010001FC0103C00E0F5
:1005B0001F0000E0103C1FC000001004180C16348F
:1005C00001C001C01634180C100410001C001304E4
:1005D00000FC13041C00100000000804101C106430
:1005E000108413041C041018000000000000000018
:1005F0007FFE4002400240020000000030000C007C
:1006000003800060001C0003000000004002400264
:1006100040027FFE000000000000000000002000FB
:1006200040004000400020000000000100010001E7
:100630000001000100010001000100004000400035
:1006400020000000000000000000000000980124CD
:1006500001440144014400FC000410001FFC008818
:100660000104010400880070000000000070008890
:1006700001040104010400880000000000700088EB
:100680000104010411081FFC0004000000F80144EB
:1006900001440144014400C80000000001040104B9
:1006A0000FFC1104110411001800000000D60129EC
:1006B0000129012901C90106000010041FFC008462
:1006C00001000100010400FC000400000104190401
:1006D00019FC0004000400000000000000030001F9
:1006E0000101190119FE0000000010041FFC002484
:1006F000004001B4010C01040000000010041004CB
:100700001FFC0004000400000000010401FC0104BF
:10071000010001FC0104010000FC010401FC008453
:1007200001000100010400FC0004000000F80104C5
:1007300001040104010400F80000010101FF00852B
:1007400001040104008800700000000000700088AF
:1007500001040104010501FF00010104010401FC81
:1007600000840104010001800000000000CC01248D
:10077000012401240124019800000000010001006F
:1007800007F80104010400000000010001F8000462
:1007900000040004010801FC000401000180017054
:1007A000000C001001600180010001F0010C00301C
:1007B00001C00030010C01F0010000000104018CB7
:1007C00000740170018C01040000010101810171BC
:1007D000000E001801600180010000000184010C7E
:1007E000013401440184010C0000000000000000FD
:1007F000000001003EFC400240020000000000003A
:100800000000FFFF00000000000000004002400266
:100810003EFC0100000000000000000060008000BD
:100820008000400040002000200000000000000088
:1008300000000000000000000000000000000000B8
:1008400000000000000000000000000000000000A8
:10085000000000000000000000000000000F8038D1
:100860000FFE380F8038000000000000000000007C
:1008700000000000000000000100000600000C0065
:10088000003800003100000600000C0000380000B5
:100890003000000000000000000061800067F807E1
:1008A000F9800061800061800061800061800067E4
:1008B000F807F980006180000000000000000000DF
:1008C00001C0E003E0F00630080418081FFFFE0432
:1008D0000E080787F00381E000000000000001F02F
:1008E00000060C00040408060C7001F9C0000E009C
:1008F000003BE000EC18070808040C180003E000B7
:1009000000000001E00007F003F818041C080417B9
:100910000807E1D003C0E00023B0003C0800200835
:100920000000100000000000000100003100003253
:1009300000001C000000000000000000000000009B
:1009400000000000000000000000000000000000A7
:10095000000000000000000000007F0001FFC00751
:1009600080F00C00181000042000020000000000BD
:10097000002000021000040C00180780F001FFC0E6
:10098000007F0000000000000000000000000000E8
:100990000000000000004200006600006600003C0D
:1009A0000000180003FFC0001800003C00006600B3
:1009B000006600004200000000000800000800007F
:1009C000080000080000080001FFC000080000083F
:1009D00000000800000800000800000000000001FE
:1009E00000003100003200001C0000000000000088
:1009F00000000000000000000000000000000000F7
:100A000000000800000800000800000800000800BE
:100A100000080000080000080000080000080000AE
:100A20000000000000000000000038000038000056
:100A3000380000000000000000000000000000007E
:100A400000000000000000000000000600001C0084
:100A50000070000180000E0000380000C000070098
:100A6000001C0000300000000000000000007F803B
:100A700001FFE00380700600180400080400080667
:100A8000001803807001FFE0007F8000000000007C
:100A90000000000001000801000801000803FFF841
:100AA00007FFF80000080000080000080000000030
:100AB000000000000001C03802C058040098040182
:100AC00018040218040418061C1803F81801E0F8AA
:100AD00000000000000000000001C0E003C0F004BE
:100AE000000804080804080806180803F41801E7B9
:100AF000F00001E000000000000000000000030022
:100B0000000D0000110000610000810803010807CA
:100B1000FFF80FFFF80001080001080000000000C6
:100B2000000000E007FCD0060808061008061008C0
:100B3000061008061838060FF00607C0000000006F
:100B40000000000000003F8001FFE0038430020845
:100B500018041008041008041008071810030FF0F8
:100B60000007C000000000000000000003C00007F4
:100B700000000600000600F80607F806180006E068
:100B80000007000006000000000000000001E1E096
:100B900003F7F0063410041808041808040C0804BD
:100BA0000C0806161803F3F001C1E0000000000075
:100BB0000000F80003FC30030638040208040208B1
:100BC0000402080404100308F001FFC0007F0000C5
:100BD0000000000000000000000000000000000015
:100BE000000070380070380070380000000000000D
:100BF00000000000000000000000000000000000F5
:100C0000000000000000301A00301C00000000004E
:100C100000000000000000000000000000000000D4
:100C20000008000014000022000041000080800144
:100C3000004002002004001008000800000000002E
:100C400000002100002100002100002100002100FF
:100C500000210000210000210000210000210000EF
:100C6000000000000000000008000804001002005E
:100C7000200100400080800041000022000014009C
:100C800000080000000000000003C00004C00004D1
:100C90000000080038080F380808380810000C3029
:100CA0000007E00003C000000000000000003F80DB
:100CB00000FFE0038070020F1006708804C08804F3
:100CC0008308047F8802C09003012000FE400000DA
:100CD000080000180001F8003E0801C200070200E9
:100CE00007E20000FE00001FC80001F80000380005
:100CF000000804000807FFF807FFF80408080408C4
:100D00000804080804080806180803F41801E7F0A6
:100D10000001E0000000000000003F8001FFE00350
:100D20008070020018040008040008040008040091
:100D3000100600200780C000000004000807FFF82C
:100D400007FFF80400080400080400080400180263
:100D5000001003807001FFE0007F800000000400AD
:100D60000807FFF807FFF804080804080804080843
:100D7000040808043E08040008060018010060008A
:100D8000000004000807FFF807FFF804080804083B
:100D900000040800040800043E00060000060000ED
:100DA000018000000000000000003F8001FFE00320
:100DB00080700600180400080402080402080203F8
:100DC000F00783F000020000020004000807FFF8AB
:100DD00007FFF804080800080000080000080000E9
:100DE000080004080807FFF807FFF80400080000DF
:100DF0000000000004000804000804000807FFF8D1
:100E000007FFF804000804000804000800000000C0
:100E100000000000000000060000070000010400C0
:100E20000104000104000307FFFE07FFFC040000AB
:100E300004000004000004000807FFF807FFF8049E
:100E40000C08001800003E0004C7800503C8060017
:100E5000F804003804001800000804000807FFF830
:100E600007FFF80400080000080000080000080060
:100E700000080000080000180000600000000400E6
:100E80000807FFF807800807FC00007FC00003F890
:100E90000007C000780007800807FFF807FFF80484
:100EA000000804000807FFF807000803C00000E07E
:100EB00000003800001E000007000001C00400F020
:100EC00007FFF8040000000000007F8001FFE0033E
:100ED00080700600180400080400080600180300CB
:100EE0003001FFE0007F8000000004000807FFF8E9
:100EF00007FFF804040804040004040004040004C8
:100F00000400060C0003F80001F0000000000000DF
:100F100000007F8001FFE0038070060088040088E5
:100F20000400C806003C03003E01FFE6007F840089
:100F3000000004000807FFF807FFF8040808040889
:100F400000040C00040F00040BC00610F003F0387E
:100F500001E00800000800000001E0F803F030069E
:100F60003010041808041808040C08040C080206C1
:100F7000180207F00781E000000001800006000071
:100F800004000004000004000807FFF807FFF8044D
:100F900000080400000400000600000180000400B6
:100FA0000007FFE007FFF004001800000800000839
:100FB00000000800000800000804001007FFE0041B
:100FC000000004000006000007E00007FE00041F08
:100FD000E00001F80000380001E0043E0007C00016
:100FE00006000004000004000007E00007FFC00442
:100FF0001FF80007C007F80007FF80043FF800074C
:10100000C004F8000700000400000000000400080D
:1010100006001807C07805F1C8003E00001F8004D4
:1010200063E80780F80600180400080000000400C8
:101030000006000007800007E008047C08001FF895
:101040000007F800180804E0080700000600000484
:1010500000000000000100080600380400F8040346
:10106000E8040F08047C0805F00807C0080700180A
:10107000040060000000000000000000000000000C
:1010800000000000003FFFFE2000022000022000C0
:10109000022000022000020000000000000000000A
:1010A00008000007000000C0000038000006000033
:1010B00001C000003000000E000001000000000030
:1010C0000000000020000220000220000220000298
:1010D0002000023FFFFE00000000000000000000B2
:1010E00000000000000000000000000800001000E8
:1010F0000030000020000030000010000008000058
:1011000000000000000000000100000100000100DC
:1011100000010000010000010000010000010000CA
:1011200001000001000001000001000000000000BB
:10113000000000200000200000100000100000004F
:10114000000000000000000000000000000000009F
:10115000000000F00019F8001B1800220800260803
:10116000002408002410003FF8001FF800000800C9
:10117000001800000004000007FFF80FFFF000183F
:1011800018001008002008002008003018001FF088
:10119000000FC00000000000000007C0001FF000AA
:1011A0001830002008002008002008003C08001C1F
:1011B000100000600000000000000000000007C0F8
:1011C000001FF00038180020080020080020080444
:1011D000101007FFF80FFFF00000100000000000E3
:1011E000000000000007C0001FF0001230002218AD
:1011F000002208002208003208001E10000E200005
:10120000000000000000200000200800200801FF6E
:10121000F803FFF80620080420080420080720002F
:1012200003000000000000000000000E000E6E0031
:101230001FF30031B10020B10020B1003191001F37
:1012400013002E1E00200E003000000000040008D5
:1012500007FFF80FFFF80010080020000020000032
:101260002008003FF8001FF8000008000000000000
:1012700000000000002008002008002008063FF8B9
:10128000063FF80000080000080000080000000009
:101290000000000000000000000003000003002028
:1012A00001002001002003063FFE063FFC00000075
:1012B00000000000000000000004000807FFF80F15
:1012C000FFF8000188000300002FC00038F800205C
:1012D00038002008000008000000000000000000A6
:1012E00004000804000804000807FFF80FFFF800D6
:1012F00000080000080000080000000000000020B6
:1013000008003FF8003FF8001008002000003FF8F8
:10131000003FF8001008002000003FF8003FF800F0
:101320000008000000002008003FF8003FF800100F
:1013300008001000002000002008003FF8001FF8FF
:101340000000080000000000000007C0000FF000CF
:10135000183000300800200800200800300800186D
:1013600030000FF00007C000000000000000200166
:10137000003FFF003FFF001011002009002008007F
:101380002008003038001FF0000FC00000000000EF
:10139000000007C0001FF0003818002008002008D7
:1013A000002009001011001FFF003FFF0000010096
:1013B0000000002008002008002008003FF8003F3F
:1013C000F800080800100800200800200000300085
:1013D000003000000000000000000000000C780059
:1013E0001E1800330800230800210800218800216E
:1013F000980030F00038600000000000000020007D
:1014000000200000200000FFF003FFF8002008008B
:10141000200800200800003000000000000000004C
:1014200000002000003FF0007FF8000018000008D6
:10143000000008002010003FF8007FF000001000BE
:101440000000000000002000003000003C00003FD1
:10145000800023F0000078000070002380003C0032
:10146000003000002000002000003C00003FE000B1
:1014700023F80000E0002700003E00003FE00021CC
:10148000F80001E0003E00002000000000002008FD
:10149000002008003838003E680027800003C8009C
:1014A0002CF8003838002018002008000000000048
:1014B00000002000003003003C01003F830023ECCB
:1014C000000070002380003C00002000002000008D
:1014D0000000000000000000003808002038002054
:1014E000F80023E8002F88003E0800380800201884
:1014F000000070000000000000000000000000007C
:1015000000000000000008000014001FF7FC30007D
:1015100006200002000000000000000000000000A3
:10152000000000000000000000000000FFFFFF00BE
:1015300000000000000000000000000000000000AB
:10154000000000002000023000061FF7FC0014001D
:101550000008000000000000000000000000000083
:101560000000000000180000600000400000400083
:10157000002000001000000800000400000400002B
:101580000C00001000002003000105000C00010009
:101590004E04AD010400130000004006D500020017
:1015A0000D0000009D08AD01040009000100800C41
:1015B000D5000200060001003A110F0102000600EA
:1015C0000000C012020103000300010074223C016C
:1015D0000200030001008025580102000300010001
:1015E000E8446901020002000000004B890102008A
:1015F000020000000F0000000F000000FF000000CC
:101600000F0000000F0000000F00000000000000AD
:10161000800C00000078000080070000200000001F
:1016200020000000200000000090010000000F00DA
:1016300000F0000001030507090E10121416181C13
:101640001E00000400020001800040002000100085
:10165000080004000200000000800040002000108C
:1016600000080040002000100008000400020000F4
:10167000381D01080000000000000000000000000C
:10168000F01C010800000000000000000000000045
:10169000181D01080000000000000000000000000C
:1016A0001C1D0108F41C01080C1D010800000000AD
:1016B000201D0108E41C0108F81C0108E81C0108B1
:1016C000141D0108081D0108001D0108FC1C01086B
:1016D000101D0108000000000000000000000000D4
:1016E00061006200630064006500660067006800D6
:1016F00069006A006B006C006D006E006F00700086
:101700007100720073007400750076007700780035
:1017100079007A00A100A200A300A500AC00AF00F0
:10172000E000E100E200E300E400E500E600E7009D
:10173000E800E900EA00EB00EC00ED00EE00EF004D
:10174000F000F100F200F300F400F500F600F800FC
:10175000F900FA00FB00FC00FD00FE00FF000101A3
:1017600003010501070109010B010D010F01110121
:1017700013011501170119011B011D011F01210191
:1017800023012501270129012B012D012F01310101
:101790003301350137013A013C013E01400142016C
:1017A0004401460148014B014D014F0151015301D4
:1017B0005501570159015B015D015F016101630141
:1017C0006501670169016B016D016F0171017301B1
:1017D000750177017A017C017E019201B103B203A8
:1017E000B303B403B503B603B703B803B903BA032D
:1017F000BB03BC03BD03BE03BF03C003C103C303DC
:10180000C403C503C603C703C803C903CA0330041E
:101810003104320433043404350436043704380404
:1018200039043A043B043C043D043E043F044004B4
:101830004104420443044404450446044704480464
:1018400049044A044B044C044D044E044F04510413
:1018500052045304540455045604570458045904BC
:101860005A045B045C045E045F04702171217221E0
:1018700073217421752176217721782179217A21AC
:101880007B217C217D217E217F2141FF42FF43FF7F
:1018900044FF45FF46FF47FF48FF49FF4AFF4BFF14
:1018A0004CFF4DFF4EFF4FFF50FF51FF52FF53FFC4
:1018B00054FF55FF56FF57FF58FF59FF5AFF0000CE
:1018C00041004200430044004500460047004800F4
:1018D00049004A004B004C004D004E004F005000A4
:1018E0005100520053005400550056005700580054
:1018F00059005A002100E0FFE1FFE5FFE2FFE3FFAE
:10190000C000C100C200C300C400C500C600C700BB
:10191000C800C900CA00CB00CC00CD00CE00CF006B
:10192000D000D100D200D300D400D500D600D8001A
:10193000D900DA00DB00DC00DD00DE007801000108
:1019400002010401060108010A010C010E01100147
:1019500012011401160118011A011C011E012001B7
:1019600022012401260128012A012C012E01300127
:1019700032013401360139013B013D013F01410192
:101980004301450147014A014C014E0150015201FA
:101990005401560158015A015C015E016001620167
:1019A0006401660168016A016C016E0170017201D7
:1019B0007401760179017B017D019101910392030C
:1019C00093039403950396039703980399039A034B
:1019D0009B039C039D039E039F03A003A103A303FA
:1019E000A403A503A603A703A803A903AA0310043D
:1019F0001104120413041404150416041704180423
:101A000019041A041B041C041D041E041F042004D2
:101A10002104220423042404250426042704280482
:101A200029042A042B042C042D042E042F04010461
:101A3000020403040404050406040704080409045A
:101A40000A040B040C040E040F04602161216221BE
:101A500063216421652166216721682169216A214A
:101A60006B216C216D216E216F2121FF22FF23FF4D
:101A700024FF25FF26FF27FF28FF29FF2AFF2BFF32
:101A80002CFF2DFF2EFF2FFF30FF31FF32FF33FFE2
:101A900034FF35FF36FF37FF38FF39FF3AFF0000CC
:101AA000541D01086C1D01083C1D0108241D01087E
:101AB0003031323334353637383941424344454684
:101AC000403058003031323334353637383961627E
:101AD0006364656640307800040000080000000080
:101AE0000000000200010000100000003F000000A4
:101AF000646563006964000072756E74696D6500E9
:101B000068656C70000000006C6973740000000070
:101B100068657800753820574D383937385F526519
:101B200061645F5265672875382072656729000017
:101B3000766F696420574D383937385F33445F53C7
:101B40006574287538206465707468290000000089
:101B5000766F69642077726974655F616464722866
:101B600075333220616464722C7533322076616C77
:101B700029000000766F696420574D383937385F87
:101B800057726974655F526567287538207265679A
:101B90002C75382076616C2900000000766F69642E
:101BA00020574D383937385F4551315F53657428B8
:101BB00075382063667265712C7538206761696EAF
:101BC00029000000766F696420574D383937385F37
:101BD0004551325F536574287538206366726571AC
:101BE0002C7538206761696E29000000766F696482
:101BF00020574D383937385F4551335F5365742866
:101C000075382063667265712C7538206761696E5E
:101C100029000000766F696420574D383937385FE6
:101C20004551345F53657428753820636672657159
:101C30002C7538206761696E29000000766F696431
:101C400020574D383937385F4551355F5365742813
:101C500075382063667265712C7538206761696E0E
:101C60002900000075333220726561645F6164642D
:101C7000722875333220616464722900766F69645A
:101C800020574D383937385F45515F33445F4469D9
:101C9000722875382064697229000000766F6964C3
:101CA00020574D383937385F4850766F6C5F536531
:101CB0007428753820766F6C6C2C753820766F6CB4
:101CC00072290000766F696420574D383937385FC4
:101CD00053504B766F6C5F53657428753820766F60
:101CE0006C7829004D503300464C41430000000001
:101CF0004C52430043000000415045004749460014
:101D00004A504547000000004A5047004800000084
:101D100041564900424D50004E455300545854001E
:101D2000574156002F53595354454D2F464F4E544B
:101D30002F554E4947424B2E42494E002F5359537F
:101D400054454D2F464F4E542F47424B31322E466D
:101D50004F4E00002F53595354454D2F464F4E546C
:101D60002F47424B32342E464F4E00002F535953CB
:101D700054454D2F464F4E542F47424B31362E4639
:101D80004F4E0000A41D0108000000207802000052
:101D9000C4010008981E010878020020B8C30100A1
:101DA0002002000811847A030A20090102030406B4
:101DB00007080914FFFF017B17EF18011332507A4F
:101DC00040191AFF0229294908142C012C49022123
:101DD000F23212383A0B141208120C129392E912D2
:101DE000031A1002196B2B010205115A3902290C32
:101DF000E129A689AA13EF95140825961408201640
:101E0000322032681D1020A6010C130F682AF053EF
:101E10002115EC1A01081D1B010808041AF40C1AFC
:101E200010081AF0081AF804138FA31F08641C0185
:101E30000895081A5018137D641B08740813C165AF
:101E40001B081408133F671B089C201A6D081AC44E
:101E5000081A8F081A30181AA1081A7C102AC320F1
:101E600019102AF5201908131D681B08EC081A45DB
:101E7000082A143819081A3C0819C71420E59E14BA
:101E800008099F1B08B3041A17702A0DF001DC0221
:081E900018600300FFFF0000D1
:040000050800018965
:00000001FF
