:020000040800F2
:1000000008090020513E0008850300088703000806
:100010008B0300088F030008930300080000000012
:10002000000000000000000000000000970300082E
:1000300099030008000000009B0300089D030008CE
:100040006B3E00086B3E00086B3E00086B3E0008EC
:100050006B3E00086B3E00086B3E00086B3E0008DC
:100060006B3E00086B3E00086B3E00086B3E0008CC
:100070006B3E00086B3E00086B3E00086B3E0008BC
:100080006B3E00086B3E00086B3E00086B3E0008AC
:100090006B3E00086B3E00086B3E00086B3E00089C
:1000A0006B3E00086B3E00086B3E00086B3E00088C
:1000B0006B3E00086B3E0008956500086B3E00082B
:1000C0006B3E00086B3E00086B3E00086B3E00086C
:1000D0006B3E0008C73D00086B3E00086B3E000801
:1000E0006B3E00086B3E00086B3E00086B3E00084C
:1000F0006B3E00086B3E00086B3E00086B3E00083C
:100100006B3E00086B3E00086B3E00086B3E00082B
:100110006B3E00086B3E00086B3E00086B3E00081B
:100120006B3E00086B3E00086B3E00086B3E00080B
:100130006B3E00086B3E00086B3E00086B3E0008FB
:100140006B3E00086B3E00086B3E00086B3E0008EB
:100150006B3E00086B3E00086B3E00086B3E0008DB
:100160006B3E00086B3E00086B3E00086B3E0008CB
:100170006B3E00086B3E00086B3E00086B3E0008BB
:100180006B3E00086B3E000800F002F800F06DF8CE
:100190000AA090E8000C82448344AAF10107DA45E2
:1001A00001D100F062F8AFF2090EBAE80F0013F0C7
:1001B000010F18BFFB1A43F0010318471C91000000
:1001C0003C9100000A444FF0000C10F8013B13F082
:1001D000070408BF10F8014B1D1108BF10F8015BA0
:1001E000641E05D010F8016B641E01F8016BF9D193
:1001F00013F0080F1EBF10F8014BAD1C0C1B09D1EA
:100200006D1E58BF01F801CBFAD505E014F8016B5B
:1002100001F8016B6D1EF9D59142D6D370470000ED
:100220000023002400250026103A28BF78C1FBD8FF
:10023000520728BF30C148BF0B607047642906F0E1
:100240007B87752906F07887782906F0B1876329BE
:1002500007F00581732907F00A81002070471FB558
:1002600007F0B0FA1FBD10B510BD07F033F9114605
:10027000FFF7F5FF00F011F807F051F903B4FFF7AD
:10028000F2FF03BC03F040FD2C490860704770B5D5
:1002900005460C462046A84770BD1CB54FF4A0602B
:1002A00003F0F6FDA82003F0ADFC4FF4E13003F0BD
:1002B00038FD234841685420884700F079F900F060
:1002C00008FE4FF478401F4908801FA010210B46FC
:1002D000C822CDE9001032211E2003F053FC1FA0DC
:1002E00010210B46C822CDE9001046211E2003F044
:1002F00049FC1DA010210B46C822CDE900105A214F
:100300001E2003F03FFC1CA010210B46C822CDE9A3
:1003100000106E211E2003F035FC0DE00748001F81
:10032000006808B9012000E000200449091F0860A6
:100330004FF4FA7003F0C8FCF0E70000A8824242D4
:10034000D8000020140000204578706C6F72657230
:100350002053544D333246340000000055534D4174
:10036000525420544553540041544F4D40414C4940
:10037000454E54454B000000323031342F352F3577
:1003800000000000704700BFFEE700BFFEE700BFAF
:10039000FEE700BFFEE770477047704770470000F8
:1003A0000CB50020019000907648006840F4803041
:1003B0007449086000BF7348006800F40030009082
:1003C0000198401C0190009818B90198B0F5A04F11
:1003D000F1D16C48006800F4003010B101200090A9
:1003E00001E0002000900098012846D16548403087
:1003F000006840F0805063494031086062480068FE
:1004000040F44040604908605E48083000685D493B
:10041000083108600846006840F40040086008465B
:10042000006840F4A05008605848091F0860081F81
:10043000006840F08070091F086000BF51480068E4
:1004400000F000700028F9D040F2057050490860B3
:100450004C480830006820F003004A490831086021
:100460000846006840F00200086000BF45480830B8
:10047000006800F00C000828F8D10CBD10B5454804
:10048000006840F47000434908603E48006840F04E
:1004900001003C49086000203A49083108603948A9
:1004A00000683D490840374908603C48091D08601C
:1004B000081F006820F48020091F086000203149CF
:1004C0000C310860FFF76CFF4FF000603149803954
:1004D000086010BD70B50020002202230024022114
:1004E000284D08352D6805F00C0020B1042806D0F1
:1004F000082834D107E02A4D2A4E356033E02A4DD2
:10050000284E35602FE01F4D2D1D2D68C5F38054FA
:100510001C4D2D1D2D6805F03F0154B1224DB5FB3A
:10052000F1F5184E361D3668C6F3881605FB06F23F
:1005300009E01B4DB5FBF1F5124E361D3668C6F3CA
:10054000881605FB06F20F4D2D1D2D68C5F30145DC
:100550006D1C6B00B2FBF3F5124E356003E0104DDD
:10056000104E356000BF00BF064D08352D68C5F33D
:1005700003150E4E705D0B4D2D68C540094E35605C
:1005800070BD000000380240007000400854400771
:10059000003C024088ED00E0FFFFF6FE1030002432
:1005A0000024F4000000002000127A000400002063
:1005B0001CB50121202004F0E3FA4FF4C060009044
:1005C00001208DF8040000208DF8060003208DF82E
:1005D000050001208DF807006946044803F04EFD30
:1005E0004FF4C061014803F0C5FD1CBD001402407A
:1005F00001B5BDF800000090BDF80000FE4908807C
:1006000008BD01B5BDF800000090BDF80000FA4932
:10061000891C088008BD08B5F748801C0088009038
:10062000BDF8000008BDF44A10804FF0D842A2F88F
:100630008010704710B504462046FFF7D9FF05200B
:1006400003F0FAFAFFF7E7FF10BDEC480089EA492A
:1006500008807047E849891C0880704730B501461A
:1006600001F01F04C1F34513CA0AE50205EB431567
:100670001544A8B230BD00BF011EA0F10102D0B2E6
:10068000FAD1704710B502460C46DC48808841F626
:100690006311884247D1D9488079A8B9D7480088E2
:1006A000401E801A82B2D5494889FFF7A1FF002079
:1006B000FFF7A7FF0020FFF7A4FF1012FFF7A1FF2D
:1006C000D0B2FFF79EFF16E0CC494889FFF790FFB4
:1006D0001012FFF796FFD0B2FFF793FFC7490988C2
:1006E000491EC1F30F20FFF78CFFC4490978491E4A
:1006F000C8B2FFF786FFC1498889FFF779FF20124A
:10070000FFF77FFFE0B2FFF77CFFBC494988491E35
:10071000C1F30F20FFF775FFB8498978491EC8B2A9
:10072000FFF76FFF3AE0B548808845F210518842E4
:1007300020D1B2494889FFF75BFF1012FFF761FF34
:10074000AE494989491C88B2FFF752FFD0B2FFF782
:1007500058FFAA498889FFF74BFF2012FFF751FF86
:10076000A6498989491C88B2FFF742FFE0B2FFF72A
:1007700048FF13E0A1494889FFF73AFF1012FFF73D
:1007800040FFD0B2FFF73DFF9C498889FFF730FF5B
:100790002012FFF736FFE0B2FFF733FF10BD2DE95F
:1007A000F04105460E4600240027A04693480088E5
:1007B000A84203DD91484088B04202DC0020BDE839
:1007C000F08131462846FFF75DFF8C48808845F26E
:1007D0001051884204D14FF43850FFF709FF02E06E
:1007E0002E20FFF705FFFFF716FF04468348808899
:1007F00041F66311884201D12046E0E7FFF70BFF85
:100800000446FFF708FF8046E7B24FF6FF7000EAA4
:100810000727E012C002B91240EA411040EAE8207E
:10082000CDE700B57548808845F21051884204D163
:100830004FF42450FFF7DCFE02E02920FFF7D8FE3A
:1008400000BD00B56D48808845F21051884204D142
:100850004FF42050FFF7CCFE02E02820FFF7C8FE3F
:1008600000BDF0B5054600240027644880790128C2
:1008700005D16248808841F66311884208D15F48FB
:100880008079F0B95D48808841F66311884218D1BB
:10089000082D15D2DFE805F00406080A0C0E101228
:1008A00006250DE007250BE0042509E0052507E0F6
:1008B000012505E0002503E0032501E0022500BF36
:1008C00000BF082D1CD2DFE805F00406090C0F124A
:1008D000151800BF14E044F0800411E044F0400417
:1008E0000EE044F0C0040BE044F0200408E044F0C3
:1008F000600405E044F0A00402E044F0E00400BF1E
:1009000000BF3E48808845F21051884202D14FF422
:10091000585700E036273948808849F241318842EB
:1009200005D03648808847F28971884201D144F069
:10093000080421463846FFF776FE3048808841F6A5
:10094000631188421DD004F0200068B12B48008854
:100950002A494988884214DA284806884088274965
:100960000880084646800CE02448008823494988CE
:10097000884206DD214806884088204908800846CC
:1009800046801E48808845F21051884257D11B4945
:100990004889FFF72DFE0020FFF733FE17494989EC
:1009A000491C88B2FFF724FE0020FFF72AFE1349F6
:1009B0004989891C88B2FFF71BFE10490988491E26
:1009C000C1F30F20FFF71DFE0C494989C91C88B2ED
:1009D000FFF70EFE09490978491EC8B2FFF711FE5C
:1009E00006498889FFF704FE0020FFF70AFE034945
:1009F0008989491C88B203E07E00006CCC0100208C
:100A0000FFF7F6FD0020FFF7FCFDFE498989891CF0
:100A100088B2FFF7EDFDFB494988491EC1F30F205D
:100A2000FFF7EFFDF7498989C91C88B2FFF7E0FDA0
:100A3000F4498978491EC8B2FFF7E3FD2DE0F1497A
:100A40004889FFF7D5FD0020FFF7DBFD0020FFF709
:100A5000D8FDEC490988491EC1F30F20FFF7D1FDED
:100A6000E8490978491EC8B2FFF7CBFDE5498889F6
:100A7000FFF7BEFD0020FFF7C4FD0020FFF7C1FD1A
:100A8000E0494988491EC1F30F20FFF7BAFDDD494F
:100A90008978491EC8B2FFF7B4FDF0BD30B50446F1
:100AA0000D4629462046FFF7EDFDFFF7CEFDD6485F
:100AB0000088D649088030BD30B504460D46D1487F
:100AC000808845F21051884220D1CE494889FFF7ED
:100AD0008FFD2012FFF795FDCA494989491C88B24C
:100AE000FFF786FDE0B2FFF78CFDC6498889FFF766
:100AF0007FFD2812FFF785FDC2498989491C88B20C
:100B0000FFF776FDE8B2FFF77CFD42E0BD48808844
:100B100041F66311884228D1BA48807920B9B94892
:100B20000088401E001B84B2B6494889FFF760FD6B
:100B30002012FFF766FDE0B2FFF763FD2012FFF71A
:100B400060FDE0B2FFF75DFDAE498889FFF750FD1B
:100B50002812FFF756FDE8B2FFF753FD2812FFF702
:100B600050FDE8B2FFF74DFD13E0A6494889FFF7B5
:100B70003FFD2012FFF745FDE0B2FFF742FDA1491E
:100B80008889FFF735FD2812FFF73BFDE8B2FFF734
:100B900038FD9C4800899D49891E08804FF0D84047
:100BA000A0F8802030BD70B52DED048B0446BE202A
:100BB000FFF71EFD0520FFF724FD204606F0F1FC9F
:100BC00041EC190B9FED920B53EC102B06F0FCFC43
:100BD00041EC180B06F0B8FC85B22846FFF711FD72
:100BE0000120FFF70EFDFF20FFF70BFD0020FFF7B0
:100BF00008FD0020FFF705FDBDEC048B70BD10B5AE
:100C0000044680488471002C45D1F0207D4908803D
:100C10004FF4A07048800846808845F21051884201
:100C200010D14FF43050774908814FF42850488153
:100C30004FF42C5088814FF4F07008804FF44870C6
:100C400048801AE06F48808841F6631188420DD1D0
:100C50002C206C4908812B2048812A2088814FF460
:100C6000F07008804FF44870488006E02C206549F9
:100C700008812A2048812B2088816248808845F29B
:100C8000103188424CD14FF4A0705E4908804FF477
:100C9000F070488044E04FF4A0705A490880F0207A
:100CA00048800846808845F21051884210D14FF4A0
:100CB0003050544908814FF4285048814FF42C504B
:100CC00088814FF4487008804FF4F07048801AE033
:100CD0004C48808841F6631188420DD12C20494947
:100CE00008812A2048812B2088814FF44870088091
:100CF0004FF4F070488006E02C20424908812A20F9
:100D000048812B2088813F48808845F210318842F5
:100D100006D14FF4F0703B4908804FF4A070488032
:100D20000020FFF79EFD10BD2DE9F04104460D4661
:100D30001E46A018401E87B2A819401E1FFA80F850
:100D40003048808841F66311884231D12D4880793E
:100D500001282DD02B480088801A001B84B2A819C6
:100D6000401E86B227494889FFF742FC2012FFF750
:100D700048FCE0B2FFF745FCA118491EC1F30F2063
:100D8000FFF73FFCA118491EC8B2FFF73AFC1D4906
:100D90008889FFF72DFC2812FFF733FCE8B2FFF734
:100DA00030FC3012FFF72DFCF0B2FFF72AFC79E09F
:100DB0001448808845F21051884251D11149488920
:100DC000FFF716FC2012FFF71CFC0E494989491C4D
:100DD00088B2FFF70DFCE0B2FFF713FC094949891F
:100DE000891C88B2FFF704FC3812FFF70AFC05499A
:100DF0004989C91C88B2FFF7FBFBF8B2FFF701FC79
:100E0000004909E0CC010020140000208000006CA3
:100E100066666666666604408889FFF7E9FB281205
:100E2000FFF7EFFBFE498989491C88B2FFF7E0FB19
:100E3000E8B2FFF7E6FBFA498989891C88B2FFF717
:100E4000D7FB4FEA2820FFF7DCFBF5498989C91C4D
:100E500088B2FFF7CDFB08F0FF00FFF7D2FB21E0DF
:100E6000EF494889FFF7C4FB2012FFF7CAFBE0B245
:100E7000FFF7C7FB3812FFF7C4FBF8B2FFF7C1FB5F
:100E8000E7498889FFF7B4FB2812FFF7BAFBE8B2FD
:100E9000FFF7B7FB4FEA2820FFF7B3FB08F0FF008E
:100EA000FFF7AFFBBDE8F08170B504460026DC48D3
:100EB00005884088454300210846FFF7E3FBFFF71C
:100EC000C4FB00BF02E0D7480480761CAE42FAD3D0
:100ED00070BD00B5A1B00020209001217A2003F060
:100EE0004FFE0121084603F083FE4FF400401E90A0
:100EF00001208DF87C0000208DF87E0002208DF806
:100F00007D0001208DF87F001EA9C74803F0B6F8C8
:100F10004CF233701E9002208DF87C0000208DF87A
:100F20007E0003208DF87D0001208DF87F001EA932
:100F3000BE4803F0A3F84FF680701E9002208DF893
:100F40007C0000208DF87E0003208DF87D000120BC
:100F50008DF87F001EA9B64803F090F84FF480503A
:100F60001E9002208DF87C0000208DF87E0003206A
:100F70008DF87D0001208DF87F001EA9AD4803F09B
:100F80007DF84FF480501E9002208DF87C000020E8
:100F90008DF87E0003208DF87D0001208DF87F0004
:100FA0001EA9A54803F06AF80C2200219F4803F00F
:100FB000F0F80C2201219D4803F0EBF80C220421EB
:100FC0009A4803F0E6F80C220521984803F0E1F86E
:100FD0000C220821954803F0DCF80C2209219348E3
:100FE00003F0D7F80C220A21904803F0D2F80C2223
:100FF0000E218E4803F0CDF80C220F218B4803F010
:10100000C8F80C2207218A4803F0C3F80C220821F3
:10101000874803F0BEF80C220921854803F0B9F88F
:101020000C220A21824803F0B4F80C220B218048DC
:1010300003F0AFF80C2211467D4803F0AAF80C2209
:101040000D217B4803F0A5F80C220E21784803F00F
:10105000A0F80C220F21764803F09BF80C221146D1
:10106000744803F096F80C221146734803F091F887
:101070000F200890002009903C200A9000200B903F
:101080000C900D900E9009200190002002900820F5
:1010900003900020049005900690079006200F9082
:1010A00000201090119010201290002013901590A5
:1010B0001490169017904FF48050189000201990BB
:1010C0004FF480401A9000201B9008A81C9001A8A3
:1010D0001D900FA803F0B1F80121062003F038F9A4
:1010E000322002F0F1FDD320FFF782FAFFF793FAE6
:1010F0004B498880FFF78FFA49498880FFF78BFAC0
:1011000047498880084680884FF6FF7101EA002031
:1011100043498880FFF77FFA41498988084340495D
:1011200088800846808849F24131884276D0042080
:10113000FFF75EFAFFF76FFA39498880FFF76BFA1D
:1011400037498880FFF767FA3549888008468088E4
:101150004FF6FF7101EA002031498880FFF75BFA02
:101160002F49898808432E4988800846808848F29C
:101170005251884203D147F2897029498880284812
:10118000808847F28971884248D0D420FFF730FA2E
:10119000FFF741FA22498880FFF73DFA204988800D
:1011A000FFF739FA1E498880084680884FF6FF719C
:1011B00001EA00201A498880FFF72DFA184989882A
:1011C0000843174988800846808845F210318842D4
:1011D00065D04FF45A40FFF70BFAFFF71CFA10499D
:1011E00088804FF45B40FFF703FAFFF714FA0C49CD
:1011F0008880084680884FF6FF7101EA0020084980
:1012000088804FF45C40FFF7F3F9FFF704FA0449D4
:10121000898808430249888008460FE03FE00000C3
:10122000CC0100208000006C00040240000C024051
:101230000010024000140240001802408088B0F5FF
:10124000004F02D145F210508880FD48808845F259
:101250001051884223D0A120FFF7CAF9FFF7DBF92C
:10126000F7498880FFF7D7F9F549888008468088D4
:101270004FF6FF7101EA0020F1498880FFF7CBF9B2
:10128000EF4989880843EE4988800846808845F2FE
:101290006171884203D141F66310E9498880E848CA
:1012A000808849F24131884211D0E548808845F272
:1012B000103188420BD0E248808845F210518842B4
:1012C00005D0DF48808841F6631188421CD1DD4893
:1012D000006820F00F004FF02041C1F81C010846C3
:1012E000D0F81C0120F47060C1F81C010846D0F849
:1012F0001C0140F00300C1F81C010846D0F81C0195
:1013000040F40070C1F81C01CD488188CEA005F0E2
:10131000B7FECB48808849F2413188427ED1CF2048
:10132000FFF766F90020FFF76CF9C120FFF769F9B4
:101330003020FFF766F9ED20FFF75AF96420FFF738
:1013400060F90320FFF75DF91220FFF75AF98120B9
:10135000FFF757F9E820FFF74BF98520FFF751F920
:101360001020FFF74EF97A20FFF74BF9CB20FFF75B
:101370003FF93920FFF745F92C20FFF742F900200B
:10138000FFF73FF93420FFF73CF90220FFF739F966
:10139000F720FFF72DF92020FFF733F9EA20FFF7B8
:1013A00027F90020FFF72DF90020FFF72AF9C020C8
:1013B000FFF71EF91B20FFF724F9C120FFF718F9EA
:1013C0000120FFF71EF9C520FFF712F93020FFF7C3
:1013D00018F93020FFF715F9C720FFF709F9B720F2
:1013E000FFF70FF93620FFF703F94820FFF709F957
:1013F0003A20FFF7FDF85520FFF703F9B120FFF77A
:10140000F7F80020FFF7FDF81A20FFF7FAF8B620EA
:10141000FFF7EEF80A20FFF7F4F800E097E0A220CB
:10142000FFF7EFF8F220FFF7E3F80020FFF7E9F805
:101430002620FFF7DDF80120FFF7E3F8E020FFF7B3
:10144000D7F80F20FFF7DDF82A20FFF7DAF8282079
:10145000FFF7D7F80820FFF7D4F80E20FFF7D1F8F0
:101460000820FFF7CEF85420FFF7CBF8A920FFF7AC
:10147000C8F84320FFF7C5F80A20FFF7C2F80F208D
:10148000FFF7BFF80020FFF7BCF80020FFF7B9F81E
:101490000020FFF7B6F80020FFF7B3F8E120FFF7D0
:1014A000A7F80020FFF7ADF81520FFF7AAF81720DE
:1014B000FFF7A7F80720FFF7A4F81120FFF7A1F81E
:1014C0000620FFF79EF82B20FFF79BF85620FFF72A
:1014D00098F83C20FFF795F80520FFF792F81020C8
:1014E000FFF78FF80F20FFF78CF83F20FFF789F800
:1014F0003F20FFF786F80F20FFF783F82B20FFF738
:1015000077F80020FFF77DF80020FFF77AF8012038
:10151000FFF777F83F20FFF774F82A20FFF768F805
:101520000020FFF76EF80020FFF76BF80020FFF7B0
:1015300068F8EF20FFF765F81120FFF759F87820D9
:1015400002F0C2FB2920FFF753F802F0B2B83C4882
:10155000808847F2897188427ED11120FFF748F8D0
:10156000782002F0B1FB3620FFF742F80020FFF7A9
:1015700048F83A20FFF73CF80520FFF742F8B22080
:10158000FFF736F80C20FFF73CF80C20FFF739F88E
:101590000020FFF736F83320FFF733F83320FFF74A
:1015A00030F8B720FFF724F83520FFF72AF8BB20E2
:1015B000FFF71EF83220FFF724F8C020FFF718F8D5
:1015C0000C20FFF71EF8C220FFF712F80120FFF7EA
:1015D00018F8C320FFF70CF81020FFF712F8C4200A
:1015E000FFF706F82020FFF70CF8C620FFF700F8F9
:1015F0000F20FFF706F8D020FEF7FAFFA420FFF730
:1016000000F8A120FEF7FDFFE020FEF7F1FFD0205B
:10161000FEF7F7FF0020FEF7F4FF0220FEF7F1FFD0
:101620000720FEF7EEFF0A20FEF7EBFF2820FEF76B
:10163000E8FF3220FEF7E5FF4420FEF7E2FF0CE072
:10164000CC0100201C0100A0204C43442049443A16
:1016500025780D0A0000000060E04220FEF7D1FF6F
:101660000620FEF7CEFF0E20FEF7CBFF1220FEF77E
:10167000C8FF1420FEF7C5FF1720FEF7C2FFE120C8
:10168000FEF7B6FFD020FEF7BCFF0020FEF7B9FF43
:101690000220FEF7B6FF0720FEF7B3FF0A20FEF791
:1016A000B0FF2820FEF7ADFF3120FEF7AAFF54203F
:1016B000FEF7A7FF4720FEF7A4FF0E20FEF7A1FFCD
:1016C0001C20FEF79EFF1720FEF79BFF1B20FEF756
:1016D00098FF1E20FEF795FF2A20FEF789FF0020C5
:1016E000FEF78FFF0020FEF78CFF0020FEF789FF3A
:1016F000EF20FEF786FF2B20FEF77AFF0020FEF793
:1017000080FF0020FEF77DFF0120FEF77AFF3F20DB
:10171000FEF777FF2920FEF76BFF16E7FE4880886B
:1017200045F21031884240F07C87ED20FEF760FFE3
:101730000120FEF766FFFE20FEF763FFEE20FEF7B6
:1017400057FFDE20FEF75DFF2120FEF75AFFF12054
:10175000FEF74EFF0120FEF754FFDF20FEF748FFA3
:101760001020FEF74EFFC420FEF742FF8F20FEF749
:1017700048FFC620FEF73CFF0020FEF742FFE220B4
:10178000FEF73FFFE220FEF73CFFE220FEF739FFC5
:10179000BF20FEF72DFFAA20FEF733FFB020FEF793
:1017A00027FF0D20FEF72DFF0020FEF72AFF0D205A
:1017B000FEF727FF0020FEF724FF1120FEF721FF90
:1017C0000020FEF71EFF1920FEF71BFF0020FEF78A
:1017D00018FF2120FEF715FF0020FEF712FF2D2035
:1017E000FEF70FFF0020FEF70CFF3D20FEF709FF7C
:1017F0000020FEF706FF5D20FEF703FF0020FEF746
:1018000000FF5D20FEF7FDFE0020FEF7FAFEB1208E
:10181000FEF7EEFE8020FEF7F4FE0020FEF7F1FE5C
:101820008B20FEF7EEFE0020FEF7EBFE9620FEF783
:10183000E8FE0020FEF7E5FEB220FEF7D9FE00200C
:10184000FEF7DFFE0020FEF7DCFE0220FEF7D9FEE9
:101850000020FEF7D6FE0320FEF7D3FE0020FEF7A1
:10186000D0FEB320FEF7C4FE0020FEF7CAFE002023
:10187000FEF7C7FE0020FEF7C4FE0020FEF7C1FE03
:101880000020FEF7BEFE0020FEF7BBFE0020FEF7A4
:10189000B8FE0020FEF7B5FE0020FEF7B2FE0020E5
:1018A000FEF7AFFE0020FEF7ACFE0020FEF7A9FE1B
:1018B0000020FEF7A6FE0020FEF7A3FE0020FEF7A4
:1018C000A0FE0020FEF79DFE0020FEF79AFE0020FD
:1018D000FEF797FE0020FEF794FE0020FEF791FE33
:1018E0000020FEF78EFE0020FEF78BFE0020FEF7A4
:1018F00088FE0020FEF785FEB420FEF779FE8B20DF
:10190000FEF77FFE0020FEF77CFE9620FEF779FEB4
:101910000020FEF776FEA120FEF773FE0020FEF702
:1019200070FEB520FEF764FE0220FEF76AFE00207E
:10193000FEF767FE0320FEF764FE0020FEF761FE5F
:101940000420FEF75EFE0020FEF75BFEB620FEF7E9
:101950004FFE0020FEF755FE0020FEF752FEB72096
:10196000FEF746FE0020FEF74CFE0020FEF749FE83
:101970003F20FEF746FE0020FEF743FE5E20FEF706
:1019800040FE0020FEF73DFE6420FEF73AFE0020F8
:10199000FEF737FE8C20FEF734FE0020FEF731FE06
:1019A000AC20FEF72EFE0020FEF72BFEDC20FEF71B
:1019B00028FE0020FEF725FE7020FEF722FE002004
:1019C000FEF71FFE9020FEF71CFE0020FEF719FE1A
:1019D000EB20FEF716FE0020FEF713FEDC20FEF7DC
:1019E00010FE0020FEF70DFEB820FEF701FE0020DD
:1019F000FEF707FE0020FEF704FE0020FEF701FEC2
:101A00000020FEF7FEFD0020FEF7FBFD0020FEF7A4
:101A1000F8FD0020FEF7F5FD0020FEF7F2FDBA20EC
:101A2000FEF7E6FD2420FEF7ECFD0020FEF7E9FDC1
:101A30000020FEF7E6FD0020FEF7E3FDC120FEF7E3
:101A4000D7FD2020FEF7DDFD0020FEF7DAFD542053
:101A5000FEF7D7FD0020FEF7D4FDFF20FEF7D1FDF5
:101A60000020FEF7CEFDC220FEF7C2FD0A20FEF7E1
:101A7000C8FD0020FEF7C5FD0420FEF7C2FD0020D2
:101A8000FEF7BFFDC320FEF7B3FD3C20FEF7B9FD16
:101A90000020FEF7B6FD3A20FEF7B3FD0020FEF76A
:101AA000B0FD3920FEF7ADFD0020FEF7AAFD37207E
:101AB000FEF7A7FD0020FEF7A4FD3C20FEF7A1FDE8
:101AC0000020FEF79EFD3620FEF79BFD0020FEF76E
:101AD00098FD3220FEF795FD0020FEF792FD2F20A5
:101AE000FEF78FFD0020FEF78CFD2C20FEF789FD10
:101AF0000020FEF786FD2920FEF783FD0020FEF77B
:101B000080FD2620FEF77DFD0020FEF77AFD2420D3
:101B1000FEF777FD002001E0CC010020FEF771FD0B
:101B20002420FEF76EFD0020FEF76BFD2320FEF75C
:101B300068FD0020FEF765FD3C20FEF762FD0020F9
:101B4000FEF75FFD3620FEF75CFD0020FEF759FD35
:101B50003220FEF756FD0020FEF753FD2F20FEF742
:101B600050FD0020FEF74DFD2C20FEF74AFD002021
:101B7000FEF747FD2920FEF744FD0020FEF741FD5A
:101B80002620FEF73EFD0020FEF73BFD2420FEF759
:101B900038FD0020FEF735FD2420FEF732FD002041
:101BA000FEF72FFD2320FEF72CFD0020FEF729FD78
:101BB000C420FEF71DFD6220FEF723FD0020FEF786
:101BC00020FD0520FEF71DFD0020FEF71AFD8420F4
:101BD000FEF717FD0020FEF714FDF020FEF711FDC3
:101BE0000020FEF70EFD1820FEF70BFD0020FEF78B
:101BF00008FDA420FEF705FD0020FEF702FD1820D9
:101C0000FEF7FFFC0020FEF7FCFC5020FEF7F9FC7D
:101C10000020FEF7F6FC0C20FEF7F3FC0020FEF798
:101C2000F0FC1720FEF7EDFC0020FEF7EAFC952003
:101C3000FEF7E7FC0020FEF7E4FCF320FEF7E1FCF2
:101C40000020FEF7DEFCE620FEF7DBFC0020FEF7BE
:101C5000D8FCC520FEF7CCFC3220FEF7D2FC0020D9
:101C6000FEF7CFFC4420FEF7CCFC0020FEF7C9FCB9
:101C70006520FEF7C6FC0020FEF7C3FC7620FEF7C9
:101C8000C0FC0020FEF7BDFC8820FEF7BAFC002057
:101C9000FEF7B7FCC620FEF7ABFC2020FEF7B1FC38
:101CA0000020FEF7AEFC1720FEF7ABFC0020FEF78D
:101CB000A8FC0120FEF7A5FC0020FEF7A2FCC7202F
:101CC000FEF796FC0020FEF79CFC0020FEF799FC36
:101CD0000020FEF796FC0020FEF793FCC820FEF7DC
:101CE00087FC0020FEF78DFC0020FEF78AFC002018
:101CF000FEF787FC0020FEF784FCC920FEF778FC85
:101D00000020FEF77EFC0020FEF77BFC0020FEF7A3
:101D100078FC0020FEF775FC0020FEF772FC002026
:101D2000FEF76FFC0020FEF76CFC0020FEF769FC5C
:101D30000020FEF766FC0020FEF763FC0020FEF7A3
:101D400060FC0020FEF75DFC0020FEF75AFC00203E
:101D5000FEF757FC0020FEF754FC0020FEF751FC74
:101D6000E020FEF745FC1620FEF74BFC0020FEF7B6
:101D700048FC1C20FEF745FC0020FEF742FC212019
:101D8000FEF73FFC0020FEF73CFC3620FEF739FC56
:101D90000020FEF736FC4620FEF733FC0020FEF75D
:101DA00030FC5220FEF72DFC0020FEF72AFC6420B8
:101DB000FEF727FC0020FEF724FC7A20FEF721FC2A
:101DC0000020FEF71EFC8B20FEF71BFC0020FEF718
:101DD00018FC9920FEF715FC0020FEF712FCA82045
:101DE000FEF70FFC0020FEF70CFCB920FEF709FC03
:101DF0000020FEF706FCC420FEF703FC0020FEF7DF
:101E000000FCCA20FEF7FDFB0020FEF7FAFBD22003
:101E1000FEF7F7FB0020FEF7F4FBD920FEF7F1FBFD
:101E20000020FEF7EEFBE020FEF7EBFB0020FEF7C4
:101E3000E8FBF320FEF7E5FB0020FEF7E2FBE120E4
:101E4000FEF7D6FB1620FEF7DCFB0020FEF7D9FBE1
:101E50001C20FEF7D6FB0020FEF7D3FB2220FEF766
:101E6000D0FB0020FEF7CDFB3620FEF7CAFB00209A
:101E7000FEF7C7FB4520FEF7C4FB0020FEF7C1FBC1
:101E80005220FEF7BEFB0020FEF7BBFB6420FEF7EE
:101E9000B8FB0020FEF7B5FB7A20FEF7B2FB00206E
:101EA000FEF7AFFB8B20FEF7ACFB0020FEF7A9FB93
:101EB0009920FEF7A6FB0020FEF7A3FBA820FEF763
:101EC000A0FB0020FEF79DFBB920FEF79AFB002047
:101ED000FEF797FBC420FEF794FB0020FEF791FB72
:101EE000CA20FEF78EFB0020FEF78BFBD220FEF708
:101EF00088FB0020FEF785FBD820FEF782FB002040
:101F0000FEF77FFBE020FEF77CFB0020FEF779FB6D
:101F1000F320FEF776FB0020FEF773FBE220FEF7CE
:101F200067FB0520FEF76DFB0020FEF76AFB0B2028
:101F3000FEF767FB0020FEF764FB1B20FEF761FB4A
:101F40000020FEF75EFB3420FEF75BFB0020FEF76F
:101F500058FB4420FEF755FB0020FEF752FB4F20B4
:101F6000FEF74FFB0020FEF74CFB6120FEF749FB1C
:101F70000020FEF746FB7920FEF743FB0020FEF72A
:101F800040FB8820FEF73DFB0020FEF73AFB972040
:101F9000FEF737FB0020FEF734FBA620FEF731FBEF
:101FA0000020FEF72EFBB720FEF72BFB0020FEF7EC
:101FB00028FBC220FEF725FB0020FEF722FBC720EE
:101FC000FEF71FFB0020FEF71CFBD120FEF719FBDC
:101FD0000020FEF716FBD620FEF713FB0020FEF7CD
:101FE00010FBDD20FEF70DFB0020FEF70AFBF320BF
:101FF000FEF707FB0020FEF704FBE320FEF7F8FAEC
:102000000520FEF7FEFA0020FEF7FBFA0A20FEF795
:10201000F8FA0020FEF7F5FA1C20FEF7F2FA00208D
:10202000FEF7EFFA3320FEF7ECFA0020FEF7E9FAAC
:102030004420FEF7E6FA0020FEF7E3FA5020FEF710
:10204000E0FA0020FEF7DDFA6220FEF7DAFA00205F
:10205000FEF7D7FA7820FEF7D4FA0020FEF7D1FA7F
:102060008820FEF7CEFA0020FEF7CBFA9720FEF785
:10207000C8FA0020FEF7C5FAA620FEF7C2FA002033
:10208000FEF7BFFAB720FEF7BCFA0020FEF7B9FA58
:10209000C220FEF7B6FA0020FEF7B3FAC720FEF71B
:1020A000B0FA0020FEF7ADFAD120FEF7AAFA002020
:1020B000FEF7A7FAD520FEF7A4FA0020FEF7A1FA52
:1020C000DD20FEF79EFA0020FEF79BFAF320FEF7D4
:1020D00098FA0020FEF795FAE420FEF789FA01202D
:1020E000FEF78FFA0020FEF78CFA0120FEF789FA3E
:1020F0000020FEF786FA0220FEF783FA0020FEF7A2
:1021000080FA2A20FEF77DFA0020FEF77AFA3C20BA
:10211000FEF777FA0020FEF774FA4B20FEF771FA0B
:102120000020FEF76EFA5D20FEF76BFA0020FEF746
:1021300068FA7420FEF765FA0020FEF762FA842040
:10214000FEF75FFA0020FEF75CFA9320FEF759FADB
:102150000020FEF756FAA220FEF753FA0020FEF701
:1021600050FAB320FEF74DFA0020FEF74AFABE20DF
:10217000FEF747FA0020FEF744FAC420FEF741FAC2
:102180000020FEF73EFACD20FEF73BFA0020FEF7D6
:1021900038FAD320FEF735FA0020FEF732FADD20B8
:1021A000FEF72FFA0020FEF72CFAF320FEF729FAAB
:1021B0000020FEF726FAE520FEF71AFA0020FEF7C7
:1021C00020FA0020FEF71DFA0020FEF71AFA002080
:1021D000FEF717FA0220FEF714FA0020FEF711FAB4
:1021E0002920FEF70EFA0020FEF70BFA3C20FEF73E
:1021F00008FA0020FEF705FA4B20FEF702FA00204D
:10220000FEF7FFF95D20FEF7FCF90020FEF7F9F973
:102210007420FEF7F6F90020FEF7F3F98420FEF7AC
:10222000F0F90020FEF7EDF99320FEF7EAF900201F
:10223000FEF7E7F9A220FEF7E4F90020FEF7E1F946
:10224000B320FEF7DEF90020FEF7DBF9BE20FEF733
:10225000D8F90020FEF7D5F9C420FEF7D2F9002006
:10226000FEF7CFF9CD20FEF7CCF90020FEF7C9F933
:10227000D320FEF7C6F90020FEF7C3F9DC20FEF7F5
:10228000C0F90020FEF7BDF9F320FEF7BAF90020EF
:10229000FEF7B7F9E620FEF7ABF91120FEF7B1F92A
:1022A0000020FEF7AEF93420FEF7ABF90020FEF770
:1022B000A8F95620FEF7A5F90020FEF7A2F976202E
:1022C000FEF79FF90020FEF79CF97720FEF799F9B9
:1022D0000020FEF796F96620FEF793F90020FEF73E
:1022E00090F98820FEF78DF90020FEF78AF99920F1
:1022F000FEF787F90020FEF784F9BB20FEF781F98D
:102300000020FEF77EF99920FEF77BF90020FEF70A
:1023100078F96620FEF775F90020FEF772F955206E
:10232000FEF76FF90020FEF76CF95520FEF769F90A
:102330000020FEF766F94520FEF763F90020FEF75E
:1023400060F94320FEF75DF90020FEF75AF94420BA
:10235000FEF757F90020FEF754F9E720FEF748F999
:102360003220FEF74EF90020FEF74BF95520FEF71C
:1023700048F90020FEF745F97620FEF742F90020E3
:10238000FEF73FF96620FEF73CF90020FEF739F929
:102390006720FEF736F90020FEF733F96720FEF7D5
:1023A00030F90020FEF72DF98720FEF72AF90020EA
:1023B000FEF727F99920FEF724F90020FEF721F90E
:1023C000BB20FEF71EF90020FEF71BF99920FEF74F
:1023D00018F90020FEF715F97720FEF712F9002012
:1023E000FEF70FF94420FEF70CF90020FEF709F97B
:1023F0005620FEF706F90020FEF703F92320FEF72A
:1024000000F90020FEF7FDF83320FEF7FAF800206F
:10241000FEF7F7F84520FEF7F4F80020FEF7F1F894
:10242000E820FEF7E5F80020FEF7EBF80020FEF7C5
:10243000E8F89920FEF7E5F80020FEF7E2F887209B
:10244000FEF7DFF80020FEF7DCF88820FEF7D9F869
:102450000020FEF7D6F87720FEF7D3F80020FEF72D
:10246000D0F86620FEF7CDF80020FEF7CAF88820E5
:10247000FEF7C7F80020FEF7C4F8AA20FEF7C1F85F
:102480000020FEF7BEF8BB20FEF7BBF80020FEF7E9
:10249000B8F89920FEF7B5F80020FEF7B2F86620EC
:1024A000FEF7AFF80020FEF7ACF85520FEF7A9F8CC
:1024B0000020FEF7A6F85520FEF7A3F80020FEF74F
:1024C000A0F84420FEF79DF80020FEF79AF844207B
:1024D000FEF797F80020FEF794F85520FEF791F8E4
:1024E0000020FEF78EF8E920FEF782F8AA20FEF71A
:1024F00088F80020FEF785F80020FEF782F800201B
:10250000FEF77FF80020FEF773F8AA20FEF779F8AF
:10251000CF20FEF76DF80020FEF773F80020FEF7DD
:1025200070F80020FEF76DF80020FEF76AF8002032
:10253000FEF767F80020FEF764F80020FEF761F868
:102540000020FEF75EF80020FEF75BF80020FEF7A3
:1025500058F80020FEF755F80020FEF752F800204A
:10256000FEF74FF80020FEF74CF80020FEF749F880
:102570000020FEF746F80020FEF743F8F020FEF7B3
:1025800037F80020FEF73DF85020FEF73AF800201B
:10259000FEF737F80020FEF734F80020FEF731F898
:1025A000F320FEF725F80020FEF72BF8F920FEF7C0
:1025B0001FF80620FEF725F81020FEF722F8292044
:1025C000FEF71FF80020FEF71CF83A20FEF710F87F
:1025D0005520FEF716F81120FEF70AF8642001F0E6
:1025E00073FB2920FEF704F83520FEF701F80020E0
:1025F000FEF707F85120FDF7FBFFFF20FEF701F87B
:102600005320FDF7F5FF2C20FDF7FBFF5520FDF7CC
:10261000EFFF8220FDF7F5FF2C20FDF7E9FF01F029
:1026200048B8FE48808845F2105188427ED1552135
:102630004FF47040FDF7F7FFAA214FF20100FDF7BC
:10264000F2FF52214FF20200FDF7EDFF08214FF299
:102650000300FDF7E8FF01214FF20400FDF7E3FF5F
:102660000D214FF43040FDF7DEFF0D214BF201004C
:10267000FDF7D9FF0D214BF20200FDF7D4FF342105
:102680004FF43640FDF7CFFF34214BF20160FDF7E8
:10269000CAFF34214BF20260FDF7C5FF0D214FF454
:1026A0003140FDF7C0FF0D214BF20110FDF7BBFFDC
:1026B0000D214BF20210FDF7B6FF34214FF43740E5
:1026C000FDF7B1FF34214BF20170FDF7ACFF34216F
:1026D0004BF20270FDF7A7FF00214FF43240FDF7E7
:1026E000A2FF00214BF20120FDF79DFF00214BF2DC
:1026F0000220FDF798FF24214FF43840FDF793FFA7
:1027000024214BF60100FDF78EFF24214BF6020039
:10271000FDF789FF01214FF43F40FDF784FF0F21B2
:102720004FF43340FDF77FFF0F2100E0FEE34BF253
:102730000130FDF778FF0F214BF20230FDF773FFF8
:1027400034214FF43940FDF76EFF34214BF6011070
:10275000FDF769FF34214BF60210FDF764FF0821F5
:102760004FF43540FDF75FFF08214BF20150FDF7B4
:102770005AFF08214BF20250FDF755FF03214FF499
:102780004240FDF750FF24214FF43A40FDF74BFF44
:1027900024214BF60120FDF746FF24214BF60220B1
:1027A000FDF741FF00214FF43C40FDF73CFF78214D
:1027B0004BF60140FDF737FF00214BF60240FDF7D5
:1027C00032FF00214FF43D40FDF72DFF78214BF6FD
:1027D0000150FDF728FF00214BF60250FDF723FFC3
:1027E00000214FF43E40FDF71EFF64214BF60160CF
:1027F000FDF719FF00214FF45140FDF714FF33217D
:102800004DF20110FDF70FFF00214DF20210FDF710
:102810000AFF34214DF20310FDF705FF00214DF2B0
:102820000410FDF700FF3A214DF20510FDF7FBFE05
:1028300000214DF20610FDF7F6FE4A214DF2071079
:10284000FDF7F1FE00214DF20810FDF7ECFE5C21D2
:102850004DF20910FDF7E7FE00214DF20A10FDF7D9
:10286000E2FE81214DF20B10FDF7DDFE00214DF25D
:102870000C10FDF7D8FEA6214DF20D10FDF7D3FE8A
:1028800000214DF20E10FDF7CEFEE5214DF20F10A6
:10289000FDF7C9FE01214DF21010FDF7C4FE132112
:1028A0004DF21110FDF7BFFE01214DF21210FDF7A0
:1028B000BAFE54214DF21310FDF7B5FE01214DF281
:1028C0001410FDF7B0FE82214DF21510FDF7ABFE9E
:1028D00001214DF21610FDF7A6FECA214DF2171088
:1028E000FDF7A1FE02214DF21810FDF79CFE00211C
:1028F0004DF21910FDF797FE02214DF21A10FDF767
:1029000092FE01214DF21B10FDF78DFE02214DF2CA
:102910001C10FDF788FE34214DF21D10FDF783FEDB
:1029200002214DF21E10FDF77EFE67214DF21F10B1
:10293000FDF779FE02214DF22010FDF774FE84218F
:102940004DF22110FDF76FFE02214DF22210FDF72E
:102950006AFEA4214DF22310FDF765FE02214DF21F
:102960002410FDF760FEB7214DF22510FDF75BFE48
:1029700002214DF22610FDF756FECF214DF2271011
:10298000FDF751FE02214DF22810FDF74CFEDE212D
:102990004DF22910FDF747FE02214DF22A10FDF7F6
:1029A00042FEF2214DF22B10FDF73DFE02214DF2C9
:1029B0002C10FDF738FEFE214DF22D10FDF733FEF1
:1029C00003214DF22E10FDF72EFE10214DF22F1097
:1029D000FDF729FE03214DF23010FDF724FE3321CF
:1029E0004DF23110FDF71FFE03214DF23210FDF7BD
:1029F0001AFE6D214DF23310FDF715FE00214FF444
:102A00005240FDF710FE33214DF20120FDF70BFE81
:102A100000214DF20220FDF706FE01E0CC0100206E
:102A200034214DF20320FDF7FEFD00214DF204207C
:102A3000FDF7F9FD3A214DF20520FDF7F4FD0021E7
:102A40004DF20620FDF7EFFD4A214DF20720FDF77C
:102A5000EAFD00214DF20820FDF7E5FD5C214DF275
:102A60000920FDF7E0FD00214DF20A20FDF7DBFD16
:102A700081214DF20B20FDF7D6FD00214DF20C20F7
:102A8000FDF7D1FDA6214DF20D20FDF7CCFD002173
:102A90004DF20E20FDF7C7FDE5214DF20F20FDF7A9
:102AA000C2FD01214DF21020FDF7BDFD13214DF2B5
:102AB0001120FDF7B8FD01214DF21220FDF7B3FD05
:102AC00054214DF21320FDF7AEFD01214DF21420EB
:102AD000FDF7A9FD82214DF21520FDF7A4FD01218E
:102AE0004DF21620FDF79FFDCA214DF21720FDF78C
:102AF0009AFD02214DF21820FDF795FD00214DF2BF
:102B00001920FDF790FD02214DF21A20FDF78BFDF3
:102B100001214DF21B20FDF786FD02214DF21C2004
:102B2000FDF781FD34214DF21D20FDF77CFD0221D2
:102B30004DF21E20FDF777FD67214DF21F20FDF7B6
:102B400072FD02214DF22020FDF76DFD84214DF232
:102B50002120FDF768FD02214DF22220FDF763FDE3
:102B6000A4214DF22320FDF75EFD02214DF2242029
:102B7000FDF759FDB7214DF22520FDF754FD022147
:102B80004DF22620FDF74FFDCF214DF22720FDF716
:102B90004AFD02214DF22820FDF745FDDE214DF2D0
:102BA0002920FDF740FD02214DF22A20FDF73BFDD3
:102BB000F2214DF22B20FDF736FD02214DF22C20A3
:102BC000FDF731FDFE214DF22D20FDF72CFD0321F7
:102BD0004DF22E20FDF727FD10214DF22F20FDF79D
:102BE00022FD03214DF23020FDF71DFD33214DF272
:102BF0003120FDF718FD03214DF23220FDF713FDC2
:102C00006D214DF23320FDF70EFD00214FF45340AE
:102C1000FDF709FD33214DF20130FDF704FD0021E0
:102C20004DF20230FDF7FFFC34214DF20330FDF789
:102C3000FAFC00214DF20430FDF7F5FC3A214DF28B
:102C40000530FDF7F0FC00214DF20630FDF7EBFCFE
:102C50004A214DF20730FDF7E6FC00214DF2083025
:102C6000FDF7E1FC5C214DF20930FDF7DCFC0021B1
:102C70004DF20A30FDF7D7FC81214DF20B30FDF704
:102C8000D2FC00214DF20C30FDF7CDFCA6214DF217
:102C90000D30FDF7C8FC00214DF20E30FDF7C3FCEE
:102CA000E5214DF20F30FDF7BEFC01214DF2103051
:102CB000FDF7B9FC13214DF21130FDF7B4FC0121F1
:102CC0004DF21230FDF7AFFC54214DF21330FDF7F9
:102CD000AAFC01214DF21430FDF7A5FC82214DF232
:102CE0001530FDF7A0FC01214DF21630FDF79BFCDD
:102CF000CA214DF21730FDF796FC02214DF2183033
:102D0000FDF791FC00214DF21930FDF78CFC0221FA
:102D10004DF21A30FDF787FC01214DF21B30FDF713
:102D200082FC02214DF21C30FDF77DFC34214DF276
:102D30001D30FDF778FC02214DF21E30FDF773FCCB
:102D400067214DF21F30FDF76EFC02214DF220305D
:102D5000FDF769FC84214DF22130FDF764FC02216E
:102D60004DF22230FDF75FFCA4214DF22330FDF738
:102D70005AFC02214DF22430FDF755FCB7214DF2EB
:102D80002530FDF750FC02214DF22630FDF74BFCBB
:102D9000CF214DF22730FDF746FC02214DF22830BD
:102DA000FDF741FCDE214DF22930FDF73CFC02210C
:102DB0004DF22A30FDF737FCF2214DF22B30FDF7B2
:102DC00032FC02214DF22C30FDF72DFCFE214DF29C
:102DD0002D30FDF728FC03214DF22E30FDF723FCAA
:102DE00010214DF22F30FDF71EFC03214DF2303043
:102DF000FDF719FC33214DF23130FDF714FC0321AE
:102E00004DF23230FDF70FFC6D214DF23330FDF7FE
:102E10000AFC00214FF45440FDF705FC33214DF22C
:102E20000140FDF700FC00214DF20240FDF7FBFBE5
:102E300034214DF20340FDF7F6FB00214DF2044032
:102E4000FDF7F1FB3A214DF20540FDF7ECFB0021C7
:102E50004DF20640FDF7E7FB4A214DF20740FDF732
:102E6000E2FB00214DF20840FDF7DDFB5C214DF255
:102E70000940FDF7D8FB00214DF20A40FDF7D3FBD6
:102E800081214DF20B40FDF7CEFB00214DF20C40AD
:102E9000FDF7C9FBA6214DF20D40FDF7C4FB002153
:102EA0004DF20E40FDF7BFFBE5214DF20F40FDF75F
:102EB000BAFB01214DF21040FDF7B5FB13214DF295
:102EC0001140FDF7B0FB01214DF21240FDF7ABFBC5
:102ED00054214DF21340FDF7A6FB01214DF21440A1
:102EE000FDF7A1FB82214DF21540FDF79CFB01216E
:102EF0004DF21640FDF797FBCA214DF21740FDF742
:102F000092FB02214DF21840FDF78DFB00214DF29E
:102F10001940FDF788FB02214DF21A40FDF783FBB3
:102F200001214DF21B40FDF77EFB00E003E302218F
:102F30004DF21C40FDF777FB34214DF21D40FDF7AB
:102F400072FB02214DF21E40FDF76DFB67214DF231
:102F50001F40FDF768FB02214DF22040FDF763FBA7
:102F600084214DF22140FDF75EFB02214DF222400B
:102F7000FDF759FBA4214DF22340FDF754FB02213C
:102F80004DF22440FDF74FFBB7214DF22540FDF7F0
:102F90004AFB02214DF22640FDF745FBCF214DF2C1
:102FA0002740FDF740FB02214DF22840FDF73BFB97
:102FB000DE214DF22940FDF736FB02214DF22A4079
:102FC000FDF731FBF2214DF22B40FDF72CFB0221E6
:102FD0004DF22C40FDF727FBFE214DF22D40FDF771
:102FE00022FB03214DF22E40FDF71DFB10214DF277
:102FF0002F40FDF718FB03214DF23040FDF713FB86
:1030000033214DF23140FDF70EFB03214DF23240EA
:10301000FDF709FB6D214DF23340FDF704FB002164
:103020004FF45540FDF7FFFA33214DF20150FDF703
:10303000FAFA00214DF20250FDF7F5FA34214DF273
:103040000350FDF7F0FA00214DF20450FDF7EBFAC2
:103050003A214DF20550FDF7E6FA00214DF20650F7
:10306000FDF7E1FA4A214DF20750FDF7DCFA0021A5
:103070004DF20850FDF7D7FA5C214DF20950FDF7EB
:10308000D2FA00214DF20A50FDF7CDFA81214DF21E
:103090000B50FDF7C8FA00214DF20C50FDF7C3FAB2
:1030A000A6214DF20D50FDF7BEFA00214DF20E5053
:1030B000FDF7B9FAE5214DF20F50FDF7B4FA012101
:1030C0004DF21050FDF7AFFA13214DF21150FDF7FC
:1030D000AAFA01214DF21250FDF7A5FA54214DF242
:1030E0001350FDF7A0FA01214DF21450FDF79BFAA1
:1030F00082214DF21550FDF796FA01214DF216503E
:10310000FDF791FACA214DF21750FDF78CFA022112
:103110004DF21850FDF787FA00214DF21950FDF7D6
:1031200082FA02214DF21A50FDF77DFA01214DF28B
:103130001B50FDF778FA02214DF21C50FDF773FA8F
:1031400034214DF21D50FDF76EFA02214DF21E5052
:10315000FDF769FA67214DF21F50FDF764FA02216D
:103160004DF22050FDF75FFA84214DF22150FDF71A
:103170005AFA02214DF22250FDF755FAA4214DF2E0
:103180002350FDF750FA02214DF22450FDF74BFA7F
:10319000B7214DF22550FDF746FA02214DF2265097
:1031A000FDF741FACF214DF22750FDF73CFA0221FD
:1031B0004DF22850FDF737FADE214DF22950FDF788
:1031C00032FA02214DF22A50FDF72DFAF2214DF28A
:1031D0002B50FDF728FA02214DF22C50FDF723FA6F
:1031E000FE214DF22D50FDF71EFA03214DF22E5017
:1031F000FDF719FA10214DF22F50FDF714FA0321B3
:103200004DF23050FDF70FFA33214DF23150FDF7FA
:103210000AFA03214DF23250FDF705FA6D214DF205
:103220003350FDF700FA00214FF45640FDF7FBF94B
:1032300033214DF20160FDF7F6F900214DF20260F5
:10324000FDF7F1F934214DF20360FDF7ECF90021AF
:103250004DF20460FDF7E7F93A214DF20560FDF704
:10326000E2F900214DF20660FDF7DDF94A214DF249
:103270000760FDF7D8F900214DF20860FDF7D3F99A
:103280005C214DF20960FDF7CEF900214DF20A6094
:10329000FDF7C9F981214DF20B60FDF7C4F900215A
:1032A0004DF20C60FDF7BFF9A6214DF20D60FDF760
:1032B000BAF900214DF20E60FDF7B5F9E5214DF2A6
:1032C0000F60FDF7B0F901214DF21060FDF7ABF989
:1032D00013214DF21160FDF7A6F901214DF21260A4
:1032E000FDF7A1F954214DF21360FDF79CF901217E
:1032F0004DF21460FDF797F982214DF21560FDF74C
:1033000092F901214DF21660FDF78DF9CA214DF2B7
:103310001760FDF788F902214DF21860FDF783F977
:1033200000214DF21960FDF77EF902214DF21A607D
:10333000FDF779F901214DF21B60FDF774F90221C7
:103340004DF21C60FDF76FF934214DF21D60FDF761
:103350006AF902214DF21E60FDF765F967214DF211
:103360001F60FDF760F902214DF22060FDF75BF967
:1033700084214DF22160FDF756F902214DF22260C1
:10338000FDF751F9A4214DF22360FDF74CF902211C
:103390004DF22460FDF747F9B7214DF22560FDF7A6
:1033A00042F902214DF22660FDF73DF9CF214DF2A1
:1033B0002760FDF738F902214DF22860FDF733F957
:1033C000DE214DF22960FDF72EF902214DF22A602F
:1033D000FDF729F9F2214DF22B60FDF724F90221C6
:1033E0004DF22C60FDF71FF9FE214DF22D60FDF727
:1033F0001AF903214DF22E60FDF715F910214DF257
:103400002F60FDF710F903214DF23060FDF70BF945
:1034100033214DF23160FDF706F903214DF23260A0
:10342000FDF701F96D214DF23360FDF7FCF85521F0
:103430004FF47040FDF7F7F8AA214FF20100FDF7B5
:10344000F2F852214FF20200FDF7EDF808214FF299
:103450000300FDF7E8F800214FF20400FDF7E3F860
:10346000CC214FF43140FDF7DEF800214BF2011082
:10347000FDF7D9F805214FF43640FDF7D4F8702157
:103480004FF43740FDF7CFF870214BF20170FDF794
:10349000CAF801214FF43840FDF7C5F803214BF677
:1034A0000100FDF7C0F803214BF60200FDF7BBF861
:1034B00003214BF60300FDF7B6F802214FF43C4020
:1034C000FDF7B1F800214BF60140FDF7ACF8002103
:1034D0004BF60240FDF7A7F8D0214FF44940FDF725
:1034E000A2F802214CF60110FDF79DF850214CF690
:1034F0000210FDF798F850214CF60310FDF793F8F1
:1035000050214CF60410FDF78EF800214FF4545072
:10351000FDF789F855214FF46850FDF784F84FF412
:103520008850FDF765F8782000F086FB4FF42450B2
:10353000FDF75EF8BDE0FE48808841F663118842E1
:10354000F8D1E220FDF754F81D20FDF75AF80220CB
:10355000FDF757F80420FDF754F8642000F06CFBE9
:10356000E020FDF745F80120FDF74BF80A2000F0B8
:10357000ABFBE020FDF73CF80320FDF742F80C2000
:1035800000F0A2FB0120FDF733F80A2000F09CFBBD
:10359000E620FDF72DF82F20FDF733F8FF20FDF78B
:1035A00030F8FF20FDF72DF8B020FDF721F820209E
:1035B000FDF727F80020FDF724F80320FDF721F898
:1035C00040F21F30FDF71DF80120FDF71AF840F218
:1035D000DF10FDF716F80020FDF713F8B420FDF713
:1035E00007F80420FDF70DF840F21F40FDF709F839
:1035F0000020FDF706F82E20FDF703F80020FDF768
:1036000000F80020FCF7FDFF0020FCF7FAFF002087
:10361000FCF7F7FFB620FCF7EBFF0220FCF7F1FF09
:103620004FF40370FCF7EDFF0020FCF7EAFF1720D2
:10363000FCF7E7FF1520FCF7E4FF0020FCF7E1FFB3
:103640000020FCF7DEFFF020FCF7D2FF0320FCF7A0
:10365000D8FF2920FCF7CCFFD020FCF7C9FF0020C1
:10366000FCF7CFFFBE20FCF7C3FF0520FCF7C9FF26
:10367000FE20FCF7C6FF0120FCF7C3FF0020FCF78B
:10368000C0FF0020FCF7BDFF0020FCF7BAFFB82008
:10369000FCF7AEFF0320FCF7B4FF0120FCF7B1FFFD
:1036A000BA20FCF7A5FF0120FCF7ABFF6420FDF773
:1036B0007AFA0020FDF7A3FA01209E4908604FF630
:1036C000FF70FDF7F1FB21B000BD2DE9F04F05467D
:1036D0000E4617469846DDF824A04FF0000B781BE5
:1036E000401C1FFA80FB344614E021462846FCF7B4
:1036F000C9FFFCF7AAFF4FF0000907E04FF0D840E0
:10370000A0F880A009F101001FFA80F9D945F5DB86
:10371000601C84B24445E8DDBDE8F08F2DE9F84F28
:1037200007460D4690469946DDF828B0A8EB0700FD
:10373000401C1FFA80FAA9EB0500401C80B20090E3
:10374000002414E0281981B23846FCF79BFFFCF7EF
:103750007CFF002607E004FB0A603BF81000764976
:103760000880701C86B25645F5DB601C84B2009858
:103770008442E7DBBDE8F88F2DE9FF4F84B0814636
:103780008A460020039002900698A0EB090507984E
:10379000A0EB0A06CDF80490CDF800A0002D01DDC5
:1037A000012705E00DB9002702E04FF0FF376D4219
:1037B000002E02DD4FF0010806E016B94FF00008B8
:1037C00002E04FF0FF387642B54201DD2C4600E0C2
:1037D00034464FF0000B21E0009A91B2019A90B26A
:1037E000FDF75CF903982844039002983044029056
:1037F0000398A04205DD0398001B0390019838440C
:1038000001900298A04205DD0298001B02900098EA
:10381000404400900BF101001FFA80FB601C8345BF
:10382000DADD08B0BDE8F08FF0B504460D46164667
:103830001F462B46324629462046FFF79DFF3B4652
:10384000224629462046FFF797FF3B463246394637
:103850002046FFF791FF3B46324629463046FFF7A8
:103860008BFFF0BD2DE9F04306460F46904600243D
:1038700045460320A0EB48093CE07A1B91B232197F
:1038800090B2FDF70BF93A1B91B2721990B2FDF7A5
:1038900005F93A1991B2721990B2FDF7FFF87A1949
:1038A00091B2321990B2FDF7F9F87A1991B2321B40
:1038B00090B2FDF7F3F83A1991B2721B90B2FDF78E
:1038C000EDF87A1B91B2321B90B2FDF7E7F83A1B84
:1038D00091B2721B90B2FDF7E1F8641CB9F1000FD0
:1038E00003DAA000801D814404E0601B80000A30E0
:1038F00081446D1EAC42C0DDBDE8F0832DE9F84F78
:1039000080460E4617461C46B3462046E31704EB96
:103910005373DB1021464FEAE47C04EB5C7C4FEAF6
:10392000EC0CA4EBCC0CBCF1000F0AD006E00000BC
:10393000CC010020BC8240428000006C4FF0010CA2
:1039400001E04FF0000C6344224604EBD27C4FEAC6
:103950006C0C03FB0CF3DBB20093A7F12000C7B2A1
:10396000002556E00C2C07D107EB47009F4901EBDF
:10397000800010F8059013E0102C05D19C4800EB56
:10398000071010F805900BE0182C07D107EBC700C3
:10399000984901EB800010F8059001E0BDE8F88F30
:1039A0004FF0000A2FE009F0800030B19248028801
:1039B00031464046FDF780F807E00A9828B98F485D
:1039C000028831464046FDF777F84FEA49604FEAF2
:1039D0001069701C86B28A484088B04200DCDDE77E
:1039E000A6EB0B00A0420AD15E4608F101001FFAC7
:1039F00080F883480088404500DCCFE706E00AF104
:103A0000010000F0FF0ABAF1080FCCDB00BF681C10
:103A1000C5B200988542A5DB00BFBFE710B50246DE
:103A2000012000E050430B1EA1F10104E1B2F9D1E5
:103A300010BD2DE9FF4F81B0074691461E460E9DF1
:103A40004FF0000A002439E0301B401EC1B20A20AA
:103A5000FFF7E4FFB9FBF0F00A21B0FBF1F201FB44
:103A60001208BAF1000F16D1701EA04213DDB8F192
:103A7000000F0ED10020AB4605EBDB71491001FBB6
:103A80000471009088B22B4620220299FFF736FF7E
:103A900012E04FF0010A0020AB4605EBDB71491044
:103AA00001FB0471009088B208F13001CAB22B46C4
:103AB0000299FFF723FF00BF601CC4B2B442C3DB0E
:103AC00005B0BDE8F08F2DE9FF4F82B00646924663
:103AD0001F46DDE90F480020019000254DE0781BCE
:103AE000401EC1B20A20FFF799FFBAFBF0F00A218D
:103AF000B0FBF1F201FB1209019850BB781EA842FD
:103B000027DDB9F1000F22D108F0800078B108F06C
:103B10000100A34604EBDB71491001FB0561009035
:103B200088B2234630220399FFF7E8FE0EE008F042
:103B30000100A34604EBDB71491001FB0561009015
:103B400088B2234620220399FFF7D8FE13E0012014
:103B5000019008F00100A34604EBDB71491001FB62
:103B60000561009088B209F13001CAB22346039979
:103B7000FFF7C4FE00BF681CC5B2BD42AFDB06B094
:103B8000BDE8F08F2DE9F84704460D46904699466A
:103B9000DDE9096704F0FF0A08EB04001FFA80F86A
:103BA00009EB05001FFA80F916E0444502DB544694
:103BB000A81985B24D4500DB14E0002000903A784A
:103BC000334629462046FFF799FE304606EBD07172
:103BD00004EB61018CB27F1C38787E2802DC3878D7
:103BE0002028E2DA00BFBDE8F8870000CE770008A1
:103BF000427C0008328200081400002016000020D9
:103C0000CC01002010B504466FF0040000F092F9DA
:103C1000E11704EB5171C1F3C701394A1170104625
:103C2000007800EB4001C1EBC0104FF6FF7101EAD4
:103C3000C0003449088010BD0146314A12784A4319
:103C40004FF0E0235A6100229A611A46126942F04D
:103C500001021A6100BF4FF0E022106900F001027A
:103C60001AB100F48032002AF5D04FF0E022126938
:103C700022F001024FF0E0231A6100229A6170479E
:103C80000146204A12884A434FF0E0235A6100223D
:103C90009A611A46126942F001021A6100BF4FF0A0
:103CA000E022106900F001021AB100F48032002A0B
:103CB000F5D04FF0E022126922F001024FF0E0232C
:103CC0001A6100229A61704770B504464FF407707C
:103CD00094FBF0F0C6B24FF4077094FBF0F100FBD8
:103CE000114085B205E04FF40770FFF7C9FF701E61
:103CF000C6B2002EF7D115B12846FFF7C1FF70BD3F
:103D0000180000201A00002000BF704700BF4C4A76
:103D1000128802F04002002AF9D0C2B2484B9A80C1
:103D2000704710B588B004460121084600F028FF0E
:103D30000121102000F07EFF07220921414800F0F8
:103D400028FA07220A213F4800F023FA4FF4C06006
:103D5000069002208DF81C008DF81D0000208DF8C3
:103D60001E0001208DF81F0006A9364800F086F9D4
:103D700002940020ADF80C00ADF80E00ADF8100074
:103D8000ADF814000C20ADF8120002A92C4801F087
:103D9000B2F801212A4801F036F9012240F22551FA
:103DA000274801F0E6F925208DF8040003208DF85E
:103DB00005008DF8060001208DF8070001A800F02D
:103DC0006CF808B010BD10B540F225511C4801F048
:103DD0000BFA10B31A4801F045F9C4B21A4800882A
:103DE00000F40040C8B91848008800F4804060B171
:103DF0000A2C03D000201449088020E012480088D3
:103E000040F400401049088019E00D2C06D10E48FE
:103E1000008840F480400C49088010E00A4800887F
:103E2000C0F30D0009490C5407480088401C06499E
:103E3000088008460088C72801DD0020088010BDE2
:103E4000001001400000024020000020DA010020A4
:103E50000948804709480047FEE7FEE7FEE7FEE71E
:103E6000FEE7FEE7FEE7FEE7FEE7FEE7044805495A
:103E7000054A064B704700007D04000889010008D0
:103E8000080300200809002008050020080500207C
:103E900032490143324A1160704770B50021002356
:103EA0000F22C4781CB32E4C246804F4E064C4F5DB
:103EB000E064C4F30721C1F10404E3B20A41447889
:103EC0009C40E1B28478144021430C07210E254C1C
:103ED00005786155047804F01F050124AC4005788D
:103EE0006D11AD0005F1E025C5F8004109E0047849
:103EF00004F01F050124AC401B4D0678761145F8EF
:103F0000264070BD194A0A400243154B1B1F1A6018
:103F1000704739B1124A121D12680243104B1B1D23
:103F20001A6006E00E4A121D126882430C4B1B1DDC
:103F30001A607047042808D14FF0E021096941F068
:103F400004014FF0E022116107E04FF0E021096920
:103F500021F004014FF0E022116170470000FA05E2
:103F60000CED00E000E400E080E100E080FFFF1FD6
:103F700010B504469848844208D10121084600F053
:103F80006AFE0021012000F066FE76E0934884423C
:103F900008D10121022000F05EFE0021022000F085
:103FA0005AFE6AE08E48844208D10121042000F0C4
:103FB00052FE0021042000F04EFE5EE0894884425B
:103FC00008D10121082000F046FE0021082000F061
:103FD00042FE52E08448844208D10121102000F0C2
:103FE0003AFE0021102000F036FE46E07F48844271
:103FF00008D10121202000F02EFE0021202000F019
:104000002AFE3AE07A48844208D10121402000F09B
:1040100022FE0021402000F01EFE2EE07548844262
:1040200008D10121802000F016FE0021802000F040
:1040300012FE22E07048844208D10121801500F070
:104040000AFE0021A01500F006FE16E06B4884422F
:1040500008D10121401500F0FEFD0021601500F09F
:10406000FAFD0AE06648844207D10121001500F0FC
:10407000F2FD0021201500F0EEFD10BDF0B50A465E
:1040800000210023002400BF3DE0012505FA01F3D3
:10409000156805EA03049C4234D105684F000326E5
:1040A000BE40B543056015794E00B54006683543FE
:1040B00005601579012D02D01579022D16D185687C
:1040C0004F000326BE40B543856055794E00B5408C
:1040D000866835438560456801268E40B543456056
:1040E000456896798E40B6B235434560C5684F0045
:1040F0000326BE40B543C560D5794E00B540C668BD
:104100003543C560491C1029BFD3F0BD4FF6FF7180
:1041100001600021017141718171C171704708B561
:104120004FF480320092009A0A430092009AC261D2
:10413000C161009AC261C2690092C269009208BD61
:104140000246002013690B400BB1012000E0002063
:1041500070470146086980B27047024600205369E3
:104160000B400BB1012000E0002070470146486978
:1041700080B2704701837047418370470AB1018361
:1041800000E0418370474161704742694A404261A3
:104190007047F0B5002300244D07ED0E02FA05F339
:1041A000CE1000F1200555F826504E07F70E0F26C9
:1041B000BE40B543CF1000F1200646F82750CE1080
:1041C00000F1200555F8265045EA0304CE1000F111
:1041D000200545F82640F0BD0000024000040240E2
:1041E00000080240000C024000100240001402408F
:1041F00000180240001C024000200240002402403F
:104200000028024030B943F2DB028100A1F1C04135
:104210000A6005E043F2D2028100A1F1C0410A60C8
:104220006FF07042411C8900A1F1C0410A60810019
:10423000A1F1C041C1F804217047D0E90112114336
:10424000C2681143026911434269114382691143F3
:10425000C2691143026A1143426A1143826A1143DF
:10426000C26A1143026B114302689200A2F1C0427C
:104270001160816808290BD101688900A1F1C04152
:10428000096841F0400201688900A1F1C0410A605B
:10429000416B0968426B526841EA0211426B9268B5
:1042A00041EA0221426B928941EA0241426B128A41
:1042B00041EA0251426B127D41EA0261426B92690E
:1042C00011430268521C9200A2F1C0421160C16AFF
:1042D000B1F5804F1BD1816B0968826B526841EA4E
:1042E0000211826B926841EA0221826B128A41EAD2
:1042F0000251826B127D41EA0261826B9269114325
:1043000002689200A2F1C042C2F8041107E06FF007
:10431000704201688900A1F1C041C1F804217047D1
:10432000002101600221416000218160C1600161C2
:1043300041618161C16101624FF480514162490074
:1043400081620021C1620163F84941638163704762
:1043500051B18200A2F1C042126842F00103820012
:10436000A2F1C042136009E08200A2F1C0421268CB
:10437000EF4B1A408300A3F1C0431A607047102826
:104380000AD118214FF020421166402151664FF0AA
:10439000FC319166D16610E01821E64A1160402197
:1043A0004FF02042C2F884104FF0FC31E14A08324D
:1043B00011604FF02042C2F88C10704730B50021D8
:1043C00000220023446844F0080485682C43C56833
:1043D0002C4305692C43456944EA4524856944EA30
:1043E0004531C4692468C5696D6844EA0524C56916
:1043F0002D8944EA0544C5692D7B44EA0562046AB7
:104400002468056A6D6844EA0524056A2D8944EA32
:104410000544056A2D7B44EA05630468102C05D128
:104420004FF020442166A266E36608E0C14C21609B
:104430004FF02044C4F88820BE4C0C34236030BDBB
:1044400010210160002141608160C1600161416112
:104450008161FC21C2691160C2695160C2699160C9
:10446000C269D160026A1160026A5160026A916099
:10447000026AD160704799B1102808D14FF02042EC
:10448000126E42F004024FF020431A661DE0A94A62
:10449000126842F004024FF02043C3F8802014E079
:1044A000102809D14FF02042126EA14BDB1E1A409A
:1044B0004FF020431A6608E09E4A12689C4BDB1EB0
:1044C0001A404FF02043C3F88020704799B110285C
:1044D00008D14FF02042126E42F040024FF02043CC
:1044E0001A661DE0934A126842F040024FF02043E2
:1044F000C3F8802014E0102809D14FF02042126E3A
:104500008B4B3F3B1A404FF020431A6608E0894A24
:104510001268874B3F3B1A404FF02043C3F880207E
:10452000704701460020102903D14FF02042506F00
:1045300002E0804A14321068704718207D4920310B
:10454000086000200906C1F8A4004FF0FC3079494A
:1045500028310860091D0860091D0860704701685E
:1045600041F01001426841EA4221826841EA423149
:10457000704A20321160C1680968C268526841EA15
:104580000221C268128941EA0241C268127B41EAF3
:104590000261684A2832116001690968026952683B
:1045A00041EA02210269128941EA02410269127B51
:1045B00041EA02615F4A2C3211604169096842692F
:1045C000526841EA02214269128941EA0241426984
:1045D000127B41EA02614FF02042C2F8B0107047EE
:1045E0000021016041608160FC21C2681160C268E5
:1045F0005160C2689160C268D1600269116002694D
:104600005160026991600269D1604269116042693A
:104610005160426991604269D160704748B1454933
:104620002031096841F004014FF02042C2F8A01087
:1046300009E04049203109683D4AD21E11404FF03F
:104640002042C2F8A010704710B5F2B1102807D16F
:104650004FF020435B6E0B434FF02044636632E023
:10466000B0F5807F08D1334B1B1D1B680B434FF007
:104670002044C4F8843026E02E4B24331B680B43BF
:104680004FF02044C4F8A4301DE0102807D14FF0AB
:1046900020435B6E8B434FF02044636613E0B0F51C
:1046A000807F08D1234B1B1D1B688B434FF0204498
:1046B000C4F8843007E01F4B24331B688B434FF052
:1046C0002044C4F8A43010BD10B5024600200023D9
:1046D000102A03D14FF02044636E09E0B2F5807FC9
:1046E00003D1144C241D236802E0124C24342368A7
:1046F00003EA01040CB1012000E0002010BD1028E5
:1047000007D14FF02042526E8A434FF020435A6641
:1047100019E0B0F5807F0FD1064A121D12688A4356
:104720004FF02043C3F884200DE00000908F000874
:10473000FEFF0F00800000A0234A12688A434FF05A
:104740002043C3F8A420704770B502460020002320
:1047500000240025102A03D14FF02046736E08E094
:10476000B2F5807F03D1184E203E336801E0164E2B
:10477000336803EA010403EAD10514B10DB1012045
:1047800000E0002070BD102808D14FF02042526E8A
:1047900022EAD1024FF020435A6614E0B0F5807F40
:1047A00009D1094A203A126822EAD1024FF0204387
:1047B000C3F8842007E0044A126822EAD1024FF0CD
:1047C0002043C3F8A4207047A40000A0F948006863
:1047D00040F00100F74908600020F6490831086000
:1047E000F4480068F4490840F2490860F348091D9C
:1047F0000860F348EF4984310860F0481038091D1B
:104800000860EC48006820F48020EA490860002035
:10481000E8490C310860E7498C3108607047002195
:10482000E44A921C117011460870704710B5014699
:104830000022002300204A11012A02D1DD4C236806
:1048400008E0022A03D1DB4C7034236802E0D94C23
:104850007434236801F01F02012494401C400CB101
:10486000012000E0002010BD38B500200090002499
:10487000002500BF3120FFF7D9FF05460098401CF6
:1048800000900098B0F5A04F01D0002DF2D031205B
:10489000FFF7CCFF08B1012400E00024204638BD1A
:1048A00001460020C34A106820F0F80040EAC10029
:1048B00010607047C349086070470021BD4A7032DC
:1048C00011701170012802D004280AD104E00121DE
:1048D000B84A7032117005E00521B64A7032117085
:1048E00000E000BF00BF7047B7490860704770B56F
:1048F000049C41EA82150126C6EB530645EA0645AB
:10490000054345EA0465AB4E361D356070BDAD49C3
:1049100008667047820142EA0172A64B84331A602E
:104920007047A8498866704710B5830143EA016360
:1049300043EA02739F4C8834236010BDA149086785
:104940007047A049C864704702460020994B08335D
:10495000186820F0EC6042EA01031843954B0833D5
:104960001860704702460020924B0833186820F008
:10497000784042EA010318438E4B083318607047B1
:10498000014600208B4A0832106820F003000843DB
:104990001060704787480830006800F00C007047CE
:1049A00001460020834A0832106820F0F0000843D6
:1049B00010607047014600207E4A0832106820F4DB
:1049C000E05008431060704701460020794A0832E1
:1049D000106820F4604040EAC10010607047F0B5F4
:1049E000002100220024022500260223714F0837EF
:1049F0003F6807F00C0121B1042905D0082937D1FF
:104A000005E0724F076036E0714F076033E0694F91
:104A10003F1D3F68C7F38056664F3F1D3F6807F054
:104A20003F036EB16A4FB7FBF3F7DFF888C10CF1B3
:104A3000040CDCF800C0CCF3881C07FB0CF40CE081
:104A4000624FB7FBF3F7DFF86CC10CF1040CDCF834
:104A500000C0CCF3881C07FB0CF4564F3F1D3F6889
:104A6000C7F301477F1C7D00B4FBF5F7076002E048
:104A7000564F076000BF00BF4E4F08373F6807F032
:104A8000F0010909534F7A5C0768D7404760494FE6
:104A900008373F6807F4E051890A4E4F7A5C47684F
:104AA000D7408760434F08373F6807F46041490BA0
:104AB000484F7A5C4768D740C760F0BD002100F4DA
:104AC0004072B2F5407F0AD13A4A0832116821F4A7
:104AD000F811414A02401143364A08321160354A02
:104AE00070321268C0F30B031A43324B70331A60F2
:104AF0007047354944390860704733494039086088
:104B0000704736490860704701460020294A8C32B8
:104B1000106820F01F004A1E1043264A8C32106095
:104B2000704701460020234A8C32106820F4F85068
:104B30004A1E40EA02201F4A8C321060704701462C
:104B400000201C4A8C32106820F44010084310608A
:104B5000704701460020174A8C32106820F440004C
:104B600008431060704701460020124A8C321068DA
:104B700020F44030084310607047194908607047BE
:104B800039B10C4A3032126802430A4B30331A6092
:104B900006E0084A303212688243064B30331A600E
:104BA0007047F9B1034A343212680243014B34337F
:104BB0001A601CE000380240FFFFF6EA10300024C3
:104BC0000030002000004742800E47420024F400DD
:104BD00000127A0022000020FFFCFF0F5C01474218
:104BE000E01147428F4A126882438E4B1A60704729
:104BF00039B18C4A121D126802438A4B1B1D1A6080
:104C000006E0884A121D12688243864B1B1D1A60FB
:104C1000704739B1834A0C3212680243814B0C331E
:104C20001A6006E07F4A0C32126882437D4B0C33D7
:104C30001A60704739B17B4A103212680243794BCF
:104C400010331A6006E0774A103212688243754BBF
:104C500010331A60704739B1724A243A126802431D
:104C6000704B243B1A6006E06E4A243A1268824375
:104C70006C4B243B1A60704739B16A4A203A12687B
:104C80000243684B203B1A6006E0664A203A1268ED
:104C90008243644B203B1A60704739B1614A1C3A29
:104CA000126802435F4B1C3B1A6006E05D4A1C3AE7
:104CB000126882435B4B1C3B1A60704739B1594AFA
:104CC000143A12680243574B143B1A6006E0554AE7
:104CD000143A12688243534B143B1A60704739B13F
:104CE000504A103A126802434E4B103B1A6006E0DD
:104CF0004C4A103A126882434A4B103B1A60704784
:104D000039B1484A1C3212680243464B1C331A60C0
:104D100006E0444A1C3212688243424B1C331A603C
:104D2000704739B13F4A2032126802433D4B20336D
:104D30001A6006E03B4A203212688243394B203326
:104D40001A60704739B1374A243212680243354B32
:104D500024331A6006E0334A243212688243314B0E
:104D600024331A60704739B12E4A2C32126802433C
:104D70002C4B2C331A6006E02A4A2C3212688243EC
:104D8000284B2C331A60704739B1264A30321268EA
:104D90000243244B30331A6006E0224A3032126854
:104DA0008243204B30331A607047012808D11D49D7
:104DB0003C31096841F008011A4A3C32116007E0B1
:104DC00018493C31096821F00801164A3C3211604B
:104DD000704739B1134A273A12780243114B273BE7
:104DE0001A7006E00F4A273A127882430D4B273B90
:104DF0001A7070470B484030006840F080700949D5
:104E000040310860704701460020064A283A12687F
:104E10000A400AB1012000E000207047014926390C
:104E2000087070473438024010B50446FA4884428E
:104E300008D101211020FFF752FF00211020FFF7B9
:104E40004EFF57E0F548844209D101214804FFF79D
:104E500035FF00214FF40030FFF730FF4AE0F04803
:104E6000844209D101218804FFF728FF00214FF473
:104E70008020FFF723FF3DE0EA48844209D1012169
:104E8000C804FFF71BFF00214FF40020FFF716FFB7
:104E900030E0E548844209D101210805FFF70EFF03
:104EA00000214FF48010FFF709FF23E0DF48844220
:104EB00008D101212020FFF712FF00212020FFF759
:104EC0000EFF17E0DA48844209D101218807FFF775
:104ED000F5FE00214FF08040FFF7F0FE0AE0D548D4
:104EE000844207D101214005FFF7E8FE002160055B
:104EF000FFF7E4FE10BD2DE9FF4705460E460024EE
:104F0000A14600BFA046B08900B100BF2C8A24F49E
:104F10004054F08804432C82AC8941F20C608443F5
:104F2000B08831890843718908430443AC81AC8A55
:104F300024F44074B0890443AC826846FFF74FFD07
:104F4000B548854202D0B948854202D1DDF80C90BF
:104F500001E0DDF80890A88900F4004040B109EBB9
:104F6000C90000EB091031684900B0FBF1F707E018
:104F700009EBC90000EB091031688900B0FBF1F7BB
:104F80006420B7FBF0F004012009642101FB1078D4
:104F9000A88900F4004040B1322000EBC800B0FB0B
:104FA000F1F000F00700044308E0322000EB0810A5
:104FB0006421B0FBF1F000F00F0004432C81BDE848
:104FC000FF874FF41651016000218180C18001816B
:104FD0000C21418100218181704710B502460020DB
:104FE000108A20F470600B884C8823438C882343FC
:104FF000CC8823431843108210BD002101804180DA
:105000008180C180704721B1828942F4005282813F
:1050100004E082894DF6FF731A4082817047028B4B
:1050200002F47F420283028B0A430283704721B15C
:10503000828942F40042828103E08289C2F30E0237
:105040008281704721B1828A42F40062828204E048
:10505000828A4FF2FF731A4082827047C1F30802BE
:105060008280704701468888C0F308007047028A32
:105070004FF6F0731A400282028A0A430282704796
:1050800021B1828942F00202828104E082894FF6D6
:10509000FD731A408281704782894FF2FF731A4074
:1050A000828182890A4382817047028A4FF6DF73C8
:1050B0001A400282028A0A430282704721B1028AA0
:1050C00042F48042028204E0028A4BF6FF731A40E7
:1050D00002827047818941F001018181704721B1CD
:1050E000828A42F00802828204E0828A4FF6F773D5
:1050F0001A4082827047028BD2B20283028B42EA4C
:1051000001220283704721B1828A42F0200282820A
:1051100004E0828A4FF6DF731A408282704721B121
:10512000828A42F01002828204E0828A4FF6EF7394
:105130001A4082827047828A4FF6FB731A4082823D
:10514000828A0A438282704721B1828A42F0020237
:10515000828204E0828A4FF6FD731A408282704791
:105160001AB1838A0B43838202E0838A8B43838252
:105170007047F0B50346002400260025002040F6C5
:105180006A17B94200D100BF1846C1F3421401F0BA
:105190001F06012707FA06F5012C01D10C3004E0A7
:1051A000022C01D1103000E014301AB107682F43EF
:1051B000076002E00768AF430760F0BD02460020C9
:1051C000B1F5007F00D100BF13880B400BB1012067
:1051D00000E00020704701F40072B2F5007F00D1BA
:1051E00000BFCA430280704770B502460024002306
:1051F0000025002040F66A16B14200D100BFC1F37D
:10520000421501F01F03012606FA03F3012D13D105
:105210009689334017E00000001001400044004030
:1052200000480040004C0040005000400014014085
:1052300000780040007C0040022D02D1168A3340E5
:1052400001E0968A33400C12012606FA04F416880F
:10525000344013B10CB1012000E0002070BD10B546
:105260000022002340F66A14A14200D100BF0A12B6
:1052700001249440A3B2DC43048010BD10B5044661
:10528000FE48844208D101210846FFF728FD00218D
:105290000120FFF724FD9DE0B4F1804F08D10121EA
:1052A0000846FFF70BFD00210120FFF707FD91E005
:1052B000F348844208D101210220FFF7FFFC0021BE
:1052C0000220FFF7FBFC85E0EE48844208D1012173
:1052D0000420FFF7F3FC00210420FFF7EFFC79E046
:1052E000E948844208D101210820FFF7E7FC0021AA
:1052F0000820FFF7E3FC6DE0E448844208D1012177
:105300001020FFF7DBFC00211020FFF7D7FC61E045
:10531000DF48844208D101212020FFF7CFFC002183
:105320002020FFF7CBFC55E0DA48844208D1012168
:105330000220FFF7D4FC00210220FFF7D0FC49E057
:10534000D548844209D101210804FFF7C8FC002197
:105350004FF48030FFF7C3FC3CE0D048844209D1D1
:1053600001214804FFF7BBFC00214FF40030FFF798
:10537000B6FC2FE0CA48844209D101218804FFF716
:10538000AEFC00214FF48020FFF7A9FC22E0C548C5
:10539000844208D101214020FFF790FC00214020E9
:1053A000FFF78CFC16E0C048844208D10121802020
:1053B000FFF784FC00218020FFF780FC0AE0BB4857
:1053C000844207D101218015FFF778FC0021A01548
:1053D000FFF774FC10BD00220288A84B98420ED043
:1053E000AC4B98420BD0B0F1804F08D0A44B984200
:1053F00005D0A44B984202D0A34B984204D14FF65B
:105400008F731A404B881A43A04B984207D0A04B89
:10541000984204D04FF6FF431A400B891A4302808A
:105420004B68C3620B880385944B984202D0994B1A
:10543000984201D18B7A03860123838270474FF013
:10544000FF314160002101800181418081727047FC
:105450000185828270470A46002101884FF68F73CA
:10546000194011430180704741627047C162704723
:105470000146486A70470146088D704721B102888D
:1054800042F00202028004E002884FF6FD731A40E7
:105490000280704721B1028842F00402028004E0D9
:1054A00002884FF6FB731A400280704721B10288D0
:1054B00042F08002028004E002884FF67F731A40B7
:1054C0000280704702884FF6F7731A400280028804
:1054D0000A430280704702884FF6FF431A40028059
:1054E00002880A430280704721B1028842F001021B
:1054F000028004E002884FF6FE731A400280704773
:1055000070B5002400220023058C4FF6FE7635404E
:105510000584028C8388048B4FF68F752C40B51E52
:105520002C400D882C43751E2A408D892A434D88B6
:105530002A43524DA84202D0564DA84213D14FF6ED
:10554000F7752A40CD892A434FF6FB752A408D888E
:105550002A434FF6FF652B404FF6FF552B400D8A2F
:105560002B434D8A2B43838004838D6845630284DB
:1055700070BD70B5002400220023058C4FF6EF7635
:1055800035400584028C8388048B48F6FF752C40D7
:105590004FF6FF452C400D884FF6FF7606EA0525AD
:1055A0002C434FF6DF752A408D8906EA05152A43FC
:1055B0004D8806EA05152A43304DA84202D0354DE4
:1055C000A8421DD14FF67F752A40CD894FF6FF7650
:1055D00006EA05152A434FF6BF752A408D8806EA6C
:1055E00005152A434FF6FF352B404FF2FF752B4030
:1055F0000D8A06EA85052B434D8A06EA85052B436D
:10560000838004838D688563028470BD70B5002437
:1056100000220023058C4FF6FF6635400584028C7E
:105620008388848B4FF68F752C404FF6FC752C4089
:105630000D882C434FF6FF552A408D894FF6FF7693
:1056400006EA05252A434D8806EA05252A430B4D1F
:10565000A84202D00F4DA84238D14FF2FF752A4020
:10566000CD894FF6FF7606EA05252A434FF6FF352A
:105670002A408D8806EA05252A4319E000000140EA
:105680000004004000080040000C004000100040F2
:10569000001400400004014000400140004401406B
:1056A0000048014000180040001C0040002000405D
:1056B0004EF6FF752B404DF6FF752B400D8A06EA1E
:1056C00005152B434D8A06EA05152B4383808483F9
:1056D0008D68C563028470BD70B50022002300246C
:1056E000058C4EF6FF7635400584038C8488828BCA
:1056F00048F6FF752A404FF6FF452A400D884FF6C1
:10570000FF7606EA05252A434DF6FF752B408D8965
:1057100006EA05352B434D8806EA05352B43FE4D39
:10572000A84202D0FD4DA84208D14BF6FF752C408F
:105730000D8A4FF6FF7606EA85152C438480828316
:105740008D680564038470BD0021018041808180E3
:1057500081608181C18101824182704770B50346B9
:10576000002000241846183001258D40ACB21D8C55
:10577000A5431D8409B108290AD100EB6100056821
:105780004FF68F76354005600568154305600FE0DC
:105790000D1FC5F34E052844056848F6FF763540D1
:1057A000056005684FF6FF7606EA02263543056078
:1057B00070BD4163704781637047C1637047016486
:1057C00070470A460021018B4FF68F731940114331
:1057D000018370470A460021018B48F6FF73194088
:1057E0004FF6FF7303EA02231943018370470A4609
:1057F0000021818B4FF68F731940114381837047CD
:105800000A460021818B48F6FF7319404FF6FF735B
:1058100003EA02231943818370470A460021018B62
:105820004FF6F77319401143018370470A46002170
:10583000018B4FF2FF7319404FF6FF7303EA022307
:105840001943018370470A460021818B4FF6F77395
:1058500019401143818370470A460021818B4FF222
:10586000FF7319404FF6FF7303EA02231943818344
:1058700070470A460021018B4FF6FB731940114314
:10588000018370470A460021018B4FF6FF33194010
:105890004FF6FF7303EA02231943018370470A4658
:1058A0000021818B4FF6FB731940114381837047B0
:1058B0000A460021818B4FF6FF3319404FF6FF73E4
:1058C00003EA02231943818370470A460021018BB2
:1058D0004FF67F7319401143018370470A46002138
:1058E000018BC1F30E014FF6FF7303EA0223194344
:1058F000018370470A460021818B4FF67F73194060
:105900001143818370470A460021818BC1F30E0148
:105910004FF6FF7303EA02231943818370470A4657
:105920000021018C4FF6FD7319401143018470472B
:105930000A460021018C4FF6F77319401143018488
:1059400070470A460021018C4FF6DF7319404FF66D
:10595000FF7303EA02131943018470470A460021CA
:10596000018C4FF67F7319404FF6FF7303EA021361
:105970001943018470470A460021018C4FF6FF53FA
:1059800019404FF6FF7303EA02231943018470475D
:105990000A460021018C4FF2FF7319404FF6FF7346
:1059A00003EA02231943018470470A460021018C4F
:1059B0004DF6FF7319404FF6FF7303EA02331943A4
:1059C0000184704730B5002301248C40A3B2048CBD
:1059D0009C430484048C02FA01F5ADB22C43048488
:1059E00030BD30B5002304248C40A3B2048C9C430A
:1059F0000484048C02FA01F5ADB22C43048430BD5A
:105A0000828B4FF2FF331A408283828B4FF6FF73F3
:105A100003EA01231A4382837047F0B50C4615460A
:105A2000002100220026078C4EF6FF7C07EA0C07B7
:105A30000784818B028C4FF6FF7707EA043640F625
:105A4000FF4739404FF6FF7707EA052739434FF6FE
:105A5000FF7707EA0337394345F6FF773A4046F4C4
:105A600080573A4381830284F0BD828B4FF6F373F3
:105A70001A408283828B0A4382837047F0B50C46BA
:105A80001546002100220026078C4FF6FF6C07EA1E
:105A90000C070784818B028C4FF6FF7707EA0426F8
:105AA0004FF60C7739404FF6FF7707EA03172F437D
:105AB00039434FF2FF573A4046F480773A438183A7
:105AC0000284F0BD028B4FF2FF331A400283028B37
:105AD0004FF6FF7303EA01231A4302837047F0B5C0
:105AE0000C461546002100220026078C4FF6EF7C5D
:105AF00007EA0C070784018B028C4FF6FF7707EA51
:105B0000041640F6FF4739404FF6FF7707EA0337A0
:105B100039434FF6FF7703E00000014000040140E5
:105B200007EA052739434FF65F773A4046F01007FA
:105B30003A4301830284F0BD028B4FF6F3731A409F
:105B40000283028B0A4302837047F0B50C46154668
:105B500000210022068C4FF6FE773E400684018B22
:105B6000028C4FF60C7631407E1C06EA03162E435B
:105B700031434FF6F576324044F00106324301835B
:105B80000284F0BD70B505460C46208850B92389C3
:105B9000A28861882846FFF7D8FFE1882846FFF7EA
:105BA000CBFF25E0208804280AD12389A2886188B8
:105BB0002846FFF794FFE1882846FFF783FF17E0A8
:105BC000208808280AD12389A28861882846FFF7FF
:105BD00055FFE1882846FFF748FF09E02389A2889E
:105BE00061882846FFF719FFE1882846FFF708FF7C
:105BF00070BD002101804180012181800021C18090
:105C0000018170472DE9F04105460C460026012729
:105C1000608808B9022600E00026A088012801D18A
:105C2000022700E001272088A0B92389A288618883
:105C30002846FFF78AFFE1882846FFF77DFF238982
:105C40003A4631462846FFF74AFFE1882846FFF7E3
:105C500039FF13E02389A28861882846FFF73FFFB8
:105C6000E1882846FFF72EFF23893A463146284629
:105C7000FFF76BFFE1882846FFF75EFFBDE8F08184
:105C80000146486B70470146886B70470146C86BF8
:105C900070470146086C70470A884B881A438B8806
:105CA0001A43CB881A430B891A434B891A438B89B1
:105CB0001A43A0F844207047002101804180818070
:105CC000C180018141818181704731B1B0F84420A8
:105CD00042F40042A0F8442005E0B0F84420C2F3AA
:105CE0000E02A0F84420704721B1828842F00402DD
:105CF000828004E082884FF6FB731A4082807047EE
:105D000021B1828842F00102828004E082884FF64D
:105D1000FE731A40828070471AB183890B438381D6
:105D200002E083898B4383817047818270470246FA
:105D30000020138A0B400BB1012000E000207047C7
:105D4000CA430282704730B5024600200023002477
:105D5000158A05EA0103958905EA010413B10CB11E
:105D6000012000E0002030BDCA430282704741EAB2
:105D70000203A0F8483070471AB183890B4383812E
:105D800002E083898B438381704721B1828842F08E
:105D90000802828004E082884FF6F7731A408280FE
:105DA000704701894FF6F8721140018170470A4629
:105DB000002101894FF68F7319401143018170470B
:105DC00030B504460D4629462046FFF7F0FF2089EE
:105DD00040F00700208130BD2DE9F04104460D461A
:105DE00016461F46602D06D13B460122314620460D
:105DF000FFF775FE05E03B46012231462046FFF7DE
:105E0000A4FE29462046FFF7D2FF208940F0070074
:105E10002081BDE8F08130B50C4600210189C9B26E
:105E20004FF6FF7505EA03251543254329430181F4
:105E300030BD2DE9F04105460E4617469846002430
:105E400043463A4631462846FFF7E5FF2C894FF690
:105E5000F870044044F007044FF68F70044044F09B
:105E600070042C81BDE8F081F0B504460D4616465D
:105E70001F463B46324629462046FFF7CCFF208985
:105E800040F480402081F0BD82884FF68F731A4025
:105E9000828082880A438280704702894FF6F873B5
:105EA0001A40028102890A430281704702894FF633
:105EB0007F731A40028102890A4302817047F0B55C
:105EC0000C4615461E460021002200230189028B44
:105ED000038C4FF6F877394021434FF6FC473A40A0
:105EE00040F201173A434FF6DD773B404FF6FF771C
:105EF00007EA06172F433B43018102830384F0BD69
:105F000021B1828842F08002828004E082884FF6CC
:105F10007F731A4082807047A0F8501070470000CD
:105F200010B58CB004461E230BAA03A9204600F02E
:105F3000A9FE0090009810B101200CB010BD9DF892
:105F40002C00044400200B900EE040489DF82C20CB
:105F500050F8221003A800F0FDFD00B908E09DF8FC
:105F60002C00401CC0B20B909DF82C000728ECD3ED
:105F700000BF9DF82C00072863D2DFE800F004057D
:105F80003C5E6564630000BF31A001F079F831A088
:105F900001F076F83FA001F073F84EA001F070F820
:105FA0005CA001F06DF86BA001F06AF879A001F037
:105FB00067F886A001F064F88BA001F061F890A06A
:105FC00001F05EF894A001F05BF899A001F058F898
:105FD0009EA001F055F8A4A001F052F8B0A001F085
:105FE0004FF8BDA001F04CF8C8A001F049F8D4A0CA
:105FF00001F046F89AE216A001F042F8E0A001F0A4
:106000003FF800200B900EE0ED4800689DF82C2032
:1060100000EBC2004168EBA001F032F89DF82C00C3
:10602000401CC0B20B90E648007D9DF82C108842C1
:10603000EADC07A001F024F878E205A001F020F8DE
:10604000C4E171E245E219E2ECE100003400002015
:106050000D0A00002D2D2D2D2D2D2D2D2D2D2D2D0D
:106060002D2D2D2D2D2D2D2D2D2D2D2D55534D41DE
:1060700052542056332E312D2D2D2D2D2D2D2D2DDD
:106080002D2D2D2D2D2D2D2D2D2D2D2D2D2D2D204D
:106090000D0A00002020202055534D415254CAC7FC
:1060A000D3C9414C49454E54454BBFAAB7A2B5C4CC
:1060B000D2BBB8F6C1E9C7C9B5C4B4AEBFDAB5F74B
:1060C000CAD4BBA5BDBBD7E9BCFE2CCDA8B9FD2069
:1060D0000D0A0000CBFC2CC4E3BFC9D2D4CDA8B9B3
:1060E000FDB4AEBFDAD6FACAD6B5F7D3C3B3CCD0B7
:1060F000F2C0EFC3E6B5C4C8CEBACEBAAFCAFD2C63
:10610000B2A2D6B4D0D02ED2F2B4CB2CC4E3BFC945
:106110000D0A0000D2D4CBE6D2E2B8FCB8C4BAAFC4
:10612000CAFDB5C4CAE4C8EBB2CECAFD28D6A7B32F
:10613000D6CAFDD7D62831302F3136BDF8D6C6297C
:10614000A1A2D7D6B7FBB4AEA1A2BAAFCAFDC8EB25
:106150000D0A0000BFDAB5D8D6B7B5C8D7F7CEAAB2
:10616000B2CECAFD292CB5A5B8F6BAAFCAFDD7EE96
:10617000B6E0D6A7B3D63130B8F6CAE4C8EBB2CE93
:10618000CAFD2CB2A2D6A7B3D6BAAFCAFDB7B52006
:106190000D0A0000BBD8D6B5CFD4CABE2ED0C2D40B
:1061A000F6B2CECAFDCFD4CABEBDF8D6C6C9E8D6AF
:1061B000C3B9A6C4DC2CD0C2D4F6BDF8D6C6D7AAC3
:1061C000BBBBB9A6C4DC2E0D0A000000BCBCCAF5DE
:1061D000D6A7B3D63A7777772E6F70656E656476FB
:1061E0002E636F6D0D0A000055534D415254D3D0AC
:1061F00037B8F6CFB5CDB3C3FCC1EE3A0D0A0000F7
:106200003F3A202020202020BBF1C8A1B0EFD6FAD1
:10621000D0C5CFA20D0A000068656C703A2020201E
:10622000BBF1C8A1B0EFD6FAD0C5CFA20D0A0000CD
:106230006C6973743A202020BFC9D3C3B5C4BAAF08
:10624000CAFDC1D0B1ED0D0A0A00000069643A2010
:1062500020202020BFC9D3C3BAAFCAFDB5C449446A
:10626000C1D0B1ED0D0A0A006865783A20202020DF
:10627000B2CECAFD3136BDF8D6C6CFD4CABE2CBA0E
:10628000F3B8FABFD5B8F12BCAFDD7D6BCB4D6B493
:10629000D0D0BDF8D6C6D7AABBBB0D0A0A000000F5
:1062A0006465633A20202020B2CECAFD3130BDF8AB
:1062B000D6C6CFD4CABE2CBAF3B8FABFD5B8F12B24
:1062C000CAFDD7D6BCB4D6B4D0D0BDF8D6C6D7AAEE
:1062D000BBBB0D0A0A00000072756E74696D653AE9
:1062E000312CBFAAC6F4BAAFCAFDD4CBD0D0BCC63D
:1062F000CAB13B302CB9D8B1D5BAAFCAFDD4CBD0D6
:10630000D0BCC6CAB13B0D0A0A000000C7EBB0B44E
:10631000D5D5B3CCD0F2B1E0D0B4B8F1CABDCAE49F
:10632000C8EBBAAFCAFDC3FBBCB0B2CECAFDB2A2C5
:10633000D2D4BBD8B3B5BCFCBDE1CAF82E0D0A005F
:106340002D2D2D2D2D2D2D2D2D2D2D2D2D2D2D2D7D
:106350002D2D2D2D2D2D2D2D2D2D414C49454E54BE
:10636000454B2D2D2D2D2D2D2D2D2D2D2D2D2D2D27
:106370002D2D2D2D2D2D2D2D2D2D2D200D0A0000F7
:106380002D2D2D2D2D2D2D2D2D2D2D2D2D2D2D2D3D
:106390002D2D2D2D2D2D2D2D2DBAAFCAFDC7E5B5D7
:1063A000A52D2D2D2D2D2D2D2D2D2D2D2D2D2D2DA5
:1063B0002D2D2D2D2D2D2D2D2D2D2D2D200D0A008A
:1063C000D800002025730D0A00000000EEA000F0A8
:1063D00057FE00200B901AE0FB4909689DF82C201D
:1063E00001EBC20101AB02AA486803A900F070FCEE
:1063F000F54800689DF82C1050F8312003A9F3A04F
:1064000000F03EFE9DF82C00401CC0B20B90EE4800
:10641000007D9DF82C108842DEDCAFF2CC3000F01D
:106420002FFE83E0AFF2D83000F02AFE0BAA03A9BA
:10643000204600F029FD9DF82C00C8B9694603A844
:1064400000F0BBFB0B909DF82C0020B9E4A0009954
:1064500000F016FE0EE09DF82C00042801D002206A
:106460006BE5E2A000F00CFE0120D749C87501E001
:10647000022062E5DCA000F003FE57E0DAA000F0A5
:10648000FFFD0BAA03A9204600F0FEFC9DF82C009E
:10649000C8B9694603A800F090FB0B909DF82C004A
:1064A00020B9D7A0009900F0EBFD0EE09DF82C007C
:1064B000042801D0022040E5D4A000F0E1FD002036
:1064C000C149C87501E0022037E5C7A000F0D8FD3A
:1064D0002CE0C5A000F0D4FD0BAA03A9204600F0D3
:1064E000D3FC9DF82C00C8B9694603A800F065FBF1
:1064F0000B909DF82C0078B9B349009881F8EC0016
:10650000084690F8EC0018B1C5A000F0B9FD07E00E
:10651000CAA000F0B5FD03E002200EE502200CE564
:10652000B1A000F0ADFD01E0012006E500BF0020B4
:1065300003E510B50121C848FFF702FC4FF6FF71D3
:10654000C548FEF793FF0021C348FEF78DFF0020EA
:106550009D49C1F8F00010BD10B50121BE48FFF7FC
:10656000E6FB012808D19848D0F8F0004FF6FF71FB
:1065700008449549C1F8F000B748FEF779FF924901
:10658000D1F8F01008449049C1F8F0000846D0F85E
:10659000F00010BD10B50121AF48FFF7D4FB012872
:1065A0000AD18949086980470021AB48FEF75CFFA2
:1065B0006421A948FEF75AFF0121A748FFF7D4FB41
:1065C00010BD7FB504460D4601210420FEF721FBD6
:1065D000ADF800500020ADF802000194ADF80800BD
:1065E00069469D48FEF7F7FE012211469A48FFF7DB
:1065F00093FB01219848FEF777FF1E208DF80C00D1
:1066000003208DF80D008DF80E0001208DF80F008D
:1066100003A8FDF742FC7FBD10B5044604EBC4009F
:1066200000EB04100122C2EB800081B24FF47A70BB
:10663000FFF7C7FF01206449C87510BD30B595B09C
:10664000054613AB12AA09A9284600F041FB0446EF
:1066500014B1204615B030BD0020149026E05A49F0
:1066600009689DF8502001EBC20113AB11AA4868DC
:1066700001A900F02DFB04460CB12046EAE709A968
:1066800001A800F067FA60B99DF844009DF8481031
:10669000884201DD0220DDE79DF850004A498875F7
:1066A0000AE09DF85000401CC0B214904648007D9E
:1066B0009DF850108842D2DC00BF4348007D9DF811
:1066C0005010884201D10420C4E714A9284600F0E4
:1066D0004CFC04460CB12046BCE79DF850003A49FA
:1066E00048750020B6E72DE9F0419AB03648847D20
:1066F000007DA04202DC1AB0BDE8F0813249096891
:1067000001EBC40106AB07AA486808A900F0E0FA4B
:1067100008A952A000F0B4FC0026B9E02A48008B7A
:106720000121B1400840D8B122214EA000F0A8FCC0
:10673000304600F00DFC24492431471839464AA060
:1067400000F09EFC222147A000F09AFC304600F0A9
:10675000FFFB1D492431084410A941F826008DE0B3
:10676000304600F0F5FB18492431085810A941F8CB
:1067700026001548C07D30B910A850F826103BA05F
:1067800000F07EFC7AE073E02D2D2D2D2D2D2D2D8A
:106790002D2D2D2D2D2D2D2D2D2D2D2D2D2D2D2D29
:1067A0002DBAAFCAFD204944202D2D2D2D2D2D2D84
:1067B0002D2D2D2D2D2D2D2D2D2D2D2D2D2D2D2D09
:1067C0002D2D2D2D200D0A00D800002025732069C5
:1067D000642069733A0D0A3058253038580D0A0084
:1067E0004845583A305825580D0A00003136BDF852
:1067F000D6C6B2CECAFDCFD4CABE210D0A00000053
:106800004445433A256C750D0A0000003130BDF84F
:10681000D6C6B2CECAFDCFD4CABE210D0A00000032
:1068200052756E2054696D652043616C63756C61AF
:1068300074696F6E204F4E0D0A00000052756E2075
:1068400054696D652043616C63756C6174696F6E2A
:10685000204F46460D0A0000000800400D0A25732F
:10686000280000002563000025730000256C7500DA
:1068700010A850F8261095A000F002FC9DF81C000E
:10688000401EB04202D093A000F0FAFB701CC6B2CA
:106890009DF81C008642FFF641AF8FA000F0F0FB90
:1068A000FFF747FE8D48407D0B280DD2DFE800F052
:1068B000060D151E27323F4E5F7287008749096813
:1068C00051F834008047054690E0844A126852F837
:1068D000341010988847054688E0804B1B6853F8B1
:1068E0003420DDE91001904705467FE07B4F3F688B
:1068F00057F8343010A807C89847054676E0DFF807
:10690000DCC1DCF800C05CF8347010A80FC8B847D0
:1069100005466BE01498DFF8C4C10090DCF800C0B5
:106920005CF8347010A80FC8B84705465EE0DDE992
:106930001401DFF8A8C1CDE90001DCF800C05CF863
:10694000347010A80FC8B84705464FE0DDE91412AF
:106950001698DFF888C1CDE900120290DCF800C07B
:106960005CF8347010A80FC8B84705463EE0DDE972
:106970001423DDE91610DFF864C1CDE90023CDE969
:106980000210DCF800C05CF8347010A80FC8B847DB
:1069900005462BE0DDE91523DDE91710CDE90123DC
:1069A000CDE903101498DFF834C10090DCF800C082
:1069B0005CF8347010A80FC8B847054616E0DDE94A
:1069C0001623DDE91810CDE90223CDE90410DDE935
:1069D0001401DFF808C1CDE90001DCF800C05CF863
:1069E000347010A80FC8B847054600BF00BFFFF7B6
:1069F000B3FD9DF8180001280CD13848C07D20B99E
:106A0000294637A000F03CFB07E0294636A000F0FD
:106A100037FB02E033A000F033FB304890F8EC0085
:106A200088B12E48D0F8F0000A21B0FBF1F201FB4A
:106A300012072A48D0F8F000B0FBF1F83A46414678
:106A40002CA000F01DFB00BF55E670B53148008852
:106A500000F40040002833D02E48057800202E494D
:106A600048551E4881682C48884704461CB91B4974
:106A7000C868804721E02848FFF752FA0546012DF3
:106A800000D02C46CCB1012C06D0022C08D0032C0F
:106A90000AD0042C10D10BE020A000F0F1FA0BE09A
:106AA00021A000F0EDFA07E022A000F0E9FA03E0EF
:106AB00023A000F0E5FA00BF00BF002015490880C0
:106AC00070BD01460868704701607047305825580E
:106AD000000000002C00000029000000D800002069
:106AE0003D256C753B0D0A003D305825583B0D0A7D
:106AF0000000000046756E6374696F6E2052756EFB
:106B00002054696D653A25642E2531646D730D0A34
:106B10000000000020000020DA010020BAAFCAFD0A
:106B2000B4EDCEF3210D0A00B2CECAFDB4EDCEF322
:106B3000210D0A00B2CECAFDCCABB6E0210D0A0091
:106B4000CEB4D5D2B5BDC6A5C5E4B5C4BAAFCAFDED
:106B5000210D0A0002460AE010780B78984201D015
:106B600001207047107800B902E0521C491CF3E77D
:106B700000BF0020F5E706E002780A70027802B94B
:106B800002E0401C491CF7E700BF704701460020A7
:106B900005E00A7802B903E0421CD0B2491CF8E7CC
:106BA00000BF704710B50246012000E050430B1EA5
:106BB000A1F10104E1B2F9D110BD2DE9F04307467E
:106BC0000E4600254FF00A083C46002030601FE0CA
:106BD0002078392802DC207830280ADA2078462804
:106BE00002DC2078412804DA2078582809D1012DC8
:106BF00007D12078412801DB4FF01008681CC5B28E
:106C000005E0207800B904E00120BDE8F083641CB1
:106C1000DEE700BF3C46B8F1100F0FD1032D01DABB
:106C20000220F2E72078302806D16078582803D176
:106C3000A41CA81EC5B204E00320E6E70DB9042099
:106C4000E3E71BE00DB1681EC5B22078392806DCE9
:106C50002078302803DB2078A0F1300902E020788A
:106C6000A0F1370929464046FFF79CFF316809FB30
:106C700000103060641C207800B900E0E2E700BF3B
:106C80000020C2E710B50446002010700BE0207809
:106C90000870641C491C1078401C107010789842D1
:106CA00001DB012010BD2078202802D020780028A8
:106CB000EDD10020087000BFF4E70146491C00E058
:106CC000491C0878202801D10029F9D1087870479B
:106CD0002DE9FF4F85B080468946002700200490AB
:106CE0000390012002904FF0000B002544461DE068
:106CF0002078202816D005F07F00052812DA0DB97B
:106D000045F0800505F07F00042803D120782A286B
:106D100000D00EE0207805F07F010DF80100681C1E
:106D2000C5B202E0852D00D103E0641C2078002864
:106D3000DED100BF8DB1002005F07F010DF801000C
:106D4000CBA16846FFF706FF18B90021089801702B
:106D500002E001210898017000254FF0000A444626
:106D600014E0641C0AF1010000F0FF0A20782028DA
:106D700002D020782A2809D12046FFF79EFF064638
:106D8000282E03D02A2E01D0CDF810A02078282854
:106D900002D020780028E4D14446049810B1049829
:106DA000401C04444FF0000A002654E0207810B93B
:106DB0004FF0010A50E02078282803D116B9781C3A
:106DC000C7B213E02078292808D13EB917B1781E40
:106DD000C7B201E04FF0010A47B93DE02078222810
:106DE00004D10EB9012000E00020064647B9207802
:106DF00020282FD0207889F8000009F1010929E026
:106E000020782C2804D101200290681CC5B214E01F
:106E10002078202811D0207828280ED04DB9BBF139
:106E2000050F06DA20780DF80B000BF1010000F0D9
:106E3000FF0B0298401CC0B20290012F0AD10298A9
:106E4000022807D10298401CC0B202900398401C4F
:106E5000C0B20390641CA9E700BF0398012809D1C0
:106E600000200DF80B0082A16846FFF773FE08B9F9
:106E700000200390079903980870002089F800000B
:106E8000504609B0BDE8F08FF0B503461546002026
:106E900000220026002455E01F782C2F01D104B9D0
:106EA00001221F78292F01D01F780FB904B94AE0B9
:106EB000002E34D11F78302F02DB1F78392F11DDDF
:106EC0001F78612F02DB1F78662F0BDD1F78412FA3
:106ED00002DB1F78462F05DD1F78582F02D01F7860
:106EE000782F0CD102B12EE01F78612F03DB1F78C1
:106EF000203F0F7001E01F780F70491C1FE01F78C2
:106F0000222F04D102B11EE00126012417E01F78D0
:106F1000202F14D01F782C2F11D0FF2613E01F78BC
:106F2000222F00D1002402B10DE044B11F785C2F64
:106F300002D15B1C471CF8B21F780F70491C471C1C
:106F4000F8B25B1CA8E700BF00270F702E70F0BDE1
:106F500002460020002105E0474B5B5C0344D8B2A9
:106F60004B1CD9B29142F7DB70472DE9F043B5B025
:106F700005460F460024002604E000213E488155C6
:106F8000701CC6B20A2EF8DB06E06D1C287818B912
:106F9000012035B0BDE8F08328782828F5D16D1C94
:106FA00061E034AA69462846FFF76EFF064635447D
:106FB0009DF8D00020B1012827D0FF284CD149E00E
:106FC0009DF8000000B333A96846FFF7F6FD0646BA
:106FD0000EB10220DDE72046FFF7BAFF26490A314D
:106FE000339A0A50A1F12400008B0121A14088436B
:106FF00021491A39088304211F480155601CC4B275
:107000000A2C01DD0320C4E726E06846FFF7BEFD39
:10701000401C00F0FF082046FFF79AFF16490A318E
:1070200000EB010949466846FFF7A5FD12481A38EA
:10703000018B0120A040014388B20F491A3908830F
:107040000D4800F80480601CC4B20A2C01DD032046
:107050009FE701E002209CE700BF2878292801D0A3
:10706000287800B900E09CE700BF3C70002090E762
:10707000766F696400000000F20000207047000095
:107080000FB4044910B503AA029800F0F5F910BC3A
:107090005DF814FB1C00002070B50446856900688B
:1070A000C10601D5302600E02026C00707D070BDFC
:1070B000D4E9012130469047206A401C20626D1EB1
:1070C000F6D570BD70B5044685690078C00707D154
:1070D00070BDD4E9012120209047206A401C206225
:1070E0006D1EF6D570BD70B50C460546012A05D05B
:1070F0002878800600D5EA69002302E0012305E034
:107100005B1C934202D2E05C0028F9D1A869E61822
:10711000C01AA861286A184428622846FFF7BCFFF5
:1071200004E0D5E9012114F8010B9047B442F8D3EB
:107130002846FFF7C7FF70BD2DE9F0410646002441
:1071400010687529314616A510D0AFF300800028CD
:1071500002DA404213A507E031688A0701D512A57B
:1071600002E0490704D511A5012401E0AFF3008036
:1071700000210A2206F1240709E0B0FBF2FCB0FB73
:10718000F2F302FB1C00303078541846491C0028EA
:10719000F3D123462A463046BDE8F04100F0FCB862
:1071A000000000002D0000002B0000002000000067
:1071B00070B504460D4621461068AFF30080218863
:1071C000090502D50F4A7A4402E00E4A7A440E328B
:1071D000002104F1240305E000F00F060009965D8C
:1071E0005E54491C0028F7D120780023000704D5FD
:1071F000702D02D009B1022311322046BDE8704043
:1072000000F0CAB8E21D00002DE9F05F894604468F
:107210004FF0000ADFF874B1FB44C0F820A020460C
:10722000E1688847002874D0252806D0D4E90121D8
:107230009047206A401C2062F1E700265F46204606
:10724000E16888472028054607DB312D05D27819EB
:1072500010F8200C08B10643F1E7B00701D526F07D
:107260000406C4F81CA00027C4F818A02A2D09D0D1
:10727000284600F061F938B304EB8708303DC8F8C0
:10728000185019E059F8041B204604EB870291615D
:10729000E1688847012F054618D1E069002820DA07
:1072A00026F020061DE0D8F8180000EB800005EB62
:1072B00040003038C8F818002046E1688847054685
:1072C00000F03AF90028EED1012F0AD02E2D08D176
:1072D0002046E16888477F1C0546022F46F02006BD
:1072E000C4DBA069002803DA404246F00106A06131
:1072F000F00701D026F010066C2D0BD0682D09D0B8
:107300004C2D39D06A2D35D0742D35D07A2D33D00F
:1073100016E038E0E1682F4620468847B842054627
:1073200009D16C2F26D04FF48060E16806432046D7
:107330008847054604E06C2F1AD04FF4807006434E
:107340000DB3A5F14100192802D8203546F4006696
:107350004A462946204626604E46F8F76FFF80B120
:1073600001280BD0F61D26F0070000F1080956E7AA
:107370004020E4E78020D8E70020D6E706F10409A2
:107380004DE7284652E7206ABDE8F09FB81D00008F
:1073900070477047704770472DE9F0470D46994692
:1073A0009246044600F124080168880604D5E06985
:1073B00021F01001216000E00120A84201DD471BFF
:1073C00000E00027A1697A1902EB0900081AA06100
:1073D0002078C00602D42046FFF75EFE002608E0B3
:1073E000D4E901211AF806009047206A401C761C57
:1073F00020624E45F4DB2078C0060AD52046FFF710
:107400004BFE06E0D4E9012130209047206A401C61
:107410002062381EA7F10107F4DC07E0D4E901215E
:1074200018F805009047206A401C2062281EA5F12C
:107430000105F3DC2046FFF745FE2078000602D563
:107440000220BDE8F0870120FBE710B5436913B1C6
:10745000AFF3008001E0FFF746FE012010BD127877
:1074600000F124010A7000224A700122EDE7116840
:107470004FF0FF32E9E70000074B70B50D467B4443
:1074800000F011F80446284600F020F810B14FF043
:10749000FF3070BD204670BD8BC8FFFF01694A1CDC
:1074A00002610878704700B58FB0CDE90131002145
:1074B000059105497944CDE9031011466846FFF767
:1074C000A3FE0FB000BD0000E5FFFFFF007B00F052
:1074D00080007047754600F02BF8AE4605006946FF
:1074E000534620F00700854618B020B5FCF7BEFCD7
:1074F000BDE820404FF000064FF000074FF00008B5
:107500004FF0000B21F00701AC46ACE8C009ACE835
:10751000C009ACE8C009ACE8C0098D46704710B599
:107520000446AFF300802046BDE81040F8F7A6BE41
:1075300000487047A402002030380A2801D20120F8
:1075400070470020704700004FEA1153A3F5806395
:10755000D3F11E03A8BFD3F1200C08DB4FF000428B
:1075600042EAC12252EA505232FA03F0704709420D
:107570000BD4102BC4BF0020704703F5787CBCF1FE
:10758000FF3F05D04FF0FF3070474FF000007047CD
:1075900070B500F0C3F800BF499224800020704706
:1075A000F0E7B0FA80F310FA03F10AD0C3F11D033B
:1075B00003F580634FEA41504FEA035202EBD121B9
:1075C00070474FF000007047DFF848C170B51CEA03
:1075D000111E1EBF1CEA13159EEA0C0F95EA0C0F34
:1075E00000F06F8081EA030423EA4C134EEAD47E54
:1075F00021EA4C1141F4801143F48013AE44A1FB05
:10760000024CA0FB0365AEF17F7E361955EB0C05ED
:10761000A1FB034C4CF10003A0FB021C16EB0C0673
:10762000654153F10003094218BF46F0010613F407
:10763000007F0BD14FEA03314FEA0530340341EAB2
:10764000155140EA16506FF003020AE04FEAC321D9
:107650004FEAC520F40241EA555140EA56506FF016
:10766000020202EB2E4201EB025585EACE710AD0EE
:107670005FEA440C18BF24F0004450F1000041F1CF
:10768000000120EAD47040F2FE7C624500D270BD59
:10769000A84214BF4FF080444FF04044002E08BF72
:1076A0000024BEF1806FA8BFA1F1C041BDE87040C9
:1076B00080F282804FF0000001F1C04101F00041F2
:1076C00070479EEA0C0F0CEA131518BF95EA0C0FD1
:1076D00006D04FF0000081EA030E0EF0004170BDAD
:1076E00000F01CF88900013E00F007B800F009B86E
:1076F0004FEA430C5FEA5C5C08D081EA030100F0CA
:107700005BB84FEA410C5FEA5C5CF6D14FF00000D9
:10771000014970470000FF070000F87F0EF1020EDC
:107720002EF0030E5EF8046B364205D4012A43EBBB
:10773000030515F5001F12D8012841EB010C1CF5BB
:10774000001F0CD80ED14FEAD17C15F5001F0CEBB1
:107750004C0C0CF1020C08BF4CEBD37C04E04FF056
:10776000080C01E04FEAD37C0CEB4C0526FA05F639
:1077700006F00706B6F1040C06D20EEB860CBDE847
:1077800070404CF0010C6047DFE80CF0090B02027E
:107790004FF000414FF00000A1F5002170BD1946E7
:1077A0001046012851EB010418BFD4F5001484BF22
:1077B000002001F0004170BD0808A0F500114FEA5B
:1077C000310170474FF04070E1EE100A7047000041
:1077D00000000000000000000000000000003F402A
:1077E00000000000000000003000400030004000B9
:1077F000000009000BC03D000BC03D00090018C08F
:1078000024407FE0224031800000180024C01B008B
:107810000D803240018003801C4027401C800740BF
:1078200000401000600000000000000000000000A8
:10783000000000001F802040402000004020204029
:107840001F8000000000090006001F8006000900DC
:107850000000040004003F80040004000000001049
:1078600000600000000000000000040004000400AC
:1078700004000400000000000040000000000000C0
:107880000000002001C006003800400000001F80FA
:107890002040204020401F800000000010403FC0DA
:1078A00000400000000018C0214022402440184041
:1078B000000010802040244024401B800000020073
:1078C0000D0011003FC0014000003C8024402440D6
:1078D0002440238000001F80244024403440038043
:1078E00000003000200027C03800200000001B806E
:1078F0002440244024401B8000001C0022C0224061
:1079000022401F800000000000000840000000002E
:107910000000000000000460000000000000000003
:1079200004000A00110020804040090009000900FD
:1079300009000900000000004040208011000A00FA
:1079400004001800200023402400180000001F80BD
:107950002040274029401F400000004007C0390058
:107960000F0001C0004020403FC0244024401B8045
:1079700000001F8020402040204030800000204038
:107980003FC0204020401F80000020403FC02440D6
:107990002E4030C0000020403FC024402E00300068
:1079A00000000F0010802040224033800200204061
:1079B0003FC0040004003FC02040204020403FC0A2
:1079C0002040204000000060202020203FC02000F8
:1079D000200020403FC024400B0030C02040204009
:1079E0003FC020400040004000C03FC03C0003C0FA
:1079F0003C003FC0000020403FC00C4023003FC07F
:107A000020001F802040204020401F800000204098
:107A10003FC024402400180000001F802140214066
:107A200020E01FA0000020403FC02440260019C0D5
:107A3000004018C024402440224031800000300023
:107A400020403FC020403000000020003F80004028
:107A500000403F80200020003E0001C007003800A9
:107A60002000380007C03C0007C03800000020405C
:107A700039C0060039C0204000002000384007C04F
:107A8000384020000000304021C02640384020C04F
:107A90000000000000007FE04020402000000000C7
:107AA00070000C00038000400000000040204020D7
:107AB0007FE00000000000002000400020000000E7
:107AC0000000001000100010001000100010000056
:107AD000000040000000000000000000028005409F
:107AE000054003C0004020003FC004400440038024
:107AF0000000000003800440044006400000000035
:107B00000380044024403FC0004000000380054043
:107B1000054003400000000004401FC024402440F2
:107B20002000000002E005500550065004202040CF
:107B30003FC00440040003C000400000044027C0D0
:107B400000400000000000100010041027E00000BA
:107B5000000020403FC00140070004C00440204016
:107B600020403FC000400040000007C0040007C0A4
:107B7000040003C00000044007C00440040003C028
:107B80000040000003800440044003800000041013
:107B900007F004500440038000000000038004400C
:107BA000045007F00010044007C002400400040025
:107BB0000000000006400540054004C00000000031
:107BC00004001F80044000400000040007800040C3
:107BD000044007C000400400070004C00180060004
:107BE0000400060001C0070001C0060000000440B8
:107BF00006C0010006C0044000000410071004E0A5
:107C00000180060004000000044005C00640044056
:107C100000000000000004007BE0402000000000A5
:107C200000000000FFF000000000000040207BE0AA
:107C30000400000000004000800040002000200000
:107C400040000000000000000000000000000000F4
:107C500000000000000000001FCC000C000000002D
:107C600000000000080030006000080030006000E4
:107C70000000022003FC1E20022003FC1E20022024
:107C8000000000000E1811043FFF10840C78000063
:107C900000000F0010840F3800C0077818840078A7
:107CA000000000780F8410C411240E9800E40084B2
:107CB00000080800680070000000000000000000DC
:107CC000000000000000000007E018182004400237
:107CD0000000000040022004181807E00000000027
:107CE00000000240024001800FF00180024002408B
:107CF00000000080008000800FF80080008000807D
:107D000000000001000D000E000000000000000057
:107D10000000000000800080008000800080008063
:107D200000800000000C000C0000000000000000BB
:107D30000000000000060018006001800600180026
:107D40002000000007F0080810041004080807F0DD
:107D500000000000080408041FFC000400040000E8
:107D6000000000000E0C10141024104411840E0C9E
:107D7000000000000C1810041104110412880C708B
:107D80000000000000E00320042408241FFC00245D
:107D9000000000001F981084110411041088107056
:107DA0000000000007F00888110411041888007012
:107DB000000000001C00100010FC13001C0010004C
:107DC000000000000E3811441084108411440E3855
:107DD000000000000700088C10441044088807F0D9
:107DE0000000000000000000030C030C0000000075
:107DF000000000000000000101060000000000007B
:107E00000000000000800140022004100808100457
:107E10000000022002200220022002200220022074
:107E20000000000010040808041002200140008037
:107E3000000000000E001200100C106C10800F00EB
:107E4000000003E00C1813E4142417C4082807D01A
:107E500000000004003C03C41C40074000E4001C78
:107E6000000410041FFC1104110411040E8800709A
:107E7000000003E00C1810041004100410081C107B
:107E8000000010041FFC100410041004080807F080
:107E9000000010041FFC1104110417C4100408187A
:107EA000000010041FFC1104110017C0100008008E
:107EB000000003E00C181004100410441C7800406B
:107EC000000010041FFC10840080008010841FFC40
:107ED00010040000100410041FFC10041004000023
:107EE000000000030001100110011FFE100010002F
:107EF000000010041FFC110403801464181C1004FB
:107F0000000010041FFC1004000400040004000C16
:107F1000000010041FFC1F0000FC1F001FFC1004C9
:107F2000000010041FFC0C04030000E010181FFCEC
:107F3000100007F00808100410041004080807F0E7
:107F4000000010041FFC10841080108010800F00AF
:107F5000000007F0081810241024101C080A07F26B
:107F6000000010041FFC1104110011C011300E0C90
:107F7000000400000E1C11041084108410441C38EE
:107F800000001800100010041FFC1004100018005E
:107F9000000010001FF810040004000410041FF873
:107FA000100010001E0011E0001C007013801C0067
:107FB00010001FC0103C00E01F0000E0103C1FC07C
:107FC00000001004180C163401C001C01634180C3F
:107FD000100410001C00130400FC13041C0010000B
:107FE00000000804101C1064108413041C041018F2
:107FF00000000000000000007FFE4002400240023E
:108000000000000030000C0003800060001C000332
:10801000000000004002400240027FFE000000001D
:108020000000000000002000400040004000200050
:108030000000000100010001000100010001000139
:10804000000100004000400020000000000000008F
:10805000000000000098012401440144014400FC98
:10806000000410001FFC0088010401040088007057
:108070000000000000700088010401040104008871
:1080800000000000007000880104010411081FFCBA
:108090000004000000F8014401440144014400C808
:1080A00000000000010401040FFC11041104110080
:1080B0001800000000D601290129012901C9010683
:1080C000000010041FFC008401000100010400FCFA
:1080D000000400000104190419FC0004000400005D
:1080E00000000000000300010101190119FE000059
:1080F000000010041FFC0024004001B4010C010426
:1081000000000000100410041FFC00040004000024
:108110000000010401FC0104010001FC0104010054
:1081200000FC010401FC008401000100010400FCCA
:108130000004000000F8010401040104010400F837
:108140000000010101FF00850104010400880070A6
:10815000000000000070008801040104010501FF17
:1081600000010104010401FC0084010401000180FC
:108170000000000000CC0124012401240124019806
:10818000000000000100010007F8010401040000E4
:108190000000010001F8000400040004010801FCD3
:1081A0000004010001800170000C001001600180DA
:1081B000010001F0010C003001C00030010C01F0A1
:1081C000010000000104018C00740170018C0104A5
:1081D0000000010101810171000E001801600180A1
:1081E000010000000184010C013401440184010CF0
:1081F0000000000000000000000001003EFC400202
:1082000040020000000000000000FFFF000000002E
:1082100000000000400240023EFC0100000000009F
:10822000000000006000800080004000400020004E
:10823000200000000000000000000000000000001E
:10824000000000000000000000000000000000002E
:10825000000000000000000000000000000000001E
:1082600000000000000F80380FFE380F803800003B
:1082700000000000000000000000000000000000FE
:108280000100000600000C0000380000310000066C
:1082900000000C000038000030000000000000006A
:1082A000000061800067F807F9800061800061804C
:1082B0000061800061800067F807F980006180003C
:1082C000000000000000000001C0E003E0F0063004
:1082D000080418081FFFFE040E080787F00381E05A
:1082E00000000000000001F000060C000404080675
:1082F0000C7001F9C0000E00003BE000EC1807080C
:1083000008040C180003E00000000001E00007F082
:1083100003F818041C0804170807E1D003C0E000A4
:1083200023B0003C080020080000100000000000FE
:10833000000100003100003200001C0000000000BD
:10834000000000000000000000000000000000002D
:10835000000000000000000000000000000000001D
:1083600000007F0001FFC00780F00C00181000041F
:108370002000020000000000002000021000040C99
:1083800000180780F001FFC0007F0000000000001F
:10839000000000000000000000000000000042009B
:1083A000006600006600003C0000180003FFC000EB
:1083B0001800003C0000660000660000420000005B
:1083C0000000080000080000080000080000080085
:1083D00001FFC000080000080000080000080000BD
:1083E0000800000000000001000031000032000021
:1083F0001C00000000000000000000000000000061
:10840000000000000000000000000800000800005C
:10841000080000080000080000080000080000082C
:10842000000008000008000000000000000000003C
:108430000000380000380000380000000000000094
:10844000000000000000000000000000000000002C
:108450000000000600001C000070000180000E00FB
:1084600000380000C0000700001C000030000000C1
:108470000000000000007F8001FFE0038070060024
:108480001804000804000806001803807001FFE0CB
:10849000007F8000000000000000000001000801D3
:1084A000000801000803FFF807FFF80000080000BB
:1084B0000800000800000000000000000001C038B3
:1084C00002C0580400980401180402180404180695
:1084D0001C1803F81801E0F800000000000000007C
:1084E0000001C0E003C0F004000804080804080804
:1084F00006180803F41801E7F00001E0000000008E
:108500000000000000000300000D000011000061E9
:108510000000810803010807FFF80FFFF8000108B9
:108520000001080000000000000000E007FCD00689
:108530000808061008061008061008061838060F66
:10854000F00607C0000000000000000000003F80AF
:1085500001FFE00384300208180410080410080426
:108560001008071810030FF00007C00000000000FB
:108570000000000003C0000700000600000600F82D
:108580000607F806180006E00007000006000000D5
:10859000000000000001E1E003F7F00634100418C9
:1085A00008041808040C08040C0806161803F3F055
:1085B00001C1E000000000000000F80003FC3003EF
:1085C0000638040208040208040208040410030820
:1085D000F001FFC0007F000000000000000000006C
:1085E000000000000000000000007038007038003B
:1085F00070380000000000000000000000000000D3
:108600000000000000000000000000000000301A20
:1086100000301C000000000000000000000000000E
:10862000000000000000000000080000140000220C
:108630000000410000808001004002002004001082
:1086400008000800000000000000210000210000D8
:108650002100002100002100002100002100002154
:1086600000002100002100000000000000000000C8
:108670000800080400100200200100400080800073
:10868000410000220000140000080000000000006B
:108690000003C00004C000040000080038080F38C0
:1086A0000808380810000C300007E00003C0000084
:1086B0000000000000003F8000FFE0038070020F18
:1086C0001006708804C088048308047F8802C09064
:1086D00003012000FE400000080000180001F8001F
:1086E0003E0801C20007020007E20000FE00001F72
:1086F000C80001F800003800000804000807FFF86F
:1087000007FFF80408080408080408080408080615
:10871000180803F41801E7F00001E0000000000071
:1087200000003F8001FFE003807002001804000891
:108730000400080400080400100600200780C000A0
:10874000000004000807FFF807FFF8040008040011
:108750000804000804001802001003807001FFE004
:10876000007F8000000004000807FFF807FFF804FE
:108770000808040808040808040808043E0804005F
:108780000806001801006000000004000807FFF858
:1087900007FFF8040808040800040800040800049F
:1087A0003E000600000600000180000000000000FE
:1087B00000003F8001FFE0038070060018040008FD
:1087C0000402080402080203F00783F0000200001C
:1087D000020004000807FFF807FFF8040808000873
:1087E0000000080000080000080004080807FFF85F
:1087F00007FFF8040008000000000000040008045F
:10880000000804000807FFF807FFF8040008040048
:10881000080400080000000000000000000000063E
:108820000000070000010400010400010400030728
:10883000FFFE07FFFC040000040000040000040029
:108840000807FFF807FFF8040C08001800003E00B6
:1088500004C7800503C80600F804003804001800A7
:10886000000804000807FFF807FFF80400080000EC
:1088700008000008000008000008000008000018B8
:1088800000006000000004000807FFF807800807E8
:10889000FC00007FC00003F80007C00078000780DC
:1088A0000807FFF807FFF804000804000807FFF8AE
:1088B00007000803C00000E000003800001E0000B0
:1088C00007000001C00400F007FFF80400000000EA
:1088D00000007F8001FFE00380700600180400089C
:1088E00004000806001803003001FFE0007F80004C
:1088F000000004000807FFF807FFF8040408040458
:1089000000040400040400040400060C0003F80042
:1089100001F000000000000000007F8001FFE00384
:1089200080700600880400880400C806003C03002C
:108930003E01FFE6007F8400000004000807FFF806
:1089400007FFF8040808040800040C00040F0004E2
:108950000BC00610F003F03801E00800000800002A
:108960000001E0F803F0300630100418080418087D
:10897000040C08040C080206180207F00781E00046
:108980000000018000060000040000040000040054
:108990000807FFF807FFF8040008040000040000BF
:1089A00006000001800004000007FFE007FFF0045C
:1089B000001800000800000800000800000800007F
:1089C0000804001007FFE004000004000006000097
:1089D00007E00007FE00041FE00001F80000380077
:1089E00001E0043E0007C00006000004000004008F
:1089F0000007E00007FFC0041FF80007C007F800E9
:108A000007FF80043FF80007C004F80007000004D7
:108A1000000000000004000806001807C07805F1F7
:108A2000C8003E00001F800463E80780F8060018B5
:108A30000400080000000400000600000780000792
:108A4000E008047C08001FF80007F800180804E09C
:108A500008070000060000040000000000010008F4
:108A60000600380400F80403E8040F08047C080535
:108A7000F00807C0080700180400600000000000AC
:108A8000000000000000000000000000003FFFFEAA
:108A9000200002200002200002200002200002002C
:108AA000000000000000000008000007000000C0F7
:108AB000000038000006000001C000003000000E79
:108AC0000000010000000000000000002000022063
:108AD00000022000022000022000023FFFFE0000F2
:108AE0000000000000000000000000000000000086
:108AF00000000008000010000030000020000030DE
:108B0000000010000008000000000000000000004D
:108B1000010000010000010000010000010000014F
:108B20000000010000010000010000010000010040
:108B300000010000000000000000002000002000F4
:108B40000010000010000000000000000000000005
:108B50000000000000000000000000F00019F80014
:108B60001B18002208002608002408002410003FDB
:108B7000F8001FF8000008000018000000040000C2
:108B800007FFF80FFFF00018180010080020080079
:108B90002008003018001FF0000FC0000000000087
:108BA000000007C0001FF000183000200800200857
:108BB000002008003C08001C1000006000000000BD
:108BC00000000000000007C0001FF000381800205F
:108BD0000800200800200804101007FFF80FFFF01D
:108BE0000000100000000000000000000007C000AE
:108BF0001FF0001230002218002208002208003264
:108C000008001E10000E20000000000000002000E0
:108C100000200800200801FFF803FFF806200804E0
:108C200020080420080720000300000000000000C6
:108C30000000000E000E6E001FF30031B10020B1E5
:108C40000020B1003191001F13002E1E00200E00E5
:108C5000300000000004000807FFF80FFFF80010C4
:108C600008002000002000002008003FF8001FF846
:108C700000000800000000000000000000200800C4
:108C80002008002008063FF8063FF8000008000012
:108C900008000008000000000000000000000000C4
:108CA0000000030000030020010020010020030653
:108CB0003FFE063FFC000000000000000000000036
:108CC0000004000807FFF80FFFF800018800030008
:108CD000002FC00038F800203800200800000800ED
:108CE0000000000000000000040008040008040068
:108CF0000807FFF80FFFF800000800000800000850
:108D0000000000000000002008003FF8003FF800CD
:108D10001008002000003FF8003FF8001008002075
:108D200000003FF8003FF8000008000000002008A5
:108D3000003FF8003FF8001008001000002000007D
:108D40002008003FF8001FF80000080000000000A5
:108D5000000007C0000FF0001830003008002008A5
:108D6000002008003008001830000FF00007C00095
:108D70000000000000002001003FFF003FFF001046
:108D800011002009002008002008003038001FF0E2
:108D9000000FC00000000000000007C0001FF0002E
:108DA0003818002008002008002009001011001FBA
:108DB000FF003FFF00000100000000200800200825
:108DC000002008003FF8003FF800080800100800E5
:108DD00020080020000030000030000000000000EB
:108DE00000000000000C78001E1800330800230863
:108DF0000021080021880021980030F00038600030
:108E0000000000000000200000200000200000FF03
:108E1000F003FFF8002008002008002008000030C0
:108E2000000000000000000000002000003FF000F3
:108E30007FF8000018000008000008002010003F24
:108E4000F8007FF00000100000000000000020008B
:108E5000003000003C00003F800023F0000078005C
:108E60000070002380003C00003000002000002043
:108E700000003C00003FE00023F80000E000270075
:108E8000003E00003FE00021F80001E0003E00004D
:108E90002000000000002008002008003838003EB4
:108EA000680027800003C8002CF80038380020181C
:108EB0000020080000000000000020000030030037
:108EC0003C01003F830023EC000070002380003C45
:108ED0000000200000200000000000000000000052
:108EE0000038080020380020F80023E8002F880010
:108EF0003E08003808002018000070000000000044
:108F00000000000000000000000000000000080059
:108F10000014001FF7FC30000620000200000000D3
:108F20000000000000000000000000000000000041
:108F300000000000FFFFFF00000000000000000034
:108F400000000000000000000000000020000230CF
:108F500000061FF7FC0014000008000000000000DD
:108F600000000000000000000000000000180000E9
:108F700060000040000040000020000010000008D9
:108F800000000400000400000C00001000000000BD
:108F90000F0000000F000000FF0000000F000000A5
:108FA0000F0000000F0000000000000030313233DD
:108FB000343536373839414243444546403058000D
:108FC000303132333435363738396162636465663F
:108FD000403078000400000800000000000000029B
:108FE00000010000100000003F0000006465630005
:108FF0006964000072756E74696D650068656C70F7
:10900000000000006C69737400000000686578005F
:10901000766F6964204C43445F44726177526563A4
:1090200074616E676C65287531362078312C207537
:1090300031362079312C207531362078322C20754C
:109040003136207932290000766F6964204C434420
:109050005F447261774C696E6528753136207831CE
:109060002C207531362079312C207531362078321C
:109070002C2075313620793229000000766F696422
:10908000206C65645F73657428753820737461297A
:1090900000000000766F696420746573745F667504
:1090A0006E28766F6964282A6C6564736574292854
:1090B0007538292C7538207374612900766F6964BE
:1090C000204C43445F53686F77784E756D28753137
:1090D0003620782C75313620792C753332206E7518
:1090E0006D2C7538206C656E2C75382073697A6527
:1090F0002C7538206D6F646529000000766F6964F7
:10910000204C43445F53686F774E756D2875313638
:1091100020782C75313620792C753332206E756DA0
:109120002C7538206C656E2C75382073697A65292A
:1091300000000000766F69642077726974655F6172
:109140006464722875333220616464722C75333222
:109150002076616C29000000766F6964204C4344DE
:109160005F53686F77537472696E67287531362064
:10917000782C75313620792C7531362077696474F6
:10918000682C753136206865696768742C753820DD
:1091900073697A652C7538202A702900766F6964A6
:1091A00020447261775F436972636C65287531365C
:1091B0002078302C7531362079302C753820722982
:1091C0000000000075333220726561645F61646481
:1091D000722875333220616464722900766F696485
:1091E000204C43445F446973706C61795F446972D9
:1091F000287538206469722900000000766F696460
:10920000204C43445F436C656172287531362043BE
:109210006F6C6F7229000000766F6964204C4344C4
:109220005F46696C6C2875313620787374612C75D3
:10923000313620797374612C7531362078656E640F
:109240002C7531362079656E642C75313620636F4C
:109250006C6F722900000000766F6964204C4344F3
:109260005F466173745F44726177506F696E7428F2
:1092700075313620782C75313620792C75313620B1
:10928000636F6C6F72290000766F69642064656C8F
:1092900061795F6D7328753136206E6D732900001A
:1092A000766F69642064656C61795F7573287533C6
:1092B00032206E7573290000753136204C43445FAF
:1092C00052656164506F696E742875313620782C50
:1092D0007531362079290000F8920008000000203E
:1092E000CC010000C4010008AC930008CC010020B0
:1092F0003C0700002002000811847A030A200901BB
:1093000002030406070809E3FFFF291A891E13E870
:109310008F1B08FC041304901B08F0081A0C081A91
:10932000EC081AF40413C36A1408C4911B08C90892
:109330002A3408123C140888921B0839081AA0081D
:109340001BA90E3C191813CB361B081810137937BC
:109350001B0848401329381B0810081A65081A9C76
:10936000201B333A28191013853B1B0858101BB9D2
:109370000A081930139F071B08B80813FF0B1B08B6
:10938000DC181AC7281ABC281389021B087C081A83
:109390008F081A94082250142019661B083D041ADD
:0C93A000E7041A4B901A11C901DC000010
:040000050800018965
:00000001FF
